[2025-11-11T04:41:36.777+0000] {processor.py:161} INFO - Started process (PID=3427) to work on /opt/airflow/dags/etl_dag.py
[2025-11-11T04:41:37.189+0000] {processor.py:830} INFO - Processing file /opt/airflow/dags/etl_dag.py for tasks to queue
[2025-11-11T04:41:37.324+0000] {logging_mixin.py:188} INFO - [2025-11-11T04:41:37.314+0000] {dagbag.py:538} INFO - Filling up the DagBag from /opt/airflow/dags/etl_dag.py
[2025-11-11T04:41:37.979+0000] {processor.py:840} INFO - DAG(s) 'simple_etl_lineage' retrieved from /opt/airflow/dags/etl_dag.py
[2025-11-11T04:41:41.651+0000] {logging_mixin.py:188} INFO - [2025-11-11T04:41:41.190+0000] {dag.py:3036} INFO - Sync 1 DAGs
[2025-11-11T04:41:43.574+0000] {logging_mixin.py:188} INFO - [2025-11-11T04:41:43.574+0000] {dag.py:3823} INFO - Setting next_dagrun for simple_etl_lineage to None, run_after=None
[2025-11-11T04:42:19.357+0000] {processor.py:183} INFO - Processing /opt/airflow/dags/etl_dag.py took 45.231 seconds
[2025-11-11T04:42:50.008+0000] {processor.py:161} INFO - Started process (PID=3441) to work on /opt/airflow/dags/etl_dag.py
[2025-11-11T04:42:50.015+0000] {processor.py:830} INFO - Processing file /opt/airflow/dags/etl_dag.py for tasks to queue
[2025-11-11T04:42:50.030+0000] {logging_mixin.py:188} INFO - [2025-11-11T04:42:50.027+0000] {dagbag.py:538} INFO - Filling up the DagBag from /opt/airflow/dags/etl_dag.py
[2025-11-11T04:42:50.279+0000] {processor.py:840} INFO - DAG(s) 'simple_etl_lineage' retrieved from /opt/airflow/dags/etl_dag.py
[2025-11-11T04:42:50.704+0000] {logging_mixin.py:188} INFO - [2025-11-11T04:42:50.703+0000] {dag.py:3036} INFO - Sync 1 DAGs
[2025-11-11T04:42:50.805+0000] {logging_mixin.py:188} INFO - [2025-11-11T04:42:50.805+0000] {dag.py:3823} INFO - Setting next_dagrun for simple_etl_lineage to None, run_after=None
[2025-11-11T04:42:50.863+0000] {processor.py:183} INFO - Processing /opt/airflow/dags/etl_dag.py took 0.915 seconds
[2025-11-11T04:43:21.608+0000] {processor.py:161} INFO - Started process (PID=3452) to work on /opt/airflow/dags/etl_dag.py
[2025-11-11T04:43:21.618+0000] {processor.py:830} INFO - Processing file /opt/airflow/dags/etl_dag.py for tasks to queue
[2025-11-11T04:43:21.621+0000] {logging_mixin.py:188} INFO - [2025-11-11T04:43:21.620+0000] {dagbag.py:538} INFO - Filling up the DagBag from /opt/airflow/dags/etl_dag.py
[2025-11-11T04:43:21.674+0000] {processor.py:840} INFO - DAG(s) 'simple_etl_lineage' retrieved from /opt/airflow/dags/etl_dag.py
[2025-11-11T04:43:21.811+0000] {logging_mixin.py:188} INFO - [2025-11-11T04:43:21.811+0000] {dag.py:3036} INFO - Sync 1 DAGs
[2025-11-11T04:43:21.877+0000] {logging_mixin.py:188} INFO - [2025-11-11T04:43:21.876+0000] {dag.py:3823} INFO - Setting next_dagrun for simple_etl_lineage to None, run_after=None
[2025-11-11T04:43:21.975+0000] {processor.py:183} INFO - Processing /opt/airflow/dags/etl_dag.py took 0.373 seconds
[2025-11-11T04:43:52.648+0000] {processor.py:161} INFO - Started process (PID=3462) to work on /opt/airflow/dags/etl_dag.py
[2025-11-11T04:43:52.653+0000] {processor.py:830} INFO - Processing file /opt/airflow/dags/etl_dag.py for tasks to queue
[2025-11-11T04:43:52.662+0000] {logging_mixin.py:188} INFO - [2025-11-11T04:43:52.658+0000] {dagbag.py:538} INFO - Filling up the DagBag from /opt/airflow/dags/etl_dag.py
[2025-11-11T04:43:52.752+0000] {processor.py:840} INFO - DAG(s) 'simple_etl_lineage' retrieved from /opt/airflow/dags/etl_dag.py
[2025-11-11T04:43:52.839+0000] {logging_mixin.py:188} INFO - [2025-11-11T04:43:52.839+0000] {dag.py:3036} INFO - Sync 1 DAGs
[2025-11-11T04:43:52.880+0000] {logging_mixin.py:188} INFO - [2025-11-11T04:43:52.880+0000] {dag.py:3823} INFO - Setting next_dagrun for simple_etl_lineage to None, run_after=None
[2025-11-11T04:43:52.947+0000] {processor.py:183} INFO - Processing /opt/airflow/dags/etl_dag.py took 0.304 seconds
[2025-11-11T04:44:24.701+0000] {processor.py:161} INFO - Started process (PID=3472) to work on /opt/airflow/dags/etl_dag.py
[2025-11-11T04:44:24.708+0000] {processor.py:830} INFO - Processing file /opt/airflow/dags/etl_dag.py for tasks to queue
[2025-11-11T04:44:24.715+0000] {logging_mixin.py:188} INFO - [2025-11-11T04:44:24.713+0000] {dagbag.py:538} INFO - Filling up the DagBag from /opt/airflow/dags/etl_dag.py
[2025-11-11T04:44:24.863+0000] {processor.py:840} INFO - DAG(s) 'simple_etl_lineage' retrieved from /opt/airflow/dags/etl_dag.py
[2025-11-11T04:44:25.155+0000] {logging_mixin.py:188} INFO - [2025-11-11T04:44:25.154+0000] {dag.py:3036} INFO - Sync 1 DAGs
[2025-11-11T04:44:25.253+0000] {logging_mixin.py:188} INFO - [2025-11-11T04:44:25.253+0000] {dag.py:3823} INFO - Setting next_dagrun for simple_etl_lineage to None, run_after=None
[2025-11-11T04:44:25.753+0000] {processor.py:183} INFO - Processing /opt/airflow/dags/etl_dag.py took 1.070 seconds
[2025-11-11T04:44:56.598+0000] {processor.py:161} INFO - Started process (PID=3482) to work on /opt/airflow/dags/etl_dag.py
[2025-11-11T04:44:56.600+0000] {processor.py:830} INFO - Processing file /opt/airflow/dags/etl_dag.py for tasks to queue
[2025-11-11T04:44:56.601+0000] {logging_mixin.py:188} INFO - [2025-11-11T04:44:56.601+0000] {dagbag.py:538} INFO - Filling up the DagBag from /opt/airflow/dags/etl_dag.py
[2025-11-11T04:44:56.641+0000] {processor.py:840} INFO - DAG(s) 'simple_etl_lineage' retrieved from /opt/airflow/dags/etl_dag.py
[2025-11-11T04:44:56.756+0000] {logging_mixin.py:188} INFO - [2025-11-11T04:44:56.755+0000] {dag.py:3036} INFO - Sync 1 DAGs
[2025-11-11T04:44:56.815+0000] {logging_mixin.py:188} INFO - [2025-11-11T04:44:56.815+0000] {dag.py:3823} INFO - Setting next_dagrun for simple_etl_lineage to None, run_after=None
[2025-11-11T04:44:56.877+0000] {processor.py:183} INFO - Processing /opt/airflow/dags/etl_dag.py took 0.284 seconds
[2025-11-11T04:45:27.366+0000] {processor.py:161} INFO - Started process (PID=3492) to work on /opt/airflow/dags/etl_dag.py
[2025-11-11T04:45:27.368+0000] {processor.py:830} INFO - Processing file /opt/airflow/dags/etl_dag.py for tasks to queue
[2025-11-11T04:45:27.370+0000] {logging_mixin.py:188} INFO - [2025-11-11T04:45:27.370+0000] {dagbag.py:538} INFO - Filling up the DagBag from /opt/airflow/dags/etl_dag.py
[2025-11-11T04:45:27.422+0000] {processor.py:840} INFO - DAG(s) 'simple_etl_lineage' retrieved from /opt/airflow/dags/etl_dag.py
[2025-11-11T04:45:27.493+0000] {logging_mixin.py:188} INFO - [2025-11-11T04:45:27.493+0000] {dag.py:3036} INFO - Sync 1 DAGs
[2025-11-11T04:45:27.540+0000] {logging_mixin.py:188} INFO - [2025-11-11T04:45:27.539+0000] {dag.py:3823} INFO - Setting next_dagrun for simple_etl_lineage to None, run_after=None
[2025-11-11T04:45:27.581+0000] {processor.py:183} INFO - Processing /opt/airflow/dags/etl_dag.py took 0.222 seconds
[2025-11-11T04:45:57.883+0000] {processor.py:161} INFO - Started process (PID=3502) to work on /opt/airflow/dags/etl_dag.py
[2025-11-11T04:45:57.884+0000] {processor.py:830} INFO - Processing file /opt/airflow/dags/etl_dag.py for tasks to queue
[2025-11-11T04:45:57.885+0000] {logging_mixin.py:188} INFO - [2025-11-11T04:45:57.885+0000] {dagbag.py:538} INFO - Filling up the DagBag from /opt/airflow/dags/etl_dag.py
[2025-11-11T04:45:57.910+0000] {processor.py:840} INFO - DAG(s) 'simple_etl_lineage' retrieved from /opt/airflow/dags/etl_dag.py
[2025-11-11T04:45:57.944+0000] {logging_mixin.py:188} INFO - [2025-11-11T04:45:57.944+0000] {dag.py:3036} INFO - Sync 1 DAGs
[2025-11-11T04:45:57.957+0000] {logging_mixin.py:188} INFO - [2025-11-11T04:45:57.957+0000] {dag.py:3823} INFO - Setting next_dagrun for simple_etl_lineage to None, run_after=None
[2025-11-11T04:45:57.985+0000] {processor.py:183} INFO - Processing /opt/airflow/dags/etl_dag.py took 0.106 seconds
[2025-11-11T04:46:28.246+0000] {processor.py:161} INFO - Started process (PID=3512) to work on /opt/airflow/dags/etl_dag.py
[2025-11-11T04:46:28.248+0000] {processor.py:830} INFO - Processing file /opt/airflow/dags/etl_dag.py for tasks to queue
[2025-11-11T04:46:28.249+0000] {logging_mixin.py:188} INFO - [2025-11-11T04:46:28.248+0000] {dagbag.py:538} INFO - Filling up the DagBag from /opt/airflow/dags/etl_dag.py
[2025-11-11T04:46:28.275+0000] {processor.py:840} INFO - DAG(s) 'simple_etl_lineage' retrieved from /opt/airflow/dags/etl_dag.py
[2025-11-11T04:46:28.319+0000] {logging_mixin.py:188} INFO - [2025-11-11T04:46:28.318+0000] {dag.py:3036} INFO - Sync 1 DAGs
[2025-11-11T04:46:28.367+0000] {logging_mixin.py:188} INFO - [2025-11-11T04:46:28.367+0000] {dag.py:3823} INFO - Setting next_dagrun for simple_etl_lineage to None, run_after=None
[2025-11-11T04:46:28.429+0000] {processor.py:183} INFO - Processing /opt/airflow/dags/etl_dag.py took 0.187 seconds
[2025-11-11T04:46:58.890+0000] {processor.py:161} INFO - Started process (PID=3522) to work on /opt/airflow/dags/etl_dag.py
[2025-11-11T04:46:58.894+0000] {processor.py:830} INFO - Processing file /opt/airflow/dags/etl_dag.py for tasks to queue
[2025-11-11T04:46:58.896+0000] {logging_mixin.py:188} INFO - [2025-11-11T04:46:58.896+0000] {dagbag.py:538} INFO - Filling up the DagBag from /opt/airflow/dags/etl_dag.py
[2025-11-11T04:46:58.922+0000] {processor.py:840} INFO - DAG(s) 'simple_etl_lineage' retrieved from /opt/airflow/dags/etl_dag.py
[2025-11-11T04:46:58.970+0000] {logging_mixin.py:188} INFO - [2025-11-11T04:46:58.970+0000] {dag.py:3036} INFO - Sync 1 DAGs
[2025-11-11T04:46:58.984+0000] {logging_mixin.py:188} INFO - [2025-11-11T04:46:58.984+0000] {dag.py:3823} INFO - Setting next_dagrun for simple_etl_lineage to None, run_after=None
[2025-11-11T04:46:59.006+0000] {processor.py:183} INFO - Processing /opt/airflow/dags/etl_dag.py took 0.120 seconds
[2025-11-11T04:47:31.285+0000] {processor.py:161} INFO - Started process (PID=3532) to work on /opt/airflow/dags/etl_dag.py
[2025-11-11T04:47:31.288+0000] {processor.py:830} INFO - Processing file /opt/airflow/dags/etl_dag.py for tasks to queue
[2025-11-11T04:47:31.292+0000] {logging_mixin.py:188} INFO - [2025-11-11T04:47:31.292+0000] {dagbag.py:538} INFO - Filling up the DagBag from /opt/airflow/dags/etl_dag.py
[2025-11-11T04:47:31.377+0000] {processor.py:840} INFO - DAG(s) 'simple_etl_lineage' retrieved from /opt/airflow/dags/etl_dag.py
[2025-11-11T04:47:31.444+0000] {logging_mixin.py:188} INFO - [2025-11-11T04:47:31.444+0000] {dag.py:3036} INFO - Sync 1 DAGs
[2025-11-11T04:47:31.514+0000] {logging_mixin.py:188} INFO - [2025-11-11T04:47:31.514+0000] {dag.py:3823} INFO - Setting next_dagrun for simple_etl_lineage to None, run_after=None
[2025-11-11T04:47:31.595+0000] {processor.py:183} INFO - Processing /opt/airflow/dags/etl_dag.py took 0.313 seconds
[2025-11-11T04:48:01.804+0000] {processor.py:161} INFO - Started process (PID=3542) to work on /opt/airflow/dags/etl_dag.py
[2025-11-11T04:48:01.806+0000] {processor.py:830} INFO - Processing file /opt/airflow/dags/etl_dag.py for tasks to queue
[2025-11-11T04:48:01.807+0000] {logging_mixin.py:188} INFO - [2025-11-11T04:48:01.807+0000] {dagbag.py:538} INFO - Filling up the DagBag from /opt/airflow/dags/etl_dag.py
[2025-11-11T04:48:01.889+0000] {processor.py:840} INFO - DAG(s) 'simple_etl_lineage' retrieved from /opt/airflow/dags/etl_dag.py
[2025-11-11T04:48:01.985+0000] {logging_mixin.py:188} INFO - [2025-11-11T04:48:01.985+0000] {dag.py:3036} INFO - Sync 1 DAGs
[2025-11-11T04:48:02.034+0000] {logging_mixin.py:188} INFO - [2025-11-11T04:48:02.034+0000] {dag.py:3823} INFO - Setting next_dagrun for simple_etl_lineage to None, run_after=None
[2025-11-11T04:48:02.117+0000] {processor.py:183} INFO - Processing /opt/airflow/dags/etl_dag.py took 0.318 seconds
[2025-11-11T04:48:32.368+0000] {processor.py:161} INFO - Started process (PID=3552) to work on /opt/airflow/dags/etl_dag.py
[2025-11-11T04:48:32.369+0000] {processor.py:830} INFO - Processing file /opt/airflow/dags/etl_dag.py for tasks to queue
[2025-11-11T04:48:32.371+0000] {logging_mixin.py:188} INFO - [2025-11-11T04:48:32.370+0000] {dagbag.py:538} INFO - Filling up the DagBag from /opt/airflow/dags/etl_dag.py
[2025-11-11T04:48:32.414+0000] {processor.py:840} INFO - DAG(s) 'simple_etl_lineage' retrieved from /opt/airflow/dags/etl_dag.py
[2025-11-11T04:48:32.469+0000] {logging_mixin.py:188} INFO - [2025-11-11T04:48:32.469+0000] {dag.py:3036} INFO - Sync 1 DAGs
[2025-11-11T04:48:32.497+0000] {logging_mixin.py:188} INFO - [2025-11-11T04:48:32.496+0000] {dag.py:3823} INFO - Setting next_dagrun for simple_etl_lineage to None, run_after=None
[2025-11-11T04:48:32.567+0000] {processor.py:183} INFO - Processing /opt/airflow/dags/etl_dag.py took 0.204 seconds
[2025-11-11T04:49:02.872+0000] {processor.py:161} INFO - Started process (PID=3562) to work on /opt/airflow/dags/etl_dag.py
[2025-11-11T04:49:02.874+0000] {processor.py:830} INFO - Processing file /opt/airflow/dags/etl_dag.py for tasks to queue
[2025-11-11T04:49:02.875+0000] {logging_mixin.py:188} INFO - [2025-11-11T04:49:02.875+0000] {dagbag.py:538} INFO - Filling up the DagBag from /opt/airflow/dags/etl_dag.py
[2025-11-11T04:49:02.897+0000] {processor.py:840} INFO - DAG(s) 'simple_etl_lineage' retrieved from /opt/airflow/dags/etl_dag.py
[2025-11-11T04:49:02.934+0000] {logging_mixin.py:188} INFO - [2025-11-11T04:49:02.934+0000] {dag.py:3036} INFO - Sync 1 DAGs
[2025-11-11T04:49:02.956+0000] {logging_mixin.py:188} INFO - [2025-11-11T04:49:02.956+0000] {dag.py:3823} INFO - Setting next_dagrun for simple_etl_lineage to None, run_after=None
[2025-11-11T04:49:02.992+0000] {processor.py:183} INFO - Processing /opt/airflow/dags/etl_dag.py took 0.124 seconds
[2025-11-11T04:49:34.194+0000] {processor.py:161} INFO - Started process (PID=3572) to work on /opt/airflow/dags/etl_dag.py
[2025-11-11T04:49:34.196+0000] {processor.py:830} INFO - Processing file /opt/airflow/dags/etl_dag.py for tasks to queue
[2025-11-11T04:49:34.197+0000] {logging_mixin.py:188} INFO - [2025-11-11T04:49:34.197+0000] {dagbag.py:538} INFO - Filling up the DagBag from /opt/airflow/dags/etl_dag.py
[2025-11-11T04:49:34.218+0000] {processor.py:840} INFO - DAG(s) 'simple_etl_lineage' retrieved from /opt/airflow/dags/etl_dag.py
[2025-11-11T04:49:34.245+0000] {logging_mixin.py:188} INFO - [2025-11-11T04:49:34.244+0000] {dag.py:3036} INFO - Sync 1 DAGs
[2025-11-11T04:49:34.257+0000] {logging_mixin.py:188} INFO - [2025-11-11T04:49:34.257+0000] {dag.py:3823} INFO - Setting next_dagrun for simple_etl_lineage to None, run_after=None
[2025-11-11T04:49:34.293+0000] {processor.py:183} INFO - Processing /opt/airflow/dags/etl_dag.py took 0.102 seconds
[2025-11-11T05:06:43.766+0000] {processor.py:161} INFO - Started process (PID=3582) to work on /opt/airflow/dags/etl_dag.py
[2025-11-11T05:06:43.784+0000] {processor.py:830} INFO - Processing file /opt/airflow/dags/etl_dag.py for tasks to queue
[2025-11-11T05:06:43.820+0000] {logging_mixin.py:188} INFO - [2025-11-11T05:06:43.803+0000] {dagbag.py:538} INFO - Filling up the DagBag from /opt/airflow/dags/etl_dag.py
[2025-11-11T05:06:44.107+0000] {processor.py:840} INFO - DAG(s) 'simple_etl_lineage' retrieved from /opt/airflow/dags/etl_dag.py
[2025-11-11T05:06:44.398+0000] {logging_mixin.py:188} INFO - [2025-11-11T05:06:44.398+0000] {dag.py:3036} INFO - Sync 1 DAGs
[2025-11-11T05:06:44.461+0000] {logging_mixin.py:188} INFO - [2025-11-11T05:06:44.459+0000] {dag.py:3823} INFO - Setting next_dagrun for simple_etl_lineage to None, run_after=None
[2025-11-11T05:06:44.547+0000] {processor.py:183} INFO - Processing /opt/airflow/dags/etl_dag.py took 0.870 seconds
[2025-11-11T05:07:15.224+0000] {processor.py:161} INFO - Started process (PID=3597) to work on /opt/airflow/dags/etl_dag.py
[2025-11-11T05:07:15.231+0000] {processor.py:830} INFO - Processing file /opt/airflow/dags/etl_dag.py for tasks to queue
[2025-11-11T05:07:15.241+0000] {logging_mixin.py:188} INFO - [2025-11-11T05:07:15.240+0000] {dagbag.py:538} INFO - Filling up the DagBag from /opt/airflow/dags/etl_dag.py
[2025-11-11T05:07:15.448+0000] {processor.py:840} INFO - DAG(s) 'simple_etl_lineage' retrieved from /opt/airflow/dags/etl_dag.py
[2025-11-11T05:07:15.572+0000] {logging_mixin.py:188} INFO - [2025-11-11T05:07:15.572+0000] {dag.py:3036} INFO - Sync 1 DAGs
[2025-11-11T05:07:15.632+0000] {logging_mixin.py:188} INFO - [2025-11-11T05:07:15.631+0000] {dag.py:3823} INFO - Setting next_dagrun for simple_etl_lineage to None, run_after=None
[2025-11-11T05:07:15.728+0000] {processor.py:183} INFO - Processing /opt/airflow/dags/etl_dag.py took 0.532 seconds
[2025-11-11T05:07:46.317+0000] {processor.py:161} INFO - Started process (PID=3607) to work on /opt/airflow/dags/etl_dag.py
[2025-11-11T05:07:46.328+0000] {processor.py:830} INFO - Processing file /opt/airflow/dags/etl_dag.py for tasks to queue
[2025-11-11T05:07:46.347+0000] {logging_mixin.py:188} INFO - [2025-11-11T05:07:46.346+0000] {dagbag.py:538} INFO - Filling up the DagBag from /opt/airflow/dags/etl_dag.py
[2025-11-11T05:07:46.515+0000] {processor.py:840} INFO - DAG(s) 'simple_etl_lineage' retrieved from /opt/airflow/dags/etl_dag.py
[2025-11-11T05:07:46.702+0000] {logging_mixin.py:188} INFO - [2025-11-11T05:07:46.701+0000] {dag.py:3036} INFO - Sync 1 DAGs
[2025-11-11T05:07:46.754+0000] {logging_mixin.py:188} INFO - [2025-11-11T05:07:46.754+0000] {dag.py:3823} INFO - Setting next_dagrun for simple_etl_lineage to None, run_after=None
[2025-11-11T05:07:46.852+0000] {processor.py:183} INFO - Processing /opt/airflow/dags/etl_dag.py took 0.540 seconds
[2025-11-11T05:08:22.077+0000] {processor.py:161} INFO - Started process (PID=3617) to work on /opt/airflow/dags/etl_dag.py
[2025-11-11T05:08:22.088+0000] {processor.py:830} INFO - Processing file /opt/airflow/dags/etl_dag.py for tasks to queue
[2025-11-11T05:08:22.131+0000] {logging_mixin.py:188} INFO - [2025-11-11T05:08:22.130+0000] {dagbag.py:538} INFO - Filling up the DagBag from /opt/airflow/dags/etl_dag.py
[2025-11-11T05:08:22.564+0000] {processor.py:840} INFO - DAG(s) 'simple_etl_lineage' retrieved from /opt/airflow/dags/etl_dag.py
[2025-11-11T05:08:22.762+0000] {logging_mixin.py:188} INFO - [2025-11-11T05:08:22.762+0000] {dag.py:3036} INFO - Sync 1 DAGs
[2025-11-11T05:08:22.856+0000] {logging_mixin.py:188} INFO - [2025-11-11T05:08:22.856+0000] {dag.py:3823} INFO - Setting next_dagrun for simple_etl_lineage to None, run_after=None
[2025-11-11T05:08:23.003+0000] {processor.py:183} INFO - Processing /opt/airflow/dags/etl_dag.py took 0.931 seconds
[2025-11-11T05:08:54.182+0000] {processor.py:161} INFO - Started process (PID=3627) to work on /opt/airflow/dags/etl_dag.py
[2025-11-11T05:08:54.189+0000] {processor.py:830} INFO - Processing file /opt/airflow/dags/etl_dag.py for tasks to queue
[2025-11-11T05:08:54.192+0000] {logging_mixin.py:188} INFO - [2025-11-11T05:08:54.191+0000] {dagbag.py:538} INFO - Filling up the DagBag from /opt/airflow/dags/etl_dag.py
[2025-11-11T05:08:54.241+0000] {processor.py:840} INFO - DAG(s) 'simple_etl_lineage' retrieved from /opt/airflow/dags/etl_dag.py
[2025-11-11T05:08:54.328+0000] {logging_mixin.py:188} INFO - [2025-11-11T05:08:54.326+0000] {dag.py:3036} INFO - Sync 1 DAGs
[2025-11-11T05:08:54.371+0000] {logging_mixin.py:188} INFO - [2025-11-11T05:08:54.370+0000] {dag.py:3823} INFO - Setting next_dagrun for simple_etl_lineage to None, run_after=None
[2025-11-11T05:08:54.424+0000] {processor.py:183} INFO - Processing /opt/airflow/dags/etl_dag.py took 0.249 seconds
[2025-11-11T05:09:24.900+0000] {processor.py:161} INFO - Started process (PID=3637) to work on /opt/airflow/dags/etl_dag.py
[2025-11-11T05:09:24.903+0000] {processor.py:830} INFO - Processing file /opt/airflow/dags/etl_dag.py for tasks to queue
[2025-11-11T05:09:24.906+0000] {logging_mixin.py:188} INFO - [2025-11-11T05:09:24.905+0000] {dagbag.py:538} INFO - Filling up the DagBag from /opt/airflow/dags/etl_dag.py
[2025-11-11T05:09:24.965+0000] {processor.py:840} INFO - DAG(s) 'simple_etl_lineage' retrieved from /opt/airflow/dags/etl_dag.py
[2025-11-11T05:09:25.090+0000] {logging_mixin.py:188} INFO - [2025-11-11T05:09:25.090+0000] {dag.py:3036} INFO - Sync 1 DAGs
[2025-11-11T05:09:25.118+0000] {logging_mixin.py:188} INFO - [2025-11-11T05:09:25.117+0000] {dag.py:3823} INFO - Setting next_dagrun for simple_etl_lineage to None, run_after=None
[2025-11-11T05:09:25.153+0000] {processor.py:183} INFO - Processing /opt/airflow/dags/etl_dag.py took 0.268 seconds
[2025-11-11T05:09:56.509+0000] {processor.py:161} INFO - Started process (PID=3647) to work on /opt/airflow/dags/etl_dag.py
[2025-11-11T05:09:56.521+0000] {processor.py:830} INFO - Processing file /opt/airflow/dags/etl_dag.py for tasks to queue
[2025-11-11T05:09:56.526+0000] {logging_mixin.py:188} INFO - [2025-11-11T05:09:56.525+0000] {dagbag.py:538} INFO - Filling up the DagBag from /opt/airflow/dags/etl_dag.py
[2025-11-11T05:09:56.853+0000] {processor.py:840} INFO - DAG(s) 'simple_etl_lineage' retrieved from /opt/airflow/dags/etl_dag.py
[2025-11-11T05:09:57.427+0000] {logging_mixin.py:188} INFO - [2025-11-11T05:09:57.427+0000] {dag.py:3036} INFO - Sync 1 DAGs
[2025-11-11T05:09:57.572+0000] {logging_mixin.py:188} INFO - [2025-11-11T05:09:57.571+0000] {dag.py:3823} INFO - Setting next_dagrun for simple_etl_lineage to None, run_after=None
[2025-11-11T05:09:57.679+0000] {processor.py:183} INFO - Processing /opt/airflow/dags/etl_dag.py took 1.179 seconds
[2025-11-11T05:10:30.277+0000] {processor.py:161} INFO - Started process (PID=3657) to work on /opt/airflow/dags/etl_dag.py
[2025-11-11T05:10:30.285+0000] {processor.py:830} INFO - Processing file /opt/airflow/dags/etl_dag.py for tasks to queue
[2025-11-11T05:10:30.291+0000] {logging_mixin.py:188} INFO - [2025-11-11T05:10:30.291+0000] {dagbag.py:538} INFO - Filling up the DagBag from /opt/airflow/dags/etl_dag.py
[2025-11-11T05:10:30.364+0000] {processor.py:840} INFO - DAG(s) 'simple_etl_lineage' retrieved from /opt/airflow/dags/etl_dag.py
[2025-11-11T05:10:30.558+0000] {logging_mixin.py:188} INFO - [2025-11-11T05:10:30.557+0000] {dag.py:3036} INFO - Sync 1 DAGs
[2025-11-11T05:10:30.684+0000] {logging_mixin.py:188} INFO - [2025-11-11T05:10:30.684+0000] {dag.py:3823} INFO - Setting next_dagrun for simple_etl_lineage to None, run_after=None
[2025-11-11T05:10:30.766+0000] {processor.py:183} INFO - Processing /opt/airflow/dags/etl_dag.py took 0.495 seconds
[2025-11-11T05:11:03.882+0000] {processor.py:161} INFO - Started process (PID=3667) to work on /opt/airflow/dags/etl_dag.py
[2025-11-11T05:11:03.888+0000] {processor.py:830} INFO - Processing file /opt/airflow/dags/etl_dag.py for tasks to queue
[2025-11-11T05:11:03.897+0000] {logging_mixin.py:188} INFO - [2025-11-11T05:11:03.897+0000] {dagbag.py:538} INFO - Filling up the DagBag from /opt/airflow/dags/etl_dag.py
[2025-11-11T05:11:05.097+0000] {processor.py:840} INFO - DAG(s) 'simple_etl_lineage' retrieved from /opt/airflow/dags/etl_dag.py
[2025-11-11T05:11:05.422+0000] {logging_mixin.py:188} INFO - [2025-11-11T05:11:05.421+0000] {dag.py:3036} INFO - Sync 1 DAGs
[2025-11-11T05:11:05.514+0000] {logging_mixin.py:188} INFO - [2025-11-11T05:11:05.514+0000] {dag.py:3823} INFO - Setting next_dagrun for simple_etl_lineage to None, run_after=None
[2025-11-11T05:11:05.717+0000] {processor.py:183} INFO - Processing /opt/airflow/dags/etl_dag.py took 1.841 seconds
[2025-11-11T05:12:23.779+0000] {processor.py:161} INFO - Started process (PID=3679) to work on /opt/airflow/dags/etl_dag.py
[2025-11-11T05:12:23.799+0000] {processor.py:830} INFO - Processing file /opt/airflow/dags/etl_dag.py for tasks to queue
[2025-11-11T05:12:24.154+0000] {logging_mixin.py:188} INFO - [2025-11-11T05:12:24.126+0000] {dagbag.py:538} INFO - Filling up the DagBag from /opt/airflow/dags/etl_dag.py
[2025-11-11T05:12:34.907+0000] {processor.py:840} INFO - DAG(s) 'simple_etl_lineage' retrieved from /opt/airflow/dags/etl_dag.py
[2025-11-11T05:12:38.385+0000] {logging_mixin.py:188} INFO - [2025-11-11T05:12:38.385+0000] {dag.py:3036} INFO - Sync 1 DAGs
[2025-11-11T05:12:43.878+0000] {logging_mixin.py:188} INFO - [2025-11-11T05:12:43.877+0000] {dag.py:3823} INFO - Setting next_dagrun for simple_etl_lineage to None, run_after=None
[2025-11-11T05:12:45.701+0000] {processor.py:183} INFO - Processing /opt/airflow/dags/etl_dag.py took 22.062 seconds
[2025-11-11T05:13:22.597+0000] {processor.py:161} INFO - Started process (PID=3693) to work on /opt/airflow/dags/etl_dag.py
[2025-11-11T05:13:22.629+0000] {processor.py:830} INFO - Processing file /opt/airflow/dags/etl_dag.py for tasks to queue
[2025-11-11T05:13:22.661+0000] {logging_mixin.py:188} INFO - [2025-11-11T05:13:22.651+0000] {dagbag.py:538} INFO - Filling up the DagBag from /opt/airflow/dags/etl_dag.py
[2025-11-11T05:13:25.638+0000] {processor.py:840} INFO - DAG(s) 'simple_etl_lineage' retrieved from /opt/airflow/dags/etl_dag.py
[2025-11-11T05:13:28.048+0000] {logging_mixin.py:188} INFO - [2025-11-11T05:13:28.047+0000] {dag.py:3036} INFO - Sync 1 DAGs
[2025-11-11T05:13:28.328+0000] {logging_mixin.py:188} INFO - [2025-11-11T05:13:28.327+0000] {dag.py:3823} INFO - Setting next_dagrun for simple_etl_lineage to None, run_after=None
[2025-11-11T05:13:28.837+0000] {processor.py:183} INFO - Processing /opt/airflow/dags/etl_dag.py took 6.566 seconds
[2025-11-11T05:14:07.348+0000] {processor.py:161} INFO - Started process (PID=3715) to work on /opt/airflow/dags/etl_dag.py
[2025-11-11T05:14:07.442+0000] {processor.py:830} INFO - Processing file /opt/airflow/dags/etl_dag.py for tasks to queue
[2025-11-11T05:14:07.581+0000] {logging_mixin.py:188} INFO - [2025-11-11T05:14:07.554+0000] {dagbag.py:538} INFO - Filling up the DagBag from /opt/airflow/dags/etl_dag.py
[2025-11-11T05:14:10.957+0000] {processor.py:840} INFO - DAG(s) 'simple_etl_lineage' retrieved from /opt/airflow/dags/etl_dag.py
[2025-11-11T05:14:11.174+0000] {logging_mixin.py:188} INFO - [2025-11-11T05:14:11.170+0000] {dag.py:3036} INFO - Sync 1 DAGs
[2025-11-11T05:14:11.228+0000] {logging_mixin.py:188} INFO - [2025-11-11T05:14:11.227+0000] {dag.py:3823} INFO - Setting next_dagrun for simple_etl_lineage to None, run_after=None
[2025-11-11T05:14:11.324+0000] {processor.py:183} INFO - Processing /opt/airflow/dags/etl_dag.py took 5.425 seconds
[2025-11-11T05:14:56.465+0000] {processor.py:161} INFO - Started process (PID=3725) to work on /opt/airflow/dags/etl_dag.py
[2025-11-11T05:14:56.482+0000] {processor.py:830} INFO - Processing file /opt/airflow/dags/etl_dag.py for tasks to queue
[2025-11-11T05:14:56.618+0000] {logging_mixin.py:188} INFO - [2025-11-11T05:14:56.502+0000] {dagbag.py:538} INFO - Filling up the DagBag from /opt/airflow/dags/etl_dag.py
[2025-11-11T05:15:07.285+0000] {processor.py:840} INFO - DAG(s) 'simple_etl_lineage' retrieved from /opt/airflow/dags/etl_dag.py
[2025-11-11T05:15:13.160+0000] {logging_mixin.py:188} INFO - [2025-11-11T05:15:13.160+0000] {dag.py:3036} INFO - Sync 1 DAGs
[2025-11-11T05:15:13.421+0000] {logging_mixin.py:188} INFO - [2025-11-11T05:15:13.420+0000] {dag.py:3823} INFO - Setting next_dagrun for simple_etl_lineage to None, run_after=None
[2025-11-11T05:15:13.711+0000] {processor.py:183} INFO - Processing /opt/airflow/dags/etl_dag.py took 21.319 seconds
[2025-11-11T05:15:46.169+0000] {processor.py:161} INFO - Started process (PID=3737) to work on /opt/airflow/dags/etl_dag.py
[2025-11-11T05:15:46.177+0000] {processor.py:830} INFO - Processing file /opt/airflow/dags/etl_dag.py for tasks to queue
[2025-11-11T05:15:46.190+0000] {logging_mixin.py:188} INFO - [2025-11-11T05:15:46.189+0000] {dagbag.py:538} INFO - Filling up the DagBag from /opt/airflow/dags/etl_dag.py
[2025-11-11T05:15:46.463+0000] {processor.py:840} INFO - DAG(s) 'simple_etl_lineage' retrieved from /opt/airflow/dags/etl_dag.py
[2025-11-11T05:15:46.809+0000] {logging_mixin.py:188} INFO - [2025-11-11T05:15:46.808+0000] {dag.py:3036} INFO - Sync 1 DAGs
[2025-11-11T05:15:46.919+0000] {logging_mixin.py:188} INFO - [2025-11-11T05:15:46.919+0000] {dag.py:3823} INFO - Setting next_dagrun for simple_etl_lineage to None, run_after=None
[2025-11-11T05:15:47.264+0000] {processor.py:183} INFO - Processing /opt/airflow/dags/etl_dag.py took 1.114 seconds
[2025-11-11T05:16:18.083+0000] {processor.py:161} INFO - Started process (PID=3747) to work on /opt/airflow/dags/etl_dag.py
[2025-11-11T05:16:18.094+0000] {processor.py:830} INFO - Processing file /opt/airflow/dags/etl_dag.py for tasks to queue
[2025-11-11T05:16:18.096+0000] {logging_mixin.py:188} INFO - [2025-11-11T05:16:18.096+0000] {dagbag.py:538} INFO - Filling up the DagBag from /opt/airflow/dags/etl_dag.py
[2025-11-11T05:16:18.160+0000] {processor.py:840} INFO - DAG(s) 'simple_etl_lineage' retrieved from /opt/airflow/dags/etl_dag.py
[2025-11-11T05:16:18.408+0000] {logging_mixin.py:188} INFO - [2025-11-11T05:16:18.407+0000] {dag.py:3036} INFO - Sync 1 DAGs
[2025-11-11T05:16:18.477+0000] {logging_mixin.py:188} INFO - [2025-11-11T05:16:18.476+0000] {dag.py:3823} INFO - Setting next_dagrun for simple_etl_lineage to None, run_after=None
[2025-11-11T05:16:18.648+0000] {processor.py:183} INFO - Processing /opt/airflow/dags/etl_dag.py took 0.572 seconds
[2025-11-11T05:16:49.473+0000] {processor.py:161} INFO - Started process (PID=3757) to work on /opt/airflow/dags/etl_dag.py
[2025-11-11T05:16:49.476+0000] {processor.py:830} INFO - Processing file /opt/airflow/dags/etl_dag.py for tasks to queue
[2025-11-11T05:16:49.478+0000] {logging_mixin.py:188} INFO - [2025-11-11T05:16:49.478+0000] {dagbag.py:538} INFO - Filling up the DagBag from /opt/airflow/dags/etl_dag.py
[2025-11-11T05:16:49.622+0000] {processor.py:840} INFO - DAG(s) 'simple_etl_lineage' retrieved from /opt/airflow/dags/etl_dag.py
[2025-11-11T05:16:49.747+0000] {logging_mixin.py:188} INFO - [2025-11-11T05:16:49.746+0000] {dag.py:3036} INFO - Sync 1 DAGs
[2025-11-11T05:16:49.808+0000] {logging_mixin.py:188} INFO - [2025-11-11T05:16:49.807+0000] {dag.py:3823} INFO - Setting next_dagrun for simple_etl_lineage to None, run_after=None
[2025-11-11T05:16:49.899+0000] {processor.py:183} INFO - Processing /opt/airflow/dags/etl_dag.py took 0.441 seconds
[2025-11-11T05:17:22.500+0000] {processor.py:161} INFO - Started process (PID=3767) to work on /opt/airflow/dags/etl_dag.py
[2025-11-11T05:17:22.514+0000] {processor.py:830} INFO - Processing file /opt/airflow/dags/etl_dag.py for tasks to queue
[2025-11-11T05:17:22.531+0000] {logging_mixin.py:188} INFO - [2025-11-11T05:17:22.530+0000] {dagbag.py:538} INFO - Filling up the DagBag from /opt/airflow/dags/etl_dag.py
[2025-11-11T05:17:23.131+0000] {processor.py:840} INFO - DAG(s) 'simple_etl_lineage' retrieved from /opt/airflow/dags/etl_dag.py
[2025-11-11T05:17:23.378+0000] {logging_mixin.py:188} INFO - [2025-11-11T05:17:23.377+0000] {dag.py:3036} INFO - Sync 1 DAGs
[2025-11-11T05:17:23.462+0000] {logging_mixin.py:188} INFO - [2025-11-11T05:17:23.461+0000] {dag.py:3823} INFO - Setting next_dagrun for simple_etl_lineage to None, run_after=None
[2025-11-11T05:17:23.667+0000] {processor.py:183} INFO - Processing /opt/airflow/dags/etl_dag.py took 1.172 seconds
[2025-11-11T05:17:57.276+0000] {processor.py:161} INFO - Started process (PID=3777) to work on /opt/airflow/dags/etl_dag.py
[2025-11-11T05:17:57.290+0000] {processor.py:830} INFO - Processing file /opt/airflow/dags/etl_dag.py for tasks to queue
[2025-11-11T05:17:57.311+0000] {logging_mixin.py:188} INFO - [2025-11-11T05:17:57.296+0000] {dagbag.py:538} INFO - Filling up the DagBag from /opt/airflow/dags/etl_dag.py
[2025-11-11T05:17:57.676+0000] {processor.py:840} INFO - DAG(s) 'simple_etl_lineage' retrieved from /opt/airflow/dags/etl_dag.py
[2025-11-11T05:17:58.195+0000] {logging_mixin.py:188} INFO - [2025-11-11T05:17:58.194+0000] {dag.py:3036} INFO - Sync 1 DAGs
[2025-11-11T05:17:58.383+0000] {logging_mixin.py:188} INFO - [2025-11-11T05:17:58.382+0000] {dag.py:3823} INFO - Setting next_dagrun for simple_etl_lineage to None, run_after=None
[2025-11-11T05:18:00.514+0000] {processor.py:183} INFO - Processing /opt/airflow/dags/etl_dag.py took 3.282 seconds
[2025-11-11T05:18:34.416+0000] {processor.py:161} INFO - Started process (PID=3784) to work on /opt/airflow/dags/etl_dag.py
[2025-11-11T05:18:34.420+0000] {processor.py:830} INFO - Processing file /opt/airflow/dags/etl_dag.py for tasks to queue
[2025-11-11T05:18:34.426+0000] {logging_mixin.py:188} INFO - [2025-11-11T05:18:34.425+0000] {dagbag.py:538} INFO - Filling up the DagBag from /opt/airflow/dags/etl_dag.py
[2025-11-11T05:18:34.635+0000] {processor.py:840} INFO - DAG(s) 'simple_etl_lineage' retrieved from /opt/airflow/dags/etl_dag.py
[2025-11-11T05:18:34.789+0000] {logging_mixin.py:188} INFO - [2025-11-11T05:18:34.789+0000] {dag.py:3036} INFO - Sync 1 DAGs
[2025-11-11T05:18:34.838+0000] {logging_mixin.py:188} INFO - [2025-11-11T05:18:34.838+0000] {dag.py:3823} INFO - Setting next_dagrun for simple_etl_lineage to None, run_after=None
[2025-11-11T05:18:34.932+0000] {processor.py:183} INFO - Processing /opt/airflow/dags/etl_dag.py took 0.521 seconds
[2025-11-11T05:19:07.305+0000] {processor.py:161} INFO - Started process (PID=3794) to work on /opt/airflow/dags/etl_dag.py
[2025-11-11T05:19:07.364+0000] {processor.py:830} INFO - Processing file /opt/airflow/dags/etl_dag.py for tasks to queue
[2025-11-11T05:19:07.414+0000] {logging_mixin.py:188} INFO - [2025-11-11T05:19:07.414+0000] {dagbag.py:538} INFO - Filling up the DagBag from /opt/airflow/dags/etl_dag.py
[2025-11-11T05:19:07.869+0000] {processor.py:840} INFO - DAG(s) 'simple_etl_lineage' retrieved from /opt/airflow/dags/etl_dag.py
[2025-11-11T05:19:08.021+0000] {logging_mixin.py:188} INFO - [2025-11-11T05:19:08.020+0000] {dag.py:3036} INFO - Sync 1 DAGs
[2025-11-11T05:19:08.095+0000] {logging_mixin.py:188} INFO - [2025-11-11T05:19:08.094+0000] {dag.py:3823} INFO - Setting next_dagrun for simple_etl_lineage to None, run_after=None
[2025-11-11T05:19:08.231+0000] {processor.py:183} INFO - Processing /opt/airflow/dags/etl_dag.py took 0.976 seconds
[2025-11-11T05:19:39.172+0000] {processor.py:161} INFO - Started process (PID=3804) to work on /opt/airflow/dags/etl_dag.py
[2025-11-11T05:19:39.176+0000] {processor.py:830} INFO - Processing file /opt/airflow/dags/etl_dag.py for tasks to queue
[2025-11-11T05:19:39.184+0000] {logging_mixin.py:188} INFO - [2025-11-11T05:19:39.181+0000] {dagbag.py:538} INFO - Filling up the DagBag from /opt/airflow/dags/etl_dag.py
[2025-11-11T05:19:39.285+0000] {processor.py:840} INFO - DAG(s) 'simple_etl_lineage' retrieved from /opt/airflow/dags/etl_dag.py
[2025-11-11T05:19:39.454+0000] {logging_mixin.py:188} INFO - [2025-11-11T05:19:39.453+0000] {dag.py:3036} INFO - Sync 1 DAGs
[2025-11-11T05:19:39.516+0000] {logging_mixin.py:188} INFO - [2025-11-11T05:19:39.516+0000] {dag.py:3823} INFO - Setting next_dagrun for simple_etl_lineage to None, run_after=None
[2025-11-11T05:19:39.684+0000] {processor.py:183} INFO - Processing /opt/airflow/dags/etl_dag.py took 0.536 seconds
[2025-11-11T05:20:10.413+0000] {processor.py:161} INFO - Started process (PID=3817) to work on /opt/airflow/dags/etl_dag.py
[2025-11-11T05:20:10.415+0000] {processor.py:830} INFO - Processing file /opt/airflow/dags/etl_dag.py for tasks to queue
[2025-11-11T05:20:10.417+0000] {logging_mixin.py:188} INFO - [2025-11-11T05:20:10.417+0000] {dagbag.py:538} INFO - Filling up the DagBag from /opt/airflow/dags/etl_dag.py
[2025-11-11T05:20:10.442+0000] {processor.py:840} INFO - DAG(s) 'simple_etl_lineage' retrieved from /opt/airflow/dags/etl_dag.py
[2025-11-11T05:20:11.290+0000] {logging_mixin.py:188} INFO - [2025-11-11T05:20:11.289+0000] {dag.py:3036} INFO - Sync 1 DAGs
[2025-11-11T05:20:11.411+0000] {logging_mixin.py:188} INFO - [2025-11-11T05:20:11.411+0000] {dag.py:3823} INFO - Setting next_dagrun for simple_etl_lineage to None, run_after=None
[2025-11-11T05:20:11.489+0000] {processor.py:183} INFO - Processing /opt/airflow/dags/etl_dag.py took 1.084 seconds
[2025-11-11T05:20:42.308+0000] {processor.py:161} INFO - Started process (PID=3827) to work on /opt/airflow/dags/etl_dag.py
[2025-11-11T05:20:42.315+0000] {processor.py:830} INFO - Processing file /opt/airflow/dags/etl_dag.py for tasks to queue
[2025-11-11T05:20:42.323+0000] {logging_mixin.py:188} INFO - [2025-11-11T05:20:42.322+0000] {dagbag.py:538} INFO - Filling up the DagBag from /opt/airflow/dags/etl_dag.py
[2025-11-11T05:20:42.693+0000] {processor.py:840} INFO - DAG(s) 'simple_etl_lineage' retrieved from /opt/airflow/dags/etl_dag.py
[2025-11-11T05:20:42.808+0000] {logging_mixin.py:188} INFO - [2025-11-11T05:20:42.808+0000] {dag.py:3036} INFO - Sync 1 DAGs
[2025-11-11T05:20:42.864+0000] {logging_mixin.py:188} INFO - [2025-11-11T05:20:42.864+0000] {dag.py:3823} INFO - Setting next_dagrun for simple_etl_lineage to None, run_after=None
[2025-11-11T05:20:42.930+0000] {processor.py:183} INFO - Processing /opt/airflow/dags/etl_dag.py took 0.626 seconds
[2025-11-11T05:21:13.855+0000] {processor.py:161} INFO - Started process (PID=3837) to work on /opt/airflow/dags/etl_dag.py
[2025-11-11T05:21:13.870+0000] {processor.py:830} INFO - Processing file /opt/airflow/dags/etl_dag.py for tasks to queue
[2025-11-11T05:21:13.883+0000] {logging_mixin.py:188} INFO - [2025-11-11T05:21:13.883+0000] {dagbag.py:538} INFO - Filling up the DagBag from /opt/airflow/dags/etl_dag.py
[2025-11-11T05:21:13.984+0000] {processor.py:840} INFO - DAG(s) 'simple_etl_lineage' retrieved from /opt/airflow/dags/etl_dag.py
[2025-11-11T05:21:14.088+0000] {logging_mixin.py:188} INFO - [2025-11-11T05:21:14.088+0000] {dag.py:3036} INFO - Sync 1 DAGs
[2025-11-11T05:21:14.153+0000] {logging_mixin.py:188} INFO - [2025-11-11T05:21:14.152+0000] {dag.py:3823} INFO - Setting next_dagrun for simple_etl_lineage to None, run_after=None
[2025-11-11T05:21:14.254+0000] {processor.py:183} INFO - Processing /opt/airflow/dags/etl_dag.py took 0.404 seconds
[2025-11-11T05:21:44.976+0000] {processor.py:161} INFO - Started process (PID=3847) to work on /opt/airflow/dags/etl_dag.py
[2025-11-11T05:21:44.986+0000] {processor.py:830} INFO - Processing file /opt/airflow/dags/etl_dag.py for tasks to queue
[2025-11-11T05:21:44.993+0000] {logging_mixin.py:188} INFO - [2025-11-11T05:21:44.993+0000] {dagbag.py:538} INFO - Filling up the DagBag from /opt/airflow/dags/etl_dag.py
[2025-11-11T05:21:45.245+0000] {processor.py:840} INFO - DAG(s) 'simple_etl_lineage' retrieved from /opt/airflow/dags/etl_dag.py
[2025-11-11T05:21:45.391+0000] {logging_mixin.py:188} INFO - [2025-11-11T05:21:45.390+0000] {dag.py:3036} INFO - Sync 1 DAGs
[2025-11-11T05:21:45.473+0000] {logging_mixin.py:188} INFO - [2025-11-11T05:21:45.472+0000] {dag.py:3823} INFO - Setting next_dagrun for simple_etl_lineage to None, run_after=None
[2025-11-11T05:21:45.618+0000] {processor.py:183} INFO - Processing /opt/airflow/dags/etl_dag.py took 0.646 seconds
[2025-11-11T05:22:15.872+0000] {processor.py:161} INFO - Started process (PID=3857) to work on /opt/airflow/dags/etl_dag.py
[2025-11-11T05:22:15.874+0000] {processor.py:830} INFO - Processing file /opt/airflow/dags/etl_dag.py for tasks to queue
[2025-11-11T05:22:15.876+0000] {logging_mixin.py:188} INFO - [2025-11-11T05:22:15.875+0000] {dagbag.py:538} INFO - Filling up the DagBag from /opt/airflow/dags/etl_dag.py
[2025-11-11T05:22:15.956+0000] {processor.py:840} INFO - DAG(s) 'simple_etl_lineage' retrieved from /opt/airflow/dags/etl_dag.py
[2025-11-11T05:22:16.025+0000] {logging_mixin.py:188} INFO - [2025-11-11T05:22:16.025+0000] {dag.py:3036} INFO - Sync 1 DAGs
[2025-11-11T05:22:16.227+0000] {logging_mixin.py:188} INFO - [2025-11-11T05:22:16.226+0000] {dag.py:3823} INFO - Setting next_dagrun for simple_etl_lineage to None, run_after=None
[2025-11-11T05:22:16.339+0000] {processor.py:183} INFO - Processing /opt/airflow/dags/etl_dag.py took 0.471 seconds
[2025-11-11T05:22:46.668+0000] {processor.py:161} INFO - Started process (PID=3867) to work on /opt/airflow/dags/etl_dag.py
[2025-11-11T05:22:46.674+0000] {processor.py:830} INFO - Processing file /opt/airflow/dags/etl_dag.py for tasks to queue
[2025-11-11T05:22:46.676+0000] {logging_mixin.py:188} INFO - [2025-11-11T05:22:46.675+0000] {dagbag.py:538} INFO - Filling up the DagBag from /opt/airflow/dags/etl_dag.py
[2025-11-11T05:22:46.749+0000] {processor.py:840} INFO - DAG(s) 'simple_etl_lineage' retrieved from /opt/airflow/dags/etl_dag.py
[2025-11-11T05:22:46.984+0000] {logging_mixin.py:188} INFO - [2025-11-11T05:22:46.984+0000] {dag.py:3036} INFO - Sync 1 DAGs
[2025-11-11T05:22:47.027+0000] {logging_mixin.py:188} INFO - [2025-11-11T05:22:47.026+0000] {dag.py:3823} INFO - Setting next_dagrun for simple_etl_lineage to None, run_after=None
[2025-11-11T05:22:47.103+0000] {processor.py:183} INFO - Processing /opt/airflow/dags/etl_dag.py took 0.454 seconds
[2025-11-11T05:23:17.469+0000] {processor.py:161} INFO - Started process (PID=3877) to work on /opt/airflow/dags/etl_dag.py
[2025-11-11T05:23:17.471+0000] {processor.py:830} INFO - Processing file /opt/airflow/dags/etl_dag.py for tasks to queue
[2025-11-11T05:23:17.472+0000] {logging_mixin.py:188} INFO - [2025-11-11T05:23:17.472+0000] {dagbag.py:538} INFO - Filling up the DagBag from /opt/airflow/dags/etl_dag.py
[2025-11-11T05:23:17.498+0000] {processor.py:840} INFO - DAG(s) 'simple_etl_lineage' retrieved from /opt/airflow/dags/etl_dag.py
[2025-11-11T05:23:17.531+0000] {logging_mixin.py:188} INFO - [2025-11-11T05:23:17.530+0000] {dag.py:3036} INFO - Sync 1 DAGs
[2025-11-11T05:23:17.545+0000] {logging_mixin.py:188} INFO - [2025-11-11T05:23:17.545+0000] {dag.py:3823} INFO - Setting next_dagrun for simple_etl_lineage to None, run_after=None
[2025-11-11T05:23:17.585+0000] {processor.py:183} INFO - Processing /opt/airflow/dags/etl_dag.py took 0.122 seconds
[2025-11-11T05:23:48.090+0000] {processor.py:161} INFO - Started process (PID=3887) to work on /opt/airflow/dags/etl_dag.py
[2025-11-11T05:23:48.100+0000] {processor.py:830} INFO - Processing file /opt/airflow/dags/etl_dag.py for tasks to queue
[2025-11-11T05:23:48.102+0000] {logging_mixin.py:188} INFO - [2025-11-11T05:23:48.101+0000] {dagbag.py:538} INFO - Filling up the DagBag from /opt/airflow/dags/etl_dag.py
[2025-11-11T05:23:48.183+0000] {processor.py:840} INFO - DAG(s) 'simple_etl_lineage' retrieved from /opt/airflow/dags/etl_dag.py
[2025-11-11T05:23:48.289+0000] {logging_mixin.py:188} INFO - [2025-11-11T05:23:48.288+0000] {dag.py:3036} INFO - Sync 1 DAGs
[2025-11-11T05:23:48.308+0000] {logging_mixin.py:188} INFO - [2025-11-11T05:23:48.308+0000] {dag.py:3823} INFO - Setting next_dagrun for simple_etl_lineage to None, run_after=None
[2025-11-11T05:23:48.350+0000] {processor.py:183} INFO - Processing /opt/airflow/dags/etl_dag.py took 0.268 seconds
[2025-11-11T05:24:18.789+0000] {processor.py:161} INFO - Started process (PID=3897) to work on /opt/airflow/dags/etl_dag.py
[2025-11-11T05:24:18.799+0000] {processor.py:830} INFO - Processing file /opt/airflow/dags/etl_dag.py for tasks to queue
[2025-11-11T05:24:18.802+0000] {logging_mixin.py:188} INFO - [2025-11-11T05:24:18.801+0000] {dagbag.py:538} INFO - Filling up the DagBag from /opt/airflow/dags/etl_dag.py
[2025-11-11T05:24:18.888+0000] {processor.py:840} INFO - DAG(s) 'simple_etl_lineage' retrieved from /opt/airflow/dags/etl_dag.py
[2025-11-11T05:24:19.016+0000] {logging_mixin.py:188} INFO - [2025-11-11T05:24:19.015+0000] {dag.py:3036} INFO - Sync 1 DAGs
[2025-11-11T05:24:19.070+0000] {logging_mixin.py:188} INFO - [2025-11-11T05:24:19.069+0000] {dag.py:3823} INFO - Setting next_dagrun for simple_etl_lineage to None, run_after=None
[2025-11-11T05:24:19.186+0000] {processor.py:183} INFO - Processing /opt/airflow/dags/etl_dag.py took 0.415 seconds
[2025-11-11T05:24:52.759+0000] {processor.py:161} INFO - Started process (PID=3907) to work on /opt/airflow/dags/etl_dag.py
[2025-11-11T05:24:52.826+0000] {processor.py:830} INFO - Processing file /opt/airflow/dags/etl_dag.py for tasks to queue
[2025-11-11T05:24:52.855+0000] {logging_mixin.py:188} INFO - [2025-11-11T05:24:52.854+0000] {dagbag.py:538} INFO - Filling up the DagBag from /opt/airflow/dags/etl_dag.py
[2025-11-11T05:24:53.630+0000] {processor.py:840} INFO - DAG(s) 'simple_etl_lineage' retrieved from /opt/airflow/dags/etl_dag.py
[2025-11-11T05:24:53.942+0000] {logging_mixin.py:188} INFO - [2025-11-11T05:24:53.941+0000] {dag.py:3036} INFO - Sync 1 DAGs
[2025-11-11T05:24:54.041+0000] {logging_mixin.py:188} INFO - [2025-11-11T05:24:54.040+0000] {dag.py:3823} INFO - Setting next_dagrun for simple_etl_lineage to None, run_after=None
[2025-11-11T05:24:54.174+0000] {processor.py:183} INFO - Processing /opt/airflow/dags/etl_dag.py took 1.468 seconds
[2025-11-11T05:25:24.977+0000] {processor.py:161} INFO - Started process (PID=3917) to work on /opt/airflow/dags/etl_dag.py
[2025-11-11T05:25:24.988+0000] {processor.py:830} INFO - Processing file /opt/airflow/dags/etl_dag.py for tasks to queue
[2025-11-11T05:25:24.992+0000] {logging_mixin.py:188} INFO - [2025-11-11T05:25:24.991+0000] {dagbag.py:538} INFO - Filling up the DagBag from /opt/airflow/dags/etl_dag.py
[2025-11-11T05:25:25.309+0000] {processor.py:840} INFO - DAG(s) 'simple_etl_lineage' retrieved from /opt/airflow/dags/etl_dag.py
[2025-11-11T05:25:25.661+0000] {logging_mixin.py:188} INFO - [2025-11-11T05:25:25.660+0000] {dag.py:3036} INFO - Sync 1 DAGs
[2025-11-11T05:25:25.742+0000] {logging_mixin.py:188} INFO - [2025-11-11T05:25:25.742+0000] {dag.py:3823} INFO - Setting next_dagrun for simple_etl_lineage to None, run_after=None
[2025-11-11T05:25:25.877+0000] {processor.py:183} INFO - Processing /opt/airflow/dags/etl_dag.py took 0.915 seconds
[2025-11-11T05:25:56.621+0000] {processor.py:161} INFO - Started process (PID=3927) to work on /opt/airflow/dags/etl_dag.py
[2025-11-11T05:25:56.665+0000] {processor.py:830} INFO - Processing file /opt/airflow/dags/etl_dag.py for tasks to queue
[2025-11-11T05:25:56.757+0000] {logging_mixin.py:188} INFO - [2025-11-11T05:25:56.724+0000] {dagbag.py:538} INFO - Filling up the DagBag from /opt/airflow/dags/etl_dag.py
[2025-11-11T05:25:57.859+0000] {processor.py:840} INFO - DAG(s) 'simple_etl_lineage' retrieved from /opt/airflow/dags/etl_dag.py
[2025-11-11T05:25:57.936+0000] {logging_mixin.py:188} INFO - [2025-11-11T05:25:57.935+0000] {dag.py:3036} INFO - Sync 1 DAGs
[2025-11-11T05:25:57.996+0000] {logging_mixin.py:188} INFO - [2025-11-11T05:25:57.996+0000] {dag.py:3823} INFO - Setting next_dagrun for simple_etl_lineage to None, run_after=None
[2025-11-11T05:25:58.065+0000] {processor.py:183} INFO - Processing /opt/airflow/dags/etl_dag.py took 1.485 seconds
[2025-11-11T05:26:28.959+0000] {processor.py:161} INFO - Started process (PID=3937) to work on /opt/airflow/dags/etl_dag.py
[2025-11-11T05:26:28.981+0000] {processor.py:830} INFO - Processing file /opt/airflow/dags/etl_dag.py for tasks to queue
[2025-11-11T05:26:29.025+0000] {logging_mixin.py:188} INFO - [2025-11-11T05:26:29.024+0000] {dagbag.py:538} INFO - Filling up the DagBag from /opt/airflow/dags/etl_dag.py
[2025-11-11T05:26:29.454+0000] {processor.py:840} INFO - DAG(s) 'simple_etl_lineage' retrieved from /opt/airflow/dags/etl_dag.py
[2025-11-11T05:26:29.537+0000] {logging_mixin.py:188} INFO - [2025-11-11T05:26:29.537+0000] {dag.py:3036} INFO - Sync 1 DAGs
[2025-11-11T05:26:29.588+0000] {logging_mixin.py:188} INFO - [2025-11-11T05:26:29.587+0000] {dag.py:3823} INFO - Setting next_dagrun for simple_etl_lineage to None, run_after=None
[2025-11-11T05:26:29.756+0000] {processor.py:183} INFO - Processing /opt/airflow/dags/etl_dag.py took 0.815 seconds
[2025-11-11T05:27:00.370+0000] {processor.py:161} INFO - Started process (PID=3949) to work on /opt/airflow/dags/etl_dag.py
[2025-11-11T05:27:00.371+0000] {processor.py:830} INFO - Processing file /opt/airflow/dags/etl_dag.py for tasks to queue
[2025-11-11T05:27:00.372+0000] {logging_mixin.py:188} INFO - [2025-11-11T05:27:00.372+0000] {dagbag.py:538} INFO - Filling up the DagBag from /opt/airflow/dags/etl_dag.py
[2025-11-11T05:27:00.390+0000] {processor.py:840} INFO - DAG(s) 'simple_etl_lineage' retrieved from /opt/airflow/dags/etl_dag.py
[2025-11-11T05:27:00.424+0000] {logging_mixin.py:188} INFO - [2025-11-11T05:27:00.423+0000] {dag.py:3036} INFO - Sync 1 DAGs
[2025-11-11T05:27:00.442+0000] {logging_mixin.py:188} INFO - [2025-11-11T05:27:00.442+0000] {dag.py:3823} INFO - Setting next_dagrun for simple_etl_lineage to None, run_after=None
[2025-11-11T05:27:00.478+0000] {processor.py:183} INFO - Processing /opt/airflow/dags/etl_dag.py took 0.111 seconds
[2025-11-11T05:27:32.346+0000] {processor.py:161} INFO - Started process (PID=3958) to work on /opt/airflow/dags/etl_dag.py
[2025-11-11T05:27:32.472+0000] {processor.py:830} INFO - Processing file /opt/airflow/dags/etl_dag.py for tasks to queue
[2025-11-11T05:27:32.494+0000] {logging_mixin.py:188} INFO - [2025-11-11T05:27:32.493+0000] {dagbag.py:538} INFO - Filling up the DagBag from /opt/airflow/dags/etl_dag.py
[2025-11-11T05:27:32.897+0000] {processor.py:840} INFO - DAG(s) 'simple_etl_lineage' retrieved from /opt/airflow/dags/etl_dag.py
[2025-11-11T05:27:33.987+0000] {logging_mixin.py:188} INFO - [2025-11-11T05:27:33.986+0000] {dag.py:3036} INFO - Sync 1 DAGs
[2025-11-11T05:27:35.180+0000] {logging_mixin.py:188} INFO - [2025-11-11T05:27:35.178+0000] {dag.py:3823} INFO - Setting next_dagrun for simple_etl_lineage to None, run_after=None
[2025-11-11T05:27:35.483+0000] {processor.py:183} INFO - Processing /opt/airflow/dags/etl_dag.py took 3.561 seconds
[2025-11-11T05:28:05.949+0000] {processor.py:161} INFO - Started process (PID=3968) to work on /opt/airflow/dags/etl_dag.py
[2025-11-11T05:28:05.950+0000] {processor.py:830} INFO - Processing file /opt/airflow/dags/etl_dag.py for tasks to queue
[2025-11-11T05:28:05.952+0000] {logging_mixin.py:188} INFO - [2025-11-11T05:28:05.952+0000] {dagbag.py:538} INFO - Filling up the DagBag from /opt/airflow/dags/etl_dag.py
[2025-11-11T05:28:05.978+0000] {processor.py:840} INFO - DAG(s) 'simple_etl_lineage' retrieved from /opt/airflow/dags/etl_dag.py
[2025-11-11T05:28:06.127+0000] {logging_mixin.py:188} INFO - [2025-11-11T05:28:06.127+0000] {dag.py:3036} INFO - Sync 1 DAGs
[2025-11-11T05:28:06.172+0000] {logging_mixin.py:188} INFO - [2025-11-11T05:28:06.171+0000] {dag.py:3823} INFO - Setting next_dagrun for simple_etl_lineage to None, run_after=None
[2025-11-11T05:28:06.242+0000] {processor.py:183} INFO - Processing /opt/airflow/dags/etl_dag.py took 0.298 seconds
[2025-11-11T05:28:37.794+0000] {processor.py:161} INFO - Started process (PID=3978) to work on /opt/airflow/dags/etl_dag.py
[2025-11-11T05:28:37.808+0000] {processor.py:830} INFO - Processing file /opt/airflow/dags/etl_dag.py for tasks to queue
[2025-11-11T05:28:37.813+0000] {logging_mixin.py:188} INFO - [2025-11-11T05:28:37.812+0000] {dagbag.py:538} INFO - Filling up the DagBag from /opt/airflow/dags/etl_dag.py
[2025-11-11T05:28:38.063+0000] {processor.py:840} INFO - DAG(s) 'simple_etl_lineage' retrieved from /opt/airflow/dags/etl_dag.py
[2025-11-11T05:28:38.179+0000] {logging_mixin.py:188} INFO - [2025-11-11T05:28:38.179+0000] {dag.py:3036} INFO - Sync 1 DAGs
[2025-11-11T05:28:38.227+0000] {logging_mixin.py:188} INFO - [2025-11-11T05:28:38.227+0000] {dag.py:3823} INFO - Setting next_dagrun for simple_etl_lineage to None, run_after=None
[2025-11-11T05:28:38.349+0000] {processor.py:183} INFO - Processing /opt/airflow/dags/etl_dag.py took 0.588 seconds
[2025-11-11T05:29:08.807+0000] {processor.py:161} INFO - Started process (PID=3988) to work on /opt/airflow/dags/etl_dag.py
[2025-11-11T05:29:08.809+0000] {processor.py:830} INFO - Processing file /opt/airflow/dags/etl_dag.py for tasks to queue
[2025-11-11T05:29:08.810+0000] {logging_mixin.py:188} INFO - [2025-11-11T05:29:08.810+0000] {dagbag.py:538} INFO - Filling up the DagBag from /opt/airflow/dags/etl_dag.py
[2025-11-11T05:29:09.845+0000] {processor.py:840} INFO - DAG(s) 'simple_etl_lineage' retrieved from /opt/airflow/dags/etl_dag.py
[2025-11-11T05:29:09.869+0000] {logging_mixin.py:188} INFO - [2025-11-11T05:29:09.869+0000] {dag.py:3036} INFO - Sync 1 DAGs
[2025-11-11T05:29:09.880+0000] {logging_mixin.py:188} INFO - [2025-11-11T05:29:09.879+0000] {dag.py:3823} INFO - Setting next_dagrun for simple_etl_lineage to None, run_after=None
[2025-11-11T05:29:09.901+0000] {processor.py:183} INFO - Processing /opt/airflow/dags/etl_dag.py took 1.099 seconds
[2025-11-11T05:29:40.310+0000] {processor.py:161} INFO - Started process (PID=4000) to work on /opt/airflow/dags/etl_dag.py
[2025-11-11T05:29:40.311+0000] {processor.py:830} INFO - Processing file /opt/airflow/dags/etl_dag.py for tasks to queue
[2025-11-11T05:29:40.312+0000] {logging_mixin.py:188} INFO - [2025-11-11T05:29:40.312+0000] {dagbag.py:538} INFO - Filling up the DagBag from /opt/airflow/dags/etl_dag.py
[2025-11-11T05:29:40.332+0000] {processor.py:840} INFO - DAG(s) 'simple_etl_lineage' retrieved from /opt/airflow/dags/etl_dag.py
[2025-11-11T05:29:40.395+0000] {logging_mixin.py:188} INFO - [2025-11-11T05:29:40.395+0000] {dag.py:3036} INFO - Sync 1 DAGs
[2025-11-11T05:29:40.412+0000] {logging_mixin.py:188} INFO - [2025-11-11T05:29:40.412+0000] {dag.py:3823} INFO - Setting next_dagrun for simple_etl_lineage to None, run_after=None
[2025-11-11T05:29:40.458+0000] {processor.py:183} INFO - Processing /opt/airflow/dags/etl_dag.py took 0.153 seconds
[2025-11-11T05:30:10.814+0000] {processor.py:161} INFO - Started process (PID=4010) to work on /opt/airflow/dags/etl_dag.py
[2025-11-11T05:30:10.818+0000] {processor.py:830} INFO - Processing file /opt/airflow/dags/etl_dag.py for tasks to queue
[2025-11-11T05:30:10.820+0000] {logging_mixin.py:188} INFO - [2025-11-11T05:30:10.819+0000] {dagbag.py:538} INFO - Filling up the DagBag from /opt/airflow/dags/etl_dag.py
[2025-11-11T05:30:10.840+0000] {processor.py:840} INFO - DAG(s) 'simple_etl_lineage' retrieved from /opt/airflow/dags/etl_dag.py
[2025-11-11T05:30:10.876+0000] {logging_mixin.py:188} INFO - [2025-11-11T05:30:10.876+0000] {dag.py:3036} INFO - Sync 1 DAGs
[2025-11-11T05:30:10.902+0000] {logging_mixin.py:188} INFO - [2025-11-11T05:30:10.902+0000] {dag.py:3823} INFO - Setting next_dagrun for simple_etl_lineage to None, run_after=None
[2025-11-11T05:30:10.928+0000] {processor.py:183} INFO - Processing /opt/airflow/dags/etl_dag.py took 0.119 seconds
[2025-11-11T05:30:41.213+0000] {processor.py:161} INFO - Started process (PID=4020) to work on /opt/airflow/dags/etl_dag.py
[2025-11-11T05:30:41.225+0000] {processor.py:830} INFO - Processing file /opt/airflow/dags/etl_dag.py for tasks to queue
[2025-11-11T05:30:41.232+0000] {logging_mixin.py:188} INFO - [2025-11-11T05:30:41.231+0000] {dagbag.py:538} INFO - Filling up the DagBag from /opt/airflow/dags/etl_dag.py
[2025-11-11T05:30:41.283+0000] {processor.py:840} INFO - DAG(s) 'simple_etl_lineage' retrieved from /opt/airflow/dags/etl_dag.py
[2025-11-11T05:30:41.324+0000] {logging_mixin.py:188} INFO - [2025-11-11T05:30:41.324+0000] {dag.py:3036} INFO - Sync 1 DAGs
[2025-11-11T05:30:41.340+0000] {logging_mixin.py:188} INFO - [2025-11-11T05:30:41.339+0000] {dag.py:3823} INFO - Setting next_dagrun for simple_etl_lineage to None, run_after=None
[2025-11-11T05:30:41.379+0000] {processor.py:183} INFO - Processing /opt/airflow/dags/etl_dag.py took 0.170 seconds
[2025-11-11T05:31:11.706+0000] {processor.py:161} INFO - Started process (PID=4030) to work on /opt/airflow/dags/etl_dag.py
[2025-11-11T05:31:11.708+0000] {processor.py:830} INFO - Processing file /opt/airflow/dags/etl_dag.py for tasks to queue
[2025-11-11T05:31:11.709+0000] {logging_mixin.py:188} INFO - [2025-11-11T05:31:11.709+0000] {dagbag.py:538} INFO - Filling up the DagBag from /opt/airflow/dags/etl_dag.py
[2025-11-11T05:31:11.729+0000] {processor.py:840} INFO - DAG(s) 'simple_etl_lineage' retrieved from /opt/airflow/dags/etl_dag.py
[2025-11-11T05:31:11.759+0000] {logging_mixin.py:188} INFO - [2025-11-11T05:31:11.759+0000] {dag.py:3036} INFO - Sync 1 DAGs
[2025-11-11T05:31:11.774+0000] {logging_mixin.py:188} INFO - [2025-11-11T05:31:11.774+0000] {dag.py:3823} INFO - Setting next_dagrun for simple_etl_lineage to None, run_after=None
[2025-11-11T05:31:11.802+0000] {processor.py:183} INFO - Processing /opt/airflow/dags/etl_dag.py took 0.100 seconds
[2025-11-11T05:31:42.102+0000] {processor.py:161} INFO - Started process (PID=4040) to work on /opt/airflow/dags/etl_dag.py
[2025-11-11T05:31:42.103+0000] {processor.py:830} INFO - Processing file /opt/airflow/dags/etl_dag.py for tasks to queue
[2025-11-11T05:31:42.104+0000] {logging_mixin.py:188} INFO - [2025-11-11T05:31:42.104+0000] {dagbag.py:538} INFO - Filling up the DagBag from /opt/airflow/dags/etl_dag.py
[2025-11-11T05:31:42.123+0000] {processor.py:840} INFO - DAG(s) 'simple_etl_lineage' retrieved from /opt/airflow/dags/etl_dag.py
[2025-11-11T05:31:42.176+0000] {logging_mixin.py:188} INFO - [2025-11-11T05:31:42.176+0000] {dag.py:3036} INFO - Sync 1 DAGs
[2025-11-11T05:31:42.188+0000] {logging_mixin.py:188} INFO - [2025-11-11T05:31:42.188+0000] {dag.py:3823} INFO - Setting next_dagrun for simple_etl_lineage to None, run_after=None
[2025-11-11T05:31:42.211+0000] {processor.py:183} INFO - Processing /opt/airflow/dags/etl_dag.py took 0.113 seconds
[2025-11-11T05:32:12.559+0000] {processor.py:161} INFO - Started process (PID=4050) to work on /opt/airflow/dags/etl_dag.py
[2025-11-11T05:32:12.560+0000] {processor.py:830} INFO - Processing file /opt/airflow/dags/etl_dag.py for tasks to queue
[2025-11-11T05:32:12.562+0000] {logging_mixin.py:188} INFO - [2025-11-11T05:32:12.561+0000] {dagbag.py:538} INFO - Filling up the DagBag from /opt/airflow/dags/etl_dag.py
[2025-11-11T05:32:12.581+0000] {processor.py:840} INFO - DAG(s) 'simple_etl_lineage' retrieved from /opt/airflow/dags/etl_dag.py
[2025-11-11T05:32:12.614+0000] {logging_mixin.py:188} INFO - [2025-11-11T05:32:12.614+0000] {dag.py:3036} INFO - Sync 1 DAGs
[2025-11-11T05:32:12.628+0000] {logging_mixin.py:188} INFO - [2025-11-11T05:32:12.628+0000] {dag.py:3823} INFO - Setting next_dagrun for simple_etl_lineage to None, run_after=None
[2025-11-11T05:32:12.651+0000] {processor.py:183} INFO - Processing /opt/airflow/dags/etl_dag.py took 0.096 seconds
[2025-11-11T05:32:43.629+0000] {processor.py:161} INFO - Started process (PID=4060) to work on /opt/airflow/dags/etl_dag.py
[2025-11-11T05:32:43.639+0000] {processor.py:830} INFO - Processing file /opt/airflow/dags/etl_dag.py for tasks to queue
[2025-11-11T05:32:43.649+0000] {logging_mixin.py:188} INFO - [2025-11-11T05:32:43.649+0000] {dagbag.py:538} INFO - Filling up the DagBag from /opt/airflow/dags/etl_dag.py
[2025-11-11T05:32:43.900+0000] {processor.py:840} INFO - DAG(s) 'simple_etl_lineage' retrieved from /opt/airflow/dags/etl_dag.py
[2025-11-11T05:32:44.136+0000] {logging_mixin.py:188} INFO - [2025-11-11T05:32:44.128+0000] {dag.py:3036} INFO - Sync 1 DAGs
[2025-11-11T05:32:44.281+0000] {logging_mixin.py:188} INFO - [2025-11-11T05:32:44.281+0000] {dag.py:3823} INFO - Setting next_dagrun for simple_etl_lineage to None, run_after=None
[2025-11-11T05:32:44.390+0000] {processor.py:183} INFO - Processing /opt/airflow/dags/etl_dag.py took 0.768 seconds
[2025-11-11T05:33:15.116+0000] {processor.py:161} INFO - Started process (PID=4068) to work on /opt/airflow/dags/etl_dag.py
[2025-11-11T05:33:15.128+0000] {processor.py:830} INFO - Processing file /opt/airflow/dags/etl_dag.py for tasks to queue
[2025-11-11T05:33:15.137+0000] {logging_mixin.py:188} INFO - [2025-11-11T05:33:15.136+0000] {dagbag.py:538} INFO - Filling up the DagBag from /opt/airflow/dags/etl_dag.py
[2025-11-11T05:33:15.223+0000] {processor.py:840} INFO - DAG(s) 'simple_etl_lineage' retrieved from /opt/airflow/dags/etl_dag.py
[2025-11-11T05:33:15.324+0000] {logging_mixin.py:188} INFO - [2025-11-11T05:33:15.324+0000] {dag.py:3036} INFO - Sync 1 DAGs
[2025-11-11T05:33:15.373+0000] {logging_mixin.py:188} INFO - [2025-11-11T05:33:15.373+0000] {dag.py:3823} INFO - Setting next_dagrun for simple_etl_lineage to None, run_after=None
[2025-11-11T05:33:15.465+0000] {processor.py:183} INFO - Processing /opt/airflow/dags/etl_dag.py took 0.377 seconds
[2025-11-11T05:33:45.690+0000] {processor.py:161} INFO - Started process (PID=4080) to work on /opt/airflow/dags/etl_dag.py
[2025-11-11T05:33:45.692+0000] {processor.py:830} INFO - Processing file /opt/airflow/dags/etl_dag.py for tasks to queue
[2025-11-11T05:33:45.694+0000] {logging_mixin.py:188} INFO - [2025-11-11T05:33:45.693+0000] {dagbag.py:538} INFO - Filling up the DagBag from /opt/airflow/dags/etl_dag.py
[2025-11-11T05:33:45.746+0000] {processor.py:840} INFO - DAG(s) 'simple_etl_lineage' retrieved from /opt/airflow/dags/etl_dag.py
[2025-11-11T05:33:45.829+0000] {logging_mixin.py:188} INFO - [2025-11-11T05:33:45.829+0000] {dag.py:3036} INFO - Sync 1 DAGs
[2025-11-11T05:33:45.854+0000] {logging_mixin.py:188} INFO - [2025-11-11T05:33:45.854+0000] {dag.py:3823} INFO - Setting next_dagrun for simple_etl_lineage to None, run_after=None
[2025-11-11T05:33:45.915+0000] {processor.py:183} INFO - Processing /opt/airflow/dags/etl_dag.py took 0.229 seconds
[2025-11-11T05:34:16.636+0000] {processor.py:161} INFO - Started process (PID=4088) to work on /opt/airflow/dags/etl_dag.py
[2025-11-11T05:34:16.714+0000] {processor.py:830} INFO - Processing file /opt/airflow/dags/etl_dag.py for tasks to queue
[2025-11-11T05:34:16.735+0000] {logging_mixin.py:188} INFO - [2025-11-11T05:34:16.735+0000] {dagbag.py:538} INFO - Filling up the DagBag from /opt/airflow/dags/etl_dag.py
[2025-11-11T05:34:16.913+0000] {processor.py:840} INFO - DAG(s) 'simple_etl_lineage' retrieved from /opt/airflow/dags/etl_dag.py
[2025-11-11T05:34:17.055+0000] {logging_mixin.py:188} INFO - [2025-11-11T05:34:17.054+0000] {dag.py:3036} INFO - Sync 1 DAGs
[2025-11-11T05:34:17.080+0000] {logging_mixin.py:188} INFO - [2025-11-11T05:34:17.079+0000] {dag.py:3823} INFO - Setting next_dagrun for simple_etl_lineage to None, run_after=None
[2025-11-11T05:34:17.134+0000] {processor.py:183} INFO - Processing /opt/airflow/dags/etl_dag.py took 0.505 seconds
[2025-11-11T05:34:56.286+0000] {processor.py:161} INFO - Started process (PID=4098) to work on /opt/airflow/dags/etl_dag.py
[2025-11-11T05:34:56.296+0000] {processor.py:830} INFO - Processing file /opt/airflow/dags/etl_dag.py for tasks to queue
[2025-11-11T05:34:56.305+0000] {logging_mixin.py:188} INFO - [2025-11-11T05:34:56.305+0000] {dagbag.py:538} INFO - Filling up the DagBag from /opt/airflow/dags/etl_dag.py
[2025-11-11T05:34:57.049+0000] {processor.py:840} INFO - DAG(s) 'simple_etl_lineage' retrieved from /opt/airflow/dags/etl_dag.py
[2025-11-11T05:34:57.926+0000] {logging_mixin.py:188} INFO - [2025-11-11T05:34:57.925+0000] {dag.py:3036} INFO - Sync 1 DAGs
[2025-11-11T05:34:58.587+0000] {logging_mixin.py:188} INFO - [2025-11-11T05:34:58.586+0000] {dag.py:3823} INFO - Setting next_dagrun for simple_etl_lineage to None, run_after=None
[2025-11-11T05:34:58.696+0000] {processor.py:183} INFO - Processing /opt/airflow/dags/etl_dag.py took 2.415 seconds
[2025-11-11T05:35:30.702+0000] {processor.py:161} INFO - Started process (PID=4108) to work on /opt/airflow/dags/etl_dag.py
[2025-11-11T05:35:30.704+0000] {processor.py:830} INFO - Processing file /opt/airflow/dags/etl_dag.py for tasks to queue
[2025-11-11T05:35:30.715+0000] {logging_mixin.py:188} INFO - [2025-11-11T05:35:30.714+0000] {dagbag.py:538} INFO - Filling up the DagBag from /opt/airflow/dags/etl_dag.py
[2025-11-11T05:35:31.066+0000] {processor.py:840} INFO - DAG(s) 'simple_etl_lineage' retrieved from /opt/airflow/dags/etl_dag.py
[2025-11-11T05:35:31.409+0000] {logging_mixin.py:188} INFO - [2025-11-11T05:35:31.407+0000] {dag.py:3036} INFO - Sync 1 DAGs
[2025-11-11T05:35:31.490+0000] {logging_mixin.py:188} INFO - [2025-11-11T05:35:31.490+0000] {dag.py:3823} INFO - Setting next_dagrun for simple_etl_lineage to None, run_after=None
[2025-11-11T05:35:31.608+0000] {processor.py:183} INFO - Processing /opt/airflow/dags/etl_dag.py took 0.911 seconds
[2025-11-11T05:36:37.158+0000] {processor.py:161} INFO - Started process (PID=4117) to work on /opt/airflow/dags/etl_dag.py
[2025-11-11T05:36:37.186+0000] {processor.py:830} INFO - Processing file /opt/airflow/dags/etl_dag.py for tasks to queue
[2025-11-11T05:36:37.208+0000] {logging_mixin.py:188} INFO - [2025-11-11T05:36:37.196+0000] {dagbag.py:538} INFO - Filling up the DagBag from /opt/airflow/dags/etl_dag.py
[2025-11-11T05:36:38.572+0000] {processor.py:840} INFO - DAG(s) 'simple_etl_lineage' retrieved from /opt/airflow/dags/etl_dag.py
[2025-11-11T05:36:39.216+0000] {logging_mixin.py:188} INFO - [2025-11-11T05:36:39.216+0000] {dag.py:3036} INFO - Sync 1 DAGs
[2025-11-11T05:36:39.399+0000] {logging_mixin.py:188} INFO - [2025-11-11T05:36:39.399+0000] {dag.py:3823} INFO - Setting next_dagrun for simple_etl_lineage to None, run_after=None
[2025-11-11T05:36:39.788+0000] {processor.py:183} INFO - Processing /opt/airflow/dags/etl_dag.py took 2.849 seconds
[2025-11-11T05:37:10.749+0000] {processor.py:161} INFO - Started process (PID=4128) to work on /opt/airflow/dags/etl_dag.py
[2025-11-11T05:37:10.751+0000] {processor.py:830} INFO - Processing file /opt/airflow/dags/etl_dag.py for tasks to queue
[2025-11-11T05:37:10.754+0000] {logging_mixin.py:188} INFO - [2025-11-11T05:37:10.753+0000] {dagbag.py:538} INFO - Filling up the DagBag from /opt/airflow/dags/etl_dag.py
[2025-11-11T05:37:10.830+0000] {processor.py:840} INFO - DAG(s) 'simple_etl_lineage' retrieved from /opt/airflow/dags/etl_dag.py
[2025-11-11T05:37:10.903+0000] {logging_mixin.py:188} INFO - [2025-11-11T05:37:10.903+0000] {dag.py:3036} INFO - Sync 1 DAGs
[2025-11-11T05:37:10.934+0000] {logging_mixin.py:188} INFO - [2025-11-11T05:37:10.934+0000] {dag.py:3823} INFO - Setting next_dagrun for simple_etl_lineage to None, run_after=None
[2025-11-11T05:37:10.979+0000] {processor.py:183} INFO - Processing /opt/airflow/dags/etl_dag.py took 0.235 seconds
[2025-11-11T05:37:41.748+0000] {processor.py:161} INFO - Started process (PID=4138) to work on /opt/airflow/dags/etl_dag.py
[2025-11-11T05:37:41.771+0000] {processor.py:830} INFO - Processing file /opt/airflow/dags/etl_dag.py for tasks to queue
[2025-11-11T05:37:41.786+0000] {logging_mixin.py:188} INFO - [2025-11-11T05:37:41.786+0000] {dagbag.py:538} INFO - Filling up the DagBag from /opt/airflow/dags/etl_dag.py
[2025-11-11T05:37:41.865+0000] {processor.py:840} INFO - DAG(s) 'simple_etl_lineage' retrieved from /opt/airflow/dags/etl_dag.py
[2025-11-11T05:37:41.912+0000] {logging_mixin.py:188} INFO - [2025-11-11T05:37:41.912+0000] {dag.py:3036} INFO - Sync 1 DAGs
[2025-11-11T05:37:41.936+0000] {logging_mixin.py:188} INFO - [2025-11-11T05:37:41.936+0000] {dag.py:3823} INFO - Setting next_dagrun for simple_etl_lineage to None, run_after=None
[2025-11-11T05:37:41.977+0000] {processor.py:183} INFO - Processing /opt/airflow/dags/etl_dag.py took 0.240 seconds
[2025-11-11T05:38:12.618+0000] {processor.py:161} INFO - Started process (PID=4148) to work on /opt/airflow/dags/etl_dag.py
[2025-11-11T05:38:12.619+0000] {processor.py:830} INFO - Processing file /opt/airflow/dags/etl_dag.py for tasks to queue
[2025-11-11T05:38:12.626+0000] {logging_mixin.py:188} INFO - [2025-11-11T05:38:12.625+0000] {dagbag.py:538} INFO - Filling up the DagBag from /opt/airflow/dags/etl_dag.py
[2025-11-11T05:38:12.670+0000] {processor.py:840} INFO - DAG(s) 'simple_etl_lineage' retrieved from /opt/airflow/dags/etl_dag.py
[2025-11-11T05:38:12.746+0000] {logging_mixin.py:188} INFO - [2025-11-11T05:38:12.746+0000] {dag.py:3036} INFO - Sync 1 DAGs
[2025-11-11T05:38:12.780+0000] {logging_mixin.py:188} INFO - [2025-11-11T05:38:12.779+0000] {dag.py:3823} INFO - Setting next_dagrun for simple_etl_lineage to None, run_after=None
[2025-11-11T05:38:12.843+0000] {processor.py:183} INFO - Processing /opt/airflow/dags/etl_dag.py took 0.230 seconds
[2025-11-11T05:38:49.210+0000] {processor.py:161} INFO - Started process (PID=4156) to work on /opt/airflow/dags/etl_dag.py
[2025-11-11T05:38:49.234+0000] {processor.py:830} INFO - Processing file /opt/airflow/dags/etl_dag.py for tasks to queue
[2025-11-11T05:38:49.253+0000] {logging_mixin.py:188} INFO - [2025-11-11T05:38:49.240+0000] {dagbag.py:538} INFO - Filling up the DagBag from /opt/airflow/dags/etl_dag.py
[2025-11-11T05:38:50.630+0000] {processor.py:840} INFO - DAG(s) 'simple_etl_lineage' retrieved from /opt/airflow/dags/etl_dag.py
[2025-11-11T05:38:53.870+0000] {logging_mixin.py:188} INFO - [2025-11-11T05:38:53.861+0000] {dag.py:3036} INFO - Sync 1 DAGs
[2025-11-11T05:38:54.103+0000] {logging_mixin.py:188} INFO - [2025-11-11T05:38:54.102+0000] {dag.py:3823} INFO - Setting next_dagrun for simple_etl_lineage to None, run_after=None
[2025-11-11T05:38:54.593+0000] {processor.py:183} INFO - Processing /opt/airflow/dags/etl_dag.py took 6.020 seconds
[2025-11-11T05:39:29.001+0000] {processor.py:161} INFO - Started process (PID=4166) to work on /opt/airflow/dags/etl_dag.py
[2025-11-11T05:39:29.057+0000] {processor.py:830} INFO - Processing file /opt/airflow/dags/etl_dag.py for tasks to queue
[2025-11-11T05:39:29.106+0000] {logging_mixin.py:188} INFO - [2025-11-11T05:39:29.080+0000] {dagbag.py:538} INFO - Filling up the DagBag from /opt/airflow/dags/etl_dag.py
[2025-11-11T05:39:30.694+0000] {processor.py:840} INFO - DAG(s) 'simple_etl_lineage' retrieved from /opt/airflow/dags/etl_dag.py
[2025-11-11T05:39:32.971+0000] {logging_mixin.py:188} INFO - [2025-11-11T05:39:32.967+0000] {dag.py:3036} INFO - Sync 1 DAGs
[2025-11-11T05:39:33.438+0000] {logging_mixin.py:188} INFO - [2025-11-11T05:39:33.438+0000] {dag.py:3823} INFO - Setting next_dagrun for simple_etl_lineage to None, run_after=None
[2025-11-11T05:39:33.880+0000] {processor.py:183} INFO - Processing /opt/airflow/dags/etl_dag.py took 5.145 seconds
[2025-11-11T05:40:04.599+0000] {processor.py:161} INFO - Started process (PID=4178) to work on /opt/airflow/dags/etl_dag.py
[2025-11-11T05:40:04.603+0000] {processor.py:830} INFO - Processing file /opt/airflow/dags/etl_dag.py for tasks to queue
[2025-11-11T05:40:04.607+0000] {logging_mixin.py:188} INFO - [2025-11-11T05:40:04.604+0000] {dagbag.py:538} INFO - Filling up the DagBag from /opt/airflow/dags/etl_dag.py
[2025-11-11T05:40:04.686+0000] {processor.py:840} INFO - DAG(s) 'simple_etl_lineage' retrieved from /opt/airflow/dags/etl_dag.py
[2025-11-11T05:40:04.798+0000] {logging_mixin.py:188} INFO - [2025-11-11T05:40:04.798+0000] {dag.py:3036} INFO - Sync 1 DAGs
[2025-11-11T05:40:04.828+0000] {logging_mixin.py:188} INFO - [2025-11-11T05:40:04.827+0000] {dag.py:3823} INFO - Setting next_dagrun for simple_etl_lineage to None, run_after=None
[2025-11-11T05:40:04.888+0000] {processor.py:183} INFO - Processing /opt/airflow/dags/etl_dag.py took 0.294 seconds
[2025-11-11T05:40:36.196+0000] {processor.py:161} INFO - Started process (PID=4188) to work on /opt/airflow/dags/etl_dag.py
[2025-11-11T05:40:36.198+0000] {processor.py:830} INFO - Processing file /opt/airflow/dags/etl_dag.py for tasks to queue
[2025-11-11T05:40:36.202+0000] {logging_mixin.py:188} INFO - [2025-11-11T05:40:36.202+0000] {dagbag.py:538} INFO - Filling up the DagBag from /opt/airflow/dags/etl_dag.py
[2025-11-11T05:40:36.289+0000] {processor.py:840} INFO - DAG(s) 'simple_etl_lineage' retrieved from /opt/airflow/dags/etl_dag.py
[2025-11-11T05:40:36.372+0000] {logging_mixin.py:188} INFO - [2025-11-11T05:40:36.371+0000] {dag.py:3036} INFO - Sync 1 DAGs
[2025-11-11T05:40:36.417+0000] {logging_mixin.py:188} INFO - [2025-11-11T05:40:36.417+0000] {dag.py:3823} INFO - Setting next_dagrun for simple_etl_lineage to None, run_after=None
[2025-11-11T05:40:36.503+0000] {processor.py:183} INFO - Processing /opt/airflow/dags/etl_dag.py took 0.313 seconds
[2025-11-11T05:41:07.369+0000] {processor.py:161} INFO - Started process (PID=4198) to work on /opt/airflow/dags/etl_dag.py
[2025-11-11T05:41:07.373+0000] {processor.py:830} INFO - Processing file /opt/airflow/dags/etl_dag.py for tasks to queue
[2025-11-11T05:41:07.374+0000] {logging_mixin.py:188} INFO - [2025-11-11T05:41:07.374+0000] {dagbag.py:538} INFO - Filling up the DagBag from /opt/airflow/dags/etl_dag.py
[2025-11-11T05:41:07.460+0000] {processor.py:840} INFO - DAG(s) 'simple_etl_lineage' retrieved from /opt/airflow/dags/etl_dag.py
[2025-11-11T05:41:07.624+0000] {logging_mixin.py:188} INFO - [2025-11-11T05:41:07.623+0000] {dag.py:3036} INFO - Sync 1 DAGs
[2025-11-11T05:41:07.704+0000] {logging_mixin.py:188} INFO - [2025-11-11T05:41:07.704+0000] {dag.py:3823} INFO - Setting next_dagrun for simple_etl_lineage to None, run_after=None
[2025-11-11T05:41:07.816+0000] {processor.py:183} INFO - Processing /opt/airflow/dags/etl_dag.py took 0.461 seconds
[2025-11-11T05:41:38.667+0000] {processor.py:161} INFO - Started process (PID=4208) to work on /opt/airflow/dags/etl_dag.py
[2025-11-11T05:41:38.671+0000] {processor.py:830} INFO - Processing file /opt/airflow/dags/etl_dag.py for tasks to queue
[2025-11-11T05:41:38.682+0000] {logging_mixin.py:188} INFO - [2025-11-11T05:41:38.682+0000] {dagbag.py:538} INFO - Filling up the DagBag from /opt/airflow/dags/etl_dag.py
[2025-11-11T05:41:38.734+0000] {processor.py:840} INFO - DAG(s) 'simple_etl_lineage' retrieved from /opt/airflow/dags/etl_dag.py
[2025-11-11T05:41:38.799+0000] {logging_mixin.py:188} INFO - [2025-11-11T05:41:38.799+0000] {dag.py:3036} INFO - Sync 1 DAGs
[2025-11-11T05:41:38.821+0000] {logging_mixin.py:188} INFO - [2025-11-11T05:41:38.821+0000] {dag.py:3823} INFO - Setting next_dagrun for simple_etl_lineage to None, run_after=None
[2025-11-11T05:41:38.848+0000] {processor.py:183} INFO - Processing /opt/airflow/dags/etl_dag.py took 0.191 seconds
[2025-11-11T05:42:09.521+0000] {processor.py:161} INFO - Started process (PID=4218) to work on /opt/airflow/dags/etl_dag.py
[2025-11-11T05:42:09.526+0000] {processor.py:830} INFO - Processing file /opt/airflow/dags/etl_dag.py for tasks to queue
[2025-11-11T05:42:09.529+0000] {logging_mixin.py:188} INFO - [2025-11-11T05:42:09.528+0000] {dagbag.py:538} INFO - Filling up the DagBag from /opt/airflow/dags/etl_dag.py
[2025-11-11T05:42:09.631+0000] {processor.py:840} INFO - DAG(s) 'simple_etl_lineage' retrieved from /opt/airflow/dags/etl_dag.py
[2025-11-11T05:42:09.760+0000] {logging_mixin.py:188} INFO - [2025-11-11T05:42:09.759+0000] {dag.py:3036} INFO - Sync 1 DAGs
[2025-11-11T05:42:09.779+0000] {logging_mixin.py:188} INFO - [2025-11-11T05:42:09.778+0000] {dag.py:3823} INFO - Setting next_dagrun for simple_etl_lineage to None, run_after=None
[2025-11-11T05:42:09.825+0000] {processor.py:183} INFO - Processing /opt/airflow/dags/etl_dag.py took 0.314 seconds
[2025-11-11T05:42:40.048+0000] {processor.py:161} INFO - Started process (PID=4228) to work on /opt/airflow/dags/etl_dag.py
[2025-11-11T05:42:40.063+0000] {processor.py:830} INFO - Processing file /opt/airflow/dags/etl_dag.py for tasks to queue
[2025-11-11T05:42:40.065+0000] {logging_mixin.py:188} INFO - [2025-11-11T05:42:40.065+0000] {dagbag.py:538} INFO - Filling up the DagBag from /opt/airflow/dags/etl_dag.py
[2025-11-11T05:42:40.114+0000] {processor.py:840} INFO - DAG(s) 'simple_etl_lineage' retrieved from /opt/airflow/dags/etl_dag.py
[2025-11-11T05:42:40.205+0000] {logging_mixin.py:188} INFO - [2025-11-11T05:42:40.205+0000] {dag.py:3036} INFO - Sync 1 DAGs
[2025-11-11T05:42:40.247+0000] {logging_mixin.py:188} INFO - [2025-11-11T05:42:40.246+0000] {dag.py:3823} INFO - Setting next_dagrun for simple_etl_lineage to None, run_after=None
[2025-11-11T05:42:40.308+0000] {processor.py:183} INFO - Processing /opt/airflow/dags/etl_dag.py took 0.272 seconds
[2025-11-11T05:43:10.968+0000] {processor.py:161} INFO - Started process (PID=4238) to work on /opt/airflow/dags/etl_dag.py
[2025-11-11T05:43:10.975+0000] {processor.py:830} INFO - Processing file /opt/airflow/dags/etl_dag.py for tasks to queue
[2025-11-11T05:43:10.986+0000] {logging_mixin.py:188} INFO - [2025-11-11T05:43:10.986+0000] {dagbag.py:538} INFO - Filling up the DagBag from /opt/airflow/dags/etl_dag.py
[2025-11-11T05:43:11.160+0000] {processor.py:840} INFO - DAG(s) 'simple_etl_lineage' retrieved from /opt/airflow/dags/etl_dag.py
[2025-11-11T05:43:11.246+0000] {logging_mixin.py:188} INFO - [2025-11-11T05:43:11.246+0000] {dag.py:3036} INFO - Sync 1 DAGs
[2025-11-11T05:43:11.295+0000] {logging_mixin.py:188} INFO - [2025-11-11T05:43:11.295+0000] {dag.py:3823} INFO - Setting next_dagrun for simple_etl_lineage to None, run_after=None
[2025-11-11T05:43:11.362+0000] {processor.py:183} INFO - Processing /opt/airflow/dags/etl_dag.py took 0.409 seconds
[2025-11-11T05:43:41.982+0000] {processor.py:161} INFO - Started process (PID=4245) to work on /opt/airflow/dags/etl_dag.py
[2025-11-11T05:43:41.985+0000] {processor.py:830} INFO - Processing file /opt/airflow/dags/etl_dag.py for tasks to queue
[2025-11-11T05:43:41.988+0000] {logging_mixin.py:188} INFO - [2025-11-11T05:43:41.987+0000] {dagbag.py:538} INFO - Filling up the DagBag from /opt/airflow/dags/etl_dag.py
[2025-11-11T05:43:42.030+0000] {processor.py:840} INFO - DAG(s) 'simple_etl_lineage' retrieved from /opt/airflow/dags/etl_dag.py
[2025-11-11T05:43:42.074+0000] {logging_mixin.py:188} INFO - [2025-11-11T05:43:42.074+0000] {dag.py:3036} INFO - Sync 1 DAGs
[2025-11-11T05:43:42.098+0000] {logging_mixin.py:188} INFO - [2025-11-11T05:43:42.097+0000] {dag.py:3823} INFO - Setting next_dagrun for simple_etl_lineage to None, run_after=None
[2025-11-11T05:43:42.162+0000] {processor.py:183} INFO - Processing /opt/airflow/dags/etl_dag.py took 0.184 seconds
[2025-11-11T05:44:12.641+0000] {processor.py:161} INFO - Started process (PID=4255) to work on /opt/airflow/dags/etl_dag.py
[2025-11-11T05:44:12.643+0000] {processor.py:830} INFO - Processing file /opt/airflow/dags/etl_dag.py for tasks to queue
[2025-11-11T05:44:12.645+0000] {logging_mixin.py:188} INFO - [2025-11-11T05:44:12.644+0000] {dagbag.py:538} INFO - Filling up the DagBag from /opt/airflow/dags/etl_dag.py
[2025-11-11T05:44:12.670+0000] {processor.py:840} INFO - DAG(s) 'simple_etl_lineage' retrieved from /opt/airflow/dags/etl_dag.py
[2025-11-11T05:44:12.713+0000] {logging_mixin.py:188} INFO - [2025-11-11T05:44:12.712+0000] {dag.py:3036} INFO - Sync 1 DAGs
[2025-11-11T05:44:12.729+0000] {logging_mixin.py:188} INFO - [2025-11-11T05:44:12.729+0000] {dag.py:3823} INFO - Setting next_dagrun for simple_etl_lineage to None, run_after=None
[2025-11-11T05:44:12.872+0000] {processor.py:183} INFO - Processing /opt/airflow/dags/etl_dag.py took 0.234 seconds
[2025-11-11T05:44:43.943+0000] {processor.py:161} INFO - Started process (PID=4265) to work on /opt/airflow/dags/etl_dag.py
[2025-11-11T05:44:43.952+0000] {processor.py:830} INFO - Processing file /opt/airflow/dags/etl_dag.py for tasks to queue
[2025-11-11T05:44:43.957+0000] {logging_mixin.py:188} INFO - [2025-11-11T05:44:43.956+0000] {dagbag.py:538} INFO - Filling up the DagBag from /opt/airflow/dags/etl_dag.py
[2025-11-11T05:44:44.066+0000] {processor.py:840} INFO - DAG(s) 'simple_etl_lineage' retrieved from /opt/airflow/dags/etl_dag.py
[2025-11-11T05:44:44.149+0000] {logging_mixin.py:188} INFO - [2025-11-11T05:44:44.148+0000] {dag.py:3036} INFO - Sync 1 DAGs
[2025-11-11T05:44:44.213+0000] {logging_mixin.py:188} INFO - [2025-11-11T05:44:44.213+0000] {dag.py:3823} INFO - Setting next_dagrun for simple_etl_lineage to None, run_after=None
[2025-11-11T05:44:44.312+0000] {processor.py:183} INFO - Processing /opt/airflow/dags/etl_dag.py took 0.394 seconds
[2025-11-11T05:45:14.492+0000] {processor.py:161} INFO - Started process (PID=4275) to work on /opt/airflow/dags/etl_dag.py
[2025-11-11T05:45:14.494+0000] {processor.py:830} INFO - Processing file /opt/airflow/dags/etl_dag.py for tasks to queue
[2025-11-11T05:45:14.495+0000] {logging_mixin.py:188} INFO - [2025-11-11T05:45:14.495+0000] {dagbag.py:538} INFO - Filling up the DagBag from /opt/airflow/dags/etl_dag.py
[2025-11-11T05:45:14.529+0000] {processor.py:840} INFO - DAG(s) 'simple_etl_lineage' retrieved from /opt/airflow/dags/etl_dag.py
[2025-11-11T05:45:14.574+0000] {logging_mixin.py:188} INFO - [2025-11-11T05:45:14.573+0000] {dag.py:3036} INFO - Sync 1 DAGs
[2025-11-11T05:45:14.590+0000] {logging_mixin.py:188} INFO - [2025-11-11T05:45:14.590+0000] {dag.py:3823} INFO - Setting next_dagrun for simple_etl_lineage to None, run_after=None
[2025-11-11T05:45:14.637+0000] {processor.py:183} INFO - Processing /opt/airflow/dags/etl_dag.py took 0.150 seconds
[2025-11-11T05:45:45.676+0000] {processor.py:161} INFO - Started process (PID=4285) to work on /opt/airflow/dags/etl_dag.py
[2025-11-11T05:45:45.678+0000] {processor.py:830} INFO - Processing file /opt/airflow/dags/etl_dag.py for tasks to queue
[2025-11-11T05:45:45.680+0000] {logging_mixin.py:188} INFO - [2025-11-11T05:45:45.679+0000] {dagbag.py:538} INFO - Filling up the DagBag from /opt/airflow/dags/etl_dag.py
[2025-11-11T05:45:45.735+0000] {processor.py:840} INFO - DAG(s) 'simple_etl_lineage' retrieved from /opt/airflow/dags/etl_dag.py
[2025-11-11T05:45:45.778+0000] {logging_mixin.py:188} INFO - [2025-11-11T05:45:45.777+0000] {dag.py:3036} INFO - Sync 1 DAGs
[2025-11-11T05:45:45.809+0000] {logging_mixin.py:188} INFO - [2025-11-11T05:45:45.809+0000] {dag.py:3823} INFO - Setting next_dagrun for simple_etl_lineage to None, run_after=None
[2025-11-11T05:45:45.855+0000] {processor.py:183} INFO - Processing /opt/airflow/dags/etl_dag.py took 0.183 seconds
[2025-11-11T05:46:17.591+0000] {processor.py:161} INFO - Started process (PID=4298) to work on /opt/airflow/dags/etl_dag.py
[2025-11-11T05:46:17.593+0000] {processor.py:830} INFO - Processing file /opt/airflow/dags/etl_dag.py for tasks to queue
[2025-11-11T05:46:17.595+0000] {logging_mixin.py:188} INFO - [2025-11-11T05:46:17.594+0000] {dagbag.py:538} INFO - Filling up the DagBag from /opt/airflow/dags/etl_dag.py
[2025-11-11T05:46:17.640+0000] {processor.py:840} INFO - DAG(s) 'simple_etl_lineage' retrieved from /opt/airflow/dags/etl_dag.py
[2025-11-11T05:46:17.697+0000] {logging_mixin.py:188} INFO - [2025-11-11T05:46:17.697+0000] {dag.py:3036} INFO - Sync 1 DAGs
[2025-11-11T05:46:17.716+0000] {logging_mixin.py:188} INFO - [2025-11-11T05:46:17.716+0000] {dag.py:3823} INFO - Setting next_dagrun for simple_etl_lineage to None, run_after=None
[2025-11-11T05:46:17.769+0000] {processor.py:183} INFO - Processing /opt/airflow/dags/etl_dag.py took 0.182 seconds
[2025-11-11T05:46:48.298+0000] {processor.py:161} INFO - Started process (PID=4310) to work on /opt/airflow/dags/etl_dag.py
[2025-11-11T05:46:48.306+0000] {processor.py:830} INFO - Processing file /opt/airflow/dags/etl_dag.py for tasks to queue
[2025-11-11T05:46:48.311+0000] {logging_mixin.py:188} INFO - [2025-11-11T05:46:48.310+0000] {dagbag.py:538} INFO - Filling up the DagBag from /opt/airflow/dags/etl_dag.py
[2025-11-11T05:46:48.359+0000] {processor.py:840} INFO - DAG(s) 'simple_etl_lineage' retrieved from /opt/airflow/dags/etl_dag.py
[2025-11-11T05:46:48.413+0000] {logging_mixin.py:188} INFO - [2025-11-11T05:46:48.412+0000] {dag.py:3036} INFO - Sync 1 DAGs
[2025-11-11T05:46:48.431+0000] {logging_mixin.py:188} INFO - [2025-11-11T05:46:48.430+0000] {dag.py:3823} INFO - Setting next_dagrun for simple_etl_lineage to None, run_after=None
[2025-11-11T05:46:48.459+0000] {processor.py:183} INFO - Processing /opt/airflow/dags/etl_dag.py took 0.166 seconds
[2025-11-11T05:47:19.388+0000] {processor.py:161} INFO - Started process (PID=4320) to work on /opt/airflow/dags/etl_dag.py
[2025-11-11T05:47:19.390+0000] {processor.py:830} INFO - Processing file /opt/airflow/dags/etl_dag.py for tasks to queue
[2025-11-11T05:47:19.392+0000] {logging_mixin.py:188} INFO - [2025-11-11T05:47:19.391+0000] {dagbag.py:538} INFO - Filling up the DagBag from /opt/airflow/dags/etl_dag.py
[2025-11-11T05:47:19.428+0000] {processor.py:840} INFO - DAG(s) 'simple_etl_lineage' retrieved from /opt/airflow/dags/etl_dag.py
[2025-11-11T05:47:19.505+0000] {logging_mixin.py:188} INFO - [2025-11-11T05:47:19.504+0000] {dag.py:3036} INFO - Sync 1 DAGs
[2025-11-11T05:47:19.543+0000] {logging_mixin.py:188} INFO - [2025-11-11T05:47:19.542+0000] {dag.py:3823} INFO - Setting next_dagrun for simple_etl_lineage to None, run_after=None
[2025-11-11T05:47:19.581+0000] {processor.py:183} INFO - Processing /opt/airflow/dags/etl_dag.py took 0.199 seconds
[2025-11-11T05:47:49.925+0000] {processor.py:161} INFO - Started process (PID=4330) to work on /opt/airflow/dags/etl_dag.py
[2025-11-11T05:47:49.926+0000] {processor.py:830} INFO - Processing file /opt/airflow/dags/etl_dag.py for tasks to queue
[2025-11-11T05:47:49.927+0000] {logging_mixin.py:188} INFO - [2025-11-11T05:47:49.927+0000] {dagbag.py:538} INFO - Filling up the DagBag from /opt/airflow/dags/etl_dag.py
[2025-11-11T05:47:49.962+0000] {processor.py:840} INFO - DAG(s) 'simple_etl_lineage' retrieved from /opt/airflow/dags/etl_dag.py
[2025-11-11T05:47:49.996+0000] {logging_mixin.py:188} INFO - [2025-11-11T05:47:49.995+0000] {dag.py:3036} INFO - Sync 1 DAGs
[2025-11-11T05:47:50.010+0000] {logging_mixin.py:188} INFO - [2025-11-11T05:47:50.009+0000] {dag.py:3823} INFO - Setting next_dagrun for simple_etl_lineage to None, run_after=None
[2025-11-11T05:47:50.039+0000] {processor.py:183} INFO - Processing /opt/airflow/dags/etl_dag.py took 0.119 seconds
[2025-11-11T05:48:20.478+0000] {processor.py:161} INFO - Started process (PID=4340) to work on /opt/airflow/dags/etl_dag.py
[2025-11-11T05:48:20.479+0000] {processor.py:830} INFO - Processing file /opt/airflow/dags/etl_dag.py for tasks to queue
[2025-11-11T05:48:20.484+0000] {logging_mixin.py:188} INFO - [2025-11-11T05:48:20.484+0000] {dagbag.py:538} INFO - Filling up the DagBag from /opt/airflow/dags/etl_dag.py
[2025-11-11T05:48:20.512+0000] {processor.py:840} INFO - DAG(s) 'simple_etl_lineage' retrieved from /opt/airflow/dags/etl_dag.py
[2025-11-11T05:48:20.560+0000] {logging_mixin.py:188} INFO - [2025-11-11T05:48:20.559+0000] {dag.py:3036} INFO - Sync 1 DAGs
[2025-11-11T05:48:20.576+0000] {logging_mixin.py:188} INFO - [2025-11-11T05:48:20.576+0000] {dag.py:3823} INFO - Setting next_dagrun for simple_etl_lineage to None, run_after=None
[2025-11-11T05:48:20.613+0000] {processor.py:183} INFO - Processing /opt/airflow/dags/etl_dag.py took 0.141 seconds
[2025-11-11T05:48:51.164+0000] {processor.py:161} INFO - Started process (PID=4350) to work on /opt/airflow/dags/etl_dag.py
[2025-11-11T05:48:51.168+0000] {processor.py:830} INFO - Processing file /opt/airflow/dags/etl_dag.py for tasks to queue
[2025-11-11T05:48:51.177+0000] {logging_mixin.py:188} INFO - [2025-11-11T05:48:51.169+0000] {dagbag.py:538} INFO - Filling up the DagBag from /opt/airflow/dags/etl_dag.py
[2025-11-11T05:48:51.215+0000] {processor.py:840} INFO - DAG(s) 'simple_etl_lineage' retrieved from /opt/airflow/dags/etl_dag.py
[2025-11-11T05:48:51.258+0000] {logging_mixin.py:188} INFO - [2025-11-11T05:48:51.258+0000] {dag.py:3036} INFO - Sync 1 DAGs
[2025-11-11T05:48:51.287+0000] {logging_mixin.py:188} INFO - [2025-11-11T05:48:51.287+0000] {dag.py:3823} INFO - Setting next_dagrun for simple_etl_lineage to None, run_after=None
[2025-11-11T05:48:51.326+0000] {processor.py:183} INFO - Processing /opt/airflow/dags/etl_dag.py took 0.168 seconds
[2025-11-11T05:49:21.699+0000] {processor.py:161} INFO - Started process (PID=4358) to work on /opt/airflow/dags/etl_dag.py
[2025-11-11T05:49:21.702+0000] {processor.py:830} INFO - Processing file /opt/airflow/dags/etl_dag.py for tasks to queue
[2025-11-11T05:49:21.703+0000] {logging_mixin.py:188} INFO - [2025-11-11T05:49:21.703+0000] {dagbag.py:538} INFO - Filling up the DagBag from /opt/airflow/dags/etl_dag.py
[2025-11-11T05:49:21.908+0000] {processor.py:840} INFO - DAG(s) 'simple_etl_lineage' retrieved from /opt/airflow/dags/etl_dag.py
[2025-11-11T05:49:22.047+0000] {logging_mixin.py:188} INFO - [2025-11-11T05:49:22.047+0000] {dag.py:3036} INFO - Sync 1 DAGs
[2025-11-11T05:49:22.109+0000] {logging_mixin.py:188} INFO - [2025-11-11T05:49:22.109+0000] {dag.py:3823} INFO - Setting next_dagrun for simple_etl_lineage to None, run_after=None
[2025-11-11T05:49:22.361+0000] {processor.py:183} INFO - Processing /opt/airflow/dags/etl_dag.py took 0.667 seconds
[2025-11-11T05:49:53.116+0000] {processor.py:161} INFO - Started process (PID=4368) to work on /opt/airflow/dags/etl_dag.py
[2025-11-11T05:49:53.118+0000] {processor.py:830} INFO - Processing file /opt/airflow/dags/etl_dag.py for tasks to queue
[2025-11-11T05:49:53.119+0000] {logging_mixin.py:188} INFO - [2025-11-11T05:49:53.119+0000] {dagbag.py:538} INFO - Filling up the DagBag from /opt/airflow/dags/etl_dag.py
[2025-11-11T05:49:53.160+0000] {processor.py:840} INFO - DAG(s) 'simple_etl_lineage' retrieved from /opt/airflow/dags/etl_dag.py
[2025-11-11T05:49:53.204+0000] {logging_mixin.py:188} INFO - [2025-11-11T05:49:53.203+0000] {dag.py:3036} INFO - Sync 1 DAGs
[2025-11-11T05:49:53.223+0000] {logging_mixin.py:188} INFO - [2025-11-11T05:49:53.223+0000] {dag.py:3823} INFO - Setting next_dagrun for simple_etl_lineage to None, run_after=None
[2025-11-11T05:49:53.259+0000] {processor.py:183} INFO - Processing /opt/airflow/dags/etl_dag.py took 0.147 seconds
[2025-11-11T05:50:23.856+0000] {processor.py:161} INFO - Started process (PID=4378) to work on /opt/airflow/dags/etl_dag.py
[2025-11-11T05:50:23.862+0000] {processor.py:830} INFO - Processing file /opt/airflow/dags/etl_dag.py for tasks to queue
[2025-11-11T05:50:23.867+0000] {logging_mixin.py:188} INFO - [2025-11-11T05:50:23.867+0000] {dagbag.py:538} INFO - Filling up the DagBag from /opt/airflow/dags/etl_dag.py
[2025-11-11T05:50:23.932+0000] {processor.py:840} INFO - DAG(s) 'simple_etl_lineage' retrieved from /opt/airflow/dags/etl_dag.py
[2025-11-11T05:50:24.015+0000] {logging_mixin.py:188} INFO - [2025-11-11T05:50:24.015+0000] {dag.py:3036} INFO - Sync 1 DAGs
[2025-11-11T05:50:24.055+0000] {logging_mixin.py:188} INFO - [2025-11-11T05:50:24.054+0000] {dag.py:3823} INFO - Setting next_dagrun for simple_etl_lineage to None, run_after=None
[2025-11-11T05:50:24.107+0000] {processor.py:183} INFO - Processing /opt/airflow/dags/etl_dag.py took 0.255 seconds
[2025-11-11T05:50:54.566+0000] {processor.py:161} INFO - Started process (PID=4388) to work on /opt/airflow/dags/etl_dag.py
[2025-11-11T05:50:54.568+0000] {processor.py:830} INFO - Processing file /opt/airflow/dags/etl_dag.py for tasks to queue
[2025-11-11T05:50:54.569+0000] {logging_mixin.py:188} INFO - [2025-11-11T05:50:54.569+0000] {dagbag.py:538} INFO - Filling up the DagBag from /opt/airflow/dags/etl_dag.py
[2025-11-11T05:50:54.718+0000] {processor.py:840} INFO - DAG(s) 'simple_etl_lineage' retrieved from /opt/airflow/dags/etl_dag.py
[2025-11-11T05:50:54.835+0000] {logging_mixin.py:188} INFO - [2025-11-11T05:50:54.835+0000] {dag.py:3036} INFO - Sync 1 DAGs
[2025-11-11T05:50:54.873+0000] {logging_mixin.py:188} INFO - [2025-11-11T05:50:54.873+0000] {dag.py:3823} INFO - Setting next_dagrun for simple_etl_lineage to None, run_after=None
[2025-11-11T05:50:54.936+0000] {processor.py:183} INFO - Processing /opt/airflow/dags/etl_dag.py took 0.375 seconds
[2025-11-11T05:51:25.489+0000] {processor.py:161} INFO - Started process (PID=4398) to work on /opt/airflow/dags/etl_dag.py
[2025-11-11T05:51:25.490+0000] {processor.py:830} INFO - Processing file /opt/airflow/dags/etl_dag.py for tasks to queue
[2025-11-11T05:51:25.493+0000] {logging_mixin.py:188} INFO - [2025-11-11T05:51:25.492+0000] {dagbag.py:538} INFO - Filling up the DagBag from /opt/airflow/dags/etl_dag.py
[2025-11-11T05:51:25.517+0000] {processor.py:840} INFO - DAG(s) 'simple_etl_lineage' retrieved from /opt/airflow/dags/etl_dag.py
[2025-11-11T05:51:25.553+0000] {logging_mixin.py:188} INFO - [2025-11-11T05:51:25.553+0000] {dag.py:3036} INFO - Sync 1 DAGs
[2025-11-11T05:51:25.570+0000] {logging_mixin.py:188} INFO - [2025-11-11T05:51:25.569+0000] {dag.py:3823} INFO - Setting next_dagrun for simple_etl_lineage to None, run_after=None
[2025-11-11T05:51:25.593+0000] {processor.py:183} INFO - Processing /opt/airflow/dags/etl_dag.py took 0.109 seconds
[2025-11-11T05:51:56.359+0000] {processor.py:161} INFO - Started process (PID=4408) to work on /opt/airflow/dags/etl_dag.py
[2025-11-11T05:51:56.361+0000] {processor.py:830} INFO - Processing file /opt/airflow/dags/etl_dag.py for tasks to queue
[2025-11-11T05:51:56.362+0000] {logging_mixin.py:188} INFO - [2025-11-11T05:51:56.362+0000] {dagbag.py:538} INFO - Filling up the DagBag from /opt/airflow/dags/etl_dag.py
[2025-11-11T05:51:56.400+0000] {processor.py:840} INFO - DAG(s) 'simple_etl_lineage' retrieved from /opt/airflow/dags/etl_dag.py
[2025-11-11T05:51:56.472+0000] {logging_mixin.py:188} INFO - [2025-11-11T05:51:56.472+0000] {dag.py:3036} INFO - Sync 1 DAGs
[2025-11-11T05:51:56.506+0000] {logging_mixin.py:188} INFO - [2025-11-11T05:51:56.506+0000] {dag.py:3823} INFO - Setting next_dagrun for simple_etl_lineage to None, run_after=None
[2025-11-11T05:51:56.571+0000] {processor.py:183} INFO - Processing /opt/airflow/dags/etl_dag.py took 0.217 seconds
[2025-11-11T05:52:26.823+0000] {processor.py:161} INFO - Started process (PID=4418) to work on /opt/airflow/dags/etl_dag.py
[2025-11-11T05:52:26.825+0000] {processor.py:830} INFO - Processing file /opt/airflow/dags/etl_dag.py for tasks to queue
[2025-11-11T05:52:26.828+0000] {logging_mixin.py:188} INFO - [2025-11-11T05:52:26.826+0000] {dagbag.py:538} INFO - Filling up the DagBag from /opt/airflow/dags/etl_dag.py
[2025-11-11T05:52:26.870+0000] {processor.py:840} INFO - DAG(s) 'simple_etl_lineage' retrieved from /opt/airflow/dags/etl_dag.py
[2025-11-11T05:52:26.935+0000] {logging_mixin.py:188} INFO - [2025-11-11T05:52:26.935+0000] {dag.py:3036} INFO - Sync 1 DAGs
[2025-11-11T05:52:26.960+0000] {logging_mixin.py:188} INFO - [2025-11-11T05:52:26.959+0000] {dag.py:3823} INFO - Setting next_dagrun for simple_etl_lineage to None, run_after=None
[2025-11-11T05:52:26.994+0000] {processor.py:183} INFO - Processing /opt/airflow/dags/etl_dag.py took 0.179 seconds
[2025-11-11T05:52:57.270+0000] {processor.py:161} INFO - Started process (PID=4428) to work on /opt/airflow/dags/etl_dag.py
[2025-11-11T05:52:57.272+0000] {processor.py:830} INFO - Processing file /opt/airflow/dags/etl_dag.py for tasks to queue
[2025-11-11T05:52:57.273+0000] {logging_mixin.py:188} INFO - [2025-11-11T05:52:57.273+0000] {dagbag.py:538} INFO - Filling up the DagBag from /opt/airflow/dags/etl_dag.py
[2025-11-11T05:52:57.311+0000] {processor.py:840} INFO - DAG(s) 'simple_etl_lineage' retrieved from /opt/airflow/dags/etl_dag.py
[2025-11-11T05:52:57.350+0000] {logging_mixin.py:188} INFO - [2025-11-11T05:52:57.349+0000] {dag.py:3036} INFO - Sync 1 DAGs
[2025-11-11T05:52:57.366+0000] {logging_mixin.py:188} INFO - [2025-11-11T05:52:57.365+0000] {dag.py:3823} INFO - Setting next_dagrun for simple_etl_lineage to None, run_after=None
[2025-11-11T05:52:57.399+0000] {processor.py:183} INFO - Processing /opt/airflow/dags/etl_dag.py took 0.133 seconds
[2025-11-11T05:53:27.928+0000] {processor.py:161} INFO - Started process (PID=4438) to work on /opt/airflow/dags/etl_dag.py
[2025-11-11T05:53:27.934+0000] {processor.py:830} INFO - Processing file /opt/airflow/dags/etl_dag.py for tasks to queue
[2025-11-11T05:53:27.937+0000] {logging_mixin.py:188} INFO - [2025-11-11T05:53:27.937+0000] {dagbag.py:538} INFO - Filling up the DagBag from /opt/airflow/dags/etl_dag.py
[2025-11-11T05:53:28.131+0000] {processor.py:840} INFO - DAG(s) 'simple_etl_lineage' retrieved from /opt/airflow/dags/etl_dag.py
[2025-11-11T05:53:28.251+0000] {logging_mixin.py:188} INFO - [2025-11-11T05:53:28.251+0000] {dag.py:3036} INFO - Sync 1 DAGs
[2025-11-11T05:53:28.280+0000] {logging_mixin.py:188} INFO - [2025-11-11T05:53:28.279+0000] {dag.py:3823} INFO - Setting next_dagrun for simple_etl_lineage to None, run_after=None
[2025-11-11T05:53:28.352+0000] {processor.py:183} INFO - Processing /opt/airflow/dags/etl_dag.py took 0.432 seconds
[2025-11-11T05:53:59.372+0000] {processor.py:161} INFO - Started process (PID=4448) to work on /opt/airflow/dags/etl_dag.py
[2025-11-11T05:53:59.373+0000] {processor.py:830} INFO - Processing file /opt/airflow/dags/etl_dag.py for tasks to queue
[2025-11-11T05:53:59.375+0000] {logging_mixin.py:188} INFO - [2025-11-11T05:53:59.374+0000] {dagbag.py:538} INFO - Filling up the DagBag from /opt/airflow/dags/etl_dag.py
[2025-11-11T05:53:59.404+0000] {processor.py:840} INFO - DAG(s) 'simple_etl_lineage' retrieved from /opt/airflow/dags/etl_dag.py
[2025-11-11T05:53:59.443+0000] {logging_mixin.py:188} INFO - [2025-11-11T05:53:59.443+0000] {dag.py:3036} INFO - Sync 1 DAGs
[2025-11-11T05:53:59.458+0000] {logging_mixin.py:188} INFO - [2025-11-11T05:53:59.457+0000] {dag.py:3823} INFO - Setting next_dagrun for simple_etl_lineage to None, run_after=None
[2025-11-11T05:53:59.482+0000] {processor.py:183} INFO - Processing /opt/airflow/dags/etl_dag.py took 0.114 seconds
[2025-11-11T05:54:31.328+0000] {processor.py:161} INFO - Started process (PID=4458) to work on /opt/airflow/dags/etl_dag.py
[2025-11-11T05:54:31.331+0000] {processor.py:830} INFO - Processing file /opt/airflow/dags/etl_dag.py for tasks to queue
[2025-11-11T05:54:31.362+0000] {logging_mixin.py:188} INFO - [2025-11-11T05:54:31.362+0000] {dagbag.py:538} INFO - Filling up the DagBag from /opt/airflow/dags/etl_dag.py
[2025-11-11T05:54:32.337+0000] {processor.py:840} INFO - DAG(s) 'simple_etl_lineage' retrieved from /opt/airflow/dags/etl_dag.py
[2025-11-11T05:54:32.688+0000] {logging_mixin.py:188} INFO - [2025-11-11T05:54:32.687+0000] {dag.py:3036} INFO - Sync 1 DAGs
[2025-11-11T05:54:32.843+0000] {logging_mixin.py:188} INFO - [2025-11-11T05:54:32.843+0000] {dag.py:3823} INFO - Setting next_dagrun for simple_etl_lineage to None, run_after=None
[2025-11-11T05:54:33.020+0000] {processor.py:183} INFO - Processing /opt/airflow/dags/etl_dag.py took 1.734 seconds
[2025-11-11T05:55:04.306+0000] {processor.py:161} INFO - Started process (PID=4468) to work on /opt/airflow/dags/etl_dag.py
[2025-11-11T05:55:04.313+0000] {processor.py:830} INFO - Processing file /opt/airflow/dags/etl_dag.py for tasks to queue
[2025-11-11T05:55:04.327+0000] {logging_mixin.py:188} INFO - [2025-11-11T05:55:04.327+0000] {dagbag.py:538} INFO - Filling up the DagBag from /opt/airflow/dags/etl_dag.py
[2025-11-11T05:55:04.506+0000] {processor.py:840} INFO - DAG(s) 'simple_etl_lineage' retrieved from /opt/airflow/dags/etl_dag.py
[2025-11-11T05:55:04.693+0000] {logging_mixin.py:188} INFO - [2025-11-11T05:55:04.692+0000] {dag.py:3036} INFO - Sync 1 DAGs
[2025-11-11T05:55:04.760+0000] {logging_mixin.py:188} INFO - [2025-11-11T05:55:04.759+0000] {dag.py:3823} INFO - Setting next_dagrun for simple_etl_lineage to None, run_after=None
[2025-11-11T05:55:04.868+0000] {processor.py:183} INFO - Processing /opt/airflow/dags/etl_dag.py took 0.577 seconds
[2025-11-11T05:59:55.652+0000] {processor.py:161} INFO - Started process (PID=4486) to work on /opt/airflow/dags/etl_dag.py
[2025-11-11T05:59:55.658+0000] {processor.py:830} INFO - Processing file /opt/airflow/dags/etl_dag.py for tasks to queue
[2025-11-11T05:59:55.661+0000] {logging_mixin.py:188} INFO - [2025-11-11T05:59:55.660+0000] {dagbag.py:538} INFO - Filling up the DagBag from /opt/airflow/dags/etl_dag.py
[2025-11-11T05:59:55.771+0000] {processor.py:840} INFO - DAG(s) 'simple_etl_lineage' retrieved from /opt/airflow/dags/etl_dag.py
[2025-11-11T05:59:56.288+0000] {logging_mixin.py:188} INFO - [2025-11-11T05:59:56.287+0000] {dag.py:3036} INFO - Sync 1 DAGs
[2025-11-11T05:59:56.427+0000] {logging_mixin.py:188} INFO - [2025-11-11T05:59:56.426+0000] {dag.py:3823} INFO - Setting next_dagrun for simple_etl_lineage to None, run_after=None
[2025-11-11T05:59:56.555+0000] {processor.py:183} INFO - Processing /opt/airflow/dags/etl_dag.py took 0.915 seconds
[2025-11-11T06:00:27.520+0000] {processor.py:161} INFO - Started process (PID=4496) to work on /opt/airflow/dags/etl_dag.py
[2025-11-11T06:00:27.531+0000] {processor.py:830} INFO - Processing file /opt/airflow/dags/etl_dag.py for tasks to queue
[2025-11-11T06:00:27.534+0000] {logging_mixin.py:188} INFO - [2025-11-11T06:00:27.533+0000] {dagbag.py:538} INFO - Filling up the DagBag from /opt/airflow/dags/etl_dag.py
[2025-11-11T06:00:27.627+0000] {processor.py:840} INFO - DAG(s) 'simple_etl_lineage' retrieved from /opt/airflow/dags/etl_dag.py
[2025-11-11T06:00:27.774+0000] {logging_mixin.py:188} INFO - [2025-11-11T06:00:27.774+0000] {dag.py:3036} INFO - Sync 1 DAGs
[2025-11-11T06:00:27.850+0000] {logging_mixin.py:188} INFO - [2025-11-11T06:00:27.849+0000] {dag.py:3823} INFO - Setting next_dagrun for simple_etl_lineage to None, run_after=None
[2025-11-11T06:00:27.978+0000] {processor.py:183} INFO - Processing /opt/airflow/dags/etl_dag.py took 0.465 seconds
[2025-11-11T06:00:59.308+0000] {processor.py:161} INFO - Started process (PID=4506) to work on /opt/airflow/dags/etl_dag.py
[2025-11-11T06:00:59.317+0000] {processor.py:830} INFO - Processing file /opt/airflow/dags/etl_dag.py for tasks to queue
[2025-11-11T06:00:59.324+0000] {logging_mixin.py:188} INFO - [2025-11-11T06:00:59.323+0000] {dagbag.py:538} INFO - Filling up the DagBag from /opt/airflow/dags/etl_dag.py
[2025-11-11T06:00:59.491+0000] {processor.py:840} INFO - DAG(s) 'simple_etl_lineage' retrieved from /opt/airflow/dags/etl_dag.py
[2025-11-11T06:00:59.649+0000] {logging_mixin.py:188} INFO - [2025-11-11T06:00:59.648+0000] {dag.py:3036} INFO - Sync 1 DAGs
[2025-11-11T06:00:59.705+0000] {logging_mixin.py:188} INFO - [2025-11-11T06:00:59.705+0000] {dag.py:3823} INFO - Setting next_dagrun for simple_etl_lineage to None, run_after=None
[2025-11-11T06:00:59.772+0000] {processor.py:183} INFO - Processing /opt/airflow/dags/etl_dag.py took 0.472 seconds
[2025-11-11T06:01:36.067+0000] {processor.py:161} INFO - Started process (PID=4516) to work on /opt/airflow/dags/etl_dag.py
[2025-11-11T06:01:36.097+0000] {processor.py:830} INFO - Processing file /opt/airflow/dags/etl_dag.py for tasks to queue
[2025-11-11T06:01:36.118+0000] {logging_mixin.py:188} INFO - [2025-11-11T06:01:36.117+0000] {dagbag.py:538} INFO - Filling up the DagBag from /opt/airflow/dags/etl_dag.py
[2025-11-11T06:01:36.304+0000] {processor.py:840} INFO - DAG(s) 'simple_etl_lineage' retrieved from /opt/airflow/dags/etl_dag.py
[2025-11-11T06:01:36.627+0000] {logging_mixin.py:188} INFO - [2025-11-11T06:01:36.626+0000] {dag.py:3036} INFO - Sync 1 DAGs
[2025-11-11T06:01:36.999+0000] {logging_mixin.py:188} INFO - [2025-11-11T06:01:36.998+0000] {dag.py:3823} INFO - Setting next_dagrun for simple_etl_lineage to None, run_after=None
[2025-11-11T06:01:37.197+0000] {processor.py:183} INFO - Processing /opt/airflow/dags/etl_dag.py took 1.226 seconds
[2025-11-11T06:02:17.626+0000] {processor.py:161} INFO - Started process (PID=4523) to work on /opt/airflow/dags/etl_dag.py
[2025-11-11T06:02:21.408+0000] {processor.py:830} INFO - Processing file /opt/airflow/dags/etl_dag.py for tasks to queue
[2025-11-11T06:02:21.721+0000] {logging_mixin.py:188} INFO - [2025-11-11T06:02:21.678+0000] {dagbag.py:538} INFO - Filling up the DagBag from /opt/airflow/dags/etl_dag.py
[2025-11-11T06:02:24.294+0000] {processor.py:840} INFO - DAG(s) 'simple_etl_lineage' retrieved from /opt/airflow/dags/etl_dag.py
[2025-11-11T06:02:25.496+0000] {logging_mixin.py:188} INFO - [2025-11-11T06:02:25.496+0000] {dag.py:3036} INFO - Sync 1 DAGs
[2025-11-11T06:02:26.542+0000] {logging_mixin.py:188} INFO - [2025-11-11T06:02:26.542+0000] {dag.py:3823} INFO - Setting next_dagrun for simple_etl_lineage to None, run_after=None
[2025-11-11T06:02:26.638+0000] {processor.py:183} INFO - Processing /opt/airflow/dags/etl_dag.py took 9.067 seconds
[2025-11-11T06:03:11.347+0000] {processor.py:161} INFO - Started process (PID=4536) to work on /opt/airflow/dags/etl_dag.py
[2025-11-11T06:03:11.355+0000] {processor.py:830} INFO - Processing file /opt/airflow/dags/etl_dag.py for tasks to queue
[2025-11-11T06:03:11.369+0000] {logging_mixin.py:188} INFO - [2025-11-11T06:03:11.368+0000] {dagbag.py:538} INFO - Filling up the DagBag from /opt/airflow/dags/etl_dag.py
[2025-11-11T06:03:28.244+0000] {processor.py:840} INFO - DAG(s) 'simple_etl_lineage' retrieved from /opt/airflow/dags/etl_dag.py
[2025-11-11T06:03:29.289+0000] {logging_mixin.py:188} INFO - [2025-11-11T06:03:29.288+0000] {dag.py:3036} INFO - Sync 1 DAGs
[2025-11-11T06:03:33.939+0000] {logging_mixin.py:188} INFO - [2025-11-11T06:03:33.939+0000] {dag.py:3823} INFO - Setting next_dagrun for simple_etl_lineage to None, run_after=None
[2025-11-11T06:03:39.240+0000] {processor.py:183} INFO - Processing /opt/airflow/dags/etl_dag.py took 27.898 seconds
[2025-11-11T06:04:11.045+0000] {processor.py:161} INFO - Started process (PID=4546) to work on /opt/airflow/dags/etl_dag.py
[2025-11-11T06:04:11.054+0000] {processor.py:830} INFO - Processing file /opt/airflow/dags/etl_dag.py for tasks to queue
[2025-11-11T06:04:11.096+0000] {logging_mixin.py:188} INFO - [2025-11-11T06:04:11.079+0000] {dagbag.py:538} INFO - Filling up the DagBag from /opt/airflow/dags/etl_dag.py
[2025-11-11T06:04:11.285+0000] {processor.py:840} INFO - DAG(s) 'simple_etl_lineage' retrieved from /opt/airflow/dags/etl_dag.py
[2025-11-11T06:04:12.128+0000] {logging_mixin.py:188} INFO - [2025-11-11T06:04:12.128+0000] {dag.py:3036} INFO - Sync 1 DAGs
[2025-11-11T06:04:12.229+0000] {logging_mixin.py:188} INFO - [2025-11-11T06:04:12.229+0000] {dag.py:3823} INFO - Setting next_dagrun for simple_etl_lineage to None, run_after=None
[2025-11-11T06:04:12.333+0000] {processor.py:183} INFO - Processing /opt/airflow/dags/etl_dag.py took 1.344 seconds
[2025-11-11T06:05:13.351+0000] {processor.py:161} INFO - Started process (PID=4556) to work on /opt/airflow/dags/etl_dag.py
[2025-11-11T06:05:13.377+0000] {processor.py:830} INFO - Processing file /opt/airflow/dags/etl_dag.py for tasks to queue
[2025-11-11T06:05:13.401+0000] {logging_mixin.py:188} INFO - [2025-11-11T06:05:13.401+0000] {dagbag.py:538} INFO - Filling up the DagBag from /opt/airflow/dags/etl_dag.py
[2025-11-11T06:05:14.305+0000] {processor.py:840} INFO - DAG(s) 'simple_etl_lineage' retrieved from /opt/airflow/dags/etl_dag.py
[2025-11-11T06:05:16.222+0000] {logging_mixin.py:188} INFO - [2025-11-11T06:05:16.222+0000] {dag.py:3036} INFO - Sync 1 DAGs
[2025-11-11T06:05:16.418+0000] {logging_mixin.py:188} INFO - [2025-11-11T06:05:16.417+0000] {dag.py:3823} INFO - Setting next_dagrun for simple_etl_lineage to None, run_after=None
[2025-11-11T06:05:17.134+0000] {processor.py:183} INFO - Processing /opt/airflow/dags/etl_dag.py took 3.867 seconds
[2025-11-11T06:05:49.069+0000] {processor.py:161} INFO - Started process (PID=4566) to work on /opt/airflow/dags/etl_dag.py
[2025-11-11T06:05:49.077+0000] {processor.py:830} INFO - Processing file /opt/airflow/dags/etl_dag.py for tasks to queue
[2025-11-11T06:05:49.091+0000] {logging_mixin.py:188} INFO - [2025-11-11T06:05:49.090+0000] {dagbag.py:538} INFO - Filling up the DagBag from /opt/airflow/dags/etl_dag.py
[2025-11-11T06:05:49.240+0000] {processor.py:840} INFO - DAG(s) 'simple_etl_lineage' retrieved from /opt/airflow/dags/etl_dag.py
[2025-11-11T06:05:49.398+0000] {logging_mixin.py:188} INFO - [2025-11-11T06:05:49.397+0000] {dag.py:3036} INFO - Sync 1 DAGs
[2025-11-11T06:05:49.517+0000] {logging_mixin.py:188} INFO - [2025-11-11T06:05:49.516+0000] {dag.py:3823} INFO - Setting next_dagrun for simple_etl_lineage to None, run_after=None
[2025-11-11T06:05:49.657+0000] {processor.py:183} INFO - Processing /opt/airflow/dags/etl_dag.py took 0.594 seconds
[2025-11-11T06:06:23.051+0000] {processor.py:161} INFO - Started process (PID=4576) to work on /opt/airflow/dags/etl_dag.py
[2025-11-11T06:06:23.084+0000] {processor.py:830} INFO - Processing file /opt/airflow/dags/etl_dag.py for tasks to queue
[2025-11-11T06:06:23.086+0000] {logging_mixin.py:188} INFO - [2025-11-11T06:06:23.086+0000] {dagbag.py:538} INFO - Filling up the DagBag from /opt/airflow/dags/etl_dag.py
[2025-11-11T06:06:23.489+0000] {processor.py:840} INFO - DAG(s) 'simple_etl_lineage' retrieved from /opt/airflow/dags/etl_dag.py
[2025-11-11T06:06:24.774+0000] {logging_mixin.py:188} INFO - [2025-11-11T06:06:24.774+0000] {dag.py:3036} INFO - Sync 1 DAGs
[2025-11-11T06:06:24.931+0000] {logging_mixin.py:188} INFO - [2025-11-11T06:06:24.931+0000] {dag.py:3823} INFO - Setting next_dagrun for simple_etl_lineage to None, run_after=None
[2025-11-11T06:06:25.113+0000] {processor.py:183} INFO - Processing /opt/airflow/dags/etl_dag.py took 2.070 seconds
[2025-11-11T06:07:07.028+0000] {processor.py:161} INFO - Started process (PID=4586) to work on /opt/airflow/dags/etl_dag.py
[2025-11-11T06:07:07.040+0000] {processor.py:830} INFO - Processing file /opt/airflow/dags/etl_dag.py for tasks to queue
[2025-11-11T06:07:07.048+0000] {logging_mixin.py:188} INFO - [2025-11-11T06:07:07.048+0000] {dagbag.py:538} INFO - Filling up the DagBag from /opt/airflow/dags/etl_dag.py
[2025-11-11T06:07:07.275+0000] {processor.py:840} INFO - DAG(s) 'simple_etl_lineage' retrieved from /opt/airflow/dags/etl_dag.py
[2025-11-11T06:07:12.052+0000] {logging_mixin.py:188} INFO - [2025-11-11T06:07:12.052+0000] {dag.py:3036} INFO - Sync 1 DAGs
[2025-11-11T06:07:12.737+0000] {logging_mixin.py:188} INFO - [2025-11-11T06:07:12.736+0000] {dag.py:3823} INFO - Setting next_dagrun for simple_etl_lineage to None, run_after=None
[2025-11-11T06:07:13.724+0000] {processor.py:183} INFO - Processing /opt/airflow/dags/etl_dag.py took 6.706 seconds
[2025-11-11T06:07:46.028+0000] {processor.py:161} INFO - Started process (PID=4596) to work on /opt/airflow/dags/etl_dag.py
[2025-11-11T06:07:46.072+0000] {processor.py:830} INFO - Processing file /opt/airflow/dags/etl_dag.py for tasks to queue
[2025-11-11T06:07:46.101+0000] {logging_mixin.py:188} INFO - [2025-11-11T06:07:46.100+0000] {dagbag.py:538} INFO - Filling up the DagBag from /opt/airflow/dags/etl_dag.py
[2025-11-11T06:07:47.157+0000] {processor.py:840} INFO - DAG(s) 'simple_etl_lineage' retrieved from /opt/airflow/dags/etl_dag.py
[2025-11-11T06:07:47.307+0000] {logging_mixin.py:188} INFO - [2025-11-11T06:07:47.307+0000] {dag.py:3036} INFO - Sync 1 DAGs
[2025-11-11T06:07:47.375+0000] {logging_mixin.py:188} INFO - [2025-11-11T06:07:47.375+0000] {dag.py:3823} INFO - Setting next_dagrun for simple_etl_lineage to None, run_after=None
[2025-11-11T06:07:47.556+0000] {processor.py:183} INFO - Processing /opt/airflow/dags/etl_dag.py took 1.611 seconds
[2025-11-11T06:08:17.960+0000] {processor.py:161} INFO - Started process (PID=4606) to work on /opt/airflow/dags/etl_dag.py
[2025-11-11T06:08:17.970+0000] {processor.py:830} INFO - Processing file /opt/airflow/dags/etl_dag.py for tasks to queue
[2025-11-11T06:08:17.975+0000] {logging_mixin.py:188} INFO - [2025-11-11T06:08:17.974+0000] {dagbag.py:538} INFO - Filling up the DagBag from /opt/airflow/dags/etl_dag.py
[2025-11-11T06:08:18.712+0000] {processor.py:840} INFO - DAG(s) 'simple_etl_lineage' retrieved from /opt/airflow/dags/etl_dag.py
[2025-11-11T06:08:18.830+0000] {logging_mixin.py:188} INFO - [2025-11-11T06:08:18.829+0000] {dag.py:3036} INFO - Sync 1 DAGs
[2025-11-11T06:08:18.885+0000] {logging_mixin.py:188} INFO - [2025-11-11T06:08:18.884+0000] {dag.py:3823} INFO - Setting next_dagrun for simple_etl_lineage to None, run_after=None
[2025-11-11T06:08:19.004+0000] {processor.py:183} INFO - Processing /opt/airflow/dags/etl_dag.py took 1.050 seconds
[2025-11-11T06:08:49.840+0000] {processor.py:161} INFO - Started process (PID=4616) to work on /opt/airflow/dags/etl_dag.py
[2025-11-11T06:08:49.847+0000] {processor.py:830} INFO - Processing file /opt/airflow/dags/etl_dag.py for tasks to queue
[2025-11-11T06:08:49.865+0000] {logging_mixin.py:188} INFO - [2025-11-11T06:08:49.865+0000] {dagbag.py:538} INFO - Filling up the DagBag from /opt/airflow/dags/etl_dag.py
[2025-11-11T06:08:50.447+0000] {processor.py:840} INFO - DAG(s) 'simple_etl_lineage' retrieved from /opt/airflow/dags/etl_dag.py
[2025-11-11T06:08:50.633+0000] {logging_mixin.py:188} INFO - [2025-11-11T06:08:50.633+0000] {dag.py:3036} INFO - Sync 1 DAGs
[2025-11-11T06:08:50.715+0000] {logging_mixin.py:188} INFO - [2025-11-11T06:08:50.714+0000] {dag.py:3823} INFO - Setting next_dagrun for simple_etl_lineage to None, run_after=None
[2025-11-11T06:08:50.929+0000] {processor.py:183} INFO - Processing /opt/airflow/dags/etl_dag.py took 1.096 seconds
[2025-11-11T06:09:23.741+0000] {processor.py:161} INFO - Started process (PID=4626) to work on /opt/airflow/dags/etl_dag.py
[2025-11-11T06:09:23.785+0000] {processor.py:830} INFO - Processing file /opt/airflow/dags/etl_dag.py for tasks to queue
[2025-11-11T06:09:23.846+0000] {logging_mixin.py:188} INFO - [2025-11-11T06:09:23.845+0000] {dagbag.py:538} INFO - Filling up the DagBag from /opt/airflow/dags/etl_dag.py
[2025-11-11T06:09:24.539+0000] {processor.py:840} INFO - DAG(s) 'simple_etl_lineage' retrieved from /opt/airflow/dags/etl_dag.py
[2025-11-11T06:09:24.688+0000] {logging_mixin.py:188} INFO - [2025-11-11T06:09:24.688+0000] {dag.py:3036} INFO - Sync 1 DAGs
[2025-11-11T06:09:24.744+0000] {logging_mixin.py:188} INFO - [2025-11-11T06:09:24.743+0000] {dag.py:3823} INFO - Setting next_dagrun for simple_etl_lineage to None, run_after=None
[2025-11-11T06:09:24.871+0000] {processor.py:183} INFO - Processing /opt/airflow/dags/etl_dag.py took 1.135 seconds
[2025-11-11T06:09:56.091+0000] {processor.py:161} INFO - Started process (PID=4636) to work on /opt/airflow/dags/etl_dag.py
[2025-11-11T06:09:56.104+0000] {processor.py:830} INFO - Processing file /opt/airflow/dags/etl_dag.py for tasks to queue
[2025-11-11T06:09:56.118+0000] {logging_mixin.py:188} INFO - [2025-11-11T06:09:56.117+0000] {dagbag.py:538} INFO - Filling up the DagBag from /opt/airflow/dags/etl_dag.py
[2025-11-11T06:09:56.224+0000] {processor.py:840} INFO - DAG(s) 'simple_etl_lineage' retrieved from /opt/airflow/dags/etl_dag.py
[2025-11-11T06:09:56.400+0000] {logging_mixin.py:188} INFO - [2025-11-11T06:09:56.399+0000] {dag.py:3036} INFO - Sync 1 DAGs
[2025-11-11T06:09:56.466+0000] {logging_mixin.py:188} INFO - [2025-11-11T06:09:56.466+0000] {dag.py:3823} INFO - Setting next_dagrun for simple_etl_lineage to None, run_after=None
[2025-11-11T06:09:56.552+0000] {processor.py:183} INFO - Processing /opt/airflow/dags/etl_dag.py took 0.467 seconds
[2025-11-11T06:10:30.435+0000] {processor.py:161} INFO - Started process (PID=4646) to work on /opt/airflow/dags/etl_dag.py
[2025-11-11T06:10:30.571+0000] {processor.py:830} INFO - Processing file /opt/airflow/dags/etl_dag.py for tasks to queue
[2025-11-11T06:10:30.641+0000] {logging_mixin.py:188} INFO - [2025-11-11T06:10:30.626+0000] {dagbag.py:538} INFO - Filling up the DagBag from /opt/airflow/dags/etl_dag.py
[2025-11-11T06:10:31.491+0000] {processor.py:840} INFO - DAG(s) 'simple_etl_lineage' retrieved from /opt/airflow/dags/etl_dag.py
[2025-11-11T06:10:31.803+0000] {logging_mixin.py:188} INFO - [2025-11-11T06:10:31.802+0000] {dag.py:3036} INFO - Sync 1 DAGs
[2025-11-11T06:10:32.106+0000] {logging_mixin.py:188} INFO - [2025-11-11T06:10:32.105+0000] {dag.py:3823} INFO - Setting next_dagrun for simple_etl_lineage to None, run_after=None
[2025-11-11T06:10:33.377+0000] {processor.py:183} INFO - Processing /opt/airflow/dags/etl_dag.py took 3.018 seconds
[2025-11-11T06:11:12.235+0000] {processor.py:161} INFO - Started process (PID=4656) to work on /opt/airflow/dags/etl_dag.py
[2025-11-11T06:11:12.260+0000] {processor.py:830} INFO - Processing file /opt/airflow/dags/etl_dag.py for tasks to queue
[2025-11-11T06:11:12.284+0000] {logging_mixin.py:188} INFO - [2025-11-11T06:11:12.283+0000] {dagbag.py:538} INFO - Filling up the DagBag from /opt/airflow/dags/etl_dag.py
[2025-11-11T06:11:15.379+0000] {processor.py:840} INFO - DAG(s) 'simple_etl_lineage' retrieved from /opt/airflow/dags/etl_dag.py
[2025-11-11T06:11:15.712+0000] {logging_mixin.py:188} INFO - [2025-11-11T06:11:15.711+0000] {dag.py:3036} INFO - Sync 1 DAGs
[2025-11-11T06:11:15.811+0000] {logging_mixin.py:188} INFO - [2025-11-11T06:11:15.810+0000] {dag.py:3823} INFO - Setting next_dagrun for simple_etl_lineage to None, run_after=None
[2025-11-11T06:11:15.975+0000] {processor.py:183} INFO - Processing /opt/airflow/dags/etl_dag.py took 3.746 seconds
[2025-11-11T06:11:47.175+0000] {processor.py:161} INFO - Started process (PID=4666) to work on /opt/airflow/dags/etl_dag.py
[2025-11-11T06:11:47.180+0000] {processor.py:830} INFO - Processing file /opt/airflow/dags/etl_dag.py for tasks to queue
[2025-11-11T06:11:47.195+0000] {logging_mixin.py:188} INFO - [2025-11-11T06:11:47.195+0000] {dagbag.py:538} INFO - Filling up the DagBag from /opt/airflow/dags/etl_dag.py
[2025-11-11T06:11:47.449+0000] {processor.py:840} INFO - DAG(s) 'simple_etl_lineage' retrieved from /opt/airflow/dags/etl_dag.py
[2025-11-11T06:11:47.726+0000] {logging_mixin.py:188} INFO - [2025-11-11T06:11:47.726+0000] {dag.py:3036} INFO - Sync 1 DAGs
[2025-11-11T06:11:48.037+0000] {logging_mixin.py:188} INFO - [2025-11-11T06:11:48.037+0000] {dag.py:3823} INFO - Setting next_dagrun for simple_etl_lineage to None, run_after=None
[2025-11-11T06:11:48.219+0000] {processor.py:183} INFO - Processing /opt/airflow/dags/etl_dag.py took 1.051 seconds
[2025-11-11T06:12:19.023+0000] {processor.py:161} INFO - Started process (PID=4676) to work on /opt/airflow/dags/etl_dag.py
[2025-11-11T06:12:19.035+0000] {processor.py:830} INFO - Processing file /opt/airflow/dags/etl_dag.py for tasks to queue
[2025-11-11T06:12:19.049+0000] {logging_mixin.py:188} INFO - [2025-11-11T06:12:19.049+0000] {dagbag.py:538} INFO - Filling up the DagBag from /opt/airflow/dags/etl_dag.py
[2025-11-11T06:12:19.135+0000] {processor.py:840} INFO - DAG(s) 'simple_etl_lineage' retrieved from /opt/airflow/dags/etl_dag.py
[2025-11-11T06:12:19.233+0000] {logging_mixin.py:188} INFO - [2025-11-11T06:12:19.231+0000] {dag.py:3036} INFO - Sync 1 DAGs
[2025-11-11T06:12:19.270+0000] {logging_mixin.py:188} INFO - [2025-11-11T06:12:19.269+0000] {dag.py:3823} INFO - Setting next_dagrun for simple_etl_lineage to None, run_after=None
[2025-11-11T06:12:19.330+0000] {processor.py:183} INFO - Processing /opt/airflow/dags/etl_dag.py took 0.322 seconds
[2025-11-11T06:12:49.629+0000] {processor.py:161} INFO - Started process (PID=4686) to work on /opt/airflow/dags/etl_dag.py
[2025-11-11T06:12:49.635+0000] {processor.py:830} INFO - Processing file /opt/airflow/dags/etl_dag.py for tasks to queue
[2025-11-11T06:12:49.642+0000] {logging_mixin.py:188} INFO - [2025-11-11T06:12:49.641+0000] {dagbag.py:538} INFO - Filling up the DagBag from /opt/airflow/dags/etl_dag.py
[2025-11-11T06:12:49.722+0000] {processor.py:840} INFO - DAG(s) 'simple_etl_lineage' retrieved from /opt/airflow/dags/etl_dag.py
[2025-11-11T06:12:49.949+0000] {logging_mixin.py:188} INFO - [2025-11-11T06:12:49.948+0000] {dag.py:3036} INFO - Sync 1 DAGs
[2025-11-11T06:12:50.000+0000] {logging_mixin.py:188} INFO - [2025-11-11T06:12:50.000+0000] {dag.py:3823} INFO - Setting next_dagrun for simple_etl_lineage to None, run_after=None
[2025-11-11T06:12:50.054+0000] {processor.py:183} INFO - Processing /opt/airflow/dags/etl_dag.py took 0.429 seconds
[2025-11-11T06:13:20.726+0000] {processor.py:161} INFO - Started process (PID=4696) to work on /opt/airflow/dags/etl_dag.py
[2025-11-11T06:13:20.727+0000] {processor.py:830} INFO - Processing file /opt/airflow/dags/etl_dag.py for tasks to queue
[2025-11-11T06:13:20.729+0000] {logging_mixin.py:188} INFO - [2025-11-11T06:13:20.728+0000] {dagbag.py:538} INFO - Filling up the DagBag from /opt/airflow/dags/etl_dag.py
[2025-11-11T06:13:20.749+0000] {processor.py:840} INFO - DAG(s) 'simple_etl_lineage' retrieved from /opt/airflow/dags/etl_dag.py
[2025-11-11T06:13:20.793+0000] {logging_mixin.py:188} INFO - [2025-11-11T06:13:20.792+0000] {dag.py:3036} INFO - Sync 1 DAGs
[2025-11-11T06:13:20.889+0000] {logging_mixin.py:188} INFO - [2025-11-11T06:13:20.889+0000] {dag.py:3823} INFO - Setting next_dagrun for simple_etl_lineage to None, run_after=None
[2025-11-11T06:13:21.064+0000] {processor.py:183} INFO - Processing /opt/airflow/dags/etl_dag.py took 0.343 seconds
[2025-11-11T06:13:51.430+0000] {processor.py:161} INFO - Started process (PID=4706) to work on /opt/airflow/dags/etl_dag.py
[2025-11-11T06:13:51.433+0000] {processor.py:830} INFO - Processing file /opt/airflow/dags/etl_dag.py for tasks to queue
[2025-11-11T06:13:51.442+0000] {logging_mixin.py:188} INFO - [2025-11-11T06:13:51.442+0000] {dagbag.py:538} INFO - Filling up the DagBag from /opt/airflow/dags/etl_dag.py
[2025-11-11T06:13:51.546+0000] {processor.py:840} INFO - DAG(s) 'simple_etl_lineage' retrieved from /opt/airflow/dags/etl_dag.py
[2025-11-11T06:13:51.812+0000] {logging_mixin.py:188} INFO - [2025-11-11T06:13:51.811+0000] {dag.py:3036} INFO - Sync 1 DAGs
[2025-11-11T06:13:51.914+0000] {logging_mixin.py:188} INFO - [2025-11-11T06:13:51.914+0000] {dag.py:3823} INFO - Setting next_dagrun for simple_etl_lineage to None, run_after=None
[2025-11-11T06:13:52.029+0000] {processor.py:183} INFO - Processing /opt/airflow/dags/etl_dag.py took 0.605 seconds
[2025-11-11T06:14:24.454+0000] {processor.py:161} INFO - Started process (PID=4718) to work on /opt/airflow/dags/etl_dag.py
[2025-11-11T06:14:24.570+0000] {processor.py:830} INFO - Processing file /opt/airflow/dags/etl_dag.py for tasks to queue
[2025-11-11T06:14:24.628+0000] {logging_mixin.py:188} INFO - [2025-11-11T06:14:24.627+0000] {dagbag.py:538} INFO - Filling up the DagBag from /opt/airflow/dags/etl_dag.py
[2025-11-11T06:14:24.994+0000] {processor.py:840} INFO - DAG(s) 'simple_etl_lineage' retrieved from /opt/airflow/dags/etl_dag.py
[2025-11-11T06:14:25.102+0000] {logging_mixin.py:188} INFO - [2025-11-11T06:14:25.101+0000] {dag.py:3036} INFO - Sync 1 DAGs
[2025-11-11T06:14:25.151+0000] {logging_mixin.py:188} INFO - [2025-11-11T06:14:25.150+0000] {dag.py:3823} INFO - Setting next_dagrun for simple_etl_lineage to None, run_after=None
[2025-11-11T06:14:25.212+0000] {processor.py:183} INFO - Processing /opt/airflow/dags/etl_dag.py took 0.764 seconds
[2025-11-11T06:14:55.880+0000] {processor.py:161} INFO - Started process (PID=4728) to work on /opt/airflow/dags/etl_dag.py
[2025-11-11T06:14:55.899+0000] {processor.py:830} INFO - Processing file /opt/airflow/dags/etl_dag.py for tasks to queue
[2025-11-11T06:14:55.910+0000] {logging_mixin.py:188} INFO - [2025-11-11T06:14:55.910+0000] {dagbag.py:538} INFO - Filling up the DagBag from /opt/airflow/dags/etl_dag.py
[2025-11-11T06:14:55.972+0000] {processor.py:840} INFO - DAG(s) 'simple_etl_lineage' retrieved from /opt/airflow/dags/etl_dag.py
[2025-11-11T06:14:56.087+0000] {logging_mixin.py:188} INFO - [2025-11-11T06:14:56.087+0000] {dag.py:3036} INFO - Sync 1 DAGs
[2025-11-11T06:14:56.193+0000] {logging_mixin.py:188} INFO - [2025-11-11T06:14:56.192+0000] {dag.py:3823} INFO - Setting next_dagrun for simple_etl_lineage to None, run_after=None
[2025-11-11T06:14:56.297+0000] {processor.py:183} INFO - Processing /opt/airflow/dags/etl_dag.py took 0.423 seconds
[2025-11-11T06:15:28.057+0000] {processor.py:161} INFO - Started process (PID=4738) to work on /opt/airflow/dags/etl_dag.py
[2025-11-11T06:15:28.068+0000] {processor.py:830} INFO - Processing file /opt/airflow/dags/etl_dag.py for tasks to queue
[2025-11-11T06:15:28.071+0000] {logging_mixin.py:188} INFO - [2025-11-11T06:15:28.070+0000] {dagbag.py:538} INFO - Filling up the DagBag from /opt/airflow/dags/etl_dag.py
[2025-11-11T06:15:28.157+0000] {processor.py:840} INFO - DAG(s) 'simple_etl_lineage' retrieved from /opt/airflow/dags/etl_dag.py
[2025-11-11T06:15:28.279+0000] {logging_mixin.py:188} INFO - [2025-11-11T06:15:28.278+0000] {dag.py:3036} INFO - Sync 1 DAGs
[2025-11-11T06:15:28.349+0000] {logging_mixin.py:188} INFO - [2025-11-11T06:15:28.348+0000] {dag.py:3823} INFO - Setting next_dagrun for simple_etl_lineage to None, run_after=None
[2025-11-11T06:15:28.466+0000] {processor.py:183} INFO - Processing /opt/airflow/dags/etl_dag.py took 0.416 seconds
[2025-11-11T06:16:00.980+0000] {processor.py:161} INFO - Started process (PID=4748) to work on /opt/airflow/dags/etl_dag.py
[2025-11-11T06:16:00.988+0000] {processor.py:830} INFO - Processing file /opt/airflow/dags/etl_dag.py for tasks to queue
[2025-11-11T06:16:00.994+0000] {logging_mixin.py:188} INFO - [2025-11-11T06:16:00.993+0000] {dagbag.py:538} INFO - Filling up the DagBag from /opt/airflow/dags/etl_dag.py
[2025-11-11T06:16:01.711+0000] {processor.py:840} INFO - DAG(s) 'simple_etl_lineage' retrieved from /opt/airflow/dags/etl_dag.py
[2025-11-11T06:16:01.977+0000] {logging_mixin.py:188} INFO - [2025-11-11T06:16:01.976+0000] {dag.py:3036} INFO - Sync 1 DAGs
[2025-11-11T06:16:02.117+0000] {logging_mixin.py:188} INFO - [2025-11-11T06:16:02.116+0000] {dag.py:3823} INFO - Setting next_dagrun for simple_etl_lineage to None, run_after=None
[2025-11-11T06:16:02.296+0000] {processor.py:183} INFO - Processing /opt/airflow/dags/etl_dag.py took 1.322 seconds
[2025-11-11T06:21:22.142+0000] {processor.py:161} INFO - Started process (PID=178) to work on /opt/airflow/dags/etl_dag.py
[2025-11-11T06:21:22.145+0000] {processor.py:830} INFO - Processing file /opt/airflow/dags/etl_dag.py for tasks to queue
[2025-11-11T06:21:22.147+0000] {logging_mixin.py:188} INFO - [2025-11-11T06:21:22.146+0000] {dagbag.py:538} INFO - Filling up the DagBag from /opt/airflow/dags/etl_dag.py
[2025-11-11T06:21:22.321+0000] {processor.py:840} INFO - DAG(s) 'simple_etl_lineage' retrieved from /opt/airflow/dags/etl_dag.py
[2025-11-11T06:21:24.515+0000] {logging_mixin.py:188} INFO - [2025-11-11T06:21:24.511+0000] {override.py:1769} INFO - Created Permission View: can edit on DAG:simple_etl_lineage
[2025-11-11T06:21:24.713+0000] {logging_mixin.py:188} INFO - [2025-11-11T06:21:24.712+0000] {override.py:1769} INFO - Created Permission View: can read on DAG:simple_etl_lineage
[2025-11-11T06:21:24.886+0000] {logging_mixin.py:188} INFO - [2025-11-11T06:21:24.886+0000] {override.py:1769} INFO - Created Permission View: can delete on DAG:simple_etl_lineage
[2025-11-11T06:21:25.025+0000] {logging_mixin.py:188} INFO - [2025-11-11T06:21:25.024+0000] {dag.py:3036} INFO - Sync 1 DAGs
[2025-11-11T06:21:25.073+0000] {logging_mixin.py:188} INFO - [2025-11-11T06:21:25.073+0000] {dag.py:3058} INFO - Creating ORM DAG for simple_etl_lineage
[2025-11-11T06:21:25.283+0000] {logging_mixin.py:188} INFO - [2025-11-11T06:21:25.283+0000] {dag.py:3823} INFO - Setting next_dagrun for simple_etl_lineage to None, run_after=None
[2025-11-11T06:21:25.488+0000] {processor.py:183} INFO - Processing /opt/airflow/dags/etl_dag.py took 3.362 seconds
[2025-11-11T06:22:05.951+0000] {processor.py:161} INFO - Started process (PID=192) to work on /opt/airflow/dags/etl_dag.py
[2025-11-11T06:22:05.968+0000] {processor.py:830} INFO - Processing file /opt/airflow/dags/etl_dag.py for tasks to queue
[2025-11-11T06:22:05.986+0000] {logging_mixin.py:188} INFO - [2025-11-11T06:22:05.986+0000] {dagbag.py:538} INFO - Filling up the DagBag from /opt/airflow/dags/etl_dag.py
[2025-11-11T06:22:07.164+0000] {processor.py:840} INFO - DAG(s) 'simple_etl_lineage' retrieved from /opt/airflow/dags/etl_dag.py
[2025-11-11T06:22:07.696+0000] {logging_mixin.py:188} INFO - [2025-11-11T06:22:07.696+0000] {dag.py:3036} INFO - Sync 1 DAGs
[2025-11-11T06:22:07.882+0000] {logging_mixin.py:188} INFO - [2025-11-11T06:22:07.881+0000] {dag.py:3823} INFO - Setting next_dagrun for simple_etl_lineage to None, run_after=None
[2025-11-11T06:22:08.110+0000] {processor.py:183} INFO - Processing /opt/airflow/dags/etl_dag.py took 2.200 seconds
[2025-11-11T06:22:38.564+0000] {processor.py:161} INFO - Started process (PID=205) to work on /opt/airflow/dags/etl_dag.py
[2025-11-11T06:22:38.567+0000] {processor.py:830} INFO - Processing file /opt/airflow/dags/etl_dag.py for tasks to queue
[2025-11-11T06:22:38.570+0000] {logging_mixin.py:188} INFO - [2025-11-11T06:22:38.569+0000] {dagbag.py:538} INFO - Filling up the DagBag from /opt/airflow/dags/etl_dag.py
[2025-11-11T06:22:38.605+0000] {processor.py:840} INFO - DAG(s) 'simple_etl_lineage' retrieved from /opt/airflow/dags/etl_dag.py
[2025-11-11T06:22:38.646+0000] {logging_mixin.py:188} INFO - [2025-11-11T06:22:38.645+0000] {dag.py:3036} INFO - Sync 1 DAGs
[2025-11-11T06:22:38.665+0000] {logging_mixin.py:188} INFO - [2025-11-11T06:22:38.665+0000] {dag.py:3823} INFO - Setting next_dagrun for simple_etl_lineage to None, run_after=None
[2025-11-11T06:22:38.710+0000] {processor.py:183} INFO - Processing /opt/airflow/dags/etl_dag.py took 0.154 seconds
[2025-11-11T06:23:10.321+0000] {processor.py:161} INFO - Started process (PID=213) to work on /opt/airflow/dags/etl_dag.py
[2025-11-11T06:23:10.334+0000] {processor.py:830} INFO - Processing file /opt/airflow/dags/etl_dag.py for tasks to queue
[2025-11-11T06:23:10.352+0000] {logging_mixin.py:188} INFO - [2025-11-11T06:23:10.339+0000] {dagbag.py:538} INFO - Filling up the DagBag from /opt/airflow/dags/etl_dag.py
[2025-11-11T06:23:10.830+0000] {processor.py:840} INFO - DAG(s) 'simple_etl_lineage' retrieved from /opt/airflow/dags/etl_dag.py
[2025-11-11T06:23:11.214+0000] {logging_mixin.py:188} INFO - [2025-11-11T06:23:11.214+0000] {dag.py:3036} INFO - Sync 1 DAGs
[2025-11-11T06:23:11.312+0000] {logging_mixin.py:188} INFO - [2025-11-11T06:23:11.311+0000] {dag.py:3823} INFO - Setting next_dagrun for simple_etl_lineage to None, run_after=None
[2025-11-11T06:23:11.436+0000] {processor.py:183} INFO - Processing /opt/airflow/dags/etl_dag.py took 1.146 seconds
[2025-11-11T06:25:16.077+0000] {processor.py:161} INFO - Started process (PID=178) to work on /opt/airflow/dags/etl_dag.py
[2025-11-11T06:25:16.098+0000] {processor.py:830} INFO - Processing file /opt/airflow/dags/etl_dag.py for tasks to queue
[2025-11-11T06:25:16.103+0000] {logging_mixin.py:188} INFO - [2025-11-11T06:25:16.102+0000] {dagbag.py:538} INFO - Filling up the DagBag from /opt/airflow/dags/etl_dag.py
[2025-11-11T06:25:19.263+0000] {processor.py:840} INFO - DAG(s) 'simple_etl_lineage' retrieved from /opt/airflow/dags/etl_dag.py
[2025-11-11T06:25:24.114+0000] {logging_mixin.py:188} INFO - [2025-11-11T06:25:24.091+0000] {dag.py:3036} INFO - Sync 1 DAGs
[2025-11-11T06:25:24.216+0000] {logging_mixin.py:188} INFO - [2025-11-11T06:25:24.215+0000] {dag.py:3823} INFO - Setting next_dagrun for simple_etl_lineage to None, run_after=None
[2025-11-11T06:25:24.739+0000] {processor.py:183} INFO - Processing /opt/airflow/dags/etl_dag.py took 8.727 seconds
[2025-11-11T06:26:00.666+0000] {processor.py:161} INFO - Started process (PID=193) to work on /opt/airflow/dags/etl_dag.py
[2025-11-11T06:26:01.576+0000] {processor.py:830} INFO - Processing file /opt/airflow/dags/etl_dag.py for tasks to queue
[2025-11-11T06:26:01.665+0000] {logging_mixin.py:188} INFO - [2025-11-11T06:26:01.633+0000] {dagbag.py:538} INFO - Filling up the DagBag from /opt/airflow/dags/etl_dag.py
[2025-11-11T06:26:03.415+0000] {processor.py:840} INFO - DAG(s) 'simple_etl_lineage' retrieved from /opt/airflow/dags/etl_dag.py
[2025-11-11T06:26:05.425+0000] {logging_mixin.py:188} INFO - [2025-11-11T06:26:05.425+0000] {dag.py:3036} INFO - Sync 1 DAGs
[2025-11-11T06:26:08.411+0000] {logging_mixin.py:188} INFO - [2025-11-11T06:26:08.411+0000] {dag.py:3823} INFO - Setting next_dagrun for simple_etl_lineage to None, run_after=None
[2025-11-11T06:26:08.674+0000] {processor.py:183} INFO - Processing /opt/airflow/dags/etl_dag.py took 8.017 seconds
[2025-11-11T06:26:39.119+0000] {processor.py:161} INFO - Started process (PID=203) to work on /opt/airflow/dags/etl_dag.py
[2025-11-11T06:26:39.122+0000] {processor.py:830} INFO - Processing file /opt/airflow/dags/etl_dag.py for tasks to queue
[2025-11-11T06:26:39.127+0000] {logging_mixin.py:188} INFO - [2025-11-11T06:26:39.126+0000] {dagbag.py:538} INFO - Filling up the DagBag from /opt/airflow/dags/etl_dag.py
[2025-11-11T06:26:40.298+0000] {processor.py:840} INFO - DAG(s) 'simple_etl_lineage' retrieved from /opt/airflow/dags/etl_dag.py
[2025-11-11T06:26:41.284+0000] {logging_mixin.py:188} INFO - [2025-11-11T06:26:41.283+0000] {dag.py:3036} INFO - Sync 1 DAGs
[2025-11-11T06:26:41.420+0000] {logging_mixin.py:188} INFO - [2025-11-11T06:26:41.419+0000] {dag.py:3823} INFO - Setting next_dagrun for simple_etl_lineage to None, run_after=None
[2025-11-11T06:26:41.506+0000] {processor.py:183} INFO - Processing /opt/airflow/dags/etl_dag.py took 2.398 seconds
[2025-11-11T06:27:14.107+0000] {processor.py:161} INFO - Started process (PID=218) to work on /opt/airflow/dags/etl_dag.py
[2025-11-11T06:27:14.115+0000] {processor.py:830} INFO - Processing file /opt/airflow/dags/etl_dag.py for tasks to queue
[2025-11-11T06:27:14.123+0000] {logging_mixin.py:188} INFO - [2025-11-11T06:27:14.122+0000] {dagbag.py:538} INFO - Filling up the DagBag from /opt/airflow/dags/etl_dag.py
[2025-11-11T06:27:14.199+0000] {processor.py:840} INFO - DAG(s) 'simple_etl_lineage' retrieved from /opt/airflow/dags/etl_dag.py
[2025-11-11T06:27:15.482+0000] {logging_mixin.py:188} INFO - [2025-11-11T06:27:15.481+0000] {dag.py:3036} INFO - Sync 1 DAGs
[2025-11-11T06:27:19.164+0000] {logging_mixin.py:188} INFO - [2025-11-11T06:27:19.163+0000] {dag.py:3823} INFO - Setting next_dagrun for simple_etl_lineage to None, run_after=None
[2025-11-11T06:27:22.979+0000] {processor.py:183} INFO - Processing /opt/airflow/dags/etl_dag.py took 8.897 seconds
[2025-11-11T06:27:55.153+0000] {processor.py:161} INFO - Started process (PID=233) to work on /opt/airflow/dags/etl_dag.py
[2025-11-11T06:27:55.169+0000] {processor.py:830} INFO - Processing file /opt/airflow/dags/etl_dag.py for tasks to queue
[2025-11-11T06:27:55.191+0000] {logging_mixin.py:188} INFO - [2025-11-11T06:27:55.186+0000] {dagbag.py:538} INFO - Filling up the DagBag from /opt/airflow/dags/etl_dag.py
[2025-11-11T06:27:56.067+0000] {processor.py:840} INFO - DAG(s) 'simple_etl_lineage' retrieved from /opt/airflow/dags/etl_dag.py
[2025-11-11T06:27:56.238+0000] {logging_mixin.py:188} INFO - [2025-11-11T06:27:56.237+0000] {dag.py:3036} INFO - Sync 1 DAGs
[2025-11-11T06:27:56.367+0000] {logging_mixin.py:188} INFO - [2025-11-11T06:27:56.366+0000] {dag.py:3823} INFO - Setting next_dagrun for simple_etl_lineage to None, run_after=None
[2025-11-11T06:27:56.501+0000] {processor.py:183} INFO - Processing /opt/airflow/dags/etl_dag.py took 1.367 seconds
[2025-11-11T06:28:27.084+0000] {processor.py:161} INFO - Started process (PID=251) to work on /opt/airflow/dags/etl_dag.py
[2025-11-11T06:28:27.102+0000] {processor.py:830} INFO - Processing file /opt/airflow/dags/etl_dag.py for tasks to queue
[2025-11-11T06:28:27.106+0000] {logging_mixin.py:188} INFO - [2025-11-11T06:28:27.106+0000] {dagbag.py:538} INFO - Filling up the DagBag from /opt/airflow/dags/etl_dag.py
[2025-11-11T06:28:27.200+0000] {processor.py:840} INFO - DAG(s) 'simple_etl_lineage' retrieved from /opt/airflow/dags/etl_dag.py
[2025-11-11T06:28:27.396+0000] {logging_mixin.py:188} INFO - [2025-11-11T06:28:27.395+0000] {dag.py:3036} INFO - Sync 1 DAGs
[2025-11-11T06:28:27.444+0000] {logging_mixin.py:188} INFO - [2025-11-11T06:28:27.443+0000] {dag.py:3823} INFO - Setting next_dagrun for simple_etl_lineage to None, run_after=None
[2025-11-11T06:28:27.534+0000] {processor.py:183} INFO - Processing /opt/airflow/dags/etl_dag.py took 0.460 seconds
[2025-11-11T06:28:58.651+0000] {processor.py:161} INFO - Started process (PID=261) to work on /opt/airflow/dags/etl_dag.py
[2025-11-11T06:28:58.655+0000] {processor.py:830} INFO - Processing file /opt/airflow/dags/etl_dag.py for tasks to queue
[2025-11-11T06:28:58.660+0000] {logging_mixin.py:188} INFO - [2025-11-11T06:28:58.659+0000] {dagbag.py:538} INFO - Filling up the DagBag from /opt/airflow/dags/etl_dag.py
[2025-11-11T06:28:59.818+0000] {processor.py:840} INFO - DAG(s) 'simple_etl_lineage' retrieved from /opt/airflow/dags/etl_dag.py
[2025-11-11T06:30:21.999+0000] {processor.py:161} INFO - Started process (PID=266) to work on /opt/airflow/dags/etl_dag.py
[2025-11-11T06:30:22.012+0000] {processor.py:830} INFO - Processing file /opt/airflow/dags/etl_dag.py for tasks to queue
[2025-11-11T06:30:22.038+0000] {logging_mixin.py:188} INFO - [2025-11-11T06:30:22.019+0000] {dagbag.py:538} INFO - Filling up the DagBag from /opt/airflow/dags/etl_dag.py
[2025-11-11T06:30:23.602+0000] {processor.py:840} INFO - DAG(s) 'simple_etl_lineage' retrieved from /opt/airflow/dags/etl_dag.py
[2025-11-11T06:30:24.969+0000] {logging_mixin.py:188} INFO - [2025-11-11T06:30:24.968+0000] {dag.py:3036} INFO - Sync 1 DAGs
[2025-11-11T06:30:25.637+0000] {logging_mixin.py:188} INFO - [2025-11-11T06:30:25.637+0000] {dag.py:3823} INFO - Setting next_dagrun for simple_etl_lineage to None, run_after=None
[2025-11-11T06:30:25.922+0000] {processor.py:183} INFO - Processing /opt/airflow/dags/etl_dag.py took 4.033 seconds
[2025-11-11T06:30:57.394+0000] {processor.py:161} INFO - Started process (PID=278) to work on /opt/airflow/dags/etl_dag.py
[2025-11-11T06:30:57.398+0000] {processor.py:830} INFO - Processing file /opt/airflow/dags/etl_dag.py for tasks to queue
[2025-11-11T06:30:57.400+0000] {logging_mixin.py:188} INFO - [2025-11-11T06:30:57.399+0000] {dagbag.py:538} INFO - Filling up the DagBag from /opt/airflow/dags/etl_dag.py
[2025-11-11T06:30:57.488+0000] {processor.py:840} INFO - DAG(s) 'simple_etl_lineage' retrieved from /opt/airflow/dags/etl_dag.py
[2025-11-11T06:30:57.634+0000] {logging_mixin.py:188} INFO - [2025-11-11T06:30:57.634+0000] {dag.py:3036} INFO - Sync 1 DAGs
[2025-11-11T06:30:57.691+0000] {logging_mixin.py:188} INFO - [2025-11-11T06:30:57.691+0000] {dag.py:3823} INFO - Setting next_dagrun for simple_etl_lineage to None, run_after=None
[2025-11-11T06:30:57.787+0000] {processor.py:183} INFO - Processing /opt/airflow/dags/etl_dag.py took 0.398 seconds
[2025-11-11T06:31:34.824+0000] {processor.py:161} INFO - Started process (PID=288) to work on /opt/airflow/dags/etl_dag.py
[2025-11-11T06:31:34.904+0000] {processor.py:830} INFO - Processing file /opt/airflow/dags/etl_dag.py for tasks to queue
[2025-11-11T06:31:35.009+0000] {logging_mixin.py:188} INFO - [2025-11-11T06:31:34.993+0000] {dagbag.py:538} INFO - Filling up the DagBag from /opt/airflow/dags/etl_dag.py
[2025-11-11T06:31:35.929+0000] {processor.py:840} INFO - DAG(s) 'simple_etl_lineage' retrieved from /opt/airflow/dags/etl_dag.py
[2025-11-11T06:31:36.415+0000] {logging_mixin.py:188} INFO - [2025-11-11T06:31:36.415+0000] {dag.py:3036} INFO - Sync 1 DAGs
[2025-11-11T06:31:36.462+0000] {logging_mixin.py:188} INFO - [2025-11-11T06:31:36.462+0000] {dag.py:3823} INFO - Setting next_dagrun for simple_etl_lineage to None, run_after=None
[2025-11-11T06:31:36.584+0000] {processor.py:183} INFO - Processing /opt/airflow/dags/etl_dag.py took 2.275 seconds
[2025-11-11T06:32:09.270+0000] {processor.py:161} INFO - Started process (PID=298) to work on /opt/airflow/dags/etl_dag.py
[2025-11-11T06:32:09.307+0000] {processor.py:830} INFO - Processing file /opt/airflow/dags/etl_dag.py for tasks to queue
[2025-11-11T06:32:09.314+0000] {logging_mixin.py:188} INFO - [2025-11-11T06:32:09.313+0000] {dagbag.py:538} INFO - Filling up the DagBag from /opt/airflow/dags/etl_dag.py
[2025-11-11T06:32:10.474+0000] {processor.py:840} INFO - DAG(s) 'simple_etl_lineage' retrieved from /opt/airflow/dags/etl_dag.py
[2025-11-11T06:32:11.050+0000] {logging_mixin.py:188} INFO - [2025-11-11T06:32:11.049+0000] {dag.py:3036} INFO - Sync 1 DAGs
[2025-11-11T06:32:11.233+0000] {logging_mixin.py:188} INFO - [2025-11-11T06:32:11.233+0000] {dag.py:3823} INFO - Setting next_dagrun for simple_etl_lineage to None, run_after=None
[2025-11-11T06:32:11.594+0000] {processor.py:183} INFO - Processing /opt/airflow/dags/etl_dag.py took 2.330 seconds
[2025-11-11T06:32:42.431+0000] {processor.py:161} INFO - Started process (PID=308) to work on /opt/airflow/dags/etl_dag.py
[2025-11-11T06:32:42.441+0000] {processor.py:830} INFO - Processing file /opt/airflow/dags/etl_dag.py for tasks to queue
[2025-11-11T06:32:42.458+0000] {logging_mixin.py:188} INFO - [2025-11-11T06:32:42.457+0000] {dagbag.py:538} INFO - Filling up the DagBag from /opt/airflow/dags/etl_dag.py
[2025-11-11T06:32:42.718+0000] {processor.py:840} INFO - DAG(s) 'simple_etl_lineage' retrieved from /opt/airflow/dags/etl_dag.py
[2025-11-11T06:32:42.961+0000] {logging_mixin.py:188} INFO - [2025-11-11T06:32:42.959+0000] {dag.py:3036} INFO - Sync 1 DAGs
[2025-11-11T06:32:43.037+0000] {logging_mixin.py:188} INFO - [2025-11-11T06:32:43.036+0000] {dag.py:3823} INFO - Setting next_dagrun for simple_etl_lineage to None, run_after=None
[2025-11-11T06:32:43.184+0000] {processor.py:183} INFO - Processing /opt/airflow/dags/etl_dag.py took 0.758 seconds
[2025-11-11T06:33:16.809+0000] {processor.py:161} INFO - Started process (PID=316) to work on /opt/airflow/dags/etl_dag.py
[2025-11-11T06:33:16.817+0000] {processor.py:830} INFO - Processing file /opt/airflow/dags/etl_dag.py for tasks to queue
[2025-11-11T06:33:16.828+0000] {logging_mixin.py:188} INFO - [2025-11-11T06:33:16.823+0000] {dagbag.py:538} INFO - Filling up the DagBag from /opt/airflow/dags/etl_dag.py
[2025-11-11T06:33:17.258+0000] {processor.py:840} INFO - DAG(s) 'simple_etl_lineage' retrieved from /opt/airflow/dags/etl_dag.py
[2025-11-11T06:33:17.560+0000] {logging_mixin.py:188} INFO - [2025-11-11T06:33:17.560+0000] {dag.py:3036} INFO - Sync 1 DAGs
[2025-11-11T06:33:17.719+0000] {logging_mixin.py:188} INFO - [2025-11-11T06:33:17.719+0000] {dag.py:3823} INFO - Setting next_dagrun for simple_etl_lineage to None, run_after=None
[2025-11-11T06:33:17.833+0000] {processor.py:183} INFO - Processing /opt/airflow/dags/etl_dag.py took 1.081 seconds
[2025-11-11T06:33:50.938+0000] {processor.py:161} INFO - Started process (PID=328) to work on /opt/airflow/dags/etl_dag.py
[2025-11-11T06:33:50.945+0000] {processor.py:830} INFO - Processing file /opt/airflow/dags/etl_dag.py for tasks to queue
[2025-11-11T06:33:50.948+0000] {logging_mixin.py:188} INFO - [2025-11-11T06:33:50.947+0000] {dagbag.py:538} INFO - Filling up the DagBag from /opt/airflow/dags/etl_dag.py
[2025-11-11T06:33:51.232+0000] {processor.py:840} INFO - DAG(s) 'simple_etl_lineage' retrieved from /opt/airflow/dags/etl_dag.py
[2025-11-11T06:33:51.499+0000] {logging_mixin.py:188} INFO - [2025-11-11T06:33:51.499+0000] {dag.py:3036} INFO - Sync 1 DAGs
[2025-11-11T06:33:51.653+0000] {logging_mixin.py:188} INFO - [2025-11-11T06:33:51.652+0000] {dag.py:3823} INFO - Setting next_dagrun for simple_etl_lineage to None, run_after=None
[2025-11-11T06:33:51.755+0000] {processor.py:183} INFO - Processing /opt/airflow/dags/etl_dag.py took 0.822 seconds
[2025-11-11T06:34:22.645+0000] {processor.py:161} INFO - Started process (PID=338) to work on /opt/airflow/dags/etl_dag.py
[2025-11-11T06:34:22.669+0000] {processor.py:830} INFO - Processing file /opt/airflow/dags/etl_dag.py for tasks to queue
[2025-11-11T06:34:22.684+0000] {logging_mixin.py:188} INFO - [2025-11-11T06:34:22.683+0000] {dagbag.py:538} INFO - Filling up the DagBag from /opt/airflow/dags/etl_dag.py
[2025-11-11T06:34:23.382+0000] {processor.py:840} INFO - DAG(s) 'simple_etl_lineage' retrieved from /opt/airflow/dags/etl_dag.py
[2025-11-11T06:34:23.753+0000] {logging_mixin.py:188} INFO - [2025-11-11T06:34:23.752+0000] {dag.py:3036} INFO - Sync 1 DAGs
[2025-11-11T06:34:24.676+0000] {logging_mixin.py:188} INFO - [2025-11-11T06:34:24.676+0000] {dag.py:3823} INFO - Setting next_dagrun for simple_etl_lineage to None, run_after=None
[2025-11-11T06:34:25.388+0000] {processor.py:183} INFO - Processing /opt/airflow/dags/etl_dag.py took 2.756 seconds
[2025-11-11T06:34:57.650+0000] {processor.py:161} INFO - Started process (PID=348) to work on /opt/airflow/dags/etl_dag.py
[2025-11-11T06:34:57.677+0000] {processor.py:830} INFO - Processing file /opt/airflow/dags/etl_dag.py for tasks to queue
[2025-11-11T06:34:57.684+0000] {logging_mixin.py:188} INFO - [2025-11-11T06:34:57.681+0000] {dagbag.py:538} INFO - Filling up the DagBag from /opt/airflow/dags/etl_dag.py
[2025-11-11T06:34:58.219+0000] {processor.py:840} INFO - DAG(s) 'simple_etl_lineage' retrieved from /opt/airflow/dags/etl_dag.py
[2025-11-11T06:35:01.291+0000] {logging_mixin.py:188} INFO - [2025-11-11T06:35:01.290+0000] {dag.py:3036} INFO - Sync 1 DAGs
[2025-11-11T06:35:01.675+0000] {logging_mixin.py:188} INFO - [2025-11-11T06:35:01.675+0000] {dag.py:3823} INFO - Setting next_dagrun for simple_etl_lineage to None, run_after=None
[2025-11-11T06:35:04.564+0000] {processor.py:183} INFO - Processing /opt/airflow/dags/etl_dag.py took 6.934 seconds
[2025-11-11T06:35:37.934+0000] {processor.py:161} INFO - Started process (PID=358) to work on /opt/airflow/dags/etl_dag.py
[2025-11-11T06:35:37.938+0000] {processor.py:830} INFO - Processing file /opt/airflow/dags/etl_dag.py for tasks to queue
[2025-11-11T06:35:37.947+0000] {logging_mixin.py:188} INFO - [2025-11-11T06:35:37.947+0000] {dagbag.py:538} INFO - Filling up the DagBag from /opt/airflow/dags/etl_dag.py
[2025-11-11T06:35:38.106+0000] {processor.py:840} INFO - DAG(s) 'simple_etl_lineage' retrieved from /opt/airflow/dags/etl_dag.py
[2025-11-11T06:35:38.301+0000] {logging_mixin.py:188} INFO - [2025-11-11T06:35:38.301+0000] {dag.py:3036} INFO - Sync 1 DAGs
[2025-11-11T06:35:38.374+0000] {logging_mixin.py:188} INFO - [2025-11-11T06:35:38.373+0000] {dag.py:3823} INFO - Setting next_dagrun for simple_etl_lineage to None, run_after=None
[2025-11-11T06:35:38.484+0000] {processor.py:183} INFO - Processing /opt/airflow/dags/etl_dag.py took 0.569 seconds
[2025-11-11T06:36:52.742+0000] {processor.py:161} INFO - Started process (PID=366) to work on /opt/airflow/dags/etl_dag.py
[2025-11-11T06:36:52.906+0000] {processor.py:830} INFO - Processing file /opt/airflow/dags/etl_dag.py for tasks to queue
[2025-11-11T06:36:53.082+0000] {logging_mixin.py:188} INFO - [2025-11-11T06:36:53.042+0000] {dagbag.py:538} INFO - Filling up the DagBag from /opt/airflow/dags/etl_dag.py
[2025-11-11T06:36:55.395+0000] {processor.py:840} INFO - DAG(s) 'simple_etl_lineage' retrieved from /opt/airflow/dags/etl_dag.py
[2025-11-11T06:37:04.761+0000] {logging_mixin.py:188} INFO - [2025-11-11T06:37:04.760+0000] {dag.py:3036} INFO - Sync 1 DAGs
[2025-11-11T06:37:05.986+0000] {logging_mixin.py:188} INFO - [2025-11-11T06:37:05.985+0000] {dag.py:3823} INFO - Setting next_dagrun for simple_etl_lineage to None, run_after=None
[2025-11-11T06:37:06.578+0000] {processor.py:183} INFO - Processing /opt/airflow/dags/etl_dag.py took 16.513 seconds
[2025-11-11T06:37:38.304+0000] {processor.py:161} INFO - Started process (PID=377) to work on /opt/airflow/dags/etl_dag.py
[2025-11-11T06:37:38.308+0000] {processor.py:830} INFO - Processing file /opt/airflow/dags/etl_dag.py for tasks to queue
[2025-11-11T06:37:38.311+0000] {logging_mixin.py:188} INFO - [2025-11-11T06:37:38.310+0000] {dagbag.py:538} INFO - Filling up the DagBag from /opt/airflow/dags/etl_dag.py
[2025-11-11T06:37:38.364+0000] {processor.py:840} INFO - DAG(s) 'simple_etl_lineage' retrieved from /opt/airflow/dags/etl_dag.py
[2025-11-11T06:37:38.405+0000] {logging_mixin.py:188} INFO - [2025-11-11T06:37:38.404+0000] {dag.py:3036} INFO - Sync 1 DAGs
[2025-11-11T06:37:38.433+0000] {logging_mixin.py:188} INFO - [2025-11-11T06:37:38.432+0000] {dag.py:3823} INFO - Setting next_dagrun for simple_etl_lineage to None, run_after=None
[2025-11-11T06:37:38.473+0000] {processor.py:183} INFO - Processing /opt/airflow/dags/etl_dag.py took 0.175 seconds
[2025-11-11T06:38:09.080+0000] {processor.py:161} INFO - Started process (PID=390) to work on /opt/airflow/dags/etl_dag.py
[2025-11-11T06:38:09.082+0000] {processor.py:830} INFO - Processing file /opt/airflow/dags/etl_dag.py for tasks to queue
[2025-11-11T06:38:09.083+0000] {logging_mixin.py:188} INFO - [2025-11-11T06:38:09.083+0000] {dagbag.py:538} INFO - Filling up the DagBag from /opt/airflow/dags/etl_dag.py
[2025-11-11T06:38:09.110+0000] {processor.py:840} INFO - DAG(s) 'simple_etl_lineage' retrieved from /opt/airflow/dags/etl_dag.py
[2025-11-11T06:38:09.143+0000] {logging_mixin.py:188} INFO - [2025-11-11T06:38:09.143+0000] {dag.py:3036} INFO - Sync 1 DAGs
[2025-11-11T06:38:09.163+0000] {logging_mixin.py:188} INFO - [2025-11-11T06:38:09.162+0000] {dag.py:3823} INFO - Setting next_dagrun for simple_etl_lineage to None, run_after=None
[2025-11-11T06:38:09.202+0000] {processor.py:183} INFO - Processing /opt/airflow/dags/etl_dag.py took 0.127 seconds
[2025-11-11T06:38:39.894+0000] {processor.py:161} INFO - Started process (PID=400) to work on /opt/airflow/dags/etl_dag.py
[2025-11-11T06:38:39.896+0000] {processor.py:830} INFO - Processing file /opt/airflow/dags/etl_dag.py for tasks to queue
[2025-11-11T06:38:39.898+0000] {logging_mixin.py:188} INFO - [2025-11-11T06:38:39.897+0000] {dagbag.py:538} INFO - Filling up the DagBag from /opt/airflow/dags/etl_dag.py
[2025-11-11T06:38:39.923+0000] {processor.py:840} INFO - DAG(s) 'simple_etl_lineage' retrieved from /opt/airflow/dags/etl_dag.py
[2025-11-11T06:38:39.958+0000] {logging_mixin.py:188} INFO - [2025-11-11T06:38:39.957+0000] {dag.py:3036} INFO - Sync 1 DAGs
[2025-11-11T06:38:39.972+0000] {logging_mixin.py:188} INFO - [2025-11-11T06:38:39.972+0000] {dag.py:3823} INFO - Setting next_dagrun for simple_etl_lineage to None, run_after=None
[2025-11-11T06:38:39.999+0000] {processor.py:183} INFO - Processing /opt/airflow/dags/etl_dag.py took 0.110 seconds
[2025-11-11T06:39:11.253+0000] {processor.py:161} INFO - Started process (PID=410) to work on /opt/airflow/dags/etl_dag.py
[2025-11-11T06:39:11.264+0000] {processor.py:830} INFO - Processing file /opt/airflow/dags/etl_dag.py for tasks to queue
[2025-11-11T06:39:11.268+0000] {logging_mixin.py:188} INFO - [2025-11-11T06:39:11.267+0000] {dagbag.py:538} INFO - Filling up the DagBag from /opt/airflow/dags/etl_dag.py
[2025-11-11T06:39:11.491+0000] {processor.py:840} INFO - DAG(s) 'simple_etl_lineage' retrieved from /opt/airflow/dags/etl_dag.py
[2025-11-11T06:39:11.589+0000] {logging_mixin.py:188} INFO - [2025-11-11T06:39:11.589+0000] {dag.py:3036} INFO - Sync 1 DAGs
[2025-11-11T06:39:11.717+0000] {logging_mixin.py:188} INFO - [2025-11-11T06:39:11.716+0000] {dag.py:3823} INFO - Setting next_dagrun for simple_etl_lineage to None, run_after=None
[2025-11-11T06:39:11.912+0000] {processor.py:183} INFO - Processing /opt/airflow/dags/etl_dag.py took 0.664 seconds
[2025-11-11T06:39:43.875+0000] {processor.py:161} INFO - Started process (PID=420) to work on /opt/airflow/dags/etl_dag.py
[2025-11-11T06:39:43.893+0000] {processor.py:830} INFO - Processing file /opt/airflow/dags/etl_dag.py for tasks to queue
[2025-11-11T06:39:43.899+0000] {logging_mixin.py:188} INFO - [2025-11-11T06:39:43.898+0000] {dagbag.py:538} INFO - Filling up the DagBag from /opt/airflow/dags/etl_dag.py
[2025-11-11T06:39:43.946+0000] {processor.py:840} INFO - DAG(s) 'simple_etl_lineage' retrieved from /opt/airflow/dags/etl_dag.py
[2025-11-11T06:39:44.063+0000] {logging_mixin.py:188} INFO - [2025-11-11T06:39:44.063+0000] {dag.py:3036} INFO - Sync 1 DAGs
[2025-11-11T06:39:44.098+0000] {logging_mixin.py:188} INFO - [2025-11-11T06:39:44.098+0000] {dag.py:3823} INFO - Setting next_dagrun for simple_etl_lineage to None, run_after=None
[2025-11-11T06:39:44.150+0000] {processor.py:183} INFO - Processing /opt/airflow/dags/etl_dag.py took 0.282 seconds
[2025-11-11T06:40:15.341+0000] {processor.py:161} INFO - Started process (PID=430) to work on /opt/airflow/dags/etl_dag.py
[2025-11-11T06:40:15.346+0000] {processor.py:830} INFO - Processing file /opt/airflow/dags/etl_dag.py for tasks to queue
[2025-11-11T06:40:15.353+0000] {logging_mixin.py:188} INFO - [2025-11-11T06:40:15.353+0000] {dagbag.py:538} INFO - Filling up the DagBag from /opt/airflow/dags/etl_dag.py
[2025-11-11T06:40:15.488+0000] {processor.py:840} INFO - DAG(s) 'simple_etl_lineage' retrieved from /opt/airflow/dags/etl_dag.py
[2025-11-11T06:40:15.636+0000] {logging_mixin.py:188} INFO - [2025-11-11T06:40:15.635+0000] {dag.py:3036} INFO - Sync 1 DAGs
[2025-11-11T06:40:15.692+0000] {logging_mixin.py:188} INFO - [2025-11-11T06:40:15.692+0000] {dag.py:3823} INFO - Setting next_dagrun for simple_etl_lineage to None, run_after=None
[2025-11-11T06:40:15.785+0000] {processor.py:183} INFO - Processing /opt/airflow/dags/etl_dag.py took 0.449 seconds
[2025-11-11T06:40:47.491+0000] {processor.py:161} INFO - Started process (PID=440) to work on /opt/airflow/dags/etl_dag.py
[2025-11-11T06:40:47.501+0000] {processor.py:830} INFO - Processing file /opt/airflow/dags/etl_dag.py for tasks to queue
[2025-11-11T06:40:47.504+0000] {logging_mixin.py:188} INFO - [2025-11-11T06:40:47.503+0000] {dagbag.py:538} INFO - Filling up the DagBag from /opt/airflow/dags/etl_dag.py
[2025-11-11T06:40:49.427+0000] {processor.py:840} INFO - DAG(s) 'simple_etl_lineage' retrieved from /opt/airflow/dags/etl_dag.py
[2025-11-11T06:40:49.571+0000] {logging_mixin.py:188} INFO - [2025-11-11T06:40:49.571+0000] {dag.py:3036} INFO - Sync 1 DAGs
[2025-11-11T06:40:49.631+0000] {logging_mixin.py:188} INFO - [2025-11-11T06:40:49.631+0000] {dag.py:3823} INFO - Setting next_dagrun for simple_etl_lineage to None, run_after=None
[2025-11-11T06:40:49.750+0000] {processor.py:183} INFO - Processing /opt/airflow/dags/etl_dag.py took 2.266 seconds
[2025-11-11T06:41:21.026+0000] {processor.py:161} INFO - Started process (PID=450) to work on /opt/airflow/dags/etl_dag.py
[2025-11-11T06:41:21.037+0000] {processor.py:830} INFO - Processing file /opt/airflow/dags/etl_dag.py for tasks to queue
[2025-11-11T06:41:21.047+0000] {logging_mixin.py:188} INFO - [2025-11-11T06:41:21.047+0000] {dagbag.py:538} INFO - Filling up the DagBag from /opt/airflow/dags/etl_dag.py
[2025-11-11T06:41:21.255+0000] {processor.py:840} INFO - DAG(s) 'simple_etl_lineage' retrieved from /opt/airflow/dags/etl_dag.py
[2025-11-11T06:41:21.344+0000] {logging_mixin.py:188} INFO - [2025-11-11T06:41:21.337+0000] {dag.py:3036} INFO - Sync 1 DAGs
[2025-11-11T06:41:21.455+0000] {logging_mixin.py:188} INFO - [2025-11-11T06:41:21.454+0000] {dag.py:3823} INFO - Setting next_dagrun for simple_etl_lineage to None, run_after=None
[2025-11-11T06:41:21.545+0000] {processor.py:183} INFO - Processing /opt/airflow/dags/etl_dag.py took 0.525 seconds
[2025-11-11T06:41:56.898+0000] {processor.py:161} INFO - Started process (PID=460) to work on /opt/airflow/dags/etl_dag.py
[2025-11-11T06:41:56.906+0000] {processor.py:830} INFO - Processing file /opt/airflow/dags/etl_dag.py for tasks to queue
[2025-11-11T06:41:56.921+0000] {logging_mixin.py:188} INFO - [2025-11-11T06:41:56.920+0000] {dagbag.py:538} INFO - Filling up the DagBag from /opt/airflow/dags/etl_dag.py
[2025-11-11T06:41:59.002+0000] {processor.py:840} INFO - DAG(s) 'simple_etl_lineage' retrieved from /opt/airflow/dags/etl_dag.py
[2025-11-11T06:41:59.256+0000] {logging_mixin.py:188} INFO - [2025-11-11T06:41:59.256+0000] {dag.py:3036} INFO - Sync 1 DAGs
[2025-11-11T06:41:59.336+0000] {logging_mixin.py:188} INFO - [2025-11-11T06:41:59.335+0000] {dag.py:3823} INFO - Setting next_dagrun for simple_etl_lineage to None, run_after=None
[2025-11-11T06:41:59.449+0000] {processor.py:183} INFO - Processing /opt/airflow/dags/etl_dag.py took 2.563 seconds
[2025-11-11T06:42:30.290+0000] {processor.py:161} INFO - Started process (PID=470) to work on /opt/airflow/dags/etl_dag.py
[2025-11-11T06:42:30.312+0000] {processor.py:830} INFO - Processing file /opt/airflow/dags/etl_dag.py for tasks to queue
[2025-11-11T06:42:30.321+0000] {logging_mixin.py:188} INFO - [2025-11-11T06:42:30.320+0000] {dagbag.py:538} INFO - Filling up the DagBag from /opt/airflow/dags/etl_dag.py
[2025-11-11T06:42:30.406+0000] {processor.py:840} INFO - DAG(s) 'simple_etl_lineage' retrieved from /opt/airflow/dags/etl_dag.py
[2025-11-11T06:42:30.521+0000] {logging_mixin.py:188} INFO - [2025-11-11T06:42:30.520+0000] {dag.py:3036} INFO - Sync 1 DAGs
[2025-11-11T06:42:30.594+0000] {logging_mixin.py:188} INFO - [2025-11-11T06:42:30.594+0000] {dag.py:3823} INFO - Setting next_dagrun for simple_etl_lineage to None, run_after=None
[2025-11-11T06:42:30.705+0000] {processor.py:183} INFO - Processing /opt/airflow/dags/etl_dag.py took 0.421 seconds
[2025-11-11T06:43:03.782+0000] {processor.py:161} INFO - Started process (PID=480) to work on /opt/airflow/dags/etl_dag.py
[2025-11-11T06:43:03.839+0000] {processor.py:830} INFO - Processing file /opt/airflow/dags/etl_dag.py for tasks to queue
[2025-11-11T06:43:03.841+0000] {logging_mixin.py:188} INFO - [2025-11-11T06:43:03.841+0000] {dagbag.py:538} INFO - Filling up the DagBag from /opt/airflow/dags/etl_dag.py
[2025-11-11T06:43:04.329+0000] {processor.py:840} INFO - DAG(s) 'simple_etl_lineage' retrieved from /opt/airflow/dags/etl_dag.py
[2025-11-11T06:43:04.467+0000] {logging_mixin.py:188} INFO - [2025-11-11T06:43:04.467+0000] {dag.py:3036} INFO - Sync 1 DAGs
[2025-11-11T06:43:04.533+0000] {logging_mixin.py:188} INFO - [2025-11-11T06:43:04.532+0000] {dag.py:3823} INFO - Setting next_dagrun for simple_etl_lineage to None, run_after=None
[2025-11-11T06:43:04.615+0000] {processor.py:183} INFO - Processing /opt/airflow/dags/etl_dag.py took 0.839 seconds
[2025-11-11T06:43:35.738+0000] {processor.py:161} INFO - Started process (PID=490) to work on /opt/airflow/dags/etl_dag.py
[2025-11-11T06:43:35.771+0000] {processor.py:830} INFO - Processing file /opt/airflow/dags/etl_dag.py for tasks to queue
[2025-11-11T06:43:35.809+0000] {logging_mixin.py:188} INFO - [2025-11-11T06:43:35.809+0000] {dagbag.py:538} INFO - Filling up the DagBag from /opt/airflow/dags/etl_dag.py
[2025-11-11T06:43:35.937+0000] {processor.py:840} INFO - DAG(s) 'simple_etl_lineage' retrieved from /opt/airflow/dags/etl_dag.py
[2025-11-11T06:43:36.070+0000] {logging_mixin.py:188} INFO - [2025-11-11T06:43:36.069+0000] {dag.py:3036} INFO - Sync 1 DAGs
[2025-11-11T06:43:36.133+0000] {logging_mixin.py:188} INFO - [2025-11-11T06:43:36.132+0000] {dag.py:3823} INFO - Setting next_dagrun for simple_etl_lineage to None, run_after=None
[2025-11-11T06:43:36.307+0000] {processor.py:183} INFO - Processing /opt/airflow/dags/etl_dag.py took 0.575 seconds
[2025-11-11T06:44:22.386+0000] {processor.py:161} INFO - Started process (PID=498) to work on /opt/airflow/dags/etl_dag.py
[2025-11-11T06:44:22.423+0000] {processor.py:830} INFO - Processing file /opt/airflow/dags/etl_dag.py for tasks to queue
[2025-11-11T06:44:22.591+0000] {logging_mixin.py:188} INFO - [2025-11-11T06:44:22.465+0000] {dagbag.py:538} INFO - Filling up the DagBag from /opt/airflow/dags/etl_dag.py
[2025-11-11T06:44:23.959+0000] {processor.py:840} INFO - DAG(s) 'simple_etl_lineage' retrieved from /opt/airflow/dags/etl_dag.py
[2025-11-11T06:44:27.584+0000] {logging_mixin.py:188} INFO - [2025-11-11T06:44:27.583+0000] {dag.py:3036} INFO - Sync 1 DAGs
[2025-11-11T06:44:29.449+0000] {logging_mixin.py:188} INFO - [2025-11-11T06:44:29.448+0000] {dag.py:3823} INFO - Setting next_dagrun for simple_etl_lineage to None, run_after=None
[2025-11-11T06:44:31.565+0000] {processor.py:183} INFO - Processing /opt/airflow/dags/etl_dag.py took 9.197 seconds
[2025-11-11T06:45:03.277+0000] {processor.py:161} INFO - Started process (PID=508) to work on /opt/airflow/dags/etl_dag.py
[2025-11-11T06:45:03.293+0000] {processor.py:830} INFO - Processing file /opt/airflow/dags/etl_dag.py for tasks to queue
[2025-11-11T06:45:03.355+0000] {logging_mixin.py:188} INFO - [2025-11-11T06:45:03.354+0000] {dagbag.py:538} INFO - Filling up the DagBag from /opt/airflow/dags/etl_dag.py
[2025-11-11T06:45:03.996+0000] {processor.py:840} INFO - DAG(s) 'simple_etl_lineage' retrieved from /opt/airflow/dags/etl_dag.py
[2025-11-11T06:45:04.236+0000] {logging_mixin.py:188} INFO - [2025-11-11T06:45:04.235+0000] {dag.py:3036} INFO - Sync 1 DAGs
[2025-11-11T06:45:04.362+0000] {logging_mixin.py:188} INFO - [2025-11-11T06:45:04.361+0000] {dag.py:3823} INFO - Setting next_dagrun for simple_etl_lineage to None, run_after=None
[2025-11-11T06:45:04.561+0000] {processor.py:183} INFO - Processing /opt/airflow/dags/etl_dag.py took 1.353 seconds
[2025-11-11T06:45:37.898+0000] {processor.py:161} INFO - Started process (PID=518) to work on /opt/airflow/dags/etl_dag.py
[2025-11-11T06:45:37.911+0000] {processor.py:830} INFO - Processing file /opt/airflow/dags/etl_dag.py for tasks to queue
[2025-11-11T06:45:37.915+0000] {logging_mixin.py:188} INFO - [2025-11-11T06:45:37.914+0000] {dagbag.py:538} INFO - Filling up the DagBag from /opt/airflow/dags/etl_dag.py
[2025-11-11T06:45:38.307+0000] {processor.py:840} INFO - DAG(s) 'simple_etl_lineage' retrieved from /opt/airflow/dags/etl_dag.py
[2025-11-11T06:45:38.629+0000] {logging_mixin.py:188} INFO - [2025-11-11T06:45:38.628+0000] {dag.py:3036} INFO - Sync 1 DAGs
[2025-11-11T06:45:38.746+0000] {logging_mixin.py:188} INFO - [2025-11-11T06:45:38.746+0000] {dag.py:3823} INFO - Setting next_dagrun for simple_etl_lineage to None, run_after=None
[2025-11-11T06:45:39.511+0000] {processor.py:183} INFO - Processing /opt/airflow/dags/etl_dag.py took 1.619 seconds
[2025-11-11T06:46:10.409+0000] {processor.py:161} INFO - Started process (PID=525) to work on /opt/airflow/dags/etl_dag.py
[2025-11-11T06:46:10.415+0000] {processor.py:830} INFO - Processing file /opt/airflow/dags/etl_dag.py for tasks to queue
[2025-11-11T06:46:10.417+0000] {logging_mixin.py:188} INFO - [2025-11-11T06:46:10.416+0000] {dagbag.py:538} INFO - Filling up the DagBag from /opt/airflow/dags/etl_dag.py
[2025-11-11T06:46:10.473+0000] {processor.py:840} INFO - DAG(s) 'simple_etl_lineage' retrieved from /opt/airflow/dags/etl_dag.py
[2025-11-11T06:46:10.544+0000] {logging_mixin.py:188} INFO - [2025-11-11T06:46:10.543+0000] {dag.py:3036} INFO - Sync 1 DAGs
[2025-11-11T06:46:10.594+0000] {logging_mixin.py:188} INFO - [2025-11-11T06:46:10.593+0000] {dag.py:3823} INFO - Setting next_dagrun for simple_etl_lineage to None, run_after=None
[2025-11-11T06:46:10.700+0000] {processor.py:183} INFO - Processing /opt/airflow/dags/etl_dag.py took 0.297 seconds
[2025-11-11T06:46:41.216+0000] {processor.py:161} INFO - Started process (PID=535) to work on /opt/airflow/dags/etl_dag.py
[2025-11-11T06:46:41.224+0000] {processor.py:830} INFO - Processing file /opt/airflow/dags/etl_dag.py for tasks to queue
[2025-11-11T06:46:41.226+0000] {logging_mixin.py:188} INFO - [2025-11-11T06:46:41.226+0000] {dagbag.py:538} INFO - Filling up the DagBag from /opt/airflow/dags/etl_dag.py
[2025-11-11T06:46:41.253+0000] {processor.py:840} INFO - DAG(s) 'simple_etl_lineage' retrieved from /opt/airflow/dags/etl_dag.py
[2025-11-11T06:46:41.298+0000] {logging_mixin.py:188} INFO - [2025-11-11T06:46:41.297+0000] {dag.py:3036} INFO - Sync 1 DAGs
[2025-11-11T06:46:41.318+0000] {logging_mixin.py:188} INFO - [2025-11-11T06:46:41.317+0000] {dag.py:3823} INFO - Setting next_dagrun for simple_etl_lineage to None, run_after=None
[2025-11-11T06:46:41.353+0000] {processor.py:183} INFO - Processing /opt/airflow/dags/etl_dag.py took 0.142 seconds
[2025-11-11T06:47:11.692+0000] {processor.py:161} INFO - Started process (PID=545) to work on /opt/airflow/dags/etl_dag.py
[2025-11-11T06:47:11.695+0000] {processor.py:830} INFO - Processing file /opt/airflow/dags/etl_dag.py for tasks to queue
[2025-11-11T06:47:11.698+0000] {logging_mixin.py:188} INFO - [2025-11-11T06:47:11.697+0000] {dagbag.py:538} INFO - Filling up the DagBag from /opt/airflow/dags/etl_dag.py
[2025-11-11T06:47:11.748+0000] {processor.py:840} INFO - DAG(s) 'simple_etl_lineage' retrieved from /opt/airflow/dags/etl_dag.py
[2025-11-11T06:47:11.837+0000] {logging_mixin.py:188} INFO - [2025-11-11T06:47:11.836+0000] {dag.py:3036} INFO - Sync 1 DAGs
[2025-11-11T06:47:11.870+0000] {logging_mixin.py:188} INFO - [2025-11-11T06:47:11.869+0000] {dag.py:3823} INFO - Setting next_dagrun for simple_etl_lineage to None, run_after=None
[2025-11-11T06:47:11.903+0000] {processor.py:183} INFO - Processing /opt/airflow/dags/etl_dag.py took 0.218 seconds
[2025-11-11T06:47:42.089+0000] {processor.py:161} INFO - Started process (PID=557) to work on /opt/airflow/dags/etl_dag.py
[2025-11-11T06:47:42.101+0000] {processor.py:830} INFO - Processing file /opt/airflow/dags/etl_dag.py for tasks to queue
[2025-11-11T06:47:42.106+0000] {logging_mixin.py:188} INFO - [2025-11-11T06:47:42.105+0000] {dagbag.py:538} INFO - Filling up the DagBag from /opt/airflow/dags/etl_dag.py
[2025-11-11T06:47:42.139+0000] {processor.py:840} INFO - DAG(s) 'simple_etl_lineage' retrieved from /opt/airflow/dags/etl_dag.py
[2025-11-11T06:47:42.193+0000] {logging_mixin.py:188} INFO - [2025-11-11T06:47:42.192+0000] {dag.py:3036} INFO - Sync 1 DAGs
[2025-11-11T06:47:42.244+0000] {logging_mixin.py:188} INFO - [2025-11-11T06:47:42.244+0000] {dag.py:3823} INFO - Setting next_dagrun for simple_etl_lineage to None, run_after=None
[2025-11-11T06:47:42.339+0000] {processor.py:183} INFO - Processing /opt/airflow/dags/etl_dag.py took 0.256 seconds
[2025-11-11T06:48:13.007+0000] {processor.py:161} INFO - Started process (PID=567) to work on /opt/airflow/dags/etl_dag.py
[2025-11-11T06:48:13.010+0000] {processor.py:830} INFO - Processing file /opt/airflow/dags/etl_dag.py for tasks to queue
[2025-11-11T06:48:13.012+0000] {logging_mixin.py:188} INFO - [2025-11-11T06:48:13.012+0000] {dagbag.py:538} INFO - Filling up the DagBag from /opt/airflow/dags/etl_dag.py
[2025-11-11T06:48:13.082+0000] {processor.py:840} INFO - DAG(s) 'simple_etl_lineage' retrieved from /opt/airflow/dags/etl_dag.py
[2025-11-11T06:48:13.242+0000] {logging_mixin.py:188} INFO - [2025-11-11T06:48:13.241+0000] {dag.py:3036} INFO - Sync 1 DAGs
[2025-11-11T06:48:13.327+0000] {logging_mixin.py:188} INFO - [2025-11-11T06:48:13.326+0000] {dag.py:3823} INFO - Setting next_dagrun for simple_etl_lineage to None, run_after=None
[2025-11-11T06:48:13.483+0000] {processor.py:183} INFO - Processing /opt/airflow/dags/etl_dag.py took 0.495 seconds
[2025-11-11T06:48:43.934+0000] {processor.py:161} INFO - Started process (PID=577) to work on /opt/airflow/dags/etl_dag.py
[2025-11-11T06:48:43.935+0000] {processor.py:830} INFO - Processing file /opt/airflow/dags/etl_dag.py for tasks to queue
[2025-11-11T06:48:43.937+0000] {logging_mixin.py:188} INFO - [2025-11-11T06:48:43.937+0000] {dagbag.py:538} INFO - Filling up the DagBag from /opt/airflow/dags/etl_dag.py
[2025-11-11T06:48:43.958+0000] {processor.py:840} INFO - DAG(s) 'simple_etl_lineage' retrieved from /opt/airflow/dags/etl_dag.py
[2025-11-11T06:48:43.989+0000] {logging_mixin.py:188} INFO - [2025-11-11T06:48:43.989+0000] {dag.py:3036} INFO - Sync 1 DAGs
[2025-11-11T06:48:44.001+0000] {logging_mixin.py:188} INFO - [2025-11-11T06:48:44.000+0000] {dag.py:3823} INFO - Setting next_dagrun for simple_etl_lineage to None, run_after=None
[2025-11-11T06:48:44.023+0000] {processor.py:183} INFO - Processing /opt/airflow/dags/etl_dag.py took 0.094 seconds
[2025-11-11T06:50:01.327+0000] {processor.py:161} INFO - Started process (PID=587) to work on /opt/airflow/dags/etl_dag.py
[2025-11-11T06:50:01.451+0000] {processor.py:830} INFO - Processing file /opt/airflow/dags/etl_dag.py for tasks to queue
[2025-11-11T06:50:02.000+0000] {logging_mixin.py:188} INFO - [2025-11-11T06:50:01.750+0000] {dagbag.py:538} INFO - Filling up the DagBag from /opt/airflow/dags/etl_dag.py
[2025-11-11T06:50:03.588+0000] {processor.py:840} INFO - DAG(s) 'simple_etl_lineage' retrieved from /opt/airflow/dags/etl_dag.py
[2025-11-11T06:50:05.609+0000] {logging_mixin.py:188} INFO - [2025-11-11T06:50:05.609+0000] {dag.py:3036} INFO - Sync 1 DAGs
[2025-11-11T06:50:06.075+0000] {logging_mixin.py:188} INFO - [2025-11-11T06:50:06.074+0000] {dag.py:3823} INFO - Setting next_dagrun for simple_etl_lineage to None, run_after=None
[2025-11-11T06:50:06.251+0000] {processor.py:183} INFO - Processing /opt/airflow/dags/etl_dag.py took 5.547 seconds
[2025-11-11T06:50:37.638+0000] {processor.py:161} INFO - Started process (PID=600) to work on /opt/airflow/dags/etl_dag.py
[2025-11-11T06:50:37.645+0000] {processor.py:830} INFO - Processing file /opt/airflow/dags/etl_dag.py for tasks to queue
[2025-11-11T06:50:37.652+0000] {logging_mixin.py:188} INFO - [2025-11-11T06:50:37.648+0000] {dagbag.py:538} INFO - Filling up the DagBag from /opt/airflow/dags/etl_dag.py
[2025-11-11T06:50:37.762+0000] {processor.py:840} INFO - DAG(s) 'simple_etl_lineage' retrieved from /opt/airflow/dags/etl_dag.py
[2025-11-11T06:50:37.903+0000] {logging_mixin.py:188} INFO - [2025-11-11T06:50:37.903+0000] {dag.py:3036} INFO - Sync 1 DAGs
[2025-11-11T06:50:37.968+0000] {logging_mixin.py:188} INFO - [2025-11-11T06:50:37.968+0000] {dag.py:3823} INFO - Setting next_dagrun for simple_etl_lineage to None, run_after=None
[2025-11-11T06:50:38.072+0000] {processor.py:183} INFO - Processing /opt/airflow/dags/etl_dag.py took 0.440 seconds
[2025-11-11T06:51:08.764+0000] {processor.py:161} INFO - Started process (PID=610) to work on /opt/airflow/dags/etl_dag.py
[2025-11-11T06:51:08.771+0000] {processor.py:830} INFO - Processing file /opt/airflow/dags/etl_dag.py for tasks to queue
[2025-11-11T06:51:08.773+0000] {logging_mixin.py:188} INFO - [2025-11-11T06:51:08.772+0000] {dagbag.py:538} INFO - Filling up the DagBag from /opt/airflow/dags/etl_dag.py
[2025-11-11T06:51:08.834+0000] {processor.py:840} INFO - DAG(s) 'simple_etl_lineage' retrieved from /opt/airflow/dags/etl_dag.py
[2025-11-11T06:51:08.935+0000] {logging_mixin.py:188} INFO - [2025-11-11T06:51:08.934+0000] {dag.py:3036} INFO - Sync 1 DAGs
[2025-11-11T06:51:08.972+0000] {logging_mixin.py:188} INFO - [2025-11-11T06:51:08.971+0000] {dag.py:3823} INFO - Setting next_dagrun for simple_etl_lineage to None, run_after=None
[2025-11-11T06:51:09.029+0000] {processor.py:183} INFO - Processing /opt/airflow/dags/etl_dag.py took 0.278 seconds
[2025-11-11T06:51:39.798+0000] {processor.py:161} INFO - Started process (PID=620) to work on /opt/airflow/dags/etl_dag.py
[2025-11-11T06:51:39.800+0000] {processor.py:830} INFO - Processing file /opt/airflow/dags/etl_dag.py for tasks to queue
[2025-11-11T06:51:39.802+0000] {logging_mixin.py:188} INFO - [2025-11-11T06:51:39.801+0000] {dagbag.py:538} INFO - Filling up the DagBag from /opt/airflow/dags/etl_dag.py
[2025-11-11T06:51:39.921+0000] {processor.py:840} INFO - DAG(s) 'simple_etl_lineage' retrieved from /opt/airflow/dags/etl_dag.py
[2025-11-11T06:51:40.021+0000] {logging_mixin.py:188} INFO - [2025-11-11T06:51:40.020+0000] {dag.py:3036} INFO - Sync 1 DAGs
[2025-11-11T06:51:40.121+0000] {logging_mixin.py:188} INFO - [2025-11-11T06:51:40.121+0000] {dag.py:3823} INFO - Setting next_dagrun for simple_etl_lineage to None, run_after=None
[2025-11-11T06:51:40.371+0000] {processor.py:183} INFO - Processing /opt/airflow/dags/etl_dag.py took 0.577 seconds
[2025-11-11T06:52:11.906+0000] {processor.py:161} INFO - Started process (PID=630) to work on /opt/airflow/dags/etl_dag.py
[2025-11-11T06:52:11.938+0000] {processor.py:830} INFO - Processing file /opt/airflow/dags/etl_dag.py for tasks to queue
[2025-11-11T06:52:11.944+0000] {logging_mixin.py:188} INFO - [2025-11-11T06:52:11.943+0000] {dagbag.py:538} INFO - Filling up the DagBag from /opt/airflow/dags/etl_dag.py
[2025-11-11T06:52:12.143+0000] {processor.py:840} INFO - DAG(s) 'simple_etl_lineage' retrieved from /opt/airflow/dags/etl_dag.py
[2025-11-11T06:52:12.239+0000] {logging_mixin.py:188} INFO - [2025-11-11T06:52:12.234+0000] {dag.py:3036} INFO - Sync 1 DAGs
[2025-11-11T06:52:12.287+0000] {logging_mixin.py:188} INFO - [2025-11-11T06:52:12.279+0000] {dag.py:3823} INFO - Setting next_dagrun for simple_etl_lineage to None, run_after=None
[2025-11-11T06:52:12.388+0000] {processor.py:183} INFO - Processing /opt/airflow/dags/etl_dag.py took 0.506 seconds
[2025-11-11T06:52:44.391+0000] {processor.py:161} INFO - Started process (PID=640) to work on /opt/airflow/dags/etl_dag.py
[2025-11-11T06:52:44.393+0000] {processor.py:830} INFO - Processing file /opt/airflow/dags/etl_dag.py for tasks to queue
[2025-11-11T06:52:44.404+0000] {logging_mixin.py:188} INFO - [2025-11-11T06:52:44.403+0000] {dagbag.py:538} INFO - Filling up the DagBag from /opt/airflow/dags/etl_dag.py
[2025-11-11T06:52:44.776+0000] {processor.py:840} INFO - DAG(s) 'simple_etl_lineage' retrieved from /opt/airflow/dags/etl_dag.py
[2025-11-11T06:52:45.244+0000] {logging_mixin.py:188} INFO - [2025-11-11T06:52:45.244+0000] {dag.py:3036} INFO - Sync 1 DAGs
[2025-11-11T06:52:45.342+0000] {logging_mixin.py:188} INFO - [2025-11-11T06:52:45.341+0000] {dag.py:3823} INFO - Setting next_dagrun for simple_etl_lineage to None, run_after=None
[2025-11-11T06:52:45.496+0000] {processor.py:183} INFO - Processing /opt/airflow/dags/etl_dag.py took 1.120 seconds
[2025-11-11T06:53:16.394+0000] {processor.py:161} INFO - Started process (PID=652) to work on /opt/airflow/dags/etl_dag.py
[2025-11-11T06:53:16.409+0000] {processor.py:830} INFO - Processing file /opt/airflow/dags/etl_dag.py for tasks to queue
[2025-11-11T06:53:16.427+0000] {logging_mixin.py:188} INFO - [2025-11-11T06:53:16.427+0000] {dagbag.py:538} INFO - Filling up the DagBag from /opt/airflow/dags/etl_dag.py
[2025-11-11T06:53:16.616+0000] {processor.py:840} INFO - DAG(s) 'simple_etl_lineage' retrieved from /opt/airflow/dags/etl_dag.py
[2025-11-11T06:53:16.708+0000] {logging_mixin.py:188} INFO - [2025-11-11T06:53:16.707+0000] {dag.py:3036} INFO - Sync 1 DAGs
[2025-11-11T06:53:16.757+0000] {logging_mixin.py:188} INFO - [2025-11-11T06:53:16.749+0000] {dag.py:3823} INFO - Setting next_dagrun for simple_etl_lineage to None, run_after=None
[2025-11-11T06:53:16.838+0000] {processor.py:183} INFO - Processing /opt/airflow/dags/etl_dag.py took 0.450 seconds
[2025-11-11T06:53:50.853+0000] {processor.py:161} INFO - Started process (PID=660) to work on /opt/airflow/dags/etl_dag.py
[2025-11-11T06:53:50.947+0000] {processor.py:830} INFO - Processing file /opt/airflow/dags/etl_dag.py for tasks to queue
[2025-11-11T06:53:51.012+0000] {logging_mixin.py:188} INFO - [2025-11-11T06:53:51.009+0000] {dagbag.py:538} INFO - Filling up the DagBag from /opt/airflow/dags/etl_dag.py
[2025-11-11T06:53:52.002+0000] {processor.py:840} INFO - DAG(s) 'simple_etl_lineage' retrieved from /opt/airflow/dags/etl_dag.py
[2025-11-11T06:53:52.139+0000] {logging_mixin.py:188} INFO - [2025-11-11T06:53:52.138+0000] {dag.py:3036} INFO - Sync 1 DAGs
[2025-11-11T06:53:52.201+0000] {logging_mixin.py:188} INFO - [2025-11-11T06:53:52.201+0000] {dag.py:3823} INFO - Setting next_dagrun for simple_etl_lineage to None, run_after=None
[2025-11-11T06:53:52.305+0000] {processor.py:183} INFO - Processing /opt/airflow/dags/etl_dag.py took 1.466 seconds
[2025-11-11T06:54:23.064+0000] {processor.py:161} INFO - Started process (PID=670) to work on /opt/airflow/dags/etl_dag.py
[2025-11-11T06:54:23.079+0000] {processor.py:830} INFO - Processing file /opt/airflow/dags/etl_dag.py for tasks to queue
[2025-11-11T06:54:23.085+0000] {logging_mixin.py:188} INFO - [2025-11-11T06:54:23.083+0000] {dagbag.py:538} INFO - Filling up the DagBag from /opt/airflow/dags/etl_dag.py
[2025-11-11T06:54:23.327+0000] {processor.py:840} INFO - DAG(s) 'simple_etl_lineage' retrieved from /opt/airflow/dags/etl_dag.py
[2025-11-11T06:54:23.517+0000] {logging_mixin.py:188} INFO - [2025-11-11T06:54:23.516+0000] {dag.py:3036} INFO - Sync 1 DAGs
[2025-11-11T06:54:23.618+0000] {logging_mixin.py:188} INFO - [2025-11-11T06:54:23.617+0000] {dag.py:3823} INFO - Setting next_dagrun for simple_etl_lineage to None, run_after=None
[2025-11-11T06:54:23.720+0000] {processor.py:183} INFO - Processing /opt/airflow/dags/etl_dag.py took 0.661 seconds
[2025-11-11T06:54:54.663+0000] {processor.py:161} INFO - Started process (PID=680) to work on /opt/airflow/dags/etl_dag.py
[2025-11-11T06:54:54.667+0000] {processor.py:830} INFO - Processing file /opt/airflow/dags/etl_dag.py for tasks to queue
[2025-11-11T06:54:54.675+0000] {logging_mixin.py:188} INFO - [2025-11-11T06:54:54.672+0000] {dagbag.py:538} INFO - Filling up the DagBag from /opt/airflow/dags/etl_dag.py
[2025-11-11T06:54:54.802+0000] {processor.py:840} INFO - DAG(s) 'simple_etl_lineage' retrieved from /opt/airflow/dags/etl_dag.py
[2025-11-11T06:54:54.946+0000] {logging_mixin.py:188} INFO - [2025-11-11T06:54:54.945+0000] {dag.py:3036} INFO - Sync 1 DAGs
[2025-11-11T06:54:55.037+0000] {logging_mixin.py:188} INFO - [2025-11-11T06:54:55.037+0000] {dag.py:3823} INFO - Setting next_dagrun for simple_etl_lineage to None, run_after=None
[2025-11-11T06:54:55.134+0000] {processor.py:183} INFO - Processing /opt/airflow/dags/etl_dag.py took 0.493 seconds
[2025-11-11T06:55:26.657+0000] {processor.py:161} INFO - Started process (PID=690) to work on /opt/airflow/dags/etl_dag.py
[2025-11-11T06:55:26.685+0000] {processor.py:830} INFO - Processing file /opt/airflow/dags/etl_dag.py for tasks to queue
[2025-11-11T06:55:26.704+0000] {logging_mixin.py:188} INFO - [2025-11-11T06:55:26.703+0000] {dagbag.py:538} INFO - Filling up the DagBag from /opt/airflow/dags/etl_dag.py
[2025-11-11T06:55:26.993+0000] {processor.py:840} INFO - DAG(s) 'simple_etl_lineage' retrieved from /opt/airflow/dags/etl_dag.py
[2025-11-11T06:55:27.135+0000] {logging_mixin.py:188} INFO - [2025-11-11T06:55:27.134+0000] {dag.py:3036} INFO - Sync 1 DAGs
[2025-11-11T06:55:27.198+0000] {logging_mixin.py:188} INFO - [2025-11-11T06:55:27.198+0000] {dag.py:3823} INFO - Setting next_dagrun for simple_etl_lineage to None, run_after=None
[2025-11-11T06:55:27.358+0000] {processor.py:183} INFO - Processing /opt/airflow/dags/etl_dag.py took 0.706 seconds
[2025-11-11T06:55:57.526+0000] {processor.py:161} INFO - Started process (PID=700) to work on /opt/airflow/dags/etl_dag.py
[2025-11-11T06:55:57.529+0000] {processor.py:830} INFO - Processing file /opt/airflow/dags/etl_dag.py for tasks to queue
[2025-11-11T06:55:57.530+0000] {logging_mixin.py:188} INFO - [2025-11-11T06:55:57.530+0000] {dagbag.py:538} INFO - Filling up the DagBag from /opt/airflow/dags/etl_dag.py
[2025-11-11T06:55:57.618+0000] {processor.py:840} INFO - DAG(s) 'simple_etl_lineage' retrieved from /opt/airflow/dags/etl_dag.py
[2025-11-11T06:55:57.705+0000] {logging_mixin.py:188} INFO - [2025-11-11T06:55:57.705+0000] {dag.py:3036} INFO - Sync 1 DAGs
[2025-11-11T06:55:57.754+0000] {logging_mixin.py:188} INFO - [2025-11-11T06:55:57.754+0000] {dag.py:3823} INFO - Setting next_dagrun for simple_etl_lineage to None, run_after=None
[2025-11-11T06:55:57.810+0000] {processor.py:183} INFO - Processing /opt/airflow/dags/etl_dag.py took 0.290 seconds
[2025-11-11T06:56:27.961+0000] {processor.py:161} INFO - Started process (PID=712) to work on /opt/airflow/dags/etl_dag.py
[2025-11-11T06:56:27.963+0000] {processor.py:830} INFO - Processing file /opt/airflow/dags/etl_dag.py for tasks to queue
[2025-11-11T06:56:27.964+0000] {logging_mixin.py:188} INFO - [2025-11-11T06:56:27.964+0000] {dagbag.py:538} INFO - Filling up the DagBag from /opt/airflow/dags/etl_dag.py
[2025-11-11T06:56:27.985+0000] {processor.py:840} INFO - DAG(s) 'simple_etl_lineage' retrieved from /opt/airflow/dags/etl_dag.py
[2025-11-11T06:56:28.012+0000] {logging_mixin.py:188} INFO - [2025-11-11T06:56:28.012+0000] {dag.py:3036} INFO - Sync 1 DAGs
[2025-11-11T06:56:28.024+0000] {logging_mixin.py:188} INFO - [2025-11-11T06:56:28.024+0000] {dag.py:3823} INFO - Setting next_dagrun for simple_etl_lineage to None, run_after=None
[2025-11-11T06:56:28.048+0000] {processor.py:183} INFO - Processing /opt/airflow/dags/etl_dag.py took 0.090 seconds
[2025-11-11T06:57:02.432+0000] {processor.py:161} INFO - Started process (PID=720) to work on /opt/airflow/dags/etl_dag.py
[2025-11-11T06:57:02.442+0000] {processor.py:830} INFO - Processing file /opt/airflow/dags/etl_dag.py for tasks to queue
[2025-11-11T06:57:02.445+0000] {logging_mixin.py:188} INFO - [2025-11-11T06:57:02.444+0000] {dagbag.py:538} INFO - Filling up the DagBag from /opt/airflow/dags/etl_dag.py
[2025-11-11T06:57:02.571+0000] {processor.py:840} INFO - DAG(s) 'simple_etl_lineage' retrieved from /opt/airflow/dags/etl_dag.py
[2025-11-11T06:57:02.706+0000] {logging_mixin.py:188} INFO - [2025-11-11T06:57:02.706+0000] {dag.py:3036} INFO - Sync 1 DAGs
[2025-11-11T06:57:02.738+0000] {logging_mixin.py:188} INFO - [2025-11-11T06:57:02.738+0000] {dag.py:3823} INFO - Setting next_dagrun for simple_etl_lineage to None, run_after=None
[2025-11-11T06:57:02.926+0000] {processor.py:183} INFO - Processing /opt/airflow/dags/etl_dag.py took 0.500 seconds
[2025-11-11T06:57:33.329+0000] {processor.py:161} INFO - Started process (PID=730) to work on /opt/airflow/dags/etl_dag.py
[2025-11-11T06:57:33.331+0000] {processor.py:830} INFO - Processing file /opt/airflow/dags/etl_dag.py for tasks to queue
[2025-11-11T06:57:33.336+0000] {logging_mixin.py:188} INFO - [2025-11-11T06:57:33.335+0000] {dagbag.py:538} INFO - Filling up the DagBag from /opt/airflow/dags/etl_dag.py
[2025-11-11T06:57:33.408+0000] {processor.py:840} INFO - DAG(s) 'simple_etl_lineage' retrieved from /opt/airflow/dags/etl_dag.py
[2025-11-11T06:57:33.558+0000] {logging_mixin.py:188} INFO - [2025-11-11T06:57:33.557+0000] {dag.py:3036} INFO - Sync 1 DAGs
[2025-11-11T06:57:33.626+0000] {logging_mixin.py:188} INFO - [2025-11-11T06:57:33.625+0000] {dag.py:3823} INFO - Setting next_dagrun for simple_etl_lineage to None, run_after=None
[2025-11-11T06:57:33.793+0000] {processor.py:183} INFO - Processing /opt/airflow/dags/etl_dag.py took 0.468 seconds
[2025-11-11T06:58:05.024+0000] {processor.py:161} INFO - Started process (PID=742) to work on /opt/airflow/dags/etl_dag.py
[2025-11-11T06:58:05.036+0000] {processor.py:830} INFO - Processing file /opt/airflow/dags/etl_dag.py for tasks to queue
[2025-11-11T06:58:05.044+0000] {logging_mixin.py:188} INFO - [2025-11-11T06:58:05.043+0000] {dagbag.py:538} INFO - Filling up the DagBag from /opt/airflow/dags/etl_dag.py
[2025-11-11T06:58:05.454+0000] {processor.py:840} INFO - DAG(s) 'simple_etl_lineage' retrieved from /opt/airflow/dags/etl_dag.py
[2025-11-11T06:58:05.533+0000] {logging_mixin.py:188} INFO - [2025-11-11T06:58:05.533+0000] {dag.py:3036} INFO - Sync 1 DAGs
[2025-11-11T06:58:05.633+0000] {logging_mixin.py:188} INFO - [2025-11-11T06:58:05.633+0000] {dag.py:3823} INFO - Setting next_dagrun for simple_etl_lineage to None, run_after=None
[2025-11-11T06:58:05.712+0000] {processor.py:183} INFO - Processing /opt/airflow/dags/etl_dag.py took 0.692 seconds
[2025-11-11T06:58:36.832+0000] {processor.py:161} INFO - Started process (PID=752) to work on /opt/airflow/dags/etl_dag.py
[2025-11-11T06:58:36.836+0000] {processor.py:830} INFO - Processing file /opt/airflow/dags/etl_dag.py for tasks to queue
[2025-11-11T06:58:36.845+0000] {logging_mixin.py:188} INFO - [2025-11-11T06:58:36.844+0000] {dagbag.py:538} INFO - Filling up the DagBag from /opt/airflow/dags/etl_dag.py
[2025-11-11T06:58:36.961+0000] {processor.py:840} INFO - DAG(s) 'simple_etl_lineage' retrieved from /opt/airflow/dags/etl_dag.py
[2025-11-11T06:58:37.066+0000] {logging_mixin.py:188} INFO - [2025-11-11T06:58:37.065+0000] {dag.py:3036} INFO - Sync 1 DAGs
[2025-11-11T06:58:37.093+0000] {logging_mixin.py:188} INFO - [2025-11-11T06:58:37.093+0000] {dag.py:3823} INFO - Setting next_dagrun for simple_etl_lineage to None, run_after=None
[2025-11-11T06:58:37.151+0000] {processor.py:183} INFO - Processing /opt/airflow/dags/etl_dag.py took 0.324 seconds
[2025-11-11T06:59:07.607+0000] {processor.py:161} INFO - Started process (PID=762) to work on /opt/airflow/dags/etl_dag.py
[2025-11-11T06:59:07.619+0000] {processor.py:830} INFO - Processing file /opt/airflow/dags/etl_dag.py for tasks to queue
[2025-11-11T06:59:07.628+0000] {logging_mixin.py:188} INFO - [2025-11-11T06:59:07.628+0000] {dagbag.py:538} INFO - Filling up the DagBag from /opt/airflow/dags/etl_dag.py
[2025-11-11T06:59:07.716+0000] {processor.py:840} INFO - DAG(s) 'simple_etl_lineage' retrieved from /opt/airflow/dags/etl_dag.py
[2025-11-11T06:59:07.819+0000] {logging_mixin.py:188} INFO - [2025-11-11T06:59:07.818+0000] {dag.py:3036} INFO - Sync 1 DAGs
[2025-11-11T06:59:07.868+0000] {logging_mixin.py:188} INFO - [2025-11-11T06:59:07.867+0000] {dag.py:3823} INFO - Setting next_dagrun for simple_etl_lineage to None, run_after=None
[2025-11-11T06:59:07.958+0000] {processor.py:183} INFO - Processing /opt/airflow/dags/etl_dag.py took 0.358 seconds
[2025-11-11T06:59:38.412+0000] {processor.py:161} INFO - Started process (PID=770) to work on /opt/airflow/dags/etl_dag.py
[2025-11-11T06:59:38.418+0000] {processor.py:830} INFO - Processing file /opt/airflow/dags/etl_dag.py for tasks to queue
[2025-11-11T06:59:38.419+0000] {logging_mixin.py:188} INFO - [2025-11-11T06:59:38.419+0000] {dagbag.py:538} INFO - Filling up the DagBag from /opt/airflow/dags/etl_dag.py
[2025-11-11T06:59:38.476+0000] {processor.py:840} INFO - DAG(s) 'simple_etl_lineage' retrieved from /opt/airflow/dags/etl_dag.py
[2025-11-11T06:59:38.548+0000] {logging_mixin.py:188} INFO - [2025-11-11T06:59:38.547+0000] {dag.py:3036} INFO - Sync 1 DAGs
[2025-11-11T06:59:38.581+0000] {logging_mixin.py:188} INFO - [2025-11-11T06:59:38.581+0000] {dag.py:3823} INFO - Setting next_dagrun for simple_etl_lineage to None, run_after=None
[2025-11-11T06:59:38.635+0000] {processor.py:183} INFO - Processing /opt/airflow/dags/etl_dag.py took 0.234 seconds
[2025-11-11T07:00:10.277+0000] {processor.py:161} INFO - Started process (PID=780) to work on /opt/airflow/dags/etl_dag.py
[2025-11-11T07:00:10.286+0000] {processor.py:830} INFO - Processing file /opt/airflow/dags/etl_dag.py for tasks to queue
[2025-11-11T07:00:10.292+0000] {logging_mixin.py:188} INFO - [2025-11-11T07:00:10.292+0000] {dagbag.py:538} INFO - Filling up the DagBag from /opt/airflow/dags/etl_dag.py
[2025-11-11T07:00:10.723+0000] {processor.py:840} INFO - DAG(s) 'simple_etl_lineage' retrieved from /opt/airflow/dags/etl_dag.py
[2025-11-11T07:00:11.132+0000] {logging_mixin.py:188} INFO - [2025-11-11T07:00:11.132+0000] {dag.py:3036} INFO - Sync 1 DAGs
[2025-11-11T07:00:11.276+0000] {logging_mixin.py:188} INFO - [2025-11-11T07:00:11.276+0000] {dag.py:3823} INFO - Setting next_dagrun for simple_etl_lineage to None, run_after=None
[2025-11-11T07:00:11.383+0000] {processor.py:183} INFO - Processing /opt/airflow/dags/etl_dag.py took 1.112 seconds
[2025-11-11T07:00:42.323+0000] {processor.py:161} INFO - Started process (PID=792) to work on /opt/airflow/dags/etl_dag.py
[2025-11-11T07:00:42.344+0000] {processor.py:830} INFO - Processing file /opt/airflow/dags/etl_dag.py for tasks to queue
[2025-11-11T07:00:42.355+0000] {logging_mixin.py:188} INFO - [2025-11-11T07:00:42.355+0000] {dagbag.py:538} INFO - Filling up the DagBag from /opt/airflow/dags/etl_dag.py
[2025-11-11T07:00:42.528+0000] {processor.py:840} INFO - DAG(s) 'simple_etl_lineage' retrieved from /opt/airflow/dags/etl_dag.py
[2025-11-11T07:00:42.622+0000] {logging_mixin.py:188} INFO - [2025-11-11T07:00:42.622+0000] {dag.py:3036} INFO - Sync 1 DAGs
[2025-11-11T07:00:42.980+0000] {logging_mixin.py:188} INFO - [2025-11-11T07:00:42.980+0000] {dag.py:3823} INFO - Setting next_dagrun for simple_etl_lineage to None, run_after=None
[2025-11-11T07:00:43.104+0000] {processor.py:183} INFO - Processing /opt/airflow/dags/etl_dag.py took 0.788 seconds
[2025-11-11T07:01:13.970+0000] {processor.py:161} INFO - Started process (PID=802) to work on /opt/airflow/dags/etl_dag.py
[2025-11-11T07:01:13.985+0000] {processor.py:830} INFO - Processing file /opt/airflow/dags/etl_dag.py for tasks to queue
[2025-11-11T07:01:13.996+0000] {logging_mixin.py:188} INFO - [2025-11-11T07:01:13.995+0000] {dagbag.py:538} INFO - Filling up the DagBag from /opt/airflow/dags/etl_dag.py
[2025-11-11T07:01:14.123+0000] {processor.py:840} INFO - DAG(s) 'simple_etl_lineage' retrieved from /opt/airflow/dags/etl_dag.py
[2025-11-11T07:01:14.192+0000] {logging_mixin.py:188} INFO - [2025-11-11T07:01:14.192+0000] {dag.py:3036} INFO - Sync 1 DAGs
[2025-11-11T07:01:14.229+0000] {logging_mixin.py:188} INFO - [2025-11-11T07:01:14.228+0000] {dag.py:3823} INFO - Setting next_dagrun for simple_etl_lineage to None, run_after=None
[2025-11-11T07:01:14.299+0000] {processor.py:183} INFO - Processing /opt/airflow/dags/etl_dag.py took 0.336 seconds
[2025-11-11T07:01:45.720+0000] {processor.py:161} INFO - Started process (PID=810) to work on /opt/airflow/dags/etl_dag.py
[2025-11-11T07:01:45.730+0000] {processor.py:830} INFO - Processing file /opt/airflow/dags/etl_dag.py for tasks to queue
[2025-11-11T07:01:45.733+0000] {logging_mixin.py:188} INFO - [2025-11-11T07:01:45.732+0000] {dagbag.py:538} INFO - Filling up the DagBag from /opt/airflow/dags/etl_dag.py
[2025-11-11T07:01:45.786+0000] {processor.py:840} INFO - DAG(s) 'simple_etl_lineage' retrieved from /opt/airflow/dags/etl_dag.py
[2025-11-11T07:01:45.997+0000] {logging_mixin.py:188} INFO - [2025-11-11T07:01:45.996+0000] {dag.py:3036} INFO - Sync 1 DAGs
[2025-11-11T07:01:46.058+0000] {logging_mixin.py:188} INFO - [2025-11-11T07:01:46.058+0000] {dag.py:3823} INFO - Setting next_dagrun for simple_etl_lineage to None, run_after=None
[2025-11-11T07:01:46.229+0000] {processor.py:183} INFO - Processing /opt/airflow/dags/etl_dag.py took 0.522 seconds
[2025-11-11T07:02:17.486+0000] {processor.py:161} INFO - Started process (PID=820) to work on /opt/airflow/dags/etl_dag.py
[2025-11-11T07:02:17.497+0000] {processor.py:830} INFO - Processing file /opt/airflow/dags/etl_dag.py for tasks to queue
[2025-11-11T07:02:17.500+0000] {logging_mixin.py:188} INFO - [2025-11-11T07:02:17.499+0000] {dagbag.py:538} INFO - Filling up the DagBag from /opt/airflow/dags/etl_dag.py
[2025-11-11T07:02:17.548+0000] {processor.py:840} INFO - DAG(s) 'simple_etl_lineage' retrieved from /opt/airflow/dags/etl_dag.py
[2025-11-11T07:02:17.641+0000] {logging_mixin.py:188} INFO - [2025-11-11T07:02:17.641+0000] {dag.py:3036} INFO - Sync 1 DAGs
[2025-11-11T07:02:17.712+0000] {logging_mixin.py:188} INFO - [2025-11-11T07:02:17.711+0000] {dag.py:3823} INFO - Setting next_dagrun for simple_etl_lineage to None, run_after=None
[2025-11-11T07:02:17.797+0000] {processor.py:183} INFO - Processing /opt/airflow/dags/etl_dag.py took 0.317 seconds
[2025-11-11T07:02:48.437+0000] {processor.py:161} INFO - Started process (PID=830) to work on /opt/airflow/dags/etl_dag.py
[2025-11-11T07:02:48.439+0000] {processor.py:830} INFO - Processing file /opt/airflow/dags/etl_dag.py for tasks to queue
[2025-11-11T07:02:48.441+0000] {logging_mixin.py:188} INFO - [2025-11-11T07:02:48.440+0000] {dagbag.py:538} INFO - Filling up the DagBag from /opt/airflow/dags/etl_dag.py
[2025-11-11T07:02:48.503+0000] {processor.py:840} INFO - DAG(s) 'simple_etl_lineage' retrieved from /opt/airflow/dags/etl_dag.py
[2025-11-11T07:02:48.615+0000] {logging_mixin.py:188} INFO - [2025-11-11T07:02:48.615+0000] {dag.py:3036} INFO - Sync 1 DAGs
[2025-11-11T07:02:48.731+0000] {logging_mixin.py:188} INFO - [2025-11-11T07:02:48.730+0000] {dag.py:3823} INFO - Setting next_dagrun for simple_etl_lineage to None, run_after=None
[2025-11-11T07:02:48.884+0000] {processor.py:183} INFO - Processing /opt/airflow/dags/etl_dag.py took 0.460 seconds
[2025-11-11T07:03:21.706+0000] {processor.py:161} INFO - Started process (PID=840) to work on /opt/airflow/dags/etl_dag.py
[2025-11-11T07:03:21.714+0000] {processor.py:830} INFO - Processing file /opt/airflow/dags/etl_dag.py for tasks to queue
[2025-11-11T07:03:21.737+0000] {logging_mixin.py:188} INFO - [2025-11-11T07:03:21.725+0000] {dagbag.py:538} INFO - Filling up the DagBag from /opt/airflow/dags/etl_dag.py
[2025-11-11T07:03:22.344+0000] {processor.py:840} INFO - DAG(s) 'simple_etl_lineage' retrieved from /opt/airflow/dags/etl_dag.py
[2025-11-11T07:03:22.957+0000] {logging_mixin.py:188} INFO - [2025-11-11T07:03:22.956+0000] {dag.py:3036} INFO - Sync 1 DAGs
[2025-11-11T07:03:23.101+0000] {logging_mixin.py:188} INFO - [2025-11-11T07:03:23.101+0000] {dag.py:3823} INFO - Setting next_dagrun for simple_etl_lineage to None, run_after=None
[2025-11-11T07:03:23.213+0000] {processor.py:183} INFO - Processing /opt/airflow/dags/etl_dag.py took 1.536 seconds
[2025-11-11T07:03:54.434+0000] {processor.py:161} INFO - Started process (PID=850) to work on /opt/airflow/dags/etl_dag.py
[2025-11-11T07:03:54.439+0000] {processor.py:830} INFO - Processing file /opt/airflow/dags/etl_dag.py for tasks to queue
[2025-11-11T07:03:54.450+0000] {logging_mixin.py:188} INFO - [2025-11-11T07:03:54.445+0000] {dagbag.py:538} INFO - Filling up the DagBag from /opt/airflow/dags/etl_dag.py
[2025-11-11T07:03:54.868+0000] {processor.py:840} INFO - DAG(s) 'simple_etl_lineage' retrieved from /opt/airflow/dags/etl_dag.py
[2025-11-11T07:03:55.280+0000] {logging_mixin.py:188} INFO - [2025-11-11T07:03:55.279+0000] {dag.py:3036} INFO - Sync 1 DAGs
[2025-11-11T07:03:55.371+0000] {logging_mixin.py:188} INFO - [2025-11-11T07:03:55.370+0000] {dag.py:3823} INFO - Setting next_dagrun for simple_etl_lineage to None, run_after=None
[2025-11-11T07:03:55.561+0000] {processor.py:183} INFO - Processing /opt/airflow/dags/etl_dag.py took 1.133 seconds
[2025-11-11T07:04:25.946+0000] {processor.py:161} INFO - Started process (PID=857) to work on /opt/airflow/dags/etl_dag.py
[2025-11-11T07:04:25.948+0000] {processor.py:830} INFO - Processing file /opt/airflow/dags/etl_dag.py for tasks to queue
[2025-11-11T07:04:25.956+0000] {logging_mixin.py:188} INFO - [2025-11-11T07:04:25.951+0000] {dagbag.py:538} INFO - Filling up the DagBag from /opt/airflow/dags/etl_dag.py
[2025-11-11T07:04:26.000+0000] {processor.py:840} INFO - DAG(s) 'simple_etl_lineage' retrieved from /opt/airflow/dags/etl_dag.py
[2025-11-11T07:04:26.099+0000] {logging_mixin.py:188} INFO - [2025-11-11T07:04:26.099+0000] {dag.py:3036} INFO - Sync 1 DAGs
[2025-11-11T07:04:26.133+0000] {logging_mixin.py:188} INFO - [2025-11-11T07:04:26.133+0000] {dag.py:3823} INFO - Setting next_dagrun for simple_etl_lineage to None, run_after=None
[2025-11-11T07:04:26.192+0000] {processor.py:183} INFO - Processing /opt/airflow/dags/etl_dag.py took 0.252 seconds
[2025-11-11T07:04:57.042+0000] {processor.py:161} INFO - Started process (PID=867) to work on /opt/airflow/dags/etl_dag.py
[2025-11-11T07:04:57.044+0000] {processor.py:830} INFO - Processing file /opt/airflow/dags/etl_dag.py for tasks to queue
[2025-11-11T07:04:57.049+0000] {logging_mixin.py:188} INFO - [2025-11-11T07:04:57.048+0000] {dagbag.py:538} INFO - Filling up the DagBag from /opt/airflow/dags/etl_dag.py
[2025-11-11T07:04:57.409+0000] {processor.py:840} INFO - DAG(s) 'simple_etl_lineage' retrieved from /opt/airflow/dags/etl_dag.py
[2025-11-11T07:04:57.469+0000] {logging_mixin.py:188} INFO - [2025-11-11T07:04:57.469+0000] {dag.py:3036} INFO - Sync 1 DAGs
[2025-11-11T07:04:57.511+0000] {logging_mixin.py:188} INFO - [2025-11-11T07:04:57.511+0000] {dag.py:3823} INFO - Setting next_dagrun for simple_etl_lineage to None, run_after=None
[2025-11-11T07:04:57.603+0000] {processor.py:183} INFO - Processing /opt/airflow/dags/etl_dag.py took 0.568 seconds
[2025-11-11T07:05:28.455+0000] {processor.py:161} INFO - Started process (PID=877) to work on /opt/airflow/dags/etl_dag.py
[2025-11-11T07:05:28.482+0000] {processor.py:830} INFO - Processing file /opt/airflow/dags/etl_dag.py for tasks to queue
[2025-11-11T07:05:28.504+0000] {logging_mixin.py:188} INFO - [2025-11-11T07:05:28.504+0000] {dagbag.py:538} INFO - Filling up the DagBag from /opt/airflow/dags/etl_dag.py
[2025-11-11T07:05:29.033+0000] {processor.py:840} INFO - DAG(s) 'simple_etl_lineage' retrieved from /opt/airflow/dags/etl_dag.py
[2025-11-11T07:05:29.195+0000] {logging_mixin.py:188} INFO - [2025-11-11T07:05:29.195+0000] {dag.py:3036} INFO - Sync 1 DAGs
[2025-11-11T07:05:29.262+0000] {logging_mixin.py:188} INFO - [2025-11-11T07:05:29.261+0000] {dag.py:3823} INFO - Setting next_dagrun for simple_etl_lineage to None, run_after=None
[2025-11-11T07:05:29.458+0000] {processor.py:183} INFO - Processing /opt/airflow/dags/etl_dag.py took 1.009 seconds
[2025-11-11T07:06:00.707+0000] {processor.py:161} INFO - Started process (PID=890) to work on /opt/airflow/dags/etl_dag.py
[2025-11-11T07:06:00.709+0000] {processor.py:830} INFO - Processing file /opt/airflow/dags/etl_dag.py for tasks to queue
[2025-11-11T07:06:00.711+0000] {logging_mixin.py:188} INFO - [2025-11-11T07:06:00.710+0000] {dagbag.py:538} INFO - Filling up the DagBag from /opt/airflow/dags/etl_dag.py
[2025-11-11T07:06:01.281+0000] {processor.py:840} INFO - DAG(s) 'simple_etl_lineage' retrieved from /opt/airflow/dags/etl_dag.py
[2025-11-11T07:06:01.422+0000] {logging_mixin.py:188} INFO - [2025-11-11T07:06:01.421+0000] {dag.py:3036} INFO - Sync 1 DAGs
[2025-11-11T07:06:01.583+0000] {logging_mixin.py:188} INFO - [2025-11-11T07:06:01.583+0000] {dag.py:3823} INFO - Setting next_dagrun for simple_etl_lineage to None, run_after=None
[2025-11-11T07:06:01.637+0000] {processor.py:183} INFO - Processing /opt/airflow/dags/etl_dag.py took 0.934 seconds
[2025-11-11T07:06:34.314+0000] {processor.py:161} INFO - Started process (PID=900) to work on /opt/airflow/dags/etl_dag.py
[2025-11-11T07:06:34.339+0000] {processor.py:830} INFO - Processing file /opt/airflow/dags/etl_dag.py for tasks to queue
[2025-11-11T07:06:34.346+0000] {logging_mixin.py:188} INFO - [2025-11-11T07:06:34.345+0000] {dagbag.py:538} INFO - Filling up the DagBag from /opt/airflow/dags/etl_dag.py
[2025-11-11T07:06:37.011+0000] {processor.py:840} INFO - DAG(s) 'simple_etl_lineage' retrieved from /opt/airflow/dags/etl_dag.py
[2025-11-11T07:06:37.483+0000] {logging_mixin.py:188} INFO - [2025-11-11T07:06:37.483+0000] {dag.py:3036} INFO - Sync 1 DAGs
[2025-11-11T07:06:37.647+0000] {logging_mixin.py:188} INFO - [2025-11-11T07:06:37.638+0000] {dag.py:3823} INFO - Setting next_dagrun for simple_etl_lineage to None, run_after=None
[2025-11-11T07:06:37.771+0000] {processor.py:183} INFO - Processing /opt/airflow/dags/etl_dag.py took 3.503 seconds
[2025-11-11T07:07:10.383+0000] {processor.py:161} INFO - Started process (PID=909) to work on /opt/airflow/dags/etl_dag.py
[2025-11-11T07:07:10.397+0000] {processor.py:830} INFO - Processing file /opt/airflow/dags/etl_dag.py for tasks to queue
[2025-11-11T07:07:10.406+0000] {logging_mixin.py:188} INFO - [2025-11-11T07:07:10.400+0000] {dagbag.py:538} INFO - Filling up the DagBag from /opt/airflow/dags/etl_dag.py
[2025-11-11T07:07:10.647+0000] {processor.py:840} INFO - DAG(s) 'simple_etl_lineage' retrieved from /opt/airflow/dags/etl_dag.py
[2025-11-11T07:07:13.000+0000] {logging_mixin.py:188} INFO - [2025-11-11T07:07:12.999+0000] {dag.py:3036} INFO - Sync 1 DAGs
[2025-11-11T07:07:15.428+0000] {logging_mixin.py:188} INFO - [2025-11-11T07:07:15.428+0000] {dag.py:3823} INFO - Setting next_dagrun for simple_etl_lineage to None, run_after=None
[2025-11-11T07:07:18.022+0000] {processor.py:183} INFO - Processing /opt/airflow/dags/etl_dag.py took 7.674 seconds
[2025-11-11T07:07:49.599+0000] {processor.py:161} INFO - Started process (PID=917) to work on /opt/airflow/dags/etl_dag.py
[2025-11-11T07:07:49.607+0000] {processor.py:830} INFO - Processing file /opt/airflow/dags/etl_dag.py for tasks to queue
[2025-11-11T07:07:49.618+0000] {logging_mixin.py:188} INFO - [2025-11-11T07:07:49.616+0000] {dagbag.py:538} INFO - Filling up the DagBag from /opt/airflow/dags/etl_dag.py
[2025-11-11T07:07:49.680+0000] {processor.py:840} INFO - DAG(s) 'simple_etl_lineage' retrieved from /opt/airflow/dags/etl_dag.py
[2025-11-11T07:07:49.786+0000] {logging_mixin.py:188} INFO - [2025-11-11T07:07:49.785+0000] {dag.py:3036} INFO - Sync 1 DAGs
[2025-11-11T07:07:49.836+0000] {logging_mixin.py:188} INFO - [2025-11-11T07:07:49.835+0000] {dag.py:3823} INFO - Setting next_dagrun for simple_etl_lineage to None, run_after=None
[2025-11-11T07:07:49.909+0000] {processor.py:183} INFO - Processing /opt/airflow/dags/etl_dag.py took 0.316 seconds
[2025-11-11T07:08:23.239+0000] {processor.py:161} INFO - Started process (PID=930) to work on /opt/airflow/dags/etl_dag.py
[2025-11-11T07:08:23.250+0000] {processor.py:830} INFO - Processing file /opt/airflow/dags/etl_dag.py for tasks to queue
[2025-11-11T07:08:23.258+0000] {logging_mixin.py:188} INFO - [2025-11-11T07:08:23.257+0000] {dagbag.py:538} INFO - Filling up the DagBag from /opt/airflow/dags/etl_dag.py
[2025-11-11T07:08:23.444+0000] {processor.py:840} INFO - DAG(s) 'simple_etl_lineage' retrieved from /opt/airflow/dags/etl_dag.py
[2025-11-11T07:08:24.048+0000] {logging_mixin.py:188} INFO - [2025-11-11T07:08:24.048+0000] {dag.py:3036} INFO - Sync 1 DAGs
[2025-11-11T07:08:24.154+0000] {logging_mixin.py:188} INFO - [2025-11-11T07:08:24.154+0000] {dag.py:3823} INFO - Setting next_dagrun for simple_etl_lineage to None, run_after=None
[2025-11-11T07:08:24.284+0000] {processor.py:183} INFO - Processing /opt/airflow/dags/etl_dag.py took 1.051 seconds
[2025-11-11T07:08:56.089+0000] {processor.py:161} INFO - Started process (PID=940) to work on /opt/airflow/dags/etl_dag.py
[2025-11-11T07:08:56.093+0000] {processor.py:830} INFO - Processing file /opt/airflow/dags/etl_dag.py for tasks to queue
[2025-11-11T07:08:56.098+0000] {logging_mixin.py:188} INFO - [2025-11-11T07:08:56.096+0000] {dagbag.py:538} INFO - Filling up the DagBag from /opt/airflow/dags/etl_dag.py
[2025-11-11T07:08:56.202+0000] {processor.py:840} INFO - DAG(s) 'simple_etl_lineage' retrieved from /opt/airflow/dags/etl_dag.py
[2025-11-11T07:08:56.468+0000] {logging_mixin.py:188} INFO - [2025-11-11T07:08:56.468+0000] {dag.py:3036} INFO - Sync 1 DAGs
[2025-11-11T07:08:56.510+0000] {logging_mixin.py:188} INFO - [2025-11-11T07:08:56.510+0000] {dag.py:3823} INFO - Setting next_dagrun for simple_etl_lineage to None, run_after=None
[2025-11-11T07:08:56.581+0000] {processor.py:183} INFO - Processing /opt/airflow/dags/etl_dag.py took 0.512 seconds
[2025-11-11T07:09:27.392+0000] {processor.py:161} INFO - Started process (PID=950) to work on /opt/airflow/dags/etl_dag.py
[2025-11-11T07:09:27.395+0000] {processor.py:830} INFO - Processing file /opt/airflow/dags/etl_dag.py for tasks to queue
[2025-11-11T07:09:27.398+0000] {logging_mixin.py:188} INFO - [2025-11-11T07:09:27.397+0000] {dagbag.py:538} INFO - Filling up the DagBag from /opt/airflow/dags/etl_dag.py
[2025-11-11T07:09:27.428+0000] {processor.py:840} INFO - DAG(s) 'simple_etl_lineage' retrieved from /opt/airflow/dags/etl_dag.py
[2025-11-11T07:09:27.464+0000] {logging_mixin.py:188} INFO - [2025-11-11T07:09:27.464+0000] {dag.py:3036} INFO - Sync 1 DAGs
[2025-11-11T07:09:27.487+0000] {logging_mixin.py:188} INFO - [2025-11-11T07:09:27.486+0000] {dag.py:3823} INFO - Setting next_dagrun for simple_etl_lineage to None, run_after=None
[2025-11-11T07:09:27.525+0000] {processor.py:183} INFO - Processing /opt/airflow/dags/etl_dag.py took 0.143 seconds
[2025-11-11T07:09:58.886+0000] {processor.py:161} INFO - Started process (PID=960) to work on /opt/airflow/dags/etl_dag.py
[2025-11-11T07:09:58.896+0000] {processor.py:830} INFO - Processing file /opt/airflow/dags/etl_dag.py for tasks to queue
[2025-11-11T07:09:58.899+0000] {logging_mixin.py:188} INFO - [2025-11-11T07:09:58.898+0000] {dagbag.py:538} INFO - Filling up the DagBag from /opt/airflow/dags/etl_dag.py
[2025-11-11T07:09:59.054+0000] {processor.py:840} INFO - DAG(s) 'simple_etl_lineage' retrieved from /opt/airflow/dags/etl_dag.py
[2025-11-11T07:09:59.235+0000] {logging_mixin.py:188} INFO - [2025-11-11T07:09:59.235+0000] {dag.py:3036} INFO - Sync 1 DAGs
[2025-11-11T07:09:59.297+0000] {logging_mixin.py:188} INFO - [2025-11-11T07:09:59.297+0000] {dag.py:3823} INFO - Setting next_dagrun for simple_etl_lineage to None, run_after=None
[2025-11-11T07:09:59.540+0000] {processor.py:183} INFO - Processing /opt/airflow/dags/etl_dag.py took 0.660 seconds
[2025-11-11T07:10:31.739+0000] {processor.py:161} INFO - Started process (PID=970) to work on /opt/airflow/dags/etl_dag.py
[2025-11-11T07:10:31.755+0000] {processor.py:830} INFO - Processing file /opt/airflow/dags/etl_dag.py for tasks to queue
[2025-11-11T07:10:31.801+0000] {logging_mixin.py:188} INFO - [2025-11-11T07:10:31.801+0000] {dagbag.py:538} INFO - Filling up the DagBag from /opt/airflow/dags/etl_dag.py
[2025-11-11T07:10:31.927+0000] {processor.py:840} INFO - DAG(s) 'simple_etl_lineage' retrieved from /opt/airflow/dags/etl_dag.py
[2025-11-11T07:10:32.404+0000] {logging_mixin.py:188} INFO - [2025-11-11T07:10:32.403+0000] {dag.py:3036} INFO - Sync 1 DAGs
[2025-11-11T07:10:32.540+0000] {logging_mixin.py:188} INFO - [2025-11-11T07:10:32.540+0000] {dag.py:3823} INFO - Setting next_dagrun for simple_etl_lineage to None, run_after=None
[2025-11-11T07:10:32.680+0000] {processor.py:183} INFO - Processing /opt/airflow/dags/etl_dag.py took 0.947 seconds
[2025-11-11T07:11:03.443+0000] {processor.py:161} INFO - Started process (PID=980) to work on /opt/airflow/dags/etl_dag.py
[2025-11-11T07:11:03.448+0000] {processor.py:830} INFO - Processing file /opt/airflow/dags/etl_dag.py for tasks to queue
[2025-11-11T07:11:03.457+0000] {logging_mixin.py:188} INFO - [2025-11-11T07:11:03.456+0000] {dagbag.py:538} INFO - Filling up the DagBag from /opt/airflow/dags/etl_dag.py
[2025-11-11T07:11:03.826+0000] {processor.py:840} INFO - DAG(s) 'simple_etl_lineage' retrieved from /opt/airflow/dags/etl_dag.py
[2025-11-11T07:11:04.053+0000] {logging_mixin.py:188} INFO - [2025-11-11T07:11:04.052+0000] {dag.py:3036} INFO - Sync 1 DAGs
[2025-11-11T07:11:04.156+0000] {logging_mixin.py:188} INFO - [2025-11-11T07:11:04.155+0000] {dag.py:3823} INFO - Setting next_dagrun for simple_etl_lineage to None, run_after=None
[2025-11-11T07:11:04.305+0000] {processor.py:183} INFO - Processing /opt/airflow/dags/etl_dag.py took 0.866 seconds
[2025-11-11T07:11:36.393+0000] {processor.py:161} INFO - Started process (PID=990) to work on /opt/airflow/dags/etl_dag.py
[2025-11-11T07:11:36.408+0000] {processor.py:830} INFO - Processing file /opt/airflow/dags/etl_dag.py for tasks to queue
[2025-11-11T07:11:36.422+0000] {logging_mixin.py:188} INFO - [2025-11-11T07:11:36.419+0000] {dagbag.py:538} INFO - Filling up the DagBag from /opt/airflow/dags/etl_dag.py
[2025-11-11T07:11:36.885+0000] {processor.py:840} INFO - DAG(s) 'simple_etl_lineage' retrieved from /opt/airflow/dags/etl_dag.py
[2025-11-11T07:11:37.023+0000] {logging_mixin.py:188} INFO - [2025-11-11T07:11:37.023+0000] {dag.py:3036} INFO - Sync 1 DAGs
[2025-11-11T07:11:37.073+0000] {logging_mixin.py:188} INFO - [2025-11-11T07:11:37.073+0000] {dag.py:3823} INFO - Setting next_dagrun for simple_etl_lineage to None, run_after=None
[2025-11-11T07:11:37.191+0000] {processor.py:183} INFO - Processing /opt/airflow/dags/etl_dag.py took 0.836 seconds
[2025-11-11T07:12:08.388+0000] {processor.py:161} INFO - Started process (PID=1000) to work on /opt/airflow/dags/etl_dag.py
[2025-11-11T07:12:08.391+0000] {processor.py:830} INFO - Processing file /opt/airflow/dags/etl_dag.py for tasks to queue
[2025-11-11T07:12:08.393+0000] {logging_mixin.py:188} INFO - [2025-11-11T07:12:08.393+0000] {dagbag.py:538} INFO - Filling up the DagBag from /opt/airflow/dags/etl_dag.py
[2025-11-11T07:12:08.449+0000] {processor.py:840} INFO - DAG(s) 'simple_etl_lineage' retrieved from /opt/airflow/dags/etl_dag.py
[2025-11-11T07:12:08.550+0000] {logging_mixin.py:188} INFO - [2025-11-11T07:12:08.549+0000] {dag.py:3036} INFO - Sync 1 DAGs
[2025-11-11T07:12:08.597+0000] {logging_mixin.py:188} INFO - [2025-11-11T07:12:08.596+0000] {dag.py:3823} INFO - Setting next_dagrun for simple_etl_lineage to None, run_after=None
[2025-11-11T07:12:08.653+0000] {processor.py:183} INFO - Processing /opt/airflow/dags/etl_dag.py took 0.280 seconds
[2025-11-11T07:12:39.697+0000] {processor.py:161} INFO - Started process (PID=1010) to work on /opt/airflow/dags/etl_dag.py
[2025-11-11T07:12:39.699+0000] {processor.py:830} INFO - Processing file /opt/airflow/dags/etl_dag.py for tasks to queue
[2025-11-11T07:12:39.709+0000] {logging_mixin.py:188} INFO - [2025-11-11T07:12:39.709+0000] {dagbag.py:538} INFO - Filling up the DagBag from /opt/airflow/dags/etl_dag.py
[2025-11-11T07:12:40.410+0000] {processor.py:840} INFO - DAG(s) 'simple_etl_lineage' retrieved from /opt/airflow/dags/etl_dag.py
[2025-11-11T07:12:40.540+0000] {logging_mixin.py:188} INFO - [2025-11-11T07:12:40.540+0000] {dag.py:3036} INFO - Sync 1 DAGs
[2025-11-11T07:12:40.608+0000] {logging_mixin.py:188} INFO - [2025-11-11T07:12:40.608+0000] {dag.py:3823} INFO - Setting next_dagrun for simple_etl_lineage to None, run_after=None
[2025-11-11T07:12:40.700+0000] {processor.py:183} INFO - Processing /opt/airflow/dags/etl_dag.py took 1.008 seconds
[2025-11-11T07:13:12.876+0000] {processor.py:161} INFO - Started process (PID=1017) to work on /opt/airflow/dags/etl_dag.py
[2025-11-11T07:13:12.886+0000] {processor.py:830} INFO - Processing file /opt/airflow/dags/etl_dag.py for tasks to queue
[2025-11-11T07:13:12.908+0000] {logging_mixin.py:188} INFO - [2025-11-11T07:13:12.907+0000] {dagbag.py:538} INFO - Filling up the DagBag from /opt/airflow/dags/etl_dag.py
[2025-11-11T07:13:13.636+0000] {processor.py:840} INFO - DAG(s) 'simple_etl_lineage' retrieved from /opt/airflow/dags/etl_dag.py
[2025-11-11T07:13:13.752+0000] {logging_mixin.py:188} INFO - [2025-11-11T07:13:13.751+0000] {dag.py:3036} INFO - Sync 1 DAGs
[2025-11-11T07:13:13.821+0000] {logging_mixin.py:188} INFO - [2025-11-11T07:13:13.820+0000] {dag.py:3823} INFO - Setting next_dagrun for simple_etl_lineage to None, run_after=None
[2025-11-11T07:13:14.204+0000] {processor.py:183} INFO - Processing /opt/airflow/dags/etl_dag.py took 1.334 seconds
[2025-11-11T07:13:45.009+0000] {processor.py:161} INFO - Started process (PID=1030) to work on /opt/airflow/dags/etl_dag.py
[2025-11-11T07:13:45.011+0000] {processor.py:830} INFO - Processing file /opt/airflow/dags/etl_dag.py for tasks to queue
[2025-11-11T07:13:45.012+0000] {logging_mixin.py:188} INFO - [2025-11-11T07:13:45.011+0000] {dagbag.py:538} INFO - Filling up the DagBag from /opt/airflow/dags/etl_dag.py
[2025-11-11T07:13:45.038+0000] {processor.py:840} INFO - DAG(s) 'simple_etl_lineage' retrieved from /opt/airflow/dags/etl_dag.py
[2025-11-11T07:13:45.071+0000] {logging_mixin.py:188} INFO - [2025-11-11T07:13:45.070+0000] {dag.py:3036} INFO - Sync 1 DAGs
[2025-11-11T07:13:45.087+0000] {logging_mixin.py:188} INFO - [2025-11-11T07:13:45.087+0000] {dag.py:3823} INFO - Setting next_dagrun for simple_etl_lineage to None, run_after=None
[2025-11-11T07:13:45.123+0000] {processor.py:183} INFO - Processing /opt/airflow/dags/etl_dag.py took 0.118 seconds
[2025-11-11T07:14:15.519+0000] {processor.py:161} INFO - Started process (PID=1040) to work on /opt/airflow/dags/etl_dag.py
[2025-11-11T07:14:15.521+0000] {processor.py:830} INFO - Processing file /opt/airflow/dags/etl_dag.py for tasks to queue
[2025-11-11T07:14:15.523+0000] {logging_mixin.py:188} INFO - [2025-11-11T07:14:15.522+0000] {dagbag.py:538} INFO - Filling up the DagBag from /opt/airflow/dags/etl_dag.py
[2025-11-11T07:14:15.558+0000] {processor.py:840} INFO - DAG(s) 'simple_etl_lineage' retrieved from /opt/airflow/dags/etl_dag.py
[2025-11-11T07:14:15.597+0000] {logging_mixin.py:188} INFO - [2025-11-11T07:14:15.596+0000] {dag.py:3036} INFO - Sync 1 DAGs
[2025-11-11T07:14:15.621+0000] {logging_mixin.py:188} INFO - [2025-11-11T07:14:15.621+0000] {dag.py:3823} INFO - Setting next_dagrun for simple_etl_lineage to None, run_after=None
[2025-11-11T07:14:15.700+0000] {processor.py:183} INFO - Processing /opt/airflow/dags/etl_dag.py took 0.187 seconds
[2025-11-11T07:14:46.030+0000] {processor.py:161} INFO - Started process (PID=1050) to work on /opt/airflow/dags/etl_dag.py
[2025-11-11T07:14:46.054+0000] {processor.py:830} INFO - Processing file /opt/airflow/dags/etl_dag.py for tasks to queue
[2025-11-11T07:14:46.056+0000] {logging_mixin.py:188} INFO - [2025-11-11T07:14:46.055+0000] {dagbag.py:538} INFO - Filling up the DagBag from /opt/airflow/dags/etl_dag.py
[2025-11-11T07:14:46.181+0000] {processor.py:840} INFO - DAG(s) 'simple_etl_lineage' retrieved from /opt/airflow/dags/etl_dag.py
[2025-11-11T07:14:46.325+0000] {logging_mixin.py:188} INFO - [2025-11-11T07:14:46.315+0000] {dag.py:3036} INFO - Sync 1 DAGs
[2025-11-11T07:14:46.427+0000] {logging_mixin.py:188} INFO - [2025-11-11T07:14:46.427+0000] {dag.py:3823} INFO - Setting next_dagrun for simple_etl_lineage to None, run_after=None
[2025-11-11T07:14:46.734+0000] {processor.py:183} INFO - Processing /opt/airflow/dags/etl_dag.py took 0.711 seconds
[2025-11-11T07:15:19.417+0000] {processor.py:161} INFO - Started process (PID=1062) to work on /opt/airflow/dags/etl_dag.py
[2025-11-11T07:15:19.419+0000] {processor.py:830} INFO - Processing file /opt/airflow/dags/etl_dag.py for tasks to queue
[2025-11-11T07:15:19.429+0000] {logging_mixin.py:188} INFO - [2025-11-11T07:15:19.429+0000] {dagbag.py:538} INFO - Filling up the DagBag from /opt/airflow/dags/etl_dag.py
[2025-11-11T07:15:19.488+0000] {processor.py:840} INFO - DAG(s) 'simple_etl_lineage' retrieved from /opt/airflow/dags/etl_dag.py
[2025-11-11T07:15:19.612+0000] {logging_mixin.py:188} INFO - [2025-11-11T07:15:19.611+0000] {dag.py:3036} INFO - Sync 1 DAGs
[2025-11-11T07:15:19.661+0000] {logging_mixin.py:188} INFO - [2025-11-11T07:15:19.660+0000] {dag.py:3823} INFO - Setting next_dagrun for simple_etl_lineage to None, run_after=None
[2025-11-11T07:15:19.729+0000] {processor.py:183} INFO - Processing /opt/airflow/dags/etl_dag.py took 0.317 seconds
[2025-11-11T07:15:50.002+0000] {processor.py:161} INFO - Started process (PID=1070) to work on /opt/airflow/dags/etl_dag.py
[2025-11-11T07:15:50.004+0000] {processor.py:830} INFO - Processing file /opt/airflow/dags/etl_dag.py for tasks to queue
[2025-11-11T07:15:50.006+0000] {logging_mixin.py:188} INFO - [2025-11-11T07:15:50.005+0000] {dagbag.py:538} INFO - Filling up the DagBag from /opt/airflow/dags/etl_dag.py
[2025-11-11T07:15:50.030+0000] {processor.py:840} INFO - DAG(s) 'simple_etl_lineage' retrieved from /opt/airflow/dags/etl_dag.py
[2025-11-11T07:15:50.070+0000] {logging_mixin.py:188} INFO - [2025-11-11T07:15:50.070+0000] {dag.py:3036} INFO - Sync 1 DAGs
[2025-11-11T07:15:50.089+0000] {logging_mixin.py:188} INFO - [2025-11-11T07:15:50.089+0000] {dag.py:3823} INFO - Setting next_dagrun for simple_etl_lineage to None, run_after=None
[2025-11-11T07:15:50.122+0000] {processor.py:183} INFO - Processing /opt/airflow/dags/etl_dag.py took 0.123 seconds
[2025-11-11T07:16:20.995+0000] {processor.py:161} INFO - Started process (PID=1080) to work on /opt/airflow/dags/etl_dag.py
[2025-11-11T07:16:20.998+0000] {processor.py:830} INFO - Processing file /opt/airflow/dags/etl_dag.py for tasks to queue
[2025-11-11T07:16:20.999+0000] {logging_mixin.py:188} INFO - [2025-11-11T07:16:20.999+0000] {dagbag.py:538} INFO - Filling up the DagBag from /opt/airflow/dags/etl_dag.py
[2025-11-11T07:16:21.149+0000] {processor.py:840} INFO - DAG(s) 'simple_etl_lineage' retrieved from /opt/airflow/dags/etl_dag.py
[2025-11-11T07:16:21.203+0000] {logging_mixin.py:188} INFO - [2025-11-11T07:16:21.203+0000] {dag.py:3036} INFO - Sync 1 DAGs
[2025-11-11T07:16:21.221+0000] {logging_mixin.py:188} INFO - [2025-11-11T07:16:21.221+0000] {dag.py:3823} INFO - Setting next_dagrun for simple_etl_lineage to None, run_after=None
[2025-11-11T07:16:21.257+0000] {processor.py:183} INFO - Processing /opt/airflow/dags/etl_dag.py took 0.267 seconds
[2025-11-11T07:16:54.808+0000] {processor.py:161} INFO - Started process (PID=1089) to work on /opt/airflow/dags/etl_dag.py
[2025-11-11T07:16:54.811+0000] {processor.py:830} INFO - Processing file /opt/airflow/dags/etl_dag.py for tasks to queue
[2025-11-11T07:16:54.813+0000] {logging_mixin.py:188} INFO - [2025-11-11T07:16:54.812+0000] {dagbag.py:538} INFO - Filling up the DagBag from /opt/airflow/dags/etl_dag.py
[2025-11-11T07:16:54.921+0000] {processor.py:840} INFO - DAG(s) 'simple_etl_lineage' retrieved from /opt/airflow/dags/etl_dag.py
[2025-11-11T07:16:55.286+0000] {logging_mixin.py:188} INFO - [2025-11-11T07:16:55.285+0000] {dag.py:3036} INFO - Sync 1 DAGs
[2025-11-11T07:16:55.466+0000] {logging_mixin.py:188} INFO - [2025-11-11T07:16:55.465+0000] {dag.py:3823} INFO - Setting next_dagrun for simple_etl_lineage to None, run_after=None
[2025-11-11T07:16:55.569+0000] {processor.py:183} INFO - Processing /opt/airflow/dags/etl_dag.py took 0.770 seconds
[2025-11-11T07:17:27.359+0000] {processor.py:161} INFO - Started process (PID=1100) to work on /opt/airflow/dags/etl_dag.py
[2025-11-11T07:17:27.378+0000] {processor.py:830} INFO - Processing file /opt/airflow/dags/etl_dag.py for tasks to queue
[2025-11-11T07:17:27.381+0000] {logging_mixin.py:188} INFO - [2025-11-11T07:17:27.381+0000] {dagbag.py:538} INFO - Filling up the DagBag from /opt/airflow/dags/etl_dag.py
[2025-11-11T07:17:28.279+0000] {processor.py:840} INFO - DAG(s) 'simple_etl_lineage' retrieved from /opt/airflow/dags/etl_dag.py
[2025-11-11T07:17:28.495+0000] {logging_mixin.py:188} INFO - [2025-11-11T07:17:28.495+0000] {dag.py:3036} INFO - Sync 1 DAGs
[2025-11-11T07:17:28.562+0000] {logging_mixin.py:188} INFO - [2025-11-11T07:17:28.561+0000] {dag.py:3823} INFO - Setting next_dagrun for simple_etl_lineage to None, run_after=None
[2025-11-11T07:17:28.637+0000] {processor.py:183} INFO - Processing /opt/airflow/dags/etl_dag.py took 1.307 seconds
[2025-11-11T07:17:59.097+0000] {processor.py:161} INFO - Started process (PID=1110) to work on /opt/airflow/dags/etl_dag.py
[2025-11-11T07:17:59.109+0000] {processor.py:830} INFO - Processing file /opt/airflow/dags/etl_dag.py for tasks to queue
[2025-11-11T07:17:59.114+0000] {logging_mixin.py:188} INFO - [2025-11-11T07:17:59.113+0000] {dagbag.py:538} INFO - Filling up the DagBag from /opt/airflow/dags/etl_dag.py
[2025-11-11T07:17:59.464+0000] {processor.py:840} INFO - DAG(s) 'simple_etl_lineage' retrieved from /opt/airflow/dags/etl_dag.py
[2025-11-11T07:17:59.609+0000] {logging_mixin.py:188} INFO - [2025-11-11T07:17:59.609+0000] {dag.py:3036} INFO - Sync 1 DAGs
[2025-11-11T07:17:59.677+0000] {logging_mixin.py:188} INFO - [2025-11-11T07:17:59.672+0000] {dag.py:3823} INFO - Setting next_dagrun for simple_etl_lineage to None, run_after=None
[2025-11-11T07:17:59.833+0000] {processor.py:183} INFO - Processing /opt/airflow/dags/etl_dag.py took 0.741 seconds
[2025-11-11T07:18:32.623+0000] {processor.py:161} INFO - Started process (PID=1122) to work on /opt/airflow/dags/etl_dag.py
[2025-11-11T07:18:32.626+0000] {processor.py:830} INFO - Processing file /opt/airflow/dags/etl_dag.py for tasks to queue
[2025-11-11T07:18:32.629+0000] {logging_mixin.py:188} INFO - [2025-11-11T07:18:32.628+0000] {dagbag.py:538} INFO - Filling up the DagBag from /opt/airflow/dags/etl_dag.py
[2025-11-11T07:18:32.772+0000] {processor.py:840} INFO - DAG(s) 'simple_etl_lineage' retrieved from /opt/airflow/dags/etl_dag.py
[2025-11-11T07:18:32.883+0000] {logging_mixin.py:188} INFO - [2025-11-11T07:18:32.883+0000] {dag.py:3036} INFO - Sync 1 DAGs
[2025-11-11T07:18:32.945+0000] {logging_mixin.py:188} INFO - [2025-11-11T07:18:32.944+0000] {dag.py:3823} INFO - Setting next_dagrun for simple_etl_lineage to None, run_after=None
[2025-11-11T07:18:33.557+0000] {processor.py:183} INFO - Processing /opt/airflow/dags/etl_dag.py took 0.939 seconds
[2025-11-11T07:19:05.583+0000] {processor.py:161} INFO - Started process (PID=1132) to work on /opt/airflow/dags/etl_dag.py
[2025-11-11T07:19:05.590+0000] {processor.py:830} INFO - Processing file /opt/airflow/dags/etl_dag.py for tasks to queue
[2025-11-11T07:19:05.604+0000] {logging_mixin.py:188} INFO - [2025-11-11T07:19:05.603+0000] {dagbag.py:538} INFO - Filling up the DagBag from /opt/airflow/dags/etl_dag.py
[2025-11-11T07:19:05.677+0000] {processor.py:840} INFO - DAG(s) 'simple_etl_lineage' retrieved from /opt/airflow/dags/etl_dag.py
[2025-11-11T07:19:05.770+0000] {logging_mixin.py:188} INFO - [2025-11-11T07:19:05.769+0000] {dag.py:3036} INFO - Sync 1 DAGs
[2025-11-11T07:19:05.817+0000] {logging_mixin.py:188} INFO - [2025-11-11T07:19:05.816+0000] {dag.py:3823} INFO - Setting next_dagrun for simple_etl_lineage to None, run_after=None
[2025-11-11T07:19:05.884+0000] {processor.py:183} INFO - Processing /opt/airflow/dags/etl_dag.py took 0.306 seconds
[2025-11-11T07:19:36.111+0000] {processor.py:161} INFO - Started process (PID=1142) to work on /opt/airflow/dags/etl_dag.py
[2025-11-11T07:19:36.113+0000] {processor.py:830} INFO - Processing file /opt/airflow/dags/etl_dag.py for tasks to queue
[2025-11-11T07:19:36.114+0000] {logging_mixin.py:188} INFO - [2025-11-11T07:19:36.114+0000] {dagbag.py:538} INFO - Filling up the DagBag from /opt/airflow/dags/etl_dag.py
[2025-11-11T07:19:36.147+0000] {processor.py:840} INFO - DAG(s) 'simple_etl_lineage' retrieved from /opt/airflow/dags/etl_dag.py
[2025-11-11T07:19:36.186+0000] {logging_mixin.py:188} INFO - [2025-11-11T07:19:36.186+0000] {dag.py:3036} INFO - Sync 1 DAGs
[2025-11-11T07:19:36.207+0000] {logging_mixin.py:188} INFO - [2025-11-11T07:19:36.207+0000] {dag.py:3823} INFO - Setting next_dagrun for simple_etl_lineage to None, run_after=None
[2025-11-11T07:19:36.234+0000] {processor.py:183} INFO - Processing /opt/airflow/dags/etl_dag.py took 0.131 seconds
[2025-11-11T07:20:06.674+0000] {processor.py:161} INFO - Started process (PID=1152) to work on /opt/airflow/dags/etl_dag.py
[2025-11-11T07:20:06.680+0000] {processor.py:830} INFO - Processing file /opt/airflow/dags/etl_dag.py for tasks to queue
[2025-11-11T07:20:06.682+0000] {logging_mixin.py:188} INFO - [2025-11-11T07:20:06.682+0000] {dagbag.py:538} INFO - Filling up the DagBag from /opt/airflow/dags/etl_dag.py
[2025-11-11T07:20:06.722+0000] {processor.py:840} INFO - DAG(s) 'simple_etl_lineage' retrieved from /opt/airflow/dags/etl_dag.py
[2025-11-11T07:20:06.856+0000] {logging_mixin.py:188} INFO - [2025-11-11T07:20:06.855+0000] {dag.py:3036} INFO - Sync 1 DAGs
[2025-11-11T07:20:06.905+0000] {logging_mixin.py:188} INFO - [2025-11-11T07:20:06.905+0000] {dag.py:3823} INFO - Setting next_dagrun for simple_etl_lineage to None, run_after=None
[2025-11-11T07:20:07.003+0000] {processor.py:183} INFO - Processing /opt/airflow/dags/etl_dag.py took 0.334 seconds
[2025-11-11T07:20:39.151+0000] {processor.py:161} INFO - Started process (PID=1160) to work on /opt/airflow/dags/etl_dag.py
[2025-11-11T07:20:39.164+0000] {processor.py:830} INFO - Processing file /opt/airflow/dags/etl_dag.py for tasks to queue
[2025-11-11T07:20:39.176+0000] {logging_mixin.py:188} INFO - [2025-11-11T07:20:39.174+0000] {dagbag.py:538} INFO - Filling up the DagBag from /opt/airflow/dags/etl_dag.py
[2025-11-11T07:20:39.658+0000] {processor.py:840} INFO - DAG(s) 'simple_etl_lineage' retrieved from /opt/airflow/dags/etl_dag.py
[2025-11-11T07:20:40.584+0000] {logging_mixin.py:188} INFO - [2025-11-11T07:20:40.584+0000] {dag.py:3036} INFO - Sync 1 DAGs
[2025-11-11T07:20:40.707+0000] {logging_mixin.py:188} INFO - [2025-11-11T07:20:40.707+0000] {dag.py:3823} INFO - Setting next_dagrun for simple_etl_lineage to None, run_after=None
[2025-11-11T07:20:40.844+0000] {processor.py:183} INFO - Processing /opt/airflow/dags/etl_dag.py took 1.745 seconds
[2025-11-11T07:21:11.225+0000] {processor.py:161} INFO - Started process (PID=1170) to work on /opt/airflow/dags/etl_dag.py
[2025-11-11T07:21:11.227+0000] {processor.py:830} INFO - Processing file /opt/airflow/dags/etl_dag.py for tasks to queue
[2025-11-11T07:21:11.229+0000] {logging_mixin.py:188} INFO - [2025-11-11T07:21:11.229+0000] {dagbag.py:538} INFO - Filling up the DagBag from /opt/airflow/dags/etl_dag.py
[2025-11-11T07:21:11.267+0000] {processor.py:840} INFO - DAG(s) 'simple_etl_lineage' retrieved from /opt/airflow/dags/etl_dag.py
[2025-11-11T07:21:11.351+0000] {logging_mixin.py:188} INFO - [2025-11-11T07:21:11.350+0000] {dag.py:3036} INFO - Sync 1 DAGs
[2025-11-11T07:21:11.421+0000] {logging_mixin.py:188} INFO - [2025-11-11T07:21:11.420+0000] {dag.py:3823} INFO - Setting next_dagrun for simple_etl_lineage to None, run_after=None
[2025-11-11T07:21:11.625+0000] {processor.py:183} INFO - Processing /opt/airflow/dags/etl_dag.py took 0.409 seconds
[2025-11-11T07:21:42.439+0000] {processor.py:161} INFO - Started process (PID=1180) to work on /opt/airflow/dags/etl_dag.py
[2025-11-11T07:21:42.443+0000] {processor.py:830} INFO - Processing file /opt/airflow/dags/etl_dag.py for tasks to queue
[2025-11-11T07:21:42.446+0000] {logging_mixin.py:188} INFO - [2025-11-11T07:21:42.446+0000] {dagbag.py:538} INFO - Filling up the DagBag from /opt/airflow/dags/etl_dag.py
[2025-11-11T07:21:42.536+0000] {processor.py:840} INFO - DAG(s) 'simple_etl_lineage' retrieved from /opt/airflow/dags/etl_dag.py
[2025-11-11T07:21:42.611+0000] {logging_mixin.py:188} INFO - [2025-11-11T07:21:42.611+0000] {dag.py:3036} INFO - Sync 1 DAGs
[2025-11-11T07:21:42.651+0000] {logging_mixin.py:188} INFO - [2025-11-11T07:21:42.651+0000] {dag.py:3823} INFO - Setting next_dagrun for simple_etl_lineage to None, run_after=None
[2025-11-11T07:21:42.740+0000] {processor.py:183} INFO - Processing /opt/airflow/dags/etl_dag.py took 0.308 seconds
[2025-11-11T07:22:12.892+0000] {processor.py:161} INFO - Started process (PID=1190) to work on /opt/airflow/dags/etl_dag.py
[2025-11-11T07:22:12.894+0000] {processor.py:830} INFO - Processing file /opt/airflow/dags/etl_dag.py for tasks to queue
[2025-11-11T07:22:12.895+0000] {logging_mixin.py:188} INFO - [2025-11-11T07:22:12.895+0000] {dagbag.py:538} INFO - Filling up the DagBag from /opt/airflow/dags/etl_dag.py
[2025-11-11T07:22:12.933+0000] {processor.py:840} INFO - DAG(s) 'simple_etl_lineage' retrieved from /opt/airflow/dags/etl_dag.py
[2025-11-11T07:22:12.982+0000] {logging_mixin.py:188} INFO - [2025-11-11T07:22:12.982+0000] {dag.py:3036} INFO - Sync 1 DAGs
[2025-11-11T07:22:13.018+0000] {logging_mixin.py:188} INFO - [2025-11-11T07:22:13.017+0000] {dag.py:3823} INFO - Setting next_dagrun for simple_etl_lineage to None, run_after=None
[2025-11-11T07:22:13.062+0000] {processor.py:183} INFO - Processing /opt/airflow/dags/etl_dag.py took 0.174 seconds
[2025-11-11T07:22:43.483+0000] {processor.py:161} INFO - Started process (PID=1200) to work on /opt/airflow/dags/etl_dag.py
[2025-11-11T07:22:43.490+0000] {processor.py:830} INFO - Processing file /opt/airflow/dags/etl_dag.py for tasks to queue
[2025-11-11T07:22:43.492+0000] {logging_mixin.py:188} INFO - [2025-11-11T07:22:43.491+0000] {dagbag.py:538} INFO - Filling up the DagBag from /opt/airflow/dags/etl_dag.py
[2025-11-11T07:22:43.546+0000] {processor.py:840} INFO - DAG(s) 'simple_etl_lineage' retrieved from /opt/airflow/dags/etl_dag.py
[2025-11-11T07:22:43.626+0000] {logging_mixin.py:188} INFO - [2025-11-11T07:22:43.626+0000] {dag.py:3036} INFO - Sync 1 DAGs
[2025-11-11T07:22:43.659+0000] {logging_mixin.py:188} INFO - [2025-11-11T07:22:43.658+0000] {dag.py:3823} INFO - Setting next_dagrun for simple_etl_lineage to None, run_after=None
[2025-11-11T07:22:43.732+0000] {processor.py:183} INFO - Processing /opt/airflow/dags/etl_dag.py took 0.266 seconds
[2025-11-11T07:23:14.983+0000] {processor.py:161} INFO - Started process (PID=1210) to work on /opt/airflow/dags/etl_dag.py
[2025-11-11T07:23:14.984+0000] {processor.py:830} INFO - Processing file /opt/airflow/dags/etl_dag.py for tasks to queue
[2025-11-11T07:23:14.986+0000] {logging_mixin.py:188} INFO - [2025-11-11T07:23:14.985+0000] {dagbag.py:538} INFO - Filling up the DagBag from /opt/airflow/dags/etl_dag.py
[2025-11-11T07:23:15.003+0000] {processor.py:840} INFO - DAG(s) 'simple_etl_lineage' retrieved from /opt/airflow/dags/etl_dag.py
[2025-11-11T07:23:15.028+0000] {logging_mixin.py:188} INFO - [2025-11-11T07:23:15.028+0000] {dag.py:3036} INFO - Sync 1 DAGs
[2025-11-11T07:23:15.041+0000] {logging_mixin.py:188} INFO - [2025-11-11T07:23:15.041+0000] {dag.py:3823} INFO - Setting next_dagrun for simple_etl_lineage to None, run_after=None
[2025-11-11T07:23:15.073+0000] {processor.py:183} INFO - Processing /opt/airflow/dags/etl_dag.py took 0.092 seconds
[2025-11-11T07:23:45.365+0000] {processor.py:161} INFO - Started process (PID=1220) to work on /opt/airflow/dags/etl_dag.py
[2025-11-11T07:23:45.396+0000] {processor.py:830} INFO - Processing file /opt/airflow/dags/etl_dag.py for tasks to queue
[2025-11-11T07:23:45.400+0000] {logging_mixin.py:188} INFO - [2025-11-11T07:23:45.399+0000] {dagbag.py:538} INFO - Filling up the DagBag from /opt/airflow/dags/etl_dag.py
[2025-11-11T07:23:45.687+0000] {processor.py:840} INFO - DAG(s) 'simple_etl_lineage' retrieved from /opt/airflow/dags/etl_dag.py
[2025-11-11T07:23:45.806+0000] {logging_mixin.py:188} INFO - [2025-11-11T07:23:45.794+0000] {dag.py:3036} INFO - Sync 1 DAGs
[2025-11-11T07:23:45.843+0000] {logging_mixin.py:188} INFO - [2025-11-11T07:23:45.843+0000] {dag.py:3823} INFO - Setting next_dagrun for simple_etl_lineage to None, run_after=None
[2025-11-11T07:23:45.901+0000] {processor.py:183} INFO - Processing /opt/airflow/dags/etl_dag.py took 0.568 seconds
[2025-11-11T07:24:16.102+0000] {processor.py:161} INFO - Started process (PID=1230) to work on /opt/airflow/dags/etl_dag.py
[2025-11-11T07:24:16.104+0000] {processor.py:830} INFO - Processing file /opt/airflow/dags/etl_dag.py for tasks to queue
[2025-11-11T07:24:16.105+0000] {logging_mixin.py:188} INFO - [2025-11-11T07:24:16.105+0000] {dagbag.py:538} INFO - Filling up the DagBag from /opt/airflow/dags/etl_dag.py
[2025-11-11T07:24:16.136+0000] {processor.py:840} INFO - DAG(s) 'simple_etl_lineage' retrieved from /opt/airflow/dags/etl_dag.py
[2025-11-11T07:24:16.172+0000] {logging_mixin.py:188} INFO - [2025-11-11T07:24:16.172+0000] {dag.py:3036} INFO - Sync 1 DAGs
[2025-11-11T07:24:16.191+0000] {logging_mixin.py:188} INFO - [2025-11-11T07:24:16.191+0000] {dag.py:3823} INFO - Setting next_dagrun for simple_etl_lineage to None, run_after=None
[2025-11-11T07:24:16.242+0000] {processor.py:183} INFO - Processing /opt/airflow/dags/etl_dag.py took 0.144 seconds
[2025-11-11T07:24:46.624+0000] {processor.py:161} INFO - Started process (PID=1240) to work on /opt/airflow/dags/etl_dag.py
[2025-11-11T07:24:46.626+0000] {processor.py:830} INFO - Processing file /opt/airflow/dags/etl_dag.py for tasks to queue
[2025-11-11T07:24:46.627+0000] {logging_mixin.py:188} INFO - [2025-11-11T07:24:46.626+0000] {dagbag.py:538} INFO - Filling up the DagBag from /opt/airflow/dags/etl_dag.py
[2025-11-11T07:24:46.653+0000] {processor.py:840} INFO - DAG(s) 'simple_etl_lineage' retrieved from /opt/airflow/dags/etl_dag.py
[2025-11-11T07:24:46.702+0000] {logging_mixin.py:188} INFO - [2025-11-11T07:24:46.701+0000] {dag.py:3036} INFO - Sync 1 DAGs
[2025-11-11T07:24:46.723+0000] {logging_mixin.py:188} INFO - [2025-11-11T07:24:46.722+0000] {dag.py:3823} INFO - Setting next_dagrun for simple_etl_lineage to None, run_after=None
[2025-11-11T07:24:46.764+0000] {processor.py:183} INFO - Processing /opt/airflow/dags/etl_dag.py took 0.144 seconds
[2025-11-11T07:25:17.596+0000] {processor.py:161} INFO - Started process (PID=1250) to work on /opt/airflow/dags/etl_dag.py
[2025-11-11T07:25:17.607+0000] {processor.py:830} INFO - Processing file /opt/airflow/dags/etl_dag.py for tasks to queue
[2025-11-11T07:25:17.609+0000] {logging_mixin.py:188} INFO - [2025-11-11T07:25:17.609+0000] {dagbag.py:538} INFO - Filling up the DagBag from /opt/airflow/dags/etl_dag.py
[2025-11-11T07:25:17.874+0000] {processor.py:840} INFO - DAG(s) 'simple_etl_lineage' retrieved from /opt/airflow/dags/etl_dag.py
[2025-11-11T07:25:18.018+0000] {logging_mixin.py:188} INFO - [2025-11-11T07:25:18.017+0000] {dag.py:3036} INFO - Sync 1 DAGs
[2025-11-11T07:25:18.081+0000] {logging_mixin.py:188} INFO - [2025-11-11T07:25:18.081+0000] {dag.py:3823} INFO - Setting next_dagrun for simple_etl_lineage to None, run_after=None
[2025-11-11T07:25:18.148+0000] {processor.py:183} INFO - Processing /opt/airflow/dags/etl_dag.py took 0.558 seconds
[2025-11-11T07:25:49.179+0000] {processor.py:161} INFO - Started process (PID=1260) to work on /opt/airflow/dags/etl_dag.py
[2025-11-11T07:25:49.181+0000] {processor.py:830} INFO - Processing file /opt/airflow/dags/etl_dag.py for tasks to queue
[2025-11-11T07:25:49.200+0000] {logging_mixin.py:188} INFO - [2025-11-11T07:25:49.199+0000] {dagbag.py:538} INFO - Filling up the DagBag from /opt/airflow/dags/etl_dag.py
[2025-11-11T07:25:49.248+0000] {processor.py:840} INFO - DAG(s) 'simple_etl_lineage' retrieved from /opt/airflow/dags/etl_dag.py
[2025-11-11T07:25:49.430+0000] {logging_mixin.py:188} INFO - [2025-11-11T07:25:49.430+0000] {dag.py:3036} INFO - Sync 1 DAGs
[2025-11-11T07:25:49.482+0000] {logging_mixin.py:188} INFO - [2025-11-11T07:25:49.481+0000] {dag.py:3823} INFO - Setting next_dagrun for simple_etl_lineage to None, run_after=None
[2025-11-11T07:25:49.704+0000] {processor.py:183} INFO - Processing /opt/airflow/dags/etl_dag.py took 0.531 seconds
[2025-11-11T07:26:19.803+0000] {processor.py:161} INFO - Started process (PID=1267) to work on /opt/airflow/dags/etl_dag.py
[2025-11-11T07:26:19.805+0000] {processor.py:830} INFO - Processing file /opt/airflow/dags/etl_dag.py for tasks to queue
[2025-11-11T07:26:19.812+0000] {logging_mixin.py:188} INFO - [2025-11-11T07:26:19.812+0000] {dagbag.py:538} INFO - Filling up the DagBag from /opt/airflow/dags/etl_dag.py
[2025-11-11T07:26:19.872+0000] {processor.py:840} INFO - DAG(s) 'simple_etl_lineage' retrieved from /opt/airflow/dags/etl_dag.py
[2025-11-11T07:26:19.948+0000] {logging_mixin.py:188} INFO - [2025-11-11T07:26:19.948+0000] {dag.py:3036} INFO - Sync 1 DAGs
[2025-11-11T07:26:19.998+0000] {logging_mixin.py:188} INFO - [2025-11-11T07:26:19.998+0000] {dag.py:3823} INFO - Setting next_dagrun for simple_etl_lineage to None, run_after=None
[2025-11-11T07:26:20.167+0000] {processor.py:183} INFO - Processing /opt/airflow/dags/etl_dag.py took 0.378 seconds
[2025-11-11T07:26:50.809+0000] {processor.py:161} INFO - Started process (PID=1277) to work on /opt/airflow/dags/etl_dag.py
[2025-11-11T07:26:50.839+0000] {processor.py:830} INFO - Processing file /opt/airflow/dags/etl_dag.py for tasks to queue
[2025-11-11T07:26:50.848+0000] {logging_mixin.py:188} INFO - [2025-11-11T07:26:50.847+0000] {dagbag.py:538} INFO - Filling up the DagBag from /opt/airflow/dags/etl_dag.py
[2025-11-11T07:26:50.984+0000] {processor.py:840} INFO - DAG(s) 'simple_etl_lineage' retrieved from /opt/airflow/dags/etl_dag.py
[2025-11-11T07:26:51.104+0000] {logging_mixin.py:188} INFO - [2025-11-11T07:26:51.103+0000] {dag.py:3036} INFO - Sync 1 DAGs
[2025-11-11T07:26:51.164+0000] {logging_mixin.py:188} INFO - [2025-11-11T07:26:51.163+0000] {dag.py:3823} INFO - Setting next_dagrun for simple_etl_lineage to None, run_after=None
[2025-11-11T07:26:51.259+0000] {processor.py:183} INFO - Processing /opt/airflow/dags/etl_dag.py took 0.459 seconds
[2025-11-11T07:27:21.757+0000] {processor.py:161} INFO - Started process (PID=1290) to work on /opt/airflow/dags/etl_dag.py
[2025-11-11T07:27:21.760+0000] {processor.py:830} INFO - Processing file /opt/airflow/dags/etl_dag.py for tasks to queue
[2025-11-11T07:27:21.761+0000] {logging_mixin.py:188} INFO - [2025-11-11T07:27:21.760+0000] {dagbag.py:538} INFO - Filling up the DagBag from /opt/airflow/dags/etl_dag.py
[2025-11-11T07:27:21.819+0000] {processor.py:840} INFO - DAG(s) 'simple_etl_lineage' retrieved from /opt/airflow/dags/etl_dag.py
[2025-11-11T07:27:21.873+0000] {logging_mixin.py:188} INFO - [2025-11-11T07:27:21.873+0000] {dag.py:3036} INFO - Sync 1 DAGs
[2025-11-11T07:27:21.907+0000] {logging_mixin.py:188} INFO - [2025-11-11T07:27:21.906+0000] {dag.py:3823} INFO - Setting next_dagrun for simple_etl_lineage to None, run_after=None
[2025-11-11T07:27:21.948+0000] {processor.py:183} INFO - Processing /opt/airflow/dags/etl_dag.py took 0.203 seconds
[2025-11-11T07:27:52.663+0000] {processor.py:161} INFO - Started process (PID=1300) to work on /opt/airflow/dags/etl_dag.py
[2025-11-11T07:27:52.673+0000] {processor.py:830} INFO - Processing file /opt/airflow/dags/etl_dag.py for tasks to queue
[2025-11-11T07:27:52.675+0000] {logging_mixin.py:188} INFO - [2025-11-11T07:27:52.675+0000] {dagbag.py:538} INFO - Filling up the DagBag from /opt/airflow/dags/etl_dag.py
[2025-11-11T07:27:52.712+0000] {processor.py:840} INFO - DAG(s) 'simple_etl_lineage' retrieved from /opt/airflow/dags/etl_dag.py
[2025-11-11T07:27:52.835+0000] {logging_mixin.py:188} INFO - [2025-11-11T07:27:52.835+0000] {dag.py:3036} INFO - Sync 1 DAGs
[2025-11-11T07:27:52.913+0000] {logging_mixin.py:188} INFO - [2025-11-11T07:27:52.912+0000] {dag.py:3823} INFO - Setting next_dagrun for simple_etl_lineage to None, run_after=None
[2025-11-11T07:27:53.009+0000] {processor.py:183} INFO - Processing /opt/airflow/dags/etl_dag.py took 0.349 seconds
[2025-11-11T07:28:23.521+0000] {processor.py:161} INFO - Started process (PID=1310) to work on /opt/airflow/dags/etl_dag.py
[2025-11-11T07:28:23.528+0000] {processor.py:830} INFO - Processing file /opt/airflow/dags/etl_dag.py for tasks to queue
[2025-11-11T07:28:23.530+0000] {logging_mixin.py:188} INFO - [2025-11-11T07:28:23.530+0000] {dagbag.py:538} INFO - Filling up the DagBag from /opt/airflow/dags/etl_dag.py
[2025-11-11T07:28:23.580+0000] {processor.py:840} INFO - DAG(s) 'simple_etl_lineage' retrieved from /opt/airflow/dags/etl_dag.py
[2025-11-11T07:28:23.650+0000] {logging_mixin.py:188} INFO - [2025-11-11T07:28:23.650+0000] {dag.py:3036} INFO - Sync 1 DAGs
[2025-11-11T07:28:23.669+0000] {logging_mixin.py:188} INFO - [2025-11-11T07:28:23.669+0000] {dag.py:3823} INFO - Setting next_dagrun for simple_etl_lineage to None, run_after=None
[2025-11-11T07:28:23.695+0000] {processor.py:183} INFO - Processing /opt/airflow/dags/etl_dag.py took 0.179 seconds
[2025-11-11T07:28:54.522+0000] {processor.py:161} INFO - Started process (PID=1317) to work on /opt/airflow/dags/etl_dag.py
[2025-11-11T07:28:54.538+0000] {processor.py:830} INFO - Processing file /opt/airflow/dags/etl_dag.py for tasks to queue
[2025-11-11T07:28:54.542+0000] {logging_mixin.py:188} INFO - [2025-11-11T07:28:54.541+0000] {dagbag.py:538} INFO - Filling up the DagBag from /opt/airflow/dags/etl_dag.py
[2025-11-11T07:28:54.669+0000] {processor.py:840} INFO - DAG(s) 'simple_etl_lineage' retrieved from /opt/airflow/dags/etl_dag.py
[2025-11-11T07:28:54.838+0000] {logging_mixin.py:188} INFO - [2025-11-11T07:28:54.838+0000] {dag.py:3036} INFO - Sync 1 DAGs
[2025-11-11T07:28:54.953+0000] {logging_mixin.py:188} INFO - [2025-11-11T07:28:54.952+0000] {dag.py:3823} INFO - Setting next_dagrun for simple_etl_lineage to None, run_after=None
[2025-11-11T07:28:55.113+0000] {processor.py:183} INFO - Processing /opt/airflow/dags/etl_dag.py took 0.600 seconds
[2025-11-11T07:29:29.238+0000] {processor.py:161} INFO - Started process (PID=1327) to work on /opt/airflow/dags/etl_dag.py
[2025-11-11T07:29:29.303+0000] {processor.py:830} INFO - Processing file /opt/airflow/dags/etl_dag.py for tasks to queue
[2025-11-11T07:29:29.317+0000] {logging_mixin.py:188} INFO - [2025-11-11T07:29:29.317+0000] {dagbag.py:538} INFO - Filling up the DagBag from /opt/airflow/dags/etl_dag.py
[2025-11-11T07:29:30.341+0000] {processor.py:840} INFO - DAG(s) 'simple_etl_lineage' retrieved from /opt/airflow/dags/etl_dag.py
[2025-11-11T07:29:31.194+0000] {logging_mixin.py:188} INFO - [2025-11-11T07:29:31.193+0000] {dag.py:3036} INFO - Sync 1 DAGs
[2025-11-11T07:29:42.830+0000] {logging_mixin.py:188} INFO - [2025-11-11T07:29:42.830+0000] {dag.py:3823} INFO - Setting next_dagrun for simple_etl_lineage to None, run_after=None
[2025-11-11T07:29:42.917+0000] {processor.py:183} INFO - Processing /opt/airflow/dags/etl_dag.py took 13.710 seconds
[2025-11-11T07:30:13.421+0000] {processor.py:161} INFO - Started process (PID=1361) to work on /opt/airflow/dags/etl_dag.py
[2025-11-11T07:30:13.424+0000] {processor.py:830} INFO - Processing file /opt/airflow/dags/etl_dag.py for tasks to queue
[2025-11-11T07:30:13.426+0000] {logging_mixin.py:188} INFO - [2025-11-11T07:30:13.425+0000] {dagbag.py:538} INFO - Filling up the DagBag from /opt/airflow/dags/etl_dag.py
[2025-11-11T07:30:13.460+0000] {processor.py:840} INFO - DAG(s) 'simple_etl_lineage' retrieved from /opt/airflow/dags/etl_dag.py
[2025-11-11T07:30:13.542+0000] {logging_mixin.py:188} INFO - [2025-11-11T07:30:13.542+0000] {dag.py:3036} INFO - Sync 1 DAGs
[2025-11-11T07:30:13.565+0000] {logging_mixin.py:188} INFO - [2025-11-11T07:30:13.565+0000] {dag.py:3823} INFO - Setting next_dagrun for simple_etl_lineage to None, run_after=None
[2025-11-11T07:30:13.608+0000] {processor.py:183} INFO - Processing /opt/airflow/dags/etl_dag.py took 0.192 seconds
[2025-11-11T07:30:44.223+0000] {processor.py:161} INFO - Started process (PID=1371) to work on /opt/airflow/dags/etl_dag.py
[2025-11-11T07:30:44.224+0000] {processor.py:830} INFO - Processing file /opt/airflow/dags/etl_dag.py for tasks to queue
[2025-11-11T07:30:44.226+0000] {logging_mixin.py:188} INFO - [2025-11-11T07:30:44.225+0000] {dagbag.py:538} INFO - Filling up the DagBag from /opt/airflow/dags/etl_dag.py
[2025-11-11T07:30:44.241+0000] {processor.py:840} INFO - DAG(s) 'simple_etl_lineage' retrieved from /opt/airflow/dags/etl_dag.py
[2025-11-11T07:30:44.266+0000] {logging_mixin.py:188} INFO - [2025-11-11T07:30:44.266+0000] {dag.py:3036} INFO - Sync 1 DAGs
[2025-11-11T07:30:44.280+0000] {logging_mixin.py:188} INFO - [2025-11-11T07:30:44.279+0000] {dag.py:3823} INFO - Setting next_dagrun for simple_etl_lineage to None, run_after=None
[2025-11-11T07:30:44.329+0000] {processor.py:183} INFO - Processing /opt/airflow/dags/etl_dag.py took 0.109 seconds
[2025-11-11T07:31:14.670+0000] {processor.py:161} INFO - Started process (PID=1381) to work on /opt/airflow/dags/etl_dag.py
[2025-11-11T07:31:14.671+0000] {processor.py:830} INFO - Processing file /opt/airflow/dags/etl_dag.py for tasks to queue
[2025-11-11T07:31:14.673+0000] {logging_mixin.py:188} INFO - [2025-11-11T07:31:14.672+0000] {dagbag.py:538} INFO - Filling up the DagBag from /opt/airflow/dags/etl_dag.py
[2025-11-11T07:31:14.692+0000] {processor.py:840} INFO - DAG(s) 'simple_etl_lineage' retrieved from /opt/airflow/dags/etl_dag.py
[2025-11-11T07:31:14.721+0000] {logging_mixin.py:188} INFO - [2025-11-11T07:31:14.721+0000] {dag.py:3036} INFO - Sync 1 DAGs
[2025-11-11T07:31:14.732+0000] {logging_mixin.py:188} INFO - [2025-11-11T07:31:14.732+0000] {dag.py:3823} INFO - Setting next_dagrun for simple_etl_lineage to None, run_after=None
[2025-11-11T07:31:14.753+0000] {processor.py:183} INFO - Processing /opt/airflow/dags/etl_dag.py took 0.087 seconds
[2025-11-11T07:31:45.109+0000] {processor.py:161} INFO - Started process (PID=1391) to work on /opt/airflow/dags/etl_dag.py
[2025-11-11T07:31:45.110+0000] {processor.py:830} INFO - Processing file /opt/airflow/dags/etl_dag.py for tasks to queue
[2025-11-11T07:31:45.111+0000] {logging_mixin.py:188} INFO - [2025-11-11T07:31:45.111+0000] {dagbag.py:538} INFO - Filling up the DagBag from /opt/airflow/dags/etl_dag.py
[2025-11-11T07:31:45.127+0000] {processor.py:840} INFO - DAG(s) 'simple_etl_lineage' retrieved from /opt/airflow/dags/etl_dag.py
[2025-11-11T07:31:45.151+0000] {logging_mixin.py:188} INFO - [2025-11-11T07:31:45.151+0000] {dag.py:3036} INFO - Sync 1 DAGs
[2025-11-11T07:31:45.163+0000] {logging_mixin.py:188} INFO - [2025-11-11T07:31:45.162+0000] {dag.py:3823} INFO - Setting next_dagrun for simple_etl_lineage to None, run_after=None
[2025-11-11T07:31:45.182+0000] {processor.py:183} INFO - Processing /opt/airflow/dags/etl_dag.py took 0.077 seconds
[2025-11-11T07:32:15.491+0000] {processor.py:161} INFO - Started process (PID=1401) to work on /opt/airflow/dags/etl_dag.py
[2025-11-11T07:32:15.492+0000] {processor.py:830} INFO - Processing file /opt/airflow/dags/etl_dag.py for tasks to queue
[2025-11-11T07:32:15.493+0000] {logging_mixin.py:188} INFO - [2025-11-11T07:32:15.493+0000] {dagbag.py:538} INFO - Filling up the DagBag from /opt/airflow/dags/etl_dag.py
[2025-11-11T07:32:15.547+0000] {processor.py:840} INFO - DAG(s) 'simple_etl_lineage' retrieved from /opt/airflow/dags/etl_dag.py
[2025-11-11T07:32:15.581+0000] {logging_mixin.py:188} INFO - [2025-11-11T07:32:15.581+0000] {dag.py:3036} INFO - Sync 1 DAGs
[2025-11-11T07:32:15.599+0000] {logging_mixin.py:188} INFO - [2025-11-11T07:32:15.599+0000] {dag.py:3823} INFO - Setting next_dagrun for simple_etl_lineage to None, run_after=None
[2025-11-11T07:32:15.626+0000] {processor.py:183} INFO - Processing /opt/airflow/dags/etl_dag.py took 0.139 seconds
[2025-11-11T07:32:45.959+0000] {processor.py:161} INFO - Started process (PID=1411) to work on /opt/airflow/dags/etl_dag.py
[2025-11-11T07:32:45.961+0000] {processor.py:830} INFO - Processing file /opt/airflow/dags/etl_dag.py for tasks to queue
[2025-11-11T07:32:45.963+0000] {logging_mixin.py:188} INFO - [2025-11-11T07:32:45.962+0000] {dagbag.py:538} INFO - Filling up the DagBag from /opt/airflow/dags/etl_dag.py
[2025-11-11T07:32:45.987+0000] {processor.py:840} INFO - DAG(s) 'simple_etl_lineage' retrieved from /opt/airflow/dags/etl_dag.py
[2025-11-11T07:32:46.016+0000] {logging_mixin.py:188} INFO - [2025-11-11T07:32:46.016+0000] {dag.py:3036} INFO - Sync 1 DAGs
[2025-11-11T07:32:46.027+0000] {logging_mixin.py:188} INFO - [2025-11-11T07:32:46.027+0000] {dag.py:3823} INFO - Setting next_dagrun for simple_etl_lineage to None, run_after=None
[2025-11-11T07:32:46.062+0000] {processor.py:183} INFO - Processing /opt/airflow/dags/etl_dag.py took 0.107 seconds
[2025-11-11T07:33:16.223+0000] {processor.py:161} INFO - Started process (PID=1421) to work on /opt/airflow/dags/etl_dag.py
[2025-11-11T07:33:16.225+0000] {processor.py:830} INFO - Processing file /opt/airflow/dags/etl_dag.py for tasks to queue
[2025-11-11T07:33:16.226+0000] {logging_mixin.py:188} INFO - [2025-11-11T07:33:16.226+0000] {dagbag.py:538} INFO - Filling up the DagBag from /opt/airflow/dags/etl_dag.py
[2025-11-11T07:33:16.249+0000] {processor.py:840} INFO - DAG(s) 'simple_etl_lineage' retrieved from /opt/airflow/dags/etl_dag.py
[2025-11-11T07:33:16.275+0000] {logging_mixin.py:188} INFO - [2025-11-11T07:33:16.275+0000] {dag.py:3036} INFO - Sync 1 DAGs
[2025-11-11T07:33:16.286+0000] {logging_mixin.py:188} INFO - [2025-11-11T07:33:16.286+0000] {dag.py:3823} INFO - Setting next_dagrun for simple_etl_lineage to None, run_after=None
[2025-11-11T07:33:16.305+0000] {processor.py:183} INFO - Processing /opt/airflow/dags/etl_dag.py took 0.086 seconds
[2025-11-11T07:33:46.600+0000] {processor.py:161} INFO - Started process (PID=1431) to work on /opt/airflow/dags/etl_dag.py
[2025-11-11T07:33:46.602+0000] {processor.py:830} INFO - Processing file /opt/airflow/dags/etl_dag.py for tasks to queue
[2025-11-11T07:33:46.603+0000] {logging_mixin.py:188} INFO - [2025-11-11T07:33:46.603+0000] {dagbag.py:538} INFO - Filling up the DagBag from /opt/airflow/dags/etl_dag.py
[2025-11-11T07:33:46.624+0000] {processor.py:840} INFO - DAG(s) 'simple_etl_lineage' retrieved from /opt/airflow/dags/etl_dag.py
[2025-11-11T07:33:46.650+0000] {logging_mixin.py:188} INFO - [2025-11-11T07:33:46.650+0000] {dag.py:3036} INFO - Sync 1 DAGs
[2025-11-11T07:33:46.661+0000] {logging_mixin.py:188} INFO - [2025-11-11T07:33:46.661+0000] {dag.py:3823} INFO - Setting next_dagrun for simple_etl_lineage to None, run_after=None
[2025-11-11T07:33:46.683+0000] {processor.py:183} INFO - Processing /opt/airflow/dags/etl_dag.py took 0.085 seconds
[2025-11-11T07:34:16.997+0000] {processor.py:161} INFO - Started process (PID=1441) to work on /opt/airflow/dags/etl_dag.py
[2025-11-11T07:34:16.998+0000] {processor.py:830} INFO - Processing file /opt/airflow/dags/etl_dag.py for tasks to queue
[2025-11-11T07:34:17.000+0000] {logging_mixin.py:188} INFO - [2025-11-11T07:34:16.999+0000] {dagbag.py:538} INFO - Filling up the DagBag from /opt/airflow/dags/etl_dag.py
[2025-11-11T07:34:17.024+0000] {processor.py:840} INFO - DAG(s) 'simple_etl_lineage' retrieved from /opt/airflow/dags/etl_dag.py
[2025-11-11T07:34:17.053+0000] {logging_mixin.py:188} INFO - [2025-11-11T07:34:17.053+0000] {dag.py:3036} INFO - Sync 1 DAGs
[2025-11-11T07:34:17.067+0000] {logging_mixin.py:188} INFO - [2025-11-11T07:34:17.067+0000] {dag.py:3823} INFO - Setting next_dagrun for simple_etl_lineage to None, run_after=None
[2025-11-11T07:34:17.093+0000] {processor.py:183} INFO - Processing /opt/airflow/dags/etl_dag.py took 0.100 seconds
[2025-11-11T07:34:47.625+0000] {processor.py:161} INFO - Started process (PID=1451) to work on /opt/airflow/dags/etl_dag.py
[2025-11-11T07:34:47.626+0000] {processor.py:830} INFO - Processing file /opt/airflow/dags/etl_dag.py for tasks to queue
[2025-11-11T07:34:47.628+0000] {logging_mixin.py:188} INFO - [2025-11-11T07:34:47.627+0000] {dagbag.py:538} INFO - Filling up the DagBag from /opt/airflow/dags/etl_dag.py
[2025-11-11T07:34:47.651+0000] {processor.py:840} INFO - DAG(s) 'simple_etl_lineage' retrieved from /opt/airflow/dags/etl_dag.py
[2025-11-11T07:34:47.719+0000] {logging_mixin.py:188} INFO - [2025-11-11T07:34:47.718+0000] {dag.py:3036} INFO - Sync 1 DAGs
[2025-11-11T07:34:47.751+0000] {logging_mixin.py:188} INFO - [2025-11-11T07:34:47.750+0000] {dag.py:3823} INFO - Setting next_dagrun for simple_etl_lineage to None, run_after=None
[2025-11-11T07:34:47.786+0000] {processor.py:183} INFO - Processing /opt/airflow/dags/etl_dag.py took 0.165 seconds
[2025-11-11T08:01:19.152+0000] {processor.py:161} INFO - Started process (PID=1462) to work on /opt/airflow/dags/etl_dag.py
[2025-11-11T08:01:19.172+0000] {processor.py:830} INFO - Processing file /opt/airflow/dags/etl_dag.py for tasks to queue
[2025-11-11T08:01:19.506+0000] {logging_mixin.py:188} INFO - [2025-11-11T08:01:19.354+0000] {dagbag.py:538} INFO - Filling up the DagBag from /opt/airflow/dags/etl_dag.py
[2025-11-11T08:01:21.567+0000] {processor.py:840} INFO - DAG(s) 'simple_etl_lineage' retrieved from /opt/airflow/dags/etl_dag.py
[2025-11-11T08:01:27.856+0000] {logging_mixin.py:188} INFO - [2025-11-11T08:01:27.855+0000] {dag.py:3036} INFO - Sync 1 DAGs
[2025-11-11T08:01:28.770+0000] {logging_mixin.py:188} INFO - [2025-11-11T08:01:28.769+0000] {dag.py:3823} INFO - Setting next_dagrun for simple_etl_lineage to None, run_after=None
[2025-11-11T08:01:28.885+0000] {processor.py:183} INFO - Processing /opt/airflow/dags/etl_dag.py took 10.182 seconds
[2025-11-11T08:02:16.202+0000] {processor.py:161} INFO - Started process (PID=1479) to work on /opt/airflow/dags/etl_dag.py
[2025-11-11T08:02:16.279+0000] {processor.py:830} INFO - Processing file /opt/airflow/dags/etl_dag.py for tasks to queue
[2025-11-11T08:02:16.734+0000] {logging_mixin.py:188} INFO - [2025-11-11T08:02:16.601+0000] {dagbag.py:538} INFO - Filling up the DagBag from /opt/airflow/dags/etl_dag.py
[2025-11-11T08:02:30.402+0000] {processor.py:840} INFO - DAG(s) 'simple_etl_lineage' retrieved from /opt/airflow/dags/etl_dag.py
[2025-11-11T08:02:32.581+0000] {logging_mixin.py:188} INFO - [2025-11-11T08:02:32.580+0000] {dag.py:3036} INFO - Sync 1 DAGs
[2025-11-11T08:02:32.716+0000] {logging_mixin.py:188} INFO - [2025-11-11T08:02:32.716+0000] {dag.py:3823} INFO - Setting next_dagrun for simple_etl_lineage to None, run_after=None
[2025-11-11T08:02:32.829+0000] {processor.py:183} INFO - Processing /opt/airflow/dags/etl_dag.py took 19.477 seconds
[2025-11-11T08:03:03.065+0000] {processor.py:161} INFO - Started process (PID=1489) to work on /opt/airflow/dags/etl_dag.py
[2025-11-11T08:03:03.067+0000] {processor.py:830} INFO - Processing file /opt/airflow/dags/etl_dag.py for tasks to queue
[2025-11-11T08:03:03.069+0000] {logging_mixin.py:188} INFO - [2025-11-11T08:03:03.068+0000] {dagbag.py:538} INFO - Filling up the DagBag from /opt/airflow/dags/etl_dag.py
[2025-11-11T08:03:03.103+0000] {processor.py:840} INFO - DAG(s) 'simple_etl_lineage' retrieved from /opt/airflow/dags/etl_dag.py
[2025-11-11T08:03:03.135+0000] {logging_mixin.py:188} INFO - [2025-11-11T08:03:03.135+0000] {dag.py:3036} INFO - Sync 1 DAGs
[2025-11-11T08:03:03.151+0000] {logging_mixin.py:188} INFO - [2025-11-11T08:03:03.151+0000] {dag.py:3823} INFO - Setting next_dagrun for simple_etl_lineage to None, run_after=None
[2025-11-11T08:03:03.223+0000] {processor.py:183} INFO - Processing /opt/airflow/dags/etl_dag.py took 0.163 seconds
[2025-11-11T08:03:33.377+0000] {processor.py:161} INFO - Started process (PID=1499) to work on /opt/airflow/dags/etl_dag.py
[2025-11-11T08:03:33.378+0000] {processor.py:830} INFO - Processing file /opt/airflow/dags/etl_dag.py for tasks to queue
[2025-11-11T08:03:33.380+0000] {logging_mixin.py:188} INFO - [2025-11-11T08:03:33.379+0000] {dagbag.py:538} INFO - Filling up the DagBag from /opt/airflow/dags/etl_dag.py
[2025-11-11T08:03:33.404+0000] {processor.py:840} INFO - DAG(s) 'simple_etl_lineage' retrieved from /opt/airflow/dags/etl_dag.py
[2025-11-11T08:03:33.439+0000] {logging_mixin.py:188} INFO - [2025-11-11T08:03:33.438+0000] {dag.py:3036} INFO - Sync 1 DAGs
[2025-11-11T08:03:33.457+0000] {logging_mixin.py:188} INFO - [2025-11-11T08:03:33.457+0000] {dag.py:3823} INFO - Setting next_dagrun for simple_etl_lineage to None, run_after=None
[2025-11-11T08:03:33.512+0000] {processor.py:183} INFO - Processing /opt/airflow/dags/etl_dag.py took 0.139 seconds
[2025-11-11T08:04:03.803+0000] {processor.py:161} INFO - Started process (PID=1509) to work on /opt/airflow/dags/etl_dag.py
[2025-11-11T08:04:03.804+0000] {processor.py:830} INFO - Processing file /opt/airflow/dags/etl_dag.py for tasks to queue
[2025-11-11T08:04:03.805+0000] {logging_mixin.py:188} INFO - [2025-11-11T08:04:03.805+0000] {dagbag.py:538} INFO - Filling up the DagBag from /opt/airflow/dags/etl_dag.py
[2025-11-11T08:04:03.831+0000] {processor.py:840} INFO - DAG(s) 'simple_etl_lineage' retrieved from /opt/airflow/dags/etl_dag.py
[2025-11-11T08:04:03.858+0000] {logging_mixin.py:188} INFO - [2025-11-11T08:04:03.858+0000] {dag.py:3036} INFO - Sync 1 DAGs
[2025-11-11T08:04:03.873+0000] {logging_mixin.py:188} INFO - [2025-11-11T08:04:03.872+0000] {dag.py:3823} INFO - Setting next_dagrun for simple_etl_lineage to None, run_after=None
[2025-11-11T08:04:03.908+0000] {processor.py:183} INFO - Processing /opt/airflow/dags/etl_dag.py took 0.108 seconds
[2025-11-11T08:04:34.227+0000] {processor.py:161} INFO - Started process (PID=1519) to work on /opt/airflow/dags/etl_dag.py
[2025-11-11T08:04:34.229+0000] {processor.py:830} INFO - Processing file /opt/airflow/dags/etl_dag.py for tasks to queue
[2025-11-11T08:04:34.231+0000] {logging_mixin.py:188} INFO - [2025-11-11T08:04:34.230+0000] {dagbag.py:538} INFO - Filling up the DagBag from /opt/airflow/dags/etl_dag.py
[2025-11-11T08:04:34.262+0000] {processor.py:840} INFO - DAG(s) 'simple_etl_lineage' retrieved from /opt/airflow/dags/etl_dag.py
[2025-11-11T08:04:34.307+0000] {logging_mixin.py:188} INFO - [2025-11-11T08:04:34.306+0000] {dag.py:3036} INFO - Sync 1 DAGs
[2025-11-11T08:04:34.335+0000] {logging_mixin.py:188} INFO - [2025-11-11T08:04:34.335+0000] {dag.py:3823} INFO - Setting next_dagrun for simple_etl_lineage to None, run_after=None
[2025-11-11T08:04:34.382+0000] {processor.py:183} INFO - Processing /opt/airflow/dags/etl_dag.py took 0.159 seconds
[2025-11-11T08:05:04.744+0000] {processor.py:161} INFO - Started process (PID=1529) to work on /opt/airflow/dags/etl_dag.py
[2025-11-11T08:05:04.746+0000] {processor.py:830} INFO - Processing file /opt/airflow/dags/etl_dag.py for tasks to queue
[2025-11-11T08:05:04.747+0000] {logging_mixin.py:188} INFO - [2025-11-11T08:05:04.747+0000] {dagbag.py:538} INFO - Filling up the DagBag from /opt/airflow/dags/etl_dag.py
[2025-11-11T08:05:04.766+0000] {processor.py:840} INFO - DAG(s) 'simple_etl_lineage' retrieved from /opt/airflow/dags/etl_dag.py
[2025-11-11T08:05:04.795+0000] {logging_mixin.py:188} INFO - [2025-11-11T08:05:04.795+0000] {dag.py:3036} INFO - Sync 1 DAGs
[2025-11-11T08:05:04.815+0000] {logging_mixin.py:188} INFO - [2025-11-11T08:05:04.814+0000] {dag.py:3823} INFO - Setting next_dagrun for simple_etl_lineage to None, run_after=None
[2025-11-11T08:05:04.837+0000] {processor.py:183} INFO - Processing /opt/airflow/dags/etl_dag.py took 0.097 seconds
[2025-11-11T08:05:35.181+0000] {processor.py:161} INFO - Started process (PID=1536) to work on /opt/airflow/dags/etl_dag.py
[2025-11-11T08:05:35.183+0000] {processor.py:830} INFO - Processing file /opt/airflow/dags/etl_dag.py for tasks to queue
[2025-11-11T08:05:35.187+0000] {logging_mixin.py:188} INFO - [2025-11-11T08:05:35.187+0000] {dagbag.py:538} INFO - Filling up the DagBag from /opt/airflow/dags/etl_dag.py
[2025-11-11T08:05:35.211+0000] {processor.py:840} INFO - DAG(s) 'simple_etl_lineage' retrieved from /opt/airflow/dags/etl_dag.py
[2025-11-11T08:05:35.246+0000] {logging_mixin.py:188} INFO - [2025-11-11T08:05:35.245+0000] {dag.py:3036} INFO - Sync 1 DAGs
[2025-11-11T08:05:35.265+0000] {logging_mixin.py:188} INFO - [2025-11-11T08:05:35.264+0000] {dag.py:3823} INFO - Setting next_dagrun for simple_etl_lineage to None, run_after=None
[2025-11-11T08:05:35.293+0000] {processor.py:183} INFO - Processing /opt/airflow/dags/etl_dag.py took 0.116 seconds
[2025-11-11T08:06:05.893+0000] {processor.py:161} INFO - Started process (PID=1546) to work on /opt/airflow/dags/etl_dag.py
[2025-11-11T08:06:05.895+0000] {processor.py:830} INFO - Processing file /opt/airflow/dags/etl_dag.py for tasks to queue
[2025-11-11T08:06:05.896+0000] {logging_mixin.py:188} INFO - [2025-11-11T08:06:05.896+0000] {dagbag.py:538} INFO - Filling up the DagBag from /opt/airflow/dags/etl_dag.py
[2025-11-11T08:06:05.914+0000] {processor.py:840} INFO - DAG(s) 'simple_etl_lineage' retrieved from /opt/airflow/dags/etl_dag.py
[2025-11-11T08:06:05.939+0000] {logging_mixin.py:188} INFO - [2025-11-11T08:06:05.939+0000] {dag.py:3036} INFO - Sync 1 DAGs
[2025-11-11T08:06:05.950+0000] {logging_mixin.py:188} INFO - [2025-11-11T08:06:05.950+0000] {dag.py:3823} INFO - Setting next_dagrun for simple_etl_lineage to None, run_after=None
[2025-11-11T08:06:05.971+0000] {processor.py:183} INFO - Processing /opt/airflow/dags/etl_dag.py took 0.080 seconds
[2025-11-11T08:06:36.266+0000] {processor.py:161} INFO - Started process (PID=1556) to work on /opt/airflow/dags/etl_dag.py
[2025-11-11T08:06:36.268+0000] {processor.py:830} INFO - Processing file /opt/airflow/dags/etl_dag.py for tasks to queue
[2025-11-11T08:06:36.269+0000] {logging_mixin.py:188} INFO - [2025-11-11T08:06:36.269+0000] {dagbag.py:538} INFO - Filling up the DagBag from /opt/airflow/dags/etl_dag.py
[2025-11-11T08:06:36.290+0000] {processor.py:840} INFO - DAG(s) 'simple_etl_lineage' retrieved from /opt/airflow/dags/etl_dag.py
[2025-11-11T08:06:36.318+0000] {logging_mixin.py:188} INFO - [2025-11-11T08:06:36.317+0000] {dag.py:3036} INFO - Sync 1 DAGs
[2025-11-11T08:06:36.329+0000] {logging_mixin.py:188} INFO - [2025-11-11T08:06:36.328+0000] {dag.py:3823} INFO - Setting next_dagrun for simple_etl_lineage to None, run_after=None
[2025-11-11T08:06:36.349+0000] {processor.py:183} INFO - Processing /opt/airflow/dags/etl_dag.py took 0.086 seconds
[2025-11-11T08:07:06.685+0000] {processor.py:161} INFO - Started process (PID=1566) to work on /opt/airflow/dags/etl_dag.py
[2025-11-11T08:07:06.687+0000] {processor.py:830} INFO - Processing file /opt/airflow/dags/etl_dag.py for tasks to queue
[2025-11-11T08:07:06.688+0000] {logging_mixin.py:188} INFO - [2025-11-11T08:07:06.688+0000] {dagbag.py:538} INFO - Filling up the DagBag from /opt/airflow/dags/etl_dag.py
[2025-11-11T08:07:06.707+0000] {processor.py:840} INFO - DAG(s) 'simple_etl_lineage' retrieved from /opt/airflow/dags/etl_dag.py
[2025-11-11T08:07:06.734+0000] {logging_mixin.py:188} INFO - [2025-11-11T08:07:06.734+0000] {dag.py:3036} INFO - Sync 1 DAGs
[2025-11-11T08:07:06.746+0000] {logging_mixin.py:188} INFO - [2025-11-11T08:07:06.745+0000] {dag.py:3823} INFO - Setting next_dagrun for simple_etl_lineage to None, run_after=None
[2025-11-11T08:07:06.772+0000] {processor.py:183} INFO - Processing /opt/airflow/dags/etl_dag.py took 0.092 seconds
[2025-11-11T08:34:38.931+0000] {processor.py:161} INFO - Started process (PID=1576) to work on /opt/airflow/dags/etl_dag.py
[2025-11-11T08:34:38.937+0000] {processor.py:830} INFO - Processing file /opt/airflow/dags/etl_dag.py for tasks to queue
[2025-11-11T08:34:38.942+0000] {logging_mixin.py:188} INFO - [2025-11-11T08:34:38.942+0000] {dagbag.py:538} INFO - Filling up the DagBag from /opt/airflow/dags/etl_dag.py
[2025-11-11T08:34:39.090+0000] {processor.py:840} INFO - DAG(s) 'simple_etl_lineage' retrieved from /opt/airflow/dags/etl_dag.py
[2025-11-11T08:34:39.193+0000] {logging_mixin.py:188} INFO - [2025-11-11T08:34:39.193+0000] {dag.py:3036} INFO - Sync 1 DAGs
[2025-11-11T08:34:39.232+0000] {logging_mixin.py:188} INFO - [2025-11-11T08:34:39.232+0000] {dag.py:3823} INFO - Setting next_dagrun for simple_etl_lineage to None, run_after=None
[2025-11-11T08:34:39.294+0000] {processor.py:183} INFO - Processing /opt/airflow/dags/etl_dag.py took 0.378 seconds
[2025-11-11T08:35:36.639+0000] {processor.py:161} INFO - Started process (PID=1591) to work on /opt/airflow/dags/etl_dag.py
[2025-11-11T08:35:36.642+0000] {processor.py:830} INFO - Processing file /opt/airflow/dags/etl_dag.py for tasks to queue
[2025-11-11T08:35:36.645+0000] {logging_mixin.py:188} INFO - [2025-11-11T08:35:36.644+0000] {dagbag.py:538} INFO - Filling up the DagBag from /opt/airflow/dags/etl_dag.py
[2025-11-11T08:35:36.698+0000] {processor.py:840} INFO - DAG(s) 'simple_etl_lineage' retrieved from /opt/airflow/dags/etl_dag.py
[2025-11-11T08:35:36.793+0000] {logging_mixin.py:188} INFO - [2025-11-11T08:35:36.793+0000] {dag.py:3036} INFO - Sync 1 DAGs
[2025-11-11T08:35:36.849+0000] {logging_mixin.py:188} INFO - [2025-11-11T08:35:36.848+0000] {dag.py:3823} INFO - Setting next_dagrun for simple_etl_lineage to None, run_after=None
[2025-11-11T08:35:36.912+0000] {processor.py:183} INFO - Processing /opt/airflow/dags/etl_dag.py took 0.278 seconds
[2025-11-11T08:36:07.085+0000] {processor.py:161} INFO - Started process (PID=1601) to work on /opt/airflow/dags/etl_dag.py
[2025-11-11T08:36:07.102+0000] {processor.py:830} INFO - Processing file /opt/airflow/dags/etl_dag.py for tasks to queue
[2025-11-11T08:36:07.109+0000] {logging_mixin.py:188} INFO - [2025-11-11T08:36:07.108+0000] {dagbag.py:538} INFO - Filling up the DagBag from /opt/airflow/dags/etl_dag.py
[2025-11-11T08:36:07.164+0000] {processor.py:840} INFO - DAG(s) 'simple_etl_lineage' retrieved from /opt/airflow/dags/etl_dag.py
[2025-11-11T08:36:07.309+0000] {logging_mixin.py:188} INFO - [2025-11-11T08:36:07.308+0000] {dag.py:3036} INFO - Sync 1 DAGs
[2025-11-11T08:36:07.359+0000] {logging_mixin.py:188} INFO - [2025-11-11T08:36:07.359+0000] {dag.py:3823} INFO - Setting next_dagrun for simple_etl_lineage to None, run_after=None
[2025-11-11T08:36:07.426+0000] {processor.py:183} INFO - Processing /opt/airflow/dags/etl_dag.py took 0.346 seconds
[2025-11-11T08:36:37.649+0000] {processor.py:161} INFO - Started process (PID=1611) to work on /opt/airflow/dags/etl_dag.py
[2025-11-11T08:36:37.651+0000] {processor.py:830} INFO - Processing file /opt/airflow/dags/etl_dag.py for tasks to queue
[2025-11-11T08:36:37.653+0000] {logging_mixin.py:188} INFO - [2025-11-11T08:36:37.653+0000] {dagbag.py:538} INFO - Filling up the DagBag from /opt/airflow/dags/etl_dag.py
[2025-11-11T08:36:37.678+0000] {processor.py:840} INFO - DAG(s) 'simple_etl_lineage' retrieved from /opt/airflow/dags/etl_dag.py
[2025-11-11T08:36:37.708+0000] {logging_mixin.py:188} INFO - [2025-11-11T08:36:37.708+0000] {dag.py:3036} INFO - Sync 1 DAGs
[2025-11-11T08:36:37.722+0000] {logging_mixin.py:188} INFO - [2025-11-11T08:36:37.722+0000] {dag.py:3823} INFO - Setting next_dagrun for simple_etl_lineage to None, run_after=None
[2025-11-11T08:36:37.745+0000] {processor.py:183} INFO - Processing /opt/airflow/dags/etl_dag.py took 0.100 seconds
[2025-11-11T08:37:08.270+0000] {processor.py:161} INFO - Started process (PID=1621) to work on /opt/airflow/dags/etl_dag.py
[2025-11-11T08:37:08.280+0000] {processor.py:830} INFO - Processing file /opt/airflow/dags/etl_dag.py for tasks to queue
[2025-11-11T08:37:08.282+0000] {logging_mixin.py:188} INFO - [2025-11-11T08:37:08.282+0000] {dagbag.py:538} INFO - Filling up the DagBag from /opt/airflow/dags/etl_dag.py
[2025-11-11T08:37:08.334+0000] {processor.py:840} INFO - DAG(s) 'simple_etl_lineage' retrieved from /opt/airflow/dags/etl_dag.py
[2025-11-11T08:37:08.419+0000] {logging_mixin.py:188} INFO - [2025-11-11T08:37:08.419+0000] {dag.py:3036} INFO - Sync 1 DAGs
[2025-11-11T08:37:08.453+0000] {logging_mixin.py:188} INFO - [2025-11-11T08:37:08.452+0000] {dag.py:3823} INFO - Setting next_dagrun for simple_etl_lineage to None, run_after=None
[2025-11-11T08:37:08.532+0000] {processor.py:183} INFO - Processing /opt/airflow/dags/etl_dag.py took 0.267 seconds
[2025-11-11T08:37:39.787+0000] {processor.py:161} INFO - Started process (PID=1631) to work on /opt/airflow/dags/etl_dag.py
[2025-11-11T08:37:39.795+0000] {processor.py:830} INFO - Processing file /opt/airflow/dags/etl_dag.py for tasks to queue
[2025-11-11T08:37:39.800+0000] {logging_mixin.py:188} INFO - [2025-11-11T08:37:39.800+0000] {dagbag.py:538} INFO - Filling up the DagBag from /opt/airflow/dags/etl_dag.py
[2025-11-11T08:37:39.869+0000] {processor.py:840} INFO - DAG(s) 'simple_etl_lineage' retrieved from /opt/airflow/dags/etl_dag.py
[2025-11-11T08:37:39.960+0000] {logging_mixin.py:188} INFO - [2025-11-11T08:37:39.960+0000] {dag.py:3036} INFO - Sync 1 DAGs
[2025-11-11T08:37:40.005+0000] {logging_mixin.py:188} INFO - [2025-11-11T08:37:39.999+0000] {dag.py:3823} INFO - Setting next_dagrun for simple_etl_lineage to None, run_after=None
[2025-11-11T08:37:40.146+0000] {processor.py:183} INFO - Processing /opt/airflow/dags/etl_dag.py took 0.364 seconds
[2025-11-11T08:38:10.664+0000] {processor.py:161} INFO - Started process (PID=1641) to work on /opt/airflow/dags/etl_dag.py
[2025-11-11T08:38:10.665+0000] {processor.py:830} INFO - Processing file /opt/airflow/dags/etl_dag.py for tasks to queue
[2025-11-11T08:38:10.667+0000] {logging_mixin.py:188} INFO - [2025-11-11T08:38:10.666+0000] {dagbag.py:538} INFO - Filling up the DagBag from /opt/airflow/dags/etl_dag.py
[2025-11-11T08:38:10.688+0000] {processor.py:840} INFO - DAG(s) 'simple_etl_lineage' retrieved from /opt/airflow/dags/etl_dag.py
[2025-11-11T08:38:10.722+0000] {logging_mixin.py:188} INFO - [2025-11-11T08:38:10.721+0000] {dag.py:3036} INFO - Sync 1 DAGs
[2025-11-11T08:38:10.737+0000] {logging_mixin.py:188} INFO - [2025-11-11T08:38:10.736+0000] {dag.py:3823} INFO - Setting next_dagrun for simple_etl_lineage to None, run_after=None
[2025-11-11T08:38:10.760+0000] {processor.py:183} INFO - Processing /opt/airflow/dags/etl_dag.py took 0.100 seconds
[2025-11-11T08:38:41.129+0000] {processor.py:161} INFO - Started process (PID=1651) to work on /opt/airflow/dags/etl_dag.py
[2025-11-11T08:38:41.135+0000] {processor.py:830} INFO - Processing file /opt/airflow/dags/etl_dag.py for tasks to queue
[2025-11-11T08:38:41.142+0000] {logging_mixin.py:188} INFO - [2025-11-11T08:38:41.142+0000] {dagbag.py:538} INFO - Filling up the DagBag from /opt/airflow/dags/etl_dag.py
[2025-11-11T08:38:41.240+0000] {processor.py:840} INFO - DAG(s) 'simple_etl_lineage' retrieved from /opt/airflow/dags/etl_dag.py
[2025-11-11T08:38:41.322+0000] {logging_mixin.py:188} INFO - [2025-11-11T08:38:41.322+0000] {dag.py:3036} INFO - Sync 1 DAGs
[2025-11-11T08:38:41.379+0000] {logging_mixin.py:188} INFO - [2025-11-11T08:38:41.378+0000] {dag.py:3823} INFO - Setting next_dagrun for simple_etl_lineage to None, run_after=None
[2025-11-11T08:38:41.471+0000] {processor.py:183} INFO - Processing /opt/airflow/dags/etl_dag.py took 0.354 seconds
[2025-11-11T08:39:12.474+0000] {processor.py:161} INFO - Started process (PID=1661) to work on /opt/airflow/dags/etl_dag.py
[2025-11-11T08:39:12.477+0000] {processor.py:830} INFO - Processing file /opt/airflow/dags/etl_dag.py for tasks to queue
[2025-11-11T08:39:12.479+0000] {logging_mixin.py:188} INFO - [2025-11-11T08:39:12.478+0000] {dagbag.py:538} INFO - Filling up the DagBag from /opt/airflow/dags/etl_dag.py
[2025-11-11T08:39:12.560+0000] {processor.py:840} INFO - DAG(s) 'simple_etl_lineage' retrieved from /opt/airflow/dags/etl_dag.py
[2025-11-11T08:39:12.667+0000] {logging_mixin.py:188} INFO - [2025-11-11T08:39:12.667+0000] {dag.py:3036} INFO - Sync 1 DAGs
[2025-11-11T08:39:12.710+0000] {logging_mixin.py:188} INFO - [2025-11-11T08:39:12.709+0000] {dag.py:3823} INFO - Setting next_dagrun for simple_etl_lineage to None, run_after=None
[2025-11-11T08:39:12.762+0000] {processor.py:183} INFO - Processing /opt/airflow/dags/etl_dag.py took 0.296 seconds
[2025-11-11T08:39:43.171+0000] {processor.py:161} INFO - Started process (PID=1671) to work on /opt/airflow/dags/etl_dag.py
[2025-11-11T08:39:43.179+0000] {processor.py:830} INFO - Processing file /opt/airflow/dags/etl_dag.py for tasks to queue
[2025-11-11T08:39:43.182+0000] {logging_mixin.py:188} INFO - [2025-11-11T08:39:43.181+0000] {dagbag.py:538} INFO - Filling up the DagBag from /opt/airflow/dags/etl_dag.py
[2025-11-11T08:39:43.262+0000] {processor.py:840} INFO - DAG(s) 'simple_etl_lineage' retrieved from /opt/airflow/dags/etl_dag.py
[2025-11-11T08:39:43.409+0000] {logging_mixin.py:188} INFO - [2025-11-11T08:39:43.402+0000] {dag.py:3036} INFO - Sync 1 DAGs
[2025-11-11T08:39:43.470+0000] {logging_mixin.py:188} INFO - [2025-11-11T08:39:43.469+0000] {dag.py:3823} INFO - Setting next_dagrun for simple_etl_lineage to None, run_after=None
[2025-11-11T08:39:43.562+0000] {processor.py:183} INFO - Processing /opt/airflow/dags/etl_dag.py took 0.396 seconds
[2025-11-11T08:40:14.279+0000] {processor.py:161} INFO - Started process (PID=1681) to work on /opt/airflow/dags/etl_dag.py
[2025-11-11T08:40:14.281+0000] {processor.py:830} INFO - Processing file /opt/airflow/dags/etl_dag.py for tasks to queue
[2025-11-11T08:40:14.283+0000] {logging_mixin.py:188} INFO - [2025-11-11T08:40:14.282+0000] {dagbag.py:538} INFO - Filling up the DagBag from /opt/airflow/dags/etl_dag.py
[2025-11-11T08:40:14.315+0000] {processor.py:840} INFO - DAG(s) 'simple_etl_lineage' retrieved from /opt/airflow/dags/etl_dag.py
[2025-11-11T08:40:14.373+0000] {logging_mixin.py:188} INFO - [2025-11-11T08:40:14.373+0000] {dag.py:3036} INFO - Sync 1 DAGs
[2025-11-11T08:40:14.390+0000] {logging_mixin.py:188} INFO - [2025-11-11T08:40:14.389+0000] {dag.py:3823} INFO - Setting next_dagrun for simple_etl_lineage to None, run_after=None
[2025-11-11T08:40:14.434+0000] {processor.py:183} INFO - Processing /opt/airflow/dags/etl_dag.py took 0.161 seconds
[2025-11-11T08:40:44.678+0000] {processor.py:161} INFO - Started process (PID=1691) to work on /opt/airflow/dags/etl_dag.py
[2025-11-11T08:40:44.680+0000] {processor.py:830} INFO - Processing file /opt/airflow/dags/etl_dag.py for tasks to queue
[2025-11-11T08:40:44.682+0000] {logging_mixin.py:188} INFO - [2025-11-11T08:40:44.682+0000] {dagbag.py:538} INFO - Filling up the DagBag from /opt/airflow/dags/etl_dag.py
[2025-11-11T08:40:44.710+0000] {processor.py:840} INFO - DAG(s) 'simple_etl_lineage' retrieved from /opt/airflow/dags/etl_dag.py
[2025-11-11T08:40:44.755+0000] {logging_mixin.py:188} INFO - [2025-11-11T08:40:44.755+0000] {dag.py:3036} INFO - Sync 1 DAGs
[2025-11-11T08:40:44.773+0000] {logging_mixin.py:188} INFO - [2025-11-11T08:40:44.772+0000] {dag.py:3823} INFO - Setting next_dagrun for simple_etl_lineage to None, run_after=None
[2025-11-11T08:40:44.827+0000] {processor.py:183} INFO - Processing /opt/airflow/dags/etl_dag.py took 0.154 seconds
[2025-11-11T08:41:15.587+0000] {processor.py:161} INFO - Started process (PID=1701) to work on /opt/airflow/dags/etl_dag.py
[2025-11-11T08:41:15.600+0000] {processor.py:830} INFO - Processing file /opt/airflow/dags/etl_dag.py for tasks to queue
[2025-11-11T08:41:15.603+0000] {logging_mixin.py:188} INFO - [2025-11-11T08:41:15.603+0000] {dagbag.py:538} INFO - Filling up the DagBag from /opt/airflow/dags/etl_dag.py
[2025-11-11T08:41:15.716+0000] {processor.py:840} INFO - DAG(s) 'simple_etl_lineage' retrieved from /opt/airflow/dags/etl_dag.py
[2025-11-11T08:41:15.858+0000] {logging_mixin.py:188} INFO - [2025-11-11T08:41:15.857+0000] {dag.py:3036} INFO - Sync 1 DAGs
[2025-11-11T08:41:15.983+0000] {logging_mixin.py:188} INFO - [2025-11-11T08:41:15.982+0000] {dag.py:3823} INFO - Setting next_dagrun for simple_etl_lineage to None, run_after=None
[2025-11-11T08:41:16.228+0000] {processor.py:183} INFO - Processing /opt/airflow/dags/etl_dag.py took 0.648 seconds
[2025-11-11T08:41:46.617+0000] {processor.py:161} INFO - Started process (PID=1711) to work on /opt/airflow/dags/etl_dag.py
[2025-11-11T08:41:46.627+0000] {processor.py:830} INFO - Processing file /opt/airflow/dags/etl_dag.py for tasks to queue
[2025-11-11T08:41:46.637+0000] {logging_mixin.py:188} INFO - [2025-11-11T08:41:46.636+0000] {dagbag.py:538} INFO - Filling up the DagBag from /opt/airflow/dags/etl_dag.py
[2025-11-11T08:41:46.786+0000] {processor.py:840} INFO - DAG(s) 'simple_etl_lineage' retrieved from /opt/airflow/dags/etl_dag.py
[2025-11-11T08:41:46.905+0000] {logging_mixin.py:188} INFO - [2025-11-11T08:41:46.904+0000] {dag.py:3036} INFO - Sync 1 DAGs
[2025-11-11T08:41:46.942+0000] {logging_mixin.py:188} INFO - [2025-11-11T08:41:46.941+0000] {dag.py:3823} INFO - Setting next_dagrun for simple_etl_lineage to None, run_after=None
[2025-11-11T08:41:47.023+0000] {processor.py:183} INFO - Processing /opt/airflow/dags/etl_dag.py took 0.411 seconds
[2025-11-11T08:42:23.623+0000] {processor.py:161} INFO - Started process (PID=1719) to work on /opt/airflow/dags/etl_dag.py
[2025-11-11T08:42:23.762+0000] {processor.py:830} INFO - Processing file /opt/airflow/dags/etl_dag.py for tasks to queue
[2025-11-11T08:42:23.948+0000] {logging_mixin.py:188} INFO - [2025-11-11T08:42:23.832+0000] {dagbag.py:538} INFO - Filling up the DagBag from /opt/airflow/dags/etl_dag.py
[2025-11-11T08:42:26.173+0000] {processor.py:840} INFO - DAG(s) 'simple_etl_lineage' retrieved from /opt/airflow/dags/etl_dag.py
[2025-11-11T08:42:30.959+0000] {logging_mixin.py:188} INFO - [2025-11-11T08:42:30.958+0000] {dag.py:3036} INFO - Sync 1 DAGs
[2025-11-11T08:42:31.408+0000] {logging_mixin.py:188} INFO - [2025-11-11T08:42:31.407+0000] {dag.py:3823} INFO - Setting next_dagrun for simple_etl_lineage to None, run_after=None
[2025-11-11T08:42:33.403+0000] {processor.py:183} INFO - Processing /opt/airflow/dags/etl_dag.py took 9.938 seconds
[2025-11-11T08:43:07.420+0000] {processor.py:161} INFO - Started process (PID=1729) to work on /opt/airflow/dags/etl_dag.py
[2025-11-11T08:43:07.424+0000] {processor.py:830} INFO - Processing file /opt/airflow/dags/etl_dag.py for tasks to queue
[2025-11-11T08:43:07.435+0000] {logging_mixin.py:188} INFO - [2025-11-11T08:43:07.432+0000] {dagbag.py:538} INFO - Filling up the DagBag from /opt/airflow/dags/etl_dag.py
[2025-11-11T08:43:08.205+0000] {processor.py:840} INFO - DAG(s) 'simple_etl_lineage' retrieved from /opt/airflow/dags/etl_dag.py
[2025-11-11T08:43:08.763+0000] {logging_mixin.py:188} INFO - [2025-11-11T08:43:08.762+0000] {dag.py:3036} INFO - Sync 1 DAGs
[2025-11-11T08:43:08.833+0000] {logging_mixin.py:188} INFO - [2025-11-11T08:43:08.832+0000] {dag.py:3823} INFO - Setting next_dagrun for simple_etl_lineage to None, run_after=None
[2025-11-11T08:43:09.166+0000] {processor.py:183} INFO - Processing /opt/airflow/dags/etl_dag.py took 1.760 seconds
[2025-11-11T08:43:40.354+0000] {processor.py:161} INFO - Started process (PID=1739) to work on /opt/airflow/dags/etl_dag.py
[2025-11-11T08:43:40.358+0000] {processor.py:830} INFO - Processing file /opt/airflow/dags/etl_dag.py for tasks to queue
[2025-11-11T08:43:40.387+0000] {logging_mixin.py:188} INFO - [2025-11-11T08:43:40.386+0000] {dagbag.py:538} INFO - Filling up the DagBag from /opt/airflow/dags/etl_dag.py
[2025-11-11T08:43:40.542+0000] {processor.py:840} INFO - DAG(s) 'simple_etl_lineage' retrieved from /opt/airflow/dags/etl_dag.py
[2025-11-11T08:43:40.764+0000] {logging_mixin.py:188} INFO - [2025-11-11T08:43:40.763+0000] {dag.py:3036} INFO - Sync 1 DAGs
[2025-11-11T08:43:40.845+0000] {logging_mixin.py:188} INFO - [2025-11-11T08:43:40.845+0000] {dag.py:3823} INFO - Setting next_dagrun for simple_etl_lineage to None, run_after=None
[2025-11-11T08:43:40.916+0000] {processor.py:183} INFO - Processing /opt/airflow/dags/etl_dag.py took 0.567 seconds
[2025-11-11T08:44:12.649+0000] {processor.py:161} INFO - Started process (PID=1749) to work on /opt/airflow/dags/etl_dag.py
[2025-11-11T08:44:12.653+0000] {processor.py:830} INFO - Processing file /opt/airflow/dags/etl_dag.py for tasks to queue
[2025-11-11T08:44:12.661+0000] {logging_mixin.py:188} INFO - [2025-11-11T08:44:12.655+0000] {dagbag.py:538} INFO - Filling up the DagBag from /opt/airflow/dags/etl_dag.py
[2025-11-11T08:44:14.000+0000] {processor.py:840} INFO - DAG(s) 'simple_etl_lineage' retrieved from /opt/airflow/dags/etl_dag.py
[2025-11-11T08:44:14.224+0000] {logging_mixin.py:188} INFO - [2025-11-11T08:44:14.223+0000] {dag.py:3036} INFO - Sync 1 DAGs
[2025-11-11T08:44:14.297+0000] {logging_mixin.py:188} INFO - [2025-11-11T08:44:14.296+0000] {dag.py:3823} INFO - Setting next_dagrun for simple_etl_lineage to None, run_after=None
[2025-11-11T08:44:14.387+0000] {processor.py:183} INFO - Processing /opt/airflow/dags/etl_dag.py took 1.748 seconds
[2025-11-11T08:44:45.243+0000] {processor.py:161} INFO - Started process (PID=1759) to work on /opt/airflow/dags/etl_dag.py
[2025-11-11T08:44:45.246+0000] {processor.py:830} INFO - Processing file /opt/airflow/dags/etl_dag.py for tasks to queue
[2025-11-11T08:44:45.249+0000] {logging_mixin.py:188} INFO - [2025-11-11T08:44:45.249+0000] {dagbag.py:538} INFO - Filling up the DagBag from /opt/airflow/dags/etl_dag.py
[2025-11-11T08:44:45.335+0000] {processor.py:840} INFO - DAG(s) 'simple_etl_lineage' retrieved from /opt/airflow/dags/etl_dag.py
[2025-11-11T08:44:45.447+0000] {logging_mixin.py:188} INFO - [2025-11-11T08:44:45.446+0000] {dag.py:3036} INFO - Sync 1 DAGs
[2025-11-11T08:44:45.516+0000] {logging_mixin.py:188} INFO - [2025-11-11T08:44:45.515+0000] {dag.py:3823} INFO - Setting next_dagrun for simple_etl_lineage to None, run_after=None
[2025-11-11T08:44:45.598+0000] {processor.py:183} INFO - Processing /opt/airflow/dags/etl_dag.py took 0.362 seconds
[2025-11-11T08:45:18.855+0000] {processor.py:161} INFO - Started process (PID=1769) to work on /opt/airflow/dags/etl_dag.py
[2025-11-11T08:45:19.007+0000] {processor.py:830} INFO - Processing file /opt/airflow/dags/etl_dag.py for tasks to queue
[2025-11-11T08:45:19.711+0000] {logging_mixin.py:188} INFO - [2025-11-11T08:45:19.701+0000] {dagbag.py:538} INFO - Filling up the DagBag from /opt/airflow/dags/etl_dag.py
[2025-11-11T08:45:21.136+0000] {processor.py:840} INFO - DAG(s) 'simple_etl_lineage' retrieved from /opt/airflow/dags/etl_dag.py
[2025-11-11T08:45:22.269+0000] {logging_mixin.py:188} INFO - [2025-11-11T08:45:22.268+0000] {dag.py:3036} INFO - Sync 1 DAGs
[2025-11-11T08:45:24.765+0000] {logging_mixin.py:188} INFO - [2025-11-11T08:45:24.764+0000] {dag.py:3823} INFO - Setting next_dagrun for simple_etl_lineage to None, run_after=None
[2025-11-11T08:45:59.090+0000] {processor.py:183} INFO - Processing /opt/airflow/dags/etl_dag.py took 41.626 seconds
[2025-11-11T08:46:34.305+0000] {processor.py:161} INFO - Started process (PID=1777) to work on /opt/airflow/dags/etl_dag.py
[2025-11-11T08:46:34.308+0000] {processor.py:830} INFO - Processing file /opt/airflow/dags/etl_dag.py for tasks to queue
[2025-11-11T08:46:34.312+0000] {logging_mixin.py:188} INFO - [2025-11-11T08:46:34.311+0000] {dagbag.py:538} INFO - Filling up the DagBag from /opt/airflow/dags/etl_dag.py
[2025-11-11T08:46:34.376+0000] {processor.py:840} INFO - DAG(s) 'simple_etl_lineage' retrieved from /opt/airflow/dags/etl_dag.py
[2025-11-11T08:46:34.583+0000] {logging_mixin.py:188} INFO - [2025-11-11T08:46:34.583+0000] {dag.py:3036} INFO - Sync 1 DAGs
[2025-11-11T08:46:34.724+0000] {logging_mixin.py:188} INFO - [2025-11-11T08:46:34.724+0000] {dag.py:3823} INFO - Setting next_dagrun for simple_etl_lineage to None, run_after=None
[2025-11-11T08:46:34.803+0000] {processor.py:183} INFO - Processing /opt/airflow/dags/etl_dag.py took 0.511 seconds
[2025-11-11T08:47:05.574+0000] {processor.py:161} INFO - Started process (PID=1789) to work on /opt/airflow/dags/etl_dag.py
[2025-11-11T08:47:05.579+0000] {processor.py:830} INFO - Processing file /opt/airflow/dags/etl_dag.py for tasks to queue
[2025-11-11T08:47:05.581+0000] {logging_mixin.py:188} INFO - [2025-11-11T08:47:05.580+0000] {dagbag.py:538} INFO - Filling up the DagBag from /opt/airflow/dags/etl_dag.py
[2025-11-11T08:47:05.621+0000] {processor.py:840} INFO - DAG(s) 'simple_etl_lineage' retrieved from /opt/airflow/dags/etl_dag.py
[2025-11-11T08:47:05.684+0000] {logging_mixin.py:188} INFO - [2025-11-11T08:47:05.683+0000] {dag.py:3036} INFO - Sync 1 DAGs
[2025-11-11T08:47:05.709+0000] {logging_mixin.py:188} INFO - [2025-11-11T08:47:05.709+0000] {dag.py:3823} INFO - Setting next_dagrun for simple_etl_lineage to None, run_after=None
[2025-11-11T08:47:05.754+0000] {processor.py:183} INFO - Processing /opt/airflow/dags/etl_dag.py took 0.186 seconds
[2025-11-11T08:47:36.597+0000] {processor.py:161} INFO - Started process (PID=1799) to work on /opt/airflow/dags/etl_dag.py
[2025-11-11T08:47:36.601+0000] {processor.py:830} INFO - Processing file /opt/airflow/dags/etl_dag.py for tasks to queue
[2025-11-11T08:47:36.603+0000] {logging_mixin.py:188} INFO - [2025-11-11T08:47:36.602+0000] {dagbag.py:538} INFO - Filling up the DagBag from /opt/airflow/dags/etl_dag.py
[2025-11-11T08:47:36.716+0000] {processor.py:840} INFO - DAG(s) 'simple_etl_lineage' retrieved from /opt/airflow/dags/etl_dag.py
[2025-11-11T08:47:36.845+0000] {logging_mixin.py:188} INFO - [2025-11-11T08:47:36.837+0000] {dag.py:3036} INFO - Sync 1 DAGs
[2025-11-11T08:47:36.895+0000] {logging_mixin.py:188} INFO - [2025-11-11T08:47:36.895+0000] {dag.py:3823} INFO - Setting next_dagrun for simple_etl_lineage to None, run_after=None
[2025-11-11T08:47:36.977+0000] {processor.py:183} INFO - Processing /opt/airflow/dags/etl_dag.py took 0.396 seconds
[2025-11-11T08:48:07.654+0000] {processor.py:161} INFO - Started process (PID=1809) to work on /opt/airflow/dags/etl_dag.py
[2025-11-11T08:48:07.656+0000] {processor.py:830} INFO - Processing file /opt/airflow/dags/etl_dag.py for tasks to queue
[2025-11-11T08:48:07.657+0000] {logging_mixin.py:188} INFO - [2025-11-11T08:48:07.657+0000] {dagbag.py:538} INFO - Filling up the DagBag from /opt/airflow/dags/etl_dag.py
[2025-11-11T08:48:07.698+0000] {processor.py:840} INFO - DAG(s) 'simple_etl_lineage' retrieved from /opt/airflow/dags/etl_dag.py
[2025-11-11T08:48:07.749+0000] {logging_mixin.py:188} INFO - [2025-11-11T08:48:07.749+0000] {dag.py:3036} INFO - Sync 1 DAGs
[2025-11-11T08:48:07.776+0000] {logging_mixin.py:188} INFO - [2025-11-11T08:48:07.775+0000] {dag.py:3823} INFO - Setting next_dagrun for simple_etl_lineage to None, run_after=None
[2025-11-11T08:48:07.819+0000] {processor.py:183} INFO - Processing /opt/airflow/dags/etl_dag.py took 0.170 seconds
[2025-11-11T08:48:38.267+0000] {processor.py:161} INFO - Started process (PID=1819) to work on /opt/airflow/dags/etl_dag.py
[2025-11-11T08:48:38.269+0000] {processor.py:830} INFO - Processing file /opt/airflow/dags/etl_dag.py for tasks to queue
[2025-11-11T08:48:38.271+0000] {logging_mixin.py:188} INFO - [2025-11-11T08:48:38.271+0000] {dagbag.py:538} INFO - Filling up the DagBag from /opt/airflow/dags/etl_dag.py
[2025-11-11T08:48:38.333+0000] {processor.py:840} INFO - DAG(s) 'simple_etl_lineage' retrieved from /opt/airflow/dags/etl_dag.py
[2025-11-11T08:48:38.404+0000] {logging_mixin.py:188} INFO - [2025-11-11T08:48:38.403+0000] {dag.py:3036} INFO - Sync 1 DAGs
[2025-11-11T08:48:38.425+0000] {logging_mixin.py:188} INFO - [2025-11-11T08:48:38.425+0000] {dag.py:3823} INFO - Setting next_dagrun for simple_etl_lineage to None, run_after=None
[2025-11-11T08:48:38.505+0000] {processor.py:183} INFO - Processing /opt/airflow/dags/etl_dag.py took 0.246 seconds
[2025-11-11T08:49:08.661+0000] {processor.py:161} INFO - Started process (PID=1829) to work on /opt/airflow/dags/etl_dag.py
[2025-11-11T08:49:08.663+0000] {processor.py:830} INFO - Processing file /opt/airflow/dags/etl_dag.py for tasks to queue
[2025-11-11T08:49:08.665+0000] {logging_mixin.py:188} INFO - [2025-11-11T08:49:08.665+0000] {dagbag.py:538} INFO - Filling up the DagBag from /opt/airflow/dags/etl_dag.py
[2025-11-11T08:49:08.760+0000] {processor.py:840} INFO - DAG(s) 'simple_etl_lineage' retrieved from /opt/airflow/dags/etl_dag.py
[2025-11-11T08:49:08.813+0000] {logging_mixin.py:188} INFO - [2025-11-11T08:49:08.813+0000] {dag.py:3036} INFO - Sync 1 DAGs
[2025-11-11T08:49:08.830+0000] {logging_mixin.py:188} INFO - [2025-11-11T08:49:08.830+0000] {dag.py:3823} INFO - Setting next_dagrun for simple_etl_lineage to None, run_after=None
[2025-11-11T08:49:08.886+0000] {processor.py:183} INFO - Processing /opt/airflow/dags/etl_dag.py took 0.231 seconds
[2025-11-11T08:49:39.117+0000] {processor.py:161} INFO - Started process (PID=1839) to work on /opt/airflow/dags/etl_dag.py
[2025-11-11T08:49:39.119+0000] {processor.py:830} INFO - Processing file /opt/airflow/dags/etl_dag.py for tasks to queue
[2025-11-11T08:49:39.121+0000] {logging_mixin.py:188} INFO - [2025-11-11T08:49:39.120+0000] {dagbag.py:538} INFO - Filling up the DagBag from /opt/airflow/dags/etl_dag.py
[2025-11-11T08:49:39.145+0000] {processor.py:840} INFO - DAG(s) 'simple_etl_lineage' retrieved from /opt/airflow/dags/etl_dag.py
[2025-11-11T08:49:39.183+0000] {logging_mixin.py:188} INFO - [2025-11-11T08:49:39.183+0000] {dag.py:3036} INFO - Sync 1 DAGs
[2025-11-11T08:49:39.209+0000] {logging_mixin.py:188} INFO - [2025-11-11T08:49:39.209+0000] {dag.py:3823} INFO - Setting next_dagrun for simple_etl_lineage to None, run_after=None
[2025-11-11T08:49:39.243+0000] {processor.py:183} INFO - Processing /opt/airflow/dags/etl_dag.py took 0.131 seconds
[2025-11-11T08:50:09.574+0000] {processor.py:161} INFO - Started process (PID=1849) to work on /opt/airflow/dags/etl_dag.py
[2025-11-11T08:50:09.576+0000] {processor.py:830} INFO - Processing file /opt/airflow/dags/etl_dag.py for tasks to queue
[2025-11-11T08:50:09.578+0000] {logging_mixin.py:188} INFO - [2025-11-11T08:50:09.577+0000] {dagbag.py:538} INFO - Filling up the DagBag from /opt/airflow/dags/etl_dag.py
[2025-11-11T08:50:09.604+0000] {processor.py:840} INFO - DAG(s) 'simple_etl_lineage' retrieved from /opt/airflow/dags/etl_dag.py
[2025-11-11T08:50:09.693+0000] {logging_mixin.py:188} INFO - [2025-11-11T08:50:09.693+0000] {dag.py:3036} INFO - Sync 1 DAGs
[2025-11-11T08:50:09.801+0000] {logging_mixin.py:188} INFO - [2025-11-11T08:50:09.801+0000] {dag.py:3823} INFO - Setting next_dagrun for simple_etl_lineage to None, run_after=None
[2025-11-11T08:50:09.873+0000] {processor.py:183} INFO - Processing /opt/airflow/dags/etl_dag.py took 0.304 seconds
[2025-11-11T08:50:40.066+0000] {processor.py:161} INFO - Started process (PID=1859) to work on /opt/airflow/dags/etl_dag.py
[2025-11-11T08:50:40.067+0000] {processor.py:830} INFO - Processing file /opt/airflow/dags/etl_dag.py for tasks to queue
[2025-11-11T08:50:40.069+0000] {logging_mixin.py:188} INFO - [2025-11-11T08:50:40.068+0000] {dagbag.py:538} INFO - Filling up the DagBag from /opt/airflow/dags/etl_dag.py
[2025-11-11T08:50:40.120+0000] {processor.py:840} INFO - DAG(s) 'simple_etl_lineage' retrieved from /opt/airflow/dags/etl_dag.py
[2025-11-11T08:50:40.217+0000] {logging_mixin.py:188} INFO - [2025-11-11T08:50:40.217+0000] {dag.py:3036} INFO - Sync 1 DAGs
[2025-11-11T08:50:40.251+0000] {logging_mixin.py:188} INFO - [2025-11-11T08:50:40.250+0000] {dag.py:3823} INFO - Setting next_dagrun for simple_etl_lineage to None, run_after=None
[2025-11-11T08:50:40.333+0000] {processor.py:183} INFO - Processing /opt/airflow/dags/etl_dag.py took 0.272 seconds
[2025-11-11T08:51:10.558+0000] {processor.py:161} INFO - Started process (PID=1871) to work on /opt/airflow/dags/etl_dag.py
[2025-11-11T08:51:10.561+0000] {processor.py:830} INFO - Processing file /opt/airflow/dags/etl_dag.py for tasks to queue
[2025-11-11T08:51:10.562+0000] {logging_mixin.py:188} INFO - [2025-11-11T08:51:10.562+0000] {dagbag.py:538} INFO - Filling up the DagBag from /opt/airflow/dags/etl_dag.py
[2025-11-11T08:51:10.581+0000] {processor.py:840} INFO - DAG(s) 'simple_etl_lineage' retrieved from /opt/airflow/dags/etl_dag.py
[2025-11-11T08:51:10.607+0000] {logging_mixin.py:188} INFO - [2025-11-11T08:51:10.607+0000] {dag.py:3036} INFO - Sync 1 DAGs
[2025-11-11T08:51:10.620+0000] {logging_mixin.py:188} INFO - [2025-11-11T08:51:10.619+0000] {dag.py:3823} INFO - Setting next_dagrun for simple_etl_lineage to None, run_after=None
[2025-11-11T08:51:10.644+0000] {processor.py:183} INFO - Processing /opt/airflow/dags/etl_dag.py took 0.089 seconds
[2025-11-11T08:51:40.844+0000] {processor.py:161} INFO - Started process (PID=1879) to work on /opt/airflow/dags/etl_dag.py
[2025-11-11T08:51:40.847+0000] {processor.py:830} INFO - Processing file /opt/airflow/dags/etl_dag.py for tasks to queue
[2025-11-11T08:51:40.849+0000] {logging_mixin.py:188} INFO - [2025-11-11T08:51:40.848+0000] {dagbag.py:538} INFO - Filling up the DagBag from /opt/airflow/dags/etl_dag.py
[2025-11-11T08:51:40.883+0000] {processor.py:840} INFO - DAG(s) 'simple_etl_lineage' retrieved from /opt/airflow/dags/etl_dag.py
[2025-11-11T08:51:40.942+0000] {logging_mixin.py:188} INFO - [2025-11-11T08:51:40.942+0000] {dag.py:3036} INFO - Sync 1 DAGs
[2025-11-11T08:51:40.973+0000] {logging_mixin.py:188} INFO - [2025-11-11T08:51:40.973+0000] {dag.py:3823} INFO - Setting next_dagrun for simple_etl_lineage to None, run_after=None
[2025-11-11T08:51:41.017+0000] {processor.py:183} INFO - Processing /opt/airflow/dags/etl_dag.py took 0.187 seconds
[2025-11-11T08:52:11.788+0000] {processor.py:161} INFO - Started process (PID=1889) to work on /opt/airflow/dags/etl_dag.py
[2025-11-11T08:52:11.793+0000] {processor.py:830} INFO - Processing file /opt/airflow/dags/etl_dag.py for tasks to queue
[2025-11-11T08:52:11.796+0000] {logging_mixin.py:188} INFO - [2025-11-11T08:52:11.795+0000] {dagbag.py:538} INFO - Filling up the DagBag from /opt/airflow/dags/etl_dag.py
[2025-11-11T08:52:11.841+0000] {processor.py:840} INFO - DAG(s) 'simple_etl_lineage' retrieved from /opt/airflow/dags/etl_dag.py
[2025-11-11T08:52:12.129+0000] {logging_mixin.py:188} INFO - [2025-11-11T08:52:12.129+0000] {dag.py:3036} INFO - Sync 1 DAGs
[2025-11-11T08:52:12.154+0000] {logging_mixin.py:188} INFO - [2025-11-11T08:52:12.153+0000] {dag.py:3823} INFO - Setting next_dagrun for simple_etl_lineage to None, run_after=None
[2025-11-11T08:52:12.202+0000] {processor.py:183} INFO - Processing /opt/airflow/dags/etl_dag.py took 0.440 seconds
[2025-11-11T08:52:42.778+0000] {processor.py:161} INFO - Started process (PID=1899) to work on /opt/airflow/dags/etl_dag.py
[2025-11-11T08:52:42.779+0000] {processor.py:830} INFO - Processing file /opt/airflow/dags/etl_dag.py for tasks to queue
[2025-11-11T08:52:42.781+0000] {logging_mixin.py:188} INFO - [2025-11-11T08:52:42.781+0000] {dagbag.py:538} INFO - Filling up the DagBag from /opt/airflow/dags/etl_dag.py
[2025-11-11T08:52:42.819+0000] {processor.py:840} INFO - DAG(s) 'simple_etl_lineage' retrieved from /opt/airflow/dags/etl_dag.py
[2025-11-11T08:52:42.856+0000] {logging_mixin.py:188} INFO - [2025-11-11T08:52:42.856+0000] {dag.py:3036} INFO - Sync 1 DAGs
[2025-11-11T08:52:42.874+0000] {logging_mixin.py:188} INFO - [2025-11-11T08:52:42.873+0000] {dag.py:3823} INFO - Setting next_dagrun for simple_etl_lineage to None, run_after=None
[2025-11-11T08:52:42.894+0000] {processor.py:183} INFO - Processing /opt/airflow/dags/etl_dag.py took 0.120 seconds
[2025-11-11T08:53:13.875+0000] {processor.py:161} INFO - Started process (PID=1909) to work on /opt/airflow/dags/etl_dag.py
[2025-11-11T08:53:13.885+0000] {processor.py:830} INFO - Processing file /opt/airflow/dags/etl_dag.py for tasks to queue
[2025-11-11T08:53:13.892+0000] {logging_mixin.py:188} INFO - [2025-11-11T08:53:13.891+0000] {dagbag.py:538} INFO - Filling up the DagBag from /opt/airflow/dags/etl_dag.py
[2025-11-11T08:53:13.957+0000] {processor.py:840} INFO - DAG(s) 'simple_etl_lineage' retrieved from /opt/airflow/dags/etl_dag.py
[2025-11-11T08:53:14.035+0000] {logging_mixin.py:188} INFO - [2025-11-11T08:53:14.035+0000] {dag.py:3036} INFO - Sync 1 DAGs
[2025-11-11T08:53:14.070+0000] {logging_mixin.py:188} INFO - [2025-11-11T08:53:14.069+0000] {dag.py:3823} INFO - Setting next_dagrun for simple_etl_lineage to None, run_after=None
[2025-11-11T08:53:14.123+0000] {processor.py:183} INFO - Processing /opt/airflow/dags/etl_dag.py took 0.253 seconds
[2025-11-11T08:53:44.977+0000] {processor.py:161} INFO - Started process (PID=1919) to work on /opt/airflow/dags/etl_dag.py
[2025-11-11T08:53:44.980+0000] {processor.py:830} INFO - Processing file /opt/airflow/dags/etl_dag.py for tasks to queue
[2025-11-11T08:53:44.982+0000] {logging_mixin.py:188} INFO - [2025-11-11T08:53:44.982+0000] {dagbag.py:538} INFO - Filling up the DagBag from /opt/airflow/dags/etl_dag.py
[2025-11-11T08:53:45.027+0000] {processor.py:840} INFO - DAG(s) 'simple_etl_lineage' retrieved from /opt/airflow/dags/etl_dag.py
[2025-11-11T08:53:45.070+0000] {logging_mixin.py:188} INFO - [2025-11-11T08:53:45.070+0000] {dag.py:3036} INFO - Sync 1 DAGs
[2025-11-11T08:53:45.092+0000] {logging_mixin.py:188} INFO - [2025-11-11T08:53:45.092+0000] {dag.py:3823} INFO - Setting next_dagrun for simple_etl_lineage to None, run_after=None
[2025-11-11T08:53:45.156+0000] {processor.py:183} INFO - Processing /opt/airflow/dags/etl_dag.py took 0.185 seconds
[2025-11-11T08:54:15.650+0000] {processor.py:161} INFO - Started process (PID=1929) to work on /opt/airflow/dags/etl_dag.py
[2025-11-11T08:54:15.651+0000] {processor.py:830} INFO - Processing file /opt/airflow/dags/etl_dag.py for tasks to queue
[2025-11-11T08:54:15.654+0000] {logging_mixin.py:188} INFO - [2025-11-11T08:54:15.653+0000] {dagbag.py:538} INFO - Filling up the DagBag from /opt/airflow/dags/etl_dag.py
[2025-11-11T08:54:15.682+0000] {processor.py:840} INFO - DAG(s) 'simple_etl_lineage' retrieved from /opt/airflow/dags/etl_dag.py
[2025-11-11T08:54:15.716+0000] {logging_mixin.py:188} INFO - [2025-11-11T08:54:15.716+0000] {dag.py:3036} INFO - Sync 1 DAGs
[2025-11-11T08:54:15.731+0000] {logging_mixin.py:188} INFO - [2025-11-11T08:54:15.731+0000] {dag.py:3823} INFO - Setting next_dagrun for simple_etl_lineage to None, run_after=None
[2025-11-11T08:54:15.772+0000] {processor.py:183} INFO - Processing /opt/airflow/dags/etl_dag.py took 0.125 seconds
[2025-11-11T08:54:47.402+0000] {processor.py:161} INFO - Started process (PID=1939) to work on /opt/airflow/dags/etl_dag.py
[2025-11-11T08:54:47.412+0000] {processor.py:830} INFO - Processing file /opt/airflow/dags/etl_dag.py for tasks to queue
[2025-11-11T08:54:47.439+0000] {logging_mixin.py:188} INFO - [2025-11-11T08:54:47.438+0000] {dagbag.py:538} INFO - Filling up the DagBag from /opt/airflow/dags/etl_dag.py
[2025-11-11T08:54:47.663+0000] {processor.py:840} INFO - DAG(s) 'simple_etl_lineage' retrieved from /opt/airflow/dags/etl_dag.py
[2025-11-11T08:54:47.870+0000] {logging_mixin.py:188} INFO - [2025-11-11T08:54:47.870+0000] {dag.py:3036} INFO - Sync 1 DAGs
[2025-11-11T08:54:47.913+0000] {logging_mixin.py:188} INFO - [2025-11-11T08:54:47.913+0000] {dag.py:3823} INFO - Setting next_dagrun for simple_etl_lineage to None, run_after=None
[2025-11-11T08:54:48.000+0000] {processor.py:183} INFO - Processing /opt/airflow/dags/etl_dag.py took 0.659 seconds
[2025-11-11T08:55:19.407+0000] {processor.py:161} INFO - Started process (PID=1949) to work on /opt/airflow/dags/etl_dag.py
[2025-11-11T08:55:19.433+0000] {processor.py:830} INFO - Processing file /opt/airflow/dags/etl_dag.py for tasks to queue
[2025-11-11T08:55:19.435+0000] {logging_mixin.py:188} INFO - [2025-11-11T08:55:19.434+0000] {dagbag.py:538} INFO - Filling up the DagBag from /opt/airflow/dags/etl_dag.py
[2025-11-11T08:55:19.723+0000] {processor.py:840} INFO - DAG(s) 'simple_etl_lineage' retrieved from /opt/airflow/dags/etl_dag.py
[2025-11-11T08:55:19.828+0000] {logging_mixin.py:188} INFO - [2025-11-11T08:55:19.828+0000] {dag.py:3036} INFO - Sync 1 DAGs
[2025-11-11T08:55:19.871+0000] {logging_mixin.py:188} INFO - [2025-11-11T08:55:19.871+0000] {dag.py:3823} INFO - Setting next_dagrun for simple_etl_lineage to None, run_after=None
[2025-11-11T08:55:19.926+0000] {processor.py:183} INFO - Processing /opt/airflow/dags/etl_dag.py took 0.524 seconds
[2025-11-11T08:55:50.492+0000] {processor.py:161} INFO - Started process (PID=1959) to work on /opt/airflow/dags/etl_dag.py
[2025-11-11T08:55:50.494+0000] {processor.py:830} INFO - Processing file /opt/airflow/dags/etl_dag.py for tasks to queue
[2025-11-11T08:55:50.495+0000] {logging_mixin.py:188} INFO - [2025-11-11T08:55:50.495+0000] {dagbag.py:538} INFO - Filling up the DagBag from /opt/airflow/dags/etl_dag.py
[2025-11-11T08:55:50.519+0000] {processor.py:840} INFO - DAG(s) 'simple_etl_lineage' retrieved from /opt/airflow/dags/etl_dag.py
[2025-11-11T08:55:50.552+0000] {logging_mixin.py:188} INFO - [2025-11-11T08:55:50.552+0000] {dag.py:3036} INFO - Sync 1 DAGs
[2025-11-11T08:55:50.568+0000] {logging_mixin.py:188} INFO - [2025-11-11T08:55:50.568+0000] {dag.py:3823} INFO - Setting next_dagrun for simple_etl_lineage to None, run_after=None
[2025-11-11T08:55:50.593+0000] {processor.py:183} INFO - Processing /opt/airflow/dags/etl_dag.py took 0.106 seconds
[2025-11-11T08:56:21.215+0000] {processor.py:161} INFO - Started process (PID=1969) to work on /opt/airflow/dags/etl_dag.py
[2025-11-11T08:56:21.217+0000] {processor.py:830} INFO - Processing file /opt/airflow/dags/etl_dag.py for tasks to queue
[2025-11-11T08:56:21.219+0000] {logging_mixin.py:188} INFO - [2025-11-11T08:56:21.218+0000] {dagbag.py:538} INFO - Filling up the DagBag from /opt/airflow/dags/etl_dag.py
[2025-11-11T08:56:21.369+0000] {processor.py:840} INFO - DAG(s) 'simple_etl_lineage' retrieved from /opt/airflow/dags/etl_dag.py
[2025-11-11T08:56:21.487+0000] {logging_mixin.py:188} INFO - [2025-11-11T08:56:21.487+0000] {dag.py:3036} INFO - Sync 1 DAGs
[2025-11-11T08:56:21.529+0000] {logging_mixin.py:188} INFO - [2025-11-11T08:56:21.529+0000] {dag.py:3823} INFO - Setting next_dagrun for simple_etl_lineage to None, run_after=None
[2025-11-11T08:56:21.592+0000] {processor.py:183} INFO - Processing /opt/airflow/dags/etl_dag.py took 0.383 seconds
[2025-11-11T08:56:52.542+0000] {processor.py:161} INFO - Started process (PID=1979) to work on /opt/airflow/dags/etl_dag.py
[2025-11-11T08:56:52.547+0000] {processor.py:830} INFO - Processing file /opt/airflow/dags/etl_dag.py for tasks to queue
[2025-11-11T08:56:52.550+0000] {logging_mixin.py:188} INFO - [2025-11-11T08:56:52.549+0000] {dagbag.py:538} INFO - Filling up the DagBag from /opt/airflow/dags/etl_dag.py
[2025-11-11T08:56:52.580+0000] {processor.py:840} INFO - DAG(s) 'simple_etl_lineage' retrieved from /opt/airflow/dags/etl_dag.py
[2025-11-11T08:56:52.623+0000] {logging_mixin.py:188} INFO - [2025-11-11T08:56:52.623+0000] {dag.py:3036} INFO - Sync 1 DAGs
[2025-11-11T08:56:52.642+0000] {logging_mixin.py:188} INFO - [2025-11-11T08:56:52.642+0000] {dag.py:3823} INFO - Setting next_dagrun for simple_etl_lineage to None, run_after=None
[2025-11-11T08:56:52.671+0000] {processor.py:183} INFO - Processing /opt/airflow/dags/etl_dag.py took 0.133 seconds
[2025-11-11T08:57:23.401+0000] {processor.py:161} INFO - Started process (PID=1989) to work on /opt/airflow/dags/etl_dag.py
[2025-11-11T08:57:23.404+0000] {processor.py:830} INFO - Processing file /opt/airflow/dags/etl_dag.py for tasks to queue
[2025-11-11T08:57:23.407+0000] {logging_mixin.py:188} INFO - [2025-11-11T08:57:23.406+0000] {dagbag.py:538} INFO - Filling up the DagBag from /opt/airflow/dags/etl_dag.py
[2025-11-11T08:57:23.441+0000] {processor.py:840} INFO - DAG(s) 'simple_etl_lineage' retrieved from /opt/airflow/dags/etl_dag.py
[2025-11-11T08:57:23.495+0000] {logging_mixin.py:188} INFO - [2025-11-11T08:57:23.494+0000] {dag.py:3036} INFO - Sync 1 DAGs
[2025-11-11T08:57:23.521+0000] {logging_mixin.py:188} INFO - [2025-11-11T08:57:23.521+0000] {dag.py:3823} INFO - Setting next_dagrun for simple_etl_lineage to None, run_after=None
[2025-11-11T08:57:23.595+0000] {processor.py:183} INFO - Processing /opt/airflow/dags/etl_dag.py took 0.199 seconds
[2025-11-11T08:57:53.892+0000] {processor.py:161} INFO - Started process (PID=2000) to work on /opt/airflow/dags/etl_dag.py
[2025-11-11T08:57:53.895+0000] {processor.py:830} INFO - Processing file /opt/airflow/dags/etl_dag.py for tasks to queue
[2025-11-11T08:57:53.901+0000] {logging_mixin.py:188} INFO - [2025-11-11T08:57:53.901+0000] {dagbag.py:538} INFO - Filling up the DagBag from /opt/airflow/dags/etl_dag.py
[2025-11-11T08:57:53.947+0000] {processor.py:840} INFO - DAG(s) 'simple_etl_lineage' retrieved from /opt/airflow/dags/etl_dag.py
[2025-11-11T08:57:54.023+0000] {logging_mixin.py:188} INFO - [2025-11-11T08:57:54.023+0000] {dag.py:3036} INFO - Sync 1 DAGs
[2025-11-11T08:57:54.048+0000] {logging_mixin.py:188} INFO - [2025-11-11T08:57:54.048+0000] {dag.py:3823} INFO - Setting next_dagrun for simple_etl_lineage to None, run_after=None
[2025-11-11T08:57:54.086+0000] {processor.py:183} INFO - Processing /opt/airflow/dags/etl_dag.py took 0.199 seconds
[2025-11-11T08:58:26.654+0000] {processor.py:161} INFO - Started process (PID=2008) to work on /opt/airflow/dags/etl_dag.py
[2025-11-11T08:58:26.662+0000] {processor.py:830} INFO - Processing file /opt/airflow/dags/etl_dag.py for tasks to queue
[2025-11-11T08:58:26.679+0000] {logging_mixin.py:188} INFO - [2025-11-11T08:58:26.670+0000] {dagbag.py:538} INFO - Filling up the DagBag from /opt/airflow/dags/etl_dag.py
[2025-11-11T08:58:29.468+0000] {processor.py:840} INFO - DAG(s) 'simple_etl_lineage' retrieved from /opt/airflow/dags/etl_dag.py
[2025-11-11T08:58:31.051+0000] {logging_mixin.py:188} INFO - [2025-11-11T08:58:31.050+0000] {dag.py:3036} INFO - Sync 1 DAGs
[2025-11-11T08:58:34.047+0000] {logging_mixin.py:188} INFO - [2025-11-11T08:58:34.046+0000] {dag.py:3823} INFO - Setting next_dagrun for simple_etl_lineage to None, run_after=None
[2025-11-11T08:58:35.121+0000] {processor.py:183} INFO - Processing /opt/airflow/dags/etl_dag.py took 8.576 seconds
[2025-11-11T08:59:05.954+0000] {processor.py:161} INFO - Started process (PID=2020) to work on /opt/airflow/dags/etl_dag.py
[2025-11-11T08:59:05.959+0000] {processor.py:830} INFO - Processing file /opt/airflow/dags/etl_dag.py for tasks to queue
[2025-11-11T08:59:05.962+0000] {logging_mixin.py:188} INFO - [2025-11-11T08:59:05.961+0000] {dagbag.py:538} INFO - Filling up the DagBag from /opt/airflow/dags/etl_dag.py
[2025-11-11T08:59:06.011+0000] {processor.py:840} INFO - DAG(s) 'simple_etl_lineage' retrieved from /opt/airflow/dags/etl_dag.py
[2025-11-11T08:59:06.087+0000] {logging_mixin.py:188} INFO - [2025-11-11T08:59:06.087+0000] {dag.py:3036} INFO - Sync 1 DAGs
[2025-11-11T08:59:06.126+0000] {logging_mixin.py:188} INFO - [2025-11-11T08:59:06.126+0000] {dag.py:3823} INFO - Setting next_dagrun for simple_etl_lineage to None, run_after=None
[2025-11-11T08:59:06.245+0000] {processor.py:183} INFO - Processing /opt/airflow/dags/etl_dag.py took 0.302 seconds
[2025-11-11T08:59:36.734+0000] {processor.py:161} INFO - Started process (PID=2030) to work on /opt/airflow/dags/etl_dag.py
[2025-11-11T08:59:36.739+0000] {processor.py:830} INFO - Processing file /opt/airflow/dags/etl_dag.py for tasks to queue
[2025-11-11T08:59:36.747+0000] {logging_mixin.py:188} INFO - [2025-11-11T08:59:36.743+0000] {dagbag.py:538} INFO - Filling up the DagBag from /opt/airflow/dags/etl_dag.py
[2025-11-11T08:59:37.097+0000] {processor.py:840} INFO - DAG(s) 'simple_etl_lineage' retrieved from /opt/airflow/dags/etl_dag.py
[2025-11-11T08:59:37.506+0000] {logging_mixin.py:188} INFO - [2025-11-11T08:59:37.506+0000] {dag.py:3036} INFO - Sync 1 DAGs
[2025-11-11T08:59:37.578+0000] {logging_mixin.py:188} INFO - [2025-11-11T08:59:37.577+0000] {dag.py:3823} INFO - Setting next_dagrun for simple_etl_lineage to None, run_after=None
[2025-11-11T08:59:37.652+0000] {processor.py:183} INFO - Processing /opt/airflow/dags/etl_dag.py took 0.920 seconds
[2025-11-11T09:00:08.649+0000] {processor.py:161} INFO - Started process (PID=2040) to work on /opt/airflow/dags/etl_dag.py
[2025-11-11T09:00:08.652+0000] {processor.py:830} INFO - Processing file /opt/airflow/dags/etl_dag.py for tasks to queue
[2025-11-11T09:00:08.655+0000] {logging_mixin.py:188} INFO - [2025-11-11T09:00:08.655+0000] {dagbag.py:538} INFO - Filling up the DagBag from /opt/airflow/dags/etl_dag.py
[2025-11-11T09:00:08.687+0000] {processor.py:840} INFO - DAG(s) 'simple_etl_lineage' retrieved from /opt/airflow/dags/etl_dag.py
[2025-11-11T09:00:08.752+0000] {logging_mixin.py:188} INFO - [2025-11-11T09:00:08.751+0000] {dag.py:3036} INFO - Sync 1 DAGs
[2025-11-11T09:00:08.770+0000] {logging_mixin.py:188} INFO - [2025-11-11T09:00:08.769+0000] {dag.py:3823} INFO - Setting next_dagrun for simple_etl_lineage to None, run_after=None
[2025-11-11T09:00:08.806+0000] {processor.py:183} INFO - Processing /opt/airflow/dags/etl_dag.py took 0.160 seconds
[2025-11-11T09:00:39.480+0000] {processor.py:161} INFO - Started process (PID=2047) to work on /opt/airflow/dags/etl_dag.py
[2025-11-11T09:00:39.482+0000] {processor.py:830} INFO - Processing file /opt/airflow/dags/etl_dag.py for tasks to queue
[2025-11-11T09:00:39.484+0000] {logging_mixin.py:188} INFO - [2025-11-11T09:00:39.483+0000] {dagbag.py:538} INFO - Filling up the DagBag from /opt/airflow/dags/etl_dag.py
[2025-11-11T09:00:39.512+0000] {processor.py:840} INFO - DAG(s) 'simple_etl_lineage' retrieved from /opt/airflow/dags/etl_dag.py
[2025-11-11T09:00:39.538+0000] {logging_mixin.py:188} INFO - [2025-11-11T09:00:39.537+0000] {dag.py:3036} INFO - Sync 1 DAGs
[2025-11-11T09:00:39.548+0000] {logging_mixin.py:188} INFO - [2025-11-11T09:00:39.548+0000] {dag.py:3823} INFO - Setting next_dagrun for simple_etl_lineage to None, run_after=None
[2025-11-11T09:00:39.571+0000] {processor.py:183} INFO - Processing /opt/airflow/dags/etl_dag.py took 0.095 seconds
[2025-11-11T09:01:15.864+0000] {processor.py:161} INFO - Started process (PID=2057) to work on /opt/airflow/dags/etl_dag.py
[2025-11-11T09:01:16.238+0000] {processor.py:830} INFO - Processing file /opt/airflow/dags/etl_dag.py for tasks to queue
[2025-11-11T09:01:16.572+0000] {logging_mixin.py:188} INFO - [2025-11-11T09:01:16.471+0000] {dagbag.py:538} INFO - Filling up the DagBag from /opt/airflow/dags/etl_dag.py
[2025-11-11T09:01:19.486+0000] {processor.py:840} INFO - DAG(s) 'simple_etl_lineage' retrieved from /opt/airflow/dags/etl_dag.py
[2025-11-11T09:01:21.051+0000] {logging_mixin.py:188} INFO - [2025-11-11T09:01:21.051+0000] {dag.py:3036} INFO - Sync 1 DAGs
[2025-11-11T09:01:21.304+0000] {logging_mixin.py:188} INFO - [2025-11-11T09:01:21.303+0000] {dag.py:3823} INFO - Setting next_dagrun for simple_etl_lineage to None, run_after=None
[2025-11-11T09:01:21.773+0000] {processor.py:183} INFO - Processing /opt/airflow/dags/etl_dag.py took 6.446 seconds
[2025-11-11T09:01:53.548+0000] {processor.py:161} INFO - Started process (PID=2072) to work on /opt/airflow/dags/etl_dag.py
[2025-11-11T09:01:53.550+0000] {processor.py:830} INFO - Processing file /opt/airflow/dags/etl_dag.py for tasks to queue
[2025-11-11T09:01:53.556+0000] {logging_mixin.py:188} INFO - [2025-11-11T09:01:53.553+0000] {dagbag.py:538} INFO - Filling up the DagBag from /opt/airflow/dags/etl_dag.py
[2025-11-11T09:01:53.609+0000] {processor.py:840} INFO - DAG(s) 'simple_etl_lineage' retrieved from /opt/airflow/dags/etl_dag.py
[2025-11-11T09:01:53.682+0000] {logging_mixin.py:188} INFO - [2025-11-11T09:01:53.681+0000] {dag.py:3036} INFO - Sync 1 DAGs
[2025-11-11T09:01:53.735+0000] {logging_mixin.py:188} INFO - [2025-11-11T09:01:53.734+0000] {dag.py:3823} INFO - Setting next_dagrun for simple_etl_lineage to None, run_after=None
[2025-11-11T09:01:53.792+0000] {processor.py:183} INFO - Processing /opt/airflow/dags/etl_dag.py took 0.250 seconds
[2025-11-11T09:02:24.301+0000] {processor.py:161} INFO - Started process (PID=2082) to work on /opt/airflow/dags/etl_dag.py
[2025-11-11T09:02:24.302+0000] {processor.py:830} INFO - Processing file /opt/airflow/dags/etl_dag.py for tasks to queue
[2025-11-11T09:02:24.304+0000] {logging_mixin.py:188} INFO - [2025-11-11T09:02:24.303+0000] {dagbag.py:538} INFO - Filling up the DagBag from /opt/airflow/dags/etl_dag.py
[2025-11-11T09:02:24.339+0000] {processor.py:840} INFO - DAG(s) 'simple_etl_lineage' retrieved from /opt/airflow/dags/etl_dag.py
[2025-11-11T09:02:24.369+0000] {logging_mixin.py:188} INFO - [2025-11-11T09:02:24.369+0000] {dag.py:3036} INFO - Sync 1 DAGs
[2025-11-11T09:02:24.382+0000] {logging_mixin.py:188} INFO - [2025-11-11T09:02:24.382+0000] {dag.py:3823} INFO - Setting next_dagrun for simple_etl_lineage to None, run_after=None
[2025-11-11T09:02:24.407+0000] {processor.py:183} INFO - Processing /opt/airflow/dags/etl_dag.py took 0.109 seconds
[2025-11-11T09:02:55.000+0000] {processor.py:161} INFO - Started process (PID=2092) to work on /opt/airflow/dags/etl_dag.py
[2025-11-11T09:02:55.003+0000] {processor.py:830} INFO - Processing file /opt/airflow/dags/etl_dag.py for tasks to queue
[2025-11-11T09:02:55.005+0000] {logging_mixin.py:188} INFO - [2025-11-11T09:02:55.005+0000] {dagbag.py:538} INFO - Filling up the DagBag from /opt/airflow/dags/etl_dag.py
[2025-11-11T09:02:55.030+0000] {processor.py:840} INFO - DAG(s) 'simple_etl_lineage' retrieved from /opt/airflow/dags/etl_dag.py
[2025-11-11T09:02:55.061+0000] {logging_mixin.py:188} INFO - [2025-11-11T09:02:55.061+0000] {dag.py:3036} INFO - Sync 1 DAGs
[2025-11-11T09:02:55.082+0000] {logging_mixin.py:188} INFO - [2025-11-11T09:02:55.082+0000] {dag.py:3823} INFO - Setting next_dagrun for simple_etl_lineage to None, run_after=None
[2025-11-11T09:02:55.114+0000] {processor.py:183} INFO - Processing /opt/airflow/dags/etl_dag.py took 0.119 seconds
[2025-11-11T09:03:25.316+0000] {processor.py:161} INFO - Started process (PID=2102) to work on /opt/airflow/dags/etl_dag.py
[2025-11-11T09:03:25.318+0000] {processor.py:830} INFO - Processing file /opt/airflow/dags/etl_dag.py for tasks to queue
[2025-11-11T09:03:25.329+0000] {logging_mixin.py:188} INFO - [2025-11-11T09:03:25.328+0000] {dagbag.py:538} INFO - Filling up the DagBag from /opt/airflow/dags/etl_dag.py
[2025-11-11T09:03:25.379+0000] {processor.py:840} INFO - DAG(s) 'simple_etl_lineage' retrieved from /opt/airflow/dags/etl_dag.py
[2025-11-11T09:03:25.462+0000] {logging_mixin.py:188} INFO - [2025-11-11T09:03:25.461+0000] {dag.py:3036} INFO - Sync 1 DAGs
[2025-11-11T09:03:25.500+0000] {logging_mixin.py:188} INFO - [2025-11-11T09:03:25.499+0000] {dag.py:3823} INFO - Setting next_dagrun for simple_etl_lineage to None, run_after=None
[2025-11-11T09:03:25.556+0000] {processor.py:183} INFO - Processing /opt/airflow/dags/etl_dag.py took 0.246 seconds
[2025-11-11T09:03:56.285+0000] {processor.py:161} INFO - Started process (PID=2110) to work on /opt/airflow/dags/etl_dag.py
[2025-11-11T09:03:56.287+0000] {processor.py:830} INFO - Processing file /opt/airflow/dags/etl_dag.py for tasks to queue
[2025-11-11T09:03:56.297+0000] {logging_mixin.py:188} INFO - [2025-11-11T09:03:56.296+0000] {dagbag.py:538} INFO - Filling up the DagBag from /opt/airflow/dags/etl_dag.py
[2025-11-11T09:03:56.350+0000] {processor.py:840} INFO - DAG(s) 'simple_etl_lineage' retrieved from /opt/airflow/dags/etl_dag.py
[2025-11-11T09:03:56.464+0000] {logging_mixin.py:188} INFO - [2025-11-11T09:03:56.454+0000] {dag.py:3036} INFO - Sync 1 DAGs
[2025-11-11T09:03:56.513+0000] {logging_mixin.py:188} INFO - [2025-11-11T09:03:56.513+0000] {dag.py:3823} INFO - Setting next_dagrun for simple_etl_lineage to None, run_after=None
[2025-11-11T09:03:56.594+0000] {processor.py:183} INFO - Processing /opt/airflow/dags/etl_dag.py took 0.317 seconds
[2025-11-11T09:04:26.823+0000] {processor.py:161} INFO - Started process (PID=2119) to work on /opt/airflow/dags/etl_dag.py
[2025-11-11T09:04:26.857+0000] {processor.py:830} INFO - Processing file /opt/airflow/dags/etl_dag.py for tasks to queue
[2025-11-11T09:04:26.868+0000] {logging_mixin.py:188} INFO - [2025-11-11T09:04:26.868+0000] {dagbag.py:538} INFO - Filling up the DagBag from /opt/airflow/dags/etl_dag.py
[2025-11-11T09:04:27.667+0000] {processor.py:840} INFO - DAG(s) 'simple_etl_lineage' retrieved from /opt/airflow/dags/etl_dag.py
[2025-11-11T09:04:27.884+0000] {logging_mixin.py:188} INFO - [2025-11-11T09:04:27.883+0000] {dag.py:3036} INFO - Sync 1 DAGs
[2025-11-11T09:04:27.965+0000] {logging_mixin.py:188} INFO - [2025-11-11T09:04:27.964+0000] {dag.py:3823} INFO - Setting next_dagrun for simple_etl_lineage to None, run_after=None
[2025-11-11T09:04:28.131+0000] {processor.py:183} INFO - Processing /opt/airflow/dags/etl_dag.py took 1.313 seconds
[2025-11-11T09:05:01.290+0000] {processor.py:161} INFO - Started process (PID=2128) to work on /opt/airflow/dags/etl_dag.py
[2025-11-11T09:05:01.305+0000] {processor.py:830} INFO - Processing file /opt/airflow/dags/etl_dag.py for tasks to queue
[2025-11-11T09:05:01.343+0000] {logging_mixin.py:188} INFO - [2025-11-11T09:05:01.334+0000] {dagbag.py:538} INFO - Filling up the DagBag from /opt/airflow/dags/etl_dag.py
[2025-11-11T09:05:01.720+0000] {processor.py:840} INFO - DAG(s) 'simple_etl_lineage' retrieved from /opt/airflow/dags/etl_dag.py
[2025-11-11T09:05:02.370+0000] {logging_mixin.py:188} INFO - [2025-11-11T09:05:02.370+0000] {dag.py:3036} INFO - Sync 1 DAGs
[2025-11-11T09:05:02.594+0000] {logging_mixin.py:188} INFO - [2025-11-11T09:05:02.593+0000] {dag.py:3823} INFO - Setting next_dagrun for simple_etl_lineage to None, run_after=None
[2025-11-11T09:05:02.752+0000] {processor.py:183} INFO - Processing /opt/airflow/dags/etl_dag.py took 1.535 seconds
[2025-11-11T09:05:33.085+0000] {processor.py:161} INFO - Started process (PID=2142) to work on /opt/airflow/dags/etl_dag.py
[2025-11-11T09:05:33.087+0000] {processor.py:830} INFO - Processing file /opt/airflow/dags/etl_dag.py for tasks to queue
[2025-11-11T09:05:33.088+0000] {logging_mixin.py:188} INFO - [2025-11-11T09:05:33.088+0000] {dagbag.py:538} INFO - Filling up the DagBag from /opt/airflow/dags/etl_dag.py
[2025-11-11T09:05:33.111+0000] {processor.py:840} INFO - DAG(s) 'simple_etl_lineage' retrieved from /opt/airflow/dags/etl_dag.py
[2025-11-11T09:05:33.139+0000] {logging_mixin.py:188} INFO - [2025-11-11T09:05:33.139+0000] {dag.py:3036} INFO - Sync 1 DAGs
[2025-11-11T09:05:33.151+0000] {logging_mixin.py:188} INFO - [2025-11-11T09:05:33.151+0000] {dag.py:3823} INFO - Setting next_dagrun for simple_etl_lineage to None, run_after=None
[2025-11-11T09:05:33.177+0000] {processor.py:183} INFO - Processing /opt/airflow/dags/etl_dag.py took 0.097 seconds
[2025-11-11T09:06:03.961+0000] {processor.py:161} INFO - Started process (PID=2150) to work on /opt/airflow/dags/etl_dag.py
[2025-11-11T09:06:03.997+0000] {processor.py:830} INFO - Processing file /opt/airflow/dags/etl_dag.py for tasks to queue
[2025-11-11T09:06:04.008+0000] {logging_mixin.py:188} INFO - [2025-11-11T09:06:04.007+0000] {dagbag.py:538} INFO - Filling up the DagBag from /opt/airflow/dags/etl_dag.py
[2025-11-11T09:06:04.998+0000] {processor.py:840} INFO - DAG(s) 'simple_etl_lineage' retrieved from /opt/airflow/dags/etl_dag.py
[2025-11-11T09:06:05.201+0000] {logging_mixin.py:188} INFO - [2025-11-11T09:06:05.200+0000] {dag.py:3036} INFO - Sync 1 DAGs
[2025-11-11T09:06:05.347+0000] {logging_mixin.py:188} INFO - [2025-11-11T09:06:05.346+0000] {dag.py:3823} INFO - Setting next_dagrun for simple_etl_lineage to None, run_after=None
[2025-11-11T09:06:05.460+0000] {processor.py:183} INFO - Processing /opt/airflow/dags/etl_dag.py took 1.512 seconds
[2025-11-11T09:06:37.440+0000] {processor.py:161} INFO - Started process (PID=2160) to work on /opt/airflow/dags/etl_dag.py
[2025-11-11T09:06:37.444+0000] {processor.py:830} INFO - Processing file /opt/airflow/dags/etl_dag.py for tasks to queue
[2025-11-11T09:06:37.446+0000] {logging_mixin.py:188} INFO - [2025-11-11T09:06:37.445+0000] {dagbag.py:538} INFO - Filling up the DagBag from /opt/airflow/dags/etl_dag.py
[2025-11-11T09:06:37.575+0000] {processor.py:840} INFO - DAG(s) 'simple_etl_lineage' retrieved from /opt/airflow/dags/etl_dag.py
[2025-11-11T09:06:37.709+0000] {logging_mixin.py:188} INFO - [2025-11-11T09:06:37.708+0000] {dag.py:3036} INFO - Sync 1 DAGs
[2025-11-11T09:06:37.770+0000] {logging_mixin.py:188} INFO - [2025-11-11T09:06:37.770+0000] {dag.py:3823} INFO - Setting next_dagrun for simple_etl_lineage to None, run_after=None
[2025-11-11T09:06:37.920+0000] {processor.py:183} INFO - Processing /opt/airflow/dags/etl_dag.py took 0.485 seconds
[2025-11-11T09:07:08.885+0000] {processor.py:161} INFO - Started process (PID=2170) to work on /opt/airflow/dags/etl_dag.py
[2025-11-11T09:07:08.888+0000] {processor.py:830} INFO - Processing file /opt/airflow/dags/etl_dag.py for tasks to queue
[2025-11-11T09:07:08.889+0000] {logging_mixin.py:188} INFO - [2025-11-11T09:07:08.889+0000] {dagbag.py:538} INFO - Filling up the DagBag from /opt/airflow/dags/etl_dag.py
[2025-11-11T09:07:08.996+0000] {processor.py:840} INFO - DAG(s) 'simple_etl_lineage' retrieved from /opt/airflow/dags/etl_dag.py
[2025-11-11T09:07:09.102+0000] {logging_mixin.py:188} INFO - [2025-11-11T09:07:09.101+0000] {dag.py:3036} INFO - Sync 1 DAGs
[2025-11-11T09:07:09.152+0000] {logging_mixin.py:188} INFO - [2025-11-11T09:07:09.151+0000] {dag.py:3823} INFO - Setting next_dagrun for simple_etl_lineage to None, run_after=None
[2025-11-11T09:07:09.227+0000] {processor.py:183} INFO - Processing /opt/airflow/dags/etl_dag.py took 0.356 seconds
[2025-11-11T09:07:39.610+0000] {processor.py:161} INFO - Started process (PID=2180) to work on /opt/airflow/dags/etl_dag.py
[2025-11-11T09:07:39.615+0000] {processor.py:830} INFO - Processing file /opt/airflow/dags/etl_dag.py for tasks to queue
[2025-11-11T09:07:39.617+0000] {logging_mixin.py:188} INFO - [2025-11-11T09:07:39.616+0000] {dagbag.py:538} INFO - Filling up the DagBag from /opt/airflow/dags/etl_dag.py
[2025-11-11T09:07:39.674+0000] {processor.py:840} INFO - DAG(s) 'simple_etl_lineage' retrieved from /opt/airflow/dags/etl_dag.py
[2025-11-11T09:07:39.784+0000] {logging_mixin.py:188} INFO - [2025-11-11T09:07:39.783+0000] {dag.py:3036} INFO - Sync 1 DAGs
[2025-11-11T09:07:39.837+0000] {logging_mixin.py:188} INFO - [2025-11-11T09:07:39.837+0000] {dag.py:3823} INFO - Setting next_dagrun for simple_etl_lineage to None, run_after=None
[2025-11-11T09:07:39.924+0000] {processor.py:183} INFO - Processing /opt/airflow/dags/etl_dag.py took 0.321 seconds
[2025-11-11T09:08:12.198+0000] {processor.py:161} INFO - Started process (PID=2188) to work on /opt/airflow/dags/etl_dag.py
[2025-11-11T09:08:12.218+0000] {processor.py:830} INFO - Processing file /opt/airflow/dags/etl_dag.py for tasks to queue
[2025-11-11T09:08:12.259+0000] {logging_mixin.py:188} INFO - [2025-11-11T09:08:12.229+0000] {dagbag.py:538} INFO - Filling up the DagBag from /opt/airflow/dags/etl_dag.py
[2025-11-11T09:08:12.576+0000] {processor.py:840} INFO - DAG(s) 'simple_etl_lineage' retrieved from /opt/airflow/dags/etl_dag.py
[2025-11-11T09:08:13.242+0000] {logging_mixin.py:188} INFO - [2025-11-11T09:08:13.242+0000] {dag.py:3036} INFO - Sync 1 DAGs
[2025-11-11T09:08:13.824+0000] {logging_mixin.py:188} INFO - [2025-11-11T09:08:13.823+0000] {dag.py:3823} INFO - Setting next_dagrun for simple_etl_lineage to None, run_after=None
[2025-11-11T09:08:14.380+0000] {processor.py:183} INFO - Processing /opt/airflow/dags/etl_dag.py took 2.409 seconds
[2025-11-11T09:08:48.249+0000] {processor.py:161} INFO - Started process (PID=2200) to work on /opt/airflow/dags/etl_dag.py
[2025-11-11T09:08:48.365+0000] {processor.py:830} INFO - Processing file /opt/airflow/dags/etl_dag.py for tasks to queue
[2025-11-11T09:08:48.369+0000] {logging_mixin.py:188} INFO - [2025-11-11T09:08:48.368+0000] {dagbag.py:538} INFO - Filling up the DagBag from /opt/airflow/dags/etl_dag.py
[2025-11-11T09:08:49.508+0000] {processor.py:840} INFO - DAG(s) 'simple_etl_lineage' retrieved from /opt/airflow/dags/etl_dag.py
[2025-11-11T09:08:49.802+0000] {logging_mixin.py:188} INFO - [2025-11-11T09:08:49.801+0000] {dag.py:3036} INFO - Sync 1 DAGs
[2025-11-11T09:08:49.895+0000] {logging_mixin.py:188} INFO - [2025-11-11T09:08:49.895+0000] {dag.py:3823} INFO - Setting next_dagrun for simple_etl_lineage to None, run_after=None
[2025-11-11T09:08:50.074+0000] {processor.py:183} INFO - Processing /opt/airflow/dags/etl_dag.py took 1.830 seconds
[2025-11-11T09:09:25.002+0000] {processor.py:161} INFO - Started process (PID=2210) to work on /opt/airflow/dags/etl_dag.py
[2025-11-11T09:09:25.009+0000] {processor.py:830} INFO - Processing file /opt/airflow/dags/etl_dag.py for tasks to queue
[2025-11-11T09:09:25.020+0000] {logging_mixin.py:188} INFO - [2025-11-11T09:09:25.019+0000] {dagbag.py:538} INFO - Filling up the DagBag from /opt/airflow/dags/etl_dag.py
[2025-11-11T09:09:25.280+0000] {processor.py:840} INFO - DAG(s) 'simple_etl_lineage' retrieved from /opt/airflow/dags/etl_dag.py
[2025-11-11T09:09:25.443+0000] {logging_mixin.py:188} INFO - [2025-11-11T09:09:25.443+0000] {dag.py:3036} INFO - Sync 1 DAGs
[2025-11-11T09:09:25.508+0000] {logging_mixin.py:188} INFO - [2025-11-11T09:09:25.507+0000] {dag.py:3823} INFO - Setting next_dagrun for simple_etl_lineage to None, run_after=None
[2025-11-11T09:09:25.604+0000] {processor.py:183} INFO - Processing /opt/airflow/dags/etl_dag.py took 0.608 seconds
[2025-11-11T09:09:56.258+0000] {processor.py:161} INFO - Started process (PID=2220) to work on /opt/airflow/dags/etl_dag.py
[2025-11-11T09:09:56.266+0000] {processor.py:830} INFO - Processing file /opt/airflow/dags/etl_dag.py for tasks to queue
[2025-11-11T09:09:56.270+0000] {logging_mixin.py:188} INFO - [2025-11-11T09:09:56.270+0000] {dagbag.py:538} INFO - Filling up the DagBag from /opt/airflow/dags/etl_dag.py
[2025-11-11T09:09:56.333+0000] {processor.py:840} INFO - DAG(s) 'simple_etl_lineage' retrieved from /opt/airflow/dags/etl_dag.py
[2025-11-11T09:09:56.414+0000] {logging_mixin.py:188} INFO - [2025-11-11T09:09:56.413+0000] {dag.py:3036} INFO - Sync 1 DAGs
[2025-11-11T09:09:56.464+0000] {logging_mixin.py:188} INFO - [2025-11-11T09:09:56.464+0000] {dag.py:3823} INFO - Setting next_dagrun for simple_etl_lineage to None, run_after=None
[2025-11-11T09:09:56.564+0000] {processor.py:183} INFO - Processing /opt/airflow/dags/etl_dag.py took 0.310 seconds
[2025-11-11T09:10:27.411+0000] {processor.py:161} INFO - Started process (PID=2232) to work on /opt/airflow/dags/etl_dag.py
[2025-11-11T09:10:27.413+0000] {processor.py:830} INFO - Processing file /opt/airflow/dags/etl_dag.py for tasks to queue
[2025-11-11T09:10:27.417+0000] {logging_mixin.py:188} INFO - [2025-11-11T09:10:27.416+0000] {dagbag.py:538} INFO - Filling up the DagBag from /opt/airflow/dags/etl_dag.py
[2025-11-11T09:10:27.513+0000] {processor.py:840} INFO - DAG(s) 'simple_etl_lineage' retrieved from /opt/airflow/dags/etl_dag.py
[2025-11-11T09:10:27.596+0000] {logging_mixin.py:188} INFO - [2025-11-11T09:10:27.596+0000] {dag.py:3036} INFO - Sync 1 DAGs
[2025-11-11T09:10:27.659+0000] {logging_mixin.py:188} INFO - [2025-11-11T09:10:27.659+0000] {dag.py:3823} INFO - Setting next_dagrun for simple_etl_lineage to None, run_after=None
[2025-11-11T09:10:27.744+0000] {processor.py:183} INFO - Processing /opt/airflow/dags/etl_dag.py took 0.339 seconds
[2025-11-11T09:10:58.348+0000] {processor.py:161} INFO - Started process (PID=2240) to work on /opt/airflow/dags/etl_dag.py
[2025-11-11T09:10:58.350+0000] {processor.py:830} INFO - Processing file /opt/airflow/dags/etl_dag.py for tasks to queue
[2025-11-11T09:10:58.354+0000] {logging_mixin.py:188} INFO - [2025-11-11T09:10:58.353+0000] {dagbag.py:538} INFO - Filling up the DagBag from /opt/airflow/dags/etl_dag.py
[2025-11-11T09:10:58.399+0000] {processor.py:840} INFO - DAG(s) 'simple_etl_lineage' retrieved from /opt/airflow/dags/etl_dag.py
[2025-11-11T09:10:58.474+0000] {logging_mixin.py:188} INFO - [2025-11-11T09:10:58.473+0000] {dag.py:3036} INFO - Sync 1 DAGs
[2025-11-11T09:10:58.495+0000] {logging_mixin.py:188} INFO - [2025-11-11T09:10:58.495+0000] {dag.py:3823} INFO - Setting next_dagrun for simple_etl_lineage to None, run_after=None
[2025-11-11T09:10:58.559+0000] {processor.py:183} INFO - Processing /opt/airflow/dags/etl_dag.py took 0.216 seconds
[2025-11-11T09:11:29.519+0000] {processor.py:161} INFO - Started process (PID=2248) to work on /opt/airflow/dags/etl_dag.py
[2025-11-11T09:11:29.521+0000] {processor.py:830} INFO - Processing file /opt/airflow/dags/etl_dag.py for tasks to queue
[2025-11-11T09:11:29.526+0000] {logging_mixin.py:188} INFO - [2025-11-11T09:11:29.525+0000] {dagbag.py:538} INFO - Filling up the DagBag from /opt/airflow/dags/etl_dag.py
[2025-11-11T09:11:29.567+0000] {processor.py:840} INFO - DAG(s) 'simple_etl_lineage' retrieved from /opt/airflow/dags/etl_dag.py
[2025-11-11T09:11:29.616+0000] {logging_mixin.py:188} INFO - [2025-11-11T09:11:29.616+0000] {dag.py:3036} INFO - Sync 1 DAGs
[2025-11-11T09:11:29.668+0000] {logging_mixin.py:188} INFO - [2025-11-11T09:11:29.668+0000] {dag.py:3823} INFO - Setting next_dagrun for simple_etl_lineage to None, run_after=None
[2025-11-11T09:11:29.737+0000] {processor.py:183} INFO - Processing /opt/airflow/dags/etl_dag.py took 0.254 seconds
[2025-11-11T09:12:01.917+0000] {processor.py:161} INFO - Started process (PID=2260) to work on /opt/airflow/dags/etl_dag.py
[2025-11-11T09:12:01.935+0000] {processor.py:830} INFO - Processing file /opt/airflow/dags/etl_dag.py for tasks to queue
[2025-11-11T09:12:01.961+0000] {logging_mixin.py:188} INFO - [2025-11-11T09:12:01.960+0000] {dagbag.py:538} INFO - Filling up the DagBag from /opt/airflow/dags/etl_dag.py
[2025-11-11T09:12:02.586+0000] {processor.py:840} INFO - DAG(s) 'simple_etl_lineage' retrieved from /opt/airflow/dags/etl_dag.py
[2025-11-11T09:12:03.195+0000] {logging_mixin.py:188} INFO - [2025-11-11T09:12:03.193+0000] {dag.py:3036} INFO - Sync 1 DAGs
[2025-11-11T09:12:03.484+0000] {logging_mixin.py:188} INFO - [2025-11-11T09:12:03.483+0000] {dag.py:3823} INFO - Setting next_dagrun for simple_etl_lineage to None, run_after=None
[2025-11-11T09:12:03.836+0000] {processor.py:183} INFO - Processing /opt/airflow/dags/etl_dag.py took 1.958 seconds
[2025-11-11T09:12:38.226+0000] {processor.py:161} INFO - Started process (PID=2271) to work on /opt/airflow/dags/etl_dag.py
[2025-11-11T09:12:38.258+0000] {processor.py:830} INFO - Processing file /opt/airflow/dags/etl_dag.py for tasks to queue
[2025-11-11T09:12:38.274+0000] {logging_mixin.py:188} INFO - [2025-11-11T09:12:38.273+0000] {dagbag.py:538} INFO - Filling up the DagBag from /opt/airflow/dags/etl_dag.py
[2025-11-11T09:12:39.593+0000] {processor.py:840} INFO - DAG(s) 'simple_etl_lineage' retrieved from /opt/airflow/dags/etl_dag.py
[2025-11-11T09:12:39.775+0000] {logging_mixin.py:188} INFO - [2025-11-11T09:12:39.775+0000] {dag.py:3036} INFO - Sync 1 DAGs
[2025-11-11T09:12:39.899+0000] {logging_mixin.py:188} INFO - [2025-11-11T09:12:39.892+0000] {dag.py:3823} INFO - Setting next_dagrun for simple_etl_lineage to None, run_after=None
[2025-11-11T09:12:40.127+0000] {processor.py:183} INFO - Processing /opt/airflow/dags/etl_dag.py took 1.909 seconds
[2025-11-11T09:13:10.662+0000] {processor.py:161} INFO - Started process (PID=2282) to work on /opt/airflow/dags/etl_dag.py
[2025-11-11T09:13:10.665+0000] {processor.py:830} INFO - Processing file /opt/airflow/dags/etl_dag.py for tasks to queue
[2025-11-11T09:13:10.674+0000] {logging_mixin.py:188} INFO - [2025-11-11T09:13:10.673+0000] {dagbag.py:538} INFO - Filling up the DagBag from /opt/airflow/dags/etl_dag.py
[2025-11-11T09:13:10.815+0000] {processor.py:840} INFO - DAG(s) 'simple_etl_lineage' retrieved from /opt/airflow/dags/etl_dag.py
[2025-11-11T09:13:10.990+0000] {logging_mixin.py:188} INFO - [2025-11-11T09:13:10.990+0000] {dag.py:3036} INFO - Sync 1 DAGs
[2025-11-11T09:13:11.043+0000] {logging_mixin.py:188} INFO - [2025-11-11T09:13:11.043+0000] {dag.py:3823} INFO - Setting next_dagrun for simple_etl_lineage to None, run_after=None
[2025-11-11T09:13:11.121+0000] {processor.py:183} INFO - Processing /opt/airflow/dags/etl_dag.py took 0.464 seconds
[2025-11-11T09:13:41.763+0000] {processor.py:161} INFO - Started process (PID=2292) to work on /opt/airflow/dags/etl_dag.py
[2025-11-11T09:13:41.765+0000] {processor.py:830} INFO - Processing file /opt/airflow/dags/etl_dag.py for tasks to queue
[2025-11-11T09:13:41.767+0000] {logging_mixin.py:188} INFO - [2025-11-11T09:13:41.766+0000] {dagbag.py:538} INFO - Filling up the DagBag from /opt/airflow/dags/etl_dag.py
[2025-11-11T09:13:41.792+0000] {processor.py:840} INFO - DAG(s) 'simple_etl_lineage' retrieved from /opt/airflow/dags/etl_dag.py
[2025-11-11T09:13:41.854+0000] {logging_mixin.py:188} INFO - [2025-11-11T09:13:41.854+0000] {dag.py:3036} INFO - Sync 1 DAGs
[2025-11-11T09:13:41.874+0000] {logging_mixin.py:188} INFO - [2025-11-11T09:13:41.874+0000] {dag.py:3823} INFO - Setting next_dagrun for simple_etl_lineage to None, run_after=None
[2025-11-11T09:13:41.936+0000] {processor.py:183} INFO - Processing /opt/airflow/dags/etl_dag.py took 0.178 seconds
[2025-11-11T09:14:12.549+0000] {processor.py:161} INFO - Started process (PID=2302) to work on /opt/airflow/dags/etl_dag.py
[2025-11-11T09:14:12.557+0000] {processor.py:830} INFO - Processing file /opt/airflow/dags/etl_dag.py for tasks to queue
[2025-11-11T09:14:12.560+0000] {logging_mixin.py:188} INFO - [2025-11-11T09:14:12.560+0000] {dagbag.py:538} INFO - Filling up the DagBag from /opt/airflow/dags/etl_dag.py
[2025-11-11T09:14:12.613+0000] {processor.py:840} INFO - DAG(s) 'simple_etl_lineage' retrieved from /opt/airflow/dags/etl_dag.py
[2025-11-11T09:14:12.713+0000] {logging_mixin.py:188} INFO - [2025-11-11T09:14:12.703+0000] {dag.py:3036} INFO - Sync 1 DAGs
[2025-11-11T09:14:12.750+0000] {logging_mixin.py:188} INFO - [2025-11-11T09:14:12.750+0000] {dag.py:3823} INFO - Setting next_dagrun for simple_etl_lineage to None, run_after=None
[2025-11-11T09:14:12.820+0000] {processor.py:183} INFO - Processing /opt/airflow/dags/etl_dag.py took 0.275 seconds
[2025-11-11T09:14:44.005+0000] {processor.py:161} INFO - Started process (PID=2312) to work on /opt/airflow/dags/etl_dag.py
[2025-11-11T09:14:44.006+0000] {processor.py:830} INFO - Processing file /opt/airflow/dags/etl_dag.py for tasks to queue
[2025-11-11T09:14:44.007+0000] {logging_mixin.py:188} INFO - [2025-11-11T09:14:44.007+0000] {dagbag.py:538} INFO - Filling up the DagBag from /opt/airflow/dags/etl_dag.py
[2025-11-11T09:14:44.044+0000] {processor.py:840} INFO - DAG(s) 'simple_etl_lineage' retrieved from /opt/airflow/dags/etl_dag.py
[2025-11-11T09:14:44.103+0000] {logging_mixin.py:188} INFO - [2025-11-11T09:14:44.102+0000] {dag.py:3036} INFO - Sync 1 DAGs
[2025-11-11T09:14:44.143+0000] {logging_mixin.py:188} INFO - [2025-11-11T09:14:44.142+0000] {dag.py:3823} INFO - Setting next_dagrun for simple_etl_lineage to None, run_after=None
[2025-11-11T09:14:44.236+0000] {processor.py:183} INFO - Processing /opt/airflow/dags/etl_dag.py took 0.235 seconds
[2025-11-11T09:15:14.619+0000] {processor.py:161} INFO - Started process (PID=2322) to work on /opt/airflow/dags/etl_dag.py
[2025-11-11T09:15:14.620+0000] {processor.py:830} INFO - Processing file /opt/airflow/dags/etl_dag.py for tasks to queue
[2025-11-11T09:15:14.621+0000] {logging_mixin.py:188} INFO - [2025-11-11T09:15:14.621+0000] {dagbag.py:538} INFO - Filling up the DagBag from /opt/airflow/dags/etl_dag.py
[2025-11-11T09:15:14.638+0000] {processor.py:840} INFO - DAG(s) 'simple_etl_lineage' retrieved from /opt/airflow/dags/etl_dag.py
[2025-11-11T09:15:14.665+0000] {logging_mixin.py:188} INFO - [2025-11-11T09:15:14.665+0000] {dag.py:3036} INFO - Sync 1 DAGs
[2025-11-11T09:15:14.676+0000] {logging_mixin.py:188} INFO - [2025-11-11T09:15:14.676+0000] {dag.py:3823} INFO - Setting next_dagrun for simple_etl_lineage to None, run_after=None
[2025-11-11T09:15:14.696+0000] {processor.py:183} INFO - Processing /opt/airflow/dags/etl_dag.py took 0.081 seconds
[2025-11-11T09:15:45.206+0000] {processor.py:161} INFO - Started process (PID=2332) to work on /opt/airflow/dags/etl_dag.py
[2025-11-11T09:15:45.208+0000] {processor.py:830} INFO - Processing file /opt/airflow/dags/etl_dag.py for tasks to queue
[2025-11-11T09:15:45.210+0000] {logging_mixin.py:188} INFO - [2025-11-11T09:15:45.209+0000] {dagbag.py:538} INFO - Filling up the DagBag from /opt/airflow/dags/etl_dag.py
[2025-11-11T09:15:45.233+0000] {processor.py:840} INFO - DAG(s) 'simple_etl_lineage' retrieved from /opt/airflow/dags/etl_dag.py
[2025-11-11T09:15:45.258+0000] {logging_mixin.py:188} INFO - [2025-11-11T09:15:45.258+0000] {dag.py:3036} INFO - Sync 1 DAGs
[2025-11-11T09:15:45.269+0000] {logging_mixin.py:188} INFO - [2025-11-11T09:15:45.269+0000] {dag.py:3823} INFO - Setting next_dagrun for simple_etl_lineage to None, run_after=None
[2025-11-11T09:15:45.290+0000] {processor.py:183} INFO - Processing /opt/airflow/dags/etl_dag.py took 0.088 seconds
[2025-11-11T09:16:15.586+0000] {processor.py:161} INFO - Started process (PID=2342) to work on /opt/airflow/dags/etl_dag.py
[2025-11-11T09:16:15.587+0000] {processor.py:830} INFO - Processing file /opt/airflow/dags/etl_dag.py for tasks to queue
[2025-11-11T09:16:15.589+0000] {logging_mixin.py:188} INFO - [2025-11-11T09:16:15.588+0000] {dagbag.py:538} INFO - Filling up the DagBag from /opt/airflow/dags/etl_dag.py
[2025-11-11T09:16:15.618+0000] {processor.py:840} INFO - DAG(s) 'simple_etl_lineage' retrieved from /opt/airflow/dags/etl_dag.py
[2025-11-11T09:16:15.653+0000] {logging_mixin.py:188} INFO - [2025-11-11T09:16:15.653+0000] {dag.py:3036} INFO - Sync 1 DAGs
[2025-11-11T09:16:15.667+0000] {logging_mixin.py:188} INFO - [2025-11-11T09:16:15.667+0000] {dag.py:3823} INFO - Setting next_dagrun for simple_etl_lineage to None, run_after=None
[2025-11-11T09:16:15.692+0000] {processor.py:183} INFO - Processing /opt/airflow/dags/etl_dag.py took 0.110 seconds
[2025-11-11T09:16:46.243+0000] {processor.py:161} INFO - Started process (PID=2352) to work on /opt/airflow/dags/etl_dag.py
[2025-11-11T09:16:46.244+0000] {processor.py:830} INFO - Processing file /opt/airflow/dags/etl_dag.py for tasks to queue
[2025-11-11T09:16:46.246+0000] {logging_mixin.py:188} INFO - [2025-11-11T09:16:46.246+0000] {dagbag.py:538} INFO - Filling up the DagBag from /opt/airflow/dags/etl_dag.py
[2025-11-11T09:16:46.276+0000] {processor.py:840} INFO - DAG(s) 'simple_etl_lineage' retrieved from /opt/airflow/dags/etl_dag.py
[2025-11-11T09:16:46.313+0000] {logging_mixin.py:188} INFO - [2025-11-11T09:16:46.313+0000] {dag.py:3036} INFO - Sync 1 DAGs
[2025-11-11T09:16:46.332+0000] {logging_mixin.py:188} INFO - [2025-11-11T09:16:46.331+0000] {dag.py:3823} INFO - Setting next_dagrun for simple_etl_lineage to None, run_after=None
[2025-11-11T09:16:46.362+0000] {processor.py:183} INFO - Processing /opt/airflow/dags/etl_dag.py took 0.124 seconds
[2025-11-11T09:17:19.702+0000] {processor.py:161} INFO - Started process (PID=2362) to work on /opt/airflow/dags/etl_dag.py
[2025-11-11T09:17:19.750+0000] {processor.py:830} INFO - Processing file /opt/airflow/dags/etl_dag.py for tasks to queue
[2025-11-11T09:17:19.766+0000] {logging_mixin.py:188} INFO - [2025-11-11T09:17:19.766+0000] {dagbag.py:538} INFO - Filling up the DagBag from /opt/airflow/dags/etl_dag.py
[2025-11-11T09:17:20.125+0000] {processor.py:840} INFO - DAG(s) 'simple_etl_lineage' retrieved from /opt/airflow/dags/etl_dag.py
[2025-11-11T09:17:20.234+0000] {logging_mixin.py:188} INFO - [2025-11-11T09:17:20.233+0000] {dag.py:3036} INFO - Sync 1 DAGs
[2025-11-11T09:17:20.280+0000] {logging_mixin.py:188} INFO - [2025-11-11T09:17:20.279+0000] {dag.py:3823} INFO - Setting next_dagrun for simple_etl_lineage to None, run_after=None
[2025-11-11T09:17:20.355+0000] {processor.py:183} INFO - Processing /opt/airflow/dags/etl_dag.py took 0.658 seconds
[2025-11-11T09:17:54.373+0000] {processor.py:161} INFO - Started process (PID=2372) to work on /opt/airflow/dags/etl_dag.py
[2025-11-11T09:17:54.555+0000] {processor.py:830} INFO - Processing file /opt/airflow/dags/etl_dag.py for tasks to queue
[2025-11-11T09:17:54.682+0000] {logging_mixin.py:188} INFO - [2025-11-11T09:17:54.602+0000] {dagbag.py:538} INFO - Filling up the DagBag from /opt/airflow/dags/etl_dag.py
[2025-11-11T09:17:59.047+0000] {processor.py:840} INFO - DAG(s) 'simple_etl_lineage' retrieved from /opt/airflow/dags/etl_dag.py
[2025-11-11T09:18:03.387+0000] {logging_mixin.py:188} INFO - [2025-11-11T09:18:03.386+0000] {dag.py:3036} INFO - Sync 1 DAGs
[2025-11-11T09:18:03.841+0000] {logging_mixin.py:188} INFO - [2025-11-11T09:18:03.840+0000] {dag.py:3823} INFO - Setting next_dagrun for simple_etl_lineage to None, run_after=None
[2025-11-11T09:18:03.924+0000] {processor.py:183} INFO - Processing /opt/airflow/dags/etl_dag.py took 9.575 seconds
[2025-11-11T09:18:34.068+0000] {processor.py:161} INFO - Started process (PID=2382) to work on /opt/airflow/dags/etl_dag.py
[2025-11-11T09:18:34.070+0000] {processor.py:830} INFO - Processing file /opt/airflow/dags/etl_dag.py for tasks to queue
[2025-11-11T09:18:34.074+0000] {logging_mixin.py:188} INFO - [2025-11-11T09:18:34.074+0000] {dagbag.py:538} INFO - Filling up the DagBag from /opt/airflow/dags/etl_dag.py
[2025-11-11T09:18:36.065+0000] {processor.py:840} INFO - DAG(s) 'simple_etl_lineage' retrieved from /opt/airflow/dags/etl_dag.py
[2025-11-11T09:18:36.238+0000] {logging_mixin.py:188} INFO - [2025-11-11T09:18:36.237+0000] {dag.py:3036} INFO - Sync 1 DAGs
[2025-11-11T09:18:36.367+0000] {logging_mixin.py:188} INFO - [2025-11-11T09:18:36.366+0000] {dag.py:3823} INFO - Setting next_dagrun for simple_etl_lineage to None, run_after=None
[2025-11-11T09:18:36.714+0000] {processor.py:183} INFO - Processing /opt/airflow/dags/etl_dag.py took 2.659 seconds
[2025-11-11T09:19:07.564+0000] {processor.py:161} INFO - Started process (PID=2392) to work on /opt/airflow/dags/etl_dag.py
[2025-11-11T09:19:07.570+0000] {processor.py:830} INFO - Processing file /opt/airflow/dags/etl_dag.py for tasks to queue
[2025-11-11T09:19:07.587+0000] {logging_mixin.py:188} INFO - [2025-11-11T09:19:07.587+0000] {dagbag.py:538} INFO - Filling up the DagBag from /opt/airflow/dags/etl_dag.py
[2025-11-11T09:19:07.869+0000] {processor.py:840} INFO - DAG(s) 'simple_etl_lineage' retrieved from /opt/airflow/dags/etl_dag.py
[2025-11-11T09:19:08.085+0000] {logging_mixin.py:188} INFO - [2025-11-11T09:19:08.084+0000] {dag.py:3036} INFO - Sync 1 DAGs
[2025-11-11T09:19:08.265+0000] {logging_mixin.py:188} INFO - [2025-11-11T09:19:08.264+0000] {dag.py:3823} INFO - Setting next_dagrun for simple_etl_lineage to None, run_after=None
[2025-11-11T09:19:08.471+0000] {processor.py:183} INFO - Processing /opt/airflow/dags/etl_dag.py took 0.969 seconds
[2025-11-11T09:19:38.704+0000] {processor.py:161} INFO - Started process (PID=2402) to work on /opt/airflow/dags/etl_dag.py
[2025-11-11T09:19:38.706+0000] {processor.py:830} INFO - Processing file /opt/airflow/dags/etl_dag.py for tasks to queue
[2025-11-11T09:19:38.717+0000] {logging_mixin.py:188} INFO - [2025-11-11T09:19:38.716+0000] {dagbag.py:538} INFO - Filling up the DagBag from /opt/airflow/dags/etl_dag.py
[2025-11-11T09:19:38.767+0000] {processor.py:840} INFO - DAG(s) 'simple_etl_lineage' retrieved from /opt/airflow/dags/etl_dag.py
[2025-11-11T09:19:38.871+0000] {logging_mixin.py:188} INFO - [2025-11-11T09:19:38.871+0000] {dag.py:3036} INFO - Sync 1 DAGs
[2025-11-11T09:19:38.934+0000] {logging_mixin.py:188} INFO - [2025-11-11T09:19:38.934+0000] {dag.py:3823} INFO - Setting next_dagrun for simple_etl_lineage to None, run_after=None
[2025-11-11T09:19:39.010+0000] {processor.py:183} INFO - Processing /opt/airflow/dags/etl_dag.py took 0.311 seconds
[2025-11-11T09:20:09.693+0000] {processor.py:161} INFO - Started process (PID=2412) to work on /opt/airflow/dags/etl_dag.py
[2025-11-11T09:20:09.701+0000] {processor.py:830} INFO - Processing file /opt/airflow/dags/etl_dag.py for tasks to queue
[2025-11-11T09:20:09.709+0000] {logging_mixin.py:188} INFO - [2025-11-11T09:20:09.708+0000] {dagbag.py:538} INFO - Filling up the DagBag from /opt/airflow/dags/etl_dag.py
[2025-11-11T09:20:09.840+0000] {processor.py:840} INFO - DAG(s) 'simple_etl_lineage' retrieved from /opt/airflow/dags/etl_dag.py
[2025-11-11T09:20:09.936+0000] {logging_mixin.py:188} INFO - [2025-11-11T09:20:09.935+0000] {dag.py:3036} INFO - Sync 1 DAGs
[2025-11-11T09:20:09.981+0000] {logging_mixin.py:188} INFO - [2025-11-11T09:20:09.981+0000] {dag.py:3823} INFO - Setting next_dagrun for simple_etl_lineage to None, run_after=None
[2025-11-11T09:20:10.105+0000] {processor.py:183} INFO - Processing /opt/airflow/dags/etl_dag.py took 0.422 seconds
[2025-11-11T09:20:45.664+0000] {processor.py:161} INFO - Started process (PID=2422) to work on /opt/airflow/dags/etl_dag.py
[2025-11-11T09:20:45.717+0000] {processor.py:830} INFO - Processing file /opt/airflow/dags/etl_dag.py for tasks to queue
[2025-11-11T09:20:45.724+0000] {logging_mixin.py:188} INFO - [2025-11-11T09:20:45.723+0000] {dagbag.py:538} INFO - Filling up the DagBag from /opt/airflow/dags/etl_dag.py
[2025-11-11T09:20:46.191+0000] {processor.py:840} INFO - DAG(s) 'simple_etl_lineage' retrieved from /opt/airflow/dags/etl_dag.py
[2025-11-11T09:20:46.334+0000] {logging_mixin.py:188} INFO - [2025-11-11T09:20:46.334+0000] {dag.py:3036} INFO - Sync 1 DAGs
[2025-11-11T09:20:46.391+0000] {logging_mixin.py:188} INFO - [2025-11-11T09:20:46.390+0000] {dag.py:3823} INFO - Setting next_dagrun for simple_etl_lineage to None, run_after=None
[2025-11-11T09:20:46.848+0000] {processor.py:183} INFO - Processing /opt/airflow/dags/etl_dag.py took 1.242 seconds
[2025-11-11T09:21:17.689+0000] {processor.py:161} INFO - Started process (PID=2434) to work on /opt/airflow/dags/etl_dag.py
[2025-11-11T09:21:17.769+0000] {processor.py:830} INFO - Processing file /opt/airflow/dags/etl_dag.py for tasks to queue
[2025-11-11T09:21:17.789+0000] {logging_mixin.py:188} INFO - [2025-11-11T09:21:17.788+0000] {dagbag.py:538} INFO - Filling up the DagBag from /opt/airflow/dags/etl_dag.py
[2025-11-11T09:21:17.986+0000] {processor.py:840} INFO - DAG(s) 'simple_etl_lineage' retrieved from /opt/airflow/dags/etl_dag.py
[2025-11-11T09:21:18.174+0000] {logging_mixin.py:188} INFO - [2025-11-11T09:21:18.174+0000] {dag.py:3036} INFO - Sync 1 DAGs
[2025-11-11T09:21:18.276+0000] {logging_mixin.py:188} INFO - [2025-11-11T09:21:18.275+0000] {dag.py:3823} INFO - Setting next_dagrun for simple_etl_lineage to None, run_after=None
[2025-11-11T09:21:18.410+0000] {processor.py:183} INFO - Processing /opt/airflow/dags/etl_dag.py took 0.776 seconds
[2025-11-11T09:21:49.930+0000] {processor.py:161} INFO - Started process (PID=2452) to work on /opt/airflow/dags/etl_dag.py
[2025-11-11T09:21:49.944+0000] {processor.py:830} INFO - Processing file /opt/airflow/dags/etl_dag.py for tasks to queue
[2025-11-11T09:21:49.961+0000] {logging_mixin.py:188} INFO - [2025-11-11T09:21:49.961+0000] {dagbag.py:538} INFO - Filling up the DagBag from /opt/airflow/dags/etl_dag.py
[2025-11-11T09:21:50.161+0000] {processor.py:840} INFO - DAG(s) 'simple_etl_lineage' retrieved from /opt/airflow/dags/etl_dag.py
[2025-11-11T09:21:50.321+0000] {logging_mixin.py:188} INFO - [2025-11-11T09:21:50.319+0000] {dag.py:3036} INFO - Sync 1 DAGs
[2025-11-11T09:21:50.411+0000] {logging_mixin.py:188} INFO - [2025-11-11T09:21:50.410+0000] {dag.py:3823} INFO - Setting next_dagrun for simple_etl_lineage to None, run_after=None
[2025-11-11T09:21:50.645+0000] {processor.py:183} INFO - Processing /opt/airflow/dags/etl_dag.py took 0.768 seconds
[2025-11-11T09:22:21.995+0000] {processor.py:161} INFO - Started process (PID=2470) to work on /opt/airflow/dags/etl_dag.py
[2025-11-11T09:22:22.011+0000] {processor.py:830} INFO - Processing file /opt/airflow/dags/etl_dag.py for tasks to queue
[2025-11-11T09:22:22.019+0000] {logging_mixin.py:188} INFO - [2025-11-11T09:22:22.018+0000] {dagbag.py:538} INFO - Filling up the DagBag from /opt/airflow/dags/etl_dag.py
[2025-11-11T09:22:22.389+0000] {processor.py:840} INFO - DAG(s) 'simple_etl_lineage' retrieved from /opt/airflow/dags/etl_dag.py
[2025-11-11T09:22:22.877+0000] {logging_mixin.py:188} INFO - [2025-11-11T09:22:22.877+0000] {dag.py:3036} INFO - Sync 1 DAGs
[2025-11-11T09:22:30.398+0000] {logging_mixin.py:188} INFO - [2025-11-11T09:22:30.397+0000] {dag.py:3823} INFO - Setting next_dagrun for simple_etl_lineage to None, run_after=None
[2025-11-11T09:22:30.545+0000] {processor.py:183} INFO - Processing /opt/airflow/dags/etl_dag.py took 8.568 seconds
[2025-11-11T09:23:07.943+0000] {processor.py:161} INFO - Started process (PID=2500) to work on /opt/airflow/dags/etl_dag.py
[2025-11-11T09:23:08.815+0000] {processor.py:830} INFO - Processing file /opt/airflow/dags/etl_dag.py for tasks to queue
[2025-11-11T09:23:09.401+0000] {logging_mixin.py:188} INFO - [2025-11-11T09:23:09.378+0000] {dagbag.py:538} INFO - Filling up the DagBag from /opt/airflow/dags/etl_dag.py
[2025-11-11T09:23:10.878+0000] {processor.py:840} INFO - DAG(s) 'simple_etl_lineage' retrieved from /opt/airflow/dags/etl_dag.py
[2025-11-11T09:23:11.285+0000] {logging_mixin.py:188} INFO - [2025-11-11T09:23:11.283+0000] {dag.py:3036} INFO - Sync 1 DAGs
[2025-11-11T09:23:11.406+0000] {logging_mixin.py:188} INFO - [2025-11-11T09:23:11.405+0000] {dag.py:3823} INFO - Setting next_dagrun for simple_etl_lineage to None, run_after=None
[2025-11-11T09:23:11.562+0000] {processor.py:183} INFO - Processing /opt/airflow/dags/etl_dag.py took 3.636 seconds
[2025-11-11T09:23:42.269+0000] {processor.py:161} INFO - Started process (PID=2510) to work on /opt/airflow/dags/etl_dag.py
[2025-11-11T09:23:42.272+0000] {processor.py:830} INFO - Processing file /opt/airflow/dags/etl_dag.py for tasks to queue
[2025-11-11T09:23:42.274+0000] {logging_mixin.py:188} INFO - [2025-11-11T09:23:42.274+0000] {dagbag.py:538} INFO - Filling up the DagBag from /opt/airflow/dags/etl_dag.py
[2025-11-11T09:23:42.524+0000] {processor.py:840} INFO - DAG(s) 'simple_etl_lineage' retrieved from /opt/airflow/dags/etl_dag.py
[2025-11-11T09:23:42.835+0000] {logging_mixin.py:188} INFO - [2025-11-11T09:23:42.834+0000] {dag.py:3036} INFO - Sync 1 DAGs
[2025-11-11T09:23:43.423+0000] {logging_mixin.py:188} INFO - [2025-11-11T09:23:43.423+0000] {dag.py:3823} INFO - Setting next_dagrun for simple_etl_lineage to None, run_after=None
[2025-11-11T09:23:43.707+0000] {processor.py:183} INFO - Processing /opt/airflow/dags/etl_dag.py took 1.532 seconds
[2025-11-11T09:24:14.818+0000] {processor.py:161} INFO - Started process (PID=2523) to work on /opt/airflow/dags/etl_dag.py
[2025-11-11T09:24:14.824+0000] {processor.py:830} INFO - Processing file /opt/airflow/dags/etl_dag.py for tasks to queue
[2025-11-11T09:24:14.828+0000] {logging_mixin.py:188} INFO - [2025-11-11T09:24:14.827+0000] {dagbag.py:538} INFO - Filling up the DagBag from /opt/airflow/dags/etl_dag.py
[2025-11-11T09:24:14.872+0000] {processor.py:840} INFO - DAG(s) 'simple_etl_lineage' retrieved from /opt/airflow/dags/etl_dag.py
[2025-11-11T09:24:14.986+0000] {logging_mixin.py:188} INFO - [2025-11-11T09:24:14.986+0000] {dag.py:3036} INFO - Sync 1 DAGs
[2025-11-11T09:24:15.024+0000] {logging_mixin.py:188} INFO - [2025-11-11T09:24:15.024+0000] {dag.py:3823} INFO - Setting next_dagrun for simple_etl_lineage to None, run_after=None
[2025-11-11T09:24:15.110+0000] {processor.py:183} INFO - Processing /opt/airflow/dags/etl_dag.py took 0.305 seconds
[2025-11-11T09:24:45.840+0000] {processor.py:161} INFO - Started process (PID=2533) to work on /opt/airflow/dags/etl_dag.py
[2025-11-11T09:24:45.842+0000] {processor.py:830} INFO - Processing file /opt/airflow/dags/etl_dag.py for tasks to queue
[2025-11-11T09:24:45.845+0000] {logging_mixin.py:188} INFO - [2025-11-11T09:24:45.844+0000] {dagbag.py:538} INFO - Filling up the DagBag from /opt/airflow/dags/etl_dag.py
[2025-11-11T09:24:45.904+0000] {processor.py:840} INFO - DAG(s) 'simple_etl_lineage' retrieved from /opt/airflow/dags/etl_dag.py
[2025-11-11T09:24:46.024+0000] {logging_mixin.py:188} INFO - [2025-11-11T09:24:46.024+0000] {dag.py:3036} INFO - Sync 1 DAGs
[2025-11-11T09:24:46.107+0000] {logging_mixin.py:188} INFO - [2025-11-11T09:24:46.106+0000] {dag.py:3823} INFO - Setting next_dagrun for simple_etl_lineage to None, run_after=None
[2025-11-11T09:24:46.178+0000] {processor.py:183} INFO - Processing /opt/airflow/dags/etl_dag.py took 0.343 seconds
[2025-11-11T09:25:16.950+0000] {processor.py:161} INFO - Started process (PID=2543) to work on /opt/airflow/dags/etl_dag.py
[2025-11-11T09:25:16.953+0000] {processor.py:830} INFO - Processing file /opt/airflow/dags/etl_dag.py for tasks to queue
[2025-11-11T09:25:16.955+0000] {logging_mixin.py:188} INFO - [2025-11-11T09:25:16.954+0000] {dagbag.py:538} INFO - Filling up the DagBag from /opt/airflow/dags/etl_dag.py
[2025-11-11T09:25:16.990+0000] {processor.py:840} INFO - DAG(s) 'simple_etl_lineage' retrieved from /opt/airflow/dags/etl_dag.py
[2025-11-11T09:25:17.060+0000] {logging_mixin.py:188} INFO - [2025-11-11T09:25:17.060+0000] {dag.py:3036} INFO - Sync 1 DAGs
[2025-11-11T09:25:17.116+0000] {logging_mixin.py:188} INFO - [2025-11-11T09:25:17.115+0000] {dag.py:3823} INFO - Setting next_dagrun for simple_etl_lineage to None, run_after=None
[2025-11-11T09:25:17.165+0000] {processor.py:183} INFO - Processing /opt/airflow/dags/etl_dag.py took 0.220 seconds
[2025-11-11T09:25:48.186+0000] {processor.py:161} INFO - Started process (PID=2553) to work on /opt/airflow/dags/etl_dag.py
[2025-11-11T09:25:48.190+0000] {processor.py:830} INFO - Processing file /opt/airflow/dags/etl_dag.py for tasks to queue
[2025-11-11T09:25:48.195+0000] {logging_mixin.py:188} INFO - [2025-11-11T09:25:48.194+0000] {dagbag.py:538} INFO - Filling up the DagBag from /opt/airflow/dags/etl_dag.py
[2025-11-11T09:25:48.262+0000] {processor.py:840} INFO - DAG(s) 'simple_etl_lineage' retrieved from /opt/airflow/dags/etl_dag.py
[2025-11-11T09:25:48.336+0000] {logging_mixin.py:188} INFO - [2025-11-11T09:25:48.336+0000] {dag.py:3036} INFO - Sync 1 DAGs
[2025-11-11T09:25:48.360+0000] {logging_mixin.py:188} INFO - [2025-11-11T09:25:48.359+0000] {dag.py:3823} INFO - Setting next_dagrun for simple_etl_lineage to None, run_after=None
[2025-11-11T09:25:48.418+0000] {processor.py:183} INFO - Processing /opt/airflow/dags/etl_dag.py took 0.237 seconds
[2025-11-11T09:26:18.979+0000] {processor.py:161} INFO - Started process (PID=2563) to work on /opt/airflow/dags/etl_dag.py
[2025-11-11T09:26:18.982+0000] {processor.py:830} INFO - Processing file /opt/airflow/dags/etl_dag.py for tasks to queue
[2025-11-11T09:26:18.984+0000] {logging_mixin.py:188} INFO - [2025-11-11T09:26:18.983+0000] {dagbag.py:538} INFO - Filling up the DagBag from /opt/airflow/dags/etl_dag.py
[2025-11-11T09:26:19.068+0000] {processor.py:840} INFO - DAG(s) 'simple_etl_lineage' retrieved from /opt/airflow/dags/etl_dag.py
[2025-11-11T09:26:19.586+0000] {logging_mixin.py:188} INFO - [2025-11-11T09:26:19.586+0000] {dag.py:3036} INFO - Sync 1 DAGs
[2025-11-11T09:26:19.636+0000] {logging_mixin.py:188} INFO - [2025-11-11T09:26:19.635+0000] {dag.py:3823} INFO - Setting next_dagrun for simple_etl_lineage to None, run_after=None
[2025-11-11T09:26:19.728+0000] {processor.py:183} INFO - Processing /opt/airflow/dags/etl_dag.py took 0.759 seconds
[2025-11-11T09:26:49.973+0000] {processor.py:161} INFO - Started process (PID=2570) to work on /opt/airflow/dags/etl_dag.py
[2025-11-11T09:26:49.975+0000] {processor.py:830} INFO - Processing file /opt/airflow/dags/etl_dag.py for tasks to queue
[2025-11-11T09:26:49.976+0000] {logging_mixin.py:188} INFO - [2025-11-11T09:26:49.976+0000] {dagbag.py:538} INFO - Filling up the DagBag from /opt/airflow/dags/etl_dag.py
[2025-11-11T09:26:50.053+0000] {processor.py:840} INFO - DAG(s) 'simple_etl_lineage' retrieved from /opt/airflow/dags/etl_dag.py
[2025-11-11T09:26:50.110+0000] {logging_mixin.py:188} INFO - [2025-11-11T09:26:50.110+0000] {dag.py:3036} INFO - Sync 1 DAGs
[2025-11-11T09:26:50.137+0000] {logging_mixin.py:188} INFO - [2025-11-11T09:26:50.135+0000] {dag.py:3823} INFO - Setting next_dagrun for simple_etl_lineage to None, run_after=None
[2025-11-11T09:26:50.184+0000] {processor.py:183} INFO - Processing /opt/airflow/dags/etl_dag.py took 0.220 seconds
[2025-11-11T09:27:20.544+0000] {processor.py:161} INFO - Started process (PID=2580) to work on /opt/airflow/dags/etl_dag.py
[2025-11-11T09:27:20.556+0000] {processor.py:830} INFO - Processing file /opt/airflow/dags/etl_dag.py for tasks to queue
[2025-11-11T09:27:20.561+0000] {logging_mixin.py:188} INFO - [2025-11-11T09:27:20.561+0000] {dagbag.py:538} INFO - Filling up the DagBag from /opt/airflow/dags/etl_dag.py
[2025-11-11T09:27:20.632+0000] {processor.py:840} INFO - DAG(s) 'simple_etl_lineage' retrieved from /opt/airflow/dags/etl_dag.py
[2025-11-11T09:27:20.925+0000] {logging_mixin.py:188} INFO - [2025-11-11T09:27:20.925+0000] {dag.py:3036} INFO - Sync 1 DAGs
[2025-11-11T09:27:21.063+0000] {logging_mixin.py:188} INFO - [2025-11-11T09:27:21.062+0000] {dag.py:3823} INFO - Setting next_dagrun for simple_etl_lineage to None, run_after=None
[2025-11-11T09:27:21.178+0000] {processor.py:183} INFO - Processing /opt/airflow/dags/etl_dag.py took 0.639 seconds
[2025-11-11T09:27:51.948+0000] {processor.py:161} INFO - Started process (PID=2590) to work on /opt/airflow/dags/etl_dag.py
[2025-11-11T09:27:51.983+0000] {processor.py:830} INFO - Processing file /opt/airflow/dags/etl_dag.py for tasks to queue
[2025-11-11T09:27:51.988+0000] {logging_mixin.py:188} INFO - [2025-11-11T09:27:51.988+0000] {dagbag.py:538} INFO - Filling up the DagBag from /opt/airflow/dags/etl_dag.py
[2025-11-11T09:27:52.158+0000] {processor.py:840} INFO - DAG(s) 'simple_etl_lineage' retrieved from /opt/airflow/dags/etl_dag.py
[2025-11-11T09:27:52.296+0000] {logging_mixin.py:188} INFO - [2025-11-11T09:27:52.296+0000] {dag.py:3036} INFO - Sync 1 DAGs
[2025-11-11T09:27:52.333+0000] {logging_mixin.py:188} INFO - [2025-11-11T09:27:52.332+0000] {dag.py:3823} INFO - Setting next_dagrun for simple_etl_lineage to None, run_after=None
[2025-11-11T09:27:52.414+0000] {processor.py:183} INFO - Processing /opt/airflow/dags/etl_dag.py took 0.471 seconds
[2025-11-11T09:28:22.936+0000] {processor.py:161} INFO - Started process (PID=2603) to work on /opt/airflow/dags/etl_dag.py
[2025-11-11T09:28:22.942+0000] {processor.py:830} INFO - Processing file /opt/airflow/dags/etl_dag.py for tasks to queue
[2025-11-11T09:28:22.945+0000] {logging_mixin.py:188} INFO - [2025-11-11T09:28:22.944+0000] {dagbag.py:538} INFO - Filling up the DagBag from /opt/airflow/dags/etl_dag.py
[2025-11-11T09:28:23.032+0000] {processor.py:840} INFO - DAG(s) 'simple_etl_lineage' retrieved from /opt/airflow/dags/etl_dag.py
[2025-11-11T09:28:23.100+0000] {logging_mixin.py:188} INFO - [2025-11-11T09:28:23.100+0000] {dag.py:3036} INFO - Sync 1 DAGs
[2025-11-11T09:28:23.162+0000] {logging_mixin.py:188} INFO - [2025-11-11T09:28:23.162+0000] {dag.py:3823} INFO - Setting next_dagrun for simple_etl_lineage to None, run_after=None
[2025-11-11T09:28:23.215+0000] {processor.py:183} INFO - Processing /opt/airflow/dags/etl_dag.py took 0.285 seconds
[2025-11-11T09:28:54.278+0000] {processor.py:161} INFO - Started process (PID=2613) to work on /opt/airflow/dags/etl_dag.py
[2025-11-11T09:28:54.280+0000] {processor.py:830} INFO - Processing file /opt/airflow/dags/etl_dag.py for tasks to queue
[2025-11-11T09:28:54.288+0000] {logging_mixin.py:188} INFO - [2025-11-11T09:28:54.288+0000] {dagbag.py:538} INFO - Filling up the DagBag from /opt/airflow/dags/etl_dag.py
[2025-11-11T09:28:54.365+0000] {processor.py:840} INFO - DAG(s) 'simple_etl_lineage' retrieved from /opt/airflow/dags/etl_dag.py
[2025-11-11T09:28:54.462+0000] {logging_mixin.py:188} INFO - [2025-11-11T09:28:54.462+0000] {dag.py:3036} INFO - Sync 1 DAGs
[2025-11-11T09:28:54.552+0000] {logging_mixin.py:188} INFO - [2025-11-11T09:28:54.551+0000] {dag.py:3823} INFO - Setting next_dagrun for simple_etl_lineage to None, run_after=None
[2025-11-11T09:28:54.649+0000] {processor.py:183} INFO - Processing /opt/airflow/dags/etl_dag.py took 0.380 seconds
[2025-11-11T09:29:25.337+0000] {processor.py:161} INFO - Started process (PID=2623) to work on /opt/airflow/dags/etl_dag.py
[2025-11-11T09:29:25.339+0000] {processor.py:830} INFO - Processing file /opt/airflow/dags/etl_dag.py for tasks to queue
[2025-11-11T09:29:25.341+0000] {logging_mixin.py:188} INFO - [2025-11-11T09:29:25.340+0000] {dagbag.py:538} INFO - Filling up the DagBag from /opt/airflow/dags/etl_dag.py
[2025-11-11T09:29:25.367+0000] {processor.py:840} INFO - DAG(s) 'simple_etl_lineage' retrieved from /opt/airflow/dags/etl_dag.py
[2025-11-11T09:29:25.400+0000] {logging_mixin.py:188} INFO - [2025-11-11T09:29:25.400+0000] {dag.py:3036} INFO - Sync 1 DAGs
[2025-11-11T09:29:25.416+0000] {logging_mixin.py:188} INFO - [2025-11-11T09:29:25.416+0000] {dag.py:3823} INFO - Setting next_dagrun for simple_etl_lineage to None, run_after=None
[2025-11-11T09:29:25.442+0000] {processor.py:183} INFO - Processing /opt/airflow/dags/etl_dag.py took 0.114 seconds
[2025-11-11T09:29:56.045+0000] {processor.py:161} INFO - Started process (PID=2633) to work on /opt/airflow/dags/etl_dag.py
[2025-11-11T09:29:56.047+0000] {processor.py:830} INFO - Processing file /opt/airflow/dags/etl_dag.py for tasks to queue
[2025-11-11T09:29:56.050+0000] {logging_mixin.py:188} INFO - [2025-11-11T09:29:56.049+0000] {dagbag.py:538} INFO - Filling up the DagBag from /opt/airflow/dags/etl_dag.py
[2025-11-11T09:29:56.088+0000] {processor.py:840} INFO - DAG(s) 'simple_etl_lineage' retrieved from /opt/airflow/dags/etl_dag.py
[2025-11-11T09:29:56.234+0000] {logging_mixin.py:188} INFO - [2025-11-11T09:29:56.233+0000] {dag.py:3036} INFO - Sync 1 DAGs
[2025-11-11T09:29:56.274+0000] {logging_mixin.py:188} INFO - [2025-11-11T09:29:56.274+0000] {dag.py:3823} INFO - Setting next_dagrun for simple_etl_lineage to None, run_after=None
[2025-11-11T09:29:56.365+0000] {processor.py:183} INFO - Processing /opt/airflow/dags/etl_dag.py took 0.324 seconds
[2025-11-11T09:30:27.013+0000] {processor.py:161} INFO - Started process (PID=2643) to work on /opt/airflow/dags/etl_dag.py
[2025-11-11T09:30:27.017+0000] {processor.py:830} INFO - Processing file /opt/airflow/dags/etl_dag.py for tasks to queue
[2025-11-11T09:30:27.026+0000] {logging_mixin.py:188} INFO - [2025-11-11T09:30:27.025+0000] {dagbag.py:538} INFO - Filling up the DagBag from /opt/airflow/dags/etl_dag.py
[2025-11-11T09:30:27.108+0000] {processor.py:840} INFO - DAG(s) 'simple_etl_lineage' retrieved from /opt/airflow/dags/etl_dag.py
[2025-11-11T09:30:27.201+0000] {logging_mixin.py:188} INFO - [2025-11-11T09:30:27.200+0000] {dag.py:3036} INFO - Sync 1 DAGs
[2025-11-11T09:30:27.243+0000] {logging_mixin.py:188} INFO - [2025-11-11T09:30:27.242+0000] {dag.py:3823} INFO - Setting next_dagrun for simple_etl_lineage to None, run_after=None
[2025-11-11T09:30:27.336+0000] {processor.py:183} INFO - Processing /opt/airflow/dags/etl_dag.py took 0.329 seconds
[2025-11-11T09:30:58.188+0000] {processor.py:161} INFO - Started process (PID=2653) to work on /opt/airflow/dags/etl_dag.py
[2025-11-11T09:30:58.214+0000] {processor.py:830} INFO - Processing file /opt/airflow/dags/etl_dag.py for tasks to queue
[2025-11-11T09:30:58.218+0000] {logging_mixin.py:188} INFO - [2025-11-11T09:30:58.218+0000] {dagbag.py:538} INFO - Filling up the DagBag from /opt/airflow/dags/etl_dag.py
[2025-11-11T09:30:58.582+0000] {processor.py:840} INFO - DAG(s) 'simple_etl_lineage' retrieved from /opt/airflow/dags/etl_dag.py
[2025-11-11T09:30:58.694+0000] {logging_mixin.py:188} INFO - [2025-11-11T09:30:58.694+0000] {dag.py:3036} INFO - Sync 1 DAGs
[2025-11-11T09:30:58.780+0000] {logging_mixin.py:188} INFO - [2025-11-11T09:30:58.780+0000] {dag.py:3823} INFO - Setting next_dagrun for simple_etl_lineage to None, run_after=None
[2025-11-11T09:30:58.933+0000] {processor.py:183} INFO - Processing /opt/airflow/dags/etl_dag.py took 0.750 seconds
[2025-11-11T09:31:30.377+0000] {processor.py:161} INFO - Started process (PID=2663) to work on /opt/airflow/dags/etl_dag.py
[2025-11-11T09:31:30.381+0000] {processor.py:830} INFO - Processing file /opt/airflow/dags/etl_dag.py for tasks to queue
[2025-11-11T09:31:30.382+0000] {logging_mixin.py:188} INFO - [2025-11-11T09:31:30.382+0000] {dagbag.py:538} INFO - Filling up the DagBag from /opt/airflow/dags/etl_dag.py
[2025-11-11T09:31:30.422+0000] {processor.py:840} INFO - DAG(s) 'simple_etl_lineage' retrieved from /opt/airflow/dags/etl_dag.py
[2025-11-11T09:31:30.477+0000] {logging_mixin.py:188} INFO - [2025-11-11T09:31:30.477+0000] {dag.py:3036} INFO - Sync 1 DAGs
[2025-11-11T09:31:30.519+0000] {logging_mixin.py:188} INFO - [2025-11-11T09:31:30.519+0000] {dag.py:3823} INFO - Setting next_dagrun for simple_etl_lineage to None, run_after=None
[2025-11-11T09:31:30.587+0000] {processor.py:183} INFO - Processing /opt/airflow/dags/etl_dag.py took 0.213 seconds
[2025-11-11T09:32:01.104+0000] {processor.py:161} INFO - Started process (PID=2675) to work on /opt/airflow/dags/etl_dag.py
[2025-11-11T09:32:01.106+0000] {processor.py:830} INFO - Processing file /opt/airflow/dags/etl_dag.py for tasks to queue
[2025-11-11T09:32:01.109+0000] {logging_mixin.py:188} INFO - [2025-11-11T09:32:01.108+0000] {dagbag.py:538} INFO - Filling up the DagBag from /opt/airflow/dags/etl_dag.py
[2025-11-11T09:32:01.139+0000] {processor.py:840} INFO - DAG(s) 'simple_etl_lineage' retrieved from /opt/airflow/dags/etl_dag.py
[2025-11-11T09:32:01.183+0000] {logging_mixin.py:188} INFO - [2025-11-11T09:32:01.183+0000] {dag.py:3036} INFO - Sync 1 DAGs
[2025-11-11T09:32:01.206+0000] {logging_mixin.py:188} INFO - [2025-11-11T09:32:01.205+0000] {dag.py:3823} INFO - Setting next_dagrun for simple_etl_lineage to None, run_after=None
[2025-11-11T09:32:01.245+0000] {processor.py:183} INFO - Processing /opt/airflow/dags/etl_dag.py took 0.147 seconds
[2025-11-11T09:32:31.629+0000] {processor.py:161} INFO - Started process (PID=2685) to work on /opt/airflow/dags/etl_dag.py
[2025-11-11T09:32:31.630+0000] {processor.py:830} INFO - Processing file /opt/airflow/dags/etl_dag.py for tasks to queue
[2025-11-11T09:32:31.632+0000] {logging_mixin.py:188} INFO - [2025-11-11T09:32:31.632+0000] {dagbag.py:538} INFO - Filling up the DagBag from /opt/airflow/dags/etl_dag.py
[2025-11-11T09:32:31.654+0000] {processor.py:840} INFO - DAG(s) 'simple_etl_lineage' retrieved from /opt/airflow/dags/etl_dag.py
[2025-11-11T09:32:31.681+0000] {logging_mixin.py:188} INFO - [2025-11-11T09:32:31.681+0000] {dag.py:3036} INFO - Sync 1 DAGs
[2025-11-11T09:32:31.692+0000] {logging_mixin.py:188} INFO - [2025-11-11T09:32:31.692+0000] {dag.py:3823} INFO - Setting next_dagrun for simple_etl_lineage to None, run_after=None
[2025-11-11T09:32:31.716+0000] {processor.py:183} INFO - Processing /opt/airflow/dags/etl_dag.py took 0.091 seconds
[2025-11-11T09:33:02.253+0000] {processor.py:161} INFO - Started process (PID=2695) to work on /opt/airflow/dags/etl_dag.py
[2025-11-11T09:33:02.255+0000] {processor.py:830} INFO - Processing file /opt/airflow/dags/etl_dag.py for tasks to queue
[2025-11-11T09:33:02.257+0000] {logging_mixin.py:188} INFO - [2025-11-11T09:33:02.257+0000] {dagbag.py:538} INFO - Filling up the DagBag from /opt/airflow/dags/etl_dag.py
[2025-11-11T09:33:02.414+0000] {processor.py:840} INFO - DAG(s) 'simple_etl_lineage' retrieved from /opt/airflow/dags/etl_dag.py
[2025-11-11T09:33:02.514+0000] {logging_mixin.py:188} INFO - [2025-11-11T09:33:02.514+0000] {dag.py:3036} INFO - Sync 1 DAGs
[2025-11-11T09:33:02.562+0000] {logging_mixin.py:188} INFO - [2025-11-11T09:33:02.562+0000] {dag.py:3823} INFO - Setting next_dagrun for simple_etl_lineage to None, run_after=None
[2025-11-11T09:33:02.887+0000] {processor.py:183} INFO - Processing /opt/airflow/dags/etl_dag.py took 0.641 seconds
[2025-11-11T09:33:33.374+0000] {processor.py:161} INFO - Started process (PID=2703) to work on /opt/airflow/dags/etl_dag.py
[2025-11-11T09:33:33.378+0000] {processor.py:830} INFO - Processing file /opt/airflow/dags/etl_dag.py for tasks to queue
[2025-11-11T09:33:33.385+0000] {logging_mixin.py:188} INFO - [2025-11-11T09:33:33.384+0000] {dagbag.py:538} INFO - Filling up the DagBag from /opt/airflow/dags/etl_dag.py
[2025-11-11T09:33:33.451+0000] {processor.py:840} INFO - DAG(s) 'simple_etl_lineage' retrieved from /opt/airflow/dags/etl_dag.py
[2025-11-11T09:33:33.543+0000] {logging_mixin.py:188} INFO - [2025-11-11T09:33:33.542+0000] {dag.py:3036} INFO - Sync 1 DAGs
[2025-11-11T09:33:33.609+0000] {logging_mixin.py:188} INFO - [2025-11-11T09:33:33.609+0000] {dag.py:3823} INFO - Setting next_dagrun for simple_etl_lineage to None, run_after=None
[2025-11-11T09:33:33.795+0000] {processor.py:183} INFO - Processing /opt/airflow/dags/etl_dag.py took 0.427 seconds
[2025-11-11T09:34:04.224+0000] {processor.py:161} INFO - Started process (PID=2713) to work on /opt/airflow/dags/etl_dag.py
[2025-11-11T09:34:04.231+0000] {processor.py:830} INFO - Processing file /opt/airflow/dags/etl_dag.py for tasks to queue
[2025-11-11T09:34:04.244+0000] {logging_mixin.py:188} INFO - [2025-11-11T09:34:04.243+0000] {dagbag.py:538} INFO - Filling up the DagBag from /opt/airflow/dags/etl_dag.py
[2025-11-11T09:34:04.298+0000] {processor.py:840} INFO - DAG(s) 'simple_etl_lineage' retrieved from /opt/airflow/dags/etl_dag.py
[2025-11-11T09:34:04.373+0000] {logging_mixin.py:188} INFO - [2025-11-11T09:34:04.372+0000] {dag.py:3036} INFO - Sync 1 DAGs
[2025-11-11T09:34:04.386+0000] {logging_mixin.py:188} INFO - [2025-11-11T09:34:04.386+0000] {dag.py:3823} INFO - Setting next_dagrun for simple_etl_lineage to None, run_after=None
[2025-11-11T09:34:04.432+0000] {processor.py:183} INFO - Processing /opt/airflow/dags/etl_dag.py took 0.211 seconds
[2025-11-11T09:34:35.665+0000] {processor.py:161} INFO - Started process (PID=2723) to work on /opt/airflow/dags/etl_dag.py
[2025-11-11T09:34:35.703+0000] {processor.py:830} INFO - Processing file /opt/airflow/dags/etl_dag.py for tasks to queue
[2025-11-11T09:34:35.710+0000] {logging_mixin.py:188} INFO - [2025-11-11T09:34:35.709+0000] {dagbag.py:538} INFO - Filling up the DagBag from /opt/airflow/dags/etl_dag.py
[2025-11-11T09:34:35.930+0000] {processor.py:840} INFO - DAG(s) 'simple_etl_lineage' retrieved from /opt/airflow/dags/etl_dag.py
[2025-11-11T09:34:36.143+0000] {logging_mixin.py:188} INFO - [2025-11-11T09:34:36.143+0000] {dag.py:3036} INFO - Sync 1 DAGs
[2025-11-11T09:34:36.290+0000] {logging_mixin.py:188} INFO - [2025-11-11T09:34:36.290+0000] {dag.py:3823} INFO - Setting next_dagrun for simple_etl_lineage to None, run_after=None
[2025-11-11T09:34:36.411+0000] {processor.py:183} INFO - Processing /opt/airflow/dags/etl_dag.py took 0.751 seconds
[2025-11-11T09:35:08.195+0000] {processor.py:161} INFO - Started process (PID=2731) to work on /opt/airflow/dags/etl_dag.py
[2025-11-11T09:35:08.222+0000] {processor.py:830} INFO - Processing file /opt/airflow/dags/etl_dag.py for tasks to queue
[2025-11-11T09:35:08.252+0000] {logging_mixin.py:188} INFO - [2025-11-11T09:35:08.236+0000] {dagbag.py:538} INFO - Filling up the DagBag from /opt/airflow/dags/etl_dag.py
[2025-11-11T09:35:08.742+0000] {processor.py:840} INFO - DAG(s) 'simple_etl_lineage' retrieved from /opt/airflow/dags/etl_dag.py
[2025-11-11T09:35:10.384+0000] {logging_mixin.py:188} INFO - [2025-11-11T09:35:10.383+0000] {dag.py:3036} INFO - Sync 1 DAGs
[2025-11-11T09:35:10.706+0000] {logging_mixin.py:188} INFO - [2025-11-11T09:35:10.706+0000] {dag.py:3823} INFO - Setting next_dagrun for simple_etl_lineage to None, run_after=None
[2025-11-11T09:35:11.180+0000] {processor.py:183} INFO - Processing /opt/airflow/dags/etl_dag.py took 3.541 seconds
[2025-11-11T09:35:42.004+0000] {processor.py:161} INFO - Started process (PID=2743) to work on /opt/airflow/dags/etl_dag.py
[2025-11-11T09:35:42.006+0000] {processor.py:830} INFO - Processing file /opt/airflow/dags/etl_dag.py for tasks to queue
[2025-11-11T09:35:42.007+0000] {logging_mixin.py:188} INFO - [2025-11-11T09:35:42.006+0000] {dagbag.py:538} INFO - Filling up the DagBag from /opt/airflow/dags/etl_dag.py
[2025-11-11T09:35:42.036+0000] {processor.py:840} INFO - DAG(s) 'simple_etl_lineage' retrieved from /opt/airflow/dags/etl_dag.py
[2025-11-11T09:35:42.072+0000] {logging_mixin.py:188} INFO - [2025-11-11T09:35:42.072+0000] {dag.py:3036} INFO - Sync 1 DAGs
[2025-11-11T09:35:42.108+0000] {logging_mixin.py:188} INFO - [2025-11-11T09:35:42.108+0000] {dag.py:3823} INFO - Setting next_dagrun for simple_etl_lineage to None, run_after=None
[2025-11-11T09:35:42.148+0000] {processor.py:183} INFO - Processing /opt/airflow/dags/etl_dag.py took 0.149 seconds
[2025-11-11T09:36:16.054+0000] {processor.py:161} INFO - Started process (PID=2753) to work on /opt/airflow/dags/etl_dag.py
[2025-11-11T09:36:16.083+0000] {processor.py:830} INFO - Processing file /opt/airflow/dags/etl_dag.py for tasks to queue
[2025-11-11T09:36:16.086+0000] {logging_mixin.py:188} INFO - [2025-11-11T09:36:16.085+0000] {dagbag.py:538} INFO - Filling up the DagBag from /opt/airflow/dags/etl_dag.py
[2025-11-11T09:36:16.199+0000] {processor.py:840} INFO - DAG(s) 'simple_etl_lineage' retrieved from /opt/airflow/dags/etl_dag.py
[2025-11-11T09:36:16.313+0000] {logging_mixin.py:188} INFO - [2025-11-11T09:36:16.313+0000] {dag.py:3036} INFO - Sync 1 DAGs
[2025-11-11T09:36:16.357+0000] {logging_mixin.py:188} INFO - [2025-11-11T09:36:16.356+0000] {dag.py:3823} INFO - Setting next_dagrun for simple_etl_lineage to None, run_after=None
[2025-11-11T09:36:16.489+0000] {processor.py:183} INFO - Processing /opt/airflow/dags/etl_dag.py took 0.441 seconds
[2025-11-11T09:36:47.141+0000] {processor.py:161} INFO - Started process (PID=2763) to work on /opt/airflow/dags/etl_dag.py
[2025-11-11T09:36:47.153+0000] {processor.py:830} INFO - Processing file /opt/airflow/dags/etl_dag.py for tasks to queue
[2025-11-11T09:36:47.156+0000] {logging_mixin.py:188} INFO - [2025-11-11T09:36:47.155+0000] {dagbag.py:538} INFO - Filling up the DagBag from /opt/airflow/dags/etl_dag.py
[2025-11-11T09:36:47.235+0000] {processor.py:840} INFO - DAG(s) 'simple_etl_lineage' retrieved from /opt/airflow/dags/etl_dag.py
[2025-11-11T09:36:47.474+0000] {logging_mixin.py:188} INFO - [2025-11-11T09:36:47.473+0000] {dag.py:3036} INFO - Sync 1 DAGs
[2025-11-11T09:36:47.564+0000] {logging_mixin.py:188} INFO - [2025-11-11T09:36:47.563+0000] {dag.py:3823} INFO - Setting next_dagrun for simple_etl_lineage to None, run_after=None
[2025-11-11T09:36:47.725+0000] {processor.py:183} INFO - Processing /opt/airflow/dags/etl_dag.py took 0.591 seconds
[2025-11-11T09:37:17.876+0000] {processor.py:161} INFO - Started process (PID=2773) to work on /opt/airflow/dags/etl_dag.py
[2025-11-11T09:37:17.878+0000] {processor.py:830} INFO - Processing file /opt/airflow/dags/etl_dag.py for tasks to queue
[2025-11-11T09:37:17.881+0000] {logging_mixin.py:188} INFO - [2025-11-11T09:37:17.880+0000] {dagbag.py:538} INFO - Filling up the DagBag from /opt/airflow/dags/etl_dag.py
[2025-11-11T09:37:18.021+0000] {processor.py:840} INFO - DAG(s) 'simple_etl_lineage' retrieved from /opt/airflow/dags/etl_dag.py
[2025-11-11T09:37:18.147+0000] {logging_mixin.py:188} INFO - [2025-11-11T09:37:18.147+0000] {dag.py:3036} INFO - Sync 1 DAGs
[2025-11-11T09:37:18.212+0000] {logging_mixin.py:188} INFO - [2025-11-11T09:37:18.211+0000] {dag.py:3823} INFO - Setting next_dagrun for simple_etl_lineage to None, run_after=None
[2025-11-11T09:37:18.291+0000] {processor.py:183} INFO - Processing /opt/airflow/dags/etl_dag.py took 0.420 seconds
[2025-11-11T09:37:49.127+0000] {processor.py:161} INFO - Started process (PID=2783) to work on /opt/airflow/dags/etl_dag.py
[2025-11-11T09:37:49.130+0000] {processor.py:830} INFO - Processing file /opt/airflow/dags/etl_dag.py for tasks to queue
[2025-11-11T09:37:49.141+0000] {logging_mixin.py:188} INFO - [2025-11-11T09:37:49.133+0000] {dagbag.py:538} INFO - Filling up the DagBag from /opt/airflow/dags/etl_dag.py
[2025-11-11T09:37:49.246+0000] {processor.py:840} INFO - DAG(s) 'simple_etl_lineage' retrieved from /opt/airflow/dags/etl_dag.py
[2025-11-11T09:37:49.468+0000] {logging_mixin.py:188} INFO - [2025-11-11T09:37:49.468+0000] {dag.py:3036} INFO - Sync 1 DAGs
[2025-11-11T09:37:49.603+0000] {logging_mixin.py:188} INFO - [2025-11-11T09:37:49.603+0000] {dag.py:3823} INFO - Setting next_dagrun for simple_etl_lineage to None, run_after=None
[2025-11-11T09:37:50.022+0000] {processor.py:183} INFO - Processing /opt/airflow/dags/etl_dag.py took 0.901 seconds
[2025-11-11T09:38:21.420+0000] {processor.py:161} INFO - Started process (PID=2793) to work on /opt/airflow/dags/etl_dag.py
[2025-11-11T09:38:21.427+0000] {processor.py:830} INFO - Processing file /opt/airflow/dags/etl_dag.py for tasks to queue
[2025-11-11T09:38:21.433+0000] {logging_mixin.py:188} INFO - [2025-11-11T09:38:21.432+0000] {dagbag.py:538} INFO - Filling up the DagBag from /opt/airflow/dags/etl_dag.py
[2025-11-11T09:38:21.646+0000] {processor.py:840} INFO - DAG(s) 'simple_etl_lineage' retrieved from /opt/airflow/dags/etl_dag.py
[2025-11-11T09:38:21.768+0000] {logging_mixin.py:188} INFO - [2025-11-11T09:38:21.767+0000] {dag.py:3036} INFO - Sync 1 DAGs
[2025-11-11T09:38:21.825+0000] {logging_mixin.py:188} INFO - [2025-11-11T09:38:21.824+0000] {dag.py:3823} INFO - Setting next_dagrun for simple_etl_lineage to None, run_after=None
[2025-11-11T09:38:21.921+0000] {processor.py:183} INFO - Processing /opt/airflow/dags/etl_dag.py took 0.511 seconds
[2025-11-11T09:38:52.283+0000] {processor.py:161} INFO - Started process (PID=2803) to work on /opt/airflow/dags/etl_dag.py
[2025-11-11T09:38:52.290+0000] {processor.py:830} INFO - Processing file /opt/airflow/dags/etl_dag.py for tasks to queue
[2025-11-11T09:38:52.303+0000] {logging_mixin.py:188} INFO - [2025-11-11T09:38:52.302+0000] {dagbag.py:538} INFO - Filling up the DagBag from /opt/airflow/dags/etl_dag.py
[2025-11-11T09:38:52.989+0000] {processor.py:840} INFO - DAG(s) 'simple_etl_lineage' retrieved from /opt/airflow/dags/etl_dag.py
[2025-11-11T09:38:53.138+0000] {logging_mixin.py:188} INFO - [2025-11-11T09:38:53.138+0000] {dag.py:3036} INFO - Sync 1 DAGs
[2025-11-11T09:38:53.204+0000] {logging_mixin.py:188} INFO - [2025-11-11T09:38:53.203+0000] {dag.py:3823} INFO - Setting next_dagrun for simple_etl_lineage to None, run_after=None
[2025-11-11T09:38:53.271+0000] {processor.py:183} INFO - Processing /opt/airflow/dags/etl_dag.py took 0.993 seconds
[2025-11-11T09:39:28.967+0000] {processor.py:161} INFO - Started process (PID=2811) to work on /opt/airflow/dags/etl_dag.py
[2025-11-11T09:39:28.983+0000] {processor.py:830} INFO - Processing file /opt/airflow/dags/etl_dag.py for tasks to queue
[2025-11-11T09:39:29.040+0000] {logging_mixin.py:188} INFO - [2025-11-11T09:39:29.006+0000] {dagbag.py:538} INFO - Filling up the DagBag from /opt/airflow/dags/etl_dag.py
[2025-11-11T09:39:32.182+0000] {processor.py:840} INFO - DAG(s) 'simple_etl_lineage' retrieved from /opt/airflow/dags/etl_dag.py
[2025-11-11T09:39:37.765+0000] {logging_mixin.py:188} INFO - [2025-11-11T09:39:37.765+0000] {dag.py:3036} INFO - Sync 1 DAGs
[2025-11-11T09:39:37.897+0000] {logging_mixin.py:188} INFO - [2025-11-11T09:39:37.897+0000] {dag.py:3823} INFO - Setting next_dagrun for simple_etl_lineage to None, run_after=None
[2025-11-11T09:39:38.058+0000] {processor.py:183} INFO - Processing /opt/airflow/dags/etl_dag.py took 9.225 seconds
[2025-11-11T09:40:08.315+0000] {processor.py:161} INFO - Started process (PID=2823) to work on /opt/airflow/dags/etl_dag.py
[2025-11-11T09:40:08.326+0000] {processor.py:830} INFO - Processing file /opt/airflow/dags/etl_dag.py for tasks to queue
[2025-11-11T09:40:08.328+0000] {logging_mixin.py:188} INFO - [2025-11-11T09:40:08.327+0000] {dagbag.py:538} INFO - Filling up the DagBag from /opt/airflow/dags/etl_dag.py
[2025-11-11T09:40:08.415+0000] {processor.py:840} INFO - DAG(s) 'simple_etl_lineage' retrieved from /opt/airflow/dags/etl_dag.py
[2025-11-11T09:40:08.554+0000] {logging_mixin.py:188} INFO - [2025-11-11T09:40:08.554+0000] {dag.py:3036} INFO - Sync 1 DAGs
[2025-11-11T09:40:08.617+0000] {logging_mixin.py:188} INFO - [2025-11-11T09:40:08.617+0000] {dag.py:3823} INFO - Setting next_dagrun for simple_etl_lineage to None, run_after=None
[2025-11-11T09:40:08.733+0000] {processor.py:183} INFO - Processing /opt/airflow/dags/etl_dag.py took 0.423 seconds
[2025-11-11T09:40:39.512+0000] {processor.py:161} INFO - Started process (PID=2833) to work on /opt/airflow/dags/etl_dag.py
[2025-11-11T09:40:39.521+0000] {processor.py:830} INFO - Processing file /opt/airflow/dags/etl_dag.py for tasks to queue
[2025-11-11T09:40:39.525+0000] {logging_mixin.py:188} INFO - [2025-11-11T09:40:39.525+0000] {dagbag.py:538} INFO - Filling up the DagBag from /opt/airflow/dags/etl_dag.py
[2025-11-11T09:40:39.621+0000] {processor.py:840} INFO - DAG(s) 'simple_etl_lineage' retrieved from /opt/airflow/dags/etl_dag.py
[2025-11-11T09:40:39.760+0000] {logging_mixin.py:188} INFO - [2025-11-11T09:40:39.759+0000] {dag.py:3036} INFO - Sync 1 DAGs
[2025-11-11T09:40:39.829+0000] {logging_mixin.py:188} INFO - [2025-11-11T09:40:39.828+0000] {dag.py:3823} INFO - Setting next_dagrun for simple_etl_lineage to None, run_after=None
[2025-11-11T09:40:40.005+0000] {processor.py:183} INFO - Processing /opt/airflow/dags/etl_dag.py took 0.497 seconds
[2025-11-11T09:41:11.714+0000] {processor.py:161} INFO - Started process (PID=2843) to work on /opt/airflow/dags/etl_dag.py
[2025-11-11T09:41:11.858+0000] {processor.py:830} INFO - Processing file /opt/airflow/dags/etl_dag.py for tasks to queue
[2025-11-11T09:41:11.978+0000] {logging_mixin.py:188} INFO - [2025-11-11T09:41:11.977+0000] {dagbag.py:538} INFO - Filling up the DagBag from /opt/airflow/dags/etl_dag.py
[2025-11-11T09:41:12.950+0000] {processor.py:840} INFO - DAG(s) 'simple_etl_lineage' retrieved from /opt/airflow/dags/etl_dag.py
[2025-11-11T09:41:13.835+0000] {logging_mixin.py:188} INFO - [2025-11-11T09:41:13.834+0000] {dag.py:3036} INFO - Sync 1 DAGs
[2025-11-11T09:41:13.979+0000] {logging_mixin.py:188} INFO - [2025-11-11T09:41:13.978+0000] {dag.py:3823} INFO - Setting next_dagrun for simple_etl_lineage to None, run_after=None
[2025-11-11T09:41:14.146+0000] {processor.py:183} INFO - Processing /opt/airflow/dags/etl_dag.py took 2.437 seconds
[2025-11-11T09:41:45.245+0000] {processor.py:161} INFO - Started process (PID=2855) to work on /opt/airflow/dags/etl_dag.py
[2025-11-11T09:41:45.258+0000] {processor.py:830} INFO - Processing file /opt/airflow/dags/etl_dag.py for tasks to queue
[2025-11-11T09:41:45.275+0000] {logging_mixin.py:188} INFO - [2025-11-11T09:41:45.274+0000] {dagbag.py:538} INFO - Filling up the DagBag from /opt/airflow/dags/etl_dag.py
[2025-11-11T09:41:45.441+0000] {processor.py:840} INFO - DAG(s) 'simple_etl_lineage' retrieved from /opt/airflow/dags/etl_dag.py
[2025-11-11T09:41:45.756+0000] {logging_mixin.py:188} INFO - [2025-11-11T09:41:45.756+0000] {dag.py:3036} INFO - Sync 1 DAGs
[2025-11-11T09:41:45.806+0000] {logging_mixin.py:188} INFO - [2025-11-11T09:41:45.805+0000] {dag.py:3823} INFO - Setting next_dagrun for simple_etl_lineage to None, run_after=None
[2025-11-11T09:41:45.949+0000] {processor.py:183} INFO - Processing /opt/airflow/dags/etl_dag.py took 0.710 seconds
[2025-11-11T09:42:16.548+0000] {processor.py:161} INFO - Started process (PID=2863) to work on /opt/airflow/dags/etl_dag.py
[2025-11-11T09:42:16.556+0000] {processor.py:830} INFO - Processing file /opt/airflow/dags/etl_dag.py for tasks to queue
[2025-11-11T09:42:16.563+0000] {logging_mixin.py:188} INFO - [2025-11-11T09:42:16.561+0000] {dagbag.py:538} INFO - Filling up the DagBag from /opt/airflow/dags/etl_dag.py
[2025-11-11T09:42:17.759+0000] {processor.py:840} INFO - DAG(s) 'simple_etl_lineage' retrieved from /opt/airflow/dags/etl_dag.py
[2025-11-11T09:42:23.087+0000] {logging_mixin.py:188} INFO - [2025-11-11T09:42:23.086+0000] {dag.py:3036} INFO - Sync 1 DAGs
[2025-11-11T09:42:25.329+0000] {logging_mixin.py:188} INFO - [2025-11-11T09:42:25.329+0000] {dag.py:3823} INFO - Setting next_dagrun for simple_etl_lineage to None, run_after=None
[2025-11-11T09:42:25.555+0000] {processor.py:183} INFO - Processing /opt/airflow/dags/etl_dag.py took 9.189 seconds
[2025-11-11T09:42:56.138+0000] {processor.py:161} INFO - Started process (PID=2873) to work on /opt/airflow/dags/etl_dag.py
[2025-11-11T09:42:56.143+0000] {processor.py:830} INFO - Processing file /opt/airflow/dags/etl_dag.py for tasks to queue
[2025-11-11T09:42:56.146+0000] {logging_mixin.py:188} INFO - [2025-11-11T09:42:56.146+0000] {dagbag.py:538} INFO - Filling up the DagBag from /opt/airflow/dags/etl_dag.py
[2025-11-11T09:42:56.310+0000] {processor.py:840} INFO - DAG(s) 'simple_etl_lineage' retrieved from /opt/airflow/dags/etl_dag.py
[2025-11-11T09:42:56.417+0000] {logging_mixin.py:188} INFO - [2025-11-11T09:42:56.417+0000] {dag.py:3036} INFO - Sync 1 DAGs
[2025-11-11T09:42:56.455+0000] {logging_mixin.py:188} INFO - [2025-11-11T09:42:56.454+0000] {dag.py:3823} INFO - Setting next_dagrun for simple_etl_lineage to None, run_after=None
[2025-11-11T09:42:56.516+0000] {processor.py:183} INFO - Processing /opt/airflow/dags/etl_dag.py took 0.384 seconds
[2025-11-11T09:43:27.329+0000] {processor.py:161} INFO - Started process (PID=2883) to work on /opt/airflow/dags/etl_dag.py
[2025-11-11T09:43:27.347+0000] {processor.py:830} INFO - Processing file /opt/airflow/dags/etl_dag.py for tasks to queue
[2025-11-11T09:43:27.356+0000] {logging_mixin.py:188} INFO - [2025-11-11T09:43:27.354+0000] {dagbag.py:538} INFO - Filling up the DagBag from /opt/airflow/dags/etl_dag.py
[2025-11-11T09:43:27.719+0000] {processor.py:840} INFO - DAG(s) 'simple_etl_lineage' retrieved from /opt/airflow/dags/etl_dag.py
[2025-11-11T09:43:27.920+0000] {logging_mixin.py:188} INFO - [2025-11-11T09:43:27.920+0000] {dag.py:3036} INFO - Sync 1 DAGs
[2025-11-11T09:43:28.001+0000] {logging_mixin.py:188} INFO - [2025-11-11T09:43:28.001+0000] {dag.py:3823} INFO - Setting next_dagrun for simple_etl_lineage to None, run_after=None
[2025-11-11T09:43:28.104+0000] {processor.py:183} INFO - Processing /opt/airflow/dags/etl_dag.py took 0.796 seconds
[2025-11-11T09:44:00.275+0000] {processor.py:161} INFO - Started process (PID=2893) to work on /opt/airflow/dags/etl_dag.py
[2025-11-11T09:44:00.285+0000] {processor.py:830} INFO - Processing file /opt/airflow/dags/etl_dag.py for tasks to queue
[2025-11-11T09:44:00.291+0000] {logging_mixin.py:188} INFO - [2025-11-11T09:44:00.290+0000] {dagbag.py:538} INFO - Filling up the DagBag from /opt/airflow/dags/etl_dag.py
[2025-11-11T09:44:00.364+0000] {processor.py:840} INFO - DAG(s) 'simple_etl_lineage' retrieved from /opt/airflow/dags/etl_dag.py
[2025-11-11T09:44:00.471+0000] {logging_mixin.py:188} INFO - [2025-11-11T09:44:00.462+0000] {dag.py:3036} INFO - Sync 1 DAGs
[2025-11-11T09:44:00.512+0000] {logging_mixin.py:188} INFO - [2025-11-11T09:44:00.512+0000] {dag.py:3823} INFO - Setting next_dagrun for simple_etl_lineage to None, run_after=None
[2025-11-11T09:44:00.593+0000] {processor.py:183} INFO - Processing /opt/airflow/dags/etl_dag.py took 0.324 seconds
[2025-11-11T09:44:31.571+0000] {processor.py:161} INFO - Started process (PID=2905) to work on /opt/airflow/dags/etl_dag.py
[2025-11-11T09:44:31.586+0000] {processor.py:830} INFO - Processing file /opt/airflow/dags/etl_dag.py for tasks to queue
[2025-11-11T09:44:31.589+0000] {logging_mixin.py:188} INFO - [2025-11-11T09:44:31.589+0000] {dagbag.py:538} INFO - Filling up the DagBag from /opt/airflow/dags/etl_dag.py
[2025-11-11T09:44:31.651+0000] {processor.py:840} INFO - DAG(s) 'simple_etl_lineage' retrieved from /opt/airflow/dags/etl_dag.py
[2025-11-11T09:44:31.752+0000] {logging_mixin.py:188} INFO - [2025-11-11T09:44:31.752+0000] {dag.py:3036} INFO - Sync 1 DAGs
[2025-11-11T09:44:31.790+0000] {logging_mixin.py:188} INFO - [2025-11-11T09:44:31.790+0000] {dag.py:3823} INFO - Setting next_dagrun for simple_etl_lineage to None, run_after=None
[2025-11-11T09:44:31.865+0000] {processor.py:183} INFO - Processing /opt/airflow/dags/etl_dag.py took 0.300 seconds
[2025-11-11T09:45:02.211+0000] {processor.py:161} INFO - Started process (PID=2915) to work on /opt/airflow/dags/etl_dag.py
[2025-11-11T09:45:02.214+0000] {processor.py:830} INFO - Processing file /opt/airflow/dags/etl_dag.py for tasks to queue
[2025-11-11T09:45:02.216+0000] {logging_mixin.py:188} INFO - [2025-11-11T09:45:02.215+0000] {dagbag.py:538} INFO - Filling up the DagBag from /opt/airflow/dags/etl_dag.py
[2025-11-11T09:45:02.245+0000] {processor.py:840} INFO - DAG(s) 'simple_etl_lineage' retrieved from /opt/airflow/dags/etl_dag.py
[2025-11-11T09:45:02.304+0000] {logging_mixin.py:188} INFO - [2025-11-11T09:45:02.304+0000] {dag.py:3036} INFO - Sync 1 DAGs
[2025-11-11T09:45:02.349+0000] {logging_mixin.py:188} INFO - [2025-11-11T09:45:02.348+0000] {dag.py:3823} INFO - Setting next_dagrun for simple_etl_lineage to None, run_after=None
[2025-11-11T09:45:02.415+0000] {processor.py:183} INFO - Processing /opt/airflow/dags/etl_dag.py took 0.209 seconds
[2025-11-11T09:45:32.883+0000] {processor.py:161} INFO - Started process (PID=2925) to work on /opt/airflow/dags/etl_dag.py
[2025-11-11T09:45:32.891+0000] {processor.py:830} INFO - Processing file /opt/airflow/dags/etl_dag.py for tasks to queue
[2025-11-11T09:45:32.897+0000] {logging_mixin.py:188} INFO - [2025-11-11T09:45:32.893+0000] {dagbag.py:538} INFO - Filling up the DagBag from /opt/airflow/dags/etl_dag.py
[2025-11-11T09:45:32.950+0000] {processor.py:840} INFO - DAG(s) 'simple_etl_lineage' retrieved from /opt/airflow/dags/etl_dag.py
[2025-11-11T09:45:33.097+0000] {logging_mixin.py:188} INFO - [2025-11-11T09:45:33.097+0000] {dag.py:3036} INFO - Sync 1 DAGs
[2025-11-11T09:45:33.122+0000] {logging_mixin.py:188} INFO - [2025-11-11T09:45:33.122+0000] {dag.py:3823} INFO - Setting next_dagrun for simple_etl_lineage to None, run_after=None
[2025-11-11T09:45:33.162+0000] {processor.py:183} INFO - Processing /opt/airflow/dags/etl_dag.py took 0.286 seconds
[2025-11-11T09:46:03.616+0000] {processor.py:161} INFO - Started process (PID=2935) to work on /opt/airflow/dags/etl_dag.py
[2025-11-11T09:46:03.626+0000] {processor.py:830} INFO - Processing file /opt/airflow/dags/etl_dag.py for tasks to queue
[2025-11-11T09:46:03.632+0000] {logging_mixin.py:188} INFO - [2025-11-11T09:46:03.631+0000] {dagbag.py:538} INFO - Filling up the DagBag from /opt/airflow/dags/etl_dag.py
[2025-11-11T09:46:03.756+0000] {processor.py:840} INFO - DAG(s) 'simple_etl_lineage' retrieved from /opt/airflow/dags/etl_dag.py
[2025-11-11T09:46:03.873+0000] {logging_mixin.py:188} INFO - [2025-11-11T09:46:03.872+0000] {dag.py:3036} INFO - Sync 1 DAGs
[2025-11-11T09:46:03.917+0000] {logging_mixin.py:188} INFO - [2025-11-11T09:46:03.917+0000] {dag.py:3823} INFO - Setting next_dagrun for simple_etl_lineage to None, run_after=None
[2025-11-11T09:46:03.973+0000] {processor.py:183} INFO - Processing /opt/airflow/dags/etl_dag.py took 0.368 seconds
[2025-11-11T09:46:34.684+0000] {processor.py:161} INFO - Started process (PID=2945) to work on /opt/airflow/dags/etl_dag.py
[2025-11-11T09:46:34.686+0000] {processor.py:830} INFO - Processing file /opt/airflow/dags/etl_dag.py for tasks to queue
[2025-11-11T09:46:34.687+0000] {logging_mixin.py:188} INFO - [2025-11-11T09:46:34.687+0000] {dagbag.py:538} INFO - Filling up the DagBag from /opt/airflow/dags/etl_dag.py
[2025-11-11T09:46:34.718+0000] {processor.py:840} INFO - DAG(s) 'simple_etl_lineage' retrieved from /opt/airflow/dags/etl_dag.py
[2025-11-11T09:46:34.752+0000] {logging_mixin.py:188} INFO - [2025-11-11T09:46:34.752+0000] {dag.py:3036} INFO - Sync 1 DAGs
[2025-11-11T09:46:34.768+0000] {logging_mixin.py:188} INFO - [2025-11-11T09:46:34.767+0000] {dag.py:3823} INFO - Setting next_dagrun for simple_etl_lineage to None, run_after=None
[2025-11-11T09:46:34.797+0000] {processor.py:183} INFO - Processing /opt/airflow/dags/etl_dag.py took 0.118 seconds
[2025-11-11T09:47:05.274+0000] {processor.py:161} INFO - Started process (PID=2955) to work on /opt/airflow/dags/etl_dag.py
[2025-11-11T09:47:05.276+0000] {processor.py:830} INFO - Processing file /opt/airflow/dags/etl_dag.py for tasks to queue
[2025-11-11T09:47:05.286+0000] {logging_mixin.py:188} INFO - [2025-11-11T09:47:05.277+0000] {dagbag.py:538} INFO - Filling up the DagBag from /opt/airflow/dags/etl_dag.py
[2025-11-11T09:47:05.321+0000] {processor.py:840} INFO - DAG(s) 'simple_etl_lineage' retrieved from /opt/airflow/dags/etl_dag.py
[2025-11-11T09:47:05.414+0000] {logging_mixin.py:188} INFO - [2025-11-11T09:47:05.414+0000] {dag.py:3036} INFO - Sync 1 DAGs
[2025-11-11T09:47:05.438+0000] {logging_mixin.py:188} INFO - [2025-11-11T09:47:05.437+0000] {dag.py:3823} INFO - Setting next_dagrun for simple_etl_lineage to None, run_after=None
[2025-11-11T09:47:05.485+0000] {processor.py:183} INFO - Processing /opt/airflow/dags/etl_dag.py took 0.216 seconds
[2025-11-11T09:47:35.785+0000] {processor.py:161} INFO - Started process (PID=2963) to work on /opt/airflow/dags/etl_dag.py
[2025-11-11T09:47:35.787+0000] {processor.py:830} INFO - Processing file /opt/airflow/dags/etl_dag.py for tasks to queue
[2025-11-11T09:47:35.791+0000] {logging_mixin.py:188} INFO - [2025-11-11T09:47:35.790+0000] {dagbag.py:538} INFO - Filling up the DagBag from /opt/airflow/dags/etl_dag.py
[2025-11-11T09:47:35.916+0000] {processor.py:840} INFO - DAG(s) 'simple_etl_lineage' retrieved from /opt/airflow/dags/etl_dag.py
[2025-11-11T09:47:35.989+0000] {logging_mixin.py:188} INFO - [2025-11-11T09:47:35.981+0000] {dag.py:3036} INFO - Sync 1 DAGs
[2025-11-11T09:47:36.023+0000] {logging_mixin.py:188} INFO - [2025-11-11T09:47:36.022+0000] {dag.py:3823} INFO - Setting next_dagrun for simple_etl_lineage to None, run_after=None
[2025-11-11T09:47:36.054+0000] {processor.py:183} INFO - Processing /opt/airflow/dags/etl_dag.py took 0.282 seconds
[2025-11-11T09:48:06.468+0000] {processor.py:161} INFO - Started process (PID=2973) to work on /opt/airflow/dags/etl_dag.py
[2025-11-11T09:48:06.475+0000] {processor.py:830} INFO - Processing file /opt/airflow/dags/etl_dag.py for tasks to queue
[2025-11-11T09:48:06.486+0000] {logging_mixin.py:188} INFO - [2025-11-11T09:48:06.485+0000] {dagbag.py:538} INFO - Filling up the DagBag from /opt/airflow/dags/etl_dag.py
[2025-11-11T09:48:07.402+0000] {processor.py:840} INFO - DAG(s) 'simple_etl_lineage' retrieved from /opt/airflow/dags/etl_dag.py
[2025-11-11T09:48:07.766+0000] {logging_mixin.py:188} INFO - [2025-11-11T09:48:07.766+0000] {dag.py:3036} INFO - Sync 1 DAGs
[2025-11-11T09:48:07.819+0000] {logging_mixin.py:188} INFO - [2025-11-11T09:48:07.819+0000] {dag.py:3823} INFO - Setting next_dagrun for simple_etl_lineage to None, run_after=None
[2025-11-11T09:48:07.895+0000] {processor.py:183} INFO - Processing /opt/airflow/dags/etl_dag.py took 1.432 seconds
[2025-11-11T09:48:38.038+0000] {processor.py:161} INFO - Started process (PID=2983) to work on /opt/airflow/dags/etl_dag.py
[2025-11-11T09:48:38.040+0000] {processor.py:830} INFO - Processing file /opt/airflow/dags/etl_dag.py for tasks to queue
[2025-11-11T09:48:38.041+0000] {logging_mixin.py:188} INFO - [2025-11-11T09:48:38.041+0000] {dagbag.py:538} INFO - Filling up the DagBag from /opt/airflow/dags/etl_dag.py
[2025-11-11T09:48:38.071+0000] {processor.py:840} INFO - DAG(s) 'simple_etl_lineage' retrieved from /opt/airflow/dags/etl_dag.py
[2025-11-11T09:48:38.122+0000] {logging_mixin.py:188} INFO - [2025-11-11T09:48:38.122+0000] {dag.py:3036} INFO - Sync 1 DAGs
[2025-11-11T09:48:38.141+0000] {logging_mixin.py:188} INFO - [2025-11-11T09:48:38.141+0000] {dag.py:3823} INFO - Setting next_dagrun for simple_etl_lineage to None, run_after=None
[2025-11-11T09:48:38.186+0000] {processor.py:183} INFO - Processing /opt/airflow/dags/etl_dag.py took 0.154 seconds
[2025-11-11T09:49:09.409+0000] {processor.py:161} INFO - Started process (PID=2993) to work on /opt/airflow/dags/etl_dag.py
[2025-11-11T09:49:09.413+0000] {processor.py:830} INFO - Processing file /opt/airflow/dags/etl_dag.py for tasks to queue
[2025-11-11T09:49:09.415+0000] {logging_mixin.py:188} INFO - [2025-11-11T09:49:09.414+0000] {dagbag.py:538} INFO - Filling up the DagBag from /opt/airflow/dags/etl_dag.py
[2025-11-11T09:49:09.650+0000] {processor.py:840} INFO - DAG(s) 'simple_etl_lineage' retrieved from /opt/airflow/dags/etl_dag.py
[2025-11-11T09:49:09.825+0000] {logging_mixin.py:188} INFO - [2025-11-11T09:49:09.824+0000] {dag.py:3036} INFO - Sync 1 DAGs
[2025-11-11T09:49:09.904+0000] {logging_mixin.py:188} INFO - [2025-11-11T09:49:09.904+0000] {dag.py:3823} INFO - Setting next_dagrun for simple_etl_lineage to None, run_after=None
[2025-11-11T09:49:09.978+0000] {processor.py:183} INFO - Processing /opt/airflow/dags/etl_dag.py took 0.574 seconds
[2025-11-11T09:49:41.233+0000] {processor.py:161} INFO - Started process (PID=3003) to work on /opt/airflow/dags/etl_dag.py
[2025-11-11T09:49:41.239+0000] {processor.py:830} INFO - Processing file /opt/airflow/dags/etl_dag.py for tasks to queue
[2025-11-11T09:49:41.244+0000] {logging_mixin.py:188} INFO - [2025-11-11T09:49:41.242+0000] {dagbag.py:538} INFO - Filling up the DagBag from /opt/airflow/dags/etl_dag.py
[2025-11-11T09:49:41.497+0000] {processor.py:840} INFO - DAG(s) 'simple_etl_lineage' retrieved from /opt/airflow/dags/etl_dag.py
[2025-11-11T09:49:42.184+0000] {logging_mixin.py:188} INFO - [2025-11-11T09:49:42.184+0000] {dag.py:3036} INFO - Sync 1 DAGs
[2025-11-11T09:49:42.626+0000] {logging_mixin.py:188} INFO - [2025-11-11T09:49:42.625+0000] {dag.py:3823} INFO - Setting next_dagrun for simple_etl_lineage to None, run_after=None
[2025-11-11T09:49:45.776+0000] {processor.py:183} INFO - Processing /opt/airflow/dags/etl_dag.py took 4.570 seconds
[2025-11-11T09:50:18.726+0000] {processor.py:161} INFO - Started process (PID=3013) to work on /opt/airflow/dags/etl_dag.py
[2025-11-11T09:50:18.730+0000] {processor.py:830} INFO - Processing file /opt/airflow/dags/etl_dag.py for tasks to queue
[2025-11-11T09:50:18.738+0000] {logging_mixin.py:188} INFO - [2025-11-11T09:50:18.733+0000] {dagbag.py:538} INFO - Filling up the DagBag from /opt/airflow/dags/etl_dag.py
[2025-11-11T09:50:18.847+0000] {processor.py:840} INFO - DAG(s) 'simple_etl_lineage' retrieved from /opt/airflow/dags/etl_dag.py
[2025-11-11T09:50:19.244+0000] {logging_mixin.py:188} INFO - [2025-11-11T09:50:19.243+0000] {dag.py:3036} INFO - Sync 1 DAGs
[2025-11-11T09:50:19.457+0000] {logging_mixin.py:188} INFO - [2025-11-11T09:50:19.456+0000] {dag.py:3823} INFO - Setting next_dagrun for simple_etl_lineage to None, run_after=None
[2025-11-11T09:50:19.550+0000] {processor.py:183} INFO - Processing /opt/airflow/dags/etl_dag.py took 0.843 seconds
[2025-11-11T09:50:50.906+0000] {processor.py:161} INFO - Started process (PID=3023) to work on /opt/airflow/dags/etl_dag.py
[2025-11-11T09:50:50.936+0000] {processor.py:830} INFO - Processing file /opt/airflow/dags/etl_dag.py for tasks to queue
[2025-11-11T09:50:50.957+0000] {logging_mixin.py:188} INFO - [2025-11-11T09:50:50.956+0000] {dagbag.py:538} INFO - Filling up the DagBag from /opt/airflow/dags/etl_dag.py
[2025-11-11T09:50:51.921+0000] {processor.py:840} INFO - DAG(s) 'simple_etl_lineage' retrieved from /opt/airflow/dags/etl_dag.py
[2025-11-11T09:50:52.382+0000] {logging_mixin.py:188} INFO - [2025-11-11T09:50:52.381+0000] {dag.py:3036} INFO - Sync 1 DAGs
[2025-11-11T09:50:52.441+0000] {logging_mixin.py:188} INFO - [2025-11-11T09:50:52.440+0000] {dag.py:3823} INFO - Setting next_dagrun for simple_etl_lineage to None, run_after=None
[2025-11-11T09:50:52.567+0000] {processor.py:183} INFO - Processing /opt/airflow/dags/etl_dag.py took 1.665 seconds
[2025-11-11T09:51:22.854+0000] {processor.py:161} INFO - Started process (PID=3033) to work on /opt/airflow/dags/etl_dag.py
[2025-11-11T09:51:22.858+0000] {processor.py:830} INFO - Processing file /opt/airflow/dags/etl_dag.py for tasks to queue
[2025-11-11T09:51:22.860+0000] {logging_mixin.py:188} INFO - [2025-11-11T09:51:22.860+0000] {dagbag.py:538} INFO - Filling up the DagBag from /opt/airflow/dags/etl_dag.py
[2025-11-11T09:51:22.936+0000] {processor.py:840} INFO - DAG(s) 'simple_etl_lineage' retrieved from /opt/airflow/dags/etl_dag.py
[2025-11-11T09:51:22.987+0000] {logging_mixin.py:188} INFO - [2025-11-11T09:51:22.987+0000] {dag.py:3036} INFO - Sync 1 DAGs
[2025-11-11T09:51:23.112+0000] {logging_mixin.py:188} INFO - [2025-11-11T09:51:23.112+0000] {dag.py:3823} INFO - Setting next_dagrun for simple_etl_lineage to None, run_after=None
[2025-11-11T09:51:23.199+0000] {processor.py:183} INFO - Processing /opt/airflow/dags/etl_dag.py took 0.351 seconds
[2025-11-11T09:51:53.599+0000] {processor.py:161} INFO - Started process (PID=3043) to work on /opt/airflow/dags/etl_dag.py
[2025-11-11T09:51:53.605+0000] {processor.py:830} INFO - Processing file /opt/airflow/dags/etl_dag.py for tasks to queue
[2025-11-11T09:51:53.609+0000] {logging_mixin.py:188} INFO - [2025-11-11T09:51:53.609+0000] {dagbag.py:538} INFO - Filling up the DagBag from /opt/airflow/dags/etl_dag.py
[2025-11-11T09:51:53.646+0000] {processor.py:840} INFO - DAG(s) 'simple_etl_lineage' retrieved from /opt/airflow/dags/etl_dag.py
[2025-11-11T09:51:53.689+0000] {logging_mixin.py:188} INFO - [2025-11-11T09:51:53.689+0000] {dag.py:3036} INFO - Sync 1 DAGs
[2025-11-11T09:51:53.706+0000] {logging_mixin.py:188} INFO - [2025-11-11T09:51:53.706+0000] {dag.py:3823} INFO - Setting next_dagrun for simple_etl_lineage to None, run_after=None
[2025-11-11T09:51:53.733+0000] {processor.py:183} INFO - Processing /opt/airflow/dags/etl_dag.py took 0.145 seconds
[2025-11-11T09:52:24.203+0000] {processor.py:161} INFO - Started process (PID=3053) to work on /opt/airflow/dags/etl_dag.py
[2025-11-11T09:52:24.205+0000] {processor.py:830} INFO - Processing file /opt/airflow/dags/etl_dag.py for tasks to queue
[2025-11-11T09:52:24.208+0000] {logging_mixin.py:188} INFO - [2025-11-11T09:52:24.207+0000] {dagbag.py:538} INFO - Filling up the DagBag from /opt/airflow/dags/etl_dag.py
[2025-11-11T09:52:24.366+0000] {processor.py:840} INFO - DAG(s) 'simple_etl_lineage' retrieved from /opt/airflow/dags/etl_dag.py
[2025-11-11T09:52:24.451+0000] {logging_mixin.py:188} INFO - [2025-11-11T09:52:24.451+0000] {dag.py:3036} INFO - Sync 1 DAGs
[2025-11-11T09:52:24.498+0000] {logging_mixin.py:188} INFO - [2025-11-11T09:52:24.497+0000] {dag.py:3823} INFO - Setting next_dagrun for simple_etl_lineage to None, run_after=None
[2025-11-11T09:52:24.564+0000] {processor.py:183} INFO - Processing /opt/airflow/dags/etl_dag.py took 0.366 seconds
[2025-11-11T09:52:54.975+0000] {processor.py:161} INFO - Started process (PID=3063) to work on /opt/airflow/dags/etl_dag.py
[2025-11-11T09:52:54.980+0000] {processor.py:830} INFO - Processing file /opt/airflow/dags/etl_dag.py for tasks to queue
[2025-11-11T09:52:54.983+0000] {logging_mixin.py:188} INFO - [2025-11-11T09:52:54.983+0000] {dagbag.py:538} INFO - Filling up the DagBag from /opt/airflow/dags/etl_dag.py
[2025-11-11T09:52:55.151+0000] {processor.py:840} INFO - DAG(s) 'simple_etl_lineage' retrieved from /opt/airflow/dags/etl_dag.py
[2025-11-11T09:52:55.348+0000] {logging_mixin.py:188} INFO - [2025-11-11T09:52:55.347+0000] {dag.py:3036} INFO - Sync 1 DAGs
[2025-11-11T09:52:55.402+0000] {logging_mixin.py:188} INFO - [2025-11-11T09:52:55.402+0000] {dag.py:3823} INFO - Setting next_dagrun for simple_etl_lineage to None, run_after=None
[2025-11-11T09:52:55.466+0000] {processor.py:183} INFO - Processing /opt/airflow/dags/etl_dag.py took 0.496 seconds
[2025-11-11T09:53:26.527+0000] {processor.py:161} INFO - Started process (PID=3073) to work on /opt/airflow/dags/etl_dag.py
[2025-11-11T09:53:26.529+0000] {processor.py:830} INFO - Processing file /opt/airflow/dags/etl_dag.py for tasks to queue
[2025-11-11T09:53:26.530+0000] {logging_mixin.py:188} INFO - [2025-11-11T09:53:26.530+0000] {dagbag.py:538} INFO - Filling up the DagBag from /opt/airflow/dags/etl_dag.py
[2025-11-11T09:53:26.567+0000] {processor.py:840} INFO - DAG(s) 'simple_etl_lineage' retrieved from /opt/airflow/dags/etl_dag.py
[2025-11-11T09:53:26.616+0000] {logging_mixin.py:188} INFO - [2025-11-11T09:53:26.615+0000] {dag.py:3036} INFO - Sync 1 DAGs
[2025-11-11T09:53:26.630+0000] {logging_mixin.py:188} INFO - [2025-11-11T09:53:26.630+0000] {dag.py:3823} INFO - Setting next_dagrun for simple_etl_lineage to None, run_after=None
[2025-11-11T09:53:26.657+0000] {processor.py:183} INFO - Processing /opt/airflow/dags/etl_dag.py took 0.135 seconds
[2025-11-11T09:53:57.797+0000] {processor.py:161} INFO - Started process (PID=3083) to work on /opt/airflow/dags/etl_dag.py
[2025-11-11T09:53:57.818+0000] {processor.py:830} INFO - Processing file /opt/airflow/dags/etl_dag.py for tasks to queue
[2025-11-11T09:53:57.822+0000] {logging_mixin.py:188} INFO - [2025-11-11T09:53:57.821+0000] {dagbag.py:538} INFO - Filling up the DagBag from /opt/airflow/dags/etl_dag.py
[2025-11-11T09:53:58.222+0000] {processor.py:840} INFO - DAG(s) 'simple_etl_lineage' retrieved from /opt/airflow/dags/etl_dag.py
[2025-11-11T09:53:58.412+0000] {logging_mixin.py:188} INFO - [2025-11-11T09:53:58.412+0000] {dag.py:3036} INFO - Sync 1 DAGs
[2025-11-11T09:53:58.553+0000] {logging_mixin.py:188} INFO - [2025-11-11T09:53:58.553+0000] {dag.py:3823} INFO - Setting next_dagrun for simple_etl_lineage to None, run_after=None
[2025-11-11T09:53:58.750+0000] {processor.py:183} INFO - Processing /opt/airflow/dags/etl_dag.py took 0.958 seconds
[2025-11-11T09:54:29.232+0000] {processor.py:161} INFO - Started process (PID=3095) to work on /opt/airflow/dags/etl_dag.py
[2025-11-11T09:54:29.234+0000] {processor.py:830} INFO - Processing file /opt/airflow/dags/etl_dag.py for tasks to queue
[2025-11-11T09:54:29.242+0000] {logging_mixin.py:188} INFO - [2025-11-11T09:54:29.237+0000] {dagbag.py:538} INFO - Filling up the DagBag from /opt/airflow/dags/etl_dag.py
[2025-11-11T09:54:29.301+0000] {processor.py:840} INFO - DAG(s) 'simple_etl_lineage' retrieved from /opt/airflow/dags/etl_dag.py
[2025-11-11T09:54:29.333+0000] {logging_mixin.py:188} INFO - [2025-11-11T09:54:29.333+0000] {dag.py:3036} INFO - Sync 1 DAGs
[2025-11-11T09:54:29.352+0000] {logging_mixin.py:188} INFO - [2025-11-11T09:54:29.351+0000] {dag.py:3823} INFO - Setting next_dagrun for simple_etl_lineage to None, run_after=None
[2025-11-11T09:54:29.392+0000] {processor.py:183} INFO - Processing /opt/airflow/dags/etl_dag.py took 0.166 seconds
[2025-11-11T09:54:59.747+0000] {processor.py:161} INFO - Started process (PID=3103) to work on /opt/airflow/dags/etl_dag.py
[2025-11-11T09:54:59.752+0000] {processor.py:830} INFO - Processing file /opt/airflow/dags/etl_dag.py for tasks to queue
[2025-11-11T09:54:59.754+0000] {logging_mixin.py:188} INFO - [2025-11-11T09:54:59.754+0000] {dagbag.py:538} INFO - Filling up the DagBag from /opt/airflow/dags/etl_dag.py
[2025-11-11T09:54:59.818+0000] {processor.py:840} INFO - DAG(s) 'simple_etl_lineage' retrieved from /opt/airflow/dags/etl_dag.py
[2025-11-11T09:54:59.884+0000] {logging_mixin.py:188} INFO - [2025-11-11T09:54:59.883+0000] {dag.py:3036} INFO - Sync 1 DAGs
[2025-11-11T09:54:59.912+0000] {logging_mixin.py:188} INFO - [2025-11-11T09:54:59.912+0000] {dag.py:3823} INFO - Setting next_dagrun for simple_etl_lineage to None, run_after=None
[2025-11-11T09:54:59.964+0000] {processor.py:183} INFO - Processing /opt/airflow/dags/etl_dag.py took 0.221 seconds
[2025-11-11T09:55:30.592+0000] {processor.py:161} INFO - Started process (PID=3113) to work on /opt/airflow/dags/etl_dag.py
[2025-11-11T09:55:30.594+0000] {processor.py:830} INFO - Processing file /opt/airflow/dags/etl_dag.py for tasks to queue
[2025-11-11T09:55:30.596+0000] {logging_mixin.py:188} INFO - [2025-11-11T09:55:30.595+0000] {dagbag.py:538} INFO - Filling up the DagBag from /opt/airflow/dags/etl_dag.py
[2025-11-11T09:55:30.622+0000] {processor.py:840} INFO - DAG(s) 'simple_etl_lineage' retrieved from /opt/airflow/dags/etl_dag.py
[2025-11-11T09:55:30.655+0000] {logging_mixin.py:188} INFO - [2025-11-11T09:55:30.655+0000] {dag.py:3036} INFO - Sync 1 DAGs
[2025-11-11T09:55:30.671+0000] {logging_mixin.py:188} INFO - [2025-11-11T09:55:30.671+0000] {dag.py:3823} INFO - Setting next_dagrun for simple_etl_lineage to None, run_after=None
[2025-11-11T09:55:30.713+0000] {processor.py:183} INFO - Processing /opt/airflow/dags/etl_dag.py took 0.125 seconds
[2025-11-11T09:56:01.262+0000] {processor.py:161} INFO - Started process (PID=3123) to work on /opt/airflow/dags/etl_dag.py
[2025-11-11T09:56:01.265+0000] {processor.py:830} INFO - Processing file /opt/airflow/dags/etl_dag.py for tasks to queue
[2025-11-11T09:56:01.266+0000] {logging_mixin.py:188} INFO - [2025-11-11T09:56:01.266+0000] {dagbag.py:538} INFO - Filling up the DagBag from /opt/airflow/dags/etl_dag.py
[2025-11-11T09:56:01.292+0000] {processor.py:840} INFO - DAG(s) 'simple_etl_lineage' retrieved from /opt/airflow/dags/etl_dag.py
[2025-11-11T09:56:01.354+0000] {logging_mixin.py:188} INFO - [2025-11-11T09:56:01.352+0000] {dag.py:3036} INFO - Sync 1 DAGs
[2025-11-11T09:56:01.370+0000] {logging_mixin.py:188} INFO - [2025-11-11T09:56:01.369+0000] {dag.py:3823} INFO - Setting next_dagrun for simple_etl_lineage to None, run_after=None
[2025-11-11T09:56:01.394+0000] {processor.py:183} INFO - Processing /opt/airflow/dags/etl_dag.py took 0.138 seconds
[2025-11-11T09:56:31.920+0000] {processor.py:161} INFO - Started process (PID=3133) to work on /opt/airflow/dags/etl_dag.py
[2025-11-11T09:56:31.923+0000] {processor.py:830} INFO - Processing file /opt/airflow/dags/etl_dag.py for tasks to queue
[2025-11-11T09:56:31.926+0000] {logging_mixin.py:188} INFO - [2025-11-11T09:56:31.925+0000] {dagbag.py:538} INFO - Filling up the DagBag from /opt/airflow/dags/etl_dag.py
[2025-11-11T09:56:32.985+0000] {processor.py:840} INFO - DAG(s) 'simple_etl_lineage' retrieved from /opt/airflow/dags/etl_dag.py
[2025-11-11T09:56:33.032+0000] {logging_mixin.py:188} INFO - [2025-11-11T09:56:33.032+0000] {dag.py:3036} INFO - Sync 1 DAGs
[2025-11-11T09:56:33.053+0000] {logging_mixin.py:188} INFO - [2025-11-11T09:56:33.052+0000] {dag.py:3823} INFO - Setting next_dagrun for simple_etl_lineage to None, run_after=None
[2025-11-11T09:56:33.155+0000] {processor.py:183} INFO - Processing /opt/airflow/dags/etl_dag.py took 1.239 seconds
[2025-11-11T09:57:03.851+0000] {processor.py:161} INFO - Started process (PID=3145) to work on /opt/airflow/dags/etl_dag.py
[2025-11-11T09:57:03.853+0000] {processor.py:830} INFO - Processing file /opt/airflow/dags/etl_dag.py for tasks to queue
[2025-11-11T09:57:03.854+0000] {logging_mixin.py:188} INFO - [2025-11-11T09:57:03.854+0000] {dagbag.py:538} INFO - Filling up the DagBag from /opt/airflow/dags/etl_dag.py
[2025-11-11T09:57:03.876+0000] {processor.py:840} INFO - DAG(s) 'simple_etl_lineage' retrieved from /opt/airflow/dags/etl_dag.py
[2025-11-11T09:57:03.918+0000] {logging_mixin.py:188} INFO - [2025-11-11T09:57:03.918+0000] {dag.py:3036} INFO - Sync 1 DAGs
[2025-11-11T09:57:03.931+0000] {logging_mixin.py:188} INFO - [2025-11-11T09:57:03.931+0000] {dag.py:3823} INFO - Setting next_dagrun for simple_etl_lineage to None, run_after=None
[2025-11-11T09:57:03.963+0000] {processor.py:183} INFO - Processing /opt/airflow/dags/etl_dag.py took 0.115 seconds
[2025-11-11T09:57:34.645+0000] {processor.py:161} INFO - Started process (PID=3155) to work on /opt/airflow/dags/etl_dag.py
[2025-11-11T09:57:34.650+0000] {processor.py:830} INFO - Processing file /opt/airflow/dags/etl_dag.py for tasks to queue
[2025-11-11T09:57:34.652+0000] {logging_mixin.py:188} INFO - [2025-11-11T09:57:34.651+0000] {dagbag.py:538} INFO - Filling up the DagBag from /opt/airflow/dags/etl_dag.py
[2025-11-11T09:57:34.704+0000] {processor.py:840} INFO - DAG(s) 'simple_etl_lineage' retrieved from /opt/airflow/dags/etl_dag.py
[2025-11-11T09:57:34.775+0000] {logging_mixin.py:188} INFO - [2025-11-11T09:57:34.775+0000] {dag.py:3036} INFO - Sync 1 DAGs
[2025-11-11T09:57:34.819+0000] {logging_mixin.py:188} INFO - [2025-11-11T09:57:34.819+0000] {dag.py:3823} INFO - Setting next_dagrun for simple_etl_lineage to None, run_after=None
[2025-11-11T09:57:34.893+0000] {processor.py:183} INFO - Processing /opt/airflow/dags/etl_dag.py took 0.255 seconds
[2025-11-11T09:58:05.470+0000] {processor.py:161} INFO - Started process (PID=3165) to work on /opt/airflow/dags/etl_dag.py
[2025-11-11T09:58:05.472+0000] {processor.py:830} INFO - Processing file /opt/airflow/dags/etl_dag.py for tasks to queue
[2025-11-11T09:58:05.474+0000] {logging_mixin.py:188} INFO - [2025-11-11T09:58:05.473+0000] {dagbag.py:538} INFO - Filling up the DagBag from /opt/airflow/dags/etl_dag.py
[2025-11-11T09:58:05.499+0000] {processor.py:840} INFO - DAG(s) 'simple_etl_lineage' retrieved from /opt/airflow/dags/etl_dag.py
[2025-11-11T09:58:05.543+0000] {logging_mixin.py:188} INFO - [2025-11-11T09:58:05.542+0000] {dag.py:3036} INFO - Sync 1 DAGs
[2025-11-11T09:58:05.557+0000] {logging_mixin.py:188} INFO - [2025-11-11T09:58:05.557+0000] {dag.py:3823} INFO - Setting next_dagrun for simple_etl_lineage to None, run_after=None
[2025-11-11T09:58:05.594+0000] {processor.py:183} INFO - Processing /opt/airflow/dags/etl_dag.py took 0.130 seconds
[2025-11-11T09:58:36.325+0000] {processor.py:161} INFO - Started process (PID=3175) to work on /opt/airflow/dags/etl_dag.py
[2025-11-11T09:58:36.332+0000] {processor.py:830} INFO - Processing file /opt/airflow/dags/etl_dag.py for tasks to queue
[2025-11-11T09:58:36.335+0000] {logging_mixin.py:188} INFO - [2025-11-11T09:58:36.334+0000] {dagbag.py:538} INFO - Filling up the DagBag from /opt/airflow/dags/etl_dag.py
[2025-11-11T09:58:36.374+0000] {processor.py:840} INFO - DAG(s) 'simple_etl_lineage' retrieved from /opt/airflow/dags/etl_dag.py
[2025-11-11T09:58:36.417+0000] {logging_mixin.py:188} INFO - [2025-11-11T09:58:36.416+0000] {dag.py:3036} INFO - Sync 1 DAGs
[2025-11-11T09:58:36.433+0000] {logging_mixin.py:188} INFO - [2025-11-11T09:58:36.433+0000] {dag.py:3823} INFO - Setting next_dagrun for simple_etl_lineage to None, run_after=None
[2025-11-11T09:58:36.461+0000] {processor.py:183} INFO - Processing /opt/airflow/dags/etl_dag.py took 0.141 seconds
[2025-11-11T09:59:07.275+0000] {processor.py:161} INFO - Started process (PID=3185) to work on /opt/airflow/dags/etl_dag.py
[2025-11-11T09:59:07.277+0000] {processor.py:830} INFO - Processing file /opt/airflow/dags/etl_dag.py for tasks to queue
[2025-11-11T09:59:07.281+0000] {logging_mixin.py:188} INFO - [2025-11-11T09:59:07.280+0000] {dagbag.py:538} INFO - Filling up the DagBag from /opt/airflow/dags/etl_dag.py
[2025-11-11T09:59:07.363+0000] {processor.py:840} INFO - DAG(s) 'simple_etl_lineage' retrieved from /opt/airflow/dags/etl_dag.py
[2025-11-11T09:59:07.455+0000] {logging_mixin.py:188} INFO - [2025-11-11T09:59:07.455+0000] {dag.py:3036} INFO - Sync 1 DAGs
[2025-11-11T09:59:07.495+0000] {logging_mixin.py:188} INFO - [2025-11-11T09:59:07.495+0000] {dag.py:3823} INFO - Setting next_dagrun for simple_etl_lineage to None, run_after=None
[2025-11-11T09:59:07.564+0000] {processor.py:183} INFO - Processing /opt/airflow/dags/etl_dag.py took 0.294 seconds
[2025-11-11T09:59:57.979+0000] {processor.py:161} INFO - Started process (PID=3191) to work on /opt/airflow/dags/etl_dag.py
[2025-11-11T09:59:58.000+0000] {processor.py:830} INFO - Processing file /opt/airflow/dags/etl_dag.py for tasks to queue
[2025-11-11T09:59:58.113+0000] {logging_mixin.py:188} INFO - [2025-11-11T09:59:58.042+0000] {dagbag.py:538} INFO - Filling up the DagBag from /opt/airflow/dags/etl_dag.py
[2025-11-11T09:59:58.515+0000] {processor.py:840} INFO - DAG(s) 'simple_etl_lineage' retrieved from /opt/airflow/dags/etl_dag.py
[2025-11-11T09:59:59.230+0000] {logging_mixin.py:188} INFO - [2025-11-11T09:59:59.229+0000] {dag.py:3036} INFO - Sync 1 DAGs
[2025-11-11T09:59:59.461+0000] {logging_mixin.py:188} INFO - [2025-11-11T09:59:59.460+0000] {dag.py:3823} INFO - Setting next_dagrun for simple_etl_lineage to None, run_after=None
[2025-11-11T09:59:59.603+0000] {processor.py:183} INFO - Processing /opt/airflow/dags/etl_dag.py took 4.215 seconds
[2025-11-11T10:00:30.916+0000] {processor.py:161} INFO - Started process (PID=3201) to work on /opt/airflow/dags/etl_dag.py
[2025-11-11T10:00:30.923+0000] {processor.py:830} INFO - Processing file /opt/airflow/dags/etl_dag.py for tasks to queue
[2025-11-11T10:00:30.941+0000] {logging_mixin.py:188} INFO - [2025-11-11T10:00:30.933+0000] {dagbag.py:538} INFO - Filling up the DagBag from /opt/airflow/dags/etl_dag.py
[2025-11-11T10:00:31.352+0000] {processor.py:840} INFO - DAG(s) 'simple_etl_lineage' retrieved from /opt/airflow/dags/etl_dag.py
[2025-11-11T10:00:33.837+0000] {logging_mixin.py:188} INFO - [2025-11-11T10:00:33.837+0000] {dag.py:3036} INFO - Sync 1 DAGs
[2025-11-11T10:00:33.993+0000] {logging_mixin.py:188} INFO - [2025-11-11T10:00:33.992+0000] {dag.py:3823} INFO - Setting next_dagrun for simple_etl_lineage to None, run_after=None
[2025-11-11T10:00:34.200+0000] {processor.py:183} INFO - Processing /opt/airflow/dags/etl_dag.py took 3.368 seconds
[2025-11-11T10:01:04.523+0000] {processor.py:161} INFO - Started process (PID=3213) to work on /opt/airflow/dags/etl_dag.py
[2025-11-11T10:01:04.525+0000] {processor.py:830} INFO - Processing file /opt/airflow/dags/etl_dag.py for tasks to queue
[2025-11-11T10:01:04.529+0000] {logging_mixin.py:188} INFO - [2025-11-11T10:01:04.526+0000] {dagbag.py:538} INFO - Filling up the DagBag from /opt/airflow/dags/etl_dag.py
[2025-11-11T10:01:04.560+0000] {processor.py:840} INFO - DAG(s) 'simple_etl_lineage' retrieved from /opt/airflow/dags/etl_dag.py
[2025-11-11T10:01:04.620+0000] {logging_mixin.py:188} INFO - [2025-11-11T10:01:04.619+0000] {dag.py:3036} INFO - Sync 1 DAGs
[2025-11-11T10:01:04.694+0000] {logging_mixin.py:188} INFO - [2025-11-11T10:01:04.694+0000] {dag.py:3823} INFO - Setting next_dagrun for simple_etl_lineage to None, run_after=None
[2025-11-11T10:01:04.755+0000] {processor.py:183} INFO - Processing /opt/airflow/dags/etl_dag.py took 0.238 seconds
[2025-11-11T10:01:35.713+0000] {processor.py:161} INFO - Started process (PID=3223) to work on /opt/airflow/dags/etl_dag.py
[2025-11-11T10:01:35.719+0000] {processor.py:830} INFO - Processing file /opt/airflow/dags/etl_dag.py for tasks to queue
[2025-11-11T10:01:35.721+0000] {logging_mixin.py:188} INFO - [2025-11-11T10:01:35.720+0000] {dagbag.py:538} INFO - Filling up the DagBag from /opt/airflow/dags/etl_dag.py
[2025-11-11T10:01:35.795+0000] {processor.py:840} INFO - DAG(s) 'simple_etl_lineage' retrieved from /opt/airflow/dags/etl_dag.py
[2025-11-11T10:01:35.926+0000] {logging_mixin.py:188} INFO - [2025-11-11T10:01:35.925+0000] {dag.py:3036} INFO - Sync 1 DAGs
[2025-11-11T10:01:35.987+0000] {logging_mixin.py:188} INFO - [2025-11-11T10:01:35.986+0000] {dag.py:3823} INFO - Setting next_dagrun for simple_etl_lineage to None, run_after=None
[2025-11-11T10:01:36.232+0000] {processor.py:183} INFO - Processing /opt/airflow/dags/etl_dag.py took 0.530 seconds
[2025-11-11T10:02:06.833+0000] {processor.py:161} INFO - Started process (PID=3233) to work on /opt/airflow/dags/etl_dag.py
[2025-11-11T10:02:06.836+0000] {processor.py:830} INFO - Processing file /opt/airflow/dags/etl_dag.py for tasks to queue
[2025-11-11T10:02:06.845+0000] {logging_mixin.py:188} INFO - [2025-11-11T10:02:06.845+0000] {dagbag.py:538} INFO - Filling up the DagBag from /opt/airflow/dags/etl_dag.py
[2025-11-11T10:02:06.940+0000] {processor.py:840} INFO - DAG(s) 'simple_etl_lineage' retrieved from /opt/airflow/dags/etl_dag.py
[2025-11-11T10:02:07.101+0000] {logging_mixin.py:188} INFO - [2025-11-11T10:02:07.100+0000] {dag.py:3036} INFO - Sync 1 DAGs
[2025-11-11T10:02:07.162+0000] {logging_mixin.py:188} INFO - [2025-11-11T10:02:07.162+0000] {dag.py:3823} INFO - Setting next_dagrun for simple_etl_lineage to None, run_after=None
[2025-11-11T10:02:07.252+0000] {processor.py:183} INFO - Processing /opt/airflow/dags/etl_dag.py took 0.425 seconds
[2025-11-11T10:02:38.747+0000] {processor.py:161} INFO - Started process (PID=3245) to work on /opt/airflow/dags/etl_dag.py
[2025-11-11T10:02:38.762+0000] {processor.py:830} INFO - Processing file /opt/airflow/dags/etl_dag.py for tasks to queue
[2025-11-11T10:02:38.772+0000] {logging_mixin.py:188} INFO - [2025-11-11T10:02:38.771+0000] {dagbag.py:538} INFO - Filling up the DagBag from /opt/airflow/dags/etl_dag.py
[2025-11-11T10:02:40.337+0000] {processor.py:840} INFO - DAG(s) 'simple_etl_lineage' retrieved from /opt/airflow/dags/etl_dag.py
[2025-11-11T10:02:40.477+0000] {logging_mixin.py:188} INFO - [2025-11-11T10:02:40.477+0000] {dag.py:3036} INFO - Sync 1 DAGs
[2025-11-11T10:02:40.529+0000] {logging_mixin.py:188} INFO - [2025-11-11T10:02:40.529+0000] {dag.py:3823} INFO - Setting next_dagrun for simple_etl_lineage to None, run_after=None
[2025-11-11T10:02:40.658+0000] {processor.py:183} INFO - Processing /opt/airflow/dags/etl_dag.py took 1.918 seconds
[2025-11-11T10:03:11.750+0000] {processor.py:161} INFO - Started process (PID=3255) to work on /opt/airflow/dags/etl_dag.py
[2025-11-11T10:03:11.780+0000] {processor.py:830} INFO - Processing file /opt/airflow/dags/etl_dag.py for tasks to queue
[2025-11-11T10:03:11.797+0000] {logging_mixin.py:188} INFO - [2025-11-11T10:03:11.796+0000] {dagbag.py:538} INFO - Filling up the DagBag from /opt/airflow/dags/etl_dag.py
[2025-11-11T10:03:12.020+0000] {processor.py:840} INFO - DAG(s) 'simple_etl_lineage' retrieved from /opt/airflow/dags/etl_dag.py
[2025-11-11T10:03:12.116+0000] {logging_mixin.py:188} INFO - [2025-11-11T10:03:12.116+0000] {dag.py:3036} INFO - Sync 1 DAGs
[2025-11-11T10:03:12.204+0000] {logging_mixin.py:188} INFO - [2025-11-11T10:03:12.204+0000] {dag.py:3823} INFO - Setting next_dagrun for simple_etl_lineage to None, run_after=None
[2025-11-11T10:03:12.272+0000] {processor.py:183} INFO - Processing /opt/airflow/dags/etl_dag.py took 0.529 seconds
[2025-11-11T10:03:42.370+0000] {processor.py:161} INFO - Started process (PID=3265) to work on /opt/airflow/dags/etl_dag.py
[2025-11-11T10:03:42.372+0000] {processor.py:830} INFO - Processing file /opt/airflow/dags/etl_dag.py for tasks to queue
[2025-11-11T10:03:42.374+0000] {logging_mixin.py:188} INFO - [2025-11-11T10:03:42.373+0000] {dagbag.py:538} INFO - Filling up the DagBag from /opt/airflow/dags/etl_dag.py
[2025-11-11T10:03:42.406+0000] {processor.py:840} INFO - DAG(s) 'simple_etl_lineage' retrieved from /opt/airflow/dags/etl_dag.py
[2025-11-11T10:03:42.443+0000] {logging_mixin.py:188} INFO - [2025-11-11T10:03:42.442+0000] {dag.py:3036} INFO - Sync 1 DAGs
[2025-11-11T10:03:42.462+0000] {logging_mixin.py:188} INFO - [2025-11-11T10:03:42.461+0000] {dag.py:3823} INFO - Setting next_dagrun for simple_etl_lineage to None, run_after=None
[2025-11-11T10:03:42.490+0000] {processor.py:183} INFO - Processing /opt/airflow/dags/etl_dag.py took 0.125 seconds
[2025-11-11T10:04:12.969+0000] {processor.py:161} INFO - Started process (PID=3275) to work on /opt/airflow/dags/etl_dag.py
[2025-11-11T10:04:12.972+0000] {processor.py:830} INFO - Processing file /opt/airflow/dags/etl_dag.py for tasks to queue
[2025-11-11T10:04:12.974+0000] {logging_mixin.py:188} INFO - [2025-11-11T10:04:12.973+0000] {dagbag.py:538} INFO - Filling up the DagBag from /opt/airflow/dags/etl_dag.py
[2025-11-11T10:04:13.015+0000] {processor.py:840} INFO - DAG(s) 'simple_etl_lineage' retrieved from /opt/airflow/dags/etl_dag.py
[2025-11-11T10:04:13.049+0000] {logging_mixin.py:188} INFO - [2025-11-11T10:04:13.049+0000] {dag.py:3036} INFO - Sync 1 DAGs
[2025-11-11T10:04:13.067+0000] {logging_mixin.py:188} INFO - [2025-11-11T10:04:13.066+0000] {dag.py:3823} INFO - Setting next_dagrun for simple_etl_lineage to None, run_after=None
[2025-11-11T10:04:13.095+0000] {processor.py:183} INFO - Processing /opt/airflow/dags/etl_dag.py took 0.134 seconds
[2025-11-11T10:04:43.639+0000] {processor.py:161} INFO - Started process (PID=3285) to work on /opt/airflow/dags/etl_dag.py
[2025-11-11T10:04:43.654+0000] {processor.py:830} INFO - Processing file /opt/airflow/dags/etl_dag.py for tasks to queue
[2025-11-11T10:04:43.659+0000] {logging_mixin.py:188} INFO - [2025-11-11T10:04:43.659+0000] {dagbag.py:538} INFO - Filling up the DagBag from /opt/airflow/dags/etl_dag.py
[2025-11-11T10:04:43.703+0000] {processor.py:840} INFO - DAG(s) 'simple_etl_lineage' retrieved from /opt/airflow/dags/etl_dag.py
[2025-11-11T10:04:43.753+0000] {logging_mixin.py:188} INFO - [2025-11-11T10:04:43.752+0000] {dag.py:3036} INFO - Sync 1 DAGs
[2025-11-11T10:04:43.771+0000] {logging_mixin.py:188} INFO - [2025-11-11T10:04:43.771+0000] {dag.py:3823} INFO - Setting next_dagrun for simple_etl_lineage to None, run_after=None
[2025-11-11T10:04:43.811+0000] {processor.py:183} INFO - Processing /opt/airflow/dags/etl_dag.py took 0.178 seconds
[2025-11-11T10:05:14.503+0000] {processor.py:161} INFO - Started process (PID=3295) to work on /opt/airflow/dags/etl_dag.py
[2025-11-11T10:05:14.505+0000] {processor.py:830} INFO - Processing file /opt/airflow/dags/etl_dag.py for tasks to queue
[2025-11-11T10:05:14.507+0000] {logging_mixin.py:188} INFO - [2025-11-11T10:05:14.506+0000] {dagbag.py:538} INFO - Filling up the DagBag from /opt/airflow/dags/etl_dag.py
[2025-11-11T10:05:14.572+0000] {processor.py:840} INFO - DAG(s) 'simple_etl_lineage' retrieved from /opt/airflow/dags/etl_dag.py
[2025-11-11T10:05:14.641+0000] {logging_mixin.py:188} INFO - [2025-11-11T10:05:14.640+0000] {dag.py:3036} INFO - Sync 1 DAGs
[2025-11-11T10:05:14.678+0000] {logging_mixin.py:188} INFO - [2025-11-11T10:05:14.677+0000] {dag.py:3823} INFO - Setting next_dagrun for simple_etl_lineage to None, run_after=None
[2025-11-11T10:05:14.729+0000] {processor.py:183} INFO - Processing /opt/airflow/dags/etl_dag.py took 0.230 seconds
[2025-11-11T10:05:44.858+0000] {processor.py:161} INFO - Started process (PID=3305) to work on /opt/airflow/dags/etl_dag.py
[2025-11-11T10:05:44.859+0000] {processor.py:830} INFO - Processing file /opt/airflow/dags/etl_dag.py for tasks to queue
[2025-11-11T10:05:44.861+0000] {logging_mixin.py:188} INFO - [2025-11-11T10:05:44.860+0000] {dagbag.py:538} INFO - Filling up the DagBag from /opt/airflow/dags/etl_dag.py
[2025-11-11T10:05:44.882+0000] {processor.py:840} INFO - DAG(s) 'simple_etl_lineage' retrieved from /opt/airflow/dags/etl_dag.py
[2025-11-11T10:05:44.910+0000] {logging_mixin.py:188} INFO - [2025-11-11T10:05:44.909+0000] {dag.py:3036} INFO - Sync 1 DAGs
[2025-11-11T10:05:44.922+0000] {logging_mixin.py:188} INFO - [2025-11-11T10:05:44.921+0000] {dag.py:3823} INFO - Setting next_dagrun for simple_etl_lineage to None, run_after=None
[2025-11-11T10:05:44.945+0000] {processor.py:183} INFO - Processing /opt/airflow/dags/etl_dag.py took 0.091 seconds
[2025-11-11T10:06:15.258+0000] {processor.py:161} INFO - Started process (PID=3315) to work on /opt/airflow/dags/etl_dag.py
[2025-11-11T10:06:15.260+0000] {processor.py:830} INFO - Processing file /opt/airflow/dags/etl_dag.py for tasks to queue
[2025-11-11T10:06:15.261+0000] {logging_mixin.py:188} INFO - [2025-11-11T10:06:15.261+0000] {dagbag.py:538} INFO - Filling up the DagBag from /opt/airflow/dags/etl_dag.py
[2025-11-11T10:06:15.280+0000] {processor.py:840} INFO - DAG(s) 'simple_etl_lineage' retrieved from /opt/airflow/dags/etl_dag.py
[2025-11-11T10:06:15.306+0000] {logging_mixin.py:188} INFO - [2025-11-11T10:06:15.305+0000] {dag.py:3036} INFO - Sync 1 DAGs
[2025-11-11T10:06:15.318+0000] {logging_mixin.py:188} INFO - [2025-11-11T10:06:15.318+0000] {dag.py:3823} INFO - Setting next_dagrun for simple_etl_lineage to None, run_after=None
[2025-11-11T10:06:15.341+0000] {processor.py:183} INFO - Processing /opt/airflow/dags/etl_dag.py took 0.087 seconds
[2025-11-11T10:06:45.689+0000] {processor.py:161} INFO - Started process (PID=3325) to work on /opt/airflow/dags/etl_dag.py
[2025-11-11T10:06:45.691+0000] {processor.py:830} INFO - Processing file /opt/airflow/dags/etl_dag.py for tasks to queue
[2025-11-11T10:06:45.692+0000] {logging_mixin.py:188} INFO - [2025-11-11T10:06:45.692+0000] {dagbag.py:538} INFO - Filling up the DagBag from /opt/airflow/dags/etl_dag.py
[2025-11-11T10:06:45.748+0000] {processor.py:840} INFO - DAG(s) 'simple_etl_lineage' retrieved from /opt/airflow/dags/etl_dag.py
[2025-11-11T10:06:45.812+0000] {logging_mixin.py:188} INFO - [2025-11-11T10:06:45.812+0000] {dag.py:3036} INFO - Sync 1 DAGs
[2025-11-11T10:06:45.850+0000] {logging_mixin.py:188} INFO - [2025-11-11T10:06:45.850+0000] {dag.py:3823} INFO - Setting next_dagrun for simple_etl_lineage to None, run_after=None
[2025-11-11T10:06:45.939+0000] {processor.py:183} INFO - Processing /opt/airflow/dags/etl_dag.py took 0.253 seconds
[2025-11-11T10:07:16.595+0000] {processor.py:161} INFO - Started process (PID=3335) to work on /opt/airflow/dags/etl_dag.py
[2025-11-11T10:07:16.597+0000] {processor.py:830} INFO - Processing file /opt/airflow/dags/etl_dag.py for tasks to queue
[2025-11-11T10:07:16.606+0000] {logging_mixin.py:188} INFO - [2025-11-11T10:07:16.606+0000] {dagbag.py:538} INFO - Filling up the DagBag from /opt/airflow/dags/etl_dag.py
[2025-11-11T10:07:16.648+0000] {processor.py:840} INFO - DAG(s) 'simple_etl_lineage' retrieved from /opt/airflow/dags/etl_dag.py
[2025-11-11T10:07:16.706+0000] {logging_mixin.py:188} INFO - [2025-11-11T10:07:16.706+0000] {dag.py:3036} INFO - Sync 1 DAGs
[2025-11-11T10:07:16.729+0000] {logging_mixin.py:188} INFO - [2025-11-11T10:07:16.729+0000] {dag.py:3823} INFO - Setting next_dagrun for simple_etl_lineage to None, run_after=None
[2025-11-11T10:07:16.765+0000] {processor.py:183} INFO - Processing /opt/airflow/dags/etl_dag.py took 0.176 seconds
[2025-11-11T10:07:46.954+0000] {processor.py:161} INFO - Started process (PID=3345) to work on /opt/airflow/dags/etl_dag.py
[2025-11-11T10:07:46.968+0000] {processor.py:830} INFO - Processing file /opt/airflow/dags/etl_dag.py for tasks to queue
[2025-11-11T10:07:46.974+0000] {logging_mixin.py:188} INFO - [2025-11-11T10:07:46.973+0000] {dagbag.py:538} INFO - Filling up the DagBag from /opt/airflow/dags/etl_dag.py
[2025-11-11T10:07:46.996+0000] {processor.py:840} INFO - DAG(s) 'simple_etl_lineage' retrieved from /opt/airflow/dags/etl_dag.py
[2025-11-11T10:07:47.021+0000] {logging_mixin.py:188} INFO - [2025-11-11T10:07:47.021+0000] {dag.py:3036} INFO - Sync 1 DAGs
[2025-11-11T10:07:47.033+0000] {logging_mixin.py:188} INFO - [2025-11-11T10:07:47.033+0000] {dag.py:3823} INFO - Setting next_dagrun for simple_etl_lineage to None, run_after=None
[2025-11-11T10:07:47.058+0000] {processor.py:183} INFO - Processing /opt/airflow/dags/etl_dag.py took 0.109 seconds
[2025-11-11T10:08:17.717+0000] {processor.py:161} INFO - Started process (PID=3355) to work on /opt/airflow/dags/etl_dag.py
[2025-11-11T10:08:17.719+0000] {processor.py:830} INFO - Processing file /opt/airflow/dags/etl_dag.py for tasks to queue
[2025-11-11T10:08:17.720+0000] {logging_mixin.py:188} INFO - [2025-11-11T10:08:17.720+0000] {dagbag.py:538} INFO - Filling up the DagBag from /opt/airflow/dags/etl_dag.py
[2025-11-11T10:08:17.752+0000] {processor.py:840} INFO - DAG(s) 'simple_etl_lineage' retrieved from /opt/airflow/dags/etl_dag.py
[2025-11-11T10:08:17.795+0000] {logging_mixin.py:188} INFO - [2025-11-11T10:08:17.794+0000] {dag.py:3036} INFO - Sync 1 DAGs
[2025-11-11T10:08:17.812+0000] {logging_mixin.py:188} INFO - [2025-11-11T10:08:17.812+0000] {dag.py:3823} INFO - Setting next_dagrun for simple_etl_lineage to None, run_after=None
[2025-11-11T10:08:17.846+0000] {processor.py:183} INFO - Processing /opt/airflow/dags/etl_dag.py took 0.133 seconds
[2025-11-11T10:08:48.271+0000] {processor.py:161} INFO - Started process (PID=3365) to work on /opt/airflow/dags/etl_dag.py
[2025-11-11T10:08:48.273+0000] {processor.py:830} INFO - Processing file /opt/airflow/dags/etl_dag.py for tasks to queue
[2025-11-11T10:08:48.275+0000] {logging_mixin.py:188} INFO - [2025-11-11T10:08:48.274+0000] {dagbag.py:538} INFO - Filling up the DagBag from /opt/airflow/dags/etl_dag.py
[2025-11-11T10:08:48.305+0000] {processor.py:840} INFO - DAG(s) 'simple_etl_lineage' retrieved from /opt/airflow/dags/etl_dag.py
[2025-11-11T10:08:48.358+0000] {logging_mixin.py:188} INFO - [2025-11-11T10:08:48.358+0000] {dag.py:3036} INFO - Sync 1 DAGs
[2025-11-11T10:08:48.375+0000] {logging_mixin.py:188} INFO - [2025-11-11T10:08:48.375+0000] {dag.py:3823} INFO - Setting next_dagrun for simple_etl_lineage to None, run_after=None
[2025-11-11T10:08:48.403+0000] {processor.py:183} INFO - Processing /opt/airflow/dags/etl_dag.py took 0.136 seconds
[2025-11-11T10:09:18.814+0000] {processor.py:161} INFO - Started process (PID=3375) to work on /opt/airflow/dags/etl_dag.py
[2025-11-11T10:09:18.815+0000] {processor.py:830} INFO - Processing file /opt/airflow/dags/etl_dag.py for tasks to queue
[2025-11-11T10:09:18.817+0000] {logging_mixin.py:188} INFO - [2025-11-11T10:09:18.817+0000] {dagbag.py:538} INFO - Filling up the DagBag from /opt/airflow/dags/etl_dag.py
[2025-11-11T10:09:18.858+0000] {processor.py:840} INFO - DAG(s) 'simple_etl_lineage' retrieved from /opt/airflow/dags/etl_dag.py
[2025-11-11T10:09:18.905+0000] {logging_mixin.py:188} INFO - [2025-11-11T10:09:18.904+0000] {dag.py:3036} INFO - Sync 1 DAGs
[2025-11-11T10:09:18.925+0000] {logging_mixin.py:188} INFO - [2025-11-11T10:09:18.924+0000] {dag.py:3823} INFO - Setting next_dagrun for simple_etl_lineage to None, run_after=None
[2025-11-11T10:09:18.985+0000] {processor.py:183} INFO - Processing /opt/airflow/dags/etl_dag.py took 0.176 seconds
[2025-11-11T10:09:49.499+0000] {processor.py:161} INFO - Started process (PID=3385) to work on /opt/airflow/dags/etl_dag.py
[2025-11-11T10:09:49.501+0000] {processor.py:830} INFO - Processing file /opt/airflow/dags/etl_dag.py for tasks to queue
[2025-11-11T10:09:49.503+0000] {logging_mixin.py:188} INFO - [2025-11-11T10:09:49.502+0000] {dagbag.py:538} INFO - Filling up the DagBag from /opt/airflow/dags/etl_dag.py
[2025-11-11T10:09:49.528+0000] {processor.py:840} INFO - DAG(s) 'simple_etl_lineage' retrieved from /opt/airflow/dags/etl_dag.py
[2025-11-11T10:09:49.563+0000] {logging_mixin.py:188} INFO - [2025-11-11T10:09:49.562+0000] {dag.py:3036} INFO - Sync 1 DAGs
[2025-11-11T10:09:49.577+0000] {logging_mixin.py:188} INFO - [2025-11-11T10:09:49.577+0000] {dag.py:3823} INFO - Setting next_dagrun for simple_etl_lineage to None, run_after=None
[2025-11-11T10:09:49.610+0000] {processor.py:183} INFO - Processing /opt/airflow/dags/etl_dag.py took 0.116 seconds
[2025-11-11T10:10:20.567+0000] {processor.py:161} INFO - Started process (PID=3395) to work on /opt/airflow/dags/etl_dag.py
[2025-11-11T10:10:20.576+0000] {processor.py:830} INFO - Processing file /opt/airflow/dags/etl_dag.py for tasks to queue
[2025-11-11T10:10:20.597+0000] {logging_mixin.py:188} INFO - [2025-11-11T10:10:20.596+0000] {dagbag.py:538} INFO - Filling up the DagBag from /opt/airflow/dags/etl_dag.py
[2025-11-11T10:10:20.763+0000] {processor.py:840} INFO - DAG(s) 'simple_etl_lineage' retrieved from /opt/airflow/dags/etl_dag.py
[2025-11-11T10:10:20.851+0000] {logging_mixin.py:188} INFO - [2025-11-11T10:10:20.850+0000] {dag.py:3036} INFO - Sync 1 DAGs
[2025-11-11T10:10:20.899+0000] {logging_mixin.py:188} INFO - [2025-11-11T10:10:20.899+0000] {dag.py:3823} INFO - Setting next_dagrun for simple_etl_lineage to None, run_after=None
[2025-11-11T10:10:20.980+0000] {processor.py:183} INFO - Processing /opt/airflow/dags/etl_dag.py took 0.417 seconds
[2025-11-11T10:10:51.145+0000] {processor.py:161} INFO - Started process (PID=3405) to work on /opt/airflow/dags/etl_dag.py
[2025-11-11T10:10:51.149+0000] {processor.py:830} INFO - Processing file /opt/airflow/dags/etl_dag.py for tasks to queue
[2025-11-11T10:10:51.155+0000] {logging_mixin.py:188} INFO - [2025-11-11T10:10:51.151+0000] {dagbag.py:538} INFO - Filling up the DagBag from /opt/airflow/dags/etl_dag.py
[2025-11-11T10:10:51.267+0000] {processor.py:840} INFO - DAG(s) 'simple_etl_lineage' retrieved from /opt/airflow/dags/etl_dag.py
[2025-11-11T10:10:51.349+0000] {logging_mixin.py:188} INFO - [2025-11-11T10:10:51.349+0000] {dag.py:3036} INFO - Sync 1 DAGs
[2025-11-11T10:10:51.430+0000] {logging_mixin.py:188} INFO - [2025-11-11T10:10:51.430+0000] {dag.py:3823} INFO - Setting next_dagrun for simple_etl_lineage to None, run_after=None
[2025-11-11T10:10:51.488+0000] {processor.py:183} INFO - Processing /opt/airflow/dags/etl_dag.py took 0.348 seconds
[2025-11-11T10:11:22.237+0000] {processor.py:161} INFO - Started process (PID=3415) to work on /opt/airflow/dags/etl_dag.py
[2025-11-11T10:11:22.238+0000] {processor.py:830} INFO - Processing file /opt/airflow/dags/etl_dag.py for tasks to queue
[2025-11-11T10:11:22.240+0000] {logging_mixin.py:188} INFO - [2025-11-11T10:11:22.240+0000] {dagbag.py:538} INFO - Filling up the DagBag from /opt/airflow/dags/etl_dag.py
[2025-11-11T10:11:22.267+0000] {processor.py:840} INFO - DAG(s) 'simple_etl_lineage' retrieved from /opt/airflow/dags/etl_dag.py
[2025-11-11T10:11:22.309+0000] {logging_mixin.py:188} INFO - [2025-11-11T10:11:22.308+0000] {dag.py:3036} INFO - Sync 1 DAGs
[2025-11-11T10:11:22.334+0000] {logging_mixin.py:188} INFO - [2025-11-11T10:11:22.333+0000] {dag.py:3823} INFO - Setting next_dagrun for simple_etl_lineage to None, run_after=None
[2025-11-11T10:11:22.367+0000] {processor.py:183} INFO - Processing /opt/airflow/dags/etl_dag.py took 0.134 seconds
[2025-11-11T10:11:52.455+0000] {processor.py:161} INFO - Started process (PID=3425) to work on /opt/airflow/dags/etl_dag.py
[2025-11-11T10:11:52.459+0000] {processor.py:830} INFO - Processing file /opt/airflow/dags/etl_dag.py for tasks to queue
[2025-11-11T10:11:52.461+0000] {logging_mixin.py:188} INFO - [2025-11-11T10:11:52.460+0000] {dagbag.py:538} INFO - Filling up the DagBag from /opt/airflow/dags/etl_dag.py
[2025-11-11T10:11:52.499+0000] {processor.py:840} INFO - DAG(s) 'simple_etl_lineage' retrieved from /opt/airflow/dags/etl_dag.py
[2025-11-11T10:11:52.553+0000] {logging_mixin.py:188} INFO - [2025-11-11T10:11:52.552+0000] {dag.py:3036} INFO - Sync 1 DAGs
[2025-11-11T10:11:52.574+0000] {logging_mixin.py:188} INFO - [2025-11-11T10:11:52.574+0000] {dag.py:3823} INFO - Setting next_dagrun for simple_etl_lineage to None, run_after=None
[2025-11-11T10:11:52.627+0000] {processor.py:183} INFO - Processing /opt/airflow/dags/etl_dag.py took 0.178 seconds
[2025-11-11T10:12:23.345+0000] {processor.py:161} INFO - Started process (PID=3435) to work on /opt/airflow/dags/etl_dag.py
[2025-11-11T10:12:23.347+0000] {processor.py:830} INFO - Processing file /opt/airflow/dags/etl_dag.py for tasks to queue
[2025-11-11T10:12:23.353+0000] {logging_mixin.py:188} INFO - [2025-11-11T10:12:23.352+0000] {dagbag.py:538} INFO - Filling up the DagBag from /opt/airflow/dags/etl_dag.py
[2025-11-11T10:12:23.443+0000] {processor.py:840} INFO - DAG(s) 'simple_etl_lineage' retrieved from /opt/airflow/dags/etl_dag.py
[2025-11-11T10:12:23.527+0000] {logging_mixin.py:188} INFO - [2025-11-11T10:12:23.527+0000] {dag.py:3036} INFO - Sync 1 DAGs
[2025-11-11T10:12:23.565+0000] {logging_mixin.py:188} INFO - [2025-11-11T10:12:23.564+0000] {dag.py:3823} INFO - Setting next_dagrun for simple_etl_lineage to None, run_after=None
[2025-11-11T10:12:23.627+0000] {processor.py:183} INFO - Processing /opt/airflow/dags/etl_dag.py took 0.310 seconds
[2025-11-11T10:12:53.843+0000] {processor.py:161} INFO - Started process (PID=3445) to work on /opt/airflow/dags/etl_dag.py
[2025-11-11T10:12:53.846+0000] {processor.py:830} INFO - Processing file /opt/airflow/dags/etl_dag.py for tasks to queue
[2025-11-11T10:12:53.848+0000] {logging_mixin.py:188} INFO - [2025-11-11T10:12:53.848+0000] {dagbag.py:538} INFO - Filling up the DagBag from /opt/airflow/dags/etl_dag.py
[2025-11-11T10:12:54.399+0000] {processor.py:840} INFO - DAG(s) 'simple_etl_lineage' retrieved from /opt/airflow/dags/etl_dag.py
[2025-11-11T10:12:54.494+0000] {logging_mixin.py:188} INFO - [2025-11-11T10:12:54.494+0000] {dag.py:3036} INFO - Sync 1 DAGs
[2025-11-11T10:12:54.546+0000] {logging_mixin.py:188} INFO - [2025-11-11T10:12:54.545+0000] {dag.py:3823} INFO - Setting next_dagrun for simple_etl_lineage to None, run_after=None
[2025-11-11T10:12:54.690+0000] {processor.py:183} INFO - Processing /opt/airflow/dags/etl_dag.py took 0.852 seconds
[2025-11-11T10:13:24.843+0000] {processor.py:161} INFO - Started process (PID=3455) to work on /opt/airflow/dags/etl_dag.py
[2025-11-11T10:13:24.846+0000] {processor.py:830} INFO - Processing file /opt/airflow/dags/etl_dag.py for tasks to queue
[2025-11-11T10:13:24.848+0000] {logging_mixin.py:188} INFO - [2025-11-11T10:13:24.847+0000] {dagbag.py:538} INFO - Filling up the DagBag from /opt/airflow/dags/etl_dag.py
[2025-11-11T10:13:24.880+0000] {processor.py:840} INFO - DAG(s) 'simple_etl_lineage' retrieved from /opt/airflow/dags/etl_dag.py
[2025-11-11T10:13:24.971+0000] {logging_mixin.py:188} INFO - [2025-11-11T10:13:24.970+0000] {dag.py:3036} INFO - Sync 1 DAGs
[2025-11-11T10:13:24.999+0000] {logging_mixin.py:188} INFO - [2025-11-11T10:13:24.998+0000] {dag.py:3823} INFO - Setting next_dagrun for simple_etl_lineage to None, run_after=None
[2025-11-11T10:13:25.051+0000] {processor.py:183} INFO - Processing /opt/airflow/dags/etl_dag.py took 0.213 seconds
[2025-11-11T10:13:55.975+0000] {processor.py:161} INFO - Started process (PID=3465) to work on /opt/airflow/dags/etl_dag.py
[2025-11-11T10:13:55.985+0000] {processor.py:830} INFO - Processing file /opt/airflow/dags/etl_dag.py for tasks to queue
[2025-11-11T10:13:55.988+0000] {logging_mixin.py:188} INFO - [2025-11-11T10:13:55.987+0000] {dagbag.py:538} INFO - Filling up the DagBag from /opt/airflow/dags/etl_dag.py
[2025-11-11T10:13:56.128+0000] {processor.py:840} INFO - DAG(s) 'simple_etl_lineage' retrieved from /opt/airflow/dags/etl_dag.py
[2025-11-11T10:13:56.257+0000] {logging_mixin.py:188} INFO - [2025-11-11T10:13:56.256+0000] {dag.py:3036} INFO - Sync 1 DAGs
[2025-11-11T10:13:56.310+0000] {logging_mixin.py:188} INFO - [2025-11-11T10:13:56.309+0000] {dag.py:3823} INFO - Setting next_dagrun for simple_etl_lineage to None, run_after=None
[2025-11-11T10:13:56.388+0000] {processor.py:183} INFO - Processing /opt/airflow/dags/etl_dag.py took 0.421 seconds
[2025-11-11T10:14:26.744+0000] {processor.py:161} INFO - Started process (PID=3473) to work on /opt/airflow/dags/etl_dag.py
[2025-11-11T10:14:26.756+0000] {processor.py:830} INFO - Processing file /opt/airflow/dags/etl_dag.py for tasks to queue
[2025-11-11T10:14:26.758+0000] {logging_mixin.py:188} INFO - [2025-11-11T10:14:26.757+0000] {dagbag.py:538} INFO - Filling up the DagBag from /opt/airflow/dags/etl_dag.py
[2025-11-11T10:14:26.816+0000] {processor.py:840} INFO - DAG(s) 'simple_etl_lineage' retrieved from /opt/airflow/dags/etl_dag.py
[2025-11-11T10:14:27.093+0000] {logging_mixin.py:188} INFO - [2025-11-11T10:14:27.093+0000] {dag.py:3036} INFO - Sync 1 DAGs
[2025-11-11T10:14:27.174+0000] {logging_mixin.py:188} INFO - [2025-11-11T10:14:27.173+0000] {dag.py:3823} INFO - Setting next_dagrun for simple_etl_lineage to None, run_after=None
[2025-11-11T10:14:27.292+0000] {processor.py:183} INFO - Processing /opt/airflow/dags/etl_dag.py took 0.554 seconds
[2025-11-11T10:14:58.140+0000] {processor.py:161} INFO - Started process (PID=3483) to work on /opt/airflow/dags/etl_dag.py
[2025-11-11T10:14:58.143+0000] {processor.py:830} INFO - Processing file /opt/airflow/dags/etl_dag.py for tasks to queue
[2025-11-11T10:14:58.145+0000] {logging_mixin.py:188} INFO - [2025-11-11T10:14:58.144+0000] {dagbag.py:538} INFO - Filling up the DagBag from /opt/airflow/dags/etl_dag.py
[2025-11-11T10:14:58.599+0000] {processor.py:840} INFO - DAG(s) 'simple_etl_lineage' retrieved from /opt/airflow/dags/etl_dag.py
[2025-11-11T10:14:58.836+0000] {logging_mixin.py:188} INFO - [2025-11-11T10:14:58.832+0000] {dag.py:3036} INFO - Sync 1 DAGs
[2025-11-11T10:14:59.091+0000] {logging_mixin.py:188} INFO - [2025-11-11T10:14:59.091+0000] {dag.py:3823} INFO - Setting next_dagrun for simple_etl_lineage to None, run_after=None
[2025-11-11T10:14:59.196+0000] {processor.py:183} INFO - Processing /opt/airflow/dags/etl_dag.py took 1.062 seconds
[2025-11-11T10:15:30.446+0000] {processor.py:161} INFO - Started process (PID=3493) to work on /opt/airflow/dags/etl_dag.py
[2025-11-11T10:15:30.450+0000] {processor.py:830} INFO - Processing file /opt/airflow/dags/etl_dag.py for tasks to queue
[2025-11-11T10:15:30.456+0000] {logging_mixin.py:188} INFO - [2025-11-11T10:15:30.456+0000] {dagbag.py:538} INFO - Filling up the DagBag from /opt/airflow/dags/etl_dag.py
[2025-11-11T10:15:30.555+0000] {processor.py:840} INFO - DAG(s) 'simple_etl_lineage' retrieved from /opt/airflow/dags/etl_dag.py
[2025-11-11T10:15:30.731+0000] {logging_mixin.py:188} INFO - [2025-11-11T10:15:30.731+0000] {dag.py:3036} INFO - Sync 1 DAGs
[2025-11-11T10:15:30.791+0000] {logging_mixin.py:188} INFO - [2025-11-11T10:15:30.791+0000] {dag.py:3823} INFO - Setting next_dagrun for simple_etl_lineage to None, run_after=None
[2025-11-11T10:15:30.954+0000] {processor.py:183} INFO - Processing /opt/airflow/dags/etl_dag.py took 0.514 seconds
[2025-11-11T10:16:01.476+0000] {processor.py:161} INFO - Started process (PID=3503) to work on /opt/airflow/dags/etl_dag.py
[2025-11-11T10:16:01.480+0000] {processor.py:830} INFO - Processing file /opt/airflow/dags/etl_dag.py for tasks to queue
[2025-11-11T10:16:01.489+0000] {logging_mixin.py:188} INFO - [2025-11-11T10:16:01.489+0000] {dagbag.py:538} INFO - Filling up the DagBag from /opt/airflow/dags/etl_dag.py
[2025-11-11T10:16:01.584+0000] {processor.py:840} INFO - DAG(s) 'simple_etl_lineage' retrieved from /opt/airflow/dags/etl_dag.py
[2025-11-11T10:16:01.665+0000] {logging_mixin.py:188} INFO - [2025-11-11T10:16:01.664+0000] {dag.py:3036} INFO - Sync 1 DAGs
[2025-11-11T10:16:01.701+0000] {logging_mixin.py:188} INFO - [2025-11-11T10:16:01.701+0000] {dag.py:3823} INFO - Setting next_dagrun for simple_etl_lineage to None, run_after=None
[2025-11-11T10:16:01.768+0000] {processor.py:183} INFO - Processing /opt/airflow/dags/etl_dag.py took 0.297 seconds
[2025-11-11T10:16:32.622+0000] {processor.py:161} INFO - Started process (PID=3513) to work on /opt/airflow/dags/etl_dag.py
[2025-11-11T10:16:32.637+0000] {processor.py:830} INFO - Processing file /opt/airflow/dags/etl_dag.py for tasks to queue
[2025-11-11T10:16:32.650+0000] {logging_mixin.py:188} INFO - [2025-11-11T10:16:32.649+0000] {dagbag.py:538} INFO - Filling up the DagBag from /opt/airflow/dags/etl_dag.py
[2025-11-11T10:16:32.995+0000] {processor.py:840} INFO - DAG(s) 'simple_etl_lineage' retrieved from /opt/airflow/dags/etl_dag.py
[2025-11-11T10:16:33.285+0000] {logging_mixin.py:188} INFO - [2025-11-11T10:16:33.285+0000] {dag.py:3036} INFO - Sync 1 DAGs
[2025-11-11T10:16:33.387+0000] {logging_mixin.py:188} INFO - [2025-11-11T10:16:33.386+0000] {dag.py:3823} INFO - Setting next_dagrun for simple_etl_lineage to None, run_after=None
[2025-11-11T10:16:33.592+0000] {processor.py:183} INFO - Processing /opt/airflow/dags/etl_dag.py took 0.987 seconds
[2025-11-11T10:17:04.813+0000] {processor.py:161} INFO - Started process (PID=3523) to work on /opt/airflow/dags/etl_dag.py
[2025-11-11T10:17:04.837+0000] {processor.py:830} INFO - Processing file /opt/airflow/dags/etl_dag.py for tasks to queue
[2025-11-11T10:17:04.853+0000] {logging_mixin.py:188} INFO - [2025-11-11T10:17:04.851+0000] {dagbag.py:538} INFO - Filling up the DagBag from /opt/airflow/dags/etl_dag.py
[2025-11-11T10:17:05.088+0000] {processor.py:840} INFO - DAG(s) 'simple_etl_lineage' retrieved from /opt/airflow/dags/etl_dag.py
[2025-11-11T10:17:05.417+0000] {logging_mixin.py:188} INFO - [2025-11-11T10:17:05.416+0000] {dag.py:3036} INFO - Sync 1 DAGs
[2025-11-11T10:17:05.620+0000] {logging_mixin.py:188} INFO - [2025-11-11T10:17:05.619+0000] {dag.py:3823} INFO - Setting next_dagrun for simple_etl_lineage to None, run_after=None
[2025-11-11T10:17:07.228+0000] {processor.py:183} INFO - Processing /opt/airflow/dags/etl_dag.py took 2.438 seconds
[2025-11-11T10:17:39.551+0000] {processor.py:161} INFO - Started process (PID=3533) to work on /opt/airflow/dags/etl_dag.py
[2025-11-11T10:17:39.556+0000] {processor.py:830} INFO - Processing file /opt/airflow/dags/etl_dag.py for tasks to queue
[2025-11-11T10:17:39.569+0000] {logging_mixin.py:188} INFO - [2025-11-11T10:17:39.568+0000] {dagbag.py:538} INFO - Filling up the DagBag from /opt/airflow/dags/etl_dag.py
[2025-11-11T10:17:39.941+0000] {processor.py:840} INFO - DAG(s) 'simple_etl_lineage' retrieved from /opt/airflow/dags/etl_dag.py
[2025-11-11T10:17:40.479+0000] {logging_mixin.py:188} INFO - [2025-11-11T10:17:40.478+0000] {dag.py:3036} INFO - Sync 1 DAGs
[2025-11-11T10:17:40.743+0000] {logging_mixin.py:188} INFO - [2025-11-11T10:17:40.742+0000] {dag.py:3823} INFO - Setting next_dagrun for simple_etl_lineage to None, run_after=None
[2025-11-11T10:17:40.906+0000] {processor.py:183} INFO - Processing /opt/airflow/dags/etl_dag.py took 1.362 seconds
[2025-11-11T10:18:11.068+0000] {processor.py:161} INFO - Started process (PID=3540) to work on /opt/airflow/dags/etl_dag.py
[2025-11-11T10:18:11.070+0000] {processor.py:830} INFO - Processing file /opt/airflow/dags/etl_dag.py for tasks to queue
[2025-11-11T10:18:11.073+0000] {logging_mixin.py:188} INFO - [2025-11-11T10:18:11.072+0000] {dagbag.py:538} INFO - Filling up the DagBag from /opt/airflow/dags/etl_dag.py
[2025-11-11T10:18:11.119+0000] {processor.py:840} INFO - DAG(s) 'simple_etl_lineage' retrieved from /opt/airflow/dags/etl_dag.py
[2025-11-11T10:18:11.159+0000] {logging_mixin.py:188} INFO - [2025-11-11T10:18:11.159+0000] {dag.py:3036} INFO - Sync 1 DAGs
[2025-11-11T10:18:11.184+0000] {logging_mixin.py:188} INFO - [2025-11-11T10:18:11.184+0000] {dag.py:3823} INFO - Setting next_dagrun for simple_etl_lineage to None, run_after=None
[2025-11-11T10:18:11.229+0000] {processor.py:183} INFO - Processing /opt/airflow/dags/etl_dag.py took 0.166 seconds
[2025-11-11T10:18:41.411+0000] {processor.py:161} INFO - Started process (PID=3550) to work on /opt/airflow/dags/etl_dag.py
[2025-11-11T10:18:41.424+0000] {processor.py:830} INFO - Processing file /opt/airflow/dags/etl_dag.py for tasks to queue
[2025-11-11T10:18:41.428+0000] {logging_mixin.py:188} INFO - [2025-11-11T10:18:41.427+0000] {dagbag.py:538} INFO - Filling up the DagBag from /opt/airflow/dags/etl_dag.py
[2025-11-11T10:18:41.485+0000] {processor.py:840} INFO - DAG(s) 'simple_etl_lineage' retrieved from /opt/airflow/dags/etl_dag.py
[2025-11-11T10:18:41.608+0000] {logging_mixin.py:188} INFO - [2025-11-11T10:18:41.608+0000] {dag.py:3036} INFO - Sync 1 DAGs
[2025-11-11T10:18:41.660+0000] {logging_mixin.py:188} INFO - [2025-11-11T10:18:41.660+0000] {dag.py:3823} INFO - Setting next_dagrun for simple_etl_lineage to None, run_after=None
[2025-11-11T10:18:41.740+0000] {processor.py:183} INFO - Processing /opt/airflow/dags/etl_dag.py took 0.335 seconds
[2025-11-11T10:19:12.797+0000] {processor.py:161} INFO - Started process (PID=3560) to work on /opt/airflow/dags/etl_dag.py
[2025-11-11T10:19:12.799+0000] {processor.py:830} INFO - Processing file /opt/airflow/dags/etl_dag.py for tasks to queue
[2025-11-11T10:19:12.801+0000] {logging_mixin.py:188} INFO - [2025-11-11T10:19:12.800+0000] {dagbag.py:538} INFO - Filling up the DagBag from /opt/airflow/dags/etl_dag.py
[2025-11-11T10:19:12.850+0000] {processor.py:840} INFO - DAG(s) 'simple_etl_lineage' retrieved from /opt/airflow/dags/etl_dag.py
[2025-11-11T10:19:12.938+0000] {logging_mixin.py:188} INFO - [2025-11-11T10:19:12.937+0000] {dag.py:3036} INFO - Sync 1 DAGs
[2025-11-11T10:19:12.981+0000] {logging_mixin.py:188} INFO - [2025-11-11T10:19:12.981+0000] {dag.py:3823} INFO - Setting next_dagrun for simple_etl_lineage to None, run_after=None
[2025-11-11T10:19:13.051+0000] {processor.py:183} INFO - Processing /opt/airflow/dags/etl_dag.py took 0.259 seconds
[2025-11-11T10:19:43.483+0000] {processor.py:161} INFO - Started process (PID=3570) to work on /opt/airflow/dags/etl_dag.py
[2025-11-11T10:19:43.505+0000] {processor.py:830} INFO - Processing file /opt/airflow/dags/etl_dag.py for tasks to queue
[2025-11-11T10:19:43.534+0000] {logging_mixin.py:188} INFO - [2025-11-11T10:19:43.533+0000] {dagbag.py:538} INFO - Filling up the DagBag from /opt/airflow/dags/etl_dag.py
[2025-11-11T10:19:43.651+0000] {processor.py:840} INFO - DAG(s) 'simple_etl_lineage' retrieved from /opt/airflow/dags/etl_dag.py
[2025-11-11T10:19:43.737+0000] {logging_mixin.py:188} INFO - [2025-11-11T10:19:43.737+0000] {dag.py:3036} INFO - Sync 1 DAGs
[2025-11-11T10:19:43.774+0000] {logging_mixin.py:188} INFO - [2025-11-11T10:19:43.774+0000] {dag.py:3823} INFO - Setting next_dagrun for simple_etl_lineage to None, run_after=None
[2025-11-11T10:19:43.951+0000] {processor.py:183} INFO - Processing /opt/airflow/dags/etl_dag.py took 0.482 seconds
[2025-11-11T10:20:14.534+0000] {processor.py:161} INFO - Started process (PID=3580) to work on /opt/airflow/dags/etl_dag.py
[2025-11-11T10:20:14.537+0000] {processor.py:830} INFO - Processing file /opt/airflow/dags/etl_dag.py for tasks to queue
[2025-11-11T10:20:14.547+0000] {logging_mixin.py:188} INFO - [2025-11-11T10:20:14.546+0000] {dagbag.py:538} INFO - Filling up the DagBag from /opt/airflow/dags/etl_dag.py
[2025-11-11T10:20:14.639+0000] {processor.py:840} INFO - DAG(s) 'simple_etl_lineage' retrieved from /opt/airflow/dags/etl_dag.py
[2025-11-11T10:20:14.711+0000] {logging_mixin.py:188} INFO - [2025-11-11T10:20:14.710+0000] {dag.py:3036} INFO - Sync 1 DAGs
[2025-11-11T10:20:14.760+0000] {logging_mixin.py:188} INFO - [2025-11-11T10:20:14.759+0000] {dag.py:3823} INFO - Setting next_dagrun for simple_etl_lineage to None, run_after=None
[2025-11-11T10:20:14.822+0000] {processor.py:183} INFO - Processing /opt/airflow/dags/etl_dag.py took 0.298 seconds
[2025-11-11T10:20:57.535+0000] {processor.py:161} INFO - Started process (PID=3593) to work on /opt/airflow/dags/etl_dag.py
[2025-11-11T10:20:57.559+0000] {processor.py:830} INFO - Processing file /opt/airflow/dags/etl_dag.py for tasks to queue
[2025-11-11T10:20:57.563+0000] {logging_mixin.py:188} INFO - [2025-11-11T10:20:57.562+0000] {dagbag.py:538} INFO - Filling up the DagBag from /opt/airflow/dags/etl_dag.py
[2025-11-11T10:20:59.877+0000] {processor.py:840} INFO - DAG(s) 'simple_etl_lineage' retrieved from /opt/airflow/dags/etl_dag.py
[2025-11-11T10:21:01.560+0000] {logging_mixin.py:188} INFO - [2025-11-11T10:21:01.539+0000] {dag.py:3036} INFO - Sync 1 DAGs
[2025-11-11T10:21:01.603+0000] {logging_mixin.py:188} INFO - [2025-11-11T10:21:01.602+0000] {dag.py:3823} INFO - Setting next_dagrun for simple_etl_lineage to None, run_after=None
[2025-11-11T10:21:01.771+0000] {processor.py:183} INFO - Processing /opt/airflow/dags/etl_dag.py took 4.294 seconds
[2025-11-11T10:21:38.106+0000] {processor.py:161} INFO - Started process (PID=3603) to work on /opt/airflow/dags/etl_dag.py
[2025-11-11T10:21:38.118+0000] {processor.py:830} INFO - Processing file /opt/airflow/dags/etl_dag.py for tasks to queue
[2025-11-11T10:21:38.234+0000] {logging_mixin.py:188} INFO - [2025-11-11T10:21:38.184+0000] {dagbag.py:538} INFO - Filling up the DagBag from /opt/airflow/dags/etl_dag.py
[2025-11-11T10:21:43.957+0000] {processor.py:840} INFO - DAG(s) 'simple_etl_lineage' retrieved from /opt/airflow/dags/etl_dag.py
[2025-11-11T10:21:48.018+0000] {logging_mixin.py:188} INFO - [2025-11-11T10:21:47.964+0000] {dag.py:3036} INFO - Sync 1 DAGs
[2025-11-11T10:21:48.848+0000] {logging_mixin.py:188} INFO - [2025-11-11T10:21:48.847+0000] {dag.py:3823} INFO - Setting next_dagrun for simple_etl_lineage to None, run_after=None
[2025-11-11T10:21:49.249+0000] {processor.py:183} INFO - Processing /opt/airflow/dags/etl_dag.py took 11.227 seconds
[2025-11-11T10:22:23.654+0000] {processor.py:161} INFO - Started process (PID=3613) to work on /opt/airflow/dags/etl_dag.py
[2025-11-11T10:22:23.798+0000] {processor.py:830} INFO - Processing file /opt/airflow/dags/etl_dag.py for tasks to queue
[2025-11-11T10:22:23.929+0000] {logging_mixin.py:188} INFO - [2025-11-11T10:22:23.928+0000] {dagbag.py:538} INFO - Filling up the DagBag from /opt/airflow/dags/etl_dag.py
[2025-11-11T10:22:26.918+0000] {processor.py:840} INFO - DAG(s) 'simple_etl_lineage' retrieved from /opt/airflow/dags/etl_dag.py
[2025-11-11T10:22:27.114+0000] {logging_mixin.py:188} INFO - [2025-11-11T10:22:27.113+0000] {dag.py:3036} INFO - Sync 1 DAGs
[2025-11-11T10:22:27.216+0000] {logging_mixin.py:188} INFO - [2025-11-11T10:22:27.216+0000] {dag.py:3823} INFO - Setting next_dagrun for simple_etl_lineage to None, run_after=None
[2025-11-11T10:22:27.345+0000] {processor.py:183} INFO - Processing /opt/airflow/dags/etl_dag.py took 3.994 seconds
[2025-11-11T10:22:59.839+0000] {processor.py:161} INFO - Started process (PID=3623) to work on /opt/airflow/dags/etl_dag.py
[2025-11-11T10:22:59.878+0000] {processor.py:830} INFO - Processing file /opt/airflow/dags/etl_dag.py for tasks to queue
[2025-11-11T10:22:59.897+0000] {logging_mixin.py:188} INFO - [2025-11-11T10:22:59.895+0000] {dagbag.py:538} INFO - Filling up the DagBag from /opt/airflow/dags/etl_dag.py
[2025-11-11T10:23:00.895+0000] {processor.py:840} INFO - DAG(s) 'simple_etl_lineage' retrieved from /opt/airflow/dags/etl_dag.py
[2025-11-11T10:23:01.289+0000] {logging_mixin.py:188} INFO - [2025-11-11T10:23:01.289+0000] {dag.py:3036} INFO - Sync 1 DAGs
[2025-11-11T10:23:01.403+0000] {logging_mixin.py:188} INFO - [2025-11-11T10:23:01.402+0000] {dag.py:3823} INFO - Setting next_dagrun for simple_etl_lineage to None, run_after=None
[2025-11-11T10:23:01.804+0000] {processor.py:183} INFO - Processing /opt/airflow/dags/etl_dag.py took 1.970 seconds
[2025-11-11T10:23:39.161+0000] {processor.py:161} INFO - Started process (PID=3633) to work on /opt/airflow/dags/etl_dag.py
[2025-11-11T10:23:39.377+0000] {processor.py:830} INFO - Processing file /opt/airflow/dags/etl_dag.py for tasks to queue
[2025-11-11T10:23:40.095+0000] {logging_mixin.py:188} INFO - [2025-11-11T10:23:39.737+0000] {dagbag.py:538} INFO - Filling up the DagBag from /opt/airflow/dags/etl_dag.py
[2025-11-11T10:23:48.762+0000] {processor.py:840} INFO - DAG(s) 'simple_etl_lineage' retrieved from /opt/airflow/dags/etl_dag.py
[2025-11-11T10:23:50.718+0000] {logging_mixin.py:188} INFO - [2025-11-11T10:23:50.711+0000] {dag.py:3036} INFO - Sync 1 DAGs
[2025-11-11T10:23:52.197+0000] {logging_mixin.py:188} INFO - [2025-11-11T10:23:52.196+0000] {dag.py:3823} INFO - Setting next_dagrun for simple_etl_lineage to None, run_after=None
[2025-11-11T10:23:52.661+0000] {processor.py:183} INFO - Processing /opt/airflow/dags/etl_dag.py took 13.514 seconds
[2025-11-11T10:24:24.267+0000] {processor.py:161} INFO - Started process (PID=3645) to work on /opt/airflow/dags/etl_dag.py
[2025-11-11T10:24:24.280+0000] {processor.py:830} INFO - Processing file /opt/airflow/dags/etl_dag.py for tasks to queue
[2025-11-11T10:24:24.286+0000] {logging_mixin.py:188} INFO - [2025-11-11T10:24:24.284+0000] {dagbag.py:538} INFO - Filling up the DagBag from /opt/airflow/dags/etl_dag.py
[2025-11-11T10:24:25.641+0000] {processor.py:840} INFO - DAG(s) 'simple_etl_lineage' retrieved from /opt/airflow/dags/etl_dag.py
[2025-11-11T10:24:25.853+0000] {logging_mixin.py:188} INFO - [2025-11-11T10:24:25.853+0000] {dag.py:3036} INFO - Sync 1 DAGs
[2025-11-11T10:24:25.934+0000] {logging_mixin.py:188} INFO - [2025-11-11T10:24:25.933+0000] {dag.py:3823} INFO - Setting next_dagrun for simple_etl_lineage to None, run_after=None
[2025-11-11T10:24:26.040+0000] {processor.py:183} INFO - Processing /opt/airflow/dags/etl_dag.py took 1.808 seconds
[2025-11-11T10:25:03.967+0000] {processor.py:161} INFO - Started process (PID=3658) to work on /opt/airflow/dags/etl_dag.py
[2025-11-11T10:25:03.974+0000] {processor.py:830} INFO - Processing file /opt/airflow/dags/etl_dag.py for tasks to queue
[2025-11-11T10:25:03.989+0000] {logging_mixin.py:188} INFO - [2025-11-11T10:25:03.988+0000] {dagbag.py:538} INFO - Filling up the DagBag from /opt/airflow/dags/etl_dag.py
[2025-11-11T10:25:04.534+0000] {processor.py:840} INFO - DAG(s) 'simple_etl_lineage' retrieved from /opt/airflow/dags/etl_dag.py
[2025-11-11T10:25:06.488+0000] {logging_mixin.py:188} INFO - [2025-11-11T10:25:06.488+0000] {dag.py:3036} INFO - Sync 1 DAGs
[2025-11-11T10:25:07.006+0000] {logging_mixin.py:188} INFO - [2025-11-11T10:25:07.005+0000] {dag.py:3823} INFO - Setting next_dagrun for simple_etl_lineage to None, run_after=None
[2025-11-11T10:25:07.300+0000] {processor.py:183} INFO - Processing /opt/airflow/dags/etl_dag.py took 3.528 seconds
[2025-11-11T10:26:48.798+0000] {processor.py:161} INFO - Started process (PID=3673) to work on /opt/airflow/dags/etl_dag.py
[2025-11-11T10:26:59.520+0000] {processor.py:830} INFO - Processing file /opt/airflow/dags/etl_dag.py for tasks to queue
[2025-11-11T10:27:04.969+0000] {logging_mixin.py:188} INFO - [2025-11-11T10:27:03.556+0000] {dagbag.py:538} INFO - Filling up the DagBag from /opt/airflow/dags/etl_dag.py
[2025-11-11T10:27:56.196+0000] {processor.py:161} INFO - Started process (PID=3679) to work on /opt/airflow/dags/etl_dag.py
[2025-11-11T10:27:56.217+0000] {processor.py:830} INFO - Processing file /opt/airflow/dags/etl_dag.py for tasks to queue
[2025-11-11T10:27:56.241+0000] {logging_mixin.py:188} INFO - [2025-11-11T10:27:56.223+0000] {dagbag.py:538} INFO - Filling up the DagBag from /opt/airflow/dags/etl_dag.py
[2025-11-11T10:28:19.707+0000] {processor.py:840} INFO - DAG(s) 'simple_etl_lineage' retrieved from /opt/airflow/dags/etl_dag.py
[2025-11-11T10:28:33.049+0000] {logging_mixin.py:188} INFO - [2025-11-11T10:28:33.034+0000] {dag.py:3036} INFO - Sync 1 DAGs
[2025-11-11T10:28:33.861+0000] {logging_mixin.py:188} INFO - [2025-11-11T10:28:33.860+0000] {dag.py:3823} INFO - Setting next_dagrun for simple_etl_lineage to None, run_after=None
[2025-11-11T10:28:35.906+0000] {processor.py:183} INFO - Processing /opt/airflow/dags/etl_dag.py took 39.869 seconds
[2025-11-11T10:29:13.637+0000] {processor.py:161} INFO - Started process (PID=3696) to work on /opt/airflow/dags/etl_dag.py
[2025-11-11T10:29:13.692+0000] {processor.py:830} INFO - Processing file /opt/airflow/dags/etl_dag.py for tasks to queue
[2025-11-11T10:29:13.745+0000] {logging_mixin.py:188} INFO - [2025-11-11T10:29:13.725+0000] {dagbag.py:538} INFO - Filling up the DagBag from /opt/airflow/dags/etl_dag.py
[2025-11-11T10:29:15.208+0000] {processor.py:840} INFO - DAG(s) 'simple_etl_lineage' retrieved from /opt/airflow/dags/etl_dag.py
[2025-11-11T10:29:15.566+0000] {logging_mixin.py:188} INFO - [2025-11-11T10:29:15.566+0000] {dag.py:3036} INFO - Sync 1 DAGs
[2025-11-11T10:29:15.644+0000] {logging_mixin.py:188} INFO - [2025-11-11T10:29:15.644+0000] {dag.py:3823} INFO - Setting next_dagrun for simple_etl_lineage to None, run_after=None
[2025-11-11T10:29:15.754+0000] {processor.py:183} INFO - Processing /opt/airflow/dags/etl_dag.py took 2.970 seconds
[2025-11-11T10:30:18.007+0000] {processor.py:161} INFO - Started process (PID=3705) to work on /opt/airflow/dags/etl_dag.py
[2025-11-11T10:30:18.190+0000] {processor.py:830} INFO - Processing file /opt/airflow/dags/etl_dag.py for tasks to queue
[2025-11-11T10:30:18.630+0000] {logging_mixin.py:188} INFO - [2025-11-11T10:30:18.611+0000] {dagbag.py:538} INFO - Filling up the DagBag from /opt/airflow/dags/etl_dag.py
[2025-11-11T10:30:20.628+0000] {processor.py:840} INFO - DAG(s) 'simple_etl_lineage' retrieved from /opt/airflow/dags/etl_dag.py
[2025-11-11T10:30:24.255+0000] {logging_mixin.py:188} INFO - [2025-11-11T10:30:24.254+0000] {dag.py:3036} INFO - Sync 1 DAGs
[2025-11-11T10:30:24.754+0000] {logging_mixin.py:188} INFO - [2025-11-11T10:30:24.754+0000] {dag.py:3823} INFO - Setting next_dagrun for simple_etl_lineage to None, run_after=None
[2025-11-11T10:30:25.053+0000] {processor.py:183} INFO - Processing /opt/airflow/dags/etl_dag.py took 7.787 seconds
[2025-11-11T10:30:56.625+0000] {processor.py:161} INFO - Started process (PID=3715) to work on /opt/airflow/dags/etl_dag.py
[2025-11-11T10:30:56.688+0000] {processor.py:830} INFO - Processing file /opt/airflow/dags/etl_dag.py for tasks to queue
[2025-11-11T10:30:56.717+0000] {logging_mixin.py:188} INFO - [2025-11-11T10:30:56.707+0000] {dagbag.py:538} INFO - Filling up the DagBag from /opt/airflow/dags/etl_dag.py
[2025-11-11T10:30:57.246+0000] {processor.py:840} INFO - DAG(s) 'simple_etl_lineage' retrieved from /opt/airflow/dags/etl_dag.py
[2025-11-11T10:30:58.086+0000] {logging_mixin.py:188} INFO - [2025-11-11T10:30:58.086+0000] {dag.py:3036} INFO - Sync 1 DAGs
[2025-11-11T10:30:58.302+0000] {logging_mixin.py:188} INFO - [2025-11-11T10:30:58.302+0000] {dag.py:3823} INFO - Setting next_dagrun for simple_etl_lineage to None, run_after=None
[2025-11-11T10:30:58.471+0000] {processor.py:183} INFO - Processing /opt/airflow/dags/etl_dag.py took 2.295 seconds
[2025-11-11T10:31:29.569+0000] {processor.py:161} INFO - Started process (PID=3727) to work on /opt/airflow/dags/etl_dag.py
[2025-11-11T10:31:29.572+0000] {processor.py:830} INFO - Processing file /opt/airflow/dags/etl_dag.py for tasks to queue
[2025-11-11T10:31:29.575+0000] {logging_mixin.py:188} INFO - [2025-11-11T10:31:29.574+0000] {dagbag.py:538} INFO - Filling up the DagBag from /opt/airflow/dags/etl_dag.py
[2025-11-11T10:31:29.675+0000] {processor.py:840} INFO - DAG(s) 'simple_etl_lineage' retrieved from /opt/airflow/dags/etl_dag.py
[2025-11-11T10:31:29.849+0000] {logging_mixin.py:188} INFO - [2025-11-11T10:31:29.849+0000] {dag.py:3036} INFO - Sync 1 DAGs
[2025-11-11T10:31:29.938+0000] {logging_mixin.py:188} INFO - [2025-11-11T10:31:29.938+0000] {dag.py:3823} INFO - Setting next_dagrun for simple_etl_lineage to None, run_after=None
[2025-11-11T10:31:30.040+0000] {processor.py:183} INFO - Processing /opt/airflow/dags/etl_dag.py took 0.484 seconds
[2025-11-11T10:32:00.230+0000] {processor.py:161} INFO - Started process (PID=3737) to work on /opt/airflow/dags/etl_dag.py
[2025-11-11T10:32:00.233+0000] {processor.py:830} INFO - Processing file /opt/airflow/dags/etl_dag.py for tasks to queue
[2025-11-11T10:32:00.234+0000] {logging_mixin.py:188} INFO - [2025-11-11T10:32:00.234+0000] {dagbag.py:538} INFO - Filling up the DagBag from /opt/airflow/dags/etl_dag.py
[2025-11-11T10:32:00.262+0000] {processor.py:840} INFO - DAG(s) 'simple_etl_lineage' retrieved from /opt/airflow/dags/etl_dag.py
[2025-11-11T10:32:00.308+0000] {logging_mixin.py:188} INFO - [2025-11-11T10:32:00.307+0000] {dag.py:3036} INFO - Sync 1 DAGs
[2025-11-11T10:32:00.348+0000] {logging_mixin.py:188} INFO - [2025-11-11T10:32:00.347+0000] {dag.py:3823} INFO - Setting next_dagrun for simple_etl_lineage to None, run_after=None
[2025-11-11T10:32:00.435+0000] {processor.py:183} INFO - Processing /opt/airflow/dags/etl_dag.py took 0.211 seconds
[2025-11-11T10:32:36.817+0000] {processor.py:161} INFO - Started process (PID=3745) to work on /opt/airflow/dags/etl_dag.py
[2025-11-11T10:32:36.835+0000] {processor.py:830} INFO - Processing file /opt/airflow/dags/etl_dag.py for tasks to queue
[2025-11-11T10:32:36.857+0000] {logging_mixin.py:188} INFO - [2025-11-11T10:32:36.851+0000] {dagbag.py:538} INFO - Filling up the DagBag from /opt/airflow/dags/etl_dag.py
[2025-11-11T10:32:37.672+0000] {processor.py:840} INFO - DAG(s) 'simple_etl_lineage' retrieved from /opt/airflow/dags/etl_dag.py
[2025-11-11T10:32:42.755+0000] {logging_mixin.py:188} INFO - [2025-11-11T10:32:42.754+0000] {dag.py:3036} INFO - Sync 1 DAGs
[2025-11-11T10:32:43.677+0000] {logging_mixin.py:188} INFO - [2025-11-11T10:32:43.677+0000] {dag.py:3823} INFO - Setting next_dagrun for simple_etl_lineage to None, run_after=None
[2025-11-11T10:32:45.152+0000] {processor.py:183} INFO - Processing /opt/airflow/dags/etl_dag.py took 8.557 seconds
[2025-11-11T10:33:51.131+0000] {processor.py:161} INFO - Started process (PID=3757) to work on /opt/airflow/dags/etl_dag.py
[2025-11-11T10:33:51.136+0000] {processor.py:830} INFO - Processing file /opt/airflow/dags/etl_dag.py for tasks to queue
[2025-11-11T10:33:51.139+0000] {logging_mixin.py:188} INFO - [2025-11-11T10:33:51.139+0000] {dagbag.py:538} INFO - Filling up the DagBag from /opt/airflow/dags/etl_dag.py
[2025-11-11T10:33:51.323+0000] {processor.py:840} INFO - DAG(s) 'simple_etl_lineage' retrieved from /opt/airflow/dags/etl_dag.py
[2025-11-11T10:33:51.739+0000] {logging_mixin.py:188} INFO - [2025-11-11T10:33:51.739+0000] {dag.py:3036} INFO - Sync 1 DAGs
[2025-11-11T10:33:51.842+0000] {logging_mixin.py:188} INFO - [2025-11-11T10:33:51.841+0000] {dag.py:3823} INFO - Setting next_dagrun for simple_etl_lineage to None, run_after=None
[2025-11-11T10:33:51.955+0000] {processor.py:183} INFO - Processing /opt/airflow/dags/etl_dag.py took 0.937 seconds
[2025-11-11T10:34:22.919+0000] {processor.py:161} INFO - Started process (PID=3768) to work on /opt/airflow/dags/etl_dag.py
[2025-11-11T10:34:22.921+0000] {processor.py:830} INFO - Processing file /opt/airflow/dags/etl_dag.py for tasks to queue
[2025-11-11T10:34:22.922+0000] {logging_mixin.py:188} INFO - [2025-11-11T10:34:22.922+0000] {dagbag.py:538} INFO - Filling up the DagBag from /opt/airflow/dags/etl_dag.py
[2025-11-11T10:34:23.006+0000] {processor.py:840} INFO - DAG(s) 'simple_etl_lineage' retrieved from /opt/airflow/dags/etl_dag.py
[2025-11-11T10:34:23.106+0000] {logging_mixin.py:188} INFO - [2025-11-11T10:34:23.105+0000] {dag.py:3036} INFO - Sync 1 DAGs
[2025-11-11T10:34:23.157+0000] {logging_mixin.py:188} INFO - [2025-11-11T10:34:23.157+0000] {dag.py:3823} INFO - Setting next_dagrun for simple_etl_lineage to None, run_after=None
[2025-11-11T10:34:23.222+0000] {processor.py:183} INFO - Processing /opt/airflow/dags/etl_dag.py took 0.308 seconds
[2025-11-11T10:34:53.525+0000] {processor.py:161} INFO - Started process (PID=3778) to work on /opt/airflow/dags/etl_dag.py
[2025-11-11T10:34:53.527+0000] {processor.py:830} INFO - Processing file /opt/airflow/dags/etl_dag.py for tasks to queue
[2025-11-11T10:34:53.528+0000] {logging_mixin.py:188} INFO - [2025-11-11T10:34:53.527+0000] {dagbag.py:538} INFO - Filling up the DagBag from /opt/airflow/dags/etl_dag.py
[2025-11-11T10:34:53.558+0000] {processor.py:840} INFO - DAG(s) 'simple_etl_lineage' retrieved from /opt/airflow/dags/etl_dag.py
[2025-11-11T10:34:53.598+0000] {logging_mixin.py:188} INFO - [2025-11-11T10:34:53.598+0000] {dag.py:3036} INFO - Sync 1 DAGs
[2025-11-11T10:34:53.621+0000] {logging_mixin.py:188} INFO - [2025-11-11T10:34:53.621+0000] {dag.py:3823} INFO - Setting next_dagrun for simple_etl_lineage to None, run_after=None
[2025-11-11T10:34:53.651+0000] {processor.py:183} INFO - Processing /opt/airflow/dags/etl_dag.py took 0.132 seconds
[2025-11-11T10:35:24.176+0000] {processor.py:161} INFO - Started process (PID=3788) to work on /opt/airflow/dags/etl_dag.py
[2025-11-11T10:35:24.177+0000] {processor.py:830} INFO - Processing file /opt/airflow/dags/etl_dag.py for tasks to queue
[2025-11-11T10:35:24.179+0000] {logging_mixin.py:188} INFO - [2025-11-11T10:35:24.179+0000] {dagbag.py:538} INFO - Filling up the DagBag from /opt/airflow/dags/etl_dag.py
[2025-11-11T10:35:24.219+0000] {processor.py:840} INFO - DAG(s) 'simple_etl_lineage' retrieved from /opt/airflow/dags/etl_dag.py
[2025-11-11T10:35:24.305+0000] {logging_mixin.py:188} INFO - [2025-11-11T10:35:24.304+0000] {dag.py:3036} INFO - Sync 1 DAGs
[2025-11-11T10:35:24.351+0000] {logging_mixin.py:188} INFO - [2025-11-11T10:35:24.351+0000] {dag.py:3823} INFO - Setting next_dagrun for simple_etl_lineage to None, run_after=None
[2025-11-11T10:35:24.449+0000] {processor.py:183} INFO - Processing /opt/airflow/dags/etl_dag.py took 0.277 seconds
[2025-11-11T10:35:55.267+0000] {processor.py:161} INFO - Started process (PID=3798) to work on /opt/airflow/dags/etl_dag.py
[2025-11-11T10:35:55.270+0000] {processor.py:830} INFO - Processing file /opt/airflow/dags/etl_dag.py for tasks to queue
[2025-11-11T10:35:55.282+0000] {logging_mixin.py:188} INFO - [2025-11-11T10:35:55.282+0000] {dagbag.py:538} INFO - Filling up the DagBag from /opt/airflow/dags/etl_dag.py
[2025-11-11T10:35:55.359+0000] {processor.py:840} INFO - DAG(s) 'simple_etl_lineage' retrieved from /opt/airflow/dags/etl_dag.py
[2025-11-11T10:35:55.490+0000] {logging_mixin.py:188} INFO - [2025-11-11T10:35:55.489+0000] {dag.py:3036} INFO - Sync 1 DAGs
[2025-11-11T10:35:55.571+0000] {logging_mixin.py:188} INFO - [2025-11-11T10:35:55.570+0000] {dag.py:3823} INFO - Setting next_dagrun for simple_etl_lineage to None, run_after=None
[2025-11-11T10:35:55.643+0000] {processor.py:183} INFO - Processing /opt/airflow/dags/etl_dag.py took 0.380 seconds
[2025-11-11T10:36:26.185+0000] {processor.py:161} INFO - Started process (PID=3808) to work on /opt/airflow/dags/etl_dag.py
[2025-11-11T10:36:26.187+0000] {processor.py:830} INFO - Processing file /opt/airflow/dags/etl_dag.py for tasks to queue
[2025-11-11T10:36:26.188+0000] {logging_mixin.py:188} INFO - [2025-11-11T10:36:26.187+0000] {dagbag.py:538} INFO - Filling up the DagBag from /opt/airflow/dags/etl_dag.py
[2025-11-11T10:36:26.231+0000] {processor.py:840} INFO - DAG(s) 'simple_etl_lineage' retrieved from /opt/airflow/dags/etl_dag.py
[2025-11-11T10:36:26.266+0000] {logging_mixin.py:188} INFO - [2025-11-11T10:36:26.266+0000] {dag.py:3036} INFO - Sync 1 DAGs
[2025-11-11T10:36:26.285+0000] {logging_mixin.py:188} INFO - [2025-11-11T10:36:26.284+0000] {dag.py:3823} INFO - Setting next_dagrun for simple_etl_lineage to None, run_after=None
[2025-11-11T10:36:26.314+0000] {processor.py:183} INFO - Processing /opt/airflow/dags/etl_dag.py took 0.141 seconds
[2025-11-11T10:37:07.362+0000] {processor.py:161} INFO - Started process (PID=3818) to work on /opt/airflow/dags/etl_dag.py
[2025-11-11T10:37:07.375+0000] {processor.py:830} INFO - Processing file /opt/airflow/dags/etl_dag.py for tasks to queue
[2025-11-11T10:37:07.391+0000] {logging_mixin.py:188} INFO - [2025-11-11T10:37:07.390+0000] {dagbag.py:538} INFO - Filling up the DagBag from /opt/airflow/dags/etl_dag.py
[2025-11-11T10:37:10.209+0000] {processor.py:840} INFO - DAG(s) 'simple_etl_lineage' retrieved from /opt/airflow/dags/etl_dag.py
[2025-11-11T10:37:10.458+0000] {logging_mixin.py:188} INFO - [2025-11-11T10:37:10.457+0000] {dag.py:3036} INFO - Sync 1 DAGs
[2025-11-11T10:37:10.533+0000] {logging_mixin.py:188} INFO - [2025-11-11T10:37:10.533+0000] {dag.py:3823} INFO - Setting next_dagrun for simple_etl_lineage to None, run_after=None
[2025-11-11T10:37:10.666+0000] {processor.py:183} INFO - Processing /opt/airflow/dags/etl_dag.py took 3.395 seconds
[2025-11-11T10:37:41.173+0000] {processor.py:161} INFO - Started process (PID=3828) to work on /opt/airflow/dags/etl_dag.py
[2025-11-11T10:37:41.177+0000] {processor.py:830} INFO - Processing file /opt/airflow/dags/etl_dag.py for tasks to queue
[2025-11-11T10:37:41.190+0000] {logging_mixin.py:188} INFO - [2025-11-11T10:37:41.181+0000] {dagbag.py:538} INFO - Filling up the DagBag from /opt/airflow/dags/etl_dag.py
[2025-11-11T10:37:41.462+0000] {processor.py:840} INFO - DAG(s) 'simple_etl_lineage' retrieved from /opt/airflow/dags/etl_dag.py
[2025-11-11T10:37:41.577+0000] {logging_mixin.py:188} INFO - [2025-11-11T10:37:41.577+0000] {dag.py:3036} INFO - Sync 1 DAGs
[2025-11-11T10:37:41.651+0000] {logging_mixin.py:188} INFO - [2025-11-11T10:37:41.650+0000] {dag.py:3823} INFO - Setting next_dagrun for simple_etl_lineage to None, run_after=None
[2025-11-11T10:37:41.793+0000] {processor.py:183} INFO - Processing /opt/airflow/dags/etl_dag.py took 0.638 seconds
[2025-11-11T10:38:13.049+0000] {processor.py:161} INFO - Started process (PID=3839) to work on /opt/airflow/dags/etl_dag.py
[2025-11-11T10:38:15.658+0000] {processor.py:830} INFO - Processing file /opt/airflow/dags/etl_dag.py for tasks to queue
[2025-11-11T10:38:15.775+0000] {logging_mixin.py:188} INFO - [2025-11-11T10:38:15.774+0000] {dagbag.py:538} INFO - Filling up the DagBag from /opt/airflow/dags/etl_dag.py
[2025-11-11T10:38:17.290+0000] {processor.py:840} INFO - DAG(s) 'simple_etl_lineage' retrieved from /opt/airflow/dags/etl_dag.py
[2025-11-11T10:38:17.784+0000] {logging_mixin.py:188} INFO - [2025-11-11T10:38:17.784+0000] {dag.py:3036} INFO - Sync 1 DAGs
[2025-11-11T10:38:17.937+0000] {logging_mixin.py:188} INFO - [2025-11-11T10:38:17.904+0000] {dag.py:3823} INFO - Setting next_dagrun for simple_etl_lineage to None, run_after=None
[2025-11-11T10:38:18.019+0000] {processor.py:183} INFO - Processing /opt/airflow/dags/etl_dag.py took 5.478 seconds
[2025-11-11T10:38:50.652+0000] {processor.py:161} INFO - Started process (PID=3849) to work on /opt/airflow/dags/etl_dag.py
[2025-11-11T10:38:50.663+0000] {processor.py:830} INFO - Processing file /opt/airflow/dags/etl_dag.py for tasks to queue
[2025-11-11T10:38:50.671+0000] {logging_mixin.py:188} INFO - [2025-11-11T10:38:50.670+0000] {dagbag.py:538} INFO - Filling up the DagBag from /opt/airflow/dags/etl_dag.py
[2025-11-11T10:38:51.138+0000] {processor.py:840} INFO - DAG(s) 'simple_etl_lineage' retrieved from /opt/airflow/dags/etl_dag.py
[2025-11-11T10:38:51.363+0000] {logging_mixin.py:188} INFO - [2025-11-11T10:38:51.353+0000] {dag.py:3036} INFO - Sync 1 DAGs
[2025-11-11T10:38:52.151+0000] {logging_mixin.py:188} INFO - [2025-11-11T10:38:52.151+0000] {dag.py:3823} INFO - Setting next_dagrun for simple_etl_lineage to None, run_after=None
[2025-11-11T10:38:52.950+0000] {processor.py:183} INFO - Processing /opt/airflow/dags/etl_dag.py took 2.307 seconds
[2025-11-11T10:39:24.651+0000] {processor.py:161} INFO - Started process (PID=3859) to work on /opt/airflow/dags/etl_dag.py
[2025-11-11T10:39:24.655+0000] {processor.py:830} INFO - Processing file /opt/airflow/dags/etl_dag.py for tasks to queue
[2025-11-11T10:39:24.663+0000] {logging_mixin.py:188} INFO - [2025-11-11T10:39:24.657+0000] {dagbag.py:538} INFO - Filling up the DagBag from /opt/airflow/dags/etl_dag.py
[2025-11-11T10:39:25.048+0000] {processor.py:840} INFO - DAG(s) 'simple_etl_lineage' retrieved from /opt/airflow/dags/etl_dag.py
[2025-11-11T10:39:25.186+0000] {logging_mixin.py:188} INFO - [2025-11-11T10:39:25.186+0000] {dag.py:3036} INFO - Sync 1 DAGs
[2025-11-11T10:39:25.273+0000] {logging_mixin.py:188} INFO - [2025-11-11T10:39:25.272+0000] {dag.py:3823} INFO - Setting next_dagrun for simple_etl_lineage to None, run_after=None
[2025-11-11T10:39:25.352+0000] {processor.py:183} INFO - Processing /opt/airflow/dags/etl_dag.py took 0.707 seconds
[2025-11-11T10:39:56.202+0000] {processor.py:161} INFO - Started process (PID=3869) to work on /opt/airflow/dags/etl_dag.py
[2025-11-11T10:39:56.203+0000] {processor.py:830} INFO - Processing file /opt/airflow/dags/etl_dag.py for tasks to queue
[2025-11-11T10:39:56.205+0000] {logging_mixin.py:188} INFO - [2025-11-11T10:39:56.204+0000] {dagbag.py:538} INFO - Filling up the DagBag from /opt/airflow/dags/etl_dag.py
[2025-11-11T10:39:56.243+0000] {processor.py:840} INFO - DAG(s) 'simple_etl_lineage' retrieved from /opt/airflow/dags/etl_dag.py
[2025-11-11T10:39:56.279+0000] {logging_mixin.py:188} INFO - [2025-11-11T10:39:56.278+0000] {dag.py:3036} INFO - Sync 1 DAGs
[2025-11-11T10:39:56.294+0000] {logging_mixin.py:188} INFO - [2025-11-11T10:39:56.294+0000] {dag.py:3823} INFO - Setting next_dagrun for simple_etl_lineage to None, run_after=None
[2025-11-11T10:39:56.326+0000] {processor.py:183} INFO - Processing /opt/airflow/dags/etl_dag.py took 0.129 seconds
[2025-11-11T10:40:27.358+0000] {processor.py:161} INFO - Started process (PID=3879) to work on /opt/airflow/dags/etl_dag.py
[2025-11-11T10:40:27.383+0000] {processor.py:830} INFO - Processing file /opt/airflow/dags/etl_dag.py for tasks to queue
[2025-11-11T10:40:27.401+0000] {logging_mixin.py:188} INFO - [2025-11-11T10:40:27.400+0000] {dagbag.py:538} INFO - Filling up the DagBag from /opt/airflow/dags/etl_dag.py
[2025-11-11T10:40:41.413+0000] {processor.py:840} INFO - DAG(s) 'simple_etl_lineage' retrieved from /opt/airflow/dags/etl_dag.py
[2025-11-11T10:40:43.486+0000] {logging_mixin.py:188} INFO - [2025-11-11T10:40:43.485+0000] {dag.py:3036} INFO - Sync 1 DAGs
[2025-11-11T10:40:43.686+0000] {logging_mixin.py:188} INFO - [2025-11-11T10:40:43.686+0000] {dag.py:3823} INFO - Setting next_dagrun for simple_etl_lineage to None, run_after=None
[2025-11-11T10:40:44.015+0000] {processor.py:183} INFO - Processing /opt/airflow/dags/etl_dag.py took 16.663 seconds
[2025-11-11T10:41:24.267+0000] {processor.py:161} INFO - Started process (PID=3889) to work on /opt/airflow/dags/etl_dag.py
[2025-11-11T10:41:24.281+0000] {processor.py:830} INFO - Processing file /opt/airflow/dags/etl_dag.py for tasks to queue
[2025-11-11T10:41:24.330+0000] {logging_mixin.py:188} INFO - [2025-11-11T10:41:24.322+0000] {dagbag.py:538} INFO - Filling up the DagBag from /opt/airflow/dags/etl_dag.py
[2025-11-11T10:41:24.607+0000] {processor.py:840} INFO - DAG(s) 'simple_etl_lineage' retrieved from /opt/airflow/dags/etl_dag.py
[2025-11-11T10:41:25.005+0000] {logging_mixin.py:188} INFO - [2025-11-11T10:41:25.005+0000] {dag.py:3036} INFO - Sync 1 DAGs
[2025-11-11T10:41:25.088+0000] {logging_mixin.py:188} INFO - [2025-11-11T10:41:25.088+0000] {dag.py:3823} INFO - Setting next_dagrun for simple_etl_lineage to None, run_after=None
[2025-11-11T10:41:25.179+0000] {processor.py:183} INFO - Processing /opt/airflow/dags/etl_dag.py took 0.979 seconds
[2025-11-11T10:42:02.855+0000] {processor.py:161} INFO - Started process (PID=3899) to work on /opt/airflow/dags/etl_dag.py
[2025-11-11T10:42:02.992+0000] {processor.py:830} INFO - Processing file /opt/airflow/dags/etl_dag.py for tasks to queue
[2025-11-11T10:42:03.512+0000] {logging_mixin.py:188} INFO - [2025-11-11T10:42:03.015+0000] {dagbag.py:538} INFO - Filling up the DagBag from /opt/airflow/dags/etl_dag.py
[2025-11-11T10:42:04.808+0000] {processor.py:840} INFO - DAG(s) 'simple_etl_lineage' retrieved from /opt/airflow/dags/etl_dag.py
[2025-11-11T10:42:05.370+0000] {logging_mixin.py:188} INFO - [2025-11-11T10:42:05.370+0000] {dag.py:3036} INFO - Sync 1 DAGs
[2025-11-11T10:42:05.473+0000] {logging_mixin.py:188} INFO - [2025-11-11T10:42:05.473+0000] {dag.py:3823} INFO - Setting next_dagrun for simple_etl_lineage to None, run_after=None
[2025-11-11T10:42:05.694+0000] {processor.py:183} INFO - Processing /opt/airflow/dags/etl_dag.py took 2.989 seconds
[2025-11-11T10:42:36.226+0000] {processor.py:161} INFO - Started process (PID=3909) to work on /opt/airflow/dags/etl_dag.py
[2025-11-11T10:42:36.233+0000] {processor.py:830} INFO - Processing file /opt/airflow/dags/etl_dag.py for tasks to queue
[2025-11-11T10:42:36.237+0000] {logging_mixin.py:188} INFO - [2025-11-11T10:42:36.236+0000] {dagbag.py:538} INFO - Filling up the DagBag from /opt/airflow/dags/etl_dag.py
[2025-11-11T10:42:36.284+0000] {processor.py:840} INFO - DAG(s) 'simple_etl_lineage' retrieved from /opt/airflow/dags/etl_dag.py
[2025-11-11T10:42:36.345+0000] {logging_mixin.py:188} INFO - [2025-11-11T10:42:36.345+0000] {dag.py:3036} INFO - Sync 1 DAGs
[2025-11-11T10:42:36.403+0000] {logging_mixin.py:188} INFO - [2025-11-11T10:42:36.402+0000] {dag.py:3823} INFO - Setting next_dagrun for simple_etl_lineage to None, run_after=None
[2025-11-11T10:42:36.483+0000] {processor.py:183} INFO - Processing /opt/airflow/dags/etl_dag.py took 0.262 seconds
[2025-11-11T10:43:07.184+0000] {processor.py:161} INFO - Started process (PID=3919) to work on /opt/airflow/dags/etl_dag.py
[2025-11-11T10:43:07.201+0000] {processor.py:830} INFO - Processing file /opt/airflow/dags/etl_dag.py for tasks to queue
[2025-11-11T10:43:07.214+0000] {logging_mixin.py:188} INFO - [2025-11-11T10:43:07.214+0000] {dagbag.py:538} INFO - Filling up the DagBag from /opt/airflow/dags/etl_dag.py
[2025-11-11T10:43:07.359+0000] {processor.py:840} INFO - DAG(s) 'simple_etl_lineage' retrieved from /opt/airflow/dags/etl_dag.py
[2025-11-11T10:43:07.494+0000] {logging_mixin.py:188} INFO - [2025-11-11T10:43:07.494+0000] {dag.py:3036} INFO - Sync 1 DAGs
[2025-11-11T10:43:07.555+0000] {logging_mixin.py:188} INFO - [2025-11-11T10:43:07.555+0000] {dag.py:3823} INFO - Setting next_dagrun for simple_etl_lineage to None, run_after=None
[2025-11-11T10:43:07.682+0000] {processor.py:183} INFO - Processing /opt/airflow/dags/etl_dag.py took 0.519 seconds
[2025-11-11T10:43:38.114+0000] {processor.py:161} INFO - Started process (PID=3929) to work on /opt/airflow/dags/etl_dag.py
[2025-11-11T10:43:38.116+0000] {processor.py:830} INFO - Processing file /opt/airflow/dags/etl_dag.py for tasks to queue
[2025-11-11T10:43:38.117+0000] {logging_mixin.py:188} INFO - [2025-11-11T10:43:38.117+0000] {dagbag.py:538} INFO - Filling up the DagBag from /opt/airflow/dags/etl_dag.py
[2025-11-11T10:43:38.188+0000] {processor.py:840} INFO - DAG(s) 'simple_etl_lineage' retrieved from /opt/airflow/dags/etl_dag.py
[2025-11-11T10:43:38.253+0000] {logging_mixin.py:188} INFO - [2025-11-11T10:43:38.252+0000] {dag.py:3036} INFO - Sync 1 DAGs
[2025-11-11T10:43:38.284+0000] {logging_mixin.py:188} INFO - [2025-11-11T10:43:38.283+0000] {dag.py:3823} INFO - Setting next_dagrun for simple_etl_lineage to None, run_after=None
[2025-11-11T10:43:38.371+0000] {processor.py:183} INFO - Processing /opt/airflow/dags/etl_dag.py took 0.261 seconds
[2025-11-11T10:44:09.280+0000] {processor.py:161} INFO - Started process (PID=3939) to work on /opt/airflow/dags/etl_dag.py
[2025-11-11T10:44:09.282+0000] {processor.py:830} INFO - Processing file /opt/airflow/dags/etl_dag.py for tasks to queue
[2025-11-11T10:44:09.283+0000] {logging_mixin.py:188} INFO - [2025-11-11T10:44:09.283+0000] {dagbag.py:538} INFO - Filling up the DagBag from /opt/airflow/dags/etl_dag.py
[2025-11-11T10:44:09.378+0000] {processor.py:840} INFO - DAG(s) 'simple_etl_lineage' retrieved from /opt/airflow/dags/etl_dag.py
[2025-11-11T10:44:09.442+0000] {logging_mixin.py:188} INFO - [2025-11-11T10:44:09.442+0000] {dag.py:3036} INFO - Sync 1 DAGs
[2025-11-11T10:44:09.489+0000] {logging_mixin.py:188} INFO - [2025-11-11T10:44:09.489+0000] {dag.py:3823} INFO - Setting next_dagrun for simple_etl_lineage to None, run_after=None
[2025-11-11T10:44:09.541+0000] {processor.py:183} INFO - Processing /opt/airflow/dags/etl_dag.py took 0.266 seconds
[2025-11-11T10:44:54.814+0000] {processor.py:161} INFO - Started process (PID=3949) to work on /opt/airflow/dags/etl_dag.py
[2025-11-11T10:44:55.261+0000] {processor.py:830} INFO - Processing file /opt/airflow/dags/etl_dag.py for tasks to queue
[2025-11-11T10:44:55.494+0000] {logging_mixin.py:188} INFO - [2025-11-11T10:44:55.480+0000] {dagbag.py:538} INFO - Filling up the DagBag from /opt/airflow/dags/etl_dag.py
[2025-11-11T10:45:02.415+0000] {processor.py:840} INFO - DAG(s) 'simple_etl_lineage' retrieved from /opt/airflow/dags/etl_dag.py
[2025-11-11T10:45:06.822+0000] {logging_mixin.py:188} INFO - [2025-11-11T10:45:06.821+0000] {dag.py:3036} INFO - Sync 1 DAGs
[2025-11-11T10:45:07.012+0000] {logging_mixin.py:188} INFO - [2025-11-11T10:45:07.011+0000] {dag.py:3823} INFO - Setting next_dagrun for simple_etl_lineage to None, run_after=None
[2025-11-11T10:45:07.450+0000] {processor.py:183} INFO - Processing /opt/airflow/dags/etl_dag.py took 14.577 seconds
[2025-11-11T10:45:39.401+0000] {processor.py:161} INFO - Started process (PID=3959) to work on /opt/airflow/dags/etl_dag.py
[2025-11-11T10:45:39.417+0000] {processor.py:830} INFO - Processing file /opt/airflow/dags/etl_dag.py for tasks to queue
[2025-11-11T10:45:39.426+0000] {logging_mixin.py:188} INFO - [2025-11-11T10:45:39.426+0000] {dagbag.py:538} INFO - Filling up the DagBag from /opt/airflow/dags/etl_dag.py
[2025-11-11T10:45:43.535+0000] {processor.py:840} INFO - DAG(s) 'simple_etl_lineage' retrieved from /opt/airflow/dags/etl_dag.py
[2025-11-11T10:45:58.111+0000] {logging_mixin.py:188} INFO - [2025-11-11T10:45:58.106+0000] {dag.py:3036} INFO - Sync 1 DAGs
[2025-11-11T10:45:58.188+0000] {logging_mixin.py:188} INFO - [2025-11-11T10:45:58.187+0000] {dag.py:3823} INFO - Setting next_dagrun for simple_etl_lineage to None, run_after=None
[2025-11-11T10:45:58.723+0000] {processor.py:183} INFO - Processing /opt/airflow/dags/etl_dag.py took 19.328 seconds
[2025-11-11T10:46:51.119+0000] {processor.py:161} INFO - Started process (PID=3966) to work on /opt/airflow/dags/etl_dag.py
[2025-11-11T10:46:51.138+0000] {processor.py:830} INFO - Processing file /opt/airflow/dags/etl_dag.py for tasks to queue
[2025-11-11T10:46:51.152+0000] {logging_mixin.py:188} INFO - [2025-11-11T10:46:51.150+0000] {dagbag.py:538} INFO - Filling up the DagBag from /opt/airflow/dags/etl_dag.py
[2025-11-11T10:46:59.207+0000] {processor.py:840} INFO - DAG(s) 'simple_etl_lineage' retrieved from /opt/airflow/dags/etl_dag.py
[2025-11-11T10:46:59.807+0000] {logging_mixin.py:188} INFO - [2025-11-11T10:46:59.806+0000] {dag.py:3036} INFO - Sync 1 DAGs
[2025-11-11T10:46:59.990+0000] {logging_mixin.py:188} INFO - [2025-11-11T10:46:59.989+0000] {dag.py:3823} INFO - Setting next_dagrun for simple_etl_lineage to None, run_after=None
[2025-11-11T10:47:03.251+0000] {processor.py:183} INFO - Processing /opt/airflow/dags/etl_dag.py took 19.833 seconds
[2025-11-11T10:47:33.766+0000] {processor.py:161} INFO - Started process (PID=3981) to work on /opt/airflow/dags/etl_dag.py
[2025-11-11T10:47:33.775+0000] {processor.py:830} INFO - Processing file /opt/airflow/dags/etl_dag.py for tasks to queue
[2025-11-11T10:47:33.777+0000] {logging_mixin.py:188} INFO - [2025-11-11T10:47:33.776+0000] {dagbag.py:538} INFO - Filling up the DagBag from /opt/airflow/dags/etl_dag.py
[2025-11-11T10:47:33.858+0000] {processor.py:840} INFO - DAG(s) 'simple_etl_lineage' retrieved from /opt/airflow/dags/etl_dag.py
[2025-11-11T10:47:33.950+0000] {logging_mixin.py:188} INFO - [2025-11-11T10:47:33.950+0000] {dag.py:3036} INFO - Sync 1 DAGs
[2025-11-11T10:47:34.001+0000] {logging_mixin.py:188} INFO - [2025-11-11T10:47:34.001+0000] {dag.py:3823} INFO - Setting next_dagrun for simple_etl_lineage to None, run_after=None
[2025-11-11T10:47:34.106+0000] {processor.py:183} INFO - Processing /opt/airflow/dags/etl_dag.py took 0.357 seconds
[2025-11-11T10:48:06.054+0000] {processor.py:161} INFO - Started process (PID=3989) to work on /opt/airflow/dags/etl_dag.py
[2025-11-11T10:48:06.056+0000] {processor.py:830} INFO - Processing file /opt/airflow/dags/etl_dag.py for tasks to queue
[2025-11-11T10:48:06.065+0000] {logging_mixin.py:188} INFO - [2025-11-11T10:48:06.064+0000] {dagbag.py:538} INFO - Filling up the DagBag from /opt/airflow/dags/etl_dag.py
[2025-11-11T10:48:06.363+0000] {processor.py:840} INFO - DAG(s) 'simple_etl_lineage' retrieved from /opt/airflow/dags/etl_dag.py
[2025-11-11T10:48:06.603+0000] {logging_mixin.py:188} INFO - [2025-11-11T10:48:06.603+0000] {dag.py:3036} INFO - Sync 1 DAGs
[2025-11-11T10:48:06.708+0000] {logging_mixin.py:188} INFO - [2025-11-11T10:48:06.708+0000] {dag.py:3823} INFO - Setting next_dagrun for simple_etl_lineage to None, run_after=None
[2025-11-11T10:48:06.945+0000] {processor.py:183} INFO - Processing /opt/airflow/dags/etl_dag.py took 0.896 seconds
[2025-11-11T10:48:37.714+0000] {processor.py:161} INFO - Started process (PID=3999) to work on /opt/airflow/dags/etl_dag.py
[2025-11-11T10:48:37.719+0000] {processor.py:830} INFO - Processing file /opt/airflow/dags/etl_dag.py for tasks to queue
[2025-11-11T10:48:37.721+0000] {logging_mixin.py:188} INFO - [2025-11-11T10:48:37.721+0000] {dagbag.py:538} INFO - Filling up the DagBag from /opt/airflow/dags/etl_dag.py
[2025-11-11T10:48:38.028+0000] {processor.py:840} INFO - DAG(s) 'simple_etl_lineage' retrieved from /opt/airflow/dags/etl_dag.py
[2025-11-11T10:48:38.313+0000] {logging_mixin.py:188} INFO - [2025-11-11T10:48:38.312+0000] {dag.py:3036} INFO - Sync 1 DAGs
[2025-11-11T10:48:38.335+0000] {logging_mixin.py:188} INFO - [2025-11-11T10:48:38.335+0000] {dag.py:3823} INFO - Setting next_dagrun for simple_etl_lineage to None, run_after=None
[2025-11-11T10:48:38.392+0000] {processor.py:183} INFO - Processing /opt/airflow/dags/etl_dag.py took 0.720 seconds
[2025-11-11T10:49:11.601+0000] {processor.py:161} INFO - Started process (PID=4009) to work on /opt/airflow/dags/etl_dag.py
[2025-11-11T10:49:11.632+0000] {processor.py:830} INFO - Processing file /opt/airflow/dags/etl_dag.py for tasks to queue
[2025-11-11T10:49:11.648+0000] {logging_mixin.py:188} INFO - [2025-11-11T10:49:11.647+0000] {dagbag.py:538} INFO - Filling up the DagBag from /opt/airflow/dags/etl_dag.py
[2025-11-11T10:49:11.851+0000] {processor.py:840} INFO - DAG(s) 'simple_etl_lineage' retrieved from /opt/airflow/dags/etl_dag.py
[2025-11-11T10:49:11.975+0000] {logging_mixin.py:188} INFO - [2025-11-11T10:49:11.975+0000] {dag.py:3036} INFO - Sync 1 DAGs
[2025-11-11T10:49:12.048+0000] {logging_mixin.py:188} INFO - [2025-11-11T10:49:12.047+0000] {dag.py:3823} INFO - Setting next_dagrun for simple_etl_lineage to None, run_after=None
[2025-11-11T10:49:12.271+0000] {processor.py:183} INFO - Processing /opt/airflow/dags/etl_dag.py took 0.809 seconds
[2025-11-11T10:49:43.047+0000] {processor.py:161} INFO - Started process (PID=4019) to work on /opt/airflow/dags/etl_dag.py
[2025-11-11T10:49:43.051+0000] {processor.py:830} INFO - Processing file /opt/airflow/dags/etl_dag.py for tasks to queue
[2025-11-11T10:49:43.053+0000] {logging_mixin.py:188} INFO - [2025-11-11T10:49:43.053+0000] {dagbag.py:538} INFO - Filling up the DagBag from /opt/airflow/dags/etl_dag.py
[2025-11-11T10:49:43.138+0000] {processor.py:840} INFO - DAG(s) 'simple_etl_lineage' retrieved from /opt/airflow/dags/etl_dag.py
[2025-11-11T10:49:43.254+0000] {logging_mixin.py:188} INFO - [2025-11-11T10:49:43.253+0000] {dag.py:3036} INFO - Sync 1 DAGs
[2025-11-11T10:49:43.289+0000] {logging_mixin.py:188} INFO - [2025-11-11T10:49:43.289+0000] {dag.py:3823} INFO - Setting next_dagrun for simple_etl_lineage to None, run_after=None
[2025-11-11T10:49:43.344+0000] {processor.py:183} INFO - Processing /opt/airflow/dags/etl_dag.py took 0.303 seconds
[2025-11-11T10:50:50.843+0000] {processor.py:161} INFO - Started process (PID=4028) to work on /opt/airflow/dags/etl_dag.py
[2025-11-11T10:50:50.863+0000] {processor.py:830} INFO - Processing file /opt/airflow/dags/etl_dag.py for tasks to queue
[2025-11-11T10:50:50.913+0000] {logging_mixin.py:188} INFO - [2025-11-11T10:50:50.883+0000] {dagbag.py:538} INFO - Filling up the DagBag from /opt/airflow/dags/etl_dag.py
[2025-11-11T10:50:54.051+0000] {processor.py:840} INFO - DAG(s) 'simple_etl_lineage' retrieved from /opt/airflow/dags/etl_dag.py
[2025-11-11T10:50:57.617+0000] {logging_mixin.py:188} INFO - [2025-11-11T10:50:57.616+0000] {dag.py:3036} INFO - Sync 1 DAGs
[2025-11-11T10:50:59.620+0000] {logging_mixin.py:188} INFO - [2025-11-11T10:50:59.620+0000] {dag.py:3823} INFO - Setting next_dagrun for simple_etl_lineage to None, run_after=None
[2025-11-11T10:50:59.959+0000] {processor.py:183} INFO - Processing /opt/airflow/dags/etl_dag.py took 9.767 seconds
[2025-11-11T10:51:57.801+0000] {processor.py:161} INFO - Started process (PID=4037) to work on /opt/airflow/dags/etl_dag.py
[2025-11-11T10:51:57.852+0000] {processor.py:830} INFO - Processing file /opt/airflow/dags/etl_dag.py for tasks to queue
[2025-11-11T10:51:57.956+0000] {logging_mixin.py:188} INFO - [2025-11-11T10:51:57.910+0000] {dagbag.py:538} INFO - Filling up the DagBag from /opt/airflow/dags/etl_dag.py
[2025-11-11T10:52:01.298+0000] {processor.py:840} INFO - DAG(s) 'simple_etl_lineage' retrieved from /opt/airflow/dags/etl_dag.py
[2025-11-11T10:52:07.253+0000] {logging_mixin.py:188} INFO - [2025-11-11T10:52:07.252+0000] {dag.py:3036} INFO - Sync 1 DAGs
[2025-11-11T10:52:24.308+0000] {logging_mixin.py:188} INFO - [2025-11-11T10:52:24.307+0000] {dag.py:3823} INFO - Setting next_dagrun for simple_etl_lineage to None, run_after=None
[2025-11-11T10:53:27.305+0000] {processor.py:161} INFO - Started process (PID=4045) to work on /opt/airflow/dags/etl_dag.py
[2025-11-11T10:53:27.310+0000] {processor.py:830} INFO - Processing file /opt/airflow/dags/etl_dag.py for tasks to queue
[2025-11-11T10:53:27.345+0000] {logging_mixin.py:188} INFO - [2025-11-11T10:53:27.332+0000] {dagbag.py:538} INFO - Filling up the DagBag from /opt/airflow/dags/etl_dag.py
[2025-11-11T10:53:27.947+0000] {processor.py:840} INFO - DAG(s) 'simple_etl_lineage' retrieved from /opt/airflow/dags/etl_dag.py
[2025-11-11T10:53:29.614+0000] {logging_mixin.py:188} INFO - [2025-11-11T10:53:29.535+0000] {dag.py:3036} INFO - Sync 1 DAGs
[2025-11-11T10:53:30.297+0000] {logging_mixin.py:188} INFO - [2025-11-11T10:53:30.296+0000] {dag.py:3823} INFO - Setting next_dagrun for simple_etl_lineage to None, run_after=None
[2025-11-11T10:53:30.420+0000] {processor.py:183} INFO - Processing /opt/airflow/dags/etl_dag.py took 3.412 seconds
[2025-11-11T10:54:01.708+0000] {processor.py:161} INFO - Started process (PID=4052) to work on /opt/airflow/dags/etl_dag.py
[2025-11-11T10:54:01.713+0000] {processor.py:830} INFO - Processing file /opt/airflow/dags/etl_dag.py for tasks to queue
[2025-11-11T10:54:01.717+0000] {logging_mixin.py:188} INFO - [2025-11-11T10:54:01.715+0000] {dagbag.py:538} INFO - Filling up the DagBag from /opt/airflow/dags/etl_dag.py
[2025-11-11T10:54:01.836+0000] {processor.py:840} INFO - DAG(s) 'simple_etl_lineage' retrieved from /opt/airflow/dags/etl_dag.py
[2025-11-11T10:54:02.092+0000] {logging_mixin.py:188} INFO - [2025-11-11T10:54:02.092+0000] {dag.py:3036} INFO - Sync 1 DAGs
[2025-11-11T10:54:02.179+0000] {logging_mixin.py:188} INFO - [2025-11-11T10:54:02.178+0000] {dag.py:3823} INFO - Setting next_dagrun for simple_etl_lineage to None, run_after=None
[2025-11-11T10:54:02.263+0000] {processor.py:183} INFO - Processing /opt/airflow/dags/etl_dag.py took 0.576 seconds
[2025-11-11T10:54:32.440+0000] {processor.py:161} INFO - Started process (PID=4062) to work on /opt/airflow/dags/etl_dag.py
[2025-11-11T10:54:32.442+0000] {processor.py:830} INFO - Processing file /opt/airflow/dags/etl_dag.py for tasks to queue
[2025-11-11T10:54:32.444+0000] {logging_mixin.py:188} INFO - [2025-11-11T10:54:32.443+0000] {dagbag.py:538} INFO - Filling up the DagBag from /opt/airflow/dags/etl_dag.py
[2025-11-11T10:54:32.474+0000] {processor.py:840} INFO - DAG(s) 'simple_etl_lineage' retrieved from /opt/airflow/dags/etl_dag.py
[2025-11-11T10:54:32.536+0000] {logging_mixin.py:188} INFO - [2025-11-11T10:54:32.536+0000] {dag.py:3036} INFO - Sync 1 DAGs
[2025-11-11T10:54:32.554+0000] {logging_mixin.py:188} INFO - [2025-11-11T10:54:32.553+0000] {dag.py:3823} INFO - Setting next_dagrun for simple_etl_lineage to None, run_after=None
[2025-11-11T10:54:32.598+0000] {processor.py:183} INFO - Processing /opt/airflow/dags/etl_dag.py took 0.162 seconds
[2025-11-11T10:55:03.258+0000] {processor.py:161} INFO - Started process (PID=4072) to work on /opt/airflow/dags/etl_dag.py
[2025-11-11T10:55:03.260+0000] {processor.py:830} INFO - Processing file /opt/airflow/dags/etl_dag.py for tasks to queue
[2025-11-11T10:55:03.262+0000] {logging_mixin.py:188} INFO - [2025-11-11T10:55:03.262+0000] {dagbag.py:538} INFO - Filling up the DagBag from /opt/airflow/dags/etl_dag.py
[2025-11-11T10:55:03.323+0000] {processor.py:840} INFO - DAG(s) 'simple_etl_lineage' retrieved from /opt/airflow/dags/etl_dag.py
[2025-11-11T10:55:03.375+0000] {logging_mixin.py:188} INFO - [2025-11-11T10:55:03.374+0000] {dag.py:3036} INFO - Sync 1 DAGs
[2025-11-11T10:55:03.404+0000] {logging_mixin.py:188} INFO - [2025-11-11T10:55:03.404+0000] {dag.py:3823} INFO - Setting next_dagrun for simple_etl_lineage to None, run_after=None
[2025-11-11T10:55:03.448+0000] {processor.py:183} INFO - Processing /opt/airflow/dags/etl_dag.py took 0.195 seconds
[2025-11-11T10:55:33.954+0000] {processor.py:161} INFO - Started process (PID=4082) to work on /opt/airflow/dags/etl_dag.py
[2025-11-11T10:55:33.961+0000] {processor.py:830} INFO - Processing file /opt/airflow/dags/etl_dag.py for tasks to queue
[2025-11-11T10:55:33.963+0000] {logging_mixin.py:188} INFO - [2025-11-11T10:55:33.962+0000] {dagbag.py:538} INFO - Filling up the DagBag from /opt/airflow/dags/etl_dag.py
[2025-11-11T10:55:33.996+0000] {processor.py:840} INFO - DAG(s) 'simple_etl_lineage' retrieved from /opt/airflow/dags/etl_dag.py
[2025-11-11T10:55:34.031+0000] {logging_mixin.py:188} INFO - [2025-11-11T10:55:34.031+0000] {dag.py:3036} INFO - Sync 1 DAGs
[2025-11-11T10:55:34.044+0000] {logging_mixin.py:188} INFO - [2025-11-11T10:55:34.044+0000] {dag.py:3823} INFO - Setting next_dagrun for simple_etl_lineage to None, run_after=None
[2025-11-11T10:55:34.073+0000] {processor.py:183} INFO - Processing /opt/airflow/dags/etl_dag.py took 0.125 seconds
[2025-11-11T10:56:05.260+0000] {processor.py:161} INFO - Started process (PID=4092) to work on /opt/airflow/dags/etl_dag.py
[2025-11-11T10:56:05.262+0000] {processor.py:830} INFO - Processing file /opt/airflow/dags/etl_dag.py for tasks to queue
[2025-11-11T10:56:05.272+0000] {logging_mixin.py:188} INFO - [2025-11-11T10:56:05.264+0000] {dagbag.py:538} INFO - Filling up the DagBag from /opt/airflow/dags/etl_dag.py
[2025-11-11T10:56:05.341+0000] {processor.py:840} INFO - DAG(s) 'simple_etl_lineage' retrieved from /opt/airflow/dags/etl_dag.py
[2025-11-11T10:56:05.438+0000] {logging_mixin.py:188} INFO - [2025-11-11T10:56:05.437+0000] {dag.py:3036} INFO - Sync 1 DAGs
[2025-11-11T10:56:05.482+0000] {logging_mixin.py:188} INFO - [2025-11-11T10:56:05.482+0000] {dag.py:3823} INFO - Setting next_dagrun for simple_etl_lineage to None, run_after=None
[2025-11-11T10:56:05.692+0000] {processor.py:183} INFO - Processing /opt/airflow/dags/etl_dag.py took 0.437 seconds
[2025-11-11T10:56:36.728+0000] {processor.py:161} INFO - Started process (PID=4102) to work on /opt/airflow/dags/etl_dag.py
[2025-11-11T10:56:36.730+0000] {processor.py:830} INFO - Processing file /opt/airflow/dags/etl_dag.py for tasks to queue
[2025-11-11T10:56:36.733+0000] {logging_mixin.py:188} INFO - [2025-11-11T10:56:36.732+0000] {dagbag.py:538} INFO - Filling up the DagBag from /opt/airflow/dags/etl_dag.py
[2025-11-11T10:56:36.903+0000] {processor.py:840} INFO - DAG(s) 'simple_etl_lineage' retrieved from /opt/airflow/dags/etl_dag.py
[2025-11-11T10:56:37.433+0000] {logging_mixin.py:188} INFO - [2025-11-11T10:56:37.432+0000] {dag.py:3036} INFO - Sync 1 DAGs
[2025-11-11T10:56:37.498+0000] {logging_mixin.py:188} INFO - [2025-11-11T10:56:37.497+0000] {dag.py:3823} INFO - Setting next_dagrun for simple_etl_lineage to None, run_after=None
[2025-11-11T10:56:37.625+0000] {processor.py:183} INFO - Processing /opt/airflow/dags/etl_dag.py took 0.904 seconds
[2025-11-11T10:57:08.496+0000] {processor.py:161} INFO - Started process (PID=4112) to work on /opt/airflow/dags/etl_dag.py
[2025-11-11T10:57:08.505+0000] {processor.py:830} INFO - Processing file /opt/airflow/dags/etl_dag.py for tasks to queue
[2025-11-11T10:57:08.508+0000] {logging_mixin.py:188} INFO - [2025-11-11T10:57:08.507+0000] {dagbag.py:538} INFO - Filling up the DagBag from /opt/airflow/dags/etl_dag.py
[2025-11-11T10:57:08.768+0000] {processor.py:840} INFO - DAG(s) 'simple_etl_lineage' retrieved from /opt/airflow/dags/etl_dag.py
[2025-11-11T10:57:08.964+0000] {logging_mixin.py:188} INFO - [2025-11-11T10:57:08.963+0000] {dag.py:3036} INFO - Sync 1 DAGs
[2025-11-11T10:57:09.250+0000] {logging_mixin.py:188} INFO - [2025-11-11T10:57:09.250+0000] {dag.py:3823} INFO - Setting next_dagrun for simple_etl_lineage to None, run_after=None
[2025-11-11T10:57:09.488+0000] {processor.py:183} INFO - Processing /opt/airflow/dags/etl_dag.py took 0.998 seconds
[2025-11-11T10:57:42.565+0000] {processor.py:161} INFO - Started process (PID=4122) to work on /opt/airflow/dags/etl_dag.py
[2025-11-11T10:57:42.581+0000] {processor.py:830} INFO - Processing file /opt/airflow/dags/etl_dag.py for tasks to queue
[2025-11-11T10:57:42.600+0000] {logging_mixin.py:188} INFO - [2025-11-11T10:57:42.599+0000] {dagbag.py:538} INFO - Filling up the DagBag from /opt/airflow/dags/etl_dag.py
[2025-11-11T10:57:42.699+0000] {processor.py:840} INFO - DAG(s) 'simple_etl_lineage' retrieved from /opt/airflow/dags/etl_dag.py
[2025-11-11T10:57:42.797+0000] {logging_mixin.py:188} INFO - [2025-11-11T10:57:42.797+0000] {dag.py:3036} INFO - Sync 1 DAGs
[2025-11-11T10:57:42.846+0000] {logging_mixin.py:188} INFO - [2025-11-11T10:57:42.845+0000] {dag.py:3823} INFO - Setting next_dagrun for simple_etl_lineage to None, run_after=None
[2025-11-11T10:57:42.924+0000] {processor.py:183} INFO - Processing /opt/airflow/dags/etl_dag.py took 0.366 seconds
[2025-11-11T10:58:13.664+0000] {processor.py:161} INFO - Started process (PID=4132) to work on /opt/airflow/dags/etl_dag.py
[2025-11-11T10:58:13.667+0000] {processor.py:830} INFO - Processing file /opt/airflow/dags/etl_dag.py for tasks to queue
[2025-11-11T10:58:13.744+0000] {logging_mixin.py:188} INFO - [2025-11-11T10:58:13.744+0000] {dagbag.py:538} INFO - Filling up the DagBag from /opt/airflow/dags/etl_dag.py
[2025-11-11T10:58:14.833+0000] {processor.py:840} INFO - DAG(s) 'simple_etl_lineage' retrieved from /opt/airflow/dags/etl_dag.py
[2025-11-11T10:58:15.112+0000] {logging_mixin.py:188} INFO - [2025-11-11T10:58:15.112+0000] {dag.py:3036} INFO - Sync 1 DAGs
[2025-11-11T10:58:15.250+0000] {logging_mixin.py:188} INFO - [2025-11-11T10:58:15.249+0000] {dag.py:3823} INFO - Setting next_dagrun for simple_etl_lineage to None, run_after=None
[2025-11-11T10:58:15.483+0000] {processor.py:183} INFO - Processing /opt/airflow/dags/etl_dag.py took 1.833 seconds
[2025-11-11T10:58:48.770+0000] {processor.py:161} INFO - Started process (PID=4142) to work on /opt/airflow/dags/etl_dag.py
[2025-11-11T10:58:48.777+0000] {processor.py:830} INFO - Processing file /opt/airflow/dags/etl_dag.py for tasks to queue
[2025-11-11T10:58:48.786+0000] {logging_mixin.py:188} INFO - [2025-11-11T10:58:48.785+0000] {dagbag.py:538} INFO - Filling up the DagBag from /opt/airflow/dags/etl_dag.py
[2025-11-11T10:58:50.465+0000] {processor.py:840} INFO - DAG(s) 'simple_etl_lineage' retrieved from /opt/airflow/dags/etl_dag.py
[2025-11-11T10:58:51.762+0000] {logging_mixin.py:188} INFO - [2025-11-11T10:58:51.762+0000] {dag.py:3036} INFO - Sync 1 DAGs
[2025-11-11T10:58:52.224+0000] {logging_mixin.py:188} INFO - [2025-11-11T10:58:52.224+0000] {dag.py:3823} INFO - Setting next_dagrun for simple_etl_lineage to None, run_after=None
[2025-11-11T10:58:52.771+0000] {processor.py:183} INFO - Processing /opt/airflow/dags/etl_dag.py took 4.018 seconds
[2025-11-11T10:59:23.712+0000] {processor.py:161} INFO - Started process (PID=4155) to work on /opt/airflow/dags/etl_dag.py
[2025-11-11T10:59:23.715+0000] {processor.py:830} INFO - Processing file /opt/airflow/dags/etl_dag.py for tasks to queue
[2025-11-11T10:59:23.727+0000] {logging_mixin.py:188} INFO - [2025-11-11T10:59:23.724+0000] {dagbag.py:538} INFO - Filling up the DagBag from /opt/airflow/dags/etl_dag.py
[2025-11-11T10:59:23.895+0000] {processor.py:840} INFO - DAG(s) 'simple_etl_lineage' retrieved from /opt/airflow/dags/etl_dag.py
[2025-11-11T10:59:24.086+0000] {logging_mixin.py:188} INFO - [2025-11-11T10:59:24.085+0000] {dag.py:3036} INFO - Sync 1 DAGs
[2025-11-11T10:59:24.185+0000] {logging_mixin.py:188} INFO - [2025-11-11T10:59:24.185+0000] {dag.py:3823} INFO - Setting next_dagrun for simple_etl_lineage to None, run_after=None
[2025-11-11T10:59:24.330+0000] {processor.py:183} INFO - Processing /opt/airflow/dags/etl_dag.py took 0.623 seconds
[2025-11-11T10:59:54.880+0000] {processor.py:161} INFO - Started process (PID=4165) to work on /opt/airflow/dags/etl_dag.py
[2025-11-11T10:59:54.887+0000] {processor.py:830} INFO - Processing file /opt/airflow/dags/etl_dag.py for tasks to queue
[2025-11-11T10:59:54.894+0000] {logging_mixin.py:188} INFO - [2025-11-11T10:59:54.892+0000] {dagbag.py:538} INFO - Filling up the DagBag from /opt/airflow/dags/etl_dag.py
[2025-11-11T10:59:55.012+0000] {processor.py:840} INFO - DAG(s) 'simple_etl_lineage' retrieved from /opt/airflow/dags/etl_dag.py
[2025-11-11T10:59:55.128+0000] {logging_mixin.py:188} INFO - [2025-11-11T10:59:55.128+0000] {dag.py:3036} INFO - Sync 1 DAGs
[2025-11-11T10:59:55.208+0000] {logging_mixin.py:188} INFO - [2025-11-11T10:59:55.203+0000] {dag.py:3823} INFO - Setting next_dagrun for simple_etl_lineage to None, run_after=None
[2025-11-11T10:59:55.296+0000] {processor.py:183} INFO - Processing /opt/airflow/dags/etl_dag.py took 0.422 seconds
[2025-11-11T11:00:28.205+0000] {processor.py:161} INFO - Started process (PID=4172) to work on /opt/airflow/dags/etl_dag.py
[2025-11-11T11:00:28.212+0000] {processor.py:830} INFO - Processing file /opt/airflow/dags/etl_dag.py for tasks to queue
[2025-11-11T11:00:28.219+0000] {logging_mixin.py:188} INFO - [2025-11-11T11:00:28.218+0000] {dagbag.py:538} INFO - Filling up the DagBag from /opt/airflow/dags/etl_dag.py
[2025-11-11T11:00:28.458+0000] {processor.py:840} INFO - DAG(s) 'simple_etl_lineage' retrieved from /opt/airflow/dags/etl_dag.py
[2025-11-11T11:00:28.902+0000] {logging_mixin.py:188} INFO - [2025-11-11T11:00:28.901+0000] {dag.py:3036} INFO - Sync 1 DAGs
[2025-11-11T11:00:29.132+0000] {logging_mixin.py:188} INFO - [2025-11-11T11:00:29.132+0000] {dag.py:3823} INFO - Setting next_dagrun for simple_etl_lineage to None, run_after=None
[2025-11-11T11:00:29.410+0000] {processor.py:183} INFO - Processing /opt/airflow/dags/etl_dag.py took 1.231 seconds
[2025-11-11T11:01:01.453+0000] {processor.py:161} INFO - Started process (PID=4185) to work on /opt/airflow/dags/etl_dag.py
[2025-11-11T11:01:01.460+0000] {processor.py:830} INFO - Processing file /opt/airflow/dags/etl_dag.py for tasks to queue
[2025-11-11T11:01:01.462+0000] {logging_mixin.py:188} INFO - [2025-11-11T11:01:01.461+0000] {dagbag.py:538} INFO - Filling up the DagBag from /opt/airflow/dags/etl_dag.py
[2025-11-11T11:01:01.501+0000] {processor.py:840} INFO - DAG(s) 'simple_etl_lineage' retrieved from /opt/airflow/dags/etl_dag.py
[2025-11-11T11:01:01.592+0000] {logging_mixin.py:188} INFO - [2025-11-11T11:01:01.592+0000] {dag.py:3036} INFO - Sync 1 DAGs
[2025-11-11T11:01:01.624+0000] {logging_mixin.py:188} INFO - [2025-11-11T11:01:01.624+0000] {dag.py:3823} INFO - Setting next_dagrun for simple_etl_lineage to None, run_after=None
[2025-11-11T11:01:01.684+0000] {processor.py:183} INFO - Processing /opt/airflow/dags/etl_dag.py took 0.246 seconds
[2025-11-11T11:01:33.553+0000] {processor.py:161} INFO - Started process (PID=4195) to work on /opt/airflow/dags/etl_dag.py
[2025-11-11T11:01:33.639+0000] {processor.py:830} INFO - Processing file /opt/airflow/dags/etl_dag.py for tasks to queue
[2025-11-11T11:01:33.655+0000] {logging_mixin.py:188} INFO - [2025-11-11T11:01:33.654+0000] {dagbag.py:538} INFO - Filling up the DagBag from /opt/airflow/dags/etl_dag.py
[2025-11-11T11:01:33.899+0000] {processor.py:840} INFO - DAG(s) 'simple_etl_lineage' retrieved from /opt/airflow/dags/etl_dag.py
[2025-11-11T11:01:34.315+0000] {logging_mixin.py:188} INFO - [2025-11-11T11:01:34.305+0000] {dag.py:3036} INFO - Sync 1 DAGs
[2025-11-11T11:01:34.363+0000] {logging_mixin.py:188} INFO - [2025-11-11T11:01:34.363+0000] {dag.py:3823} INFO - Setting next_dagrun for simple_etl_lineage to None, run_after=None
[2025-11-11T11:01:34.737+0000] {processor.py:183} INFO - Processing /opt/airflow/dags/etl_dag.py took 1.191 seconds
[2025-11-11T11:02:05.408+0000] {processor.py:161} INFO - Started process (PID=4205) to work on /opt/airflow/dags/etl_dag.py
[2025-11-11T11:02:05.410+0000] {processor.py:830} INFO - Processing file /opt/airflow/dags/etl_dag.py for tasks to queue
[2025-11-11T11:02:05.423+0000] {logging_mixin.py:188} INFO - [2025-11-11T11:02:05.421+0000] {dagbag.py:538} INFO - Filling up the DagBag from /opt/airflow/dags/etl_dag.py
[2025-11-11T11:02:05.491+0000] {processor.py:840} INFO - DAG(s) 'simple_etl_lineage' retrieved from /opt/airflow/dags/etl_dag.py
[2025-11-11T11:02:05.586+0000] {logging_mixin.py:188} INFO - [2025-11-11T11:02:05.584+0000] {dag.py:3036} INFO - Sync 1 DAGs
[2025-11-11T11:02:05.625+0000] {logging_mixin.py:188} INFO - [2025-11-11T11:02:05.624+0000] {dag.py:3823} INFO - Setting next_dagrun for simple_etl_lineage to None, run_after=None
[2025-11-11T11:02:05.715+0000] {processor.py:183} INFO - Processing /opt/airflow/dags/etl_dag.py took 0.313 seconds
[2025-11-11T11:02:36.138+0000] {processor.py:161} INFO - Started process (PID=4215) to work on /opt/airflow/dags/etl_dag.py
[2025-11-11T11:02:36.142+0000] {processor.py:830} INFO - Processing file /opt/airflow/dags/etl_dag.py for tasks to queue
[2025-11-11T11:02:36.147+0000] {logging_mixin.py:188} INFO - [2025-11-11T11:02:36.146+0000] {dagbag.py:538} INFO - Filling up the DagBag from /opt/airflow/dags/etl_dag.py
[2025-11-11T11:02:36.210+0000] {processor.py:840} INFO - DAG(s) 'simple_etl_lineage' retrieved from /opt/airflow/dags/etl_dag.py
[2025-11-11T11:02:36.325+0000] {logging_mixin.py:188} INFO - [2025-11-11T11:02:36.324+0000] {dag.py:3036} INFO - Sync 1 DAGs
[2025-11-11T11:02:36.387+0000] {logging_mixin.py:188} INFO - [2025-11-11T11:02:36.387+0000] {dag.py:3823} INFO - Setting next_dagrun for simple_etl_lineage to None, run_after=None
[2025-11-11T11:02:36.445+0000] {processor.py:183} INFO - Processing /opt/airflow/dags/etl_dag.py took 0.315 seconds
[2025-11-11T11:03:13.529+0000] {processor.py:161} INFO - Started process (PID=4225) to work on /opt/airflow/dags/etl_dag.py
[2025-11-11T11:03:13.908+0000] {processor.py:830} INFO - Processing file /opt/airflow/dags/etl_dag.py for tasks to queue
[2025-11-11T11:03:16.581+0000] {logging_mixin.py:188} INFO - [2025-11-11T11:03:16.573+0000] {dagbag.py:538} INFO - Filling up the DagBag from /opt/airflow/dags/etl_dag.py
[2025-11-11T11:03:19.700+0000] {processor.py:840} INFO - DAG(s) 'simple_etl_lineage' retrieved from /opt/airflow/dags/etl_dag.py
[2025-11-11T11:03:22.460+0000] {logging_mixin.py:188} INFO - [2025-11-11T11:03:22.459+0000] {dag.py:3036} INFO - Sync 1 DAGs
[2025-11-11T11:03:22.634+0000] {logging_mixin.py:188} INFO - [2025-11-11T11:03:22.634+0000] {dag.py:3823} INFO - Setting next_dagrun for simple_etl_lineage to None, run_after=None
[2025-11-11T11:03:22.821+0000] {processor.py:183} INFO - Processing /opt/airflow/dags/etl_dag.py took 9.397 seconds
[2025-11-11T11:03:54.003+0000] {processor.py:161} INFO - Started process (PID=4235) to work on /opt/airflow/dags/etl_dag.py
[2025-11-11T11:03:54.009+0000] {processor.py:830} INFO - Processing file /opt/airflow/dags/etl_dag.py for tasks to queue
[2025-11-11T11:03:54.014+0000] {logging_mixin.py:188} INFO - [2025-11-11T11:03:54.013+0000] {dagbag.py:538} INFO - Filling up the DagBag from /opt/airflow/dags/etl_dag.py
[2025-11-11T11:03:54.054+0000] {processor.py:840} INFO - DAG(s) 'simple_etl_lineage' retrieved from /opt/airflow/dags/etl_dag.py
[2025-11-11T11:03:54.125+0000] {logging_mixin.py:188} INFO - [2025-11-11T11:03:54.124+0000] {dag.py:3036} INFO - Sync 1 DAGs
[2025-11-11T11:03:54.204+0000] {logging_mixin.py:188} INFO - [2025-11-11T11:03:54.203+0000] {dag.py:3823} INFO - Setting next_dagrun for simple_etl_lineage to None, run_after=None
[2025-11-11T11:03:54.234+0000] {processor.py:183} INFO - Processing /opt/airflow/dags/etl_dag.py took 0.247 seconds
[2025-11-11T11:04:25.724+0000] {processor.py:161} INFO - Started process (PID=4242) to work on /opt/airflow/dags/etl_dag.py
[2025-11-11T11:04:25.755+0000] {processor.py:830} INFO - Processing file /opt/airflow/dags/etl_dag.py for tasks to queue
[2025-11-11T11:04:25.773+0000] {logging_mixin.py:188} INFO - [2025-11-11T11:04:25.772+0000] {dagbag.py:538} INFO - Filling up the DagBag from /opt/airflow/dags/etl_dag.py
[2025-11-11T11:04:26.670+0000] {processor.py:840} INFO - DAG(s) 'simple_etl_lineage' retrieved from /opt/airflow/dags/etl_dag.py
[2025-11-11T11:04:26.846+0000] {logging_mixin.py:188} INFO - [2025-11-11T11:04:26.835+0000] {dag.py:3036} INFO - Sync 1 DAGs
[2025-11-11T11:04:26.951+0000] {logging_mixin.py:188} INFO - [2025-11-11T11:04:26.950+0000] {dag.py:3823} INFO - Setting next_dagrun for simple_etl_lineage to None, run_after=None
[2025-11-11T11:04:27.283+0000] {processor.py:183} INFO - Processing /opt/airflow/dags/etl_dag.py took 1.576 seconds
[2025-11-11T11:04:59.014+0000] {processor.py:161} INFO - Started process (PID=4252) to work on /opt/airflow/dags/etl_dag.py
[2025-11-11T11:04:59.017+0000] {processor.py:830} INFO - Processing file /opt/airflow/dags/etl_dag.py for tasks to queue
[2025-11-11T11:04:59.019+0000] {logging_mixin.py:188} INFO - [2025-11-11T11:04:59.018+0000] {dagbag.py:538} INFO - Filling up the DagBag from /opt/airflow/dags/etl_dag.py
[2025-11-11T11:04:59.425+0000] {processor.py:840} INFO - DAG(s) 'simple_etl_lineage' retrieved from /opt/airflow/dags/etl_dag.py
[2025-11-11T11:04:59.531+0000] {logging_mixin.py:188} INFO - [2025-11-11T11:04:59.531+0000] {dag.py:3036} INFO - Sync 1 DAGs
[2025-11-11T11:04:59.605+0000] {logging_mixin.py:188} INFO - [2025-11-11T11:04:59.604+0000] {dag.py:3823} INFO - Setting next_dagrun for simple_etl_lineage to None, run_after=None
[2025-11-11T11:04:59.882+0000] {processor.py:183} INFO - Processing /opt/airflow/dags/etl_dag.py took 0.879 seconds
[2025-11-11T11:05:31.296+0000] {processor.py:161} INFO - Started process (PID=4262) to work on /opt/airflow/dags/etl_dag.py
[2025-11-11T11:05:31.305+0000] {processor.py:830} INFO - Processing file /opt/airflow/dags/etl_dag.py for tasks to queue
[2025-11-11T11:05:31.308+0000] {logging_mixin.py:188} INFO - [2025-11-11T11:05:31.307+0000] {dagbag.py:538} INFO - Filling up the DagBag from /opt/airflow/dags/etl_dag.py
[2025-11-11T11:05:31.468+0000] {processor.py:840} INFO - DAG(s) 'simple_etl_lineage' retrieved from /opt/airflow/dags/etl_dag.py
[2025-11-11T11:05:31.516+0000] {logging_mixin.py:188} INFO - [2025-11-11T11:05:31.516+0000] {dag.py:3036} INFO - Sync 1 DAGs
[2025-11-11T11:05:31.533+0000] {logging_mixin.py:188} INFO - [2025-11-11T11:05:31.533+0000] {dag.py:3823} INFO - Setting next_dagrun for simple_etl_lineage to None, run_after=None
[2025-11-11T11:05:31.557+0000] {processor.py:183} INFO - Processing /opt/airflow/dags/etl_dag.py took 0.272 seconds
[2025-11-11T11:06:02.624+0000] {processor.py:161} INFO - Started process (PID=4272) to work on /opt/airflow/dags/etl_dag.py
[2025-11-11T11:06:02.700+0000] {processor.py:830} INFO - Processing file /opt/airflow/dags/etl_dag.py for tasks to queue
[2025-11-11T11:06:02.726+0000] {logging_mixin.py:188} INFO - [2025-11-11T11:06:02.725+0000] {dagbag.py:538} INFO - Filling up the DagBag from /opt/airflow/dags/etl_dag.py
[2025-11-11T11:06:02.998+0000] {processor.py:840} INFO - DAG(s) 'simple_etl_lineage' retrieved from /opt/airflow/dags/etl_dag.py
[2025-11-11T11:06:03.172+0000] {logging_mixin.py:188} INFO - [2025-11-11T11:06:03.172+0000] {dag.py:3036} INFO - Sync 1 DAGs
[2025-11-11T11:06:03.300+0000] {logging_mixin.py:188} INFO - [2025-11-11T11:06:03.299+0000] {dag.py:3823} INFO - Setting next_dagrun for simple_etl_lineage to None, run_after=None
[2025-11-11T11:06:03.637+0000] {processor.py:183} INFO - Processing /opt/airflow/dags/etl_dag.py took 1.030 seconds
[2025-11-11T11:06:37.165+0000] {processor.py:161} INFO - Started process (PID=4280) to work on /opt/airflow/dags/etl_dag.py
[2025-11-11T11:06:37.187+0000] {processor.py:830} INFO - Processing file /opt/airflow/dags/etl_dag.py for tasks to queue
[2025-11-11T11:06:37.200+0000] {logging_mixin.py:188} INFO - [2025-11-11T11:06:37.199+0000] {dagbag.py:538} INFO - Filling up the DagBag from /opt/airflow/dags/etl_dag.py
[2025-11-11T11:06:39.875+0000] {processor.py:840} INFO - DAG(s) 'simple_etl_lineage' retrieved from /opt/airflow/dags/etl_dag.py
[2025-11-11T11:06:40.341+0000] {logging_mixin.py:188} INFO - [2025-11-11T11:06:40.340+0000] {dag.py:3036} INFO - Sync 1 DAGs
[2025-11-11T11:06:40.429+0000] {logging_mixin.py:188} INFO - [2025-11-11T11:06:40.428+0000] {dag.py:3823} INFO - Setting next_dagrun for simple_etl_lineage to None, run_after=None
[2025-11-11T11:06:40.571+0000] {processor.py:183} INFO - Processing /opt/airflow/dags/etl_dag.py took 3.455 seconds
[2025-11-11T11:07:11.324+0000] {processor.py:161} INFO - Started process (PID=4290) to work on /opt/airflow/dags/etl_dag.py
[2025-11-11T11:07:11.330+0000] {processor.py:830} INFO - Processing file /opt/airflow/dags/etl_dag.py for tasks to queue
[2025-11-11T11:07:11.332+0000] {logging_mixin.py:188} INFO - [2025-11-11T11:07:11.332+0000] {dagbag.py:538} INFO - Filling up the DagBag from /opt/airflow/dags/etl_dag.py
[2025-11-11T11:07:11.591+0000] {processor.py:840} INFO - DAG(s) 'simple_etl_lineage' retrieved from /opt/airflow/dags/etl_dag.py
[2025-11-11T11:07:11.806+0000] {logging_mixin.py:188} INFO - [2025-11-11T11:07:11.806+0000] {dag.py:3036} INFO - Sync 1 DAGs
[2025-11-11T11:07:11.854+0000] {logging_mixin.py:188} INFO - [2025-11-11T11:07:11.854+0000] {dag.py:3823} INFO - Setting next_dagrun for simple_etl_lineage to None, run_after=None
[2025-11-11T11:07:11.978+0000] {processor.py:183} INFO - Processing /opt/airflow/dags/etl_dag.py took 0.660 seconds
[2025-11-11T11:07:42.428+0000] {processor.py:161} INFO - Started process (PID=4300) to work on /opt/airflow/dags/etl_dag.py
[2025-11-11T11:07:42.430+0000] {processor.py:830} INFO - Processing file /opt/airflow/dags/etl_dag.py for tasks to queue
[2025-11-11T11:07:42.432+0000] {logging_mixin.py:188} INFO - [2025-11-11T11:07:42.431+0000] {dagbag.py:538} INFO - Filling up the DagBag from /opt/airflow/dags/etl_dag.py
[2025-11-11T11:07:42.502+0000] {processor.py:840} INFO - DAG(s) 'simple_etl_lineage' retrieved from /opt/airflow/dags/etl_dag.py
[2025-11-11T11:07:42.640+0000] {logging_mixin.py:188} INFO - [2025-11-11T11:07:42.639+0000] {dag.py:3036} INFO - Sync 1 DAGs
[2025-11-11T11:07:42.743+0000] {logging_mixin.py:188} INFO - [2025-11-11T11:07:42.742+0000] {dag.py:3823} INFO - Setting next_dagrun for simple_etl_lineage to None, run_after=None
[2025-11-11T11:07:42.906+0000] {processor.py:183} INFO - Processing /opt/airflow/dags/etl_dag.py took 0.484 seconds
[2025-11-11T11:08:14.016+0000] {processor.py:161} INFO - Started process (PID=4310) to work on /opt/airflow/dags/etl_dag.py
[2025-11-11T11:08:14.035+0000] {processor.py:830} INFO - Processing file /opt/airflow/dags/etl_dag.py for tasks to queue
[2025-11-11T11:08:14.041+0000] {logging_mixin.py:188} INFO - [2025-11-11T11:08:14.040+0000] {dagbag.py:538} INFO - Filling up the DagBag from /opt/airflow/dags/etl_dag.py
[2025-11-11T11:08:14.186+0000] {processor.py:840} INFO - DAG(s) 'simple_etl_lineage' retrieved from /opt/airflow/dags/etl_dag.py
[2025-11-11T11:08:14.395+0000] {logging_mixin.py:188} INFO - [2025-11-11T11:08:14.395+0000] {dag.py:3036} INFO - Sync 1 DAGs
[2025-11-11T11:08:14.847+0000] {logging_mixin.py:188} INFO - [2025-11-11T11:08:14.847+0000] {dag.py:3823} INFO - Setting next_dagrun for simple_etl_lineage to None, run_after=None
[2025-11-11T11:08:15.229+0000] {processor.py:183} INFO - Processing /opt/airflow/dags/etl_dag.py took 1.218 seconds
[2025-11-11T11:08:48.014+0000] {processor.py:161} INFO - Started process (PID=4320) to work on /opt/airflow/dags/etl_dag.py
[2025-11-11T11:08:48.083+0000] {processor.py:830} INFO - Processing file /opt/airflow/dags/etl_dag.py for tasks to queue
[2025-11-11T11:08:48.164+0000] {logging_mixin.py:188} INFO - [2025-11-11T11:08:48.135+0000] {dagbag.py:538} INFO - Filling up the DagBag from /opt/airflow/dags/etl_dag.py
[2025-11-11T11:08:49.949+0000] {processor.py:840} INFO - DAG(s) 'simple_etl_lineage' retrieved from /opt/airflow/dags/etl_dag.py
[2025-11-11T11:08:50.387+0000] {logging_mixin.py:188} INFO - [2025-11-11T11:08:50.387+0000] {dag.py:3036} INFO - Sync 1 DAGs
[2025-11-11T11:08:50.470+0000] {logging_mixin.py:188} INFO - [2025-11-11T11:08:50.470+0000] {dag.py:3823} INFO - Setting next_dagrun for simple_etl_lineage to None, run_after=None
[2025-11-11T11:08:50.670+0000] {processor.py:183} INFO - Processing /opt/airflow/dags/etl_dag.py took 2.786 seconds
[2025-11-11T11:09:21.049+0000] {processor.py:161} INFO - Started process (PID=4332) to work on /opt/airflow/dags/etl_dag.py
[2025-11-11T11:09:21.057+0000] {processor.py:830} INFO - Processing file /opt/airflow/dags/etl_dag.py for tasks to queue
[2025-11-11T11:09:21.059+0000] {logging_mixin.py:188} INFO - [2025-11-11T11:09:21.059+0000] {dagbag.py:538} INFO - Filling up the DagBag from /opt/airflow/dags/etl_dag.py
[2025-11-11T11:09:21.108+0000] {processor.py:840} INFO - DAG(s) 'simple_etl_lineage' retrieved from /opt/airflow/dags/etl_dag.py
[2025-11-11T11:09:21.206+0000] {logging_mixin.py:188} INFO - [2025-11-11T11:09:21.205+0000] {dag.py:3036} INFO - Sync 1 DAGs
[2025-11-11T11:09:21.277+0000] {logging_mixin.py:188} INFO - [2025-11-11T11:09:21.269+0000] {dag.py:3823} INFO - Setting next_dagrun for simple_etl_lineage to None, run_after=None
[2025-11-11T11:09:21.313+0000] {processor.py:183} INFO - Processing /opt/airflow/dags/etl_dag.py took 0.270 seconds
[2025-11-11T11:09:51.978+0000] {processor.py:161} INFO - Started process (PID=4340) to work on /opt/airflow/dags/etl_dag.py
[2025-11-11T11:09:51.981+0000] {processor.py:830} INFO - Processing file /opt/airflow/dags/etl_dag.py for tasks to queue
[2025-11-11T11:09:51.984+0000] {logging_mixin.py:188} INFO - [2025-11-11T11:09:51.983+0000] {dagbag.py:538} INFO - Filling up the DagBag from /opt/airflow/dags/etl_dag.py
[2025-11-11T11:09:52.403+0000] {processor.py:840} INFO - DAG(s) 'simple_etl_lineage' retrieved from /opt/airflow/dags/etl_dag.py
[2025-11-11T11:09:52.656+0000] {logging_mixin.py:188} INFO - [2025-11-11T11:09:52.651+0000] {dag.py:3036} INFO - Sync 1 DAGs
[2025-11-11T11:09:52.823+0000] {logging_mixin.py:188} INFO - [2025-11-11T11:09:52.823+0000] {dag.py:3823} INFO - Setting next_dagrun for simple_etl_lineage to None, run_after=None
[2025-11-11T11:09:53.072+0000] {processor.py:183} INFO - Processing /opt/airflow/dags/etl_dag.py took 1.105 seconds
[2025-11-11T11:10:45.133+0000] {processor.py:161} INFO - Started process (PID=4350) to work on /opt/airflow/dags/etl_dag.py
[2025-11-11T11:11:09.983+0000] {processor.py:830} INFO - Processing file /opt/airflow/dags/etl_dag.py for tasks to queue
[2025-11-11T11:11:10.371+0000] {logging_mixin.py:188} INFO - [2025-11-11T11:11:10.370+0000] {dagbag.py:538} INFO - Filling up the DagBag from /opt/airflow/dags/etl_dag.py
[2025-11-11T11:11:11.596+0000] {processor.py:840} INFO - DAG(s) 'simple_etl_lineage' retrieved from /opt/airflow/dags/etl_dag.py
[2025-11-11T11:11:12.109+0000] {logging_mixin.py:188} INFO - [2025-11-11T11:11:12.109+0000] {dag.py:3036} INFO - Sync 1 DAGs
[2025-11-11T11:11:12.418+0000] {logging_mixin.py:188} INFO - [2025-11-11T11:11:12.417+0000] {dag.py:3823} INFO - Setting next_dagrun for simple_etl_lineage to None, run_after=None
[2025-11-11T11:11:13.512+0000] {processor.py:183} INFO - Processing /opt/airflow/dags/etl_dag.py took 28.383 seconds
[2025-11-11T11:11:52.587+0000] {processor.py:161} INFO - Started process (PID=4360) to work on /opt/airflow/dags/etl_dag.py
[2025-11-11T11:11:52.594+0000] {processor.py:830} INFO - Processing file /opt/airflow/dags/etl_dag.py for tasks to queue
[2025-11-11T11:11:52.602+0000] {logging_mixin.py:188} INFO - [2025-11-11T11:11:52.602+0000] {dagbag.py:538} INFO - Filling up the DagBag from /opt/airflow/dags/etl_dag.py
[2025-11-11T11:11:52.962+0000] {processor.py:840} INFO - DAG(s) 'simple_etl_lineage' retrieved from /opt/airflow/dags/etl_dag.py
[2025-11-11T11:11:53.454+0000] {logging_mixin.py:188} INFO - [2025-11-11T11:11:53.454+0000] {dag.py:3036} INFO - Sync 1 DAGs
[2025-11-11T11:11:53.618+0000] {logging_mixin.py:188} INFO - [2025-11-11T11:11:53.618+0000] {dag.py:3823} INFO - Setting next_dagrun for simple_etl_lineage to None, run_after=None
[2025-11-11T11:11:53.763+0000] {processor.py:183} INFO - Processing /opt/airflow/dags/etl_dag.py took 1.206 seconds
[2025-11-11T11:12:34.037+0000] {processor.py:161} INFO - Started process (PID=4370) to work on /opt/airflow/dags/etl_dag.py
[2025-11-11T11:12:34.120+0000] {processor.py:830} INFO - Processing file /opt/airflow/dags/etl_dag.py for tasks to queue
[2025-11-11T11:12:34.122+0000] {logging_mixin.py:188} INFO - [2025-11-11T11:12:34.122+0000] {dagbag.py:538} INFO - Filling up the DagBag from /opt/airflow/dags/etl_dag.py
[2025-11-11T11:12:36.158+0000] {processor.py:840} INFO - DAG(s) 'simple_etl_lineage' retrieved from /opt/airflow/dags/etl_dag.py
[2025-11-11T11:12:49.501+0000] {logging_mixin.py:188} INFO - [2025-11-11T11:12:49.501+0000] {dag.py:3036} INFO - Sync 1 DAGs
[2025-11-11T11:12:51.964+0000] {logging_mixin.py:188} INFO - [2025-11-11T11:12:51.964+0000] {dag.py:3823} INFO - Setting next_dagrun for simple_etl_lineage to None, run_after=None
[2025-11-11T11:12:56.472+0000] {processor.py:183} INFO - Processing /opt/airflow/dags/etl_dag.py took 22.534 seconds
[2025-11-11T11:13:30.093+0000] {processor.py:161} INFO - Started process (PID=4382) to work on /opt/airflow/dags/etl_dag.py
[2025-11-11T11:13:30.095+0000] {processor.py:830} INFO - Processing file /opt/airflow/dags/etl_dag.py for tasks to queue
[2025-11-11T11:13:30.096+0000] {logging_mixin.py:188} INFO - [2025-11-11T11:13:30.096+0000] {dagbag.py:538} INFO - Filling up the DagBag from /opt/airflow/dags/etl_dag.py
[2025-11-11T11:13:30.125+0000] {processor.py:840} INFO - DAG(s) 'simple_etl_lineage' retrieved from /opt/airflow/dags/etl_dag.py
[2025-11-11T11:13:30.166+0000] {logging_mixin.py:188} INFO - [2025-11-11T11:13:30.165+0000] {dag.py:3036} INFO - Sync 1 DAGs
[2025-11-11T11:13:30.185+0000] {logging_mixin.py:188} INFO - [2025-11-11T11:13:30.185+0000] {dag.py:3823} INFO - Setting next_dagrun for simple_etl_lineage to None, run_after=None
[2025-11-11T11:13:30.215+0000] {processor.py:183} INFO - Processing /opt/airflow/dags/etl_dag.py took 0.127 seconds
[2025-11-11T11:14:01.497+0000] {processor.py:161} INFO - Started process (PID=4390) to work on /opt/airflow/dags/etl_dag.py
[2025-11-11T11:14:01.513+0000] {processor.py:830} INFO - Processing file /opt/airflow/dags/etl_dag.py for tasks to queue
[2025-11-11T11:14:01.516+0000] {logging_mixin.py:188} INFO - [2025-11-11T11:14:01.516+0000] {dagbag.py:538} INFO - Filling up the DagBag from /opt/airflow/dags/etl_dag.py
[2025-11-11T11:14:01.715+0000] {processor.py:840} INFO - DAG(s) 'simple_etl_lineage' retrieved from /opt/airflow/dags/etl_dag.py
[2025-11-11T11:14:01.843+0000] {logging_mixin.py:188} INFO - [2025-11-11T11:14:01.843+0000] {dag.py:3036} INFO - Sync 1 DAGs
[2025-11-11T11:14:01.897+0000] {logging_mixin.py:188} INFO - [2025-11-11T11:14:01.897+0000] {dag.py:3823} INFO - Setting next_dagrun for simple_etl_lineage to None, run_after=None
[2025-11-11T11:14:01.980+0000] {processor.py:183} INFO - Processing /opt/airflow/dags/etl_dag.py took 0.487 seconds
[2025-11-11T11:14:33.418+0000] {processor.py:161} INFO - Started process (PID=4400) to work on /opt/airflow/dags/etl_dag.py
[2025-11-11T11:14:33.430+0000] {processor.py:830} INFO - Processing file /opt/airflow/dags/etl_dag.py for tasks to queue
[2025-11-11T11:14:33.436+0000] {logging_mixin.py:188} INFO - [2025-11-11T11:14:33.435+0000] {dagbag.py:538} INFO - Filling up the DagBag from /opt/airflow/dags/etl_dag.py
[2025-11-11T11:14:33.713+0000] {processor.py:840} INFO - DAG(s) 'simple_etl_lineage' retrieved from /opt/airflow/dags/etl_dag.py
[2025-11-11T11:14:33.856+0000] {logging_mixin.py:188} INFO - [2025-11-11T11:14:33.856+0000] {dag.py:3036} INFO - Sync 1 DAGs
[2025-11-11T11:14:33.945+0000] {logging_mixin.py:188} INFO - [2025-11-11T11:14:33.944+0000] {dag.py:3823} INFO - Setting next_dagrun for simple_etl_lineage to None, run_after=None
[2025-11-11T11:14:34.061+0000] {processor.py:183} INFO - Processing /opt/airflow/dags/etl_dag.py took 0.648 seconds
[2025-11-11T11:15:04.454+0000] {processor.py:161} INFO - Started process (PID=4410) to work on /opt/airflow/dags/etl_dag.py
[2025-11-11T11:15:04.458+0000] {processor.py:830} INFO - Processing file /opt/airflow/dags/etl_dag.py for tasks to queue
[2025-11-11T11:15:04.460+0000] {logging_mixin.py:188} INFO - [2025-11-11T11:15:04.459+0000] {dagbag.py:538} INFO - Filling up the DagBag from /opt/airflow/dags/etl_dag.py
[2025-11-11T11:15:04.545+0000] {processor.py:840} INFO - DAG(s) 'simple_etl_lineage' retrieved from /opt/airflow/dags/etl_dag.py
[2025-11-11T11:15:04.652+0000] {logging_mixin.py:188} INFO - [2025-11-11T11:15:04.651+0000] {dag.py:3036} INFO - Sync 1 DAGs
[2025-11-11T11:15:04.698+0000] {logging_mixin.py:188} INFO - [2025-11-11T11:15:04.698+0000] {dag.py:3823} INFO - Setting next_dagrun for simple_etl_lineage to None, run_after=None
[2025-11-11T11:15:04.734+0000] {processor.py:183} INFO - Processing /opt/airflow/dags/etl_dag.py took 0.288 seconds
[2025-11-11T11:15:34.964+0000] {processor.py:161} INFO - Started process (PID=4420) to work on /opt/airflow/dags/etl_dag.py
[2025-11-11T11:15:34.982+0000] {processor.py:830} INFO - Processing file /opt/airflow/dags/etl_dag.py for tasks to queue
[2025-11-11T11:15:35.022+0000] {logging_mixin.py:188} INFO - [2025-11-11T11:15:35.021+0000] {dagbag.py:538} INFO - Filling up the DagBag from /opt/airflow/dags/etl_dag.py
[2025-11-11T11:15:35.093+0000] {processor.py:840} INFO - DAG(s) 'simple_etl_lineage' retrieved from /opt/airflow/dags/etl_dag.py
[2025-11-11T11:15:35.225+0000] {logging_mixin.py:188} INFO - [2025-11-11T11:15:35.224+0000] {dag.py:3036} INFO - Sync 1 DAGs
[2025-11-11T11:15:35.293+0000] {logging_mixin.py:188} INFO - [2025-11-11T11:15:35.293+0000] {dag.py:3823} INFO - Setting next_dagrun for simple_etl_lineage to None, run_after=None
[2025-11-11T11:15:35.390+0000] {processor.py:183} INFO - Processing /opt/airflow/dags/etl_dag.py took 0.459 seconds
[2025-11-11T11:16:05.878+0000] {processor.py:161} INFO - Started process (PID=4430) to work on /opt/airflow/dags/etl_dag.py
[2025-11-11T11:16:05.885+0000] {processor.py:830} INFO - Processing file /opt/airflow/dags/etl_dag.py for tasks to queue
[2025-11-11T11:16:05.900+0000] {logging_mixin.py:188} INFO - [2025-11-11T11:16:05.900+0000] {dagbag.py:538} INFO - Filling up the DagBag from /opt/airflow/dags/etl_dag.py
[2025-11-11T11:16:06.072+0000] {processor.py:840} INFO - DAG(s) 'simple_etl_lineage' retrieved from /opt/airflow/dags/etl_dag.py
[2025-11-11T11:16:06.255+0000] {logging_mixin.py:188} INFO - [2025-11-11T11:16:06.254+0000] {dag.py:3036} INFO - Sync 1 DAGs
[2025-11-11T11:16:06.319+0000] {logging_mixin.py:188} INFO - [2025-11-11T11:16:06.319+0000] {dag.py:3823} INFO - Setting next_dagrun for simple_etl_lineage to None, run_after=None
[2025-11-11T11:16:06.430+0000] {processor.py:183} INFO - Processing /opt/airflow/dags/etl_dag.py took 0.560 seconds
[2025-11-11T11:16:36.862+0000] {processor.py:161} INFO - Started process (PID=4440) to work on /opt/airflow/dags/etl_dag.py
[2025-11-11T11:16:36.864+0000] {processor.py:830} INFO - Processing file /opt/airflow/dags/etl_dag.py for tasks to queue
[2025-11-11T11:16:36.866+0000] {logging_mixin.py:188} INFO - [2025-11-11T11:16:36.866+0000] {dagbag.py:538} INFO - Filling up the DagBag from /opt/airflow/dags/etl_dag.py
[2025-11-11T11:16:36.910+0000] {processor.py:840} INFO - DAG(s) 'simple_etl_lineage' retrieved from /opt/airflow/dags/etl_dag.py
[2025-11-11T11:16:37.018+0000] {logging_mixin.py:188} INFO - [2025-11-11T11:16:37.018+0000] {dag.py:3036} INFO - Sync 1 DAGs
[2025-11-11T11:16:37.071+0000] {logging_mixin.py:188} INFO - [2025-11-11T11:16:37.070+0000] {dag.py:3823} INFO - Setting next_dagrun for simple_etl_lineage to None, run_after=None
[2025-11-11T11:16:37.144+0000] {processor.py:183} INFO - Processing /opt/airflow/dags/etl_dag.py took 0.296 seconds
[2025-11-11T11:17:08.322+0000] {processor.py:161} INFO - Started process (PID=4450) to work on /opt/airflow/dags/etl_dag.py
[2025-11-11T11:17:08.324+0000] {processor.py:830} INFO - Processing file /opt/airflow/dags/etl_dag.py for tasks to queue
[2025-11-11T11:17:08.325+0000] {logging_mixin.py:188} INFO - [2025-11-11T11:17:08.325+0000] {dagbag.py:538} INFO - Filling up the DagBag from /opt/airflow/dags/etl_dag.py
[2025-11-11T11:17:08.431+0000] {processor.py:840} INFO - DAG(s) 'simple_etl_lineage' retrieved from /opt/airflow/dags/etl_dag.py
[2025-11-11T11:17:08.512+0000] {logging_mixin.py:188} INFO - [2025-11-11T11:17:08.511+0000] {dag.py:3036} INFO - Sync 1 DAGs
[2025-11-11T11:17:08.538+0000] {logging_mixin.py:188} INFO - [2025-11-11T11:17:08.538+0000] {dag.py:3823} INFO - Setting next_dagrun for simple_etl_lineage to None, run_after=None
[2025-11-11T11:17:08.605+0000] {processor.py:183} INFO - Processing /opt/airflow/dags/etl_dag.py took 0.289 seconds
[2025-11-11T11:17:38.834+0000] {processor.py:161} INFO - Started process (PID=4460) to work on /opt/airflow/dags/etl_dag.py
[2025-11-11T11:17:38.838+0000] {processor.py:830} INFO - Processing file /opt/airflow/dags/etl_dag.py for tasks to queue
[2025-11-11T11:17:38.842+0000] {logging_mixin.py:188} INFO - [2025-11-11T11:17:38.841+0000] {dagbag.py:538} INFO - Filling up the DagBag from /opt/airflow/dags/etl_dag.py
[2025-11-11T11:17:38.887+0000] {processor.py:840} INFO - DAG(s) 'simple_etl_lineage' retrieved from /opt/airflow/dags/etl_dag.py
[2025-11-11T11:17:38.953+0000] {logging_mixin.py:188} INFO - [2025-11-11T11:17:38.953+0000] {dag.py:3036} INFO - Sync 1 DAGs
[2025-11-11T11:17:38.988+0000] {logging_mixin.py:188} INFO - [2025-11-11T11:17:38.988+0000] {dag.py:3823} INFO - Setting next_dagrun for simple_etl_lineage to None, run_after=None
[2025-11-11T11:17:39.045+0000] {processor.py:183} INFO - Processing /opt/airflow/dags/etl_dag.py took 0.223 seconds
[2025-11-11T11:18:09.722+0000] {processor.py:161} INFO - Started process (PID=4470) to work on /opt/airflow/dags/etl_dag.py
[2025-11-11T11:18:09.724+0000] {processor.py:830} INFO - Processing file /opt/airflow/dags/etl_dag.py for tasks to queue
[2025-11-11T11:18:09.726+0000] {logging_mixin.py:188} INFO - [2025-11-11T11:18:09.725+0000] {dagbag.py:538} INFO - Filling up the DagBag from /opt/airflow/dags/etl_dag.py
[2025-11-11T11:18:09.773+0000] {processor.py:840} INFO - DAG(s) 'simple_etl_lineage' retrieved from /opt/airflow/dags/etl_dag.py
[2025-11-11T11:18:09.873+0000] {logging_mixin.py:188} INFO - [2025-11-11T11:18:09.873+0000] {dag.py:3036} INFO - Sync 1 DAGs
[2025-11-11T11:18:09.892+0000] {logging_mixin.py:188} INFO - [2025-11-11T11:18:09.892+0000] {dag.py:3823} INFO - Setting next_dagrun for simple_etl_lineage to None, run_after=None
[2025-11-11T11:18:09.932+0000] {processor.py:183} INFO - Processing /opt/airflow/dags/etl_dag.py took 0.216 seconds
[2025-11-11T11:18:40.107+0000] {processor.py:161} INFO - Started process (PID=4480) to work on /opt/airflow/dags/etl_dag.py
[2025-11-11T11:18:40.111+0000] {processor.py:830} INFO - Processing file /opt/airflow/dags/etl_dag.py for tasks to queue
[2025-11-11T11:18:40.113+0000] {logging_mixin.py:188} INFO - [2025-11-11T11:18:40.112+0000] {dagbag.py:538} INFO - Filling up the DagBag from /opt/airflow/dags/etl_dag.py
[2025-11-11T11:18:40.164+0000] {processor.py:840} INFO - DAG(s) 'simple_etl_lineage' retrieved from /opt/airflow/dags/etl_dag.py
[2025-11-11T11:18:40.237+0000] {logging_mixin.py:188} INFO - [2025-11-11T11:18:40.236+0000] {dag.py:3036} INFO - Sync 1 DAGs
[2025-11-11T11:18:40.260+0000] {logging_mixin.py:188} INFO - [2025-11-11T11:18:40.259+0000] {dag.py:3823} INFO - Setting next_dagrun for simple_etl_lineage to None, run_after=None
[2025-11-11T11:18:40.297+0000] {processor.py:183} INFO - Processing /opt/airflow/dags/etl_dag.py took 0.196 seconds
[2025-11-11T11:19:10.635+0000] {processor.py:161} INFO - Started process (PID=4490) to work on /opt/airflow/dags/etl_dag.py
[2025-11-11T11:19:10.638+0000] {processor.py:830} INFO - Processing file /opt/airflow/dags/etl_dag.py for tasks to queue
[2025-11-11T11:19:10.642+0000] {logging_mixin.py:188} INFO - [2025-11-11T11:19:10.640+0000] {dagbag.py:538} INFO - Filling up the DagBag from /opt/airflow/dags/etl_dag.py
[2025-11-11T11:19:10.803+0000] {processor.py:840} INFO - DAG(s) 'simple_etl_lineage' retrieved from /opt/airflow/dags/etl_dag.py
[2025-11-11T11:19:10.883+0000] {logging_mixin.py:188} INFO - [2025-11-11T11:19:10.882+0000] {dag.py:3036} INFO - Sync 1 DAGs
[2025-11-11T11:19:10.902+0000] {logging_mixin.py:188} INFO - [2025-11-11T11:19:10.902+0000] {dag.py:3823} INFO - Setting next_dagrun for simple_etl_lineage to None, run_after=None
[2025-11-11T11:19:10.932+0000] {processor.py:183} INFO - Processing /opt/airflow/dags/etl_dag.py took 0.305 seconds
[2025-11-11T11:19:41.350+0000] {processor.py:161} INFO - Started process (PID=4500) to work on /opt/airflow/dags/etl_dag.py
[2025-11-11T11:19:41.352+0000] {processor.py:830} INFO - Processing file /opt/airflow/dags/etl_dag.py for tasks to queue
[2025-11-11T11:19:41.354+0000] {logging_mixin.py:188} INFO - [2025-11-11T11:19:41.354+0000] {dagbag.py:538} INFO - Filling up the DagBag from /opt/airflow/dags/etl_dag.py
[2025-11-11T11:19:41.394+0000] {processor.py:840} INFO - DAG(s) 'simple_etl_lineage' retrieved from /opt/airflow/dags/etl_dag.py
[2025-11-11T11:19:41.453+0000] {logging_mixin.py:188} INFO - [2025-11-11T11:19:41.452+0000] {dag.py:3036} INFO - Sync 1 DAGs
[2025-11-11T11:19:41.497+0000] {logging_mixin.py:188} INFO - [2025-11-11T11:19:41.496+0000] {dag.py:3823} INFO - Setting next_dagrun for simple_etl_lineage to None, run_after=None
[2025-11-11T11:19:41.557+0000] {processor.py:183} INFO - Processing /opt/airflow/dags/etl_dag.py took 0.211 seconds
[2025-11-11T11:20:12.893+0000] {processor.py:161} INFO - Started process (PID=4510) to work on /opt/airflow/dags/etl_dag.py
[2025-11-11T11:20:12.895+0000] {processor.py:830} INFO - Processing file /opt/airflow/dags/etl_dag.py for tasks to queue
[2025-11-11T11:20:12.897+0000] {logging_mixin.py:188} INFO - [2025-11-11T11:20:12.897+0000] {dagbag.py:538} INFO - Filling up the DagBag from /opt/airflow/dags/etl_dag.py
[2025-11-11T11:20:12.926+0000] {processor.py:840} INFO - DAG(s) 'simple_etl_lineage' retrieved from /opt/airflow/dags/etl_dag.py
[2025-11-11T11:20:12.965+0000] {logging_mixin.py:188} INFO - [2025-11-11T11:20:12.965+0000] {dag.py:3036} INFO - Sync 1 DAGs
[2025-11-11T11:20:12.982+0000] {logging_mixin.py:188} INFO - [2025-11-11T11:20:12.981+0000] {dag.py:3823} INFO - Setting next_dagrun for simple_etl_lineage to None, run_after=None
[2025-11-11T11:20:13.015+0000] {processor.py:183} INFO - Processing /opt/airflow/dags/etl_dag.py took 0.127 seconds
[2025-11-11T11:20:43.354+0000] {processor.py:161} INFO - Started process (PID=4522) to work on /opt/airflow/dags/etl_dag.py
[2025-11-11T11:20:43.356+0000] {processor.py:830} INFO - Processing file /opt/airflow/dags/etl_dag.py for tasks to queue
[2025-11-11T11:20:43.358+0000] {logging_mixin.py:188} INFO - [2025-11-11T11:20:43.357+0000] {dagbag.py:538} INFO - Filling up the DagBag from /opt/airflow/dags/etl_dag.py
[2025-11-11T11:20:43.391+0000] {processor.py:840} INFO - DAG(s) 'simple_etl_lineage' retrieved from /opt/airflow/dags/etl_dag.py
[2025-11-11T11:20:43.431+0000] {logging_mixin.py:188} INFO - [2025-11-11T11:20:43.430+0000] {dag.py:3036} INFO - Sync 1 DAGs
[2025-11-11T11:20:43.449+0000] {logging_mixin.py:188} INFO - [2025-11-11T11:20:43.449+0000] {dag.py:3823} INFO - Setting next_dagrun for simple_etl_lineage to None, run_after=None
[2025-11-11T11:20:43.482+0000] {processor.py:183} INFO - Processing /opt/airflow/dags/etl_dag.py took 0.144 seconds
[2025-11-11T11:21:14.030+0000] {processor.py:161} INFO - Started process (PID=4532) to work on /opt/airflow/dags/etl_dag.py
[2025-11-11T11:21:14.045+0000] {processor.py:830} INFO - Processing file /opt/airflow/dags/etl_dag.py for tasks to queue
[2025-11-11T11:21:14.055+0000] {logging_mixin.py:188} INFO - [2025-11-11T11:21:14.054+0000] {dagbag.py:538} INFO - Filling up the DagBag from /opt/airflow/dags/etl_dag.py
[2025-11-11T11:21:14.097+0000] {processor.py:840} INFO - DAG(s) 'simple_etl_lineage' retrieved from /opt/airflow/dags/etl_dag.py
[2025-11-11T11:21:14.152+0000] {logging_mixin.py:188} INFO - [2025-11-11T11:21:14.151+0000] {dag.py:3036} INFO - Sync 1 DAGs
[2025-11-11T11:21:14.180+0000] {logging_mixin.py:188} INFO - [2025-11-11T11:21:14.180+0000] {dag.py:3823} INFO - Setting next_dagrun for simple_etl_lineage to None, run_after=None
[2025-11-11T11:21:14.230+0000] {processor.py:183} INFO - Processing /opt/airflow/dags/etl_dag.py took 0.205 seconds
[2025-11-11T11:22:02.489+0000] {processor.py:161} INFO - Started process (PID=4540) to work on /opt/airflow/dags/etl_dag.py
[2025-11-11T11:22:02.683+0000] {processor.py:830} INFO - Processing file /opt/airflow/dags/etl_dag.py for tasks to queue
[2025-11-11T11:22:02.735+0000] {logging_mixin.py:188} INFO - [2025-11-11T11:22:02.705+0000] {dagbag.py:538} INFO - Filling up the DagBag from /opt/airflow/dags/etl_dag.py
[2025-11-11T11:22:04.928+0000] {processor.py:840} INFO - DAG(s) 'simple_etl_lineage' retrieved from /opt/airflow/dags/etl_dag.py
[2025-11-11T11:22:06.902+0000] {logging_mixin.py:188} INFO - [2025-11-11T11:22:06.901+0000] {dag.py:3036} INFO - Sync 1 DAGs
[2025-11-11T11:22:09.580+0000] {logging_mixin.py:188} INFO - [2025-11-11T11:22:09.579+0000] {dag.py:3823} INFO - Setting next_dagrun for simple_etl_lineage to None, run_after=None
[2025-11-11T11:22:10.256+0000] {processor.py:183} INFO - Processing /opt/airflow/dags/etl_dag.py took 7.773 seconds
[2025-11-11T11:22:41.325+0000] {processor.py:161} INFO - Started process (PID=4550) to work on /opt/airflow/dags/etl_dag.py
[2025-11-11T11:22:41.346+0000] {processor.py:830} INFO - Processing file /opt/airflow/dags/etl_dag.py for tasks to queue
[2025-11-11T11:22:41.371+0000] {logging_mixin.py:188} INFO - [2025-11-11T11:22:41.371+0000] {dagbag.py:538} INFO - Filling up the DagBag from /opt/airflow/dags/etl_dag.py
[2025-11-11T11:22:41.650+0000] {processor.py:840} INFO - DAG(s) 'simple_etl_lineage' retrieved from /opt/airflow/dags/etl_dag.py
[2025-11-11T11:22:41.789+0000] {logging_mixin.py:188} INFO - [2025-11-11T11:22:41.788+0000] {dag.py:3036} INFO - Sync 1 DAGs
[2025-11-11T11:22:41.833+0000] {logging_mixin.py:188} INFO - [2025-11-11T11:22:41.833+0000] {dag.py:3823} INFO - Setting next_dagrun for simple_etl_lineage to None, run_after=None
[2025-11-11T11:22:41.900+0000] {processor.py:183} INFO - Processing /opt/airflow/dags/etl_dag.py took 0.582 seconds
[2025-11-11T11:23:12.898+0000] {processor.py:161} INFO - Started process (PID=4560) to work on /opt/airflow/dags/etl_dag.py
[2025-11-11T11:23:12.901+0000] {processor.py:830} INFO - Processing file /opt/airflow/dags/etl_dag.py for tasks to queue
[2025-11-11T11:23:12.910+0000] {logging_mixin.py:188} INFO - [2025-11-11T11:23:12.903+0000] {dagbag.py:538} INFO - Filling up the DagBag from /opt/airflow/dags/etl_dag.py
[2025-11-11T11:23:13.013+0000] {processor.py:840} INFO - DAG(s) 'simple_etl_lineage' retrieved from /opt/airflow/dags/etl_dag.py
[2025-11-11T11:23:13.120+0000] {logging_mixin.py:188} INFO - [2025-11-11T11:23:13.119+0000] {dag.py:3036} INFO - Sync 1 DAGs
[2025-11-11T11:23:13.167+0000] {logging_mixin.py:188} INFO - [2025-11-11T11:23:13.167+0000] {dag.py:3823} INFO - Setting next_dagrun for simple_etl_lineage to None, run_after=None
[2025-11-11T11:23:13.210+0000] {processor.py:183} INFO - Processing /opt/airflow/dags/etl_dag.py took 0.317 seconds
[2025-11-11T11:23:43.647+0000] {processor.py:161} INFO - Started process (PID=4570) to work on /opt/airflow/dags/etl_dag.py
[2025-11-11T11:23:43.649+0000] {processor.py:830} INFO - Processing file /opt/airflow/dags/etl_dag.py for tasks to queue
[2025-11-11T11:23:43.651+0000] {logging_mixin.py:188} INFO - [2025-11-11T11:23:43.651+0000] {dagbag.py:538} INFO - Filling up the DagBag from /opt/airflow/dags/etl_dag.py
[2025-11-11T11:23:43.701+0000] {processor.py:840} INFO - DAG(s) 'simple_etl_lineage' retrieved from /opt/airflow/dags/etl_dag.py
[2025-11-11T11:23:43.843+0000] {logging_mixin.py:188} INFO - [2025-11-11T11:23:43.842+0000] {dag.py:3036} INFO - Sync 1 DAGs
[2025-11-11T11:23:43.878+0000] {logging_mixin.py:188} INFO - [2025-11-11T11:23:43.878+0000] {dag.py:3823} INFO - Setting next_dagrun for simple_etl_lineage to None, run_after=None
[2025-11-11T11:23:43.982+0000] {processor.py:183} INFO - Processing /opt/airflow/dags/etl_dag.py took 0.346 seconds
[2025-11-11T11:24:14.957+0000] {processor.py:161} INFO - Started process (PID=4580) to work on /opt/airflow/dags/etl_dag.py
[2025-11-11T11:24:14.960+0000] {processor.py:830} INFO - Processing file /opt/airflow/dags/etl_dag.py for tasks to queue
[2025-11-11T11:24:14.963+0000] {logging_mixin.py:188} INFO - [2025-11-11T11:24:14.963+0000] {dagbag.py:538} INFO - Filling up the DagBag from /opt/airflow/dags/etl_dag.py
[2025-11-11T11:24:15.047+0000] {processor.py:840} INFO - DAG(s) 'simple_etl_lineage' retrieved from /opt/airflow/dags/etl_dag.py
[2025-11-11T11:24:15.108+0000] {logging_mixin.py:188} INFO - [2025-11-11T11:24:15.108+0000] {dag.py:3036} INFO - Sync 1 DAGs
[2025-11-11T11:24:15.152+0000] {logging_mixin.py:188} INFO - [2025-11-11T11:24:15.152+0000] {dag.py:3823} INFO - Setting next_dagrun for simple_etl_lineage to None, run_after=None
[2025-11-11T11:24:15.203+0000] {processor.py:183} INFO - Processing /opt/airflow/dags/etl_dag.py took 0.251 seconds
[2025-11-11T11:24:47.800+0000] {processor.py:161} INFO - Started process (PID=4590) to work on /opt/airflow/dags/etl_dag.py
[2025-11-11T11:24:47.816+0000] {processor.py:830} INFO - Processing file /opt/airflow/dags/etl_dag.py for tasks to queue
[2025-11-11T11:24:47.835+0000] {logging_mixin.py:188} INFO - [2025-11-11T11:24:47.834+0000] {dagbag.py:538} INFO - Filling up the DagBag from /opt/airflow/dags/etl_dag.py
[2025-11-11T11:24:50.269+0000] {processor.py:840} INFO - DAG(s) 'simple_etl_lineage' retrieved from /opt/airflow/dags/etl_dag.py
[2025-11-11T11:24:51.263+0000] {logging_mixin.py:188} INFO - [2025-11-11T11:24:51.262+0000] {dag.py:3036} INFO - Sync 1 DAGs
[2025-11-11T11:24:51.331+0000] {logging_mixin.py:188} INFO - [2025-11-11T11:24:51.331+0000] {dag.py:3823} INFO - Setting next_dagrun for simple_etl_lineage to None, run_after=None
[2025-11-11T11:24:51.828+0000] {processor.py:183} INFO - Processing /opt/airflow/dags/etl_dag.py took 4.062 seconds
[2025-11-11T11:25:22.898+0000] {processor.py:161} INFO - Started process (PID=4600) to work on /opt/airflow/dags/etl_dag.py
[2025-11-11T11:25:22.900+0000] {processor.py:830} INFO - Processing file /opt/airflow/dags/etl_dag.py for tasks to queue
[2025-11-11T11:25:22.903+0000] {logging_mixin.py:188} INFO - [2025-11-11T11:25:22.902+0000] {dagbag.py:538} INFO - Filling up the DagBag from /opt/airflow/dags/etl_dag.py
[2025-11-11T11:25:22.950+0000] {processor.py:840} INFO - DAG(s) 'simple_etl_lineage' retrieved from /opt/airflow/dags/etl_dag.py
[2025-11-11T11:25:23.102+0000] {logging_mixin.py:188} INFO - [2025-11-11T11:25:23.102+0000] {dag.py:3036} INFO - Sync 1 DAGs
[2025-11-11T11:25:23.182+0000] {logging_mixin.py:188} INFO - [2025-11-11T11:25:23.181+0000] {dag.py:3823} INFO - Setting next_dagrun for simple_etl_lineage to None, run_after=None
[2025-11-11T11:25:23.361+0000] {processor.py:183} INFO - Processing /opt/airflow/dags/etl_dag.py took 0.470 seconds
[2025-11-11T11:25:57.051+0000] {processor.py:161} INFO - Started process (PID=4610) to work on /opt/airflow/dags/etl_dag.py
[2025-11-11T11:25:57.073+0000] {processor.py:830} INFO - Processing file /opt/airflow/dags/etl_dag.py for tasks to queue
[2025-11-11T11:25:57.104+0000] {logging_mixin.py:188} INFO - [2025-11-11T11:25:57.103+0000] {dagbag.py:538} INFO - Filling up the DagBag from /opt/airflow/dags/etl_dag.py
[2025-11-11T11:25:58.111+0000] {processor.py:840} INFO - DAG(s) 'simple_etl_lineage' retrieved from /opt/airflow/dags/etl_dag.py
[2025-11-11T11:25:58.441+0000] {logging_mixin.py:188} INFO - [2025-11-11T11:25:58.441+0000] {dag.py:3036} INFO - Sync 1 DAGs
[2025-11-11T11:25:58.537+0000] {logging_mixin.py:188} INFO - [2025-11-11T11:25:58.537+0000] {dag.py:3823} INFO - Setting next_dagrun for simple_etl_lineage to None, run_after=None
[2025-11-11T11:25:58.769+0000] {processor.py:183} INFO - Processing /opt/airflow/dags/etl_dag.py took 1.723 seconds
[2025-11-11T11:26:29.159+0000] {processor.py:161} INFO - Started process (PID=4620) to work on /opt/airflow/dags/etl_dag.py
[2025-11-11T11:26:29.161+0000] {processor.py:830} INFO - Processing file /opt/airflow/dags/etl_dag.py for tasks to queue
[2025-11-11T11:26:29.164+0000] {logging_mixin.py:188} INFO - [2025-11-11T11:26:29.163+0000] {dagbag.py:538} INFO - Filling up the DagBag from /opt/airflow/dags/etl_dag.py
[2025-11-11T11:26:29.220+0000] {processor.py:840} INFO - DAG(s) 'simple_etl_lineage' retrieved from /opt/airflow/dags/etl_dag.py
[2025-11-11T11:26:29.536+0000] {logging_mixin.py:188} INFO - [2025-11-11T11:26:29.535+0000] {dag.py:3036} INFO - Sync 1 DAGs
[2025-11-11T11:26:29.631+0000] {logging_mixin.py:188} INFO - [2025-11-11T11:26:29.630+0000] {dag.py:3823} INFO - Setting next_dagrun for simple_etl_lineage to None, run_after=None
[2025-11-11T11:26:29.698+0000] {processor.py:183} INFO - Processing /opt/airflow/dags/etl_dag.py took 0.544 seconds
[2025-11-11T11:27:00.464+0000] {processor.py:161} INFO - Started process (PID=4630) to work on /opt/airflow/dags/etl_dag.py
[2025-11-11T11:27:00.467+0000] {processor.py:830} INFO - Processing file /opt/airflow/dags/etl_dag.py for tasks to queue
[2025-11-11T11:27:00.469+0000] {logging_mixin.py:188} INFO - [2025-11-11T11:27:00.468+0000] {dagbag.py:538} INFO - Filling up the DagBag from /opt/airflow/dags/etl_dag.py
[2025-11-11T11:27:01.538+0000] {processor.py:840} INFO - DAG(s) 'simple_etl_lineage' retrieved from /opt/airflow/dags/etl_dag.py
[2025-11-11T11:27:01.605+0000] {logging_mixin.py:188} INFO - [2025-11-11T11:27:01.605+0000] {dag.py:3036} INFO - Sync 1 DAGs
[2025-11-11T11:27:01.626+0000] {logging_mixin.py:188} INFO - [2025-11-11T11:27:01.626+0000] {dag.py:3823} INFO - Setting next_dagrun for simple_etl_lineage to None, run_after=None
[2025-11-11T11:27:01.676+0000] {processor.py:183} INFO - Processing /opt/airflow/dags/etl_dag.py took 1.221 seconds
[2025-11-11T11:27:36.905+0000] {processor.py:161} INFO - Started process (PID=4640) to work on /opt/airflow/dags/etl_dag.py
[2025-11-11T11:27:37.002+0000] {processor.py:830} INFO - Processing file /opt/airflow/dags/etl_dag.py for tasks to queue
[2025-11-11T11:27:37.018+0000] {logging_mixin.py:188} INFO - [2025-11-11T11:27:37.017+0000] {dagbag.py:538} INFO - Filling up the DagBag from /opt/airflow/dags/etl_dag.py
[2025-11-11T11:27:37.615+0000] {processor.py:840} INFO - DAG(s) 'simple_etl_lineage' retrieved from /opt/airflow/dags/etl_dag.py
[2025-11-11T11:27:37.949+0000] {logging_mixin.py:188} INFO - [2025-11-11T11:27:37.949+0000] {dag.py:3036} INFO - Sync 1 DAGs
[2025-11-11T11:27:38.012+0000] {logging_mixin.py:188} INFO - [2025-11-11T11:27:38.011+0000] {dag.py:3823} INFO - Setting next_dagrun for simple_etl_lineage to None, run_after=None
[2025-11-11T11:27:38.232+0000] {processor.py:183} INFO - Processing /opt/airflow/dags/etl_dag.py took 1.406 seconds
[2025-11-11T11:28:48.620+0000] {processor.py:161} INFO - Started process (PID=4650) to work on /opt/airflow/dags/etl_dag.py
[2025-11-11T11:28:48.732+0000] {processor.py:830} INFO - Processing file /opt/airflow/dags/etl_dag.py for tasks to queue
[2025-11-11T11:28:48.916+0000] {logging_mixin.py:188} INFO - [2025-11-11T11:28:48.866+0000] {dagbag.py:538} INFO - Filling up the DagBag from /opt/airflow/dags/etl_dag.py
[2025-11-11T11:28:51.932+0000] {processor.py:840} INFO - DAG(s) 'simple_etl_lineage' retrieved from /opt/airflow/dags/etl_dag.py
[2025-11-11T11:28:56.702+0000] {logging_mixin.py:188} INFO - [2025-11-11T11:28:56.701+0000] {dag.py:3036} INFO - Sync 1 DAGs
[2025-11-11T11:32:21.582+0000] {processor.py:161} INFO - Started process (PID=4671) to work on /opt/airflow/dags/etl_dag.py
[2025-11-11T11:32:21.596+0000] {processor.py:830} INFO - Processing file /opt/airflow/dags/etl_dag.py for tasks to queue
[2025-11-11T11:32:21.638+0000] {logging_mixin.py:188} INFO - [2025-11-11T11:32:21.600+0000] {dagbag.py:538} INFO - Filling up the DagBag from /opt/airflow/dags/etl_dag.py
[2025-11-11T11:32:21.870+0000] {processor.py:840} INFO - DAG(s) 'simple_etl_lineage' retrieved from /opt/airflow/dags/etl_dag.py
[2025-11-11T11:32:25.445+0000] {logging_mixin.py:188} INFO - [2025-11-11T11:32:25.444+0000] {dag.py:3036} INFO - Sync 1 DAGs
[2025-11-11T11:32:27.390+0000] {logging_mixin.py:188} INFO - [2025-11-11T11:32:27.389+0000] {dag.py:3823} INFO - Setting next_dagrun for simple_etl_lineage to None, run_after=None
[2025-11-11T11:32:27.697+0000] {processor.py:183} INFO - Processing /opt/airflow/dags/etl_dag.py took 6.170 seconds
[2025-11-11T11:32:58.616+0000] {processor.py:161} INFO - Started process (PID=4681) to work on /opt/airflow/dags/etl_dag.py
[2025-11-11T11:32:58.621+0000] {processor.py:830} INFO - Processing file /opt/airflow/dags/etl_dag.py for tasks to queue
[2025-11-11T11:32:58.633+0000] {logging_mixin.py:188} INFO - [2025-11-11T11:32:58.633+0000] {dagbag.py:538} INFO - Filling up the DagBag from /opt/airflow/dags/etl_dag.py
[2025-11-11T11:32:58.761+0000] {processor.py:840} INFO - DAG(s) 'simple_etl_lineage' retrieved from /opt/airflow/dags/etl_dag.py
[2025-11-11T11:32:58.977+0000] {logging_mixin.py:188} INFO - [2025-11-11T11:32:58.976+0000] {dag.py:3036} INFO - Sync 1 DAGs
[2025-11-11T11:32:59.043+0000] {logging_mixin.py:188} INFO - [2025-11-11T11:32:59.043+0000] {dag.py:3823} INFO - Setting next_dagrun for simple_etl_lineage to None, run_after=None
[2025-11-11T11:32:59.135+0000] {processor.py:183} INFO - Processing /opt/airflow/dags/etl_dag.py took 0.536 seconds
[2025-11-11T11:33:30.571+0000] {processor.py:161} INFO - Started process (PID=4691) to work on /opt/airflow/dags/etl_dag.py
[2025-11-11T11:33:30.575+0000] {processor.py:830} INFO - Processing file /opt/airflow/dags/etl_dag.py for tasks to queue
[2025-11-11T11:33:30.582+0000] {logging_mixin.py:188} INFO - [2025-11-11T11:33:30.581+0000] {dagbag.py:538} INFO - Filling up the DagBag from /opt/airflow/dags/etl_dag.py
[2025-11-11T11:33:30.672+0000] {processor.py:840} INFO - DAG(s) 'simple_etl_lineage' retrieved from /opt/airflow/dags/etl_dag.py
[2025-11-11T11:33:30.906+0000] {logging_mixin.py:188} INFO - [2025-11-11T11:33:30.904+0000] {dag.py:3036} INFO - Sync 1 DAGs
[2025-11-11T11:33:30.965+0000] {logging_mixin.py:188} INFO - [2025-11-11T11:33:30.964+0000] {dag.py:3823} INFO - Setting next_dagrun for simple_etl_lineage to None, run_after=None
[2025-11-11T11:33:31.110+0000] {processor.py:183} INFO - Processing /opt/airflow/dags/etl_dag.py took 0.550 seconds
[2025-11-11T11:34:03.260+0000] {processor.py:161} INFO - Started process (PID=4701) to work on /opt/airflow/dags/etl_dag.py
[2025-11-11T11:34:03.272+0000] {processor.py:830} INFO - Processing file /opt/airflow/dags/etl_dag.py for tasks to queue
[2025-11-11T11:34:03.295+0000] {logging_mixin.py:188} INFO - [2025-11-11T11:34:03.287+0000] {dagbag.py:538} INFO - Filling up the DagBag from /opt/airflow/dags/etl_dag.py
[2025-11-11T11:34:03.472+0000] {processor.py:840} INFO - DAG(s) 'simple_etl_lineage' retrieved from /opt/airflow/dags/etl_dag.py
[2025-11-11T11:34:03.757+0000] {logging_mixin.py:188} INFO - [2025-11-11T11:34:03.757+0000] {dag.py:3036} INFO - Sync 1 DAGs
[2025-11-11T11:34:03.855+0000] {logging_mixin.py:188} INFO - [2025-11-11T11:34:03.854+0000] {dag.py:3823} INFO - Setting next_dagrun for simple_etl_lineage to None, run_after=None
[2025-11-11T11:34:03.958+0000] {processor.py:183} INFO - Processing /opt/airflow/dags/etl_dag.py took 0.708 seconds
[2025-11-11T11:34:34.654+0000] {processor.py:161} INFO - Started process (PID=4711) to work on /opt/airflow/dags/etl_dag.py
[2025-11-11T11:34:34.656+0000] {processor.py:830} INFO - Processing file /opt/airflow/dags/etl_dag.py for tasks to queue
[2025-11-11T11:34:34.657+0000] {logging_mixin.py:188} INFO - [2025-11-11T11:34:34.657+0000] {dagbag.py:538} INFO - Filling up the DagBag from /opt/airflow/dags/etl_dag.py
[2025-11-11T11:34:34.690+0000] {processor.py:840} INFO - DAG(s) 'simple_etl_lineage' retrieved from /opt/airflow/dags/etl_dag.py
[2025-11-11T11:34:34.746+0000] {logging_mixin.py:188} INFO - [2025-11-11T11:34:34.746+0000] {dag.py:3036} INFO - Sync 1 DAGs
[2025-11-11T11:34:34.768+0000] {logging_mixin.py:188} INFO - [2025-11-11T11:34:34.768+0000] {dag.py:3823} INFO - Setting next_dagrun for simple_etl_lineage to None, run_after=None
[2025-11-11T11:34:34.829+0000] {processor.py:183} INFO - Processing /opt/airflow/dags/etl_dag.py took 0.182 seconds
[2025-11-11T11:35:05.367+0000] {processor.py:161} INFO - Started process (PID=4721) to work on /opt/airflow/dags/etl_dag.py
[2025-11-11T11:35:05.369+0000] {processor.py:830} INFO - Processing file /opt/airflow/dags/etl_dag.py for tasks to queue
[2025-11-11T11:35:05.373+0000] {logging_mixin.py:188} INFO - [2025-11-11T11:35:05.372+0000] {dagbag.py:538} INFO - Filling up the DagBag from /opt/airflow/dags/etl_dag.py
[2025-11-11T11:35:05.415+0000] {processor.py:840} INFO - DAG(s) 'simple_etl_lineage' retrieved from /opt/airflow/dags/etl_dag.py
[2025-11-11T11:35:05.540+0000] {logging_mixin.py:188} INFO - [2025-11-11T11:35:05.539+0000] {dag.py:3036} INFO - Sync 1 DAGs
[2025-11-11T11:35:05.598+0000] {logging_mixin.py:188} INFO - [2025-11-11T11:35:05.598+0000] {dag.py:3823} INFO - Setting next_dagrun for simple_etl_lineage to None, run_after=None
[2025-11-11T11:35:05.720+0000] {processor.py:183} INFO - Processing /opt/airflow/dags/etl_dag.py took 0.362 seconds
[2025-11-11T11:35:41.013+0000] {processor.py:161} INFO - Started process (PID=4731) to work on /opt/airflow/dags/etl_dag.py
[2025-11-11T11:35:41.051+0000] {processor.py:830} INFO - Processing file /opt/airflow/dags/etl_dag.py for tasks to queue
[2025-11-11T11:35:41.070+0000] {logging_mixin.py:188} INFO - [2025-11-11T11:35:41.069+0000] {dagbag.py:538} INFO - Filling up the DagBag from /opt/airflow/dags/etl_dag.py
[2025-11-11T11:35:41.510+0000] {processor.py:840} INFO - DAG(s) 'simple_etl_lineage' retrieved from /opt/airflow/dags/etl_dag.py
[2025-11-11T11:35:41.678+0000] {logging_mixin.py:188} INFO - [2025-11-11T11:35:41.677+0000] {dag.py:3036} INFO - Sync 1 DAGs
[2025-11-11T11:35:41.739+0000] {logging_mixin.py:188} INFO - [2025-11-11T11:35:41.738+0000] {dag.py:3823} INFO - Setting next_dagrun for simple_etl_lineage to None, run_after=None
[2025-11-11T11:35:41.831+0000] {processor.py:183} INFO - Processing /opt/airflow/dags/etl_dag.py took 0.838 seconds
[2025-11-11T11:36:12.115+0000] {processor.py:161} INFO - Started process (PID=4741) to work on /opt/airflow/dags/etl_dag.py
[2025-11-11T11:36:12.120+0000] {processor.py:830} INFO - Processing file /opt/airflow/dags/etl_dag.py for tasks to queue
[2025-11-11T11:36:12.136+0000] {logging_mixin.py:188} INFO - [2025-11-11T11:36:12.122+0000] {dagbag.py:538} INFO - Filling up the DagBag from /opt/airflow/dags/etl_dag.py
[2025-11-11T11:36:12.201+0000] {processor.py:840} INFO - DAG(s) 'simple_etl_lineage' retrieved from /opt/airflow/dags/etl_dag.py
[2025-11-11T11:36:12.389+0000] {logging_mixin.py:188} INFO - [2025-11-11T11:36:12.388+0000] {dag.py:3036} INFO - Sync 1 DAGs
[2025-11-11T11:36:12.453+0000] {logging_mixin.py:188} INFO - [2025-11-11T11:36:12.452+0000] {dag.py:3823} INFO - Setting next_dagrun for simple_etl_lineage to None, run_after=None
[2025-11-11T11:36:12.524+0000] {processor.py:183} INFO - Processing /opt/airflow/dags/etl_dag.py took 0.415 seconds
[2025-11-11T11:36:43.226+0000] {processor.py:161} INFO - Started process (PID=4751) to work on /opt/airflow/dags/etl_dag.py
[2025-11-11T11:36:43.238+0000] {processor.py:830} INFO - Processing file /opt/airflow/dags/etl_dag.py for tasks to queue
[2025-11-11T11:36:43.240+0000] {logging_mixin.py:188} INFO - [2025-11-11T11:36:43.240+0000] {dagbag.py:538} INFO - Filling up the DagBag from /opt/airflow/dags/etl_dag.py
[2025-11-11T11:36:43.297+0000] {processor.py:840} INFO - DAG(s) 'simple_etl_lineage' retrieved from /opt/airflow/dags/etl_dag.py
[2025-11-11T11:36:43.435+0000] {logging_mixin.py:188} INFO - [2025-11-11T11:36:43.434+0000] {dag.py:3036} INFO - Sync 1 DAGs
[2025-11-11T11:36:43.513+0000] {logging_mixin.py:188} INFO - [2025-11-11T11:36:43.512+0000] {dag.py:3823} INFO - Setting next_dagrun for simple_etl_lineage to None, run_after=None
[2025-11-11T11:36:43.599+0000] {processor.py:183} INFO - Processing /opt/airflow/dags/etl_dag.py took 0.378 seconds
[2025-11-11T11:37:13.929+0000] {processor.py:161} INFO - Started process (PID=4761) to work on /opt/airflow/dags/etl_dag.py
[2025-11-11T11:37:13.931+0000] {processor.py:830} INFO - Processing file /opt/airflow/dags/etl_dag.py for tasks to queue
[2025-11-11T11:37:13.932+0000] {logging_mixin.py:188} INFO - [2025-11-11T11:37:13.932+0000] {dagbag.py:538} INFO - Filling up the DagBag from /opt/airflow/dags/etl_dag.py
[2025-11-11T11:37:13.958+0000] {processor.py:840} INFO - DAG(s) 'simple_etl_lineage' retrieved from /opt/airflow/dags/etl_dag.py
[2025-11-11T11:37:13.999+0000] {logging_mixin.py:188} INFO - [2025-11-11T11:37:13.999+0000] {dag.py:3036} INFO - Sync 1 DAGs
[2025-11-11T11:37:14.026+0000] {logging_mixin.py:188} INFO - [2025-11-11T11:37:14.025+0000] {dag.py:3823} INFO - Setting next_dagrun for simple_etl_lineage to None, run_after=None
[2025-11-11T11:37:14.064+0000] {processor.py:183} INFO - Processing /opt/airflow/dags/etl_dag.py took 0.139 seconds
[2025-11-11T11:37:44.139+0000] {processor.py:161} INFO - Started process (PID=4771) to work on /opt/airflow/dags/etl_dag.py
[2025-11-11T11:37:44.141+0000] {processor.py:830} INFO - Processing file /opt/airflow/dags/etl_dag.py for tasks to queue
[2025-11-11T11:37:44.143+0000] {logging_mixin.py:188} INFO - [2025-11-11T11:37:44.142+0000] {dagbag.py:538} INFO - Filling up the DagBag from /opt/airflow/dags/etl_dag.py
[2025-11-11T11:37:44.165+0000] {processor.py:840} INFO - DAG(s) 'simple_etl_lineage' retrieved from /opt/airflow/dags/etl_dag.py
[2025-11-11T11:37:44.212+0000] {logging_mixin.py:188} INFO - [2025-11-11T11:37:44.211+0000] {dag.py:3036} INFO - Sync 1 DAGs
[2025-11-11T11:37:44.231+0000] {logging_mixin.py:188} INFO - [2025-11-11T11:37:44.231+0000] {dag.py:3823} INFO - Setting next_dagrun for simple_etl_lineage to None, run_after=None
[2025-11-11T11:37:44.259+0000] {processor.py:183} INFO - Processing /opt/airflow/dags/etl_dag.py took 0.124 seconds
[2025-11-11T11:38:15.709+0000] {processor.py:161} INFO - Started process (PID=4781) to work on /opt/airflow/dags/etl_dag.py
[2025-11-11T11:38:15.747+0000] {processor.py:830} INFO - Processing file /opt/airflow/dags/etl_dag.py for tasks to queue
[2025-11-11T11:38:15.759+0000] {logging_mixin.py:188} INFO - [2025-11-11T11:38:15.758+0000] {dagbag.py:538} INFO - Filling up the DagBag from /opt/airflow/dags/etl_dag.py
[2025-11-11T11:38:15.970+0000] {processor.py:840} INFO - DAG(s) 'simple_etl_lineage' retrieved from /opt/airflow/dags/etl_dag.py
[2025-11-11T11:38:16.199+0000] {logging_mixin.py:188} INFO - [2025-11-11T11:38:16.198+0000] {dag.py:3036} INFO - Sync 1 DAGs
[2025-11-11T11:38:16.253+0000] {logging_mixin.py:188} INFO - [2025-11-11T11:38:16.253+0000] {dag.py:3823} INFO - Setting next_dagrun for simple_etl_lineage to None, run_after=None
[2025-11-11T11:38:16.362+0000] {processor.py:183} INFO - Processing /opt/airflow/dags/etl_dag.py took 0.659 seconds
[2025-11-11T11:38:47.194+0000] {processor.py:161} INFO - Started process (PID=4791) to work on /opt/airflow/dags/etl_dag.py
[2025-11-11T11:38:47.196+0000] {processor.py:830} INFO - Processing file /opt/airflow/dags/etl_dag.py for tasks to queue
[2025-11-11T11:38:47.197+0000] {logging_mixin.py:188} INFO - [2025-11-11T11:38:47.197+0000] {dagbag.py:538} INFO - Filling up the DagBag from /opt/airflow/dags/etl_dag.py
[2025-11-11T11:38:47.214+0000] {processor.py:840} INFO - DAG(s) 'simple_etl_lineage' retrieved from /opt/airflow/dags/etl_dag.py
[2025-11-11T11:38:47.275+0000] {logging_mixin.py:188} INFO - [2025-11-11T11:38:47.275+0000] {dag.py:3036} INFO - Sync 1 DAGs
[2025-11-11T11:38:47.307+0000] {logging_mixin.py:188} INFO - [2025-11-11T11:38:47.307+0000] {dag.py:3823} INFO - Setting next_dagrun for simple_etl_lineage to None, run_after=None
[2025-11-11T11:38:47.388+0000] {processor.py:183} INFO - Processing /opt/airflow/dags/etl_dag.py took 0.204 seconds
[2025-11-11T11:39:17.733+0000] {processor.py:161} INFO - Started process (PID=4801) to work on /opt/airflow/dags/etl_dag.py
[2025-11-11T11:39:17.735+0000] {processor.py:830} INFO - Processing file /opt/airflow/dags/etl_dag.py for tasks to queue
[2025-11-11T11:39:17.736+0000] {logging_mixin.py:188} INFO - [2025-11-11T11:39:17.736+0000] {dagbag.py:538} INFO - Filling up the DagBag from /opt/airflow/dags/etl_dag.py
[2025-11-11T11:39:17.756+0000] {processor.py:840} INFO - DAG(s) 'simple_etl_lineage' retrieved from /opt/airflow/dags/etl_dag.py
[2025-11-11T11:39:17.799+0000] {logging_mixin.py:188} INFO - [2025-11-11T11:39:17.799+0000] {dag.py:3036} INFO - Sync 1 DAGs
[2025-11-11T11:39:17.814+0000] {logging_mixin.py:188} INFO - [2025-11-11T11:39:17.814+0000] {dag.py:3823} INFO - Setting next_dagrun for simple_etl_lineage to None, run_after=None
[2025-11-11T11:39:17.854+0000] {processor.py:183} INFO - Processing /opt/airflow/dags/etl_dag.py took 0.125 seconds
[2025-11-11T11:39:48.156+0000] {processor.py:161} INFO - Started process (PID=4811) to work on /opt/airflow/dags/etl_dag.py
[2025-11-11T11:39:48.157+0000] {processor.py:830} INFO - Processing file /opt/airflow/dags/etl_dag.py for tasks to queue
[2025-11-11T11:39:48.158+0000] {logging_mixin.py:188} INFO - [2025-11-11T11:39:48.158+0000] {dagbag.py:538} INFO - Filling up the DagBag from /opt/airflow/dags/etl_dag.py
[2025-11-11T11:39:48.179+0000] {processor.py:840} INFO - DAG(s) 'simple_etl_lineage' retrieved from /opt/airflow/dags/etl_dag.py
[2025-11-11T11:39:48.213+0000] {logging_mixin.py:188} INFO - [2025-11-11T11:39:48.213+0000] {dag.py:3036} INFO - Sync 1 DAGs
[2025-11-11T11:39:48.228+0000] {logging_mixin.py:188} INFO - [2025-11-11T11:39:48.228+0000] {dag.py:3823} INFO - Setting next_dagrun for simple_etl_lineage to None, run_after=None
[2025-11-11T11:39:48.256+0000] {processor.py:183} INFO - Processing /opt/airflow/dags/etl_dag.py took 0.104 seconds
[2025-11-11T11:40:18.559+0000] {processor.py:161} INFO - Started process (PID=4821) to work on /opt/airflow/dags/etl_dag.py
[2025-11-11T11:40:18.561+0000] {processor.py:830} INFO - Processing file /opt/airflow/dags/etl_dag.py for tasks to queue
[2025-11-11T11:40:18.562+0000] {logging_mixin.py:188} INFO - [2025-11-11T11:40:18.562+0000] {dagbag.py:538} INFO - Filling up the DagBag from /opt/airflow/dags/etl_dag.py
[2025-11-11T11:40:19.590+0000] {processor.py:840} INFO - DAG(s) 'simple_etl_lineage' retrieved from /opt/airflow/dags/etl_dag.py
[2025-11-11T11:40:19.618+0000] {logging_mixin.py:188} INFO - [2025-11-11T11:40:19.618+0000] {dag.py:3036} INFO - Sync 1 DAGs
[2025-11-11T11:40:19.628+0000] {logging_mixin.py:188} INFO - [2025-11-11T11:40:19.628+0000] {dag.py:3823} INFO - Setting next_dagrun for simple_etl_lineage to None, run_after=None
[2025-11-11T11:40:19.650+0000] {processor.py:183} INFO - Processing /opt/airflow/dags/etl_dag.py took 1.094 seconds
[2025-11-11T11:40:49.863+0000] {processor.py:161} INFO - Started process (PID=4833) to work on /opt/airflow/dags/etl_dag.py
[2025-11-11T11:40:49.864+0000] {processor.py:830} INFO - Processing file /opt/airflow/dags/etl_dag.py for tasks to queue
[2025-11-11T11:40:49.865+0000] {logging_mixin.py:188} INFO - [2025-11-11T11:40:49.865+0000] {dagbag.py:538} INFO - Filling up the DagBag from /opt/airflow/dags/etl_dag.py
[2025-11-11T11:40:49.885+0000] {processor.py:840} INFO - DAG(s) 'simple_etl_lineage' retrieved from /opt/airflow/dags/etl_dag.py
[2025-11-11T11:40:49.912+0000] {logging_mixin.py:188} INFO - [2025-11-11T11:40:49.911+0000] {dag.py:3036} INFO - Sync 1 DAGs
[2025-11-11T11:40:49.922+0000] {logging_mixin.py:188} INFO - [2025-11-11T11:40:49.922+0000] {dag.py:3823} INFO - Setting next_dagrun for simple_etl_lineage to None, run_after=None
[2025-11-11T11:40:49.944+0000] {processor.py:183} INFO - Processing /opt/airflow/dags/etl_dag.py took 0.086 seconds
[2025-11-11T11:41:20.312+0000] {processor.py:161} INFO - Started process (PID=4843) to work on /opt/airflow/dags/etl_dag.py
[2025-11-11T11:41:20.313+0000] {processor.py:830} INFO - Processing file /opt/airflow/dags/etl_dag.py for tasks to queue
[2025-11-11T11:41:20.314+0000] {logging_mixin.py:188} INFO - [2025-11-11T11:41:20.314+0000] {dagbag.py:538} INFO - Filling up the DagBag from /opt/airflow/dags/etl_dag.py
[2025-11-11T11:41:20.327+0000] {processor.py:840} INFO - DAG(s) 'simple_etl_lineage' retrieved from /opt/airflow/dags/etl_dag.py
[2025-11-11T11:41:20.354+0000] {logging_mixin.py:188} INFO - [2025-11-11T11:41:20.354+0000] {dag.py:3036} INFO - Sync 1 DAGs
[2025-11-11T11:41:20.364+0000] {logging_mixin.py:188} INFO - [2025-11-11T11:41:20.363+0000] {dag.py:3823} INFO - Setting next_dagrun for simple_etl_lineage to None, run_after=None
[2025-11-11T11:41:20.386+0000] {processor.py:183} INFO - Processing /opt/airflow/dags/etl_dag.py took 0.077 seconds
[2025-11-11T11:41:50.739+0000] {processor.py:161} INFO - Started process (PID=4853) to work on /opt/airflow/dags/etl_dag.py
[2025-11-11T11:41:50.741+0000] {processor.py:830} INFO - Processing file /opt/airflow/dags/etl_dag.py for tasks to queue
[2025-11-11T11:41:50.742+0000] {logging_mixin.py:188} INFO - [2025-11-11T11:41:50.742+0000] {dagbag.py:538} INFO - Filling up the DagBag from /opt/airflow/dags/etl_dag.py
[2025-11-11T11:41:50.765+0000] {processor.py:840} INFO - DAG(s) 'simple_etl_lineage' retrieved from /opt/airflow/dags/etl_dag.py
[2025-11-11T11:41:50.792+0000] {logging_mixin.py:188} INFO - [2025-11-11T11:41:50.792+0000] {dag.py:3036} INFO - Sync 1 DAGs
[2025-11-11T11:41:50.802+0000] {logging_mixin.py:188} INFO - [2025-11-11T11:41:50.802+0000] {dag.py:3823} INFO - Setting next_dagrun for simple_etl_lineage to None, run_after=None
[2025-11-11T11:41:50.823+0000] {processor.py:183} INFO - Processing /opt/airflow/dags/etl_dag.py took 0.087 seconds
[2025-11-11T11:42:21.279+0000] {processor.py:161} INFO - Started process (PID=4863) to work on /opt/airflow/dags/etl_dag.py
[2025-11-11T11:42:21.281+0000] {processor.py:830} INFO - Processing file /opt/airflow/dags/etl_dag.py for tasks to queue
[2025-11-11T11:42:21.282+0000] {logging_mixin.py:188} INFO - [2025-11-11T11:42:21.282+0000] {dagbag.py:538} INFO - Filling up the DagBag from /opt/airflow/dags/etl_dag.py
[2025-11-11T11:42:21.303+0000] {processor.py:840} INFO - DAG(s) 'simple_etl_lineage' retrieved from /opt/airflow/dags/etl_dag.py
[2025-11-11T11:42:21.328+0000] {logging_mixin.py:188} INFO - [2025-11-11T11:42:21.328+0000] {dag.py:3036} INFO - Sync 1 DAGs
[2025-11-11T11:42:21.341+0000] {logging_mixin.py:188} INFO - [2025-11-11T11:42:21.341+0000] {dag.py:3823} INFO - Setting next_dagrun for simple_etl_lineage to None, run_after=None
[2025-11-11T11:42:21.363+0000] {processor.py:183} INFO - Processing /opt/airflow/dags/etl_dag.py took 0.087 seconds
[2025-11-11T11:42:51.678+0000] {processor.py:161} INFO - Started process (PID=4873) to work on /opt/airflow/dags/etl_dag.py
[2025-11-11T11:42:51.679+0000] {processor.py:830} INFO - Processing file /opt/airflow/dags/etl_dag.py for tasks to queue
[2025-11-11T11:42:51.681+0000] {logging_mixin.py:188} INFO - [2025-11-11T11:42:51.680+0000] {dagbag.py:538} INFO - Filling up the DagBag from /opt/airflow/dags/etl_dag.py
[2025-11-11T11:42:51.696+0000] {processor.py:840} INFO - DAG(s) 'simple_etl_lineage' retrieved from /opt/airflow/dags/etl_dag.py
[2025-11-11T11:42:51.727+0000] {logging_mixin.py:188} INFO - [2025-11-11T11:42:51.727+0000] {dag.py:3036} INFO - Sync 1 DAGs
[2025-11-11T11:42:51.737+0000] {logging_mixin.py:188} INFO - [2025-11-11T11:42:51.737+0000] {dag.py:3823} INFO - Setting next_dagrun for simple_etl_lineage to None, run_after=None
[2025-11-11T11:42:51.759+0000] {processor.py:183} INFO - Processing /opt/airflow/dags/etl_dag.py took 0.086 seconds
[2025-11-11T11:43:22.297+0000] {processor.py:161} INFO - Started process (PID=4883) to work on /opt/airflow/dags/etl_dag.py
[2025-11-11T11:43:22.303+0000] {processor.py:830} INFO - Processing file /opt/airflow/dags/etl_dag.py for tasks to queue
[2025-11-11T11:43:22.310+0000] {logging_mixin.py:188} INFO - [2025-11-11T11:43:22.305+0000] {dagbag.py:538} INFO - Filling up the DagBag from /opt/airflow/dags/etl_dag.py
[2025-11-11T11:43:22.385+0000] {processor.py:840} INFO - DAG(s) 'simple_etl_lineage' retrieved from /opt/airflow/dags/etl_dag.py
[2025-11-11T11:43:22.486+0000] {logging_mixin.py:188} INFO - [2025-11-11T11:43:22.486+0000] {dag.py:3036} INFO - Sync 1 DAGs
[2025-11-11T11:43:22.534+0000] {logging_mixin.py:188} INFO - [2025-11-11T11:43:22.534+0000] {dag.py:3823} INFO - Setting next_dagrun for simple_etl_lineage to None, run_after=None
[2025-11-11T11:43:22.615+0000] {processor.py:183} INFO - Processing /opt/airflow/dags/etl_dag.py took 0.324 seconds
[2025-11-11T11:43:52.982+0000] {processor.py:161} INFO - Started process (PID=4893) to work on /opt/airflow/dags/etl_dag.py
[2025-11-11T11:43:52.984+0000] {processor.py:830} INFO - Processing file /opt/airflow/dags/etl_dag.py for tasks to queue
[2025-11-11T11:43:52.994+0000] {logging_mixin.py:188} INFO - [2025-11-11T11:43:52.986+0000] {dagbag.py:538} INFO - Filling up the DagBag from /opt/airflow/dags/etl_dag.py
[2025-11-11T11:43:53.018+0000] {processor.py:840} INFO - DAG(s) 'simple_etl_lineage' retrieved from /opt/airflow/dags/etl_dag.py
[2025-11-11T11:43:53.112+0000] {logging_mixin.py:188} INFO - [2025-11-11T11:43:53.111+0000] {dag.py:3036} INFO - Sync 1 DAGs
[2025-11-11T11:43:53.138+0000] {logging_mixin.py:188} INFO - [2025-11-11T11:43:53.137+0000] {dag.py:3823} INFO - Setting next_dagrun for simple_etl_lineage to None, run_after=None
[2025-11-11T11:43:53.205+0000] {processor.py:183} INFO - Processing /opt/airflow/dags/etl_dag.py took 0.228 seconds
[2025-11-11T11:44:23.499+0000] {processor.py:161} INFO - Started process (PID=4903) to work on /opt/airflow/dags/etl_dag.py
[2025-11-11T11:44:23.501+0000] {processor.py:830} INFO - Processing file /opt/airflow/dags/etl_dag.py for tasks to queue
[2025-11-11T11:44:23.504+0000] {logging_mixin.py:188} INFO - [2025-11-11T11:44:23.503+0000] {dagbag.py:538} INFO - Filling up the DagBag from /opt/airflow/dags/etl_dag.py
[2025-11-11T11:44:23.523+0000] {processor.py:840} INFO - DAG(s) 'simple_etl_lineage' retrieved from /opt/airflow/dags/etl_dag.py
[2025-11-11T11:44:23.557+0000] {logging_mixin.py:188} INFO - [2025-11-11T11:44:23.556+0000] {dag.py:3036} INFO - Sync 1 DAGs
[2025-11-11T11:44:23.574+0000] {logging_mixin.py:188} INFO - [2025-11-11T11:44:23.573+0000] {dag.py:3823} INFO - Setting next_dagrun for simple_etl_lineage to None, run_after=None
[2025-11-11T11:44:23.607+0000] {processor.py:183} INFO - Processing /opt/airflow/dags/etl_dag.py took 0.113 seconds
[2025-11-11T11:44:53.980+0000] {processor.py:161} INFO - Started process (PID=4913) to work on /opt/airflow/dags/etl_dag.py
[2025-11-11T11:44:53.982+0000] {processor.py:830} INFO - Processing file /opt/airflow/dags/etl_dag.py for tasks to queue
[2025-11-11T11:44:53.984+0000] {logging_mixin.py:188} INFO - [2025-11-11T11:44:53.983+0000] {dagbag.py:538} INFO - Filling up the DagBag from /opt/airflow/dags/etl_dag.py
[2025-11-11T11:44:54.006+0000] {processor.py:840} INFO - DAG(s) 'simple_etl_lineage' retrieved from /opt/airflow/dags/etl_dag.py
[2025-11-11T11:44:54.047+0000] {logging_mixin.py:188} INFO - [2025-11-11T11:44:54.046+0000] {dag.py:3036} INFO - Sync 1 DAGs
[2025-11-11T11:44:54.064+0000] {logging_mixin.py:188} INFO - [2025-11-11T11:44:54.063+0000] {dag.py:3823} INFO - Setting next_dagrun for simple_etl_lineage to None, run_after=None
[2025-11-11T11:44:54.098+0000] {processor.py:183} INFO - Processing /opt/airflow/dags/etl_dag.py took 0.124 seconds
[2025-11-11T11:45:24.270+0000] {processor.py:161} INFO - Started process (PID=4923) to work on /opt/airflow/dags/etl_dag.py
[2025-11-11T11:45:24.272+0000] {processor.py:830} INFO - Processing file /opt/airflow/dags/etl_dag.py for tasks to queue
[2025-11-11T11:45:24.273+0000] {logging_mixin.py:188} INFO - [2025-11-11T11:45:24.272+0000] {dagbag.py:538} INFO - Filling up the DagBag from /opt/airflow/dags/etl_dag.py
[2025-11-11T11:45:24.287+0000] {processor.py:840} INFO - DAG(s) 'simple_etl_lineage' retrieved from /opt/airflow/dags/etl_dag.py
[2025-11-11T11:45:24.312+0000] {logging_mixin.py:188} INFO - [2025-11-11T11:45:24.312+0000] {dag.py:3036} INFO - Sync 1 DAGs
[2025-11-11T11:45:24.322+0000] {logging_mixin.py:188} INFO - [2025-11-11T11:45:24.322+0000] {dag.py:3823} INFO - Setting next_dagrun for simple_etl_lineage to None, run_after=None
[2025-11-11T11:45:24.344+0000] {processor.py:183} INFO - Processing /opt/airflow/dags/etl_dag.py took 0.077 seconds
[2025-11-11T11:45:54.642+0000] {processor.py:161} INFO - Started process (PID=4933) to work on /opt/airflow/dags/etl_dag.py
[2025-11-11T11:45:54.644+0000] {processor.py:830} INFO - Processing file /opt/airflow/dags/etl_dag.py for tasks to queue
[2025-11-11T11:45:54.645+0000] {logging_mixin.py:188} INFO - [2025-11-11T11:45:54.645+0000] {dagbag.py:538} INFO - Filling up the DagBag from /opt/airflow/dags/etl_dag.py
[2025-11-11T11:45:54.664+0000] {processor.py:840} INFO - DAG(s) 'simple_etl_lineage' retrieved from /opt/airflow/dags/etl_dag.py
[2025-11-11T11:45:54.696+0000] {logging_mixin.py:188} INFO - [2025-11-11T11:45:54.696+0000] {dag.py:3036} INFO - Sync 1 DAGs
[2025-11-11T11:45:54.707+0000] {logging_mixin.py:188} INFO - [2025-11-11T11:45:54.707+0000] {dag.py:3823} INFO - Setting next_dagrun for simple_etl_lineage to None, run_after=None
[2025-11-11T11:45:54.741+0000] {processor.py:183} INFO - Processing /opt/airflow/dags/etl_dag.py took 0.103 seconds
[2025-11-11T11:46:25.114+0000] {processor.py:161} INFO - Started process (PID=4943) to work on /opt/airflow/dags/etl_dag.py
[2025-11-11T11:46:25.116+0000] {processor.py:830} INFO - Processing file /opt/airflow/dags/etl_dag.py for tasks to queue
[2025-11-11T11:46:25.117+0000] {logging_mixin.py:188} INFO - [2025-11-11T11:46:25.117+0000] {dagbag.py:538} INFO - Filling up the DagBag from /opt/airflow/dags/etl_dag.py
[2025-11-11T11:46:25.133+0000] {processor.py:840} INFO - DAG(s) 'simple_etl_lineage' retrieved from /opt/airflow/dags/etl_dag.py
[2025-11-11T11:46:25.185+0000] {logging_mixin.py:188} INFO - [2025-11-11T11:46:25.185+0000] {dag.py:3036} INFO - Sync 1 DAGs
[2025-11-11T11:46:25.196+0000] {logging_mixin.py:188} INFO - [2025-11-11T11:46:25.196+0000] {dag.py:3823} INFO - Setting next_dagrun for simple_etl_lineage to None, run_after=None
[2025-11-11T11:46:25.215+0000] {processor.py:183} INFO - Processing /opt/airflow/dags/etl_dag.py took 0.105 seconds
[2025-11-11T11:46:55.506+0000] {processor.py:161} INFO - Started process (PID=4953) to work on /opt/airflow/dags/etl_dag.py
[2025-11-11T11:46:55.508+0000] {processor.py:830} INFO - Processing file /opt/airflow/dags/etl_dag.py for tasks to queue
[2025-11-11T11:46:55.510+0000] {logging_mixin.py:188} INFO - [2025-11-11T11:46:55.509+0000] {dagbag.py:538} INFO - Filling up the DagBag from /opt/airflow/dags/etl_dag.py
[2025-11-11T11:46:55.543+0000] {processor.py:840} INFO - DAG(s) 'simple_etl_lineage' retrieved from /opt/airflow/dags/etl_dag.py
[2025-11-11T11:46:55.578+0000] {logging_mixin.py:188} INFO - [2025-11-11T11:46:55.578+0000] {dag.py:3036} INFO - Sync 1 DAGs
[2025-11-11T11:46:55.593+0000] {logging_mixin.py:188} INFO - [2025-11-11T11:46:55.592+0000] {dag.py:3823} INFO - Setting next_dagrun for simple_etl_lineage to None, run_after=None
[2025-11-11T11:46:55.621+0000] {processor.py:183} INFO - Processing /opt/airflow/dags/etl_dag.py took 0.118 seconds
[2025-11-11T11:47:25.992+0000] {processor.py:161} INFO - Started process (PID=4963) to work on /opt/airflow/dags/etl_dag.py
[2025-11-11T11:47:25.993+0000] {processor.py:830} INFO - Processing file /opt/airflow/dags/etl_dag.py for tasks to queue
[2025-11-11T11:47:25.994+0000] {logging_mixin.py:188} INFO - [2025-11-11T11:47:25.994+0000] {dagbag.py:538} INFO - Filling up the DagBag from /opt/airflow/dags/etl_dag.py
[2025-11-11T11:47:26.008+0000] {processor.py:840} INFO - DAG(s) 'simple_etl_lineage' retrieved from /opt/airflow/dags/etl_dag.py
[2025-11-11T11:47:26.034+0000] {logging_mixin.py:188} INFO - [2025-11-11T11:47:26.034+0000] {dag.py:3036} INFO - Sync 1 DAGs
[2025-11-11T11:47:26.045+0000] {logging_mixin.py:188} INFO - [2025-11-11T11:47:26.044+0000] {dag.py:3823} INFO - Setting next_dagrun for simple_etl_lineage to None, run_after=None
[2025-11-11T11:47:26.065+0000] {processor.py:183} INFO - Processing /opt/airflow/dags/etl_dag.py took 0.076 seconds
[2025-11-11T11:47:56.375+0000] {processor.py:161} INFO - Started process (PID=4973) to work on /opt/airflow/dags/etl_dag.py
[2025-11-11T11:47:56.377+0000] {processor.py:830} INFO - Processing file /opt/airflow/dags/etl_dag.py for tasks to queue
[2025-11-11T11:47:56.378+0000] {logging_mixin.py:188} INFO - [2025-11-11T11:47:56.378+0000] {dagbag.py:538} INFO - Filling up the DagBag from /opt/airflow/dags/etl_dag.py
[2025-11-11T11:47:56.397+0000] {processor.py:840} INFO - DAG(s) 'simple_etl_lineage' retrieved from /opt/airflow/dags/etl_dag.py
[2025-11-11T11:47:56.423+0000] {logging_mixin.py:188} INFO - [2025-11-11T11:47:56.422+0000] {dag.py:3036} INFO - Sync 1 DAGs
[2025-11-11T11:47:56.433+0000] {logging_mixin.py:188} INFO - [2025-11-11T11:47:56.433+0000] {dag.py:3823} INFO - Setting next_dagrun for simple_etl_lineage to None, run_after=None
[2025-11-11T11:47:56.454+0000] {processor.py:183} INFO - Processing /opt/airflow/dags/etl_dag.py took 0.082 seconds
[2025-11-11T11:48:26.912+0000] {processor.py:161} INFO - Started process (PID=4983) to work on /opt/airflow/dags/etl_dag.py
[2025-11-11T11:48:26.913+0000] {processor.py:830} INFO - Processing file /opt/airflow/dags/etl_dag.py for tasks to queue
[2025-11-11T11:48:26.915+0000] {logging_mixin.py:188} INFO - [2025-11-11T11:48:26.914+0000] {dagbag.py:538} INFO - Filling up the DagBag from /opt/airflow/dags/etl_dag.py
[2025-11-11T11:48:26.929+0000] {processor.py:840} INFO - DAG(s) 'simple_etl_lineage' retrieved from /opt/airflow/dags/etl_dag.py
[2025-11-11T11:48:26.954+0000] {logging_mixin.py:188} INFO - [2025-11-11T11:48:26.954+0000] {dag.py:3036} INFO - Sync 1 DAGs
[2025-11-11T11:48:26.965+0000] {logging_mixin.py:188} INFO - [2025-11-11T11:48:26.965+0000] {dag.py:3823} INFO - Setting next_dagrun for simple_etl_lineage to None, run_after=None
[2025-11-11T11:48:26.986+0000] {processor.py:183} INFO - Processing /opt/airflow/dags/etl_dag.py took 0.078 seconds
[2025-11-11T11:48:57.370+0000] {processor.py:161} INFO - Started process (PID=4993) to work on /opt/airflow/dags/etl_dag.py
[2025-11-11T11:48:57.372+0000] {processor.py:830} INFO - Processing file /opt/airflow/dags/etl_dag.py for tasks to queue
[2025-11-11T11:48:57.374+0000] {logging_mixin.py:188} INFO - [2025-11-11T11:48:57.373+0000] {dagbag.py:538} INFO - Filling up the DagBag from /opt/airflow/dags/etl_dag.py
[2025-11-11T11:48:57.401+0000] {processor.py:840} INFO - DAG(s) 'simple_etl_lineage' retrieved from /opt/airflow/dags/etl_dag.py
[2025-11-11T11:48:57.435+0000] {logging_mixin.py:188} INFO - [2025-11-11T11:48:57.434+0000] {dag.py:3036} INFO - Sync 1 DAGs
[2025-11-11T11:48:57.451+0000] {logging_mixin.py:188} INFO - [2025-11-11T11:48:57.450+0000] {dag.py:3823} INFO - Setting next_dagrun for simple_etl_lineage to None, run_after=None
[2025-11-11T11:48:57.476+0000] {processor.py:183} INFO - Processing /opt/airflow/dags/etl_dag.py took 0.111 seconds
[2025-11-11T11:49:27.815+0000] {processor.py:161} INFO - Started process (PID=5003) to work on /opt/airflow/dags/etl_dag.py
[2025-11-11T11:49:27.817+0000] {processor.py:830} INFO - Processing file /opt/airflow/dags/etl_dag.py for tasks to queue
[2025-11-11T11:49:27.819+0000] {logging_mixin.py:188} INFO - [2025-11-11T11:49:27.818+0000] {dagbag.py:538} INFO - Filling up the DagBag from /opt/airflow/dags/etl_dag.py
[2025-11-11T11:49:27.840+0000] {processor.py:840} INFO - DAG(s) 'simple_etl_lineage' retrieved from /opt/airflow/dags/etl_dag.py
[2025-11-11T11:49:27.882+0000] {logging_mixin.py:188} INFO - [2025-11-11T11:49:27.882+0000] {dag.py:3036} INFO - Sync 1 DAGs
[2025-11-11T11:49:27.897+0000] {logging_mixin.py:188} INFO - [2025-11-11T11:49:27.897+0000] {dag.py:3823} INFO - Setting next_dagrun for simple_etl_lineage to None, run_after=None
[2025-11-11T11:49:27.922+0000] {processor.py:183} INFO - Processing /opt/airflow/dags/etl_dag.py took 0.110 seconds
[2025-11-11T11:49:58.231+0000] {processor.py:161} INFO - Started process (PID=5013) to work on /opt/airflow/dags/etl_dag.py
[2025-11-11T11:49:58.233+0000] {processor.py:830} INFO - Processing file /opt/airflow/dags/etl_dag.py for tasks to queue
[2025-11-11T11:49:58.235+0000] {logging_mixin.py:188} INFO - [2025-11-11T11:49:58.234+0000] {dagbag.py:538} INFO - Filling up the DagBag from /opt/airflow/dags/etl_dag.py
[2025-11-11T11:49:58.252+0000] {processor.py:840} INFO - DAG(s) 'simple_etl_lineage' retrieved from /opt/airflow/dags/etl_dag.py
[2025-11-11T11:49:58.285+0000] {logging_mixin.py:188} INFO - [2025-11-11T11:49:58.284+0000] {dag.py:3036} INFO - Sync 1 DAGs
[2025-11-11T11:49:58.309+0000] {logging_mixin.py:188} INFO - [2025-11-11T11:49:58.309+0000] {dag.py:3823} INFO - Setting next_dagrun for simple_etl_lineage to None, run_after=None
[2025-11-11T11:49:58.330+0000] {processor.py:183} INFO - Processing /opt/airflow/dags/etl_dag.py took 0.103 seconds
[2025-11-11T11:50:28.666+0000] {processor.py:161} INFO - Started process (PID=5023) to work on /opt/airflow/dags/etl_dag.py
[2025-11-11T11:50:28.667+0000] {processor.py:830} INFO - Processing file /opt/airflow/dags/etl_dag.py for tasks to queue
[2025-11-11T11:50:28.669+0000] {logging_mixin.py:188} INFO - [2025-11-11T11:50:28.669+0000] {dagbag.py:538} INFO - Filling up the DagBag from /opt/airflow/dags/etl_dag.py
[2025-11-11T11:50:28.685+0000] {processor.py:840} INFO - DAG(s) 'simple_etl_lineage' retrieved from /opt/airflow/dags/etl_dag.py
[2025-11-11T11:50:28.712+0000] {logging_mixin.py:188} INFO - [2025-11-11T11:50:28.712+0000] {dag.py:3036} INFO - Sync 1 DAGs
[2025-11-11T11:50:28.722+0000] {logging_mixin.py:188} INFO - [2025-11-11T11:50:28.722+0000] {dag.py:3823} INFO - Setting next_dagrun for simple_etl_lineage to None, run_after=None
[2025-11-11T11:50:28.743+0000] {processor.py:183} INFO - Processing /opt/airflow/dags/etl_dag.py took 0.080 seconds
[2025-11-11T11:50:59.011+0000] {processor.py:161} INFO - Started process (PID=5033) to work on /opt/airflow/dags/etl_dag.py
[2025-11-11T11:50:59.013+0000] {processor.py:830} INFO - Processing file /opt/airflow/dags/etl_dag.py for tasks to queue
[2025-11-11T11:50:59.014+0000] {logging_mixin.py:188} INFO - [2025-11-11T11:50:59.014+0000] {dagbag.py:538} INFO - Filling up the DagBag from /opt/airflow/dags/etl_dag.py
[2025-11-11T11:50:59.029+0000] {processor.py:840} INFO - DAG(s) 'simple_etl_lineage' retrieved from /opt/airflow/dags/etl_dag.py
[2025-11-11T11:50:59.056+0000] {logging_mixin.py:188} INFO - [2025-11-11T11:50:59.056+0000] {dag.py:3036} INFO - Sync 1 DAGs
[2025-11-11T11:50:59.066+0000] {logging_mixin.py:188} INFO - [2025-11-11T11:50:59.066+0000] {dag.py:3823} INFO - Setting next_dagrun for simple_etl_lineage to None, run_after=None
[2025-11-11T11:50:59.121+0000] {processor.py:183} INFO - Processing /opt/airflow/dags/etl_dag.py took 0.113 seconds
[2025-11-11T11:51:29.466+0000] {processor.py:161} INFO - Started process (PID=5043) to work on /opt/airflow/dags/etl_dag.py
[2025-11-11T11:51:29.467+0000] {processor.py:830} INFO - Processing file /opt/airflow/dags/etl_dag.py for tasks to queue
[2025-11-11T11:51:29.468+0000] {logging_mixin.py:188} INFO - [2025-11-11T11:51:29.468+0000] {dagbag.py:538} INFO - Filling up the DagBag from /opt/airflow/dags/etl_dag.py
[2025-11-11T11:51:29.487+0000] {processor.py:840} INFO - DAG(s) 'simple_etl_lineage' retrieved from /opt/airflow/dags/etl_dag.py
[2025-11-11T11:51:29.514+0000] {logging_mixin.py:188} INFO - [2025-11-11T11:51:29.513+0000] {dag.py:3036} INFO - Sync 1 DAGs
[2025-11-11T11:51:29.524+0000] {logging_mixin.py:188} INFO - [2025-11-11T11:51:29.524+0000] {dag.py:3823} INFO - Setting next_dagrun for simple_etl_lineage to None, run_after=None
[2025-11-11T11:51:29.547+0000] {processor.py:183} INFO - Processing /opt/airflow/dags/etl_dag.py took 0.085 seconds
[2025-11-11T11:51:59.838+0000] {processor.py:161} INFO - Started process (PID=5053) to work on /opt/airflow/dags/etl_dag.py
[2025-11-11T11:51:59.839+0000] {processor.py:830} INFO - Processing file /opt/airflow/dags/etl_dag.py for tasks to queue
[2025-11-11T11:51:59.840+0000] {logging_mixin.py:188} INFO - [2025-11-11T11:51:59.840+0000] {dagbag.py:538} INFO - Filling up the DagBag from /opt/airflow/dags/etl_dag.py
[2025-11-11T11:51:59.858+0000] {processor.py:840} INFO - DAG(s) 'simple_etl_lineage' retrieved from /opt/airflow/dags/etl_dag.py
[2025-11-11T11:51:59.885+0000] {logging_mixin.py:188} INFO - [2025-11-11T11:51:59.885+0000] {dag.py:3036} INFO - Sync 1 DAGs
[2025-11-11T11:51:59.895+0000] {logging_mixin.py:188} INFO - [2025-11-11T11:51:59.895+0000] {dag.py:3823} INFO - Setting next_dagrun for simple_etl_lineage to None, run_after=None
[2025-11-11T11:51:59.917+0000] {processor.py:183} INFO - Processing /opt/airflow/dags/etl_dag.py took 0.082 seconds
[2025-11-11T11:52:30.259+0000] {processor.py:161} INFO - Started process (PID=5063) to work on /opt/airflow/dags/etl_dag.py
[2025-11-11T11:52:30.260+0000] {processor.py:830} INFO - Processing file /opt/airflow/dags/etl_dag.py for tasks to queue
[2025-11-11T11:52:30.261+0000] {logging_mixin.py:188} INFO - [2025-11-11T11:52:30.261+0000] {dagbag.py:538} INFO - Filling up the DagBag from /opt/airflow/dags/etl_dag.py
[2025-11-11T11:52:30.275+0000] {processor.py:840} INFO - DAG(s) 'simple_etl_lineage' retrieved from /opt/airflow/dags/etl_dag.py
[2025-11-11T11:52:30.300+0000] {logging_mixin.py:188} INFO - [2025-11-11T11:52:30.299+0000] {dag.py:3036} INFO - Sync 1 DAGs
[2025-11-11T11:52:30.310+0000] {logging_mixin.py:188} INFO - [2025-11-11T11:52:30.309+0000] {dag.py:3823} INFO - Setting next_dagrun for simple_etl_lineage to None, run_after=None
[2025-11-11T11:52:30.334+0000] {processor.py:183} INFO - Processing /opt/airflow/dags/etl_dag.py took 0.078 seconds
[2025-11-11T11:53:00.646+0000] {processor.py:161} INFO - Started process (PID=5073) to work on /opt/airflow/dags/etl_dag.py
[2025-11-11T11:53:00.648+0000] {processor.py:830} INFO - Processing file /opt/airflow/dags/etl_dag.py for tasks to queue
[2025-11-11T11:53:00.649+0000] {logging_mixin.py:188} INFO - [2025-11-11T11:53:00.649+0000] {dagbag.py:538} INFO - Filling up the DagBag from /opt/airflow/dags/etl_dag.py
[2025-11-11T11:53:00.661+0000] {processor.py:840} INFO - DAG(s) 'simple_etl_lineage' retrieved from /opt/airflow/dags/etl_dag.py
[2025-11-11T11:53:00.693+0000] {logging_mixin.py:188} INFO - [2025-11-11T11:53:00.693+0000] {dag.py:3036} INFO - Sync 1 DAGs
[2025-11-11T11:53:00.706+0000] {logging_mixin.py:188} INFO - [2025-11-11T11:53:00.705+0000] {dag.py:3823} INFO - Setting next_dagrun for simple_etl_lineage to None, run_after=None
[2025-11-11T11:53:00.728+0000] {processor.py:183} INFO - Processing /opt/airflow/dags/etl_dag.py took 0.085 seconds
[2025-11-11T11:53:31.081+0000] {processor.py:161} INFO - Started process (PID=5083) to work on /opt/airflow/dags/etl_dag.py
[2025-11-11T11:53:31.082+0000] {processor.py:830} INFO - Processing file /opt/airflow/dags/etl_dag.py for tasks to queue
[2025-11-11T11:53:31.083+0000] {logging_mixin.py:188} INFO - [2025-11-11T11:53:31.083+0000] {dagbag.py:538} INFO - Filling up the DagBag from /opt/airflow/dags/etl_dag.py
[2025-11-11T11:53:31.095+0000] {processor.py:840} INFO - DAG(s) 'simple_etl_lineage' retrieved from /opt/airflow/dags/etl_dag.py
[2025-11-11T11:53:31.119+0000] {logging_mixin.py:188} INFO - [2025-11-11T11:53:31.119+0000] {dag.py:3036} INFO - Sync 1 DAGs
[2025-11-11T11:53:31.130+0000] {logging_mixin.py:188} INFO - [2025-11-11T11:53:31.129+0000] {dag.py:3823} INFO - Setting next_dagrun for simple_etl_lineage to None, run_after=None
[2025-11-11T11:53:31.150+0000] {processor.py:183} INFO - Processing /opt/airflow/dags/etl_dag.py took 0.073 seconds
[2025-11-11T11:54:01.520+0000] {processor.py:161} INFO - Started process (PID=5093) to work on /opt/airflow/dags/etl_dag.py
[2025-11-11T11:54:01.522+0000] {processor.py:830} INFO - Processing file /opt/airflow/dags/etl_dag.py for tasks to queue
[2025-11-11T11:54:01.523+0000] {logging_mixin.py:188} INFO - [2025-11-11T11:54:01.522+0000] {dagbag.py:538} INFO - Filling up the DagBag from /opt/airflow/dags/etl_dag.py
[2025-11-11T11:54:01.536+0000] {processor.py:840} INFO - DAG(s) 'simple_etl_lineage' retrieved from /opt/airflow/dags/etl_dag.py
[2025-11-11T11:54:01.562+0000] {logging_mixin.py:188} INFO - [2025-11-11T11:54:01.562+0000] {dag.py:3036} INFO - Sync 1 DAGs
[2025-11-11T11:54:01.572+0000] {logging_mixin.py:188} INFO - [2025-11-11T11:54:01.572+0000] {dag.py:3823} INFO - Setting next_dagrun for simple_etl_lineage to None, run_after=None
[2025-11-11T11:54:01.593+0000] {processor.py:183} INFO - Processing /opt/airflow/dags/etl_dag.py took 0.077 seconds
[2025-11-11T11:54:31.931+0000] {processor.py:161} INFO - Started process (PID=5103) to work on /opt/airflow/dags/etl_dag.py
[2025-11-11T11:54:31.933+0000] {processor.py:830} INFO - Processing file /opt/airflow/dags/etl_dag.py for tasks to queue
[2025-11-11T11:54:31.934+0000] {logging_mixin.py:188} INFO - [2025-11-11T11:54:31.934+0000] {dagbag.py:538} INFO - Filling up the DagBag from /opt/airflow/dags/etl_dag.py
[2025-11-11T11:54:31.948+0000] {processor.py:840} INFO - DAG(s) 'simple_etl_lineage' retrieved from /opt/airflow/dags/etl_dag.py
[2025-11-11T11:54:31.972+0000] {logging_mixin.py:188} INFO - [2025-11-11T11:54:31.972+0000] {dag.py:3036} INFO - Sync 1 DAGs
[2025-11-11T11:54:31.982+0000] {logging_mixin.py:188} INFO - [2025-11-11T11:54:31.982+0000] {dag.py:3823} INFO - Setting next_dagrun for simple_etl_lineage to None, run_after=None
[2025-11-11T11:54:32.003+0000] {processor.py:183} INFO - Processing /opt/airflow/dags/etl_dag.py took 0.075 seconds
[2025-11-11T11:55:02.329+0000] {processor.py:161} INFO - Started process (PID=5113) to work on /opt/airflow/dags/etl_dag.py
[2025-11-11T11:55:02.331+0000] {processor.py:830} INFO - Processing file /opt/airflow/dags/etl_dag.py for tasks to queue
[2025-11-11T11:55:02.333+0000] {logging_mixin.py:188} INFO - [2025-11-11T11:55:02.332+0000] {dagbag.py:538} INFO - Filling up the DagBag from /opt/airflow/dags/etl_dag.py
[2025-11-11T11:55:02.352+0000] {processor.py:840} INFO - DAG(s) 'simple_etl_lineage' retrieved from /opt/airflow/dags/etl_dag.py
[2025-11-11T11:55:02.377+0000] {logging_mixin.py:188} INFO - [2025-11-11T11:55:02.376+0000] {dag.py:3036} INFO - Sync 1 DAGs
[2025-11-11T11:55:02.388+0000] {logging_mixin.py:188} INFO - [2025-11-11T11:55:02.387+0000] {dag.py:3823} INFO - Setting next_dagrun for simple_etl_lineage to None, run_after=None
[2025-11-11T11:55:02.415+0000] {processor.py:183} INFO - Processing /opt/airflow/dags/etl_dag.py took 0.090 seconds
[2025-11-11T11:55:32.785+0000] {processor.py:161} INFO - Started process (PID=5123) to work on /opt/airflow/dags/etl_dag.py
[2025-11-11T11:55:32.787+0000] {processor.py:830} INFO - Processing file /opt/airflow/dags/etl_dag.py for tasks to queue
[2025-11-11T11:55:32.797+0000] {logging_mixin.py:188} INFO - [2025-11-11T11:55:32.797+0000] {dagbag.py:538} INFO - Filling up the DagBag from /opt/airflow/dags/etl_dag.py
[2025-11-11T11:55:32.816+0000] {processor.py:840} INFO - DAG(s) 'simple_etl_lineage' retrieved from /opt/airflow/dags/etl_dag.py
[2025-11-11T11:55:32.879+0000] {logging_mixin.py:188} INFO - [2025-11-11T11:55:32.879+0000] {dag.py:3036} INFO - Sync 1 DAGs
[2025-11-11T11:55:32.900+0000] {logging_mixin.py:188} INFO - [2025-11-11T11:55:32.900+0000] {dag.py:3823} INFO - Setting next_dagrun for simple_etl_lineage to None, run_after=None
[2025-11-11T11:55:32.953+0000] {processor.py:183} INFO - Processing /opt/airflow/dags/etl_dag.py took 0.172 seconds
[2025-11-11T11:56:03.135+0000] {processor.py:161} INFO - Started process (PID=5133) to work on /opt/airflow/dags/etl_dag.py
[2025-11-11T11:56:03.137+0000] {processor.py:830} INFO - Processing file /opt/airflow/dags/etl_dag.py for tasks to queue
[2025-11-11T11:56:03.139+0000] {logging_mixin.py:188} INFO - [2025-11-11T11:56:03.138+0000] {dagbag.py:538} INFO - Filling up the DagBag from /opt/airflow/dags/etl_dag.py
[2025-11-11T11:56:03.173+0000] {processor.py:840} INFO - DAG(s) 'simple_etl_lineage' retrieved from /opt/airflow/dags/etl_dag.py
[2025-11-11T11:56:03.221+0000] {logging_mixin.py:188} INFO - [2025-11-11T11:56:03.220+0000] {dag.py:3036} INFO - Sync 1 DAGs
[2025-11-11T11:56:03.243+0000] {logging_mixin.py:188} INFO - [2025-11-11T11:56:03.242+0000] {dag.py:3823} INFO - Setting next_dagrun for simple_etl_lineage to None, run_after=None
[2025-11-11T11:56:03.268+0000] {processor.py:183} INFO - Processing /opt/airflow/dags/etl_dag.py took 0.137 seconds
[2025-11-11T11:56:33.658+0000] {processor.py:161} INFO - Started process (PID=5143) to work on /opt/airflow/dags/etl_dag.py
[2025-11-11T11:56:33.660+0000] {processor.py:830} INFO - Processing file /opt/airflow/dags/etl_dag.py for tasks to queue
[2025-11-11T11:56:33.662+0000] {logging_mixin.py:188} INFO - [2025-11-11T11:56:33.661+0000] {dagbag.py:538} INFO - Filling up the DagBag from /opt/airflow/dags/etl_dag.py
[2025-11-11T11:56:33.681+0000] {processor.py:840} INFO - DAG(s) 'simple_etl_lineage' retrieved from /opt/airflow/dags/etl_dag.py
[2025-11-11T11:56:33.718+0000] {logging_mixin.py:188} INFO - [2025-11-11T11:56:33.718+0000] {dag.py:3036} INFO - Sync 1 DAGs
[2025-11-11T11:56:33.739+0000] {logging_mixin.py:188} INFO - [2025-11-11T11:56:33.738+0000] {dag.py:3823} INFO - Setting next_dagrun for simple_etl_lineage to None, run_after=None
[2025-11-11T11:56:33.767+0000] {processor.py:183} INFO - Processing /opt/airflow/dags/etl_dag.py took 0.114 seconds
[2025-11-11T11:57:04.143+0000] {processor.py:161} INFO - Started process (PID=5153) to work on /opt/airflow/dags/etl_dag.py
[2025-11-11T11:57:04.144+0000] {processor.py:830} INFO - Processing file /opt/airflow/dags/etl_dag.py for tasks to queue
[2025-11-11T11:57:04.145+0000] {logging_mixin.py:188} INFO - [2025-11-11T11:57:04.145+0000] {dagbag.py:538} INFO - Filling up the DagBag from /opt/airflow/dags/etl_dag.py
[2025-11-11T11:57:04.169+0000] {processor.py:840} INFO - DAG(s) 'simple_etl_lineage' retrieved from /opt/airflow/dags/etl_dag.py
[2025-11-11T11:57:04.221+0000] {logging_mixin.py:188} INFO - [2025-11-11T11:57:04.220+0000] {dag.py:3036} INFO - Sync 1 DAGs
[2025-11-11T11:57:04.234+0000] {logging_mixin.py:188} INFO - [2025-11-11T11:57:04.233+0000] {dag.py:3823} INFO - Setting next_dagrun for simple_etl_lineage to None, run_after=None
[2025-11-11T11:57:04.261+0000] {processor.py:183} INFO - Processing /opt/airflow/dags/etl_dag.py took 0.122 seconds
[2025-11-11T11:57:34.507+0000] {processor.py:161} INFO - Started process (PID=5163) to work on /opt/airflow/dags/etl_dag.py
[2025-11-11T11:57:34.509+0000] {processor.py:830} INFO - Processing file /opt/airflow/dags/etl_dag.py for tasks to queue
[2025-11-11T11:57:34.511+0000] {logging_mixin.py:188} INFO - [2025-11-11T11:57:34.510+0000] {dagbag.py:538} INFO - Filling up the DagBag from /opt/airflow/dags/etl_dag.py
[2025-11-11T11:57:34.530+0000] {processor.py:840} INFO - DAG(s) 'simple_etl_lineage' retrieved from /opt/airflow/dags/etl_dag.py
[2025-11-11T11:57:34.561+0000] {logging_mixin.py:188} INFO - [2025-11-11T11:57:34.561+0000] {dag.py:3036} INFO - Sync 1 DAGs
[2025-11-11T11:57:34.574+0000] {logging_mixin.py:188} INFO - [2025-11-11T11:57:34.574+0000] {dag.py:3823} INFO - Setting next_dagrun for simple_etl_lineage to None, run_after=None
[2025-11-11T11:57:34.601+0000] {processor.py:183} INFO - Processing /opt/airflow/dags/etl_dag.py took 0.099 seconds
[2025-11-11T11:58:05.002+0000] {processor.py:161} INFO - Started process (PID=5173) to work on /opt/airflow/dags/etl_dag.py
[2025-11-11T11:58:05.004+0000] {processor.py:830} INFO - Processing file /opt/airflow/dags/etl_dag.py for tasks to queue
[2025-11-11T11:58:05.006+0000] {logging_mixin.py:188} INFO - [2025-11-11T11:58:05.005+0000] {dagbag.py:538} INFO - Filling up the DagBag from /opt/airflow/dags/etl_dag.py
[2025-11-11T11:58:05.054+0000] {processor.py:840} INFO - DAG(s) 'simple_etl_lineage' retrieved from /opt/airflow/dags/etl_dag.py
[2025-11-11T11:58:05.089+0000] {logging_mixin.py:188} INFO - [2025-11-11T11:58:05.089+0000] {dag.py:3036} INFO - Sync 1 DAGs
[2025-11-11T11:58:05.102+0000] {logging_mixin.py:188} INFO - [2025-11-11T11:58:05.102+0000] {dag.py:3823} INFO - Setting next_dagrun for simple_etl_lineage to None, run_after=None
[2025-11-11T11:58:05.130+0000] {processor.py:183} INFO - Processing /opt/airflow/dags/etl_dag.py took 0.137 seconds
[2025-11-11T11:58:35.514+0000] {processor.py:161} INFO - Started process (PID=5183) to work on /opt/airflow/dags/etl_dag.py
[2025-11-11T11:58:35.516+0000] {processor.py:830} INFO - Processing file /opt/airflow/dags/etl_dag.py for tasks to queue
[2025-11-11T11:58:35.518+0000] {logging_mixin.py:188} INFO - [2025-11-11T11:58:35.517+0000] {dagbag.py:538} INFO - Filling up the DagBag from /opt/airflow/dags/etl_dag.py
[2025-11-11T11:58:35.542+0000] {processor.py:840} INFO - DAG(s) 'simple_etl_lineage' retrieved from /opt/airflow/dags/etl_dag.py
[2025-11-11T11:58:35.574+0000] {logging_mixin.py:188} INFO - [2025-11-11T11:58:35.573+0000] {dag.py:3036} INFO - Sync 1 DAGs
[2025-11-11T11:58:35.588+0000] {logging_mixin.py:188} INFO - [2025-11-11T11:58:35.588+0000] {dag.py:3823} INFO - Setting next_dagrun for simple_etl_lineage to None, run_after=None
[2025-11-11T11:58:35.640+0000] {processor.py:183} INFO - Processing /opt/airflow/dags/etl_dag.py took 0.131 seconds
[2025-11-11T11:59:06.135+0000] {processor.py:161} INFO - Started process (PID=5193) to work on /opt/airflow/dags/etl_dag.py
[2025-11-11T11:59:06.137+0000] {processor.py:830} INFO - Processing file /opt/airflow/dags/etl_dag.py for tasks to queue
[2025-11-11T11:59:06.139+0000] {logging_mixin.py:188} INFO - [2025-11-11T11:59:06.138+0000] {dagbag.py:538} INFO - Filling up the DagBag from /opt/airflow/dags/etl_dag.py
[2025-11-11T11:59:06.155+0000] {processor.py:840} INFO - DAG(s) 'simple_etl_lineage' retrieved from /opt/airflow/dags/etl_dag.py
[2025-11-11T11:59:06.186+0000] {logging_mixin.py:188} INFO - [2025-11-11T11:59:06.186+0000] {dag.py:3036} INFO - Sync 1 DAGs
[2025-11-11T11:59:06.202+0000] {logging_mixin.py:188} INFO - [2025-11-11T11:59:06.202+0000] {dag.py:3823} INFO - Setting next_dagrun for simple_etl_lineage to None, run_after=None
[2025-11-11T11:59:06.234+0000] {processor.py:183} INFO - Processing /opt/airflow/dags/etl_dag.py took 0.104 seconds
[2025-11-11T11:59:36.499+0000] {processor.py:161} INFO - Started process (PID=5203) to work on /opt/airflow/dags/etl_dag.py
[2025-11-11T11:59:36.501+0000] {processor.py:830} INFO - Processing file /opt/airflow/dags/etl_dag.py for tasks to queue
[2025-11-11T11:59:36.502+0000] {logging_mixin.py:188} INFO - [2025-11-11T11:59:36.502+0000] {dagbag.py:538} INFO - Filling up the DagBag from /opt/airflow/dags/etl_dag.py
[2025-11-11T11:59:36.529+0000] {processor.py:840} INFO - DAG(s) 'simple_etl_lineage' retrieved from /opt/airflow/dags/etl_dag.py
[2025-11-11T11:59:36.569+0000] {logging_mixin.py:188} INFO - [2025-11-11T11:59:36.568+0000] {dag.py:3036} INFO - Sync 1 DAGs
[2025-11-11T11:59:36.582+0000] {logging_mixin.py:188} INFO - [2025-11-11T11:59:36.581+0000] {dag.py:3823} INFO - Setting next_dagrun for simple_etl_lineage to None, run_after=None
[2025-11-11T11:59:36.617+0000] {processor.py:183} INFO - Processing /opt/airflow/dags/etl_dag.py took 0.123 seconds
[2025-11-11T12:00:06.863+0000] {processor.py:161} INFO - Started process (PID=5213) to work on /opt/airflow/dags/etl_dag.py
[2025-11-11T12:00:06.864+0000] {processor.py:830} INFO - Processing file /opt/airflow/dags/etl_dag.py for tasks to queue
[2025-11-11T12:00:06.865+0000] {logging_mixin.py:188} INFO - [2025-11-11T12:00:06.865+0000] {dagbag.py:538} INFO - Filling up the DagBag from /opt/airflow/dags/etl_dag.py
[2025-11-11T12:00:06.878+0000] {processor.py:840} INFO - DAG(s) 'simple_etl_lineage' retrieved from /opt/airflow/dags/etl_dag.py
[2025-11-11T12:00:06.905+0000] {logging_mixin.py:188} INFO - [2025-11-11T12:00:06.905+0000] {dag.py:3036} INFO - Sync 1 DAGs
[2025-11-11T12:00:06.915+0000] {logging_mixin.py:188} INFO - [2025-11-11T12:00:06.915+0000] {dag.py:3823} INFO - Setting next_dagrun for simple_etl_lineage to None, run_after=None
[2025-11-11T12:00:06.936+0000] {processor.py:183} INFO - Processing /opt/airflow/dags/etl_dag.py took 0.077 seconds
[2025-11-11T12:00:37.301+0000] {processor.py:161} INFO - Started process (PID=5223) to work on /opt/airflow/dags/etl_dag.py
[2025-11-11T12:00:37.303+0000] {processor.py:830} INFO - Processing file /opt/airflow/dags/etl_dag.py for tasks to queue
[2025-11-11T12:00:37.304+0000] {logging_mixin.py:188} INFO - [2025-11-11T12:00:37.303+0000] {dagbag.py:538} INFO - Filling up the DagBag from /opt/airflow/dags/etl_dag.py
[2025-11-11T12:00:37.316+0000] {processor.py:840} INFO - DAG(s) 'simple_etl_lineage' retrieved from /opt/airflow/dags/etl_dag.py
[2025-11-11T12:00:37.341+0000] {logging_mixin.py:188} INFO - [2025-11-11T12:00:37.341+0000] {dag.py:3036} INFO - Sync 1 DAGs
[2025-11-11T12:00:37.351+0000] {logging_mixin.py:188} INFO - [2025-11-11T12:00:37.351+0000] {dag.py:3823} INFO - Setting next_dagrun for simple_etl_lineage to None, run_after=None
[2025-11-11T12:00:37.372+0000] {processor.py:183} INFO - Processing /opt/airflow/dags/etl_dag.py took 0.075 seconds
[2025-11-11T12:01:07.647+0000] {processor.py:161} INFO - Started process (PID=5233) to work on /opt/airflow/dags/etl_dag.py
[2025-11-11T12:01:07.649+0000] {processor.py:830} INFO - Processing file /opt/airflow/dags/etl_dag.py for tasks to queue
[2025-11-11T12:01:07.650+0000] {logging_mixin.py:188} INFO - [2025-11-11T12:01:07.649+0000] {dagbag.py:538} INFO - Filling up the DagBag from /opt/airflow/dags/etl_dag.py
[2025-11-11T12:01:07.709+0000] {processor.py:840} INFO - DAG(s) 'simple_etl_lineage' retrieved from /opt/airflow/dags/etl_dag.py
[2025-11-11T12:01:07.735+0000] {logging_mixin.py:188} INFO - [2025-11-11T12:01:07.735+0000] {dag.py:3036} INFO - Sync 1 DAGs
[2025-11-11T12:01:07.745+0000] {logging_mixin.py:188} INFO - [2025-11-11T12:01:07.745+0000] {dag.py:3823} INFO - Setting next_dagrun for simple_etl_lineage to None, run_after=None
[2025-11-11T12:01:07.771+0000] {processor.py:183} INFO - Processing /opt/airflow/dags/etl_dag.py took 0.127 seconds
[2025-11-11T12:01:38.115+0000] {processor.py:161} INFO - Started process (PID=5243) to work on /opt/airflow/dags/etl_dag.py
[2025-11-11T12:01:38.117+0000] {processor.py:830} INFO - Processing file /opt/airflow/dags/etl_dag.py for tasks to queue
[2025-11-11T12:01:38.119+0000] {logging_mixin.py:188} INFO - [2025-11-11T12:01:38.118+0000] {dagbag.py:538} INFO - Filling up the DagBag from /opt/airflow/dags/etl_dag.py
[2025-11-11T12:01:38.183+0000] {processor.py:840} INFO - DAG(s) 'simple_etl_lineage' retrieved from /opt/airflow/dags/etl_dag.py
[2025-11-11T12:01:38.207+0000] {logging_mixin.py:188} INFO - [2025-11-11T12:01:38.207+0000] {dag.py:3036} INFO - Sync 1 DAGs
[2025-11-11T12:01:38.217+0000] {logging_mixin.py:188} INFO - [2025-11-11T12:01:38.217+0000] {dag.py:3823} INFO - Setting next_dagrun for simple_etl_lineage to None, run_after=None
[2025-11-11T12:01:38.238+0000] {processor.py:183} INFO - Processing /opt/airflow/dags/etl_dag.py took 0.127 seconds
[2025-11-11T12:02:08.531+0000] {processor.py:161} INFO - Started process (PID=5253) to work on /opt/airflow/dags/etl_dag.py
[2025-11-11T12:02:08.532+0000] {processor.py:830} INFO - Processing file /opt/airflow/dags/etl_dag.py for tasks to queue
[2025-11-11T12:02:08.533+0000] {logging_mixin.py:188} INFO - [2025-11-11T12:02:08.533+0000] {dagbag.py:538} INFO - Filling up the DagBag from /opt/airflow/dags/etl_dag.py
[2025-11-11T12:02:08.545+0000] {processor.py:840} INFO - DAG(s) 'simple_etl_lineage' retrieved from /opt/airflow/dags/etl_dag.py
[2025-11-11T12:02:08.575+0000] {logging_mixin.py:188} INFO - [2025-11-11T12:02:08.575+0000] {dag.py:3036} INFO - Sync 1 DAGs
[2025-11-11T12:02:08.586+0000] {logging_mixin.py:188} INFO - [2025-11-11T12:02:08.586+0000] {dag.py:3823} INFO - Setting next_dagrun for simple_etl_lineage to None, run_after=None
[2025-11-11T12:02:08.607+0000] {processor.py:183} INFO - Processing /opt/airflow/dags/etl_dag.py took 0.080 seconds
[2025-11-11T12:02:38.984+0000] {processor.py:161} INFO - Started process (PID=5263) to work on /opt/airflow/dags/etl_dag.py
[2025-11-11T12:02:38.985+0000] {processor.py:830} INFO - Processing file /opt/airflow/dags/etl_dag.py for tasks to queue
[2025-11-11T12:02:38.986+0000] {logging_mixin.py:188} INFO - [2025-11-11T12:02:38.986+0000] {dagbag.py:538} INFO - Filling up the DagBag from /opt/airflow/dags/etl_dag.py
[2025-11-11T12:02:39.000+0000] {processor.py:840} INFO - DAG(s) 'simple_etl_lineage' retrieved from /opt/airflow/dags/etl_dag.py
[2025-11-11T12:02:39.024+0000] {logging_mixin.py:188} INFO - [2025-11-11T12:02:39.023+0000] {dag.py:3036} INFO - Sync 1 DAGs
[2025-11-11T12:02:39.034+0000] {logging_mixin.py:188} INFO - [2025-11-11T12:02:39.034+0000] {dag.py:3823} INFO - Setting next_dagrun for simple_etl_lineage to None, run_after=None
[2025-11-11T12:02:39.055+0000] {processor.py:183} INFO - Processing /opt/airflow/dags/etl_dag.py took 0.074 seconds
[2025-11-11T12:03:09.414+0000] {processor.py:161} INFO - Started process (PID=5273) to work on /opt/airflow/dags/etl_dag.py
[2025-11-11T12:03:09.415+0000] {processor.py:830} INFO - Processing file /opt/airflow/dags/etl_dag.py for tasks to queue
[2025-11-11T12:03:09.416+0000] {logging_mixin.py:188} INFO - [2025-11-11T12:03:09.416+0000] {dagbag.py:538} INFO - Filling up the DagBag from /opt/airflow/dags/etl_dag.py
[2025-11-11T12:03:09.433+0000] {processor.py:840} INFO - DAG(s) 'simple_etl_lineage' retrieved from /opt/airflow/dags/etl_dag.py
[2025-11-11T12:03:09.457+0000] {logging_mixin.py:188} INFO - [2025-11-11T12:03:09.457+0000] {dag.py:3036} INFO - Sync 1 DAGs
[2025-11-11T12:03:09.467+0000] {logging_mixin.py:188} INFO - [2025-11-11T12:03:09.467+0000] {dag.py:3823} INFO - Setting next_dagrun for simple_etl_lineage to None, run_after=None
[2025-11-11T12:03:09.494+0000] {processor.py:183} INFO - Processing /opt/airflow/dags/etl_dag.py took 0.084 seconds
[2025-11-11T12:03:39.775+0000] {processor.py:161} INFO - Started process (PID=5283) to work on /opt/airflow/dags/etl_dag.py
[2025-11-11T12:03:39.776+0000] {processor.py:830} INFO - Processing file /opt/airflow/dags/etl_dag.py for tasks to queue
[2025-11-11T12:03:39.778+0000] {logging_mixin.py:188} INFO - [2025-11-11T12:03:39.777+0000] {dagbag.py:538} INFO - Filling up the DagBag from /opt/airflow/dags/etl_dag.py
[2025-11-11T12:03:39.790+0000] {processor.py:840} INFO - DAG(s) 'simple_etl_lineage' retrieved from /opt/airflow/dags/etl_dag.py
[2025-11-11T12:03:39.814+0000] {logging_mixin.py:188} INFO - [2025-11-11T12:03:39.814+0000] {dag.py:3036} INFO - Sync 1 DAGs
[2025-11-11T12:03:39.824+0000] {logging_mixin.py:188} INFO - [2025-11-11T12:03:39.824+0000] {dag.py:3823} INFO - Setting next_dagrun for simple_etl_lineage to None, run_after=None
[2025-11-11T12:03:39.852+0000] {processor.py:183} INFO - Processing /opt/airflow/dags/etl_dag.py took 0.080 seconds
[2025-11-11T12:04:10.155+0000] {processor.py:161} INFO - Started process (PID=5293) to work on /opt/airflow/dags/etl_dag.py
[2025-11-11T12:04:10.157+0000] {processor.py:830} INFO - Processing file /opt/airflow/dags/etl_dag.py for tasks to queue
[2025-11-11T12:04:10.158+0000] {logging_mixin.py:188} INFO - [2025-11-11T12:04:10.157+0000] {dagbag.py:538} INFO - Filling up the DagBag from /opt/airflow/dags/etl_dag.py
[2025-11-11T12:04:10.170+0000] {processor.py:840} INFO - DAG(s) 'simple_etl_lineage' retrieved from /opt/airflow/dags/etl_dag.py
[2025-11-11T12:04:10.195+0000] {logging_mixin.py:188} INFO - [2025-11-11T12:04:10.194+0000] {dag.py:3036} INFO - Sync 1 DAGs
[2025-11-11T12:04:10.205+0000] {logging_mixin.py:188} INFO - [2025-11-11T12:04:10.205+0000] {dag.py:3823} INFO - Setting next_dagrun for simple_etl_lineage to None, run_after=None
[2025-11-11T12:04:10.226+0000] {processor.py:183} INFO - Processing /opt/airflow/dags/etl_dag.py took 0.074 seconds
[2025-11-11T12:04:40.532+0000] {processor.py:161} INFO - Started process (PID=5303) to work on /opt/airflow/dags/etl_dag.py
[2025-11-11T12:04:40.533+0000] {processor.py:830} INFO - Processing file /opt/airflow/dags/etl_dag.py for tasks to queue
[2025-11-11T12:04:40.534+0000] {logging_mixin.py:188} INFO - [2025-11-11T12:04:40.534+0000] {dagbag.py:538} INFO - Filling up the DagBag from /opt/airflow/dags/etl_dag.py
[2025-11-11T12:04:40.594+0000] {processor.py:840} INFO - DAG(s) 'simple_etl_lineage' retrieved from /opt/airflow/dags/etl_dag.py
[2025-11-11T12:04:40.619+0000] {logging_mixin.py:188} INFO - [2025-11-11T12:04:40.619+0000] {dag.py:3036} INFO - Sync 1 DAGs
[2025-11-11T12:04:40.630+0000] {logging_mixin.py:188} INFO - [2025-11-11T12:04:40.629+0000] {dag.py:3823} INFO - Setting next_dagrun for simple_etl_lineage to None, run_after=None
[2025-11-11T12:04:40.652+0000] {processor.py:183} INFO - Processing /opt/airflow/dags/etl_dag.py took 0.124 seconds
[2025-11-11T12:05:11.016+0000] {processor.py:161} INFO - Started process (PID=5313) to work on /opt/airflow/dags/etl_dag.py
[2025-11-11T12:05:11.018+0000] {processor.py:830} INFO - Processing file /opt/airflow/dags/etl_dag.py for tasks to queue
[2025-11-11T12:05:11.020+0000] {logging_mixin.py:188} INFO - [2025-11-11T12:05:11.019+0000] {dagbag.py:538} INFO - Filling up the DagBag from /opt/airflow/dags/etl_dag.py
[2025-11-11T12:05:11.035+0000] {processor.py:840} INFO - DAG(s) 'simple_etl_lineage' retrieved from /opt/airflow/dags/etl_dag.py
[2025-11-11T12:05:11.061+0000] {logging_mixin.py:188} INFO - [2025-11-11T12:05:11.061+0000] {dag.py:3036} INFO - Sync 1 DAGs
[2025-11-11T12:05:11.072+0000] {logging_mixin.py:188} INFO - [2025-11-11T12:05:11.072+0000] {dag.py:3823} INFO - Setting next_dagrun for simple_etl_lineage to None, run_after=None
[2025-11-11T12:05:11.100+0000] {processor.py:183} INFO - Processing /opt/airflow/dags/etl_dag.py took 0.088 seconds
[2025-11-11T12:05:41.401+0000] {processor.py:161} INFO - Started process (PID=5323) to work on /opt/airflow/dags/etl_dag.py
[2025-11-11T12:05:41.403+0000] {processor.py:830} INFO - Processing file /opt/airflow/dags/etl_dag.py for tasks to queue
[2025-11-11T12:05:41.404+0000] {logging_mixin.py:188} INFO - [2025-11-11T12:05:41.403+0000] {dagbag.py:538} INFO - Filling up the DagBag from /opt/airflow/dags/etl_dag.py
[2025-11-11T12:05:41.419+0000] {processor.py:840} INFO - DAG(s) 'simple_etl_lineage' retrieved from /opt/airflow/dags/etl_dag.py
[2025-11-11T12:05:41.445+0000] {logging_mixin.py:188} INFO - [2025-11-11T12:05:41.444+0000] {dag.py:3036} INFO - Sync 1 DAGs
[2025-11-11T12:05:41.455+0000] {logging_mixin.py:188} INFO - [2025-11-11T12:05:41.455+0000] {dag.py:3823} INFO - Setting next_dagrun for simple_etl_lineage to None, run_after=None
[2025-11-11T12:05:41.479+0000] {processor.py:183} INFO - Processing /opt/airflow/dags/etl_dag.py took 0.082 seconds
[2025-11-11T12:06:11.766+0000] {processor.py:161} INFO - Started process (PID=5333) to work on /opt/airflow/dags/etl_dag.py
[2025-11-11T12:06:11.767+0000] {processor.py:830} INFO - Processing file /opt/airflow/dags/etl_dag.py for tasks to queue
[2025-11-11T12:06:11.769+0000] {logging_mixin.py:188} INFO - [2025-11-11T12:06:11.768+0000] {dagbag.py:538} INFO - Filling up the DagBag from /opt/airflow/dags/etl_dag.py
[2025-11-11T12:06:11.785+0000] {processor.py:840} INFO - DAG(s) 'simple_etl_lineage' retrieved from /opt/airflow/dags/etl_dag.py
[2025-11-11T12:06:11.821+0000] {logging_mixin.py:188} INFO - [2025-11-11T12:06:11.821+0000] {dag.py:3036} INFO - Sync 1 DAGs
[2025-11-11T12:06:11.835+0000] {logging_mixin.py:188} INFO - [2025-11-11T12:06:11.835+0000] {dag.py:3823} INFO - Setting next_dagrun for simple_etl_lineage to None, run_after=None
[2025-11-11T12:06:11.856+0000] {processor.py:183} INFO - Processing /opt/airflow/dags/etl_dag.py took 0.095 seconds
[2025-11-11T12:06:42.192+0000] {processor.py:161} INFO - Started process (PID=5343) to work on /opt/airflow/dags/etl_dag.py
[2025-11-11T12:06:42.194+0000] {processor.py:830} INFO - Processing file /opt/airflow/dags/etl_dag.py for tasks to queue
[2025-11-11T12:06:42.195+0000] {logging_mixin.py:188} INFO - [2025-11-11T12:06:42.195+0000] {dagbag.py:538} INFO - Filling up the DagBag from /opt/airflow/dags/etl_dag.py
[2025-11-11T12:06:42.224+0000] {processor.py:840} INFO - DAG(s) 'simple_etl_lineage' retrieved from /opt/airflow/dags/etl_dag.py
[2025-11-11T12:06:42.270+0000] {logging_mixin.py:188} INFO - [2025-11-11T12:06:42.270+0000] {dag.py:3036} INFO - Sync 1 DAGs
[2025-11-11T12:06:42.301+0000] {logging_mixin.py:188} INFO - [2025-11-11T12:06:42.301+0000] {dag.py:3823} INFO - Setting next_dagrun for simple_etl_lineage to None, run_after=None
[2025-11-11T12:06:42.327+0000] {processor.py:183} INFO - Processing /opt/airflow/dags/etl_dag.py took 0.142 seconds
[2025-11-11T12:07:12.628+0000] {processor.py:161} INFO - Started process (PID=5353) to work on /opt/airflow/dags/etl_dag.py
[2025-11-11T12:07:12.629+0000] {processor.py:830} INFO - Processing file /opt/airflow/dags/etl_dag.py for tasks to queue
[2025-11-11T12:07:12.630+0000] {logging_mixin.py:188} INFO - [2025-11-11T12:07:12.630+0000] {dagbag.py:538} INFO - Filling up the DagBag from /opt/airflow/dags/etl_dag.py
[2025-11-11T12:07:12.656+0000] {processor.py:840} INFO - DAG(s) 'simple_etl_lineage' retrieved from /opt/airflow/dags/etl_dag.py
[2025-11-11T12:07:12.713+0000] {logging_mixin.py:188} INFO - [2025-11-11T12:07:12.713+0000] {dag.py:3036} INFO - Sync 1 DAGs
[2025-11-11T12:07:12.731+0000] {logging_mixin.py:188} INFO - [2025-11-11T12:07:12.730+0000] {dag.py:3823} INFO - Setting next_dagrun for simple_etl_lineage to None, run_after=None
[2025-11-11T12:07:12.770+0000] {processor.py:183} INFO - Processing /opt/airflow/dags/etl_dag.py took 0.148 seconds
[2025-11-11T12:07:43.141+0000] {processor.py:161} INFO - Started process (PID=5363) to work on /opt/airflow/dags/etl_dag.py
[2025-11-11T12:07:43.146+0000] {processor.py:830} INFO - Processing file /opt/airflow/dags/etl_dag.py for tasks to queue
[2025-11-11T12:07:43.148+0000] {logging_mixin.py:188} INFO - [2025-11-11T12:07:43.147+0000] {dagbag.py:538} INFO - Filling up the DagBag from /opt/airflow/dags/etl_dag.py
[2025-11-11T12:07:43.166+0000] {processor.py:840} INFO - DAG(s) 'simple_etl_lineage' retrieved from /opt/airflow/dags/etl_dag.py
[2025-11-11T12:07:43.199+0000] {logging_mixin.py:188} INFO - [2025-11-11T12:07:43.199+0000] {dag.py:3036} INFO - Sync 1 DAGs
[2025-11-11T12:07:43.217+0000] {logging_mixin.py:188} INFO - [2025-11-11T12:07:43.217+0000] {dag.py:3823} INFO - Setting next_dagrun for simple_etl_lineage to None, run_after=None
[2025-11-11T12:07:43.239+0000] {processor.py:183} INFO - Processing /opt/airflow/dags/etl_dag.py took 0.104 seconds
[2025-11-11T12:08:13.516+0000] {processor.py:161} INFO - Started process (PID=5373) to work on /opt/airflow/dags/etl_dag.py
[2025-11-11T12:08:13.518+0000] {processor.py:830} INFO - Processing file /opt/airflow/dags/etl_dag.py for tasks to queue
[2025-11-11T12:08:13.519+0000] {logging_mixin.py:188} INFO - [2025-11-11T12:08:13.519+0000] {dagbag.py:538} INFO - Filling up the DagBag from /opt/airflow/dags/etl_dag.py
[2025-11-11T12:08:13.534+0000] {processor.py:840} INFO - DAG(s) 'simple_etl_lineage' retrieved from /opt/airflow/dags/etl_dag.py
[2025-11-11T12:08:13.560+0000] {logging_mixin.py:188} INFO - [2025-11-11T12:08:13.560+0000] {dag.py:3036} INFO - Sync 1 DAGs
[2025-11-11T12:08:13.570+0000] {logging_mixin.py:188} INFO - [2025-11-11T12:08:13.570+0000] {dag.py:3823} INFO - Setting next_dagrun for simple_etl_lineage to None, run_after=None
[2025-11-11T12:08:13.590+0000] {processor.py:183} INFO - Processing /opt/airflow/dags/etl_dag.py took 0.078 seconds
[2025-11-11T12:08:44.134+0000] {processor.py:161} INFO - Started process (PID=5383) to work on /opt/airflow/dags/etl_dag.py
[2025-11-11T12:08:44.137+0000] {processor.py:830} INFO - Processing file /opt/airflow/dags/etl_dag.py for tasks to queue
[2025-11-11T12:08:44.140+0000] {logging_mixin.py:188} INFO - [2025-11-11T12:08:44.140+0000] {dagbag.py:538} INFO - Filling up the DagBag from /opt/airflow/dags/etl_dag.py
[2025-11-11T12:08:44.369+0000] {processor.py:840} INFO - DAG(s) 'simple_etl_lineage' retrieved from /opt/airflow/dags/etl_dag.py
[2025-11-11T12:08:44.431+0000] {logging_mixin.py:188} INFO - [2025-11-11T12:08:44.431+0000] {dag.py:3036} INFO - Sync 1 DAGs
[2025-11-11T12:08:44.475+0000] {logging_mixin.py:188} INFO - [2025-11-11T12:08:44.474+0000] {dag.py:3823} INFO - Setting next_dagrun for simple_etl_lineage to None, run_after=None
[2025-11-11T12:08:44.553+0000] {processor.py:183} INFO - Processing /opt/airflow/dags/etl_dag.py took 0.425 seconds
[2025-11-11T12:09:14.696+0000] {processor.py:161} INFO - Started process (PID=5393) to work on /opt/airflow/dags/etl_dag.py
[2025-11-11T12:09:14.697+0000] {processor.py:830} INFO - Processing file /opt/airflow/dags/etl_dag.py for tasks to queue
[2025-11-11T12:09:14.698+0000] {logging_mixin.py:188} INFO - [2025-11-11T12:09:14.698+0000] {dagbag.py:538} INFO - Filling up the DagBag from /opt/airflow/dags/etl_dag.py
[2025-11-11T12:09:14.711+0000] {processor.py:840} INFO - DAG(s) 'simple_etl_lineage' retrieved from /opt/airflow/dags/etl_dag.py
[2025-11-11T12:09:14.736+0000] {logging_mixin.py:188} INFO - [2025-11-11T12:09:14.736+0000] {dag.py:3036} INFO - Sync 1 DAGs
[2025-11-11T12:09:14.746+0000] {logging_mixin.py:188} INFO - [2025-11-11T12:09:14.746+0000] {dag.py:3823} INFO - Setting next_dagrun for simple_etl_lineage to None, run_after=None
[2025-11-11T12:09:14.767+0000] {processor.py:183} INFO - Processing /opt/airflow/dags/etl_dag.py took 0.074 seconds
[2025-11-11T12:09:45.148+0000] {processor.py:161} INFO - Started process (PID=5403) to work on /opt/airflow/dags/etl_dag.py
[2025-11-11T12:09:45.150+0000] {processor.py:830} INFO - Processing file /opt/airflow/dags/etl_dag.py for tasks to queue
[2025-11-11T12:09:45.152+0000] {logging_mixin.py:188} INFO - [2025-11-11T12:09:45.151+0000] {dagbag.py:538} INFO - Filling up the DagBag from /opt/airflow/dags/etl_dag.py
[2025-11-11T12:09:45.169+0000] {processor.py:840} INFO - DAG(s) 'simple_etl_lineage' retrieved from /opt/airflow/dags/etl_dag.py
[2025-11-11T12:09:45.204+0000] {logging_mixin.py:188} INFO - [2025-11-11T12:09:45.203+0000] {dag.py:3036} INFO - Sync 1 DAGs
[2025-11-11T12:09:45.222+0000] {logging_mixin.py:188} INFO - [2025-11-11T12:09:45.222+0000] {dag.py:3823} INFO - Setting next_dagrun for simple_etl_lineage to None, run_after=None
[2025-11-11T12:09:45.250+0000] {processor.py:183} INFO - Processing /opt/airflow/dags/etl_dag.py took 0.109 seconds
[2025-11-11T12:10:15.577+0000] {processor.py:161} INFO - Started process (PID=5413) to work on /opt/airflow/dags/etl_dag.py
[2025-11-11T12:10:15.578+0000] {processor.py:830} INFO - Processing file /opt/airflow/dags/etl_dag.py for tasks to queue
[2025-11-11T12:10:15.580+0000] {logging_mixin.py:188} INFO - [2025-11-11T12:10:15.579+0000] {dagbag.py:538} INFO - Filling up the DagBag from /opt/airflow/dags/etl_dag.py
[2025-11-11T12:10:15.597+0000] {processor.py:840} INFO - DAG(s) 'simple_etl_lineage' retrieved from /opt/airflow/dags/etl_dag.py
[2025-11-11T12:10:15.638+0000] {logging_mixin.py:188} INFO - [2025-11-11T12:10:15.637+0000] {dag.py:3036} INFO - Sync 1 DAGs
[2025-11-11T12:10:15.655+0000] {logging_mixin.py:188} INFO - [2025-11-11T12:10:15.655+0000] {dag.py:3823} INFO - Setting next_dagrun for simple_etl_lineage to None, run_after=None
[2025-11-11T12:10:15.682+0000] {processor.py:183} INFO - Processing /opt/airflow/dags/etl_dag.py took 0.109 seconds
[2025-11-11T12:10:45.984+0000] {processor.py:161} INFO - Started process (PID=5423) to work on /opt/airflow/dags/etl_dag.py
[2025-11-11T12:10:45.986+0000] {processor.py:830} INFO - Processing file /opt/airflow/dags/etl_dag.py for tasks to queue
[2025-11-11T12:10:45.988+0000] {logging_mixin.py:188} INFO - [2025-11-11T12:10:45.987+0000] {dagbag.py:538} INFO - Filling up the DagBag from /opt/airflow/dags/etl_dag.py
[2025-11-11T12:10:46.008+0000] {processor.py:840} INFO - DAG(s) 'simple_etl_lineage' retrieved from /opt/airflow/dags/etl_dag.py
[2025-11-11T12:10:46.048+0000] {logging_mixin.py:188} INFO - [2025-11-11T12:10:46.044+0000] {dag.py:3036} INFO - Sync 1 DAGs
[2025-11-11T12:10:46.065+0000] {logging_mixin.py:188} INFO - [2025-11-11T12:10:46.064+0000] {dag.py:3823} INFO - Setting next_dagrun for simple_etl_lineage to None, run_after=None
[2025-11-11T12:10:46.101+0000] {processor.py:183} INFO - Processing /opt/airflow/dags/etl_dag.py took 0.123 seconds
[2025-11-11T12:11:16.472+0000] {processor.py:161} INFO - Started process (PID=5433) to work on /opt/airflow/dags/etl_dag.py
[2025-11-11T12:11:16.475+0000] {processor.py:830} INFO - Processing file /opt/airflow/dags/etl_dag.py for tasks to queue
[2025-11-11T12:11:16.483+0000] {logging_mixin.py:188} INFO - [2025-11-11T12:11:16.477+0000] {dagbag.py:538} INFO - Filling up the DagBag from /opt/airflow/dags/etl_dag.py
[2025-11-11T12:11:16.507+0000] {processor.py:840} INFO - DAG(s) 'simple_etl_lineage' retrieved from /opt/airflow/dags/etl_dag.py
[2025-11-11T12:11:16.590+0000] {logging_mixin.py:188} INFO - [2025-11-11T12:11:16.589+0000] {dag.py:3036} INFO - Sync 1 DAGs
[2025-11-11T12:11:16.605+0000] {logging_mixin.py:188} INFO - [2025-11-11T12:11:16.605+0000] {dag.py:3823} INFO - Setting next_dagrun for simple_etl_lineage to None, run_after=None
[2025-11-11T12:11:16.643+0000] {processor.py:183} INFO - Processing /opt/airflow/dags/etl_dag.py took 0.176 seconds
[2025-11-11T12:11:46.949+0000] {processor.py:161} INFO - Started process (PID=5443) to work on /opt/airflow/dags/etl_dag.py
[2025-11-11T12:11:46.950+0000] {processor.py:830} INFO - Processing file /opt/airflow/dags/etl_dag.py for tasks to queue
[2025-11-11T12:11:46.951+0000] {logging_mixin.py:188} INFO - [2025-11-11T12:11:46.951+0000] {dagbag.py:538} INFO - Filling up the DagBag from /opt/airflow/dags/etl_dag.py
[2025-11-11T12:11:46.969+0000] {processor.py:840} INFO - DAG(s) 'simple_etl_lineage' retrieved from /opt/airflow/dags/etl_dag.py
[2025-11-11T12:11:46.998+0000] {logging_mixin.py:188} INFO - [2025-11-11T12:11:46.997+0000] {dag.py:3036} INFO - Sync 1 DAGs
[2025-11-11T12:11:47.011+0000] {logging_mixin.py:188} INFO - [2025-11-11T12:11:47.011+0000] {dag.py:3823} INFO - Setting next_dagrun for simple_etl_lineage to None, run_after=None
[2025-11-11T12:11:47.093+0000] {processor.py:183} INFO - Processing /opt/airflow/dags/etl_dag.py took 0.149 seconds
[2025-11-11T12:12:17.283+0000] {processor.py:161} INFO - Started process (PID=5453) to work on /opt/airflow/dags/etl_dag.py
[2025-11-11T12:12:17.285+0000] {processor.py:830} INFO - Processing file /opt/airflow/dags/etl_dag.py for tasks to queue
[2025-11-11T12:12:17.286+0000] {logging_mixin.py:188} INFO - [2025-11-11T12:12:17.285+0000] {dagbag.py:538} INFO - Filling up the DagBag from /opt/airflow/dags/etl_dag.py
[2025-11-11T12:12:17.301+0000] {processor.py:840} INFO - DAG(s) 'simple_etl_lineage' retrieved from /opt/airflow/dags/etl_dag.py
[2025-11-11T12:12:17.339+0000] {logging_mixin.py:188} INFO - [2025-11-11T12:12:17.339+0000] {dag.py:3036} INFO - Sync 1 DAGs
[2025-11-11T12:12:17.363+0000] {logging_mixin.py:188} INFO - [2025-11-11T12:12:17.363+0000] {dag.py:3823} INFO - Setting next_dagrun for simple_etl_lineage to None, run_after=None
[2025-11-11T12:12:17.390+0000] {processor.py:183} INFO - Processing /opt/airflow/dags/etl_dag.py took 0.113 seconds
[2025-11-11T12:12:47.707+0000] {processor.py:161} INFO - Started process (PID=5463) to work on /opt/airflow/dags/etl_dag.py
[2025-11-11T12:12:47.709+0000] {processor.py:830} INFO - Processing file /opt/airflow/dags/etl_dag.py for tasks to queue
[2025-11-11T12:12:47.711+0000] {logging_mixin.py:188} INFO - [2025-11-11T12:12:47.711+0000] {dagbag.py:538} INFO - Filling up the DagBag from /opt/airflow/dags/etl_dag.py
[2025-11-11T12:12:47.728+0000] {processor.py:840} INFO - DAG(s) 'simple_etl_lineage' retrieved from /opt/airflow/dags/etl_dag.py
[2025-11-11T12:12:47.762+0000] {logging_mixin.py:188} INFO - [2025-11-11T12:12:47.762+0000] {dag.py:3036} INFO - Sync 1 DAGs
[2025-11-11T12:12:47.778+0000] {logging_mixin.py:188} INFO - [2025-11-11T12:12:47.778+0000] {dag.py:3823} INFO - Setting next_dagrun for simple_etl_lineage to None, run_after=None
[2025-11-11T12:12:47.814+0000] {processor.py:183} INFO - Processing /opt/airflow/dags/etl_dag.py took 0.111 seconds
[2025-11-11T12:13:18.107+0000] {processor.py:161} INFO - Started process (PID=5473) to work on /opt/airflow/dags/etl_dag.py
[2025-11-11T12:13:18.109+0000] {processor.py:830} INFO - Processing file /opt/airflow/dags/etl_dag.py for tasks to queue
[2025-11-11T12:13:18.110+0000] {logging_mixin.py:188} INFO - [2025-11-11T12:13:18.110+0000] {dagbag.py:538} INFO - Filling up the DagBag from /opt/airflow/dags/etl_dag.py
[2025-11-11T12:13:18.127+0000] {processor.py:840} INFO - DAG(s) 'simple_etl_lineage' retrieved from /opt/airflow/dags/etl_dag.py
[2025-11-11T12:13:18.168+0000] {logging_mixin.py:188} INFO - [2025-11-11T12:13:18.168+0000] {dag.py:3036} INFO - Sync 1 DAGs
[2025-11-11T12:13:18.183+0000] {logging_mixin.py:188} INFO - [2025-11-11T12:13:18.182+0000] {dag.py:3823} INFO - Setting next_dagrun for simple_etl_lineage to None, run_after=None
[2025-11-11T12:13:18.251+0000] {processor.py:183} INFO - Processing /opt/airflow/dags/etl_dag.py took 0.147 seconds
[2025-11-11T12:13:48.601+0000] {processor.py:161} INFO - Started process (PID=5483) to work on /opt/airflow/dags/etl_dag.py
[2025-11-11T12:13:48.603+0000] {processor.py:830} INFO - Processing file /opt/airflow/dags/etl_dag.py for tasks to queue
[2025-11-11T12:13:48.604+0000] {logging_mixin.py:188} INFO - [2025-11-11T12:13:48.603+0000] {dagbag.py:538} INFO - Filling up the DagBag from /opt/airflow/dags/etl_dag.py
[2025-11-11T12:13:48.643+0000] {processor.py:840} INFO - DAG(s) 'simple_etl_lineage' retrieved from /opt/airflow/dags/etl_dag.py
[2025-11-11T12:13:48.705+0000] {logging_mixin.py:188} INFO - [2025-11-11T12:13:48.705+0000] {dag.py:3036} INFO - Sync 1 DAGs
[2025-11-11T12:13:48.727+0000] {logging_mixin.py:188} INFO - [2025-11-11T12:13:48.727+0000] {dag.py:3823} INFO - Setting next_dagrun for simple_etl_lineage to None, run_after=None
[2025-11-11T12:13:48.770+0000] {processor.py:183} INFO - Processing /opt/airflow/dags/etl_dag.py took 0.173 seconds
[2025-11-11T12:14:18.894+0000] {processor.py:161} INFO - Started process (PID=5493) to work on /opt/airflow/dags/etl_dag.py
[2025-11-11T12:14:18.899+0000] {processor.py:830} INFO - Processing file /opt/airflow/dags/etl_dag.py for tasks to queue
[2025-11-11T12:14:18.902+0000] {logging_mixin.py:188} INFO - [2025-11-11T12:14:18.901+0000] {dagbag.py:538} INFO - Filling up the DagBag from /opt/airflow/dags/etl_dag.py
[2025-11-11T12:14:18.931+0000] {processor.py:840} INFO - DAG(s) 'simple_etl_lineage' retrieved from /opt/airflow/dags/etl_dag.py
[2025-11-11T12:14:18.985+0000] {logging_mixin.py:188} INFO - [2025-11-11T12:14:18.985+0000] {dag.py:3036} INFO - Sync 1 DAGs
[2025-11-11T12:14:19.006+0000] {logging_mixin.py:188} INFO - [2025-11-11T12:14:19.005+0000] {dag.py:3823} INFO - Setting next_dagrun for simple_etl_lineage to None, run_after=None
[2025-11-11T12:14:19.040+0000] {processor.py:183} INFO - Processing /opt/airflow/dags/etl_dag.py took 0.162 seconds
[2025-11-11T12:14:49.320+0000] {processor.py:161} INFO - Started process (PID=5503) to work on /opt/airflow/dags/etl_dag.py
[2025-11-11T12:14:49.322+0000] {processor.py:830} INFO - Processing file /opt/airflow/dags/etl_dag.py for tasks to queue
[2025-11-11T12:14:49.323+0000] {logging_mixin.py:188} INFO - [2025-11-11T12:14:49.323+0000] {dagbag.py:538} INFO - Filling up the DagBag from /opt/airflow/dags/etl_dag.py
[2025-11-11T12:14:49.345+0000] {processor.py:840} INFO - DAG(s) 'simple_etl_lineage' retrieved from /opt/airflow/dags/etl_dag.py
[2025-11-11T12:14:49.383+0000] {logging_mixin.py:188} INFO - [2025-11-11T12:14:49.383+0000] {dag.py:3036} INFO - Sync 1 DAGs
[2025-11-11T12:14:49.393+0000] {logging_mixin.py:188} INFO - [2025-11-11T12:14:49.393+0000] {dag.py:3823} INFO - Setting next_dagrun for simple_etl_lineage to None, run_after=None
[2025-11-11T12:14:49.414+0000] {processor.py:183} INFO - Processing /opt/airflow/dags/etl_dag.py took 0.097 seconds
[2025-11-11T12:15:21.883+0000] {processor.py:161} INFO - Started process (PID=5511) to work on /opt/airflow/dags/etl_dag.py
[2025-11-11T12:15:21.909+0000] {processor.py:830} INFO - Processing file /opt/airflow/dags/etl_dag.py for tasks to queue
[2025-11-11T12:15:21.933+0000] {logging_mixin.py:188} INFO - [2025-11-11T12:15:21.932+0000] {dagbag.py:538} INFO - Filling up the DagBag from /opt/airflow/dags/etl_dag.py
[2025-11-11T12:15:22.333+0000] {processor.py:840} INFO - DAG(s) 'simple_etl_lineage' retrieved from /opt/airflow/dags/etl_dag.py
[2025-11-11T12:15:22.467+0000] {logging_mixin.py:188} INFO - [2025-11-11T12:15:22.467+0000] {dag.py:3036} INFO - Sync 1 DAGs
[2025-11-11T12:15:22.518+0000] {logging_mixin.py:188} INFO - [2025-11-11T12:15:22.517+0000] {dag.py:3823} INFO - Setting next_dagrun for simple_etl_lineage to None, run_after=None
[2025-11-11T12:15:22.590+0000] {processor.py:183} INFO - Processing /opt/airflow/dags/etl_dag.py took 0.721 seconds
[2025-11-11T12:15:53.325+0000] {processor.py:161} INFO - Started process (PID=5523) to work on /opt/airflow/dags/etl_dag.py
[2025-11-11T12:15:53.326+0000] {processor.py:830} INFO - Processing file /opt/airflow/dags/etl_dag.py for tasks to queue
[2025-11-11T12:15:53.328+0000] {logging_mixin.py:188} INFO - [2025-11-11T12:15:53.327+0000] {dagbag.py:538} INFO - Filling up the DagBag from /opt/airflow/dags/etl_dag.py
[2025-11-11T12:15:53.351+0000] {processor.py:840} INFO - DAG(s) 'simple_etl_lineage' retrieved from /opt/airflow/dags/etl_dag.py
[2025-11-11T12:15:53.383+0000] {logging_mixin.py:188} INFO - [2025-11-11T12:15:53.383+0000] {dag.py:3036} INFO - Sync 1 DAGs
[2025-11-11T12:15:53.394+0000] {logging_mixin.py:188} INFO - [2025-11-11T12:15:53.393+0000] {dag.py:3823} INFO - Setting next_dagrun for simple_etl_lineage to None, run_after=None
[2025-11-11T12:15:53.415+0000] {processor.py:183} INFO - Processing /opt/airflow/dags/etl_dag.py took 0.093 seconds
[2025-11-11T12:16:23.937+0000] {processor.py:161} INFO - Started process (PID=5533) to work on /opt/airflow/dags/etl_dag.py
[2025-11-11T12:16:23.940+0000] {processor.py:830} INFO - Processing file /opt/airflow/dags/etl_dag.py for tasks to queue
[2025-11-11T12:16:23.942+0000] {logging_mixin.py:188} INFO - [2025-11-11T12:16:23.941+0000] {dagbag.py:538} INFO - Filling up the DagBag from /opt/airflow/dags/etl_dag.py
[2025-11-11T12:16:23.976+0000] {processor.py:840} INFO - DAG(s) 'simple_etl_lineage' retrieved from /opt/airflow/dags/etl_dag.py
[2025-11-11T12:16:24.043+0000] {logging_mixin.py:188} INFO - [2025-11-11T12:16:24.043+0000] {dag.py:3036} INFO - Sync 1 DAGs
[2025-11-11T12:16:24.058+0000] {logging_mixin.py:188} INFO - [2025-11-11T12:16:24.058+0000] {dag.py:3823} INFO - Setting next_dagrun for simple_etl_lineage to None, run_after=None
[2025-11-11T12:16:24.090+0000] {processor.py:183} INFO - Processing /opt/airflow/dags/etl_dag.py took 0.158 seconds
[2025-11-11T12:16:54.304+0000] {processor.py:161} INFO - Started process (PID=5543) to work on /opt/airflow/dags/etl_dag.py
[2025-11-11T12:16:54.305+0000] {processor.py:830} INFO - Processing file /opt/airflow/dags/etl_dag.py for tasks to queue
[2025-11-11T12:16:54.307+0000] {logging_mixin.py:188} INFO - [2025-11-11T12:16:54.306+0000] {dagbag.py:538} INFO - Filling up the DagBag from /opt/airflow/dags/etl_dag.py
[2025-11-11T12:16:54.324+0000] {processor.py:840} INFO - DAG(s) 'simple_etl_lineage' retrieved from /opt/airflow/dags/etl_dag.py
[2025-11-11T12:16:54.369+0000] {logging_mixin.py:188} INFO - [2025-11-11T12:16:54.369+0000] {dag.py:3036} INFO - Sync 1 DAGs
[2025-11-11T12:16:54.412+0000] {logging_mixin.py:188} INFO - [2025-11-11T12:16:54.412+0000] {dag.py:3823} INFO - Setting next_dagrun for simple_etl_lineage to None, run_after=None
[2025-11-11T12:16:54.451+0000] {processor.py:183} INFO - Processing /opt/airflow/dags/etl_dag.py took 0.152 seconds
[2025-11-11T12:17:25.292+0000] {processor.py:161} INFO - Started process (PID=5553) to work on /opt/airflow/dags/etl_dag.py
[2025-11-11T12:17:25.294+0000] {processor.py:830} INFO - Processing file /opt/airflow/dags/etl_dag.py for tasks to queue
[2025-11-11T12:17:25.296+0000] {logging_mixin.py:188} INFO - [2025-11-11T12:17:25.295+0000] {dagbag.py:538} INFO - Filling up the DagBag from /opt/airflow/dags/etl_dag.py
[2025-11-11T12:17:25.314+0000] {processor.py:840} INFO - DAG(s) 'simple_etl_lineage' retrieved from /opt/airflow/dags/etl_dag.py
[2025-11-11T12:17:25.360+0000] {logging_mixin.py:188} INFO - [2025-11-11T12:17:25.360+0000] {dag.py:3036} INFO - Sync 1 DAGs
[2025-11-11T12:17:25.373+0000] {logging_mixin.py:188} INFO - [2025-11-11T12:17:25.373+0000] {dag.py:3823} INFO - Setting next_dagrun for simple_etl_lineage to None, run_after=None
[2025-11-11T12:17:25.397+0000] {processor.py:183} INFO - Processing /opt/airflow/dags/etl_dag.py took 0.110 seconds
[2025-11-11T12:17:55.686+0000] {processor.py:161} INFO - Started process (PID=5563) to work on /opt/airflow/dags/etl_dag.py
[2025-11-11T12:17:55.688+0000] {processor.py:830} INFO - Processing file /opt/airflow/dags/etl_dag.py for tasks to queue
[2025-11-11T12:17:55.691+0000] {logging_mixin.py:188} INFO - [2025-11-11T12:17:55.690+0000] {dagbag.py:538} INFO - Filling up the DagBag from /opt/airflow/dags/etl_dag.py
[2025-11-11T12:17:55.733+0000] {processor.py:840} INFO - DAG(s) 'simple_etl_lineage' retrieved from /opt/airflow/dags/etl_dag.py
[2025-11-11T12:17:55.779+0000] {logging_mixin.py:188} INFO - [2025-11-11T12:17:55.779+0000] {dag.py:3036} INFO - Sync 1 DAGs
[2025-11-11T12:17:55.793+0000] {logging_mixin.py:188} INFO - [2025-11-11T12:17:55.793+0000] {dag.py:3823} INFO - Setting next_dagrun for simple_etl_lineage to None, run_after=None
[2025-11-11T12:17:55.823+0000] {processor.py:183} INFO - Processing /opt/airflow/dags/etl_dag.py took 0.142 seconds
[2025-11-11T12:18:26.544+0000] {processor.py:161} INFO - Started process (PID=5572) to work on /opt/airflow/dags/etl_dag.py
[2025-11-11T12:18:26.546+0000] {processor.py:830} INFO - Processing file /opt/airflow/dags/etl_dag.py for tasks to queue
[2025-11-11T12:18:26.555+0000] {logging_mixin.py:188} INFO - [2025-11-11T12:18:26.547+0000] {dagbag.py:538} INFO - Filling up the DagBag from /opt/airflow/dags/etl_dag.py
[2025-11-11T12:18:26.576+0000] {processor.py:840} INFO - DAG(s) 'simple_etl_lineage' retrieved from /opt/airflow/dags/etl_dag.py
[2025-11-11T12:18:26.644+0000] {logging_mixin.py:188} INFO - [2025-11-11T12:18:26.644+0000] {dag.py:3036} INFO - Sync 1 DAGs
[2025-11-11T12:18:26.669+0000] {logging_mixin.py:188} INFO - [2025-11-11T12:18:26.669+0000] {dag.py:3823} INFO - Setting next_dagrun for simple_etl_lineage to None, run_after=None
[2025-11-11T12:18:26.710+0000] {processor.py:183} INFO - Processing /opt/airflow/dags/etl_dag.py took 0.172 seconds
[2025-11-11T12:18:58.086+0000] {processor.py:161} INFO - Started process (PID=5581) to work on /opt/airflow/dags/etl_dag.py
[2025-11-11T12:18:58.089+0000] {processor.py:830} INFO - Processing file /opt/airflow/dags/etl_dag.py for tasks to queue
[2025-11-11T12:18:58.099+0000] {logging_mixin.py:188} INFO - [2025-11-11T12:18:58.098+0000] {dagbag.py:538} INFO - Filling up the DagBag from /opt/airflow/dags/etl_dag.py
[2025-11-11T12:18:58.124+0000] {processor.py:840} INFO - DAG(s) 'simple_etl_lineage' retrieved from /opt/airflow/dags/etl_dag.py
[2025-11-11T12:18:58.247+0000] {logging_mixin.py:188} INFO - [2025-11-11T12:18:58.237+0000] {dag.py:3036} INFO - Sync 1 DAGs
[2025-11-11T12:18:58.282+0000] {logging_mixin.py:188} INFO - [2025-11-11T12:18:58.281+0000] {dag.py:3823} INFO - Setting next_dagrun for simple_etl_lineage to None, run_after=None
[2025-11-11T12:18:58.347+0000] {processor.py:183} INFO - Processing /opt/airflow/dags/etl_dag.py took 0.264 seconds
[2025-11-11T12:19:28.779+0000] {processor.py:161} INFO - Started process (PID=5594) to work on /opt/airflow/dags/etl_dag.py
[2025-11-11T12:19:28.792+0000] {processor.py:830} INFO - Processing file /opt/airflow/dags/etl_dag.py for tasks to queue
[2025-11-11T12:19:28.801+0000] {logging_mixin.py:188} INFO - [2025-11-11T12:19:28.801+0000] {dagbag.py:538} INFO - Filling up the DagBag from /opt/airflow/dags/etl_dag.py
[2025-11-11T12:19:28.833+0000] {processor.py:840} INFO - DAG(s) 'simple_etl_lineage' retrieved from /opt/airflow/dags/etl_dag.py
[2025-11-11T12:19:28.869+0000] {logging_mixin.py:188} INFO - [2025-11-11T12:19:28.869+0000] {dag.py:3036} INFO - Sync 1 DAGs
[2025-11-11T12:19:28.883+0000] {logging_mixin.py:188} INFO - [2025-11-11T12:19:28.883+0000] {dag.py:3823} INFO - Setting next_dagrun for simple_etl_lineage to None, run_after=None
[2025-11-11T12:19:28.906+0000] {processor.py:183} INFO - Processing /opt/airflow/dags/etl_dag.py took 0.132 seconds
[2025-11-11T12:19:59.186+0000] {processor.py:161} INFO - Started process (PID=5604) to work on /opt/airflow/dags/etl_dag.py
[2025-11-11T12:19:59.187+0000] {processor.py:830} INFO - Processing file /opt/airflow/dags/etl_dag.py for tasks to queue
[2025-11-11T12:19:59.189+0000] {logging_mixin.py:188} INFO - [2025-11-11T12:19:59.188+0000] {dagbag.py:538} INFO - Filling up the DagBag from /opt/airflow/dags/etl_dag.py
[2025-11-11T12:19:59.208+0000] {processor.py:840} INFO - DAG(s) 'simple_etl_lineage' retrieved from /opt/airflow/dags/etl_dag.py
[2025-11-11T12:19:59.236+0000] {logging_mixin.py:188} INFO - [2025-11-11T12:19:59.236+0000] {dag.py:3036} INFO - Sync 1 DAGs
[2025-11-11T12:19:59.247+0000] {logging_mixin.py:188} INFO - [2025-11-11T12:19:59.247+0000] {dag.py:3823} INFO - Setting next_dagrun for simple_etl_lineage to None, run_after=None
[2025-11-11T12:19:59.269+0000] {processor.py:183} INFO - Processing /opt/airflow/dags/etl_dag.py took 0.086 seconds
[2025-11-11T12:20:29.541+0000] {processor.py:161} INFO - Started process (PID=5614) to work on /opt/airflow/dags/etl_dag.py
[2025-11-11T12:20:29.542+0000] {processor.py:830} INFO - Processing file /opt/airflow/dags/etl_dag.py for tasks to queue
[2025-11-11T12:20:29.543+0000] {logging_mixin.py:188} INFO - [2025-11-11T12:20:29.543+0000] {dagbag.py:538} INFO - Filling up the DagBag from /opt/airflow/dags/etl_dag.py
[2025-11-11T12:20:29.578+0000] {processor.py:840} INFO - DAG(s) 'simple_etl_lineage' retrieved from /opt/airflow/dags/etl_dag.py
[2025-11-11T12:20:29.621+0000] {logging_mixin.py:188} INFO - [2025-11-11T12:20:29.621+0000] {dag.py:3036} INFO - Sync 1 DAGs
[2025-11-11T12:20:29.637+0000] {logging_mixin.py:188} INFO - [2025-11-11T12:20:29.636+0000] {dag.py:3823} INFO - Setting next_dagrun for simple_etl_lineage to None, run_after=None
[2025-11-11T12:20:29.667+0000] {processor.py:183} INFO - Processing /opt/airflow/dags/etl_dag.py took 0.129 seconds
[2025-11-11T12:20:59.911+0000] {processor.py:161} INFO - Started process (PID=5624) to work on /opt/airflow/dags/etl_dag.py
[2025-11-11T12:20:59.913+0000] {processor.py:830} INFO - Processing file /opt/airflow/dags/etl_dag.py for tasks to queue
[2025-11-11T12:20:59.914+0000] {logging_mixin.py:188} INFO - [2025-11-11T12:20:59.913+0000] {dagbag.py:538} INFO - Filling up the DagBag from /opt/airflow/dags/etl_dag.py
[2025-11-11T12:20:59.927+0000] {processor.py:840} INFO - DAG(s) 'simple_etl_lineage' retrieved from /opt/airflow/dags/etl_dag.py
[2025-11-11T12:20:59.953+0000] {logging_mixin.py:188} INFO - [2025-11-11T12:20:59.953+0000] {dag.py:3036} INFO - Sync 1 DAGs
[2025-11-11T12:20:59.964+0000] {logging_mixin.py:188} INFO - [2025-11-11T12:20:59.964+0000] {dag.py:3823} INFO - Setting next_dagrun for simple_etl_lineage to None, run_after=None
[2025-11-11T12:20:59.985+0000] {processor.py:183} INFO - Processing /opt/airflow/dags/etl_dag.py took 0.077 seconds
[2025-11-11T12:21:30.271+0000] {processor.py:161} INFO - Started process (PID=5634) to work on /opt/airflow/dags/etl_dag.py
[2025-11-11T12:21:30.272+0000] {processor.py:830} INFO - Processing file /opt/airflow/dags/etl_dag.py for tasks to queue
[2025-11-11T12:21:30.274+0000] {logging_mixin.py:188} INFO - [2025-11-11T12:21:30.273+0000] {dagbag.py:538} INFO - Filling up the DagBag from /opt/airflow/dags/etl_dag.py
[2025-11-11T12:21:30.290+0000] {processor.py:840} INFO - DAG(s) 'simple_etl_lineage' retrieved from /opt/airflow/dags/etl_dag.py
[2025-11-11T12:21:30.318+0000] {logging_mixin.py:188} INFO - [2025-11-11T12:21:30.318+0000] {dag.py:3036} INFO - Sync 1 DAGs
[2025-11-11T12:21:30.332+0000] {logging_mixin.py:188} INFO - [2025-11-11T12:21:30.330+0000] {dag.py:3823} INFO - Setting next_dagrun for simple_etl_lineage to None, run_after=None
[2025-11-11T12:21:30.356+0000] {processor.py:183} INFO - Processing /opt/airflow/dags/etl_dag.py took 0.090 seconds
[2025-11-11T12:22:00.691+0000] {processor.py:161} INFO - Started process (PID=5644) to work on /opt/airflow/dags/etl_dag.py
[2025-11-11T12:22:00.696+0000] {processor.py:830} INFO - Processing file /opt/airflow/dags/etl_dag.py for tasks to queue
[2025-11-11T12:22:00.701+0000] {logging_mixin.py:188} INFO - [2025-11-11T12:22:00.700+0000] {dagbag.py:538} INFO - Filling up the DagBag from /opt/airflow/dags/etl_dag.py
[2025-11-11T12:22:00.810+0000] {processor.py:840} INFO - DAG(s) 'simple_etl_lineage' retrieved from /opt/airflow/dags/etl_dag.py
[2025-11-11T12:22:00.881+0000] {logging_mixin.py:188} INFO - [2025-11-11T12:22:00.881+0000] {dag.py:3036} INFO - Sync 1 DAGs
[2025-11-11T12:22:00.900+0000] {logging_mixin.py:188} INFO - [2025-11-11T12:22:00.900+0000] {dag.py:3823} INFO - Setting next_dagrun for simple_etl_lineage to None, run_after=None
[2025-11-11T12:22:00.948+0000] {processor.py:183} INFO - Processing /opt/airflow/dags/etl_dag.py took 0.262 seconds
[2025-11-11T12:22:31.297+0000] {processor.py:161} INFO - Started process (PID=5654) to work on /opt/airflow/dags/etl_dag.py
[2025-11-11T12:22:31.298+0000] {processor.py:830} INFO - Processing file /opt/airflow/dags/etl_dag.py for tasks to queue
[2025-11-11T12:22:31.300+0000] {logging_mixin.py:188} INFO - [2025-11-11T12:22:31.299+0000] {dagbag.py:538} INFO - Filling up the DagBag from /opt/airflow/dags/etl_dag.py
[2025-11-11T12:22:31.317+0000] {processor.py:840} INFO - DAG(s) 'simple_etl_lineage' retrieved from /opt/airflow/dags/etl_dag.py
[2025-11-11T12:22:31.354+0000] {logging_mixin.py:188} INFO - [2025-11-11T12:22:31.353+0000] {dag.py:3036} INFO - Sync 1 DAGs
[2025-11-11T12:22:31.373+0000] {logging_mixin.py:188} INFO - [2025-11-11T12:22:31.372+0000] {dag.py:3823} INFO - Setting next_dagrun for simple_etl_lineage to None, run_after=None
[2025-11-11T12:22:31.396+0000] {processor.py:183} INFO - Processing /opt/airflow/dags/etl_dag.py took 0.103 seconds
[2025-11-11T12:23:01.655+0000] {processor.py:161} INFO - Started process (PID=5664) to work on /opt/airflow/dags/etl_dag.py
[2025-11-11T12:23:01.657+0000] {processor.py:830} INFO - Processing file /opt/airflow/dags/etl_dag.py for tasks to queue
[2025-11-11T12:23:01.658+0000] {logging_mixin.py:188} INFO - [2025-11-11T12:23:01.658+0000] {dagbag.py:538} INFO - Filling up the DagBag from /opt/airflow/dags/etl_dag.py
[2025-11-11T12:23:01.697+0000] {processor.py:840} INFO - DAG(s) 'simple_etl_lineage' retrieved from /opt/airflow/dags/etl_dag.py
[2025-11-11T12:23:01.727+0000] {logging_mixin.py:188} INFO - [2025-11-11T12:23:01.727+0000] {dag.py:3036} INFO - Sync 1 DAGs
[2025-11-11T12:23:01.742+0000] {logging_mixin.py:188} INFO - [2025-11-11T12:23:01.741+0000] {dag.py:3823} INFO - Setting next_dagrun for simple_etl_lineage to None, run_after=None
[2025-11-11T12:23:01.763+0000] {processor.py:183} INFO - Processing /opt/airflow/dags/etl_dag.py took 0.112 seconds
[2025-11-11T12:23:32.073+0000] {processor.py:161} INFO - Started process (PID=5674) to work on /opt/airflow/dags/etl_dag.py
[2025-11-11T12:23:32.075+0000] {processor.py:830} INFO - Processing file /opt/airflow/dags/etl_dag.py for tasks to queue
[2025-11-11T12:23:32.077+0000] {logging_mixin.py:188} INFO - [2025-11-11T12:23:32.076+0000] {dagbag.py:538} INFO - Filling up the DagBag from /opt/airflow/dags/etl_dag.py
[2025-11-11T12:23:32.095+0000] {processor.py:840} INFO - DAG(s) 'simple_etl_lineage' retrieved from /opt/airflow/dags/etl_dag.py
[2025-11-11T12:23:32.131+0000] {logging_mixin.py:188} INFO - [2025-11-11T12:23:32.131+0000] {dag.py:3036} INFO - Sync 1 DAGs
[2025-11-11T12:23:32.144+0000] {logging_mixin.py:188} INFO - [2025-11-11T12:23:32.144+0000] {dag.py:3823} INFO - Setting next_dagrun for simple_etl_lineage to None, run_after=None
[2025-11-11T12:23:32.165+0000] {processor.py:183} INFO - Processing /opt/airflow/dags/etl_dag.py took 0.097 seconds
[2025-11-11T12:24:03.092+0000] {processor.py:161} INFO - Started process (PID=5684) to work on /opt/airflow/dags/etl_dag.py
[2025-11-11T12:24:03.094+0000] {processor.py:830} INFO - Processing file /opt/airflow/dags/etl_dag.py for tasks to queue
[2025-11-11T12:24:03.095+0000] {logging_mixin.py:188} INFO - [2025-11-11T12:24:03.095+0000] {dagbag.py:538} INFO - Filling up the DagBag from /opt/airflow/dags/etl_dag.py
[2025-11-11T12:24:03.115+0000] {processor.py:840} INFO - DAG(s) 'simple_etl_lineage' retrieved from /opt/airflow/dags/etl_dag.py
[2025-11-11T12:24:03.157+0000] {logging_mixin.py:188} INFO - [2025-11-11T12:24:03.157+0000] {dag.py:3036} INFO - Sync 1 DAGs
[2025-11-11T12:24:03.177+0000] {logging_mixin.py:188} INFO - [2025-11-11T12:24:03.177+0000] {dag.py:3823} INFO - Setting next_dagrun for simple_etl_lineage to None, run_after=None
[2025-11-11T12:24:03.204+0000] {processor.py:183} INFO - Processing /opt/airflow/dags/etl_dag.py took 0.116 seconds
[2025-11-11T12:24:33.564+0000] {processor.py:161} INFO - Started process (PID=5694) to work on /opt/airflow/dags/etl_dag.py
[2025-11-11T12:24:33.565+0000] {processor.py:830} INFO - Processing file /opt/airflow/dags/etl_dag.py for tasks to queue
[2025-11-11T12:24:33.566+0000] {logging_mixin.py:188} INFO - [2025-11-11T12:24:33.566+0000] {dagbag.py:538} INFO - Filling up the DagBag from /opt/airflow/dags/etl_dag.py
[2025-11-11T12:24:33.586+0000] {processor.py:840} INFO - DAG(s) 'simple_etl_lineage' retrieved from /opt/airflow/dags/etl_dag.py
[2025-11-11T12:24:33.646+0000] {logging_mixin.py:188} INFO - [2025-11-11T12:24:33.646+0000] {dag.py:3036} INFO - Sync 1 DAGs
[2025-11-11T12:24:33.711+0000] {logging_mixin.py:188} INFO - [2025-11-11T12:24:33.711+0000] {dag.py:3823} INFO - Setting next_dagrun for simple_etl_lineage to None, run_after=None
[2025-11-11T12:24:33.768+0000] {processor.py:183} INFO - Processing /opt/airflow/dags/etl_dag.py took 0.208 seconds
[2025-11-11T12:25:04.121+0000] {processor.py:161} INFO - Started process (PID=5704) to work on /opt/airflow/dags/etl_dag.py
[2025-11-11T12:25:04.123+0000] {processor.py:830} INFO - Processing file /opt/airflow/dags/etl_dag.py for tasks to queue
[2025-11-11T12:25:04.124+0000] {logging_mixin.py:188} INFO - [2025-11-11T12:25:04.124+0000] {dagbag.py:538} INFO - Filling up the DagBag from /opt/airflow/dags/etl_dag.py
[2025-11-11T12:25:04.143+0000] {processor.py:840} INFO - DAG(s) 'simple_etl_lineage' retrieved from /opt/airflow/dags/etl_dag.py
[2025-11-11T12:25:04.221+0000] {logging_mixin.py:188} INFO - [2025-11-11T12:25:04.221+0000] {dag.py:3036} INFO - Sync 1 DAGs
[2025-11-11T12:25:04.265+0000] {logging_mixin.py:188} INFO - [2025-11-11T12:25:04.258+0000] {dag.py:3823} INFO - Setting next_dagrun for simple_etl_lineage to None, run_after=None
[2025-11-11T12:25:04.332+0000] {processor.py:183} INFO - Processing /opt/airflow/dags/etl_dag.py took 0.216 seconds
[2025-11-11T12:25:34.787+0000] {processor.py:161} INFO - Started process (PID=5714) to work on /opt/airflow/dags/etl_dag.py
[2025-11-11T12:25:34.788+0000] {processor.py:830} INFO - Processing file /opt/airflow/dags/etl_dag.py for tasks to queue
[2025-11-11T12:25:34.790+0000] {logging_mixin.py:188} INFO - [2025-11-11T12:25:34.790+0000] {dagbag.py:538} INFO - Filling up the DagBag from /opt/airflow/dags/etl_dag.py
[2025-11-11T12:25:34.824+0000] {processor.py:840} INFO - DAG(s) 'simple_etl_lineage' retrieved from /opt/airflow/dags/etl_dag.py
[2025-11-11T12:25:34.894+0000] {logging_mixin.py:188} INFO - [2025-11-11T12:25:34.894+0000] {dag.py:3036} INFO - Sync 1 DAGs
[2025-11-11T12:25:34.913+0000] {logging_mixin.py:188} INFO - [2025-11-11T12:25:34.913+0000] {dag.py:3823} INFO - Setting next_dagrun for simple_etl_lineage to None, run_after=None
[2025-11-11T12:25:34.946+0000] {processor.py:183} INFO - Processing /opt/airflow/dags/etl_dag.py took 0.164 seconds
[2025-11-11T12:26:05.084+0000] {processor.py:161} INFO - Started process (PID=5724) to work on /opt/airflow/dags/etl_dag.py
[2025-11-11T12:26:05.085+0000] {processor.py:830} INFO - Processing file /opt/airflow/dags/etl_dag.py for tasks to queue
[2025-11-11T12:26:05.087+0000] {logging_mixin.py:188} INFO - [2025-11-11T12:26:05.086+0000] {dagbag.py:538} INFO - Filling up the DagBag from /opt/airflow/dags/etl_dag.py
[2025-11-11T12:26:05.105+0000] {processor.py:840} INFO - DAG(s) 'simple_etl_lineage' retrieved from /opt/airflow/dags/etl_dag.py
[2025-11-11T12:26:05.153+0000] {logging_mixin.py:188} INFO - [2025-11-11T12:26:05.153+0000] {dag.py:3036} INFO - Sync 1 DAGs
[2025-11-11T12:26:05.171+0000] {logging_mixin.py:188} INFO - [2025-11-11T12:26:05.170+0000] {dag.py:3823} INFO - Setting next_dagrun for simple_etl_lineage to None, run_after=None
[2025-11-11T12:26:05.199+0000] {processor.py:183} INFO - Processing /opt/airflow/dags/etl_dag.py took 0.124 seconds
[2025-11-11T12:26:35.510+0000] {processor.py:161} INFO - Started process (PID=5734) to work on /opt/airflow/dags/etl_dag.py
[2025-11-11T12:26:35.512+0000] {processor.py:830} INFO - Processing file /opt/airflow/dags/etl_dag.py for tasks to queue
[2025-11-11T12:26:35.514+0000] {logging_mixin.py:188} INFO - [2025-11-11T12:26:35.514+0000] {dagbag.py:538} INFO - Filling up the DagBag from /opt/airflow/dags/etl_dag.py
[2025-11-11T12:26:35.589+0000] {processor.py:840} INFO - DAG(s) 'simple_etl_lineage' retrieved from /opt/airflow/dags/etl_dag.py
[2025-11-11T12:26:35.663+0000] {logging_mixin.py:188} INFO - [2025-11-11T12:26:35.663+0000] {dag.py:3036} INFO - Sync 1 DAGs
[2025-11-11T12:26:35.683+0000] {logging_mixin.py:188} INFO - [2025-11-11T12:26:35.683+0000] {dag.py:3823} INFO - Setting next_dagrun for simple_etl_lineage to None, run_after=None
[2025-11-11T12:26:35.717+0000] {processor.py:183} INFO - Processing /opt/airflow/dags/etl_dag.py took 0.212 seconds
[2025-11-11T12:27:05.844+0000] {processor.py:161} INFO - Started process (PID=5744) to work on /opt/airflow/dags/etl_dag.py
[2025-11-11T12:27:05.846+0000] {processor.py:830} INFO - Processing file /opt/airflow/dags/etl_dag.py for tasks to queue
[2025-11-11T12:27:05.847+0000] {logging_mixin.py:188} INFO - [2025-11-11T12:27:05.847+0000] {dagbag.py:538} INFO - Filling up the DagBag from /opt/airflow/dags/etl_dag.py
[2025-11-11T12:27:05.877+0000] {processor.py:840} INFO - DAG(s) 'simple_etl_lineage' retrieved from /opt/airflow/dags/etl_dag.py
[2025-11-11T12:27:05.929+0000] {logging_mixin.py:188} INFO - [2025-11-11T12:27:05.929+0000] {dag.py:3036} INFO - Sync 1 DAGs
[2025-11-11T12:27:05.949+0000] {logging_mixin.py:188} INFO - [2025-11-11T12:27:05.949+0000] {dag.py:3823} INFO - Setting next_dagrun for simple_etl_lineage to None, run_after=None
[2025-11-11T12:27:05.985+0000] {processor.py:183} INFO - Processing /opt/airflow/dags/etl_dag.py took 0.146 seconds
[2025-11-11T12:27:36.382+0000] {processor.py:161} INFO - Started process (PID=5754) to work on /opt/airflow/dags/etl_dag.py
[2025-11-11T12:27:36.384+0000] {processor.py:830} INFO - Processing file /opt/airflow/dags/etl_dag.py for tasks to queue
[2025-11-11T12:27:36.386+0000] {logging_mixin.py:188} INFO - [2025-11-11T12:27:36.385+0000] {dagbag.py:538} INFO - Filling up the DagBag from /opt/airflow/dags/etl_dag.py
[2025-11-11T12:27:36.404+0000] {processor.py:840} INFO - DAG(s) 'simple_etl_lineage' retrieved from /opt/airflow/dags/etl_dag.py
[2025-11-11T12:27:36.446+0000] {logging_mixin.py:188} INFO - [2025-11-11T12:27:36.445+0000] {dag.py:3036} INFO - Sync 1 DAGs
[2025-11-11T12:27:36.463+0000] {logging_mixin.py:188} INFO - [2025-11-11T12:27:36.463+0000] {dag.py:3823} INFO - Setting next_dagrun for simple_etl_lineage to None, run_after=None
[2025-11-11T12:27:36.497+0000] {processor.py:183} INFO - Processing /opt/airflow/dags/etl_dag.py took 0.121 seconds
[2025-11-11T12:28:06.940+0000] {processor.py:161} INFO - Started process (PID=5764) to work on /opt/airflow/dags/etl_dag.py
[2025-11-11T12:28:06.942+0000] {processor.py:830} INFO - Processing file /opt/airflow/dags/etl_dag.py for tasks to queue
[2025-11-11T12:28:06.944+0000] {logging_mixin.py:188} INFO - [2025-11-11T12:28:06.943+0000] {dagbag.py:538} INFO - Filling up the DagBag from /opt/airflow/dags/etl_dag.py
[2025-11-11T12:28:07.001+0000] {processor.py:840} INFO - DAG(s) 'simple_etl_lineage' retrieved from /opt/airflow/dags/etl_dag.py
[2025-11-11T12:28:07.060+0000] {logging_mixin.py:188} INFO - [2025-11-11T12:28:07.059+0000] {dag.py:3036} INFO - Sync 1 DAGs
[2025-11-11T12:28:07.092+0000] {logging_mixin.py:188} INFO - [2025-11-11T12:28:07.092+0000] {dag.py:3823} INFO - Setting next_dagrun for simple_etl_lineage to None, run_after=None
[2025-11-11T12:28:07.129+0000] {processor.py:183} INFO - Processing /opt/airflow/dags/etl_dag.py took 0.193 seconds
[2025-11-11T12:28:37.247+0000] {processor.py:161} INFO - Started process (PID=5774) to work on /opt/airflow/dags/etl_dag.py
[2025-11-11T12:28:37.249+0000] {processor.py:830} INFO - Processing file /opt/airflow/dags/etl_dag.py for tasks to queue
[2025-11-11T12:28:37.250+0000] {logging_mixin.py:188} INFO - [2025-11-11T12:28:37.250+0000] {dagbag.py:538} INFO - Filling up the DagBag from /opt/airflow/dags/etl_dag.py
[2025-11-11T12:28:37.269+0000] {processor.py:840} INFO - DAG(s) 'simple_etl_lineage' retrieved from /opt/airflow/dags/etl_dag.py
[2025-11-11T12:28:37.302+0000] {logging_mixin.py:188} INFO - [2025-11-11T12:28:37.302+0000] {dag.py:3036} INFO - Sync 1 DAGs
[2025-11-11T12:28:37.313+0000] {logging_mixin.py:188} INFO - [2025-11-11T12:28:37.313+0000] {dag.py:3823} INFO - Setting next_dagrun for simple_etl_lineage to None, run_after=None
[2025-11-11T12:28:37.340+0000] {processor.py:183} INFO - Processing /opt/airflow/dags/etl_dag.py took 0.096 seconds
[2025-11-11T12:29:07.613+0000] {processor.py:161} INFO - Started process (PID=5784) to work on /opt/airflow/dags/etl_dag.py
[2025-11-11T12:29:07.615+0000] {processor.py:830} INFO - Processing file /opt/airflow/dags/etl_dag.py for tasks to queue
[2025-11-11T12:29:07.618+0000] {logging_mixin.py:188} INFO - [2025-11-11T12:29:07.618+0000] {dagbag.py:538} INFO - Filling up the DagBag from /opt/airflow/dags/etl_dag.py
[2025-11-11T12:29:07.667+0000] {processor.py:840} INFO - DAG(s) 'simple_etl_lineage' retrieved from /opt/airflow/dags/etl_dag.py
[2025-11-11T12:29:07.719+0000] {logging_mixin.py:188} INFO - [2025-11-11T12:29:07.719+0000] {dag.py:3036} INFO - Sync 1 DAGs
[2025-11-11T12:29:07.734+0000] {logging_mixin.py:188} INFO - [2025-11-11T12:29:07.733+0000] {dag.py:3823} INFO - Setting next_dagrun for simple_etl_lineage to None, run_after=None
[2025-11-11T12:29:07.766+0000] {processor.py:183} INFO - Processing /opt/airflow/dags/etl_dag.py took 0.159 seconds
[2025-11-11T12:29:38.086+0000] {processor.py:161} INFO - Started process (PID=5794) to work on /opt/airflow/dags/etl_dag.py
[2025-11-11T12:29:38.087+0000] {processor.py:830} INFO - Processing file /opt/airflow/dags/etl_dag.py for tasks to queue
[2025-11-11T12:29:38.088+0000] {logging_mixin.py:188} INFO - [2025-11-11T12:29:38.088+0000] {dagbag.py:538} INFO - Filling up the DagBag from /opt/airflow/dags/etl_dag.py
[2025-11-11T12:29:38.104+0000] {processor.py:840} INFO - DAG(s) 'simple_etl_lineage' retrieved from /opt/airflow/dags/etl_dag.py
[2025-11-11T12:29:38.182+0000] {logging_mixin.py:188} INFO - [2025-11-11T12:29:38.181+0000] {dag.py:3036} INFO - Sync 1 DAGs
[2025-11-11T12:29:38.212+0000] {logging_mixin.py:188} INFO - [2025-11-11T12:29:38.212+0000] {dag.py:3823} INFO - Setting next_dagrun for simple_etl_lineage to None, run_after=None
[2025-11-11T12:29:38.271+0000] {processor.py:183} INFO - Processing /opt/airflow/dags/etl_dag.py took 0.189 seconds
[2025-11-11T12:30:08.584+0000] {processor.py:161} INFO - Started process (PID=5804) to work on /opt/airflow/dags/etl_dag.py
[2025-11-11T12:30:08.587+0000] {processor.py:830} INFO - Processing file /opt/airflow/dags/etl_dag.py for tasks to queue
[2025-11-11T12:30:08.592+0000] {logging_mixin.py:188} INFO - [2025-11-11T12:30:08.590+0000] {dagbag.py:538} INFO - Filling up the DagBag from /opt/airflow/dags/etl_dag.py
[2025-11-11T12:30:08.616+0000] {processor.py:840} INFO - DAG(s) 'simple_etl_lineage' retrieved from /opt/airflow/dags/etl_dag.py
[2025-11-11T12:30:08.677+0000] {logging_mixin.py:188} INFO - [2025-11-11T12:30:08.676+0000] {dag.py:3036} INFO - Sync 1 DAGs
[2025-11-11T12:30:08.704+0000] {logging_mixin.py:188} INFO - [2025-11-11T12:30:08.704+0000] {dag.py:3823} INFO - Setting next_dagrun for simple_etl_lineage to None, run_after=None
[2025-11-11T12:30:08.778+0000] {processor.py:183} INFO - Processing /opt/airflow/dags/etl_dag.py took 0.199 seconds
[2025-11-11T12:30:39.057+0000] {processor.py:161} INFO - Started process (PID=5814) to work on /opt/airflow/dags/etl_dag.py
[2025-11-11T12:30:39.059+0000] {processor.py:830} INFO - Processing file /opt/airflow/dags/etl_dag.py for tasks to queue
[2025-11-11T12:30:39.061+0000] {logging_mixin.py:188} INFO - [2025-11-11T12:30:39.060+0000] {dagbag.py:538} INFO - Filling up the DagBag from /opt/airflow/dags/etl_dag.py
[2025-11-11T12:30:39.078+0000] {processor.py:840} INFO - DAG(s) 'simple_etl_lineage' retrieved from /opt/airflow/dags/etl_dag.py
[2025-11-11T12:30:39.107+0000] {logging_mixin.py:188} INFO - [2025-11-11T12:30:39.107+0000] {dag.py:3036} INFO - Sync 1 DAGs
[2025-11-11T12:30:39.126+0000] {logging_mixin.py:188} INFO - [2025-11-11T12:30:39.125+0000] {dag.py:3823} INFO - Setting next_dagrun for simple_etl_lineage to None, run_after=None
[2025-11-11T12:30:39.158+0000] {processor.py:183} INFO - Processing /opt/airflow/dags/etl_dag.py took 0.107 seconds
[2025-11-11T12:31:09.448+0000] {processor.py:161} INFO - Started process (PID=5824) to work on /opt/airflow/dags/etl_dag.py
[2025-11-11T12:31:09.450+0000] {processor.py:830} INFO - Processing file /opt/airflow/dags/etl_dag.py for tasks to queue
[2025-11-11T12:31:09.451+0000] {logging_mixin.py:188} INFO - [2025-11-11T12:31:09.451+0000] {dagbag.py:538} INFO - Filling up the DagBag from /opt/airflow/dags/etl_dag.py
[2025-11-11T12:31:09.470+0000] {processor.py:840} INFO - DAG(s) 'simple_etl_lineage' retrieved from /opt/airflow/dags/etl_dag.py
[2025-11-11T12:31:09.506+0000] {logging_mixin.py:188} INFO - [2025-11-11T12:31:09.506+0000] {dag.py:3036} INFO - Sync 1 DAGs
[2025-11-11T12:31:09.523+0000] {logging_mixin.py:188} INFO - [2025-11-11T12:31:09.522+0000] {dag.py:3823} INFO - Setting next_dagrun for simple_etl_lineage to None, run_after=None
[2025-11-11T12:31:09.588+0000] {processor.py:183} INFO - Processing /opt/airflow/dags/etl_dag.py took 0.145 seconds
[2025-11-11T12:31:39.912+0000] {processor.py:161} INFO - Started process (PID=5834) to work on /opt/airflow/dags/etl_dag.py
[2025-11-11T12:31:39.915+0000] {processor.py:830} INFO - Processing file /opt/airflow/dags/etl_dag.py for tasks to queue
[2025-11-11T12:31:39.917+0000] {logging_mixin.py:188} INFO - [2025-11-11T12:31:39.916+0000] {dagbag.py:538} INFO - Filling up the DagBag from /opt/airflow/dags/etl_dag.py
[2025-11-11T12:31:39.953+0000] {processor.py:840} INFO - DAG(s) 'simple_etl_lineage' retrieved from /opt/airflow/dags/etl_dag.py
[2025-11-11T12:31:39.988+0000] {logging_mixin.py:188} INFO - [2025-11-11T12:31:39.988+0000] {dag.py:3036} INFO - Sync 1 DAGs
[2025-11-11T12:31:40.007+0000] {logging_mixin.py:188} INFO - [2025-11-11T12:31:40.006+0000] {dag.py:3823} INFO - Setting next_dagrun for simple_etl_lineage to None, run_after=None
[2025-11-11T12:31:40.035+0000] {processor.py:183} INFO - Processing /opt/airflow/dags/etl_dag.py took 0.127 seconds
[2025-11-11T12:32:10.301+0000] {processor.py:161} INFO - Started process (PID=5844) to work on /opt/airflow/dags/etl_dag.py
[2025-11-11T12:32:10.302+0000] {processor.py:830} INFO - Processing file /opt/airflow/dags/etl_dag.py for tasks to queue
[2025-11-11T12:32:10.303+0000] {logging_mixin.py:188} INFO - [2025-11-11T12:32:10.303+0000] {dagbag.py:538} INFO - Filling up the DagBag from /opt/airflow/dags/etl_dag.py
[2025-11-11T12:32:10.319+0000] {processor.py:840} INFO - DAG(s) 'simple_etl_lineage' retrieved from /opt/airflow/dags/etl_dag.py
[2025-11-11T12:32:10.352+0000] {logging_mixin.py:188} INFO - [2025-11-11T12:32:10.351+0000] {dag.py:3036} INFO - Sync 1 DAGs
[2025-11-11T12:32:10.365+0000] {logging_mixin.py:188} INFO - [2025-11-11T12:32:10.365+0000] {dag.py:3823} INFO - Setting next_dagrun for simple_etl_lineage to None, run_after=None
[2025-11-11T12:32:10.433+0000] {processor.py:183} INFO - Processing /opt/airflow/dags/etl_dag.py took 0.136 seconds
[2025-11-11T12:32:40.860+0000] {processor.py:161} INFO - Started process (PID=5854) to work on /opt/airflow/dags/etl_dag.py
[2025-11-11T12:32:40.862+0000] {processor.py:830} INFO - Processing file /opt/airflow/dags/etl_dag.py for tasks to queue
[2025-11-11T12:32:40.864+0000] {logging_mixin.py:188} INFO - [2025-11-11T12:32:40.864+0000] {dagbag.py:538} INFO - Filling up the DagBag from /opt/airflow/dags/etl_dag.py
[2025-11-11T12:32:40.910+0000] {processor.py:840} INFO - DAG(s) 'simple_etl_lineage' retrieved from /opt/airflow/dags/etl_dag.py
[2025-11-11T12:32:40.973+0000] {logging_mixin.py:188} INFO - [2025-11-11T12:32:40.972+0000] {dag.py:3036} INFO - Sync 1 DAGs
[2025-11-11T12:32:40.998+0000] {logging_mixin.py:188} INFO - [2025-11-11T12:32:40.998+0000] {dag.py:3823} INFO - Setting next_dagrun for simple_etl_lineage to None, run_after=None
[2025-11-11T12:32:41.047+0000] {processor.py:183} INFO - Processing /opt/airflow/dags/etl_dag.py took 0.192 seconds
[2025-11-11T12:33:11.341+0000] {processor.py:161} INFO - Started process (PID=5864) to work on /opt/airflow/dags/etl_dag.py
[2025-11-11T12:33:11.342+0000] {processor.py:830} INFO - Processing file /opt/airflow/dags/etl_dag.py for tasks to queue
[2025-11-11T12:33:11.344+0000] {logging_mixin.py:188} INFO - [2025-11-11T12:33:11.343+0000] {dagbag.py:538} INFO - Filling up the DagBag from /opt/airflow/dags/etl_dag.py
[2025-11-11T12:33:11.359+0000] {processor.py:840} INFO - DAG(s) 'simple_etl_lineage' retrieved from /opt/airflow/dags/etl_dag.py
[2025-11-11T12:33:11.392+0000] {logging_mixin.py:188} INFO - [2025-11-11T12:33:11.392+0000] {dag.py:3036} INFO - Sync 1 DAGs
[2025-11-11T12:33:11.408+0000] {logging_mixin.py:188} INFO - [2025-11-11T12:33:11.408+0000] {dag.py:3823} INFO - Setting next_dagrun for simple_etl_lineage to None, run_after=None
[2025-11-11T12:33:11.435+0000] {processor.py:183} INFO - Processing /opt/airflow/dags/etl_dag.py took 0.097 seconds
[2025-11-11T12:33:41.611+0000] {processor.py:161} INFO - Started process (PID=5874) to work on /opt/airflow/dags/etl_dag.py
[2025-11-11T12:33:41.612+0000] {processor.py:830} INFO - Processing file /opt/airflow/dags/etl_dag.py for tasks to queue
[2025-11-11T12:33:41.614+0000] {logging_mixin.py:188} INFO - [2025-11-11T12:33:41.613+0000] {dagbag.py:538} INFO - Filling up the DagBag from /opt/airflow/dags/etl_dag.py
[2025-11-11T12:33:41.628+0000] {processor.py:840} INFO - DAG(s) 'simple_etl_lineage' retrieved from /opt/airflow/dags/etl_dag.py
[2025-11-11T12:33:41.656+0000] {logging_mixin.py:188} INFO - [2025-11-11T12:33:41.655+0000] {dag.py:3036} INFO - Sync 1 DAGs
[2025-11-11T12:33:41.667+0000] {logging_mixin.py:188} INFO - [2025-11-11T12:33:41.667+0000] {dag.py:3823} INFO - Setting next_dagrun for simple_etl_lineage to None, run_after=None
[2025-11-11T12:33:41.693+0000] {processor.py:183} INFO - Processing /opt/airflow/dags/etl_dag.py took 0.086 seconds
[2025-11-11T12:34:12.373+0000] {processor.py:161} INFO - Started process (PID=5884) to work on /opt/airflow/dags/etl_dag.py
[2025-11-11T12:34:12.375+0000] {processor.py:830} INFO - Processing file /opt/airflow/dags/etl_dag.py for tasks to queue
[2025-11-11T12:34:12.377+0000] {logging_mixin.py:188} INFO - [2025-11-11T12:34:12.377+0000] {dagbag.py:538} INFO - Filling up the DagBag from /opt/airflow/dags/etl_dag.py
[2025-11-11T12:34:12.402+0000] {processor.py:840} INFO - DAG(s) 'simple_etl_lineage' retrieved from /opt/airflow/dags/etl_dag.py
[2025-11-11T12:34:12.449+0000] {logging_mixin.py:188} INFO - [2025-11-11T12:34:12.449+0000] {dag.py:3036} INFO - Sync 1 DAGs
[2025-11-11T12:34:12.475+0000] {logging_mixin.py:188} INFO - [2025-11-11T12:34:12.475+0000] {dag.py:3823} INFO - Setting next_dagrun for simple_etl_lineage to None, run_after=None
[2025-11-11T12:34:12.512+0000] {processor.py:183} INFO - Processing /opt/airflow/dags/etl_dag.py took 0.143 seconds
[2025-11-11T12:34:50.147+0000] {processor.py:161} INFO - Started process (PID=5891) to work on /opt/airflow/dags/etl_dag.py
[2025-11-11T12:34:50.215+0000] {processor.py:830} INFO - Processing file /opt/airflow/dags/etl_dag.py for tasks to queue
[2025-11-11T12:34:50.487+0000] {logging_mixin.py:188} INFO - [2025-11-11T12:34:50.384+0000] {dagbag.py:538} INFO - Filling up the DagBag from /opt/airflow/dags/etl_dag.py
[2025-11-11T12:34:55.250+0000] {processor.py:840} INFO - DAG(s) 'simple_etl_lineage' retrieved from /opt/airflow/dags/etl_dag.py
[2025-11-11T12:35:01.355+0000] {logging_mixin.py:188} INFO - [2025-11-11T12:35:01.329+0000] {dag.py:3036} INFO - Sync 1 DAGs
[2025-11-11T12:35:01.877+0000] {logging_mixin.py:188} INFO - [2025-11-11T12:35:01.877+0000] {dag.py:3823} INFO - Setting next_dagrun for simple_etl_lineage to None, run_after=None
[2025-11-11T12:35:02.091+0000] {processor.py:183} INFO - Processing /opt/airflow/dags/etl_dag.py took 12.499 seconds
[2025-11-11T12:35:36.999+0000] {processor.py:161} INFO - Started process (PID=5900) to work on /opt/airflow/dags/etl_dag.py
[2025-11-11T12:35:37.013+0000] {processor.py:830} INFO - Processing file /opt/airflow/dags/etl_dag.py for tasks to queue
[2025-11-11T12:35:37.047+0000] {logging_mixin.py:188} INFO - [2025-11-11T12:35:37.034+0000] {dagbag.py:538} INFO - Filling up the DagBag from /opt/airflow/dags/etl_dag.py
[2025-11-11T12:35:37.472+0000] {processor.py:840} INFO - DAG(s) 'simple_etl_lineage' retrieved from /opt/airflow/dags/etl_dag.py
[2025-11-11T12:35:37.716+0000] {logging_mixin.py:188} INFO - [2025-11-11T12:35:37.712+0000] {dag.py:3036} INFO - Sync 1 DAGs
[2025-11-11T12:35:37.769+0000] {logging_mixin.py:188} INFO - [2025-11-11T12:35:37.769+0000] {dag.py:3823} INFO - Setting next_dagrun for simple_etl_lineage to None, run_after=None
[2025-11-11T12:35:37.894+0000] {processor.py:183} INFO - Processing /opt/airflow/dags/etl_dag.py took 1.007 seconds
[2025-11-11T12:36:08.478+0000] {processor.py:161} INFO - Started process (PID=5909) to work on /opt/airflow/dags/etl_dag.py
[2025-11-11T12:36:08.481+0000] {processor.py:830} INFO - Processing file /opt/airflow/dags/etl_dag.py for tasks to queue
[2025-11-11T12:36:08.484+0000] {logging_mixin.py:188} INFO - [2025-11-11T12:36:08.483+0000] {dagbag.py:538} INFO - Filling up the DagBag from /opt/airflow/dags/etl_dag.py
[2025-11-11T12:36:08.523+0000] {processor.py:840} INFO - DAG(s) 'simple_etl_lineage' retrieved from /opt/airflow/dags/etl_dag.py
[2025-11-11T12:36:08.662+0000] {logging_mixin.py:188} INFO - [2025-11-11T12:36:08.661+0000] {dag.py:3036} INFO - Sync 1 DAGs
[2025-11-11T12:36:08.705+0000] {logging_mixin.py:188} INFO - [2025-11-11T12:36:08.704+0000] {dag.py:3823} INFO - Setting next_dagrun for simple_etl_lineage to None, run_after=None
[2025-11-11T12:36:08.802+0000] {processor.py:183} INFO - Processing /opt/airflow/dags/etl_dag.py took 0.335 seconds
[2025-11-11T12:36:39.020+0000] {processor.py:161} INFO - Started process (PID=5919) to work on /opt/airflow/dags/etl_dag.py
[2025-11-11T12:36:39.022+0000] {processor.py:830} INFO - Processing file /opt/airflow/dags/etl_dag.py for tasks to queue
[2025-11-11T12:36:39.023+0000] {logging_mixin.py:188} INFO - [2025-11-11T12:36:39.023+0000] {dagbag.py:538} INFO - Filling up the DagBag from /opt/airflow/dags/etl_dag.py
[2025-11-11T12:36:39.070+0000] {processor.py:840} INFO - DAG(s) 'simple_etl_lineage' retrieved from /opt/airflow/dags/etl_dag.py
[2025-11-11T12:36:39.129+0000] {logging_mixin.py:188} INFO - [2025-11-11T12:36:39.129+0000] {dag.py:3036} INFO - Sync 1 DAGs
[2025-11-11T12:36:39.161+0000] {logging_mixin.py:188} INFO - [2025-11-11T12:36:39.160+0000] {dag.py:3823} INFO - Setting next_dagrun for simple_etl_lineage to None, run_after=None
[2025-11-11T12:36:39.194+0000] {processor.py:183} INFO - Processing /opt/airflow/dags/etl_dag.py took 0.179 seconds
[2025-11-11T12:37:09.352+0000] {processor.py:161} INFO - Started process (PID=5929) to work on /opt/airflow/dags/etl_dag.py
[2025-11-11T12:37:09.353+0000] {processor.py:830} INFO - Processing file /opt/airflow/dags/etl_dag.py for tasks to queue
[2025-11-11T12:37:09.355+0000] {logging_mixin.py:188} INFO - [2025-11-11T12:37:09.354+0000] {dagbag.py:538} INFO - Filling up the DagBag from /opt/airflow/dags/etl_dag.py
[2025-11-11T12:37:09.373+0000] {processor.py:840} INFO - DAG(s) 'simple_etl_lineage' retrieved from /opt/airflow/dags/etl_dag.py
[2025-11-11T12:37:09.456+0000] {logging_mixin.py:188} INFO - [2025-11-11T12:37:09.455+0000] {dag.py:3036} INFO - Sync 1 DAGs
[2025-11-11T12:37:09.477+0000] {logging_mixin.py:188} INFO - [2025-11-11T12:37:09.476+0000] {dag.py:3823} INFO - Setting next_dagrun for simple_etl_lineage to None, run_after=None
[2025-11-11T12:37:09.510+0000] {processor.py:183} INFO - Processing /opt/airflow/dags/etl_dag.py took 0.167 seconds
[2025-11-11T12:37:39.976+0000] {processor.py:161} INFO - Started process (PID=5939) to work on /opt/airflow/dags/etl_dag.py
[2025-11-11T12:37:39.977+0000] {processor.py:830} INFO - Processing file /opt/airflow/dags/etl_dag.py for tasks to queue
[2025-11-11T12:37:39.979+0000] {logging_mixin.py:188} INFO - [2025-11-11T12:37:39.978+0000] {dagbag.py:538} INFO - Filling up the DagBag from /opt/airflow/dags/etl_dag.py
[2025-11-11T12:37:40.012+0000] {processor.py:840} INFO - DAG(s) 'simple_etl_lineage' retrieved from /opt/airflow/dags/etl_dag.py
[2025-11-11T12:37:40.074+0000] {logging_mixin.py:188} INFO - [2025-11-11T12:37:40.074+0000] {dag.py:3036} INFO - Sync 1 DAGs
[2025-11-11T12:37:40.097+0000] {logging_mixin.py:188} INFO - [2025-11-11T12:37:40.097+0000] {dag.py:3823} INFO - Setting next_dagrun for simple_etl_lineage to None, run_after=None
[2025-11-11T12:37:40.133+0000] {processor.py:183} INFO - Processing /opt/airflow/dags/etl_dag.py took 0.162 seconds
[2025-11-11T12:38:10.628+0000] {processor.py:161} INFO - Started process (PID=5949) to work on /opt/airflow/dags/etl_dag.py
[2025-11-11T12:38:10.630+0000] {processor.py:830} INFO - Processing file /opt/airflow/dags/etl_dag.py for tasks to queue
[2025-11-11T12:38:10.632+0000] {logging_mixin.py:188} INFO - [2025-11-11T12:38:10.631+0000] {dagbag.py:538} INFO - Filling up the DagBag from /opt/airflow/dags/etl_dag.py
[2025-11-11T12:38:10.648+0000] {processor.py:840} INFO - DAG(s) 'simple_etl_lineage' retrieved from /opt/airflow/dags/etl_dag.py
[2025-11-11T12:38:10.674+0000] {logging_mixin.py:188} INFO - [2025-11-11T12:38:10.674+0000] {dag.py:3036} INFO - Sync 1 DAGs
[2025-11-11T12:38:10.685+0000] {logging_mixin.py:188} INFO - [2025-11-11T12:38:10.685+0000] {dag.py:3823} INFO - Setting next_dagrun for simple_etl_lineage to None, run_after=None
[2025-11-11T12:38:10.708+0000] {processor.py:183} INFO - Processing /opt/airflow/dags/etl_dag.py took 0.083 seconds
[2025-11-11T12:38:41.060+0000] {processor.py:161} INFO - Started process (PID=5959) to work on /opt/airflow/dags/etl_dag.py
[2025-11-11T12:38:41.062+0000] {processor.py:830} INFO - Processing file /opt/airflow/dags/etl_dag.py for tasks to queue
[2025-11-11T12:38:41.064+0000] {logging_mixin.py:188} INFO - [2025-11-11T12:38:41.063+0000] {dagbag.py:538} INFO - Filling up the DagBag from /opt/airflow/dags/etl_dag.py
[2025-11-11T12:38:41.086+0000] {processor.py:840} INFO - DAG(s) 'simple_etl_lineage' retrieved from /opt/airflow/dags/etl_dag.py
[2025-11-11T12:38:41.131+0000] {logging_mixin.py:188} INFO - [2025-11-11T12:38:41.131+0000] {dag.py:3036} INFO - Sync 1 DAGs
[2025-11-11T12:38:41.145+0000] {logging_mixin.py:188} INFO - [2025-11-11T12:38:41.145+0000] {dag.py:3823} INFO - Setting next_dagrun for simple_etl_lineage to None, run_after=None
[2025-11-11T12:38:41.170+0000] {processor.py:183} INFO - Processing /opt/airflow/dags/etl_dag.py took 0.113 seconds
[2025-11-11T12:39:11.475+0000] {processor.py:161} INFO - Started process (PID=5969) to work on /opt/airflow/dags/etl_dag.py
[2025-11-11T12:39:11.476+0000] {processor.py:830} INFO - Processing file /opt/airflow/dags/etl_dag.py for tasks to queue
[2025-11-11T12:39:11.477+0000] {logging_mixin.py:188} INFO - [2025-11-11T12:39:11.477+0000] {dagbag.py:538} INFO - Filling up the DagBag from /opt/airflow/dags/etl_dag.py
[2025-11-11T12:39:11.493+0000] {processor.py:840} INFO - DAG(s) 'simple_etl_lineage' retrieved from /opt/airflow/dags/etl_dag.py
[2025-11-11T12:39:11.522+0000] {logging_mixin.py:188} INFO - [2025-11-11T12:39:11.522+0000] {dag.py:3036} INFO - Sync 1 DAGs
[2025-11-11T12:39:11.535+0000] {logging_mixin.py:188} INFO - [2025-11-11T12:39:11.535+0000] {dag.py:3823} INFO - Setting next_dagrun for simple_etl_lineage to None, run_after=None
[2025-11-11T12:39:11.557+0000] {processor.py:183} INFO - Processing /opt/airflow/dags/etl_dag.py took 0.086 seconds
[2025-11-11T12:39:41.932+0000] {processor.py:161} INFO - Started process (PID=5979) to work on /opt/airflow/dags/etl_dag.py
[2025-11-11T12:39:41.934+0000] {processor.py:830} INFO - Processing file /opt/airflow/dags/etl_dag.py for tasks to queue
[2025-11-11T12:39:41.936+0000] {logging_mixin.py:188} INFO - [2025-11-11T12:39:41.935+0000] {dagbag.py:538} INFO - Filling up the DagBag from /opt/airflow/dags/etl_dag.py
[2025-11-11T12:39:41.954+0000] {processor.py:840} INFO - DAG(s) 'simple_etl_lineage' retrieved from /opt/airflow/dags/etl_dag.py
[2025-11-11T12:39:41.993+0000] {logging_mixin.py:188} INFO - [2025-11-11T12:39:41.992+0000] {dag.py:3036} INFO - Sync 1 DAGs
[2025-11-11T12:39:42.021+0000] {logging_mixin.py:188} INFO - [2025-11-11T12:39:42.020+0000] {dag.py:3823} INFO - Setting next_dagrun for simple_etl_lineage to None, run_after=None
[2025-11-11T12:39:42.062+0000] {processor.py:183} INFO - Processing /opt/airflow/dags/etl_dag.py took 0.135 seconds
[2025-11-11T12:40:12.807+0000] {processor.py:161} INFO - Started process (PID=5989) to work on /opt/airflow/dags/etl_dag.py
[2025-11-11T12:40:12.808+0000] {processor.py:830} INFO - Processing file /opt/airflow/dags/etl_dag.py for tasks to queue
[2025-11-11T12:40:12.810+0000] {logging_mixin.py:188} INFO - [2025-11-11T12:40:12.810+0000] {dagbag.py:538} INFO - Filling up the DagBag from /opt/airflow/dags/etl_dag.py
[2025-11-11T12:40:12.843+0000] {processor.py:840} INFO - DAG(s) 'simple_etl_lineage' retrieved from /opt/airflow/dags/etl_dag.py
[2025-11-11T12:40:12.883+0000] {logging_mixin.py:188} INFO - [2025-11-11T12:40:12.883+0000] {dag.py:3036} INFO - Sync 1 DAGs
[2025-11-11T12:40:12.896+0000] {logging_mixin.py:188} INFO - [2025-11-11T12:40:12.896+0000] {dag.py:3823} INFO - Setting next_dagrun for simple_etl_lineage to None, run_after=None
[2025-11-11T12:40:12.926+0000] {processor.py:183} INFO - Processing /opt/airflow/dags/etl_dag.py took 0.122 seconds
[2025-11-11T12:40:43.494+0000] {processor.py:161} INFO - Started process (PID=5999) to work on /opt/airflow/dags/etl_dag.py
[2025-11-11T12:40:43.495+0000] {processor.py:830} INFO - Processing file /opt/airflow/dags/etl_dag.py for tasks to queue
[2025-11-11T12:40:43.496+0000] {logging_mixin.py:188} INFO - [2025-11-11T12:40:43.496+0000] {dagbag.py:538} INFO - Filling up the DagBag from /opt/airflow/dags/etl_dag.py
[2025-11-11T12:40:43.509+0000] {processor.py:840} INFO - DAG(s) 'simple_etl_lineage' retrieved from /opt/airflow/dags/etl_dag.py
[2025-11-11T12:40:43.535+0000] {logging_mixin.py:188} INFO - [2025-11-11T12:40:43.534+0000] {dag.py:3036} INFO - Sync 1 DAGs
[2025-11-11T12:40:43.546+0000] {logging_mixin.py:188} INFO - [2025-11-11T12:40:43.546+0000] {dag.py:3823} INFO - Setting next_dagrun for simple_etl_lineage to None, run_after=None
[2025-11-11T12:40:43.569+0000] {processor.py:183} INFO - Processing /opt/airflow/dags/etl_dag.py took 0.078 seconds
[2025-11-11T12:41:13.903+0000] {processor.py:161} INFO - Started process (PID=6009) to work on /opt/airflow/dags/etl_dag.py
[2025-11-11T12:41:13.905+0000] {processor.py:830} INFO - Processing file /opt/airflow/dags/etl_dag.py for tasks to queue
[2025-11-11T12:41:13.906+0000] {logging_mixin.py:188} INFO - [2025-11-11T12:41:13.906+0000] {dagbag.py:538} INFO - Filling up the DagBag from /opt/airflow/dags/etl_dag.py
[2025-11-11T12:41:13.923+0000] {processor.py:840} INFO - DAG(s) 'simple_etl_lineage' retrieved from /opt/airflow/dags/etl_dag.py
[2025-11-11T12:41:13.951+0000] {logging_mixin.py:188} INFO - [2025-11-11T12:41:13.951+0000] {dag.py:3036} INFO - Sync 1 DAGs
[2025-11-11T12:41:13.962+0000] {logging_mixin.py:188} INFO - [2025-11-11T12:41:13.962+0000] {dag.py:3823} INFO - Setting next_dagrun for simple_etl_lineage to None, run_after=None
[2025-11-11T12:41:13.985+0000] {processor.py:183} INFO - Processing /opt/airflow/dags/etl_dag.py took 0.085 seconds
[2025-11-11T12:41:44.396+0000] {processor.py:161} INFO - Started process (PID=6019) to work on /opt/airflow/dags/etl_dag.py
[2025-11-11T12:41:44.415+0000] {processor.py:830} INFO - Processing file /opt/airflow/dags/etl_dag.py for tasks to queue
[2025-11-11T12:41:44.423+0000] {logging_mixin.py:188} INFO - [2025-11-11T12:41:44.423+0000] {dagbag.py:538} INFO - Filling up the DagBag from /opt/airflow/dags/etl_dag.py
[2025-11-11T12:41:44.556+0000] {processor.py:840} INFO - DAG(s) 'simple_etl_lineage' retrieved from /opt/airflow/dags/etl_dag.py
[2025-11-11T12:41:44.656+0000] {logging_mixin.py:188} INFO - [2025-11-11T12:41:44.655+0000] {dag.py:3036} INFO - Sync 1 DAGs
[2025-11-11T12:41:44.702+0000] {logging_mixin.py:188} INFO - [2025-11-11T12:41:44.701+0000] {dag.py:3823} INFO - Setting next_dagrun for simple_etl_lineage to None, run_after=None
[2025-11-11T12:41:44.755+0000] {processor.py:183} INFO - Processing /opt/airflow/dags/etl_dag.py took 0.365 seconds
[2025-11-11T12:42:14.965+0000] {processor.py:161} INFO - Started process (PID=6029) to work on /opt/airflow/dags/etl_dag.py
[2025-11-11T12:42:14.968+0000] {processor.py:830} INFO - Processing file /opt/airflow/dags/etl_dag.py for tasks to queue
[2025-11-11T12:42:14.970+0000] {logging_mixin.py:188} INFO - [2025-11-11T12:42:14.969+0000] {dagbag.py:538} INFO - Filling up the DagBag from /opt/airflow/dags/etl_dag.py
[2025-11-11T12:42:15.067+0000] {processor.py:840} INFO - DAG(s) 'simple_etl_lineage' retrieved from /opt/airflow/dags/etl_dag.py
[2025-11-11T12:42:15.103+0000] {logging_mixin.py:188} INFO - [2025-11-11T12:42:15.103+0000] {dag.py:3036} INFO - Sync 1 DAGs
[2025-11-11T12:42:15.119+0000] {logging_mixin.py:188} INFO - [2025-11-11T12:42:15.119+0000] {dag.py:3823} INFO - Setting next_dagrun for simple_etl_lineage to None, run_after=None
[2025-11-11T12:42:15.199+0000] {processor.py:183} INFO - Processing /opt/airflow/dags/etl_dag.py took 0.240 seconds
[2025-11-11T12:42:46.056+0000] {processor.py:161} INFO - Started process (PID=6039) to work on /opt/airflow/dags/etl_dag.py
[2025-11-11T12:42:46.057+0000] {processor.py:830} INFO - Processing file /opt/airflow/dags/etl_dag.py for tasks to queue
[2025-11-11T12:42:46.058+0000] {logging_mixin.py:188} INFO - [2025-11-11T12:42:46.058+0000] {dagbag.py:538} INFO - Filling up the DagBag from /opt/airflow/dags/etl_dag.py
[2025-11-11T12:42:46.076+0000] {processor.py:840} INFO - DAG(s) 'simple_etl_lineage' retrieved from /opt/airflow/dags/etl_dag.py
[2025-11-11T12:42:46.106+0000] {logging_mixin.py:188} INFO - [2025-11-11T12:42:46.106+0000] {dag.py:3036} INFO - Sync 1 DAGs
[2025-11-11T12:42:46.120+0000] {logging_mixin.py:188} INFO - [2025-11-11T12:42:46.120+0000] {dag.py:3823} INFO - Setting next_dagrun for simple_etl_lineage to None, run_after=None
[2025-11-11T12:42:46.144+0000] {processor.py:183} INFO - Processing /opt/airflow/dags/etl_dag.py took 0.092 seconds
[2025-11-11T12:43:17.051+0000] {processor.py:161} INFO - Started process (PID=6049) to work on /opt/airflow/dags/etl_dag.py
[2025-11-11T12:43:17.054+0000] {processor.py:830} INFO - Processing file /opt/airflow/dags/etl_dag.py for tasks to queue
[2025-11-11T12:43:17.056+0000] {logging_mixin.py:188} INFO - [2025-11-11T12:43:17.056+0000] {dagbag.py:538} INFO - Filling up the DagBag from /opt/airflow/dags/etl_dag.py
[2025-11-11T12:43:17.217+0000] {processor.py:840} INFO - DAG(s) 'simple_etl_lineage' retrieved from /opt/airflow/dags/etl_dag.py
[2025-11-11T12:43:17.327+0000] {logging_mixin.py:188} INFO - [2025-11-11T12:43:17.326+0000] {dag.py:3036} INFO - Sync 1 DAGs
[2025-11-11T12:43:17.512+0000] {logging_mixin.py:188} INFO - [2025-11-11T12:43:17.511+0000] {dag.py:3823} INFO - Setting next_dagrun for simple_etl_lineage to None, run_after=None
[2025-11-11T12:43:17.580+0000] {processor.py:183} INFO - Processing /opt/airflow/dags/etl_dag.py took 0.533 seconds
[2025-11-11T12:43:48.747+0000] {processor.py:161} INFO - Started process (PID=6059) to work on /opt/airflow/dags/etl_dag.py
[2025-11-11T12:43:48.766+0000] {processor.py:830} INFO - Processing file /opt/airflow/dags/etl_dag.py for tasks to queue
[2025-11-11T12:43:48.768+0000] {logging_mixin.py:188} INFO - [2025-11-11T12:43:48.767+0000] {dagbag.py:538} INFO - Filling up the DagBag from /opt/airflow/dags/etl_dag.py
[2025-11-11T12:43:48.870+0000] {processor.py:840} INFO - DAG(s) 'simple_etl_lineage' retrieved from /opt/airflow/dags/etl_dag.py
[2025-11-11T12:43:48.929+0000] {logging_mixin.py:188} INFO - [2025-11-11T12:43:48.928+0000] {dag.py:3036} INFO - Sync 1 DAGs
[2025-11-11T12:43:48.947+0000] {logging_mixin.py:188} INFO - [2025-11-11T12:43:48.947+0000] {dag.py:3823} INFO - Setting next_dagrun for simple_etl_lineage to None, run_after=None
[2025-11-11T12:43:49.010+0000] {processor.py:183} INFO - Processing /opt/airflow/dags/etl_dag.py took 0.270 seconds
[2025-11-11T12:44:20.035+0000] {processor.py:161} INFO - Started process (PID=6069) to work on /opt/airflow/dags/etl_dag.py
[2025-11-11T12:44:20.055+0000] {processor.py:830} INFO - Processing file /opt/airflow/dags/etl_dag.py for tasks to queue
[2025-11-11T12:44:20.058+0000] {logging_mixin.py:188} INFO - [2025-11-11T12:44:20.057+0000] {dagbag.py:538} INFO - Filling up the DagBag from /opt/airflow/dags/etl_dag.py
[2025-11-11T12:44:20.227+0000] {processor.py:840} INFO - DAG(s) 'simple_etl_lineage' retrieved from /opt/airflow/dags/etl_dag.py
[2025-11-11T12:44:20.378+0000] {logging_mixin.py:188} INFO - [2025-11-11T12:44:20.377+0000] {dag.py:3036} INFO - Sync 1 DAGs
[2025-11-11T12:44:20.482+0000] {logging_mixin.py:188} INFO - [2025-11-11T12:44:20.482+0000] {dag.py:3823} INFO - Setting next_dagrun for simple_etl_lineage to None, run_after=None
[2025-11-11T12:44:20.574+0000] {processor.py:183} INFO - Processing /opt/airflow/dags/etl_dag.py took 0.550 seconds
[2025-11-11T12:44:51.258+0000] {processor.py:161} INFO - Started process (PID=6079) to work on /opt/airflow/dags/etl_dag.py
[2025-11-11T12:44:51.261+0000] {processor.py:830} INFO - Processing file /opt/airflow/dags/etl_dag.py for tasks to queue
[2025-11-11T12:44:51.267+0000] {logging_mixin.py:188} INFO - [2025-11-11T12:44:51.266+0000] {dagbag.py:538} INFO - Filling up the DagBag from /opt/airflow/dags/etl_dag.py
[2025-11-11T12:44:51.325+0000] {processor.py:840} INFO - DAG(s) 'simple_etl_lineage' retrieved from /opt/airflow/dags/etl_dag.py
[2025-11-11T12:44:51.926+0000] {logging_mixin.py:188} INFO - [2025-11-11T12:44:51.926+0000] {dag.py:3036} INFO - Sync 1 DAGs
[2025-11-11T12:44:51.990+0000] {logging_mixin.py:188} INFO - [2025-11-11T12:44:51.990+0000] {dag.py:3823} INFO - Setting next_dagrun for simple_etl_lineage to None, run_after=None
[2025-11-11T12:44:52.130+0000] {processor.py:183} INFO - Processing /opt/airflow/dags/etl_dag.py took 0.899 seconds
[2025-11-11T12:45:23.077+0000] {processor.py:161} INFO - Started process (PID=6092) to work on /opt/airflow/dags/etl_dag.py
[2025-11-11T12:45:23.080+0000] {processor.py:830} INFO - Processing file /opt/airflow/dags/etl_dag.py for tasks to queue
[2025-11-11T12:45:23.082+0000] {logging_mixin.py:188} INFO - [2025-11-11T12:45:23.081+0000] {dagbag.py:538} INFO - Filling up the DagBag from /opt/airflow/dags/etl_dag.py
[2025-11-11T12:45:23.196+0000] {processor.py:840} INFO - DAG(s) 'simple_etl_lineage' retrieved from /opt/airflow/dags/etl_dag.py
[2025-11-11T12:45:23.271+0000] {logging_mixin.py:188} INFO - [2025-11-11T12:45:23.271+0000] {dag.py:3036} INFO - Sync 1 DAGs
[2025-11-11T12:45:23.302+0000] {logging_mixin.py:188} INFO - [2025-11-11T12:45:23.302+0000] {dag.py:3823} INFO - Setting next_dagrun for simple_etl_lineage to None, run_after=None
[2025-11-11T12:45:23.420+0000] {processor.py:183} INFO - Processing /opt/airflow/dags/etl_dag.py took 0.347 seconds
[2025-11-11T12:45:53.755+0000] {processor.py:161} INFO - Started process (PID=6102) to work on /opt/airflow/dags/etl_dag.py
[2025-11-11T12:45:53.761+0000] {processor.py:830} INFO - Processing file /opt/airflow/dags/etl_dag.py for tasks to queue
[2025-11-11T12:45:53.763+0000] {logging_mixin.py:188} INFO - [2025-11-11T12:45:53.762+0000] {dagbag.py:538} INFO - Filling up the DagBag from /opt/airflow/dags/etl_dag.py
[2025-11-11T12:45:53.841+0000] {processor.py:840} INFO - DAG(s) 'simple_etl_lineage' retrieved from /opt/airflow/dags/etl_dag.py
[2025-11-11T12:45:53.910+0000] {logging_mixin.py:188} INFO - [2025-11-11T12:45:53.909+0000] {dag.py:3036} INFO - Sync 1 DAGs
[2025-11-11T12:45:53.960+0000] {logging_mixin.py:188} INFO - [2025-11-11T12:45:53.959+0000] {dag.py:3823} INFO - Setting next_dagrun for simple_etl_lineage to None, run_after=None
[2025-11-11T12:45:54.015+0000] {processor.py:183} INFO - Processing /opt/airflow/dags/etl_dag.py took 0.265 seconds
[2025-11-11T12:46:24.176+0000] {processor.py:161} INFO - Started process (PID=6112) to work on /opt/airflow/dags/etl_dag.py
[2025-11-11T12:46:24.208+0000] {processor.py:830} INFO - Processing file /opt/airflow/dags/etl_dag.py for tasks to queue
[2025-11-11T12:46:24.209+0000] {logging_mixin.py:188} INFO - [2025-11-11T12:46:24.209+0000] {dagbag.py:538} INFO - Filling up the DagBag from /opt/airflow/dags/etl_dag.py
[2025-11-11T12:46:24.245+0000] {processor.py:840} INFO - DAG(s) 'simple_etl_lineage' retrieved from /opt/airflow/dags/etl_dag.py
[2025-11-11T12:46:24.307+0000] {logging_mixin.py:188} INFO - [2025-11-11T12:46:24.307+0000] {dag.py:3036} INFO - Sync 1 DAGs
[2025-11-11T12:46:24.321+0000] {logging_mixin.py:188} INFO - [2025-11-11T12:46:24.321+0000] {dag.py:3823} INFO - Setting next_dagrun for simple_etl_lineage to None, run_after=None
[2025-11-11T12:46:24.355+0000] {processor.py:183} INFO - Processing /opt/airflow/dags/etl_dag.py took 0.182 seconds
[2025-11-11T12:46:55.009+0000] {processor.py:161} INFO - Started process (PID=6122) to work on /opt/airflow/dags/etl_dag.py
[2025-11-11T12:46:55.025+0000] {processor.py:830} INFO - Processing file /opt/airflow/dags/etl_dag.py for tasks to queue
[2025-11-11T12:46:55.027+0000] {logging_mixin.py:188} INFO - [2025-11-11T12:46:55.027+0000] {dagbag.py:538} INFO - Filling up the DagBag from /opt/airflow/dags/etl_dag.py
[2025-11-11T12:46:55.062+0000] {processor.py:840} INFO - DAG(s) 'simple_etl_lineage' retrieved from /opt/airflow/dags/etl_dag.py
[2025-11-11T12:46:55.167+0000] {logging_mixin.py:188} INFO - [2025-11-11T12:46:55.166+0000] {dag.py:3036} INFO - Sync 1 DAGs
[2025-11-11T12:46:55.201+0000] {logging_mixin.py:188} INFO - [2025-11-11T12:46:55.199+0000] {dag.py:3823} INFO - Setting next_dagrun for simple_etl_lineage to None, run_after=None
[2025-11-11T12:46:55.293+0000] {processor.py:183} INFO - Processing /opt/airflow/dags/etl_dag.py took 0.289 seconds
[2025-11-11T12:47:25.776+0000] {processor.py:161} INFO - Started process (PID=6132) to work on /opt/airflow/dags/etl_dag.py
[2025-11-11T12:47:25.778+0000] {processor.py:830} INFO - Processing file /opt/airflow/dags/etl_dag.py for tasks to queue
[2025-11-11T12:47:25.779+0000] {logging_mixin.py:188} INFO - [2025-11-11T12:47:25.779+0000] {dagbag.py:538} INFO - Filling up the DagBag from /opt/airflow/dags/etl_dag.py
[2025-11-11T12:47:25.794+0000] {processor.py:840} INFO - DAG(s) 'simple_etl_lineage' retrieved from /opt/airflow/dags/etl_dag.py
[2025-11-11T12:47:25.828+0000] {logging_mixin.py:188} INFO - [2025-11-11T12:47:25.828+0000] {dag.py:3036} INFO - Sync 1 DAGs
[2025-11-11T12:47:25.842+0000] {logging_mixin.py:188} INFO - [2025-11-11T12:47:25.841+0000] {dag.py:3823} INFO - Setting next_dagrun for simple_etl_lineage to None, run_after=None
[2025-11-11T12:47:25.863+0000] {processor.py:183} INFO - Processing /opt/airflow/dags/etl_dag.py took 0.090 seconds
[2025-11-11T12:47:56.594+0000] {processor.py:161} INFO - Started process (PID=6142) to work on /opt/airflow/dags/etl_dag.py
[2025-11-11T12:47:56.607+0000] {processor.py:830} INFO - Processing file /opt/airflow/dags/etl_dag.py for tasks to queue
[2025-11-11T12:47:56.611+0000] {logging_mixin.py:188} INFO - [2025-11-11T12:47:56.609+0000] {dagbag.py:538} INFO - Filling up the DagBag from /opt/airflow/dags/etl_dag.py
[2025-11-11T12:47:56.680+0000] {processor.py:840} INFO - DAG(s) 'simple_etl_lineage' retrieved from /opt/airflow/dags/etl_dag.py
[2025-11-11T12:47:56.980+0000] {logging_mixin.py:188} INFO - [2025-11-11T12:47:56.980+0000] {dag.py:3036} INFO - Sync 1 DAGs
[2025-11-11T12:47:57.033+0000] {logging_mixin.py:188} INFO - [2025-11-11T12:47:57.033+0000] {dag.py:3823} INFO - Setting next_dagrun for simple_etl_lineage to None, run_after=None
[2025-11-11T12:47:57.108+0000] {processor.py:183} INFO - Processing /opt/airflow/dags/etl_dag.py took 0.536 seconds
[2025-11-11T12:48:27.702+0000] {processor.py:161} INFO - Started process (PID=6152) to work on /opt/airflow/dags/etl_dag.py
[2025-11-11T12:48:27.716+0000] {processor.py:830} INFO - Processing file /opt/airflow/dags/etl_dag.py for tasks to queue
[2025-11-11T12:48:27.718+0000] {logging_mixin.py:188} INFO - [2025-11-11T12:48:27.718+0000] {dagbag.py:538} INFO - Filling up the DagBag from /opt/airflow/dags/etl_dag.py
[2025-11-11T12:48:27.901+0000] {processor.py:840} INFO - DAG(s) 'simple_etl_lineage' retrieved from /opt/airflow/dags/etl_dag.py
[2025-11-11T12:48:28.079+0000] {logging_mixin.py:188} INFO - [2025-11-11T12:48:28.079+0000] {dag.py:3036} INFO - Sync 1 DAGs
[2025-11-11T12:48:28.139+0000] {logging_mixin.py:188} INFO - [2025-11-11T12:48:28.139+0000] {dag.py:3823} INFO - Setting next_dagrun for simple_etl_lineage to None, run_after=None
[2025-11-11T12:48:28.214+0000] {processor.py:183} INFO - Processing /opt/airflow/dags/etl_dag.py took 0.519 seconds
[2025-11-11T12:48:58.394+0000] {processor.py:161} INFO - Started process (PID=6162) to work on /opt/airflow/dags/etl_dag.py
[2025-11-11T12:48:58.396+0000] {processor.py:830} INFO - Processing file /opt/airflow/dags/etl_dag.py for tasks to queue
[2025-11-11T12:48:58.398+0000] {logging_mixin.py:188} INFO - [2025-11-11T12:48:58.397+0000] {dagbag.py:538} INFO - Filling up the DagBag from /opt/airflow/dags/etl_dag.py
[2025-11-11T12:48:58.452+0000] {processor.py:840} INFO - DAG(s) 'simple_etl_lineage' retrieved from /opt/airflow/dags/etl_dag.py
[2025-11-11T12:48:58.591+0000] {logging_mixin.py:188} INFO - [2025-11-11T12:48:58.590+0000] {dag.py:3036} INFO - Sync 1 DAGs
[2025-11-11T12:48:58.669+0000] {logging_mixin.py:188} INFO - [2025-11-11T12:48:58.669+0000] {dag.py:3823} INFO - Setting next_dagrun for simple_etl_lineage to None, run_after=None
[2025-11-11T12:48:58.865+0000] {processor.py:183} INFO - Processing /opt/airflow/dags/etl_dag.py took 0.477 seconds
[2025-11-11T12:49:30.149+0000] {processor.py:161} INFO - Started process (PID=6172) to work on /opt/airflow/dags/etl_dag.py
[2025-11-11T12:49:30.159+0000] {processor.py:830} INFO - Processing file /opt/airflow/dags/etl_dag.py for tasks to queue
[2025-11-11T12:49:30.167+0000] {logging_mixin.py:188} INFO - [2025-11-11T12:49:30.166+0000] {dagbag.py:538} INFO - Filling up the DagBag from /opt/airflow/dags/etl_dag.py
[2025-11-11T12:49:30.286+0000] {processor.py:840} INFO - DAG(s) 'simple_etl_lineage' retrieved from /opt/airflow/dags/etl_dag.py
[2025-11-11T12:49:30.498+0000] {logging_mixin.py:188} INFO - [2025-11-11T12:49:30.498+0000] {dag.py:3036} INFO - Sync 1 DAGs
[2025-11-11T12:49:30.660+0000] {logging_mixin.py:188} INFO - [2025-11-11T12:49:30.659+0000] {dag.py:3823} INFO - Setting next_dagrun for simple_etl_lineage to None, run_after=None
[2025-11-11T12:49:30.737+0000] {processor.py:183} INFO - Processing /opt/airflow/dags/etl_dag.py took 0.592 seconds
[2025-11-11T12:50:01.264+0000] {processor.py:161} INFO - Started process (PID=6182) to work on /opt/airflow/dags/etl_dag.py
[2025-11-11T12:50:01.267+0000] {processor.py:830} INFO - Processing file /opt/airflow/dags/etl_dag.py for tasks to queue
[2025-11-11T12:50:01.268+0000] {logging_mixin.py:188} INFO - [2025-11-11T12:50:01.268+0000] {dagbag.py:538} INFO - Filling up the DagBag from /opt/airflow/dags/etl_dag.py
[2025-11-11T12:50:01.342+0000] {processor.py:840} INFO - DAG(s) 'simple_etl_lineage' retrieved from /opt/airflow/dags/etl_dag.py
[2025-11-11T12:50:01.427+0000] {logging_mixin.py:188} INFO - [2025-11-11T12:50:01.427+0000] {dag.py:3036} INFO - Sync 1 DAGs
[2025-11-11T12:50:01.465+0000] {logging_mixin.py:188} INFO - [2025-11-11T12:50:01.464+0000] {dag.py:3823} INFO - Setting next_dagrun for simple_etl_lineage to None, run_after=None
[2025-11-11T12:50:01.536+0000] {processor.py:183} INFO - Processing /opt/airflow/dags/etl_dag.py took 0.277 seconds
[2025-11-11T12:50:32.092+0000] {processor.py:161} INFO - Started process (PID=6192) to work on /opt/airflow/dags/etl_dag.py
[2025-11-11T12:50:32.096+0000] {processor.py:830} INFO - Processing file /opt/airflow/dags/etl_dag.py for tasks to queue
[2025-11-11T12:50:32.097+0000] {logging_mixin.py:188} INFO - [2025-11-11T12:50:32.097+0000] {dagbag.py:538} INFO - Filling up the DagBag from /opt/airflow/dags/etl_dag.py
[2025-11-11T12:50:32.125+0000] {processor.py:840} INFO - DAG(s) 'simple_etl_lineage' retrieved from /opt/airflow/dags/etl_dag.py
[2025-11-11T12:50:32.181+0000] {logging_mixin.py:188} INFO - [2025-11-11T12:50:32.181+0000] {dag.py:3036} INFO - Sync 1 DAGs
[2025-11-11T12:50:32.201+0000] {logging_mixin.py:188} INFO - [2025-11-11T12:50:32.200+0000] {dag.py:3823} INFO - Setting next_dagrun for simple_etl_lineage to None, run_after=None
[2025-11-11T12:50:32.229+0000] {processor.py:183} INFO - Processing /opt/airflow/dags/etl_dag.py took 0.141 seconds
[2025-11-11T12:51:02.957+0000] {processor.py:161} INFO - Started process (PID=6202) to work on /opt/airflow/dags/etl_dag.py
[2025-11-11T12:51:02.965+0000] {processor.py:830} INFO - Processing file /opt/airflow/dags/etl_dag.py for tasks to queue
[2025-11-11T12:51:03.008+0000] {logging_mixin.py:188} INFO - [2025-11-11T12:51:03.007+0000] {dagbag.py:538} INFO - Filling up the DagBag from /opt/airflow/dags/etl_dag.py
[2025-11-11T12:51:03.583+0000] {processor.py:840} INFO - DAG(s) 'simple_etl_lineage' retrieved from /opt/airflow/dags/etl_dag.py
[2025-11-11T12:51:03.713+0000] {logging_mixin.py:188} INFO - [2025-11-11T12:51:03.712+0000] {dag.py:3036} INFO - Sync 1 DAGs
[2025-11-11T12:51:03.820+0000] {logging_mixin.py:188} INFO - [2025-11-11T12:51:03.820+0000] {dag.py:3823} INFO - Setting next_dagrun for simple_etl_lineage to None, run_after=None
[2025-11-11T12:51:03.995+0000] {processor.py:183} INFO - Processing /opt/airflow/dags/etl_dag.py took 1.047 seconds
[2025-11-11T12:51:37.760+0000] {processor.py:161} INFO - Started process (PID=6210) to work on /opt/airflow/dags/etl_dag.py
[2025-11-11T12:51:37.769+0000] {processor.py:830} INFO - Processing file /opt/airflow/dags/etl_dag.py for tasks to queue
[2025-11-11T12:51:37.803+0000] {logging_mixin.py:188} INFO - [2025-11-11T12:51:37.785+0000] {dagbag.py:538} INFO - Filling up the DagBag from /opt/airflow/dags/etl_dag.py
[2025-11-11T12:51:38.190+0000] {processor.py:840} INFO - DAG(s) 'simple_etl_lineage' retrieved from /opt/airflow/dags/etl_dag.py
[2025-11-11T12:51:39.266+0000] {logging_mixin.py:188} INFO - [2025-11-11T12:51:39.265+0000] {dag.py:3036} INFO - Sync 1 DAGs
[2025-11-11T12:51:39.531+0000] {logging_mixin.py:188} INFO - [2025-11-11T12:51:39.531+0000] {dag.py:3823} INFO - Setting next_dagrun for simple_etl_lineage to None, run_after=None
[2025-11-11T12:51:39.815+0000] {processor.py:183} INFO - Processing /opt/airflow/dags/etl_dag.py took 2.259 seconds
[2025-11-11T12:52:11.240+0000] {processor.py:161} INFO - Started process (PID=6222) to work on /opt/airflow/dags/etl_dag.py
[2025-11-11T12:52:11.242+0000] {processor.py:830} INFO - Processing file /opt/airflow/dags/etl_dag.py for tasks to queue
[2025-11-11T12:52:11.243+0000] {logging_mixin.py:188} INFO - [2025-11-11T12:52:11.243+0000] {dagbag.py:538} INFO - Filling up the DagBag from /opt/airflow/dags/etl_dag.py
[2025-11-11T12:52:12.221+0000] {processor.py:840} INFO - DAG(s) 'simple_etl_lineage' retrieved from /opt/airflow/dags/etl_dag.py
[2025-11-11T12:52:12.634+0000] {logging_mixin.py:188} INFO - [2025-11-11T12:52:12.633+0000] {dag.py:3036} INFO - Sync 1 DAGs
[2025-11-11T12:52:12.802+0000] {logging_mixin.py:188} INFO - [2025-11-11T12:52:12.802+0000] {dag.py:3823} INFO - Setting next_dagrun for simple_etl_lineage to None, run_after=None
[2025-11-11T12:52:13.405+0000] {processor.py:183} INFO - Processing /opt/airflow/dags/etl_dag.py took 2.171 seconds
[2025-11-11T12:52:44.306+0000] {processor.py:161} INFO - Started process (PID=6230) to work on /opt/airflow/dags/etl_dag.py
[2025-11-11T12:52:44.317+0000] {processor.py:830} INFO - Processing file /opt/airflow/dags/etl_dag.py for tasks to queue
[2025-11-11T12:52:44.337+0000] {logging_mixin.py:188} INFO - [2025-11-11T12:52:44.326+0000] {dagbag.py:538} INFO - Filling up the DagBag from /opt/airflow/dags/etl_dag.py
[2025-11-11T12:52:44.495+0000] {processor.py:840} INFO - DAG(s) 'simple_etl_lineage' retrieved from /opt/airflow/dags/etl_dag.py
[2025-11-11T12:52:45.222+0000] {logging_mixin.py:188} INFO - [2025-11-11T12:52:45.221+0000] {dag.py:3036} INFO - Sync 1 DAGs
[2025-11-11T12:52:45.396+0000] {logging_mixin.py:188} INFO - [2025-11-11T12:52:45.395+0000] {dag.py:3823} INFO - Setting next_dagrun for simple_etl_lineage to None, run_after=None
[2025-11-11T12:52:45.549+0000] {processor.py:183} INFO - Processing /opt/airflow/dags/etl_dag.py took 1.334 seconds
[2025-11-11T12:53:15.939+0000] {processor.py:161} INFO - Started process (PID=6242) to work on /opt/airflow/dags/etl_dag.py
[2025-11-11T12:53:15.942+0000] {processor.py:830} INFO - Processing file /opt/airflow/dags/etl_dag.py for tasks to queue
[2025-11-11T12:53:15.943+0000] {logging_mixin.py:188} INFO - [2025-11-11T12:53:15.943+0000] {dagbag.py:538} INFO - Filling up the DagBag from /opt/airflow/dags/etl_dag.py
[2025-11-11T12:53:16.095+0000] {processor.py:840} INFO - DAG(s) 'simple_etl_lineage' retrieved from /opt/airflow/dags/etl_dag.py
[2025-11-11T12:53:16.216+0000] {logging_mixin.py:188} INFO - [2025-11-11T12:53:16.216+0000] {dag.py:3036} INFO - Sync 1 DAGs
[2025-11-11T12:53:16.280+0000] {logging_mixin.py:188} INFO - [2025-11-11T12:53:16.280+0000] {dag.py:3823} INFO - Setting next_dagrun for simple_etl_lineage to None, run_after=None
[2025-11-11T12:53:16.423+0000] {processor.py:183} INFO - Processing /opt/airflow/dags/etl_dag.py took 0.496 seconds
[2025-11-11T12:53:46.658+0000] {processor.py:161} INFO - Started process (PID=6252) to work on /opt/airflow/dags/etl_dag.py
[2025-11-11T12:53:46.663+0000] {processor.py:830} INFO - Processing file /opt/airflow/dags/etl_dag.py for tasks to queue
[2025-11-11T12:53:46.666+0000] {logging_mixin.py:188} INFO - [2025-11-11T12:53:46.665+0000] {dagbag.py:538} INFO - Filling up the DagBag from /opt/airflow/dags/etl_dag.py
[2025-11-11T12:53:46.712+0000] {processor.py:840} INFO - DAG(s) 'simple_etl_lineage' retrieved from /opt/airflow/dags/etl_dag.py
[2025-11-11T12:53:46.779+0000] {logging_mixin.py:188} INFO - [2025-11-11T12:53:46.778+0000] {dag.py:3036} INFO - Sync 1 DAGs
[2025-11-11T12:53:46.809+0000] {logging_mixin.py:188} INFO - [2025-11-11T12:53:46.808+0000] {dag.py:3823} INFO - Setting next_dagrun for simple_etl_lineage to None, run_after=None
[2025-11-11T12:53:46.861+0000] {processor.py:183} INFO - Processing /opt/airflow/dags/etl_dag.py took 0.212 seconds
[2025-11-11T12:54:17.486+0000] {processor.py:161} INFO - Started process (PID=6262) to work on /opt/airflow/dags/etl_dag.py
[2025-11-11T12:54:17.488+0000] {processor.py:830} INFO - Processing file /opt/airflow/dags/etl_dag.py for tasks to queue
[2025-11-11T12:54:17.490+0000] {logging_mixin.py:188} INFO - [2025-11-11T12:54:17.490+0000] {dagbag.py:538} INFO - Filling up the DagBag from /opt/airflow/dags/etl_dag.py
[2025-11-11T12:54:17.518+0000] {processor.py:840} INFO - DAG(s) 'simple_etl_lineage' retrieved from /opt/airflow/dags/etl_dag.py
[2025-11-11T12:54:17.559+0000] {logging_mixin.py:188} INFO - [2025-11-11T12:54:17.559+0000] {dag.py:3036} INFO - Sync 1 DAGs
[2025-11-11T12:54:17.581+0000] {logging_mixin.py:188} INFO - [2025-11-11T12:54:17.580+0000] {dag.py:3823} INFO - Setting next_dagrun for simple_etl_lineage to None, run_after=None
[2025-11-11T12:54:17.615+0000] {processor.py:183} INFO - Processing /opt/airflow/dags/etl_dag.py took 0.133 seconds
[2025-11-11T12:54:47.917+0000] {processor.py:161} INFO - Started process (PID=6272) to work on /opt/airflow/dags/etl_dag.py
[2025-11-11T12:54:47.919+0000] {processor.py:830} INFO - Processing file /opt/airflow/dags/etl_dag.py for tasks to queue
[2025-11-11T12:54:47.921+0000] {logging_mixin.py:188} INFO - [2025-11-11T12:54:47.920+0000] {dagbag.py:538} INFO - Filling up the DagBag from /opt/airflow/dags/etl_dag.py
[2025-11-11T12:54:47.963+0000] {processor.py:840} INFO - DAG(s) 'simple_etl_lineage' retrieved from /opt/airflow/dags/etl_dag.py
[2025-11-11T12:54:48.006+0000] {logging_mixin.py:188} INFO - [2025-11-11T12:54:48.006+0000] {dag.py:3036} INFO - Sync 1 DAGs
[2025-11-11T12:54:48.025+0000] {logging_mixin.py:188} INFO - [2025-11-11T12:54:48.025+0000] {dag.py:3823} INFO - Setting next_dagrun for simple_etl_lineage to None, run_after=None
[2025-11-11T12:54:48.059+0000] {processor.py:183} INFO - Processing /opt/airflow/dags/etl_dag.py took 0.147 seconds
[2025-11-11T12:55:19.199+0000] {processor.py:161} INFO - Started process (PID=6282) to work on /opt/airflow/dags/etl_dag.py
[2025-11-11T12:55:19.206+0000] {processor.py:830} INFO - Processing file /opt/airflow/dags/etl_dag.py for tasks to queue
[2025-11-11T12:55:19.212+0000] {logging_mixin.py:188} INFO - [2025-11-11T12:55:19.210+0000] {dagbag.py:538} INFO - Filling up the DagBag from /opt/airflow/dags/etl_dag.py
[2025-11-11T12:55:19.267+0000] {processor.py:840} INFO - DAG(s) 'simple_etl_lineage' retrieved from /opt/airflow/dags/etl_dag.py
[2025-11-11T12:55:19.339+0000] {logging_mixin.py:188} INFO - [2025-11-11T12:55:19.338+0000] {dag.py:3036} INFO - Sync 1 DAGs
[2025-11-11T12:55:19.362+0000] {logging_mixin.py:188} INFO - [2025-11-11T12:55:19.362+0000] {dag.py:3823} INFO - Setting next_dagrun for simple_etl_lineage to None, run_after=None
[2025-11-11T12:55:19.415+0000] {processor.py:183} INFO - Processing /opt/airflow/dags/etl_dag.py took 0.226 seconds
[2025-11-11T12:55:50.437+0000] {processor.py:161} INFO - Started process (PID=6292) to work on /opt/airflow/dags/etl_dag.py
[2025-11-11T12:55:50.439+0000] {processor.py:830} INFO - Processing file /opt/airflow/dags/etl_dag.py for tasks to queue
[2025-11-11T12:55:50.441+0000] {logging_mixin.py:188} INFO - [2025-11-11T12:55:50.441+0000] {dagbag.py:538} INFO - Filling up the DagBag from /opt/airflow/dags/etl_dag.py
[2025-11-11T12:55:50.498+0000] {processor.py:840} INFO - DAG(s) 'simple_etl_lineage' retrieved from /opt/airflow/dags/etl_dag.py
[2025-11-11T12:55:50.692+0000] {logging_mixin.py:188} INFO - [2025-11-11T12:55:50.692+0000] {dag.py:3036} INFO - Sync 1 DAGs
[2025-11-11T12:55:50.747+0000] {logging_mixin.py:188} INFO - [2025-11-11T12:55:50.747+0000] {dag.py:3823} INFO - Setting next_dagrun for simple_etl_lineage to None, run_after=None
[2025-11-11T12:55:50.897+0000] {processor.py:183} INFO - Processing /opt/airflow/dags/etl_dag.py took 0.476 seconds
[2025-11-11T12:56:21.487+0000] {processor.py:161} INFO - Started process (PID=6302) to work on /opt/airflow/dags/etl_dag.py
[2025-11-11T12:56:21.489+0000] {processor.py:830} INFO - Processing file /opt/airflow/dags/etl_dag.py for tasks to queue
[2025-11-11T12:56:21.490+0000] {logging_mixin.py:188} INFO - [2025-11-11T12:56:21.490+0000] {dagbag.py:538} INFO - Filling up the DagBag from /opt/airflow/dags/etl_dag.py
[2025-11-11T12:56:21.521+0000] {processor.py:840} INFO - DAG(s) 'simple_etl_lineage' retrieved from /opt/airflow/dags/etl_dag.py
[2025-11-11T12:56:21.688+0000] {logging_mixin.py:188} INFO - [2025-11-11T12:56:21.687+0000] {dag.py:3036} INFO - Sync 1 DAGs
[2025-11-11T12:56:21.712+0000] {logging_mixin.py:188} INFO - [2025-11-11T12:56:21.711+0000] {dag.py:3823} INFO - Setting next_dagrun for simple_etl_lineage to None, run_after=None
[2025-11-11T12:56:21.770+0000] {processor.py:183} INFO - Processing /opt/airflow/dags/etl_dag.py took 0.290 seconds
[2025-11-11T12:56:52.144+0000] {processor.py:161} INFO - Started process (PID=6312) to work on /opt/airflow/dags/etl_dag.py
[2025-11-11T12:56:52.146+0000] {processor.py:830} INFO - Processing file /opt/airflow/dags/etl_dag.py for tasks to queue
[2025-11-11T12:56:52.153+0000] {logging_mixin.py:188} INFO - [2025-11-11T12:56:52.152+0000] {dagbag.py:538} INFO - Filling up the DagBag from /opt/airflow/dags/etl_dag.py
[2025-11-11T12:56:52.187+0000] {processor.py:840} INFO - DAG(s) 'simple_etl_lineage' retrieved from /opt/airflow/dags/etl_dag.py
[2025-11-11T12:56:52.289+0000] {logging_mixin.py:188} INFO - [2025-11-11T12:56:52.288+0000] {dag.py:3036} INFO - Sync 1 DAGs
[2025-11-11T12:56:52.322+0000] {logging_mixin.py:188} INFO - [2025-11-11T12:56:52.321+0000] {dag.py:3823} INFO - Setting next_dagrun for simple_etl_lineage to None, run_after=None
[2025-11-11T12:56:52.377+0000] {processor.py:183} INFO - Processing /opt/airflow/dags/etl_dag.py took 0.239 seconds
[2025-11-11T12:57:23.229+0000] {processor.py:161} INFO - Started process (PID=6322) to work on /opt/airflow/dags/etl_dag.py
[2025-11-11T12:57:23.235+0000] {processor.py:830} INFO - Processing file /opt/airflow/dags/etl_dag.py for tasks to queue
[2025-11-11T12:57:23.237+0000] {logging_mixin.py:188} INFO - [2025-11-11T12:57:23.237+0000] {dagbag.py:538} INFO - Filling up the DagBag from /opt/airflow/dags/etl_dag.py
[2025-11-11T12:57:23.274+0000] {processor.py:840} INFO - DAG(s) 'simple_etl_lineage' retrieved from /opt/airflow/dags/etl_dag.py
[2025-11-11T12:57:23.363+0000] {logging_mixin.py:188} INFO - [2025-11-11T12:57:23.362+0000] {dag.py:3036} INFO - Sync 1 DAGs
[2025-11-11T12:57:23.382+0000] {logging_mixin.py:188} INFO - [2025-11-11T12:57:23.382+0000] {dag.py:3823} INFO - Setting next_dagrun for simple_etl_lineage to None, run_after=None
[2025-11-11T12:57:23.411+0000] {processor.py:183} INFO - Processing /opt/airflow/dags/etl_dag.py took 0.192 seconds
[2025-11-11T12:57:54.546+0000] {processor.py:161} INFO - Started process (PID=6332) to work on /opt/airflow/dags/etl_dag.py
[2025-11-11T12:57:54.549+0000] {processor.py:830} INFO - Processing file /opt/airflow/dags/etl_dag.py for tasks to queue
[2025-11-11T12:57:54.551+0000] {logging_mixin.py:188} INFO - [2025-11-11T12:57:54.550+0000] {dagbag.py:538} INFO - Filling up the DagBag from /opt/airflow/dags/etl_dag.py
[2025-11-11T12:57:54.599+0000] {processor.py:840} INFO - DAG(s) 'simple_etl_lineage' retrieved from /opt/airflow/dags/etl_dag.py
[2025-11-11T12:57:54.667+0000] {logging_mixin.py:188} INFO - [2025-11-11T12:57:54.667+0000] {dag.py:3036} INFO - Sync 1 DAGs
[2025-11-11T12:57:54.792+0000] {logging_mixin.py:188} INFO - [2025-11-11T12:57:54.791+0000] {dag.py:3823} INFO - Setting next_dagrun for simple_etl_lineage to None, run_after=None
[2025-11-11T12:57:54.855+0000] {processor.py:183} INFO - Processing /opt/airflow/dags/etl_dag.py took 0.318 seconds
[2025-11-11T12:58:25.241+0000] {processor.py:161} INFO - Started process (PID=6342) to work on /opt/airflow/dags/etl_dag.py
[2025-11-11T12:58:25.246+0000] {processor.py:830} INFO - Processing file /opt/airflow/dags/etl_dag.py for tasks to queue
[2025-11-11T12:58:25.248+0000] {logging_mixin.py:188} INFO - [2025-11-11T12:58:25.247+0000] {dagbag.py:538} INFO - Filling up the DagBag from /opt/airflow/dags/etl_dag.py
[2025-11-11T12:58:26.221+0000] {processor.py:840} INFO - DAG(s) 'simple_etl_lineage' retrieved from /opt/airflow/dags/etl_dag.py
[2025-11-11T12:58:26.447+0000] {logging_mixin.py:188} INFO - [2025-11-11T12:58:26.446+0000] {dag.py:3036} INFO - Sync 1 DAGs
[2025-11-11T12:58:26.497+0000] {logging_mixin.py:188} INFO - [2025-11-11T12:58:26.497+0000] {dag.py:3823} INFO - Setting next_dagrun for simple_etl_lineage to None, run_after=None
[2025-11-11T12:58:26.580+0000] {processor.py:183} INFO - Processing /opt/airflow/dags/etl_dag.py took 1.347 seconds
[2025-11-11T12:58:57.431+0000] {processor.py:161} INFO - Started process (PID=6352) to work on /opt/airflow/dags/etl_dag.py
[2025-11-11T12:58:57.433+0000] {processor.py:830} INFO - Processing file /opt/airflow/dags/etl_dag.py for tasks to queue
[2025-11-11T12:58:57.436+0000] {logging_mixin.py:188} INFO - [2025-11-11T12:58:57.434+0000] {dagbag.py:538} INFO - Filling up the DagBag from /opt/airflow/dags/etl_dag.py
[2025-11-11T12:58:57.465+0000] {processor.py:840} INFO - DAG(s) 'simple_etl_lineage' retrieved from /opt/airflow/dags/etl_dag.py
[2025-11-11T12:58:57.583+0000] {logging_mixin.py:188} INFO - [2025-11-11T12:58:57.582+0000] {dag.py:3036} INFO - Sync 1 DAGs
[2025-11-11T12:58:57.829+0000] {logging_mixin.py:188} INFO - [2025-11-11T12:58:57.828+0000] {dag.py:3823} INFO - Setting next_dagrun for simple_etl_lineage to None, run_after=None
[2025-11-11T12:58:58.186+0000] {processor.py:183} INFO - Processing /opt/airflow/dags/etl_dag.py took 0.760 seconds
[2025-11-11T12:59:29.401+0000] {processor.py:161} INFO - Started process (PID=6360) to work on /opt/airflow/dags/etl_dag.py
[2025-11-11T12:59:29.412+0000] {processor.py:830} INFO - Processing file /opt/airflow/dags/etl_dag.py for tasks to queue
[2025-11-11T12:59:29.426+0000] {logging_mixin.py:188} INFO - [2025-11-11T12:59:29.419+0000] {dagbag.py:538} INFO - Filling up the DagBag from /opt/airflow/dags/etl_dag.py
[2025-11-11T12:59:29.569+0000] {processor.py:840} INFO - DAG(s) 'simple_etl_lineage' retrieved from /opt/airflow/dags/etl_dag.py
[2025-11-11T12:59:30.400+0000] {logging_mixin.py:188} INFO - [2025-11-11T12:59:30.399+0000] {dag.py:3036} INFO - Sync 1 DAGs
[2025-11-11T12:59:30.567+0000] {logging_mixin.py:188} INFO - [2025-11-11T12:59:30.566+0000] {dag.py:3823} INFO - Setting next_dagrun for simple_etl_lineage to None, run_after=None
[2025-11-11T12:59:30.698+0000] {processor.py:183} INFO - Processing /opt/airflow/dags/etl_dag.py took 1.382 seconds
[2025-11-11T13:00:01.173+0000] {processor.py:161} INFO - Started process (PID=6372) to work on /opt/airflow/dags/etl_dag.py
[2025-11-11T13:00:01.175+0000] {processor.py:830} INFO - Processing file /opt/airflow/dags/etl_dag.py for tasks to queue
[2025-11-11T13:00:01.179+0000] {logging_mixin.py:188} INFO - [2025-11-11T13:00:01.177+0000] {dagbag.py:538} INFO - Filling up the DagBag from /opt/airflow/dags/etl_dag.py
[2025-11-11T13:00:01.199+0000] {processor.py:840} INFO - DAG(s) 'simple_etl_lineage' retrieved from /opt/airflow/dags/etl_dag.py
[2025-11-11T13:00:01.249+0000] {logging_mixin.py:188} INFO - [2025-11-11T13:00:01.249+0000] {dag.py:3036} INFO - Sync 1 DAGs
[2025-11-11T13:00:01.273+0000] {logging_mixin.py:188} INFO - [2025-11-11T13:00:01.273+0000] {dag.py:3823} INFO - Setting next_dagrun for simple_etl_lineage to None, run_after=None
[2025-11-11T13:00:01.316+0000] {processor.py:183} INFO - Processing /opt/airflow/dags/etl_dag.py took 0.147 seconds
[2025-11-11T13:00:31.707+0000] {processor.py:161} INFO - Started process (PID=6382) to work on /opt/airflow/dags/etl_dag.py
[2025-11-11T13:00:31.710+0000] {processor.py:830} INFO - Processing file /opt/airflow/dags/etl_dag.py for tasks to queue
[2025-11-11T13:00:31.714+0000] {logging_mixin.py:188} INFO - [2025-11-11T13:00:31.713+0000] {dagbag.py:538} INFO - Filling up the DagBag from /opt/airflow/dags/etl_dag.py
[2025-11-11T13:00:31.743+0000] {processor.py:840} INFO - DAG(s) 'simple_etl_lineage' retrieved from /opt/airflow/dags/etl_dag.py
[2025-11-11T13:00:31.801+0000] {logging_mixin.py:188} INFO - [2025-11-11T13:00:31.801+0000] {dag.py:3036} INFO - Sync 1 DAGs
[2025-11-11T13:00:31.820+0000] {logging_mixin.py:188} INFO - [2025-11-11T13:00:31.820+0000] {dag.py:3823} INFO - Setting next_dagrun for simple_etl_lineage to None, run_after=None
[2025-11-11T13:00:31.878+0000] {processor.py:183} INFO - Processing /opt/airflow/dags/etl_dag.py took 0.175 seconds
[2025-11-11T13:01:02.491+0000] {processor.py:161} INFO - Started process (PID=6392) to work on /opt/airflow/dags/etl_dag.py
[2025-11-11T13:01:02.492+0000] {processor.py:830} INFO - Processing file /opt/airflow/dags/etl_dag.py for tasks to queue
[2025-11-11T13:01:02.493+0000] {logging_mixin.py:188} INFO - [2025-11-11T13:01:02.493+0000] {dagbag.py:538} INFO - Filling up the DagBag from /opt/airflow/dags/etl_dag.py
[2025-11-11T13:01:02.513+0000] {processor.py:840} INFO - DAG(s) 'simple_etl_lineage' retrieved from /opt/airflow/dags/etl_dag.py
[2025-11-11T13:01:02.545+0000] {logging_mixin.py:188} INFO - [2025-11-11T13:01:02.545+0000] {dag.py:3036} INFO - Sync 1 DAGs
[2025-11-11T13:01:02.559+0000] {logging_mixin.py:188} INFO - [2025-11-11T13:01:02.559+0000] {dag.py:3823} INFO - Setting next_dagrun for simple_etl_lineage to None, run_after=None
[2025-11-11T13:01:02.593+0000] {processor.py:183} INFO - Processing /opt/airflow/dags/etl_dag.py took 0.106 seconds
[2025-11-11T13:01:33.325+0000] {processor.py:161} INFO - Started process (PID=6402) to work on /opt/airflow/dags/etl_dag.py
[2025-11-11T13:01:33.335+0000] {processor.py:830} INFO - Processing file /opt/airflow/dags/etl_dag.py for tasks to queue
[2025-11-11T13:01:33.337+0000] {logging_mixin.py:188} INFO - [2025-11-11T13:01:33.336+0000] {dagbag.py:538} INFO - Filling up the DagBag from /opt/airflow/dags/etl_dag.py
[2025-11-11T13:01:33.354+0000] {processor.py:840} INFO - DAG(s) 'simple_etl_lineage' retrieved from /opt/airflow/dags/etl_dag.py
[2025-11-11T13:01:33.435+0000] {logging_mixin.py:188} INFO - [2025-11-11T13:01:33.434+0000] {dag.py:3036} INFO - Sync 1 DAGs
[2025-11-11T13:01:33.452+0000] {logging_mixin.py:188} INFO - [2025-11-11T13:01:33.452+0000] {dag.py:3823} INFO - Setting next_dagrun for simple_etl_lineage to None, run_after=None
[2025-11-11T13:01:33.601+0000] {processor.py:183} INFO - Processing /opt/airflow/dags/etl_dag.py took 0.280 seconds
[2025-11-11T13:02:05.347+0000] {processor.py:161} INFO - Started process (PID=6412) to work on /opt/airflow/dags/etl_dag.py
[2025-11-11T13:02:05.349+0000] {processor.py:830} INFO - Processing file /opt/airflow/dags/etl_dag.py for tasks to queue
[2025-11-11T13:02:05.351+0000] {logging_mixin.py:188} INFO - [2025-11-11T13:02:05.350+0000] {dagbag.py:538} INFO - Filling up the DagBag from /opt/airflow/dags/etl_dag.py
[2025-11-11T13:02:05.404+0000] {processor.py:840} INFO - DAG(s) 'simple_etl_lineage' retrieved from /opt/airflow/dags/etl_dag.py
[2025-11-11T13:02:05.571+0000] {logging_mixin.py:188} INFO - [2025-11-11T13:02:05.570+0000] {dag.py:3036} INFO - Sync 1 DAGs
[2025-11-11T13:02:05.634+0000] {logging_mixin.py:188} INFO - [2025-11-11T13:02:05.633+0000] {dag.py:3823} INFO - Setting next_dagrun for simple_etl_lineage to None, run_after=None
[2025-11-11T13:02:05.767+0000] {processor.py:183} INFO - Processing /opt/airflow/dags/etl_dag.py took 0.425 seconds
[2025-11-11T13:02:36.517+0000] {processor.py:161} INFO - Started process (PID=6422) to work on /opt/airflow/dags/etl_dag.py
[2025-11-11T13:02:36.519+0000] {processor.py:830} INFO - Processing file /opt/airflow/dags/etl_dag.py for tasks to queue
[2025-11-11T13:02:36.521+0000] {logging_mixin.py:188} INFO - [2025-11-11T13:02:36.520+0000] {dagbag.py:538} INFO - Filling up the DagBag from /opt/airflow/dags/etl_dag.py
[2025-11-11T13:02:36.547+0000] {processor.py:840} INFO - DAG(s) 'simple_etl_lineage' retrieved from /opt/airflow/dags/etl_dag.py
[2025-11-11T13:02:36.618+0000] {logging_mixin.py:188} INFO - [2025-11-11T13:02:36.617+0000] {dag.py:3036} INFO - Sync 1 DAGs
[2025-11-11T13:02:36.636+0000] {logging_mixin.py:188} INFO - [2025-11-11T13:02:36.636+0000] {dag.py:3823} INFO - Setting next_dagrun for simple_etl_lineage to None, run_after=None
[2025-11-11T13:02:36.663+0000] {processor.py:183} INFO - Processing /opt/airflow/dags/etl_dag.py took 0.150 seconds
[2025-11-11T13:03:07.739+0000] {processor.py:161} INFO - Started process (PID=6432) to work on /opt/airflow/dags/etl_dag.py
[2025-11-11T13:03:07.744+0000] {processor.py:830} INFO - Processing file /opt/airflow/dags/etl_dag.py for tasks to queue
[2025-11-11T13:03:07.748+0000] {logging_mixin.py:188} INFO - [2025-11-11T13:03:07.747+0000] {dagbag.py:538} INFO - Filling up the DagBag from /opt/airflow/dags/etl_dag.py
[2025-11-11T13:03:07.773+0000] {processor.py:840} INFO - DAG(s) 'simple_etl_lineage' retrieved from /opt/airflow/dags/etl_dag.py
[2025-11-11T13:03:07.822+0000] {logging_mixin.py:188} INFO - [2025-11-11T13:03:07.821+0000] {dag.py:3036} INFO - Sync 1 DAGs
[2025-11-11T13:03:07.840+0000] {logging_mixin.py:188} INFO - [2025-11-11T13:03:07.840+0000] {dag.py:3823} INFO - Setting next_dagrun for simple_etl_lineage to None, run_after=None
[2025-11-11T13:03:07.871+0000] {processor.py:183} INFO - Processing /opt/airflow/dags/etl_dag.py took 0.138 seconds
[2025-11-11T13:03:38.364+0000] {processor.py:161} INFO - Started process (PID=6442) to work on /opt/airflow/dags/etl_dag.py
[2025-11-11T13:03:38.369+0000] {processor.py:830} INFO - Processing file /opt/airflow/dags/etl_dag.py for tasks to queue
[2025-11-11T13:03:38.377+0000] {logging_mixin.py:188} INFO - [2025-11-11T13:03:38.377+0000] {dagbag.py:538} INFO - Filling up the DagBag from /opt/airflow/dags/etl_dag.py
[2025-11-11T13:03:38.407+0000] {processor.py:840} INFO - DAG(s) 'simple_etl_lineage' retrieved from /opt/airflow/dags/etl_dag.py
[2025-11-11T13:03:38.468+0000] {logging_mixin.py:188} INFO - [2025-11-11T13:03:38.467+0000] {dag.py:3036} INFO - Sync 1 DAGs
[2025-11-11T13:03:38.488+0000] {logging_mixin.py:188} INFO - [2025-11-11T13:03:38.487+0000] {dag.py:3823} INFO - Setting next_dagrun for simple_etl_lineage to None, run_after=None
[2025-11-11T13:03:38.553+0000] {processor.py:183} INFO - Processing /opt/airflow/dags/etl_dag.py took 0.193 seconds
[2025-11-11T13:04:09.794+0000] {processor.py:161} INFO - Started process (PID=6454) to work on /opt/airflow/dags/etl_dag.py
[2025-11-11T13:04:09.795+0000] {processor.py:830} INFO - Processing file /opt/airflow/dags/etl_dag.py for tasks to queue
[2025-11-11T13:04:09.797+0000] {logging_mixin.py:188} INFO - [2025-11-11T13:04:09.797+0000] {dagbag.py:538} INFO - Filling up the DagBag from /opt/airflow/dags/etl_dag.py
[2025-11-11T13:04:09.972+0000] {processor.py:840} INFO - DAG(s) 'simple_etl_lineage' retrieved from /opt/airflow/dags/etl_dag.py
[2025-11-11T13:04:10.067+0000] {logging_mixin.py:188} INFO - [2025-11-11T13:04:10.058+0000] {dag.py:3036} INFO - Sync 1 DAGs
[2025-11-11T13:04:10.136+0000] {logging_mixin.py:188} INFO - [2025-11-11T13:04:10.135+0000] {dag.py:3823} INFO - Setting next_dagrun for simple_etl_lineage to None, run_after=None
[2025-11-11T13:04:10.232+0000] {processor.py:183} INFO - Processing /opt/airflow/dags/etl_dag.py took 0.443 seconds
[2025-11-11T13:04:40.659+0000] {processor.py:161} INFO - Started process (PID=6462) to work on /opt/airflow/dags/etl_dag.py
[2025-11-11T13:04:40.662+0000] {processor.py:830} INFO - Processing file /opt/airflow/dags/etl_dag.py for tasks to queue
[2025-11-11T13:04:40.664+0000] {logging_mixin.py:188} INFO - [2025-11-11T13:04:40.663+0000] {dagbag.py:538} INFO - Filling up the DagBag from /opt/airflow/dags/etl_dag.py
[2025-11-11T13:04:40.747+0000] {processor.py:840} INFO - DAG(s) 'simple_etl_lineage' retrieved from /opt/airflow/dags/etl_dag.py
[2025-11-11T13:04:40.862+0000] {logging_mixin.py:188} INFO - [2025-11-11T13:04:40.862+0000] {dag.py:3036} INFO - Sync 1 DAGs
[2025-11-11T13:04:40.929+0000] {logging_mixin.py:188} INFO - [2025-11-11T13:04:40.928+0000] {dag.py:3823} INFO - Setting next_dagrun for simple_etl_lineage to None, run_after=None
[2025-11-11T13:04:41.084+0000] {processor.py:183} INFO - Processing /opt/airflow/dags/etl_dag.py took 0.429 seconds
[2025-11-11T13:05:11.914+0000] {processor.py:161} INFO - Started process (PID=6472) to work on /opt/airflow/dags/etl_dag.py
[2025-11-11T13:05:11.921+0000] {processor.py:830} INFO - Processing file /opt/airflow/dags/etl_dag.py for tasks to queue
[2025-11-11T13:05:11.928+0000] {logging_mixin.py:188} INFO - [2025-11-11T13:05:11.924+0000] {dagbag.py:538} INFO - Filling up the DagBag from /opt/airflow/dags/etl_dag.py
[2025-11-11T13:05:11.977+0000] {processor.py:840} INFO - DAG(s) 'simple_etl_lineage' retrieved from /opt/airflow/dags/etl_dag.py
[2025-11-11T13:05:12.110+0000] {logging_mixin.py:188} INFO - [2025-11-11T13:05:12.109+0000] {dag.py:3036} INFO - Sync 1 DAGs
[2025-11-11T13:05:12.174+0000] {logging_mixin.py:188} INFO - [2025-11-11T13:05:12.174+0000] {dag.py:3823} INFO - Setting next_dagrun for simple_etl_lineage to None, run_after=None
[2025-11-11T13:05:12.261+0000] {processor.py:183} INFO - Processing /opt/airflow/dags/etl_dag.py took 0.352 seconds
[2025-11-11T13:05:43.221+0000] {processor.py:161} INFO - Started process (PID=6482) to work on /opt/airflow/dags/etl_dag.py
[2025-11-11T13:05:43.225+0000] {processor.py:830} INFO - Processing file /opt/airflow/dags/etl_dag.py for tasks to queue
[2025-11-11T13:05:43.236+0000] {logging_mixin.py:188} INFO - [2025-11-11T13:05:43.235+0000] {dagbag.py:538} INFO - Filling up the DagBag from /opt/airflow/dags/etl_dag.py
[2025-11-11T13:05:43.305+0000] {processor.py:840} INFO - DAG(s) 'simple_etl_lineage' retrieved from /opt/airflow/dags/etl_dag.py
[2025-11-11T13:05:43.435+0000] {logging_mixin.py:188} INFO - [2025-11-11T13:05:43.434+0000] {dag.py:3036} INFO - Sync 1 DAGs
[2025-11-11T13:05:43.586+0000] {logging_mixin.py:188} INFO - [2025-11-11T13:05:43.586+0000] {dag.py:3823} INFO - Setting next_dagrun for simple_etl_lineage to None, run_after=None
[2025-11-11T13:05:43.649+0000] {processor.py:183} INFO - Processing /opt/airflow/dags/etl_dag.py took 0.441 seconds
[2025-11-11T13:06:21.008+0000] {processor.py:161} INFO - Started process (PID=6490) to work on /opt/airflow/dags/etl_dag.py
[2025-11-11T13:06:21.013+0000] {processor.py:830} INFO - Processing file /opt/airflow/dags/etl_dag.py for tasks to queue
[2025-11-11T13:06:21.022+0000] {logging_mixin.py:188} INFO - [2025-11-11T13:06:21.017+0000] {dagbag.py:538} INFO - Filling up the DagBag from /opt/airflow/dags/etl_dag.py
[2025-11-11T13:06:21.135+0000] {processor.py:840} INFO - DAG(s) 'simple_etl_lineage' retrieved from /opt/airflow/dags/etl_dag.py
[2025-11-11T13:06:23.413+0000] {logging_mixin.py:188} INFO - [2025-11-11T13:06:23.412+0000] {dag.py:3036} INFO - Sync 1 DAGs
[2025-11-11T13:06:23.842+0000] {logging_mixin.py:188} INFO - [2025-11-11T13:06:23.842+0000] {dag.py:3823} INFO - Setting next_dagrun for simple_etl_lineage to None, run_after=None
[2025-11-11T13:06:24.699+0000] {processor.py:183} INFO - Processing /opt/airflow/dags/etl_dag.py took 3.813 seconds
[2025-11-11T13:06:57.918+0000] {processor.py:161} INFO - Started process (PID=6502) to work on /opt/airflow/dags/etl_dag.py
[2025-11-11T13:06:57.925+0000] {processor.py:830} INFO - Processing file /opt/airflow/dags/etl_dag.py for tasks to queue
[2025-11-11T13:06:57.930+0000] {logging_mixin.py:188} INFO - [2025-11-11T13:06:57.929+0000] {dagbag.py:538} INFO - Filling up the DagBag from /opt/airflow/dags/etl_dag.py
[2025-11-11T13:06:59.681+0000] {processor.py:840} INFO - DAG(s) 'simple_etl_lineage' retrieved from /opt/airflow/dags/etl_dag.py
[2025-11-11T13:06:59.867+0000] {logging_mixin.py:188} INFO - [2025-11-11T13:06:59.866+0000] {dag.py:3036} INFO - Sync 1 DAGs
[2025-11-11T13:06:59.932+0000] {logging_mixin.py:188} INFO - [2025-11-11T13:06:59.932+0000] {dag.py:3823} INFO - Setting next_dagrun for simple_etl_lineage to None, run_after=None
[2025-11-11T13:07:00.090+0000] {processor.py:183} INFO - Processing /opt/airflow/dags/etl_dag.py took 2.189 seconds
[2025-11-11T13:07:33.772+0000] {processor.py:161} INFO - Started process (PID=6514) to work on /opt/airflow/dags/etl_dag.py
[2025-11-11T13:07:33.782+0000] {processor.py:830} INFO - Processing file /opt/airflow/dags/etl_dag.py for tasks to queue
[2025-11-11T13:07:33.787+0000] {logging_mixin.py:188} INFO - [2025-11-11T13:07:33.786+0000] {dagbag.py:538} INFO - Filling up the DagBag from /opt/airflow/dags/etl_dag.py
[2025-11-11T13:07:33.914+0000] {processor.py:840} INFO - DAG(s) 'simple_etl_lineage' retrieved from /opt/airflow/dags/etl_dag.py
[2025-11-11T13:07:33.996+0000] {logging_mixin.py:188} INFO - [2025-11-11T13:07:33.987+0000] {dag.py:3036} INFO - Sync 1 DAGs
[2025-11-11T13:07:34.033+0000] {logging_mixin.py:188} INFO - [2025-11-11T13:07:34.032+0000] {dag.py:3823} INFO - Setting next_dagrun for simple_etl_lineage to None, run_after=None
[2025-11-11T13:07:34.117+0000] {processor.py:183} INFO - Processing /opt/airflow/dags/etl_dag.py took 0.353 seconds
[2025-11-11T13:08:04.406+0000] {processor.py:161} INFO - Started process (PID=6524) to work on /opt/airflow/dags/etl_dag.py
[2025-11-11T13:08:04.408+0000] {processor.py:830} INFO - Processing file /opt/airflow/dags/etl_dag.py for tasks to queue
[2025-11-11T13:08:04.410+0000] {logging_mixin.py:188} INFO - [2025-11-11T13:08:04.409+0000] {dagbag.py:538} INFO - Filling up the DagBag from /opt/airflow/dags/etl_dag.py
[2025-11-11T13:08:04.429+0000] {processor.py:840} INFO - DAG(s) 'simple_etl_lineage' retrieved from /opt/airflow/dags/etl_dag.py
[2025-11-11T13:08:04.463+0000] {logging_mixin.py:188} INFO - [2025-11-11T13:08:04.463+0000] {dag.py:3036} INFO - Sync 1 DAGs
[2025-11-11T13:08:04.481+0000] {logging_mixin.py:188} INFO - [2025-11-11T13:08:04.481+0000] {dag.py:3823} INFO - Setting next_dagrun for simple_etl_lineage to None, run_after=None
[2025-11-11T13:08:04.508+0000] {processor.py:183} INFO - Processing /opt/airflow/dags/etl_dag.py took 0.106 seconds
[2025-11-11T13:08:35.387+0000] {processor.py:161} INFO - Started process (PID=6534) to work on /opt/airflow/dags/etl_dag.py
[2025-11-11T13:08:35.399+0000] {processor.py:830} INFO - Processing file /opt/airflow/dags/etl_dag.py for tasks to queue
[2025-11-11T13:08:35.404+0000] {logging_mixin.py:188} INFO - [2025-11-11T13:08:35.403+0000] {dagbag.py:538} INFO - Filling up the DagBag from /opt/airflow/dags/etl_dag.py
[2025-11-11T13:08:35.740+0000] {processor.py:840} INFO - DAG(s) 'simple_etl_lineage' retrieved from /opt/airflow/dags/etl_dag.py
[2025-11-11T13:08:35.869+0000] {logging_mixin.py:188} INFO - [2025-11-11T13:08:35.860+0000] {dag.py:3036} INFO - Sync 1 DAGs
[2025-11-11T13:08:35.916+0000] {logging_mixin.py:188} INFO - [2025-11-11T13:08:35.915+0000] {dag.py:3823} INFO - Setting next_dagrun for simple_etl_lineage to None, run_after=None
[2025-11-11T13:08:35.993+0000] {processor.py:183} INFO - Processing /opt/airflow/dags/etl_dag.py took 0.612 seconds
[2025-11-11T13:09:07.538+0000] {processor.py:161} INFO - Started process (PID=6544) to work on /opt/airflow/dags/etl_dag.py
[2025-11-11T13:09:07.545+0000] {processor.py:830} INFO - Processing file /opt/airflow/dags/etl_dag.py for tasks to queue
[2025-11-11T13:09:07.605+0000] {logging_mixin.py:188} INFO - [2025-11-11T13:09:07.558+0000] {dagbag.py:538} INFO - Filling up the DagBag from /opt/airflow/dags/etl_dag.py
[2025-11-11T13:09:07.855+0000] {processor.py:840} INFO - DAG(s) 'simple_etl_lineage' retrieved from /opt/airflow/dags/etl_dag.py
[2025-11-11T13:09:08.126+0000] {logging_mixin.py:188} INFO - [2025-11-11T13:09:08.125+0000] {dag.py:3036} INFO - Sync 1 DAGs
[2025-11-11T13:09:08.189+0000] {logging_mixin.py:188} INFO - [2025-11-11T13:09:08.189+0000] {dag.py:3823} INFO - Setting next_dagrun for simple_etl_lineage to None, run_after=None
[2025-11-11T13:09:08.266+0000] {processor.py:183} INFO - Processing /opt/airflow/dags/etl_dag.py took 0.786 seconds
[2025-11-11T13:09:38.802+0000] {processor.py:161} INFO - Started process (PID=6554) to work on /opt/airflow/dags/etl_dag.py
[2025-11-11T13:09:38.809+0000] {processor.py:830} INFO - Processing file /opt/airflow/dags/etl_dag.py for tasks to queue
[2025-11-11T13:09:38.811+0000] {logging_mixin.py:188} INFO - [2025-11-11T13:09:38.810+0000] {dagbag.py:538} INFO - Filling up the DagBag from /opt/airflow/dags/etl_dag.py
[2025-11-11T13:09:38.866+0000] {processor.py:840} INFO - DAG(s) 'simple_etl_lineage' retrieved from /opt/airflow/dags/etl_dag.py
[2025-11-11T13:09:38.941+0000] {logging_mixin.py:188} INFO - [2025-11-11T13:09:38.941+0000] {dag.py:3036} INFO - Sync 1 DAGs
[2025-11-11T13:09:38.953+0000] {logging_mixin.py:188} INFO - [2025-11-11T13:09:38.952+0000] {dag.py:3823} INFO - Setting next_dagrun for simple_etl_lineage to None, run_after=None
[2025-11-11T13:09:39.010+0000] {processor.py:183} INFO - Processing /opt/airflow/dags/etl_dag.py took 0.212 seconds
[2025-11-11T13:10:09.607+0000] {processor.py:161} INFO - Started process (PID=6564) to work on /opt/airflow/dags/etl_dag.py
[2025-11-11T13:10:09.611+0000] {processor.py:830} INFO - Processing file /opt/airflow/dags/etl_dag.py for tasks to queue
[2025-11-11T13:10:09.625+0000] {logging_mixin.py:188} INFO - [2025-11-11T13:10:09.624+0000] {dagbag.py:538} INFO - Filling up the DagBag from /opt/airflow/dags/etl_dag.py
[2025-11-11T13:10:09.640+0000] {processor.py:840} INFO - DAG(s) 'simple_etl_lineage' retrieved from /opt/airflow/dags/etl_dag.py
[2025-11-11T13:10:09.675+0000] {logging_mixin.py:188} INFO - [2025-11-11T13:10:09.674+0000] {dag.py:3036} INFO - Sync 1 DAGs
[2025-11-11T13:10:09.693+0000] {logging_mixin.py:188} INFO - [2025-11-11T13:10:09.693+0000] {dag.py:3823} INFO - Setting next_dagrun for simple_etl_lineage to None, run_after=None
[2025-11-11T13:10:09.715+0000] {processor.py:183} INFO - Processing /opt/airflow/dags/etl_dag.py took 0.112 seconds
[2025-11-11T13:10:40.445+0000] {processor.py:161} INFO - Started process (PID=6574) to work on /opt/airflow/dags/etl_dag.py
[2025-11-11T13:10:40.447+0000] {processor.py:830} INFO - Processing file /opt/airflow/dags/etl_dag.py for tasks to queue
[2025-11-11T13:10:40.449+0000] {logging_mixin.py:188} INFO - [2025-11-11T13:10:40.448+0000] {dagbag.py:538} INFO - Filling up the DagBag from /opt/airflow/dags/etl_dag.py
[2025-11-11T13:10:40.474+0000] {processor.py:840} INFO - DAG(s) 'simple_etl_lineage' retrieved from /opt/airflow/dags/etl_dag.py
[2025-11-11T13:10:40.513+0000] {logging_mixin.py:188} INFO - [2025-11-11T13:10:40.513+0000] {dag.py:3036} INFO - Sync 1 DAGs
[2025-11-11T13:10:40.532+0000] {logging_mixin.py:188} INFO - [2025-11-11T13:10:40.531+0000] {dag.py:3823} INFO - Setting next_dagrun for simple_etl_lineage to None, run_after=None
[2025-11-11T13:10:40.553+0000] {processor.py:183} INFO - Processing /opt/airflow/dags/etl_dag.py took 0.133 seconds
[2025-11-11T14:00:07.064+0000] {processor.py:161} INFO - Started process (PID=185) to work on /opt/airflow/dags/etl_dag.py
[2025-11-11T14:00:07.070+0000] {processor.py:830} INFO - Processing file /opt/airflow/dags/etl_dag.py for tasks to queue
[2025-11-11T14:00:07.077+0000] {logging_mixin.py:188} INFO - [2025-11-11T14:00:07.072+0000] {dagbag.py:538} INFO - Filling up the DagBag from /opt/airflow/dags/etl_dag.py
[2025-11-11T14:00:07.196+0000] {processor.py:840} INFO - DAG(s) 'simple_etl_lineage' retrieved from /opt/airflow/dags/etl_dag.py
[2025-11-11T14:00:07.389+0000] {logging_mixin.py:188} INFO - [2025-11-11T14:00:07.388+0000] {override.py:1769} INFO - Created Permission View: can read on DAG:simple_etl_lineage
[2025-11-11T14:00:07.425+0000] {logging_mixin.py:188} INFO - [2025-11-11T14:00:07.424+0000] {override.py:1769} INFO - Created Permission View: can delete on DAG:simple_etl_lineage
[2025-11-11T14:00:07.445+0000] {logging_mixin.py:188} INFO - [2025-11-11T14:00:07.445+0000] {override.py:1769} INFO - Created Permission View: can edit on DAG:simple_etl_lineage
[2025-11-11T14:00:07.446+0000] {logging_mixin.py:188} INFO - [2025-11-11T14:00:07.446+0000] {dag.py:3036} INFO - Sync 1 DAGs
[2025-11-11T14:00:07.490+0000] {logging_mixin.py:188} INFO - [2025-11-11T14:00:07.489+0000] {dag.py:3058} INFO - Creating ORM DAG for simple_etl_lineage
[2025-11-11T14:00:07.491+0000] {logging_mixin.py:188} INFO - [2025-11-11T14:00:07.491+0000] {dag.py:3823} INFO - Setting next_dagrun for simple_etl_lineage to None, run_after=None
[2025-11-11T14:00:07.558+0000] {processor.py:183} INFO - Processing /opt/airflow/dags/etl_dag.py took 0.500 seconds
[2025-11-11T14:00:38.530+0000] {processor.py:161} INFO - Started process (PID=205) to work on /opt/airflow/dags/etl_dag.py
[2025-11-11T14:00:38.532+0000] {processor.py:830} INFO - Processing file /opt/airflow/dags/etl_dag.py for tasks to queue
[2025-11-11T14:00:38.533+0000] {logging_mixin.py:188} INFO - [2025-11-11T14:00:38.533+0000] {dagbag.py:538} INFO - Filling up the DagBag from /opt/airflow/dags/etl_dag.py
[2025-11-11T14:00:38.554+0000] {processor.py:840} INFO - DAG(s) 'simple_etl_lineage' retrieved from /opt/airflow/dags/etl_dag.py
[2025-11-11T14:00:38.587+0000] {logging_mixin.py:188} INFO - [2025-11-11T14:00:38.587+0000] {dag.py:3036} INFO - Sync 1 DAGs
[2025-11-11T14:00:38.604+0000] {logging_mixin.py:188} INFO - [2025-11-11T14:00:38.604+0000] {dag.py:3823} INFO - Setting next_dagrun for simple_etl_lineage to None, run_after=None
[2025-11-11T14:00:38.630+0000] {processor.py:183} INFO - Processing /opt/airflow/dags/etl_dag.py took 0.104 seconds
[2025-11-11T14:01:08.901+0000] {processor.py:161} INFO - Started process (PID=224) to work on /opt/airflow/dags/etl_dag.py
[2025-11-11T14:01:08.903+0000] {processor.py:830} INFO - Processing file /opt/airflow/dags/etl_dag.py for tasks to queue
[2025-11-11T14:01:08.904+0000] {logging_mixin.py:188} INFO - [2025-11-11T14:01:08.904+0000] {dagbag.py:538} INFO - Filling up the DagBag from /opt/airflow/dags/etl_dag.py
[2025-11-11T14:01:08.940+0000] {processor.py:840} INFO - DAG(s) 'simple_etl_lineage' retrieved from /opt/airflow/dags/etl_dag.py
[2025-11-11T14:01:08.975+0000] {logging_mixin.py:188} INFO - [2025-11-11T14:01:08.974+0000] {dag.py:3036} INFO - Sync 1 DAGs
[2025-11-11T14:01:08.991+0000] {logging_mixin.py:188} INFO - [2025-11-11T14:01:08.991+0000] {dag.py:3823} INFO - Setting next_dagrun for simple_etl_lineage to None, run_after=None
[2025-11-11T14:01:09.017+0000] {processor.py:183} INFO - Processing /opt/airflow/dags/etl_dag.py took 0.126 seconds
[2025-11-11T14:01:39.512+0000] {processor.py:161} INFO - Started process (PID=239) to work on /opt/airflow/dags/etl_dag.py
[2025-11-11T14:01:39.513+0000] {processor.py:830} INFO - Processing file /opt/airflow/dags/etl_dag.py for tasks to queue
[2025-11-11T14:01:39.515+0000] {logging_mixin.py:188} INFO - [2025-11-11T14:01:39.514+0000] {dagbag.py:538} INFO - Filling up the DagBag from /opt/airflow/dags/etl_dag.py
[2025-11-11T14:01:39.533+0000] {processor.py:840} INFO - DAG(s) 'simple_etl_lineage' retrieved from /opt/airflow/dags/etl_dag.py
[2025-11-11T14:01:39.561+0000] {logging_mixin.py:188} INFO - [2025-11-11T14:01:39.560+0000] {dag.py:3036} INFO - Sync 1 DAGs
[2025-11-11T14:01:39.571+0000] {logging_mixin.py:188} INFO - [2025-11-11T14:01:39.570+0000] {dag.py:3823} INFO - Setting next_dagrun for simple_etl_lineage to None, run_after=None
[2025-11-11T14:01:39.593+0000] {processor.py:183} INFO - Processing /opt/airflow/dags/etl_dag.py took 0.084 seconds
[2025-11-11T14:02:09.986+0000] {processor.py:161} INFO - Started process (PID=254) to work on /opt/airflow/dags/etl_dag.py
[2025-11-11T14:02:09.988+0000] {processor.py:830} INFO - Processing file /opt/airflow/dags/etl_dag.py for tasks to queue
[2025-11-11T14:02:09.989+0000] {logging_mixin.py:188} INFO - [2025-11-11T14:02:09.989+0000] {dagbag.py:538} INFO - Filling up the DagBag from /opt/airflow/dags/etl_dag.py
[2025-11-11T14:02:10.014+0000] {processor.py:840} INFO - DAG(s) 'simple_etl_lineage' retrieved from /opt/airflow/dags/etl_dag.py
[2025-11-11T14:02:10.075+0000] {logging_mixin.py:188} INFO - [2025-11-11T14:02:10.075+0000] {dag.py:3036} INFO - Sync 1 DAGs
[2025-11-11T14:02:10.087+0000] {logging_mixin.py:188} INFO - [2025-11-11T14:02:10.086+0000] {dag.py:3823} INFO - Setting next_dagrun for simple_etl_lineage to None, run_after=None
[2025-11-11T14:02:10.105+0000] {processor.py:183} INFO - Processing /opt/airflow/dags/etl_dag.py took 0.122 seconds
[2025-11-11T14:02:40.547+0000] {processor.py:161} INFO - Started process (PID=269) to work on /opt/airflow/dags/etl_dag.py
[2025-11-11T14:02:40.548+0000] {processor.py:830} INFO - Processing file /opt/airflow/dags/etl_dag.py for tasks to queue
[2025-11-11T14:02:40.550+0000] {logging_mixin.py:188} INFO - [2025-11-11T14:02:40.549+0000] {dagbag.py:538} INFO - Filling up the DagBag from /opt/airflow/dags/etl_dag.py
[2025-11-11T14:02:40.574+0000] {processor.py:840} INFO - DAG(s) 'simple_etl_lineage' retrieved from /opt/airflow/dags/etl_dag.py
[2025-11-11T14:02:40.611+0000] {logging_mixin.py:188} INFO - [2025-11-11T14:02:40.611+0000] {dag.py:3036} INFO - Sync 1 DAGs
[2025-11-11T14:02:40.629+0000] {logging_mixin.py:188} INFO - [2025-11-11T14:02:40.629+0000] {dag.py:3823} INFO - Setting next_dagrun for simple_etl_lineage to None, run_after=None
[2025-11-11T14:02:40.673+0000] {processor.py:183} INFO - Processing /opt/airflow/dags/etl_dag.py took 0.131 seconds
[2025-11-11T14:03:11.241+0000] {processor.py:161} INFO - Started process (PID=284) to work on /opt/airflow/dags/etl_dag.py
[2025-11-11T14:03:11.243+0000] {processor.py:830} INFO - Processing file /opt/airflow/dags/etl_dag.py for tasks to queue
[2025-11-11T14:03:11.245+0000] {logging_mixin.py:188} INFO - [2025-11-11T14:03:11.244+0000] {dagbag.py:538} INFO - Filling up the DagBag from /opt/airflow/dags/etl_dag.py
[2025-11-11T14:03:11.261+0000] {processor.py:840} INFO - DAG(s) 'simple_etl_lineage' retrieved from /opt/airflow/dags/etl_dag.py
[2025-11-11T14:03:11.298+0000] {logging_mixin.py:188} INFO - [2025-11-11T14:03:11.298+0000] {dag.py:3036} INFO - Sync 1 DAGs
[2025-11-11T14:03:11.310+0000] {logging_mixin.py:188} INFO - [2025-11-11T14:03:11.309+0000] {dag.py:3823} INFO - Setting next_dagrun for simple_etl_lineage to None, run_after=None
[2025-11-11T14:03:11.341+0000] {processor.py:183} INFO - Processing /opt/airflow/dags/etl_dag.py took 0.103 seconds
[2025-11-11T14:03:41.797+0000] {processor.py:161} INFO - Started process (PID=299) to work on /opt/airflow/dags/etl_dag.py
[2025-11-11T14:03:41.799+0000] {processor.py:830} INFO - Processing file /opt/airflow/dags/etl_dag.py for tasks to queue
[2025-11-11T14:03:41.803+0000] {logging_mixin.py:188} INFO - [2025-11-11T14:03:41.802+0000] {dagbag.py:538} INFO - Filling up the DagBag from /opt/airflow/dags/etl_dag.py
[2025-11-11T14:03:41.839+0000] {processor.py:840} INFO - DAG(s) 'simple_etl_lineage' retrieved from /opt/airflow/dags/etl_dag.py
[2025-11-11T14:03:41.874+0000] {logging_mixin.py:188} INFO - [2025-11-11T14:03:41.874+0000] {dag.py:3036} INFO - Sync 1 DAGs
[2025-11-11T14:03:41.891+0000] {logging_mixin.py:188} INFO - [2025-11-11T14:03:41.890+0000] {dag.py:3823} INFO - Setting next_dagrun for simple_etl_lineage to None, run_after=None
[2025-11-11T14:03:41.922+0000] {processor.py:183} INFO - Processing /opt/airflow/dags/etl_dag.py took 0.130 seconds
[2025-11-11T14:04:12.282+0000] {processor.py:161} INFO - Started process (PID=314) to work on /opt/airflow/dags/etl_dag.py
[2025-11-11T14:04:12.284+0000] {processor.py:830} INFO - Processing file /opt/airflow/dags/etl_dag.py for tasks to queue
[2025-11-11T14:04:12.285+0000] {logging_mixin.py:188} INFO - [2025-11-11T14:04:12.285+0000] {dagbag.py:538} INFO - Filling up the DagBag from /opt/airflow/dags/etl_dag.py
[2025-11-11T14:04:12.342+0000] {processor.py:840} INFO - DAG(s) 'simple_etl_lineage' retrieved from /opt/airflow/dags/etl_dag.py
[2025-11-11T14:04:12.370+0000] {logging_mixin.py:188} INFO - [2025-11-11T14:04:12.369+0000] {dag.py:3036} INFO - Sync 1 DAGs
[2025-11-11T14:04:12.381+0000] {logging_mixin.py:188} INFO - [2025-11-11T14:04:12.381+0000] {dag.py:3823} INFO - Setting next_dagrun for simple_etl_lineage to None, run_after=None
[2025-11-11T14:04:12.402+0000] {processor.py:183} INFO - Processing /opt/airflow/dags/etl_dag.py took 0.122 seconds
[2025-11-11T14:04:43.112+0000] {processor.py:161} INFO - Started process (PID=329) to work on /opt/airflow/dags/etl_dag.py
[2025-11-11T14:04:43.114+0000] {processor.py:830} INFO - Processing file /opt/airflow/dags/etl_dag.py for tasks to queue
[2025-11-11T14:04:43.117+0000] {logging_mixin.py:188} INFO - [2025-11-11T14:04:43.117+0000] {dagbag.py:538} INFO - Filling up the DagBag from /opt/airflow/dags/etl_dag.py
[2025-11-11T14:04:43.166+0000] {processor.py:840} INFO - DAG(s) 'simple_etl_lineage' retrieved from /opt/airflow/dags/etl_dag.py
[2025-11-11T14:04:43.200+0000] {logging_mixin.py:188} INFO - [2025-11-11T14:04:43.200+0000] {dag.py:3036} INFO - Sync 1 DAGs
[2025-11-11T14:04:43.218+0000] {logging_mixin.py:188} INFO - [2025-11-11T14:04:43.218+0000] {dag.py:3823} INFO - Setting next_dagrun for simple_etl_lineage to None, run_after=None
[2025-11-11T14:04:43.251+0000] {processor.py:183} INFO - Processing /opt/airflow/dags/etl_dag.py took 0.144 seconds
[2025-11-11T14:05:13.887+0000] {processor.py:161} INFO - Started process (PID=344) to work on /opt/airflow/dags/etl_dag.py
[2025-11-11T14:05:13.893+0000] {processor.py:830} INFO - Processing file /opt/airflow/dags/etl_dag.py for tasks to queue
[2025-11-11T14:05:13.899+0000] {logging_mixin.py:188} INFO - [2025-11-11T14:05:13.899+0000] {dagbag.py:538} INFO - Filling up the DagBag from /opt/airflow/dags/etl_dag.py
[2025-11-11T14:05:13.937+0000] {processor.py:840} INFO - DAG(s) 'simple_etl_lineage' retrieved from /opt/airflow/dags/etl_dag.py
[2025-11-11T14:05:13.999+0000] {logging_mixin.py:188} INFO - [2025-11-11T14:05:13.999+0000] {dag.py:3036} INFO - Sync 1 DAGs
[2025-11-11T14:05:14.024+0000] {logging_mixin.py:188} INFO - [2025-11-11T14:05:14.023+0000] {dag.py:3823} INFO - Setting next_dagrun for simple_etl_lineage to None, run_after=None
[2025-11-11T14:05:14.085+0000] {processor.py:183} INFO - Processing /opt/airflow/dags/etl_dag.py took 0.202 seconds
[2025-11-11T14:05:44.261+0000] {processor.py:161} INFO - Started process (PID=359) to work on /opt/airflow/dags/etl_dag.py
[2025-11-11T14:05:44.263+0000] {processor.py:830} INFO - Processing file /opt/airflow/dags/etl_dag.py for tasks to queue
[2025-11-11T14:05:44.264+0000] {logging_mixin.py:188} INFO - [2025-11-11T14:05:44.264+0000] {dagbag.py:538} INFO - Filling up the DagBag from /opt/airflow/dags/etl_dag.py
[2025-11-11T14:05:44.309+0000] {processor.py:840} INFO - DAG(s) 'simple_etl_lineage' retrieved from /opt/airflow/dags/etl_dag.py
[2025-11-11T14:05:44.337+0000] {logging_mixin.py:188} INFO - [2025-11-11T14:05:44.337+0000] {dag.py:3036} INFO - Sync 1 DAGs
[2025-11-11T14:05:44.354+0000] {logging_mixin.py:188} INFO - [2025-11-11T14:05:44.354+0000] {dag.py:3823} INFO - Setting next_dagrun for simple_etl_lineage to None, run_after=None
[2025-11-11T14:05:44.380+0000] {processor.py:183} INFO - Processing /opt/airflow/dags/etl_dag.py took 0.122 seconds
[2025-11-11T14:06:14.858+0000] {processor.py:161} INFO - Started process (PID=374) to work on /opt/airflow/dags/etl_dag.py
[2025-11-11T14:06:14.860+0000] {processor.py:830} INFO - Processing file /opt/airflow/dags/etl_dag.py for tasks to queue
[2025-11-11T14:06:14.861+0000] {logging_mixin.py:188} INFO - [2025-11-11T14:06:14.861+0000] {dagbag.py:538} INFO - Filling up the DagBag from /opt/airflow/dags/etl_dag.py
[2025-11-11T14:06:14.888+0000] {processor.py:840} INFO - DAG(s) 'simple_etl_lineage' retrieved from /opt/airflow/dags/etl_dag.py
[2025-11-11T14:06:14.925+0000] {logging_mixin.py:188} INFO - [2025-11-11T14:06:14.925+0000] {dag.py:3036} INFO - Sync 1 DAGs
[2025-11-11T14:06:14.944+0000] {logging_mixin.py:188} INFO - [2025-11-11T14:06:14.944+0000] {dag.py:3823} INFO - Setting next_dagrun for simple_etl_lineage to None, run_after=None
[2025-11-11T14:06:14.984+0000] {processor.py:183} INFO - Processing /opt/airflow/dags/etl_dag.py took 0.130 seconds
[2025-11-11T14:06:45.438+0000] {processor.py:161} INFO - Started process (PID=389) to work on /opt/airflow/dags/etl_dag.py
[2025-11-11T14:06:45.439+0000] {processor.py:830} INFO - Processing file /opt/airflow/dags/etl_dag.py for tasks to queue
[2025-11-11T14:06:45.441+0000] {logging_mixin.py:188} INFO - [2025-11-11T14:06:45.440+0000] {dagbag.py:538} INFO - Filling up the DagBag from /opt/airflow/dags/etl_dag.py
[2025-11-11T14:06:45.509+0000] {processor.py:840} INFO - DAG(s) 'simple_etl_lineage' retrieved from /opt/airflow/dags/etl_dag.py
[2025-11-11T14:06:45.538+0000] {logging_mixin.py:188} INFO - [2025-11-11T14:06:45.538+0000] {dag.py:3036} INFO - Sync 1 DAGs
[2025-11-11T14:06:45.550+0000] {logging_mixin.py:188} INFO - [2025-11-11T14:06:45.549+0000] {dag.py:3823} INFO - Setting next_dagrun for simple_etl_lineage to None, run_after=None
[2025-11-11T14:06:45.581+0000] {processor.py:183} INFO - Processing /opt/airflow/dags/etl_dag.py took 0.148 seconds
[2025-11-11T14:07:16.046+0000] {processor.py:161} INFO - Started process (PID=404) to work on /opt/airflow/dags/etl_dag.py
[2025-11-11T14:07:16.053+0000] {processor.py:830} INFO - Processing file /opt/airflow/dags/etl_dag.py for tasks to queue
[2025-11-11T14:07:16.062+0000] {logging_mixin.py:188} INFO - [2025-11-11T14:07:16.061+0000] {dagbag.py:538} INFO - Filling up the DagBag from /opt/airflow/dags/etl_dag.py
[2025-11-11T14:07:16.097+0000] {processor.py:840} INFO - DAG(s) 'simple_etl_lineage' retrieved from /opt/airflow/dags/etl_dag.py
[2025-11-11T14:07:16.138+0000] {logging_mixin.py:188} INFO - [2025-11-11T14:07:16.137+0000] {dag.py:3036} INFO - Sync 1 DAGs
[2025-11-11T14:07:16.156+0000] {logging_mixin.py:188} INFO - [2025-11-11T14:07:16.156+0000] {dag.py:3823} INFO - Setting next_dagrun for simple_etl_lineage to None, run_after=None
[2025-11-11T14:07:16.197+0000] {processor.py:183} INFO - Processing /opt/airflow/dags/etl_dag.py took 0.155 seconds
[2025-11-11T14:07:46.662+0000] {processor.py:161} INFO - Started process (PID=419) to work on /opt/airflow/dags/etl_dag.py
[2025-11-11T14:07:46.664+0000] {processor.py:830} INFO - Processing file /opt/airflow/dags/etl_dag.py for tasks to queue
[2025-11-11T14:07:46.666+0000] {logging_mixin.py:188} INFO - [2025-11-11T14:07:46.666+0000] {dagbag.py:538} INFO - Filling up the DagBag from /opt/airflow/dags/etl_dag.py
[2025-11-11T14:07:46.713+0000] {processor.py:840} INFO - DAG(s) 'simple_etl_lineage' retrieved from /opt/airflow/dags/etl_dag.py
[2025-11-11T14:07:46.753+0000] {logging_mixin.py:188} INFO - [2025-11-11T14:07:46.753+0000] {dag.py:3036} INFO - Sync 1 DAGs
[2025-11-11T14:07:46.768+0000] {logging_mixin.py:188} INFO - [2025-11-11T14:07:46.768+0000] {dag.py:3823} INFO - Setting next_dagrun for simple_etl_lineage to None, run_after=None
[2025-11-11T14:07:46.810+0000] {processor.py:183} INFO - Processing /opt/airflow/dags/etl_dag.py took 0.170 seconds
[2025-11-11T14:08:17.244+0000] {processor.py:161} INFO - Started process (PID=434) to work on /opt/airflow/dags/etl_dag.py
[2025-11-11T14:08:17.246+0000] {processor.py:830} INFO - Processing file /opt/airflow/dags/etl_dag.py for tasks to queue
[2025-11-11T14:08:17.247+0000] {logging_mixin.py:188} INFO - [2025-11-11T14:08:17.247+0000] {dagbag.py:538} INFO - Filling up the DagBag from /opt/airflow/dags/etl_dag.py
[2025-11-11T14:08:17.285+0000] {processor.py:840} INFO - DAG(s) 'simple_etl_lineage' retrieved from /opt/airflow/dags/etl_dag.py
[2025-11-11T14:08:17.311+0000] {logging_mixin.py:188} INFO - [2025-11-11T14:08:17.310+0000] {dag.py:3036} INFO - Sync 1 DAGs
[2025-11-11T14:08:17.323+0000] {logging_mixin.py:188} INFO - [2025-11-11T14:08:17.322+0000] {dag.py:3823} INFO - Setting next_dagrun for simple_etl_lineage to None, run_after=None
[2025-11-11T14:08:17.418+0000] {processor.py:183} INFO - Processing /opt/airflow/dags/etl_dag.py took 0.177 seconds
[2025-11-11T14:08:47.765+0000] {processor.py:161} INFO - Started process (PID=449) to work on /opt/airflow/dags/etl_dag.py
[2025-11-11T14:08:47.766+0000] {processor.py:830} INFO - Processing file /opt/airflow/dags/etl_dag.py for tasks to queue
[2025-11-11T14:08:47.767+0000] {logging_mixin.py:188} INFO - [2025-11-11T14:08:47.767+0000] {dagbag.py:538} INFO - Filling up the DagBag from /opt/airflow/dags/etl_dag.py
[2025-11-11T14:08:47.795+0000] {processor.py:840} INFO - DAG(s) 'simple_etl_lineage' retrieved from /opt/airflow/dags/etl_dag.py
[2025-11-11T14:08:47.821+0000] {logging_mixin.py:188} INFO - [2025-11-11T14:08:47.821+0000] {dag.py:3036} INFO - Sync 1 DAGs
[2025-11-11T14:08:47.832+0000] {logging_mixin.py:188} INFO - [2025-11-11T14:08:47.832+0000] {dag.py:3823} INFO - Setting next_dagrun for simple_etl_lineage to None, run_after=None
[2025-11-11T14:08:47.853+0000] {processor.py:183} INFO - Processing /opt/airflow/dags/etl_dag.py took 0.092 seconds
[2025-11-11T14:09:18.407+0000] {processor.py:161} INFO - Started process (PID=464) to work on /opt/airflow/dags/etl_dag.py
[2025-11-11T14:09:18.409+0000] {processor.py:830} INFO - Processing file /opt/airflow/dags/etl_dag.py for tasks to queue
[2025-11-11T14:09:18.410+0000] {logging_mixin.py:188} INFO - [2025-11-11T14:09:18.410+0000] {dagbag.py:538} INFO - Filling up the DagBag from /opt/airflow/dags/etl_dag.py
[2025-11-11T14:09:18.487+0000] {processor.py:840} INFO - DAG(s) 'simple_etl_lineage' retrieved from /opt/airflow/dags/etl_dag.py
[2025-11-11T14:09:18.509+0000] {logging_mixin.py:188} INFO - [2025-11-11T14:09:18.509+0000] {dag.py:3036} INFO - Sync 1 DAGs
[2025-11-11T14:09:18.522+0000] {logging_mixin.py:188} INFO - [2025-11-11T14:09:18.522+0000] {dag.py:3823} INFO - Setting next_dagrun for simple_etl_lineage to None, run_after=None
[2025-11-11T14:09:18.539+0000] {processor.py:183} INFO - Processing /opt/airflow/dags/etl_dag.py took 0.135 seconds
[2025-11-11T14:09:48.890+0000] {processor.py:161} INFO - Started process (PID=479) to work on /opt/airflow/dags/etl_dag.py
[2025-11-11T14:09:48.892+0000] {processor.py:830} INFO - Processing file /opt/airflow/dags/etl_dag.py for tasks to queue
[2025-11-11T14:09:48.893+0000] {logging_mixin.py:188} INFO - [2025-11-11T14:09:48.893+0000] {dagbag.py:538} INFO - Filling up the DagBag from /opt/airflow/dags/etl_dag.py
[2025-11-11T14:09:49.002+0000] {processor.py:840} INFO - DAG(s) 'simple_etl_lineage' retrieved from /opt/airflow/dags/etl_dag.py
[2025-11-11T14:09:49.045+0000] {logging_mixin.py:188} INFO - [2025-11-11T14:09:49.045+0000] {dag.py:3036} INFO - Sync 1 DAGs
[2025-11-11T14:09:49.073+0000] {logging_mixin.py:188} INFO - [2025-11-11T14:09:49.073+0000] {dag.py:3823} INFO - Setting next_dagrun for simple_etl_lineage to None, run_after=None
[2025-11-11T14:09:49.106+0000] {processor.py:183} INFO - Processing /opt/airflow/dags/etl_dag.py took 0.220 seconds
[2025-11-11T14:10:19.717+0000] {processor.py:161} INFO - Started process (PID=492) to work on /opt/airflow/dags/etl_dag.py
[2025-11-11T14:10:19.720+0000] {processor.py:830} INFO - Processing file /opt/airflow/dags/etl_dag.py for tasks to queue
[2025-11-11T14:10:19.723+0000] {logging_mixin.py:188} INFO - [2025-11-11T14:10:19.723+0000] {dagbag.py:538} INFO - Filling up the DagBag from /opt/airflow/dags/etl_dag.py
[2025-11-11T14:10:19.766+0000] {processor.py:840} INFO - DAG(s) 'simple_etl_lineage' retrieved from /opt/airflow/dags/etl_dag.py
[2025-11-11T14:10:19.807+0000] {logging_mixin.py:188} INFO - [2025-11-11T14:10:19.807+0000] {dag.py:3036} INFO - Sync 1 DAGs
[2025-11-11T14:10:19.837+0000] {logging_mixin.py:188} INFO - [2025-11-11T14:10:19.837+0000] {dag.py:3823} INFO - Setting next_dagrun for simple_etl_lineage to None, run_after=None
[2025-11-11T14:10:19.886+0000] {processor.py:183} INFO - Processing /opt/airflow/dags/etl_dag.py took 0.174 seconds
[2025-11-11T14:10:51.238+0000] {processor.py:161} INFO - Started process (PID=507) to work on /opt/airflow/dags/etl_dag.py
[2025-11-11T14:10:51.239+0000] {processor.py:830} INFO - Processing file /opt/airflow/dags/etl_dag.py for tasks to queue
[2025-11-11T14:10:51.240+0000] {logging_mixin.py:188} INFO - [2025-11-11T14:10:51.240+0000] {dagbag.py:538} INFO - Filling up the DagBag from /opt/airflow/dags/etl_dag.py
[2025-11-11T14:10:51.260+0000] {processor.py:840} INFO - DAG(s) 'simple_etl_lineage' retrieved from /opt/airflow/dags/etl_dag.py
[2025-11-11T14:10:51.290+0000] {logging_mixin.py:188} INFO - [2025-11-11T14:10:51.289+0000] {dag.py:3036} INFO - Sync 1 DAGs
[2025-11-11T14:10:51.302+0000] {logging_mixin.py:188} INFO - [2025-11-11T14:10:51.302+0000] {dag.py:3823} INFO - Setting next_dagrun for simple_etl_lineage to None, run_after=None
[2025-11-11T14:10:51.334+0000] {processor.py:183} INFO - Processing /opt/airflow/dags/etl_dag.py took 0.099 seconds
[2025-11-11T14:11:21.537+0000] {processor.py:161} INFO - Started process (PID=524) to work on /opt/airflow/dags/etl_dag.py
[2025-11-11T14:11:21.539+0000] {processor.py:830} INFO - Processing file /opt/airflow/dags/etl_dag.py for tasks to queue
[2025-11-11T14:11:21.542+0000] {logging_mixin.py:188} INFO - [2025-11-11T14:11:21.541+0000] {dagbag.py:538} INFO - Filling up the DagBag from /opt/airflow/dags/etl_dag.py
[2025-11-11T14:11:21.600+0000] {processor.py:840} INFO - DAG(s) 'simple_etl_lineage' retrieved from /opt/airflow/dags/etl_dag.py
[2025-11-11T14:11:21.663+0000] {logging_mixin.py:188} INFO - [2025-11-11T14:11:21.662+0000] {dag.py:3036} INFO - Sync 1 DAGs
[2025-11-11T14:11:21.684+0000] {logging_mixin.py:188} INFO - [2025-11-11T14:11:21.684+0000] {dag.py:3823} INFO - Setting next_dagrun for simple_etl_lineage to None, run_after=None
[2025-11-11T14:11:21.724+0000] {processor.py:183} INFO - Processing /opt/airflow/dags/etl_dag.py took 0.192 seconds
[2025-11-11T14:11:52.010+0000] {processor.py:161} INFO - Started process (PID=539) to work on /opt/airflow/dags/etl_dag.py
[2025-11-11T14:11:52.016+0000] {processor.py:830} INFO - Processing file /opt/airflow/dags/etl_dag.py for tasks to queue
[2025-11-11T14:11:52.020+0000] {logging_mixin.py:188} INFO - [2025-11-11T14:11:52.018+0000] {dagbag.py:538} INFO - Filling up the DagBag from /opt/airflow/dags/etl_dag.py
[2025-11-11T14:11:52.074+0000] {processor.py:840} INFO - DAG(s) 'simple_etl_lineage' retrieved from /opt/airflow/dags/etl_dag.py
[2025-11-11T14:11:52.115+0000] {logging_mixin.py:188} INFO - [2025-11-11T14:11:52.115+0000] {dag.py:3036} INFO - Sync 1 DAGs
[2025-11-11T14:11:52.130+0000] {logging_mixin.py:188} INFO - [2025-11-11T14:11:52.129+0000] {dag.py:3823} INFO - Setting next_dagrun for simple_etl_lineage to None, run_after=None
[2025-11-11T14:11:52.168+0000] {processor.py:183} INFO - Processing /opt/airflow/dags/etl_dag.py took 0.163 seconds
[2025-11-11T14:12:22.615+0000] {processor.py:161} INFO - Started process (PID=552) to work on /opt/airflow/dags/etl_dag.py
[2025-11-11T14:12:22.618+0000] {processor.py:830} INFO - Processing file /opt/airflow/dags/etl_dag.py for tasks to queue
[2025-11-11T14:12:22.624+0000] {logging_mixin.py:188} INFO - [2025-11-11T14:12:22.619+0000] {dagbag.py:538} INFO - Filling up the DagBag from /opt/airflow/dags/etl_dag.py
[2025-11-11T14:12:22.679+0000] {processor.py:840} INFO - DAG(s) 'simple_etl_lineage' retrieved from /opt/airflow/dags/etl_dag.py
[2025-11-11T14:12:22.808+0000] {logging_mixin.py:188} INFO - [2025-11-11T14:12:22.798+0000] {dag.py:3036} INFO - Sync 1 DAGs
[2025-11-11T14:12:22.860+0000] {logging_mixin.py:188} INFO - [2025-11-11T14:12:22.860+0000] {dag.py:3823} INFO - Setting next_dagrun for simple_etl_lineage to None, run_after=None
[2025-11-11T14:12:22.922+0000] {processor.py:183} INFO - Processing /opt/airflow/dags/etl_dag.py took 0.315 seconds
[2025-11-11T14:12:53.346+0000] {processor.py:161} INFO - Started process (PID=567) to work on /opt/airflow/dags/etl_dag.py
[2025-11-11T14:12:53.349+0000] {processor.py:830} INFO - Processing file /opt/airflow/dags/etl_dag.py for tasks to queue
[2025-11-11T14:12:53.350+0000] {logging_mixin.py:188} INFO - [2025-11-11T14:12:53.350+0000] {dagbag.py:538} INFO - Filling up the DagBag from /opt/airflow/dags/etl_dag.py
[2025-11-11T14:12:53.379+0000] {processor.py:840} INFO - DAG(s) 'simple_etl_lineage' retrieved from /opt/airflow/dags/etl_dag.py
[2025-11-11T14:12:53.416+0000] {logging_mixin.py:188} INFO - [2025-11-11T14:12:53.416+0000] {dag.py:3036} INFO - Sync 1 DAGs
[2025-11-11T14:12:53.433+0000] {logging_mixin.py:188} INFO - [2025-11-11T14:12:53.432+0000] {dag.py:3823} INFO - Setting next_dagrun for simple_etl_lineage to None, run_after=None
[2025-11-11T14:12:53.513+0000] {processor.py:183} INFO - Processing /opt/airflow/dags/etl_dag.py took 0.171 seconds
[2025-11-11T14:13:23.906+0000] {processor.py:161} INFO - Started process (PID=582) to work on /opt/airflow/dags/etl_dag.py
[2025-11-11T14:13:23.908+0000] {processor.py:830} INFO - Processing file /opt/airflow/dags/etl_dag.py for tasks to queue
[2025-11-11T14:13:23.910+0000] {logging_mixin.py:188} INFO - [2025-11-11T14:13:23.910+0000] {dagbag.py:538} INFO - Filling up the DagBag from /opt/airflow/dags/etl_dag.py
[2025-11-11T14:13:23.949+0000] {processor.py:840} INFO - DAG(s) 'simple_etl_lineage' retrieved from /opt/airflow/dags/etl_dag.py
[2025-11-11T14:13:24.034+0000] {logging_mixin.py:188} INFO - [2025-11-11T14:13:24.033+0000] {dag.py:3036} INFO - Sync 1 DAGs
[2025-11-11T14:13:24.053+0000] {logging_mixin.py:188} INFO - [2025-11-11T14:13:24.052+0000] {dag.py:3823} INFO - Setting next_dagrun for simple_etl_lineage to None, run_after=None
[2025-11-11T14:13:24.076+0000] {processor.py:183} INFO - Processing /opt/airflow/dags/etl_dag.py took 0.174 seconds
[2025-11-11T14:13:54.855+0000] {processor.py:161} INFO - Started process (PID=597) to work on /opt/airflow/dags/etl_dag.py
[2025-11-11T14:13:54.858+0000] {processor.py:830} INFO - Processing file /opt/airflow/dags/etl_dag.py for tasks to queue
[2025-11-11T14:13:54.860+0000] {logging_mixin.py:188} INFO - [2025-11-11T14:13:54.859+0000] {dagbag.py:538} INFO - Filling up the DagBag from /opt/airflow/dags/etl_dag.py
[2025-11-11T14:13:54.907+0000] {processor.py:840} INFO - DAG(s) 'simple_etl_lineage' retrieved from /opt/airflow/dags/etl_dag.py
[2025-11-11T14:13:54.976+0000] {logging_mixin.py:188} INFO - [2025-11-11T14:13:54.975+0000] {dag.py:3036} INFO - Sync 1 DAGs
[2025-11-11T14:13:55.012+0000] {logging_mixin.py:188} INFO - [2025-11-11T14:13:55.012+0000] {dag.py:3823} INFO - Setting next_dagrun for simple_etl_lineage to None, run_after=None
[2025-11-11T14:13:55.059+0000] {processor.py:183} INFO - Processing /opt/airflow/dags/etl_dag.py took 0.211 seconds
[2025-11-11T14:14:25.621+0000] {processor.py:161} INFO - Started process (PID=612) to work on /opt/airflow/dags/etl_dag.py
[2025-11-11T14:14:25.624+0000] {processor.py:830} INFO - Processing file /opt/airflow/dags/etl_dag.py for tasks to queue
[2025-11-11T14:14:25.626+0000] {logging_mixin.py:188} INFO - [2025-11-11T14:14:25.625+0000] {dagbag.py:538} INFO - Filling up the DagBag from /opt/airflow/dags/etl_dag.py
[2025-11-11T14:14:25.702+0000] {processor.py:840} INFO - DAG(s) 'simple_etl_lineage' retrieved from /opt/airflow/dags/etl_dag.py
[2025-11-11T14:14:25.781+0000] {logging_mixin.py:188} INFO - [2025-11-11T14:14:25.781+0000] {dag.py:3036} INFO - Sync 1 DAGs
[2025-11-11T14:14:25.814+0000] {logging_mixin.py:188} INFO - [2025-11-11T14:14:25.814+0000] {dag.py:3823} INFO - Setting next_dagrun for simple_etl_lineage to None, run_after=None
[2025-11-11T14:14:25.884+0000] {processor.py:183} INFO - Processing /opt/airflow/dags/etl_dag.py took 0.269 seconds
[2025-11-11T14:14:56.744+0000] {processor.py:161} INFO - Started process (PID=628) to work on /opt/airflow/dags/etl_dag.py
[2025-11-11T14:14:56.747+0000] {processor.py:830} INFO - Processing file /opt/airflow/dags/etl_dag.py for tasks to queue
[2025-11-11T14:14:56.750+0000] {logging_mixin.py:188} INFO - [2025-11-11T14:14:56.749+0000] {dagbag.py:538} INFO - Filling up the DagBag from /opt/airflow/dags/etl_dag.py
[2025-11-11T14:14:56.792+0000] {processor.py:840} INFO - DAG(s) 'simple_etl_lineage' retrieved from /opt/airflow/dags/etl_dag.py
[2025-11-11T14:14:56.875+0000] {logging_mixin.py:188} INFO - [2025-11-11T14:14:56.874+0000] {dag.py:3036} INFO - Sync 1 DAGs
[2025-11-11T14:14:56.919+0000] {logging_mixin.py:188} INFO - [2025-11-11T14:14:56.919+0000] {dag.py:3823} INFO - Setting next_dagrun for simple_etl_lineage to None, run_after=None
[2025-11-11T14:14:57.029+0000] {processor.py:183} INFO - Processing /opt/airflow/dags/etl_dag.py took 0.294 seconds
[2025-11-11T14:15:29.033+0000] {processor.py:161} INFO - Started process (PID=645) to work on /opt/airflow/dags/etl_dag.py
[2025-11-11T14:15:29.036+0000] {processor.py:830} INFO - Processing file /opt/airflow/dags/etl_dag.py for tasks to queue
[2025-11-11T14:15:29.041+0000] {logging_mixin.py:188} INFO - [2025-11-11T14:15:29.040+0000] {dagbag.py:538} INFO - Filling up the DagBag from /opt/airflow/dags/etl_dag.py
[2025-11-11T14:15:29.219+0000] {processor.py:840} INFO - DAG(s) 'simple_etl_lineage' retrieved from /opt/airflow/dags/etl_dag.py
[2025-11-11T14:15:29.752+0000] {logging_mixin.py:188} INFO - [2025-11-11T14:15:29.751+0000] {dag.py:3036} INFO - Sync 1 DAGs
[2025-11-11T14:15:29.800+0000] {logging_mixin.py:188} INFO - [2025-11-11T14:15:29.799+0000] {dag.py:3823} INFO - Setting next_dagrun for simple_etl_lineage to None, run_after=None
[2025-11-11T14:15:29.874+0000] {processor.py:183} INFO - Processing /opt/airflow/dags/etl_dag.py took 0.847 seconds
[2025-11-11T14:16:00.442+0000] {processor.py:161} INFO - Started process (PID=660) to work on /opt/airflow/dags/etl_dag.py
[2025-11-11T14:16:00.444+0000] {processor.py:830} INFO - Processing file /opt/airflow/dags/etl_dag.py for tasks to queue
[2025-11-11T14:16:00.447+0000] {logging_mixin.py:188} INFO - [2025-11-11T14:16:00.446+0000] {dagbag.py:538} INFO - Filling up the DagBag from /opt/airflow/dags/etl_dag.py
[2025-11-11T14:16:00.503+0000] {processor.py:840} INFO - DAG(s) 'simple_etl_lineage' retrieved from /opt/airflow/dags/etl_dag.py
[2025-11-11T14:16:00.610+0000] {logging_mixin.py:188} INFO - [2025-11-11T14:16:00.610+0000] {dag.py:3036} INFO - Sync 1 DAGs
[2025-11-11T14:16:00.680+0000] {logging_mixin.py:188} INFO - [2025-11-11T14:16:00.680+0000] {dag.py:3823} INFO - Setting next_dagrun for simple_etl_lineage to None, run_after=None
[2025-11-11T14:16:00.757+0000] {processor.py:183} INFO - Processing /opt/airflow/dags/etl_dag.py took 0.323 seconds
[2025-11-11T14:16:31.002+0000] {processor.py:161} INFO - Started process (PID=675) to work on /opt/airflow/dags/etl_dag.py
[2025-11-11T14:16:31.004+0000] {processor.py:830} INFO - Processing file /opt/airflow/dags/etl_dag.py for tasks to queue
[2025-11-11T14:16:31.011+0000] {logging_mixin.py:188} INFO - [2025-11-11T14:16:31.010+0000] {dagbag.py:538} INFO - Filling up the DagBag from /opt/airflow/dags/etl_dag.py
[2025-11-11T14:16:31.051+0000] {processor.py:840} INFO - DAG(s) 'simple_etl_lineage' retrieved from /opt/airflow/dags/etl_dag.py
[2025-11-11T14:16:31.120+0000] {logging_mixin.py:188} INFO - [2025-11-11T14:16:31.120+0000] {dag.py:3036} INFO - Sync 1 DAGs
[2025-11-11T14:16:31.161+0000] {logging_mixin.py:188} INFO - [2025-11-11T14:16:31.160+0000] {dag.py:3823} INFO - Setting next_dagrun for simple_etl_lineage to None, run_after=None
[2025-11-11T14:16:31.193+0000] {processor.py:183} INFO - Processing /opt/airflow/dags/etl_dag.py took 0.196 seconds
[2025-11-11T14:17:01.747+0000] {processor.py:161} INFO - Started process (PID=690) to work on /opt/airflow/dags/etl_dag.py
[2025-11-11T14:17:01.750+0000] {processor.py:830} INFO - Processing file /opt/airflow/dags/etl_dag.py for tasks to queue
[2025-11-11T14:17:01.752+0000] {logging_mixin.py:188} INFO - [2025-11-11T14:17:01.751+0000] {dagbag.py:538} INFO - Filling up the DagBag from /opt/airflow/dags/etl_dag.py
[2025-11-11T14:17:01.801+0000] {processor.py:840} INFO - DAG(s) 'simple_etl_lineage' retrieved from /opt/airflow/dags/etl_dag.py
[2025-11-11T14:17:01.883+0000] {logging_mixin.py:188} INFO - [2025-11-11T14:17:01.883+0000] {dag.py:3036} INFO - Sync 1 DAGs
[2025-11-11T14:17:01.930+0000] {logging_mixin.py:188} INFO - [2025-11-11T14:17:01.930+0000] {dag.py:3823} INFO - Setting next_dagrun for simple_etl_lineage to None, run_after=None
[2025-11-11T14:17:02.021+0000] {processor.py:183} INFO - Processing /opt/airflow/dags/etl_dag.py took 0.280 seconds
[2025-11-11T14:17:39.328+0000] {processor.py:161} INFO - Started process (PID=707) to work on /opt/airflow/dags/etl_dag.py
[2025-11-11T14:17:39.341+0000] {processor.py:830} INFO - Processing file /opt/airflow/dags/etl_dag.py for tasks to queue
[2025-11-11T14:17:39.364+0000] {logging_mixin.py:188} INFO - [2025-11-11T14:17:39.363+0000] {dagbag.py:538} INFO - Filling up the DagBag from /opt/airflow/dags/etl_dag.py
[2025-11-11T14:17:39.898+0000] {processor.py:840} INFO - DAG(s) 'simple_etl_lineage' retrieved from /opt/airflow/dags/etl_dag.py
[2025-11-11T14:17:40.124+0000] {logging_mixin.py:188} INFO - [2025-11-11T14:17:40.124+0000] {dag.py:3036} INFO - Sync 1 DAGs
[2025-11-11T14:17:40.187+0000] {logging_mixin.py:188} INFO - [2025-11-11T14:17:40.186+0000] {dag.py:3823} INFO - Setting next_dagrun for simple_etl_lineage to None, run_after=None
[2025-11-11T14:17:40.299+0000] {processor.py:183} INFO - Processing /opt/airflow/dags/etl_dag.py took 0.978 seconds
[2025-11-11T14:18:21.397+0000] {processor.py:161} INFO - Started process (PID=723) to work on /opt/airflow/dags/etl_dag.py
[2025-11-11T14:18:21.412+0000] {processor.py:830} INFO - Processing file /opt/airflow/dags/etl_dag.py for tasks to queue
[2025-11-11T14:18:21.416+0000] {logging_mixin.py:188} INFO - [2025-11-11T14:18:21.415+0000] {dagbag.py:538} INFO - Filling up the DagBag from /opt/airflow/dags/etl_dag.py
[2025-11-11T14:18:21.607+0000] {processor.py:840} INFO - DAG(s) 'simple_etl_lineage' retrieved from /opt/airflow/dags/etl_dag.py
[2025-11-11T14:18:21.797+0000] {logging_mixin.py:188} INFO - [2025-11-11T14:18:21.797+0000] {dag.py:3036} INFO - Sync 1 DAGs
[2025-11-11T14:18:21.859+0000] {logging_mixin.py:188} INFO - [2025-11-11T14:18:21.858+0000] {dag.py:3823} INFO - Setting next_dagrun for simple_etl_lineage to None, run_after=None
[2025-11-11T14:18:22.251+0000] {processor.py:183} INFO - Processing /opt/airflow/dags/etl_dag.py took 0.900 seconds
[2025-11-11T14:18:55.301+0000] {processor.py:161} INFO - Started process (PID=738) to work on /opt/airflow/dags/etl_dag.py
[2025-11-11T14:18:55.306+0000] {processor.py:830} INFO - Processing file /opt/airflow/dags/etl_dag.py for tasks to queue
[2025-11-11T14:18:55.319+0000] {logging_mixin.py:188} INFO - [2025-11-11T14:18:55.316+0000] {dagbag.py:538} INFO - Filling up the DagBag from /opt/airflow/dags/etl_dag.py
[2025-11-11T14:19:00.337+0000] {processor.py:840} INFO - DAG(s) 'simple_etl_lineage' retrieved from /opt/airflow/dags/etl_dag.py
[2025-11-11T14:19:00.653+0000] {logging_mixin.py:188} INFO - [2025-11-11T14:19:00.653+0000] {dag.py:3036} INFO - Sync 1 DAGs
[2025-11-11T14:19:01.147+0000] {logging_mixin.py:188} INFO - [2025-11-11T14:19:01.146+0000] {dag.py:3823} INFO - Setting next_dagrun for simple_etl_lineage to None, run_after=None
[2025-11-11T14:19:01.841+0000] {processor.py:183} INFO - Processing /opt/airflow/dags/etl_dag.py took 6.551 seconds
[2025-11-11T14:19:32.259+0000] {processor.py:161} INFO - Started process (PID=753) to work on /opt/airflow/dags/etl_dag.py
[2025-11-11T14:19:32.262+0000] {processor.py:830} INFO - Processing file /opt/airflow/dags/etl_dag.py for tasks to queue
[2025-11-11T14:19:32.272+0000] {logging_mixin.py:188} INFO - [2025-11-11T14:19:32.271+0000] {dagbag.py:538} INFO - Filling up the DagBag from /opt/airflow/dags/etl_dag.py
[2025-11-11T14:19:32.318+0000] {processor.py:840} INFO - DAG(s) 'simple_etl_lineage' retrieved from /opt/airflow/dags/etl_dag.py
[2025-11-11T14:19:32.410+0000] {logging_mixin.py:188} INFO - [2025-11-11T14:19:32.410+0000] {dag.py:3036} INFO - Sync 1 DAGs
[2025-11-11T14:19:32.457+0000] {logging_mixin.py:188} INFO - [2025-11-11T14:19:32.457+0000] {dag.py:3823} INFO - Setting next_dagrun for simple_etl_lineage to None, run_after=None
[2025-11-11T14:19:32.521+0000] {processor.py:183} INFO - Processing /opt/airflow/dags/etl_dag.py took 0.268 seconds
[2025-11-11T14:20:06.583+0000] {processor.py:161} INFO - Started process (PID=768) to work on /opt/airflow/dags/etl_dag.py
[2025-11-11T14:20:06.587+0000] {processor.py:830} INFO - Processing file /opt/airflow/dags/etl_dag.py for tasks to queue
[2025-11-11T14:20:06.592+0000] {logging_mixin.py:188} INFO - [2025-11-11T14:20:06.591+0000] {dagbag.py:538} INFO - Filling up the DagBag from /opt/airflow/dags/etl_dag.py
[2025-11-11T14:20:06.671+0000] {processor.py:840} INFO - DAG(s) 'simple_etl_lineage' retrieved from /opt/airflow/dags/etl_dag.py
[2025-11-11T14:20:06.772+0000] {logging_mixin.py:188} INFO - [2025-11-11T14:20:06.772+0000] {dag.py:3036} INFO - Sync 1 DAGs
[2025-11-11T14:20:06.833+0000] {logging_mixin.py:188} INFO - [2025-11-11T14:20:06.832+0000] {dag.py:3823} INFO - Setting next_dagrun for simple_etl_lineage to None, run_after=None
[2025-11-11T14:20:06.902+0000] {processor.py:183} INFO - Processing /opt/airflow/dags/etl_dag.py took 0.332 seconds
[2025-11-11T14:21:20.390+0000] {processor.py:161} INFO - Started process (PID=783) to work on /opt/airflow/dags/etl_dag.py
[2025-11-11T14:21:20.397+0000] {processor.py:830} INFO - Processing file /opt/airflow/dags/etl_dag.py for tasks to queue
[2025-11-11T14:21:20.406+0000] {logging_mixin.py:188} INFO - [2025-11-11T14:21:20.405+0000] {dagbag.py:538} INFO - Filling up the DagBag from /opt/airflow/dags/etl_dag.py
[2025-11-11T14:21:20.788+0000] {processor.py:840} INFO - DAG(s) 'simple_etl_lineage' retrieved from /opt/airflow/dags/etl_dag.py
[2025-11-11T14:21:21.043+0000] {logging_mixin.py:188} INFO - [2025-11-11T14:21:21.042+0000] {dag.py:3036} INFO - Sync 1 DAGs
[2025-11-11T14:21:21.152+0000] {logging_mixin.py:188} INFO - [2025-11-11T14:21:21.151+0000] {dag.py:3823} INFO - Setting next_dagrun for simple_etl_lineage to None, run_after=None
[2025-11-11T14:21:21.805+0000] {processor.py:183} INFO - Processing /opt/airflow/dags/etl_dag.py took 1.424 seconds
[2025-11-11T14:21:55.510+0000] {processor.py:161} INFO - Started process (PID=798) to work on /opt/airflow/dags/etl_dag.py
[2025-11-11T14:21:55.535+0000] {processor.py:830} INFO - Processing file /opt/airflow/dags/etl_dag.py for tasks to queue
[2025-11-11T14:21:55.544+0000] {logging_mixin.py:188} INFO - [2025-11-11T14:21:55.543+0000] {dagbag.py:538} INFO - Filling up the DagBag from /opt/airflow/dags/etl_dag.py
[2025-11-11T14:21:57.014+0000] {processor.py:840} INFO - DAG(s) 'simple_etl_lineage' retrieved from /opt/airflow/dags/etl_dag.py
[2025-11-11T14:21:57.213+0000] {logging_mixin.py:188} INFO - [2025-11-11T14:21:57.213+0000] {dag.py:3036} INFO - Sync 1 DAGs
[2025-11-11T14:21:57.308+0000] {logging_mixin.py:188} INFO - [2025-11-11T14:21:57.308+0000] {dag.py:3823} INFO - Setting next_dagrun for simple_etl_lineage to None, run_after=None
[2025-11-11T14:21:57.396+0000] {processor.py:183} INFO - Processing /opt/airflow/dags/etl_dag.py took 1.892 seconds
[2025-11-11T14:22:29.362+0000] {processor.py:161} INFO - Started process (PID=813) to work on /opt/airflow/dags/etl_dag.py
[2025-11-11T14:22:29.371+0000] {processor.py:830} INFO - Processing file /opt/airflow/dags/etl_dag.py for tasks to queue
[2025-11-11T14:22:29.375+0000] {logging_mixin.py:188} INFO - [2025-11-11T14:22:29.375+0000] {dagbag.py:538} INFO - Filling up the DagBag from /opt/airflow/dags/etl_dag.py
[2025-11-11T14:22:29.663+0000] {processor.py:840} INFO - DAG(s) 'simple_etl_lineage' retrieved from /opt/airflow/dags/etl_dag.py
[2025-11-11T14:22:29.770+0000] {logging_mixin.py:188} INFO - [2025-11-11T14:22:29.770+0000] {dag.py:3036} INFO - Sync 1 DAGs
[2025-11-11T14:22:29.820+0000] {logging_mixin.py:188} INFO - [2025-11-11T14:22:29.820+0000] {dag.py:3823} INFO - Setting next_dagrun for simple_etl_lineage to None, run_after=None
[2025-11-11T14:22:29.908+0000] {processor.py:183} INFO - Processing /opt/airflow/dags/etl_dag.py took 0.552 seconds
[2025-11-11T14:23:01.267+0000] {processor.py:161} INFO - Started process (PID=828) to work on /opt/airflow/dags/etl_dag.py
[2025-11-11T14:23:01.547+0000] {processor.py:830} INFO - Processing file /opt/airflow/dags/etl_dag.py for tasks to queue
[2025-11-11T14:23:01.569+0000] {logging_mixin.py:188} INFO - [2025-11-11T14:23:01.568+0000] {dagbag.py:538} INFO - Filling up the DagBag from /opt/airflow/dags/etl_dag.py
[2025-11-11T14:23:01.984+0000] {processor.py:840} INFO - DAG(s) 'simple_etl_lineage' retrieved from /opt/airflow/dags/etl_dag.py
[2025-11-11T14:23:02.285+0000] {logging_mixin.py:188} INFO - [2025-11-11T14:23:02.279+0000] {dag.py:3036} INFO - Sync 1 DAGs
[2025-11-11T14:23:02.358+0000] {logging_mixin.py:188} INFO - [2025-11-11T14:23:02.358+0000] {dag.py:3823} INFO - Setting next_dagrun for simple_etl_lineage to None, run_after=None
[2025-11-11T14:23:02.805+0000] {processor.py:183} INFO - Processing /opt/airflow/dags/etl_dag.py took 1.543 seconds
[2025-11-11T14:23:33.693+0000] {processor.py:161} INFO - Started process (PID=843) to work on /opt/airflow/dags/etl_dag.py
[2025-11-11T14:23:33.695+0000] {processor.py:830} INFO - Processing file /opt/airflow/dags/etl_dag.py for tasks to queue
[2025-11-11T14:23:33.698+0000] {logging_mixin.py:188} INFO - [2025-11-11T14:23:33.697+0000] {dagbag.py:538} INFO - Filling up the DagBag from /opt/airflow/dags/etl_dag.py
[2025-11-11T14:23:33.742+0000] {processor.py:840} INFO - DAG(s) 'simple_etl_lineage' retrieved from /opt/airflow/dags/etl_dag.py
[2025-11-11T14:23:33.830+0000] {logging_mixin.py:188} INFO - [2025-11-11T14:23:33.830+0000] {dag.py:3036} INFO - Sync 1 DAGs
[2025-11-11T14:23:33.878+0000] {logging_mixin.py:188} INFO - [2025-11-11T14:23:33.877+0000] {dag.py:3823} INFO - Setting next_dagrun for simple_etl_lineage to None, run_after=None
[2025-11-11T14:23:33.951+0000] {processor.py:183} INFO - Processing /opt/airflow/dags/etl_dag.py took 0.269 seconds
[2025-11-11T14:24:04.764+0000] {processor.py:161} INFO - Started process (PID=858) to work on /opt/airflow/dags/etl_dag.py
[2025-11-11T14:24:04.766+0000] {processor.py:830} INFO - Processing file /opt/airflow/dags/etl_dag.py for tasks to queue
[2025-11-11T14:24:04.768+0000] {logging_mixin.py:188} INFO - [2025-11-11T14:24:04.768+0000] {dagbag.py:538} INFO - Filling up the DagBag from /opt/airflow/dags/etl_dag.py
[2025-11-11T14:24:04.813+0000] {processor.py:840} INFO - DAG(s) 'simple_etl_lineage' retrieved from /opt/airflow/dags/etl_dag.py
[2025-11-11T14:24:04.895+0000] {logging_mixin.py:188} INFO - [2025-11-11T14:24:04.895+0000] {dag.py:3036} INFO - Sync 1 DAGs
[2025-11-11T14:24:04.927+0000] {logging_mixin.py:188} INFO - [2025-11-11T14:24:04.927+0000] {dag.py:3823} INFO - Setting next_dagrun for simple_etl_lineage to None, run_after=None
[2025-11-11T14:24:04.976+0000] {processor.py:183} INFO - Processing /opt/airflow/dags/etl_dag.py took 0.219 seconds
[2025-11-11T14:24:35.072+0000] {processor.py:161} INFO - Started process (PID=873) to work on /opt/airflow/dags/etl_dag.py
[2025-11-11T14:24:35.074+0000] {processor.py:830} INFO - Processing file /opt/airflow/dags/etl_dag.py for tasks to queue
[2025-11-11T14:24:35.077+0000] {logging_mixin.py:188} INFO - [2025-11-11T14:24:35.076+0000] {dagbag.py:538} INFO - Filling up the DagBag from /opt/airflow/dags/etl_dag.py
[2025-11-11T14:24:35.117+0000] {processor.py:840} INFO - DAG(s) 'simple_etl_lineage' retrieved from /opt/airflow/dags/etl_dag.py
[2025-11-11T14:24:35.198+0000] {logging_mixin.py:188} INFO - [2025-11-11T14:24:35.197+0000] {dag.py:3036} INFO - Sync 1 DAGs
[2025-11-11T14:24:35.227+0000] {logging_mixin.py:188} INFO - [2025-11-11T14:24:35.226+0000] {dag.py:3823} INFO - Setting next_dagrun for simple_etl_lineage to None, run_after=None
[2025-11-11T14:24:35.298+0000] {processor.py:183} INFO - Processing /opt/airflow/dags/etl_dag.py took 0.233 seconds
[2025-11-11T14:25:08.578+0000] {processor.py:161} INFO - Started process (PID=888) to work on /opt/airflow/dags/etl_dag.py
[2025-11-11T14:25:08.602+0000] {processor.py:830} INFO - Processing file /opt/airflow/dags/etl_dag.py for tasks to queue
[2025-11-11T14:25:08.877+0000] {logging_mixin.py:188} INFO - [2025-11-11T14:25:08.876+0000] {dagbag.py:538} INFO - Filling up the DagBag from /opt/airflow/dags/etl_dag.py
[2025-11-11T14:25:10.653+0000] {processor.py:840} INFO - DAG(s) 'simple_etl_lineage' retrieved from /opt/airflow/dags/etl_dag.py
[2025-11-11T14:25:10.987+0000] {logging_mixin.py:188} INFO - [2025-11-11T14:25:10.986+0000] {dag.py:3036} INFO - Sync 1 DAGs
[2025-11-11T14:25:11.148+0000] {logging_mixin.py:188} INFO - [2025-11-11T14:25:11.148+0000] {dag.py:3823} INFO - Setting next_dagrun for simple_etl_lineage to None, run_after=None
[2025-11-11T14:25:11.349+0000] {processor.py:183} INFO - Processing /opt/airflow/dags/etl_dag.py took 2.840 seconds
[2025-11-11T14:25:41.883+0000] {processor.py:161} INFO - Started process (PID=903) to work on /opt/airflow/dags/etl_dag.py
[2025-11-11T14:25:41.885+0000] {processor.py:830} INFO - Processing file /opt/airflow/dags/etl_dag.py for tasks to queue
[2025-11-11T14:25:41.890+0000] {logging_mixin.py:188} INFO - [2025-11-11T14:25:41.889+0000] {dagbag.py:538} INFO - Filling up the DagBag from /opt/airflow/dags/etl_dag.py
[2025-11-11T14:25:42.142+0000] {processor.py:840} INFO - DAG(s) 'simple_etl_lineage' retrieved from /opt/airflow/dags/etl_dag.py
[2025-11-11T14:25:42.358+0000] {logging_mixin.py:188} INFO - [2025-11-11T14:25:42.358+0000] {dag.py:3036} INFO - Sync 1 DAGs
[2025-11-11T14:25:42.403+0000] {logging_mixin.py:188} INFO - [2025-11-11T14:25:42.403+0000] {dag.py:3823} INFO - Setting next_dagrun for simple_etl_lineage to None, run_after=None
[2025-11-11T14:25:42.515+0000] {processor.py:183} INFO - Processing /opt/airflow/dags/etl_dag.py took 0.640 seconds
[2025-11-11T14:26:13.194+0000] {processor.py:161} INFO - Started process (PID=918) to work on /opt/airflow/dags/etl_dag.py
[2025-11-11T14:26:13.197+0000] {processor.py:830} INFO - Processing file /opt/airflow/dags/etl_dag.py for tasks to queue
[2025-11-11T14:26:13.207+0000] {logging_mixin.py:188} INFO - [2025-11-11T14:26:13.207+0000] {dagbag.py:538} INFO - Filling up the DagBag from /opt/airflow/dags/etl_dag.py
[2025-11-11T14:26:13.260+0000] {processor.py:840} INFO - DAG(s) 'simple_etl_lineage' retrieved from /opt/airflow/dags/etl_dag.py
[2025-11-11T14:26:13.355+0000] {logging_mixin.py:188} INFO - [2025-11-11T14:26:13.354+0000] {dag.py:3036} INFO - Sync 1 DAGs
[2025-11-11T14:26:13.407+0000] {logging_mixin.py:188} INFO - [2025-11-11T14:26:13.399+0000] {dag.py:3823} INFO - Setting next_dagrun for simple_etl_lineage to None, run_after=None
[2025-11-11T14:26:13.471+0000] {processor.py:183} INFO - Processing /opt/airflow/dags/etl_dag.py took 0.281 seconds
[2025-11-11T14:26:43.733+0000] {processor.py:161} INFO - Started process (PID=933) to work on /opt/airflow/dags/etl_dag.py
[2025-11-11T14:26:43.736+0000] {processor.py:830} INFO - Processing file /opt/airflow/dags/etl_dag.py for tasks to queue
[2025-11-11T14:26:43.739+0000] {logging_mixin.py:188} INFO - [2025-11-11T14:26:43.738+0000] {dagbag.py:538} INFO - Filling up the DagBag from /opt/airflow/dags/etl_dag.py
[2025-11-11T14:26:43.803+0000] {processor.py:840} INFO - DAG(s) 'simple_etl_lineage' retrieved from /opt/airflow/dags/etl_dag.py
[2025-11-11T14:26:43.905+0000] {logging_mixin.py:188} INFO - [2025-11-11T14:26:43.904+0000] {dag.py:3036} INFO - Sync 1 DAGs
[2025-11-11T14:26:43.955+0000] {logging_mixin.py:188} INFO - [2025-11-11T14:26:43.955+0000] {dag.py:3823} INFO - Setting next_dagrun for simple_etl_lineage to None, run_after=None
[2025-11-11T14:26:44.013+0000] {processor.py:183} INFO - Processing /opt/airflow/dags/etl_dag.py took 0.286 seconds
[2025-11-11T14:27:14.332+0000] {processor.py:161} INFO - Started process (PID=948) to work on /opt/airflow/dags/etl_dag.py
[2025-11-11T14:27:14.350+0000] {processor.py:830} INFO - Processing file /opt/airflow/dags/etl_dag.py for tasks to queue
[2025-11-11T14:27:14.354+0000] {logging_mixin.py:188} INFO - [2025-11-11T14:27:14.353+0000] {dagbag.py:538} INFO - Filling up the DagBag from /opt/airflow/dags/etl_dag.py
[2025-11-11T14:27:14.437+0000] {processor.py:840} INFO - DAG(s) 'simple_etl_lineage' retrieved from /opt/airflow/dags/etl_dag.py
[2025-11-11T14:27:14.498+0000] {logging_mixin.py:188} INFO - [2025-11-11T14:27:14.497+0000] {dag.py:3036} INFO - Sync 1 DAGs
[2025-11-11T14:27:14.530+0000] {logging_mixin.py:188} INFO - [2025-11-11T14:27:14.525+0000] {dag.py:3823} INFO - Setting next_dagrun for simple_etl_lineage to None, run_after=None
[2025-11-11T14:27:14.601+0000] {processor.py:183} INFO - Processing /opt/airflow/dags/etl_dag.py took 0.274 seconds
[2025-11-11T14:27:45.296+0000] {processor.py:161} INFO - Started process (PID=963) to work on /opt/airflow/dags/etl_dag.py
[2025-11-11T14:27:45.299+0000] {processor.py:830} INFO - Processing file /opt/airflow/dags/etl_dag.py for tasks to queue
[2025-11-11T14:27:45.309+0000] {logging_mixin.py:188} INFO - [2025-11-11T14:27:45.309+0000] {dagbag.py:538} INFO - Filling up the DagBag from /opt/airflow/dags/etl_dag.py
[2025-11-11T14:27:45.348+0000] {processor.py:840} INFO - DAG(s) 'simple_etl_lineage' retrieved from /opt/airflow/dags/etl_dag.py
[2025-11-11T14:27:45.413+0000] {logging_mixin.py:188} INFO - [2025-11-11T14:27:45.412+0000] {dag.py:3036} INFO - Sync 1 DAGs
[2025-11-11T14:27:45.437+0000] {logging_mixin.py:188} INFO - [2025-11-11T14:27:45.436+0000] {dag.py:3823} INFO - Setting next_dagrun for simple_etl_lineage to None, run_after=None
[2025-11-11T14:27:45.473+0000] {processor.py:183} INFO - Processing /opt/airflow/dags/etl_dag.py took 0.182 seconds
[2025-11-11T14:28:16.164+0000] {processor.py:161} INFO - Started process (PID=978) to work on /opt/airflow/dags/etl_dag.py
[2025-11-11T14:28:16.166+0000] {processor.py:830} INFO - Processing file /opt/airflow/dags/etl_dag.py for tasks to queue
[2025-11-11T14:28:16.168+0000] {logging_mixin.py:188} INFO - [2025-11-11T14:28:16.168+0000] {dagbag.py:538} INFO - Filling up the DagBag from /opt/airflow/dags/etl_dag.py
[2025-11-11T14:28:16.209+0000] {processor.py:840} INFO - DAG(s) 'simple_etl_lineage' retrieved from /opt/airflow/dags/etl_dag.py
[2025-11-11T14:28:16.245+0000] {logging_mixin.py:188} INFO - [2025-11-11T14:28:16.245+0000] {dag.py:3036} INFO - Sync 1 DAGs
[2025-11-11T14:28:16.261+0000] {logging_mixin.py:188} INFO - [2025-11-11T14:28:16.261+0000] {dag.py:3823} INFO - Setting next_dagrun for simple_etl_lineage to None, run_after=None
[2025-11-11T14:28:16.290+0000] {processor.py:183} INFO - Processing /opt/airflow/dags/etl_dag.py took 0.130 seconds
[2025-11-11T14:28:47.111+0000] {processor.py:161} INFO - Started process (PID=993) to work on /opt/airflow/dags/etl_dag.py
[2025-11-11T14:28:47.119+0000] {processor.py:830} INFO - Processing file /opt/airflow/dags/etl_dag.py for tasks to queue
[2025-11-11T14:28:47.122+0000] {logging_mixin.py:188} INFO - [2025-11-11T14:28:47.122+0000] {dagbag.py:538} INFO - Filling up the DagBag from /opt/airflow/dags/etl_dag.py
[2025-11-11T14:28:47.196+0000] {processor.py:840} INFO - DAG(s) 'simple_etl_lineage' retrieved from /opt/airflow/dags/etl_dag.py
[2025-11-11T14:28:47.281+0000] {logging_mixin.py:188} INFO - [2025-11-11T14:28:47.281+0000] {dag.py:3036} INFO - Sync 1 DAGs
[2025-11-11T14:28:47.322+0000] {logging_mixin.py:188} INFO - [2025-11-11T14:28:47.322+0000] {dag.py:3823} INFO - Setting next_dagrun for simple_etl_lineage to None, run_after=None
[2025-11-11T14:28:47.385+0000] {processor.py:183} INFO - Processing /opt/airflow/dags/etl_dag.py took 0.279 seconds
[2025-11-11T14:29:17.858+0000] {processor.py:161} INFO - Started process (PID=1008) to work on /opt/airflow/dags/etl_dag.py
[2025-11-11T14:29:17.860+0000] {processor.py:830} INFO - Processing file /opt/airflow/dags/etl_dag.py for tasks to queue
[2025-11-11T14:29:17.863+0000] {logging_mixin.py:188} INFO - [2025-11-11T14:29:17.862+0000] {dagbag.py:538} INFO - Filling up the DagBag from /opt/airflow/dags/etl_dag.py
[2025-11-11T14:29:17.909+0000] {processor.py:840} INFO - DAG(s) 'simple_etl_lineage' retrieved from /opt/airflow/dags/etl_dag.py
[2025-11-11T14:29:17.965+0000] {logging_mixin.py:188} INFO - [2025-11-11T14:29:17.965+0000] {dag.py:3036} INFO - Sync 1 DAGs
[2025-11-11T14:29:17.993+0000] {logging_mixin.py:188} INFO - [2025-11-11T14:29:17.992+0000] {dag.py:3823} INFO - Setting next_dagrun for simple_etl_lineage to None, run_after=None
[2025-11-11T14:29:18.073+0000] {processor.py:183} INFO - Processing /opt/airflow/dags/etl_dag.py took 0.220 seconds
[2025-11-11T14:29:48.466+0000] {processor.py:161} INFO - Started process (PID=1023) to work on /opt/airflow/dags/etl_dag.py
[2025-11-11T14:29:48.483+0000] {processor.py:830} INFO - Processing file /opt/airflow/dags/etl_dag.py for tasks to queue
[2025-11-11T14:29:48.489+0000] {logging_mixin.py:188} INFO - [2025-11-11T14:29:48.489+0000] {dagbag.py:538} INFO - Filling up the DagBag from /opt/airflow/dags/etl_dag.py
[2025-11-11T14:29:48.619+0000] {processor.py:840} INFO - DAG(s) 'simple_etl_lineage' retrieved from /opt/airflow/dags/etl_dag.py
[2025-11-11T14:29:48.708+0000] {logging_mixin.py:188} INFO - [2025-11-11T14:29:48.707+0000] {dag.py:3036} INFO - Sync 1 DAGs
[2025-11-11T14:29:48.745+0000] {logging_mixin.py:188} INFO - [2025-11-11T14:29:48.745+0000] {dag.py:3823} INFO - Setting next_dagrun for simple_etl_lineage to None, run_after=None
[2025-11-11T14:29:48.817+0000] {processor.py:183} INFO - Processing /opt/airflow/dags/etl_dag.py took 0.357 seconds
[2025-11-11T14:30:22.200+0000] {processor.py:161} INFO - Started process (PID=1038) to work on /opt/airflow/dags/etl_dag.py
[2025-11-11T14:30:22.204+0000] {processor.py:830} INFO - Processing file /opt/airflow/dags/etl_dag.py for tasks to queue
[2025-11-11T14:30:22.208+0000] {logging_mixin.py:188} INFO - [2025-11-11T14:30:22.208+0000] {dagbag.py:538} INFO - Filling up the DagBag from /opt/airflow/dags/etl_dag.py
[2025-11-11T14:30:22.317+0000] {processor.py:840} INFO - DAG(s) 'simple_etl_lineage' retrieved from /opt/airflow/dags/etl_dag.py
[2025-11-11T14:30:22.436+0000] {logging_mixin.py:188} INFO - [2025-11-11T14:30:22.436+0000] {dag.py:3036} INFO - Sync 1 DAGs
[2025-11-11T14:30:22.515+0000] {logging_mixin.py:188} INFO - [2025-11-11T14:30:22.515+0000] {dag.py:3823} INFO - Setting next_dagrun for simple_etl_lineage to None, run_after=None
[2025-11-11T14:30:22.610+0000] {processor.py:183} INFO - Processing /opt/airflow/dags/etl_dag.py took 0.419 seconds
[2025-11-11T14:30:52.789+0000] {processor.py:161} INFO - Started process (PID=1053) to work on /opt/airflow/dags/etl_dag.py
[2025-11-11T14:30:52.793+0000] {processor.py:830} INFO - Processing file /opt/airflow/dags/etl_dag.py for tasks to queue
[2025-11-11T14:30:52.796+0000] {logging_mixin.py:188} INFO - [2025-11-11T14:30:52.795+0000] {dagbag.py:538} INFO - Filling up the DagBag from /opt/airflow/dags/etl_dag.py
[2025-11-11T14:30:52.910+0000] {processor.py:840} INFO - DAG(s) 'simple_etl_lineage' retrieved from /opt/airflow/dags/etl_dag.py
[2025-11-11T14:30:53.121+0000] {logging_mixin.py:188} INFO - [2025-11-11T14:30:53.121+0000] {dag.py:3036} INFO - Sync 1 DAGs
[2025-11-11T14:30:53.204+0000] {logging_mixin.py:188} INFO - [2025-11-11T14:30:53.203+0000] {dag.py:3823} INFO - Setting next_dagrun for simple_etl_lineage to None, run_after=None
[2025-11-11T14:30:53.305+0000] {processor.py:183} INFO - Processing /opt/airflow/dags/etl_dag.py took 0.521 seconds
[2025-11-11T14:31:30.382+0000] {processor.py:161} INFO - Started process (PID=1066) to work on /opt/airflow/dags/etl_dag.py
[2025-11-11T14:31:30.386+0000] {processor.py:830} INFO - Processing file /opt/airflow/dags/etl_dag.py for tasks to queue
[2025-11-11T14:31:30.389+0000] {logging_mixin.py:188} INFO - [2025-11-11T14:31:30.388+0000] {dagbag.py:538} INFO - Filling up the DagBag from /opt/airflow/dags/etl_dag.py
[2025-11-11T14:31:30.480+0000] {processor.py:840} INFO - DAG(s) 'simple_etl_lineage' retrieved from /opt/airflow/dags/etl_dag.py
[2025-11-11T14:31:30.603+0000] {logging_mixin.py:188} INFO - [2025-11-11T14:31:30.603+0000] {dag.py:3036} INFO - Sync 1 DAGs
[2025-11-11T14:31:30.656+0000] {logging_mixin.py:188} INFO - [2025-11-11T14:31:30.656+0000] {dag.py:3823} INFO - Setting next_dagrun for simple_etl_lineage to None, run_after=None
[2025-11-11T14:31:30.738+0000] {processor.py:183} INFO - Processing /opt/airflow/dags/etl_dag.py took 0.365 seconds
[2025-11-11T14:32:04.691+0000] {processor.py:161} INFO - Started process (PID=1077) to work on /opt/airflow/dags/etl_dag.py
[2025-11-11T14:32:04.725+0000] {processor.py:830} INFO - Processing file /opt/airflow/dags/etl_dag.py for tasks to queue
[2025-11-11T14:32:04.740+0000] {logging_mixin.py:188} INFO - [2025-11-11T14:32:04.739+0000] {dagbag.py:538} INFO - Filling up the DagBag from /opt/airflow/dags/etl_dag.py
[2025-11-11T14:32:04.993+0000] {processor.py:840} INFO - DAG(s) 'simple_etl_lineage' retrieved from /opt/airflow/dags/etl_dag.py
[2025-11-11T14:32:05.184+0000] {logging_mixin.py:188} INFO - [2025-11-11T14:32:05.183+0000] {dag.py:3036} INFO - Sync 1 DAGs
[2025-11-11T14:32:05.539+0000] {logging_mixin.py:188} INFO - [2025-11-11T14:32:05.539+0000] {dag.py:3823} INFO - Setting next_dagrun for simple_etl_lineage to None, run_after=None
[2025-11-11T14:32:05.734+0000] {processor.py:183} INFO - Processing /opt/airflow/dags/etl_dag.py took 1.104 seconds
[2025-11-11T14:32:37.162+0000] {processor.py:161} INFO - Started process (PID=1100) to work on /opt/airflow/dags/etl_dag.py
[2025-11-11T14:32:37.164+0000] {processor.py:830} INFO - Processing file /opt/airflow/dags/etl_dag.py for tasks to queue
[2025-11-11T14:32:37.165+0000] {logging_mixin.py:188} INFO - [2025-11-11T14:32:37.165+0000] {dagbag.py:538} INFO - Filling up the DagBag from /opt/airflow/dags/etl_dag.py
[2025-11-11T14:32:37.184+0000] {processor.py:840} INFO - DAG(s) 'simple_etl_lineage' retrieved from /opt/airflow/dags/etl_dag.py
[2025-11-11T14:32:37.217+0000] {logging_mixin.py:188} INFO - [2025-11-11T14:32:37.217+0000] {dag.py:3036} INFO - Sync 1 DAGs
[2025-11-11T14:32:37.231+0000] {logging_mixin.py:188} INFO - [2025-11-11T14:32:37.230+0000] {dag.py:3823} INFO - Setting next_dagrun for simple_etl_lineage to None, run_after=None
[2025-11-11T14:32:37.269+0000] {processor.py:183} INFO - Processing /opt/airflow/dags/etl_dag.py took 0.110 seconds
[2025-11-11T14:33:07.931+0000] {processor.py:161} INFO - Started process (PID=1115) to work on /opt/airflow/dags/etl_dag.py
[2025-11-11T14:33:07.933+0000] {processor.py:830} INFO - Processing file /opt/airflow/dags/etl_dag.py for tasks to queue
[2025-11-11T14:33:07.934+0000] {logging_mixin.py:188} INFO - [2025-11-11T14:33:07.934+0000] {dagbag.py:538} INFO - Filling up the DagBag from /opt/airflow/dags/etl_dag.py
[2025-11-11T14:33:07.957+0000] {processor.py:840} INFO - DAG(s) 'simple_etl_lineage' retrieved from /opt/airflow/dags/etl_dag.py
[2025-11-11T14:33:07.989+0000] {logging_mixin.py:188} INFO - [2025-11-11T14:33:07.989+0000] {dag.py:3036} INFO - Sync 1 DAGs
[2025-11-11T14:33:08.001+0000] {logging_mixin.py:188} INFO - [2025-11-11T14:33:08.001+0000] {dag.py:3823} INFO - Setting next_dagrun for simple_etl_lineage to None, run_after=None
[2025-11-11T14:33:08.026+0000] {processor.py:183} INFO - Processing /opt/airflow/dags/etl_dag.py took 0.098 seconds
[2025-11-11T14:33:42.741+0000] {processor.py:161} INFO - Started process (PID=1128) to work on /opt/airflow/dags/etl_dag.py
[2025-11-11T14:33:42.744+0000] {processor.py:830} INFO - Processing file /opt/airflow/dags/etl_dag.py for tasks to queue
[2025-11-11T14:33:42.753+0000] {logging_mixin.py:188} INFO - [2025-11-11T14:33:42.752+0000] {dagbag.py:538} INFO - Filling up the DagBag from /opt/airflow/dags/etl_dag.py
[2025-11-11T14:33:43.004+0000] {processor.py:840} INFO - DAG(s) 'simple_etl_lineage' retrieved from /opt/airflow/dags/etl_dag.py
[2025-11-11T14:33:43.114+0000] {logging_mixin.py:188} INFO - [2025-11-11T14:33:43.113+0000] {dag.py:3036} INFO - Sync 1 DAGs
[2025-11-11T14:33:43.160+0000] {logging_mixin.py:188} INFO - [2025-11-11T14:33:43.159+0000] {dag.py:3823} INFO - Setting next_dagrun for simple_etl_lineage to None, run_after=None
[2025-11-11T14:33:43.337+0000] {processor.py:183} INFO - Processing /opt/airflow/dags/etl_dag.py took 0.613 seconds
[2025-11-11T14:34:13.909+0000] {processor.py:161} INFO - Started process (PID=1145) to work on /opt/airflow/dags/etl_dag.py
[2025-11-11T14:34:13.911+0000] {processor.py:830} INFO - Processing file /opt/airflow/dags/etl_dag.py for tasks to queue
[2025-11-11T14:34:13.914+0000] {logging_mixin.py:188} INFO - [2025-11-11T14:34:13.913+0000] {dagbag.py:538} INFO - Filling up the DagBag from /opt/airflow/dags/etl_dag.py
[2025-11-11T14:34:13.947+0000] {processor.py:840} INFO - DAG(s) 'simple_etl_lineage' retrieved from /opt/airflow/dags/etl_dag.py
[2025-11-11T14:34:14.022+0000] {logging_mixin.py:188} INFO - [2025-11-11T14:34:14.022+0000] {dag.py:3036} INFO - Sync 1 DAGs
[2025-11-11T14:34:14.123+0000] {logging_mixin.py:188} INFO - [2025-11-11T14:34:14.122+0000] {dag.py:3823} INFO - Setting next_dagrun for simple_etl_lineage to None, run_after=None
[2025-11-11T14:34:14.249+0000] {processor.py:183} INFO - Processing /opt/airflow/dags/etl_dag.py took 0.344 seconds
[2025-11-11T14:34:44.347+0000] {processor.py:161} INFO - Started process (PID=1160) to work on /opt/airflow/dags/etl_dag.py
[2025-11-11T14:34:44.349+0000] {processor.py:830} INFO - Processing file /opt/airflow/dags/etl_dag.py for tasks to queue
[2025-11-11T14:34:44.350+0000] {logging_mixin.py:188} INFO - [2025-11-11T14:34:44.349+0000] {dagbag.py:538} INFO - Filling up the DagBag from /opt/airflow/dags/etl_dag.py
[2025-11-11T14:34:44.381+0000] {processor.py:840} INFO - DAG(s) 'simple_etl_lineage' retrieved from /opt/airflow/dags/etl_dag.py
[2025-11-11T14:34:44.412+0000] {logging_mixin.py:188} INFO - [2025-11-11T14:34:44.411+0000] {dag.py:3036} INFO - Sync 1 DAGs
[2025-11-11T14:34:44.426+0000] {logging_mixin.py:188} INFO - [2025-11-11T14:34:44.425+0000] {dag.py:3823} INFO - Setting next_dagrun for simple_etl_lineage to None, run_after=None
[2025-11-11T14:34:44.452+0000] {processor.py:183} INFO - Processing /opt/airflow/dags/etl_dag.py took 0.109 seconds
[2025-11-11T14:35:15.656+0000] {processor.py:161} INFO - Started process (PID=1175) to work on /opt/airflow/dags/etl_dag.py
[2025-11-11T14:35:15.661+0000] {processor.py:830} INFO - Processing file /opt/airflow/dags/etl_dag.py for tasks to queue
[2025-11-11T14:35:15.668+0000] {logging_mixin.py:188} INFO - [2025-11-11T14:35:15.668+0000] {dagbag.py:538} INFO - Filling up the DagBag from /opt/airflow/dags/etl_dag.py
[2025-11-11T14:35:15.909+0000] {processor.py:840} INFO - DAG(s) 'simple_etl_lineage' retrieved from /opt/airflow/dags/etl_dag.py
[2025-11-11T14:35:15.962+0000] {logging_mixin.py:188} INFO - [2025-11-11T14:35:15.962+0000] {dag.py:3036} INFO - Sync 1 DAGs
[2025-11-11T14:35:16.002+0000] {logging_mixin.py:188} INFO - [2025-11-11T14:35:16.001+0000] {dag.py:3823} INFO - Setting next_dagrun for simple_etl_lineage to None, run_after=None
[2025-11-11T14:35:16.053+0000] {processor.py:183} INFO - Processing /opt/airflow/dags/etl_dag.py took 0.403 seconds
[2025-11-11T14:35:48.012+0000] {processor.py:161} INFO - Started process (PID=1188) to work on /opt/airflow/dags/etl_dag.py
[2025-11-11T14:35:48.015+0000] {processor.py:830} INFO - Processing file /opt/airflow/dags/etl_dag.py for tasks to queue
[2025-11-11T14:35:48.018+0000] {logging_mixin.py:188} INFO - [2025-11-11T14:35:48.017+0000] {dagbag.py:538} INFO - Filling up the DagBag from /opt/airflow/dags/etl_dag.py
[2025-11-11T14:35:48.112+0000] {processor.py:840} INFO - DAG(s) 'simple_etl_lineage' retrieved from /opt/airflow/dags/etl_dag.py
[2025-11-11T14:35:48.233+0000] {logging_mixin.py:188} INFO - [2025-11-11T14:35:48.232+0000] {dag.py:3036} INFO - Sync 1 DAGs
[2025-11-11T14:35:48.283+0000] {logging_mixin.py:188} INFO - [2025-11-11T14:35:48.283+0000] {dag.py:3823} INFO - Setting next_dagrun for simple_etl_lineage to None, run_after=None
[2025-11-11T14:35:48.365+0000] {processor.py:183} INFO - Processing /opt/airflow/dags/etl_dag.py took 0.361 seconds
[2025-11-11T14:36:19.222+0000] {processor.py:161} INFO - Started process (PID=1205) to work on /opt/airflow/dags/etl_dag.py
[2025-11-11T14:36:19.224+0000] {processor.py:830} INFO - Processing file /opt/airflow/dags/etl_dag.py for tasks to queue
[2025-11-11T14:36:19.226+0000] {logging_mixin.py:188} INFO - [2025-11-11T14:36:19.226+0000] {dagbag.py:538} INFO - Filling up the DagBag from /opt/airflow/dags/etl_dag.py
[2025-11-11T14:36:19.284+0000] {processor.py:840} INFO - DAG(s) 'simple_etl_lineage' retrieved from /opt/airflow/dags/etl_dag.py
[2025-11-11T14:36:19.378+0000] {logging_mixin.py:188} INFO - [2025-11-11T14:36:19.378+0000] {dag.py:3036} INFO - Sync 1 DAGs
[2025-11-11T14:36:19.548+0000] {logging_mixin.py:188} INFO - [2025-11-11T14:36:19.547+0000] {dag.py:3823} INFO - Setting next_dagrun for simple_etl_lineage to None, run_after=None
[2025-11-11T14:36:19.626+0000] {processor.py:183} INFO - Processing /opt/airflow/dags/etl_dag.py took 0.410 seconds
[2025-11-11T14:36:56.365+0000] {processor.py:161} INFO - Started process (PID=1222) to work on /opt/airflow/dags/etl_dag.py
[2025-11-11T14:36:56.498+0000] {processor.py:830} INFO - Processing file /opt/airflow/dags/etl_dag.py for tasks to queue
[2025-11-11T14:36:56.510+0000] {logging_mixin.py:188} INFO - [2025-11-11T14:36:56.507+0000] {dagbag.py:538} INFO - Filling up the DagBag from /opt/airflow/dags/etl_dag.py
[2025-11-11T14:36:59.731+0000] {processor.py:840} INFO - DAG(s) 'simple_etl_lineage' retrieved from /opt/airflow/dags/etl_dag.py
[2025-11-11T14:37:01.175+0000] {logging_mixin.py:188} INFO - [2025-11-11T14:37:01.174+0000] {dag.py:3036} INFO - Sync 1 DAGs
[2025-11-11T14:37:01.393+0000] {logging_mixin.py:188} INFO - [2025-11-11T14:37:01.393+0000] {dag.py:3823} INFO - Setting next_dagrun for simple_etl_lineage to None, run_after=None
[2025-11-11T14:37:02.265+0000] {processor.py:183} INFO - Processing /opt/airflow/dags/etl_dag.py took 5.925 seconds
[2025-11-11T14:37:40.870+0000] {processor.py:161} INFO - Started process (PID=1243) to work on /opt/airflow/dags/etl_dag.py
[2025-11-11T14:37:40.907+0000] {processor.py:830} INFO - Processing file /opt/airflow/dags/etl_dag.py for tasks to queue
[2025-11-11T14:37:40.979+0000] {logging_mixin.py:188} INFO - [2025-11-11T14:37:40.978+0000] {dagbag.py:538} INFO - Filling up the DagBag from /opt/airflow/dags/etl_dag.py
[2025-11-11T14:37:41.371+0000] {processor.py:840} INFO - DAG(s) 'simple_etl_lineage' retrieved from /opt/airflow/dags/etl_dag.py
[2025-11-11T14:37:42.602+0000] {logging_mixin.py:188} INFO - [2025-11-11T14:37:42.601+0000] {dag.py:3036} INFO - Sync 1 DAGs
[2025-11-11T14:37:42.672+0000] {logging_mixin.py:188} INFO - [2025-11-11T14:37:42.671+0000] {dag.py:3823} INFO - Setting next_dagrun for simple_etl_lineage to None, run_after=None
[2025-11-11T14:37:43.079+0000] {processor.py:183} INFO - Processing /opt/airflow/dags/etl_dag.py took 2.215 seconds
[2025-11-11T14:38:49.191+0000] {processor.py:161} INFO - Started process (PID=1258) to work on /opt/airflow/dags/etl_dag.py
[2025-11-11T14:38:49.218+0000] {processor.py:830} INFO - Processing file /opt/airflow/dags/etl_dag.py for tasks to queue
[2025-11-11T14:38:49.254+0000] {logging_mixin.py:188} INFO - [2025-11-11T14:38:49.234+0000] {dagbag.py:538} INFO - Filling up the DagBag from /opt/airflow/dags/etl_dag.py
[2025-11-11T14:38:59.620+0000] {processor.py:840} INFO - DAG(s) 'simple_etl_lineage' retrieved from /opt/airflow/dags/etl_dag.py
[2025-11-11T14:39:03.261+0000] {logging_mixin.py:188} INFO - [2025-11-11T14:39:03.260+0000] {dag.py:3036} INFO - Sync 1 DAGs
[2025-11-11T14:39:03.598+0000] {logging_mixin.py:188} INFO - [2025-11-11T14:39:03.597+0000] {dag.py:3823} INFO - Setting next_dagrun for simple_etl_lineage to None, run_after=None
[2025-11-11T14:39:03.858+0000] {processor.py:183} INFO - Processing /opt/airflow/dags/etl_dag.py took 15.215 seconds
[2025-11-11T14:39:34.709+0000] {processor.py:161} INFO - Started process (PID=1276) to work on /opt/airflow/dags/etl_dag.py
[2025-11-11T14:39:34.712+0000] {processor.py:830} INFO - Processing file /opt/airflow/dags/etl_dag.py for tasks to queue
[2025-11-11T14:39:34.714+0000] {logging_mixin.py:188} INFO - [2025-11-11T14:39:34.713+0000] {dagbag.py:538} INFO - Filling up the DagBag from /opt/airflow/dags/etl_dag.py
[2025-11-11T14:39:34.779+0000] {processor.py:840} INFO - DAG(s) 'simple_etl_lineage' retrieved from /opt/airflow/dags/etl_dag.py
[2025-11-11T14:39:34.925+0000] {logging_mixin.py:188} INFO - [2025-11-11T14:39:34.925+0000] {dag.py:3036} INFO - Sync 1 DAGs
[2025-11-11T14:39:34.994+0000] {logging_mixin.py:188} INFO - [2025-11-11T14:39:34.993+0000] {dag.py:3823} INFO - Setting next_dagrun for simple_etl_lineage to None, run_after=None
[2025-11-11T14:39:35.098+0000] {processor.py:183} INFO - Processing /opt/airflow/dags/etl_dag.py took 0.406 seconds
[2025-11-11T14:40:08.011+0000] {processor.py:161} INFO - Started process (PID=1291) to work on /opt/airflow/dags/etl_dag.py
[2025-11-11T14:40:08.044+0000] {processor.py:830} INFO - Processing file /opt/airflow/dags/etl_dag.py for tasks to queue
[2025-11-11T14:40:08.053+0000] {logging_mixin.py:188} INFO - [2025-11-11T14:40:08.052+0000] {dagbag.py:538} INFO - Filling up the DagBag from /opt/airflow/dags/etl_dag.py
[2025-11-11T14:40:08.299+0000] {processor.py:840} INFO - DAG(s) 'simple_etl_lineage' retrieved from /opt/airflow/dags/etl_dag.py
[2025-11-11T14:40:08.454+0000] {logging_mixin.py:188} INFO - [2025-11-11T14:40:08.454+0000] {dag.py:3036} INFO - Sync 1 DAGs
[2025-11-11T14:40:08.526+0000] {logging_mixin.py:188} INFO - [2025-11-11T14:40:08.525+0000] {dag.py:3823} INFO - Setting next_dagrun for simple_etl_lineage to None, run_after=None
[2025-11-11T14:40:08.618+0000] {processor.py:183} INFO - Processing /opt/airflow/dags/etl_dag.py took 1.303 seconds
[2025-11-11T14:40:40.103+0000] {processor.py:161} INFO - Started process (PID=1306) to work on /opt/airflow/dags/etl_dag.py
[2025-11-11T14:40:40.120+0000] {processor.py:830} INFO - Processing file /opt/airflow/dags/etl_dag.py for tasks to queue
[2025-11-11T14:40:40.143+0000] {logging_mixin.py:188} INFO - [2025-11-11T14:40:40.142+0000] {dagbag.py:538} INFO - Filling up the DagBag from /opt/airflow/dags/etl_dag.py
[2025-11-11T14:40:41.902+0000] {processor.py:840} INFO - DAG(s) 'simple_etl_lineage' retrieved from /opt/airflow/dags/etl_dag.py
[2025-11-11T14:40:42.637+0000] {logging_mixin.py:188} INFO - [2025-11-11T14:40:42.637+0000] {dag.py:3036} INFO - Sync 1 DAGs
[2025-11-11T14:40:44.537+0000] {logging_mixin.py:188} INFO - [2025-11-11T14:40:44.536+0000] {dag.py:3823} INFO - Setting next_dagrun for simple_etl_lineage to None, run_after=None
[2025-11-11T14:40:44.761+0000] {processor.py:183} INFO - Processing /opt/airflow/dags/etl_dag.py took 4.664 seconds
[2025-11-11T14:41:30.614+0000] {processor.py:161} INFO - Started process (PID=1321) to work on /opt/airflow/dags/etl_dag.py
[2025-11-11T14:41:31.045+0000] {processor.py:830} INFO - Processing file /opt/airflow/dags/etl_dag.py for tasks to queue
[2025-11-11T14:41:31.056+0000] {logging_mixin.py:188} INFO - [2025-11-11T14:41:31.056+0000] {dagbag.py:538} INFO - Filling up the DagBag from /opt/airflow/dags/etl_dag.py
[2025-11-11T14:41:31.392+0000] {processor.py:840} INFO - DAG(s) 'simple_etl_lineage' retrieved from /opt/airflow/dags/etl_dag.py
[2025-11-11T14:41:31.726+0000] {logging_mixin.py:188} INFO - [2025-11-11T14:41:31.725+0000] {dag.py:3036} INFO - Sync 1 DAGs
[2025-11-11T14:41:32.162+0000] {logging_mixin.py:188} INFO - [2025-11-11T14:41:32.162+0000] {dag.py:3823} INFO - Setting next_dagrun for simple_etl_lineage to None, run_after=None
[2025-11-11T14:41:32.486+0000] {processor.py:183} INFO - Processing /opt/airflow/dags/etl_dag.py took 2.681 seconds
[2025-11-11T14:42:02.730+0000] {processor.py:161} INFO - Started process (PID=1336) to work on /opt/airflow/dags/etl_dag.py
[2025-11-11T14:42:02.731+0000] {processor.py:830} INFO - Processing file /opt/airflow/dags/etl_dag.py for tasks to queue
[2025-11-11T14:42:02.733+0000] {logging_mixin.py:188} INFO - [2025-11-11T14:42:02.733+0000] {dagbag.py:538} INFO - Filling up the DagBag from /opt/airflow/dags/etl_dag.py
[2025-11-11T14:42:02.772+0000] {processor.py:840} INFO - DAG(s) 'simple_etl_lineage' retrieved from /opt/airflow/dags/etl_dag.py
[2025-11-11T14:42:02.831+0000] {logging_mixin.py:188} INFO - [2025-11-11T14:42:02.831+0000] {dag.py:3036} INFO - Sync 1 DAGs
[2025-11-11T14:42:02.852+0000] {logging_mixin.py:188} INFO - [2025-11-11T14:42:02.851+0000] {dag.py:3823} INFO - Setting next_dagrun for simple_etl_lineage to None, run_after=None
[2025-11-11T14:42:02.893+0000] {processor.py:183} INFO - Processing /opt/airflow/dags/etl_dag.py took 0.169 seconds
[2025-11-11T14:42:34.783+0000] {processor.py:161} INFO - Started process (PID=1351) to work on /opt/airflow/dags/etl_dag.py
[2025-11-11T14:42:34.813+0000] {processor.py:830} INFO - Processing file /opt/airflow/dags/etl_dag.py for tasks to queue
[2025-11-11T14:42:34.828+0000] {logging_mixin.py:188} INFO - [2025-11-11T14:42:34.827+0000] {dagbag.py:538} INFO - Filling up the DagBag from /opt/airflow/dags/etl_dag.py
[2025-11-11T14:42:35.199+0000] {processor.py:840} INFO - DAG(s) 'simple_etl_lineage' retrieved from /opt/airflow/dags/etl_dag.py
[2025-11-11T14:42:35.342+0000] {logging_mixin.py:188} INFO - [2025-11-11T14:42:35.341+0000] {dag.py:3036} INFO - Sync 1 DAGs
[2025-11-11T14:42:35.398+0000] {logging_mixin.py:188} INFO - [2025-11-11T14:42:35.397+0000] {dag.py:3823} INFO - Setting next_dagrun for simple_etl_lineage to None, run_after=None
[2025-11-11T14:42:35.506+0000] {processor.py:183} INFO - Processing /opt/airflow/dags/etl_dag.py took 0.753 seconds
[2025-11-11T14:43:05.946+0000] {processor.py:161} INFO - Started process (PID=1366) to work on /opt/airflow/dags/etl_dag.py
[2025-11-11T14:43:05.949+0000] {processor.py:830} INFO - Processing file /opt/airflow/dags/etl_dag.py for tasks to queue
[2025-11-11T14:43:05.958+0000] {logging_mixin.py:188} INFO - [2025-11-11T14:43:05.953+0000] {dagbag.py:538} INFO - Filling up the DagBag from /opt/airflow/dags/etl_dag.py
[2025-11-11T14:43:06.016+0000] {processor.py:840} INFO - DAG(s) 'simple_etl_lineage' retrieved from /opt/airflow/dags/etl_dag.py
[2025-11-11T14:43:06.076+0000] {logging_mixin.py:188} INFO - [2025-11-11T14:43:06.076+0000] {dag.py:3036} INFO - Sync 1 DAGs
[2025-11-11T14:43:06.117+0000] {logging_mixin.py:188} INFO - [2025-11-11T14:43:06.117+0000] {dag.py:3823} INFO - Setting next_dagrun for simple_etl_lineage to None, run_after=None
[2025-11-11T14:43:06.166+0000] {processor.py:183} INFO - Processing /opt/airflow/dags/etl_dag.py took 0.226 seconds
[2025-11-11T14:43:36.399+0000] {processor.py:161} INFO - Started process (PID=1379) to work on /opt/airflow/dags/etl_dag.py
[2025-11-11T14:43:36.401+0000] {processor.py:830} INFO - Processing file /opt/airflow/dags/etl_dag.py for tasks to queue
[2025-11-11T14:43:36.403+0000] {logging_mixin.py:188} INFO - [2025-11-11T14:43:36.402+0000] {dagbag.py:538} INFO - Filling up the DagBag from /opt/airflow/dags/etl_dag.py
[2025-11-11T14:43:36.460+0000] {processor.py:840} INFO - DAG(s) 'simple_etl_lineage' retrieved from /opt/airflow/dags/etl_dag.py
[2025-11-11T14:43:36.501+0000] {logging_mixin.py:188} INFO - [2025-11-11T14:43:36.501+0000] {dag.py:3036} INFO - Sync 1 DAGs
[2025-11-11T14:43:36.522+0000] {logging_mixin.py:188} INFO - [2025-11-11T14:43:36.522+0000] {dag.py:3823} INFO - Setting next_dagrun for simple_etl_lineage to None, run_after=None
[2025-11-11T14:43:36.566+0000] {processor.py:183} INFO - Processing /opt/airflow/dags/etl_dag.py took 0.181 seconds
[2025-11-11T14:44:07.130+0000] {processor.py:161} INFO - Started process (PID=1396) to work on /opt/airflow/dags/etl_dag.py
[2025-11-11T14:44:07.132+0000] {processor.py:830} INFO - Processing file /opt/airflow/dags/etl_dag.py for tasks to queue
[2025-11-11T14:44:07.134+0000] {logging_mixin.py:188} INFO - [2025-11-11T14:44:07.133+0000] {dagbag.py:538} INFO - Filling up the DagBag from /opt/airflow/dags/etl_dag.py
[2025-11-11T14:44:07.197+0000] {processor.py:840} INFO - DAG(s) 'simple_etl_lineage' retrieved from /opt/airflow/dags/etl_dag.py
[2025-11-11T14:44:07.301+0000] {logging_mixin.py:188} INFO - [2025-11-11T14:44:07.301+0000] {dag.py:3036} INFO - Sync 1 DAGs
[2025-11-11T14:44:07.366+0000] {logging_mixin.py:188} INFO - [2025-11-11T14:44:07.366+0000] {dag.py:3823} INFO - Setting next_dagrun for simple_etl_lineage to None, run_after=None
[2025-11-11T14:44:07.446+0000] {processor.py:183} INFO - Processing /opt/airflow/dags/etl_dag.py took 0.322 seconds
[2025-11-11T14:44:38.278+0000] {processor.py:161} INFO - Started process (PID=1411) to work on /opt/airflow/dags/etl_dag.py
[2025-11-11T14:44:38.281+0000] {processor.py:830} INFO - Processing file /opt/airflow/dags/etl_dag.py for tasks to queue
[2025-11-11T14:44:38.283+0000] {logging_mixin.py:188} INFO - [2025-11-11T14:44:38.282+0000] {dagbag.py:538} INFO - Filling up the DagBag from /opt/airflow/dags/etl_dag.py
[2025-11-11T14:44:38.307+0000] {processor.py:840} INFO - DAG(s) 'simple_etl_lineage' retrieved from /opt/airflow/dags/etl_dag.py
[2025-11-11T14:44:38.357+0000] {logging_mixin.py:188} INFO - [2025-11-11T14:44:38.357+0000] {dag.py:3036} INFO - Sync 1 DAGs
[2025-11-11T14:44:38.377+0000] {logging_mixin.py:188} INFO - [2025-11-11T14:44:38.377+0000] {dag.py:3823} INFO - Setting next_dagrun for simple_etl_lineage to None, run_after=None
[2025-11-11T14:44:38.403+0000] {processor.py:183} INFO - Processing /opt/airflow/dags/etl_dag.py took 0.136 seconds
[2025-11-11T14:45:09.545+0000] {processor.py:161} INFO - Started process (PID=1426) to work on /opt/airflow/dags/etl_dag.py
[2025-11-11T14:45:09.575+0000] {processor.py:830} INFO - Processing file /opt/airflow/dags/etl_dag.py for tasks to queue
[2025-11-11T14:45:09.577+0000] {logging_mixin.py:188} INFO - [2025-11-11T14:45:09.577+0000] {dagbag.py:538} INFO - Filling up the DagBag from /opt/airflow/dags/etl_dag.py
[2025-11-11T14:45:09.650+0000] {processor.py:840} INFO - DAG(s) 'simple_etl_lineage' retrieved from /opt/airflow/dags/etl_dag.py
[2025-11-11T14:45:09.706+0000] {logging_mixin.py:188} INFO - [2025-11-11T14:45:09.705+0000] {dag.py:3036} INFO - Sync 1 DAGs
[2025-11-11T14:45:09.739+0000] {logging_mixin.py:188} INFO - [2025-11-11T14:45:09.738+0000] {dag.py:3823} INFO - Setting next_dagrun for simple_etl_lineage to None, run_after=None
[2025-11-11T14:45:09.778+0000] {processor.py:183} INFO - Processing /opt/airflow/dags/etl_dag.py took 0.238 seconds
[2025-11-11T14:45:41.142+0000] {processor.py:161} INFO - Started process (PID=1441) to work on /opt/airflow/dags/etl_dag.py
[2025-11-11T14:45:41.153+0000] {processor.py:830} INFO - Processing file /opt/airflow/dags/etl_dag.py for tasks to queue
[2025-11-11T14:45:41.371+0000] {logging_mixin.py:188} INFO - [2025-11-11T14:45:41.281+0000] {dagbag.py:538} INFO - Filling up the DagBag from /opt/airflow/dags/etl_dag.py
[2025-11-11T14:45:42.046+0000] {processor.py:840} INFO - DAG(s) 'simple_etl_lineage' retrieved from /opt/airflow/dags/etl_dag.py
[2025-11-11T14:45:42.334+0000] {logging_mixin.py:188} INFO - [2025-11-11T14:45:42.334+0000] {dag.py:3036} INFO - Sync 1 DAGs
[2025-11-11T14:45:43.033+0000] {logging_mixin.py:188} INFO - [2025-11-11T14:45:43.032+0000] {dag.py:3823} INFO - Setting next_dagrun for simple_etl_lineage to None, run_after=None
[2025-11-11T14:45:43.189+0000] {processor.py:183} INFO - Processing /opt/airflow/dags/etl_dag.py took 2.055 seconds
[2025-11-11T14:46:53.396+0000] {processor.py:161} INFO - Started process (PID=1455) to work on /opt/airflow/dags/etl_dag.py
[2025-11-11T14:46:53.404+0000] {processor.py:830} INFO - Processing file /opt/airflow/dags/etl_dag.py for tasks to queue
[2025-11-11T14:46:53.414+0000] {logging_mixin.py:188} INFO - [2025-11-11T14:46:53.407+0000] {dagbag.py:538} INFO - Filling up the DagBag from /opt/airflow/dags/etl_dag.py
[2025-11-11T14:46:53.604+0000] {processor.py:840} INFO - DAG(s) 'simple_etl_lineage' retrieved from /opt/airflow/dags/etl_dag.py
[2025-11-11T14:46:53.833+0000] {logging_mixin.py:188} INFO - [2025-11-11T14:46:53.824+0000] {dag.py:3036} INFO - Sync 1 DAGs
[2025-11-11T14:46:53.963+0000] {logging_mixin.py:188} INFO - [2025-11-11T14:46:53.959+0000] {dag.py:3823} INFO - Setting next_dagrun for simple_etl_lineage to None, run_after=None
[2025-11-11T14:46:54.164+0000] {processor.py:183} INFO - Processing /opt/airflow/dags/etl_dag.py took 0.812 seconds
[2025-11-11T14:47:25.380+0000] {processor.py:161} INFO - Started process (PID=1476) to work on /opt/airflow/dags/etl_dag.py
[2025-11-11T14:47:25.382+0000] {processor.py:830} INFO - Processing file /opt/airflow/dags/etl_dag.py for tasks to queue
[2025-11-11T14:47:25.385+0000] {logging_mixin.py:188} INFO - [2025-11-11T14:47:25.383+0000] {dagbag.py:538} INFO - Filling up the DagBag from /opt/airflow/dags/etl_dag.py
[2025-11-11T14:47:25.418+0000] {processor.py:840} INFO - DAG(s) 'simple_etl_lineage' retrieved from /opt/airflow/dags/etl_dag.py
[2025-11-11T14:47:25.482+0000] {logging_mixin.py:188} INFO - [2025-11-11T14:47:25.481+0000] {dag.py:3036} INFO - Sync 1 DAGs
[2025-11-11T14:47:25.508+0000] {logging_mixin.py:188} INFO - [2025-11-11T14:47:25.508+0000] {dag.py:3823} INFO - Setting next_dagrun for simple_etl_lineage to None, run_after=None
[2025-11-11T14:47:25.547+0000] {processor.py:183} INFO - Processing /opt/airflow/dags/etl_dag.py took 0.172 seconds
