[2025-11-18T05:00:40.631+0000] {processor.py:161} INFO - Started process (PID=10561) to work on /opt/airflow/dags/create_audit_table.py
[2025-11-18T05:00:40.644+0000] {processor.py:830} INFO - Processing file /opt/airflow/dags/create_audit_table.py for tasks to queue
[2025-11-18T05:00:40.649+0000] {logging_mixin.py:188} INFO - [2025-11-18T05:00:40.648+0000] {dagbag.py:538} INFO - Filling up the DagBag from /opt/airflow/dags/create_audit_table.py
[2025-11-18T05:00:40.704+0000] {processor.py:840} INFO - DAG(s) 'create_audit_table' retrieved from /opt/airflow/dags/create_audit_table.py
[2025-11-18T05:00:43.840+0000] {logging_mixin.py:188} INFO - [2025-11-18T05:00:43.839+0000] {dag.py:3036} INFO - Sync 1 DAGs
[2025-11-18T05:00:43.895+0000] {logging_mixin.py:188} INFO - [2025-11-18T05:00:43.895+0000] {dag.py:3823} INFO - Setting next_dagrun for create_audit_table to None, run_after=None
[2025-11-18T05:00:44.178+0000] {processor.py:183} INFO - Processing /opt/airflow/dags/create_audit_table.py took 3.554 seconds
[2025-11-18T05:01:58.966+0000] {processor.py:161} INFO - Started process (PID=10586) to work on /opt/airflow/dags/create_audit_table.py
[2025-11-18T05:01:59.174+0000] {processor.py:830} INFO - Processing file /opt/airflow/dags/create_audit_table.py for tasks to queue
[2025-11-18T05:01:59.724+0000] {logging_mixin.py:188} INFO - [2025-11-18T05:01:59.233+0000] {dagbag.py:538} INFO - Filling up the DagBag from /opt/airflow/dags/create_audit_table.py
[2025-11-18T05:02:06.072+0000] {processor.py:840} INFO - DAG(s) 'create_audit_table' retrieved from /opt/airflow/dags/create_audit_table.py
[2025-11-18T05:02:07.331+0000] {logging_mixin.py:188} INFO - [2025-11-18T05:02:07.331+0000] {dag.py:3036} INFO - Sync 1 DAGs
[2025-11-18T05:02:07.856+0000] {logging_mixin.py:188} INFO - [2025-11-18T05:02:07.856+0000] {dag.py:3823} INFO - Setting next_dagrun for create_audit_table to None, run_after=None
[2025-11-18T05:02:08.179+0000] {processor.py:183} INFO - Processing /opt/airflow/dags/create_audit_table.py took 15.759 seconds
[2025-11-18T05:02:39.066+0000] {processor.py:161} INFO - Started process (PID=10616) to work on /opt/airflow/dags/create_audit_table.py
[2025-11-18T05:02:39.069+0000] {processor.py:830} INFO - Processing file /opt/airflow/dags/create_audit_table.py for tasks to queue
[2025-11-18T05:02:39.071+0000] {logging_mixin.py:188} INFO - [2025-11-18T05:02:39.070+0000] {dagbag.py:538} INFO - Filling up the DagBag from /opt/airflow/dags/create_audit_table.py
[2025-11-18T05:02:39.147+0000] {processor.py:840} INFO - DAG(s) 'create_audit_table' retrieved from /opt/airflow/dags/create_audit_table.py
[2025-11-18T05:02:39.261+0000] {logging_mixin.py:188} INFO - [2025-11-18T05:02:39.260+0000] {dag.py:3036} INFO - Sync 1 DAGs
[2025-11-18T05:02:39.310+0000] {logging_mixin.py:188} INFO - [2025-11-18T05:02:39.309+0000] {dag.py:3823} INFO - Setting next_dagrun for create_audit_table to None, run_after=None
[2025-11-18T05:02:39.400+0000] {processor.py:183} INFO - Processing /opt/airflow/dags/create_audit_table.py took 0.341 seconds
[2025-11-18T05:03:09.907+0000] {processor.py:161} INFO - Started process (PID=10641) to work on /opt/airflow/dags/create_audit_table.py
[2025-11-18T05:03:09.911+0000] {processor.py:830} INFO - Processing file /opt/airflow/dags/create_audit_table.py for tasks to queue
[2025-11-18T05:03:09.921+0000] {logging_mixin.py:188} INFO - [2025-11-18T05:03:09.920+0000] {dagbag.py:538} INFO - Filling up the DagBag from /opt/airflow/dags/create_audit_table.py
[2025-11-18T05:03:10.081+0000] {processor.py:840} INFO - DAG(s) 'create_audit_table' retrieved from /opt/airflow/dags/create_audit_table.py
[2025-11-18T05:03:10.304+0000] {logging_mixin.py:188} INFO - [2025-11-18T05:03:10.294+0000] {dag.py:3036} INFO - Sync 1 DAGs
[2025-11-18T05:03:10.398+0000] {logging_mixin.py:188} INFO - [2025-11-18T05:03:10.398+0000] {dag.py:3823} INFO - Setting next_dagrun for create_audit_table to None, run_after=None
[2025-11-18T05:03:10.491+0000] {processor.py:183} INFO - Processing /opt/airflow/dags/create_audit_table.py took 0.590 seconds
[2025-11-18T05:03:41.936+0000] {processor.py:161} INFO - Started process (PID=10666) to work on /opt/airflow/dags/create_audit_table.py
[2025-11-18T05:03:41.939+0000] {processor.py:830} INFO - Processing file /opt/airflow/dags/create_audit_table.py for tasks to queue
[2025-11-18T05:03:41.949+0000] {logging_mixin.py:188} INFO - [2025-11-18T05:03:41.940+0000] {dagbag.py:538} INFO - Filling up the DagBag from /opt/airflow/dags/create_audit_table.py
[2025-11-18T05:03:42.037+0000] {processor.py:840} INFO - DAG(s) 'create_audit_table' retrieved from /opt/airflow/dags/create_audit_table.py
[2025-11-18T05:03:42.137+0000] {logging_mixin.py:188} INFO - [2025-11-18T05:03:42.137+0000] {dag.py:3036} INFO - Sync 1 DAGs
[2025-11-18T05:03:42.170+0000] {logging_mixin.py:188} INFO - [2025-11-18T05:03:42.170+0000] {dag.py:3823} INFO - Setting next_dagrun for create_audit_table to None, run_after=None
[2025-11-18T05:03:42.273+0000] {processor.py:183} INFO - Processing /opt/airflow/dags/create_audit_table.py took 0.342 seconds
[2025-11-18T05:04:13.396+0000] {processor.py:161} INFO - Started process (PID=10691) to work on /opt/airflow/dags/create_audit_table.py
[2025-11-18T05:04:13.400+0000] {processor.py:830} INFO - Processing file /opt/airflow/dags/create_audit_table.py for tasks to queue
[2025-11-18T05:04:13.403+0000] {logging_mixin.py:188} INFO - [2025-11-18T05:04:13.403+0000] {dagbag.py:538} INFO - Filling up the DagBag from /opt/airflow/dags/create_audit_table.py
[2025-11-18T05:04:13.458+0000] {processor.py:840} INFO - DAG(s) 'create_audit_table' retrieved from /opt/airflow/dags/create_audit_table.py
[2025-11-18T05:04:13.774+0000] {logging_mixin.py:188} INFO - [2025-11-18T05:04:13.770+0000] {dag.py:3036} INFO - Sync 1 DAGs
[2025-11-18T05:04:13.817+0000] {logging_mixin.py:188} INFO - [2025-11-18T05:04:13.816+0000] {dag.py:3823} INFO - Setting next_dagrun for create_audit_table to None, run_after=None
[2025-11-18T05:04:13.886+0000] {processor.py:183} INFO - Processing /opt/airflow/dags/create_audit_table.py took 0.500 seconds
[2025-11-18T05:04:44.577+0000] {processor.py:161} INFO - Started process (PID=10716) to work on /opt/airflow/dags/create_audit_table.py
[2025-11-18T05:04:44.585+0000] {processor.py:830} INFO - Processing file /opt/airflow/dags/create_audit_table.py for tasks to queue
[2025-11-18T05:04:44.587+0000] {logging_mixin.py:188} INFO - [2025-11-18T05:04:44.587+0000] {dagbag.py:538} INFO - Filling up the DagBag from /opt/airflow/dags/create_audit_table.py
[2025-11-18T05:04:44.640+0000] {processor.py:840} INFO - DAG(s) 'create_audit_table' retrieved from /opt/airflow/dags/create_audit_table.py
[2025-11-18T05:04:44.778+0000] {logging_mixin.py:188} INFO - [2025-11-18T05:04:44.778+0000] {dag.py:3036} INFO - Sync 1 DAGs
[2025-11-18T05:04:44.816+0000] {logging_mixin.py:188} INFO - [2025-11-18T05:04:44.816+0000] {dag.py:3823} INFO - Setting next_dagrun for create_audit_table to None, run_after=None
[2025-11-18T05:04:44.899+0000] {processor.py:183} INFO - Processing /opt/airflow/dags/create_audit_table.py took 0.327 seconds
[2025-11-18T05:05:15.906+0000] {processor.py:161} INFO - Started process (PID=10741) to work on /opt/airflow/dags/create_audit_table.py
[2025-11-18T05:05:15.914+0000] {processor.py:830} INFO - Processing file /opt/airflow/dags/create_audit_table.py for tasks to queue
[2025-11-18T05:05:15.916+0000] {logging_mixin.py:188} INFO - [2025-11-18T05:05:15.916+0000] {dagbag.py:538} INFO - Filling up the DagBag from /opt/airflow/dags/create_audit_table.py
[2025-11-18T05:05:16.138+0000] {processor.py:840} INFO - DAG(s) 'create_audit_table' retrieved from /opt/airflow/dags/create_audit_table.py
[2025-11-18T05:05:16.421+0000] {logging_mixin.py:188} INFO - [2025-11-18T05:05:16.420+0000] {dag.py:3036} INFO - Sync 1 DAGs
[2025-11-18T05:05:16.516+0000] {logging_mixin.py:188} INFO - [2025-11-18T05:05:16.515+0000] {dag.py:3823} INFO - Setting next_dagrun for create_audit_table to None, run_after=None
[2025-11-18T05:05:16.636+0000] {processor.py:183} INFO - Processing /opt/airflow/dags/create_audit_table.py took 0.747 seconds
[2025-11-18T05:05:47.458+0000] {processor.py:161} INFO - Started process (PID=10766) to work on /opt/airflow/dags/create_audit_table.py
[2025-11-18T05:05:47.460+0000] {processor.py:830} INFO - Processing file /opt/airflow/dags/create_audit_table.py for tasks to queue
[2025-11-18T05:05:47.462+0000] {logging_mixin.py:188} INFO - [2025-11-18T05:05:47.462+0000] {dagbag.py:538} INFO - Filling up the DagBag from /opt/airflow/dags/create_audit_table.py
[2025-11-18T05:05:47.487+0000] {processor.py:840} INFO - DAG(s) 'create_audit_table' retrieved from /opt/airflow/dags/create_audit_table.py
[2025-11-18T05:05:47.570+0000] {logging_mixin.py:188} INFO - [2025-11-18T05:05:47.564+0000] {dag.py:3036} INFO - Sync 1 DAGs
[2025-11-18T05:05:47.606+0000] {logging_mixin.py:188} INFO - [2025-11-18T05:05:47.605+0000] {dag.py:3823} INFO - Setting next_dagrun for create_audit_table to None, run_after=None
[2025-11-18T05:05:47.666+0000] {processor.py:183} INFO - Processing /opt/airflow/dags/create_audit_table.py took 0.216 seconds
[2025-11-18T05:06:18.305+0000] {processor.py:161} INFO - Started process (PID=10791) to work on /opt/airflow/dags/create_audit_table.py
[2025-11-18T05:06:18.313+0000] {processor.py:830} INFO - Processing file /opt/airflow/dags/create_audit_table.py for tasks to queue
[2025-11-18T05:06:18.318+0000] {logging_mixin.py:188} INFO - [2025-11-18T05:06:18.317+0000] {dagbag.py:538} INFO - Filling up the DagBag from /opt/airflow/dags/create_audit_table.py
[2025-11-18T05:06:18.399+0000] {processor.py:840} INFO - DAG(s) 'create_audit_table' retrieved from /opt/airflow/dags/create_audit_table.py
[2025-11-18T05:06:18.501+0000] {logging_mixin.py:188} INFO - [2025-11-18T05:06:18.500+0000] {dag.py:3036} INFO - Sync 1 DAGs
[2025-11-18T05:06:18.591+0000] {logging_mixin.py:188} INFO - [2025-11-18T05:06:18.591+0000] {dag.py:3823} INFO - Setting next_dagrun for create_audit_table to None, run_after=None
[2025-11-18T05:06:18.761+0000] {processor.py:183} INFO - Processing /opt/airflow/dags/create_audit_table.py took 0.461 seconds
[2025-11-18T05:06:57.062+0000] {processor.py:161} INFO - Started process (PID=10818) to work on /opt/airflow/dags/create_audit_table.py
[2025-11-18T05:06:57.132+0000] {processor.py:830} INFO - Processing file /opt/airflow/dags/create_audit_table.py for tasks to queue
[2025-11-18T05:06:57.191+0000] {logging_mixin.py:188} INFO - [2025-11-18T05:06:57.191+0000] {dagbag.py:538} INFO - Filling up the DagBag from /opt/airflow/dags/create_audit_table.py
[2025-11-18T05:06:57.647+0000] {processor.py:840} INFO - DAG(s) 'create_audit_table' retrieved from /opt/airflow/dags/create_audit_table.py
[2025-11-18T05:06:57.881+0000] {logging_mixin.py:188} INFO - [2025-11-18T05:06:57.881+0000] {dag.py:3036} INFO - Sync 1 DAGs
[2025-11-18T05:06:57.993+0000] {logging_mixin.py:188} INFO - [2025-11-18T05:06:57.993+0000] {dag.py:3823} INFO - Setting next_dagrun for create_audit_table to None, run_after=None
[2025-11-18T05:06:58.116+0000] {processor.py:183} INFO - Processing /opt/airflow/dags/create_audit_table.py took 1.058 seconds
[2025-11-18T05:07:28.529+0000] {processor.py:161} INFO - Started process (PID=10843) to work on /opt/airflow/dags/create_audit_table.py
[2025-11-18T05:07:28.531+0000] {processor.py:830} INFO - Processing file /opt/airflow/dags/create_audit_table.py for tasks to queue
[2025-11-18T05:07:28.534+0000] {logging_mixin.py:188} INFO - [2025-11-18T05:07:28.533+0000] {dagbag.py:538} INFO - Filling up the DagBag from /opt/airflow/dags/create_audit_table.py
[2025-11-18T05:07:28.578+0000] {processor.py:840} INFO - DAG(s) 'create_audit_table' retrieved from /opt/airflow/dags/create_audit_table.py
[2025-11-18T05:07:28.648+0000] {logging_mixin.py:188} INFO - [2025-11-18T05:07:28.648+0000] {dag.py:3036} INFO - Sync 1 DAGs
[2025-11-18T05:07:28.693+0000] {logging_mixin.py:188} INFO - [2025-11-18T05:07:28.693+0000] {dag.py:3823} INFO - Setting next_dagrun for create_audit_table to None, run_after=None
[2025-11-18T05:07:28.755+0000] {processor.py:183} INFO - Processing /opt/airflow/dags/create_audit_table.py took 0.243 seconds
[2025-11-18T05:07:58.928+0000] {processor.py:161} INFO - Started process (PID=10868) to work on /opt/airflow/dags/create_audit_table.py
[2025-11-18T05:07:58.930+0000] {processor.py:830} INFO - Processing file /opt/airflow/dags/create_audit_table.py for tasks to queue
[2025-11-18T05:07:58.932+0000] {logging_mixin.py:188} INFO - [2025-11-18T05:07:58.932+0000] {dagbag.py:538} INFO - Filling up the DagBag from /opt/airflow/dags/create_audit_table.py
[2025-11-18T05:07:58.976+0000] {processor.py:840} INFO - DAG(s) 'create_audit_table' retrieved from /opt/airflow/dags/create_audit_table.py
[2025-11-18T05:07:59.072+0000] {logging_mixin.py:188} INFO - [2025-11-18T05:07:59.072+0000] {dag.py:3036} INFO - Sync 1 DAGs
[2025-11-18T05:07:59.133+0000] {logging_mixin.py:188} INFO - [2025-11-18T05:07:59.132+0000] {dag.py:3823} INFO - Setting next_dagrun for create_audit_table to None, run_after=None
[2025-11-18T05:07:59.238+0000] {processor.py:183} INFO - Processing /opt/airflow/dags/create_audit_table.py took 0.325 seconds
[2025-11-18T05:08:30.171+0000] {processor.py:161} INFO - Started process (PID=10893) to work on /opt/airflow/dags/create_audit_table.py
[2025-11-18T05:08:30.174+0000] {processor.py:830} INFO - Processing file /opt/airflow/dags/create_audit_table.py for tasks to queue
[2025-11-18T05:08:30.176+0000] {logging_mixin.py:188} INFO - [2025-11-18T05:08:30.176+0000] {dagbag.py:538} INFO - Filling up the DagBag from /opt/airflow/dags/create_audit_table.py
[2025-11-18T05:08:30.225+0000] {processor.py:840} INFO - DAG(s) 'create_audit_table' retrieved from /opt/airflow/dags/create_audit_table.py
[2025-11-18T05:08:30.278+0000] {logging_mixin.py:188} INFO - [2025-11-18T05:08:30.277+0000] {dag.py:3036} INFO - Sync 1 DAGs
[2025-11-18T05:08:30.306+0000] {logging_mixin.py:188} INFO - [2025-11-18T05:08:30.305+0000] {dag.py:3823} INFO - Setting next_dagrun for create_audit_table to None, run_after=None
[2025-11-18T05:08:30.371+0000] {processor.py:183} INFO - Processing /opt/airflow/dags/create_audit_table.py took 0.205 seconds
[2025-11-18T05:09:00.570+0000] {processor.py:161} INFO - Started process (PID=10918) to work on /opt/airflow/dags/create_audit_table.py
[2025-11-18T05:09:00.573+0000] {processor.py:830} INFO - Processing file /opt/airflow/dags/create_audit_table.py for tasks to queue
[2025-11-18T05:09:00.575+0000] {logging_mixin.py:188} INFO - [2025-11-18T05:09:00.574+0000] {dagbag.py:538} INFO - Filling up the DagBag from /opt/airflow/dags/create_audit_table.py
[2025-11-18T05:09:00.606+0000] {processor.py:840} INFO - DAG(s) 'create_audit_table' retrieved from /opt/airflow/dags/create_audit_table.py
[2025-11-18T05:09:00.657+0000] {logging_mixin.py:188} INFO - [2025-11-18T05:09:00.657+0000] {dag.py:3036} INFO - Sync 1 DAGs
[2025-11-18T05:09:00.672+0000] {logging_mixin.py:188} INFO - [2025-11-18T05:09:00.672+0000] {dag.py:3823} INFO - Setting next_dagrun for create_audit_table to None, run_after=None
[2025-11-18T05:09:00.700+0000] {processor.py:183} INFO - Processing /opt/airflow/dags/create_audit_table.py took 0.136 seconds
[2025-11-18T05:09:31.028+0000] {processor.py:161} INFO - Started process (PID=10943) to work on /opt/airflow/dags/create_audit_table.py
[2025-11-18T05:09:31.030+0000] {processor.py:830} INFO - Processing file /opt/airflow/dags/create_audit_table.py for tasks to queue
[2025-11-18T05:09:31.031+0000] {logging_mixin.py:188} INFO - [2025-11-18T05:09:31.031+0000] {dagbag.py:538} INFO - Filling up the DagBag from /opt/airflow/dags/create_audit_table.py
[2025-11-18T05:09:31.061+0000] {processor.py:840} INFO - DAG(s) 'create_audit_table' retrieved from /opt/airflow/dags/create_audit_table.py
[2025-11-18T05:09:31.101+0000] {logging_mixin.py:188} INFO - [2025-11-18T05:09:31.100+0000] {dag.py:3036} INFO - Sync 1 DAGs
[2025-11-18T05:09:31.136+0000] {logging_mixin.py:188} INFO - [2025-11-18T05:09:31.128+0000] {dag.py:3823} INFO - Setting next_dagrun for create_audit_table to None, run_after=None
[2025-11-18T05:09:31.210+0000] {processor.py:183} INFO - Processing /opt/airflow/dags/create_audit_table.py took 0.186 seconds
[2025-11-18T05:10:02.065+0000] {processor.py:161} INFO - Started process (PID=10968) to work on /opt/airflow/dags/create_audit_table.py
[2025-11-18T05:10:02.077+0000] {processor.py:830} INFO - Processing file /opt/airflow/dags/create_audit_table.py for tasks to queue
[2025-11-18T05:10:02.095+0000] {logging_mixin.py:188} INFO - [2025-11-18T05:10:02.094+0000] {dagbag.py:538} INFO - Filling up the DagBag from /opt/airflow/dags/create_audit_table.py
[2025-11-18T05:10:02.386+0000] {processor.py:840} INFO - DAG(s) 'create_audit_table' retrieved from /opt/airflow/dags/create_audit_table.py
[2025-11-18T05:10:02.685+0000] {logging_mixin.py:188} INFO - [2025-11-18T05:10:02.685+0000] {dag.py:3036} INFO - Sync 1 DAGs
[2025-11-18T05:10:03.112+0000] {logging_mixin.py:188} INFO - [2025-11-18T05:10:03.112+0000] {dag.py:3823} INFO - Setting next_dagrun for create_audit_table to None, run_after=None
[2025-11-18T05:10:03.324+0000] {processor.py:183} INFO - Processing /opt/airflow/dags/create_audit_table.py took 1.265 seconds
[2025-11-18T05:10:34.494+0000] {processor.py:161} INFO - Started process (PID=10993) to work on /opt/airflow/dags/create_audit_table.py
[2025-11-18T05:10:34.498+0000] {processor.py:830} INFO - Processing file /opt/airflow/dags/create_audit_table.py for tasks to queue
[2025-11-18T05:10:34.500+0000] {logging_mixin.py:188} INFO - [2025-11-18T05:10:34.499+0000] {dagbag.py:538} INFO - Filling up the DagBag from /opt/airflow/dags/create_audit_table.py
[2025-11-18T05:10:34.588+0000] {processor.py:840} INFO - DAG(s) 'create_audit_table' retrieved from /opt/airflow/dags/create_audit_table.py
[2025-11-18T05:10:34.693+0000] {logging_mixin.py:188} INFO - [2025-11-18T05:10:34.692+0000] {dag.py:3036} INFO - Sync 1 DAGs
[2025-11-18T05:10:34.805+0000] {logging_mixin.py:188} INFO - [2025-11-18T05:10:34.804+0000] {dag.py:3823} INFO - Setting next_dagrun for create_audit_table to None, run_after=None
[2025-11-18T05:10:34.942+0000] {processor.py:183} INFO - Processing /opt/airflow/dags/create_audit_table.py took 0.453 seconds
[2025-11-18T05:11:05.454+0000] {processor.py:161} INFO - Started process (PID=11018) to work on /opt/airflow/dags/create_audit_table.py
[2025-11-18T05:11:05.455+0000] {processor.py:830} INFO - Processing file /opt/airflow/dags/create_audit_table.py for tasks to queue
[2025-11-18T05:11:05.457+0000] {logging_mixin.py:188} INFO - [2025-11-18T05:11:05.456+0000] {dagbag.py:538} INFO - Filling up the DagBag from /opt/airflow/dags/create_audit_table.py
[2025-11-18T05:11:05.473+0000] {processor.py:840} INFO - DAG(s) 'create_audit_table' retrieved from /opt/airflow/dags/create_audit_table.py
[2025-11-18T05:11:05.500+0000] {logging_mixin.py:188} INFO - [2025-11-18T05:11:05.500+0000] {dag.py:3036} INFO - Sync 1 DAGs
[2025-11-18T05:11:05.512+0000] {logging_mixin.py:188} INFO - [2025-11-18T05:11:05.511+0000] {dag.py:3823} INFO - Setting next_dagrun for create_audit_table to None, run_after=None
[2025-11-18T05:11:05.534+0000] {processor.py:183} INFO - Processing /opt/airflow/dags/create_audit_table.py took 0.083 seconds
[2025-11-18T05:11:36.185+0000] {processor.py:161} INFO - Started process (PID=11043) to work on /opt/airflow/dags/create_audit_table.py
[2025-11-18T05:11:36.186+0000] {processor.py:830} INFO - Processing file /opt/airflow/dags/create_audit_table.py for tasks to queue
[2025-11-18T05:11:36.188+0000] {logging_mixin.py:188} INFO - [2025-11-18T05:11:36.187+0000] {dagbag.py:538} INFO - Filling up the DagBag from /opt/airflow/dags/create_audit_table.py
[2025-11-18T05:11:36.294+0000] {processor.py:840} INFO - DAG(s) 'create_audit_table' retrieved from /opt/airflow/dags/create_audit_table.py
[2025-11-18T05:11:36.322+0000] {logging_mixin.py:188} INFO - [2025-11-18T05:11:36.322+0000] {dag.py:3036} INFO - Sync 1 DAGs
[2025-11-18T05:11:36.332+0000] {logging_mixin.py:188} INFO - [2025-11-18T05:11:36.332+0000] {dag.py:3823} INFO - Setting next_dagrun for create_audit_table to None, run_after=None
[2025-11-18T05:11:36.370+0000] {processor.py:183} INFO - Processing /opt/airflow/dags/create_audit_table.py took 0.189 seconds
[2025-11-18T05:12:07.096+0000] {processor.py:161} INFO - Started process (PID=11068) to work on /opt/airflow/dags/create_audit_table.py
[2025-11-18T05:12:07.097+0000] {processor.py:830} INFO - Processing file /opt/airflow/dags/create_audit_table.py for tasks to queue
[2025-11-18T05:12:07.099+0000] {logging_mixin.py:188} INFO - [2025-11-18T05:12:07.098+0000] {dagbag.py:538} INFO - Filling up the DagBag from /opt/airflow/dags/create_audit_table.py
[2025-11-18T05:12:07.120+0000] {processor.py:840} INFO - DAG(s) 'create_audit_table' retrieved from /opt/airflow/dags/create_audit_table.py
[2025-11-18T05:12:07.150+0000] {logging_mixin.py:188} INFO - [2025-11-18T05:12:07.150+0000] {dag.py:3036} INFO - Sync 1 DAGs
[2025-11-18T05:12:07.163+0000] {logging_mixin.py:188} INFO - [2025-11-18T05:12:07.162+0000] {dag.py:3823} INFO - Setting next_dagrun for create_audit_table to None, run_after=None
[2025-11-18T05:12:07.184+0000] {processor.py:183} INFO - Processing /opt/airflow/dags/create_audit_table.py took 0.093 seconds
[2025-11-18T05:12:37.840+0000] {processor.py:161} INFO - Started process (PID=11093) to work on /opt/airflow/dags/create_audit_table.py
[2025-11-18T05:12:37.843+0000] {processor.py:830} INFO - Processing file /opt/airflow/dags/create_audit_table.py for tasks to queue
[2025-11-18T05:12:37.850+0000] {logging_mixin.py:188} INFO - [2025-11-18T05:12:37.848+0000] {dagbag.py:538} INFO - Filling up the DagBag from /opt/airflow/dags/create_audit_table.py
[2025-11-18T05:12:37.886+0000] {processor.py:840} INFO - DAG(s) 'create_audit_table' retrieved from /opt/airflow/dags/create_audit_table.py
[2025-11-18T05:12:37.923+0000] {logging_mixin.py:188} INFO - [2025-11-18T05:12:37.922+0000] {dag.py:3036} INFO - Sync 1 DAGs
[2025-11-18T05:12:37.938+0000] {logging_mixin.py:188} INFO - [2025-11-18T05:12:37.937+0000] {dag.py:3823} INFO - Setting next_dagrun for create_audit_table to None, run_after=None
[2025-11-18T05:12:37.969+0000] {processor.py:183} INFO - Processing /opt/airflow/dags/create_audit_table.py took 0.132 seconds
[2025-11-18T05:13:08.389+0000] {processor.py:161} INFO - Started process (PID=11118) to work on /opt/airflow/dags/create_audit_table.py
[2025-11-18T05:13:08.391+0000] {processor.py:830} INFO - Processing file /opt/airflow/dags/create_audit_table.py for tasks to queue
[2025-11-18T05:13:08.393+0000] {logging_mixin.py:188} INFO - [2025-11-18T05:13:08.392+0000] {dagbag.py:538} INFO - Filling up the DagBag from /opt/airflow/dags/create_audit_table.py
[2025-11-18T05:13:08.412+0000] {processor.py:840} INFO - DAG(s) 'create_audit_table' retrieved from /opt/airflow/dags/create_audit_table.py
[2025-11-18T05:13:08.445+0000] {logging_mixin.py:188} INFO - [2025-11-18T05:13:08.445+0000] {dag.py:3036} INFO - Sync 1 DAGs
[2025-11-18T05:13:08.457+0000] {logging_mixin.py:188} INFO - [2025-11-18T05:13:08.456+0000] {dag.py:3823} INFO - Setting next_dagrun for create_audit_table to None, run_after=None
[2025-11-18T05:13:08.487+0000] {processor.py:183} INFO - Processing /opt/airflow/dags/create_audit_table.py took 0.102 seconds
[2025-11-18T05:13:39.127+0000] {processor.py:161} INFO - Started process (PID=11143) to work on /opt/airflow/dags/create_audit_table.py
[2025-11-18T05:13:39.129+0000] {processor.py:830} INFO - Processing file /opt/airflow/dags/create_audit_table.py for tasks to queue
[2025-11-18T05:13:39.141+0000] {logging_mixin.py:188} INFO - [2025-11-18T05:13:39.140+0000] {dagbag.py:538} INFO - Filling up the DagBag from /opt/airflow/dags/create_audit_table.py
[2025-11-18T05:13:39.197+0000] {processor.py:840} INFO - DAG(s) 'create_audit_table' retrieved from /opt/airflow/dags/create_audit_table.py
[2025-11-18T05:13:39.273+0000] {logging_mixin.py:188} INFO - [2025-11-18T05:13:39.273+0000] {dag.py:3036} INFO - Sync 1 DAGs
[2025-11-18T05:13:39.310+0000] {logging_mixin.py:188} INFO - [2025-11-18T05:13:39.310+0000] {dag.py:3823} INFO - Setting next_dagrun for create_audit_table to None, run_after=None
[2025-11-18T05:13:39.494+0000] {processor.py:183} INFO - Processing /opt/airflow/dags/create_audit_table.py took 0.372 seconds
[2025-11-18T05:14:10.478+0000] {processor.py:161} INFO - Started process (PID=11168) to work on /opt/airflow/dags/create_audit_table.py
[2025-11-18T05:14:10.488+0000] {processor.py:830} INFO - Processing file /opt/airflow/dags/create_audit_table.py for tasks to queue
[2025-11-18T05:14:10.491+0000] {logging_mixin.py:188} INFO - [2025-11-18T05:14:10.490+0000] {dagbag.py:538} INFO - Filling up the DagBag from /opt/airflow/dags/create_audit_table.py
[2025-11-18T05:14:10.625+0000] {processor.py:840} INFO - DAG(s) 'create_audit_table' retrieved from /opt/airflow/dags/create_audit_table.py
[2025-11-18T05:14:10.701+0000] {logging_mixin.py:188} INFO - [2025-11-18T05:14:10.701+0000] {dag.py:3036} INFO - Sync 1 DAGs
[2025-11-18T05:14:10.728+0000] {logging_mixin.py:188} INFO - [2025-11-18T05:14:10.727+0000] {dag.py:3823} INFO - Setting next_dagrun for create_audit_table to None, run_after=None
[2025-11-18T05:14:10.768+0000] {processor.py:183} INFO - Processing /opt/airflow/dags/create_audit_table.py took 0.295 seconds
[2025-11-18T05:14:40.991+0000] {processor.py:161} INFO - Started process (PID=11193) to work on /opt/airflow/dags/create_audit_table.py
[2025-11-18T05:14:40.994+0000] {processor.py:830} INFO - Processing file /opt/airflow/dags/create_audit_table.py for tasks to queue
[2025-11-18T05:14:40.995+0000] {logging_mixin.py:188} INFO - [2025-11-18T05:14:40.995+0000] {dagbag.py:538} INFO - Filling up the DagBag from /opt/airflow/dags/create_audit_table.py
[2025-11-18T05:14:41.031+0000] {processor.py:840} INFO - DAG(s) 'create_audit_table' retrieved from /opt/airflow/dags/create_audit_table.py
[2025-11-18T05:14:41.097+0000] {logging_mixin.py:188} INFO - [2025-11-18T05:14:41.097+0000] {dag.py:3036} INFO - Sync 1 DAGs
[2025-11-18T05:14:41.122+0000] {logging_mixin.py:188} INFO - [2025-11-18T05:14:41.121+0000] {dag.py:3823} INFO - Setting next_dagrun for create_audit_table to None, run_after=None
[2025-11-18T05:14:41.154+0000] {processor.py:183} INFO - Processing /opt/airflow/dags/create_audit_table.py took 0.170 seconds
[2025-11-18T05:15:45.315+0000] {processor.py:161} INFO - Started process (PID=11218) to work on /opt/airflow/dags/create_audit_table.py
[2025-11-18T05:15:45.345+0000] {processor.py:830} INFO - Processing file /opt/airflow/dags/create_audit_table.py for tasks to queue
[2025-11-18T05:15:45.380+0000] {logging_mixin.py:188} INFO - [2025-11-18T05:15:45.362+0000] {dagbag.py:538} INFO - Filling up the DagBag from /opt/airflow/dags/create_audit_table.py
[2025-11-18T05:15:56.459+0000] {processor.py:840} INFO - DAG(s) 'create_audit_table' retrieved from /opt/airflow/dags/create_audit_table.py
[2025-11-18T05:15:57.584+0000] {logging_mixin.py:188} INFO - [2025-11-18T05:15:57.584+0000] {dag.py:3036} INFO - Sync 1 DAGs
[2025-11-18T05:15:58.112+0000] {logging_mixin.py:188} INFO - [2025-11-18T05:15:58.111+0000] {dag.py:3823} INFO - Setting next_dagrun for create_audit_table to None, run_after=None
[2025-11-18T05:15:58.416+0000] {processor.py:183} INFO - Processing /opt/airflow/dags/create_audit_table.py took 14.006 seconds
[2025-11-18T05:16:29.539+0000] {processor.py:161} INFO - Started process (PID=11254) to work on /opt/airflow/dags/create_audit_table.py
[2025-11-18T05:16:29.555+0000] {processor.py:830} INFO - Processing file /opt/airflow/dags/create_audit_table.py for tasks to queue
[2025-11-18T05:16:29.563+0000] {logging_mixin.py:188} INFO - [2025-11-18T05:16:29.563+0000] {dagbag.py:538} INFO - Filling up the DagBag from /opt/airflow/dags/create_audit_table.py
[2025-11-18T05:16:29.850+0000] {processor.py:840} INFO - DAG(s) 'create_audit_table' retrieved from /opt/airflow/dags/create_audit_table.py
[2025-11-18T05:16:30.008+0000] {logging_mixin.py:188} INFO - [2025-11-18T05:16:30.007+0000] {dag.py:3036} INFO - Sync 1 DAGs
[2025-11-18T05:16:30.076+0000] {logging_mixin.py:188} INFO - [2025-11-18T05:16:30.075+0000] {dag.py:3823} INFO - Setting next_dagrun for create_audit_table to None, run_after=None
[2025-11-18T05:16:30.187+0000] {processor.py:183} INFO - Processing /opt/airflow/dags/create_audit_table.py took 0.656 seconds
[2025-11-18T05:17:01.624+0000] {processor.py:161} INFO - Started process (PID=11284) to work on /opt/airflow/dags/create_audit_table.py
[2025-11-18T05:17:01.626+0000] {processor.py:830} INFO - Processing file /opt/airflow/dags/create_audit_table.py for tasks to queue
[2025-11-18T05:17:01.628+0000] {logging_mixin.py:188} INFO - [2025-11-18T05:17:01.627+0000] {dagbag.py:538} INFO - Filling up the DagBag from /opt/airflow/dags/create_audit_table.py
[2025-11-18T05:17:01.667+0000] {processor.py:840} INFO - DAG(s) 'create_audit_table' retrieved from /opt/airflow/dags/create_audit_table.py
[2025-11-18T05:17:01.731+0000] {logging_mixin.py:188} INFO - [2025-11-18T05:17:01.731+0000] {dag.py:3036} INFO - Sync 1 DAGs
[2025-11-18T05:17:01.752+0000] {logging_mixin.py:188} INFO - [2025-11-18T05:17:01.752+0000] {dag.py:3823} INFO - Setting next_dagrun for create_audit_table to None, run_after=None
[2025-11-18T05:17:01.792+0000] {processor.py:183} INFO - Processing /opt/airflow/dags/create_audit_table.py took 0.173 seconds
[2025-11-18T05:17:32.527+0000] {processor.py:161} INFO - Started process (PID=11309) to work on /opt/airflow/dags/create_audit_table.py
[2025-11-18T05:17:32.539+0000] {processor.py:830} INFO - Processing file /opt/airflow/dags/create_audit_table.py for tasks to queue
[2025-11-18T05:17:32.541+0000] {logging_mixin.py:188} INFO - [2025-11-18T05:17:32.540+0000] {dagbag.py:538} INFO - Filling up the DagBag from /opt/airflow/dags/create_audit_table.py
[2025-11-18T05:17:32.571+0000] {processor.py:840} INFO - DAG(s) 'create_audit_table' retrieved from /opt/airflow/dags/create_audit_table.py
[2025-11-18T05:17:32.667+0000] {logging_mixin.py:188} INFO - [2025-11-18T05:17:32.666+0000] {dag.py:3036} INFO - Sync 1 DAGs
[2025-11-18T05:17:32.703+0000] {logging_mixin.py:188} INFO - [2025-11-18T05:17:32.702+0000] {dag.py:3823} INFO - Setting next_dagrun for create_audit_table to None, run_after=None
[2025-11-18T05:17:32.780+0000] {processor.py:183} INFO - Processing /opt/airflow/dags/create_audit_table.py took 0.259 seconds
[2025-11-18T05:18:03.556+0000] {processor.py:161} INFO - Started process (PID=11334) to work on /opt/airflow/dags/create_audit_table.py
[2025-11-18T05:18:03.558+0000] {processor.py:830} INFO - Processing file /opt/airflow/dags/create_audit_table.py for tasks to queue
[2025-11-18T05:18:03.560+0000] {logging_mixin.py:188} INFO - [2025-11-18T05:18:03.559+0000] {dagbag.py:538} INFO - Filling up the DagBag from /opt/airflow/dags/create_audit_table.py
[2025-11-18T05:18:03.582+0000] {processor.py:840} INFO - DAG(s) 'create_audit_table' retrieved from /opt/airflow/dags/create_audit_table.py
[2025-11-18T05:18:03.616+0000] {logging_mixin.py:188} INFO - [2025-11-18T05:18:03.616+0000] {dag.py:3036} INFO - Sync 1 DAGs
[2025-11-18T05:18:03.633+0000] {logging_mixin.py:188} INFO - [2025-11-18T05:18:03.633+0000] {dag.py:3823} INFO - Setting next_dagrun for create_audit_table to None, run_after=None
[2025-11-18T05:18:03.657+0000] {processor.py:183} INFO - Processing /opt/airflow/dags/create_audit_table.py took 0.107 seconds
[2025-11-18T05:18:34.263+0000] {processor.py:161} INFO - Started process (PID=11359) to work on /opt/airflow/dags/create_audit_table.py
[2025-11-18T05:18:34.264+0000] {processor.py:830} INFO - Processing file /opt/airflow/dags/create_audit_table.py for tasks to queue
[2025-11-18T05:18:34.265+0000] {logging_mixin.py:188} INFO - [2025-11-18T05:18:34.265+0000] {dagbag.py:538} INFO - Filling up the DagBag from /opt/airflow/dags/create_audit_table.py
[2025-11-18T05:18:34.292+0000] {processor.py:840} INFO - DAG(s) 'create_audit_table' retrieved from /opt/airflow/dags/create_audit_table.py
[2025-11-18T05:18:34.327+0000] {logging_mixin.py:188} INFO - [2025-11-18T05:18:34.327+0000] {dag.py:3036} INFO - Sync 1 DAGs
[2025-11-18T05:18:34.359+0000] {logging_mixin.py:188} INFO - [2025-11-18T05:18:34.359+0000] {dag.py:3823} INFO - Setting next_dagrun for create_audit_table to None, run_after=None
[2025-11-18T05:18:34.444+0000] {processor.py:183} INFO - Processing /opt/airflow/dags/create_audit_table.py took 0.185 seconds
[2025-11-18T05:19:05.191+0000] {processor.py:161} INFO - Started process (PID=11384) to work on /opt/airflow/dags/create_audit_table.py
[2025-11-18T05:19:05.192+0000] {processor.py:830} INFO - Processing file /opt/airflow/dags/create_audit_table.py for tasks to queue
[2025-11-18T05:19:05.194+0000] {logging_mixin.py:188} INFO - [2025-11-18T05:19:05.193+0000] {dagbag.py:538} INFO - Filling up the DagBag from /opt/airflow/dags/create_audit_table.py
[2025-11-18T05:19:05.220+0000] {processor.py:840} INFO - DAG(s) 'create_audit_table' retrieved from /opt/airflow/dags/create_audit_table.py
[2025-11-18T05:19:05.251+0000] {logging_mixin.py:188} INFO - [2025-11-18T05:19:05.251+0000] {dag.py:3036} INFO - Sync 1 DAGs
[2025-11-18T05:19:05.264+0000] {logging_mixin.py:188} INFO - [2025-11-18T05:19:05.264+0000] {dag.py:3823} INFO - Setting next_dagrun for create_audit_table to None, run_after=None
[2025-11-18T05:19:05.304+0000] {processor.py:183} INFO - Processing /opt/airflow/dags/create_audit_table.py took 0.118 seconds
[2025-11-18T05:19:36.007+0000] {processor.py:161} INFO - Started process (PID=11409) to work on /opt/airflow/dags/create_audit_table.py
[2025-11-18T05:19:36.009+0000] {processor.py:830} INFO - Processing file /opt/airflow/dags/create_audit_table.py for tasks to queue
[2025-11-18T05:19:36.010+0000] {logging_mixin.py:188} INFO - [2025-11-18T05:19:36.010+0000] {dagbag.py:538} INFO - Filling up the DagBag from /opt/airflow/dags/create_audit_table.py
[2025-11-18T05:19:36.034+0000] {processor.py:840} INFO - DAG(s) 'create_audit_table' retrieved from /opt/airflow/dags/create_audit_table.py
[2025-11-18T05:19:36.072+0000] {logging_mixin.py:188} INFO - [2025-11-18T05:19:36.072+0000] {dag.py:3036} INFO - Sync 1 DAGs
[2025-11-18T05:19:36.089+0000] {logging_mixin.py:188} INFO - [2025-11-18T05:19:36.089+0000] {dag.py:3823} INFO - Setting next_dagrun for create_audit_table to None, run_after=None
[2025-11-18T05:19:36.116+0000] {processor.py:183} INFO - Processing /opt/airflow/dags/create_audit_table.py took 0.114 seconds
[2025-11-18T05:20:06.842+0000] {processor.py:161} INFO - Started process (PID=11434) to work on /opt/airflow/dags/create_audit_table.py
[2025-11-18T05:20:06.844+0000] {processor.py:830} INFO - Processing file /opt/airflow/dags/create_audit_table.py for tasks to queue
[2025-11-18T05:20:06.847+0000] {logging_mixin.py:188} INFO - [2025-11-18T05:20:06.847+0000] {dagbag.py:538} INFO - Filling up the DagBag from /opt/airflow/dags/create_audit_table.py
[2025-11-18T05:20:06.872+0000] {processor.py:840} INFO - DAG(s) 'create_audit_table' retrieved from /opt/airflow/dags/create_audit_table.py
[2025-11-18T05:20:06.909+0000] {logging_mixin.py:188} INFO - [2025-11-18T05:20:06.909+0000] {dag.py:3036} INFO - Sync 1 DAGs
[2025-11-18T05:20:06.933+0000] {logging_mixin.py:188} INFO - [2025-11-18T05:20:06.933+0000] {dag.py:3823} INFO - Setting next_dagrun for create_audit_table to None, run_after=None
[2025-11-18T05:20:06.967+0000] {processor.py:183} INFO - Processing /opt/airflow/dags/create_audit_table.py took 0.132 seconds
[2025-11-18T05:20:37.445+0000] {processor.py:161} INFO - Started process (PID=11459) to work on /opt/airflow/dags/create_audit_table.py
[2025-11-18T05:20:37.446+0000] {processor.py:830} INFO - Processing file /opt/airflow/dags/create_audit_table.py for tasks to queue
[2025-11-18T05:20:37.448+0000] {logging_mixin.py:188} INFO - [2025-11-18T05:20:37.447+0000] {dagbag.py:538} INFO - Filling up the DagBag from /opt/airflow/dags/create_audit_table.py
[2025-11-18T05:20:37.473+0000] {processor.py:840} INFO - DAG(s) 'create_audit_table' retrieved from /opt/airflow/dags/create_audit_table.py
[2025-11-18T05:20:37.501+0000] {logging_mixin.py:188} INFO - [2025-11-18T05:20:37.500+0000] {dag.py:3036} INFO - Sync 1 DAGs
[2025-11-18T05:20:37.514+0000] {logging_mixin.py:188} INFO - [2025-11-18T05:20:37.514+0000] {dag.py:3823} INFO - Setting next_dagrun for create_audit_table to None, run_after=None
[2025-11-18T05:20:37.538+0000] {processor.py:183} INFO - Processing /opt/airflow/dags/create_audit_table.py took 0.096 seconds
[2025-11-18T05:21:08.281+0000] {processor.py:161} INFO - Started process (PID=11484) to work on /opt/airflow/dags/create_audit_table.py
[2025-11-18T05:21:08.285+0000] {processor.py:830} INFO - Processing file /opt/airflow/dags/create_audit_table.py for tasks to queue
[2025-11-18T05:21:08.294+0000] {logging_mixin.py:188} INFO - [2025-11-18T05:21:08.287+0000] {dagbag.py:538} INFO - Filling up the DagBag from /opt/airflow/dags/create_audit_table.py
[2025-11-18T05:21:08.401+0000] {processor.py:840} INFO - DAG(s) 'create_audit_table' retrieved from /opt/airflow/dags/create_audit_table.py
[2025-11-18T05:21:08.657+0000] {logging_mixin.py:188} INFO - [2025-11-18T05:21:08.656+0000] {dag.py:3036} INFO - Sync 1 DAGs
[2025-11-18T05:21:08.762+0000] {logging_mixin.py:188} INFO - [2025-11-18T05:21:08.761+0000] {dag.py:3823} INFO - Setting next_dagrun for create_audit_table to None, run_after=None
[2025-11-18T05:21:08.857+0000] {processor.py:183} INFO - Processing /opt/airflow/dags/create_audit_table.py took 0.587 seconds
[2025-11-18T05:21:39.827+0000] {processor.py:161} INFO - Started process (PID=11509) to work on /opt/airflow/dags/create_audit_table.py
[2025-11-18T05:21:39.829+0000] {processor.py:830} INFO - Processing file /opt/airflow/dags/create_audit_table.py for tasks to queue
[2025-11-18T05:21:39.831+0000] {logging_mixin.py:188} INFO - [2025-11-18T05:21:39.830+0000] {dagbag.py:538} INFO - Filling up the DagBag from /opt/airflow/dags/create_audit_table.py
[2025-11-18T05:21:39.891+0000] {processor.py:840} INFO - DAG(s) 'create_audit_table' retrieved from /opt/airflow/dags/create_audit_table.py
[2025-11-18T05:21:39.963+0000] {logging_mixin.py:188} INFO - [2025-11-18T05:21:39.962+0000] {dag.py:3036} INFO - Sync 1 DAGs
[2025-11-18T05:21:39.995+0000] {logging_mixin.py:188} INFO - [2025-11-18T05:21:39.995+0000] {dag.py:3823} INFO - Setting next_dagrun for create_audit_table to None, run_after=None
[2025-11-18T05:21:40.035+0000] {processor.py:183} INFO - Processing /opt/airflow/dags/create_audit_table.py took 0.215 seconds
[2025-11-18T05:36:19.867+0000] {processor.py:161} INFO - Started process (PID=11539) to work on /opt/airflow/dags/create_audit_table.py
[2025-11-18T05:36:19.892+0000] {processor.py:830} INFO - Processing file /opt/airflow/dags/create_audit_table.py for tasks to queue
[2025-11-18T05:36:19.904+0000] {logging_mixin.py:188} INFO - [2025-11-18T05:36:19.903+0000] {dagbag.py:538} INFO - Filling up the DagBag from /opt/airflow/dags/create_audit_table.py
[2025-11-18T05:36:20.011+0000] {processor.py:840} INFO - DAG(s) 'create_audit_table' retrieved from /opt/airflow/dags/create_audit_table.py
[2025-11-18T05:36:20.143+0000] {logging_mixin.py:188} INFO - [2025-11-18T05:36:20.142+0000] {dag.py:3036} INFO - Sync 1 DAGs
[2025-11-18T05:36:20.236+0000] {logging_mixin.py:188} INFO - [2025-11-18T05:36:20.236+0000] {dag.py:3823} INFO - Setting next_dagrun for create_audit_table to None, run_after=None
[2025-11-18T05:36:20.364+0000] {processor.py:183} INFO - Processing /opt/airflow/dags/create_audit_table.py took 0.513 seconds
[2025-11-18T05:36:50.824+0000] {processor.py:161} INFO - Started process (PID=11564) to work on /opt/airflow/dags/create_audit_table.py
[2025-11-18T05:36:50.827+0000] {processor.py:830} INFO - Processing file /opt/airflow/dags/create_audit_table.py for tasks to queue
[2025-11-18T05:36:50.829+0000] {logging_mixin.py:188} INFO - [2025-11-18T05:36:50.828+0000] {dagbag.py:538} INFO - Filling up the DagBag from /opt/airflow/dags/create_audit_table.py
[2025-11-18T05:36:50.895+0000] {processor.py:840} INFO - DAG(s) 'create_audit_table' retrieved from /opt/airflow/dags/create_audit_table.py
[2025-11-18T05:36:50.988+0000] {logging_mixin.py:188} INFO - [2025-11-18T05:36:50.987+0000] {dag.py:3036} INFO - Sync 1 DAGs
[2025-11-18T05:36:51.036+0000] {logging_mixin.py:188} INFO - [2025-11-18T05:36:51.036+0000] {dag.py:3823} INFO - Setting next_dagrun for create_audit_table to None, run_after=None
[2025-11-18T05:36:51.094+0000] {processor.py:183} INFO - Processing /opt/airflow/dags/create_audit_table.py took 0.275 seconds
[2025-11-18T05:37:21.482+0000] {processor.py:161} INFO - Started process (PID=11591) to work on /opt/airflow/dags/create_audit_table.py
[2025-11-18T05:37:21.485+0000] {processor.py:830} INFO - Processing file /opt/airflow/dags/create_audit_table.py for tasks to queue
[2025-11-18T05:37:21.487+0000] {logging_mixin.py:188} INFO - [2025-11-18T05:37:21.487+0000] {dagbag.py:538} INFO - Filling up the DagBag from /opt/airflow/dags/create_audit_table.py
[2025-11-18T05:37:21.522+0000] {processor.py:840} INFO - DAG(s) 'create_audit_table' retrieved from /opt/airflow/dags/create_audit_table.py
[2025-11-18T05:37:21.569+0000] {logging_mixin.py:188} INFO - [2025-11-18T05:37:21.568+0000] {dag.py:3036} INFO - Sync 1 DAGs
[2025-11-18T05:37:21.584+0000] {logging_mixin.py:188} INFO - [2025-11-18T05:37:21.584+0000] {dag.py:3823} INFO - Setting next_dagrun for create_audit_table to None, run_after=None
[2025-11-18T05:37:21.616+0000] {processor.py:183} INFO - Processing /opt/airflow/dags/create_audit_table.py took 0.140 seconds
[2025-11-18T05:37:52.259+0000] {processor.py:161} INFO - Started process (PID=11614) to work on /opt/airflow/dags/create_audit_table.py
[2025-11-18T05:37:52.261+0000] {processor.py:830} INFO - Processing file /opt/airflow/dags/create_audit_table.py for tasks to queue
[2025-11-18T05:37:52.263+0000] {logging_mixin.py:188} INFO - [2025-11-18T05:37:52.262+0000] {dagbag.py:538} INFO - Filling up the DagBag from /opt/airflow/dags/create_audit_table.py
[2025-11-18T05:37:52.285+0000] {processor.py:840} INFO - DAG(s) 'create_audit_table' retrieved from /opt/airflow/dags/create_audit_table.py
[2025-11-18T05:37:52.337+0000] {logging_mixin.py:188} INFO - [2025-11-18T05:37:52.337+0000] {dag.py:3036} INFO - Sync 1 DAGs
[2025-11-18T05:37:52.353+0000] {logging_mixin.py:188} INFO - [2025-11-18T05:37:52.353+0000] {dag.py:3823} INFO - Setting next_dagrun for create_audit_table to None, run_after=None
[2025-11-18T05:37:52.386+0000] {processor.py:183} INFO - Processing /opt/airflow/dags/create_audit_table.py took 0.131 seconds
[2025-11-18T05:38:23.096+0000] {processor.py:161} INFO - Started process (PID=11639) to work on /opt/airflow/dags/create_audit_table.py
[2025-11-18T05:38:23.098+0000] {processor.py:830} INFO - Processing file /opt/airflow/dags/create_audit_table.py for tasks to queue
[2025-11-18T05:38:23.100+0000] {logging_mixin.py:188} INFO - [2025-11-18T05:38:23.099+0000] {dagbag.py:538} INFO - Filling up the DagBag from /opt/airflow/dags/create_audit_table.py
[2025-11-18T05:38:23.127+0000] {processor.py:840} INFO - DAG(s) 'create_audit_table' retrieved from /opt/airflow/dags/create_audit_table.py
[2025-11-18T05:38:23.153+0000] {logging_mixin.py:188} INFO - [2025-11-18T05:38:23.153+0000] {dag.py:3036} INFO - Sync 1 DAGs
[2025-11-18T05:38:23.167+0000] {logging_mixin.py:188} INFO - [2025-11-18T05:38:23.167+0000] {dag.py:3823} INFO - Setting next_dagrun for create_audit_table to None, run_after=None
[2025-11-18T05:38:23.245+0000] {processor.py:183} INFO - Processing /opt/airflow/dags/create_audit_table.py took 0.153 seconds
[2025-11-18T05:38:54.206+0000] {processor.py:161} INFO - Started process (PID=11664) to work on /opt/airflow/dags/create_audit_table.py
[2025-11-18T05:38:54.208+0000] {processor.py:830} INFO - Processing file /opt/airflow/dags/create_audit_table.py for tasks to queue
[2025-11-18T05:38:54.210+0000] {logging_mixin.py:188} INFO - [2025-11-18T05:38:54.209+0000] {dagbag.py:538} INFO - Filling up the DagBag from /opt/airflow/dags/create_audit_table.py
[2025-11-18T05:38:54.247+0000] {processor.py:840} INFO - DAG(s) 'create_audit_table' retrieved from /opt/airflow/dags/create_audit_table.py
[2025-11-18T05:38:54.297+0000] {logging_mixin.py:188} INFO - [2025-11-18T05:38:54.296+0000] {dag.py:3036} INFO - Sync 1 DAGs
[2025-11-18T05:38:54.316+0000] {logging_mixin.py:188} INFO - [2025-11-18T05:38:54.316+0000] {dag.py:3823} INFO - Setting next_dagrun for create_audit_table to None, run_after=None
[2025-11-18T05:38:54.349+0000] {processor.py:183} INFO - Processing /opt/airflow/dags/create_audit_table.py took 0.147 seconds
[2025-11-18T05:39:24.663+0000] {processor.py:161} INFO - Started process (PID=11689) to work on /opt/airflow/dags/create_audit_table.py
[2025-11-18T05:39:24.665+0000] {processor.py:830} INFO - Processing file /opt/airflow/dags/create_audit_table.py for tasks to queue
[2025-11-18T05:39:24.666+0000] {logging_mixin.py:188} INFO - [2025-11-18T05:39:24.666+0000] {dagbag.py:538} INFO - Filling up the DagBag from /opt/airflow/dags/create_audit_table.py
[2025-11-18T05:39:24.702+0000] {processor.py:840} INFO - DAG(s) 'create_audit_table' retrieved from /opt/airflow/dags/create_audit_table.py
[2025-11-18T05:39:24.746+0000] {logging_mixin.py:188} INFO - [2025-11-18T05:39:24.745+0000] {dag.py:3036} INFO - Sync 1 DAGs
[2025-11-18T05:39:24.770+0000] {logging_mixin.py:188} INFO - [2025-11-18T05:39:24.770+0000] {dag.py:3823} INFO - Setting next_dagrun for create_audit_table to None, run_after=None
[2025-11-18T05:39:24.802+0000] {processor.py:183} INFO - Processing /opt/airflow/dags/create_audit_table.py took 0.144 seconds
[2025-11-18T05:39:55.048+0000] {processor.py:161} INFO - Started process (PID=11714) to work on /opt/airflow/dags/create_audit_table.py
[2025-11-18T05:39:55.051+0000] {processor.py:830} INFO - Processing file /opt/airflow/dags/create_audit_table.py for tasks to queue
[2025-11-18T05:39:55.054+0000] {logging_mixin.py:188} INFO - [2025-11-18T05:39:55.054+0000] {dagbag.py:538} INFO - Filling up the DagBag from /opt/airflow/dags/create_audit_table.py
[2025-11-18T05:39:55.086+0000] {processor.py:840} INFO - DAG(s) 'create_audit_table' retrieved from /opt/airflow/dags/create_audit_table.py
[2025-11-18T05:39:55.132+0000] {logging_mixin.py:188} INFO - [2025-11-18T05:39:55.131+0000] {dag.py:3036} INFO - Sync 1 DAGs
[2025-11-18T05:39:55.168+0000] {logging_mixin.py:188} INFO - [2025-11-18T05:39:55.167+0000] {dag.py:3823} INFO - Setting next_dagrun for create_audit_table to None, run_after=None
[2025-11-18T05:39:55.251+0000] {processor.py:183} INFO - Processing /opt/airflow/dags/create_audit_table.py took 0.208 seconds
[2025-11-18T05:40:25.356+0000] {processor.py:161} INFO - Started process (PID=11736) to work on /opt/airflow/dags/create_audit_table.py
[2025-11-18T05:40:25.358+0000] {processor.py:830} INFO - Processing file /opt/airflow/dags/create_audit_table.py for tasks to queue
[2025-11-18T05:40:25.359+0000] {logging_mixin.py:188} INFO - [2025-11-18T05:40:25.359+0000] {dagbag.py:538} INFO - Filling up the DagBag from /opt/airflow/dags/create_audit_table.py
[2025-11-18T05:40:25.388+0000] {processor.py:840} INFO - DAG(s) 'create_audit_table' retrieved from /opt/airflow/dags/create_audit_table.py
[2025-11-18T05:40:25.425+0000] {logging_mixin.py:188} INFO - [2025-11-18T05:40:25.425+0000] {dag.py:3036} INFO - Sync 1 DAGs
[2025-11-18T05:40:25.437+0000] {logging_mixin.py:188} INFO - [2025-11-18T05:40:25.437+0000] {dag.py:3823} INFO - Setting next_dagrun for create_audit_table to None, run_after=None
[2025-11-18T05:40:25.464+0000] {processor.py:183} INFO - Processing /opt/airflow/dags/create_audit_table.py took 0.113 seconds
[2025-11-18T05:40:56.084+0000] {processor.py:161} INFO - Started process (PID=11764) to work on /opt/airflow/dags/create_audit_table.py
[2025-11-18T05:40:56.090+0000] {processor.py:830} INFO - Processing file /opt/airflow/dags/create_audit_table.py for tasks to queue
[2025-11-18T05:40:56.092+0000] {logging_mixin.py:188} INFO - [2025-11-18T05:40:56.092+0000] {dagbag.py:538} INFO - Filling up the DagBag from /opt/airflow/dags/create_audit_table.py
[2025-11-18T05:40:56.135+0000] {processor.py:840} INFO - DAG(s) 'create_audit_table' retrieved from /opt/airflow/dags/create_audit_table.py
[2025-11-18T05:40:56.192+0000] {logging_mixin.py:188} INFO - [2025-11-18T05:40:56.192+0000] {dag.py:3036} INFO - Sync 1 DAGs
[2025-11-18T05:40:56.229+0000] {logging_mixin.py:188} INFO - [2025-11-18T05:40:56.229+0000] {dag.py:3823} INFO - Setting next_dagrun for create_audit_table to None, run_after=None
[2025-11-18T05:40:56.285+0000] {processor.py:183} INFO - Processing /opt/airflow/dags/create_audit_table.py took 0.205 seconds
[2025-11-18T05:41:26.494+0000] {processor.py:161} INFO - Started process (PID=11789) to work on /opt/airflow/dags/create_audit_table.py
[2025-11-18T05:41:26.500+0000] {processor.py:830} INFO - Processing file /opt/airflow/dags/create_audit_table.py for tasks to queue
[2025-11-18T05:41:26.503+0000] {logging_mixin.py:188} INFO - [2025-11-18T05:41:26.503+0000] {dagbag.py:538} INFO - Filling up the DagBag from /opt/airflow/dags/create_audit_table.py
[2025-11-18T05:41:26.597+0000] {processor.py:840} INFO - DAG(s) 'create_audit_table' retrieved from /opt/airflow/dags/create_audit_table.py
[2025-11-18T05:41:26.671+0000] {logging_mixin.py:188} INFO - [2025-11-18T05:41:26.671+0000] {dag.py:3036} INFO - Sync 1 DAGs
[2025-11-18T05:41:26.694+0000] {logging_mixin.py:188} INFO - [2025-11-18T05:41:26.694+0000] {dag.py:3823} INFO - Setting next_dagrun for create_audit_table to None, run_after=None
[2025-11-18T05:41:26.736+0000] {processor.py:183} INFO - Processing /opt/airflow/dags/create_audit_table.py took 0.245 seconds
[2025-11-18T05:41:57.359+0000] {processor.py:161} INFO - Started process (PID=11814) to work on /opt/airflow/dags/create_audit_table.py
[2025-11-18T05:41:57.643+0000] {processor.py:830} INFO - Processing file /opt/airflow/dags/create_audit_table.py for tasks to queue
[2025-11-18T05:41:57.652+0000] {logging_mixin.py:188} INFO - [2025-11-18T05:41:57.651+0000] {dagbag.py:538} INFO - Filling up the DagBag from /opt/airflow/dags/create_audit_table.py
[2025-11-18T05:41:57.826+0000] {processor.py:840} INFO - DAG(s) 'create_audit_table' retrieved from /opt/airflow/dags/create_audit_table.py
[2025-11-18T05:41:57.974+0000] {logging_mixin.py:188} INFO - [2025-11-18T05:41:57.974+0000] {dag.py:3036} INFO - Sync 1 DAGs
[2025-11-18T05:41:58.030+0000] {logging_mixin.py:188} INFO - [2025-11-18T05:41:58.030+0000] {dag.py:3823} INFO - Setting next_dagrun for create_audit_table to None, run_after=None
[2025-11-18T05:41:58.074+0000] {processor.py:183} INFO - Processing /opt/airflow/dags/create_audit_table.py took 0.721 seconds
[2025-11-18T05:42:29.568+0000] {processor.py:161} INFO - Started process (PID=11839) to work on /opt/airflow/dags/create_audit_table.py
[2025-11-18T05:42:29.575+0000] {processor.py:830} INFO - Processing file /opt/airflow/dags/create_audit_table.py for tasks to queue
[2025-11-18T05:42:29.577+0000] {logging_mixin.py:188} INFO - [2025-11-18T05:42:29.576+0000] {dagbag.py:538} INFO - Filling up the DagBag from /opt/airflow/dags/create_audit_table.py
[2025-11-18T05:42:29.753+0000] {processor.py:840} INFO - DAG(s) 'create_audit_table' retrieved from /opt/airflow/dags/create_audit_table.py
[2025-11-18T05:42:40.886+0000] {logging_mixin.py:188} INFO - [2025-11-18T05:42:40.883+0000] {dag.py:3036} INFO - Sync 1 DAGs
[2025-11-18T05:42:43.003+0000] {logging_mixin.py:188} INFO - [2025-11-18T05:42:43.002+0000] {dag.py:3823} INFO - Setting next_dagrun for create_audit_table to None, run_after=None
[2025-11-18T05:42:43.884+0000] {processor.py:183} INFO - Processing /opt/airflow/dags/create_audit_table.py took 14.321 seconds
[2025-11-18T05:43:14.680+0000] {processor.py:161} INFO - Started process (PID=11864) to work on /opt/airflow/dags/create_audit_table.py
[2025-11-18T05:43:14.682+0000] {processor.py:830} INFO - Processing file /opt/airflow/dags/create_audit_table.py for tasks to queue
[2025-11-18T05:43:14.684+0000] {logging_mixin.py:188} INFO - [2025-11-18T05:43:14.683+0000] {dagbag.py:538} INFO - Filling up the DagBag from /opt/airflow/dags/create_audit_table.py
[2025-11-18T05:43:14.724+0000] {processor.py:840} INFO - DAG(s) 'create_audit_table' retrieved from /opt/airflow/dags/create_audit_table.py
[2025-11-18T05:43:14.784+0000] {logging_mixin.py:188} INFO - [2025-11-18T05:43:14.784+0000] {dag.py:3036} INFO - Sync 1 DAGs
[2025-11-18T05:43:14.824+0000] {logging_mixin.py:188} INFO - [2025-11-18T05:43:14.823+0000] {dag.py:3823} INFO - Setting next_dagrun for create_audit_table to None, run_after=None
[2025-11-18T05:43:14.976+0000] {processor.py:183} INFO - Processing /opt/airflow/dags/create_audit_table.py took 0.300 seconds
[2025-11-18T05:43:46.368+0000] {processor.py:161} INFO - Started process (PID=11889) to work on /opt/airflow/dags/create_audit_table.py
[2025-11-18T05:43:46.376+0000] {processor.py:830} INFO - Processing file /opt/airflow/dags/create_audit_table.py for tasks to queue
[2025-11-18T05:43:46.392+0000] {logging_mixin.py:188} INFO - [2025-11-18T05:43:46.391+0000] {dagbag.py:538} INFO - Filling up the DagBag from /opt/airflow/dags/create_audit_table.py
[2025-11-18T05:43:46.530+0000] {processor.py:840} INFO - DAG(s) 'create_audit_table' retrieved from /opt/airflow/dags/create_audit_table.py
[2025-11-18T05:43:46.659+0000] {logging_mixin.py:188} INFO - [2025-11-18T05:43:46.658+0000] {dag.py:3036} INFO - Sync 1 DAGs
[2025-11-18T05:43:46.710+0000] {logging_mixin.py:188} INFO - [2025-11-18T05:43:46.709+0000] {dag.py:3823} INFO - Setting next_dagrun for create_audit_table to None, run_after=None
[2025-11-18T05:43:46.815+0000] {processor.py:183} INFO - Processing /opt/airflow/dags/create_audit_table.py took 0.452 seconds
[2025-11-18T05:44:17.490+0000] {processor.py:161} INFO - Started process (PID=11914) to work on /opt/airflow/dags/create_audit_table.py
[2025-11-18T05:44:17.493+0000] {processor.py:830} INFO - Processing file /opt/airflow/dags/create_audit_table.py for tasks to queue
[2025-11-18T05:44:17.495+0000] {logging_mixin.py:188} INFO - [2025-11-18T05:44:17.494+0000] {dagbag.py:538} INFO - Filling up the DagBag from /opt/airflow/dags/create_audit_table.py
[2025-11-18T05:44:17.519+0000] {processor.py:840} INFO - DAG(s) 'create_audit_table' retrieved from /opt/airflow/dags/create_audit_table.py
[2025-11-18T05:44:17.560+0000] {logging_mixin.py:188} INFO - [2025-11-18T05:44:17.559+0000] {dag.py:3036} INFO - Sync 1 DAGs
[2025-11-18T05:44:17.582+0000] {logging_mixin.py:188} INFO - [2025-11-18T05:44:17.582+0000] {dag.py:3823} INFO - Setting next_dagrun for create_audit_table to None, run_after=None
[2025-11-18T05:44:17.631+0000] {processor.py:183} INFO - Processing /opt/airflow/dags/create_audit_table.py took 0.147 seconds
[2025-11-18T05:44:48.229+0000] {processor.py:161} INFO - Started process (PID=11939) to work on /opt/airflow/dags/create_audit_table.py
[2025-11-18T05:44:48.231+0000] {processor.py:830} INFO - Processing file /opt/airflow/dags/create_audit_table.py for tasks to queue
[2025-11-18T05:44:48.234+0000] {logging_mixin.py:188} INFO - [2025-11-18T05:44:48.233+0000] {dagbag.py:538} INFO - Filling up the DagBag from /opt/airflow/dags/create_audit_table.py
[2025-11-18T05:44:48.266+0000] {processor.py:840} INFO - DAG(s) 'create_audit_table' retrieved from /opt/airflow/dags/create_audit_table.py
[2025-11-18T05:44:48.315+0000] {logging_mixin.py:188} INFO - [2025-11-18T05:44:48.315+0000] {dag.py:3036} INFO - Sync 1 DAGs
[2025-11-18T05:44:48.355+0000] {logging_mixin.py:188} INFO - [2025-11-18T05:44:48.355+0000] {dag.py:3823} INFO - Setting next_dagrun for create_audit_table to None, run_after=None
[2025-11-18T05:44:48.410+0000] {processor.py:183} INFO - Processing /opt/airflow/dags/create_audit_table.py took 0.191 seconds
[2025-11-18T05:45:19.120+0000] {processor.py:161} INFO - Started process (PID=11964) to work on /opt/airflow/dags/create_audit_table.py
[2025-11-18T05:45:19.123+0000] {processor.py:830} INFO - Processing file /opt/airflow/dags/create_audit_table.py for tasks to queue
[2025-11-18T05:45:19.125+0000] {logging_mixin.py:188} INFO - [2025-11-18T05:45:19.124+0000] {dagbag.py:538} INFO - Filling up the DagBag from /opt/airflow/dags/create_audit_table.py
[2025-11-18T05:45:19.156+0000] {processor.py:840} INFO - DAG(s) 'create_audit_table' retrieved from /opt/airflow/dags/create_audit_table.py
[2025-11-18T05:45:19.208+0000] {logging_mixin.py:188} INFO - [2025-11-18T05:45:19.207+0000] {dag.py:3036} INFO - Sync 1 DAGs
[2025-11-18T05:45:19.230+0000] {logging_mixin.py:188} INFO - [2025-11-18T05:45:19.229+0000] {dag.py:3823} INFO - Setting next_dagrun for create_audit_table to None, run_after=None
[2025-11-18T05:45:19.278+0000] {processor.py:183} INFO - Processing /opt/airflow/dags/create_audit_table.py took 0.162 seconds
[2025-11-18T05:45:49.382+0000] {processor.py:161} INFO - Started process (PID=11986) to work on /opt/airflow/dags/create_audit_table.py
[2025-11-18T05:45:49.384+0000] {processor.py:830} INFO - Processing file /opt/airflow/dags/create_audit_table.py for tasks to queue
[2025-11-18T05:45:49.385+0000] {logging_mixin.py:188} INFO - [2025-11-18T05:45:49.385+0000] {dagbag.py:538} INFO - Filling up the DagBag from /opt/airflow/dags/create_audit_table.py
[2025-11-18T05:45:49.403+0000] {processor.py:840} INFO - DAG(s) 'create_audit_table' retrieved from /opt/airflow/dags/create_audit_table.py
[2025-11-18T05:45:49.434+0000] {logging_mixin.py:188} INFO - [2025-11-18T05:45:49.434+0000] {dag.py:3036} INFO - Sync 1 DAGs
[2025-11-18T05:45:49.448+0000] {logging_mixin.py:188} INFO - [2025-11-18T05:45:49.448+0000] {dag.py:3823} INFO - Setting next_dagrun for create_audit_table to None, run_after=None
[2025-11-18T05:45:49.472+0000] {processor.py:183} INFO - Processing /opt/airflow/dags/create_audit_table.py took 0.094 seconds
[2025-11-18T05:46:19.696+0000] {processor.py:161} INFO - Started process (PID=12014) to work on /opt/airflow/dags/create_audit_table.py
[2025-11-18T05:46:19.698+0000] {processor.py:830} INFO - Processing file /opt/airflow/dags/create_audit_table.py for tasks to queue
[2025-11-18T05:46:19.699+0000] {logging_mixin.py:188} INFO - [2025-11-18T05:46:19.699+0000] {dagbag.py:538} INFO - Filling up the DagBag from /opt/airflow/dags/create_audit_table.py
[2025-11-18T05:46:19.726+0000] {processor.py:840} INFO - DAG(s) 'create_audit_table' retrieved from /opt/airflow/dags/create_audit_table.py
[2025-11-18T05:46:19.760+0000] {logging_mixin.py:188} INFO - [2025-11-18T05:46:19.760+0000] {dag.py:3036} INFO - Sync 1 DAGs
[2025-11-18T05:46:19.778+0000] {logging_mixin.py:188} INFO - [2025-11-18T05:46:19.778+0000] {dag.py:3823} INFO - Setting next_dagrun for create_audit_table to None, run_after=None
[2025-11-18T05:46:19.807+0000] {processor.py:183} INFO - Processing /opt/airflow/dags/create_audit_table.py took 0.114 seconds
[2025-11-18T05:46:50.519+0000] {processor.py:161} INFO - Started process (PID=12039) to work on /opt/airflow/dags/create_audit_table.py
[2025-11-18T05:46:50.521+0000] {processor.py:830} INFO - Processing file /opt/airflow/dags/create_audit_table.py for tasks to queue
[2025-11-18T05:46:50.523+0000] {logging_mixin.py:188} INFO - [2025-11-18T05:46:50.522+0000] {dagbag.py:538} INFO - Filling up the DagBag from /opt/airflow/dags/create_audit_table.py
[2025-11-18T05:46:50.545+0000] {processor.py:840} INFO - DAG(s) 'create_audit_table' retrieved from /opt/airflow/dags/create_audit_table.py
[2025-11-18T05:46:50.593+0000] {logging_mixin.py:188} INFO - [2025-11-18T05:46:50.592+0000] {dag.py:3036} INFO - Sync 1 DAGs
[2025-11-18T05:46:50.615+0000] {logging_mixin.py:188} INFO - [2025-11-18T05:46:50.615+0000] {dag.py:3823} INFO - Setting next_dagrun for create_audit_table to None, run_after=None
[2025-11-18T05:46:50.660+0000] {processor.py:183} INFO - Processing /opt/airflow/dags/create_audit_table.py took 0.144 seconds
[2025-11-18T05:47:21.922+0000] {processor.py:161} INFO - Started process (PID=12064) to work on /opt/airflow/dags/create_audit_table.py
[2025-11-18T05:47:21.933+0000] {processor.py:830} INFO - Processing file /opt/airflow/dags/create_audit_table.py for tasks to queue
[2025-11-18T05:47:21.935+0000] {logging_mixin.py:188} INFO - [2025-11-18T05:47:21.935+0000] {dagbag.py:538} INFO - Filling up the DagBag from /opt/airflow/dags/create_audit_table.py
[2025-11-18T05:47:22.021+0000] {processor.py:840} INFO - DAG(s) 'create_audit_table' retrieved from /opt/airflow/dags/create_audit_table.py
[2025-11-18T05:47:22.131+0000] {logging_mixin.py:188} INFO - [2025-11-18T05:47:22.127+0000] {dag.py:3036} INFO - Sync 1 DAGs
[2025-11-18T05:47:22.170+0000] {logging_mixin.py:188} INFO - [2025-11-18T05:47:22.170+0000] {dag.py:3823} INFO - Setting next_dagrun for create_audit_table to None, run_after=None
[2025-11-18T05:47:22.238+0000] {processor.py:183} INFO - Processing /opt/airflow/dags/create_audit_table.py took 0.321 seconds
[2025-11-18T05:47:53.070+0000] {processor.py:161} INFO - Started process (PID=12089) to work on /opt/airflow/dags/create_audit_table.py
[2025-11-18T05:47:53.078+0000] {processor.py:830} INFO - Processing file /opt/airflow/dags/create_audit_table.py for tasks to queue
[2025-11-18T05:47:53.080+0000] {logging_mixin.py:188} INFO - [2025-11-18T05:47:53.079+0000] {dagbag.py:538} INFO - Filling up the DagBag from /opt/airflow/dags/create_audit_table.py
[2025-11-18T05:47:53.124+0000] {processor.py:840} INFO - DAG(s) 'create_audit_table' retrieved from /opt/airflow/dags/create_audit_table.py
[2025-11-18T05:47:53.193+0000] {logging_mixin.py:188} INFO - [2025-11-18T05:47:53.192+0000] {dag.py:3036} INFO - Sync 1 DAGs
[2025-11-18T05:47:53.225+0000] {logging_mixin.py:188} INFO - [2025-11-18T05:47:53.225+0000] {dag.py:3823} INFO - Setting next_dagrun for create_audit_table to None, run_after=None
[2025-11-18T05:47:53.314+0000] {processor.py:183} INFO - Processing /opt/airflow/dags/create_audit_table.py took 0.249 seconds
[2025-11-18T05:48:23.590+0000] {processor.py:161} INFO - Started process (PID=12114) to work on /opt/airflow/dags/create_audit_table.py
[2025-11-18T05:48:23.592+0000] {processor.py:830} INFO - Processing file /opt/airflow/dags/create_audit_table.py for tasks to queue
[2025-11-18T05:48:23.595+0000] {logging_mixin.py:188} INFO - [2025-11-18T05:48:23.594+0000] {dagbag.py:538} INFO - Filling up the DagBag from /opt/airflow/dags/create_audit_table.py
[2025-11-18T05:48:23.623+0000] {processor.py:840} INFO - DAG(s) 'create_audit_table' retrieved from /opt/airflow/dags/create_audit_table.py
[2025-11-18T05:48:23.667+0000] {logging_mixin.py:188} INFO - [2025-11-18T05:48:23.667+0000] {dag.py:3036} INFO - Sync 1 DAGs
[2025-11-18T05:48:23.687+0000] {logging_mixin.py:188} INFO - [2025-11-18T05:48:23.686+0000] {dag.py:3823} INFO - Setting next_dagrun for create_audit_table to None, run_after=None
[2025-11-18T05:48:23.734+0000] {processor.py:183} INFO - Processing /opt/airflow/dags/create_audit_table.py took 0.149 seconds
[2025-11-18T05:48:54.630+0000] {processor.py:161} INFO - Started process (PID=12139) to work on /opt/airflow/dags/create_audit_table.py
[2025-11-18T05:48:54.638+0000] {processor.py:830} INFO - Processing file /opt/airflow/dags/create_audit_table.py for tasks to queue
[2025-11-18T05:48:54.649+0000] {logging_mixin.py:188} INFO - [2025-11-18T05:48:54.648+0000] {dagbag.py:538} INFO - Filling up the DagBag from /opt/airflow/dags/create_audit_table.py
[2025-11-18T05:48:54.717+0000] {processor.py:840} INFO - DAG(s) 'create_audit_table' retrieved from /opt/airflow/dags/create_audit_table.py
[2025-11-18T05:48:54.823+0000] {logging_mixin.py:188} INFO - [2025-11-18T05:48:54.823+0000] {dag.py:3036} INFO - Sync 1 DAGs
[2025-11-18T05:48:54.876+0000] {logging_mixin.py:188} INFO - [2025-11-18T05:48:54.875+0000] {dag.py:3823} INFO - Setting next_dagrun for create_audit_table to None, run_after=None
[2025-11-18T05:48:54.945+0000] {processor.py:183} INFO - Processing /opt/airflow/dags/create_audit_table.py took 0.312 seconds
[2025-11-18T05:49:25.817+0000] {processor.py:161} INFO - Started process (PID=12164) to work on /opt/airflow/dags/create_audit_table.py
[2025-11-18T05:49:25.820+0000] {processor.py:830} INFO - Processing file /opt/airflow/dags/create_audit_table.py for tasks to queue
[2025-11-18T05:49:25.825+0000] {logging_mixin.py:188} INFO - [2025-11-18T05:49:25.825+0000] {dagbag.py:538} INFO - Filling up the DagBag from /opt/airflow/dags/create_audit_table.py
[2025-11-18T05:49:25.876+0000] {processor.py:840} INFO - DAG(s) 'create_audit_table' retrieved from /opt/airflow/dags/create_audit_table.py
[2025-11-18T05:49:25.975+0000] {logging_mixin.py:188} INFO - [2025-11-18T05:49:25.975+0000] {dag.py:3036} INFO - Sync 1 DAGs
[2025-11-18T05:49:26.011+0000] {logging_mixin.py:188} INFO - [2025-11-18T05:49:26.011+0000] {dag.py:3823} INFO - Setting next_dagrun for create_audit_table to None, run_after=None
[2025-11-18T05:49:26.051+0000] {processor.py:183} INFO - Processing /opt/airflow/dags/create_audit_table.py took 0.245 seconds
[2025-11-18T05:49:58.022+0000] {processor.py:161} INFO - Started process (PID=12189) to work on /opt/airflow/dags/create_audit_table.py
[2025-11-18T05:49:58.036+0000] {processor.py:830} INFO - Processing file /opt/airflow/dags/create_audit_table.py for tasks to queue
[2025-11-18T05:49:58.047+0000] {logging_mixin.py:188} INFO - [2025-11-18T05:49:58.047+0000] {dagbag.py:538} INFO - Filling up the DagBag from /opt/airflow/dags/create_audit_table.py
[2025-11-18T05:49:58.316+0000] {processor.py:840} INFO - DAG(s) 'create_audit_table' retrieved from /opt/airflow/dags/create_audit_table.py
[2025-11-18T05:49:58.428+0000] {logging_mixin.py:188} INFO - [2025-11-18T05:49:58.428+0000] {dag.py:3036} INFO - Sync 1 DAGs
[2025-11-18T05:49:58.481+0000] {logging_mixin.py:188} INFO - [2025-11-18T05:49:58.481+0000] {dag.py:3823} INFO - Setting next_dagrun for create_audit_table to None, run_after=None
[2025-11-18T05:49:58.585+0000] {processor.py:183} INFO - Processing /opt/airflow/dags/create_audit_table.py took 0.561 seconds
[2025-11-18T05:50:29.553+0000] {processor.py:161} INFO - Started process (PID=12214) to work on /opt/airflow/dags/create_audit_table.py
[2025-11-18T05:50:29.555+0000] {processor.py:830} INFO - Processing file /opt/airflow/dags/create_audit_table.py for tasks to queue
[2025-11-18T05:50:29.558+0000] {logging_mixin.py:188} INFO - [2025-11-18T05:50:29.557+0000] {dagbag.py:538} INFO - Filling up the DagBag from /opt/airflow/dags/create_audit_table.py
[2025-11-18T05:50:29.593+0000] {processor.py:840} INFO - DAG(s) 'create_audit_table' retrieved from /opt/airflow/dags/create_audit_table.py
[2025-11-18T05:50:29.647+0000] {logging_mixin.py:188} INFO - [2025-11-18T05:50:29.647+0000] {dag.py:3036} INFO - Sync 1 DAGs
[2025-11-18T05:50:29.679+0000] {logging_mixin.py:188} INFO - [2025-11-18T05:50:29.679+0000] {dag.py:3823} INFO - Setting next_dagrun for create_audit_table to None, run_after=None
[2025-11-18T05:50:29.759+0000] {processor.py:183} INFO - Processing /opt/airflow/dags/create_audit_table.py took 0.215 seconds
[2025-11-18T05:51:00.583+0000] {processor.py:161} INFO - Started process (PID=12239) to work on /opt/airflow/dags/create_audit_table.py
[2025-11-18T05:51:00.584+0000] {processor.py:830} INFO - Processing file /opt/airflow/dags/create_audit_table.py for tasks to queue
[2025-11-18T05:51:00.586+0000] {logging_mixin.py:188} INFO - [2025-11-18T05:51:00.585+0000] {dagbag.py:538} INFO - Filling up the DagBag from /opt/airflow/dags/create_audit_table.py
[2025-11-18T05:51:00.623+0000] {processor.py:840} INFO - DAG(s) 'create_audit_table' retrieved from /opt/airflow/dags/create_audit_table.py
[2025-11-18T05:51:00.672+0000] {logging_mixin.py:188} INFO - [2025-11-18T05:51:00.672+0000] {dag.py:3036} INFO - Sync 1 DAGs
[2025-11-18T05:51:00.699+0000] {logging_mixin.py:188} INFO - [2025-11-18T05:51:00.699+0000] {dag.py:3823} INFO - Setting next_dagrun for create_audit_table to None, run_after=None
[2025-11-18T05:51:00.756+0000] {processor.py:183} INFO - Processing /opt/airflow/dags/create_audit_table.py took 0.181 seconds
[2025-11-18T05:51:31.027+0000] {processor.py:161} INFO - Started process (PID=12264) to work on /opt/airflow/dags/create_audit_table.py
[2025-11-18T05:51:31.030+0000] {processor.py:830} INFO - Processing file /opt/airflow/dags/create_audit_table.py for tasks to queue
[2025-11-18T05:51:31.032+0000] {logging_mixin.py:188} INFO - [2025-11-18T05:51:31.032+0000] {dagbag.py:538} INFO - Filling up the DagBag from /opt/airflow/dags/create_audit_table.py
[2025-11-18T05:51:31.056+0000] {processor.py:840} INFO - DAG(s) 'create_audit_table' retrieved from /opt/airflow/dags/create_audit_table.py
[2025-11-18T05:51:31.105+0000] {logging_mixin.py:188} INFO - [2025-11-18T05:51:31.105+0000] {dag.py:3036} INFO - Sync 1 DAGs
[2025-11-18T05:51:31.123+0000] {logging_mixin.py:188} INFO - [2025-11-18T05:51:31.123+0000] {dag.py:3823} INFO - Setting next_dagrun for create_audit_table to None, run_after=None
[2025-11-18T05:51:31.166+0000] {processor.py:183} INFO - Processing /opt/airflow/dags/create_audit_table.py took 0.145 seconds
[2025-11-18T05:52:01.248+0000] {processor.py:161} INFO - Started process (PID=12286) to work on /opt/airflow/dags/create_audit_table.py
[2025-11-18T05:52:01.249+0000] {processor.py:830} INFO - Processing file /opt/airflow/dags/create_audit_table.py for tasks to queue
[2025-11-18T05:52:01.250+0000] {logging_mixin.py:188} INFO - [2025-11-18T05:52:01.250+0000] {dagbag.py:538} INFO - Filling up the DagBag from /opt/airflow/dags/create_audit_table.py
[2025-11-18T05:52:01.282+0000] {processor.py:840} INFO - DAG(s) 'create_audit_table' retrieved from /opt/airflow/dags/create_audit_table.py
[2025-11-18T05:52:01.325+0000] {logging_mixin.py:188} INFO - [2025-11-18T05:52:01.325+0000] {dag.py:3036} INFO - Sync 1 DAGs
[2025-11-18T05:52:01.343+0000] {logging_mixin.py:188} INFO - [2025-11-18T05:52:01.342+0000] {dag.py:3823} INFO - Setting next_dagrun for create_audit_table to None, run_after=None
[2025-11-18T05:52:01.368+0000] {processor.py:183} INFO - Processing /opt/airflow/dags/create_audit_table.py took 0.124 seconds
[2025-11-18T05:52:31.534+0000] {processor.py:161} INFO - Started process (PID=12311) to work on /opt/airflow/dags/create_audit_table.py
[2025-11-18T05:52:31.538+0000] {processor.py:830} INFO - Processing file /opt/airflow/dags/create_audit_table.py for tasks to queue
[2025-11-18T05:52:31.542+0000] {logging_mixin.py:188} INFO - [2025-11-18T05:52:31.541+0000] {dagbag.py:538} INFO - Filling up the DagBag from /opt/airflow/dags/create_audit_table.py
[2025-11-18T05:52:31.579+0000] {processor.py:840} INFO - DAG(s) 'create_audit_table' retrieved from /opt/airflow/dags/create_audit_table.py
[2025-11-18T05:52:31.622+0000] {logging_mixin.py:188} INFO - [2025-11-18T05:52:31.621+0000] {dag.py:3036} INFO - Sync 1 DAGs
[2025-11-18T05:52:31.643+0000] {logging_mixin.py:188} INFO - [2025-11-18T05:52:31.643+0000] {dag.py:3823} INFO - Setting next_dagrun for create_audit_table to None, run_after=None
[2025-11-18T05:52:31.706+0000] {processor.py:183} INFO - Processing /opt/airflow/dags/create_audit_table.py took 0.177 seconds
[2025-11-18T05:53:01.789+0000] {processor.py:161} INFO - Started process (PID=12336) to work on /opt/airflow/dags/create_audit_table.py
[2025-11-18T05:53:01.791+0000] {processor.py:830} INFO - Processing file /opt/airflow/dags/create_audit_table.py for tasks to queue
[2025-11-18T05:53:01.794+0000] {logging_mixin.py:188} INFO - [2025-11-18T05:53:01.793+0000] {dagbag.py:538} INFO - Filling up the DagBag from /opt/airflow/dags/create_audit_table.py
[2025-11-18T05:53:01.815+0000] {processor.py:840} INFO - DAG(s) 'create_audit_table' retrieved from /opt/airflow/dags/create_audit_table.py
[2025-11-18T05:53:01.854+0000] {logging_mixin.py:188} INFO - [2025-11-18T05:53:01.854+0000] {dag.py:3036} INFO - Sync 1 DAGs
[2025-11-18T05:53:01.872+0000] {logging_mixin.py:188} INFO - [2025-11-18T05:53:01.872+0000] {dag.py:3823} INFO - Setting next_dagrun for create_audit_table to None, run_after=None
[2025-11-18T05:53:01.900+0000] {processor.py:183} INFO - Processing /opt/airflow/dags/create_audit_table.py took 0.116 seconds
[2025-11-18T05:53:32.792+0000] {processor.py:161} INFO - Started process (PID=12364) to work on /opt/airflow/dags/create_audit_table.py
[2025-11-18T05:53:32.794+0000] {processor.py:830} INFO - Processing file /opt/airflow/dags/create_audit_table.py for tasks to queue
[2025-11-18T05:53:32.797+0000] {logging_mixin.py:188} INFO - [2025-11-18T05:53:32.797+0000] {dagbag.py:538} INFO - Filling up the DagBag from /opt/airflow/dags/create_audit_table.py
[2025-11-18T05:53:32.835+0000] {processor.py:840} INFO - DAG(s) 'create_audit_table' retrieved from /opt/airflow/dags/create_audit_table.py
[2025-11-18T05:53:32.889+0000] {logging_mixin.py:188} INFO - [2025-11-18T05:53:32.888+0000] {dag.py:3036} INFO - Sync 1 DAGs
[2025-11-18T05:53:32.918+0000] {logging_mixin.py:188} INFO - [2025-11-18T05:53:32.917+0000] {dag.py:3823} INFO - Setting next_dagrun for create_audit_table to None, run_after=None
[2025-11-18T05:53:32.968+0000] {processor.py:183} INFO - Processing /opt/airflow/dags/create_audit_table.py took 0.184 seconds
[2025-11-18T05:54:03.752+0000] {processor.py:161} INFO - Started process (PID=12389) to work on /opt/airflow/dags/create_audit_table.py
[2025-11-18T05:54:03.754+0000] {processor.py:830} INFO - Processing file /opt/airflow/dags/create_audit_table.py for tasks to queue
[2025-11-18T05:54:03.756+0000] {logging_mixin.py:188} INFO - [2025-11-18T05:54:03.756+0000] {dagbag.py:538} INFO - Filling up the DagBag from /opt/airflow/dags/create_audit_table.py
[2025-11-18T05:54:03.781+0000] {processor.py:840} INFO - DAG(s) 'create_audit_table' retrieved from /opt/airflow/dags/create_audit_table.py
[2025-11-18T05:54:03.815+0000] {logging_mixin.py:188} INFO - [2025-11-18T05:54:03.815+0000] {dag.py:3036} INFO - Sync 1 DAGs
[2025-11-18T05:54:03.832+0000] {logging_mixin.py:188} INFO - [2025-11-18T05:54:03.832+0000] {dag.py:3823} INFO - Setting next_dagrun for create_audit_table to None, run_after=None
[2025-11-18T05:54:03.862+0000] {processor.py:183} INFO - Processing /opt/airflow/dags/create_audit_table.py took 0.114 seconds
[2025-11-18T05:54:34.609+0000] {processor.py:161} INFO - Started process (PID=12414) to work on /opt/airflow/dags/create_audit_table.py
[2025-11-18T05:54:34.610+0000] {processor.py:830} INFO - Processing file /opt/airflow/dags/create_audit_table.py for tasks to queue
[2025-11-18T05:54:34.612+0000] {logging_mixin.py:188} INFO - [2025-11-18T05:54:34.611+0000] {dagbag.py:538} INFO - Filling up the DagBag from /opt/airflow/dags/create_audit_table.py
[2025-11-18T05:54:34.635+0000] {processor.py:840} INFO - DAG(s) 'create_audit_table' retrieved from /opt/airflow/dags/create_audit_table.py
[2025-11-18T05:54:34.681+0000] {logging_mixin.py:188} INFO - [2025-11-18T05:54:34.681+0000] {dag.py:3036} INFO - Sync 1 DAGs
[2025-11-18T05:54:34.703+0000] {logging_mixin.py:188} INFO - [2025-11-18T05:54:34.703+0000] {dag.py:3823} INFO - Setting next_dagrun for create_audit_table to None, run_after=None
[2025-11-18T05:54:34.734+0000] {processor.py:183} INFO - Processing /opt/airflow/dags/create_audit_table.py took 0.131 seconds
[2025-11-18T05:55:05.472+0000] {processor.py:161} INFO - Started process (PID=12439) to work on /opt/airflow/dags/create_audit_table.py
[2025-11-18T05:55:05.481+0000] {processor.py:830} INFO - Processing file /opt/airflow/dags/create_audit_table.py for tasks to queue
[2025-11-18T05:55:05.484+0000] {logging_mixin.py:188} INFO - [2025-11-18T05:55:05.483+0000] {dagbag.py:538} INFO - Filling up the DagBag from /opt/airflow/dags/create_audit_table.py
[2025-11-18T05:55:05.528+0000] {processor.py:840} INFO - DAG(s) 'create_audit_table' retrieved from /opt/airflow/dags/create_audit_table.py
[2025-11-18T05:55:05.603+0000] {logging_mixin.py:188} INFO - [2025-11-18T05:55:05.602+0000] {dag.py:3036} INFO - Sync 1 DAGs
[2025-11-18T05:55:05.635+0000] {logging_mixin.py:188} INFO - [2025-11-18T05:55:05.635+0000] {dag.py:3823} INFO - Setting next_dagrun for create_audit_table to None, run_after=None
[2025-11-18T05:55:05.673+0000] {processor.py:183} INFO - Processing /opt/airflow/dags/create_audit_table.py took 0.206 seconds
[2025-11-18T05:55:36.411+0000] {processor.py:161} INFO - Started process (PID=12464) to work on /opt/airflow/dags/create_audit_table.py
[2025-11-18T05:55:36.412+0000] {processor.py:830} INFO - Processing file /opt/airflow/dags/create_audit_table.py for tasks to queue
[2025-11-18T05:55:36.414+0000] {logging_mixin.py:188} INFO - [2025-11-18T05:55:36.414+0000] {dagbag.py:538} INFO - Filling up the DagBag from /opt/airflow/dags/create_audit_table.py
[2025-11-18T05:55:36.445+0000] {processor.py:840} INFO - DAG(s) 'create_audit_table' retrieved from /opt/airflow/dags/create_audit_table.py
[2025-11-18T05:55:36.491+0000] {logging_mixin.py:188} INFO - [2025-11-18T05:55:36.490+0000] {dag.py:3036} INFO - Sync 1 DAGs
[2025-11-18T05:55:36.524+0000] {logging_mixin.py:188} INFO - [2025-11-18T05:55:36.524+0000] {dag.py:3823} INFO - Setting next_dagrun for create_audit_table to None, run_after=None
[2025-11-18T05:55:36.588+0000] {processor.py:183} INFO - Processing /opt/airflow/dags/create_audit_table.py took 0.182 seconds
[2025-11-18T05:56:07.067+0000] {processor.py:161} INFO - Started process (PID=12489) to work on /opt/airflow/dags/create_audit_table.py
[2025-11-18T05:56:07.069+0000] {processor.py:830} INFO - Processing file /opt/airflow/dags/create_audit_table.py for tasks to queue
[2025-11-18T05:56:07.071+0000] {logging_mixin.py:188} INFO - [2025-11-18T05:56:07.070+0000] {dagbag.py:538} INFO - Filling up the DagBag from /opt/airflow/dags/create_audit_table.py
[2025-11-18T05:56:07.094+0000] {processor.py:840} INFO - DAG(s) 'create_audit_table' retrieved from /opt/airflow/dags/create_audit_table.py
[2025-11-18T05:56:07.153+0000] {logging_mixin.py:188} INFO - [2025-11-18T05:56:07.153+0000] {dag.py:3036} INFO - Sync 1 DAGs
[2025-11-18T05:56:07.175+0000] {logging_mixin.py:188} INFO - [2025-11-18T05:56:07.174+0000] {dag.py:3823} INFO - Setting next_dagrun for create_audit_table to None, run_after=None
[2025-11-18T05:56:07.214+0000] {processor.py:183} INFO - Processing /opt/airflow/dags/create_audit_table.py took 0.151 seconds
[2025-11-18T05:56:37.800+0000] {processor.py:161} INFO - Started process (PID=12514) to work on /opt/airflow/dags/create_audit_table.py
[2025-11-18T05:56:37.802+0000] {processor.py:830} INFO - Processing file /opt/airflow/dags/create_audit_table.py for tasks to queue
[2025-11-18T05:56:37.803+0000] {logging_mixin.py:188} INFO - [2025-11-18T05:56:37.803+0000] {dagbag.py:538} INFO - Filling up the DagBag from /opt/airflow/dags/create_audit_table.py
[2025-11-18T05:56:37.841+0000] {processor.py:840} INFO - DAG(s) 'create_audit_table' retrieved from /opt/airflow/dags/create_audit_table.py
[2025-11-18T05:56:37.913+0000] {logging_mixin.py:188} INFO - [2025-11-18T05:56:37.913+0000] {dag.py:3036} INFO - Sync 1 DAGs
[2025-11-18T05:56:37.938+0000] {logging_mixin.py:188} INFO - [2025-11-18T05:56:37.938+0000] {dag.py:3823} INFO - Setting next_dagrun for create_audit_table to None, run_after=None
[2025-11-18T05:56:37.982+0000] {processor.py:183} INFO - Processing /opt/airflow/dags/create_audit_table.py took 0.187 seconds
[2025-11-18T05:57:08.505+0000] {processor.py:161} INFO - Started process (PID=12539) to work on /opt/airflow/dags/create_audit_table.py
[2025-11-18T05:57:08.507+0000] {processor.py:830} INFO - Processing file /opt/airflow/dags/create_audit_table.py for tasks to queue
[2025-11-18T05:57:08.508+0000] {logging_mixin.py:188} INFO - [2025-11-18T05:57:08.508+0000] {dagbag.py:538} INFO - Filling up the DagBag from /opt/airflow/dags/create_audit_table.py
[2025-11-18T05:57:08.542+0000] {processor.py:840} INFO - DAG(s) 'create_audit_table' retrieved from /opt/airflow/dags/create_audit_table.py
[2025-11-18T05:57:08.596+0000] {logging_mixin.py:188} INFO - [2025-11-18T05:57:08.595+0000] {dag.py:3036} INFO - Sync 1 DAGs
[2025-11-18T05:57:08.624+0000] {logging_mixin.py:188} INFO - [2025-11-18T05:57:08.624+0000] {dag.py:3823} INFO - Setting next_dagrun for create_audit_table to None, run_after=None
[2025-11-18T05:57:08.670+0000] {processor.py:183} INFO - Processing /opt/airflow/dags/create_audit_table.py took 0.169 seconds
[2025-11-18T05:57:39.128+0000] {processor.py:161} INFO - Started process (PID=12564) to work on /opt/airflow/dags/create_audit_table.py
[2025-11-18T05:57:39.130+0000] {processor.py:830} INFO - Processing file /opt/airflow/dags/create_audit_table.py for tasks to queue
[2025-11-18T05:57:39.131+0000] {logging_mixin.py:188} INFO - [2025-11-18T05:57:39.131+0000] {dagbag.py:538} INFO - Filling up the DagBag from /opt/airflow/dags/create_audit_table.py
[2025-11-18T05:57:39.153+0000] {processor.py:840} INFO - DAG(s) 'create_audit_table' retrieved from /opt/airflow/dags/create_audit_table.py
[2025-11-18T05:57:39.197+0000] {logging_mixin.py:188} INFO - [2025-11-18T05:57:39.196+0000] {dag.py:3036} INFO - Sync 1 DAGs
[2025-11-18T05:57:39.224+0000] {logging_mixin.py:188} INFO - [2025-11-18T05:57:39.224+0000] {dag.py:3823} INFO - Setting next_dagrun for create_audit_table to None, run_after=None
[2025-11-18T05:57:39.274+0000] {processor.py:183} INFO - Processing /opt/airflow/dags/create_audit_table.py took 0.150 seconds
[2025-11-18T05:58:10.051+0000] {processor.py:161} INFO - Started process (PID=12586) to work on /opt/airflow/dags/create_audit_table.py
[2025-11-18T05:58:10.054+0000] {processor.py:830} INFO - Processing file /opt/airflow/dags/create_audit_table.py for tasks to queue
[2025-11-18T05:58:10.056+0000] {logging_mixin.py:188} INFO - [2025-11-18T05:58:10.055+0000] {dagbag.py:538} INFO - Filling up the DagBag from /opt/airflow/dags/create_audit_table.py
[2025-11-18T05:58:10.086+0000] {processor.py:840} INFO - DAG(s) 'create_audit_table' retrieved from /opt/airflow/dags/create_audit_table.py
[2025-11-18T05:58:10.130+0000] {logging_mixin.py:188} INFO - [2025-11-18T05:58:10.130+0000] {dag.py:3036} INFO - Sync 1 DAGs
[2025-11-18T05:58:10.168+0000] {logging_mixin.py:188} INFO - [2025-11-18T05:58:10.167+0000] {dag.py:3823} INFO - Setting next_dagrun for create_audit_table to None, run_after=None
[2025-11-18T05:58:10.223+0000] {processor.py:183} INFO - Processing /opt/airflow/dags/create_audit_table.py took 0.181 seconds
[2025-11-18T05:58:40.390+0000] {processor.py:161} INFO - Started process (PID=12611) to work on /opt/airflow/dags/create_audit_table.py
[2025-11-18T05:58:40.392+0000] {processor.py:830} INFO - Processing file /opt/airflow/dags/create_audit_table.py for tasks to queue
[2025-11-18T05:58:40.393+0000] {logging_mixin.py:188} INFO - [2025-11-18T05:58:40.393+0000] {dagbag.py:538} INFO - Filling up the DagBag from /opt/airflow/dags/create_audit_table.py
[2025-11-18T05:58:40.412+0000] {processor.py:840} INFO - DAG(s) 'create_audit_table' retrieved from /opt/airflow/dags/create_audit_table.py
[2025-11-18T05:58:40.441+0000] {logging_mixin.py:188} INFO - [2025-11-18T05:58:40.441+0000] {dag.py:3036} INFO - Sync 1 DAGs
[2025-11-18T05:58:40.452+0000] {logging_mixin.py:188} INFO - [2025-11-18T05:58:40.451+0000] {dag.py:3823} INFO - Setting next_dagrun for create_audit_table to None, run_after=None
[2025-11-18T05:58:40.475+0000] {processor.py:183} INFO - Processing /opt/airflow/dags/create_audit_table.py took 0.088 seconds
[2025-11-18T05:59:13.940+0000] {processor.py:161} INFO - Started process (PID=12636) to work on /opt/airflow/dags/create_audit_table.py
[2025-11-18T05:59:13.972+0000] {processor.py:830} INFO - Processing file /opt/airflow/dags/create_audit_table.py for tasks to queue
[2025-11-18T05:59:13.979+0000] {logging_mixin.py:188} INFO - [2025-11-18T05:59:13.978+0000] {dagbag.py:538} INFO - Filling up the DagBag from /opt/airflow/dags/create_audit_table.py
[2025-11-18T05:59:17.987+0000] {processor.py:840} INFO - DAG(s) 'create_audit_table' retrieved from /opt/airflow/dags/create_audit_table.py
[2025-11-18T05:59:37.237+0000] {logging_mixin.py:188} INFO - [2025-11-18T05:59:37.089+0000] {dag.py:3036} INFO - Sync 1 DAGs
[2025-11-18T05:59:39.315+0000] {logging_mixin.py:188} INFO - [2025-11-18T05:59:39.314+0000] {dag.py:3823} INFO - Setting next_dagrun for create_audit_table to None, run_after=None
[2025-11-18T05:59:41.914+0000] {processor.py:183} INFO - Processing /opt/airflow/dags/create_audit_table.py took 28.299 seconds
[2025-11-18T06:00:15.995+0000] {processor.py:161} INFO - Started process (PID=12666) to work on /opt/airflow/dags/create_audit_table.py
[2025-11-18T06:00:16.009+0000] {processor.py:830} INFO - Processing file /opt/airflow/dags/create_audit_table.py for tasks to queue
[2025-11-18T06:00:16.012+0000] {logging_mixin.py:188} INFO - [2025-11-18T06:00:16.012+0000] {dagbag.py:538} INFO - Filling up the DagBag from /opt/airflow/dags/create_audit_table.py
[2025-11-18T06:00:16.445+0000] {processor.py:840} INFO - DAG(s) 'create_audit_table' retrieved from /opt/airflow/dags/create_audit_table.py
[2025-11-18T06:00:16.629+0000] {logging_mixin.py:188} INFO - [2025-11-18T06:00:16.625+0000] {dag.py:3036} INFO - Sync 1 DAGs
[2025-11-18T06:00:16.742+0000] {logging_mixin.py:188} INFO - [2025-11-18T06:00:16.741+0000] {dag.py:3823} INFO - Setting next_dagrun for create_audit_table to None, run_after=None
[2025-11-18T06:00:16.944+0000] {processor.py:183} INFO - Processing /opt/airflow/dags/create_audit_table.py took 0.957 seconds
[2025-11-18T06:00:48.185+0000] {processor.py:161} INFO - Started process (PID=12689) to work on /opt/airflow/dags/create_audit_table.py
[2025-11-18T06:00:48.261+0000] {processor.py:830} INFO - Processing file /opt/airflow/dags/create_audit_table.py for tasks to queue
[2025-11-18T06:00:48.310+0000] {logging_mixin.py:188} INFO - [2025-11-18T06:00:48.309+0000] {dagbag.py:538} INFO - Filling up the DagBag from /opt/airflow/dags/create_audit_table.py
[2025-11-18T06:00:49.143+0000] {processor.py:840} INFO - DAG(s) 'create_audit_table' retrieved from /opt/airflow/dags/create_audit_table.py
[2025-11-18T06:00:50.291+0000] {logging_mixin.py:188} INFO - [2025-11-18T06:00:50.290+0000] {dag.py:3036} INFO - Sync 1 DAGs
[2025-11-18T06:00:51.107+0000] {logging_mixin.py:188} INFO - [2025-11-18T06:00:51.052+0000] {dag.py:3823} INFO - Setting next_dagrun for create_audit_table to None, run_after=None
[2025-11-18T06:00:51.517+0000] {processor.py:183} INFO - Processing /opt/airflow/dags/create_audit_table.py took 3.427 seconds
[2025-11-18T06:01:22.413+0000] {processor.py:161} INFO - Started process (PID=12714) to work on /opt/airflow/dags/create_audit_table.py
[2025-11-18T06:01:22.415+0000] {processor.py:830} INFO - Processing file /opt/airflow/dags/create_audit_table.py for tasks to queue
[2025-11-18T06:01:22.418+0000] {logging_mixin.py:188} INFO - [2025-11-18T06:01:22.418+0000] {dagbag.py:538} INFO - Filling up the DagBag from /opt/airflow/dags/create_audit_table.py
[2025-11-18T06:01:22.481+0000] {processor.py:840} INFO - DAG(s) 'create_audit_table' retrieved from /opt/airflow/dags/create_audit_table.py
[2025-11-18T06:01:22.655+0000] {logging_mixin.py:188} INFO - [2025-11-18T06:01:22.654+0000] {dag.py:3036} INFO - Sync 1 DAGs
[2025-11-18T06:01:22.712+0000] {logging_mixin.py:188} INFO - [2025-11-18T06:01:22.712+0000] {dag.py:3823} INFO - Setting next_dagrun for create_audit_table to None, run_after=None
[2025-11-18T06:01:22.800+0000] {processor.py:183} INFO - Processing /opt/airflow/dags/create_audit_table.py took 0.392 seconds
[2025-11-18T06:01:58.327+0000] {processor.py:161} INFO - Started process (PID=12741) to work on /opt/airflow/dags/create_audit_table.py
[2025-11-18T06:01:58.429+0000] {processor.py:830} INFO - Processing file /opt/airflow/dags/create_audit_table.py for tasks to queue
[2025-11-18T06:01:58.443+0000] {logging_mixin.py:188} INFO - [2025-11-18T06:01:58.442+0000] {dagbag.py:538} INFO - Filling up the DagBag from /opt/airflow/dags/create_audit_table.py
[2025-11-18T06:01:58.785+0000] {processor.py:840} INFO - DAG(s) 'create_audit_table' retrieved from /opt/airflow/dags/create_audit_table.py
[2025-11-18T06:01:58.934+0000] {logging_mixin.py:188} INFO - [2025-11-18T06:01:58.934+0000] {dag.py:3036} INFO - Sync 1 DAGs
[2025-11-18T06:01:58.988+0000] {logging_mixin.py:188} INFO - [2025-11-18T06:01:58.988+0000] {dag.py:3823} INFO - Setting next_dagrun for create_audit_table to None, run_after=None
[2025-11-18T06:01:59.071+0000] {processor.py:183} INFO - Processing /opt/airflow/dags/create_audit_table.py took 0.768 seconds
[2025-11-18T06:02:29.577+0000] {processor.py:161} INFO - Started process (PID=12766) to work on /opt/airflow/dags/create_audit_table.py
[2025-11-18T06:02:29.579+0000] {processor.py:830} INFO - Processing file /opt/airflow/dags/create_audit_table.py for tasks to queue
[2025-11-18T06:02:29.580+0000] {logging_mixin.py:188} INFO - [2025-11-18T06:02:29.580+0000] {dagbag.py:538} INFO - Filling up the DagBag from /opt/airflow/dags/create_audit_table.py
[2025-11-18T06:02:29.615+0000] {processor.py:840} INFO - DAG(s) 'create_audit_table' retrieved from /opt/airflow/dags/create_audit_table.py
[2025-11-18T06:02:29.664+0000] {logging_mixin.py:188} INFO - [2025-11-18T06:02:29.663+0000] {dag.py:3036} INFO - Sync 1 DAGs
[2025-11-18T06:02:29.674+0000] {logging_mixin.py:188} INFO - [2025-11-18T06:02:29.674+0000] {dag.py:3823} INFO - Setting next_dagrun for create_audit_table to None, run_after=None
[2025-11-18T06:02:29.691+0000] {processor.py:183} INFO - Processing /opt/airflow/dags/create_audit_table.py took 0.117 seconds
[2025-11-18T06:03:00.352+0000] {processor.py:161} INFO - Started process (PID=12791) to work on /opt/airflow/dags/create_audit_table.py
[2025-11-18T06:03:00.353+0000] {processor.py:830} INFO - Processing file /opt/airflow/dags/create_audit_table.py for tasks to queue
[2025-11-18T06:03:00.355+0000] {logging_mixin.py:188} INFO - [2025-11-18T06:03:00.354+0000] {dagbag.py:538} INFO - Filling up the DagBag from /opt/airflow/dags/create_audit_table.py
[2025-11-18T06:03:00.381+0000] {processor.py:840} INFO - DAG(s) 'create_audit_table' retrieved from /opt/airflow/dags/create_audit_table.py
[2025-11-18T06:03:00.424+0000] {logging_mixin.py:188} INFO - [2025-11-18T06:03:00.423+0000] {dag.py:3036} INFO - Sync 1 DAGs
[2025-11-18T06:03:00.443+0000] {logging_mixin.py:188} INFO - [2025-11-18T06:03:00.442+0000] {dag.py:3823} INFO - Setting next_dagrun for create_audit_table to None, run_after=None
[2025-11-18T06:03:00.478+0000] {processor.py:183} INFO - Processing /opt/airflow/dags/create_audit_table.py took 0.130 seconds
[2025-11-18T06:03:31.077+0000] {processor.py:161} INFO - Started process (PID=12816) to work on /opt/airflow/dags/create_audit_table.py
[2025-11-18T06:03:31.082+0000] {processor.py:830} INFO - Processing file /opt/airflow/dags/create_audit_table.py for tasks to queue
[2025-11-18T06:03:31.085+0000] {logging_mixin.py:188} INFO - [2025-11-18T06:03:31.085+0000] {dagbag.py:538} INFO - Filling up the DagBag from /opt/airflow/dags/create_audit_table.py
[2025-11-18T06:03:31.136+0000] {processor.py:840} INFO - DAG(s) 'create_audit_table' retrieved from /opt/airflow/dags/create_audit_table.py
[2025-11-18T06:03:31.204+0000] {logging_mixin.py:188} INFO - [2025-11-18T06:03:31.204+0000] {dag.py:3036} INFO - Sync 1 DAGs
[2025-11-18T06:03:31.238+0000] {logging_mixin.py:188} INFO - [2025-11-18T06:03:31.237+0000] {dag.py:3823} INFO - Setting next_dagrun for create_audit_table to None, run_after=None
[2025-11-18T06:03:31.292+0000] {processor.py:183} INFO - Processing /opt/airflow/dags/create_audit_table.py took 0.219 seconds
[2025-11-18T06:04:01.586+0000] {processor.py:161} INFO - Started process (PID=12841) to work on /opt/airflow/dags/create_audit_table.py
[2025-11-18T06:04:01.589+0000] {processor.py:830} INFO - Processing file /opt/airflow/dags/create_audit_table.py for tasks to queue
[2025-11-18T06:04:01.590+0000] {logging_mixin.py:188} INFO - [2025-11-18T06:04:01.590+0000] {dagbag.py:538} INFO - Filling up the DagBag from /opt/airflow/dags/create_audit_table.py
[2025-11-18T06:04:01.632+0000] {processor.py:840} INFO - DAG(s) 'create_audit_table' retrieved from /opt/airflow/dags/create_audit_table.py
[2025-11-18T06:04:01.671+0000] {logging_mixin.py:188} INFO - [2025-11-18T06:04:01.671+0000] {dag.py:3036} INFO - Sync 1 DAGs
[2025-11-18T06:04:01.698+0000] {logging_mixin.py:188} INFO - [2025-11-18T06:04:01.690+0000] {dag.py:3823} INFO - Setting next_dagrun for create_audit_table to None, run_after=None
[2025-11-18T06:04:01.777+0000] {processor.py:183} INFO - Processing /opt/airflow/dags/create_audit_table.py took 0.197 seconds
[2025-11-18T06:04:32.737+0000] {processor.py:161} INFO - Started process (PID=12866) to work on /opt/airflow/dags/create_audit_table.py
[2025-11-18T06:04:32.767+0000] {processor.py:830} INFO - Processing file /opt/airflow/dags/create_audit_table.py for tasks to queue
[2025-11-18T06:04:32.781+0000] {logging_mixin.py:188} INFO - [2025-11-18T06:04:32.781+0000] {dagbag.py:538} INFO - Filling up the DagBag from /opt/airflow/dags/create_audit_table.py
[2025-11-18T06:04:32.869+0000] {processor.py:840} INFO - DAG(s) 'create_audit_table' retrieved from /opt/airflow/dags/create_audit_table.py
[2025-11-18T06:04:33.059+0000] {logging_mixin.py:188} INFO - [2025-11-18T06:04:33.059+0000] {dag.py:3036} INFO - Sync 1 DAGs
[2025-11-18T06:04:33.154+0000] {logging_mixin.py:188} INFO - [2025-11-18T06:04:33.154+0000] {dag.py:3823} INFO - Setting next_dagrun for create_audit_table to None, run_after=None
[2025-11-18T06:04:33.294+0000] {processor.py:183} INFO - Processing /opt/airflow/dags/create_audit_table.py took 0.577 seconds
[2025-11-18T06:05:05.283+0000] {processor.py:161} INFO - Started process (PID=12894) to work on /opt/airflow/dags/create_audit_table.py
[2025-11-18T06:05:05.320+0000] {processor.py:830} INFO - Processing file /opt/airflow/dags/create_audit_table.py for tasks to queue
[2025-11-18T06:05:05.323+0000] {logging_mixin.py:188} INFO - [2025-11-18T06:05:05.323+0000] {dagbag.py:538} INFO - Filling up the DagBag from /opt/airflow/dags/create_audit_table.py
[2025-11-18T06:05:05.420+0000] {processor.py:840} INFO - DAG(s) 'create_audit_table' retrieved from /opt/airflow/dags/create_audit_table.py
[2025-11-18T06:05:06.057+0000] {logging_mixin.py:188} INFO - [2025-11-18T06:05:06.056+0000] {dag.py:3036} INFO - Sync 1 DAGs
[2025-11-18T06:05:06.114+0000] {logging_mixin.py:188} INFO - [2025-11-18T06:05:06.114+0000] {dag.py:3823} INFO - Setting next_dagrun for create_audit_table to None, run_after=None
[2025-11-18T06:05:06.504+0000] {processor.py:183} INFO - Processing /opt/airflow/dags/create_audit_table.py took 1.233 seconds
[2025-11-18T06:05:36.995+0000] {processor.py:161} INFO - Started process (PID=12921) to work on /opt/airflow/dags/create_audit_table.py
[2025-11-18T06:05:36.997+0000] {processor.py:830} INFO - Processing file /opt/airflow/dags/create_audit_table.py for tasks to queue
[2025-11-18T06:05:36.999+0000] {logging_mixin.py:188} INFO - [2025-11-18T06:05:36.999+0000] {dagbag.py:538} INFO - Filling up the DagBag from /opt/airflow/dags/create_audit_table.py
[2025-11-18T06:05:37.026+0000] {processor.py:840} INFO - DAG(s) 'create_audit_table' retrieved from /opt/airflow/dags/create_audit_table.py
[2025-11-18T06:05:37.060+0000] {logging_mixin.py:188} INFO - [2025-11-18T06:05:37.059+0000] {dag.py:3036} INFO - Sync 1 DAGs
[2025-11-18T06:05:37.074+0000] {logging_mixin.py:188} INFO - [2025-11-18T06:05:37.074+0000] {dag.py:3823} INFO - Setting next_dagrun for create_audit_table to None, run_after=None
[2025-11-18T06:05:37.099+0000] {processor.py:183} INFO - Processing /opt/airflow/dags/create_audit_table.py took 0.107 seconds
[2025-11-18T06:06:07.214+0000] {processor.py:161} INFO - Started process (PID=12946) to work on /opt/airflow/dags/create_audit_table.py
[2025-11-18T06:06:07.216+0000] {processor.py:830} INFO - Processing file /opt/airflow/dags/create_audit_table.py for tasks to queue
[2025-11-18T06:06:07.218+0000] {logging_mixin.py:188} INFO - [2025-11-18T06:06:07.218+0000] {dagbag.py:538} INFO - Filling up the DagBag from /opt/airflow/dags/create_audit_table.py
[2025-11-18T06:06:07.247+0000] {processor.py:840} INFO - DAG(s) 'create_audit_table' retrieved from /opt/airflow/dags/create_audit_table.py
[2025-11-18T06:06:07.338+0000] {logging_mixin.py:188} INFO - [2025-11-18T06:06:07.337+0000] {dag.py:3036} INFO - Sync 1 DAGs
[2025-11-18T06:06:07.371+0000] {logging_mixin.py:188} INFO - [2025-11-18T06:06:07.371+0000] {dag.py:3823} INFO - Setting next_dagrun for create_audit_table to None, run_after=None
[2025-11-18T06:06:07.416+0000] {processor.py:183} INFO - Processing /opt/airflow/dags/create_audit_table.py took 0.206 seconds
[2025-11-18T06:06:38.276+0000] {processor.py:161} INFO - Started process (PID=12971) to work on /opt/airflow/dags/create_audit_table.py
[2025-11-18T06:06:38.279+0000] {processor.py:830} INFO - Processing file /opt/airflow/dags/create_audit_table.py for tasks to queue
[2025-11-18T06:06:38.281+0000] {logging_mixin.py:188} INFO - [2025-11-18T06:06:38.280+0000] {dagbag.py:538} INFO - Filling up the DagBag from /opt/airflow/dags/create_audit_table.py
[2025-11-18T06:06:38.301+0000] {processor.py:840} INFO - DAG(s) 'create_audit_table' retrieved from /opt/airflow/dags/create_audit_table.py
[2025-11-18T06:06:38.335+0000] {logging_mixin.py:188} INFO - [2025-11-18T06:06:38.335+0000] {dag.py:3036} INFO - Sync 1 DAGs
[2025-11-18T06:06:38.351+0000] {logging_mixin.py:188} INFO - [2025-11-18T06:06:38.351+0000] {dag.py:3823} INFO - Setting next_dagrun for create_audit_table to None, run_after=None
[2025-11-18T06:06:38.383+0000] {processor.py:183} INFO - Processing /opt/airflow/dags/create_audit_table.py took 0.112 seconds
[2025-11-18T06:07:08.548+0000] {processor.py:161} INFO - Started process (PID=12996) to work on /opt/airflow/dags/create_audit_table.py
[2025-11-18T06:07:08.550+0000] {processor.py:830} INFO - Processing file /opt/airflow/dags/create_audit_table.py for tasks to queue
[2025-11-18T06:07:08.551+0000] {logging_mixin.py:188} INFO - [2025-11-18T06:07:08.551+0000] {dagbag.py:538} INFO - Filling up the DagBag from /opt/airflow/dags/create_audit_table.py
[2025-11-18T06:07:08.572+0000] {processor.py:840} INFO - DAG(s) 'create_audit_table' retrieved from /opt/airflow/dags/create_audit_table.py
[2025-11-18T06:07:08.602+0000] {logging_mixin.py:188} INFO - [2025-11-18T06:07:08.602+0000] {dag.py:3036} INFO - Sync 1 DAGs
[2025-11-18T06:07:08.618+0000] {logging_mixin.py:188} INFO - [2025-11-18T06:07:08.618+0000] {dag.py:3823} INFO - Setting next_dagrun for create_audit_table to None, run_after=None
[2025-11-18T06:07:08.641+0000] {processor.py:183} INFO - Processing /opt/airflow/dags/create_audit_table.py took 0.097 seconds
[2025-11-18T06:07:39.194+0000] {processor.py:161} INFO - Started process (PID=13021) to work on /opt/airflow/dags/create_audit_table.py
[2025-11-18T06:07:39.196+0000] {processor.py:830} INFO - Processing file /opt/airflow/dags/create_audit_table.py for tasks to queue
[2025-11-18T06:07:39.209+0000] {logging_mixin.py:188} INFO - [2025-11-18T06:07:39.208+0000] {dagbag.py:538} INFO - Filling up the DagBag from /opt/airflow/dags/create_audit_table.py
[2025-11-18T06:07:39.253+0000] {processor.py:840} INFO - DAG(s) 'create_audit_table' retrieved from /opt/airflow/dags/create_audit_table.py
[2025-11-18T06:07:39.428+0000] {logging_mixin.py:188} INFO - [2025-11-18T06:07:39.427+0000] {dag.py:3036} INFO - Sync 1 DAGs
[2025-11-18T06:07:39.531+0000] {logging_mixin.py:188} INFO - [2025-11-18T06:07:39.531+0000] {dag.py:3823} INFO - Setting next_dagrun for create_audit_table to None, run_after=None
[2025-11-18T06:07:39.607+0000] {processor.py:183} INFO - Processing /opt/airflow/dags/create_audit_table.py took 0.419 seconds
[2025-11-18T06:08:09.926+0000] {processor.py:161} INFO - Started process (PID=13044) to work on /opt/airflow/dags/create_audit_table.py
[2025-11-18T06:08:09.929+0000] {processor.py:830} INFO - Processing file /opt/airflow/dags/create_audit_table.py for tasks to queue
[2025-11-18T06:08:09.932+0000] {logging_mixin.py:188} INFO - [2025-11-18T06:08:09.931+0000] {dagbag.py:538} INFO - Filling up the DagBag from /opt/airflow/dags/create_audit_table.py
[2025-11-18T06:08:10.015+0000] {processor.py:840} INFO - DAG(s) 'create_audit_table' retrieved from /opt/airflow/dags/create_audit_table.py
[2025-11-18T06:08:10.073+0000] {logging_mixin.py:188} INFO - [2025-11-18T06:08:10.072+0000] {dag.py:3036} INFO - Sync 1 DAGs
[2025-11-18T06:08:10.096+0000] {logging_mixin.py:188} INFO - [2025-11-18T06:08:10.096+0000] {dag.py:3823} INFO - Setting next_dagrun for create_audit_table to None, run_after=None
[2025-11-18T06:08:10.164+0000] {processor.py:183} INFO - Processing /opt/airflow/dags/create_audit_table.py took 0.244 seconds
[2025-11-18T06:08:40.267+0000] {processor.py:161} INFO - Started process (PID=13071) to work on /opt/airflow/dags/create_audit_table.py
[2025-11-18T06:08:40.268+0000] {processor.py:830} INFO - Processing file /opt/airflow/dags/create_audit_table.py for tasks to queue
[2025-11-18T06:08:40.270+0000] {logging_mixin.py:188} INFO - [2025-11-18T06:08:40.270+0000] {dagbag.py:538} INFO - Filling up the DagBag from /opt/airflow/dags/create_audit_table.py
[2025-11-18T06:08:40.292+0000] {processor.py:840} INFO - DAG(s) 'create_audit_table' retrieved from /opt/airflow/dags/create_audit_table.py
[2025-11-18T06:08:40.347+0000] {logging_mixin.py:188} INFO - [2025-11-18T06:08:40.346+0000] {dag.py:3036} INFO - Sync 1 DAGs
[2025-11-18T06:08:40.365+0000] {logging_mixin.py:188} INFO - [2025-11-18T06:08:40.364+0000] {dag.py:3823} INFO - Setting next_dagrun for create_audit_table to None, run_after=None
[2025-11-18T06:08:40.390+0000] {processor.py:183} INFO - Processing /opt/airflow/dags/create_audit_table.py took 0.127 seconds
[2025-11-18T06:09:10.743+0000] {processor.py:161} INFO - Started process (PID=13094) to work on /opt/airflow/dags/create_audit_table.py
[2025-11-18T06:09:10.747+0000] {processor.py:830} INFO - Processing file /opt/airflow/dags/create_audit_table.py for tasks to queue
[2025-11-18T06:09:10.749+0000] {logging_mixin.py:188} INFO - [2025-11-18T06:09:10.748+0000] {dagbag.py:538} INFO - Filling up the DagBag from /opt/airflow/dags/create_audit_table.py
[2025-11-18T06:09:10.824+0000] {processor.py:840} INFO - DAG(s) 'create_audit_table' retrieved from /opt/airflow/dags/create_audit_table.py
[2025-11-18T06:09:10.860+0000] {logging_mixin.py:188} INFO - [2025-11-18T06:09:10.860+0000] {dag.py:3036} INFO - Sync 1 DAGs
[2025-11-18T06:09:10.873+0000] {logging_mixin.py:188} INFO - [2025-11-18T06:09:10.873+0000] {dag.py:3823} INFO - Setting next_dagrun for create_audit_table to None, run_after=None
[2025-11-18T06:09:10.899+0000] {processor.py:183} INFO - Processing /opt/airflow/dags/create_audit_table.py took 0.161 seconds
[2025-11-18T06:09:41.543+0000] {processor.py:161} INFO - Started process (PID=13119) to work on /opt/airflow/dags/create_audit_table.py
[2025-11-18T06:09:41.545+0000] {processor.py:830} INFO - Processing file /opt/airflow/dags/create_audit_table.py for tasks to queue
[2025-11-18T06:09:41.547+0000] {logging_mixin.py:188} INFO - [2025-11-18T06:09:41.546+0000] {dagbag.py:538} INFO - Filling up the DagBag from /opt/airflow/dags/create_audit_table.py
[2025-11-18T06:09:41.575+0000] {processor.py:840} INFO - DAG(s) 'create_audit_table' retrieved from /opt/airflow/dags/create_audit_table.py
[2025-11-18T06:09:41.626+0000] {logging_mixin.py:188} INFO - [2025-11-18T06:09:41.626+0000] {dag.py:3036} INFO - Sync 1 DAGs
[2025-11-18T06:09:41.643+0000] {logging_mixin.py:188} INFO - [2025-11-18T06:09:41.643+0000] {dag.py:3823} INFO - Setting next_dagrun for create_audit_table to None, run_after=None
[2025-11-18T06:09:41.669+0000] {processor.py:183} INFO - Processing /opt/airflow/dags/create_audit_table.py took 0.134 seconds
[2025-11-18T06:10:12.240+0000] {processor.py:161} INFO - Started process (PID=13144) to work on /opt/airflow/dags/create_audit_table.py
[2025-11-18T06:10:12.243+0000] {processor.py:830} INFO - Processing file /opt/airflow/dags/create_audit_table.py for tasks to queue
[2025-11-18T06:10:12.245+0000] {logging_mixin.py:188} INFO - [2025-11-18T06:10:12.244+0000] {dagbag.py:538} INFO - Filling up the DagBag from /opt/airflow/dags/create_audit_table.py
[2025-11-18T06:10:12.290+0000] {processor.py:840} INFO - DAG(s) 'create_audit_table' retrieved from /opt/airflow/dags/create_audit_table.py
[2025-11-18T06:10:12.339+0000] {logging_mixin.py:188} INFO - [2025-11-18T06:10:12.339+0000] {dag.py:3036} INFO - Sync 1 DAGs
[2025-11-18T06:10:12.367+0000] {logging_mixin.py:188} INFO - [2025-11-18T06:10:12.367+0000] {dag.py:3823} INFO - Setting next_dagrun for create_audit_table to None, run_after=None
[2025-11-18T06:10:12.403+0000] {processor.py:183} INFO - Processing /opt/airflow/dags/create_audit_table.py took 0.173 seconds
[2025-11-18T06:10:42.537+0000] {processor.py:161} INFO - Started process (PID=13166) to work on /opt/airflow/dags/create_audit_table.py
[2025-11-18T06:10:42.548+0000] {processor.py:830} INFO - Processing file /opt/airflow/dags/create_audit_table.py for tasks to queue
[2025-11-18T06:10:42.556+0000] {logging_mixin.py:188} INFO - [2025-11-18T06:10:42.555+0000] {dagbag.py:538} INFO - Filling up the DagBag from /opt/airflow/dags/create_audit_table.py
[2025-11-18T06:10:42.594+0000] {processor.py:840} INFO - DAG(s) 'create_audit_table' retrieved from /opt/airflow/dags/create_audit_table.py
[2025-11-18T06:10:42.633+0000] {logging_mixin.py:188} INFO - [2025-11-18T06:10:42.633+0000] {dag.py:3036} INFO - Sync 1 DAGs
[2025-11-18T06:10:42.649+0000] {logging_mixin.py:188} INFO - [2025-11-18T06:10:42.648+0000] {dag.py:3823} INFO - Setting next_dagrun for create_audit_table to None, run_after=None
[2025-11-18T06:10:42.684+0000] {processor.py:183} INFO - Processing /opt/airflow/dags/create_audit_table.py took 0.152 seconds
[2025-11-18T06:11:13.916+0000] {processor.py:161} INFO - Started process (PID=13191) to work on /opt/airflow/dags/create_audit_table.py
[2025-11-18T06:11:13.919+0000] {processor.py:830} INFO - Processing file /opt/airflow/dags/create_audit_table.py for tasks to queue
[2025-11-18T06:11:13.926+0000] {logging_mixin.py:188} INFO - [2025-11-18T06:11:13.922+0000] {dagbag.py:538} INFO - Filling up the DagBag from /opt/airflow/dags/create_audit_table.py
[2025-11-18T06:11:14.013+0000] {processor.py:840} INFO - DAG(s) 'create_audit_table' retrieved from /opt/airflow/dags/create_audit_table.py
[2025-11-18T06:11:14.085+0000] {logging_mixin.py:188} INFO - [2025-11-18T06:11:14.085+0000] {dag.py:3036} INFO - Sync 1 DAGs
[2025-11-18T06:11:14.131+0000] {logging_mixin.py:188} INFO - [2025-11-18T06:11:14.130+0000] {dag.py:3823} INFO - Setting next_dagrun for create_audit_table to None, run_after=None
[2025-11-18T06:11:14.209+0000] {processor.py:183} INFO - Processing /opt/airflow/dags/create_audit_table.py took 0.298 seconds
[2025-11-18T06:11:44.449+0000] {processor.py:161} INFO - Started process (PID=13219) to work on /opt/airflow/dags/create_audit_table.py
[2025-11-18T06:11:44.453+0000] {processor.py:830} INFO - Processing file /opt/airflow/dags/create_audit_table.py for tasks to queue
[2025-11-18T06:11:44.455+0000] {logging_mixin.py:188} INFO - [2025-11-18T06:11:44.454+0000] {dagbag.py:538} INFO - Filling up the DagBag from /opt/airflow/dags/create_audit_table.py
[2025-11-18T06:11:44.480+0000] {processor.py:840} INFO - DAG(s) 'create_audit_table' retrieved from /opt/airflow/dags/create_audit_table.py
[2025-11-18T06:11:44.523+0000] {logging_mixin.py:188} INFO - [2025-11-18T06:11:44.523+0000] {dag.py:3036} INFO - Sync 1 DAGs
[2025-11-18T06:11:44.536+0000] {logging_mixin.py:188} INFO - [2025-11-18T06:11:44.535+0000] {dag.py:3823} INFO - Setting next_dagrun for create_audit_table to None, run_after=None
[2025-11-18T06:11:44.556+0000] {processor.py:183} INFO - Processing /opt/airflow/dags/create_audit_table.py took 0.111 seconds
[2025-11-18T06:12:14.752+0000] {processor.py:161} INFO - Started process (PID=13246) to work on /opt/airflow/dags/create_audit_table.py
[2025-11-18T06:12:14.754+0000] {processor.py:830} INFO - Processing file /opt/airflow/dags/create_audit_table.py for tasks to queue
[2025-11-18T06:12:14.755+0000] {logging_mixin.py:188} INFO - [2025-11-18T06:12:14.755+0000] {dagbag.py:538} INFO - Filling up the DagBag from /opt/airflow/dags/create_audit_table.py
[2025-11-18T06:12:14.774+0000] {processor.py:840} INFO - DAG(s) 'create_audit_table' retrieved from /opt/airflow/dags/create_audit_table.py
[2025-11-18T06:12:14.802+0000] {logging_mixin.py:188} INFO - [2025-11-18T06:12:14.802+0000] {dag.py:3036} INFO - Sync 1 DAGs
[2025-11-18T06:12:14.814+0000] {logging_mixin.py:188} INFO - [2025-11-18T06:12:14.814+0000] {dag.py:3823} INFO - Setting next_dagrun for create_audit_table to None, run_after=None
[2025-11-18T06:12:14.836+0000] {processor.py:183} INFO - Processing /opt/airflow/dags/create_audit_table.py took 0.086 seconds
[2025-11-18T06:12:44.913+0000] {processor.py:161} INFO - Started process (PID=13269) to work on /opt/airflow/dags/create_audit_table.py
[2025-11-18T06:12:44.917+0000] {processor.py:830} INFO - Processing file /opt/airflow/dags/create_audit_table.py for tasks to queue
[2025-11-18T06:12:44.920+0000] {logging_mixin.py:188} INFO - [2025-11-18T06:12:44.919+0000] {dagbag.py:538} INFO - Filling up the DagBag from /opt/airflow/dags/create_audit_table.py
[2025-11-18T06:12:44.954+0000] {processor.py:840} INFO - DAG(s) 'create_audit_table' retrieved from /opt/airflow/dags/create_audit_table.py
[2025-11-18T06:12:45.007+0000] {logging_mixin.py:188} INFO - [2025-11-18T06:12:45.007+0000] {dag.py:3036} INFO - Sync 1 DAGs
[2025-11-18T06:12:45.059+0000] {logging_mixin.py:188} INFO - [2025-11-18T06:12:45.059+0000] {dag.py:3823} INFO - Setting next_dagrun for create_audit_table to None, run_after=None
[2025-11-18T06:12:45.121+0000] {processor.py:183} INFO - Processing /opt/airflow/dags/create_audit_table.py took 0.212 seconds
[2025-11-18T06:13:15.698+0000] {processor.py:161} INFO - Started process (PID=13294) to work on /opt/airflow/dags/create_audit_table.py
[2025-11-18T06:13:15.701+0000] {processor.py:830} INFO - Processing file /opt/airflow/dags/create_audit_table.py for tasks to queue
[2025-11-18T06:13:15.704+0000] {logging_mixin.py:188} INFO - [2025-11-18T06:13:15.703+0000] {dagbag.py:538} INFO - Filling up the DagBag from /opt/airflow/dags/create_audit_table.py
[2025-11-18T06:13:15.733+0000] {processor.py:840} INFO - DAG(s) 'create_audit_table' retrieved from /opt/airflow/dags/create_audit_table.py
[2025-11-18T06:13:15.792+0000] {logging_mixin.py:188} INFO - [2025-11-18T06:13:15.791+0000] {dag.py:3036} INFO - Sync 1 DAGs
[2025-11-18T06:13:15.804+0000] {logging_mixin.py:188} INFO - [2025-11-18T06:13:15.804+0000] {dag.py:3823} INFO - Setting next_dagrun for create_audit_table to None, run_after=None
[2025-11-18T06:13:15.826+0000] {processor.py:183} INFO - Processing /opt/airflow/dags/create_audit_table.py took 0.134 seconds
[2025-11-18T06:13:46.394+0000] {processor.py:161} INFO - Started process (PID=13319) to work on /opt/airflow/dags/create_audit_table.py
[2025-11-18T06:13:46.398+0000] {processor.py:830} INFO - Processing file /opt/airflow/dags/create_audit_table.py for tasks to queue
[2025-11-18T06:13:46.400+0000] {logging_mixin.py:188} INFO - [2025-11-18T06:13:46.399+0000] {dagbag.py:538} INFO - Filling up the DagBag from /opt/airflow/dags/create_audit_table.py
[2025-11-18T06:13:46.448+0000] {processor.py:840} INFO - DAG(s) 'create_audit_table' retrieved from /opt/airflow/dags/create_audit_table.py
[2025-11-18T06:13:46.504+0000] {logging_mixin.py:188} INFO - [2025-11-18T06:13:46.504+0000] {dag.py:3036} INFO - Sync 1 DAGs
[2025-11-18T06:13:46.519+0000] {logging_mixin.py:188} INFO - [2025-11-18T06:13:46.518+0000] {dag.py:3823} INFO - Setting next_dagrun for create_audit_table to None, run_after=None
[2025-11-18T06:13:46.543+0000] {processor.py:183} INFO - Processing /opt/airflow/dags/create_audit_table.py took 0.157 seconds
[2025-11-18T06:14:18.224+0000] {processor.py:161} INFO - Started process (PID=13344) to work on /opt/airflow/dags/create_audit_table.py
[2025-11-18T06:14:18.227+0000] {processor.py:830} INFO - Processing file /opt/airflow/dags/create_audit_table.py for tasks to queue
[2025-11-18T06:14:18.229+0000] {logging_mixin.py:188} INFO - [2025-11-18T06:14:18.229+0000] {dagbag.py:538} INFO - Filling up the DagBag from /opt/airflow/dags/create_audit_table.py
[2025-11-18T06:14:18.253+0000] {processor.py:840} INFO - DAG(s) 'create_audit_table' retrieved from /opt/airflow/dags/create_audit_table.py
[2025-11-18T06:14:18.280+0000] {logging_mixin.py:188} INFO - [2025-11-18T06:14:18.280+0000] {dag.py:3036} INFO - Sync 1 DAGs
[2025-11-18T06:14:18.291+0000] {logging_mixin.py:188} INFO - [2025-11-18T06:14:18.290+0000] {dag.py:3823} INFO - Setting next_dagrun for create_audit_table to None, run_after=None
[2025-11-18T06:14:18.313+0000] {processor.py:183} INFO - Processing /opt/airflow/dags/create_audit_table.py took 0.096 seconds
[2025-11-18T06:14:48.919+0000] {processor.py:161} INFO - Started process (PID=13371) to work on /opt/airflow/dags/create_audit_table.py
[2025-11-18T06:14:48.920+0000] {processor.py:830} INFO - Processing file /opt/airflow/dags/create_audit_table.py for tasks to queue
[2025-11-18T06:14:48.921+0000] {logging_mixin.py:188} INFO - [2025-11-18T06:14:48.921+0000] {dagbag.py:538} INFO - Filling up the DagBag from /opt/airflow/dags/create_audit_table.py
[2025-11-18T06:14:48.942+0000] {processor.py:840} INFO - DAG(s) 'create_audit_table' retrieved from /opt/airflow/dags/create_audit_table.py
[2025-11-18T06:14:48.974+0000] {logging_mixin.py:188} INFO - [2025-11-18T06:14:48.974+0000] {dag.py:3036} INFO - Sync 1 DAGs
[2025-11-18T06:14:48.986+0000] {logging_mixin.py:188} INFO - [2025-11-18T06:14:48.986+0000] {dag.py:3823} INFO - Setting next_dagrun for create_audit_table to None, run_after=None
[2025-11-18T06:14:49.009+0000] {processor.py:183} INFO - Processing /opt/airflow/dags/create_audit_table.py took 0.094 seconds
[2025-11-18T06:15:19.758+0000] {processor.py:161} INFO - Started process (PID=13396) to work on /opt/airflow/dags/create_audit_table.py
[2025-11-18T06:15:19.760+0000] {processor.py:830} INFO - Processing file /opt/airflow/dags/create_audit_table.py for tasks to queue
[2025-11-18T06:15:19.761+0000] {logging_mixin.py:188} INFO - [2025-11-18T06:15:19.761+0000] {dagbag.py:538} INFO - Filling up the DagBag from /opt/airflow/dags/create_audit_table.py
[2025-11-18T06:15:19.778+0000] {processor.py:840} INFO - DAG(s) 'create_audit_table' retrieved from /opt/airflow/dags/create_audit_table.py
[2025-11-18T06:15:19.802+0000] {logging_mixin.py:188} INFO - [2025-11-18T06:15:19.802+0000] {dag.py:3036} INFO - Sync 1 DAGs
[2025-11-18T06:15:19.812+0000] {logging_mixin.py:188} INFO - [2025-11-18T06:15:19.812+0000] {dag.py:3823} INFO - Setting next_dagrun for create_audit_table to None, run_after=None
[2025-11-18T06:15:19.834+0000] {processor.py:183} INFO - Processing /opt/airflow/dags/create_audit_table.py took 0.079 seconds
[2025-11-18T06:15:50.112+0000] {processor.py:161} INFO - Started process (PID=13421) to work on /opt/airflow/dags/create_audit_table.py
[2025-11-18T06:15:50.113+0000] {processor.py:830} INFO - Processing file /opt/airflow/dags/create_audit_table.py for tasks to queue
[2025-11-18T06:15:50.114+0000] {logging_mixin.py:188} INFO - [2025-11-18T06:15:50.114+0000] {dagbag.py:538} INFO - Filling up the DagBag from /opt/airflow/dags/create_audit_table.py
[2025-11-18T06:15:50.134+0000] {processor.py:840} INFO - DAG(s) 'create_audit_table' retrieved from /opt/airflow/dags/create_audit_table.py
[2025-11-18T06:15:50.180+0000] {logging_mixin.py:188} INFO - [2025-11-18T06:15:50.180+0000] {dag.py:3036} INFO - Sync 1 DAGs
[2025-11-18T06:15:50.210+0000] {logging_mixin.py:188} INFO - [2025-11-18T06:15:50.208+0000] {dag.py:3823} INFO - Setting next_dagrun for create_audit_table to None, run_after=None
[2025-11-18T06:15:50.255+0000] {processor.py:183} INFO - Processing /opt/airflow/dags/create_audit_table.py took 0.148 seconds
[2025-11-18T06:16:20.927+0000] {processor.py:161} INFO - Started process (PID=13446) to work on /opt/airflow/dags/create_audit_table.py
[2025-11-18T06:16:20.928+0000] {processor.py:830} INFO - Processing file /opt/airflow/dags/create_audit_table.py for tasks to queue
[2025-11-18T06:16:20.929+0000] {logging_mixin.py:188} INFO - [2025-11-18T06:16:20.929+0000] {dagbag.py:538} INFO - Filling up the DagBag from /opt/airflow/dags/create_audit_table.py
[2025-11-18T06:16:20.947+0000] {processor.py:840} INFO - DAG(s) 'create_audit_table' retrieved from /opt/airflow/dags/create_audit_table.py
[2025-11-18T06:16:20.976+0000] {logging_mixin.py:188} INFO - [2025-11-18T06:16:20.975+0000] {dag.py:3036} INFO - Sync 1 DAGs
[2025-11-18T06:16:20.986+0000] {logging_mixin.py:188} INFO - [2025-11-18T06:16:20.986+0000] {dag.py:3823} INFO - Setting next_dagrun for create_audit_table to None, run_after=None
[2025-11-18T06:16:21.014+0000] {processor.py:183} INFO - Processing /opt/airflow/dags/create_audit_table.py took 0.091 seconds
[2025-11-18T06:16:51.630+0000] {processor.py:161} INFO - Started process (PID=13471) to work on /opt/airflow/dags/create_audit_table.py
[2025-11-18T06:16:51.631+0000] {processor.py:830} INFO - Processing file /opt/airflow/dags/create_audit_table.py for tasks to queue
[2025-11-18T06:16:51.632+0000] {logging_mixin.py:188} INFO - [2025-11-18T06:16:51.632+0000] {dagbag.py:538} INFO - Filling up the DagBag from /opt/airflow/dags/create_audit_table.py
[2025-11-18T06:16:51.647+0000] {processor.py:840} INFO - DAG(s) 'create_audit_table' retrieved from /opt/airflow/dags/create_audit_table.py
[2025-11-18T06:16:51.676+0000] {logging_mixin.py:188} INFO - [2025-11-18T06:16:51.675+0000] {dag.py:3036} INFO - Sync 1 DAGs
[2025-11-18T06:16:51.687+0000] {logging_mixin.py:188} INFO - [2025-11-18T06:16:51.687+0000] {dag.py:3823} INFO - Setting next_dagrun for create_audit_table to None, run_after=None
[2025-11-18T06:16:51.709+0000] {processor.py:183} INFO - Processing /opt/airflow/dags/create_audit_table.py took 0.083 seconds
[2025-11-18T06:17:22.417+0000] {processor.py:161} INFO - Started process (PID=13496) to work on /opt/airflow/dags/create_audit_table.py
[2025-11-18T06:17:22.418+0000] {processor.py:830} INFO - Processing file /opt/airflow/dags/create_audit_table.py for tasks to queue
[2025-11-18T06:17:22.419+0000] {logging_mixin.py:188} INFO - [2025-11-18T06:17:22.419+0000] {dagbag.py:538} INFO - Filling up the DagBag from /opt/airflow/dags/create_audit_table.py
[2025-11-18T06:17:22.436+0000] {processor.py:840} INFO - DAG(s) 'create_audit_table' retrieved from /opt/airflow/dags/create_audit_table.py
[2025-11-18T06:17:22.461+0000] {logging_mixin.py:188} INFO - [2025-11-18T06:17:22.461+0000] {dag.py:3036} INFO - Sync 1 DAGs
[2025-11-18T06:17:22.472+0000] {logging_mixin.py:188} INFO - [2025-11-18T06:17:22.472+0000] {dag.py:3823} INFO - Setting next_dagrun for create_audit_table to None, run_after=None
[2025-11-18T06:17:22.494+0000] {processor.py:183} INFO - Processing /opt/airflow/dags/create_audit_table.py took 0.081 seconds
[2025-11-18T06:17:53.146+0000] {processor.py:161} INFO - Started process (PID=13521) to work on /opt/airflow/dags/create_audit_table.py
[2025-11-18T06:17:53.148+0000] {processor.py:830} INFO - Processing file /opt/airflow/dags/create_audit_table.py for tasks to queue
[2025-11-18T06:17:53.149+0000] {logging_mixin.py:188} INFO - [2025-11-18T06:17:53.149+0000] {dagbag.py:538} INFO - Filling up the DagBag from /opt/airflow/dags/create_audit_table.py
[2025-11-18T06:17:53.163+0000] {processor.py:840} INFO - DAG(s) 'create_audit_table' retrieved from /opt/airflow/dags/create_audit_table.py
[2025-11-18T06:17:53.189+0000] {logging_mixin.py:188} INFO - [2025-11-18T06:17:53.188+0000] {dag.py:3036} INFO - Sync 1 DAGs
[2025-11-18T06:17:53.199+0000] {logging_mixin.py:188} INFO - [2025-11-18T06:17:53.199+0000] {dag.py:3823} INFO - Setting next_dagrun for create_audit_table to None, run_after=None
[2025-11-18T06:17:53.249+0000] {processor.py:183} INFO - Processing /opt/airflow/dags/create_audit_table.py took 0.106 seconds
[2025-11-18T06:18:23.882+0000] {processor.py:161} INFO - Started process (PID=13546) to work on /opt/airflow/dags/create_audit_table.py
[2025-11-18T06:18:23.883+0000] {processor.py:830} INFO - Processing file /opt/airflow/dags/create_audit_table.py for tasks to queue
[2025-11-18T06:18:23.885+0000] {logging_mixin.py:188} INFO - [2025-11-18T06:18:23.884+0000] {dagbag.py:538} INFO - Filling up the DagBag from /opt/airflow/dags/create_audit_table.py
[2025-11-18T06:18:23.907+0000] {processor.py:840} INFO - DAG(s) 'create_audit_table' retrieved from /opt/airflow/dags/create_audit_table.py
[2025-11-18T06:18:23.935+0000] {logging_mixin.py:188} INFO - [2025-11-18T06:18:23.934+0000] {dag.py:3036} INFO - Sync 1 DAGs
[2025-11-18T06:18:23.945+0000] {logging_mixin.py:188} INFO - [2025-11-18T06:18:23.945+0000] {dag.py:3823} INFO - Setting next_dagrun for create_audit_table to None, run_after=None
[2025-11-18T06:18:23.984+0000] {processor.py:183} INFO - Processing /opt/airflow/dags/create_audit_table.py took 0.106 seconds
[2025-11-18T06:18:54.665+0000] {processor.py:161} INFO - Started process (PID=13571) to work on /opt/airflow/dags/create_audit_table.py
[2025-11-18T06:18:54.667+0000] {processor.py:830} INFO - Processing file /opt/airflow/dags/create_audit_table.py for tasks to queue
[2025-11-18T06:18:54.668+0000] {logging_mixin.py:188} INFO - [2025-11-18T06:18:54.668+0000] {dagbag.py:538} INFO - Filling up the DagBag from /opt/airflow/dags/create_audit_table.py
[2025-11-18T06:18:54.691+0000] {processor.py:840} INFO - DAG(s) 'create_audit_table' retrieved from /opt/airflow/dags/create_audit_table.py
[2025-11-18T06:18:54.731+0000] {logging_mixin.py:188} INFO - [2025-11-18T06:18:54.730+0000] {dag.py:3036} INFO - Sync 1 DAGs
[2025-11-18T06:18:54.748+0000] {logging_mixin.py:188} INFO - [2025-11-18T06:18:54.747+0000] {dag.py:3823} INFO - Setting next_dagrun for create_audit_table to None, run_after=None
[2025-11-18T06:18:54.777+0000] {processor.py:183} INFO - Processing /opt/airflow/dags/create_audit_table.py took 0.116 seconds
[2025-11-18T06:19:25.426+0000] {processor.py:161} INFO - Started process (PID=13596) to work on /opt/airflow/dags/create_audit_table.py
[2025-11-18T06:19:25.429+0000] {processor.py:830} INFO - Processing file /opt/airflow/dags/create_audit_table.py for tasks to queue
[2025-11-18T06:19:25.431+0000] {logging_mixin.py:188} INFO - [2025-11-18T06:19:25.431+0000] {dagbag.py:538} INFO - Filling up the DagBag from /opt/airflow/dags/create_audit_table.py
[2025-11-18T06:19:25.461+0000] {processor.py:840} INFO - DAG(s) 'create_audit_table' retrieved from /opt/airflow/dags/create_audit_table.py
[2025-11-18T06:19:25.494+0000] {logging_mixin.py:188} INFO - [2025-11-18T06:19:25.493+0000] {dag.py:3036} INFO - Sync 1 DAGs
[2025-11-18T06:19:25.507+0000] {logging_mixin.py:188} INFO - [2025-11-18T06:19:25.507+0000] {dag.py:3823} INFO - Setting next_dagrun for create_audit_table to None, run_after=None
[2025-11-18T06:19:25.547+0000] {processor.py:183} INFO - Processing /opt/airflow/dags/create_audit_table.py took 0.126 seconds
[2025-11-18T06:19:56.265+0000] {processor.py:161} INFO - Started process (PID=13621) to work on /opt/airflow/dags/create_audit_table.py
[2025-11-18T06:19:56.266+0000] {processor.py:830} INFO - Processing file /opt/airflow/dags/create_audit_table.py for tasks to queue
[2025-11-18T06:19:56.268+0000] {logging_mixin.py:188} INFO - [2025-11-18T06:19:56.268+0000] {dagbag.py:538} INFO - Filling up the DagBag from /opt/airflow/dags/create_audit_table.py
[2025-11-18T06:19:56.291+0000] {processor.py:840} INFO - DAG(s) 'create_audit_table' retrieved from /opt/airflow/dags/create_audit_table.py
[2025-11-18T06:19:56.337+0000] {logging_mixin.py:188} INFO - [2025-11-18T06:19:56.332+0000] {dag.py:3036} INFO - Sync 1 DAGs
[2025-11-18T06:19:56.365+0000] {logging_mixin.py:188} INFO - [2025-11-18T06:19:56.364+0000] {dag.py:3823} INFO - Setting next_dagrun for create_audit_table to None, run_after=None
[2025-11-18T06:19:56.402+0000] {processor.py:183} INFO - Processing /opt/airflow/dags/create_audit_table.py took 0.142 seconds
[2025-11-18T06:20:26.489+0000] {processor.py:161} INFO - Started process (PID=13646) to work on /opt/airflow/dags/create_audit_table.py
[2025-11-18T06:20:26.491+0000] {processor.py:830} INFO - Processing file /opt/airflow/dags/create_audit_table.py for tasks to queue
[2025-11-18T06:20:26.492+0000] {logging_mixin.py:188} INFO - [2025-11-18T06:20:26.492+0000] {dagbag.py:538} INFO - Filling up the DagBag from /opt/airflow/dags/create_audit_table.py
[2025-11-18T06:20:26.523+0000] {processor.py:840} INFO - DAG(s) 'create_audit_table' retrieved from /opt/airflow/dags/create_audit_table.py
[2025-11-18T06:20:26.563+0000] {logging_mixin.py:188} INFO - [2025-11-18T06:20:26.563+0000] {dag.py:3036} INFO - Sync 1 DAGs
[2025-11-18T06:20:26.584+0000] {logging_mixin.py:188} INFO - [2025-11-18T06:20:26.583+0000] {dag.py:3823} INFO - Setting next_dagrun for create_audit_table to None, run_after=None
[2025-11-18T06:20:26.611+0000] {processor.py:183} INFO - Processing /opt/airflow/dags/create_audit_table.py took 0.125 seconds
[2025-11-18T06:20:56.897+0000] {processor.py:161} INFO - Started process (PID=13671) to work on /opt/airflow/dags/create_audit_table.py
[2025-11-18T06:20:56.900+0000] {processor.py:830} INFO - Processing file /opt/airflow/dags/create_audit_table.py for tasks to queue
[2025-11-18T06:20:56.911+0000] {logging_mixin.py:188} INFO - [2025-11-18T06:20:56.911+0000] {dagbag.py:538} INFO - Filling up the DagBag from /opt/airflow/dags/create_audit_table.py
[2025-11-18T06:20:56.958+0000] {processor.py:840} INFO - DAG(s) 'create_audit_table' retrieved from /opt/airflow/dags/create_audit_table.py
[2025-11-18T06:20:57.009+0000] {logging_mixin.py:188} INFO - [2025-11-18T06:20:57.008+0000] {dag.py:3036} INFO - Sync 1 DAGs
[2025-11-18T06:20:57.025+0000] {logging_mixin.py:188} INFO - [2025-11-18T06:20:57.025+0000] {dag.py:3823} INFO - Setting next_dagrun for create_audit_table to None, run_after=None
[2025-11-18T06:20:57.051+0000] {processor.py:183} INFO - Processing /opt/airflow/dags/create_audit_table.py took 0.159 seconds
[2025-11-18T06:21:27.204+0000] {processor.py:161} INFO - Started process (PID=13696) to work on /opt/airflow/dags/create_audit_table.py
[2025-11-18T06:21:27.206+0000] {processor.py:830} INFO - Processing file /opt/airflow/dags/create_audit_table.py for tasks to queue
[2025-11-18T06:21:27.210+0000] {logging_mixin.py:188} INFO - [2025-11-18T06:21:27.209+0000] {dagbag.py:538} INFO - Filling up the DagBag from /opt/airflow/dags/create_audit_table.py
[2025-11-18T06:21:27.262+0000] {processor.py:840} INFO - DAG(s) 'create_audit_table' retrieved from /opt/airflow/dags/create_audit_table.py
[2025-11-18T06:21:27.303+0000] {logging_mixin.py:188} INFO - [2025-11-18T06:21:27.303+0000] {dag.py:3036} INFO - Sync 1 DAGs
[2025-11-18T06:21:27.319+0000] {logging_mixin.py:188} INFO - [2025-11-18T06:21:27.318+0000] {dag.py:3823} INFO - Setting next_dagrun for create_audit_table to None, run_after=None
[2025-11-18T06:21:27.348+0000] {processor.py:183} INFO - Processing /opt/airflow/dags/create_audit_table.py took 0.150 seconds
[2025-11-18T06:21:57.531+0000] {processor.py:161} INFO - Started process (PID=13719) to work on /opt/airflow/dags/create_audit_table.py
[2025-11-18T06:21:57.534+0000] {processor.py:830} INFO - Processing file /opt/airflow/dags/create_audit_table.py for tasks to queue
[2025-11-18T06:21:57.535+0000] {logging_mixin.py:188} INFO - [2025-11-18T06:21:57.535+0000] {dagbag.py:538} INFO - Filling up the DagBag from /opt/airflow/dags/create_audit_table.py
[2025-11-18T06:21:57.588+0000] {processor.py:840} INFO - DAG(s) 'create_audit_table' retrieved from /opt/airflow/dags/create_audit_table.py
[2025-11-18T06:21:57.685+0000] {logging_mixin.py:188} INFO - [2025-11-18T06:21:57.685+0000] {dag.py:3036} INFO - Sync 1 DAGs
[2025-11-18T06:21:57.723+0000] {logging_mixin.py:188} INFO - [2025-11-18T06:21:57.723+0000] {dag.py:3823} INFO - Setting next_dagrun for create_audit_table to None, run_after=None
[2025-11-18T06:21:57.806+0000] {processor.py:183} INFO - Processing /opt/airflow/dags/create_audit_table.py took 0.280 seconds
[2025-11-18T06:22:28.798+0000] {processor.py:161} INFO - Started process (PID=13746) to work on /opt/airflow/dags/create_audit_table.py
[2025-11-18T06:22:28.803+0000] {processor.py:830} INFO - Processing file /opt/airflow/dags/create_audit_table.py for tasks to queue
[2025-11-18T06:22:28.807+0000] {logging_mixin.py:188} INFO - [2025-11-18T06:22:28.807+0000] {dagbag.py:538} INFO - Filling up the DagBag from /opt/airflow/dags/create_audit_table.py
[2025-11-18T06:22:28.843+0000] {processor.py:840} INFO - DAG(s) 'create_audit_table' retrieved from /opt/airflow/dags/create_audit_table.py
[2025-11-18T06:22:28.879+0000] {logging_mixin.py:188} INFO - [2025-11-18T06:22:28.879+0000] {dag.py:3036} INFO - Sync 1 DAGs
[2025-11-18T06:22:28.900+0000] {logging_mixin.py:188} INFO - [2025-11-18T06:22:28.900+0000] {dag.py:3823} INFO - Setting next_dagrun for create_audit_table to None, run_after=None
[2025-11-18T06:22:28.926+0000] {processor.py:183} INFO - Processing /opt/airflow/dags/create_audit_table.py took 0.133 seconds
[2025-11-18T06:22:59.030+0000] {processor.py:161} INFO - Started process (PID=13771) to work on /opt/airflow/dags/create_audit_table.py
[2025-11-18T06:22:59.031+0000] {processor.py:830} INFO - Processing file /opt/airflow/dags/create_audit_table.py for tasks to queue
[2025-11-18T06:22:59.032+0000] {logging_mixin.py:188} INFO - [2025-11-18T06:22:59.032+0000] {dagbag.py:538} INFO - Filling up the DagBag from /opt/airflow/dags/create_audit_table.py
[2025-11-18T06:22:59.048+0000] {processor.py:840} INFO - DAG(s) 'create_audit_table' retrieved from /opt/airflow/dags/create_audit_table.py
[2025-11-18T06:22:59.079+0000] {logging_mixin.py:188} INFO - [2025-11-18T06:22:59.079+0000] {dag.py:3036} INFO - Sync 1 DAGs
[2025-11-18T06:22:59.091+0000] {logging_mixin.py:188} INFO - [2025-11-18T06:22:59.091+0000] {dag.py:3823} INFO - Setting next_dagrun for create_audit_table to None, run_after=None
[2025-11-18T06:22:59.114+0000] {processor.py:183} INFO - Processing /opt/airflow/dags/create_audit_table.py took 0.088 seconds
[2025-11-18T06:23:29.315+0000] {processor.py:161} INFO - Started process (PID=13796) to work on /opt/airflow/dags/create_audit_table.py
[2025-11-18T06:23:29.317+0000] {processor.py:830} INFO - Processing file /opt/airflow/dags/create_audit_table.py for tasks to queue
[2025-11-18T06:23:29.320+0000] {logging_mixin.py:188} INFO - [2025-11-18T06:23:29.320+0000] {dagbag.py:538} INFO - Filling up the DagBag from /opt/airflow/dags/create_audit_table.py
[2025-11-18T06:23:29.395+0000] {processor.py:840} INFO - DAG(s) 'create_audit_table' retrieved from /opt/airflow/dags/create_audit_table.py
[2025-11-18T06:23:29.489+0000] {logging_mixin.py:188} INFO - [2025-11-18T06:23:29.489+0000] {dag.py:3036} INFO - Sync 1 DAGs
[2025-11-18T06:23:29.567+0000] {logging_mixin.py:188} INFO - [2025-11-18T06:23:29.566+0000] {dag.py:3823} INFO - Setting next_dagrun for create_audit_table to None, run_after=None
[2025-11-18T06:23:29.637+0000] {processor.py:183} INFO - Processing /opt/airflow/dags/create_audit_table.py took 0.326 seconds
[2025-11-18T06:23:59.756+0000] {processor.py:161} INFO - Started process (PID=13821) to work on /opt/airflow/dags/create_audit_table.py
[2025-11-18T06:23:59.760+0000] {processor.py:830} INFO - Processing file /opt/airflow/dags/create_audit_table.py for tasks to queue
[2025-11-18T06:23:59.762+0000] {logging_mixin.py:188} INFO - [2025-11-18T06:23:59.761+0000] {dagbag.py:538} INFO - Filling up the DagBag from /opt/airflow/dags/create_audit_table.py
[2025-11-18T06:23:59.798+0000] {processor.py:840} INFO - DAG(s) 'create_audit_table' retrieved from /opt/airflow/dags/create_audit_table.py
[2025-11-18T06:23:59.862+0000] {logging_mixin.py:188} INFO - [2025-11-18T06:23:59.862+0000] {dag.py:3036} INFO - Sync 1 DAGs
[2025-11-18T06:23:59.894+0000] {logging_mixin.py:188} INFO - [2025-11-18T06:23:59.894+0000] {dag.py:3823} INFO - Setting next_dagrun for create_audit_table to None, run_after=None
[2025-11-18T06:23:59.943+0000] {processor.py:183} INFO - Processing /opt/airflow/dags/create_audit_table.py took 0.192 seconds
[2025-11-18T06:24:30.841+0000] {processor.py:161} INFO - Started process (PID=13846) to work on /opt/airflow/dags/create_audit_table.py
[2025-11-18T06:24:30.843+0000] {processor.py:830} INFO - Processing file /opt/airflow/dags/create_audit_table.py for tasks to queue
[2025-11-18T06:24:30.844+0000] {logging_mixin.py:188} INFO - [2025-11-18T06:24:30.844+0000] {dagbag.py:538} INFO - Filling up the DagBag from /opt/airflow/dags/create_audit_table.py
[2025-11-18T06:24:30.866+0000] {processor.py:840} INFO - DAG(s) 'create_audit_table' retrieved from /opt/airflow/dags/create_audit_table.py
[2025-11-18T06:24:30.930+0000] {logging_mixin.py:188} INFO - [2025-11-18T06:24:30.930+0000] {dag.py:3036} INFO - Sync 1 DAGs
[2025-11-18T06:24:30.949+0000] {logging_mixin.py:188} INFO - [2025-11-18T06:24:30.949+0000] {dag.py:3823} INFO - Setting next_dagrun for create_audit_table to None, run_after=None
[2025-11-18T06:24:30.998+0000] {processor.py:183} INFO - Processing /opt/airflow/dags/create_audit_table.py took 0.161 seconds
[2025-11-18T06:25:01.115+0000] {processor.py:161} INFO - Started process (PID=13871) to work on /opt/airflow/dags/create_audit_table.py
[2025-11-18T06:25:01.117+0000] {processor.py:830} INFO - Processing file /opt/airflow/dags/create_audit_table.py for tasks to queue
[2025-11-18T06:25:01.118+0000] {logging_mixin.py:188} INFO - [2025-11-18T06:25:01.118+0000] {dagbag.py:538} INFO - Filling up the DagBag from /opt/airflow/dags/create_audit_table.py
[2025-11-18T06:25:01.153+0000] {processor.py:840} INFO - DAG(s) 'create_audit_table' retrieved from /opt/airflow/dags/create_audit_table.py
[2025-11-18T06:25:01.184+0000] {logging_mixin.py:188} INFO - [2025-11-18T06:25:01.184+0000] {dag.py:3036} INFO - Sync 1 DAGs
[2025-11-18T06:25:01.195+0000] {logging_mixin.py:188} INFO - [2025-11-18T06:25:01.195+0000] {dag.py:3823} INFO - Setting next_dagrun for create_audit_table to None, run_after=None
[2025-11-18T06:25:01.214+0000] {processor.py:183} INFO - Processing /opt/airflow/dags/create_audit_table.py took 0.103 seconds
[2025-11-18T06:25:31.537+0000] {processor.py:161} INFO - Started process (PID=13896) to work on /opt/airflow/dags/create_audit_table.py
[2025-11-18T06:25:31.539+0000] {processor.py:830} INFO - Processing file /opt/airflow/dags/create_audit_table.py for tasks to queue
[2025-11-18T06:25:31.543+0000] {logging_mixin.py:188} INFO - [2025-11-18T06:25:31.540+0000] {dagbag.py:538} INFO - Filling up the DagBag from /opt/airflow/dags/create_audit_table.py
[2025-11-18T06:25:31.604+0000] {processor.py:840} INFO - DAG(s) 'create_audit_table' retrieved from /opt/airflow/dags/create_audit_table.py
[2025-11-18T06:25:31.704+0000] {logging_mixin.py:188} INFO - [2025-11-18T06:25:31.704+0000] {dag.py:3036} INFO - Sync 1 DAGs
[2025-11-18T06:25:31.751+0000] {logging_mixin.py:188} INFO - [2025-11-18T06:25:31.750+0000] {dag.py:3823} INFO - Setting next_dagrun for create_audit_table to None, run_after=None
[2025-11-18T06:25:31.899+0000] {processor.py:183} INFO - Processing /opt/airflow/dags/create_audit_table.py took 0.372 seconds
[2025-11-18T06:26:02.202+0000] {processor.py:161} INFO - Started process (PID=13921) to work on /opt/airflow/dags/create_audit_table.py
[2025-11-18T06:26:02.203+0000] {processor.py:830} INFO - Processing file /opt/airflow/dags/create_audit_table.py for tasks to queue
[2025-11-18T06:26:02.205+0000] {logging_mixin.py:188} INFO - [2025-11-18T06:26:02.204+0000] {dagbag.py:538} INFO - Filling up the DagBag from /opt/airflow/dags/create_audit_table.py
[2025-11-18T06:26:02.244+0000] {processor.py:840} INFO - DAG(s) 'create_audit_table' retrieved from /opt/airflow/dags/create_audit_table.py
[2025-11-18T06:26:02.310+0000] {logging_mixin.py:188} INFO - [2025-11-18T06:26:02.309+0000] {dag.py:3036} INFO - Sync 1 DAGs
[2025-11-18T06:26:02.373+0000] {logging_mixin.py:188} INFO - [2025-11-18T06:26:02.373+0000] {dag.py:3823} INFO - Setting next_dagrun for create_audit_table to None, run_after=None
[2025-11-18T06:26:02.425+0000] {processor.py:183} INFO - Processing /opt/airflow/dags/create_audit_table.py took 0.226 seconds
[2025-11-18T06:26:33.402+0000] {processor.py:161} INFO - Started process (PID=13946) to work on /opt/airflow/dags/create_audit_table.py
[2025-11-18T06:26:33.404+0000] {processor.py:830} INFO - Processing file /opt/airflow/dags/create_audit_table.py for tasks to queue
[2025-11-18T06:26:33.405+0000] {logging_mixin.py:188} INFO - [2025-11-18T06:26:33.405+0000] {dagbag.py:538} INFO - Filling up the DagBag from /opt/airflow/dags/create_audit_table.py
[2025-11-18T06:26:33.420+0000] {processor.py:840} INFO - DAG(s) 'create_audit_table' retrieved from /opt/airflow/dags/create_audit_table.py
[2025-11-18T06:26:33.447+0000] {logging_mixin.py:188} INFO - [2025-11-18T06:26:33.447+0000] {dag.py:3036} INFO - Sync 1 DAGs
[2025-11-18T06:26:33.464+0000] {logging_mixin.py:188} INFO - [2025-11-18T06:26:33.463+0000] {dag.py:3823} INFO - Setting next_dagrun for create_audit_table to None, run_after=None
[2025-11-18T06:26:33.488+0000] {processor.py:183} INFO - Processing /opt/airflow/dags/create_audit_table.py took 0.089 seconds
[2025-11-18T06:27:04.310+0000] {processor.py:161} INFO - Started process (PID=13972) to work on /opt/airflow/dags/create_audit_table.py
[2025-11-18T06:27:04.312+0000] {processor.py:830} INFO - Processing file /opt/airflow/dags/create_audit_table.py for tasks to queue
[2025-11-18T06:27:04.313+0000] {logging_mixin.py:188} INFO - [2025-11-18T06:27:04.312+0000] {dagbag.py:538} INFO - Filling up the DagBag from /opt/airflow/dags/create_audit_table.py
[2025-11-18T06:27:04.337+0000] {processor.py:840} INFO - DAG(s) 'create_audit_table' retrieved from /opt/airflow/dags/create_audit_table.py
[2025-11-18T06:27:04.417+0000] {logging_mixin.py:188} INFO - [2025-11-18T06:27:04.417+0000] {dag.py:3036} INFO - Sync 1 DAGs
[2025-11-18T06:27:04.461+0000] {logging_mixin.py:188} INFO - [2025-11-18T06:27:04.459+0000] {dag.py:3823} INFO - Setting next_dagrun for create_audit_table to None, run_after=None
[2025-11-18T06:27:04.501+0000] {processor.py:183} INFO - Processing /opt/airflow/dags/create_audit_table.py took 0.196 seconds
[2025-11-18T06:27:35.257+0000] {processor.py:161} INFO - Started process (PID=13997) to work on /opt/airflow/dags/create_audit_table.py
[2025-11-18T06:27:35.259+0000] {processor.py:830} INFO - Processing file /opt/airflow/dags/create_audit_table.py for tasks to queue
[2025-11-18T06:27:35.262+0000] {logging_mixin.py:188} INFO - [2025-11-18T06:27:35.261+0000] {dagbag.py:538} INFO - Filling up the DagBag from /opt/airflow/dags/create_audit_table.py
[2025-11-18T06:27:35.282+0000] {processor.py:840} INFO - DAG(s) 'create_audit_table' retrieved from /opt/airflow/dags/create_audit_table.py
[2025-11-18T06:27:35.323+0000] {logging_mixin.py:188} INFO - [2025-11-18T06:27:35.323+0000] {dag.py:3036} INFO - Sync 1 DAGs
[2025-11-18T06:27:35.346+0000] {logging_mixin.py:188} INFO - [2025-11-18T06:27:35.346+0000] {dag.py:3823} INFO - Setting next_dagrun for create_audit_table to None, run_after=None
[2025-11-18T06:27:35.375+0000] {processor.py:183} INFO - Processing /opt/airflow/dags/create_audit_table.py took 0.122 seconds
[2025-11-18T06:28:05.484+0000] {processor.py:161} INFO - Started process (PID=14022) to work on /opt/airflow/dags/create_audit_table.py
[2025-11-18T06:28:05.485+0000] {processor.py:830} INFO - Processing file /opt/airflow/dags/create_audit_table.py for tasks to queue
[2025-11-18T06:28:05.488+0000] {logging_mixin.py:188} INFO - [2025-11-18T06:28:05.488+0000] {dagbag.py:538} INFO - Filling up the DagBag from /opt/airflow/dags/create_audit_table.py
[2025-11-18T06:28:05.512+0000] {processor.py:840} INFO - DAG(s) 'create_audit_table' retrieved from /opt/airflow/dags/create_audit_table.py
[2025-11-18T06:28:05.551+0000] {logging_mixin.py:188} INFO - [2025-11-18T06:28:05.551+0000] {dag.py:3036} INFO - Sync 1 DAGs
[2025-11-18T06:28:05.567+0000] {logging_mixin.py:188} INFO - [2025-11-18T06:28:05.566+0000] {dag.py:3823} INFO - Setting next_dagrun for create_audit_table to None, run_after=None
[2025-11-18T06:28:05.592+0000] {processor.py:183} INFO - Processing /opt/airflow/dags/create_audit_table.py took 0.114 seconds
[2025-11-18T06:28:36.284+0000] {processor.py:161} INFO - Started process (PID=14047) to work on /opt/airflow/dags/create_audit_table.py
[2025-11-18T06:28:36.286+0000] {processor.py:830} INFO - Processing file /opt/airflow/dags/create_audit_table.py for tasks to queue
[2025-11-18T06:28:36.288+0000] {logging_mixin.py:188} INFO - [2025-11-18T06:28:36.287+0000] {dagbag.py:538} INFO - Filling up the DagBag from /opt/airflow/dags/create_audit_table.py
[2025-11-18T06:28:36.345+0000] {processor.py:840} INFO - DAG(s) 'create_audit_table' retrieved from /opt/airflow/dags/create_audit_table.py
[2025-11-18T06:28:36.422+0000] {logging_mixin.py:188} INFO - [2025-11-18T06:28:36.421+0000] {dag.py:3036} INFO - Sync 1 DAGs
[2025-11-18T06:28:36.466+0000] {logging_mixin.py:188} INFO - [2025-11-18T06:28:36.466+0000] {dag.py:3823} INFO - Setting next_dagrun for create_audit_table to None, run_after=None
[2025-11-18T06:28:36.551+0000] {processor.py:183} INFO - Processing /opt/airflow/dags/create_audit_table.py took 0.272 seconds
[2025-11-18T06:29:07.730+0000] {processor.py:161} INFO - Started process (PID=14072) to work on /opt/airflow/dags/create_audit_table.py
[2025-11-18T06:29:07.736+0000] {processor.py:830} INFO - Processing file /opt/airflow/dags/create_audit_table.py for tasks to queue
[2025-11-18T06:29:07.741+0000] {logging_mixin.py:188} INFO - [2025-11-18T06:29:07.740+0000] {dagbag.py:538} INFO - Filling up the DagBag from /opt/airflow/dags/create_audit_table.py
[2025-11-18T06:29:07.884+0000] {processor.py:840} INFO - DAG(s) 'create_audit_table' retrieved from /opt/airflow/dags/create_audit_table.py
[2025-11-18T06:29:07.966+0000] {logging_mixin.py:188} INFO - [2025-11-18T06:29:07.966+0000] {dag.py:3036} INFO - Sync 1 DAGs
[2025-11-18T06:29:08.002+0000] {logging_mixin.py:188} INFO - [2025-11-18T06:29:08.002+0000] {dag.py:3823} INFO - Setting next_dagrun for create_audit_table to None, run_after=None
[2025-11-18T06:29:08.067+0000] {processor.py:183} INFO - Processing /opt/airflow/dags/create_audit_table.py took 0.341 seconds
[2025-11-18T06:29:38.789+0000] {processor.py:161} INFO - Started process (PID=14097) to work on /opt/airflow/dags/create_audit_table.py
[2025-11-18T06:29:38.794+0000] {processor.py:830} INFO - Processing file /opt/airflow/dags/create_audit_table.py for tasks to queue
[2025-11-18T06:29:38.796+0000] {logging_mixin.py:188} INFO - [2025-11-18T06:29:38.796+0000] {dagbag.py:538} INFO - Filling up the DagBag from /opt/airflow/dags/create_audit_table.py
[2025-11-18T06:29:38.824+0000] {processor.py:840} INFO - DAG(s) 'create_audit_table' retrieved from /opt/airflow/dags/create_audit_table.py
[2025-11-18T06:29:38.864+0000] {logging_mixin.py:188} INFO - [2025-11-18T06:29:38.864+0000] {dag.py:3036} INFO - Sync 1 DAGs
[2025-11-18T06:29:38.878+0000] {logging_mixin.py:188} INFO - [2025-11-18T06:29:38.878+0000] {dag.py:3823} INFO - Setting next_dagrun for create_audit_table to None, run_after=None
[2025-11-18T06:29:38.903+0000] {processor.py:183} INFO - Processing /opt/airflow/dags/create_audit_table.py took 0.118 seconds
[2025-11-18T06:30:09.609+0000] {processor.py:161} INFO - Started process (PID=14122) to work on /opt/airflow/dags/create_audit_table.py
[2025-11-18T06:30:09.610+0000] {processor.py:830} INFO - Processing file /opt/airflow/dags/create_audit_table.py for tasks to queue
[2025-11-18T06:30:09.612+0000] {logging_mixin.py:188} INFO - [2025-11-18T06:30:09.611+0000] {dagbag.py:538} INFO - Filling up the DagBag from /opt/airflow/dags/create_audit_table.py
[2025-11-18T06:30:09.633+0000] {processor.py:840} INFO - DAG(s) 'create_audit_table' retrieved from /opt/airflow/dags/create_audit_table.py
[2025-11-18T06:30:09.672+0000] {logging_mixin.py:188} INFO - [2025-11-18T06:30:09.671+0000] {dag.py:3036} INFO - Sync 1 DAGs
[2025-11-18T06:30:09.687+0000] {logging_mixin.py:188} INFO - [2025-11-18T06:30:09.687+0000] {dag.py:3823} INFO - Setting next_dagrun for create_audit_table to None, run_after=None
[2025-11-18T06:30:09.707+0000] {processor.py:183} INFO - Processing /opt/airflow/dags/create_audit_table.py took 0.102 seconds
[2025-11-18T06:30:40.529+0000] {processor.py:161} INFO - Started process (PID=14147) to work on /opt/airflow/dags/create_audit_table.py
[2025-11-18T06:30:40.531+0000] {processor.py:830} INFO - Processing file /opt/airflow/dags/create_audit_table.py for tasks to queue
[2025-11-18T06:30:40.532+0000] {logging_mixin.py:188} INFO - [2025-11-18T06:30:40.532+0000] {dagbag.py:538} INFO - Filling up the DagBag from /opt/airflow/dags/create_audit_table.py
[2025-11-18T06:30:40.551+0000] {processor.py:840} INFO - DAG(s) 'create_audit_table' retrieved from /opt/airflow/dags/create_audit_table.py
[2025-11-18T06:30:40.587+0000] {logging_mixin.py:188} INFO - [2025-11-18T06:30:40.586+0000] {dag.py:3036} INFO - Sync 1 DAGs
[2025-11-18T06:30:40.605+0000] {logging_mixin.py:188} INFO - [2025-11-18T06:30:40.605+0000] {dag.py:3823} INFO - Setting next_dagrun for create_audit_table to None, run_after=None
[2025-11-18T06:30:40.630+0000] {processor.py:183} INFO - Processing /opt/airflow/dags/create_audit_table.py took 0.105 seconds
[2025-11-18T06:31:11.232+0000] {processor.py:161} INFO - Started process (PID=14172) to work on /opt/airflow/dags/create_audit_table.py
[2025-11-18T06:31:11.234+0000] {processor.py:830} INFO - Processing file /opt/airflow/dags/create_audit_table.py for tasks to queue
[2025-11-18T06:31:11.236+0000] {logging_mixin.py:188} INFO - [2025-11-18T06:31:11.235+0000] {dagbag.py:538} INFO - Filling up the DagBag from /opt/airflow/dags/create_audit_table.py
[2025-11-18T06:31:11.258+0000] {processor.py:840} INFO - DAG(s) 'create_audit_table' retrieved from /opt/airflow/dags/create_audit_table.py
[2025-11-18T06:31:11.296+0000] {logging_mixin.py:188} INFO - [2025-11-18T06:31:11.296+0000] {dag.py:3036} INFO - Sync 1 DAGs
[2025-11-18T06:31:11.318+0000] {logging_mixin.py:188} INFO - [2025-11-18T06:31:11.317+0000] {dag.py:3823} INFO - Setting next_dagrun for create_audit_table to None, run_after=None
[2025-11-18T06:31:11.355+0000] {processor.py:183} INFO - Processing /opt/airflow/dags/create_audit_table.py took 0.127 seconds
[2025-11-18T06:31:42.117+0000] {processor.py:161} INFO - Started process (PID=14197) to work on /opt/airflow/dags/create_audit_table.py
[2025-11-18T06:31:42.118+0000] {processor.py:830} INFO - Processing file /opt/airflow/dags/create_audit_table.py for tasks to queue
[2025-11-18T06:31:42.120+0000] {logging_mixin.py:188} INFO - [2025-11-18T06:31:42.119+0000] {dagbag.py:538} INFO - Filling up the DagBag from /opt/airflow/dags/create_audit_table.py
[2025-11-18T06:31:42.137+0000] {processor.py:840} INFO - DAG(s) 'create_audit_table' retrieved from /opt/airflow/dags/create_audit_table.py
[2025-11-18T06:31:42.162+0000] {logging_mixin.py:188} INFO - [2025-11-18T06:31:42.162+0000] {dag.py:3036} INFO - Sync 1 DAGs
[2025-11-18T06:31:42.173+0000] {logging_mixin.py:188} INFO - [2025-11-18T06:31:42.173+0000] {dag.py:3823} INFO - Setting next_dagrun for create_audit_table to None, run_after=None
[2025-11-18T06:31:42.197+0000] {processor.py:183} INFO - Processing /opt/airflow/dags/create_audit_table.py took 0.084 seconds
[2025-11-18T06:32:12.843+0000] {processor.py:161} INFO - Started process (PID=14222) to work on /opt/airflow/dags/create_audit_table.py
[2025-11-18T06:32:12.845+0000] {processor.py:830} INFO - Processing file /opt/airflow/dags/create_audit_table.py for tasks to queue
[2025-11-18T06:32:12.846+0000] {logging_mixin.py:188} INFO - [2025-11-18T06:32:12.846+0000] {dagbag.py:538} INFO - Filling up the DagBag from /opt/airflow/dags/create_audit_table.py
[2025-11-18T06:32:12.866+0000] {processor.py:840} INFO - DAG(s) 'create_audit_table' retrieved from /opt/airflow/dags/create_audit_table.py
[2025-11-18T06:32:12.893+0000] {logging_mixin.py:188} INFO - [2025-11-18T06:32:12.892+0000] {dag.py:3036} INFO - Sync 1 DAGs
[2025-11-18T06:32:12.903+0000] {logging_mixin.py:188} INFO - [2025-11-18T06:32:12.903+0000] {dag.py:3823} INFO - Setting next_dagrun for create_audit_table to None, run_after=None
[2025-11-18T06:32:12.925+0000] {processor.py:183} INFO - Processing /opt/airflow/dags/create_audit_table.py took 0.086 seconds
[2025-11-18T06:32:43.640+0000] {processor.py:161} INFO - Started process (PID=14247) to work on /opt/airflow/dags/create_audit_table.py
[2025-11-18T06:32:43.641+0000] {processor.py:830} INFO - Processing file /opt/airflow/dags/create_audit_table.py for tasks to queue
[2025-11-18T06:32:43.642+0000] {logging_mixin.py:188} INFO - [2025-11-18T06:32:43.642+0000] {dagbag.py:538} INFO - Filling up the DagBag from /opt/airflow/dags/create_audit_table.py
[2025-11-18T06:32:43.660+0000] {processor.py:840} INFO - DAG(s) 'create_audit_table' retrieved from /opt/airflow/dags/create_audit_table.py
[2025-11-18T06:32:43.684+0000] {logging_mixin.py:188} INFO - [2025-11-18T06:32:43.684+0000] {dag.py:3036} INFO - Sync 1 DAGs
[2025-11-18T06:32:43.695+0000] {logging_mixin.py:188} INFO - [2025-11-18T06:32:43.695+0000] {dag.py:3823} INFO - Setting next_dagrun for create_audit_table to None, run_after=None
[2025-11-18T06:32:43.717+0000] {processor.py:183} INFO - Processing /opt/airflow/dags/create_audit_table.py took 0.080 seconds
[2025-11-18T06:33:14.527+0000] {processor.py:161} INFO - Started process (PID=14272) to work on /opt/airflow/dags/create_audit_table.py
[2025-11-18T06:33:14.528+0000] {processor.py:830} INFO - Processing file /opt/airflow/dags/create_audit_table.py for tasks to queue
[2025-11-18T06:33:14.529+0000] {logging_mixin.py:188} INFO - [2025-11-18T06:33:14.529+0000] {dagbag.py:538} INFO - Filling up the DagBag from /opt/airflow/dags/create_audit_table.py
[2025-11-18T06:33:14.546+0000] {processor.py:840} INFO - DAG(s) 'create_audit_table' retrieved from /opt/airflow/dags/create_audit_table.py
[2025-11-18T06:33:14.572+0000] {logging_mixin.py:188} INFO - [2025-11-18T06:33:14.571+0000] {dag.py:3036} INFO - Sync 1 DAGs
[2025-11-18T06:33:14.583+0000] {logging_mixin.py:188} INFO - [2025-11-18T06:33:14.583+0000] {dag.py:3823} INFO - Setting next_dagrun for create_audit_table to None, run_after=None
[2025-11-18T06:33:14.604+0000] {processor.py:183} INFO - Processing /opt/airflow/dags/create_audit_table.py took 0.081 seconds
[2025-11-18T06:33:45.258+0000] {processor.py:161} INFO - Started process (PID=14297) to work on /opt/airflow/dags/create_audit_table.py
[2025-11-18T06:33:45.259+0000] {processor.py:830} INFO - Processing file /opt/airflow/dags/create_audit_table.py for tasks to queue
[2025-11-18T06:33:45.260+0000] {logging_mixin.py:188} INFO - [2025-11-18T06:33:45.260+0000] {dagbag.py:538} INFO - Filling up the DagBag from /opt/airflow/dags/create_audit_table.py
[2025-11-18T06:33:45.277+0000] {processor.py:840} INFO - DAG(s) 'create_audit_table' retrieved from /opt/airflow/dags/create_audit_table.py
[2025-11-18T06:33:45.310+0000] {logging_mixin.py:188} INFO - [2025-11-18T06:33:45.309+0000] {dag.py:3036} INFO - Sync 1 DAGs
[2025-11-18T06:33:45.324+0000] {logging_mixin.py:188} INFO - [2025-11-18T06:33:45.324+0000] {dag.py:3823} INFO - Setting next_dagrun for create_audit_table to None, run_after=None
[2025-11-18T06:33:45.349+0000] {processor.py:183} INFO - Processing /opt/airflow/dags/create_audit_table.py took 0.094 seconds
[2025-11-18T06:43:15.041+0000] {processor.py:161} INFO - Started process (PID=14321) to work on /opt/airflow/dags/create_audit_table.py
[2025-11-18T06:43:15.043+0000] {processor.py:830} INFO - Processing file /opt/airflow/dags/create_audit_table.py for tasks to queue
[2025-11-18T06:43:15.046+0000] {logging_mixin.py:188} INFO - [2025-11-18T06:43:15.045+0000] {dagbag.py:538} INFO - Filling up the DagBag from /opt/airflow/dags/create_audit_table.py
[2025-11-18T06:43:28.454+0000] {processor.py:840} INFO - DAG(s) 'create_audit_table' retrieved from /opt/airflow/dags/create_audit_table.py
[2025-11-18T06:43:31.180+0000] {logging_mixin.py:188} INFO - [2025-11-18T06:43:31.179+0000] {dag.py:3036} INFO - Sync 1 DAGs
[2025-11-18T06:43:31.807+0000] {logging_mixin.py:188} INFO - [2025-11-18T06:43:31.807+0000] {dag.py:3823} INFO - Setting next_dagrun for create_audit_table to None, run_after=None
[2025-11-18T06:43:31.975+0000] {processor.py:183} INFO - Processing /opt/airflow/dags/create_audit_table.py took 16.939 seconds
[2025-11-18T06:44:03.012+0000] {processor.py:161} INFO - Started process (PID=14347) to work on /opt/airflow/dags/create_audit_table.py
[2025-11-18T06:44:03.014+0000] {processor.py:830} INFO - Processing file /opt/airflow/dags/create_audit_table.py for tasks to queue
[2025-11-18T06:44:03.017+0000] {logging_mixin.py:188} INFO - [2025-11-18T06:44:03.016+0000] {dagbag.py:538} INFO - Filling up the DagBag from /opt/airflow/dags/create_audit_table.py
[2025-11-18T06:44:03.122+0000] {processor.py:840} INFO - DAG(s) 'create_audit_table' retrieved from /opt/airflow/dags/create_audit_table.py
[2025-11-18T06:44:03.300+0000] {logging_mixin.py:188} INFO - [2025-11-18T06:44:03.299+0000] {dag.py:3036} INFO - Sync 1 DAGs
[2025-11-18T06:44:03.858+0000] {logging_mixin.py:188} INFO - [2025-11-18T06:44:03.858+0000] {dag.py:3823} INFO - Setting next_dagrun for create_audit_table to None, run_after=None
[2025-11-18T06:44:03.946+0000] {processor.py:183} INFO - Processing /opt/airflow/dags/create_audit_table.py took 0.943 seconds
[2025-11-18T06:44:35.035+0000] {processor.py:161} INFO - Started process (PID=14372) to work on /opt/airflow/dags/create_audit_table.py
[2025-11-18T06:44:35.037+0000] {processor.py:830} INFO - Processing file /opt/airflow/dags/create_audit_table.py for tasks to queue
[2025-11-18T06:44:35.042+0000] {logging_mixin.py:188} INFO - [2025-11-18T06:44:35.041+0000] {dagbag.py:538} INFO - Filling up the DagBag from /opt/airflow/dags/create_audit_table.py
[2025-11-18T06:44:35.067+0000] {processor.py:840} INFO - DAG(s) 'create_audit_table' retrieved from /opt/airflow/dags/create_audit_table.py
[2025-11-18T06:44:35.104+0000] {logging_mixin.py:188} INFO - [2025-11-18T06:44:35.103+0000] {dag.py:3036} INFO - Sync 1 DAGs
[2025-11-18T06:44:35.119+0000] {logging_mixin.py:188} INFO - [2025-11-18T06:44:35.119+0000] {dag.py:3823} INFO - Setting next_dagrun for create_audit_table to None, run_after=None
[2025-11-18T06:44:35.151+0000] {processor.py:183} INFO - Processing /opt/airflow/dags/create_audit_table.py took 0.120 seconds
[2025-11-18T06:45:05.320+0000] {processor.py:161} INFO - Started process (PID=14397) to work on /opt/airflow/dags/create_audit_table.py
[2025-11-18T06:45:05.323+0000] {processor.py:830} INFO - Processing file /opt/airflow/dags/create_audit_table.py for tasks to queue
[2025-11-18T06:45:05.326+0000] {logging_mixin.py:188} INFO - [2025-11-18T06:45:05.325+0000] {dagbag.py:538} INFO - Filling up the DagBag from /opt/airflow/dags/create_audit_table.py
[2025-11-18T06:45:05.350+0000] {processor.py:840} INFO - DAG(s) 'create_audit_table' retrieved from /opt/airflow/dags/create_audit_table.py
[2025-11-18T06:45:05.400+0000] {logging_mixin.py:188} INFO - [2025-11-18T06:45:05.399+0000] {dag.py:3036} INFO - Sync 1 DAGs
[2025-11-18T06:45:05.435+0000] {logging_mixin.py:188} INFO - [2025-11-18T06:45:05.435+0000] {dag.py:3823} INFO - Setting next_dagrun for create_audit_table to None, run_after=None
[2025-11-18T06:45:05.477+0000] {processor.py:183} INFO - Processing /opt/airflow/dags/create_audit_table.py took 0.161 seconds
[2025-11-18T06:45:35.826+0000] {processor.py:161} INFO - Started process (PID=14422) to work on /opt/airflow/dags/create_audit_table.py
[2025-11-18T06:45:35.828+0000] {processor.py:830} INFO - Processing file /opt/airflow/dags/create_audit_table.py for tasks to queue
[2025-11-18T06:45:35.830+0000] {logging_mixin.py:188} INFO - [2025-11-18T06:45:35.829+0000] {dagbag.py:538} INFO - Filling up the DagBag from /opt/airflow/dags/create_audit_table.py
[2025-11-18T06:45:35.871+0000] {processor.py:840} INFO - DAG(s) 'create_audit_table' retrieved from /opt/airflow/dags/create_audit_table.py
[2025-11-18T06:45:35.930+0000] {logging_mixin.py:188} INFO - [2025-11-18T06:45:35.930+0000] {dag.py:3036} INFO - Sync 1 DAGs
[2025-11-18T06:45:35.966+0000] {logging_mixin.py:188} INFO - [2025-11-18T06:45:35.966+0000] {dag.py:3823} INFO - Setting next_dagrun for create_audit_table to None, run_after=None
[2025-11-18T06:45:36.043+0000] {processor.py:183} INFO - Processing /opt/airflow/dags/create_audit_table.py took 0.221 seconds
[2025-11-18T06:46:06.176+0000] {processor.py:161} INFO - Started process (PID=14447) to work on /opt/airflow/dags/create_audit_table.py
[2025-11-18T06:46:06.178+0000] {processor.py:830} INFO - Processing file /opt/airflow/dags/create_audit_table.py for tasks to queue
[2025-11-18T06:46:06.179+0000] {logging_mixin.py:188} INFO - [2025-11-18T06:46:06.179+0000] {dagbag.py:538} INFO - Filling up the DagBag from /opt/airflow/dags/create_audit_table.py
[2025-11-18T06:46:06.228+0000] {processor.py:840} INFO - DAG(s) 'create_audit_table' retrieved from /opt/airflow/dags/create_audit_table.py
[2025-11-18T06:46:06.269+0000] {logging_mixin.py:188} INFO - [2025-11-18T06:46:06.269+0000] {dag.py:3036} INFO - Sync 1 DAGs
[2025-11-18T06:46:06.288+0000] {logging_mixin.py:188} INFO - [2025-11-18T06:46:06.288+0000] {dag.py:3823} INFO - Setting next_dagrun for create_audit_table to None, run_after=None
[2025-11-18T06:46:06.335+0000] {processor.py:183} INFO - Processing /opt/airflow/dags/create_audit_table.py took 0.163 seconds
[2025-11-18T06:46:36.625+0000] {processor.py:161} INFO - Started process (PID=14472) to work on /opt/airflow/dags/create_audit_table.py
[2025-11-18T06:46:36.626+0000] {processor.py:830} INFO - Processing file /opt/airflow/dags/create_audit_table.py for tasks to queue
[2025-11-18T06:46:36.627+0000] {logging_mixin.py:188} INFO - [2025-11-18T06:46:36.627+0000] {dagbag.py:538} INFO - Filling up the DagBag from /opt/airflow/dags/create_audit_table.py
[2025-11-18T06:46:36.650+0000] {processor.py:840} INFO - DAG(s) 'create_audit_table' retrieved from /opt/airflow/dags/create_audit_table.py
[2025-11-18T06:46:36.685+0000] {logging_mixin.py:188} INFO - [2025-11-18T06:46:36.685+0000] {dag.py:3036} INFO - Sync 1 DAGs
[2025-11-18T06:46:36.702+0000] {logging_mixin.py:188} INFO - [2025-11-18T06:46:36.701+0000] {dag.py:3823} INFO - Setting next_dagrun for create_audit_table to None, run_after=None
[2025-11-18T06:46:36.731+0000] {processor.py:183} INFO - Processing /opt/airflow/dags/create_audit_table.py took 0.110 seconds
[2025-11-18T06:47:07.500+0000] {processor.py:161} INFO - Started process (PID=14497) to work on /opt/airflow/dags/create_audit_table.py
[2025-11-18T06:47:07.501+0000] {processor.py:830} INFO - Processing file /opt/airflow/dags/create_audit_table.py for tasks to queue
[2025-11-18T06:47:07.502+0000] {logging_mixin.py:188} INFO - [2025-11-18T06:47:07.502+0000] {dagbag.py:538} INFO - Filling up the DagBag from /opt/airflow/dags/create_audit_table.py
[2025-11-18T06:47:07.526+0000] {processor.py:840} INFO - DAG(s) 'create_audit_table' retrieved from /opt/airflow/dags/create_audit_table.py
[2025-11-18T06:47:07.579+0000] {logging_mixin.py:188} INFO - [2025-11-18T06:47:07.579+0000] {dag.py:3036} INFO - Sync 1 DAGs
[2025-11-18T06:47:07.597+0000] {logging_mixin.py:188} INFO - [2025-11-18T06:47:07.597+0000] {dag.py:3823} INFO - Setting next_dagrun for create_audit_table to None, run_after=None
[2025-11-18T06:47:07.620+0000] {processor.py:183} INFO - Processing /opt/airflow/dags/create_audit_table.py took 0.124 seconds
[2025-11-18T06:47:38.170+0000] {processor.py:161} INFO - Started process (PID=14522) to work on /opt/airflow/dags/create_audit_table.py
[2025-11-18T06:47:38.172+0000] {processor.py:830} INFO - Processing file /opt/airflow/dags/create_audit_table.py for tasks to queue
[2025-11-18T06:47:38.175+0000] {logging_mixin.py:188} INFO - [2025-11-18T06:47:38.173+0000] {dagbag.py:538} INFO - Filling up the DagBag from /opt/airflow/dags/create_audit_table.py
[2025-11-18T06:47:38.197+0000] {processor.py:840} INFO - DAG(s) 'create_audit_table' retrieved from /opt/airflow/dags/create_audit_table.py
[2025-11-18T06:47:38.259+0000] {logging_mixin.py:188} INFO - [2025-11-18T06:47:38.259+0000] {dag.py:3036} INFO - Sync 1 DAGs
[2025-11-18T06:47:38.278+0000] {logging_mixin.py:188} INFO - [2025-11-18T06:47:38.278+0000] {dag.py:3823} INFO - Setting next_dagrun for create_audit_table to None, run_after=None
[2025-11-18T06:47:38.354+0000] {processor.py:183} INFO - Processing /opt/airflow/dags/create_audit_table.py took 0.188 seconds
[2025-11-18T06:48:09.321+0000] {processor.py:161} INFO - Started process (PID=14547) to work on /opt/airflow/dags/create_audit_table.py
[2025-11-18T06:48:09.322+0000] {processor.py:830} INFO - Processing file /opt/airflow/dags/create_audit_table.py for tasks to queue
[2025-11-18T06:48:09.324+0000] {logging_mixin.py:188} INFO - [2025-11-18T06:48:09.323+0000] {dagbag.py:538} INFO - Filling up the DagBag from /opt/airflow/dags/create_audit_table.py
[2025-11-18T06:48:09.355+0000] {processor.py:840} INFO - DAG(s) 'create_audit_table' retrieved from /opt/airflow/dags/create_audit_table.py
[2025-11-18T06:48:09.407+0000] {logging_mixin.py:188} INFO - [2025-11-18T06:48:09.407+0000] {dag.py:3036} INFO - Sync 1 DAGs
[2025-11-18T06:48:09.425+0000] {logging_mixin.py:188} INFO - [2025-11-18T06:48:09.425+0000] {dag.py:3823} INFO - Setting next_dagrun for create_audit_table to None, run_after=None
[2025-11-18T06:48:09.462+0000] {processor.py:183} INFO - Processing /opt/airflow/dags/create_audit_table.py took 0.146 seconds
[2025-11-18T06:48:40.378+0000] {processor.py:161} INFO - Started process (PID=14572) to work on /opt/airflow/dags/create_audit_table.py
[2025-11-18T06:48:40.380+0000] {processor.py:830} INFO - Processing file /opt/airflow/dags/create_audit_table.py for tasks to queue
[2025-11-18T06:48:40.383+0000] {logging_mixin.py:188} INFO - [2025-11-18T06:48:40.383+0000] {dagbag.py:538} INFO - Filling up the DagBag from /opt/airflow/dags/create_audit_table.py
[2025-11-18T06:48:40.408+0000] {processor.py:840} INFO - DAG(s) 'create_audit_table' retrieved from /opt/airflow/dags/create_audit_table.py
[2025-11-18T06:48:40.466+0000] {logging_mixin.py:188} INFO - [2025-11-18T06:48:40.464+0000] {dag.py:3036} INFO - Sync 1 DAGs
[2025-11-18T06:48:40.485+0000] {logging_mixin.py:188} INFO - [2025-11-18T06:48:40.485+0000] {dag.py:3823} INFO - Setting next_dagrun for create_audit_table to None, run_after=None
[2025-11-18T06:48:40.513+0000] {processor.py:183} INFO - Processing /opt/airflow/dags/create_audit_table.py took 0.138 seconds
[2025-11-18T06:49:11.264+0000] {processor.py:161} INFO - Started process (PID=14597) to work on /opt/airflow/dags/create_audit_table.py
[2025-11-18T06:49:11.266+0000] {processor.py:830} INFO - Processing file /opt/airflow/dags/create_audit_table.py for tasks to queue
[2025-11-18T06:49:11.276+0000] {logging_mixin.py:188} INFO - [2025-11-18T06:49:11.275+0000] {dagbag.py:538} INFO - Filling up the DagBag from /opt/airflow/dags/create_audit_table.py
[2025-11-18T06:49:11.328+0000] {processor.py:840} INFO - DAG(s) 'create_audit_table' retrieved from /opt/airflow/dags/create_audit_table.py
[2025-11-18T06:49:11.424+0000] {logging_mixin.py:188} INFO - [2025-11-18T06:49:11.424+0000] {dag.py:3036} INFO - Sync 1 DAGs
[2025-11-18T06:49:11.473+0000] {logging_mixin.py:188} INFO - [2025-11-18T06:49:11.473+0000] {dag.py:3823} INFO - Setting next_dagrun for create_audit_table to None, run_after=None
[2025-11-18T06:49:11.541+0000] {processor.py:183} INFO - Processing /opt/airflow/dags/create_audit_table.py took 0.282 seconds
[2025-11-18T06:49:42.417+0000] {processor.py:161} INFO - Started process (PID=14622) to work on /opt/airflow/dags/create_audit_table.py
[2025-11-18T06:49:42.418+0000] {processor.py:830} INFO - Processing file /opt/airflow/dags/create_audit_table.py for tasks to queue
[2025-11-18T06:49:42.420+0000] {logging_mixin.py:188} INFO - [2025-11-18T06:49:42.419+0000] {dagbag.py:538} INFO - Filling up the DagBag from /opt/airflow/dags/create_audit_table.py
[2025-11-18T06:49:42.443+0000] {processor.py:840} INFO - DAG(s) 'create_audit_table' retrieved from /opt/airflow/dags/create_audit_table.py
[2025-11-18T06:49:42.501+0000] {logging_mixin.py:188} INFO - [2025-11-18T06:49:42.500+0000] {dag.py:3036} INFO - Sync 1 DAGs
[2025-11-18T06:49:42.533+0000] {logging_mixin.py:188} INFO - [2025-11-18T06:49:42.533+0000] {dag.py:3823} INFO - Setting next_dagrun for create_audit_table to None, run_after=None
[2025-11-18T06:49:42.571+0000] {processor.py:183} INFO - Processing /opt/airflow/dags/create_audit_table.py took 0.159 seconds
[2025-11-18T06:50:13.344+0000] {processor.py:161} INFO - Started process (PID=14647) to work on /opt/airflow/dags/create_audit_table.py
[2025-11-18T06:50:13.346+0000] {processor.py:830} INFO - Processing file /opt/airflow/dags/create_audit_table.py for tasks to queue
[2025-11-18T06:50:13.347+0000] {logging_mixin.py:188} INFO - [2025-11-18T06:50:13.347+0000] {dagbag.py:538} INFO - Filling up the DagBag from /opt/airflow/dags/create_audit_table.py
[2025-11-18T06:50:13.368+0000] {processor.py:840} INFO - DAG(s) 'create_audit_table' retrieved from /opt/airflow/dags/create_audit_table.py
[2025-11-18T06:50:13.417+0000] {logging_mixin.py:188} INFO - [2025-11-18T06:50:13.416+0000] {dag.py:3036} INFO - Sync 1 DAGs
[2025-11-18T06:50:13.441+0000] {logging_mixin.py:188} INFO - [2025-11-18T06:50:13.441+0000] {dag.py:3823} INFO - Setting next_dagrun for create_audit_table to None, run_after=None
[2025-11-18T06:50:13.487+0000] {processor.py:183} INFO - Processing /opt/airflow/dags/create_audit_table.py took 0.148 seconds
[2025-11-18T06:50:44.092+0000] {processor.py:161} INFO - Started process (PID=14672) to work on /opt/airflow/dags/create_audit_table.py
[2025-11-18T06:50:44.094+0000] {processor.py:830} INFO - Processing file /opt/airflow/dags/create_audit_table.py for tasks to queue
[2025-11-18T06:50:44.095+0000] {logging_mixin.py:188} INFO - [2025-11-18T06:50:44.095+0000] {dagbag.py:538} INFO - Filling up the DagBag from /opt/airflow/dags/create_audit_table.py
[2025-11-18T06:50:44.144+0000] {processor.py:840} INFO - DAG(s) 'create_audit_table' retrieved from /opt/airflow/dags/create_audit_table.py
[2025-11-18T06:50:44.222+0000] {logging_mixin.py:188} INFO - [2025-11-18T06:50:44.222+0000] {dag.py:3036} INFO - Sync 1 DAGs
[2025-11-18T06:50:44.255+0000] {logging_mixin.py:188} INFO - [2025-11-18T06:50:44.254+0000] {dag.py:3823} INFO - Setting next_dagrun for create_audit_table to None, run_after=None
[2025-11-18T06:50:44.288+0000] {processor.py:183} INFO - Processing /opt/airflow/dags/create_audit_table.py took 0.201 seconds
[2025-11-18T06:51:15.149+0000] {processor.py:161} INFO - Started process (PID=14697) to work on /opt/airflow/dags/create_audit_table.py
[2025-11-18T06:51:15.150+0000] {processor.py:830} INFO - Processing file /opt/airflow/dags/create_audit_table.py for tasks to queue
[2025-11-18T06:51:15.151+0000] {logging_mixin.py:188} INFO - [2025-11-18T06:51:15.151+0000] {dagbag.py:538} INFO - Filling up the DagBag from /opt/airflow/dags/create_audit_table.py
[2025-11-18T06:51:15.168+0000] {processor.py:840} INFO - DAG(s) 'create_audit_table' retrieved from /opt/airflow/dags/create_audit_table.py
[2025-11-18T06:51:15.207+0000] {logging_mixin.py:188} INFO - [2025-11-18T06:51:15.207+0000] {dag.py:3036} INFO - Sync 1 DAGs
[2025-11-18T06:51:15.233+0000] {logging_mixin.py:188} INFO - [2025-11-18T06:51:15.233+0000] {dag.py:3823} INFO - Setting next_dagrun for create_audit_table to None, run_after=None
[2025-11-18T06:51:15.282+0000] {processor.py:183} INFO - Processing /opt/airflow/dags/create_audit_table.py took 0.138 seconds
[2025-11-18T06:51:46.259+0000] {processor.py:161} INFO - Started process (PID=14722) to work on /opt/airflow/dags/create_audit_table.py
[2025-11-18T06:51:46.261+0000] {processor.py:830} INFO - Processing file /opt/airflow/dags/create_audit_table.py for tasks to queue
[2025-11-18T06:51:46.264+0000] {logging_mixin.py:188} INFO - [2025-11-18T06:51:46.263+0000] {dagbag.py:538} INFO - Filling up the DagBag from /opt/airflow/dags/create_audit_table.py
[2025-11-18T06:51:46.293+0000] {processor.py:840} INFO - DAG(s) 'create_audit_table' retrieved from /opt/airflow/dags/create_audit_table.py
[2025-11-18T06:51:46.344+0000] {logging_mixin.py:188} INFO - [2025-11-18T06:51:46.344+0000] {dag.py:3036} INFO - Sync 1 DAGs
[2025-11-18T06:51:46.390+0000] {logging_mixin.py:188} INFO - [2025-11-18T06:51:46.390+0000] {dag.py:3823} INFO - Setting next_dagrun for create_audit_table to None, run_after=None
[2025-11-18T06:51:46.448+0000] {processor.py:183} INFO - Processing /opt/airflow/dags/create_audit_table.py took 0.193 seconds
[2025-11-18T06:52:17.440+0000] {processor.py:161} INFO - Started process (PID=14747) to work on /opt/airflow/dags/create_audit_table.py
[2025-11-18T06:52:17.441+0000] {processor.py:830} INFO - Processing file /opt/airflow/dags/create_audit_table.py for tasks to queue
[2025-11-18T06:52:17.450+0000] {logging_mixin.py:188} INFO - [2025-11-18T06:52:17.443+0000] {dagbag.py:538} INFO - Filling up the DagBag from /opt/airflow/dags/create_audit_table.py
[2025-11-18T06:52:17.480+0000] {processor.py:840} INFO - DAG(s) 'create_audit_table' retrieved from /opt/airflow/dags/create_audit_table.py
[2025-11-18T06:52:17.532+0000] {logging_mixin.py:188} INFO - [2025-11-18T06:52:17.532+0000] {dag.py:3036} INFO - Sync 1 DAGs
[2025-11-18T06:52:17.553+0000] {logging_mixin.py:188} INFO - [2025-11-18T06:52:17.553+0000] {dag.py:3823} INFO - Setting next_dagrun for create_audit_table to None, run_after=None
[2025-11-18T06:52:17.589+0000] {processor.py:183} INFO - Processing /opt/airflow/dags/create_audit_table.py took 0.153 seconds
[2025-11-18T06:52:48.300+0000] {processor.py:161} INFO - Started process (PID=14772) to work on /opt/airflow/dags/create_audit_table.py
[2025-11-18T06:52:48.302+0000] {processor.py:830} INFO - Processing file /opt/airflow/dags/create_audit_table.py for tasks to queue
[2025-11-18T06:52:48.304+0000] {logging_mixin.py:188} INFO - [2025-11-18T06:52:48.303+0000] {dagbag.py:538} INFO - Filling up the DagBag from /opt/airflow/dags/create_audit_table.py
[2025-11-18T06:52:48.322+0000] {processor.py:840} INFO - DAG(s) 'create_audit_table' retrieved from /opt/airflow/dags/create_audit_table.py
[2025-11-18T06:52:48.378+0000] {logging_mixin.py:188} INFO - [2025-11-18T06:52:48.378+0000] {dag.py:3036} INFO - Sync 1 DAGs
[2025-11-18T06:52:48.396+0000] {logging_mixin.py:188} INFO - [2025-11-18T06:52:48.396+0000] {dag.py:3823} INFO - Setting next_dagrun for create_audit_table to None, run_after=None
[2025-11-18T06:52:48.424+0000] {processor.py:183} INFO - Processing /opt/airflow/dags/create_audit_table.py took 0.128 seconds
[2025-11-18T06:53:19.233+0000] {processor.py:161} INFO - Started process (PID=14797) to work on /opt/airflow/dags/create_audit_table.py
[2025-11-18T06:53:19.234+0000] {processor.py:830} INFO - Processing file /opt/airflow/dags/create_audit_table.py for tasks to queue
[2025-11-18T06:53:19.235+0000] {logging_mixin.py:188} INFO - [2025-11-18T06:53:19.235+0000] {dagbag.py:538} INFO - Filling up the DagBag from /opt/airflow/dags/create_audit_table.py
[2025-11-18T06:53:19.264+0000] {processor.py:840} INFO - DAG(s) 'create_audit_table' retrieved from /opt/airflow/dags/create_audit_table.py
[2025-11-18T06:53:19.330+0000] {logging_mixin.py:188} INFO - [2025-11-18T06:53:19.329+0000] {dag.py:3036} INFO - Sync 1 DAGs
[2025-11-18T06:53:19.363+0000] {logging_mixin.py:188} INFO - [2025-11-18T06:53:19.362+0000] {dag.py:3823} INFO - Setting next_dagrun for create_audit_table to None, run_after=None
[2025-11-18T06:53:19.401+0000] {processor.py:183} INFO - Processing /opt/airflow/dags/create_audit_table.py took 0.173 seconds
[2025-11-18T06:53:50.185+0000] {processor.py:161} INFO - Started process (PID=14822) to work on /opt/airflow/dags/create_audit_table.py
[2025-11-18T06:53:50.187+0000] {processor.py:830} INFO - Processing file /opt/airflow/dags/create_audit_table.py for tasks to queue
[2025-11-18T06:53:50.188+0000] {logging_mixin.py:188} INFO - [2025-11-18T06:53:50.188+0000] {dagbag.py:538} INFO - Filling up the DagBag from /opt/airflow/dags/create_audit_table.py
[2025-11-18T06:53:50.216+0000] {processor.py:840} INFO - DAG(s) 'create_audit_table' retrieved from /opt/airflow/dags/create_audit_table.py
[2025-11-18T06:53:50.247+0000] {logging_mixin.py:188} INFO - [2025-11-18T06:53:50.247+0000] {dag.py:3036} INFO - Sync 1 DAGs
[2025-11-18T06:53:50.259+0000] {logging_mixin.py:188} INFO - [2025-11-18T06:53:50.259+0000] {dag.py:3823} INFO - Setting next_dagrun for create_audit_table to None, run_after=None
[2025-11-18T06:53:50.280+0000] {processor.py:183} INFO - Processing /opt/airflow/dags/create_audit_table.py took 0.097 seconds
[2025-11-18T06:54:20.461+0000] {processor.py:161} INFO - Started process (PID=14844) to work on /opt/airflow/dags/create_audit_table.py
[2025-11-18T06:54:20.463+0000] {processor.py:830} INFO - Processing file /opt/airflow/dags/create_audit_table.py for tasks to queue
[2025-11-18T06:54:20.464+0000] {logging_mixin.py:188} INFO - [2025-11-18T06:54:20.464+0000] {dagbag.py:538} INFO - Filling up the DagBag from /opt/airflow/dags/create_audit_table.py
[2025-11-18T06:54:20.510+0000] {processor.py:840} INFO - DAG(s) 'create_audit_table' retrieved from /opt/airflow/dags/create_audit_table.py
[2025-11-18T06:54:20.564+0000] {logging_mixin.py:188} INFO - [2025-11-18T06:54:20.564+0000] {dag.py:3036} INFO - Sync 1 DAGs
[2025-11-18T06:54:20.609+0000] {logging_mixin.py:188} INFO - [2025-11-18T06:54:20.609+0000] {dag.py:3823} INFO - Setting next_dagrun for create_audit_table to None, run_after=None
[2025-11-18T06:54:20.662+0000] {processor.py:183} INFO - Processing /opt/airflow/dags/create_audit_table.py took 0.207 seconds
[2025-11-18T06:54:50.799+0000] {processor.py:161} INFO - Started process (PID=14869) to work on /opt/airflow/dags/create_audit_table.py
[2025-11-18T06:54:50.810+0000] {processor.py:830} INFO - Processing file /opt/airflow/dags/create_audit_table.py for tasks to queue
[2025-11-18T06:54:50.821+0000] {logging_mixin.py:188} INFO - [2025-11-18T06:54:50.820+0000] {dagbag.py:538} INFO - Filling up the DagBag from /opt/airflow/dags/create_audit_table.py
[2025-11-18T06:54:50.856+0000] {processor.py:840} INFO - DAG(s) 'create_audit_table' retrieved from /opt/airflow/dags/create_audit_table.py
[2025-11-18T06:54:50.905+0000] {logging_mixin.py:188} INFO - [2025-11-18T06:54:50.905+0000] {dag.py:3036} INFO - Sync 1 DAGs
[2025-11-18T06:54:50.924+0000] {logging_mixin.py:188} INFO - [2025-11-18T06:54:50.924+0000] {dag.py:3823} INFO - Setting next_dagrun for create_audit_table to None, run_after=None
[2025-11-18T06:54:50.980+0000] {processor.py:183} INFO - Processing /opt/airflow/dags/create_audit_table.py took 0.192 seconds
[2025-11-18T06:55:21.152+0000] {processor.py:161} INFO - Started process (PID=14894) to work on /opt/airflow/dags/create_audit_table.py
[2025-11-18T06:55:21.172+0000] {processor.py:830} INFO - Processing file /opt/airflow/dags/create_audit_table.py for tasks to queue
[2025-11-18T06:55:21.197+0000] {logging_mixin.py:188} INFO - [2025-11-18T06:55:21.197+0000] {dagbag.py:538} INFO - Filling up the DagBag from /opt/airflow/dags/create_audit_table.py
[2025-11-18T06:55:21.367+0000] {processor.py:840} INFO - DAG(s) 'create_audit_table' retrieved from /opt/airflow/dags/create_audit_table.py
[2025-11-18T06:55:21.533+0000] {logging_mixin.py:188} INFO - [2025-11-18T06:55:21.532+0000] {dag.py:3036} INFO - Sync 1 DAGs
[2025-11-18T06:55:21.613+0000] {logging_mixin.py:188} INFO - [2025-11-18T06:55:21.613+0000] {dag.py:3823} INFO - Setting next_dagrun for create_audit_table to None, run_after=None
[2025-11-18T06:55:21.709+0000] {processor.py:183} INFO - Processing /opt/airflow/dags/create_audit_table.py took 0.562 seconds
[2025-11-18T06:55:53.053+0000] {processor.py:161} INFO - Started process (PID=14919) to work on /opt/airflow/dags/create_audit_table.py
[2025-11-18T06:55:53.057+0000] {processor.py:830} INFO - Processing file /opt/airflow/dags/create_audit_table.py for tasks to queue
[2025-11-18T06:55:53.072+0000] {logging_mixin.py:188} INFO - [2025-11-18T06:55:53.066+0000] {dagbag.py:538} INFO - Filling up the DagBag from /opt/airflow/dags/create_audit_table.py
[2025-11-18T06:55:54.151+0000] {processor.py:840} INFO - DAG(s) 'create_audit_table' retrieved from /opt/airflow/dags/create_audit_table.py
[2025-11-18T06:55:55.205+0000] {logging_mixin.py:188} INFO - [2025-11-18T06:55:55.205+0000] {dag.py:3036} INFO - Sync 1 DAGs
[2025-11-18T06:55:55.300+0000] {logging_mixin.py:188} INFO - [2025-11-18T06:55:55.300+0000] {dag.py:3823} INFO - Setting next_dagrun for create_audit_table to None, run_after=None
[2025-11-18T06:55:55.470+0000] {processor.py:183} INFO - Processing /opt/airflow/dags/create_audit_table.py took 2.462 seconds
[2025-11-18T06:56:26.426+0000] {processor.py:161} INFO - Started process (PID=14944) to work on /opt/airflow/dags/create_audit_table.py
[2025-11-18T06:56:26.432+0000] {processor.py:830} INFO - Processing file /opt/airflow/dags/create_audit_table.py for tasks to queue
[2025-11-18T06:56:26.440+0000] {logging_mixin.py:188} INFO - [2025-11-18T06:56:26.440+0000] {dagbag.py:538} INFO - Filling up the DagBag from /opt/airflow/dags/create_audit_table.py
[2025-11-18T06:56:26.811+0000] {processor.py:840} INFO - DAG(s) 'create_audit_table' retrieved from /opt/airflow/dags/create_audit_table.py
[2025-11-18T06:56:27.367+0000] {logging_mixin.py:188} INFO - [2025-11-18T06:56:27.367+0000] {dag.py:3036} INFO - Sync 1 DAGs
[2025-11-18T06:56:27.413+0000] {logging_mixin.py:188} INFO - [2025-11-18T06:56:27.412+0000] {dag.py:3823} INFO - Setting next_dagrun for create_audit_table to None, run_after=None
[2025-11-18T06:56:27.494+0000] {processor.py:183} INFO - Processing /opt/airflow/dags/create_audit_table.py took 1.078 seconds
[2025-11-18T06:56:57.889+0000] {processor.py:161} INFO - Started process (PID=14969) to work on /opt/airflow/dags/create_audit_table.py
[2025-11-18T06:56:57.893+0000] {processor.py:830} INFO - Processing file /opt/airflow/dags/create_audit_table.py for tasks to queue
[2025-11-18T06:56:57.896+0000] {logging_mixin.py:188} INFO - [2025-11-18T06:56:57.895+0000] {dagbag.py:538} INFO - Filling up the DagBag from /opt/airflow/dags/create_audit_table.py
[2025-11-18T06:56:57.952+0000] {processor.py:840} INFO - DAG(s) 'create_audit_table' retrieved from /opt/airflow/dags/create_audit_table.py
[2025-11-18T06:56:58.107+0000] {logging_mixin.py:188} INFO - [2025-11-18T06:56:58.106+0000] {dag.py:3036} INFO - Sync 1 DAGs
[2025-11-18T06:56:58.204+0000] {logging_mixin.py:188} INFO - [2025-11-18T06:56:58.203+0000] {dag.py:3823} INFO - Setting next_dagrun for create_audit_table to None, run_after=None
[2025-11-18T06:56:58.450+0000] {processor.py:183} INFO - Processing /opt/airflow/dags/create_audit_table.py took 0.566 seconds
[2025-11-18T06:57:29.274+0000] {processor.py:161} INFO - Started process (PID=14994) to work on /opt/airflow/dags/create_audit_table.py
[2025-11-18T06:57:29.275+0000] {processor.py:830} INFO - Processing file /opt/airflow/dags/create_audit_table.py for tasks to queue
[2025-11-18T06:57:29.277+0000] {logging_mixin.py:188} INFO - [2025-11-18T06:57:29.277+0000] {dagbag.py:538} INFO - Filling up the DagBag from /opt/airflow/dags/create_audit_table.py
[2025-11-18T06:57:29.303+0000] {processor.py:840} INFO - DAG(s) 'create_audit_table' retrieved from /opt/airflow/dags/create_audit_table.py
[2025-11-18T06:57:29.337+0000] {logging_mixin.py:188} INFO - [2025-11-18T06:57:29.336+0000] {dag.py:3036} INFO - Sync 1 DAGs
[2025-11-18T06:57:29.355+0000] {logging_mixin.py:188} INFO - [2025-11-18T06:57:29.354+0000] {dag.py:3823} INFO - Setting next_dagrun for create_audit_table to None, run_after=None
[2025-11-18T06:57:29.391+0000] {processor.py:183} INFO - Processing /opt/airflow/dags/create_audit_table.py took 0.122 seconds
[2025-11-18T06:58:00.482+0000] {processor.py:161} INFO - Started process (PID=15019) to work on /opt/airflow/dags/create_audit_table.py
[2025-11-18T06:58:00.529+0000] {processor.py:830} INFO - Processing file /opt/airflow/dags/create_audit_table.py for tasks to queue
[2025-11-18T06:58:00.540+0000] {logging_mixin.py:188} INFO - [2025-11-18T06:58:00.539+0000] {dagbag.py:538} INFO - Filling up the DagBag from /opt/airflow/dags/create_audit_table.py
[2025-11-18T06:58:01.001+0000] {processor.py:840} INFO - DAG(s) 'create_audit_table' retrieved from /opt/airflow/dags/create_audit_table.py
[2025-11-18T06:58:01.122+0000] {logging_mixin.py:188} INFO - [2025-11-18T06:58:01.122+0000] {dag.py:3036} INFO - Sync 1 DAGs
[2025-11-18T06:58:01.417+0000] {logging_mixin.py:188} INFO - [2025-11-18T06:58:01.417+0000] {dag.py:3823} INFO - Setting next_dagrun for create_audit_table to None, run_after=None
[2025-11-18T06:58:01.624+0000] {processor.py:183} INFO - Processing /opt/airflow/dags/create_audit_table.py took 1.159 seconds
[2025-11-18T06:58:34.178+0000] {processor.py:161} INFO - Started process (PID=15044) to work on /opt/airflow/dags/create_audit_table.py
[2025-11-18T06:58:34.202+0000] {processor.py:830} INFO - Processing file /opt/airflow/dags/create_audit_table.py for tasks to queue
[2025-11-18T06:58:34.231+0000] {logging_mixin.py:188} INFO - [2025-11-18T06:58:34.231+0000] {dagbag.py:538} INFO - Filling up the DagBag from /opt/airflow/dags/create_audit_table.py
[2025-11-18T06:58:35.316+0000] {processor.py:840} INFO - DAG(s) 'create_audit_table' retrieved from /opt/airflow/dags/create_audit_table.py
[2025-11-18T06:58:36.458+0000] {logging_mixin.py:188} INFO - [2025-11-18T06:58:36.457+0000] {dag.py:3036} INFO - Sync 1 DAGs
[2025-11-18T06:58:36.524+0000] {logging_mixin.py:188} INFO - [2025-11-18T06:58:36.524+0000] {dag.py:3823} INFO - Setting next_dagrun for create_audit_table to None, run_after=None
[2025-11-18T06:58:36.882+0000] {processor.py:183} INFO - Processing /opt/airflow/dags/create_audit_table.py took 2.709 seconds
[2025-11-18T06:59:08.288+0000] {processor.py:161} INFO - Started process (PID=15069) to work on /opt/airflow/dags/create_audit_table.py
[2025-11-18T06:59:08.291+0000] {processor.py:830} INFO - Processing file /opt/airflow/dags/create_audit_table.py for tasks to queue
[2025-11-18T06:59:08.321+0000] {logging_mixin.py:188} INFO - [2025-11-18T06:59:08.319+0000] {dagbag.py:538} INFO - Filling up the DagBag from /opt/airflow/dags/create_audit_table.py
[2025-11-18T06:59:08.649+0000] {processor.py:840} INFO - DAG(s) 'create_audit_table' retrieved from /opt/airflow/dags/create_audit_table.py
[2025-11-18T06:59:08.940+0000] {logging_mixin.py:188} INFO - [2025-11-18T06:59:08.940+0000] {dag.py:3036} INFO - Sync 1 DAGs
[2025-11-18T06:59:09.011+0000] {logging_mixin.py:188} INFO - [2025-11-18T06:59:09.007+0000] {dag.py:3823} INFO - Setting next_dagrun for create_audit_table to None, run_after=None
[2025-11-18T06:59:09.087+0000] {processor.py:183} INFO - Processing /opt/airflow/dags/create_audit_table.py took 0.819 seconds
[2025-11-18T06:59:41.501+0000] {processor.py:161} INFO - Started process (PID=15097) to work on /opt/airflow/dags/create_audit_table.py
[2025-11-18T06:59:41.505+0000] {processor.py:830} INFO - Processing file /opt/airflow/dags/create_audit_table.py for tasks to queue
[2025-11-18T06:59:41.512+0000] {logging_mixin.py:188} INFO - [2025-11-18T06:59:41.511+0000] {dagbag.py:538} INFO - Filling up the DagBag from /opt/airflow/dags/create_audit_table.py
[2025-11-18T06:59:42.427+0000] {processor.py:840} INFO - DAG(s) 'create_audit_table' retrieved from /opt/airflow/dags/create_audit_table.py
[2025-11-18T06:59:43.632+0000] {logging_mixin.py:188} INFO - [2025-11-18T06:59:43.631+0000] {dag.py:3036} INFO - Sync 1 DAGs
[2025-11-18T06:59:43.681+0000] {logging_mixin.py:188} INFO - [2025-11-18T06:59:43.681+0000] {dag.py:3823} INFO - Setting next_dagrun for create_audit_table to None, run_after=None
[2025-11-18T06:59:43.781+0000] {processor.py:183} INFO - Processing /opt/airflow/dags/create_audit_table.py took 2.286 seconds
[2025-11-18T07:00:14.205+0000] {processor.py:161} INFO - Started process (PID=15122) to work on /opt/airflow/dags/create_audit_table.py
[2025-11-18T07:00:14.216+0000] {processor.py:830} INFO - Processing file /opt/airflow/dags/create_audit_table.py for tasks to queue
[2025-11-18T07:00:14.218+0000] {logging_mixin.py:188} INFO - [2025-11-18T07:00:14.218+0000] {dagbag.py:538} INFO - Filling up the DagBag from /opt/airflow/dags/create_audit_table.py
[2025-11-18T07:00:14.253+0000] {processor.py:840} INFO - DAG(s) 'create_audit_table' retrieved from /opt/airflow/dags/create_audit_table.py
[2025-11-18T07:00:14.334+0000] {logging_mixin.py:188} INFO - [2025-11-18T07:00:14.334+0000] {dag.py:3036} INFO - Sync 1 DAGs
[2025-11-18T07:00:14.371+0000] {logging_mixin.py:188} INFO - [2025-11-18T07:00:14.371+0000] {dag.py:3823} INFO - Setting next_dagrun for create_audit_table to None, run_after=None
[2025-11-18T07:00:14.447+0000] {processor.py:183} INFO - Processing /opt/airflow/dags/create_audit_table.py took 0.248 seconds
[2025-11-18T07:02:03.494+0000] {processor.py:161} INFO - Started process (PID=15153) to work on /opt/airflow/dags/create_audit_table.py
[2025-11-18T07:02:03.498+0000] {processor.py:830} INFO - Processing file /opt/airflow/dags/create_audit_table.py for tasks to queue
[2025-11-18T07:02:03.509+0000] {logging_mixin.py:188} INFO - [2025-11-18T07:02:03.500+0000] {dagbag.py:538} INFO - Filling up the DagBag from /opt/airflow/dags/create_audit_table.py
[2025-11-18T07:02:03.624+0000] {processor.py:840} INFO - DAG(s) 'create_audit_table' retrieved from /opt/airflow/dags/create_audit_table.py
[2025-11-18T07:02:03.841+0000] {logging_mixin.py:188} INFO - [2025-11-18T07:02:03.840+0000] {dag.py:3036} INFO - Sync 1 DAGs
[2025-11-18T07:02:03.964+0000] {logging_mixin.py:188} INFO - [2025-11-18T07:02:03.963+0000] {dag.py:3823} INFO - Setting next_dagrun for create_audit_table to None, run_after=None
[2025-11-18T07:02:04.255+0000] {processor.py:183} INFO - Processing /opt/airflow/dags/create_audit_table.py took 0.770 seconds
[2025-11-18T07:02:34.591+0000] {processor.py:161} INFO - Started process (PID=15178) to work on /opt/airflow/dags/create_audit_table.py
[2025-11-18T07:02:34.593+0000] {processor.py:830} INFO - Processing file /opt/airflow/dags/create_audit_table.py for tasks to queue
[2025-11-18T07:02:34.594+0000] {logging_mixin.py:188} INFO - [2025-11-18T07:02:34.594+0000] {dagbag.py:538} INFO - Filling up the DagBag from /opt/airflow/dags/create_audit_table.py
[2025-11-18T07:02:34.664+0000] {processor.py:840} INFO - DAG(s) 'create_audit_table' retrieved from /opt/airflow/dags/create_audit_table.py
[2025-11-18T07:02:34.782+0000] {logging_mixin.py:188} INFO - [2025-11-18T07:02:34.782+0000] {dag.py:3036} INFO - Sync 1 DAGs
[2025-11-18T07:02:34.830+0000] {logging_mixin.py:188} INFO - [2025-11-18T07:02:34.830+0000] {dag.py:3823} INFO - Setting next_dagrun for create_audit_table to None, run_after=None
[2025-11-18T07:02:34.875+0000] {processor.py:183} INFO - Processing /opt/airflow/dags/create_audit_table.py took 0.288 seconds
[2025-11-18T07:03:05.238+0000] {processor.py:161} INFO - Started process (PID=15203) to work on /opt/airflow/dags/create_audit_table.py
[2025-11-18T07:03:05.240+0000] {processor.py:830} INFO - Processing file /opt/airflow/dags/create_audit_table.py for tasks to queue
[2025-11-18T07:03:05.242+0000] {logging_mixin.py:188} INFO - [2025-11-18T07:03:05.241+0000] {dagbag.py:538} INFO - Filling up the DagBag from /opt/airflow/dags/create_audit_table.py
[2025-11-18T07:03:05.264+0000] {processor.py:840} INFO - DAG(s) 'create_audit_table' retrieved from /opt/airflow/dags/create_audit_table.py
[2025-11-18T07:03:05.308+0000] {logging_mixin.py:188} INFO - [2025-11-18T07:03:05.308+0000] {dag.py:3036} INFO - Sync 1 DAGs
[2025-11-18T07:03:05.327+0000] {logging_mixin.py:188} INFO - [2025-11-18T07:03:05.326+0000] {dag.py:3823} INFO - Setting next_dagrun for create_audit_table to None, run_after=None
[2025-11-18T07:03:05.360+0000] {processor.py:183} INFO - Processing /opt/airflow/dags/create_audit_table.py took 0.126 seconds
[2025-11-18T07:03:36.089+0000] {processor.py:161} INFO - Started process (PID=15228) to work on /opt/airflow/dags/create_audit_table.py
[2025-11-18T07:03:36.094+0000] {processor.py:830} INFO - Processing file /opt/airflow/dags/create_audit_table.py for tasks to queue
[2025-11-18T07:03:36.105+0000] {logging_mixin.py:188} INFO - [2025-11-18T07:03:36.104+0000] {dagbag.py:538} INFO - Filling up the DagBag from /opt/airflow/dags/create_audit_table.py
[2025-11-18T07:03:36.161+0000] {processor.py:840} INFO - DAG(s) 'create_audit_table' retrieved from /opt/airflow/dags/create_audit_table.py
[2025-11-18T07:03:36.414+0000] {logging_mixin.py:188} INFO - [2025-11-18T07:03:36.413+0000] {dag.py:3036} INFO - Sync 1 DAGs
[2025-11-18T07:03:36.552+0000] {logging_mixin.py:188} INFO - [2025-11-18T07:03:36.552+0000] {dag.py:3823} INFO - Setting next_dagrun for create_audit_table to None, run_after=None
[2025-11-18T07:03:36.651+0000] {processor.py:183} INFO - Processing /opt/airflow/dags/create_audit_table.py took 0.578 seconds
[2025-11-18T07:04:08.416+0000] {processor.py:161} INFO - Started process (PID=15253) to work on /opt/airflow/dags/create_audit_table.py
[2025-11-18T07:04:08.420+0000] {processor.py:830} INFO - Processing file /opt/airflow/dags/create_audit_table.py for tasks to queue
[2025-11-18T07:04:08.426+0000] {logging_mixin.py:188} INFO - [2025-11-18T07:04:08.425+0000] {dagbag.py:538} INFO - Filling up the DagBag from /opt/airflow/dags/create_audit_table.py
[2025-11-18T07:04:08.759+0000] {processor.py:840} INFO - DAG(s) 'create_audit_table' retrieved from /opt/airflow/dags/create_audit_table.py
[2025-11-18T07:04:08.874+0000] {logging_mixin.py:188} INFO - [2025-11-18T07:04:08.874+0000] {dag.py:3036} INFO - Sync 1 DAGs
[2025-11-18T07:04:08.956+0000] {logging_mixin.py:188} INFO - [2025-11-18T07:04:08.956+0000] {dag.py:3823} INFO - Setting next_dagrun for create_audit_table to None, run_after=None
[2025-11-18T07:04:09.053+0000] {processor.py:183} INFO - Processing /opt/airflow/dags/create_audit_table.py took 0.643 seconds
[2025-11-18T07:04:39.419+0000] {processor.py:161} INFO - Started process (PID=15278) to work on /opt/airflow/dags/create_audit_table.py
[2025-11-18T07:04:39.429+0000] {processor.py:830} INFO - Processing file /opt/airflow/dags/create_audit_table.py for tasks to queue
[2025-11-18T07:04:39.457+0000] {logging_mixin.py:188} INFO - [2025-11-18T07:04:39.457+0000] {dagbag.py:538} INFO - Filling up the DagBag from /opt/airflow/dags/create_audit_table.py
[2025-11-18T07:04:39.612+0000] {processor.py:840} INFO - DAG(s) 'create_audit_table' retrieved from /opt/airflow/dags/create_audit_table.py
[2025-11-18T07:04:39.809+0000] {logging_mixin.py:188} INFO - [2025-11-18T07:04:39.809+0000] {dag.py:3036} INFO - Sync 1 DAGs
[2025-11-18T07:04:39.868+0000] {logging_mixin.py:188} INFO - [2025-11-18T07:04:39.867+0000] {dag.py:3823} INFO - Setting next_dagrun for create_audit_table to None, run_after=None
[2025-11-18T07:04:39.943+0000] {processor.py:183} INFO - Processing /opt/airflow/dags/create_audit_table.py took 0.529 seconds
[2025-11-18T07:05:10.939+0000] {processor.py:161} INFO - Started process (PID=15303) to work on /opt/airflow/dags/create_audit_table.py
[2025-11-18T07:05:10.949+0000] {processor.py:830} INFO - Processing file /opt/airflow/dags/create_audit_table.py for tasks to queue
[2025-11-18T07:05:10.951+0000] {logging_mixin.py:188} INFO - [2025-11-18T07:05:10.950+0000] {dagbag.py:538} INFO - Filling up the DagBag from /opt/airflow/dags/create_audit_table.py
[2025-11-18T07:05:11.011+0000] {processor.py:840} INFO - DAG(s) 'create_audit_table' retrieved from /opt/airflow/dags/create_audit_table.py
[2025-11-18T07:05:11.120+0000] {logging_mixin.py:188} INFO - [2025-11-18T07:05:11.120+0000] {dag.py:3036} INFO - Sync 1 DAGs
[2025-11-18T07:05:11.165+0000] {logging_mixin.py:188} INFO - [2025-11-18T07:05:11.165+0000] {dag.py:3823} INFO - Setting next_dagrun for create_audit_table to None, run_after=None
[2025-11-18T07:05:11.233+0000] {processor.py:183} INFO - Processing /opt/airflow/dags/create_audit_table.py took 0.306 seconds
[2025-11-18T07:05:42.109+0000] {processor.py:161} INFO - Started process (PID=15328) to work on /opt/airflow/dags/create_audit_table.py
[2025-11-18T07:05:42.111+0000] {processor.py:830} INFO - Processing file /opt/airflow/dags/create_audit_table.py for tasks to queue
[2025-11-18T07:05:42.113+0000] {logging_mixin.py:188} INFO - [2025-11-18T07:05:42.112+0000] {dagbag.py:538} INFO - Filling up the DagBag from /opt/airflow/dags/create_audit_table.py
[2025-11-18T07:05:42.167+0000] {processor.py:840} INFO - DAG(s) 'create_audit_table' retrieved from /opt/airflow/dags/create_audit_table.py
[2025-11-18T07:05:42.252+0000] {logging_mixin.py:188} INFO - [2025-11-18T07:05:42.251+0000] {dag.py:3036} INFO - Sync 1 DAGs
[2025-11-18T07:05:42.307+0000] {logging_mixin.py:188} INFO - [2025-11-18T07:05:42.307+0000] {dag.py:3823} INFO - Setting next_dagrun for create_audit_table to None, run_after=None
[2025-11-18T07:05:42.346+0000] {processor.py:183} INFO - Processing /opt/airflow/dags/create_audit_table.py took 0.250 seconds
[2025-11-18T07:06:13.052+0000] {processor.py:161} INFO - Started process (PID=15353) to work on /opt/airflow/dags/create_audit_table.py
[2025-11-18T07:06:13.055+0000] {processor.py:830} INFO - Processing file /opt/airflow/dags/create_audit_table.py for tasks to queue
[2025-11-18T07:06:13.057+0000] {logging_mixin.py:188} INFO - [2025-11-18T07:06:13.056+0000] {dagbag.py:538} INFO - Filling up the DagBag from /opt/airflow/dags/create_audit_table.py
[2025-11-18T07:06:13.238+0000] {processor.py:840} INFO - DAG(s) 'create_audit_table' retrieved from /opt/airflow/dags/create_audit_table.py
[2025-11-18T07:06:13.368+0000] {logging_mixin.py:188} INFO - [2025-11-18T07:06:13.368+0000] {dag.py:3036} INFO - Sync 1 DAGs
[2025-11-18T07:06:13.433+0000] {logging_mixin.py:188} INFO - [2025-11-18T07:06:13.426+0000] {dag.py:3823} INFO - Setting next_dagrun for create_audit_table to None, run_after=None
[2025-11-18T07:06:13.510+0000] {processor.py:183} INFO - Processing /opt/airflow/dags/create_audit_table.py took 0.472 seconds
[2025-11-18T07:06:44.233+0000] {processor.py:161} INFO - Started process (PID=15378) to work on /opt/airflow/dags/create_audit_table.py
[2025-11-18T07:06:44.238+0000] {processor.py:830} INFO - Processing file /opt/airflow/dags/create_audit_table.py for tasks to queue
[2025-11-18T07:06:44.254+0000] {logging_mixin.py:188} INFO - [2025-11-18T07:06:44.248+0000] {dagbag.py:538} INFO - Filling up the DagBag from /opt/airflow/dags/create_audit_table.py
[2025-11-18T07:06:44.323+0000] {processor.py:840} INFO - DAG(s) 'create_audit_table' retrieved from /opt/airflow/dags/create_audit_table.py
[2025-11-18T07:06:44.436+0000] {logging_mixin.py:188} INFO - [2025-11-18T07:06:44.435+0000] {dag.py:3036} INFO - Sync 1 DAGs
[2025-11-18T07:06:44.476+0000] {logging_mixin.py:188} INFO - [2025-11-18T07:06:44.475+0000] {dag.py:3823} INFO - Setting next_dagrun for create_audit_table to None, run_after=None
[2025-11-18T07:06:44.561+0000] {processor.py:183} INFO - Processing /opt/airflow/dags/create_audit_table.py took 0.334 seconds
[2025-11-18T07:07:15.102+0000] {processor.py:161} INFO - Started process (PID=15403) to work on /opt/airflow/dags/create_audit_table.py
[2025-11-18T07:07:15.115+0000] {processor.py:830} INFO - Processing file /opt/airflow/dags/create_audit_table.py for tasks to queue
[2025-11-18T07:07:15.117+0000] {logging_mixin.py:188} INFO - [2025-11-18T07:07:15.117+0000] {dagbag.py:538} INFO - Filling up the DagBag from /opt/airflow/dags/create_audit_table.py
[2025-11-18T07:07:15.168+0000] {processor.py:840} INFO - DAG(s) 'create_audit_table' retrieved from /opt/airflow/dags/create_audit_table.py
[2025-11-18T07:07:15.305+0000] {logging_mixin.py:188} INFO - [2025-11-18T07:07:15.305+0000] {dag.py:3036} INFO - Sync 1 DAGs
[2025-11-18T07:07:15.477+0000] {logging_mixin.py:188} INFO - [2025-11-18T07:07:15.477+0000] {dag.py:3823} INFO - Setting next_dagrun for create_audit_table to None, run_after=None
[2025-11-18T07:07:15.556+0000] {processor.py:183} INFO - Processing /opt/airflow/dags/create_audit_table.py took 0.465 seconds
[2025-11-18T07:07:46.094+0000] {processor.py:161} INFO - Started process (PID=15428) to work on /opt/airflow/dags/create_audit_table.py
[2025-11-18T07:07:46.104+0000] {processor.py:830} INFO - Processing file /opt/airflow/dags/create_audit_table.py for tasks to queue
[2025-11-18T07:07:46.107+0000] {logging_mixin.py:188} INFO - [2025-11-18T07:07:46.106+0000] {dagbag.py:538} INFO - Filling up the DagBag from /opt/airflow/dags/create_audit_table.py
[2025-11-18T07:07:46.147+0000] {processor.py:840} INFO - DAG(s) 'create_audit_table' retrieved from /opt/airflow/dags/create_audit_table.py
[2025-11-18T07:07:46.309+0000] {logging_mixin.py:188} INFO - [2025-11-18T07:07:46.302+0000] {dag.py:3036} INFO - Sync 1 DAGs
[2025-11-18T07:07:46.482+0000] {logging_mixin.py:188} INFO - [2025-11-18T07:07:46.482+0000] {dag.py:3823} INFO - Setting next_dagrun for create_audit_table to None, run_after=None
[2025-11-18T07:07:46.608+0000] {processor.py:183} INFO - Processing /opt/airflow/dags/create_audit_table.py took 0.519 seconds
[2025-11-18T07:08:16.911+0000] {processor.py:161} INFO - Started process (PID=15453) to work on /opt/airflow/dags/create_audit_table.py
[2025-11-18T07:08:16.912+0000] {processor.py:830} INFO - Processing file /opt/airflow/dags/create_audit_table.py for tasks to queue
[2025-11-18T07:08:16.914+0000] {logging_mixin.py:188} INFO - [2025-11-18T07:08:16.913+0000] {dagbag.py:538} INFO - Filling up the DagBag from /opt/airflow/dags/create_audit_table.py
[2025-11-18T07:08:16.952+0000] {processor.py:840} INFO - DAG(s) 'create_audit_table' retrieved from /opt/airflow/dags/create_audit_table.py
[2025-11-18T07:08:17.128+0000] {logging_mixin.py:188} INFO - [2025-11-18T07:08:17.127+0000] {dag.py:3036} INFO - Sync 1 DAGs
[2025-11-18T07:08:17.153+0000] {logging_mixin.py:188} INFO - [2025-11-18T07:08:17.153+0000] {dag.py:3823} INFO - Setting next_dagrun for create_audit_table to None, run_after=None
[2025-11-18T07:08:17.220+0000] {processor.py:183} INFO - Processing /opt/airflow/dags/create_audit_table.py took 0.315 seconds
[2025-11-18T07:08:47.955+0000] {processor.py:161} INFO - Started process (PID=15478) to work on /opt/airflow/dags/create_audit_table.py
[2025-11-18T07:08:47.972+0000] {processor.py:830} INFO - Processing file /opt/airflow/dags/create_audit_table.py for tasks to queue
[2025-11-18T07:08:47.987+0000] {logging_mixin.py:188} INFO - [2025-11-18T07:08:47.982+0000] {dagbag.py:538} INFO - Filling up the DagBag from /opt/airflow/dags/create_audit_table.py
[2025-11-18T07:08:48.052+0000] {processor.py:840} INFO - DAG(s) 'create_audit_table' retrieved from /opt/airflow/dags/create_audit_table.py
[2025-11-18T07:08:48.168+0000] {logging_mixin.py:188} INFO - [2025-11-18T07:08:48.167+0000] {dag.py:3036} INFO - Sync 1 DAGs
[2025-11-18T07:08:48.214+0000] {logging_mixin.py:188} INFO - [2025-11-18T07:08:48.213+0000] {dag.py:3823} INFO - Setting next_dagrun for create_audit_table to None, run_after=None
[2025-11-18T07:08:48.271+0000] {processor.py:183} INFO - Processing /opt/airflow/dags/create_audit_table.py took 0.334 seconds
[2025-11-18T07:09:18.502+0000] {processor.py:161} INFO - Started process (PID=15503) to work on /opt/airflow/dags/create_audit_table.py
[2025-11-18T07:09:18.504+0000] {processor.py:830} INFO - Processing file /opt/airflow/dags/create_audit_table.py for tasks to queue
[2025-11-18T07:09:18.506+0000] {logging_mixin.py:188} INFO - [2025-11-18T07:09:18.505+0000] {dagbag.py:538} INFO - Filling up the DagBag from /opt/airflow/dags/create_audit_table.py
[2025-11-18T07:09:18.692+0000] {processor.py:840} INFO - DAG(s) 'create_audit_table' retrieved from /opt/airflow/dags/create_audit_table.py
[2025-11-18T07:09:18.799+0000] {logging_mixin.py:188} INFO - [2025-11-18T07:09:18.799+0000] {dag.py:3036} INFO - Sync 1 DAGs
[2025-11-18T07:09:18.815+0000] {logging_mixin.py:188} INFO - [2025-11-18T07:09:18.815+0000] {dag.py:3823} INFO - Setting next_dagrun for create_audit_table to None, run_after=None
[2025-11-18T07:09:18.844+0000] {processor.py:183} INFO - Processing /opt/airflow/dags/create_audit_table.py took 0.371 seconds
[2025-11-18T07:09:49.013+0000] {processor.py:161} INFO - Started process (PID=15528) to work on /opt/airflow/dags/create_audit_table.py
[2025-11-18T07:09:49.017+0000] {processor.py:830} INFO - Processing file /opt/airflow/dags/create_audit_table.py for tasks to queue
[2025-11-18T07:09:49.019+0000] {logging_mixin.py:188} INFO - [2025-11-18T07:09:49.018+0000] {dagbag.py:538} INFO - Filling up the DagBag from /opt/airflow/dags/create_audit_table.py
[2025-11-18T07:09:49.062+0000] {processor.py:840} INFO - DAG(s) 'create_audit_table' retrieved from /opt/airflow/dags/create_audit_table.py
[2025-11-18T07:09:49.155+0000] {logging_mixin.py:188} INFO - [2025-11-18T07:09:49.154+0000] {dag.py:3036} INFO - Sync 1 DAGs
[2025-11-18T07:09:49.204+0000] {logging_mixin.py:188} INFO - [2025-11-18T07:09:49.203+0000] {dag.py:3823} INFO - Setting next_dagrun for create_audit_table to None, run_after=None
[2025-11-18T07:09:49.314+0000] {processor.py:183} INFO - Processing /opt/airflow/dags/create_audit_table.py took 0.305 seconds
[2025-11-18T07:10:20.304+0000] {processor.py:161} INFO - Started process (PID=15553) to work on /opt/airflow/dags/create_audit_table.py
[2025-11-18T07:10:20.306+0000] {processor.py:830} INFO - Processing file /opt/airflow/dags/create_audit_table.py for tasks to queue
[2025-11-18T07:10:20.317+0000] {logging_mixin.py:188} INFO - [2025-11-18T07:10:20.316+0000] {dagbag.py:538} INFO - Filling up the DagBag from /opt/airflow/dags/create_audit_table.py
[2025-11-18T07:10:20.414+0000] {processor.py:840} INFO - DAG(s) 'create_audit_table' retrieved from /opt/airflow/dags/create_audit_table.py
[2025-11-18T07:10:20.507+0000] {logging_mixin.py:188} INFO - [2025-11-18T07:10:20.507+0000] {dag.py:3036} INFO - Sync 1 DAGs
[2025-11-18T07:10:20.569+0000] {logging_mixin.py:188} INFO - [2025-11-18T07:10:20.568+0000] {dag.py:3823} INFO - Setting next_dagrun for create_audit_table to None, run_after=None
[2025-11-18T07:10:20.666+0000] {processor.py:183} INFO - Processing /opt/airflow/dags/create_audit_table.py took 0.368 seconds
[2025-11-18T07:10:54.867+0000] {processor.py:161} INFO - Started process (PID=15578) to work on /opt/airflow/dags/create_audit_table.py
[2025-11-18T07:10:54.879+0000] {processor.py:830} INFO - Processing file /opt/airflow/dags/create_audit_table.py for tasks to queue
[2025-11-18T07:10:56.021+0000] {logging_mixin.py:188} INFO - [2025-11-18T07:10:56.020+0000] {dagbag.py:538} INFO - Filling up the DagBag from /opt/airflow/dags/create_audit_table.py
[2025-11-18T07:10:57.833+0000] {processor.py:840} INFO - DAG(s) 'create_audit_table' retrieved from /opt/airflow/dags/create_audit_table.py
[2025-11-18T07:10:58.633+0000] {logging_mixin.py:188} INFO - [2025-11-18T07:10:58.633+0000] {dag.py:3036} INFO - Sync 1 DAGs
[2025-11-18T07:10:58.903+0000] {logging_mixin.py:188} INFO - [2025-11-18T07:10:58.903+0000] {dag.py:3823} INFO - Setting next_dagrun for create_audit_table to None, run_after=None
[2025-11-18T07:10:59.009+0000] {processor.py:183} INFO - Processing /opt/airflow/dags/create_audit_table.py took 4.147 seconds
[2025-11-18T07:11:29.883+0000] {processor.py:161} INFO - Started process (PID=15605) to work on /opt/airflow/dags/create_audit_table.py
[2025-11-18T07:11:29.893+0000] {processor.py:830} INFO - Processing file /opt/airflow/dags/create_audit_table.py for tasks to queue
[2025-11-18T07:11:29.895+0000] {logging_mixin.py:188} INFO - [2025-11-18T07:11:29.895+0000] {dagbag.py:538} INFO - Filling up the DagBag from /opt/airflow/dags/create_audit_table.py
[2025-11-18T07:11:29.982+0000] {processor.py:840} INFO - DAG(s) 'create_audit_table' retrieved from /opt/airflow/dags/create_audit_table.py
[2025-11-18T07:11:30.061+0000] {logging_mixin.py:188} INFO - [2025-11-18T07:11:30.061+0000] {dag.py:3036} INFO - Sync 1 DAGs
[2025-11-18T07:11:30.093+0000] {logging_mixin.py:188} INFO - [2025-11-18T07:11:30.092+0000] {dag.py:3823} INFO - Setting next_dagrun for create_audit_table to None, run_after=None
[2025-11-18T07:11:30.146+0000] {processor.py:183} INFO - Processing /opt/airflow/dags/create_audit_table.py took 0.269 seconds
[2025-11-18T07:12:00.303+0000] {processor.py:161} INFO - Started process (PID=15630) to work on /opt/airflow/dags/create_audit_table.py
[2025-11-18T07:12:00.305+0000] {processor.py:830} INFO - Processing file /opt/airflow/dags/create_audit_table.py for tasks to queue
[2025-11-18T07:12:00.306+0000] {logging_mixin.py:188} INFO - [2025-11-18T07:12:00.306+0000] {dagbag.py:538} INFO - Filling up the DagBag from /opt/airflow/dags/create_audit_table.py
[2025-11-18T07:12:00.340+0000] {processor.py:840} INFO - DAG(s) 'create_audit_table' retrieved from /opt/airflow/dags/create_audit_table.py
[2025-11-18T07:12:00.409+0000] {logging_mixin.py:188} INFO - [2025-11-18T07:12:00.409+0000] {dag.py:3036} INFO - Sync 1 DAGs
[2025-11-18T07:12:00.436+0000] {logging_mixin.py:188} INFO - [2025-11-18T07:12:00.435+0000] {dag.py:3823} INFO - Setting next_dagrun for create_audit_table to None, run_after=None
[2025-11-18T07:12:00.481+0000] {processor.py:183} INFO - Processing /opt/airflow/dags/create_audit_table.py took 0.184 seconds
[2025-11-18T07:12:30.996+0000] {processor.py:161} INFO - Started process (PID=15653) to work on /opt/airflow/dags/create_audit_table.py
[2025-11-18T07:12:30.997+0000] {processor.py:830} INFO - Processing file /opt/airflow/dags/create_audit_table.py for tasks to queue
[2025-11-18T07:12:30.998+0000] {logging_mixin.py:188} INFO - [2025-11-18T07:12:30.998+0000] {dagbag.py:538} INFO - Filling up the DagBag from /opt/airflow/dags/create_audit_table.py
[2025-11-18T07:12:31.053+0000] {processor.py:840} INFO - DAG(s) 'create_audit_table' retrieved from /opt/airflow/dags/create_audit_table.py
[2025-11-18T07:12:31.099+0000] {logging_mixin.py:188} INFO - [2025-11-18T07:12:31.099+0000] {dag.py:3036} INFO - Sync 1 DAGs
[2025-11-18T07:12:31.120+0000] {logging_mixin.py:188} INFO - [2025-11-18T07:12:31.119+0000] {dag.py:3823} INFO - Setting next_dagrun for create_audit_table to None, run_after=None
[2025-11-18T07:12:31.164+0000] {processor.py:183} INFO - Processing /opt/airflow/dags/create_audit_table.py took 0.172 seconds
[2025-11-18T07:13:01.293+0000] {processor.py:161} INFO - Started process (PID=15675) to work on /opt/airflow/dags/create_audit_table.py
[2025-11-18T07:13:01.295+0000] {processor.py:830} INFO - Processing file /opt/airflow/dags/create_audit_table.py for tasks to queue
[2025-11-18T07:13:01.296+0000] {logging_mixin.py:188} INFO - [2025-11-18T07:13:01.296+0000] {dagbag.py:538} INFO - Filling up the DagBag from /opt/airflow/dags/create_audit_table.py
[2025-11-18T07:13:01.322+0000] {processor.py:840} INFO - DAG(s) 'create_audit_table' retrieved from /opt/airflow/dags/create_audit_table.py
[2025-11-18T07:13:01.390+0000] {logging_mixin.py:188} INFO - [2025-11-18T07:13:01.390+0000] {dag.py:3036} INFO - Sync 1 DAGs
[2025-11-18T07:13:01.415+0000] {logging_mixin.py:188} INFO - [2025-11-18T07:13:01.415+0000] {dag.py:3823} INFO - Setting next_dagrun for create_audit_table to None, run_after=None
[2025-11-18T07:13:01.459+0000] {processor.py:183} INFO - Processing /opt/airflow/dags/create_audit_table.py took 0.171 seconds
[2025-11-18T07:13:31.858+0000] {processor.py:161} INFO - Started process (PID=15703) to work on /opt/airflow/dags/create_audit_table.py
[2025-11-18T07:13:31.859+0000] {processor.py:830} INFO - Processing file /opt/airflow/dags/create_audit_table.py for tasks to queue
[2025-11-18T07:13:31.861+0000] {logging_mixin.py:188} INFO - [2025-11-18T07:13:31.860+0000] {dagbag.py:538} INFO - Filling up the DagBag from /opt/airflow/dags/create_audit_table.py
[2025-11-18T07:13:31.886+0000] {processor.py:840} INFO - DAG(s) 'create_audit_table' retrieved from /opt/airflow/dags/create_audit_table.py
[2025-11-18T07:13:31.923+0000] {logging_mixin.py:188} INFO - [2025-11-18T07:13:31.923+0000] {dag.py:3036} INFO - Sync 1 DAGs
[2025-11-18T07:13:31.941+0000] {logging_mixin.py:188} INFO - [2025-11-18T07:13:31.941+0000] {dag.py:3823} INFO - Setting next_dagrun for create_audit_table to None, run_after=None
[2025-11-18T07:13:31.964+0000] {processor.py:183} INFO - Processing /opt/airflow/dags/create_audit_table.py took 0.110 seconds
[2025-11-18T07:14:04.145+0000] {processor.py:161} INFO - Started process (PID=15728) to work on /opt/airflow/dags/create_audit_table.py
[2025-11-18T07:14:04.200+0000] {processor.py:830} INFO - Processing file /opt/airflow/dags/create_audit_table.py for tasks to queue
[2025-11-18T07:14:04.206+0000] {logging_mixin.py:188} INFO - [2025-11-18T07:14:04.206+0000] {dagbag.py:538} INFO - Filling up the DagBag from /opt/airflow/dags/create_audit_table.py
[2025-11-18T07:14:05.749+0000] {processor.py:840} INFO - DAG(s) 'create_audit_table' retrieved from /opt/airflow/dags/create_audit_table.py
[2025-11-18T07:14:06.259+0000] {logging_mixin.py:188} INFO - [2025-11-18T07:14:06.258+0000] {dag.py:3036} INFO - Sync 1 DAGs
[2025-11-18T07:14:06.526+0000] {logging_mixin.py:188} INFO - [2025-11-18T07:14:06.525+0000] {dag.py:3823} INFO - Setting next_dagrun for create_audit_table to None, run_after=None
[2025-11-18T07:14:07.037+0000] {processor.py:183} INFO - Processing /opt/airflow/dags/create_audit_table.py took 3.022 seconds
[2025-11-18T07:14:38.784+0000] {processor.py:161} INFO - Started process (PID=15755) to work on /opt/airflow/dags/create_audit_table.py
[2025-11-18T07:14:38.787+0000] {processor.py:830} INFO - Processing file /opt/airflow/dags/create_audit_table.py for tasks to queue
[2025-11-18T07:14:38.789+0000] {logging_mixin.py:188} INFO - [2025-11-18T07:14:38.788+0000] {dagbag.py:538} INFO - Filling up the DagBag from /opt/airflow/dags/create_audit_table.py
[2025-11-18T07:14:38.820+0000] {processor.py:840} INFO - DAG(s) 'create_audit_table' retrieved from /opt/airflow/dags/create_audit_table.py
[2025-11-18T07:14:38.878+0000] {logging_mixin.py:188} INFO - [2025-11-18T07:14:38.877+0000] {dag.py:3036} INFO - Sync 1 DAGs
[2025-11-18T07:14:38.895+0000] {logging_mixin.py:188} INFO - [2025-11-18T07:14:38.894+0000] {dag.py:3823} INFO - Setting next_dagrun for create_audit_table to None, run_after=None
[2025-11-18T07:14:38.929+0000] {processor.py:183} INFO - Processing /opt/airflow/dags/create_audit_table.py took 0.152 seconds
[2025-11-18T07:15:09.096+0000] {processor.py:161} INFO - Started process (PID=15780) to work on /opt/airflow/dags/create_audit_table.py
[2025-11-18T07:15:09.098+0000] {processor.py:830} INFO - Processing file /opt/airflow/dags/create_audit_table.py for tasks to queue
[2025-11-18T07:15:09.099+0000] {logging_mixin.py:188} INFO - [2025-11-18T07:15:09.099+0000] {dagbag.py:538} INFO - Filling up the DagBag from /opt/airflow/dags/create_audit_table.py
[2025-11-18T07:15:09.135+0000] {processor.py:840} INFO - DAG(s) 'create_audit_table' retrieved from /opt/airflow/dags/create_audit_table.py
[2025-11-18T07:15:09.180+0000] {logging_mixin.py:188} INFO - [2025-11-18T07:15:09.180+0000] {dag.py:3036} INFO - Sync 1 DAGs
[2025-11-18T07:15:09.198+0000] {logging_mixin.py:188} INFO - [2025-11-18T07:15:09.196+0000] {dag.py:3823} INFO - Setting next_dagrun for create_audit_table to None, run_after=None
[2025-11-18T07:15:09.232+0000] {processor.py:183} INFO - Processing /opt/airflow/dags/create_audit_table.py took 0.139 seconds
[2025-11-18T07:15:39.562+0000] {processor.py:161} INFO - Started process (PID=15805) to work on /opt/airflow/dags/create_audit_table.py
[2025-11-18T07:15:39.563+0000] {processor.py:830} INFO - Processing file /opt/airflow/dags/create_audit_table.py for tasks to queue
[2025-11-18T07:15:39.564+0000] {logging_mixin.py:188} INFO - [2025-11-18T07:15:39.564+0000] {dagbag.py:538} INFO - Filling up the DagBag from /opt/airflow/dags/create_audit_table.py
[2025-11-18T07:15:39.586+0000] {processor.py:840} INFO - DAG(s) 'create_audit_table' retrieved from /opt/airflow/dags/create_audit_table.py
[2025-11-18T07:15:39.619+0000] {logging_mixin.py:188} INFO - [2025-11-18T07:15:39.619+0000] {dag.py:3036} INFO - Sync 1 DAGs
[2025-11-18T07:15:39.633+0000] {logging_mixin.py:188} INFO - [2025-11-18T07:15:39.633+0000] {dag.py:3823} INFO - Setting next_dagrun for create_audit_table to None, run_after=None
[2025-11-18T07:15:39.683+0000] {processor.py:183} INFO - Processing /opt/airflow/dags/create_audit_table.py took 0.125 seconds
[2025-11-18T07:16:10.173+0000] {processor.py:161} INFO - Started process (PID=15830) to work on /opt/airflow/dags/create_audit_table.py
[2025-11-18T07:16:10.176+0000] {processor.py:830} INFO - Processing file /opt/airflow/dags/create_audit_table.py for tasks to queue
[2025-11-18T07:16:10.178+0000] {logging_mixin.py:188} INFO - [2025-11-18T07:16:10.177+0000] {dagbag.py:538} INFO - Filling up the DagBag from /opt/airflow/dags/create_audit_table.py
[2025-11-18T07:16:10.217+0000] {processor.py:840} INFO - DAG(s) 'create_audit_table' retrieved from /opt/airflow/dags/create_audit_table.py
[2025-11-18T07:16:10.279+0000] {logging_mixin.py:188} INFO - [2025-11-18T07:16:10.279+0000] {dag.py:3036} INFO - Sync 1 DAGs
[2025-11-18T07:16:10.334+0000] {logging_mixin.py:188} INFO - [2025-11-18T07:16:10.334+0000] {dag.py:3823} INFO - Setting next_dagrun for create_audit_table to None, run_after=None
[2025-11-18T07:16:10.458+0000] {processor.py:183} INFO - Processing /opt/airflow/dags/create_audit_table.py took 0.290 seconds
[2025-11-18T07:16:41.500+0000] {processor.py:161} INFO - Started process (PID=15855) to work on /opt/airflow/dags/create_audit_table.py
[2025-11-18T07:16:41.511+0000] {processor.py:830} INFO - Processing file /opt/airflow/dags/create_audit_table.py for tasks to queue
[2025-11-18T07:16:41.513+0000] {logging_mixin.py:188} INFO - [2025-11-18T07:16:41.513+0000] {dagbag.py:538} INFO - Filling up the DagBag from /opt/airflow/dags/create_audit_table.py
[2025-11-18T07:16:41.567+0000] {processor.py:840} INFO - DAG(s) 'create_audit_table' retrieved from /opt/airflow/dags/create_audit_table.py
[2025-11-18T07:16:41.636+0000] {logging_mixin.py:188} INFO - [2025-11-18T07:16:41.636+0000] {dag.py:3036} INFO - Sync 1 DAGs
[2025-11-18T07:16:41.653+0000] {logging_mixin.py:188} INFO - [2025-11-18T07:16:41.653+0000] {dag.py:3823} INFO - Setting next_dagrun for create_audit_table to None, run_after=None
[2025-11-18T07:16:41.681+0000] {processor.py:183} INFO - Processing /opt/airflow/dags/create_audit_table.py took 0.186 seconds
[2025-11-18T07:17:12.058+0000] {processor.py:161} INFO - Started process (PID=15878) to work on /opt/airflow/dags/create_audit_table.py
[2025-11-18T07:17:12.068+0000] {processor.py:830} INFO - Processing file /opt/airflow/dags/create_audit_table.py for tasks to queue
[2025-11-18T07:17:12.071+0000] {logging_mixin.py:188} INFO - [2025-11-18T07:17:12.070+0000] {dagbag.py:538} INFO - Filling up the DagBag from /opt/airflow/dags/create_audit_table.py
[2025-11-18T07:17:12.378+0000] {processor.py:840} INFO - DAG(s) 'create_audit_table' retrieved from /opt/airflow/dags/create_audit_table.py
[2025-11-18T07:17:12.541+0000] {logging_mixin.py:188} INFO - [2025-11-18T07:17:12.541+0000] {dag.py:3036} INFO - Sync 1 DAGs
[2025-11-18T07:17:12.583+0000] {logging_mixin.py:188} INFO - [2025-11-18T07:17:12.583+0000] {dag.py:3823} INFO - Setting next_dagrun for create_audit_table to None, run_after=None
[2025-11-18T07:17:12.703+0000] {processor.py:183} INFO - Processing /opt/airflow/dags/create_audit_table.py took 0.652 seconds
[2025-11-18T07:17:47.305+0000] {processor.py:161} INFO - Started process (PID=15900) to work on /opt/airflow/dags/create_audit_table.py
[2025-11-18T07:17:47.315+0000] {processor.py:830} INFO - Processing file /opt/airflow/dags/create_audit_table.py for tasks to queue
[2025-11-18T07:17:47.319+0000] {logging_mixin.py:188} INFO - [2025-11-18T07:17:47.319+0000] {dagbag.py:538} INFO - Filling up the DagBag from /opt/airflow/dags/create_audit_table.py
[2025-11-18T07:17:47.529+0000] {processor.py:840} INFO - DAG(s) 'create_audit_table' retrieved from /opt/airflow/dags/create_audit_table.py
[2025-11-18T07:17:47.789+0000] {logging_mixin.py:188} INFO - [2025-11-18T07:17:47.777+0000] {dag.py:3036} INFO - Sync 1 DAGs
[2025-11-18T07:17:47.874+0000] {logging_mixin.py:188} INFO - [2025-11-18T07:17:47.874+0000] {dag.py:3823} INFO - Setting next_dagrun for create_audit_table to None, run_after=None
[2025-11-18T07:17:48.293+0000] {processor.py:183} INFO - Processing /opt/airflow/dags/create_audit_table.py took 0.993 seconds
[2025-11-18T07:18:19.129+0000] {processor.py:161} INFO - Started process (PID=15925) to work on /opt/airflow/dags/create_audit_table.py
[2025-11-18T07:18:19.131+0000] {processor.py:830} INFO - Processing file /opt/airflow/dags/create_audit_table.py for tasks to queue
[2025-11-18T07:18:19.133+0000] {logging_mixin.py:188} INFO - [2025-11-18T07:18:19.133+0000] {dagbag.py:538} INFO - Filling up the DagBag from /opt/airflow/dags/create_audit_table.py
[2025-11-18T07:18:19.184+0000] {processor.py:840} INFO - DAG(s) 'create_audit_table' retrieved from /opt/airflow/dags/create_audit_table.py
[2025-11-18T07:18:19.273+0000] {logging_mixin.py:188} INFO - [2025-11-18T07:18:19.269+0000] {dag.py:3036} INFO - Sync 1 DAGs
[2025-11-18T07:18:19.317+0000] {logging_mixin.py:188} INFO - [2025-11-18T07:18:19.316+0000] {dag.py:3823} INFO - Setting next_dagrun for create_audit_table to None, run_after=None
[2025-11-18T07:18:19.457+0000] {processor.py:183} INFO - Processing /opt/airflow/dags/create_audit_table.py took 0.332 seconds
[2025-11-18T07:18:50.422+0000] {processor.py:161} INFO - Started process (PID=15950) to work on /opt/airflow/dags/create_audit_table.py
[2025-11-18T07:18:50.426+0000] {processor.py:830} INFO - Processing file /opt/airflow/dags/create_audit_table.py for tasks to queue
[2025-11-18T07:18:50.430+0000] {logging_mixin.py:188} INFO - [2025-11-18T07:18:50.429+0000] {dagbag.py:538} INFO - Filling up the DagBag from /opt/airflow/dags/create_audit_table.py
[2025-11-18T07:18:50.471+0000] {processor.py:840} INFO - DAG(s) 'create_audit_table' retrieved from /opt/airflow/dags/create_audit_table.py
[2025-11-18T07:18:50.556+0000] {logging_mixin.py:188} INFO - [2025-11-18T07:18:50.555+0000] {dag.py:3036} INFO - Sync 1 DAGs
[2025-11-18T07:18:50.603+0000] {logging_mixin.py:188} INFO - [2025-11-18T07:18:50.602+0000] {dag.py:3823} INFO - Setting next_dagrun for create_audit_table to None, run_after=None
[2025-11-18T07:18:50.708+0000] {processor.py:183} INFO - Processing /opt/airflow/dags/create_audit_table.py took 0.303 seconds
[2025-11-18T07:19:21.619+0000] {processor.py:161} INFO - Started process (PID=15975) to work on /opt/airflow/dags/create_audit_table.py
[2025-11-18T07:19:21.621+0000] {processor.py:830} INFO - Processing file /opt/airflow/dags/create_audit_table.py for tasks to queue
[2025-11-18T07:19:21.624+0000] {logging_mixin.py:188} INFO - [2025-11-18T07:19:21.624+0000] {dagbag.py:538} INFO - Filling up the DagBag from /opt/airflow/dags/create_audit_table.py
[2025-11-18T07:19:21.661+0000] {processor.py:840} INFO - DAG(s) 'create_audit_table' retrieved from /opt/airflow/dags/create_audit_table.py
[2025-11-18T07:19:21.714+0000] {logging_mixin.py:188} INFO - [2025-11-18T07:19:21.714+0000] {dag.py:3036} INFO - Sync 1 DAGs
[2025-11-18T07:19:21.739+0000] {logging_mixin.py:188} INFO - [2025-11-18T07:19:21.739+0000] {dag.py:3823} INFO - Setting next_dagrun for create_audit_table to None, run_after=None
[2025-11-18T07:19:21.772+0000] {processor.py:183} INFO - Processing /opt/airflow/dags/create_audit_table.py took 0.161 seconds
[2025-11-18T07:19:52.047+0000] {processor.py:161} INFO - Started process (PID=16000) to work on /opt/airflow/dags/create_audit_table.py
[2025-11-18T07:19:52.050+0000] {processor.py:830} INFO - Processing file /opt/airflow/dags/create_audit_table.py for tasks to queue
[2025-11-18T07:19:52.052+0000] {logging_mixin.py:188} INFO - [2025-11-18T07:19:52.051+0000] {dagbag.py:538} INFO - Filling up the DagBag from /opt/airflow/dags/create_audit_table.py
[2025-11-18T07:19:52.080+0000] {processor.py:840} INFO - DAG(s) 'create_audit_table' retrieved from /opt/airflow/dags/create_audit_table.py
[2025-11-18T07:19:52.149+0000] {logging_mixin.py:188} INFO - [2025-11-18T07:19:52.148+0000] {dag.py:3036} INFO - Sync 1 DAGs
[2025-11-18T07:19:52.173+0000] {logging_mixin.py:188} INFO - [2025-11-18T07:19:52.172+0000] {dag.py:3823} INFO - Setting next_dagrun for create_audit_table to None, run_after=None
[2025-11-18T07:19:52.213+0000] {processor.py:183} INFO - Processing /opt/airflow/dags/create_audit_table.py took 0.172 seconds
[2025-11-18T07:20:22.375+0000] {processor.py:161} INFO - Started process (PID=16025) to work on /opt/airflow/dags/create_audit_table.py
[2025-11-18T07:20:22.382+0000] {processor.py:830} INFO - Processing file /opt/airflow/dags/create_audit_table.py for tasks to queue
[2025-11-18T07:20:22.384+0000] {logging_mixin.py:188} INFO - [2025-11-18T07:20:22.384+0000] {dagbag.py:538} INFO - Filling up the DagBag from /opt/airflow/dags/create_audit_table.py
[2025-11-18T07:20:22.418+0000] {processor.py:840} INFO - DAG(s) 'create_audit_table' retrieved from /opt/airflow/dags/create_audit_table.py
[2025-11-18T07:20:22.492+0000] {logging_mixin.py:188} INFO - [2025-11-18T07:20:22.492+0000] {dag.py:3036} INFO - Sync 1 DAGs
[2025-11-18T07:20:22.527+0000] {logging_mixin.py:188} INFO - [2025-11-18T07:20:22.527+0000] {dag.py:3823} INFO - Setting next_dagrun for create_audit_table to None, run_after=None
[2025-11-18T07:20:22.590+0000] {processor.py:183} INFO - Processing /opt/airflow/dags/create_audit_table.py took 0.221 seconds
[2025-11-18T07:20:53.411+0000] {processor.py:161} INFO - Started process (PID=16050) to work on /opt/airflow/dags/create_audit_table.py
[2025-11-18T07:20:53.413+0000] {processor.py:830} INFO - Processing file /opt/airflow/dags/create_audit_table.py for tasks to queue
[2025-11-18T07:20:53.414+0000] {logging_mixin.py:188} INFO - [2025-11-18T07:20:53.414+0000] {dagbag.py:538} INFO - Filling up the DagBag from /opt/airflow/dags/create_audit_table.py
[2025-11-18T07:20:53.446+0000] {processor.py:840} INFO - DAG(s) 'create_audit_table' retrieved from /opt/airflow/dags/create_audit_table.py
[2025-11-18T07:20:53.489+0000] {logging_mixin.py:188} INFO - [2025-11-18T07:20:53.488+0000] {dag.py:3036} INFO - Sync 1 DAGs
[2025-11-18T07:20:53.508+0000] {logging_mixin.py:188} INFO - [2025-11-18T07:20:53.508+0000] {dag.py:3823} INFO - Setting next_dagrun for create_audit_table to None, run_after=None
[2025-11-18T07:20:53.541+0000] {processor.py:183} INFO - Processing /opt/airflow/dags/create_audit_table.py took 0.136 seconds
[2025-11-18T07:21:23.817+0000] {processor.py:161} INFO - Started process (PID=16075) to work on /opt/airflow/dags/create_audit_table.py
[2025-11-18T07:21:23.849+0000] {processor.py:830} INFO - Processing file /opt/airflow/dags/create_audit_table.py for tasks to queue
[2025-11-18T07:21:23.863+0000] {logging_mixin.py:188} INFO - [2025-11-18T07:21:23.862+0000] {dagbag.py:538} INFO - Filling up the DagBag from /opt/airflow/dags/create_audit_table.py
[2025-11-18T07:21:25.233+0000] {processor.py:840} INFO - DAG(s) 'create_audit_table' retrieved from /opt/airflow/dags/create_audit_table.py
[2025-11-18T07:21:25.422+0000] {logging_mixin.py:188} INFO - [2025-11-18T07:21:25.420+0000] {dag.py:3036} INFO - Sync 1 DAGs
[2025-11-18T07:21:25.681+0000] {logging_mixin.py:188} INFO - [2025-11-18T07:21:25.681+0000] {dag.py:3823} INFO - Setting next_dagrun for create_audit_table to None, run_after=None
[2025-11-18T07:21:25.960+0000] {processor.py:183} INFO - Processing /opt/airflow/dags/create_audit_table.py took 2.158 seconds
[2025-11-18T07:21:56.678+0000] {processor.py:161} INFO - Started process (PID=16100) to work on /opt/airflow/dags/create_audit_table.py
[2025-11-18T07:21:56.680+0000] {processor.py:830} INFO - Processing file /opt/airflow/dags/create_audit_table.py for tasks to queue
[2025-11-18T07:21:56.681+0000] {logging_mixin.py:188} INFO - [2025-11-18T07:21:56.681+0000] {dagbag.py:538} INFO - Filling up the DagBag from /opt/airflow/dags/create_audit_table.py
[2025-11-18T07:21:56.729+0000] {processor.py:840} INFO - DAG(s) 'create_audit_table' retrieved from /opt/airflow/dags/create_audit_table.py
[2025-11-18T07:21:56.806+0000] {logging_mixin.py:188} INFO - [2025-11-18T07:21:56.805+0000] {dag.py:3036} INFO - Sync 1 DAGs
[2025-11-18T07:21:56.852+0000] {logging_mixin.py:188} INFO - [2025-11-18T07:21:56.851+0000] {dag.py:3823} INFO - Setting next_dagrun for create_audit_table to None, run_after=None
[2025-11-18T07:21:57.203+0000] {processor.py:183} INFO - Processing /opt/airflow/dags/create_audit_table.py took 0.538 seconds
[2025-11-18T07:22:28.033+0000] {processor.py:161} INFO - Started process (PID=16125) to work on /opt/airflow/dags/create_audit_table.py
[2025-11-18T07:22:28.036+0000] {processor.py:830} INFO - Processing file /opt/airflow/dags/create_audit_table.py for tasks to queue
[2025-11-18T07:22:28.038+0000] {logging_mixin.py:188} INFO - [2025-11-18T07:22:28.038+0000] {dagbag.py:538} INFO - Filling up the DagBag from /opt/airflow/dags/create_audit_table.py
[2025-11-18T07:22:28.086+0000] {processor.py:840} INFO - DAG(s) 'create_audit_table' retrieved from /opt/airflow/dags/create_audit_table.py
[2025-11-18T07:22:28.207+0000] {logging_mixin.py:188} INFO - [2025-11-18T07:22:28.207+0000] {dag.py:3036} INFO - Sync 1 DAGs
[2025-11-18T07:22:28.287+0000] {logging_mixin.py:188} INFO - [2025-11-18T07:22:28.286+0000] {dag.py:3823} INFO - Setting next_dagrun for create_audit_table to None, run_after=None
[2025-11-18T07:22:28.370+0000] {processor.py:183} INFO - Processing /opt/airflow/dags/create_audit_table.py took 0.349 seconds
[2025-11-18T07:22:58.584+0000] {processor.py:161} INFO - Started process (PID=16150) to work on /opt/airflow/dags/create_audit_table.py
[2025-11-18T07:22:58.595+0000] {processor.py:830} INFO - Processing file /opt/airflow/dags/create_audit_table.py for tasks to queue
[2025-11-18T07:22:58.597+0000] {logging_mixin.py:188} INFO - [2025-11-18T07:22:58.597+0000] {dagbag.py:538} INFO - Filling up the DagBag from /opt/airflow/dags/create_audit_table.py
[2025-11-18T07:22:58.736+0000] {processor.py:840} INFO - DAG(s) 'create_audit_table' retrieved from /opt/airflow/dags/create_audit_table.py
[2025-11-18T07:22:58.810+0000] {logging_mixin.py:188} INFO - [2025-11-18T07:22:58.809+0000] {dag.py:3036} INFO - Sync 1 DAGs
[2025-11-18T07:22:58.845+0000] {logging_mixin.py:188} INFO - [2025-11-18T07:22:58.844+0000] {dag.py:3823} INFO - Setting next_dagrun for create_audit_table to None, run_after=None
[2025-11-18T07:22:58.892+0000] {processor.py:183} INFO - Processing /opt/airflow/dags/create_audit_table.py took 0.314 seconds
[2025-11-18T07:23:29.222+0000] {processor.py:161} INFO - Started process (PID=16175) to work on /opt/airflow/dags/create_audit_table.py
[2025-11-18T07:23:29.224+0000] {processor.py:830} INFO - Processing file /opt/airflow/dags/create_audit_table.py for tasks to queue
[2025-11-18T07:23:29.225+0000] {logging_mixin.py:188} INFO - [2025-11-18T07:23:29.225+0000] {dagbag.py:538} INFO - Filling up the DagBag from /opt/airflow/dags/create_audit_table.py
[2025-11-18T07:23:29.265+0000] {processor.py:840} INFO - DAG(s) 'create_audit_table' retrieved from /opt/airflow/dags/create_audit_table.py
[2025-11-18T07:23:29.312+0000] {logging_mixin.py:188} INFO - [2025-11-18T07:23:29.311+0000] {dag.py:3036} INFO - Sync 1 DAGs
[2025-11-18T07:23:29.325+0000] {logging_mixin.py:188} INFO - [2025-11-18T07:23:29.325+0000] {dag.py:3823} INFO - Setting next_dagrun for create_audit_table to None, run_after=None
[2025-11-18T07:23:29.386+0000] {processor.py:183} INFO - Processing /opt/airflow/dags/create_audit_table.py took 0.167 seconds
[2025-11-18T07:24:00.467+0000] {processor.py:161} INFO - Started process (PID=16200) to work on /opt/airflow/dags/create_audit_table.py
[2025-11-18T07:24:00.472+0000] {processor.py:830} INFO - Processing file /opt/airflow/dags/create_audit_table.py for tasks to queue
[2025-11-18T07:24:00.482+0000] {logging_mixin.py:188} INFO - [2025-11-18T07:24:00.482+0000] {dagbag.py:538} INFO - Filling up the DagBag from /opt/airflow/dags/create_audit_table.py
[2025-11-18T07:24:00.566+0000] {processor.py:840} INFO - DAG(s) 'create_audit_table' retrieved from /opt/airflow/dags/create_audit_table.py
[2025-11-18T07:24:00.616+0000] {logging_mixin.py:188} INFO - [2025-11-18T07:24:00.616+0000] {dag.py:3036} INFO - Sync 1 DAGs
[2025-11-18T07:24:00.644+0000] {logging_mixin.py:188} INFO - [2025-11-18T07:24:00.644+0000] {dag.py:3823} INFO - Setting next_dagrun for create_audit_table to None, run_after=None
[2025-11-18T07:24:00.712+0000] {processor.py:183} INFO - Processing /opt/airflow/dags/create_audit_table.py took 0.248 seconds
[2025-11-18T07:24:31.323+0000] {processor.py:161} INFO - Started process (PID=16225) to work on /opt/airflow/dags/create_audit_table.py
[2025-11-18T07:24:31.325+0000] {processor.py:830} INFO - Processing file /opt/airflow/dags/create_audit_table.py for tasks to queue
[2025-11-18T07:24:31.326+0000] {logging_mixin.py:188} INFO - [2025-11-18T07:24:31.326+0000] {dagbag.py:538} INFO - Filling up the DagBag from /opt/airflow/dags/create_audit_table.py
[2025-11-18T07:24:31.367+0000] {processor.py:840} INFO - DAG(s) 'create_audit_table' retrieved from /opt/airflow/dags/create_audit_table.py
[2025-11-18T07:24:31.412+0000] {logging_mixin.py:188} INFO - [2025-11-18T07:24:31.412+0000] {dag.py:3036} INFO - Sync 1 DAGs
[2025-11-18T07:24:31.428+0000] {logging_mixin.py:188} INFO - [2025-11-18T07:24:31.427+0000] {dag.py:3823} INFO - Setting next_dagrun for create_audit_table to None, run_after=None
[2025-11-18T07:24:31.447+0000] {processor.py:183} INFO - Processing /opt/airflow/dags/create_audit_table.py took 0.132 seconds
[2025-11-18T07:25:01.623+0000] {processor.py:161} INFO - Started process (PID=16250) to work on /opt/airflow/dags/create_audit_table.py
[2025-11-18T07:25:01.625+0000] {processor.py:830} INFO - Processing file /opt/airflow/dags/create_audit_table.py for tasks to queue
[2025-11-18T07:25:01.627+0000] {logging_mixin.py:188} INFO - [2025-11-18T07:25:01.626+0000] {dagbag.py:538} INFO - Filling up the DagBag from /opt/airflow/dags/create_audit_table.py
[2025-11-18T07:25:01.648+0000] {processor.py:840} INFO - DAG(s) 'create_audit_table' retrieved from /opt/airflow/dags/create_audit_table.py
[2025-11-18T07:25:01.686+0000] {logging_mixin.py:188} INFO - [2025-11-18T07:25:01.686+0000] {dag.py:3036} INFO - Sync 1 DAGs
[2025-11-18T07:25:01.698+0000] {logging_mixin.py:188} INFO - [2025-11-18T07:25:01.698+0000] {dag.py:3823} INFO - Setting next_dagrun for create_audit_table to None, run_after=None
[2025-11-18T07:25:01.723+0000] {processor.py:183} INFO - Processing /opt/airflow/dags/create_audit_table.py took 0.105 seconds
[2025-11-18T07:25:32.555+0000] {processor.py:161} INFO - Started process (PID=16275) to work on /opt/airflow/dags/create_audit_table.py
[2025-11-18T07:25:32.557+0000] {processor.py:830} INFO - Processing file /opt/airflow/dags/create_audit_table.py for tasks to queue
[2025-11-18T07:25:32.558+0000] {logging_mixin.py:188} INFO - [2025-11-18T07:25:32.557+0000] {dagbag.py:538} INFO - Filling up the DagBag from /opt/airflow/dags/create_audit_table.py
[2025-11-18T07:25:32.583+0000] {processor.py:840} INFO - DAG(s) 'create_audit_table' retrieved from /opt/airflow/dags/create_audit_table.py
[2025-11-18T07:25:32.613+0000] {logging_mixin.py:188} INFO - [2025-11-18T07:25:32.613+0000] {dag.py:3036} INFO - Sync 1 DAGs
[2025-11-18T07:25:32.632+0000] {logging_mixin.py:188} INFO - [2025-11-18T07:25:32.632+0000] {dag.py:3823} INFO - Setting next_dagrun for create_audit_table to None, run_after=None
[2025-11-18T07:25:32.667+0000] {processor.py:183} INFO - Processing /opt/airflow/dags/create_audit_table.py took 0.117 seconds
[2025-11-18T07:26:03.167+0000] {processor.py:161} INFO - Started process (PID=16300) to work on /opt/airflow/dags/create_audit_table.py
[2025-11-18T07:26:03.169+0000] {processor.py:830} INFO - Processing file /opt/airflow/dags/create_audit_table.py for tasks to queue
[2025-11-18T07:26:03.171+0000] {logging_mixin.py:188} INFO - [2025-11-18T07:26:03.170+0000] {dagbag.py:538} INFO - Filling up the DagBag from /opt/airflow/dags/create_audit_table.py
[2025-11-18T07:26:03.216+0000] {processor.py:840} INFO - DAG(s) 'create_audit_table' retrieved from /opt/airflow/dags/create_audit_table.py
[2025-11-18T07:26:03.276+0000] {logging_mixin.py:188} INFO - [2025-11-18T07:26:03.265+0000] {dag.py:3036} INFO - Sync 1 DAGs
[2025-11-18T07:26:03.326+0000] {logging_mixin.py:188} INFO - [2025-11-18T07:26:03.325+0000] {dag.py:3823} INFO - Setting next_dagrun for create_audit_table to None, run_after=None
[2025-11-18T07:26:03.391+0000] {processor.py:183} INFO - Processing /opt/airflow/dags/create_audit_table.py took 0.229 seconds
[2025-11-18T07:26:34.332+0000] {processor.py:161} INFO - Started process (PID=16325) to work on /opt/airflow/dags/create_audit_table.py
[2025-11-18T07:26:34.365+0000] {processor.py:830} INFO - Processing file /opt/airflow/dags/create_audit_table.py for tasks to queue
[2025-11-18T07:26:34.378+0000] {logging_mixin.py:188} INFO - [2025-11-18T07:26:34.377+0000] {dagbag.py:538} INFO - Filling up the DagBag from /opt/airflow/dags/create_audit_table.py
[2025-11-18T07:26:34.665+0000] {processor.py:840} INFO - DAG(s) 'create_audit_table' retrieved from /opt/airflow/dags/create_audit_table.py
[2025-11-18T07:26:36.879+0000] {logging_mixin.py:188} INFO - [2025-11-18T07:26:36.879+0000] {dag.py:3036} INFO - Sync 1 DAGs
[2025-11-18T07:26:36.959+0000] {logging_mixin.py:188} INFO - [2025-11-18T07:26:36.959+0000] {dag.py:3823} INFO - Setting next_dagrun for create_audit_table to None, run_after=None
[2025-11-18T07:26:37.059+0000] {processor.py:183} INFO - Processing /opt/airflow/dags/create_audit_table.py took 2.789 seconds
[2025-11-18T07:27:09.049+0000] {processor.py:161} INFO - Started process (PID=16350) to work on /opt/airflow/dags/create_audit_table.py
[2025-11-18T07:27:09.062+0000] {processor.py:830} INFO - Processing file /opt/airflow/dags/create_audit_table.py for tasks to queue
[2025-11-18T07:27:09.067+0000] {logging_mixin.py:188} INFO - [2025-11-18T07:27:09.066+0000] {dagbag.py:538} INFO - Filling up the DagBag from /opt/airflow/dags/create_audit_table.py
[2025-11-18T07:27:10.310+0000] {processor.py:840} INFO - DAG(s) 'create_audit_table' retrieved from /opt/airflow/dags/create_audit_table.py
[2025-11-18T07:27:10.505+0000] {logging_mixin.py:188} INFO - [2025-11-18T07:27:10.504+0000] {dag.py:3036} INFO - Sync 1 DAGs
[2025-11-18T07:27:10.585+0000] {logging_mixin.py:188} INFO - [2025-11-18T07:27:10.584+0000] {dag.py:3823} INFO - Setting next_dagrun for create_audit_table to None, run_after=None
[2025-11-18T07:27:10.777+0000] {processor.py:183} INFO - Processing /opt/airflow/dags/create_audit_table.py took 1.763 seconds
[2025-11-18T07:27:41.796+0000] {processor.py:161} INFO - Started process (PID=16375) to work on /opt/airflow/dags/create_audit_table.py
[2025-11-18T07:27:41.799+0000] {processor.py:830} INFO - Processing file /opt/airflow/dags/create_audit_table.py for tasks to queue
[2025-11-18T07:27:41.802+0000] {logging_mixin.py:188} INFO - [2025-11-18T07:27:41.801+0000] {dagbag.py:538} INFO - Filling up the DagBag from /opt/airflow/dags/create_audit_table.py
[2025-11-18T07:27:41.960+0000] {processor.py:840} INFO - DAG(s) 'create_audit_table' retrieved from /opt/airflow/dags/create_audit_table.py
[2025-11-18T07:27:44.105+0000] {logging_mixin.py:188} INFO - [2025-11-18T07:27:44.105+0000] {dag.py:3036} INFO - Sync 1 DAGs
[2025-11-18T07:27:46.292+0000] {logging_mixin.py:188} INFO - [2025-11-18T07:27:46.292+0000] {dag.py:3823} INFO - Setting next_dagrun for create_audit_table to None, run_after=None
[2025-11-18T07:27:46.900+0000] {processor.py:183} INFO - Processing /opt/airflow/dags/create_audit_table.py took 5.119 seconds
[2025-11-18T07:28:19.387+0000] {processor.py:161} INFO - Started process (PID=16403) to work on /opt/airflow/dags/create_audit_table.py
[2025-11-18T07:28:19.398+0000] {processor.py:830} INFO - Processing file /opt/airflow/dags/create_audit_table.py for tasks to queue
[2025-11-18T07:28:19.401+0000] {logging_mixin.py:188} INFO - [2025-11-18T07:28:19.400+0000] {dagbag.py:538} INFO - Filling up the DagBag from /opt/airflow/dags/create_audit_table.py
[2025-11-18T07:28:19.575+0000] {processor.py:840} INFO - DAG(s) 'create_audit_table' retrieved from /opt/airflow/dags/create_audit_table.py
[2025-11-18T07:28:19.776+0000] {logging_mixin.py:188} INFO - [2025-11-18T07:28:19.775+0000] {dag.py:3036} INFO - Sync 1 DAGs
[2025-11-18T07:28:19.848+0000] {logging_mixin.py:188} INFO - [2025-11-18T07:28:19.848+0000] {dag.py:3823} INFO - Setting next_dagrun for create_audit_table to None, run_after=None
[2025-11-18T07:28:19.945+0000] {processor.py:183} INFO - Processing /opt/airflow/dags/create_audit_table.py took 0.564 seconds
[2025-11-18T07:28:50.492+0000] {processor.py:161} INFO - Started process (PID=16428) to work on /opt/airflow/dags/create_audit_table.py
[2025-11-18T07:28:50.501+0000] {processor.py:830} INFO - Processing file /opt/airflow/dags/create_audit_table.py for tasks to queue
[2025-11-18T07:28:50.503+0000] {logging_mixin.py:188} INFO - [2025-11-18T07:28:50.502+0000] {dagbag.py:538} INFO - Filling up the DagBag from /opt/airflow/dags/create_audit_table.py
[2025-11-18T07:28:50.557+0000] {processor.py:840} INFO - DAG(s) 'create_audit_table' retrieved from /opt/airflow/dags/create_audit_table.py
[2025-11-18T07:28:50.664+0000] {logging_mixin.py:188} INFO - [2025-11-18T07:28:50.663+0000] {dag.py:3036} INFO - Sync 1 DAGs
[2025-11-18T07:28:50.764+0000] {logging_mixin.py:188} INFO - [2025-11-18T07:28:50.763+0000] {dag.py:3823} INFO - Setting next_dagrun for create_audit_table to None, run_after=None
[2025-11-18T07:28:50.824+0000] {processor.py:183} INFO - Processing /opt/airflow/dags/create_audit_table.py took 0.339 seconds
[2025-11-18T07:29:21.224+0000] {processor.py:161} INFO - Started process (PID=16453) to work on /opt/airflow/dags/create_audit_table.py
[2025-11-18T07:29:21.230+0000] {processor.py:830} INFO - Processing file /opt/airflow/dags/create_audit_table.py for tasks to queue
[2025-11-18T07:29:21.233+0000] {logging_mixin.py:188} INFO - [2025-11-18T07:29:21.232+0000] {dagbag.py:538} INFO - Filling up the DagBag from /opt/airflow/dags/create_audit_table.py
[2025-11-18T07:29:21.369+0000] {processor.py:840} INFO - DAG(s) 'create_audit_table' retrieved from /opt/airflow/dags/create_audit_table.py
[2025-11-18T07:29:21.503+0000] {logging_mixin.py:188} INFO - [2025-11-18T07:29:21.502+0000] {dag.py:3036} INFO - Sync 1 DAGs
[2025-11-18T07:29:21.567+0000] {logging_mixin.py:188} INFO - [2025-11-18T07:29:21.566+0000] {dag.py:3823} INFO - Setting next_dagrun for create_audit_table to None, run_after=None
[2025-11-18T07:29:21.672+0000] {processor.py:183} INFO - Processing /opt/airflow/dags/create_audit_table.py took 0.453 seconds
[2025-11-18T07:29:52.486+0000] {processor.py:161} INFO - Started process (PID=16478) to work on /opt/airflow/dags/create_audit_table.py
[2025-11-18T07:29:52.491+0000] {processor.py:830} INFO - Processing file /opt/airflow/dags/create_audit_table.py for tasks to queue
[2025-11-18T07:29:52.496+0000] {logging_mixin.py:188} INFO - [2025-11-18T07:29:52.495+0000] {dagbag.py:538} INFO - Filling up the DagBag from /opt/airflow/dags/create_audit_table.py
[2025-11-18T07:29:52.978+0000] {processor.py:840} INFO - DAG(s) 'create_audit_table' retrieved from /opt/airflow/dags/create_audit_table.py
[2025-11-18T07:29:53.144+0000] {logging_mixin.py:188} INFO - [2025-11-18T07:29:53.143+0000] {dag.py:3036} INFO - Sync 1 DAGs
[2025-11-18T07:29:53.191+0000] {logging_mixin.py:188} INFO - [2025-11-18T07:29:53.190+0000] {dag.py:3823} INFO - Setting next_dagrun for create_audit_table to None, run_after=None
[2025-11-18T07:29:53.225+0000] {processor.py:183} INFO - Processing /opt/airflow/dags/create_audit_table.py took 0.749 seconds
[2025-11-18T07:30:23.734+0000] {processor.py:161} INFO - Started process (PID=16503) to work on /opt/airflow/dags/create_audit_table.py
[2025-11-18T07:30:23.738+0000] {processor.py:830} INFO - Processing file /opt/airflow/dags/create_audit_table.py for tasks to queue
[2025-11-18T07:30:23.741+0000] {logging_mixin.py:188} INFO - [2025-11-18T07:30:23.740+0000] {dagbag.py:538} INFO - Filling up the DagBag from /opt/airflow/dags/create_audit_table.py
[2025-11-18T07:30:23.787+0000] {processor.py:840} INFO - DAG(s) 'create_audit_table' retrieved from /opt/airflow/dags/create_audit_table.py
[2025-11-18T07:30:23.868+0000] {logging_mixin.py:188} INFO - [2025-11-18T07:30:23.867+0000] {dag.py:3036} INFO - Sync 1 DAGs
[2025-11-18T07:30:23.884+0000] {logging_mixin.py:188} INFO - [2025-11-18T07:30:23.884+0000] {dag.py:3823} INFO - Setting next_dagrun for create_audit_table to None, run_after=None
[2025-11-18T07:30:23.911+0000] {processor.py:183} INFO - Processing /opt/airflow/dags/create_audit_table.py took 0.189 seconds
[2025-11-18T07:30:56.602+0000] {processor.py:161} INFO - Started process (PID=16528) to work on /opt/airflow/dags/create_audit_table.py
[2025-11-18T07:30:56.621+0000] {processor.py:830} INFO - Processing file /opt/airflow/dags/create_audit_table.py for tasks to queue
[2025-11-18T07:30:56.628+0000] {logging_mixin.py:188} INFO - [2025-11-18T07:30:56.626+0000] {dagbag.py:538} INFO - Filling up the DagBag from /opt/airflow/dags/create_audit_table.py
[2025-11-18T07:30:56.823+0000] {processor.py:840} INFO - DAG(s) 'create_audit_table' retrieved from /opt/airflow/dags/create_audit_table.py
[2025-11-18T07:30:57.473+0000] {logging_mixin.py:188} INFO - [2025-11-18T07:30:57.472+0000] {dag.py:3036} INFO - Sync 1 DAGs
[2025-11-18T07:30:58.053+0000] {logging_mixin.py:188} INFO - [2025-11-18T07:30:58.052+0000] {dag.py:3823} INFO - Setting next_dagrun for create_audit_table to None, run_after=None
[2025-11-18T07:30:58.555+0000] {processor.py:183} INFO - Processing /opt/airflow/dags/create_audit_table.py took 1.995 seconds
[2025-11-18T07:32:23.948+0000] {processor.py:161} INFO - Started process (PID=16555) to work on /opt/airflow/dags/create_audit_table.py
[2025-11-18T07:32:24.526+0000] {processor.py:830} INFO - Processing file /opt/airflow/dags/create_audit_table.py for tasks to queue
[2025-11-18T07:32:24.598+0000] {logging_mixin.py:188} INFO - [2025-11-18T07:32:24.563+0000] {dagbag.py:538} INFO - Filling up the DagBag from /opt/airflow/dags/create_audit_table.py
[2025-11-18T07:32:26.100+0000] {processor.py:840} INFO - DAG(s) 'create_audit_table' retrieved from /opt/airflow/dags/create_audit_table.py
[2025-11-18T07:32:29.415+0000] {logging_mixin.py:188} INFO - [2025-11-18T07:32:29.414+0000] {dag.py:3036} INFO - Sync 1 DAGs
[2025-11-18T07:33:17.226+0000] {processor.py:161} INFO - Started process (PID=16588) to work on /opt/airflow/dags/create_audit_table.py
[2025-11-18T07:33:17.399+0000] {processor.py:830} INFO - Processing file /opt/airflow/dags/create_audit_table.py for tasks to queue
[2025-11-18T07:33:17.579+0000] {logging_mixin.py:188} INFO - [2025-11-18T07:33:17.578+0000] {dagbag.py:538} INFO - Filling up the DagBag from /opt/airflow/dags/create_audit_table.py
[2025-11-18T07:33:18.314+0000] {processor.py:840} INFO - DAG(s) 'create_audit_table' retrieved from /opt/airflow/dags/create_audit_table.py
[2025-11-18T07:33:18.561+0000] {logging_mixin.py:188} INFO - [2025-11-18T07:33:18.561+0000] {dag.py:3036} INFO - Sync 1 DAGs
[2025-11-18T07:33:18.656+0000] {logging_mixin.py:188} INFO - [2025-11-18T07:33:18.655+0000] {dag.py:3823} INFO - Setting next_dagrun for create_audit_table to None, run_after=None
[2025-11-18T07:33:18.782+0000] {processor.py:183} INFO - Processing /opt/airflow/dags/create_audit_table.py took 1.565 seconds
[2025-11-18T07:33:57.979+0000] {processor.py:161} INFO - Started process (PID=16611) to work on /opt/airflow/dags/create_audit_table.py
[2025-11-18T07:33:58.029+0000] {processor.py:830} INFO - Processing file /opt/airflow/dags/create_audit_table.py for tasks to queue
[2025-11-18T07:33:58.134+0000] {logging_mixin.py:188} INFO - [2025-11-18T07:33:58.133+0000] {dagbag.py:538} INFO - Filling up the DagBag from /opt/airflow/dags/create_audit_table.py
[2025-11-18T07:33:58.918+0000] {processor.py:840} INFO - DAG(s) 'create_audit_table' retrieved from /opt/airflow/dags/create_audit_table.py
[2025-11-18T07:34:00.205+0000] {logging_mixin.py:188} INFO - [2025-11-18T07:34:00.205+0000] {dag.py:3036} INFO - Sync 1 DAGs
[2025-11-18T07:34:00.261+0000] {logging_mixin.py:188} INFO - [2025-11-18T07:34:00.260+0000] {dag.py:3823} INFO - Setting next_dagrun for create_audit_table to None, run_after=None
[2025-11-18T07:34:00.329+0000] {processor.py:183} INFO - Processing /opt/airflow/dags/create_audit_table.py took 2.368 seconds
[2025-11-18T07:34:30.616+0000] {processor.py:161} INFO - Started process (PID=16638) to work on /opt/airflow/dags/create_audit_table.py
[2025-11-18T07:34:30.619+0000] {processor.py:830} INFO - Processing file /opt/airflow/dags/create_audit_table.py for tasks to queue
[2025-11-18T07:34:30.628+0000] {logging_mixin.py:188} INFO - [2025-11-18T07:34:30.621+0000] {dagbag.py:538} INFO - Filling up the DagBag from /opt/airflow/dags/create_audit_table.py
[2025-11-18T07:34:30.795+0000] {processor.py:840} INFO - DAG(s) 'create_audit_table' retrieved from /opt/airflow/dags/create_audit_table.py
[2025-11-18T07:34:30.868+0000] {logging_mixin.py:188} INFO - [2025-11-18T07:34:30.868+0000] {dag.py:3036} INFO - Sync 1 DAGs
[2025-11-18T07:34:30.920+0000] {logging_mixin.py:188} INFO - [2025-11-18T07:34:30.920+0000] {dag.py:3823} INFO - Setting next_dagrun for create_audit_table to None, run_after=None
[2025-11-18T07:34:31.012+0000] {processor.py:183} INFO - Processing /opt/airflow/dags/create_audit_table.py took 0.403 seconds
[2025-11-18T07:35:01.365+0000] {processor.py:161} INFO - Started process (PID=16663) to work on /opt/airflow/dags/create_audit_table.py
[2025-11-18T07:35:01.369+0000] {processor.py:830} INFO - Processing file /opt/airflow/dags/create_audit_table.py for tasks to queue
[2025-11-18T07:35:01.371+0000] {logging_mixin.py:188} INFO - [2025-11-18T07:35:01.371+0000] {dagbag.py:538} INFO - Filling up the DagBag from /opt/airflow/dags/create_audit_table.py
[2025-11-18T07:35:01.399+0000] {processor.py:840} INFO - DAG(s) 'create_audit_table' retrieved from /opt/airflow/dags/create_audit_table.py
[2025-11-18T07:35:01.439+0000] {logging_mixin.py:188} INFO - [2025-11-18T07:35:01.439+0000] {dag.py:3036} INFO - Sync 1 DAGs
[2025-11-18T07:35:01.459+0000] {logging_mixin.py:188} INFO - [2025-11-18T07:35:01.459+0000] {dag.py:3823} INFO - Setting next_dagrun for create_audit_table to None, run_after=None
[2025-11-18T07:35:01.501+0000] {processor.py:183} INFO - Processing /opt/airflow/dags/create_audit_table.py took 0.139 seconds
[2025-11-18T07:35:31.758+0000] {processor.py:161} INFO - Started process (PID=16688) to work on /opt/airflow/dags/create_audit_table.py
[2025-11-18T07:35:31.760+0000] {processor.py:830} INFO - Processing file /opt/airflow/dags/create_audit_table.py for tasks to queue
[2025-11-18T07:35:31.761+0000] {logging_mixin.py:188} INFO - [2025-11-18T07:35:31.761+0000] {dagbag.py:538} INFO - Filling up the DagBag from /opt/airflow/dags/create_audit_table.py
[2025-11-18T07:35:31.783+0000] {processor.py:840} INFO - DAG(s) 'create_audit_table' retrieved from /opt/airflow/dags/create_audit_table.py
[2025-11-18T07:35:31.813+0000] {logging_mixin.py:188} INFO - [2025-11-18T07:35:31.813+0000] {dag.py:3036} INFO - Sync 1 DAGs
[2025-11-18T07:35:31.828+0000] {logging_mixin.py:188} INFO - [2025-11-18T07:35:31.827+0000] {dag.py:3823} INFO - Setting next_dagrun for create_audit_table to None, run_after=None
[2025-11-18T07:35:31.854+0000] {processor.py:183} INFO - Processing /opt/airflow/dags/create_audit_table.py took 0.100 seconds
[2025-11-18T07:36:02.756+0000] {processor.py:161} INFO - Started process (PID=16713) to work on /opt/airflow/dags/create_audit_table.py
[2025-11-18T07:36:02.780+0000] {processor.py:830} INFO - Processing file /opt/airflow/dags/create_audit_table.py for tasks to queue
[2025-11-18T07:36:02.790+0000] {logging_mixin.py:188} INFO - [2025-11-18T07:36:02.789+0000] {dagbag.py:538} INFO - Filling up the DagBag from /opt/airflow/dags/create_audit_table.py
[2025-11-18T07:36:02.945+0000] {processor.py:840} INFO - DAG(s) 'create_audit_table' retrieved from /opt/airflow/dags/create_audit_table.py
[2025-11-18T07:36:03.067+0000] {logging_mixin.py:188} INFO - [2025-11-18T07:36:03.067+0000] {dag.py:3036} INFO - Sync 1 DAGs
[2025-11-18T07:36:03.138+0000] {logging_mixin.py:188} INFO - [2025-11-18T07:36:03.138+0000] {dag.py:3823} INFO - Setting next_dagrun for create_audit_table to None, run_after=None
[2025-11-18T07:36:03.289+0000] {processor.py:183} INFO - Processing /opt/airflow/dags/create_audit_table.py took 0.538 seconds
[2025-11-18T07:36:34.152+0000] {processor.py:161} INFO - Started process (PID=16738) to work on /opt/airflow/dags/create_audit_table.py
[2025-11-18T07:36:34.169+0000] {processor.py:830} INFO - Processing file /opt/airflow/dags/create_audit_table.py for tasks to queue
[2025-11-18T07:36:34.177+0000] {logging_mixin.py:188} INFO - [2025-11-18T07:36:34.176+0000] {dagbag.py:538} INFO - Filling up the DagBag from /opt/airflow/dags/create_audit_table.py
[2025-11-18T07:36:34.361+0000] {processor.py:840} INFO - DAG(s) 'create_audit_table' retrieved from /opt/airflow/dags/create_audit_table.py
[2025-11-18T07:36:34.471+0000] {logging_mixin.py:188} INFO - [2025-11-18T07:36:34.471+0000] {dag.py:3036} INFO - Sync 1 DAGs
[2025-11-18T07:36:34.519+0000] {logging_mixin.py:188} INFO - [2025-11-18T07:36:34.519+0000] {dag.py:3823} INFO - Setting next_dagrun for create_audit_table to None, run_after=None
[2025-11-18T07:36:34.608+0000] {processor.py:183} INFO - Processing /opt/airflow/dags/create_audit_table.py took 0.461 seconds
[2025-11-18T07:37:05.290+0000] {processor.py:161} INFO - Started process (PID=16763) to work on /opt/airflow/dags/create_audit_table.py
[2025-11-18T07:37:05.295+0000] {processor.py:830} INFO - Processing file /opt/airflow/dags/create_audit_table.py for tasks to queue
[2025-11-18T07:37:05.297+0000] {logging_mixin.py:188} INFO - [2025-11-18T07:37:05.296+0000] {dagbag.py:538} INFO - Filling up the DagBag from /opt/airflow/dags/create_audit_table.py
[2025-11-18T07:37:05.346+0000] {processor.py:840} INFO - DAG(s) 'create_audit_table' retrieved from /opt/airflow/dags/create_audit_table.py
[2025-11-18T07:37:05.409+0000] {logging_mixin.py:188} INFO - [2025-11-18T07:37:05.409+0000] {dag.py:3036} INFO - Sync 1 DAGs
[2025-11-18T07:37:05.439+0000] {logging_mixin.py:188} INFO - [2025-11-18T07:37:05.439+0000] {dag.py:3823} INFO - Setting next_dagrun for create_audit_table to None, run_after=None
[2025-11-18T07:37:05.476+0000] {processor.py:183} INFO - Processing /opt/airflow/dags/create_audit_table.py took 0.192 seconds
[2025-11-18T07:37:35.679+0000] {processor.py:161} INFO - Started process (PID=16788) to work on /opt/airflow/dags/create_audit_table.py
[2025-11-18T07:37:35.681+0000] {processor.py:830} INFO - Processing file /opt/airflow/dags/create_audit_table.py for tasks to queue
[2025-11-18T07:37:35.684+0000] {logging_mixin.py:188} INFO - [2025-11-18T07:37:35.683+0000] {dagbag.py:538} INFO - Filling up the DagBag from /opt/airflow/dags/create_audit_table.py
[2025-11-18T07:37:35.736+0000] {processor.py:840} INFO - DAG(s) 'create_audit_table' retrieved from /opt/airflow/dags/create_audit_table.py
[2025-11-18T07:37:35.800+0000] {logging_mixin.py:188} INFO - [2025-11-18T07:37:35.800+0000] {dag.py:3036} INFO - Sync 1 DAGs
[2025-11-18T07:37:35.821+0000] {logging_mixin.py:188} INFO - [2025-11-18T07:37:35.821+0000] {dag.py:3823} INFO - Setting next_dagrun for create_audit_table to None, run_after=None
[2025-11-18T07:37:35.860+0000] {processor.py:183} INFO - Processing /opt/airflow/dags/create_audit_table.py took 0.185 seconds
[2025-11-18T07:38:08.546+0000] {processor.py:161} INFO - Started process (PID=16813) to work on /opt/airflow/dags/create_audit_table.py
[2025-11-18T07:38:08.550+0000] {processor.py:830} INFO - Processing file /opt/airflow/dags/create_audit_table.py for tasks to queue
[2025-11-18T07:38:08.567+0000] {logging_mixin.py:188} INFO - [2025-11-18T07:38:08.566+0000] {dagbag.py:538} INFO - Filling up the DagBag from /opt/airflow/dags/create_audit_table.py
[2025-11-18T07:38:09.465+0000] {processor.py:840} INFO - DAG(s) 'create_audit_table' retrieved from /opt/airflow/dags/create_audit_table.py
[2025-11-18T07:38:09.583+0000] {logging_mixin.py:188} INFO - [2025-11-18T07:38:09.583+0000] {dag.py:3036} INFO - Sync 1 DAGs
[2025-11-18T07:38:09.676+0000] {logging_mixin.py:188} INFO - [2025-11-18T07:38:09.676+0000] {dag.py:3823} INFO - Setting next_dagrun for create_audit_table to None, run_after=None
[2025-11-18T07:38:09.792+0000] {processor.py:183} INFO - Processing /opt/airflow/dags/create_audit_table.py took 1.252 seconds
[2025-11-18T07:38:40.643+0000] {processor.py:161} INFO - Started process (PID=16838) to work on /opt/airflow/dags/create_audit_table.py
[2025-11-18T07:38:40.647+0000] {processor.py:830} INFO - Processing file /opt/airflow/dags/create_audit_table.py for tasks to queue
[2025-11-18T07:38:40.656+0000] {logging_mixin.py:188} INFO - [2025-11-18T07:38:40.650+0000] {dagbag.py:538} INFO - Filling up the DagBag from /opt/airflow/dags/create_audit_table.py
[2025-11-18T07:38:40.771+0000] {processor.py:840} INFO - DAG(s) 'create_audit_table' retrieved from /opt/airflow/dags/create_audit_table.py
[2025-11-18T07:38:41.119+0000] {logging_mixin.py:188} INFO - [2025-11-18T07:38:41.119+0000] {dag.py:3036} INFO - Sync 1 DAGs
[2025-11-18T07:38:41.171+0000] {logging_mixin.py:188} INFO - [2025-11-18T07:38:41.171+0000] {dag.py:3823} INFO - Setting next_dagrun for create_audit_table to None, run_after=None
[2025-11-18T07:38:41.245+0000] {processor.py:183} INFO - Processing /opt/airflow/dags/create_audit_table.py took 0.607 seconds
[2025-11-18T07:39:11.368+0000] {processor.py:161} INFO - Started process (PID=16863) to work on /opt/airflow/dags/create_audit_table.py
[2025-11-18T07:39:11.370+0000] {processor.py:830} INFO - Processing file /opt/airflow/dags/create_audit_table.py for tasks to queue
[2025-11-18T07:39:11.371+0000] {logging_mixin.py:188} INFO - [2025-11-18T07:39:11.370+0000] {dagbag.py:538} INFO - Filling up the DagBag from /opt/airflow/dags/create_audit_table.py
[2025-11-18T07:39:11.387+0000] {processor.py:840} INFO - DAG(s) 'create_audit_table' retrieved from /opt/airflow/dags/create_audit_table.py
[2025-11-18T07:39:11.413+0000] {logging_mixin.py:188} INFO - [2025-11-18T07:39:11.413+0000] {dag.py:3036} INFO - Sync 1 DAGs
[2025-11-18T07:39:11.424+0000] {logging_mixin.py:188} INFO - [2025-11-18T07:39:11.424+0000] {dag.py:3823} INFO - Setting next_dagrun for create_audit_table to None, run_after=None
[2025-11-18T07:39:11.446+0000] {processor.py:183} INFO - Processing /opt/airflow/dags/create_audit_table.py took 0.081 seconds
[2025-11-18T07:39:42.400+0000] {processor.py:161} INFO - Started process (PID=16888) to work on /opt/airflow/dags/create_audit_table.py
[2025-11-18T07:39:42.402+0000] {processor.py:830} INFO - Processing file /opt/airflow/dags/create_audit_table.py for tasks to queue
[2025-11-18T07:39:42.403+0000] {logging_mixin.py:188} INFO - [2025-11-18T07:39:42.403+0000] {dagbag.py:538} INFO - Filling up the DagBag from /opt/airflow/dags/create_audit_table.py
[2025-11-18T07:39:42.424+0000] {processor.py:840} INFO - DAG(s) 'create_audit_table' retrieved from /opt/airflow/dags/create_audit_table.py
[2025-11-18T07:39:42.498+0000] {logging_mixin.py:188} INFO - [2025-11-18T07:39:42.497+0000] {dag.py:3036} INFO - Sync 1 DAGs
[2025-11-18T07:39:42.525+0000] {logging_mixin.py:188} INFO - [2025-11-18T07:39:42.525+0000] {dag.py:3823} INFO - Setting next_dagrun for create_audit_table to None, run_after=None
[2025-11-18T07:39:42.562+0000] {processor.py:183} INFO - Processing /opt/airflow/dags/create_audit_table.py took 0.167 seconds
[2025-11-18T07:40:13.347+0000] {processor.py:161} INFO - Started process (PID=16913) to work on /opt/airflow/dags/create_audit_table.py
[2025-11-18T07:40:13.358+0000] {processor.py:830} INFO - Processing file /opt/airflow/dags/create_audit_table.py for tasks to queue
[2025-11-18T07:40:13.361+0000] {logging_mixin.py:188} INFO - [2025-11-18T07:40:13.361+0000] {dagbag.py:538} INFO - Filling up the DagBag from /opt/airflow/dags/create_audit_table.py
[2025-11-18T07:40:13.456+0000] {processor.py:840} INFO - DAG(s) 'create_audit_table' retrieved from /opt/airflow/dags/create_audit_table.py
[2025-11-18T07:40:13.570+0000] {logging_mixin.py:188} INFO - [2025-11-18T07:40:13.569+0000] {dag.py:3036} INFO - Sync 1 DAGs
[2025-11-18T07:40:13.613+0000] {logging_mixin.py:188} INFO - [2025-11-18T07:40:13.613+0000] {dag.py:3823} INFO - Setting next_dagrun for create_audit_table to None, run_after=None
[2025-11-18T07:40:14.080+0000] {processor.py:183} INFO - Processing /opt/airflow/dags/create_audit_table.py took 0.739 seconds
[2025-11-18T07:41:15.496+0000] {processor.py:161} INFO - Started process (PID=16936) to work on /opt/airflow/dags/create_audit_table.py
[2025-11-18T07:41:15.541+0000] {processor.py:830} INFO - Processing file /opt/airflow/dags/create_audit_table.py for tasks to queue
[2025-11-18T07:41:15.559+0000] {logging_mixin.py:188} INFO - [2025-11-18T07:41:15.558+0000] {dagbag.py:538} INFO - Filling up the DagBag from /opt/airflow/dags/create_audit_table.py
[2025-11-18T07:41:16.669+0000] {processor.py:840} INFO - DAG(s) 'create_audit_table' retrieved from /opt/airflow/dags/create_audit_table.py
[2025-11-18T07:41:18.534+0000] {logging_mixin.py:188} INFO - [2025-11-18T07:41:18.534+0000] {dag.py:3036} INFO - Sync 1 DAGs
[2025-11-18T07:41:19.248+0000] {logging_mixin.py:188} INFO - [2025-11-18T07:41:19.247+0000] {dag.py:3823} INFO - Setting next_dagrun for create_audit_table to None, run_after=None
[2025-11-18T07:41:20.669+0000] {processor.py:183} INFO - Processing /opt/airflow/dags/create_audit_table.py took 5.225 seconds
[2025-11-18T07:41:51.784+0000] {processor.py:161} INFO - Started process (PID=16961) to work on /opt/airflow/dags/create_audit_table.py
[2025-11-18T07:41:51.792+0000] {processor.py:830} INFO - Processing file /opt/airflow/dags/create_audit_table.py for tasks to queue
[2025-11-18T07:41:51.815+0000] {logging_mixin.py:188} INFO - [2025-11-18T07:41:51.814+0000] {dagbag.py:538} INFO - Filling up the DagBag from /opt/airflow/dags/create_audit_table.py
[2025-11-18T07:41:52.577+0000] {processor.py:840} INFO - DAG(s) 'create_audit_table' retrieved from /opt/airflow/dags/create_audit_table.py
[2025-11-18T07:41:53.009+0000] {logging_mixin.py:188} INFO - [2025-11-18T07:41:53.008+0000] {dag.py:3036} INFO - Sync 1 DAGs
[2025-11-18T07:41:53.210+0000] {logging_mixin.py:188} INFO - [2025-11-18T07:41:53.210+0000] {dag.py:3823} INFO - Setting next_dagrun for create_audit_table to None, run_after=None
[2025-11-18T07:41:53.390+0000] {processor.py:183} INFO - Processing /opt/airflow/dags/create_audit_table.py took 1.612 seconds
[2025-11-18T07:42:25.310+0000] {processor.py:161} INFO - Started process (PID=16986) to work on /opt/airflow/dags/create_audit_table.py
[2025-11-18T07:42:25.328+0000] {processor.py:830} INFO - Processing file /opt/airflow/dags/create_audit_table.py for tasks to queue
[2025-11-18T07:42:25.350+0000] {logging_mixin.py:188} INFO - [2025-11-18T07:42:25.348+0000] {dagbag.py:538} INFO - Filling up the DagBag from /opt/airflow/dags/create_audit_table.py
[2025-11-18T07:42:25.506+0000] {processor.py:840} INFO - DAG(s) 'create_audit_table' retrieved from /opt/airflow/dags/create_audit_table.py
[2025-11-18T07:42:25.935+0000] {logging_mixin.py:188} INFO - [2025-11-18T07:42:25.935+0000] {dag.py:3036} INFO - Sync 1 DAGs
[2025-11-18T07:42:25.987+0000] {logging_mixin.py:188} INFO - [2025-11-18T07:42:25.987+0000] {dag.py:3823} INFO - Setting next_dagrun for create_audit_table to None, run_after=None
[2025-11-18T07:42:26.081+0000] {processor.py:183} INFO - Processing /opt/airflow/dags/create_audit_table.py took 0.791 seconds
[2025-11-18T07:42:56.665+0000] {processor.py:161} INFO - Started process (PID=17011) to work on /opt/airflow/dags/create_audit_table.py
[2025-11-18T07:42:56.668+0000] {processor.py:830} INFO - Processing file /opt/airflow/dags/create_audit_table.py for tasks to queue
[2025-11-18T07:42:56.674+0000] {logging_mixin.py:188} INFO - [2025-11-18T07:42:56.674+0000] {dagbag.py:538} INFO - Filling up the DagBag from /opt/airflow/dags/create_audit_table.py
[2025-11-18T07:42:56.717+0000] {processor.py:840} INFO - DAG(s) 'create_audit_table' retrieved from /opt/airflow/dags/create_audit_table.py
[2025-11-18T07:42:56.816+0000] {logging_mixin.py:188} INFO - [2025-11-18T07:42:56.816+0000] {dag.py:3036} INFO - Sync 1 DAGs
[2025-11-18T07:42:56.869+0000] {logging_mixin.py:188} INFO - [2025-11-18T07:42:56.869+0000] {dag.py:3823} INFO - Setting next_dagrun for create_audit_table to None, run_after=None
[2025-11-18T07:42:56.956+0000] {processor.py:183} INFO - Processing /opt/airflow/dags/create_audit_table.py took 0.303 seconds
[2025-11-18T07:43:27.192+0000] {processor.py:161} INFO - Started process (PID=17036) to work on /opt/airflow/dags/create_audit_table.py
[2025-11-18T07:43:27.195+0000] {processor.py:830} INFO - Processing file /opt/airflow/dags/create_audit_table.py for tasks to queue
[2025-11-18T07:43:27.196+0000] {logging_mixin.py:188} INFO - [2025-11-18T07:43:27.196+0000] {dagbag.py:538} INFO - Filling up the DagBag from /opt/airflow/dags/create_audit_table.py
[2025-11-18T07:43:27.228+0000] {processor.py:840} INFO - DAG(s) 'create_audit_table' retrieved from /opt/airflow/dags/create_audit_table.py
[2025-11-18T07:43:27.262+0000] {logging_mixin.py:188} INFO - [2025-11-18T07:43:27.261+0000] {dag.py:3036} INFO - Sync 1 DAGs
[2025-11-18T07:43:27.277+0000] {logging_mixin.py:188} INFO - [2025-11-18T07:43:27.277+0000] {dag.py:3823} INFO - Setting next_dagrun for create_audit_table to None, run_after=None
[2025-11-18T07:43:27.416+0000] {processor.py:183} INFO - Processing /opt/airflow/dags/create_audit_table.py took 0.228 seconds
[2025-11-18T07:43:58.351+0000] {processor.py:161} INFO - Started process (PID=17061) to work on /opt/airflow/dags/create_audit_table.py
[2025-11-18T07:43:58.353+0000] {processor.py:830} INFO - Processing file /opt/airflow/dags/create_audit_table.py for tasks to queue
[2025-11-18T07:43:58.359+0000] {logging_mixin.py:188} INFO - [2025-11-18T07:43:58.359+0000] {dagbag.py:538} INFO - Filling up the DagBag from /opt/airflow/dags/create_audit_table.py
[2025-11-18T07:43:58.431+0000] {processor.py:840} INFO - DAG(s) 'create_audit_table' retrieved from /opt/airflow/dags/create_audit_table.py
[2025-11-18T07:43:58.522+0000] {logging_mixin.py:188} INFO - [2025-11-18T07:43:58.522+0000] {dag.py:3036} INFO - Sync 1 DAGs
[2025-11-18T07:43:58.571+0000] {logging_mixin.py:188} INFO - [2025-11-18T07:43:58.571+0000] {dag.py:3823} INFO - Setting next_dagrun for create_audit_table to None, run_after=None
[2025-11-18T07:43:58.735+0000] {processor.py:183} INFO - Processing /opt/airflow/dags/create_audit_table.py took 0.389 seconds
[2025-11-18T07:44:28.929+0000] {processor.py:161} INFO - Started process (PID=17086) to work on /opt/airflow/dags/create_audit_table.py
[2025-11-18T07:44:28.931+0000] {processor.py:830} INFO - Processing file /opt/airflow/dags/create_audit_table.py for tasks to queue
[2025-11-18T07:44:28.932+0000] {logging_mixin.py:188} INFO - [2025-11-18T07:44:28.932+0000] {dagbag.py:538} INFO - Filling up the DagBag from /opt/airflow/dags/create_audit_table.py
[2025-11-18T07:44:28.961+0000] {processor.py:840} INFO - DAG(s) 'create_audit_table' retrieved from /opt/airflow/dags/create_audit_table.py
[2025-11-18T07:44:29.025+0000] {logging_mixin.py:188} INFO - [2025-11-18T07:44:29.023+0000] {dag.py:3036} INFO - Sync 1 DAGs
[2025-11-18T07:44:29.048+0000] {logging_mixin.py:188} INFO - [2025-11-18T07:44:29.048+0000] {dag.py:3823} INFO - Setting next_dagrun for create_audit_table to None, run_after=None
[2025-11-18T07:44:29.074+0000] {processor.py:183} INFO - Processing /opt/airflow/dags/create_audit_table.py took 0.150 seconds
[2025-11-18T07:45:03.026+0000] {processor.py:161} INFO - Started process (PID=17111) to work on /opt/airflow/dags/create_audit_table.py
[2025-11-18T07:45:03.030+0000] {processor.py:830} INFO - Processing file /opt/airflow/dags/create_audit_table.py for tasks to queue
[2025-11-18T07:45:03.032+0000] {logging_mixin.py:188} INFO - [2025-11-18T07:45:03.031+0000] {dagbag.py:538} INFO - Filling up the DagBag from /opt/airflow/dags/create_audit_table.py
[2025-11-18T07:45:03.806+0000] {processor.py:840} INFO - DAG(s) 'create_audit_table' retrieved from /opt/airflow/dags/create_audit_table.py
[2025-11-18T07:45:04.545+0000] {logging_mixin.py:188} INFO - [2025-11-18T07:45:04.544+0000] {dag.py:3036} INFO - Sync 1 DAGs
[2025-11-18T07:45:05.098+0000] {logging_mixin.py:188} INFO - [2025-11-18T07:45:05.098+0000] {dag.py:3823} INFO - Setting next_dagrun for create_audit_table to None, run_after=None
[2025-11-18T07:45:05.461+0000] {processor.py:183} INFO - Processing /opt/airflow/dags/create_audit_table.py took 2.441 seconds
[2025-11-18T07:45:36.653+0000] {processor.py:161} INFO - Started process (PID=17136) to work on /opt/airflow/dags/create_audit_table.py
[2025-11-18T07:45:36.656+0000] {processor.py:830} INFO - Processing file /opt/airflow/dags/create_audit_table.py for tasks to queue
[2025-11-18T07:45:36.666+0000] {logging_mixin.py:188} INFO - [2025-11-18T07:45:36.657+0000] {dagbag.py:538} INFO - Filling up the DagBag from /opt/airflow/dags/create_audit_table.py
[2025-11-18T07:45:36.735+0000] {processor.py:840} INFO - DAG(s) 'create_audit_table' retrieved from /opt/airflow/dags/create_audit_table.py
[2025-11-18T07:45:36.851+0000] {logging_mixin.py:188} INFO - [2025-11-18T07:45:36.851+0000] {dag.py:3036} INFO - Sync 1 DAGs
[2025-11-18T07:45:36.918+0000] {logging_mixin.py:188} INFO - [2025-11-18T07:45:36.918+0000] {dag.py:3823} INFO - Setting next_dagrun for create_audit_table to None, run_after=None
[2025-11-18T07:45:37.189+0000] {processor.py:183} INFO - Processing /opt/airflow/dags/create_audit_table.py took 0.542 seconds
[2025-11-18T07:46:10.463+0000] {processor.py:161} INFO - Started process (PID=17161) to work on /opt/airflow/dags/create_audit_table.py
[2025-11-18T07:46:10.487+0000] {processor.py:830} INFO - Processing file /opt/airflow/dags/create_audit_table.py for tasks to queue
[2025-11-18T07:46:10.514+0000] {logging_mixin.py:188} INFO - [2025-11-18T07:46:10.513+0000] {dagbag.py:538} INFO - Filling up the DagBag from /opt/airflow/dags/create_audit_table.py
[2025-11-18T07:46:10.732+0000] {processor.py:840} INFO - DAG(s) 'create_audit_table' retrieved from /opt/airflow/dags/create_audit_table.py
[2025-11-18T07:46:10.844+0000] {logging_mixin.py:188} INFO - [2025-11-18T07:46:10.844+0000] {dag.py:3036} INFO - Sync 1 DAGs
[2025-11-18T07:46:10.895+0000] {logging_mixin.py:188} INFO - [2025-11-18T07:46:10.894+0000] {dag.py:3823} INFO - Setting next_dagrun for create_audit_table to None, run_after=None
[2025-11-18T07:46:10.975+0000] {processor.py:183} INFO - Processing /opt/airflow/dags/create_audit_table.py took 0.517 seconds
[2025-11-18T07:46:41.418+0000] {processor.py:161} INFO - Started process (PID=17188) to work on /opt/airflow/dags/create_audit_table.py
[2025-11-18T07:46:41.420+0000] {processor.py:830} INFO - Processing file /opt/airflow/dags/create_audit_table.py for tasks to queue
[2025-11-18T07:46:41.425+0000] {logging_mixin.py:188} INFO - [2025-11-18T07:46:41.424+0000] {dagbag.py:538} INFO - Filling up the DagBag from /opt/airflow/dags/create_audit_table.py
[2025-11-18T07:46:41.491+0000] {processor.py:840} INFO - DAG(s) 'create_audit_table' retrieved from /opt/airflow/dags/create_audit_table.py
[2025-11-18T07:46:41.544+0000] {logging_mixin.py:188} INFO - [2025-11-18T07:46:41.544+0000] {dag.py:3036} INFO - Sync 1 DAGs
[2025-11-18T07:46:41.563+0000] {logging_mixin.py:188} INFO - [2025-11-18T07:46:41.563+0000] {dag.py:3823} INFO - Setting next_dagrun for create_audit_table to None, run_after=None
[2025-11-18T07:46:41.588+0000] {processor.py:183} INFO - Processing /opt/airflow/dags/create_audit_table.py took 0.176 seconds
[2025-11-18T07:47:11.906+0000] {processor.py:161} INFO - Started process (PID=17211) to work on /opt/airflow/dags/create_audit_table.py
[2025-11-18T07:47:11.908+0000] {processor.py:830} INFO - Processing file /opt/airflow/dags/create_audit_table.py for tasks to queue
[2025-11-18T07:47:11.909+0000] {logging_mixin.py:188} INFO - [2025-11-18T07:47:11.909+0000] {dagbag.py:538} INFO - Filling up the DagBag from /opt/airflow/dags/create_audit_table.py
[2025-11-18T07:47:11.930+0000] {processor.py:840} INFO - DAG(s) 'create_audit_table' retrieved from /opt/airflow/dags/create_audit_table.py
[2025-11-18T07:47:11.997+0000] {logging_mixin.py:188} INFO - [2025-11-18T07:47:11.996+0000] {dag.py:3036} INFO - Sync 1 DAGs
[2025-11-18T07:47:12.016+0000] {logging_mixin.py:188} INFO - [2025-11-18T07:47:12.015+0000] {dag.py:3823} INFO - Setting next_dagrun for create_audit_table to None, run_after=None
[2025-11-18T07:47:12.039+0000] {processor.py:183} INFO - Processing /opt/airflow/dags/create_audit_table.py took 0.136 seconds
[2025-11-18T07:47:42.651+0000] {processor.py:161} INFO - Started process (PID=17236) to work on /opt/airflow/dags/create_audit_table.py
[2025-11-18T07:47:42.652+0000] {processor.py:830} INFO - Processing file /opt/airflow/dags/create_audit_table.py for tasks to queue
[2025-11-18T07:47:42.654+0000] {logging_mixin.py:188} INFO - [2025-11-18T07:47:42.653+0000] {dagbag.py:538} INFO - Filling up the DagBag from /opt/airflow/dags/create_audit_table.py
[2025-11-18T07:47:42.679+0000] {processor.py:840} INFO - DAG(s) 'create_audit_table' retrieved from /opt/airflow/dags/create_audit_table.py
[2025-11-18T07:47:42.714+0000] {logging_mixin.py:188} INFO - [2025-11-18T07:47:42.713+0000] {dag.py:3036} INFO - Sync 1 DAGs
[2025-11-18T07:47:42.736+0000] {logging_mixin.py:188} INFO - [2025-11-18T07:47:42.736+0000] {dag.py:3823} INFO - Setting next_dagrun for create_audit_table to None, run_after=None
[2025-11-18T07:47:42.764+0000] {processor.py:183} INFO - Processing /opt/airflow/dags/create_audit_table.py took 0.117 seconds
[2025-11-18T07:48:13.702+0000] {processor.py:161} INFO - Started process (PID=17261) to work on /opt/airflow/dags/create_audit_table.py
[2025-11-18T07:48:13.705+0000] {processor.py:830} INFO - Processing file /opt/airflow/dags/create_audit_table.py for tasks to queue
[2025-11-18T07:48:13.708+0000] {logging_mixin.py:188} INFO - [2025-11-18T07:48:13.707+0000] {dagbag.py:538} INFO - Filling up the DagBag from /opt/airflow/dags/create_audit_table.py
[2025-11-18T07:48:13.735+0000] {processor.py:840} INFO - DAG(s) 'create_audit_table' retrieved from /opt/airflow/dags/create_audit_table.py
[2025-11-18T07:48:13.816+0000] {logging_mixin.py:188} INFO - [2025-11-18T07:48:13.815+0000] {dag.py:3036} INFO - Sync 1 DAGs
[2025-11-18T07:48:13.849+0000] {logging_mixin.py:188} INFO - [2025-11-18T07:48:13.848+0000] {dag.py:3823} INFO - Setting next_dagrun for create_audit_table to None, run_after=None
[2025-11-18T07:48:13.888+0000] {processor.py:183} INFO - Processing /opt/airflow/dags/create_audit_table.py took 0.191 seconds
[2025-11-18T07:48:44.290+0000] {processor.py:161} INFO - Started process (PID=17286) to work on /opt/airflow/dags/create_audit_table.py
[2025-11-18T07:48:44.292+0000] {processor.py:830} INFO - Processing file /opt/airflow/dags/create_audit_table.py for tasks to queue
[2025-11-18T07:48:44.293+0000] {logging_mixin.py:188} INFO - [2025-11-18T07:48:44.293+0000] {dagbag.py:538} INFO - Filling up the DagBag from /opt/airflow/dags/create_audit_table.py
[2025-11-18T07:48:44.317+0000] {processor.py:840} INFO - DAG(s) 'create_audit_table' retrieved from /opt/airflow/dags/create_audit_table.py
[2025-11-18T07:48:44.352+0000] {logging_mixin.py:188} INFO - [2025-11-18T07:48:44.352+0000] {dag.py:3036} INFO - Sync 1 DAGs
[2025-11-18T07:48:44.372+0000] {logging_mixin.py:188} INFO - [2025-11-18T07:48:44.372+0000] {dag.py:3823} INFO - Setting next_dagrun for create_audit_table to None, run_after=None
[2025-11-18T07:48:44.407+0000] {processor.py:183} INFO - Processing /opt/airflow/dags/create_audit_table.py took 0.121 seconds
[2025-11-18T07:49:15.263+0000] {processor.py:161} INFO - Started process (PID=17311) to work on /opt/airflow/dags/create_audit_table.py
[2025-11-18T07:49:15.265+0000] {processor.py:830} INFO - Processing file /opt/airflow/dags/create_audit_table.py for tasks to queue
[2025-11-18T07:49:15.268+0000] {logging_mixin.py:188} INFO - [2025-11-18T07:49:15.267+0000] {dagbag.py:538} INFO - Filling up the DagBag from /opt/airflow/dags/create_audit_table.py
[2025-11-18T07:49:15.390+0000] {processor.py:840} INFO - DAG(s) 'create_audit_table' retrieved from /opt/airflow/dags/create_audit_table.py
[2025-11-18T07:49:15.506+0000] {logging_mixin.py:188} INFO - [2025-11-18T07:49:15.506+0000] {dag.py:3036} INFO - Sync 1 DAGs
[2025-11-18T07:49:15.560+0000] {logging_mixin.py:188} INFO - [2025-11-18T07:49:15.559+0000] {dag.py:3823} INFO - Setting next_dagrun for create_audit_table to None, run_after=None
[2025-11-18T07:49:15.651+0000] {processor.py:183} INFO - Processing /opt/airflow/dags/create_audit_table.py took 0.386 seconds
[2025-11-18T07:49:46.343+0000] {processor.py:161} INFO - Started process (PID=17336) to work on /opt/airflow/dags/create_audit_table.py
[2025-11-18T07:49:46.360+0000] {processor.py:830} INFO - Processing file /opt/airflow/dags/create_audit_table.py for tasks to queue
[2025-11-18T07:49:46.367+0000] {logging_mixin.py:188} INFO - [2025-11-18T07:49:46.366+0000] {dagbag.py:538} INFO - Filling up the DagBag from /opt/airflow/dags/create_audit_table.py
[2025-11-18T07:49:46.477+0000] {processor.py:840} INFO - DAG(s) 'create_audit_table' retrieved from /opt/airflow/dags/create_audit_table.py
[2025-11-18T07:49:46.662+0000] {logging_mixin.py:188} INFO - [2025-11-18T07:49:46.662+0000] {dag.py:3036} INFO - Sync 1 DAGs
[2025-11-18T07:49:46.716+0000] {logging_mixin.py:188} INFO - [2025-11-18T07:49:46.716+0000] {dag.py:3823} INFO - Setting next_dagrun for create_audit_table to None, run_after=None
[2025-11-18T07:49:46.760+0000] {processor.py:183} INFO - Processing /opt/airflow/dags/create_audit_table.py took 0.423 seconds
[2025-11-18T07:50:17.019+0000] {processor.py:161} INFO - Started process (PID=17361) to work on /opt/airflow/dags/create_audit_table.py
[2025-11-18T07:50:17.023+0000] {processor.py:830} INFO - Processing file /opt/airflow/dags/create_audit_table.py for tasks to queue
[2025-11-18T07:50:17.025+0000] {logging_mixin.py:188} INFO - [2025-11-18T07:50:17.024+0000] {dagbag.py:538} INFO - Filling up the DagBag from /opt/airflow/dags/create_audit_table.py
[2025-11-18T07:50:17.055+0000] {processor.py:840} INFO - DAG(s) 'create_audit_table' retrieved from /opt/airflow/dags/create_audit_table.py
[2025-11-18T07:50:17.105+0000] {logging_mixin.py:188} INFO - [2025-11-18T07:50:17.105+0000] {dag.py:3036} INFO - Sync 1 DAGs
[2025-11-18T07:50:17.124+0000] {logging_mixin.py:188} INFO - [2025-11-18T07:50:17.123+0000] {dag.py:3823} INFO - Setting next_dagrun for create_audit_table to None, run_after=None
[2025-11-18T07:50:17.156+0000] {processor.py:183} INFO - Processing /opt/airflow/dags/create_audit_table.py took 0.142 seconds
[2025-11-18T07:50:48.261+0000] {processor.py:161} INFO - Started process (PID=17383) to work on /opt/airflow/dags/create_audit_table.py
[2025-11-18T07:50:48.264+0000] {processor.py:830} INFO - Processing file /opt/airflow/dags/create_audit_table.py for tasks to queue
[2025-11-18T07:50:48.265+0000] {logging_mixin.py:188} INFO - [2025-11-18T07:50:48.265+0000] {dagbag.py:538} INFO - Filling up the DagBag from /opt/airflow/dags/create_audit_table.py
[2025-11-18T07:50:48.289+0000] {processor.py:840} INFO - DAG(s) 'create_audit_table' retrieved from /opt/airflow/dags/create_audit_table.py
[2025-11-18T07:50:48.341+0000] {logging_mixin.py:188} INFO - [2025-11-18T07:50:48.341+0000] {dag.py:3036} INFO - Sync 1 DAGs
[2025-11-18T07:50:48.359+0000] {logging_mixin.py:188} INFO - [2025-11-18T07:50:48.359+0000] {dag.py:3823} INFO - Setting next_dagrun for create_audit_table to None, run_after=None
[2025-11-18T07:50:48.408+0000] {processor.py:183} INFO - Processing /opt/airflow/dags/create_audit_table.py took 0.152 seconds
[2025-11-18T07:51:18.866+0000] {processor.py:161} INFO - Started process (PID=17411) to work on /opt/airflow/dags/create_audit_table.py
[2025-11-18T07:51:18.870+0000] {processor.py:830} INFO - Processing file /opt/airflow/dags/create_audit_table.py for tasks to queue
[2025-11-18T07:51:18.879+0000] {logging_mixin.py:188} INFO - [2025-11-18T07:51:18.873+0000] {dagbag.py:538} INFO - Filling up the DagBag from /opt/airflow/dags/create_audit_table.py
[2025-11-18T07:51:18.917+0000] {processor.py:840} INFO - DAG(s) 'create_audit_table' retrieved from /opt/airflow/dags/create_audit_table.py
[2025-11-18T07:51:19.018+0000] {logging_mixin.py:188} INFO - [2025-11-18T07:51:19.018+0000] {dag.py:3036} INFO - Sync 1 DAGs
[2025-11-18T07:51:19.083+0000] {logging_mixin.py:188} INFO - [2025-11-18T07:51:19.083+0000] {dag.py:3823} INFO - Setting next_dagrun for create_audit_table to None, run_after=None
[2025-11-18T07:51:19.175+0000] {processor.py:183} INFO - Processing /opt/airflow/dags/create_audit_table.py took 0.315 seconds
[2025-11-18T07:51:49.908+0000] {processor.py:161} INFO - Started process (PID=17436) to work on /opt/airflow/dags/create_audit_table.py
[2025-11-18T07:51:49.913+0000] {processor.py:830} INFO - Processing file /opt/airflow/dags/create_audit_table.py for tasks to queue
[2025-11-18T07:51:49.927+0000] {logging_mixin.py:188} INFO - [2025-11-18T07:51:49.927+0000] {dagbag.py:538} INFO - Filling up the DagBag from /opt/airflow/dags/create_audit_table.py
[2025-11-18T07:51:49.974+0000] {processor.py:840} INFO - DAG(s) 'create_audit_table' retrieved from /opt/airflow/dags/create_audit_table.py
[2025-11-18T07:51:50.036+0000] {logging_mixin.py:188} INFO - [2025-11-18T07:51:50.035+0000] {dag.py:3036} INFO - Sync 1 DAGs
[2025-11-18T07:51:50.077+0000] {logging_mixin.py:188} INFO - [2025-11-18T07:51:50.077+0000] {dag.py:3823} INFO - Setting next_dagrun for create_audit_table to None, run_after=None
[2025-11-18T07:51:50.132+0000] {processor.py:183} INFO - Processing /opt/airflow/dags/create_audit_table.py took 0.228 seconds
[2025-11-18T07:52:20.442+0000] {processor.py:161} INFO - Started process (PID=17461) to work on /opt/airflow/dags/create_audit_table.py
[2025-11-18T07:52:20.444+0000] {processor.py:830} INFO - Processing file /opt/airflow/dags/create_audit_table.py for tasks to queue
[2025-11-18T07:52:20.447+0000] {logging_mixin.py:188} INFO - [2025-11-18T07:52:20.446+0000] {dagbag.py:538} INFO - Filling up the DagBag from /opt/airflow/dags/create_audit_table.py
[2025-11-18T07:52:20.501+0000] {processor.py:840} INFO - DAG(s) 'create_audit_table' retrieved from /opt/airflow/dags/create_audit_table.py
[2025-11-18T07:52:20.611+0000] {logging_mixin.py:188} INFO - [2025-11-18T07:52:20.610+0000] {dag.py:3036} INFO - Sync 1 DAGs
[2025-11-18T07:52:20.676+0000] {logging_mixin.py:188} INFO - [2025-11-18T07:52:20.675+0000] {dag.py:3823} INFO - Setting next_dagrun for create_audit_table to None, run_after=None
[2025-11-18T07:52:20.747+0000] {processor.py:183} INFO - Processing /opt/airflow/dags/create_audit_table.py took 0.309 seconds
[2025-11-18T07:52:51.231+0000] {processor.py:161} INFO - Started process (PID=17486) to work on /opt/airflow/dags/create_audit_table.py
[2025-11-18T07:52:51.232+0000] {processor.py:830} INFO - Processing file /opt/airflow/dags/create_audit_table.py for tasks to queue
[2025-11-18T07:52:51.234+0000] {logging_mixin.py:188} INFO - [2025-11-18T07:52:51.234+0000] {dagbag.py:538} INFO - Filling up the DagBag from /opt/airflow/dags/create_audit_table.py
[2025-11-18T07:52:51.259+0000] {processor.py:840} INFO - DAG(s) 'create_audit_table' retrieved from /opt/airflow/dags/create_audit_table.py
[2025-11-18T07:52:51.308+0000] {logging_mixin.py:188} INFO - [2025-11-18T07:52:51.308+0000] {dag.py:3036} INFO - Sync 1 DAGs
[2025-11-18T07:52:51.337+0000] {logging_mixin.py:188} INFO - [2025-11-18T07:52:51.337+0000] {dag.py:3823} INFO - Setting next_dagrun for create_audit_table to None, run_after=None
[2025-11-18T07:52:51.389+0000] {processor.py:183} INFO - Processing /opt/airflow/dags/create_audit_table.py took 0.164 seconds
[2025-11-18T07:53:23.844+0000] {processor.py:161} INFO - Started process (PID=17511) to work on /opt/airflow/dags/create_audit_table.py
[2025-11-18T07:53:23.852+0000] {processor.py:830} INFO - Processing file /opt/airflow/dags/create_audit_table.py for tasks to queue
[2025-11-18T07:53:23.856+0000] {logging_mixin.py:188} INFO - [2025-11-18T07:53:23.855+0000] {dagbag.py:538} INFO - Filling up the DagBag from /opt/airflow/dags/create_audit_table.py
[2025-11-18T07:53:24.499+0000] {processor.py:840} INFO - DAG(s) 'create_audit_table' retrieved from /opt/airflow/dags/create_audit_table.py
[2025-11-18T07:53:24.736+0000] {logging_mixin.py:188} INFO - [2025-11-18T07:53:24.736+0000] {dag.py:3036} INFO - Sync 1 DAGs
[2025-11-18T07:53:24.789+0000] {logging_mixin.py:188} INFO - [2025-11-18T07:53:24.788+0000] {dag.py:3823} INFO - Setting next_dagrun for create_audit_table to None, run_after=None
[2025-11-18T07:53:24.910+0000] {processor.py:183} INFO - Processing /opt/airflow/dags/create_audit_table.py took 1.070 seconds
[2025-11-18T07:53:56.156+0000] {processor.py:161} INFO - Started process (PID=17538) to work on /opt/airflow/dags/create_audit_table.py
[2025-11-18T07:53:56.158+0000] {processor.py:830} INFO - Processing file /opt/airflow/dags/create_audit_table.py for tasks to queue
[2025-11-18T07:53:56.164+0000] {logging_mixin.py:188} INFO - [2025-11-18T07:53:56.164+0000] {dagbag.py:538} INFO - Filling up the DagBag from /opt/airflow/dags/create_audit_table.py
[2025-11-18T07:53:56.194+0000] {processor.py:840} INFO - DAG(s) 'create_audit_table' retrieved from /opt/airflow/dags/create_audit_table.py
[2025-11-18T07:53:56.251+0000] {logging_mixin.py:188} INFO - [2025-11-18T07:53:56.251+0000] {dag.py:3036} INFO - Sync 1 DAGs
[2025-11-18T07:53:56.266+0000] {logging_mixin.py:188} INFO - [2025-11-18T07:53:56.266+0000] {dag.py:3823} INFO - Setting next_dagrun for create_audit_table to None, run_after=None
[2025-11-18T07:53:56.290+0000] {processor.py:183} INFO - Processing /opt/airflow/dags/create_audit_table.py took 0.139 seconds
[2025-11-18T07:54:27.032+0000] {processor.py:161} INFO - Started process (PID=17563) to work on /opt/airflow/dags/create_audit_table.py
[2025-11-18T07:54:27.034+0000] {processor.py:830} INFO - Processing file /opt/airflow/dags/create_audit_table.py for tasks to queue
[2025-11-18T07:54:27.036+0000] {logging_mixin.py:188} INFO - [2025-11-18T07:54:27.036+0000] {dagbag.py:538} INFO - Filling up the DagBag from /opt/airflow/dags/create_audit_table.py
[2025-11-18T07:54:27.090+0000] {processor.py:840} INFO - DAG(s) 'create_audit_table' retrieved from /opt/airflow/dags/create_audit_table.py
[2025-11-18T07:54:27.147+0000] {logging_mixin.py:188} INFO - [2025-11-18T07:54:27.147+0000] {dag.py:3036} INFO - Sync 1 DAGs
[2025-11-18T07:54:27.161+0000] {logging_mixin.py:188} INFO - [2025-11-18T07:54:27.160+0000] {dag.py:3823} INFO - Setting next_dagrun for create_audit_table to None, run_after=None
[2025-11-18T07:54:27.203+0000] {processor.py:183} INFO - Processing /opt/airflow/dags/create_audit_table.py took 0.176 seconds
[2025-11-18T07:54:57.499+0000] {processor.py:161} INFO - Started process (PID=17588) to work on /opt/airflow/dags/create_audit_table.py
[2025-11-18T07:54:57.505+0000] {processor.py:830} INFO - Processing file /opt/airflow/dags/create_audit_table.py for tasks to queue
[2025-11-18T07:54:57.509+0000] {logging_mixin.py:188} INFO - [2025-11-18T07:54:57.508+0000] {dagbag.py:538} INFO - Filling up the DagBag from /opt/airflow/dags/create_audit_table.py
[2025-11-18T07:54:57.548+0000] {processor.py:840} INFO - DAG(s) 'create_audit_table' retrieved from /opt/airflow/dags/create_audit_table.py
[2025-11-18T07:54:57.610+0000] {logging_mixin.py:188} INFO - [2025-11-18T07:54:57.610+0000] {dag.py:3036} INFO - Sync 1 DAGs
[2025-11-18T07:54:57.643+0000] {logging_mixin.py:188} INFO - [2025-11-18T07:54:57.643+0000] {dag.py:3823} INFO - Setting next_dagrun for create_audit_table to None, run_after=None
[2025-11-18T07:54:57.707+0000] {processor.py:183} INFO - Processing /opt/airflow/dags/create_audit_table.py took 0.221 seconds
[2025-11-18T07:55:28.373+0000] {processor.py:161} INFO - Started process (PID=17613) to work on /opt/airflow/dags/create_audit_table.py
[2025-11-18T07:55:28.375+0000] {processor.py:830} INFO - Processing file /opt/airflow/dags/create_audit_table.py for tasks to queue
[2025-11-18T07:55:28.376+0000] {logging_mixin.py:188} INFO - [2025-11-18T07:55:28.376+0000] {dagbag.py:538} INFO - Filling up the DagBag from /opt/airflow/dags/create_audit_table.py
[2025-11-18T07:55:28.395+0000] {processor.py:840} INFO - DAG(s) 'create_audit_table' retrieved from /opt/airflow/dags/create_audit_table.py
[2025-11-18T07:55:28.435+0000] {logging_mixin.py:188} INFO - [2025-11-18T07:55:28.435+0000] {dag.py:3036} INFO - Sync 1 DAGs
[2025-11-18T07:55:28.454+0000] {logging_mixin.py:188} INFO - [2025-11-18T07:55:28.454+0000] {dag.py:3823} INFO - Setting next_dagrun for create_audit_table to None, run_after=None
[2025-11-18T07:55:28.478+0000] {processor.py:183} INFO - Processing /opt/airflow/dags/create_audit_table.py took 0.111 seconds
[2025-11-18T07:55:59.174+0000] {processor.py:161} INFO - Started process (PID=17638) to work on /opt/airflow/dags/create_audit_table.py
[2025-11-18T07:55:59.176+0000] {processor.py:830} INFO - Processing file /opt/airflow/dags/create_audit_table.py for tasks to queue
[2025-11-18T07:55:59.179+0000] {logging_mixin.py:188} INFO - [2025-11-18T07:55:59.178+0000] {dagbag.py:538} INFO - Filling up the DagBag from /opt/airflow/dags/create_audit_table.py
[2025-11-18T07:55:59.208+0000] {processor.py:840} INFO - DAG(s) 'create_audit_table' retrieved from /opt/airflow/dags/create_audit_table.py
[2025-11-18T07:55:59.244+0000] {logging_mixin.py:188} INFO - [2025-11-18T07:55:59.244+0000] {dag.py:3036} INFO - Sync 1 DAGs
[2025-11-18T07:55:59.261+0000] {logging_mixin.py:188} INFO - [2025-11-18T07:55:59.260+0000] {dag.py:3823} INFO - Setting next_dagrun for create_audit_table to None, run_after=None
[2025-11-18T07:55:59.291+0000] {processor.py:183} INFO - Processing /opt/airflow/dags/create_audit_table.py took 0.121 seconds
[2025-11-18T07:56:30.114+0000] {processor.py:161} INFO - Started process (PID=17663) to work on /opt/airflow/dags/create_audit_table.py
[2025-11-18T07:56:30.116+0000] {processor.py:830} INFO - Processing file /opt/airflow/dags/create_audit_table.py for tasks to queue
[2025-11-18T07:56:30.117+0000] {logging_mixin.py:188} INFO - [2025-11-18T07:56:30.117+0000] {dagbag.py:538} INFO - Filling up the DagBag from /opt/airflow/dags/create_audit_table.py
[2025-11-18T07:56:30.143+0000] {processor.py:840} INFO - DAG(s) 'create_audit_table' retrieved from /opt/airflow/dags/create_audit_table.py
[2025-11-18T07:56:30.182+0000] {logging_mixin.py:188} INFO - [2025-11-18T07:56:30.181+0000] {dag.py:3036} INFO - Sync 1 DAGs
[2025-11-18T07:56:30.198+0000] {logging_mixin.py:188} INFO - [2025-11-18T07:56:30.198+0000] {dag.py:3823} INFO - Setting next_dagrun for create_audit_table to None, run_after=None
[2025-11-18T07:56:30.226+0000] {processor.py:183} INFO - Processing /opt/airflow/dags/create_audit_table.py took 0.116 seconds
[2025-11-18T07:57:00.893+0000] {processor.py:161} INFO - Started process (PID=17688) to work on /opt/airflow/dags/create_audit_table.py
[2025-11-18T07:57:00.895+0000] {processor.py:830} INFO - Processing file /opt/airflow/dags/create_audit_table.py for tasks to queue
[2025-11-18T07:57:00.897+0000] {logging_mixin.py:188} INFO - [2025-11-18T07:57:00.896+0000] {dagbag.py:538} INFO - Filling up the DagBag from /opt/airflow/dags/create_audit_table.py
[2025-11-18T07:57:00.924+0000] {processor.py:840} INFO - DAG(s) 'create_audit_table' retrieved from /opt/airflow/dags/create_audit_table.py
[2025-11-18T07:57:00.968+0000] {logging_mixin.py:188} INFO - [2025-11-18T07:57:00.967+0000] {dag.py:3036} INFO - Sync 1 DAGs
[2025-11-18T07:57:00.985+0000] {logging_mixin.py:188} INFO - [2025-11-18T07:57:00.984+0000] {dag.py:3823} INFO - Setting next_dagrun for create_audit_table to None, run_after=None
[2025-11-18T07:57:01.016+0000] {processor.py:183} INFO - Processing /opt/airflow/dags/create_audit_table.py took 0.129 seconds
[2025-11-18T07:57:31.846+0000] {processor.py:161} INFO - Started process (PID=17713) to work on /opt/airflow/dags/create_audit_table.py
[2025-11-18T07:57:31.858+0000] {processor.py:830} INFO - Processing file /opt/airflow/dags/create_audit_table.py for tasks to queue
[2025-11-18T07:57:31.860+0000] {logging_mixin.py:188} INFO - [2025-11-18T07:57:31.860+0000] {dagbag.py:538} INFO - Filling up the DagBag from /opt/airflow/dags/create_audit_table.py
[2025-11-18T07:57:31.889+0000] {processor.py:840} INFO - DAG(s) 'create_audit_table' retrieved from /opt/airflow/dags/create_audit_table.py
[2025-11-18T07:57:31.919+0000] {logging_mixin.py:188} INFO - [2025-11-18T07:57:31.918+0000] {dag.py:3036} INFO - Sync 1 DAGs
[2025-11-18T07:57:31.937+0000] {logging_mixin.py:188} INFO - [2025-11-18T07:57:31.937+0000] {dag.py:3823} INFO - Setting next_dagrun for create_audit_table to None, run_after=None
[2025-11-18T07:57:31.981+0000] {processor.py:183} INFO - Processing /opt/airflow/dags/create_audit_table.py took 0.139 seconds
[2025-11-18T07:58:02.872+0000] {processor.py:161} INFO - Started process (PID=17738) to work on /opt/airflow/dags/create_audit_table.py
[2025-11-18T07:58:02.873+0000] {processor.py:830} INFO - Processing file /opt/airflow/dags/create_audit_table.py for tasks to queue
[2025-11-18T07:58:02.875+0000] {logging_mixin.py:188} INFO - [2025-11-18T07:58:02.874+0000] {dagbag.py:538} INFO - Filling up the DagBag from /opt/airflow/dags/create_audit_table.py
[2025-11-18T07:58:02.897+0000] {processor.py:840} INFO - DAG(s) 'create_audit_table' retrieved from /opt/airflow/dags/create_audit_table.py
[2025-11-18T07:58:02.927+0000] {logging_mixin.py:188} INFO - [2025-11-18T07:58:02.927+0000] {dag.py:3036} INFO - Sync 1 DAGs
[2025-11-18T07:58:02.942+0000] {logging_mixin.py:188} INFO - [2025-11-18T07:58:02.942+0000] {dag.py:3823} INFO - Setting next_dagrun for create_audit_table to None, run_after=None
[2025-11-18T07:58:02.985+0000] {processor.py:183} INFO - Processing /opt/airflow/dags/create_audit_table.py took 0.117 seconds
[2025-11-18T07:58:33.451+0000] {processor.py:161} INFO - Started process (PID=17763) to work on /opt/airflow/dags/create_audit_table.py
[2025-11-18T07:58:33.452+0000] {processor.py:830} INFO - Processing file /opt/airflow/dags/create_audit_table.py for tasks to queue
[2025-11-18T07:58:33.454+0000] {logging_mixin.py:188} INFO - [2025-11-18T07:58:33.453+0000] {dagbag.py:538} INFO - Filling up the DagBag from /opt/airflow/dags/create_audit_table.py
[2025-11-18T07:58:33.478+0000] {processor.py:840} INFO - DAG(s) 'create_audit_table' retrieved from /opt/airflow/dags/create_audit_table.py
[2025-11-18T07:58:33.513+0000] {logging_mixin.py:188} INFO - [2025-11-18T07:58:33.513+0000] {dag.py:3036} INFO - Sync 1 DAGs
[2025-11-18T07:58:33.527+0000] {logging_mixin.py:188} INFO - [2025-11-18T07:58:33.527+0000] {dag.py:3823} INFO - Setting next_dagrun for create_audit_table to None, run_after=None
[2025-11-18T07:58:33.554+0000] {processor.py:183} INFO - Processing /opt/airflow/dags/create_audit_table.py took 0.108 seconds
[2025-11-18T08:56:33.131+0000] {processor.py:161} INFO - Started process (PID=17801) to work on /opt/airflow/dags/create_audit_table.py
[2025-11-18T08:56:33.228+0000] {processor.py:830} INFO - Processing file /opt/airflow/dags/create_audit_table.py for tasks to queue
[2025-11-18T08:56:33.230+0000] {logging_mixin.py:188} INFO - [2025-11-18T08:56:33.230+0000] {dagbag.py:538} INFO - Filling up the DagBag from /opt/airflow/dags/create_audit_table.py
[2025-11-18T08:56:33.266+0000] {processor.py:840} INFO - DAG(s) 'create_audit_table' retrieved from /opt/airflow/dags/create_audit_table.py
[2025-11-18T08:56:33.733+0000] {logging_mixin.py:188} INFO - [2025-11-18T08:56:33.733+0000] {dag.py:3036} INFO - Sync 1 DAGs
[2025-11-18T08:56:33.827+0000] {logging_mixin.py:188} INFO - [2025-11-18T08:56:33.827+0000] {dag.py:3823} INFO - Setting next_dagrun for create_audit_table to None, run_after=None
[2025-11-18T08:56:34.079+0000] {processor.py:183} INFO - Processing /opt/airflow/dags/create_audit_table.py took 0.955 seconds
[2025-11-18T08:57:04.439+0000] {processor.py:161} INFO - Started process (PID=17823) to work on /opt/airflow/dags/create_audit_table.py
[2025-11-18T08:57:04.441+0000] {processor.py:830} INFO - Processing file /opt/airflow/dags/create_audit_table.py for tasks to queue
[2025-11-18T08:57:04.442+0000] {logging_mixin.py:188} INFO - [2025-11-18T08:57:04.442+0000] {dagbag.py:538} INFO - Filling up the DagBag from /opt/airflow/dags/create_audit_table.py
[2025-11-18T08:57:04.464+0000] {processor.py:840} INFO - DAG(s) 'create_audit_table' retrieved from /opt/airflow/dags/create_audit_table.py
[2025-11-18T08:57:04.514+0000] {logging_mixin.py:188} INFO - [2025-11-18T08:57:04.514+0000] {dag.py:3036} INFO - Sync 1 DAGs
[2025-11-18T08:57:04.558+0000] {logging_mixin.py:188} INFO - [2025-11-18T08:57:04.557+0000] {dag.py:3823} INFO - Setting next_dagrun for create_audit_table to None, run_after=None
[2025-11-18T08:57:04.619+0000] {processor.py:183} INFO - Processing /opt/airflow/dags/create_audit_table.py took 0.184 seconds
[2025-11-18T08:57:35.440+0000] {processor.py:161} INFO - Started process (PID=17851) to work on /opt/airflow/dags/create_audit_table.py
[2025-11-18T08:57:35.444+0000] {processor.py:830} INFO - Processing file /opt/airflow/dags/create_audit_table.py for tasks to queue
[2025-11-18T08:57:35.446+0000] {logging_mixin.py:188} INFO - [2025-11-18T08:57:35.446+0000] {dagbag.py:538} INFO - Filling up the DagBag from /opt/airflow/dags/create_audit_table.py
[2025-11-18T08:57:35.470+0000] {processor.py:840} INFO - DAG(s) 'create_audit_table' retrieved from /opt/airflow/dags/create_audit_table.py
[2025-11-18T08:57:35.544+0000] {logging_mixin.py:188} INFO - [2025-11-18T08:57:35.543+0000] {dag.py:3036} INFO - Sync 1 DAGs
[2025-11-18T08:57:35.559+0000] {logging_mixin.py:188} INFO - [2025-11-18T08:57:35.559+0000] {dag.py:3823} INFO - Setting next_dagrun for create_audit_table to None, run_after=None
[2025-11-18T08:57:35.587+0000] {processor.py:183} INFO - Processing /opt/airflow/dags/create_audit_table.py took 0.152 seconds
[2025-11-18T08:58:05.706+0000] {processor.py:161} INFO - Started process (PID=17876) to work on /opt/airflow/dags/create_audit_table.py
[2025-11-18T08:58:05.708+0000] {processor.py:830} INFO - Processing file /opt/airflow/dags/create_audit_table.py for tasks to queue
[2025-11-18T08:58:05.711+0000] {logging_mixin.py:188} INFO - [2025-11-18T08:58:05.710+0000] {dagbag.py:538} INFO - Filling up the DagBag from /opt/airflow/dags/create_audit_table.py
[2025-11-18T08:58:05.727+0000] {processor.py:840} INFO - DAG(s) 'create_audit_table' retrieved from /opt/airflow/dags/create_audit_table.py
[2025-11-18T08:58:05.780+0000] {logging_mixin.py:188} INFO - [2025-11-18T08:58:05.779+0000] {dag.py:3036} INFO - Sync 1 DAGs
[2025-11-18T08:58:05.801+0000] {logging_mixin.py:188} INFO - [2025-11-18T08:58:05.801+0000] {dag.py:3823} INFO - Setting next_dagrun for create_audit_table to None, run_after=None
[2025-11-18T08:58:05.871+0000] {processor.py:183} INFO - Processing /opt/airflow/dags/create_audit_table.py took 0.171 seconds
[2025-11-18T08:58:36.520+0000] {processor.py:161} INFO - Started process (PID=17901) to work on /opt/airflow/dags/create_audit_table.py
[2025-11-18T08:58:36.522+0000] {processor.py:830} INFO - Processing file /opt/airflow/dags/create_audit_table.py for tasks to queue
[2025-11-18T08:58:36.531+0000] {logging_mixin.py:188} INFO - [2025-11-18T08:58:36.531+0000] {dagbag.py:538} INFO - Filling up the DagBag from /opt/airflow/dags/create_audit_table.py
[2025-11-18T08:58:36.555+0000] {processor.py:840} INFO - DAG(s) 'create_audit_table' retrieved from /opt/airflow/dags/create_audit_table.py
[2025-11-18T08:58:36.639+0000] {logging_mixin.py:188} INFO - [2025-11-18T08:58:36.638+0000] {dag.py:3036} INFO - Sync 1 DAGs
[2025-11-18T08:58:36.682+0000] {logging_mixin.py:188} INFO - [2025-11-18T08:58:36.681+0000] {dag.py:3823} INFO - Setting next_dagrun for create_audit_table to None, run_after=None
[2025-11-18T08:58:36.743+0000] {processor.py:183} INFO - Processing /opt/airflow/dags/create_audit_table.py took 0.228 seconds
[2025-11-18T08:59:06.909+0000] {processor.py:161} INFO - Started process (PID=17926) to work on /opt/airflow/dags/create_audit_table.py
[2025-11-18T08:59:06.911+0000] {processor.py:830} INFO - Processing file /opt/airflow/dags/create_audit_table.py for tasks to queue
[2025-11-18T08:59:06.921+0000] {logging_mixin.py:188} INFO - [2025-11-18T08:59:06.912+0000] {dagbag.py:538} INFO - Filling up the DagBag from /opt/airflow/dags/create_audit_table.py
[2025-11-18T08:59:06.961+0000] {processor.py:840} INFO - DAG(s) 'create_audit_table' retrieved from /opt/airflow/dags/create_audit_table.py
[2025-11-18T08:59:07.045+0000] {logging_mixin.py:188} INFO - [2025-11-18T08:59:07.044+0000] {dag.py:3036} INFO - Sync 1 DAGs
[2025-11-18T08:59:07.080+0000] {logging_mixin.py:188} INFO - [2025-11-18T08:59:07.079+0000] {dag.py:3823} INFO - Setting next_dagrun for create_audit_table to None, run_after=None
[2025-11-18T08:59:07.144+0000] {processor.py:183} INFO - Processing /opt/airflow/dags/create_audit_table.py took 0.245 seconds
[2025-11-18T09:00:02.200+0000] {processor.py:161} INFO - Started process (PID=17951) to work on /opt/airflow/dags/create_audit_table.py
[2025-11-18T09:00:02.208+0000] {processor.py:830} INFO - Processing file /opt/airflow/dags/create_audit_table.py for tasks to queue
[2025-11-18T09:00:02.214+0000] {logging_mixin.py:188} INFO - [2025-11-18T09:00:02.213+0000] {dagbag.py:538} INFO - Filling up the DagBag from /opt/airflow/dags/create_audit_table.py
[2025-11-18T09:00:02.321+0000] {processor.py:840} INFO - DAG(s) 'create_audit_table' retrieved from /opt/airflow/dags/create_audit_table.py
[2025-11-18T09:00:02.780+0000] {logging_mixin.py:188} INFO - [2025-11-18T09:00:02.779+0000] {dag.py:3036} INFO - Sync 1 DAGs
[2025-11-18T09:00:02.962+0000] {logging_mixin.py:188} INFO - [2025-11-18T09:00:02.962+0000] {dag.py:3823} INFO - Setting next_dagrun for create_audit_table to None, run_after=None
[2025-11-18T09:00:03.159+0000] {processor.py:183} INFO - Processing /opt/airflow/dags/create_audit_table.py took 0.972 seconds
[2025-11-18T09:00:49.729+0000] {processor.py:161} INFO - Started process (PID=17976) to work on /opt/airflow/dags/create_audit_table.py
[2025-11-18T09:00:49.744+0000] {processor.py:830} INFO - Processing file /opt/airflow/dags/create_audit_table.py for tasks to queue
[2025-11-18T09:00:49.755+0000] {logging_mixin.py:188} INFO - [2025-11-18T09:00:49.754+0000] {dagbag.py:538} INFO - Filling up the DagBag from /opt/airflow/dags/create_audit_table.py
[2025-11-18T09:00:49.840+0000] {processor.py:840} INFO - DAG(s) 'create_audit_table' retrieved from /opt/airflow/dags/create_audit_table.py
[2025-11-18T09:00:50.027+0000] {logging_mixin.py:188} INFO - [2025-11-18T09:00:50.027+0000] {dag.py:3036} INFO - Sync 1 DAGs
[2025-11-18T09:00:50.477+0000] {logging_mixin.py:188} INFO - [2025-11-18T09:00:50.476+0000] {dag.py:3823} INFO - Setting next_dagrun for create_audit_table to None, run_after=None
[2025-11-18T09:00:50.765+0000] {processor.py:183} INFO - Processing /opt/airflow/dags/create_audit_table.py took 1.041 seconds
[2025-11-18T09:01:27.260+0000] {processor.py:161} INFO - Started process (PID=18001) to work on /opt/airflow/dags/create_audit_table.py
[2025-11-18T09:01:27.284+0000] {processor.py:830} INFO - Processing file /opt/airflow/dags/create_audit_table.py for tasks to queue
[2025-11-18T09:01:27.294+0000] {logging_mixin.py:188} INFO - [2025-11-18T09:01:27.293+0000] {dagbag.py:538} INFO - Filling up the DagBag from /opt/airflow/dags/create_audit_table.py
[2025-11-18T09:01:27.578+0000] {processor.py:840} INFO - DAG(s) 'create_audit_table' retrieved from /opt/airflow/dags/create_audit_table.py
[2025-11-18T09:01:27.689+0000] {logging_mixin.py:188} INFO - [2025-11-18T09:01:27.689+0000] {dag.py:3036} INFO - Sync 1 DAGs
[2025-11-18T09:01:27.726+0000] {logging_mixin.py:188} INFO - [2025-11-18T09:01:27.726+0000] {dag.py:3823} INFO - Setting next_dagrun for create_audit_table to None, run_after=None
[2025-11-18T09:01:27.812+0000] {processor.py:183} INFO - Processing /opt/airflow/dags/create_audit_table.py took 0.560 seconds
[2025-11-18T09:01:58.103+0000] {processor.py:161} INFO - Started process (PID=18028) to work on /opt/airflow/dags/create_audit_table.py
[2025-11-18T09:01:58.108+0000] {processor.py:830} INFO - Processing file /opt/airflow/dags/create_audit_table.py for tasks to queue
[2025-11-18T09:01:58.116+0000] {logging_mixin.py:188} INFO - [2025-11-18T09:01:58.116+0000] {dagbag.py:538} INFO - Filling up the DagBag from /opt/airflow/dags/create_audit_table.py
[2025-11-18T09:01:58.145+0000] {processor.py:840} INFO - DAG(s) 'create_audit_table' retrieved from /opt/airflow/dags/create_audit_table.py
[2025-11-18T09:01:58.187+0000] {logging_mixin.py:188} INFO - [2025-11-18T09:01:58.186+0000] {dag.py:3036} INFO - Sync 1 DAGs
[2025-11-18T09:01:58.203+0000] {logging_mixin.py:188} INFO - [2025-11-18T09:01:58.202+0000] {dag.py:3823} INFO - Setting next_dagrun for create_audit_table to None, run_after=None
[2025-11-18T09:01:58.229+0000] {processor.py:183} INFO - Processing /opt/airflow/dags/create_audit_table.py took 0.131 seconds
[2025-11-18T09:02:30.467+0000] {processor.py:161} INFO - Started process (PID=18051) to work on /opt/airflow/dags/create_audit_table.py
[2025-11-18T09:02:30.473+0000] {processor.py:830} INFO - Processing file /opt/airflow/dags/create_audit_table.py for tasks to queue
[2025-11-18T09:02:30.476+0000] {logging_mixin.py:188} INFO - [2025-11-18T09:02:30.476+0000] {dagbag.py:538} INFO - Filling up the DagBag from /opt/airflow/dags/create_audit_table.py
[2025-11-18T09:02:30.586+0000] {processor.py:840} INFO - DAG(s) 'create_audit_table' retrieved from /opt/airflow/dags/create_audit_table.py
[2025-11-18T09:02:30.671+0000] {logging_mixin.py:188} INFO - [2025-11-18T09:02:30.671+0000] {dag.py:3036} INFO - Sync 1 DAGs
[2025-11-18T09:02:30.696+0000] {logging_mixin.py:188} INFO - [2025-11-18T09:02:30.696+0000] {dag.py:3823} INFO - Setting next_dagrun for create_audit_table to None, run_after=None
[2025-11-18T09:02:30.739+0000] {processor.py:183} INFO - Processing /opt/airflow/dags/create_audit_table.py took 0.276 seconds
[2025-11-18T09:03:05.281+0000] {processor.py:161} INFO - Started process (PID=18078) to work on /opt/airflow/dags/create_audit_table.py
[2025-11-18T09:03:05.359+0000] {processor.py:830} INFO - Processing file /opt/airflow/dags/create_audit_table.py for tasks to queue
[2025-11-18T09:03:05.417+0000] {logging_mixin.py:188} INFO - [2025-11-18T09:03:05.403+0000] {dagbag.py:538} INFO - Filling up the DagBag from /opt/airflow/dags/create_audit_table.py
[2025-11-18T09:03:05.657+0000] {processor.py:840} INFO - DAG(s) 'create_audit_table' retrieved from /opt/airflow/dags/create_audit_table.py
[2025-11-18T09:03:05.776+0000] {logging_mixin.py:188} INFO - [2025-11-18T09:03:05.775+0000] {dag.py:3036} INFO - Sync 1 DAGs
[2025-11-18T09:03:05.823+0000] {logging_mixin.py:188} INFO - [2025-11-18T09:03:05.823+0000] {dag.py:3823} INFO - Setting next_dagrun for create_audit_table to None, run_after=None
[2025-11-18T09:03:05.923+0000] {processor.py:183} INFO - Processing /opt/airflow/dags/create_audit_table.py took 0.657 seconds
[2025-11-18T09:03:40.852+0000] {processor.py:161} INFO - Started process (PID=18103) to work on /opt/airflow/dags/create_audit_table.py
[2025-11-18T09:03:40.888+0000] {processor.py:830} INFO - Processing file /opt/airflow/dags/create_audit_table.py for tasks to queue
[2025-11-18T09:03:40.968+0000] {logging_mixin.py:188} INFO - [2025-11-18T09:03:40.960+0000] {dagbag.py:538} INFO - Filling up the DagBag from /opt/airflow/dags/create_audit_table.py
[2025-11-18T09:03:43.621+0000] {processor.py:840} INFO - DAG(s) 'create_audit_table' retrieved from /opt/airflow/dags/create_audit_table.py
[2025-11-18T09:03:43.804+0000] {logging_mixin.py:188} INFO - [2025-11-18T09:03:43.802+0000] {dag.py:3036} INFO - Sync 1 DAGs
[2025-11-18T09:03:43.894+0000] {logging_mixin.py:188} INFO - [2025-11-18T09:03:43.894+0000] {dag.py:3823} INFO - Setting next_dagrun for create_audit_table to None, run_after=None
[2025-11-18T09:03:44.263+0000] {processor.py:183} INFO - Processing /opt/airflow/dags/create_audit_table.py took 3.415 seconds
[2025-11-18T09:04:14.566+0000] {processor.py:161} INFO - Started process (PID=18128) to work on /opt/airflow/dags/create_audit_table.py
[2025-11-18T09:04:14.568+0000] {processor.py:830} INFO - Processing file /opt/airflow/dags/create_audit_table.py for tasks to queue
[2025-11-18T09:04:14.569+0000] {logging_mixin.py:188} INFO - [2025-11-18T09:04:14.569+0000] {dagbag.py:538} INFO - Filling up the DagBag from /opt/airflow/dags/create_audit_table.py
[2025-11-18T09:04:14.598+0000] {processor.py:840} INFO - DAG(s) 'create_audit_table' retrieved from /opt/airflow/dags/create_audit_table.py
[2025-11-18T09:04:14.658+0000] {logging_mixin.py:188} INFO - [2025-11-18T09:04:14.657+0000] {dag.py:3036} INFO - Sync 1 DAGs
[2025-11-18T09:04:14.673+0000] {logging_mixin.py:188} INFO - [2025-11-18T09:04:14.673+0000] {dag.py:3823} INFO - Setting next_dagrun for create_audit_table to None, run_after=None
[2025-11-18T09:04:14.724+0000] {processor.py:183} INFO - Processing /opt/airflow/dags/create_audit_table.py took 0.164 seconds
[2025-11-18T09:04:45.324+0000] {processor.py:161} INFO - Started process (PID=18151) to work on /opt/airflow/dags/create_audit_table.py
[2025-11-18T09:04:45.329+0000] {processor.py:830} INFO - Processing file /opt/airflow/dags/create_audit_table.py for tasks to queue
[2025-11-18T09:04:45.338+0000] {logging_mixin.py:188} INFO - [2025-11-18T09:04:45.330+0000] {dagbag.py:538} INFO - Filling up the DagBag from /opt/airflow/dags/create_audit_table.py
[2025-11-18T09:04:45.703+0000] {processor.py:840} INFO - DAG(s) 'create_audit_table' retrieved from /opt/airflow/dags/create_audit_table.py
[2025-11-18T09:04:45.794+0000] {logging_mixin.py:188} INFO - [2025-11-18T09:04:45.784+0000] {dag.py:3036} INFO - Sync 1 DAGs
[2025-11-18T09:04:45.851+0000] {logging_mixin.py:188} INFO - [2025-11-18T09:04:45.851+0000] {dag.py:3823} INFO - Setting next_dagrun for create_audit_table to None, run_after=None
[2025-11-18T09:04:45.973+0000] {processor.py:183} INFO - Processing /opt/airflow/dags/create_audit_table.py took 0.658 seconds
[2025-11-18T09:05:16.707+0000] {processor.py:161} INFO - Started process (PID=18176) to work on /opt/airflow/dags/create_audit_table.py
[2025-11-18T09:05:16.709+0000] {processor.py:830} INFO - Processing file /opt/airflow/dags/create_audit_table.py for tasks to queue
[2025-11-18T09:05:16.711+0000] {logging_mixin.py:188} INFO - [2025-11-18T09:05:16.711+0000] {dagbag.py:538} INFO - Filling up the DagBag from /opt/airflow/dags/create_audit_table.py
[2025-11-18T09:05:16.734+0000] {processor.py:840} INFO - DAG(s) 'create_audit_table' retrieved from /opt/airflow/dags/create_audit_table.py
[2025-11-18T09:05:16.773+0000] {logging_mixin.py:188} INFO - [2025-11-18T09:05:16.773+0000] {dag.py:3036} INFO - Sync 1 DAGs
[2025-11-18T09:05:16.784+0000] {logging_mixin.py:188} INFO - [2025-11-18T09:05:16.784+0000] {dag.py:3823} INFO - Setting next_dagrun for create_audit_table to None, run_after=None
[2025-11-18T09:05:16.808+0000] {processor.py:183} INFO - Processing /opt/airflow/dags/create_audit_table.py took 0.105 seconds
[2025-11-18T09:05:47.440+0000] {processor.py:161} INFO - Started process (PID=18201) to work on /opt/airflow/dags/create_audit_table.py
[2025-11-18T09:05:47.443+0000] {processor.py:830} INFO - Processing file /opt/airflow/dags/create_audit_table.py for tasks to queue
[2025-11-18T09:05:47.446+0000] {logging_mixin.py:188} INFO - [2025-11-18T09:05:47.446+0000] {dagbag.py:538} INFO - Filling up the DagBag from /opt/airflow/dags/create_audit_table.py
[2025-11-18T09:05:47.528+0000] {processor.py:840} INFO - DAG(s) 'create_audit_table' retrieved from /opt/airflow/dags/create_audit_table.py
[2025-11-18T09:05:47.616+0000] {logging_mixin.py:188} INFO - [2025-11-18T09:05:47.616+0000] {dag.py:3036} INFO - Sync 1 DAGs
[2025-11-18T09:05:47.651+0000] {logging_mixin.py:188} INFO - [2025-11-18T09:05:47.651+0000] {dag.py:3823} INFO - Setting next_dagrun for create_audit_table to None, run_after=None
[2025-11-18T09:05:47.685+0000] {processor.py:183} INFO - Processing /opt/airflow/dags/create_audit_table.py took 0.253 seconds
[2025-11-18T09:06:18.390+0000] {processor.py:161} INFO - Started process (PID=18226) to work on /opt/airflow/dags/create_audit_table.py
[2025-11-18T09:06:18.394+0000] {processor.py:830} INFO - Processing file /opt/airflow/dags/create_audit_table.py for tasks to queue
[2025-11-18T09:06:18.396+0000] {logging_mixin.py:188} INFO - [2025-11-18T09:06:18.395+0000] {dagbag.py:538} INFO - Filling up the DagBag from /opt/airflow/dags/create_audit_table.py
[2025-11-18T09:06:18.415+0000] {processor.py:840} INFO - DAG(s) 'create_audit_table' retrieved from /opt/airflow/dags/create_audit_table.py
[2025-11-18T09:06:18.452+0000] {logging_mixin.py:188} INFO - [2025-11-18T09:06:18.452+0000] {dag.py:3036} INFO - Sync 1 DAGs
[2025-11-18T09:06:18.482+0000] {logging_mixin.py:188} INFO - [2025-11-18T09:06:18.482+0000] {dag.py:3823} INFO - Setting next_dagrun for create_audit_table to None, run_after=None
[2025-11-18T09:06:18.539+0000] {processor.py:183} INFO - Processing /opt/airflow/dags/create_audit_table.py took 0.160 seconds
[2025-11-18T09:06:48.870+0000] {processor.py:161} INFO - Started process (PID=18246) to work on /opt/airflow/dags/create_audit_table.py
[2025-11-18T09:06:48.876+0000] {processor.py:830} INFO - Processing file /opt/airflow/dags/create_audit_table.py for tasks to queue
[2025-11-18T09:06:48.878+0000] {logging_mixin.py:188} INFO - [2025-11-18T09:06:48.877+0000] {dagbag.py:538} INFO - Filling up the DagBag from /opt/airflow/dags/create_audit_table.py
[2025-11-18T09:06:48.939+0000] {processor.py:840} INFO - DAG(s) 'create_audit_table' retrieved from /opt/airflow/dags/create_audit_table.py
[2025-11-18T09:06:49.065+0000] {logging_mixin.py:188} INFO - [2025-11-18T09:06:49.065+0000] {dag.py:3036} INFO - Sync 1 DAGs
[2025-11-18T09:06:49.117+0000] {logging_mixin.py:188} INFO - [2025-11-18T09:06:49.117+0000] {dag.py:3823} INFO - Setting next_dagrun for create_audit_table to None, run_after=None
[2025-11-18T09:06:49.224+0000] {processor.py:183} INFO - Processing /opt/airflow/dags/create_audit_table.py took 0.367 seconds
[2025-11-18T09:07:21.750+0000] {processor.py:161} INFO - Started process (PID=18276) to work on /opt/airflow/dags/create_audit_table.py
[2025-11-18T09:07:21.753+0000] {processor.py:830} INFO - Processing file /opt/airflow/dags/create_audit_table.py for tasks to queue
[2025-11-18T09:07:21.755+0000] {logging_mixin.py:188} INFO - [2025-11-18T09:07:21.754+0000] {dagbag.py:538} INFO - Filling up the DagBag from /opt/airflow/dags/create_audit_table.py
[2025-11-18T09:07:21.800+0000] {processor.py:840} INFO - DAG(s) 'create_audit_table' retrieved from /opt/airflow/dags/create_audit_table.py
[2025-11-18T09:07:21.986+0000] {logging_mixin.py:188} INFO - [2025-11-18T09:07:21.985+0000] {dag.py:3036} INFO - Sync 1 DAGs
[2025-11-18T09:07:22.134+0000] {logging_mixin.py:188} INFO - [2025-11-18T09:07:22.133+0000] {dag.py:3823} INFO - Setting next_dagrun for create_audit_table to None, run_after=None
[2025-11-18T09:07:22.202+0000] {processor.py:183} INFO - Processing /opt/airflow/dags/create_audit_table.py took 0.458 seconds
[2025-11-18T09:07:53.583+0000] {processor.py:161} INFO - Started process (PID=18301) to work on /opt/airflow/dags/create_audit_table.py
[2025-11-18T09:07:53.588+0000] {processor.py:830} INFO - Processing file /opt/airflow/dags/create_audit_table.py for tasks to queue
[2025-11-18T09:07:53.596+0000] {logging_mixin.py:188} INFO - [2025-11-18T09:07:53.595+0000] {dagbag.py:538} INFO - Filling up the DagBag from /opt/airflow/dags/create_audit_table.py
[2025-11-18T09:07:53.653+0000] {processor.py:840} INFO - DAG(s) 'create_audit_table' retrieved from /opt/airflow/dags/create_audit_table.py
[2025-11-18T09:07:53.747+0000] {logging_mixin.py:188} INFO - [2025-11-18T09:07:53.746+0000] {dag.py:3036} INFO - Sync 1 DAGs
[2025-11-18T09:07:53.791+0000] {logging_mixin.py:188} INFO - [2025-11-18T09:07:53.791+0000] {dag.py:3823} INFO - Setting next_dagrun for create_audit_table to None, run_after=None
[2025-11-18T09:07:53.841+0000] {processor.py:183} INFO - Processing /opt/airflow/dags/create_audit_table.py took 0.270 seconds
[2025-11-18T09:08:28.945+0000] {processor.py:161} INFO - Started process (PID=18328) to work on /opt/airflow/dags/create_audit_table.py
[2025-11-18T09:08:28.949+0000] {processor.py:830} INFO - Processing file /opt/airflow/dags/create_audit_table.py for tasks to queue
[2025-11-18T09:08:28.957+0000] {logging_mixin.py:188} INFO - [2025-11-18T09:08:28.956+0000] {dagbag.py:538} INFO - Filling up the DagBag from /opt/airflow/dags/create_audit_table.py
[2025-11-18T09:08:29.094+0000] {processor.py:840} INFO - DAG(s) 'create_audit_table' retrieved from /opt/airflow/dags/create_audit_table.py
[2025-11-18T09:08:29.190+0000] {logging_mixin.py:188} INFO - [2025-11-18T09:08:29.189+0000] {dag.py:3036} INFO - Sync 1 DAGs
[2025-11-18T09:08:29.246+0000] {logging_mixin.py:188} INFO - [2025-11-18T09:08:29.246+0000] {dag.py:3823} INFO - Setting next_dagrun for create_audit_table to None, run_after=None
[2025-11-18T09:08:29.344+0000] {processor.py:183} INFO - Processing /opt/airflow/dags/create_audit_table.py took 0.404 seconds
[2025-11-18T09:09:09.985+0000] {processor.py:161} INFO - Started process (PID=18351) to work on /opt/airflow/dags/create_audit_table.py
[2025-11-18T09:09:10.031+0000] {processor.py:830} INFO - Processing file /opt/airflow/dags/create_audit_table.py for tasks to queue
[2025-11-18T09:09:10.052+0000] {logging_mixin.py:188} INFO - [2025-11-18T09:09:10.052+0000] {dagbag.py:538} INFO - Filling up the DagBag from /opt/airflow/dags/create_audit_table.py
[2025-11-18T09:09:10.260+0000] {processor.py:840} INFO - DAG(s) 'create_audit_table' retrieved from /opt/airflow/dags/create_audit_table.py
[2025-11-18T09:09:10.375+0000] {logging_mixin.py:188} INFO - [2025-11-18T09:09:10.374+0000] {dag.py:3036} INFO - Sync 1 DAGs
[2025-11-18T09:09:10.450+0000] {logging_mixin.py:188} INFO - [2025-11-18T09:09:10.449+0000] {dag.py:3823} INFO - Setting next_dagrun for create_audit_table to None, run_after=None
[2025-11-18T09:09:10.577+0000] {processor.py:183} INFO - Processing /opt/airflow/dags/create_audit_table.py took 0.598 seconds
[2025-11-18T09:09:41.089+0000] {processor.py:161} INFO - Started process (PID=18376) to work on /opt/airflow/dags/create_audit_table.py
[2025-11-18T09:09:41.091+0000] {processor.py:830} INFO - Processing file /opt/airflow/dags/create_audit_table.py for tasks to queue
[2025-11-18T09:09:41.095+0000] {logging_mixin.py:188} INFO - [2025-11-18T09:09:41.093+0000] {dagbag.py:538} INFO - Filling up the DagBag from /opt/airflow/dags/create_audit_table.py
[2025-11-18T09:09:41.150+0000] {processor.py:840} INFO - DAG(s) 'create_audit_table' retrieved from /opt/airflow/dags/create_audit_table.py
[2025-11-18T09:09:41.254+0000] {logging_mixin.py:188} INFO - [2025-11-18T09:09:41.253+0000] {dag.py:3036} INFO - Sync 1 DAGs
[2025-11-18T09:09:41.313+0000] {logging_mixin.py:188} INFO - [2025-11-18T09:09:41.305+0000] {dag.py:3823} INFO - Setting next_dagrun for create_audit_table to None, run_after=None
[2025-11-18T09:09:41.411+0000] {processor.py:183} INFO - Processing /opt/airflow/dags/create_audit_table.py took 0.328 seconds
[2025-11-18T09:10:12.391+0000] {processor.py:161} INFO - Started process (PID=18401) to work on /opt/airflow/dags/create_audit_table.py
[2025-11-18T09:10:12.394+0000] {processor.py:830} INFO - Processing file /opt/airflow/dags/create_audit_table.py for tasks to queue
[2025-11-18T09:10:12.396+0000] {logging_mixin.py:188} INFO - [2025-11-18T09:10:12.395+0000] {dagbag.py:538} INFO - Filling up the DagBag from /opt/airflow/dags/create_audit_table.py
[2025-11-18T09:10:12.426+0000] {processor.py:840} INFO - DAG(s) 'create_audit_table' retrieved from /opt/airflow/dags/create_audit_table.py
[2025-11-18T09:10:12.504+0000] {logging_mixin.py:188} INFO - [2025-11-18T09:10:12.504+0000] {dag.py:3036} INFO - Sync 1 DAGs
[2025-11-18T09:10:12.535+0000] {logging_mixin.py:188} INFO - [2025-11-18T09:10:12.534+0000] {dag.py:3823} INFO - Setting next_dagrun for create_audit_table to None, run_after=None
[2025-11-18T09:10:12.628+0000] {processor.py:183} INFO - Processing /opt/airflow/dags/create_audit_table.py took 0.242 seconds
[2025-11-18T09:10:43.075+0000] {processor.py:161} INFO - Started process (PID=18428) to work on /opt/airflow/dags/create_audit_table.py
[2025-11-18T09:10:43.081+0000] {processor.py:830} INFO - Processing file /opt/airflow/dags/create_audit_table.py for tasks to queue
[2025-11-18T09:10:43.084+0000] {logging_mixin.py:188} INFO - [2025-11-18T09:10:43.084+0000] {dagbag.py:538} INFO - Filling up the DagBag from /opt/airflow/dags/create_audit_table.py
[2025-11-18T09:10:43.135+0000] {processor.py:840} INFO - DAG(s) 'create_audit_table' retrieved from /opt/airflow/dags/create_audit_table.py
[2025-11-18T09:10:43.219+0000] {logging_mixin.py:188} INFO - [2025-11-18T09:10:43.219+0000] {dag.py:3036} INFO - Sync 1 DAGs
[2025-11-18T09:10:43.262+0000] {logging_mixin.py:188} INFO - [2025-11-18T09:10:43.262+0000] {dag.py:3823} INFO - Setting next_dagrun for create_audit_table to None, run_after=None
[2025-11-18T09:10:43.383+0000] {processor.py:183} INFO - Processing /opt/airflow/dags/create_audit_table.py took 0.314 seconds
[2025-11-18T09:11:14.295+0000] {processor.py:161} INFO - Started process (PID=18458) to work on /opt/airflow/dags/create_audit_table.py
[2025-11-18T09:11:14.297+0000] {processor.py:830} INFO - Processing file /opt/airflow/dags/create_audit_table.py for tasks to queue
[2025-11-18T09:11:14.299+0000] {logging_mixin.py:188} INFO - [2025-11-18T09:11:14.299+0000] {dagbag.py:538} INFO - Filling up the DagBag from /opt/airflow/dags/create_audit_table.py
[2025-11-18T09:11:14.366+0000] {processor.py:840} INFO - DAG(s) 'create_audit_table' retrieved from /opt/airflow/dags/create_audit_table.py
[2025-11-18T09:11:14.443+0000] {logging_mixin.py:188} INFO - [2025-11-18T09:11:14.442+0000] {dag.py:3036} INFO - Sync 1 DAGs
[2025-11-18T09:11:14.477+0000] {logging_mixin.py:188} INFO - [2025-11-18T09:11:14.476+0000] {dag.py:3823} INFO - Setting next_dagrun for create_audit_table to None, run_after=None
[2025-11-18T09:11:14.568+0000] {processor.py:183} INFO - Processing /opt/airflow/dags/create_audit_table.py took 0.279 seconds
[2025-11-18T09:11:44.898+0000] {processor.py:161} INFO - Started process (PID=18483) to work on /opt/airflow/dags/create_audit_table.py
[2025-11-18T09:11:44.910+0000] {processor.py:830} INFO - Processing file /opt/airflow/dags/create_audit_table.py for tasks to queue
[2025-11-18T09:11:44.913+0000] {logging_mixin.py:188} INFO - [2025-11-18T09:11:44.912+0000] {dagbag.py:538} INFO - Filling up the DagBag from /opt/airflow/dags/create_audit_table.py
[2025-11-18T09:11:44.944+0000] {processor.py:840} INFO - DAG(s) 'create_audit_table' retrieved from /opt/airflow/dags/create_audit_table.py
[2025-11-18T09:11:44.994+0000] {logging_mixin.py:188} INFO - [2025-11-18T09:11:44.993+0000] {dag.py:3036} INFO - Sync 1 DAGs
[2025-11-18T09:11:45.031+0000] {logging_mixin.py:188} INFO - [2025-11-18T09:11:45.031+0000] {dag.py:3823} INFO - Setting next_dagrun for create_audit_table to None, run_after=None
[2025-11-18T09:11:45.068+0000] {processor.py:183} INFO - Processing /opt/airflow/dags/create_audit_table.py took 0.176 seconds
[2025-11-18T09:12:28.824+0000] {processor.py:161} INFO - Started process (PID=18501) to work on /opt/airflow/dags/create_audit_table.py
[2025-11-18T09:12:28.850+0000] {processor.py:830} INFO - Processing file /opt/airflow/dags/create_audit_table.py for tasks to queue
[2025-11-18T09:12:28.943+0000] {logging_mixin.py:188} INFO - [2025-11-18T09:12:28.942+0000] {dagbag.py:538} INFO - Filling up the DagBag from /opt/airflow/dags/create_audit_table.py
[2025-11-18T09:12:37.960+0000] {processor.py:840} INFO - DAG(s) 'create_audit_table' retrieved from /opt/airflow/dags/create_audit_table.py
[2025-11-18T09:12:49.923+0000] {logging_mixin.py:188} INFO - [2025-11-18T09:12:49.887+0000] {dag.py:3036} INFO - Sync 1 DAGs
[2025-11-18T09:12:51.660+0000] {logging_mixin.py:188} INFO - [2025-11-18T09:12:51.660+0000] {dag.py:3823} INFO - Setting next_dagrun for create_audit_table to None, run_after=None
[2025-11-18T09:12:54.572+0000] {processor.py:183} INFO - Processing /opt/airflow/dags/create_audit_table.py took 25.782 seconds
[2025-11-18T09:13:27.869+0000] {processor.py:161} INFO - Started process (PID=18529) to work on /opt/airflow/dags/create_audit_table.py
[2025-11-18T09:13:27.923+0000] {processor.py:830} INFO - Processing file /opt/airflow/dags/create_audit_table.py for tasks to queue
[2025-11-18T09:13:27.953+0000] {logging_mixin.py:188} INFO - [2025-11-18T09:13:27.931+0000] {dagbag.py:538} INFO - Filling up the DagBag from /opt/airflow/dags/create_audit_table.py
[2025-11-18T09:13:28.961+0000] {processor.py:840} INFO - DAG(s) 'create_audit_table' retrieved from /opt/airflow/dags/create_audit_table.py
[2025-11-18T09:13:29.647+0000] {logging_mixin.py:188} INFO - [2025-11-18T09:13:29.646+0000] {dag.py:3036} INFO - Sync 1 DAGs
[2025-11-18T09:13:29.709+0000] {logging_mixin.py:188} INFO - [2025-11-18T09:13:29.708+0000] {dag.py:3823} INFO - Setting next_dagrun for create_audit_table to None, run_after=None
[2025-11-18T09:13:29.865+0000] {processor.py:183} INFO - Processing /opt/airflow/dags/create_audit_table.py took 2.089 seconds
[2025-11-18T09:14:02.771+0000] {processor.py:161} INFO - Started process (PID=18554) to work on /opt/airflow/dags/create_audit_table.py
[2025-11-18T09:14:02.826+0000] {processor.py:830} INFO - Processing file /opt/airflow/dags/create_audit_table.py for tasks to queue
[2025-11-18T09:14:02.849+0000] {logging_mixin.py:188} INFO - [2025-11-18T09:14:02.846+0000] {dagbag.py:538} INFO - Filling up the DagBag from /opt/airflow/dags/create_audit_table.py
[2025-11-18T09:14:03.418+0000] {processor.py:840} INFO - DAG(s) 'create_audit_table' retrieved from /opt/airflow/dags/create_audit_table.py
[2025-11-18T09:14:03.601+0000] {logging_mixin.py:188} INFO - [2025-11-18T09:14:03.600+0000] {dag.py:3036} INFO - Sync 1 DAGs
[2025-11-18T09:14:03.666+0000] {logging_mixin.py:188} INFO - [2025-11-18T09:14:03.666+0000] {dag.py:3823} INFO - Setting next_dagrun for create_audit_table to None, run_after=None
[2025-11-18T09:14:03.854+0000] {processor.py:183} INFO - Processing /opt/airflow/dags/create_audit_table.py took 1.103 seconds
[2025-11-18T09:14:36.122+0000] {processor.py:161} INFO - Started process (PID=18579) to work on /opt/airflow/dags/create_audit_table.py
[2025-11-18T09:14:36.148+0000] {processor.py:830} INFO - Processing file /opt/airflow/dags/create_audit_table.py for tasks to queue
[2025-11-18T09:14:36.164+0000] {logging_mixin.py:188} INFO - [2025-11-18T09:14:36.164+0000] {dagbag.py:538} INFO - Filling up the DagBag from /opt/airflow/dags/create_audit_table.py
[2025-11-18T09:14:36.556+0000] {processor.py:840} INFO - DAG(s) 'create_audit_table' retrieved from /opt/airflow/dags/create_audit_table.py
[2025-11-18T09:14:36.863+0000] {logging_mixin.py:188} INFO - [2025-11-18T09:14:36.862+0000] {dag.py:3036} INFO - Sync 1 DAGs
[2025-11-18T09:14:36.981+0000] {logging_mixin.py:188} INFO - [2025-11-18T09:14:36.981+0000] {dag.py:3823} INFO - Setting next_dagrun for create_audit_table to None, run_after=None
[2025-11-18T09:14:37.222+0000] {processor.py:183} INFO - Processing /opt/airflow/dags/create_audit_table.py took 1.119 seconds
[2025-11-18T09:15:10.625+0000] {processor.py:161} INFO - Started process (PID=18604) to work on /opt/airflow/dags/create_audit_table.py
[2025-11-18T09:15:10.629+0000] {processor.py:830} INFO - Processing file /opt/airflow/dags/create_audit_table.py for tasks to queue
[2025-11-18T09:15:10.644+0000] {logging_mixin.py:188} INFO - [2025-11-18T09:15:10.638+0000] {dagbag.py:538} INFO - Filling up the DagBag from /opt/airflow/dags/create_audit_table.py
[2025-11-18T09:15:10.804+0000] {processor.py:840} INFO - DAG(s) 'create_audit_table' retrieved from /opt/airflow/dags/create_audit_table.py
[2025-11-18T09:15:10.923+0000] {logging_mixin.py:188} INFO - [2025-11-18T09:15:10.922+0000] {dag.py:3036} INFO - Sync 1 DAGs
[2025-11-18T09:15:10.997+0000] {logging_mixin.py:188} INFO - [2025-11-18T09:15:10.996+0000] {dag.py:3823} INFO - Setting next_dagrun for create_audit_table to None, run_after=None
[2025-11-18T09:15:11.350+0000] {processor.py:183} INFO - Processing /opt/airflow/dags/create_audit_table.py took 0.730 seconds
[2025-11-18T09:18:33.225+0000] {processor.py:161} INFO - Started process (PID=18629) to work on /opt/airflow/dags/create_audit_table.py
[2025-11-18T09:18:33.252+0000] {processor.py:830} INFO - Processing file /opt/airflow/dags/create_audit_table.py for tasks to queue
[2025-11-18T09:18:33.278+0000] {logging_mixin.py:188} INFO - [2025-11-18T09:18:33.265+0000] {dagbag.py:538} INFO - Filling up the DagBag from /opt/airflow/dags/create_audit_table.py
[2025-11-18T09:18:33.843+0000] {processor.py:840} INFO - DAG(s) 'create_audit_table' retrieved from /opt/airflow/dags/create_audit_table.py
[2025-11-18T09:19:04.721+0000] {processor.py:161} INFO - Started process (PID=18653) to work on /opt/airflow/dags/create_audit_table.py
[2025-11-18T09:19:04.724+0000] {processor.py:830} INFO - Processing file /opt/airflow/dags/create_audit_table.py for tasks to queue
[2025-11-18T09:19:04.774+0000] {logging_mixin.py:188} INFO - [2025-11-18T09:19:04.770+0000] {dagbag.py:538} INFO - Filling up the DagBag from /opt/airflow/dags/create_audit_table.py
[2025-11-18T09:19:04.853+0000] {processor.py:840} INFO - DAG(s) 'create_audit_table' retrieved from /opt/airflow/dags/create_audit_table.py
[2025-11-18T09:19:05.174+0000] {logging_mixin.py:188} INFO - [2025-11-18T09:19:05.173+0000] {dag.py:3036} INFO - Sync 1 DAGs
[2025-11-18T09:19:05.270+0000] {logging_mixin.py:188} INFO - [2025-11-18T09:19:05.270+0000] {dag.py:3823} INFO - Setting next_dagrun for create_audit_table to None, run_after=None
[2025-11-18T09:19:05.418+0000] {processor.py:183} INFO - Processing /opt/airflow/dags/create_audit_table.py took 0.742 seconds
[2025-11-18T09:19:36.566+0000] {processor.py:161} INFO - Started process (PID=18678) to work on /opt/airflow/dags/create_audit_table.py
[2025-11-18T09:19:36.573+0000] {processor.py:830} INFO - Processing file /opt/airflow/dags/create_audit_table.py for tasks to queue
[2025-11-18T09:19:36.593+0000] {logging_mixin.py:188} INFO - [2025-11-18T09:19:36.584+0000] {dagbag.py:538} INFO - Filling up the DagBag from /opt/airflow/dags/create_audit_table.py
[2025-11-18T09:19:36.836+0000] {processor.py:840} INFO - DAG(s) 'create_audit_table' retrieved from /opt/airflow/dags/create_audit_table.py
[2025-11-18T09:19:37.712+0000] {logging_mixin.py:188} INFO - [2025-11-18T09:19:37.711+0000] {dag.py:3036} INFO - Sync 1 DAGs
[2025-11-18T09:19:37.865+0000] {logging_mixin.py:188} INFO - [2025-11-18T09:19:37.865+0000] {dag.py:3823} INFO - Setting next_dagrun for create_audit_table to None, run_after=None
[2025-11-18T09:19:38.093+0000] {processor.py:183} INFO - Processing /opt/airflow/dags/create_audit_table.py took 1.644 seconds
[2025-11-18T09:20:09.225+0000] {processor.py:161} INFO - Started process (PID=18703) to work on /opt/airflow/dags/create_audit_table.py
[2025-11-18T09:20:09.227+0000] {processor.py:830} INFO - Processing file /opt/airflow/dags/create_audit_table.py for tasks to queue
[2025-11-18T09:20:09.229+0000] {logging_mixin.py:188} INFO - [2025-11-18T09:20:09.229+0000] {dagbag.py:538} INFO - Filling up the DagBag from /opt/airflow/dags/create_audit_table.py
[2025-11-18T09:20:09.263+0000] {processor.py:840} INFO - DAG(s) 'create_audit_table' retrieved from /opt/airflow/dags/create_audit_table.py
[2025-11-18T09:20:09.346+0000] {logging_mixin.py:188} INFO - [2025-11-18T09:20:09.345+0000] {dag.py:3036} INFO - Sync 1 DAGs
[2025-11-18T09:20:09.376+0000] {logging_mixin.py:188} INFO - [2025-11-18T09:20:09.376+0000] {dag.py:3823} INFO - Setting next_dagrun for create_audit_table to None, run_after=None
[2025-11-18T09:20:09.432+0000] {processor.py:183} INFO - Processing /opt/airflow/dags/create_audit_table.py took 0.213 seconds
[2025-11-18T09:20:39.597+0000] {processor.py:161} INFO - Started process (PID=18728) to work on /opt/airflow/dags/create_audit_table.py
[2025-11-18T09:20:39.599+0000] {processor.py:830} INFO - Processing file /opt/airflow/dags/create_audit_table.py for tasks to queue
[2025-11-18T09:20:39.600+0000] {logging_mixin.py:188} INFO - [2025-11-18T09:20:39.600+0000] {dagbag.py:538} INFO - Filling up the DagBag from /opt/airflow/dags/create_audit_table.py
[2025-11-18T09:20:39.624+0000] {processor.py:840} INFO - DAG(s) 'create_audit_table' retrieved from /opt/airflow/dags/create_audit_table.py
[2025-11-18T09:20:39.654+0000] {logging_mixin.py:188} INFO - [2025-11-18T09:20:39.654+0000] {dag.py:3036} INFO - Sync 1 DAGs
[2025-11-18T09:20:39.666+0000] {logging_mixin.py:188} INFO - [2025-11-18T09:20:39.666+0000] {dag.py:3823} INFO - Setting next_dagrun for create_audit_table to None, run_after=None
[2025-11-18T09:20:39.692+0000] {processor.py:183} INFO - Processing /opt/airflow/dags/create_audit_table.py took 0.099 seconds
[2025-11-18T09:21:09.953+0000] {processor.py:161} INFO - Started process (PID=18753) to work on /opt/airflow/dags/create_audit_table.py
[2025-11-18T09:21:09.955+0000] {processor.py:830} INFO - Processing file /opt/airflow/dags/create_audit_table.py for tasks to queue
[2025-11-18T09:21:09.957+0000] {logging_mixin.py:188} INFO - [2025-11-18T09:21:09.956+0000] {dagbag.py:538} INFO - Filling up the DagBag from /opt/airflow/dags/create_audit_table.py
[2025-11-18T09:21:09.976+0000] {processor.py:840} INFO - DAG(s) 'create_audit_table' retrieved from /opt/airflow/dags/create_audit_table.py
[2025-11-18T09:21:10.027+0000] {logging_mixin.py:188} INFO - [2025-11-18T09:21:10.027+0000] {dag.py:3036} INFO - Sync 1 DAGs
[2025-11-18T09:21:10.054+0000] {logging_mixin.py:188} INFO - [2025-11-18T09:21:10.054+0000] {dag.py:3823} INFO - Setting next_dagrun for create_audit_table to None, run_after=None
[2025-11-18T09:21:10.104+0000] {processor.py:183} INFO - Processing /opt/airflow/dags/create_audit_table.py took 0.156 seconds
[2025-11-18T09:21:40.610+0000] {processor.py:161} INFO - Started process (PID=18778) to work on /opt/airflow/dags/create_audit_table.py
[2025-11-18T09:21:40.612+0000] {processor.py:830} INFO - Processing file /opt/airflow/dags/create_audit_table.py for tasks to queue
[2025-11-18T09:21:40.613+0000] {logging_mixin.py:188} INFO - [2025-11-18T09:21:40.613+0000] {dagbag.py:538} INFO - Filling up the DagBag from /opt/airflow/dags/create_audit_table.py
[2025-11-18T09:21:40.635+0000] {processor.py:840} INFO - DAG(s) 'create_audit_table' retrieved from /opt/airflow/dags/create_audit_table.py
[2025-11-18T09:21:40.669+0000] {logging_mixin.py:188} INFO - [2025-11-18T09:21:40.669+0000] {dag.py:3036} INFO - Sync 1 DAGs
[2025-11-18T09:21:40.682+0000] {logging_mixin.py:188} INFO - [2025-11-18T09:21:40.681+0000] {dag.py:3823} INFO - Setting next_dagrun for create_audit_table to None, run_after=None
[2025-11-18T09:21:40.708+0000] {processor.py:183} INFO - Processing /opt/airflow/dags/create_audit_table.py took 0.102 seconds
[2025-11-18T09:22:11.830+0000] {processor.py:161} INFO - Started process (PID=18803) to work on /opt/airflow/dags/create_audit_table.py
[2025-11-18T09:22:11.834+0000] {processor.py:830} INFO - Processing file /opt/airflow/dags/create_audit_table.py for tasks to queue
[2025-11-18T09:22:11.837+0000] {logging_mixin.py:188} INFO - [2025-11-18T09:22:11.836+0000] {dagbag.py:538} INFO - Filling up the DagBag from /opt/airflow/dags/create_audit_table.py
[2025-11-18T09:22:11.902+0000] {processor.py:840} INFO - DAG(s) 'create_audit_table' retrieved from /opt/airflow/dags/create_audit_table.py
[2025-11-18T09:22:11.971+0000] {logging_mixin.py:188} INFO - [2025-11-18T09:22:11.971+0000] {dag.py:3036} INFO - Sync 1 DAGs
[2025-11-18T09:22:12.004+0000] {logging_mixin.py:188} INFO - [2025-11-18T09:22:12.003+0000] {dag.py:3823} INFO - Setting next_dagrun for create_audit_table to None, run_after=None
[2025-11-18T09:22:12.072+0000] {processor.py:183} INFO - Processing /opt/airflow/dags/create_audit_table.py took 0.247 seconds
[2025-11-18T09:22:42.352+0000] {processor.py:161} INFO - Started process (PID=18828) to work on /opt/airflow/dags/create_audit_table.py
[2025-11-18T09:22:42.353+0000] {processor.py:830} INFO - Processing file /opt/airflow/dags/create_audit_table.py for tasks to queue
[2025-11-18T09:22:42.354+0000] {logging_mixin.py:188} INFO - [2025-11-18T09:22:42.354+0000] {dagbag.py:538} INFO - Filling up the DagBag from /opt/airflow/dags/create_audit_table.py
[2025-11-18T09:22:42.377+0000] {processor.py:840} INFO - DAG(s) 'create_audit_table' retrieved from /opt/airflow/dags/create_audit_table.py
[2025-11-18T09:22:42.407+0000] {logging_mixin.py:188} INFO - [2025-11-18T09:22:42.407+0000] {dag.py:3036} INFO - Sync 1 DAGs
[2025-11-18T09:22:42.418+0000] {logging_mixin.py:188} INFO - [2025-11-18T09:22:42.418+0000] {dag.py:3823} INFO - Setting next_dagrun for create_audit_table to None, run_after=None
[2025-11-18T09:22:42.446+0000] {processor.py:183} INFO - Processing /opt/airflow/dags/create_audit_table.py took 0.098 seconds
[2025-11-18T09:23:30.822+0000] {processor.py:161} INFO - Started process (PID=18861) to work on /opt/airflow/dags/create_audit_table.py
[2025-11-18T09:23:30.835+0000] {processor.py:830} INFO - Processing file /opt/airflow/dags/create_audit_table.py for tasks to queue
[2025-11-18T09:23:30.837+0000] {logging_mixin.py:188} INFO - [2025-11-18T09:23:30.837+0000] {dagbag.py:538} INFO - Filling up the DagBag from /opt/airflow/dags/create_audit_table.py
[2025-11-18T09:23:30.871+0000] {processor.py:840} INFO - DAG(s) 'create_audit_table' retrieved from /opt/airflow/dags/create_audit_table.py
[2025-11-18T09:23:31.148+0000] {logging_mixin.py:188} INFO - [2025-11-18T09:23:31.148+0000] {dag.py:3036} INFO - Sync 1 DAGs
[2025-11-18T09:23:31.926+0000] {logging_mixin.py:188} INFO - [2025-11-18T09:23:31.925+0000] {dag.py:3823} INFO - Setting next_dagrun for create_audit_table to None, run_after=None
[2025-11-18T09:23:32.135+0000] {processor.py:183} INFO - Processing /opt/airflow/dags/create_audit_table.py took 1.319 seconds
[2025-11-18T09:24:02.607+0000] {processor.py:161} INFO - Started process (PID=18886) to work on /opt/airflow/dags/create_audit_table.py
[2025-11-18T09:24:02.609+0000] {processor.py:830} INFO - Processing file /opt/airflow/dags/create_audit_table.py for tasks to queue
[2025-11-18T09:24:02.614+0000] {logging_mixin.py:188} INFO - [2025-11-18T09:24:02.611+0000] {dagbag.py:538} INFO - Filling up the DagBag from /opt/airflow/dags/create_audit_table.py
[2025-11-18T09:24:02.940+0000] {processor.py:840} INFO - DAG(s) 'create_audit_table' retrieved from /opt/airflow/dags/create_audit_table.py
[2025-11-18T09:24:03.042+0000] {logging_mixin.py:188} INFO - [2025-11-18T09:24:03.041+0000] {dag.py:3036} INFO - Sync 1 DAGs
[2025-11-18T09:24:03.089+0000] {logging_mixin.py:188} INFO - [2025-11-18T09:24:03.089+0000] {dag.py:3823} INFO - Setting next_dagrun for create_audit_table to None, run_after=None
[2025-11-18T09:24:03.179+0000] {processor.py:183} INFO - Processing /opt/airflow/dags/create_audit_table.py took 0.580 seconds
[2025-11-18T09:24:33.695+0000] {processor.py:161} INFO - Started process (PID=18911) to work on /opt/airflow/dags/create_audit_table.py
[2025-11-18T09:24:33.697+0000] {processor.py:830} INFO - Processing file /opt/airflow/dags/create_audit_table.py for tasks to queue
[2025-11-18T09:24:33.698+0000] {logging_mixin.py:188} INFO - [2025-11-18T09:24:33.698+0000] {dagbag.py:538} INFO - Filling up the DagBag from /opt/airflow/dags/create_audit_table.py
[2025-11-18T09:24:33.719+0000] {processor.py:840} INFO - DAG(s) 'create_audit_table' retrieved from /opt/airflow/dags/create_audit_table.py
[2025-11-18T09:24:33.760+0000] {logging_mixin.py:188} INFO - [2025-11-18T09:24:33.760+0000] {dag.py:3036} INFO - Sync 1 DAGs
[2025-11-18T09:24:33.776+0000] {logging_mixin.py:188} INFO - [2025-11-18T09:24:33.776+0000] {dag.py:3823} INFO - Setting next_dagrun for create_audit_table to None, run_after=None
[2025-11-18T09:24:33.803+0000] {processor.py:183} INFO - Processing /opt/airflow/dags/create_audit_table.py took 0.112 seconds
[2025-11-18T09:25:03.979+0000] {processor.py:161} INFO - Started process (PID=18936) to work on /opt/airflow/dags/create_audit_table.py
[2025-11-18T09:25:03.981+0000] {processor.py:830} INFO - Processing file /opt/airflow/dags/create_audit_table.py for tasks to queue
[2025-11-18T09:25:03.985+0000] {logging_mixin.py:188} INFO - [2025-11-18T09:25:03.983+0000] {dagbag.py:538} INFO - Filling up the DagBag from /opt/airflow/dags/create_audit_table.py
[2025-11-18T09:25:04.019+0000] {processor.py:840} INFO - DAG(s) 'create_audit_table' retrieved from /opt/airflow/dags/create_audit_table.py
[2025-11-18T09:25:04.083+0000] {logging_mixin.py:188} INFO - [2025-11-18T09:25:04.082+0000] {dag.py:3036} INFO - Sync 1 DAGs
[2025-11-18T09:25:04.116+0000] {logging_mixin.py:188} INFO - [2025-11-18T09:25:04.116+0000] {dag.py:3823} INFO - Setting next_dagrun for create_audit_table to None, run_after=None
[2025-11-18T09:25:04.166+0000] {processor.py:183} INFO - Processing /opt/airflow/dags/create_audit_table.py took 0.195 seconds
[2025-11-18T09:25:34.261+0000] {processor.py:161} INFO - Started process (PID=18958) to work on /opt/airflow/dags/create_audit_table.py
[2025-11-18T09:25:34.263+0000] {processor.py:830} INFO - Processing file /opt/airflow/dags/create_audit_table.py for tasks to queue
[2025-11-18T09:25:34.265+0000] {logging_mixin.py:188} INFO - [2025-11-18T09:25:34.265+0000] {dagbag.py:538} INFO - Filling up the DagBag from /opt/airflow/dags/create_audit_table.py
[2025-11-18T09:25:34.283+0000] {processor.py:840} INFO - DAG(s) 'create_audit_table' retrieved from /opt/airflow/dags/create_audit_table.py
[2025-11-18T09:25:34.333+0000] {logging_mixin.py:188} INFO - [2025-11-18T09:25:34.333+0000] {dag.py:3036} INFO - Sync 1 DAGs
[2025-11-18T09:25:34.350+0000] {logging_mixin.py:188} INFO - [2025-11-18T09:25:34.349+0000] {dag.py:3823} INFO - Setting next_dagrun for create_audit_table to None, run_after=None
[2025-11-18T09:25:34.380+0000] {processor.py:183} INFO - Processing /opt/airflow/dags/create_audit_table.py took 0.123 seconds
[2025-11-18T09:26:04.649+0000] {processor.py:161} INFO - Started process (PID=18983) to work on /opt/airflow/dags/create_audit_table.py
[2025-11-18T09:26:04.653+0000] {processor.py:830} INFO - Processing file /opt/airflow/dags/create_audit_table.py for tasks to queue
[2025-11-18T09:26:04.659+0000] {logging_mixin.py:188} INFO - [2025-11-18T09:26:04.658+0000] {dagbag.py:538} INFO - Filling up the DagBag from /opt/airflow/dags/create_audit_table.py
[2025-11-18T09:26:04.684+0000] {processor.py:840} INFO - DAG(s) 'create_audit_table' retrieved from /opt/airflow/dags/create_audit_table.py
[2025-11-18T09:26:04.743+0000] {logging_mixin.py:188} INFO - [2025-11-18T09:26:04.741+0000] {dag.py:3036} INFO - Sync 1 DAGs
[2025-11-18T09:26:04.766+0000] {logging_mixin.py:188} INFO - [2025-11-18T09:26:04.766+0000] {dag.py:3823} INFO - Setting next_dagrun for create_audit_table to None, run_after=None
[2025-11-18T09:26:04.833+0000] {processor.py:183} INFO - Processing /opt/airflow/dags/create_audit_table.py took 0.191 seconds
[2025-11-18T09:26:35.730+0000] {processor.py:161} INFO - Started process (PID=19011) to work on /opt/airflow/dags/create_audit_table.py
[2025-11-18T09:26:35.731+0000] {processor.py:830} INFO - Processing file /opt/airflow/dags/create_audit_table.py for tasks to queue
[2025-11-18T09:26:35.733+0000] {logging_mixin.py:188} INFO - [2025-11-18T09:26:35.732+0000] {dagbag.py:538} INFO - Filling up the DagBag from /opt/airflow/dags/create_audit_table.py
[2025-11-18T09:26:35.759+0000] {processor.py:840} INFO - DAG(s) 'create_audit_table' retrieved from /opt/airflow/dags/create_audit_table.py
[2025-11-18T09:26:35.803+0000] {logging_mixin.py:188} INFO - [2025-11-18T09:26:35.803+0000] {dag.py:3036} INFO - Sync 1 DAGs
[2025-11-18T09:26:35.831+0000] {logging_mixin.py:188} INFO - [2025-11-18T09:26:35.831+0000] {dag.py:3823} INFO - Setting next_dagrun for create_audit_table to None, run_after=None
[2025-11-18T09:26:35.888+0000] {processor.py:183} INFO - Processing /opt/airflow/dags/create_audit_table.py took 0.169 seconds
[2025-11-18T09:27:27.539+0000] {processor.py:161} INFO - Started process (PID=19036) to work on /opt/airflow/dags/create_audit_table.py
[2025-11-18T09:27:27.548+0000] {processor.py:830} INFO - Processing file /opt/airflow/dags/create_audit_table.py for tasks to queue
[2025-11-18T09:27:27.559+0000] {logging_mixin.py:188} INFO - [2025-11-18T09:27:27.558+0000] {dagbag.py:538} INFO - Filling up the DagBag from /opt/airflow/dags/create_audit_table.py
[2025-11-18T09:27:27.628+0000] {processor.py:840} INFO - DAG(s) 'create_audit_table' retrieved from /opt/airflow/dags/create_audit_table.py
[2025-11-18T09:27:27.747+0000] {logging_mixin.py:188} INFO - [2025-11-18T09:27:27.746+0000] {dag.py:3036} INFO - Sync 1 DAGs
[2025-11-18T09:27:28.128+0000] {logging_mixin.py:188} INFO - [2025-11-18T09:27:28.128+0000] {dag.py:3823} INFO - Setting next_dagrun for create_audit_table to None, run_after=None
[2025-11-18T09:27:28.220+0000] {processor.py:183} INFO - Processing /opt/airflow/dags/create_audit_table.py took 0.696 seconds
[2025-11-18T09:27:58.599+0000] {processor.py:161} INFO - Started process (PID=19061) to work on /opt/airflow/dags/create_audit_table.py
[2025-11-18T09:27:58.614+0000] {processor.py:830} INFO - Processing file /opt/airflow/dags/create_audit_table.py for tasks to queue
[2025-11-18T09:27:58.632+0000] {logging_mixin.py:188} INFO - [2025-11-18T09:27:58.631+0000] {dagbag.py:538} INFO - Filling up the DagBag from /opt/airflow/dags/create_audit_table.py
[2025-11-18T09:27:58.765+0000] {processor.py:840} INFO - DAG(s) 'create_audit_table' retrieved from /opt/airflow/dags/create_audit_table.py
[2025-11-18T09:27:58.954+0000] {logging_mixin.py:188} INFO - [2025-11-18T09:27:58.944+0000] {dag.py:3036} INFO - Sync 1 DAGs
[2025-11-18T09:27:59.011+0000] {logging_mixin.py:188} INFO - [2025-11-18T09:27:59.011+0000] {dag.py:3823} INFO - Setting next_dagrun for create_audit_table to None, run_after=None
[2025-11-18T09:27:59.122+0000] {processor.py:183} INFO - Processing /opt/airflow/dags/create_audit_table.py took 0.530 seconds
[2025-11-18T09:28:32.421+0000] {processor.py:161} INFO - Started process (PID=19088) to work on /opt/airflow/dags/create_audit_table.py
[2025-11-18T09:28:32.509+0000] {processor.py:830} INFO - Processing file /opt/airflow/dags/create_audit_table.py for tasks to queue
[2025-11-18T09:28:32.577+0000] {logging_mixin.py:188} INFO - [2025-11-18T09:28:32.576+0000] {dagbag.py:538} INFO - Filling up the DagBag from /opt/airflow/dags/create_audit_table.py
[2025-11-18T09:28:33.126+0000] {processor.py:840} INFO - DAG(s) 'create_audit_table' retrieved from /opt/airflow/dags/create_audit_table.py
[2025-11-18T09:28:33.268+0000] {logging_mixin.py:188} INFO - [2025-11-18T09:28:33.267+0000] {dag.py:3036} INFO - Sync 1 DAGs
[2025-11-18T09:28:33.329+0000] {logging_mixin.py:188} INFO - [2025-11-18T09:28:33.329+0000] {dag.py:3823} INFO - Setting next_dagrun for create_audit_table to None, run_after=None
[2025-11-18T09:28:33.440+0000] {processor.py:183} INFO - Processing /opt/airflow/dags/create_audit_table.py took 1.042 seconds
[2025-11-18T09:29:09.407+0000] {processor.py:161} INFO - Started process (PID=19111) to work on /opt/airflow/dags/create_audit_table.py
[2025-11-18T09:29:09.417+0000] {processor.py:830} INFO - Processing file /opt/airflow/dags/create_audit_table.py for tasks to queue
[2025-11-18T09:29:09.420+0000] {logging_mixin.py:188} INFO - [2025-11-18T09:29:09.419+0000] {dagbag.py:538} INFO - Filling up the DagBag from /opt/airflow/dags/create_audit_table.py
[2025-11-18T09:29:09.605+0000] {processor.py:840} INFO - DAG(s) 'create_audit_table' retrieved from /opt/airflow/dags/create_audit_table.py
[2025-11-18T09:29:09.735+0000] {logging_mixin.py:188} INFO - [2025-11-18T09:29:09.734+0000] {dag.py:3036} INFO - Sync 1 DAGs
[2025-11-18T09:29:09.828+0000] {logging_mixin.py:188} INFO - [2025-11-18T09:29:09.827+0000] {dag.py:3823} INFO - Setting next_dagrun for create_audit_table to None, run_after=None
[2025-11-18T09:29:09.953+0000] {processor.py:183} INFO - Processing /opt/airflow/dags/create_audit_table.py took 0.553 seconds
[2025-11-18T09:29:40.706+0000] {processor.py:161} INFO - Started process (PID=19138) to work on /opt/airflow/dags/create_audit_table.py
[2025-11-18T09:29:40.709+0000] {processor.py:830} INFO - Processing file /opt/airflow/dags/create_audit_table.py for tasks to queue
[2025-11-18T09:29:40.710+0000] {logging_mixin.py:188} INFO - [2025-11-18T09:29:40.710+0000] {dagbag.py:538} INFO - Filling up the DagBag from /opt/airflow/dags/create_audit_table.py
[2025-11-18T09:29:40.740+0000] {processor.py:840} INFO - DAG(s) 'create_audit_table' retrieved from /opt/airflow/dags/create_audit_table.py
[2025-11-18T09:29:40.788+0000] {logging_mixin.py:188} INFO - [2025-11-18T09:29:40.788+0000] {dag.py:3036} INFO - Sync 1 DAGs
[2025-11-18T09:29:40.805+0000] {logging_mixin.py:188} INFO - [2025-11-18T09:29:40.804+0000] {dag.py:3823} INFO - Setting next_dagrun for create_audit_table to None, run_after=None
[2025-11-18T09:29:40.837+0000] {processor.py:183} INFO - Processing /opt/airflow/dags/create_audit_table.py took 0.135 seconds
[2025-11-18T09:30:11.432+0000] {processor.py:161} INFO - Started process (PID=19163) to work on /opt/airflow/dags/create_audit_table.py
[2025-11-18T09:30:11.441+0000] {processor.py:830} INFO - Processing file /opt/airflow/dags/create_audit_table.py for tasks to queue
[2025-11-18T09:30:11.442+0000] {logging_mixin.py:188} INFO - [2025-11-18T09:30:11.442+0000] {dagbag.py:538} INFO - Filling up the DagBag from /opt/airflow/dags/create_audit_table.py
[2025-11-18T09:30:11.464+0000] {processor.py:840} INFO - DAG(s) 'create_audit_table' retrieved from /opt/airflow/dags/create_audit_table.py
[2025-11-18T09:30:11.538+0000] {logging_mixin.py:188} INFO - [2025-11-18T09:30:11.538+0000] {dag.py:3036} INFO - Sync 1 DAGs
[2025-11-18T09:30:11.584+0000] {logging_mixin.py:188} INFO - [2025-11-18T09:30:11.583+0000] {dag.py:3823} INFO - Setting next_dagrun for create_audit_table to None, run_after=None
[2025-11-18T09:30:11.638+0000] {processor.py:183} INFO - Processing /opt/airflow/dags/create_audit_table.py took 0.213 seconds
[2025-11-18T09:30:56.820+0000] {processor.py:161} INFO - Started process (PID=19188) to work on /opt/airflow/dags/create_audit_table.py
[2025-11-18T09:30:56.855+0000] {processor.py:830} INFO - Processing file /opt/airflow/dags/create_audit_table.py for tasks to queue
[2025-11-18T09:30:56.909+0000] {logging_mixin.py:188} INFO - [2025-11-18T09:30:56.908+0000] {dagbag.py:538} INFO - Filling up the DagBag from /opt/airflow/dags/create_audit_table.py
[2025-11-18T09:30:57.748+0000] {processor.py:840} INFO - DAG(s) 'create_audit_table' retrieved from /opt/airflow/dags/create_audit_table.py
[2025-11-18T09:30:57.857+0000] {logging_mixin.py:188} INFO - [2025-11-18T09:30:57.857+0000] {dag.py:3036} INFO - Sync 1 DAGs
[2025-11-18T09:30:57.907+0000] {logging_mixin.py:188} INFO - [2025-11-18T09:30:57.907+0000] {dag.py:3823} INFO - Setting next_dagrun for create_audit_table to None, run_after=None
[2025-11-18T09:30:58.121+0000] {processor.py:183} INFO - Processing /opt/airflow/dags/create_audit_table.py took 1.323 seconds
[2025-11-18T09:31:35.339+0000] {processor.py:161} INFO - Started process (PID=19213) to work on /opt/airflow/dags/create_audit_table.py
[2025-11-18T09:31:35.352+0000] {processor.py:830} INFO - Processing file /opt/airflow/dags/create_audit_table.py for tasks to queue
[2025-11-18T09:31:35.361+0000] {logging_mixin.py:188} INFO - [2025-11-18T09:31:35.360+0000] {dagbag.py:538} INFO - Filling up the DagBag from /opt/airflow/dags/create_audit_table.py
[2025-11-18T09:31:35.886+0000] {processor.py:840} INFO - DAG(s) 'create_audit_table' retrieved from /opt/airflow/dags/create_audit_table.py
[2025-11-18T09:31:35.998+0000] {logging_mixin.py:188} INFO - [2025-11-18T09:31:35.987+0000] {dag.py:3036} INFO - Sync 1 DAGs
[2025-11-18T09:31:36.046+0000] {logging_mixin.py:188} INFO - [2025-11-18T09:31:36.046+0000] {dag.py:3823} INFO - Setting next_dagrun for create_audit_table to None, run_after=None
[2025-11-18T09:31:36.142+0000] {processor.py:183} INFO - Processing /opt/airflow/dags/create_audit_table.py took 0.809 seconds
[2025-11-18T09:32:10.520+0000] {processor.py:161} INFO - Started process (PID=19236) to work on /opt/airflow/dags/create_audit_table.py
[2025-11-18T09:32:10.578+0000] {processor.py:830} INFO - Processing file /opt/airflow/dags/create_audit_table.py for tasks to queue
[2025-11-18T09:32:10.604+0000] {logging_mixin.py:188} INFO - [2025-11-18T09:32:10.603+0000] {dagbag.py:538} INFO - Filling up the DagBag from /opt/airflow/dags/create_audit_table.py
[2025-11-18T09:32:10.974+0000] {processor.py:840} INFO - DAG(s) 'create_audit_table' retrieved from /opt/airflow/dags/create_audit_table.py
[2025-11-18T09:32:11.180+0000] {logging_mixin.py:188} INFO - [2025-11-18T09:32:11.179+0000] {dag.py:3036} INFO - Sync 1 DAGs
[2025-11-18T09:32:11.661+0000] {logging_mixin.py:188} INFO - [2025-11-18T09:32:11.661+0000] {dag.py:3823} INFO - Setting next_dagrun for create_audit_table to None, run_after=None
[2025-11-18T09:32:12.330+0000] {processor.py:183} INFO - Processing /opt/airflow/dags/create_audit_table.py took 1.815 seconds
[2025-11-18T09:32:42.624+0000] {processor.py:161} INFO - Started process (PID=19258) to work on /opt/airflow/dags/create_audit_table.py
[2025-11-18T09:32:42.627+0000] {processor.py:830} INFO - Processing file /opt/airflow/dags/create_audit_table.py for tasks to queue
[2025-11-18T09:32:42.629+0000] {logging_mixin.py:188} INFO - [2025-11-18T09:32:42.628+0000] {dagbag.py:538} INFO - Filling up the DagBag from /opt/airflow/dags/create_audit_table.py
[2025-11-18T09:32:42.660+0000] {processor.py:840} INFO - DAG(s) 'create_audit_table' retrieved from /opt/airflow/dags/create_audit_table.py
[2025-11-18T09:32:42.713+0000] {logging_mixin.py:188} INFO - [2025-11-18T09:32:42.712+0000] {dag.py:3036} INFO - Sync 1 DAGs
[2025-11-18T09:32:42.738+0000] {logging_mixin.py:188} INFO - [2025-11-18T09:32:42.738+0000] {dag.py:3823} INFO - Setting next_dagrun for create_audit_table to None, run_after=None
[2025-11-18T09:32:42.804+0000] {processor.py:183} INFO - Processing /opt/airflow/dags/create_audit_table.py took 0.186 seconds
[2025-11-18T09:33:13.714+0000] {processor.py:161} INFO - Started process (PID=19286) to work on /opt/airflow/dags/create_audit_table.py
[2025-11-18T09:33:13.715+0000] {processor.py:830} INFO - Processing file /opt/airflow/dags/create_audit_table.py for tasks to queue
[2025-11-18T09:33:13.717+0000] {logging_mixin.py:188} INFO - [2025-11-18T09:33:13.717+0000] {dagbag.py:538} INFO - Filling up the DagBag from /opt/airflow/dags/create_audit_table.py
[2025-11-18T09:33:13.741+0000] {processor.py:840} INFO - DAG(s) 'create_audit_table' retrieved from /opt/airflow/dags/create_audit_table.py
[2025-11-18T09:33:13.779+0000] {logging_mixin.py:188} INFO - [2025-11-18T09:33:13.779+0000] {dag.py:3036} INFO - Sync 1 DAGs
[2025-11-18T09:33:13.801+0000] {logging_mixin.py:188} INFO - [2025-11-18T09:33:13.800+0000] {dag.py:3823} INFO - Setting next_dagrun for create_audit_table to None, run_after=None
[2025-11-18T09:33:13.850+0000] {processor.py:183} INFO - Processing /opt/airflow/dags/create_audit_table.py took 0.140 seconds
[2025-11-18T09:33:44.468+0000] {processor.py:161} INFO - Started process (PID=19311) to work on /opt/airflow/dags/create_audit_table.py
[2025-11-18T09:33:44.470+0000] {processor.py:830} INFO - Processing file /opt/airflow/dags/create_audit_table.py for tasks to queue
[2025-11-18T09:33:44.480+0000] {logging_mixin.py:188} INFO - [2025-11-18T09:33:44.479+0000] {dagbag.py:538} INFO - Filling up the DagBag from /opt/airflow/dags/create_audit_table.py
[2025-11-18T09:33:44.504+0000] {processor.py:840} INFO - DAG(s) 'create_audit_table' retrieved from /opt/airflow/dags/create_audit_table.py
[2025-11-18T09:33:44.603+0000] {logging_mixin.py:188} INFO - [2025-11-18T09:33:44.602+0000] {dag.py:3036} INFO - Sync 1 DAGs
[2025-11-18T09:33:44.645+0000] {logging_mixin.py:188} INFO - [2025-11-18T09:33:44.643+0000] {dag.py:3823} INFO - Setting next_dagrun for create_audit_table to None, run_after=None
[2025-11-18T09:33:44.723+0000] {processor.py:183} INFO - Processing /opt/airflow/dags/create_audit_table.py took 0.261 seconds
[2025-11-18T09:34:15.748+0000] {processor.py:161} INFO - Started process (PID=19336) to work on /opt/airflow/dags/create_audit_table.py
[2025-11-18T09:34:15.755+0000] {processor.py:830} INFO - Processing file /opt/airflow/dags/create_audit_table.py for tasks to queue
[2025-11-18T09:34:15.758+0000] {logging_mixin.py:188} INFO - [2025-11-18T09:34:15.757+0000] {dagbag.py:538} INFO - Filling up the DagBag from /opt/airflow/dags/create_audit_table.py
[2025-11-18T09:34:15.822+0000] {processor.py:840} INFO - DAG(s) 'create_audit_table' retrieved from /opt/airflow/dags/create_audit_table.py
[2025-11-18T09:34:15.878+0000] {logging_mixin.py:188} INFO - [2025-11-18T09:34:15.877+0000] {dag.py:3036} INFO - Sync 1 DAGs
[2025-11-18T09:34:15.903+0000] {logging_mixin.py:188} INFO - [2025-11-18T09:34:15.903+0000] {dag.py:3823} INFO - Setting next_dagrun for create_audit_table to None, run_after=None
[2025-11-18T09:34:15.991+0000] {processor.py:183} INFO - Processing /opt/airflow/dags/create_audit_table.py took 0.248 seconds
[2025-11-18T09:34:46.536+0000] {processor.py:161} INFO - Started process (PID=19361) to work on /opt/airflow/dags/create_audit_table.py
[2025-11-18T09:34:46.540+0000] {processor.py:830} INFO - Processing file /opt/airflow/dags/create_audit_table.py for tasks to queue
[2025-11-18T09:34:46.546+0000] {logging_mixin.py:188} INFO - [2025-11-18T09:34:46.545+0000] {dagbag.py:538} INFO - Filling up the DagBag from /opt/airflow/dags/create_audit_table.py
[2025-11-18T09:34:46.601+0000] {processor.py:840} INFO - DAG(s) 'create_audit_table' retrieved from /opt/airflow/dags/create_audit_table.py
[2025-11-18T09:34:46.660+0000] {logging_mixin.py:188} INFO - [2025-11-18T09:34:46.660+0000] {dag.py:3036} INFO - Sync 1 DAGs
[2025-11-18T09:34:46.698+0000] {logging_mixin.py:188} INFO - [2025-11-18T09:34:46.697+0000] {dag.py:3823} INFO - Setting next_dagrun for create_audit_table to None, run_after=None
[2025-11-18T09:34:46.756+0000] {processor.py:183} INFO - Processing /opt/airflow/dags/create_audit_table.py took 0.224 seconds
[2025-11-18T09:35:17.564+0000] {processor.py:161} INFO - Started process (PID=19386) to work on /opt/airflow/dags/create_audit_table.py
[2025-11-18T09:35:17.565+0000] {processor.py:830} INFO - Processing file /opt/airflow/dags/create_audit_table.py for tasks to queue
[2025-11-18T09:35:17.567+0000] {logging_mixin.py:188} INFO - [2025-11-18T09:35:17.566+0000] {dagbag.py:538} INFO - Filling up the DagBag from /opt/airflow/dags/create_audit_table.py
[2025-11-18T09:35:17.591+0000] {processor.py:840} INFO - DAG(s) 'create_audit_table' retrieved from /opt/airflow/dags/create_audit_table.py
[2025-11-18T09:35:17.636+0000] {logging_mixin.py:188} INFO - [2025-11-18T09:35:17.636+0000] {dag.py:3036} INFO - Sync 1 DAGs
[2025-11-18T09:35:17.656+0000] {logging_mixin.py:188} INFO - [2025-11-18T09:35:17.655+0000] {dag.py:3823} INFO - Setting next_dagrun for create_audit_table to None, run_after=None
[2025-11-18T09:35:17.689+0000] {processor.py:183} INFO - Processing /opt/airflow/dags/create_audit_table.py took 0.130 seconds
[2025-11-18T09:35:48.713+0000] {processor.py:161} INFO - Started process (PID=19411) to work on /opt/airflow/dags/create_audit_table.py
[2025-11-18T09:35:48.715+0000] {processor.py:830} INFO - Processing file /opt/airflow/dags/create_audit_table.py for tasks to queue
[2025-11-18T09:35:48.717+0000] {logging_mixin.py:188} INFO - [2025-11-18T09:35:48.716+0000] {dagbag.py:538} INFO - Filling up the DagBag from /opt/airflow/dags/create_audit_table.py
[2025-11-18T09:35:48.739+0000] {processor.py:840} INFO - DAG(s) 'create_audit_table' retrieved from /opt/airflow/dags/create_audit_table.py
[2025-11-18T09:35:48.811+0000] {logging_mixin.py:188} INFO - [2025-11-18T09:35:48.810+0000] {dag.py:3036} INFO - Sync 1 DAGs
[2025-11-18T09:35:48.859+0000] {logging_mixin.py:188} INFO - [2025-11-18T09:35:48.858+0000] {dag.py:3823} INFO - Setting next_dagrun for create_audit_table to None, run_after=None
[2025-11-18T09:35:48.895+0000] {processor.py:183} INFO - Processing /opt/airflow/dags/create_audit_table.py took 0.189 seconds
[2025-11-18T09:36:19.128+0000] {processor.py:161} INFO - Started process (PID=19436) to work on /opt/airflow/dags/create_audit_table.py
[2025-11-18T09:36:19.136+0000] {processor.py:830} INFO - Processing file /opt/airflow/dags/create_audit_table.py for tasks to queue
[2025-11-18T09:36:19.139+0000] {logging_mixin.py:188} INFO - [2025-11-18T09:36:19.138+0000] {dagbag.py:538} INFO - Filling up the DagBag from /opt/airflow/dags/create_audit_table.py
[2025-11-18T09:36:19.185+0000] {processor.py:840} INFO - DAG(s) 'create_audit_table' retrieved from /opt/airflow/dags/create_audit_table.py
[2025-11-18T09:36:19.281+0000] {logging_mixin.py:188} INFO - [2025-11-18T09:36:19.281+0000] {dag.py:3036} INFO - Sync 1 DAGs
[2025-11-18T09:36:19.329+0000] {logging_mixin.py:188} INFO - [2025-11-18T09:36:19.328+0000] {dag.py:3823} INFO - Setting next_dagrun for create_audit_table to None, run_after=None
[2025-11-18T09:36:19.374+0000] {processor.py:183} INFO - Processing /opt/airflow/dags/create_audit_table.py took 0.259 seconds
[2025-11-18T09:36:49.546+0000] {processor.py:161} INFO - Started process (PID=19461) to work on /opt/airflow/dags/create_audit_table.py
[2025-11-18T09:36:49.548+0000] {processor.py:830} INFO - Processing file /opt/airflow/dags/create_audit_table.py for tasks to queue
[2025-11-18T09:36:49.551+0000] {logging_mixin.py:188} INFO - [2025-11-18T09:36:49.550+0000] {dagbag.py:538} INFO - Filling up the DagBag from /opt/airflow/dags/create_audit_table.py
[2025-11-18T09:36:49.572+0000] {processor.py:840} INFO - DAG(s) 'create_audit_table' retrieved from /opt/airflow/dags/create_audit_table.py
[2025-11-18T09:36:49.627+0000] {logging_mixin.py:188} INFO - [2025-11-18T09:36:49.627+0000] {dag.py:3036} INFO - Sync 1 DAGs
[2025-11-18T09:36:49.648+0000] {logging_mixin.py:188} INFO - [2025-11-18T09:36:49.648+0000] {dag.py:3823} INFO - Setting next_dagrun for create_audit_table to None, run_after=None
[2025-11-18T09:36:49.681+0000] {processor.py:183} INFO - Processing /opt/airflow/dags/create_audit_table.py took 0.142 seconds
[2025-11-18T09:37:20.544+0000] {processor.py:161} INFO - Started process (PID=19486) to work on /opt/airflow/dags/create_audit_table.py
[2025-11-18T09:37:20.549+0000] {processor.py:830} INFO - Processing file /opt/airflow/dags/create_audit_table.py for tasks to queue
[2025-11-18T09:37:20.555+0000] {logging_mixin.py:188} INFO - [2025-11-18T09:37:20.554+0000] {dagbag.py:538} INFO - Filling up the DagBag from /opt/airflow/dags/create_audit_table.py
[2025-11-18T09:37:20.582+0000] {processor.py:840} INFO - DAG(s) 'create_audit_table' retrieved from /opt/airflow/dags/create_audit_table.py
[2025-11-18T09:37:20.643+0000] {logging_mixin.py:188} INFO - [2025-11-18T09:37:20.642+0000] {dag.py:3036} INFO - Sync 1 DAGs
[2025-11-18T09:37:20.702+0000] {logging_mixin.py:188} INFO - [2025-11-18T09:37:20.702+0000] {dag.py:3823} INFO - Setting next_dagrun for create_audit_table to None, run_after=None
[2025-11-18T09:37:20.767+0000] {processor.py:183} INFO - Processing /opt/airflow/dags/create_audit_table.py took 0.229 seconds
[2025-11-18T09:37:50.983+0000] {processor.py:161} INFO - Started process (PID=19511) to work on /opt/airflow/dags/create_audit_table.py
[2025-11-18T09:37:50.985+0000] {processor.py:830} INFO - Processing file /opt/airflow/dags/create_audit_table.py for tasks to queue
[2025-11-18T09:37:50.987+0000] {logging_mixin.py:188} INFO - [2025-11-18T09:37:50.986+0000] {dagbag.py:538} INFO - Filling up the DagBag from /opt/airflow/dags/create_audit_table.py
[2025-11-18T09:37:51.008+0000] {processor.py:840} INFO - DAG(s) 'create_audit_table' retrieved from /opt/airflow/dags/create_audit_table.py
[2025-11-18T09:37:51.051+0000] {logging_mixin.py:188} INFO - [2025-11-18T09:37:51.051+0000] {dag.py:3036} INFO - Sync 1 DAGs
[2025-11-18T09:37:51.067+0000] {logging_mixin.py:188} INFO - [2025-11-18T09:37:51.067+0000] {dag.py:3823} INFO - Setting next_dagrun for create_audit_table to None, run_after=None
[2025-11-18T09:37:51.095+0000] {processor.py:183} INFO - Processing /opt/airflow/dags/create_audit_table.py took 0.117 seconds
[2025-11-18T09:38:22.171+0000] {processor.py:161} INFO - Started process (PID=19536) to work on /opt/airflow/dags/create_audit_table.py
[2025-11-18T09:38:22.172+0000] {processor.py:830} INFO - Processing file /opt/airflow/dags/create_audit_table.py for tasks to queue
[2025-11-18T09:38:22.174+0000] {logging_mixin.py:188} INFO - [2025-11-18T09:38:22.173+0000] {dagbag.py:538} INFO - Filling up the DagBag from /opt/airflow/dags/create_audit_table.py
[2025-11-18T09:38:22.206+0000] {processor.py:840} INFO - DAG(s) 'create_audit_table' retrieved from /opt/airflow/dags/create_audit_table.py
[2025-11-18T09:38:22.320+0000] {logging_mixin.py:188} INFO - [2025-11-18T09:38:22.320+0000] {dag.py:3036} INFO - Sync 1 DAGs
[2025-11-18T09:38:22.368+0000] {logging_mixin.py:188} INFO - [2025-11-18T09:38:22.367+0000] {dag.py:3823} INFO - Setting next_dagrun for create_audit_table to None, run_after=None
[2025-11-18T09:38:22.417+0000] {processor.py:183} INFO - Processing /opt/airflow/dags/create_audit_table.py took 0.250 seconds
[2025-11-18T09:38:52.513+0000] {processor.py:161} INFO - Started process (PID=19558) to work on /opt/airflow/dags/create_audit_table.py
[2025-11-18T09:38:52.515+0000] {processor.py:830} INFO - Processing file /opt/airflow/dags/create_audit_table.py for tasks to queue
[2025-11-18T09:38:52.516+0000] {logging_mixin.py:188} INFO - [2025-11-18T09:38:52.516+0000] {dagbag.py:538} INFO - Filling up the DagBag from /opt/airflow/dags/create_audit_table.py
[2025-11-18T09:38:52.533+0000] {processor.py:840} INFO - DAG(s) 'create_audit_table' retrieved from /opt/airflow/dags/create_audit_table.py
[2025-11-18T09:38:52.564+0000] {logging_mixin.py:188} INFO - [2025-11-18T09:38:52.564+0000] {dag.py:3036} INFO - Sync 1 DAGs
[2025-11-18T09:38:52.577+0000] {logging_mixin.py:188} INFO - [2025-11-18T09:38:52.577+0000] {dag.py:3823} INFO - Setting next_dagrun for create_audit_table to None, run_after=None
[2025-11-18T09:38:52.606+0000] {processor.py:183} INFO - Processing /opt/airflow/dags/create_audit_table.py took 0.100 seconds
[2025-11-18T09:39:23.360+0000] {processor.py:161} INFO - Started process (PID=19586) to work on /opt/airflow/dags/create_audit_table.py
[2025-11-18T09:39:23.361+0000] {processor.py:830} INFO - Processing file /opt/airflow/dags/create_audit_table.py for tasks to queue
[2025-11-18T09:39:23.363+0000] {logging_mixin.py:188} INFO - [2025-11-18T09:39:23.362+0000] {dagbag.py:538} INFO - Filling up the DagBag from /opt/airflow/dags/create_audit_table.py
[2025-11-18T09:39:23.417+0000] {processor.py:840} INFO - DAG(s) 'create_audit_table' retrieved from /opt/airflow/dags/create_audit_table.py
[2025-11-18T09:39:23.493+0000] {logging_mixin.py:188} INFO - [2025-11-18T09:39:23.492+0000] {dag.py:3036} INFO - Sync 1 DAGs
[2025-11-18T09:39:23.547+0000] {logging_mixin.py:188} INFO - [2025-11-18T09:39:23.547+0000] {dag.py:3823} INFO - Setting next_dagrun for create_audit_table to None, run_after=None
[2025-11-18T09:39:23.619+0000] {processor.py:183} INFO - Processing /opt/airflow/dags/create_audit_table.py took 0.264 seconds
[2025-11-18T09:39:54.053+0000] {processor.py:161} INFO - Started process (PID=19611) to work on /opt/airflow/dags/create_audit_table.py
[2025-11-18T09:39:54.059+0000] {processor.py:830} INFO - Processing file /opt/airflow/dags/create_audit_table.py for tasks to queue
[2025-11-18T09:39:54.060+0000] {logging_mixin.py:188} INFO - [2025-11-18T09:39:54.060+0000] {dagbag.py:538} INFO - Filling up the DagBag from /opt/airflow/dags/create_audit_table.py
[2025-11-18T09:39:54.082+0000] {processor.py:840} INFO - DAG(s) 'create_audit_table' retrieved from /opt/airflow/dags/create_audit_table.py
[2025-11-18T09:39:54.144+0000] {logging_mixin.py:188} INFO - [2025-11-18T09:39:54.144+0000] {dag.py:3036} INFO - Sync 1 DAGs
[2025-11-18T09:39:54.168+0000] {logging_mixin.py:188} INFO - [2025-11-18T09:39:54.167+0000] {dag.py:3823} INFO - Setting next_dagrun for create_audit_table to None, run_after=None
[2025-11-18T09:39:54.206+0000] {processor.py:183} INFO - Processing /opt/airflow/dags/create_audit_table.py took 0.157 seconds
[2025-11-18T09:40:24.959+0000] {processor.py:161} INFO - Started process (PID=19636) to work on /opt/airflow/dags/create_audit_table.py
[2025-11-18T09:40:24.962+0000] {processor.py:830} INFO - Processing file /opt/airflow/dags/create_audit_table.py for tasks to queue
[2025-11-18T09:40:24.963+0000] {logging_mixin.py:188} INFO - [2025-11-18T09:40:24.963+0000] {dagbag.py:538} INFO - Filling up the DagBag from /opt/airflow/dags/create_audit_table.py
[2025-11-18T09:40:24.988+0000] {processor.py:840} INFO - DAG(s) 'create_audit_table' retrieved from /opt/airflow/dags/create_audit_table.py
[2025-11-18T09:40:25.053+0000] {logging_mixin.py:188} INFO - [2025-11-18T09:40:25.052+0000] {dag.py:3036} INFO - Sync 1 DAGs
[2025-11-18T09:40:25.107+0000] {logging_mixin.py:188} INFO - [2025-11-18T09:40:25.106+0000] {dag.py:3823} INFO - Setting next_dagrun for create_audit_table to None, run_after=None
[2025-11-18T09:40:25.170+0000] {processor.py:183} INFO - Processing /opt/airflow/dags/create_audit_table.py took 0.216 seconds
[2025-11-18T09:40:57.138+0000] {processor.py:161} INFO - Started process (PID=19661) to work on /opt/airflow/dags/create_audit_table.py
[2025-11-18T09:40:57.175+0000] {processor.py:830} INFO - Processing file /opt/airflow/dags/create_audit_table.py for tasks to queue
[2025-11-18T09:40:57.189+0000] {logging_mixin.py:188} INFO - [2025-11-18T09:40:57.189+0000] {dagbag.py:538} INFO - Filling up the DagBag from /opt/airflow/dags/create_audit_table.py
[2025-11-18T09:40:58.146+0000] {processor.py:840} INFO - DAG(s) 'create_audit_table' retrieved from /opt/airflow/dags/create_audit_table.py
[2025-11-18T09:40:58.708+0000] {logging_mixin.py:188} INFO - [2025-11-18T09:40:58.708+0000] {dag.py:3036} INFO - Sync 1 DAGs
[2025-11-18T09:40:58.805+0000] {logging_mixin.py:188} INFO - [2025-11-18T09:40:58.805+0000] {dag.py:3823} INFO - Setting next_dagrun for create_audit_table to None, run_after=None
[2025-11-18T09:40:58.988+0000] {processor.py:183} INFO - Processing /opt/airflow/dags/create_audit_table.py took 1.856 seconds
[2025-11-18T09:41:29.525+0000] {processor.py:161} INFO - Started process (PID=19686) to work on /opt/airflow/dags/create_audit_table.py
[2025-11-18T09:41:29.529+0000] {processor.py:830} INFO - Processing file /opt/airflow/dags/create_audit_table.py for tasks to queue
[2025-11-18T09:41:29.539+0000] {logging_mixin.py:188} INFO - [2025-11-18T09:41:29.538+0000] {dagbag.py:538} INFO - Filling up the DagBag from /opt/airflow/dags/create_audit_table.py
[2025-11-18T09:41:29.666+0000] {processor.py:840} INFO - DAG(s) 'create_audit_table' retrieved from /opt/airflow/dags/create_audit_table.py
[2025-11-18T09:41:30.320+0000] {logging_mixin.py:188} INFO - [2025-11-18T09:41:30.319+0000] {dag.py:3036} INFO - Sync 1 DAGs
[2025-11-18T09:41:30.368+0000] {logging_mixin.py:188} INFO - [2025-11-18T09:41:30.368+0000] {dag.py:3823} INFO - Setting next_dagrun for create_audit_table to None, run_after=None
[2025-11-18T09:41:30.463+0000] {processor.py:183} INFO - Processing /opt/airflow/dags/create_audit_table.py took 0.943 seconds
[2025-11-18T09:42:12.161+0000] {processor.py:161} INFO - Started process (PID=19709) to work on /opt/airflow/dags/create_audit_table.py
[2025-11-18T09:42:12.174+0000] {processor.py:830} INFO - Processing file /opt/airflow/dags/create_audit_table.py for tasks to queue
[2025-11-18T09:42:12.202+0000] {logging_mixin.py:188} INFO - [2025-11-18T09:42:12.189+0000] {dagbag.py:538} INFO - Filling up the DagBag from /opt/airflow/dags/create_audit_table.py
[2025-11-18T09:42:12.498+0000] {processor.py:840} INFO - DAG(s) 'create_audit_table' retrieved from /opt/airflow/dags/create_audit_table.py
[2025-11-18T09:42:13.084+0000] {logging_mixin.py:188} INFO - [2025-11-18T09:42:13.083+0000] {dag.py:3036} INFO - Sync 1 DAGs
[2025-11-18T09:42:13.204+0000] {logging_mixin.py:188} INFO - [2025-11-18T09:42:13.203+0000] {dag.py:3823} INFO - Setting next_dagrun for create_audit_table to None, run_after=None
[2025-11-18T09:42:13.508+0000] {processor.py:183} INFO - Processing /opt/airflow/dags/create_audit_table.py took 1.590 seconds
[2025-11-18T09:42:44.458+0000] {processor.py:161} INFO - Started process (PID=19736) to work on /opt/airflow/dags/create_audit_table.py
[2025-11-18T09:42:44.464+0000] {processor.py:830} INFO - Processing file /opt/airflow/dags/create_audit_table.py for tasks to queue
[2025-11-18T09:42:44.467+0000] {logging_mixin.py:188} INFO - [2025-11-18T09:42:44.466+0000] {dagbag.py:538} INFO - Filling up the DagBag from /opt/airflow/dags/create_audit_table.py
[2025-11-18T09:42:44.499+0000] {processor.py:840} INFO - DAG(s) 'create_audit_table' retrieved from /opt/airflow/dags/create_audit_table.py
[2025-11-18T09:42:44.577+0000] {logging_mixin.py:188} INFO - [2025-11-18T09:42:44.576+0000] {dag.py:3036} INFO - Sync 1 DAGs
[2025-11-18T09:42:44.603+0000] {logging_mixin.py:188} INFO - [2025-11-18T09:42:44.603+0000] {dag.py:3823} INFO - Setting next_dagrun for create_audit_table to None, run_after=None
[2025-11-18T09:42:44.651+0000] {processor.py:183} INFO - Processing /opt/airflow/dags/create_audit_table.py took 0.198 seconds
[2025-11-18T09:43:15.352+0000] {processor.py:161} INFO - Started process (PID=19761) to work on /opt/airflow/dags/create_audit_table.py
[2025-11-18T09:43:15.371+0000] {processor.py:830} INFO - Processing file /opt/airflow/dags/create_audit_table.py for tasks to queue
[2025-11-18T09:43:15.380+0000] {logging_mixin.py:188} INFO - [2025-11-18T09:43:15.379+0000] {dagbag.py:538} INFO - Filling up the DagBag from /opt/airflow/dags/create_audit_table.py
[2025-11-18T09:43:15.405+0000] {processor.py:840} INFO - DAG(s) 'create_audit_table' retrieved from /opt/airflow/dags/create_audit_table.py
[2025-11-18T09:43:15.471+0000] {logging_mixin.py:188} INFO - [2025-11-18T09:43:15.470+0000] {dag.py:3036} INFO - Sync 1 DAGs
[2025-11-18T09:43:15.525+0000] {logging_mixin.py:188} INFO - [2025-11-18T09:43:15.524+0000] {dag.py:3823} INFO - Setting next_dagrun for create_audit_table to None, run_after=None
[2025-11-18T09:43:15.567+0000] {processor.py:183} INFO - Processing /opt/airflow/dags/create_audit_table.py took 0.220 seconds
[2025-11-18T09:43:46.522+0000] {processor.py:161} INFO - Started process (PID=19786) to work on /opt/airflow/dags/create_audit_table.py
[2025-11-18T09:43:46.524+0000] {processor.py:830} INFO - Processing file /opt/airflow/dags/create_audit_table.py for tasks to queue
[2025-11-18T09:43:46.525+0000] {logging_mixin.py:188} INFO - [2025-11-18T09:43:46.525+0000] {dagbag.py:538} INFO - Filling up the DagBag from /opt/airflow/dags/create_audit_table.py
[2025-11-18T09:43:46.543+0000] {processor.py:840} INFO - DAG(s) 'create_audit_table' retrieved from /opt/airflow/dags/create_audit_table.py
[2025-11-18T09:43:46.580+0000] {logging_mixin.py:188} INFO - [2025-11-18T09:43:46.580+0000] {dag.py:3036} INFO - Sync 1 DAGs
[2025-11-18T09:43:46.596+0000] {logging_mixin.py:188} INFO - [2025-11-18T09:43:46.596+0000] {dag.py:3823} INFO - Setting next_dagrun for create_audit_table to None, run_after=None
[2025-11-18T09:43:46.646+0000] {processor.py:183} INFO - Processing /opt/airflow/dags/create_audit_table.py took 0.127 seconds
[2025-11-18T09:44:16.844+0000] {processor.py:161} INFO - Started process (PID=19811) to work on /opt/airflow/dags/create_audit_table.py
[2025-11-18T09:44:16.846+0000] {processor.py:830} INFO - Processing file /opt/airflow/dags/create_audit_table.py for tasks to queue
[2025-11-18T09:44:16.849+0000] {logging_mixin.py:188} INFO - [2025-11-18T09:44:16.848+0000] {dagbag.py:538} INFO - Filling up the DagBag from /opt/airflow/dags/create_audit_table.py
[2025-11-18T09:44:16.897+0000] {processor.py:840} INFO - DAG(s) 'create_audit_table' retrieved from /opt/airflow/dags/create_audit_table.py
[2025-11-18T09:44:16.940+0000] {logging_mixin.py:188} INFO - [2025-11-18T09:44:16.940+0000] {dag.py:3036} INFO - Sync 1 DAGs
[2025-11-18T09:44:16.956+0000] {logging_mixin.py:188} INFO - [2025-11-18T09:44:16.956+0000] {dag.py:3823} INFO - Setting next_dagrun for create_audit_table to None, run_after=None
[2025-11-18T09:44:16.985+0000] {processor.py:183} INFO - Processing /opt/airflow/dags/create_audit_table.py took 0.147 seconds
[2025-11-18T09:44:47.834+0000] {processor.py:161} INFO - Started process (PID=19836) to work on /opt/airflow/dags/create_audit_table.py
[2025-11-18T09:44:47.835+0000] {processor.py:830} INFO - Processing file /opt/airflow/dags/create_audit_table.py for tasks to queue
[2025-11-18T09:44:47.837+0000] {logging_mixin.py:188} INFO - [2025-11-18T09:44:47.836+0000] {dagbag.py:538} INFO - Filling up the DagBag from /opt/airflow/dags/create_audit_table.py
[2025-11-18T09:44:47.861+0000] {processor.py:840} INFO - DAG(s) 'create_audit_table' retrieved from /opt/airflow/dags/create_audit_table.py
[2025-11-18T09:44:47.912+0000] {logging_mixin.py:188} INFO - [2025-11-18T09:44:47.911+0000] {dag.py:3036} INFO - Sync 1 DAGs
[2025-11-18T09:44:47.930+0000] {logging_mixin.py:188} INFO - [2025-11-18T09:44:47.930+0000] {dag.py:3823} INFO - Setting next_dagrun for create_audit_table to None, run_after=None
[2025-11-18T09:44:47.962+0000] {processor.py:183} INFO - Processing /opt/airflow/dags/create_audit_table.py took 0.132 seconds
[2025-11-18T09:45:18.749+0000] {processor.py:161} INFO - Started process (PID=19863) to work on /opt/airflow/dags/create_audit_table.py
[2025-11-18T09:45:18.766+0000] {processor.py:830} INFO - Processing file /opt/airflow/dags/create_audit_table.py for tasks to queue
[2025-11-18T09:45:18.778+0000] {logging_mixin.py:188} INFO - [2025-11-18T09:45:18.777+0000] {dagbag.py:538} INFO - Filling up the DagBag from /opt/airflow/dags/create_audit_table.py
[2025-11-18T09:45:18.851+0000] {processor.py:840} INFO - DAG(s) 'create_audit_table' retrieved from /opt/airflow/dags/create_audit_table.py
[2025-11-18T09:45:18.936+0000] {logging_mixin.py:188} INFO - [2025-11-18T09:45:18.935+0000] {dag.py:3036} INFO - Sync 1 DAGs
[2025-11-18T09:45:19.066+0000] {logging_mixin.py:188} INFO - [2025-11-18T09:45:19.066+0000] {dag.py:3823} INFO - Setting next_dagrun for create_audit_table to None, run_after=None
[2025-11-18T09:45:19.161+0000] {processor.py:183} INFO - Processing /opt/airflow/dags/create_audit_table.py took 0.427 seconds
[2025-11-18T09:45:50.101+0000] {processor.py:161} INFO - Started process (PID=19886) to work on /opt/airflow/dags/create_audit_table.py
[2025-11-18T09:45:50.103+0000] {processor.py:830} INFO - Processing file /opt/airflow/dags/create_audit_table.py for tasks to queue
[2025-11-18T09:45:50.105+0000] {logging_mixin.py:188} INFO - [2025-11-18T09:45:50.105+0000] {dagbag.py:538} INFO - Filling up the DagBag from /opt/airflow/dags/create_audit_table.py
[2025-11-18T09:45:50.132+0000] {processor.py:840} INFO - DAG(s) 'create_audit_table' retrieved from /opt/airflow/dags/create_audit_table.py
[2025-11-18T09:45:50.184+0000] {logging_mixin.py:188} INFO - [2025-11-18T09:45:50.184+0000] {dag.py:3036} INFO - Sync 1 DAGs
[2025-11-18T09:45:50.203+0000] {logging_mixin.py:188} INFO - [2025-11-18T09:45:50.203+0000] {dag.py:3823} INFO - Setting next_dagrun for create_audit_table to None, run_after=None
[2025-11-18T09:45:50.245+0000] {processor.py:183} INFO - Processing /opt/airflow/dags/create_audit_table.py took 0.149 seconds
[2025-11-18T09:46:20.487+0000] {processor.py:161} INFO - Started process (PID=19911) to work on /opt/airflow/dags/create_audit_table.py
[2025-11-18T09:46:20.489+0000] {processor.py:830} INFO - Processing file /opt/airflow/dags/create_audit_table.py for tasks to queue
[2025-11-18T09:46:20.491+0000] {logging_mixin.py:188} INFO - [2025-11-18T09:46:20.490+0000] {dagbag.py:538} INFO - Filling up the DagBag from /opt/airflow/dags/create_audit_table.py
[2025-11-18T09:46:20.515+0000] {processor.py:840} INFO - DAG(s) 'create_audit_table' retrieved from /opt/airflow/dags/create_audit_table.py
[2025-11-18T09:46:20.563+0000] {logging_mixin.py:188} INFO - [2025-11-18T09:46:20.562+0000] {dag.py:3036} INFO - Sync 1 DAGs
[2025-11-18T09:46:20.588+0000] {logging_mixin.py:188} INFO - [2025-11-18T09:46:20.588+0000] {dag.py:3823} INFO - Setting next_dagrun for create_audit_table to None, run_after=None
[2025-11-18T09:46:20.652+0000] {processor.py:183} INFO - Processing /opt/airflow/dags/create_audit_table.py took 0.169 seconds
[2025-11-18T09:46:51.645+0000] {processor.py:161} INFO - Started process (PID=19936) to work on /opt/airflow/dags/create_audit_table.py
[2025-11-18T09:46:51.648+0000] {processor.py:830} INFO - Processing file /opt/airflow/dags/create_audit_table.py for tasks to queue
[2025-11-18T09:46:51.649+0000] {logging_mixin.py:188} INFO - [2025-11-18T09:46:51.649+0000] {dagbag.py:538} INFO - Filling up the DagBag from /opt/airflow/dags/create_audit_table.py
[2025-11-18T09:46:51.679+0000] {processor.py:840} INFO - DAG(s) 'create_audit_table' retrieved from /opt/airflow/dags/create_audit_table.py
[2025-11-18T09:46:51.730+0000] {logging_mixin.py:188} INFO - [2025-11-18T09:46:51.730+0000] {dag.py:3036} INFO - Sync 1 DAGs
[2025-11-18T09:46:51.748+0000] {logging_mixin.py:188} INFO - [2025-11-18T09:46:51.748+0000] {dag.py:3823} INFO - Setting next_dagrun for create_audit_table to None, run_after=None
[2025-11-18T09:46:51.776+0000] {processor.py:183} INFO - Processing /opt/airflow/dags/create_audit_table.py took 0.136 seconds
[2025-11-18T09:47:22.260+0000] {processor.py:161} INFO - Started process (PID=19961) to work on /opt/airflow/dags/create_audit_table.py
[2025-11-18T09:47:22.267+0000] {processor.py:830} INFO - Processing file /opt/airflow/dags/create_audit_table.py for tasks to queue
[2025-11-18T09:47:22.274+0000] {logging_mixin.py:188} INFO - [2025-11-18T09:47:22.273+0000] {dagbag.py:538} INFO - Filling up the DagBag from /opt/airflow/dags/create_audit_table.py
[2025-11-18T09:47:22.340+0000] {processor.py:840} INFO - DAG(s) 'create_audit_table' retrieved from /opt/airflow/dags/create_audit_table.py
[2025-11-18T09:47:22.404+0000] {logging_mixin.py:188} INFO - [2025-11-18T09:47:22.403+0000] {dag.py:3036} INFO - Sync 1 DAGs
[2025-11-18T09:47:22.426+0000] {logging_mixin.py:188} INFO - [2025-11-18T09:47:22.426+0000] {dag.py:3823} INFO - Setting next_dagrun for create_audit_table to None, run_after=None
[2025-11-18T09:47:22.470+0000] {processor.py:183} INFO - Processing /opt/airflow/dags/create_audit_table.py took 0.222 seconds
[2025-11-18T09:47:52.602+0000] {processor.py:161} INFO - Started process (PID=19986) to work on /opt/airflow/dags/create_audit_table.py
[2025-11-18T09:47:52.604+0000] {processor.py:830} INFO - Processing file /opt/airflow/dags/create_audit_table.py for tasks to queue
[2025-11-18T09:47:52.605+0000] {logging_mixin.py:188} INFO - [2025-11-18T09:47:52.605+0000] {dagbag.py:538} INFO - Filling up the DagBag from /opt/airflow/dags/create_audit_table.py
[2025-11-18T09:47:52.624+0000] {processor.py:840} INFO - DAG(s) 'create_audit_table' retrieved from /opt/airflow/dags/create_audit_table.py
[2025-11-18T09:47:52.678+0000] {logging_mixin.py:188} INFO - [2025-11-18T09:47:52.677+0000] {dag.py:3036} INFO - Sync 1 DAGs
[2025-11-18T09:47:52.694+0000] {logging_mixin.py:188} INFO - [2025-11-18T09:47:52.694+0000] {dag.py:3823} INFO - Setting next_dagrun for create_audit_table to None, run_after=None
[2025-11-18T09:47:52.715+0000] {processor.py:183} INFO - Processing /opt/airflow/dags/create_audit_table.py took 0.117 seconds
[2025-11-18T09:48:23.472+0000] {processor.py:161} INFO - Started process (PID=20011) to work on /opt/airflow/dags/create_audit_table.py
[2025-11-18T09:48:23.474+0000] {processor.py:830} INFO - Processing file /opt/airflow/dags/create_audit_table.py for tasks to queue
[2025-11-18T09:48:23.476+0000] {logging_mixin.py:188} INFO - [2025-11-18T09:48:23.475+0000] {dagbag.py:538} INFO - Filling up the DagBag from /opt/airflow/dags/create_audit_table.py
[2025-11-18T09:48:23.508+0000] {processor.py:840} INFO - DAG(s) 'create_audit_table' retrieved from /opt/airflow/dags/create_audit_table.py
[2025-11-18T09:48:23.577+0000] {logging_mixin.py:188} INFO - [2025-11-18T09:48:23.576+0000] {dag.py:3036} INFO - Sync 1 DAGs
[2025-11-18T09:48:23.602+0000] {logging_mixin.py:188} INFO - [2025-11-18T09:48:23.602+0000] {dag.py:3823} INFO - Setting next_dagrun for create_audit_table to None, run_after=None
[2025-11-18T09:48:23.655+0000] {processor.py:183} INFO - Processing /opt/airflow/dags/create_audit_table.py took 0.188 seconds
[2025-11-18T09:48:55.514+0000] {processor.py:161} INFO - Started process (PID=20036) to work on /opt/airflow/dags/create_audit_table.py
[2025-11-18T09:48:55.519+0000] {processor.py:830} INFO - Processing file /opt/airflow/dags/create_audit_table.py for tasks to queue
[2025-11-18T09:48:55.526+0000] {logging_mixin.py:188} INFO - [2025-11-18T09:48:55.526+0000] {dagbag.py:538} INFO - Filling up the DagBag from /opt/airflow/dags/create_audit_table.py
[2025-11-18T09:48:55.843+0000] {processor.py:840} INFO - DAG(s) 'create_audit_table' retrieved from /opt/airflow/dags/create_audit_table.py
[2025-11-18T09:48:56.061+0000] {logging_mixin.py:188} INFO - [2025-11-18T09:48:56.056+0000] {dag.py:3036} INFO - Sync 1 DAGs
[2025-11-18T09:48:56.146+0000] {logging_mixin.py:188} INFO - [2025-11-18T09:48:56.144+0000] {dag.py:3823} INFO - Setting next_dagrun for create_audit_table to None, run_after=None
[2025-11-18T09:48:56.411+0000] {processor.py:183} INFO - Processing /opt/airflow/dags/create_audit_table.py took 0.914 seconds
[2025-11-18T09:49:26.864+0000] {processor.py:161} INFO - Started process (PID=20061) to work on /opt/airflow/dags/create_audit_table.py
[2025-11-18T09:49:27.028+0000] {processor.py:830} INFO - Processing file /opt/airflow/dags/create_audit_table.py for tasks to queue
[2025-11-18T09:49:27.034+0000] {logging_mixin.py:188} INFO - [2025-11-18T09:49:27.033+0000] {dagbag.py:538} INFO - Filling up the DagBag from /opt/airflow/dags/create_audit_table.py
[2025-11-18T09:49:27.556+0000] {processor.py:840} INFO - DAG(s) 'create_audit_table' retrieved from /opt/airflow/dags/create_audit_table.py
[2025-11-18T09:49:27.672+0000] {logging_mixin.py:188} INFO - [2025-11-18T09:49:27.672+0000] {dag.py:3036} INFO - Sync 1 DAGs
[2025-11-18T09:49:27.763+0000] {logging_mixin.py:188} INFO - [2025-11-18T09:49:27.763+0000] {dag.py:3823} INFO - Setting next_dagrun for create_audit_table to None, run_after=None
[2025-11-18T09:49:27.990+0000] {processor.py:183} INFO - Processing /opt/airflow/dags/create_audit_table.py took 1.132 seconds
[2025-11-18T09:49:58.422+0000] {processor.py:161} INFO - Started process (PID=20086) to work on /opt/airflow/dags/create_audit_table.py
[2025-11-18T09:49:58.426+0000] {processor.py:830} INFO - Processing file /opt/airflow/dags/create_audit_table.py for tasks to queue
[2025-11-18T09:49:58.430+0000] {logging_mixin.py:188} INFO - [2025-11-18T09:49:58.429+0000] {dagbag.py:538} INFO - Filling up the DagBag from /opt/airflow/dags/create_audit_table.py
[2025-11-18T09:49:58.654+0000] {processor.py:840} INFO - DAG(s) 'create_audit_table' retrieved from /opt/airflow/dags/create_audit_table.py
[2025-11-18T09:49:58.763+0000] {logging_mixin.py:188} INFO - [2025-11-18T09:49:58.762+0000] {dag.py:3036} INFO - Sync 1 DAGs
[2025-11-18T09:49:58.839+0000] {logging_mixin.py:188} INFO - [2025-11-18T09:49:58.839+0000] {dag.py:3823} INFO - Setting next_dagrun for create_audit_table to None, run_after=None
[2025-11-18T09:49:59.149+0000] {processor.py:183} INFO - Processing /opt/airflow/dags/create_audit_table.py took 0.739 seconds
[2025-11-18T09:50:29.648+0000] {processor.py:161} INFO - Started process (PID=20111) to work on /opt/airflow/dags/create_audit_table.py
[2025-11-18T09:50:29.650+0000] {processor.py:830} INFO - Processing file /opt/airflow/dags/create_audit_table.py for tasks to queue
[2025-11-18T09:50:29.651+0000] {logging_mixin.py:188} INFO - [2025-11-18T09:50:29.650+0000] {dagbag.py:538} INFO - Filling up the DagBag from /opt/airflow/dags/create_audit_table.py
[2025-11-18T09:50:29.683+0000] {processor.py:840} INFO - DAG(s) 'create_audit_table' retrieved from /opt/airflow/dags/create_audit_table.py
[2025-11-18T09:50:29.747+0000] {logging_mixin.py:188} INFO - [2025-11-18T09:50:29.746+0000] {dag.py:3036} INFO - Sync 1 DAGs
[2025-11-18T09:50:29.771+0000] {logging_mixin.py:188} INFO - [2025-11-18T09:50:29.770+0000] {dag.py:3823} INFO - Setting next_dagrun for create_audit_table to None, run_after=None
[2025-11-18T09:50:29.818+0000] {processor.py:183} INFO - Processing /opt/airflow/dags/create_audit_table.py took 0.175 seconds
[2025-11-18T09:50:59.987+0000] {processor.py:161} INFO - Started process (PID=20136) to work on /opt/airflow/dags/create_audit_table.py
[2025-11-18T09:50:59.989+0000] {processor.py:830} INFO - Processing file /opt/airflow/dags/create_audit_table.py for tasks to queue
[2025-11-18T09:51:00.001+0000] {logging_mixin.py:188} INFO - [2025-11-18T09:51:00.000+0000] {dagbag.py:538} INFO - Filling up the DagBag from /opt/airflow/dags/create_audit_table.py
[2025-11-18T09:51:00.401+0000] {processor.py:840} INFO - DAG(s) 'create_audit_table' retrieved from /opt/airflow/dags/create_audit_table.py
[2025-11-18T09:51:00.483+0000] {logging_mixin.py:188} INFO - [2025-11-18T09:51:00.472+0000] {dag.py:3036} INFO - Sync 1 DAGs
[2025-11-18T09:51:00.529+0000] {logging_mixin.py:188} INFO - [2025-11-18T09:51:00.528+0000] {dag.py:3823} INFO - Setting next_dagrun for create_audit_table to None, run_after=None
[2025-11-18T09:51:00.597+0000] {processor.py:183} INFO - Processing /opt/airflow/dags/create_audit_table.py took 0.615 seconds
[2025-11-18T09:51:30.826+0000] {processor.py:161} INFO - Started process (PID=20163) to work on /opt/airflow/dags/create_audit_table.py
[2025-11-18T09:51:30.836+0000] {processor.py:830} INFO - Processing file /opt/airflow/dags/create_audit_table.py for tasks to queue
[2025-11-18T09:51:30.837+0000] {logging_mixin.py:188} INFO - [2025-11-18T09:51:30.837+0000] {dagbag.py:538} INFO - Filling up the DagBag from /opt/airflow/dags/create_audit_table.py
[2025-11-18T09:51:30.859+0000] {processor.py:840} INFO - DAG(s) 'create_audit_table' retrieved from /opt/airflow/dags/create_audit_table.py
[2025-11-18T09:51:30.920+0000] {logging_mixin.py:188} INFO - [2025-11-18T09:51:30.919+0000] {dag.py:3036} INFO - Sync 1 DAGs
[2025-11-18T09:51:30.940+0000] {logging_mixin.py:188} INFO - [2025-11-18T09:51:30.940+0000] {dag.py:3823} INFO - Setting next_dagrun for create_audit_table to None, run_after=None
[2025-11-18T09:51:30.976+0000] {processor.py:183} INFO - Processing /opt/airflow/dags/create_audit_table.py took 0.155 seconds
[2025-11-18T09:52:01.910+0000] {processor.py:161} INFO - Started process (PID=20188) to work on /opt/airflow/dags/create_audit_table.py
[2025-11-18T09:52:01.911+0000] {processor.py:830} INFO - Processing file /opt/airflow/dags/create_audit_table.py for tasks to queue
[2025-11-18T09:52:01.913+0000] {logging_mixin.py:188} INFO - [2025-11-18T09:52:01.912+0000] {dagbag.py:538} INFO - Filling up the DagBag from /opt/airflow/dags/create_audit_table.py
[2025-11-18T09:52:01.940+0000] {processor.py:840} INFO - DAG(s) 'create_audit_table' retrieved from /opt/airflow/dags/create_audit_table.py
[2025-11-18T09:52:01.984+0000] {logging_mixin.py:188} INFO - [2025-11-18T09:52:01.983+0000] {dag.py:3036} INFO - Sync 1 DAGs
[2025-11-18T09:52:02.008+0000] {logging_mixin.py:188} INFO - [2025-11-18T09:52:02.008+0000] {dag.py:3823} INFO - Setting next_dagrun for create_audit_table to None, run_after=None
[2025-11-18T09:52:02.041+0000] {processor.py:183} INFO - Processing /opt/airflow/dags/create_audit_table.py took 0.136 seconds
[2025-11-18T09:52:32.304+0000] {processor.py:161} INFO - Started process (PID=20213) to work on /opt/airflow/dags/create_audit_table.py
[2025-11-18T09:52:32.315+0000] {processor.py:830} INFO - Processing file /opt/airflow/dags/create_audit_table.py for tasks to queue
[2025-11-18T09:52:32.317+0000] {logging_mixin.py:188} INFO - [2025-11-18T09:52:32.316+0000] {dagbag.py:538} INFO - Filling up the DagBag from /opt/airflow/dags/create_audit_table.py
[2025-11-18T09:52:32.363+0000] {processor.py:840} INFO - DAG(s) 'create_audit_table' retrieved from /opt/airflow/dags/create_audit_table.py
[2025-11-18T09:52:32.429+0000] {logging_mixin.py:188} INFO - [2025-11-18T09:52:32.429+0000] {dag.py:3036} INFO - Sync 1 DAGs
[2025-11-18T09:52:32.455+0000] {logging_mixin.py:188} INFO - [2025-11-18T09:52:32.454+0000] {dag.py:3823} INFO - Setting next_dagrun for create_audit_table to None, run_after=None
[2025-11-18T09:52:32.548+0000] {processor.py:183} INFO - Processing /opt/airflow/dags/create_audit_table.py took 0.250 seconds
[2025-11-18T09:53:03.274+0000] {processor.py:161} INFO - Started process (PID=20238) to work on /opt/airflow/dags/create_audit_table.py
[2025-11-18T09:53:03.276+0000] {processor.py:830} INFO - Processing file /opt/airflow/dags/create_audit_table.py for tasks to queue
[2025-11-18T09:53:03.278+0000] {logging_mixin.py:188} INFO - [2025-11-18T09:53:03.277+0000] {dagbag.py:538} INFO - Filling up the DagBag from /opt/airflow/dags/create_audit_table.py
[2025-11-18T09:53:03.308+0000] {processor.py:840} INFO - DAG(s) 'create_audit_table' retrieved from /opt/airflow/dags/create_audit_table.py
[2025-11-18T09:53:03.335+0000] {logging_mixin.py:188} INFO - [2025-11-18T09:53:03.334+0000] {dag.py:3036} INFO - Sync 1 DAGs
[2025-11-18T09:53:03.345+0000] {logging_mixin.py:188} INFO - [2025-11-18T09:53:03.345+0000] {dag.py:3823} INFO - Setting next_dagrun for create_audit_table to None, run_after=None
[2025-11-18T09:53:03.367+0000] {processor.py:183} INFO - Processing /opt/airflow/dags/create_audit_table.py took 0.097 seconds
[2025-11-18T09:53:33.730+0000] {processor.py:161} INFO - Started process (PID=20263) to work on /opt/airflow/dags/create_audit_table.py
[2025-11-18T09:53:33.732+0000] {processor.py:830} INFO - Processing file /opt/airflow/dags/create_audit_table.py for tasks to queue
[2025-11-18T09:53:33.733+0000] {logging_mixin.py:188} INFO - [2025-11-18T09:53:33.733+0000] {dagbag.py:538} INFO - Filling up the DagBag from /opt/airflow/dags/create_audit_table.py
[2025-11-18T09:53:33.762+0000] {processor.py:840} INFO - DAG(s) 'create_audit_table' retrieved from /opt/airflow/dags/create_audit_table.py
[2025-11-18T09:53:33.808+0000] {logging_mixin.py:188} INFO - [2025-11-18T09:53:33.807+0000] {dag.py:3036} INFO - Sync 1 DAGs
[2025-11-18T09:53:33.825+0000] {logging_mixin.py:188} INFO - [2025-11-18T09:53:33.825+0000] {dag.py:3823} INFO - Setting next_dagrun for create_audit_table to None, run_after=None
[2025-11-18T09:53:33.854+0000] {processor.py:183} INFO - Processing /opt/airflow/dags/create_audit_table.py took 0.128 seconds
[2025-11-18T09:54:11.842+0000] {processor.py:161} INFO - Started process (PID=20286) to work on /opt/airflow/dags/create_audit_table.py
[2025-11-18T09:54:11.850+0000] {processor.py:830} INFO - Processing file /opt/airflow/dags/create_audit_table.py for tasks to queue
[2025-11-18T09:54:11.854+0000] {logging_mixin.py:188} INFO - [2025-11-18T09:54:11.854+0000] {dagbag.py:538} INFO - Filling up the DagBag from /opt/airflow/dags/create_audit_table.py
[2025-11-18T09:54:11.969+0000] {processor.py:840} INFO - DAG(s) 'create_audit_table' retrieved from /opt/airflow/dags/create_audit_table.py
[2025-11-18T09:54:12.099+0000] {logging_mixin.py:188} INFO - [2025-11-18T09:54:12.097+0000] {dag.py:3036} INFO - Sync 1 DAGs
[2025-11-18T09:54:12.161+0000] {logging_mixin.py:188} INFO - [2025-11-18T09:54:12.160+0000] {dag.py:3823} INFO - Setting next_dagrun for create_audit_table to None, run_after=None
[2025-11-18T09:54:12.302+0000] {processor.py:183} INFO - Processing /opt/airflow/dags/create_audit_table.py took 0.465 seconds
[2025-11-18T09:54:42.584+0000] {processor.py:161} INFO - Started process (PID=20311) to work on /opt/airflow/dags/create_audit_table.py
[2025-11-18T09:54:42.587+0000] {processor.py:830} INFO - Processing file /opt/airflow/dags/create_audit_table.py for tasks to queue
[2025-11-18T09:54:42.591+0000] {logging_mixin.py:188} INFO - [2025-11-18T09:54:42.590+0000] {dagbag.py:538} INFO - Filling up the DagBag from /opt/airflow/dags/create_audit_table.py
[2025-11-18T09:54:42.620+0000] {processor.py:840} INFO - DAG(s) 'create_audit_table' retrieved from /opt/airflow/dags/create_audit_table.py
[2025-11-18T09:54:42.695+0000] {logging_mixin.py:188} INFO - [2025-11-18T09:54:42.694+0000] {dag.py:3036} INFO - Sync 1 DAGs
[2025-11-18T09:54:42.716+0000] {logging_mixin.py:188} INFO - [2025-11-18T09:54:42.716+0000] {dag.py:3823} INFO - Setting next_dagrun for create_audit_table to None, run_after=None
[2025-11-18T09:54:42.775+0000] {processor.py:183} INFO - Processing /opt/airflow/dags/create_audit_table.py took 0.195 seconds
[2025-11-18T09:55:12.908+0000] {processor.py:161} INFO - Started process (PID=20336) to work on /opt/airflow/dags/create_audit_table.py
[2025-11-18T09:55:12.910+0000] {processor.py:830} INFO - Processing file /opt/airflow/dags/create_audit_table.py for tasks to queue
[2025-11-18T09:55:12.911+0000] {logging_mixin.py:188} INFO - [2025-11-18T09:55:12.911+0000] {dagbag.py:538} INFO - Filling up the DagBag from /opt/airflow/dags/create_audit_table.py
[2025-11-18T09:55:12.930+0000] {processor.py:840} INFO - DAG(s) 'create_audit_table' retrieved from /opt/airflow/dags/create_audit_table.py
[2025-11-18T09:55:12.962+0000] {logging_mixin.py:188} INFO - [2025-11-18T09:55:12.962+0000] {dag.py:3036} INFO - Sync 1 DAGs
[2025-11-18T09:55:12.976+0000] {logging_mixin.py:188} INFO - [2025-11-18T09:55:12.975+0000] {dag.py:3823} INFO - Setting next_dagrun for create_audit_table to None, run_after=None
[2025-11-18T09:55:13.000+0000] {processor.py:183} INFO - Processing /opt/airflow/dags/create_audit_table.py took 0.096 seconds
[2025-11-18T09:55:43.874+0000] {processor.py:161} INFO - Started process (PID=20361) to work on /opt/airflow/dags/create_audit_table.py
[2025-11-18T09:55:43.877+0000] {processor.py:830} INFO - Processing file /opt/airflow/dags/create_audit_table.py for tasks to queue
[2025-11-18T09:55:43.879+0000] {logging_mixin.py:188} INFO - [2025-11-18T09:55:43.878+0000] {dagbag.py:538} INFO - Filling up the DagBag from /opt/airflow/dags/create_audit_table.py
[2025-11-18T09:55:43.902+0000] {processor.py:840} INFO - DAG(s) 'create_audit_table' retrieved from /opt/airflow/dags/create_audit_table.py
[2025-11-18T09:55:43.982+0000] {logging_mixin.py:188} INFO - [2025-11-18T09:55:43.982+0000] {dag.py:3036} INFO - Sync 1 DAGs
[2025-11-18T09:55:44.004+0000] {logging_mixin.py:188} INFO - [2025-11-18T09:55:44.003+0000] {dag.py:3823} INFO - Setting next_dagrun for create_audit_table to None, run_after=None
[2025-11-18T09:55:44.038+0000] {processor.py:183} INFO - Processing /opt/airflow/dags/create_audit_table.py took 0.169 seconds
[2025-11-18T09:56:14.985+0000] {processor.py:161} INFO - Started process (PID=20386) to work on /opt/airflow/dags/create_audit_table.py
[2025-11-18T09:56:14.987+0000] {processor.py:830} INFO - Processing file /opt/airflow/dags/create_audit_table.py for tasks to queue
[2025-11-18T09:56:14.988+0000] {logging_mixin.py:188} INFO - [2025-11-18T09:56:14.988+0000] {dagbag.py:538} INFO - Filling up the DagBag from /opt/airflow/dags/create_audit_table.py
[2025-11-18T09:56:15.009+0000] {processor.py:840} INFO - DAG(s) 'create_audit_table' retrieved from /opt/airflow/dags/create_audit_table.py
[2025-11-18T09:56:15.078+0000] {logging_mixin.py:188} INFO - [2025-11-18T09:56:15.077+0000] {dag.py:3036} INFO - Sync 1 DAGs
[2025-11-18T09:56:15.102+0000] {logging_mixin.py:188} INFO - [2025-11-18T09:56:15.102+0000] {dag.py:3823} INFO - Setting next_dagrun for create_audit_table to None, run_after=None
[2025-11-18T09:56:15.146+0000] {processor.py:183} INFO - Processing /opt/airflow/dags/create_audit_table.py took 0.168 seconds
[2025-11-18T09:56:45.833+0000] {processor.py:161} INFO - Started process (PID=20411) to work on /opt/airflow/dags/create_audit_table.py
[2025-11-18T09:56:45.835+0000] {processor.py:830} INFO - Processing file /opt/airflow/dags/create_audit_table.py for tasks to queue
[2025-11-18T09:56:45.840+0000] {logging_mixin.py:188} INFO - [2025-11-18T09:56:45.836+0000] {dagbag.py:538} INFO - Filling up the DagBag from /opt/airflow/dags/create_audit_table.py
[2025-11-18T09:56:45.866+0000] {processor.py:840} INFO - DAG(s) 'create_audit_table' retrieved from /opt/airflow/dags/create_audit_table.py
[2025-11-18T09:56:45.923+0000] {logging_mixin.py:188} INFO - [2025-11-18T09:56:45.922+0000] {dag.py:3036} INFO - Sync 1 DAGs
[2025-11-18T09:56:45.945+0000] {logging_mixin.py:188} INFO - [2025-11-18T09:56:45.945+0000] {dag.py:3823} INFO - Setting next_dagrun for create_audit_table to None, run_after=None
[2025-11-18T09:56:45.979+0000] {processor.py:183} INFO - Processing /opt/airflow/dags/create_audit_table.py took 0.151 seconds
[2025-11-18T09:57:16.594+0000] {processor.py:161} INFO - Started process (PID=20436) to work on /opt/airflow/dags/create_audit_table.py
[2025-11-18T09:57:16.596+0000] {processor.py:830} INFO - Processing file /opt/airflow/dags/create_audit_table.py for tasks to queue
[2025-11-18T09:57:16.598+0000] {logging_mixin.py:188} INFO - [2025-11-18T09:57:16.598+0000] {dagbag.py:538} INFO - Filling up the DagBag from /opt/airflow/dags/create_audit_table.py
[2025-11-18T09:57:16.642+0000] {processor.py:840} INFO - DAG(s) 'create_audit_table' retrieved from /opt/airflow/dags/create_audit_table.py
[2025-11-18T09:57:16.687+0000] {logging_mixin.py:188} INFO - [2025-11-18T09:57:16.685+0000] {dag.py:3036} INFO - Sync 1 DAGs
[2025-11-18T09:57:16.706+0000] {logging_mixin.py:188} INFO - [2025-11-18T09:57:16.705+0000] {dag.py:3823} INFO - Setting next_dagrun for create_audit_table to None, run_after=None
[2025-11-18T09:57:16.736+0000] {processor.py:183} INFO - Processing /opt/airflow/dags/create_audit_table.py took 0.146 seconds
[2025-11-18T09:57:47.418+0000] {processor.py:161} INFO - Started process (PID=20461) to work on /opt/airflow/dags/create_audit_table.py
[2025-11-18T09:57:47.419+0000] {processor.py:830} INFO - Processing file /opt/airflow/dags/create_audit_table.py for tasks to queue
[2025-11-18T09:57:47.421+0000] {logging_mixin.py:188} INFO - [2025-11-18T09:57:47.420+0000] {dagbag.py:538} INFO - Filling up the DagBag from /opt/airflow/dags/create_audit_table.py
[2025-11-18T09:57:47.439+0000] {processor.py:840} INFO - DAG(s) 'create_audit_table' retrieved from /opt/airflow/dags/create_audit_table.py
[2025-11-18T09:57:47.472+0000] {logging_mixin.py:188} INFO - [2025-11-18T09:57:47.472+0000] {dag.py:3036} INFO - Sync 1 DAGs
[2025-11-18T09:57:47.486+0000] {logging_mixin.py:188} INFO - [2025-11-18T09:57:47.486+0000] {dag.py:3823} INFO - Setting next_dagrun for create_audit_table to None, run_after=None
[2025-11-18T09:57:47.508+0000] {processor.py:183} INFO - Processing /opt/airflow/dags/create_audit_table.py took 0.095 seconds
[2025-11-18T09:58:18.128+0000] {processor.py:161} INFO - Started process (PID=20486) to work on /opt/airflow/dags/create_audit_table.py
[2025-11-18T09:58:18.130+0000] {processor.py:830} INFO - Processing file /opt/airflow/dags/create_audit_table.py for tasks to queue
[2025-11-18T09:58:18.131+0000] {logging_mixin.py:188} INFO - [2025-11-18T09:58:18.131+0000] {dagbag.py:538} INFO - Filling up the DagBag from /opt/airflow/dags/create_audit_table.py
[2025-11-18T09:58:18.147+0000] {processor.py:840} INFO - DAG(s) 'create_audit_table' retrieved from /opt/airflow/dags/create_audit_table.py
[2025-11-18T09:58:18.186+0000] {logging_mixin.py:188} INFO - [2025-11-18T09:58:18.186+0000] {dag.py:3036} INFO - Sync 1 DAGs
[2025-11-18T09:58:18.206+0000] {logging_mixin.py:188} INFO - [2025-11-18T09:58:18.206+0000] {dag.py:3823} INFO - Setting next_dagrun for create_audit_table to None, run_after=None
[2025-11-18T09:58:18.238+0000] {processor.py:183} INFO - Processing /opt/airflow/dags/create_audit_table.py took 0.117 seconds
[2025-11-18T09:58:48.687+0000] {processor.py:161} INFO - Started process (PID=20511) to work on /opt/airflow/dags/create_audit_table.py
[2025-11-18T09:58:48.689+0000] {processor.py:830} INFO - Processing file /opt/airflow/dags/create_audit_table.py for tasks to queue
[2025-11-18T09:58:48.696+0000] {logging_mixin.py:188} INFO - [2025-11-18T09:58:48.696+0000] {dagbag.py:538} INFO - Filling up the DagBag from /opt/airflow/dags/create_audit_table.py
[2025-11-18T09:58:48.862+0000] {processor.py:840} INFO - DAG(s) 'create_audit_table' retrieved from /opt/airflow/dags/create_audit_table.py
[2025-11-18T09:58:48.994+0000] {logging_mixin.py:188} INFO - [2025-11-18T09:58:48.985+0000] {dag.py:3036} INFO - Sync 1 DAGs
[2025-11-18T09:58:49.013+0000] {logging_mixin.py:188} INFO - [2025-11-18T09:58:49.013+0000] {dag.py:3823} INFO - Setting next_dagrun for create_audit_table to None, run_after=None
[2025-11-18T09:58:49.067+0000] {processor.py:183} INFO - Processing /opt/airflow/dags/create_audit_table.py took 0.389 seconds
[2025-11-18T09:59:19.793+0000] {processor.py:161} INFO - Started process (PID=20536) to work on /opt/airflow/dags/create_audit_table.py
[2025-11-18T09:59:19.794+0000] {processor.py:830} INFO - Processing file /opt/airflow/dags/create_audit_table.py for tasks to queue
[2025-11-18T09:59:19.796+0000] {logging_mixin.py:188} INFO - [2025-11-18T09:59:19.795+0000] {dagbag.py:538} INFO - Filling up the DagBag from /opt/airflow/dags/create_audit_table.py
[2025-11-18T09:59:19.813+0000] {processor.py:840} INFO - DAG(s) 'create_audit_table' retrieved from /opt/airflow/dags/create_audit_table.py
[2025-11-18T09:59:19.875+0000] {logging_mixin.py:188} INFO - [2025-11-18T09:59:19.875+0000] {dag.py:3036} INFO - Sync 1 DAGs
[2025-11-18T09:59:19.906+0000] {logging_mixin.py:188} INFO - [2025-11-18T09:59:19.905+0000] {dag.py:3823} INFO - Setting next_dagrun for create_audit_table to None, run_after=None
[2025-11-18T09:59:19.954+0000] {processor.py:183} INFO - Processing /opt/airflow/dags/create_audit_table.py took 0.164 seconds
[2025-11-18T09:59:50.599+0000] {processor.py:161} INFO - Started process (PID=20561) to work on /opt/airflow/dags/create_audit_table.py
[2025-11-18T09:59:50.607+0000] {processor.py:830} INFO - Processing file /opt/airflow/dags/create_audit_table.py for tasks to queue
[2025-11-18T09:59:50.610+0000] {logging_mixin.py:188} INFO - [2025-11-18T09:59:50.609+0000] {dagbag.py:538} INFO - Filling up the DagBag from /opt/airflow/dags/create_audit_table.py
[2025-11-18T09:59:50.664+0000] {processor.py:840} INFO - DAG(s) 'create_audit_table' retrieved from /opt/airflow/dags/create_audit_table.py
[2025-11-18T09:59:50.739+0000] {logging_mixin.py:188} INFO - [2025-11-18T09:59:50.739+0000] {dag.py:3036} INFO - Sync 1 DAGs
[2025-11-18T09:59:50.805+0000] {logging_mixin.py:188} INFO - [2025-11-18T09:59:50.805+0000] {dag.py:3823} INFO - Setting next_dagrun for create_audit_table to None, run_after=None
[2025-11-18T09:59:50.835+0000] {processor.py:183} INFO - Processing /opt/airflow/dags/create_audit_table.py took 0.241 seconds
[2025-11-18T10:00:21.840+0000] {processor.py:161} INFO - Started process (PID=20586) to work on /opt/airflow/dags/create_audit_table.py
[2025-11-18T10:00:21.845+0000] {processor.py:830} INFO - Processing file /opt/airflow/dags/create_audit_table.py for tasks to queue
[2025-11-18T10:00:21.852+0000] {logging_mixin.py:188} INFO - [2025-11-18T10:00:21.846+0000] {dagbag.py:538} INFO - Filling up the DagBag from /opt/airflow/dags/create_audit_table.py
[2025-11-18T10:00:22.021+0000] {processor.py:840} INFO - DAG(s) 'create_audit_table' retrieved from /opt/airflow/dags/create_audit_table.py
[2025-11-18T10:00:22.116+0000] {logging_mixin.py:188} INFO - [2025-11-18T10:00:22.116+0000] {dag.py:3036} INFO - Sync 1 DAGs
[2025-11-18T10:00:22.223+0000] {logging_mixin.py:188} INFO - [2025-11-18T10:00:22.222+0000] {dag.py:3823} INFO - Setting next_dagrun for create_audit_table to None, run_after=None
[2025-11-18T10:00:22.366+0000] {processor.py:183} INFO - Processing /opt/airflow/dags/create_audit_table.py took 0.530 seconds
[2025-11-18T10:00:52.791+0000] {processor.py:161} INFO - Started process (PID=20611) to work on /opt/airflow/dags/create_audit_table.py
[2025-11-18T10:00:52.795+0000] {processor.py:830} INFO - Processing file /opt/airflow/dags/create_audit_table.py for tasks to queue
[2025-11-18T10:00:52.802+0000] {logging_mixin.py:188} INFO - [2025-11-18T10:00:52.796+0000] {dagbag.py:538} INFO - Filling up the DagBag from /opt/airflow/dags/create_audit_table.py
[2025-11-18T10:00:52.828+0000] {processor.py:840} INFO - DAG(s) 'create_audit_table' retrieved from /opt/airflow/dags/create_audit_table.py
[2025-11-18T10:00:52.943+0000] {logging_mixin.py:188} INFO - [2025-11-18T10:00:52.937+0000] {dag.py:3036} INFO - Sync 1 DAGs
[2025-11-18T10:00:53.000+0000] {logging_mixin.py:188} INFO - [2025-11-18T10:00:52.999+0000] {dag.py:3823} INFO - Setting next_dagrun for create_audit_table to None, run_after=None
[2025-11-18T10:00:53.063+0000] {processor.py:183} INFO - Processing /opt/airflow/dags/create_audit_table.py took 0.277 seconds
[2025-11-18T10:01:23.985+0000] {processor.py:161} INFO - Started process (PID=20636) to work on /opt/airflow/dags/create_audit_table.py
[2025-11-18T10:01:23.989+0000] {processor.py:830} INFO - Processing file /opt/airflow/dags/create_audit_table.py for tasks to queue
[2025-11-18T10:01:23.991+0000] {logging_mixin.py:188} INFO - [2025-11-18T10:01:23.991+0000] {dagbag.py:538} INFO - Filling up the DagBag from /opt/airflow/dags/create_audit_table.py
[2025-11-18T10:01:24.048+0000] {processor.py:840} INFO - DAG(s) 'create_audit_table' retrieved from /opt/airflow/dags/create_audit_table.py
[2025-11-18T10:01:24.112+0000] {logging_mixin.py:188} INFO - [2025-11-18T10:01:24.112+0000] {dag.py:3036} INFO - Sync 1 DAGs
[2025-11-18T10:01:24.160+0000] {logging_mixin.py:188} INFO - [2025-11-18T10:01:24.160+0000] {dag.py:3823} INFO - Setting next_dagrun for create_audit_table to None, run_after=None
[2025-11-18T10:01:24.244+0000] {processor.py:183} INFO - Processing /opt/airflow/dags/create_audit_table.py took 0.264 seconds
[2025-11-18T10:01:54.594+0000] {processor.py:161} INFO - Started process (PID=20661) to work on /opt/airflow/dags/create_audit_table.py
[2025-11-18T10:01:54.598+0000] {processor.py:830} INFO - Processing file /opt/airflow/dags/create_audit_table.py for tasks to queue
[2025-11-18T10:01:54.600+0000] {logging_mixin.py:188} INFO - [2025-11-18T10:01:54.599+0000] {dagbag.py:538} INFO - Filling up the DagBag from /opt/airflow/dags/create_audit_table.py
[2025-11-18T10:01:54.620+0000] {processor.py:840} INFO - DAG(s) 'create_audit_table' retrieved from /opt/airflow/dags/create_audit_table.py
[2025-11-18T10:01:54.662+0000] {logging_mixin.py:188} INFO - [2025-11-18T10:01:54.661+0000] {dag.py:3036} INFO - Sync 1 DAGs
[2025-11-18T10:01:54.680+0000] {logging_mixin.py:188} INFO - [2025-11-18T10:01:54.679+0000] {dag.py:3823} INFO - Setting next_dagrun for create_audit_table to None, run_after=None
[2025-11-18T10:01:54.717+0000] {processor.py:183} INFO - Processing /opt/airflow/dags/create_audit_table.py took 0.130 seconds
[2025-11-18T10:02:24.913+0000] {processor.py:161} INFO - Started process (PID=20683) to work on /opt/airflow/dags/create_audit_table.py
[2025-11-18T10:02:24.915+0000] {processor.py:830} INFO - Processing file /opt/airflow/dags/create_audit_table.py for tasks to queue
[2025-11-18T10:02:24.916+0000] {logging_mixin.py:188} INFO - [2025-11-18T10:02:24.916+0000] {dagbag.py:538} INFO - Filling up the DagBag from /opt/airflow/dags/create_audit_table.py
[2025-11-18T10:02:24.935+0000] {processor.py:840} INFO - DAG(s) 'create_audit_table' retrieved from /opt/airflow/dags/create_audit_table.py
[2025-11-18T10:02:24.974+0000] {logging_mixin.py:188} INFO - [2025-11-18T10:02:24.973+0000] {dag.py:3036} INFO - Sync 1 DAGs
[2025-11-18T10:02:24.987+0000] {logging_mixin.py:188} INFO - [2025-11-18T10:02:24.987+0000] {dag.py:3823} INFO - Setting next_dagrun for create_audit_table to None, run_after=None
[2025-11-18T10:02:25.014+0000] {processor.py:183} INFO - Processing /opt/airflow/dags/create_audit_table.py took 0.107 seconds
[2025-11-18T10:02:55.168+0000] {processor.py:161} INFO - Started process (PID=20708) to work on /opt/airflow/dags/create_audit_table.py
[2025-11-18T10:02:55.170+0000] {processor.py:830} INFO - Processing file /opt/airflow/dags/create_audit_table.py for tasks to queue
[2025-11-18T10:02:55.171+0000] {logging_mixin.py:188} INFO - [2025-11-18T10:02:55.171+0000] {dagbag.py:538} INFO - Filling up the DagBag from /opt/airflow/dags/create_audit_table.py
[2025-11-18T10:02:55.196+0000] {processor.py:840} INFO - DAG(s) 'create_audit_table' retrieved from /opt/airflow/dags/create_audit_table.py
[2025-11-18T10:02:55.230+0000] {logging_mixin.py:188} INFO - [2025-11-18T10:02:55.229+0000] {dag.py:3036} INFO - Sync 1 DAGs
[2025-11-18T10:02:55.250+0000] {logging_mixin.py:188} INFO - [2025-11-18T10:02:55.249+0000] {dag.py:3823} INFO - Setting next_dagrun for create_audit_table to None, run_after=None
[2025-11-18T10:02:55.296+0000] {processor.py:183} INFO - Processing /opt/airflow/dags/create_audit_table.py took 0.132 seconds
[2025-11-18T10:03:26.545+0000] {processor.py:161} INFO - Started process (PID=20733) to work on /opt/airflow/dags/create_audit_table.py
[2025-11-18T10:03:26.552+0000] {processor.py:830} INFO - Processing file /opt/airflow/dags/create_audit_table.py for tasks to queue
[2025-11-18T10:03:26.558+0000] {logging_mixin.py:188} INFO - [2025-11-18T10:03:26.557+0000] {dagbag.py:538} INFO - Filling up the DagBag from /opt/airflow/dags/create_audit_table.py
[2025-11-18T10:03:26.721+0000] {processor.py:840} INFO - DAG(s) 'create_audit_table' retrieved from /opt/airflow/dags/create_audit_table.py
[2025-11-18T10:03:26.791+0000] {logging_mixin.py:188} INFO - [2025-11-18T10:03:26.790+0000] {dag.py:3036} INFO - Sync 1 DAGs
[2025-11-18T10:03:26.835+0000] {logging_mixin.py:188} INFO - [2025-11-18T10:03:26.834+0000] {dag.py:3823} INFO - Setting next_dagrun for create_audit_table to None, run_after=None
[2025-11-18T10:03:26.901+0000] {processor.py:183} INFO - Processing /opt/airflow/dags/create_audit_table.py took 0.361 seconds
[2025-11-18T10:15:18.588+0000] {processor.py:161} INFO - Started process (PID=20772) to work on /opt/airflow/dags/create_audit_table.py
[2025-11-18T10:15:18.591+0000] {processor.py:830} INFO - Processing file /opt/airflow/dags/create_audit_table.py for tasks to queue
[2025-11-18T10:15:18.595+0000] {logging_mixin.py:188} INFO - [2025-11-18T10:15:18.595+0000] {dagbag.py:538} INFO - Filling up the DagBag from /opt/airflow/dags/create_audit_table.py
[2025-11-18T10:15:18.642+0000] {processor.py:840} INFO - DAG(s) 'create_audit_table' retrieved from /opt/airflow/dags/create_audit_table.py
[2025-11-18T10:15:18.960+0000] {logging_mixin.py:188} INFO - [2025-11-18T10:15:18.960+0000] {dag.py:3036} INFO - Sync 1 DAGs
[2025-11-18T10:15:19.317+0000] {logging_mixin.py:188} INFO - [2025-11-18T10:15:19.317+0000] {dag.py:3823} INFO - Setting next_dagrun for create_audit_table to None, run_after=None
[2025-11-18T10:15:19.924+0000] {processor.py:183} INFO - Processing /opt/airflow/dags/create_audit_table.py took 1.350 seconds
[2025-11-18T10:15:52.118+0000] {processor.py:161} INFO - Started process (PID=20794) to work on /opt/airflow/dags/create_audit_table.py
[2025-11-18T10:15:52.167+0000] {processor.py:830} INFO - Processing file /opt/airflow/dags/create_audit_table.py for tasks to queue
[2025-11-18T10:15:52.182+0000] {logging_mixin.py:188} INFO - [2025-11-18T10:15:52.181+0000] {dagbag.py:538} INFO - Filling up the DagBag from /opt/airflow/dags/create_audit_table.py
[2025-11-18T10:15:58.758+0000] {processor.py:840} INFO - DAG(s) 'create_audit_table' retrieved from /opt/airflow/dags/create_audit_table.py
[2025-11-18T10:16:06.447+0000] {logging_mixin.py:188} INFO - [2025-11-18T10:16:06.429+0000] {dag.py:3036} INFO - Sync 1 DAGs
[2025-11-18T10:16:07.649+0000] {logging_mixin.py:188} INFO - [2025-11-18T10:16:07.649+0000] {dag.py:3823} INFO - Setting next_dagrun for create_audit_table to None, run_after=None
[2025-11-18T10:16:08.017+0000] {processor.py:183} INFO - Processing /opt/airflow/dags/create_audit_table.py took 15.904 seconds
[2025-11-18T10:16:38.578+0000] {processor.py:161} INFO - Started process (PID=20822) to work on /opt/airflow/dags/create_audit_table.py
[2025-11-18T10:16:38.580+0000] {processor.py:830} INFO - Processing file /opt/airflow/dags/create_audit_table.py for tasks to queue
[2025-11-18T10:16:38.581+0000] {logging_mixin.py:188} INFO - [2025-11-18T10:16:38.581+0000] {dagbag.py:538} INFO - Filling up the DagBag from /opt/airflow/dags/create_audit_table.py
[2025-11-18T10:16:38.613+0000] {processor.py:840} INFO - DAG(s) 'create_audit_table' retrieved from /opt/airflow/dags/create_audit_table.py
[2025-11-18T10:16:38.670+0000] {logging_mixin.py:188} INFO - [2025-11-18T10:16:38.669+0000] {dag.py:3036} INFO - Sync 1 DAGs
[2025-11-18T10:16:38.689+0000] {logging_mixin.py:188} INFO - [2025-11-18T10:16:38.688+0000] {dag.py:3823} INFO - Setting next_dagrun for create_audit_table to None, run_after=None
[2025-11-18T10:16:38.719+0000] {processor.py:183} INFO - Processing /opt/airflow/dags/create_audit_table.py took 0.149 seconds
[2025-11-18T10:17:09.081+0000] {processor.py:161} INFO - Started process (PID=20847) to work on /opt/airflow/dags/create_audit_table.py
[2025-11-18T10:17:09.088+0000] {processor.py:830} INFO - Processing file /opt/airflow/dags/create_audit_table.py for tasks to queue
[2025-11-18T10:17:09.089+0000] {logging_mixin.py:188} INFO - [2025-11-18T10:17:09.089+0000] {dagbag.py:538} INFO - Filling up the DagBag from /opt/airflow/dags/create_audit_table.py
[2025-11-18T10:17:09.110+0000] {processor.py:840} INFO - DAG(s) 'create_audit_table' retrieved from /opt/airflow/dags/create_audit_table.py
[2025-11-18T10:17:09.142+0000] {logging_mixin.py:188} INFO - [2025-11-18T10:17:09.142+0000] {dag.py:3036} INFO - Sync 1 DAGs
[2025-11-18T10:17:09.162+0000] {logging_mixin.py:188} INFO - [2025-11-18T10:17:09.162+0000] {dag.py:3823} INFO - Setting next_dagrun for create_audit_table to None, run_after=None
[2025-11-18T10:17:09.190+0000] {processor.py:183} INFO - Processing /opt/airflow/dags/create_audit_table.py took 0.113 seconds
[2025-11-18T10:17:39.862+0000] {processor.py:161} INFO - Started process (PID=20872) to work on /opt/airflow/dags/create_audit_table.py
[2025-11-18T10:17:39.865+0000] {processor.py:830} INFO - Processing file /opt/airflow/dags/create_audit_table.py for tasks to queue
[2025-11-18T10:17:39.866+0000] {logging_mixin.py:188} INFO - [2025-11-18T10:17:39.865+0000] {dagbag.py:538} INFO - Filling up the DagBag from /opt/airflow/dags/create_audit_table.py
[2025-11-18T10:17:39.890+0000] {processor.py:840} INFO - DAG(s) 'create_audit_table' retrieved from /opt/airflow/dags/create_audit_table.py
[2025-11-18T10:17:39.944+0000] {logging_mixin.py:188} INFO - [2025-11-18T10:17:39.944+0000] {dag.py:3036} INFO - Sync 1 DAGs
[2025-11-18T10:17:39.973+0000] {logging_mixin.py:188} INFO - [2025-11-18T10:17:39.972+0000] {dag.py:3823} INFO - Setting next_dagrun for create_audit_table to None, run_after=None
[2025-11-18T10:17:40.058+0000] {processor.py:183} INFO - Processing /opt/airflow/dags/create_audit_table.py took 0.200 seconds
[2025-11-18T10:18:10.492+0000] {processor.py:161} INFO - Started process (PID=20897) to work on /opt/airflow/dags/create_audit_table.py
[2025-11-18T10:18:10.494+0000] {processor.py:830} INFO - Processing file /opt/airflow/dags/create_audit_table.py for tasks to queue
[2025-11-18T10:18:10.495+0000] {logging_mixin.py:188} INFO - [2025-11-18T10:18:10.495+0000] {dagbag.py:538} INFO - Filling up the DagBag from /opt/airflow/dags/create_audit_table.py
[2025-11-18T10:18:10.524+0000] {processor.py:840} INFO - DAG(s) 'create_audit_table' retrieved from /opt/airflow/dags/create_audit_table.py
[2025-11-18T10:18:10.574+0000] {logging_mixin.py:188} INFO - [2025-11-18T10:18:10.574+0000] {dag.py:3036} INFO - Sync 1 DAGs
[2025-11-18T10:18:10.598+0000] {logging_mixin.py:188} INFO - [2025-11-18T10:18:10.598+0000] {dag.py:3823} INFO - Setting next_dagrun for create_audit_table to None, run_after=None
[2025-11-18T10:18:10.634+0000] {processor.py:183} INFO - Processing /opt/airflow/dags/create_audit_table.py took 0.146 seconds
[2025-11-18T10:18:41.167+0000] {processor.py:161} INFO - Started process (PID=20922) to work on /opt/airflow/dags/create_audit_table.py
[2025-11-18T10:18:41.168+0000] {processor.py:830} INFO - Processing file /opt/airflow/dags/create_audit_table.py for tasks to queue
[2025-11-18T10:18:41.170+0000] {logging_mixin.py:188} INFO - [2025-11-18T10:18:41.169+0000] {dagbag.py:538} INFO - Filling up the DagBag from /opt/airflow/dags/create_audit_table.py
[2025-11-18T10:18:41.188+0000] {processor.py:840} INFO - DAG(s) 'create_audit_table' retrieved from /opt/airflow/dags/create_audit_table.py
[2025-11-18T10:18:41.230+0000] {logging_mixin.py:188} INFO - [2025-11-18T10:18:41.230+0000] {dag.py:3036} INFO - Sync 1 DAGs
[2025-11-18T10:18:41.244+0000] {logging_mixin.py:188} INFO - [2025-11-18T10:18:41.243+0000] {dag.py:3823} INFO - Setting next_dagrun for create_audit_table to None, run_after=None
[2025-11-18T10:18:41.265+0000] {processor.py:183} INFO - Processing /opt/airflow/dags/create_audit_table.py took 0.104 seconds
[2025-11-18T10:19:11.875+0000] {processor.py:161} INFO - Started process (PID=20947) to work on /opt/airflow/dags/create_audit_table.py
[2025-11-18T10:19:11.877+0000] {processor.py:830} INFO - Processing file /opt/airflow/dags/create_audit_table.py for tasks to queue
[2025-11-18T10:19:11.878+0000] {logging_mixin.py:188} INFO - [2025-11-18T10:19:11.878+0000] {dagbag.py:538} INFO - Filling up the DagBag from /opt/airflow/dags/create_audit_table.py
[2025-11-18T10:19:11.895+0000] {processor.py:840} INFO - DAG(s) 'create_audit_table' retrieved from /opt/airflow/dags/create_audit_table.py
[2025-11-18T10:19:11.924+0000] {logging_mixin.py:188} INFO - [2025-11-18T10:19:11.924+0000] {dag.py:3036} INFO - Sync 1 DAGs
[2025-11-18T10:19:11.940+0000] {logging_mixin.py:188} INFO - [2025-11-18T10:19:11.939+0000] {dag.py:3823} INFO - Setting next_dagrun for create_audit_table to None, run_after=None
[2025-11-18T10:19:11.964+0000] {processor.py:183} INFO - Processing /opt/airflow/dags/create_audit_table.py took 0.093 seconds
[2025-11-18T10:19:43.584+0000] {processor.py:161} INFO - Started process (PID=20972) to work on /opt/airflow/dags/create_audit_table.py
[2025-11-18T10:19:43.586+0000] {processor.py:830} INFO - Processing file /opt/airflow/dags/create_audit_table.py for tasks to queue
[2025-11-18T10:19:43.588+0000] {logging_mixin.py:188} INFO - [2025-11-18T10:19:43.587+0000] {dagbag.py:538} INFO - Filling up the DagBag from /opt/airflow/dags/create_audit_table.py
[2025-11-18T10:19:43.606+0000] {processor.py:840} INFO - DAG(s) 'create_audit_table' retrieved from /opt/airflow/dags/create_audit_table.py
[2025-11-18T10:19:43.643+0000] {logging_mixin.py:188} INFO - [2025-11-18T10:19:43.642+0000] {dag.py:3036} INFO - Sync 1 DAGs
[2025-11-18T10:19:43.668+0000] {logging_mixin.py:188} INFO - [2025-11-18T10:19:43.666+0000] {dag.py:3823} INFO - Setting next_dagrun for create_audit_table to None, run_after=None
[2025-11-18T10:19:43.741+0000] {processor.py:183} INFO - Processing /opt/airflow/dags/create_audit_table.py took 0.161 seconds
[2025-11-18T10:20:13.917+0000] {processor.py:161} INFO - Started process (PID=20999) to work on /opt/airflow/dags/create_audit_table.py
[2025-11-18T10:20:13.923+0000] {processor.py:830} INFO - Processing file /opt/airflow/dags/create_audit_table.py for tasks to queue
[2025-11-18T10:20:13.925+0000] {logging_mixin.py:188} INFO - [2025-11-18T10:20:13.924+0000] {dagbag.py:538} INFO - Filling up the DagBag from /opt/airflow/dags/create_audit_table.py
[2025-11-18T10:20:13.947+0000] {processor.py:840} INFO - DAG(s) 'create_audit_table' retrieved from /opt/airflow/dags/create_audit_table.py
[2025-11-18T10:20:13.984+0000] {logging_mixin.py:188} INFO - [2025-11-18T10:20:13.983+0000] {dag.py:3036} INFO - Sync 1 DAGs
[2025-11-18T10:20:13.998+0000] {logging_mixin.py:188} INFO - [2025-11-18T10:20:13.998+0000] {dag.py:3823} INFO - Setting next_dagrun for create_audit_table to None, run_after=None
[2025-11-18T10:20:14.028+0000] {processor.py:183} INFO - Processing /opt/airflow/dags/create_audit_table.py took 0.115 seconds
[2025-11-18T10:20:44.721+0000] {processor.py:161} INFO - Started process (PID=21024) to work on /opt/airflow/dags/create_audit_table.py
[2025-11-18T10:20:44.722+0000] {processor.py:830} INFO - Processing file /opt/airflow/dags/create_audit_table.py for tasks to queue
[2025-11-18T10:20:44.723+0000] {logging_mixin.py:188} INFO - [2025-11-18T10:20:44.723+0000] {dagbag.py:538} INFO - Filling up the DagBag from /opt/airflow/dags/create_audit_table.py
[2025-11-18T10:20:44.740+0000] {processor.py:840} INFO - DAG(s) 'create_audit_table' retrieved from /opt/airflow/dags/create_audit_table.py
[2025-11-18T10:20:44.785+0000] {logging_mixin.py:188} INFO - [2025-11-18T10:20:44.785+0000] {dag.py:3036} INFO - Sync 1 DAGs
[2025-11-18T10:20:44.800+0000] {logging_mixin.py:188} INFO - [2025-11-18T10:20:44.800+0000] {dag.py:3823} INFO - Setting next_dagrun for create_audit_table to None, run_after=None
[2025-11-18T10:20:44.826+0000] {processor.py:183} INFO - Processing /opt/airflow/dags/create_audit_table.py took 0.109 seconds
[2025-11-18T10:21:15.451+0000] {processor.py:161} INFO - Started process (PID=21049) to work on /opt/airflow/dags/create_audit_table.py
[2025-11-18T10:21:15.453+0000] {processor.py:830} INFO - Processing file /opt/airflow/dags/create_audit_table.py for tasks to queue
[2025-11-18T10:21:15.455+0000] {logging_mixin.py:188} INFO - [2025-11-18T10:21:15.455+0000] {dagbag.py:538} INFO - Filling up the DagBag from /opt/airflow/dags/create_audit_table.py
[2025-11-18T10:21:15.477+0000] {processor.py:840} INFO - DAG(s) 'create_audit_table' retrieved from /opt/airflow/dags/create_audit_table.py
[2025-11-18T10:21:15.512+0000] {logging_mixin.py:188} INFO - [2025-11-18T10:21:15.511+0000] {dag.py:3036} INFO - Sync 1 DAGs
[2025-11-18T10:21:15.532+0000] {logging_mixin.py:188} INFO - [2025-11-18T10:21:15.532+0000] {dag.py:3823} INFO - Setting next_dagrun for create_audit_table to None, run_after=None
[2025-11-18T10:21:15.569+0000] {processor.py:183} INFO - Processing /opt/airflow/dags/create_audit_table.py took 0.122 seconds
[2025-11-18T10:21:46.318+0000] {processor.py:161} INFO - Started process (PID=21074) to work on /opt/airflow/dags/create_audit_table.py
[2025-11-18T10:21:46.319+0000] {processor.py:830} INFO - Processing file /opt/airflow/dags/create_audit_table.py for tasks to queue
[2025-11-18T10:21:46.320+0000] {logging_mixin.py:188} INFO - [2025-11-18T10:21:46.320+0000] {dagbag.py:538} INFO - Filling up the DagBag from /opt/airflow/dags/create_audit_table.py
[2025-11-18T10:21:46.336+0000] {processor.py:840} INFO - DAG(s) 'create_audit_table' retrieved from /opt/airflow/dags/create_audit_table.py
[2025-11-18T10:21:46.369+0000] {logging_mixin.py:188} INFO - [2025-11-18T10:21:46.368+0000] {dag.py:3036} INFO - Sync 1 DAGs
[2025-11-18T10:21:46.382+0000] {logging_mixin.py:188} INFO - [2025-11-18T10:21:46.382+0000] {dag.py:3823} INFO - Setting next_dagrun for create_audit_table to None, run_after=None
[2025-11-18T10:21:46.401+0000] {processor.py:183} INFO - Processing /opt/airflow/dags/create_audit_table.py took 0.088 seconds
[2025-11-18T10:22:17.112+0000] {processor.py:161} INFO - Started process (PID=21099) to work on /opt/airflow/dags/create_audit_table.py
[2025-11-18T10:22:17.114+0000] {processor.py:830} INFO - Processing file /opt/airflow/dags/create_audit_table.py for tasks to queue
[2025-11-18T10:22:17.115+0000] {logging_mixin.py:188} INFO - [2025-11-18T10:22:17.115+0000] {dagbag.py:538} INFO - Filling up the DagBag from /opt/airflow/dags/create_audit_table.py
[2025-11-18T10:22:17.133+0000] {processor.py:840} INFO - DAG(s) 'create_audit_table' retrieved from /opt/airflow/dags/create_audit_table.py
[2025-11-18T10:22:17.180+0000] {logging_mixin.py:188} INFO - [2025-11-18T10:22:17.180+0000] {dag.py:3036} INFO - Sync 1 DAGs
[2025-11-18T10:22:17.199+0000] {logging_mixin.py:188} INFO - [2025-11-18T10:22:17.199+0000] {dag.py:3823} INFO - Setting next_dagrun for create_audit_table to None, run_after=None
[2025-11-18T10:22:17.225+0000] {processor.py:183} INFO - Processing /opt/airflow/dags/create_audit_table.py took 0.116 seconds
[2025-11-18T10:22:47.845+0000] {processor.py:161} INFO - Started process (PID=21124) to work on /opt/airflow/dags/create_audit_table.py
[2025-11-18T10:22:47.847+0000] {processor.py:830} INFO - Processing file /opt/airflow/dags/create_audit_table.py for tasks to queue
[2025-11-18T10:22:47.848+0000] {logging_mixin.py:188} INFO - [2025-11-18T10:22:47.848+0000] {dagbag.py:538} INFO - Filling up the DagBag from /opt/airflow/dags/create_audit_table.py
[2025-11-18T10:22:47.865+0000] {processor.py:840} INFO - DAG(s) 'create_audit_table' retrieved from /opt/airflow/dags/create_audit_table.py
[2025-11-18T10:22:47.918+0000] {logging_mixin.py:188} INFO - [2025-11-18T10:22:47.918+0000] {dag.py:3036} INFO - Sync 1 DAGs
[2025-11-18T10:22:47.935+0000] {logging_mixin.py:188} INFO - [2025-11-18T10:22:47.934+0000] {dag.py:3823} INFO - Setting next_dagrun for create_audit_table to None, run_after=None
[2025-11-18T10:22:47.964+0000] {processor.py:183} INFO - Processing /opt/airflow/dags/create_audit_table.py took 0.124 seconds
[2025-11-18T10:23:18.750+0000] {processor.py:161} INFO - Started process (PID=21149) to work on /opt/airflow/dags/create_audit_table.py
[2025-11-18T10:23:18.753+0000] {processor.py:830} INFO - Processing file /opt/airflow/dags/create_audit_table.py for tasks to queue
[2025-11-18T10:23:18.755+0000] {logging_mixin.py:188} INFO - [2025-11-18T10:23:18.754+0000] {dagbag.py:538} INFO - Filling up the DagBag from /opt/airflow/dags/create_audit_table.py
[2025-11-18T10:23:18.773+0000] {processor.py:840} INFO - DAG(s) 'create_audit_table' retrieved from /opt/airflow/dags/create_audit_table.py
[2025-11-18T10:23:18.807+0000] {logging_mixin.py:188} INFO - [2025-11-18T10:23:18.807+0000] {dag.py:3036} INFO - Sync 1 DAGs
[2025-11-18T10:23:18.820+0000] {logging_mixin.py:188} INFO - [2025-11-18T10:23:18.819+0000] {dag.py:3823} INFO - Setting next_dagrun for create_audit_table to None, run_after=None
[2025-11-18T10:23:18.843+0000] {processor.py:183} INFO - Processing /opt/airflow/dags/create_audit_table.py took 0.097 seconds
[2025-11-18T10:23:49.384+0000] {processor.py:161} INFO - Started process (PID=21174) to work on /opt/airflow/dags/create_audit_table.py
[2025-11-18T10:23:49.385+0000] {processor.py:830} INFO - Processing file /opt/airflow/dags/create_audit_table.py for tasks to queue
[2025-11-18T10:23:49.387+0000] {logging_mixin.py:188} INFO - [2025-11-18T10:23:49.387+0000] {dagbag.py:538} INFO - Filling up the DagBag from /opt/airflow/dags/create_audit_table.py
[2025-11-18T10:23:49.404+0000] {processor.py:840} INFO - DAG(s) 'create_audit_table' retrieved from /opt/airflow/dags/create_audit_table.py
[2025-11-18T10:23:49.436+0000] {logging_mixin.py:188} INFO - [2025-11-18T10:23:49.435+0000] {dag.py:3036} INFO - Sync 1 DAGs
[2025-11-18T10:23:49.452+0000] {logging_mixin.py:188} INFO - [2025-11-18T10:23:49.451+0000] {dag.py:3823} INFO - Setting next_dagrun for create_audit_table to None, run_after=None
[2025-11-18T10:23:49.476+0000] {processor.py:183} INFO - Processing /opt/airflow/dags/create_audit_table.py took 0.097 seconds
[2025-11-18T10:24:20.000+0000] {processor.py:161} INFO - Started process (PID=21199) to work on /opt/airflow/dags/create_audit_table.py
[2025-11-18T10:24:20.002+0000] {processor.py:830} INFO - Processing file /opt/airflow/dags/create_audit_table.py for tasks to queue
[2025-11-18T10:24:20.003+0000] {logging_mixin.py:188} INFO - [2025-11-18T10:24:20.003+0000] {dagbag.py:538} INFO - Filling up the DagBag from /opt/airflow/dags/create_audit_table.py
[2025-11-18T10:24:20.021+0000] {processor.py:840} INFO - DAG(s) 'create_audit_table' retrieved from /opt/airflow/dags/create_audit_table.py
[2025-11-18T10:24:20.065+0000] {logging_mixin.py:188} INFO - [2025-11-18T10:24:20.065+0000] {dag.py:3036} INFO - Sync 1 DAGs
[2025-11-18T10:24:20.084+0000] {logging_mixin.py:188} INFO - [2025-11-18T10:24:20.084+0000] {dag.py:3823} INFO - Setting next_dagrun for create_audit_table to None, run_after=None
[2025-11-18T10:24:20.110+0000] {processor.py:183} INFO - Processing /opt/airflow/dags/create_audit_table.py took 0.113 seconds
[2025-11-18T10:24:50.708+0000] {processor.py:161} INFO - Started process (PID=21224) to work on /opt/airflow/dags/create_audit_table.py
[2025-11-18T10:24:50.713+0000] {processor.py:830} INFO - Processing file /opt/airflow/dags/create_audit_table.py for tasks to queue
[2025-11-18T10:24:50.717+0000] {logging_mixin.py:188} INFO - [2025-11-18T10:24:50.716+0000] {dagbag.py:538} INFO - Filling up the DagBag from /opt/airflow/dags/create_audit_table.py
[2025-11-18T10:24:50.746+0000] {processor.py:840} INFO - DAG(s) 'create_audit_table' retrieved from /opt/airflow/dags/create_audit_table.py
[2025-11-18T10:24:50.787+0000] {logging_mixin.py:188} INFO - [2025-11-18T10:24:50.787+0000] {dag.py:3036} INFO - Sync 1 DAGs
[2025-11-18T10:24:50.805+0000] {logging_mixin.py:188} INFO - [2025-11-18T10:24:50.804+0000] {dag.py:3823} INFO - Setting next_dagrun for create_audit_table to None, run_after=None
[2025-11-18T10:24:50.837+0000] {processor.py:183} INFO - Processing /opt/airflow/dags/create_audit_table.py took 0.135 seconds
[2025-11-18T10:25:21.550+0000] {processor.py:161} INFO - Started process (PID=21249) to work on /opt/airflow/dags/create_audit_table.py
[2025-11-18T10:25:21.553+0000] {processor.py:830} INFO - Processing file /opt/airflow/dags/create_audit_table.py for tasks to queue
[2025-11-18T10:25:21.557+0000] {logging_mixin.py:188} INFO - [2025-11-18T10:25:21.557+0000] {dagbag.py:538} INFO - Filling up the DagBag from /opt/airflow/dags/create_audit_table.py
[2025-11-18T10:25:21.586+0000] {processor.py:840} INFO - DAG(s) 'create_audit_table' retrieved from /opt/airflow/dags/create_audit_table.py
[2025-11-18T10:25:21.635+0000] {logging_mixin.py:188} INFO - [2025-11-18T10:25:21.635+0000] {dag.py:3036} INFO - Sync 1 DAGs
[2025-11-18T10:25:21.656+0000] {logging_mixin.py:188} INFO - [2025-11-18T10:25:21.656+0000] {dag.py:3823} INFO - Setting next_dagrun for create_audit_table to None, run_after=None
[2025-11-18T10:25:21.684+0000] {processor.py:183} INFO - Processing /opt/airflow/dags/create_audit_table.py took 0.139 seconds
[2025-11-18T10:25:52.278+0000] {processor.py:161} INFO - Started process (PID=21274) to work on /opt/airflow/dags/create_audit_table.py
[2025-11-18T10:25:52.280+0000] {processor.py:830} INFO - Processing file /opt/airflow/dags/create_audit_table.py for tasks to queue
[2025-11-18T10:25:52.282+0000] {logging_mixin.py:188} INFO - [2025-11-18T10:25:52.281+0000] {dagbag.py:538} INFO - Filling up the DagBag from /opt/airflow/dags/create_audit_table.py
[2025-11-18T10:25:52.301+0000] {processor.py:840} INFO - DAG(s) 'create_audit_table' retrieved from /opt/airflow/dags/create_audit_table.py
[2025-11-18T10:25:52.344+0000] {logging_mixin.py:188} INFO - [2025-11-18T10:25:52.344+0000] {dag.py:3036} INFO - Sync 1 DAGs
[2025-11-18T10:25:52.359+0000] {logging_mixin.py:188} INFO - [2025-11-18T10:25:52.358+0000] {dag.py:3823} INFO - Setting next_dagrun for create_audit_table to None, run_after=None
[2025-11-18T10:25:52.384+0000] {processor.py:183} INFO - Processing /opt/airflow/dags/create_audit_table.py took 0.110 seconds
[2025-11-18T10:26:23.062+0000] {processor.py:161} INFO - Started process (PID=21299) to work on /opt/airflow/dags/create_audit_table.py
[2025-11-18T10:26:23.064+0000] {processor.py:830} INFO - Processing file /opt/airflow/dags/create_audit_table.py for tasks to queue
[2025-11-18T10:26:23.065+0000] {logging_mixin.py:188} INFO - [2025-11-18T10:26:23.065+0000] {dagbag.py:538} INFO - Filling up the DagBag from /opt/airflow/dags/create_audit_table.py
[2025-11-18T10:26:23.106+0000] {processor.py:840} INFO - DAG(s) 'create_audit_table' retrieved from /opt/airflow/dags/create_audit_table.py
[2025-11-18T10:26:23.143+0000] {logging_mixin.py:188} INFO - [2025-11-18T10:26:23.142+0000] {dag.py:3036} INFO - Sync 1 DAGs
[2025-11-18T10:26:23.160+0000] {logging_mixin.py:188} INFO - [2025-11-18T10:26:23.160+0000] {dag.py:3823} INFO - Setting next_dagrun for create_audit_table to None, run_after=None
[2025-11-18T10:26:23.198+0000] {processor.py:183} INFO - Processing /opt/airflow/dags/create_audit_table.py took 0.141 seconds
[2025-11-18T10:26:53.419+0000] {processor.py:161} INFO - Started process (PID=21324) to work on /opt/airflow/dags/create_audit_table.py
[2025-11-18T10:26:53.421+0000] {processor.py:830} INFO - Processing file /opt/airflow/dags/create_audit_table.py for tasks to queue
[2025-11-18T10:26:53.423+0000] {logging_mixin.py:188} INFO - [2025-11-18T10:26:53.422+0000] {dagbag.py:538} INFO - Filling up the DagBag from /opt/airflow/dags/create_audit_table.py
[2025-11-18T10:26:53.442+0000] {processor.py:840} INFO - DAG(s) 'create_audit_table' retrieved from /opt/airflow/dags/create_audit_table.py
[2025-11-18T10:26:53.481+0000] {logging_mixin.py:188} INFO - [2025-11-18T10:26:53.481+0000] {dag.py:3036} INFO - Sync 1 DAGs
[2025-11-18T10:26:53.501+0000] {logging_mixin.py:188} INFO - [2025-11-18T10:26:53.500+0000] {dag.py:3823} INFO - Setting next_dagrun for create_audit_table to None, run_after=None
[2025-11-18T10:26:53.529+0000] {processor.py:183} INFO - Processing /opt/airflow/dags/create_audit_table.py took 0.116 seconds
[2025-11-18T10:27:24.076+0000] {processor.py:161} INFO - Started process (PID=21349) to work on /opt/airflow/dags/create_audit_table.py
[2025-11-18T10:27:24.080+0000] {processor.py:830} INFO - Processing file /opt/airflow/dags/create_audit_table.py for tasks to queue
[2025-11-18T10:27:24.083+0000] {logging_mixin.py:188} INFO - [2025-11-18T10:27:24.082+0000] {dagbag.py:538} INFO - Filling up the DagBag from /opt/airflow/dags/create_audit_table.py
[2025-11-18T10:27:24.140+0000] {processor.py:840} INFO - DAG(s) 'create_audit_table' retrieved from /opt/airflow/dags/create_audit_table.py
[2025-11-18T10:27:24.185+0000] {logging_mixin.py:188} INFO - [2025-11-18T10:27:24.184+0000] {dag.py:3036} INFO - Sync 1 DAGs
[2025-11-18T10:27:24.197+0000] {logging_mixin.py:188} INFO - [2025-11-18T10:27:24.197+0000] {dag.py:3823} INFO - Setting next_dagrun for create_audit_table to None, run_after=None
[2025-11-18T10:27:24.224+0000] {processor.py:183} INFO - Processing /opt/airflow/dags/create_audit_table.py took 0.153 seconds
[2025-11-18T10:27:54.928+0000] {processor.py:161} INFO - Started process (PID=21374) to work on /opt/airflow/dags/create_audit_table.py
[2025-11-18T10:27:54.930+0000] {processor.py:830} INFO - Processing file /opt/airflow/dags/create_audit_table.py for tasks to queue
[2025-11-18T10:27:54.931+0000] {logging_mixin.py:188} INFO - [2025-11-18T10:27:54.931+0000] {dagbag.py:538} INFO - Filling up the DagBag from /opt/airflow/dags/create_audit_table.py
[2025-11-18T10:27:54.953+0000] {processor.py:840} INFO - DAG(s) 'create_audit_table' retrieved from /opt/airflow/dags/create_audit_table.py
[2025-11-18T10:27:55.007+0000] {logging_mixin.py:188} INFO - [2025-11-18T10:27:55.006+0000] {dag.py:3036} INFO - Sync 1 DAGs
[2025-11-18T10:27:55.031+0000] {logging_mixin.py:188} INFO - [2025-11-18T10:27:55.031+0000] {dag.py:3823} INFO - Setting next_dagrun for create_audit_table to None, run_after=None
[2025-11-18T10:27:55.073+0000] {processor.py:183} INFO - Processing /opt/airflow/dags/create_audit_table.py took 0.150 seconds
[2025-11-18T10:28:25.811+0000] {processor.py:161} INFO - Started process (PID=21399) to work on /opt/airflow/dags/create_audit_table.py
[2025-11-18T10:28:25.813+0000] {processor.py:830} INFO - Processing file /opt/airflow/dags/create_audit_table.py for tasks to queue
[2025-11-18T10:28:25.815+0000] {logging_mixin.py:188} INFO - [2025-11-18T10:28:25.814+0000] {dagbag.py:538} INFO - Filling up the DagBag from /opt/airflow/dags/create_audit_table.py
[2025-11-18T10:28:25.832+0000] {processor.py:840} INFO - DAG(s) 'create_audit_table' retrieved from /opt/airflow/dags/create_audit_table.py
[2025-11-18T10:28:25.872+0000] {logging_mixin.py:188} INFO - [2025-11-18T10:28:25.872+0000] {dag.py:3036} INFO - Sync 1 DAGs
[2025-11-18T10:28:25.886+0000] {logging_mixin.py:188} INFO - [2025-11-18T10:28:25.886+0000] {dag.py:3823} INFO - Setting next_dagrun for create_audit_table to None, run_after=None
[2025-11-18T10:28:25.928+0000] {processor.py:183} INFO - Processing /opt/airflow/dags/create_audit_table.py took 0.121 seconds
[2025-11-18T10:28:56.014+0000] {processor.py:161} INFO - Started process (PID=21424) to work on /opt/airflow/dags/create_audit_table.py
[2025-11-18T10:28:56.015+0000] {processor.py:830} INFO - Processing file /opt/airflow/dags/create_audit_table.py for tasks to queue
[2025-11-18T10:28:56.017+0000] {logging_mixin.py:188} INFO - [2025-11-18T10:28:56.017+0000] {dagbag.py:538} INFO - Filling up the DagBag from /opt/airflow/dags/create_audit_table.py
[2025-11-18T10:28:56.030+0000] {processor.py:840} INFO - DAG(s) 'create_audit_table' retrieved from /opt/airflow/dags/create_audit_table.py
[2025-11-18T10:28:56.064+0000] {logging_mixin.py:188} INFO - [2025-11-18T10:28:56.064+0000] {dag.py:3036} INFO - Sync 1 DAGs
[2025-11-18T10:28:56.081+0000] {logging_mixin.py:188} INFO - [2025-11-18T10:28:56.081+0000] {dag.py:3823} INFO - Setting next_dagrun for create_audit_table to None, run_after=None
[2025-11-18T10:28:56.111+0000] {processor.py:183} INFO - Processing /opt/airflow/dags/create_audit_table.py took 0.101 seconds
[2025-11-18T10:29:26.671+0000] {processor.py:161} INFO - Started process (PID=21447) to work on /opt/airflow/dags/create_audit_table.py
[2025-11-18T10:29:26.672+0000] {processor.py:830} INFO - Processing file /opt/airflow/dags/create_audit_table.py for tasks to queue
[2025-11-18T10:29:26.674+0000] {logging_mixin.py:188} INFO - [2025-11-18T10:29:26.673+0000] {dagbag.py:538} INFO - Filling up the DagBag from /opt/airflow/dags/create_audit_table.py
[2025-11-18T10:29:26.691+0000] {processor.py:840} INFO - DAG(s) 'create_audit_table' retrieved from /opt/airflow/dags/create_audit_table.py
[2025-11-18T10:29:26.727+0000] {logging_mixin.py:188} INFO - [2025-11-18T10:29:26.726+0000] {dag.py:3036} INFO - Sync 1 DAGs
[2025-11-18T10:29:26.741+0000] {logging_mixin.py:188} INFO - [2025-11-18T10:29:26.741+0000] {dag.py:3823} INFO - Setting next_dagrun for create_audit_table to None, run_after=None
[2025-11-18T10:29:26.765+0000] {processor.py:183} INFO - Processing /opt/airflow/dags/create_audit_table.py took 0.098 seconds
[2025-11-18T10:29:57.381+0000] {processor.py:161} INFO - Started process (PID=21472) to work on /opt/airflow/dags/create_audit_table.py
[2025-11-18T10:29:57.390+0000] {processor.py:830} INFO - Processing file /opt/airflow/dags/create_audit_table.py for tasks to queue
[2025-11-18T10:29:57.397+0000] {logging_mixin.py:188} INFO - [2025-11-18T10:29:57.397+0000] {dagbag.py:538} INFO - Filling up the DagBag from /opt/airflow/dags/create_audit_table.py
[2025-11-18T10:29:57.438+0000] {processor.py:840} INFO - DAG(s) 'create_audit_table' retrieved from /opt/airflow/dags/create_audit_table.py
[2025-11-18T10:29:57.506+0000] {logging_mixin.py:188} INFO - [2025-11-18T10:29:57.506+0000] {dag.py:3036} INFO - Sync 1 DAGs
[2025-11-18T10:29:57.526+0000] {logging_mixin.py:188} INFO - [2025-11-18T10:29:57.526+0000] {dag.py:3823} INFO - Setting next_dagrun for create_audit_table to None, run_after=None
[2025-11-18T10:29:57.557+0000] {processor.py:183} INFO - Processing /opt/airflow/dags/create_audit_table.py took 0.193 seconds
[2025-11-18T10:30:28.183+0000] {processor.py:161} INFO - Started process (PID=21497) to work on /opt/airflow/dags/create_audit_table.py
[2025-11-18T10:30:28.184+0000] {processor.py:830} INFO - Processing file /opt/airflow/dags/create_audit_table.py for tasks to queue
[2025-11-18T10:30:28.186+0000] {logging_mixin.py:188} INFO - [2025-11-18T10:30:28.186+0000] {dagbag.py:538} INFO - Filling up the DagBag from /opt/airflow/dags/create_audit_table.py
[2025-11-18T10:30:28.218+0000] {processor.py:840} INFO - DAG(s) 'create_audit_table' retrieved from /opt/airflow/dags/create_audit_table.py
[2025-11-18T10:30:28.267+0000] {logging_mixin.py:188} INFO - [2025-11-18T10:30:28.267+0000] {dag.py:3036} INFO - Sync 1 DAGs
[2025-11-18T10:30:28.292+0000] {logging_mixin.py:188} INFO - [2025-11-18T10:30:28.291+0000] {dag.py:3823} INFO - Setting next_dagrun for create_audit_table to None, run_after=None
[2025-11-18T10:30:28.343+0000] {processor.py:183} INFO - Processing /opt/airflow/dags/create_audit_table.py took 0.165 seconds
[2025-11-18T10:30:58.946+0000] {processor.py:161} INFO - Started process (PID=21522) to work on /opt/airflow/dags/create_audit_table.py
[2025-11-18T10:30:58.958+0000] {processor.py:830} INFO - Processing file /opt/airflow/dags/create_audit_table.py for tasks to queue
[2025-11-18T10:30:58.983+0000] {logging_mixin.py:188} INFO - [2025-11-18T10:30:58.983+0000] {dagbag.py:538} INFO - Filling up the DagBag from /opt/airflow/dags/create_audit_table.py
[2025-11-18T10:30:59.065+0000] {processor.py:840} INFO - DAG(s) 'create_audit_table' retrieved from /opt/airflow/dags/create_audit_table.py
[2025-11-18T10:30:59.161+0000] {logging_mixin.py:188} INFO - [2025-11-18T10:30:59.160+0000] {dag.py:3036} INFO - Sync 1 DAGs
[2025-11-18T10:30:59.191+0000] {logging_mixin.py:188} INFO - [2025-11-18T10:30:59.191+0000] {dag.py:3823} INFO - Setting next_dagrun for create_audit_table to None, run_after=None
[2025-11-18T10:30:59.831+0000] {processor.py:183} INFO - Processing /opt/airflow/dags/create_audit_table.py took 0.893 seconds
[2025-11-18T10:31:32.873+0000] {processor.py:161} INFO - Started process (PID=21547) to work on /opt/airflow/dags/create_audit_table.py
[2025-11-18T10:31:32.880+0000] {processor.py:830} INFO - Processing file /opt/airflow/dags/create_audit_table.py for tasks to queue
[2025-11-18T10:31:32.890+0000] {logging_mixin.py:188} INFO - [2025-11-18T10:31:32.888+0000] {dagbag.py:538} INFO - Filling up the DagBag from /opt/airflow/dags/create_audit_table.py
[2025-11-18T10:31:33.005+0000] {processor.py:840} INFO - DAG(s) 'create_audit_table' retrieved from /opt/airflow/dags/create_audit_table.py
[2025-11-18T10:31:57.812+0000] {logging_mixin.py:188} INFO - [2025-11-18T10:31:57.791+0000] {dag.py:3036} INFO - Sync 1 DAGs
[2025-11-18T10:31:58.009+0000] {logging_mixin.py:188} INFO - [2025-11-18T10:31:58.008+0000] {dag.py:3823} INFO - Setting next_dagrun for create_audit_table to None, run_after=None
[2025-11-18T10:31:58.319+0000] {processor.py:183} INFO - Processing /opt/airflow/dags/create_audit_table.py took 25.472 seconds
[2025-11-18T10:32:29.925+0000] {processor.py:161} INFO - Started process (PID=21572) to work on /opt/airflow/dags/create_audit_table.py
[2025-11-18T10:32:29.927+0000] {processor.py:830} INFO - Processing file /opt/airflow/dags/create_audit_table.py for tasks to queue
[2025-11-18T10:32:29.939+0000] {logging_mixin.py:188} INFO - [2025-11-18T10:32:29.938+0000] {dagbag.py:538} INFO - Filling up the DagBag from /opt/airflow/dags/create_audit_table.py
[2025-11-18T10:32:29.993+0000] {processor.py:840} INFO - DAG(s) 'create_audit_table' retrieved from /opt/airflow/dags/create_audit_table.py
[2025-11-18T10:32:30.065+0000] {logging_mixin.py:188} INFO - [2025-11-18T10:32:30.065+0000] {dag.py:3036} INFO - Sync 1 DAGs
[2025-11-18T10:32:30.097+0000] {logging_mixin.py:188} INFO - [2025-11-18T10:32:30.096+0000] {dag.py:3823} INFO - Setting next_dagrun for create_audit_table to None, run_after=None
[2025-11-18T10:32:30.144+0000] {processor.py:183} INFO - Processing /opt/airflow/dags/create_audit_table.py took 0.223 seconds
[2025-11-18T10:33:03.548+0000] {processor.py:161} INFO - Started process (PID=21597) to work on /opt/airflow/dags/create_audit_table.py
[2025-11-18T10:33:03.563+0000] {processor.py:830} INFO - Processing file /opt/airflow/dags/create_audit_table.py for tasks to queue
[2025-11-18T10:33:03.571+0000] {logging_mixin.py:188} INFO - [2025-11-18T10:33:03.571+0000] {dagbag.py:538} INFO - Filling up the DagBag from /opt/airflow/dags/create_audit_table.py
[2025-11-18T10:33:03.617+0000] {processor.py:840} INFO - DAG(s) 'create_audit_table' retrieved from /opt/airflow/dags/create_audit_table.py
[2025-11-18T10:33:03.697+0000] {logging_mixin.py:188} INFO - [2025-11-18T10:33:03.697+0000] {dag.py:3036} INFO - Sync 1 DAGs
[2025-11-18T10:33:03.745+0000] {logging_mixin.py:188} INFO - [2025-11-18T10:33:03.745+0000] {dag.py:3823} INFO - Setting next_dagrun for create_audit_table to None, run_after=None
[2025-11-18T10:33:03.807+0000] {processor.py:183} INFO - Processing /opt/airflow/dags/create_audit_table.py took 0.286 seconds
[2025-11-18T10:33:34.875+0000] {processor.py:161} INFO - Started process (PID=21622) to work on /opt/airflow/dags/create_audit_table.py
[2025-11-18T10:33:34.877+0000] {processor.py:830} INFO - Processing file /opt/airflow/dags/create_audit_table.py for tasks to queue
[2025-11-18T10:33:34.879+0000] {logging_mixin.py:188} INFO - [2025-11-18T10:33:34.878+0000] {dagbag.py:538} INFO - Filling up the DagBag from /opt/airflow/dags/create_audit_table.py
[2025-11-18T10:33:34.919+0000] {processor.py:840} INFO - DAG(s) 'create_audit_table' retrieved from /opt/airflow/dags/create_audit_table.py
[2025-11-18T10:33:34.969+0000] {logging_mixin.py:188} INFO - [2025-11-18T10:33:34.968+0000] {dag.py:3036} INFO - Sync 1 DAGs
[2025-11-18T10:33:34.990+0000] {logging_mixin.py:188} INFO - [2025-11-18T10:33:34.990+0000] {dag.py:3823} INFO - Setting next_dagrun for create_audit_table to None, run_after=None
[2025-11-18T10:33:35.077+0000] {processor.py:183} INFO - Processing /opt/airflow/dags/create_audit_table.py took 0.197 seconds
[2025-11-18T10:34:06.290+0000] {processor.py:161} INFO - Started process (PID=21647) to work on /opt/airflow/dags/create_audit_table.py
[2025-11-18T10:34:06.305+0000] {processor.py:830} INFO - Processing file /opt/airflow/dags/create_audit_table.py for tasks to queue
[2025-11-18T10:34:06.313+0000] {logging_mixin.py:188} INFO - [2025-11-18T10:34:06.309+0000] {dagbag.py:538} INFO - Filling up the DagBag from /opt/airflow/dags/create_audit_table.py
[2025-11-18T10:34:06.465+0000] {processor.py:840} INFO - DAG(s) 'create_audit_table' retrieved from /opt/airflow/dags/create_audit_table.py
[2025-11-18T10:34:06.800+0000] {logging_mixin.py:188} INFO - [2025-11-18T10:34:06.799+0000] {dag.py:3036} INFO - Sync 1 DAGs
[2025-11-18T10:34:06.864+0000] {logging_mixin.py:188} INFO - [2025-11-18T10:34:06.864+0000] {dag.py:3823} INFO - Setting next_dagrun for create_audit_table to None, run_after=None
[2025-11-18T10:34:06.941+0000] {processor.py:183} INFO - Processing /opt/airflow/dags/create_audit_table.py took 0.669 seconds
[2025-11-18T10:34:50.080+0000] {processor.py:161} INFO - Started process (PID=21677) to work on /opt/airflow/dags/create_audit_table.py
[2025-11-18T10:34:50.084+0000] {processor.py:830} INFO - Processing file /opt/airflow/dags/create_audit_table.py for tasks to queue
[2025-11-18T10:34:50.088+0000] {logging_mixin.py:188} INFO - [2025-11-18T10:34:50.088+0000] {dagbag.py:538} INFO - Filling up the DagBag from /opt/airflow/dags/create_audit_table.py
[2025-11-18T10:34:50.203+0000] {processor.py:840} INFO - DAG(s) 'create_audit_table' retrieved from /opt/airflow/dags/create_audit_table.py
[2025-11-18T10:34:50.708+0000] {logging_mixin.py:188} INFO - [2025-11-18T10:34:50.708+0000] {dag.py:3036} INFO - Sync 1 DAGs
[2025-11-18T10:34:51.561+0000] {logging_mixin.py:188} INFO - [2025-11-18T10:34:51.560+0000] {dag.py:3823} INFO - Setting next_dagrun for create_audit_table to None, run_after=None
[2025-11-18T10:34:53.649+0000] {processor.py:183} INFO - Processing /opt/airflow/dags/create_audit_table.py took 3.576 seconds
[2025-11-18T10:36:05.520+0000] {processor.py:161} INFO - Started process (PID=21702) to work on /opt/airflow/dags/create_audit_table.py
[2025-11-18T10:36:05.537+0000] {processor.py:830} INFO - Processing file /opt/airflow/dags/create_audit_table.py for tasks to queue
[2025-11-18T10:36:05.579+0000] {logging_mixin.py:188} INFO - [2025-11-18T10:36:05.579+0000] {dagbag.py:538} INFO - Filling up the DagBag from /opt/airflow/dags/create_audit_table.py
[2025-11-18T10:36:06.605+0000] {processor.py:840} INFO - DAG(s) 'create_audit_table' retrieved from /opt/airflow/dags/create_audit_table.py
[2025-11-18T10:36:06.741+0000] {logging_mixin.py:188} INFO - [2025-11-18T10:36:06.740+0000] {dag.py:3036} INFO - Sync 1 DAGs
[2025-11-18T10:36:08.001+0000] {logging_mixin.py:188} INFO - [2025-11-18T10:36:08.001+0000] {dag.py:3823} INFO - Setting next_dagrun for create_audit_table to None, run_after=None
[2025-11-18T10:36:08.683+0000] {processor.py:183} INFO - Processing /opt/airflow/dags/create_audit_table.py took 3.169 seconds
[2025-11-18T10:36:38.845+0000] {processor.py:161} INFO - Started process (PID=21724) to work on /opt/airflow/dags/create_audit_table.py
[2025-11-18T10:36:38.848+0000] {processor.py:830} INFO - Processing file /opt/airflow/dags/create_audit_table.py for tasks to queue
[2025-11-18T10:36:38.858+0000] {logging_mixin.py:188} INFO - [2025-11-18T10:36:38.850+0000] {dagbag.py:538} INFO - Filling up the DagBag from /opt/airflow/dags/create_audit_table.py
[2025-11-18T10:36:47.685+0000] {processor.py:840} INFO - DAG(s) 'create_audit_table' retrieved from /opt/airflow/dags/create_audit_table.py
[2025-11-18T10:36:48.612+0000] {logging_mixin.py:188} INFO - [2025-11-18T10:36:48.611+0000] {dag.py:3036} INFO - Sync 1 DAGs
[2025-11-18T10:36:48.769+0000] {logging_mixin.py:188} INFO - [2025-11-18T10:36:48.769+0000] {dag.py:3823} INFO - Setting next_dagrun for create_audit_table to None, run_after=None
[2025-11-18T10:36:49.299+0000] {processor.py:183} INFO - Processing /opt/airflow/dags/create_audit_table.py took 10.463 seconds
[2025-11-18T10:37:20.181+0000] {processor.py:161} INFO - Started process (PID=21749) to work on /opt/airflow/dags/create_audit_table.py
[2025-11-18T10:37:20.183+0000] {processor.py:830} INFO - Processing file /opt/airflow/dags/create_audit_table.py for tasks to queue
[2025-11-18T10:37:20.189+0000] {logging_mixin.py:188} INFO - [2025-11-18T10:37:20.186+0000] {dagbag.py:538} INFO - Filling up the DagBag from /opt/airflow/dags/create_audit_table.py
[2025-11-18T10:37:20.733+0000] {processor.py:840} INFO - DAG(s) 'create_audit_table' retrieved from /opt/airflow/dags/create_audit_table.py
[2025-11-18T10:37:20.842+0000] {logging_mixin.py:188} INFO - [2025-11-18T10:37:20.842+0000] {dag.py:3036} INFO - Sync 1 DAGs
[2025-11-18T10:37:20.878+0000] {logging_mixin.py:188} INFO - [2025-11-18T10:37:20.878+0000] {dag.py:3823} INFO - Setting next_dagrun for create_audit_table to None, run_after=None
[2025-11-18T10:37:20.938+0000] {processor.py:183} INFO - Processing /opt/airflow/dags/create_audit_table.py took 0.762 seconds
[2025-11-18T10:37:51.222+0000] {processor.py:161} INFO - Started process (PID=21774) to work on /opt/airflow/dags/create_audit_table.py
[2025-11-18T10:37:51.233+0000] {processor.py:830} INFO - Processing file /opt/airflow/dags/create_audit_table.py for tasks to queue
[2025-11-18T10:37:51.238+0000] {logging_mixin.py:188} INFO - [2025-11-18T10:37:51.237+0000] {dagbag.py:538} INFO - Filling up the DagBag from /opt/airflow/dags/create_audit_table.py
[2025-11-18T10:37:51.273+0000] {processor.py:840} INFO - DAG(s) 'create_audit_table' retrieved from /opt/airflow/dags/create_audit_table.py
[2025-11-18T10:37:51.327+0000] {logging_mixin.py:188} INFO - [2025-11-18T10:37:51.326+0000] {dag.py:3036} INFO - Sync 1 DAGs
[2025-11-18T10:37:51.357+0000] {logging_mixin.py:188} INFO - [2025-11-18T10:37:51.356+0000] {dag.py:3823} INFO - Setting next_dagrun for create_audit_table to None, run_after=None
[2025-11-18T10:37:51.432+0000] {processor.py:183} INFO - Processing /opt/airflow/dags/create_audit_table.py took 0.216 seconds
[2025-11-18T10:38:21.756+0000] {processor.py:161} INFO - Started process (PID=21799) to work on /opt/airflow/dags/create_audit_table.py
[2025-11-18T10:38:21.757+0000] {processor.py:830} INFO - Processing file /opt/airflow/dags/create_audit_table.py for tasks to queue
[2025-11-18T10:38:21.759+0000] {logging_mixin.py:188} INFO - [2025-11-18T10:38:21.758+0000] {dagbag.py:538} INFO - Filling up the DagBag from /opt/airflow/dags/create_audit_table.py
[2025-11-18T10:38:21.787+0000] {processor.py:840} INFO - DAG(s) 'create_audit_table' retrieved from /opt/airflow/dags/create_audit_table.py
[2025-11-18T10:38:21.837+0000] {logging_mixin.py:188} INFO - [2025-11-18T10:38:21.837+0000] {dag.py:3036} INFO - Sync 1 DAGs
[2025-11-18T10:38:21.854+0000] {logging_mixin.py:188} INFO - [2025-11-18T10:38:21.854+0000] {dag.py:3823} INFO - Setting next_dagrun for create_audit_table to None, run_after=None
[2025-11-18T10:38:21.886+0000] {processor.py:183} INFO - Processing /opt/airflow/dags/create_audit_table.py took 0.134 seconds
[2025-11-18T10:38:52.528+0000] {processor.py:161} INFO - Started process (PID=21824) to work on /opt/airflow/dags/create_audit_table.py
[2025-11-18T10:38:52.531+0000] {processor.py:830} INFO - Processing file /opt/airflow/dags/create_audit_table.py for tasks to queue
[2025-11-18T10:38:52.535+0000] {logging_mixin.py:188} INFO - [2025-11-18T10:38:52.534+0000] {dagbag.py:538} INFO - Filling up the DagBag from /opt/airflow/dags/create_audit_table.py
[2025-11-18T10:38:52.566+0000] {processor.py:840} INFO - DAG(s) 'create_audit_table' retrieved from /opt/airflow/dags/create_audit_table.py
[2025-11-18T10:38:52.610+0000] {logging_mixin.py:188} INFO - [2025-11-18T10:38:52.610+0000] {dag.py:3036} INFO - Sync 1 DAGs
[2025-11-18T10:38:52.628+0000] {logging_mixin.py:188} INFO - [2025-11-18T10:38:52.627+0000] {dag.py:3823} INFO - Setting next_dagrun for create_audit_table to None, run_after=None
[2025-11-18T10:38:52.657+0000] {processor.py:183} INFO - Processing /opt/airflow/dags/create_audit_table.py took 0.138 seconds
[2025-11-18T10:39:23.115+0000] {processor.py:161} INFO - Started process (PID=21849) to work on /opt/airflow/dags/create_audit_table.py
[2025-11-18T10:39:23.118+0000] {processor.py:830} INFO - Processing file /opt/airflow/dags/create_audit_table.py for tasks to queue
[2025-11-18T10:39:23.121+0000] {logging_mixin.py:188} INFO - [2025-11-18T10:39:23.120+0000] {dagbag.py:538} INFO - Filling up the DagBag from /opt/airflow/dags/create_audit_table.py
[2025-11-18T10:39:23.697+0000] {processor.py:840} INFO - DAG(s) 'create_audit_table' retrieved from /opt/airflow/dags/create_audit_table.py
[2025-11-18T10:39:23.868+0000] {logging_mixin.py:188} INFO - [2025-11-18T10:39:23.867+0000] {dag.py:3036} INFO - Sync 1 DAGs
[2025-11-18T10:39:23.934+0000] {logging_mixin.py:188} INFO - [2025-11-18T10:39:23.933+0000] {dag.py:3823} INFO - Setting next_dagrun for create_audit_table to None, run_after=None
[2025-11-18T10:39:24.023+0000] {processor.py:183} INFO - Processing /opt/airflow/dags/create_audit_table.py took 0.915 seconds
[2025-11-18T10:39:56.940+0000] {processor.py:161} INFO - Started process (PID=21874) to work on /opt/airflow/dags/create_audit_table.py
[2025-11-18T10:39:56.945+0000] {processor.py:830} INFO - Processing file /opt/airflow/dags/create_audit_table.py for tasks to queue
[2025-11-18T10:39:56.949+0000] {logging_mixin.py:188} INFO - [2025-11-18T10:39:56.949+0000] {dagbag.py:538} INFO - Filling up the DagBag from /opt/airflow/dags/create_audit_table.py
[2025-11-18T10:39:58.635+0000] {processor.py:840} INFO - DAG(s) 'create_audit_table' retrieved from /opt/airflow/dags/create_audit_table.py
[2025-11-18T10:39:59.503+0000] {logging_mixin.py:188} INFO - [2025-11-18T10:39:59.502+0000] {dag.py:3036} INFO - Sync 1 DAGs
[2025-11-18T10:39:59.702+0000] {logging_mixin.py:188} INFO - [2025-11-18T10:39:59.702+0000] {dag.py:3823} INFO - Setting next_dagrun for create_audit_table to None, run_after=None
[2025-11-18T10:39:59.836+0000] {processor.py:183} INFO - Processing /opt/airflow/dags/create_audit_table.py took 2.901 seconds
[2025-11-18T10:40:31.453+0000] {processor.py:161} INFO - Started process (PID=21899) to work on /opt/airflow/dags/create_audit_table.py
[2025-11-18T10:40:31.468+0000] {processor.py:830} INFO - Processing file /opt/airflow/dags/create_audit_table.py for tasks to queue
[2025-11-18T10:40:31.485+0000] {logging_mixin.py:188} INFO - [2025-11-18T10:40:31.484+0000] {dagbag.py:538} INFO - Filling up the DagBag from /opt/airflow/dags/create_audit_table.py
[2025-11-18T10:40:33.665+0000] {processor.py:840} INFO - DAG(s) 'create_audit_table' retrieved from /opt/airflow/dags/create_audit_table.py
[2025-11-18T10:40:35.324+0000] {logging_mixin.py:188} INFO - [2025-11-18T10:40:35.324+0000] {dag.py:3036} INFO - Sync 1 DAGs
[2025-11-18T10:40:35.718+0000] {logging_mixin.py:188} INFO - [2025-11-18T10:40:35.718+0000] {dag.py:3823} INFO - Setting next_dagrun for create_audit_table to None, run_after=None
[2025-11-18T10:40:35.958+0000] {processor.py:183} INFO - Processing /opt/airflow/dags/create_audit_table.py took 4.510 seconds
[2025-11-18T10:41:06.293+0000] {processor.py:161} INFO - Started process (PID=21924) to work on /opt/airflow/dags/create_audit_table.py
[2025-11-18T10:41:06.301+0000] {processor.py:830} INFO - Processing file /opt/airflow/dags/create_audit_table.py for tasks to queue
[2025-11-18T10:41:06.306+0000] {logging_mixin.py:188} INFO - [2025-11-18T10:41:06.305+0000] {dagbag.py:538} INFO - Filling up the DagBag from /opt/airflow/dags/create_audit_table.py
[2025-11-18T10:41:06.526+0000] {processor.py:840} INFO - DAG(s) 'create_audit_table' retrieved from /opt/airflow/dags/create_audit_table.py
[2025-11-18T10:41:06.823+0000] {logging_mixin.py:188} INFO - [2025-11-18T10:41:06.823+0000] {dag.py:3036} INFO - Sync 1 DAGs
[2025-11-18T10:41:07.071+0000] {logging_mixin.py:188} INFO - [2025-11-18T10:41:07.071+0000] {dag.py:3823} INFO - Setting next_dagrun for create_audit_table to None, run_after=None
[2025-11-18T10:41:07.214+0000] {processor.py:183} INFO - Processing /opt/airflow/dags/create_audit_table.py took 0.932 seconds
[2025-11-18T10:41:38.762+0000] {processor.py:161} INFO - Started process (PID=21952) to work on /opt/airflow/dags/create_audit_table.py
[2025-11-18T10:41:38.770+0000] {processor.py:830} INFO - Processing file /opt/airflow/dags/create_audit_table.py for tasks to queue
[2025-11-18T10:41:38.773+0000] {logging_mixin.py:188} INFO - [2025-11-18T10:41:38.772+0000] {dagbag.py:538} INFO - Filling up the DagBag from /opt/airflow/dags/create_audit_table.py
[2025-11-18T10:41:40.767+0000] {processor.py:840} INFO - DAG(s) 'create_audit_table' retrieved from /opt/airflow/dags/create_audit_table.py
[2025-11-18T10:41:48.384+0000] {logging_mixin.py:188} INFO - [2025-11-18T10:41:48.384+0000] {dag.py:3036} INFO - Sync 1 DAGs
[2025-11-18T10:41:48.621+0000] {logging_mixin.py:188} INFO - [2025-11-18T10:41:48.620+0000] {dag.py:3823} INFO - Setting next_dagrun for create_audit_table to None, run_after=None
[2025-11-18T10:41:49.038+0000] {processor.py:183} INFO - Processing /opt/airflow/dags/create_audit_table.py took 10.301 seconds
[2025-11-18T10:42:20.729+0000] {processor.py:161} INFO - Started process (PID=21977) to work on /opt/airflow/dags/create_audit_table.py
[2025-11-18T10:42:20.734+0000] {processor.py:830} INFO - Processing file /opt/airflow/dags/create_audit_table.py for tasks to queue
[2025-11-18T10:42:20.740+0000] {logging_mixin.py:188} INFO - [2025-11-18T10:42:20.739+0000] {dagbag.py:538} INFO - Filling up the DagBag from /opt/airflow/dags/create_audit_table.py
[2025-11-18T10:42:21.347+0000] {processor.py:840} INFO - DAG(s) 'create_audit_table' retrieved from /opt/airflow/dags/create_audit_table.py
[2025-11-18T10:42:21.871+0000] {logging_mixin.py:188} INFO - [2025-11-18T10:42:21.871+0000] {dag.py:3036} INFO - Sync 1 DAGs
[2025-11-18T10:42:21.942+0000] {logging_mixin.py:188} INFO - [2025-11-18T10:42:21.941+0000] {dag.py:3823} INFO - Setting next_dagrun for create_audit_table to None, run_after=None
[2025-11-18T10:42:22.138+0000] {processor.py:183} INFO - Processing /opt/airflow/dags/create_audit_table.py took 1.418 seconds
[2025-11-18T10:44:28.560+0000] {processor.py:161} INFO - Started process (PID=22001) to work on /opt/airflow/dags/create_audit_table.py
[2025-11-18T10:44:28.620+0000] {processor.py:830} INFO - Processing file /opt/airflow/dags/create_audit_table.py for tasks to queue
[2025-11-18T10:44:28.934+0000] {logging_mixin.py:188} INFO - [2025-11-18T10:44:28.739+0000] {dagbag.py:538} INFO - Filling up the DagBag from /opt/airflow/dags/create_audit_table.py
[2025-11-18T10:44:34.527+0000] {processor.py:840} INFO - DAG(s) 'create_audit_table' retrieved from /opt/airflow/dags/create_audit_table.py
[2025-11-18T10:44:48.693+0000] {logging_mixin.py:188} INFO - [2025-11-18T10:44:48.692+0000] {dag.py:3036} INFO - Sync 1 DAGs
[2025-11-18T10:44:48.876+0000] {logging_mixin.py:188} INFO - [2025-11-18T10:44:48.876+0000] {dag.py:3823} INFO - Setting next_dagrun for create_audit_table to None, run_after=None
[2025-11-18T10:44:50.404+0000] {processor.py:183} INFO - Processing /opt/airflow/dags/create_audit_table.py took 23.822 seconds
[2025-11-18T10:45:37.238+0000] {processor.py:161} INFO - Started process (PID=22028) to work on /opt/airflow/dags/create_audit_table.py
[2025-11-18T10:45:37.279+0000] {processor.py:830} INFO - Processing file /opt/airflow/dags/create_audit_table.py for tasks to queue
[2025-11-18T10:45:37.286+0000] {logging_mixin.py:188} INFO - [2025-11-18T10:45:37.285+0000] {dagbag.py:538} INFO - Filling up the DagBag from /opt/airflow/dags/create_audit_table.py
[2025-11-18T10:45:37.682+0000] {processor.py:840} INFO - DAG(s) 'create_audit_table' retrieved from /opt/airflow/dags/create_audit_table.py
[2025-11-18T10:45:39.689+0000] {logging_mixin.py:188} INFO - [2025-11-18T10:45:39.688+0000] {dag.py:3036} INFO - Sync 1 DAGs
[2025-11-18T10:45:39.848+0000] {logging_mixin.py:188} INFO - [2025-11-18T10:45:39.847+0000] {dag.py:3823} INFO - Setting next_dagrun for create_audit_table to None, run_after=None
[2025-11-18T10:45:40.001+0000] {processor.py:183} INFO - Processing /opt/airflow/dags/create_audit_table.py took 4.423 seconds
[2025-11-18T10:46:22.599+0000] {processor.py:161} INFO - Started process (PID=22053) to work on /opt/airflow/dags/create_audit_table.py
[2025-11-18T10:46:22.973+0000] {processor.py:830} INFO - Processing file /opt/airflow/dags/create_audit_table.py for tasks to queue
[2025-11-18T10:46:23.059+0000] {logging_mixin.py:188} INFO - [2025-11-18T10:46:23.059+0000] {dagbag.py:538} INFO - Filling up the DagBag from /opt/airflow/dags/create_audit_table.py
[2025-11-18T10:46:26.656+0000] {processor.py:840} INFO - DAG(s) 'create_audit_table' retrieved from /opt/airflow/dags/create_audit_table.py
[2025-11-18T10:46:37.376+0000] {logging_mixin.py:188} INFO - [2025-11-18T10:46:37.376+0000] {dag.py:3036} INFO - Sync 1 DAGs
[2025-11-18T10:46:37.677+0000] {logging_mixin.py:188} INFO - [2025-11-18T10:46:37.677+0000] {dag.py:3823} INFO - Setting next_dagrun for create_audit_table to None, run_after=None
[2025-11-18T10:46:38.520+0000] {processor.py:183} INFO - Processing /opt/airflow/dags/create_audit_table.py took 15.960 seconds
[2025-11-18T10:47:15.295+0000] {processor.py:161} INFO - Started process (PID=22075) to work on /opt/airflow/dags/create_audit_table.py
[2025-11-18T10:47:15.428+0000] {processor.py:830} INFO - Processing file /opt/airflow/dags/create_audit_table.py for tasks to queue
[2025-11-18T10:47:15.673+0000] {logging_mixin.py:188} INFO - [2025-11-18T10:47:15.655+0000] {dagbag.py:538} INFO - Filling up the DagBag from /opt/airflow/dags/create_audit_table.py
[2025-11-18T10:47:16.820+0000] {processor.py:840} INFO - DAG(s) 'create_audit_table' retrieved from /opt/airflow/dags/create_audit_table.py
[2025-11-18T10:47:20.264+0000] {logging_mixin.py:188} INFO - [2025-11-18T10:47:20.263+0000] {dag.py:3036} INFO - Sync 1 DAGs
[2025-11-18T10:47:20.581+0000] {logging_mixin.py:188} INFO - [2025-11-18T10:47:20.581+0000] {dag.py:3823} INFO - Setting next_dagrun for create_audit_table to None, run_after=None
[2025-11-18T10:47:21.273+0000] {processor.py:183} INFO - Processing /opt/airflow/dags/create_audit_table.py took 6.152 seconds
[2025-11-18T10:47:53.679+0000] {processor.py:161} INFO - Started process (PID=22103) to work on /opt/airflow/dags/create_audit_table.py
[2025-11-18T10:47:53.698+0000] {processor.py:830} INFO - Processing file /opt/airflow/dags/create_audit_table.py for tasks to queue
[2025-11-18T10:47:53.704+0000] {logging_mixin.py:188} INFO - [2025-11-18T10:47:53.703+0000] {dagbag.py:538} INFO - Filling up the DagBag from /opt/airflow/dags/create_audit_table.py
[2025-11-18T10:47:54.175+0000] {processor.py:840} INFO - DAG(s) 'create_audit_table' retrieved from /opt/airflow/dags/create_audit_table.py
[2025-11-18T10:47:54.566+0000] {logging_mixin.py:188} INFO - [2025-11-18T10:47:54.565+0000] {dag.py:3036} INFO - Sync 1 DAGs
[2025-11-18T10:47:54.624+0000] {logging_mixin.py:188} INFO - [2025-11-18T10:47:54.623+0000] {dag.py:3823} INFO - Setting next_dagrun for create_audit_table to None, run_after=None
[2025-11-18T10:47:54.711+0000] {processor.py:183} INFO - Processing /opt/airflow/dags/create_audit_table.py took 1.159 seconds
[2025-11-18T10:48:27.257+0000] {processor.py:161} INFO - Started process (PID=22126) to work on /opt/airflow/dags/create_audit_table.py
[2025-11-18T10:48:27.265+0000] {processor.py:830} INFO - Processing file /opt/airflow/dags/create_audit_table.py for tasks to queue
[2025-11-18T10:48:27.287+0000] {logging_mixin.py:188} INFO - [2025-11-18T10:48:27.274+0000] {dagbag.py:538} INFO - Filling up the DagBag from /opt/airflow/dags/create_audit_table.py
[2025-11-18T10:48:27.587+0000] {processor.py:840} INFO - DAG(s) 'create_audit_table' retrieved from /opt/airflow/dags/create_audit_table.py
[2025-11-18T10:48:29.006+0000] {logging_mixin.py:188} INFO - [2025-11-18T10:48:29.006+0000] {dag.py:3036} INFO - Sync 1 DAGs
[2025-11-18T10:48:29.561+0000] {logging_mixin.py:188} INFO - [2025-11-18T10:48:29.561+0000] {dag.py:3823} INFO - Setting next_dagrun for create_audit_table to None, run_after=None
[2025-11-18T10:48:29.810+0000] {processor.py:183} INFO - Processing /opt/airflow/dags/create_audit_table.py took 3.120 seconds
[2025-11-18T10:49:00.519+0000] {processor.py:161} INFO - Started process (PID=22155) to work on /opt/airflow/dags/create_audit_table.py
[2025-11-18T10:49:00.521+0000] {processor.py:830} INFO - Processing file /opt/airflow/dags/create_audit_table.py for tasks to queue
[2025-11-18T10:49:00.528+0000] {logging_mixin.py:188} INFO - [2025-11-18T10:49:00.528+0000] {dagbag.py:538} INFO - Filling up the DagBag from /opt/airflow/dags/create_audit_table.py
[2025-11-18T10:49:00.565+0000] {processor.py:840} INFO - DAG(s) 'create_audit_table' retrieved from /opt/airflow/dags/create_audit_table.py
[2025-11-18T10:49:00.614+0000] {logging_mixin.py:188} INFO - [2025-11-18T10:49:00.613+0000] {dag.py:3036} INFO - Sync 1 DAGs
[2025-11-18T10:49:00.633+0000] {logging_mixin.py:188} INFO - [2025-11-18T10:49:00.633+0000] {dag.py:3823} INFO - Setting next_dagrun for create_audit_table to None, run_after=None
[2025-11-18T10:49:00.713+0000] {processor.py:183} INFO - Processing /opt/airflow/dags/create_audit_table.py took 0.201 seconds
[2025-11-18T10:49:33.911+0000] {processor.py:161} INFO - Started process (PID=22183) to work on /opt/airflow/dags/create_audit_table.py
[2025-11-18T10:49:33.937+0000] {processor.py:830} INFO - Processing file /opt/airflow/dags/create_audit_table.py for tasks to queue
[2025-11-18T10:49:33.961+0000] {logging_mixin.py:188} INFO - [2025-11-18T10:49:33.961+0000] {dagbag.py:538} INFO - Filling up the DagBag from /opt/airflow/dags/create_audit_table.py
[2025-11-18T10:49:35.144+0000] {processor.py:840} INFO - DAG(s) 'create_audit_table' retrieved from /opt/airflow/dags/create_audit_table.py
[2025-11-18T10:49:35.500+0000] {logging_mixin.py:188} INFO - [2025-11-18T10:49:35.500+0000] {dag.py:3036} INFO - Sync 1 DAGs
[2025-11-18T10:49:35.626+0000] {logging_mixin.py:188} INFO - [2025-11-18T10:49:35.626+0000] {dag.py:3823} INFO - Setting next_dagrun for create_audit_table to None, run_after=None
[2025-11-18T10:49:35.836+0000] {processor.py:183} INFO - Processing /opt/airflow/dags/create_audit_table.py took 1.938 seconds
[2025-11-18T10:50:25.801+0000] {processor.py:161} INFO - Started process (PID=22208) to work on /opt/airflow/dags/create_audit_table.py
[2025-11-18T10:50:25.808+0000] {processor.py:830} INFO - Processing file /opt/airflow/dags/create_audit_table.py for tasks to queue
[2025-11-18T10:50:25.817+0000] {logging_mixin.py:188} INFO - [2025-11-18T10:50:25.816+0000] {dagbag.py:538} INFO - Filling up the DagBag from /opt/airflow/dags/create_audit_table.py
[2025-11-18T10:50:25.871+0000] {processor.py:840} INFO - DAG(s) 'create_audit_table' retrieved from /opt/airflow/dags/create_audit_table.py
[2025-11-18T10:50:26.485+0000] {logging_mixin.py:188} INFO - [2025-11-18T10:50:26.484+0000] {dag.py:3036} INFO - Sync 1 DAGs
[2025-11-18T10:50:27.383+0000] {logging_mixin.py:188} INFO - [2025-11-18T10:50:27.383+0000] {dag.py:3823} INFO - Setting next_dagrun for create_audit_table to None, run_after=None
[2025-11-18T10:50:27.589+0000] {processor.py:183} INFO - Processing /opt/airflow/dags/create_audit_table.py took 1.796 seconds
[2025-11-18T10:50:59.071+0000] {processor.py:161} INFO - Started process (PID=22233) to work on /opt/airflow/dags/create_audit_table.py
[2025-11-18T10:50:59.422+0000] {processor.py:830} INFO - Processing file /opt/airflow/dags/create_audit_table.py for tasks to queue
[2025-11-18T10:50:59.514+0000] {logging_mixin.py:188} INFO - [2025-11-18T10:50:59.513+0000] {dagbag.py:538} INFO - Filling up the DagBag from /opt/airflow/dags/create_audit_table.py
[2025-11-18T10:50:59.910+0000] {processor.py:840} INFO - DAG(s) 'create_audit_table' retrieved from /opt/airflow/dags/create_audit_table.py
[2025-11-18T10:51:00.481+0000] {logging_mixin.py:188} INFO - [2025-11-18T10:51:00.481+0000] {dag.py:3036} INFO - Sync 1 DAGs
[2025-11-18T10:51:00.536+0000] {logging_mixin.py:188} INFO - [2025-11-18T10:51:00.536+0000] {dag.py:3823} INFO - Setting next_dagrun for create_audit_table to None, run_after=None
[2025-11-18T10:51:00.665+0000] {processor.py:183} INFO - Processing /opt/airflow/dags/create_audit_table.py took 1.599 seconds
[2025-11-18T10:51:30.939+0000] {processor.py:161} INFO - Started process (PID=22260) to work on /opt/airflow/dags/create_audit_table.py
[2025-11-18T10:51:30.941+0000] {processor.py:830} INFO - Processing file /opt/airflow/dags/create_audit_table.py for tasks to queue
[2025-11-18T10:51:30.943+0000] {logging_mixin.py:188} INFO - [2025-11-18T10:51:30.942+0000] {dagbag.py:538} INFO - Filling up the DagBag from /opt/airflow/dags/create_audit_table.py
[2025-11-18T10:51:30.984+0000] {processor.py:840} INFO - DAG(s) 'create_audit_table' retrieved from /opt/airflow/dags/create_audit_table.py
[2025-11-18T10:51:31.057+0000] {logging_mixin.py:188} INFO - [2025-11-18T10:51:31.057+0000] {dag.py:3036} INFO - Sync 1 DAGs
[2025-11-18T10:51:31.104+0000] {logging_mixin.py:188} INFO - [2025-11-18T10:51:31.104+0000] {dag.py:3823} INFO - Setting next_dagrun for create_audit_table to None, run_after=None
[2025-11-18T10:51:31.150+0000] {processor.py:183} INFO - Processing /opt/airflow/dags/create_audit_table.py took 0.216 seconds
[2025-11-18T10:52:03.965+0000] {processor.py:161} INFO - Started process (PID=22283) to work on /opt/airflow/dags/create_audit_table.py
[2025-11-18T10:52:03.969+0000] {processor.py:830} INFO - Processing file /opt/airflow/dags/create_audit_table.py for tasks to queue
[2025-11-18T10:52:03.976+0000] {logging_mixin.py:188} INFO - [2025-11-18T10:52:03.975+0000] {dagbag.py:538} INFO - Filling up the DagBag from /opt/airflow/dags/create_audit_table.py
[2025-11-18T10:52:04.289+0000] {processor.py:840} INFO - DAG(s) 'create_audit_table' retrieved from /opt/airflow/dags/create_audit_table.py
[2025-11-18T10:52:04.701+0000] {logging_mixin.py:188} INFO - [2025-11-18T10:52:04.701+0000] {dag.py:3036} INFO - Sync 1 DAGs
[2025-11-18T10:52:04.941+0000] {logging_mixin.py:188} INFO - [2025-11-18T10:52:04.940+0000] {dag.py:3823} INFO - Setting next_dagrun for create_audit_table to None, run_after=None
[2025-11-18T10:52:05.418+0000] {processor.py:183} INFO - Processing /opt/airflow/dags/create_audit_table.py took 1.472 seconds
[2025-11-18T10:52:35.872+0000] {processor.py:161} INFO - Started process (PID=22308) to work on /opt/airflow/dags/create_audit_table.py
[2025-11-18T10:52:35.894+0000] {processor.py:830} INFO - Processing file /opt/airflow/dags/create_audit_table.py for tasks to queue
[2025-11-18T10:52:35.900+0000] {logging_mixin.py:188} INFO - [2025-11-18T10:52:35.897+0000] {dagbag.py:538} INFO - Filling up the DagBag from /opt/airflow/dags/create_audit_table.py
[2025-11-18T10:52:35.993+0000] {processor.py:840} INFO - DAG(s) 'create_audit_table' retrieved from /opt/airflow/dags/create_audit_table.py
[2025-11-18T10:52:36.380+0000] {logging_mixin.py:188} INFO - [2025-11-18T10:52:36.380+0000] {dag.py:3036} INFO - Sync 1 DAGs
[2025-11-18T10:52:36.473+0000] {logging_mixin.py:188} INFO - [2025-11-18T10:52:36.472+0000] {dag.py:3823} INFO - Setting next_dagrun for create_audit_table to None, run_after=None
[2025-11-18T10:52:36.581+0000] {processor.py:183} INFO - Processing /opt/airflow/dags/create_audit_table.py took 0.722 seconds
[2025-11-18T10:53:07.632+0000] {processor.py:161} INFO - Started process (PID=22333) to work on /opt/airflow/dags/create_audit_table.py
[2025-11-18T10:53:07.637+0000] {processor.py:830} INFO - Processing file /opt/airflow/dags/create_audit_table.py for tasks to queue
[2025-11-18T10:53:07.643+0000] {logging_mixin.py:188} INFO - [2025-11-18T10:53:07.643+0000] {dagbag.py:538} INFO - Filling up the DagBag from /opt/airflow/dags/create_audit_table.py
[2025-11-18T10:53:07.713+0000] {processor.py:840} INFO - DAG(s) 'create_audit_table' retrieved from /opt/airflow/dags/create_audit_table.py
[2025-11-18T10:53:07.861+0000] {logging_mixin.py:188} INFO - [2025-11-18T10:53:07.860+0000] {dag.py:3036} INFO - Sync 1 DAGs
[2025-11-18T10:53:07.945+0000] {logging_mixin.py:188} INFO - [2025-11-18T10:53:07.944+0000] {dag.py:3823} INFO - Setting next_dagrun for create_audit_table to None, run_after=None
[2025-11-18T10:53:08.063+0000] {processor.py:183} INFO - Processing /opt/airflow/dags/create_audit_table.py took 0.439 seconds
[2025-11-18T10:53:38.645+0000] {processor.py:161} INFO - Started process (PID=22358) to work on /opt/airflow/dags/create_audit_table.py
[2025-11-18T10:53:38.683+0000] {processor.py:830} INFO - Processing file /opt/airflow/dags/create_audit_table.py for tasks to queue
[2025-11-18T10:53:38.776+0000] {logging_mixin.py:188} INFO - [2025-11-18T10:53:38.697+0000] {dagbag.py:538} INFO - Filling up the DagBag from /opt/airflow/dags/create_audit_table.py
[2025-11-18T10:53:39.668+0000] {processor.py:840} INFO - DAG(s) 'create_audit_table' retrieved from /opt/airflow/dags/create_audit_table.py
[2025-11-18T10:53:39.962+0000] {logging_mixin.py:188} INFO - [2025-11-18T10:53:39.961+0000] {dag.py:3036} INFO - Sync 1 DAGs
[2025-11-18T10:53:40.024+0000] {logging_mixin.py:188} INFO - [2025-11-18T10:53:40.016+0000] {dag.py:3823} INFO - Setting next_dagrun for create_audit_table to None, run_after=None
[2025-11-18T10:53:40.226+0000] {processor.py:183} INFO - Processing /opt/airflow/dags/create_audit_table.py took 1.586 seconds
[2025-11-18T10:54:13.010+0000] {processor.py:161} INFO - Started process (PID=22383) to work on /opt/airflow/dags/create_audit_table.py
[2025-11-18T10:54:13.017+0000] {processor.py:830} INFO - Processing file /opt/airflow/dags/create_audit_table.py for tasks to queue
[2025-11-18T10:54:13.021+0000] {logging_mixin.py:188} INFO - [2025-11-18T10:54:13.020+0000] {dagbag.py:538} INFO - Filling up the DagBag from /opt/airflow/dags/create_audit_table.py
[2025-11-18T10:54:13.123+0000] {processor.py:840} INFO - DAG(s) 'create_audit_table' retrieved from /opt/airflow/dags/create_audit_table.py
[2025-11-18T10:54:13.719+0000] {logging_mixin.py:188} INFO - [2025-11-18T10:54:13.718+0000] {dag.py:3036} INFO - Sync 1 DAGs
[2025-11-18T10:54:13.856+0000] {logging_mixin.py:188} INFO - [2025-11-18T10:54:13.855+0000] {dag.py:3823} INFO - Setting next_dagrun for create_audit_table to None, run_after=None
[2025-11-18T10:54:13.956+0000] {processor.py:183} INFO - Processing /opt/airflow/dags/create_audit_table.py took 0.960 seconds
[2025-11-18T10:54:45.140+0000] {processor.py:161} INFO - Started process (PID=22408) to work on /opt/airflow/dags/create_audit_table.py
[2025-11-18T10:54:45.163+0000] {processor.py:830} INFO - Processing file /opt/airflow/dags/create_audit_table.py for tasks to queue
[2025-11-18T10:54:45.170+0000] {logging_mixin.py:188} INFO - [2025-11-18T10:54:45.169+0000] {dagbag.py:538} INFO - Filling up the DagBag from /opt/airflow/dags/create_audit_table.py
[2025-11-18T10:54:45.959+0000] {processor.py:840} INFO - DAG(s) 'create_audit_table' retrieved from /opt/airflow/dags/create_audit_table.py
[2025-11-18T10:54:46.663+0000] {logging_mixin.py:188} INFO - [2025-11-18T10:54:46.662+0000] {dag.py:3036} INFO - Sync 1 DAGs
[2025-11-18T10:54:46.755+0000] {logging_mixin.py:188} INFO - [2025-11-18T10:54:46.755+0000] {dag.py:3823} INFO - Setting next_dagrun for create_audit_table to None, run_after=None
[2025-11-18T10:54:46.909+0000] {processor.py:183} INFO - Processing /opt/airflow/dags/create_audit_table.py took 1.775 seconds
[2025-11-18T10:55:17.454+0000] {processor.py:161} INFO - Started process (PID=22435) to work on /opt/airflow/dags/create_audit_table.py
[2025-11-18T10:55:17.457+0000] {processor.py:830} INFO - Processing file /opt/airflow/dags/create_audit_table.py for tasks to queue
[2025-11-18T10:55:17.458+0000] {logging_mixin.py:188} INFO - [2025-11-18T10:55:17.458+0000] {dagbag.py:538} INFO - Filling up the DagBag from /opt/airflow/dags/create_audit_table.py
[2025-11-18T10:55:17.479+0000] {processor.py:840} INFO - DAG(s) 'create_audit_table' retrieved from /opt/airflow/dags/create_audit_table.py
[2025-11-18T10:55:17.521+0000] {logging_mixin.py:188} INFO - [2025-11-18T10:55:17.521+0000] {dag.py:3036} INFO - Sync 1 DAGs
[2025-11-18T10:55:17.542+0000] {logging_mixin.py:188} INFO - [2025-11-18T10:55:17.541+0000] {dag.py:3823} INFO - Setting next_dagrun for create_audit_table to None, run_after=None
[2025-11-18T10:55:17.577+0000] {processor.py:183} INFO - Processing /opt/airflow/dags/create_audit_table.py took 0.130 seconds
[2025-11-18T10:55:48.225+0000] {processor.py:161} INFO - Started process (PID=22458) to work on /opt/airflow/dags/create_audit_table.py
[2025-11-18T10:55:48.233+0000] {processor.py:830} INFO - Processing file /opt/airflow/dags/create_audit_table.py for tasks to queue
[2025-11-18T10:55:48.241+0000] {logging_mixin.py:188} INFO - [2025-11-18T10:55:48.240+0000] {dagbag.py:538} INFO - Filling up the DagBag from /opt/airflow/dags/create_audit_table.py
[2025-11-18T10:55:48.307+0000] {processor.py:840} INFO - DAG(s) 'create_audit_table' retrieved from /opt/airflow/dags/create_audit_table.py
[2025-11-18T10:55:48.480+0000] {logging_mixin.py:188} INFO - [2025-11-18T10:55:48.469+0000] {dag.py:3036} INFO - Sync 1 DAGs
[2025-11-18T10:55:48.562+0000] {logging_mixin.py:188} INFO - [2025-11-18T10:55:48.562+0000] {dag.py:3823} INFO - Setting next_dagrun for create_audit_table to None, run_after=None
[2025-11-18T10:55:48.626+0000] {processor.py:183} INFO - Processing /opt/airflow/dags/create_audit_table.py took 0.407 seconds
[2025-11-18T10:56:22.035+0000] {processor.py:161} INFO - Started process (PID=22483) to work on /opt/airflow/dags/create_audit_table.py
[2025-11-18T10:56:22.060+0000] {processor.py:830} INFO - Processing file /opt/airflow/dags/create_audit_table.py for tasks to queue
[2025-11-18T10:56:22.067+0000] {logging_mixin.py:188} INFO - [2025-11-18T10:56:22.066+0000] {dagbag.py:538} INFO - Filling up the DagBag from /opt/airflow/dags/create_audit_table.py
[2025-11-18T10:56:22.201+0000] {processor.py:840} INFO - DAG(s) 'create_audit_table' retrieved from /opt/airflow/dags/create_audit_table.py
[2025-11-18T10:56:22.374+0000] {logging_mixin.py:188} INFO - [2025-11-18T10:56:22.374+0000] {dag.py:3036} INFO - Sync 1 DAGs
[2025-11-18T10:56:22.453+0000] {logging_mixin.py:188} INFO - [2025-11-18T10:56:22.453+0000] {dag.py:3823} INFO - Setting next_dagrun for create_audit_table to None, run_after=None
[2025-11-18T10:56:22.552+0000] {processor.py:183} INFO - Processing /opt/airflow/dags/create_audit_table.py took 0.522 seconds
[2025-11-18T10:56:52.730+0000] {processor.py:161} INFO - Started process (PID=22508) to work on /opt/airflow/dags/create_audit_table.py
[2025-11-18T10:56:52.733+0000] {processor.py:830} INFO - Processing file /opt/airflow/dags/create_audit_table.py for tasks to queue
[2025-11-18T10:56:52.734+0000] {logging_mixin.py:188} INFO - [2025-11-18T10:56:52.734+0000] {dagbag.py:538} INFO - Filling up the DagBag from /opt/airflow/dags/create_audit_table.py
[2025-11-18T10:56:52.760+0000] {processor.py:840} INFO - DAG(s) 'create_audit_table' retrieved from /opt/airflow/dags/create_audit_table.py
[2025-11-18T10:56:52.824+0000] {logging_mixin.py:188} INFO - [2025-11-18T10:56:52.824+0000] {dag.py:3036} INFO - Sync 1 DAGs
[2025-11-18T10:56:52.883+0000] {logging_mixin.py:188} INFO - [2025-11-18T10:56:52.882+0000] {dag.py:3823} INFO - Setting next_dagrun for create_audit_table to None, run_after=None
[2025-11-18T10:56:52.975+0000] {processor.py:183} INFO - Processing /opt/airflow/dags/create_audit_table.py took 0.249 seconds
[2025-11-18T10:57:24.309+0000] {processor.py:161} INFO - Started process (PID=22533) to work on /opt/airflow/dags/create_audit_table.py
[2025-11-18T10:57:24.320+0000] {processor.py:830} INFO - Processing file /opt/airflow/dags/create_audit_table.py for tasks to queue
[2025-11-18T10:57:24.323+0000] {logging_mixin.py:188} INFO - [2025-11-18T10:57:24.322+0000] {dagbag.py:538} INFO - Filling up the DagBag from /opt/airflow/dags/create_audit_table.py
[2025-11-18T10:57:24.557+0000] {processor.py:840} INFO - DAG(s) 'create_audit_table' retrieved from /opt/airflow/dags/create_audit_table.py
[2025-11-18T10:57:24.746+0000] {logging_mixin.py:188} INFO - [2025-11-18T10:57:24.745+0000] {dag.py:3036} INFO - Sync 1 DAGs
[2025-11-18T10:57:24.809+0000] {logging_mixin.py:188} INFO - [2025-11-18T10:57:24.808+0000] {dag.py:3823} INFO - Setting next_dagrun for create_audit_table to None, run_after=None
[2025-11-18T10:57:25.048+0000] {processor.py:183} INFO - Processing /opt/airflow/dags/create_audit_table.py took 0.745 seconds
[2025-11-18T10:57:56.263+0000] {processor.py:161} INFO - Started process (PID=22558) to work on /opt/airflow/dags/create_audit_table.py
[2025-11-18T10:57:56.269+0000] {processor.py:830} INFO - Processing file /opt/airflow/dags/create_audit_table.py for tasks to queue
[2025-11-18T10:57:56.276+0000] {logging_mixin.py:188} INFO - [2025-11-18T10:57:56.275+0000] {dagbag.py:538} INFO - Filling up the DagBag from /opt/airflow/dags/create_audit_table.py
[2025-11-18T10:57:56.350+0000] {processor.py:840} INFO - DAG(s) 'create_audit_table' retrieved from /opt/airflow/dags/create_audit_table.py
[2025-11-18T10:57:56.457+0000] {logging_mixin.py:188} INFO - [2025-11-18T10:57:56.447+0000] {dag.py:3036} INFO - Sync 1 DAGs
[2025-11-18T10:57:56.506+0000] {logging_mixin.py:188} INFO - [2025-11-18T10:57:56.506+0000] {dag.py:3823} INFO - Setting next_dagrun for create_audit_table to None, run_after=None
[2025-11-18T10:57:56.607+0000] {processor.py:183} INFO - Processing /opt/airflow/dags/create_audit_table.py took 0.369 seconds
[2025-11-18T10:58:27.150+0000] {processor.py:161} INFO - Started process (PID=22583) to work on /opt/airflow/dags/create_audit_table.py
[2025-11-18T10:58:27.152+0000] {processor.py:830} INFO - Processing file /opt/airflow/dags/create_audit_table.py for tasks to queue
[2025-11-18T10:58:27.159+0000] {logging_mixin.py:188} INFO - [2025-11-18T10:58:27.159+0000] {dagbag.py:538} INFO - Filling up the DagBag from /opt/airflow/dags/create_audit_table.py
[2025-11-18T10:58:27.209+0000] {processor.py:840} INFO - DAG(s) 'create_audit_table' retrieved from /opt/airflow/dags/create_audit_table.py
[2025-11-18T10:58:27.385+0000] {logging_mixin.py:188} INFO - [2025-11-18T10:58:27.385+0000] {dag.py:3036} INFO - Sync 1 DAGs
[2025-11-18T10:58:27.567+0000] {logging_mixin.py:188} INFO - [2025-11-18T10:58:27.558+0000] {dag.py:3823} INFO - Setting next_dagrun for create_audit_table to None, run_after=None
[2025-11-18T10:58:27.727+0000] {processor.py:183} INFO - Processing /opt/airflow/dags/create_audit_table.py took 0.584 seconds
[2025-11-18T10:58:57.887+0000] {processor.py:161} INFO - Started process (PID=22605) to work on /opt/airflow/dags/create_audit_table.py
[2025-11-18T10:58:57.889+0000] {processor.py:830} INFO - Processing file /opt/airflow/dags/create_audit_table.py for tasks to queue
[2025-11-18T10:58:57.892+0000] {logging_mixin.py:188} INFO - [2025-11-18T10:58:57.891+0000] {dagbag.py:538} INFO - Filling up the DagBag from /opt/airflow/dags/create_audit_table.py
[2025-11-18T10:58:57.917+0000] {processor.py:840} INFO - DAG(s) 'create_audit_table' retrieved from /opt/airflow/dags/create_audit_table.py
[2025-11-18T10:58:57.951+0000] {logging_mixin.py:188} INFO - [2025-11-18T10:58:57.950+0000] {dag.py:3036} INFO - Sync 1 DAGs
[2025-11-18T10:58:57.966+0000] {logging_mixin.py:188} INFO - [2025-11-18T10:58:57.966+0000] {dag.py:3823} INFO - Setting next_dagrun for create_audit_table to None, run_after=None
[2025-11-18T10:58:57.993+0000] {processor.py:183} INFO - Processing /opt/airflow/dags/create_audit_table.py took 0.111 seconds
[2025-11-18T10:59:28.632+0000] {processor.py:161} INFO - Started process (PID=22633) to work on /opt/airflow/dags/create_audit_table.py
[2025-11-18T10:59:28.634+0000] {processor.py:830} INFO - Processing file /opt/airflow/dags/create_audit_table.py for tasks to queue
[2025-11-18T10:59:28.645+0000] {logging_mixin.py:188} INFO - [2025-11-18T10:59:28.644+0000] {dagbag.py:538} INFO - Filling up the DagBag from /opt/airflow/dags/create_audit_table.py
[2025-11-18T10:59:28.788+0000] {processor.py:840} INFO - DAG(s) 'create_audit_table' retrieved from /opt/airflow/dags/create_audit_table.py
[2025-11-18T10:59:28.942+0000] {logging_mixin.py:188} INFO - [2025-11-18T10:59:28.941+0000] {dag.py:3036} INFO - Sync 1 DAGs
[2025-11-18T10:59:28.998+0000] {logging_mixin.py:188} INFO - [2025-11-18T10:59:28.998+0000] {dag.py:3823} INFO - Setting next_dagrun for create_audit_table to None, run_after=None
[2025-11-18T10:59:29.064+0000] {processor.py:183} INFO - Processing /opt/airflow/dags/create_audit_table.py took 0.441 seconds
[2025-11-18T10:59:59.702+0000] {processor.py:161} INFO - Started process (PID=22658) to work on /opt/airflow/dags/create_audit_table.py
[2025-11-18T10:59:59.704+0000] {processor.py:830} INFO - Processing file /opt/airflow/dags/create_audit_table.py for tasks to queue
[2025-11-18T10:59:59.706+0000] {logging_mixin.py:188} INFO - [2025-11-18T10:59:59.705+0000] {dagbag.py:538} INFO - Filling up the DagBag from /opt/airflow/dags/create_audit_table.py
[2025-11-18T11:00:00.733+0000] {processor.py:840} INFO - DAG(s) 'create_audit_table' retrieved from /opt/airflow/dags/create_audit_table.py
[2025-11-18T11:00:00.788+0000] {logging_mixin.py:188} INFO - [2025-11-18T11:00:00.788+0000] {dag.py:3036} INFO - Sync 1 DAGs
[2025-11-18T11:00:00.813+0000] {logging_mixin.py:188} INFO - [2025-11-18T11:00:00.812+0000] {dag.py:3823} INFO - Setting next_dagrun for create_audit_table to None, run_after=None
[2025-11-18T11:00:03.005+0000] {processor.py:183} INFO - Processing /opt/airflow/dags/create_audit_table.py took 3.309 seconds
[2025-11-18T11:00:33.469+0000] {processor.py:161} INFO - Started process (PID=22681) to work on /opt/airflow/dags/create_audit_table.py
[2025-11-18T11:00:33.482+0000] {processor.py:830} INFO - Processing file /opt/airflow/dags/create_audit_table.py for tasks to queue
[2025-11-18T11:00:33.488+0000] {logging_mixin.py:188} INFO - [2025-11-18T11:00:33.487+0000] {dagbag.py:538} INFO - Filling up the DagBag from /opt/airflow/dags/create_audit_table.py
[2025-11-18T11:00:33.573+0000] {processor.py:840} INFO - DAG(s) 'create_audit_table' retrieved from /opt/airflow/dags/create_audit_table.py
[2025-11-18T11:00:33.833+0000] {logging_mixin.py:188} INFO - [2025-11-18T11:00:33.832+0000] {dag.py:3036} INFO - Sync 1 DAGs
[2025-11-18T11:00:33.956+0000] {logging_mixin.py:188} INFO - [2025-11-18T11:00:33.956+0000] {dag.py:3823} INFO - Setting next_dagrun for create_audit_table to None, run_after=None
[2025-11-18T11:00:34.153+0000] {processor.py:183} INFO - Processing /opt/airflow/dags/create_audit_table.py took 0.702 seconds
[2025-11-18T11:01:06.092+0000] {processor.py:161} INFO - Started process (PID=22708) to work on /opt/airflow/dags/create_audit_table.py
[2025-11-18T11:01:06.104+0000] {processor.py:830} INFO - Processing file /opt/airflow/dags/create_audit_table.py for tasks to queue
[2025-11-18T11:01:06.108+0000] {logging_mixin.py:188} INFO - [2025-11-18T11:01:06.108+0000] {dagbag.py:538} INFO - Filling up the DagBag from /opt/airflow/dags/create_audit_table.py
[2025-11-18T11:01:06.268+0000] {processor.py:840} INFO - DAG(s) 'create_audit_table' retrieved from /opt/airflow/dags/create_audit_table.py
[2025-11-18T11:01:06.394+0000] {logging_mixin.py:188} INFO - [2025-11-18T11:01:06.394+0000] {dag.py:3036} INFO - Sync 1 DAGs
[2025-11-18T11:01:06.445+0000] {logging_mixin.py:188} INFO - [2025-11-18T11:01:06.444+0000] {dag.py:3823} INFO - Setting next_dagrun for create_audit_table to None, run_after=None
[2025-11-18T11:01:06.532+0000] {processor.py:183} INFO - Processing /opt/airflow/dags/create_audit_table.py took 0.446 seconds
[2025-11-18T11:01:37.176+0000] {processor.py:161} INFO - Started process (PID=22733) to work on /opt/airflow/dags/create_audit_table.py
[2025-11-18T11:01:37.178+0000] {processor.py:830} INFO - Processing file /opt/airflow/dags/create_audit_table.py for tasks to queue
[2025-11-18T11:01:37.181+0000] {logging_mixin.py:188} INFO - [2025-11-18T11:01:37.180+0000] {dagbag.py:538} INFO - Filling up the DagBag from /opt/airflow/dags/create_audit_table.py
[2025-11-18T11:01:37.202+0000] {processor.py:840} INFO - DAG(s) 'create_audit_table' retrieved from /opt/airflow/dags/create_audit_table.py
[2025-11-18T11:01:37.258+0000] {logging_mixin.py:188} INFO - [2025-11-18T11:01:37.258+0000] {dag.py:3036} INFO - Sync 1 DAGs
[2025-11-18T11:01:37.280+0000] {logging_mixin.py:188} INFO - [2025-11-18T11:01:37.279+0000] {dag.py:3823} INFO - Setting next_dagrun for create_audit_table to None, run_after=None
[2025-11-18T11:01:37.311+0000] {processor.py:183} INFO - Processing /opt/airflow/dags/create_audit_table.py took 0.140 seconds
[2025-11-18T11:02:08.257+0000] {processor.py:161} INFO - Started process (PID=22758) to work on /opt/airflow/dags/create_audit_table.py
[2025-11-18T11:02:08.262+0000] {processor.py:830} INFO - Processing file /opt/airflow/dags/create_audit_table.py for tasks to queue
[2025-11-18T11:02:08.265+0000] {logging_mixin.py:188} INFO - [2025-11-18T11:02:08.264+0000] {dagbag.py:538} INFO - Filling up the DagBag from /opt/airflow/dags/create_audit_table.py
[2025-11-18T11:02:08.294+0000] {processor.py:840} INFO - DAG(s) 'create_audit_table' retrieved from /opt/airflow/dags/create_audit_table.py
[2025-11-18T11:02:08.390+0000] {logging_mixin.py:188} INFO - [2025-11-18T11:02:08.390+0000] {dag.py:3036} INFO - Sync 1 DAGs
[2025-11-18T11:02:08.417+0000] {logging_mixin.py:188} INFO - [2025-11-18T11:02:08.417+0000] {dag.py:3823} INFO - Setting next_dagrun for create_audit_table to None, run_after=None
[2025-11-18T11:02:11.206+0000] {processor.py:183} INFO - Processing /opt/airflow/dags/create_audit_table.py took 2.957 seconds
[2025-11-18T11:02:41.311+0000] {processor.py:161} INFO - Started process (PID=22780) to work on /opt/airflow/dags/create_audit_table.py
[2025-11-18T11:02:41.313+0000] {processor.py:830} INFO - Processing file /opt/airflow/dags/create_audit_table.py for tasks to queue
[2025-11-18T11:02:41.315+0000] {logging_mixin.py:188} INFO - [2025-11-18T11:02:41.314+0000] {dagbag.py:538} INFO - Filling up the DagBag from /opt/airflow/dags/create_audit_table.py
[2025-11-18T11:02:41.338+0000] {processor.py:840} INFO - DAG(s) 'create_audit_table' retrieved from /opt/airflow/dags/create_audit_table.py
[2025-11-18T11:02:41.374+0000] {logging_mixin.py:188} INFO - [2025-11-18T11:02:41.374+0000] {dag.py:3036} INFO - Sync 1 DAGs
[2025-11-18T11:02:41.388+0000] {logging_mixin.py:188} INFO - [2025-11-18T11:02:41.387+0000] {dag.py:3823} INFO - Setting next_dagrun for create_audit_table to None, run_after=None
[2025-11-18T11:02:41.420+0000] {processor.py:183} INFO - Processing /opt/airflow/dags/create_audit_table.py took 0.113 seconds
[2025-11-18T11:03:13.222+0000] {processor.py:161} INFO - Started process (PID=22808) to work on /opt/airflow/dags/create_audit_table.py
[2025-11-18T11:03:13.250+0000] {processor.py:830} INFO - Processing file /opt/airflow/dags/create_audit_table.py for tasks to queue
[2025-11-18T11:03:13.258+0000] {logging_mixin.py:188} INFO - [2025-11-18T11:03:13.257+0000] {dagbag.py:538} INFO - Filling up the DagBag from /opt/airflow/dags/create_audit_table.py
[2025-11-18T11:03:13.359+0000] {processor.py:840} INFO - DAG(s) 'create_audit_table' retrieved from /opt/airflow/dags/create_audit_table.py
[2025-11-18T11:03:13.548+0000] {logging_mixin.py:188} INFO - [2025-11-18T11:03:13.548+0000] {dag.py:3036} INFO - Sync 1 DAGs
[2025-11-18T11:03:13.657+0000] {logging_mixin.py:188} INFO - [2025-11-18T11:03:13.656+0000] {dag.py:3823} INFO - Setting next_dagrun for create_audit_table to None, run_after=None
[2025-11-18T11:03:13.919+0000] {processor.py:183} INFO - Processing /opt/airflow/dags/create_audit_table.py took 0.703 seconds
[2025-11-18T11:03:44.499+0000] {processor.py:161} INFO - Started process (PID=22833) to work on /opt/airflow/dags/create_audit_table.py
[2025-11-18T11:03:44.507+0000] {processor.py:830} INFO - Processing file /opt/airflow/dags/create_audit_table.py for tasks to queue
[2025-11-18T11:03:44.512+0000] {logging_mixin.py:188} INFO - [2025-11-18T11:03:44.511+0000] {dagbag.py:538} INFO - Filling up the DagBag from /opt/airflow/dags/create_audit_table.py
[2025-11-18T11:03:44.584+0000] {processor.py:840} INFO - DAG(s) 'create_audit_table' retrieved from /opt/airflow/dags/create_audit_table.py
[2025-11-18T11:03:44.716+0000] {logging_mixin.py:188} INFO - [2025-11-18T11:03:44.715+0000] {dag.py:3036} INFO - Sync 1 DAGs
[2025-11-18T11:03:44.815+0000] {logging_mixin.py:188} INFO - [2025-11-18T11:03:44.814+0000] {dag.py:3823} INFO - Setting next_dagrun for create_audit_table to None, run_after=None
[2025-11-18T11:03:45.412+0000] {processor.py:183} INFO - Processing /opt/airflow/dags/create_audit_table.py took 0.932 seconds
[2025-11-18T11:04:15.977+0000] {processor.py:161} INFO - Started process (PID=22861) to work on /opt/airflow/dags/create_audit_table.py
[2025-11-18T11:04:15.985+0000] {processor.py:830} INFO - Processing file /opt/airflow/dags/create_audit_table.py for tasks to queue
[2025-11-18T11:04:15.988+0000] {logging_mixin.py:188} INFO - [2025-11-18T11:04:15.987+0000] {dagbag.py:538} INFO - Filling up the DagBag from /opt/airflow/dags/create_audit_table.py
[2025-11-18T11:04:16.139+0000] {processor.py:840} INFO - DAG(s) 'create_audit_table' retrieved from /opt/airflow/dags/create_audit_table.py
[2025-11-18T11:04:16.397+0000] {logging_mixin.py:188} INFO - [2025-11-18T11:04:16.396+0000] {dag.py:3036} INFO - Sync 1 DAGs
[2025-11-18T11:04:16.410+0000] {logging_mixin.py:188} INFO - [2025-11-18T11:04:16.410+0000] {dag.py:3823} INFO - Setting next_dagrun for create_audit_table to None, run_after=None
[2025-11-18T11:04:16.446+0000] {processor.py:183} INFO - Processing /opt/airflow/dags/create_audit_table.py took 0.478 seconds
[2025-11-18T11:04:46.569+0000] {processor.py:161} INFO - Started process (PID=22886) to work on /opt/airflow/dags/create_audit_table.py
[2025-11-18T11:04:46.572+0000] {processor.py:830} INFO - Processing file /opt/airflow/dags/create_audit_table.py for tasks to queue
[2025-11-18T11:04:46.575+0000] {logging_mixin.py:188} INFO - [2025-11-18T11:04:46.574+0000] {dagbag.py:538} INFO - Filling up the DagBag from /opt/airflow/dags/create_audit_table.py
[2025-11-18T11:04:46.603+0000] {processor.py:840} INFO - DAG(s) 'create_audit_table' retrieved from /opt/airflow/dags/create_audit_table.py
[2025-11-18T11:04:46.650+0000] {logging_mixin.py:188} INFO - [2025-11-18T11:04:46.650+0000] {dag.py:3036} INFO - Sync 1 DAGs
[2025-11-18T11:04:46.670+0000] {logging_mixin.py:188} INFO - [2025-11-18T11:04:46.670+0000] {dag.py:3823} INFO - Setting next_dagrun for create_audit_table to None, run_after=None
[2025-11-18T11:04:46.698+0000] {processor.py:183} INFO - Processing /opt/airflow/dags/create_audit_table.py took 0.134 seconds
[2025-11-18T11:05:17.814+0000] {processor.py:161} INFO - Started process (PID=22909) to work on /opt/airflow/dags/create_audit_table.py
[2025-11-18T11:05:17.820+0000] {processor.py:830} INFO - Processing file /opt/airflow/dags/create_audit_table.py for tasks to queue
[2025-11-18T11:05:17.824+0000] {logging_mixin.py:188} INFO - [2025-11-18T11:05:17.823+0000] {dagbag.py:538} INFO - Filling up the DagBag from /opt/airflow/dags/create_audit_table.py
[2025-11-18T11:05:17.922+0000] {processor.py:840} INFO - DAG(s) 'create_audit_table' retrieved from /opt/airflow/dags/create_audit_table.py
[2025-11-18T11:05:18.028+0000] {logging_mixin.py:188} INFO - [2025-11-18T11:05:18.027+0000] {dag.py:3036} INFO - Sync 1 DAGs
[2025-11-18T11:05:18.061+0000] {logging_mixin.py:188} INFO - [2025-11-18T11:05:18.060+0000] {dag.py:3823} INFO - Setting next_dagrun for create_audit_table to None, run_after=None
[2025-11-18T11:05:18.150+0000] {processor.py:183} INFO - Processing /opt/airflow/dags/create_audit_table.py took 0.352 seconds
[2025-11-18T11:05:48.470+0000] {processor.py:161} INFO - Started process (PID=22934) to work on /opt/airflow/dags/create_audit_table.py
[2025-11-18T11:05:48.486+0000] {processor.py:830} INFO - Processing file /opt/airflow/dags/create_audit_table.py for tasks to queue
[2025-11-18T11:05:48.491+0000] {logging_mixin.py:188} INFO - [2025-11-18T11:05:48.490+0000] {dagbag.py:538} INFO - Filling up the DagBag from /opt/airflow/dags/create_audit_table.py
[2025-11-18T11:05:48.664+0000] {processor.py:840} INFO - DAG(s) 'create_audit_table' retrieved from /opt/airflow/dags/create_audit_table.py
[2025-11-18T11:05:48.793+0000] {logging_mixin.py:188} INFO - [2025-11-18T11:05:48.793+0000] {dag.py:3036} INFO - Sync 1 DAGs
[2025-11-18T11:05:55.838+0000] {logging_mixin.py:188} INFO - [2025-11-18T11:05:55.837+0000] {dag.py:3823} INFO - Setting next_dagrun for create_audit_table to None, run_after=None
[2025-11-18T11:05:55.945+0000] {processor.py:183} INFO - Processing /opt/airflow/dags/create_audit_table.py took 7.484 seconds
[2025-11-18T11:06:27.103+0000] {processor.py:161} INFO - Started process (PID=22959) to work on /opt/airflow/dags/create_audit_table.py
[2025-11-18T11:06:27.111+0000] {processor.py:830} INFO - Processing file /opt/airflow/dags/create_audit_table.py for tasks to queue
[2025-11-18T11:06:27.122+0000] {logging_mixin.py:188} INFO - [2025-11-18T11:06:27.120+0000] {dagbag.py:538} INFO - Filling up the DagBag from /opt/airflow/dags/create_audit_table.py
[2025-11-18T11:06:27.201+0000] {processor.py:840} INFO - DAG(s) 'create_audit_table' retrieved from /opt/airflow/dags/create_audit_table.py
[2025-11-18T11:06:27.306+0000] {logging_mixin.py:188} INFO - [2025-11-18T11:06:27.305+0000] {dag.py:3036} INFO - Sync 1 DAGs
[2025-11-18T11:06:27.419+0000] {logging_mixin.py:188} INFO - [2025-11-18T11:06:27.417+0000] {dag.py:3823} INFO - Setting next_dagrun for create_audit_table to None, run_after=None
[2025-11-18T11:06:27.516+0000] {processor.py:183} INFO - Processing /opt/airflow/dags/create_audit_table.py took 0.429 seconds
[2025-11-18T11:06:59.442+0000] {processor.py:161} INFO - Started process (PID=22984) to work on /opt/airflow/dags/create_audit_table.py
[2025-11-18T11:06:59.445+0000] {processor.py:830} INFO - Processing file /opt/airflow/dags/create_audit_table.py for tasks to queue
[2025-11-18T11:06:59.455+0000] {logging_mixin.py:188} INFO - [2025-11-18T11:06:59.447+0000] {dagbag.py:538} INFO - Filling up the DagBag from /opt/airflow/dags/create_audit_table.py
[2025-11-18T11:06:59.510+0000] {processor.py:840} INFO - DAG(s) 'create_audit_table' retrieved from /opt/airflow/dags/create_audit_table.py
[2025-11-18T11:06:59.645+0000] {logging_mixin.py:188} INFO - [2025-11-18T11:06:59.644+0000] {dag.py:3036} INFO - Sync 1 DAGs
[2025-11-18T11:06:59.848+0000] {logging_mixin.py:188} INFO - [2025-11-18T11:06:59.847+0000] {dag.py:3823} INFO - Setting next_dagrun for create_audit_table to None, run_after=None
[2025-11-18T11:07:00.107+0000] {processor.py:183} INFO - Processing /opt/airflow/dags/create_audit_table.py took 0.670 seconds
[2025-11-18T11:07:32.088+0000] {processor.py:161} INFO - Started process (PID=23011) to work on /opt/airflow/dags/create_audit_table.py
[2025-11-18T11:07:32.090+0000] {processor.py:830} INFO - Processing file /opt/airflow/dags/create_audit_table.py for tasks to queue
[2025-11-18T11:07:32.092+0000] {logging_mixin.py:188} INFO - [2025-11-18T11:07:32.092+0000] {dagbag.py:538} INFO - Filling up the DagBag from /opt/airflow/dags/create_audit_table.py
[2025-11-18T11:07:32.116+0000] {processor.py:840} INFO - DAG(s) 'create_audit_table' retrieved from /opt/airflow/dags/create_audit_table.py
[2025-11-18T11:07:32.155+0000] {logging_mixin.py:188} INFO - [2025-11-18T11:07:32.154+0000] {dag.py:3036} INFO - Sync 1 DAGs
[2025-11-18T11:07:32.173+0000] {logging_mixin.py:188} INFO - [2025-11-18T11:07:32.173+0000] {dag.py:3823} INFO - Setting next_dagrun for create_audit_table to None, run_after=None
[2025-11-18T11:07:32.205+0000] {processor.py:183} INFO - Processing /opt/airflow/dags/create_audit_table.py took 0.122 seconds
[2025-11-18T11:08:02.396+0000] {processor.py:161} INFO - Started process (PID=23036) to work on /opt/airflow/dags/create_audit_table.py
[2025-11-18T11:08:02.398+0000] {processor.py:830} INFO - Processing file /opt/airflow/dags/create_audit_table.py for tasks to queue
[2025-11-18T11:08:02.399+0000] {logging_mixin.py:188} INFO - [2025-11-18T11:08:02.399+0000] {dagbag.py:538} INFO - Filling up the DagBag from /opt/airflow/dags/create_audit_table.py
[2025-11-18T11:08:02.422+0000] {processor.py:840} INFO - DAG(s) 'create_audit_table' retrieved from /opt/airflow/dags/create_audit_table.py
[2025-11-18T11:08:02.452+0000] {logging_mixin.py:188} INFO - [2025-11-18T11:08:02.451+0000] {dag.py:3036} INFO - Sync 1 DAGs
[2025-11-18T11:08:02.464+0000] {logging_mixin.py:188} INFO - [2025-11-18T11:08:02.464+0000] {dag.py:3823} INFO - Setting next_dagrun for create_audit_table to None, run_after=None
[2025-11-18T11:08:02.503+0000] {processor.py:183} INFO - Processing /opt/airflow/dags/create_audit_table.py took 0.112 seconds
[2025-11-18T11:08:33.680+0000] {processor.py:161} INFO - Started process (PID=23061) to work on /opt/airflow/dags/create_audit_table.py
[2025-11-18T11:08:33.690+0000] {processor.py:830} INFO - Processing file /opt/airflow/dags/create_audit_table.py for tasks to queue
[2025-11-18T11:08:33.695+0000] {logging_mixin.py:188} INFO - [2025-11-18T11:08:33.694+0000] {dagbag.py:538} INFO - Filling up the DagBag from /opt/airflow/dags/create_audit_table.py
[2025-11-18T11:08:33.736+0000] {processor.py:840} INFO - DAG(s) 'create_audit_table' retrieved from /opt/airflow/dags/create_audit_table.py
[2025-11-18T11:08:33.834+0000] {logging_mixin.py:188} INFO - [2025-11-18T11:08:33.833+0000] {dag.py:3036} INFO - Sync 1 DAGs
[2025-11-18T11:08:33.875+0000] {logging_mixin.py:188} INFO - [2025-11-18T11:08:33.874+0000] {dag.py:3823} INFO - Setting next_dagrun for create_audit_table to None, run_after=None
[2025-11-18T11:08:33.961+0000] {processor.py:183} INFO - Processing /opt/airflow/dags/create_audit_table.py took 0.287 seconds
[2025-11-18T11:09:05.140+0000] {processor.py:161} INFO - Started process (PID=23084) to work on /opt/airflow/dags/create_audit_table.py
[2025-11-18T11:09:05.152+0000] {processor.py:830} INFO - Processing file /opt/airflow/dags/create_audit_table.py for tasks to queue
[2025-11-18T11:09:05.175+0000] {logging_mixin.py:188} INFO - [2025-11-18T11:09:05.174+0000] {dagbag.py:538} INFO - Filling up the DagBag from /opt/airflow/dags/create_audit_table.py
[2025-11-18T11:09:05.311+0000] {processor.py:840} INFO - DAG(s) 'create_audit_table' retrieved from /opt/airflow/dags/create_audit_table.py
[2025-11-18T11:09:05.589+0000] {logging_mixin.py:188} INFO - [2025-11-18T11:09:05.589+0000] {dag.py:3036} INFO - Sync 1 DAGs
[2025-11-18T11:09:05.760+0000] {logging_mixin.py:188} INFO - [2025-11-18T11:09:05.759+0000] {dag.py:3823} INFO - Setting next_dagrun for create_audit_table to None, run_after=None
[2025-11-18T11:09:06.163+0000] {processor.py:183} INFO - Processing /opt/airflow/dags/create_audit_table.py took 1.065 seconds
[2025-11-18T11:09:36.992+0000] {processor.py:161} INFO - Started process (PID=23109) to work on /opt/airflow/dags/create_audit_table.py
[2025-11-18T11:09:36.997+0000] {processor.py:830} INFO - Processing file /opt/airflow/dags/create_audit_table.py for tasks to queue
[2025-11-18T11:09:37.000+0000] {logging_mixin.py:188} INFO - [2025-11-18T11:09:37.000+0000] {dagbag.py:538} INFO - Filling up the DagBag from /opt/airflow/dags/create_audit_table.py
[2025-11-18T11:09:37.275+0000] {processor.py:840} INFO - DAG(s) 'create_audit_table' retrieved from /opt/airflow/dags/create_audit_table.py
[2025-11-18T11:09:37.394+0000] {logging_mixin.py:188} INFO - [2025-11-18T11:09:37.394+0000] {dag.py:3036} INFO - Sync 1 DAGs
[2025-11-18T11:09:37.447+0000] {logging_mixin.py:188} INFO - [2025-11-18T11:09:37.447+0000] {dag.py:3823} INFO - Setting next_dagrun for create_audit_table to None, run_after=None
[2025-11-18T11:09:37.527+0000] {processor.py:183} INFO - Processing /opt/airflow/dags/create_audit_table.py took 0.550 seconds
[2025-11-18T11:10:07.911+0000] {processor.py:161} INFO - Started process (PID=23141) to work on /opt/airflow/dags/create_audit_table.py
[2025-11-18T11:10:07.913+0000] {processor.py:830} INFO - Processing file /opt/airflow/dags/create_audit_table.py for tasks to queue
[2025-11-18T11:10:07.914+0000] {logging_mixin.py:188} INFO - [2025-11-18T11:10:07.914+0000] {dagbag.py:538} INFO - Filling up the DagBag from /opt/airflow/dags/create_audit_table.py
[2025-11-18T11:10:07.951+0000] {processor.py:840} INFO - DAG(s) 'create_audit_table' retrieved from /opt/airflow/dags/create_audit_table.py
[2025-11-18T11:10:08.063+0000] {logging_mixin.py:188} INFO - [2025-11-18T11:10:08.063+0000] {dag.py:3036} INFO - Sync 1 DAGs
[2025-11-18T11:10:08.077+0000] {logging_mixin.py:188} INFO - [2025-11-18T11:10:08.077+0000] {dag.py:3823} INFO - Setting next_dagrun for create_audit_table to None, run_after=None
[2025-11-18T11:10:08.101+0000] {processor.py:183} INFO - Processing /opt/airflow/dags/create_audit_table.py took 0.195 seconds
[2025-11-18T11:10:38.520+0000] {processor.py:161} INFO - Started process (PID=23169) to work on /opt/airflow/dags/create_audit_table.py
[2025-11-18T11:10:38.522+0000] {processor.py:830} INFO - Processing file /opt/airflow/dags/create_audit_table.py for tasks to queue
[2025-11-18T11:10:38.532+0000] {logging_mixin.py:188} INFO - [2025-11-18T11:10:38.524+0000] {dagbag.py:538} INFO - Filling up the DagBag from /opt/airflow/dags/create_audit_table.py
[2025-11-18T11:10:38.610+0000] {processor.py:840} INFO - DAG(s) 'create_audit_table' retrieved from /opt/airflow/dags/create_audit_table.py
[2025-11-18T11:10:38.684+0000] {logging_mixin.py:188} INFO - [2025-11-18T11:10:38.684+0000] {dag.py:3036} INFO - Sync 1 DAGs
[2025-11-18T11:10:38.730+0000] {logging_mixin.py:188} INFO - [2025-11-18T11:10:38.729+0000] {dag.py:3823} INFO - Setting next_dagrun for create_audit_table to None, run_after=None
[2025-11-18T11:10:38.809+0000] {processor.py:183} INFO - Processing /opt/airflow/dags/create_audit_table.py took 0.294 seconds
[2025-11-18T11:11:09.713+0000] {processor.py:161} INFO - Started process (PID=23200) to work on /opt/airflow/dags/create_audit_table.py
[2025-11-18T11:11:09.722+0000] {processor.py:830} INFO - Processing file /opt/airflow/dags/create_audit_table.py for tasks to queue
[2025-11-18T11:11:09.729+0000] {logging_mixin.py:188} INFO - [2025-11-18T11:11:09.728+0000] {dagbag.py:538} INFO - Filling up the DagBag from /opt/airflow/dags/create_audit_table.py
[2025-11-18T11:11:09.917+0000] {processor.py:840} INFO - DAG(s) 'create_audit_table' retrieved from /opt/airflow/dags/create_audit_table.py
[2025-11-18T11:11:10.167+0000] {logging_mixin.py:188} INFO - [2025-11-18T11:11:10.167+0000] {dag.py:3036} INFO - Sync 1 DAGs
[2025-11-18T11:11:10.342+0000] {logging_mixin.py:188} INFO - [2025-11-18T11:11:10.341+0000] {dag.py:3823} INFO - Setting next_dagrun for create_audit_table to None, run_after=None
[2025-11-18T11:11:10.460+0000] {processor.py:183} INFO - Processing /opt/airflow/dags/create_audit_table.py took 0.765 seconds
[2025-11-18T11:11:42.394+0000] {processor.py:161} INFO - Started process (PID=23234) to work on /opt/airflow/dags/create_audit_table.py
[2025-11-18T11:11:42.399+0000] {processor.py:830} INFO - Processing file /opt/airflow/dags/create_audit_table.py for tasks to queue
[2025-11-18T11:11:42.412+0000] {logging_mixin.py:188} INFO - [2025-11-18T11:11:42.412+0000] {dagbag.py:538} INFO - Filling up the DagBag from /opt/airflow/dags/create_audit_table.py
[2025-11-18T11:11:42.480+0000] {processor.py:840} INFO - DAG(s) 'create_audit_table' retrieved from /opt/airflow/dags/create_audit_table.py
[2025-11-18T11:11:42.596+0000] {logging_mixin.py:188} INFO - [2025-11-18T11:11:42.595+0000] {dag.py:3036} INFO - Sync 1 DAGs
[2025-11-18T11:11:42.636+0000] {logging_mixin.py:188} INFO - [2025-11-18T11:11:42.635+0000] {dag.py:3823} INFO - Setting next_dagrun for create_audit_table to None, run_after=None
[2025-11-18T11:11:42.766+0000] {processor.py:183} INFO - Processing /opt/airflow/dags/create_audit_table.py took 0.387 seconds
[2025-11-18T11:12:18.389+0000] {processor.py:161} INFO - Started process (PID=23269) to work on /opt/airflow/dags/create_audit_table.py
[2025-11-18T11:12:18.402+0000] {processor.py:830} INFO - Processing file /opt/airflow/dags/create_audit_table.py for tasks to queue
[2025-11-18T11:12:18.404+0000] {logging_mixin.py:188} INFO - [2025-11-18T11:12:18.403+0000] {dagbag.py:538} INFO - Filling up the DagBag from /opt/airflow/dags/create_audit_table.py
[2025-11-18T11:12:18.436+0000] {processor.py:840} INFO - DAG(s) 'create_audit_table' retrieved from /opt/airflow/dags/create_audit_table.py
[2025-11-18T11:12:18.533+0000] {logging_mixin.py:188} INFO - [2025-11-18T11:12:18.533+0000] {dag.py:3036} INFO - Sync 1 DAGs
[2025-11-18T11:12:18.580+0000] {logging_mixin.py:188} INFO - [2025-11-18T11:12:18.572+0000] {dag.py:3823} INFO - Setting next_dagrun for create_audit_table to None, run_after=None
[2025-11-18T11:12:18.656+0000] {processor.py:183} INFO - Processing /opt/airflow/dags/create_audit_table.py took 0.272 seconds
[2025-11-18T11:12:49.061+0000] {processor.py:161} INFO - Started process (PID=23299) to work on /opt/airflow/dags/create_audit_table.py
[2025-11-18T11:12:49.062+0000] {processor.py:830} INFO - Processing file /opt/airflow/dags/create_audit_table.py for tasks to queue
[2025-11-18T11:12:49.063+0000] {logging_mixin.py:188} INFO - [2025-11-18T11:12:49.063+0000] {dagbag.py:538} INFO - Filling up the DagBag from /opt/airflow/dags/create_audit_table.py
[2025-11-18T11:12:49.080+0000] {processor.py:840} INFO - DAG(s) 'create_audit_table' retrieved from /opt/airflow/dags/create_audit_table.py
[2025-11-18T11:12:49.116+0000] {logging_mixin.py:188} INFO - [2025-11-18T11:12:49.116+0000] {dag.py:3036} INFO - Sync 1 DAGs
[2025-11-18T11:12:49.132+0000] {logging_mixin.py:188} INFO - [2025-11-18T11:12:49.132+0000] {dag.py:3823} INFO - Setting next_dagrun for create_audit_table to None, run_after=None
[2025-11-18T11:12:49.154+0000] {processor.py:183} INFO - Processing /opt/airflow/dags/create_audit_table.py took 0.097 seconds
[2025-11-18T11:13:20.428+0000] {processor.py:161} INFO - Started process (PID=23327) to work on /opt/airflow/dags/create_audit_table.py
[2025-11-18T11:13:20.431+0000] {processor.py:830} INFO - Processing file /opt/airflow/dags/create_audit_table.py for tasks to queue
[2025-11-18T11:13:20.433+0000] {logging_mixin.py:188} INFO - [2025-11-18T11:13:20.432+0000] {dagbag.py:538} INFO - Filling up the DagBag from /opt/airflow/dags/create_audit_table.py
[2025-11-18T11:13:20.472+0000] {processor.py:840} INFO - DAG(s) 'create_audit_table' retrieved from /opt/airflow/dags/create_audit_table.py
[2025-11-18T11:13:20.528+0000] {logging_mixin.py:188} INFO - [2025-11-18T11:13:20.528+0000] {dag.py:3036} INFO - Sync 1 DAGs
[2025-11-18T11:13:20.561+0000] {logging_mixin.py:188} INFO - [2025-11-18T11:13:20.561+0000] {dag.py:3823} INFO - Setting next_dagrun for create_audit_table to None, run_after=None
[2025-11-18T11:13:20.611+0000] {processor.py:183} INFO - Processing /opt/airflow/dags/create_audit_table.py took 0.189 seconds
[2025-11-18T11:13:50.992+0000] {processor.py:161} INFO - Started process (PID=23357) to work on /opt/airflow/dags/create_audit_table.py
[2025-11-18T11:13:50.994+0000] {processor.py:830} INFO - Processing file /opt/airflow/dags/create_audit_table.py for tasks to queue
[2025-11-18T11:13:50.997+0000] {logging_mixin.py:188} INFO - [2025-11-18T11:13:50.996+0000] {dagbag.py:538} INFO - Filling up the DagBag from /opt/airflow/dags/create_audit_table.py
[2025-11-18T11:13:51.012+0000] {processor.py:840} INFO - DAG(s) 'create_audit_table' retrieved from /opt/airflow/dags/create_audit_table.py
[2025-11-18T11:13:51.046+0000] {logging_mixin.py:188} INFO - [2025-11-18T11:13:51.046+0000] {dag.py:3036} INFO - Sync 1 DAGs
[2025-11-18T11:13:51.057+0000] {logging_mixin.py:188} INFO - [2025-11-18T11:13:51.057+0000] {dag.py:3823} INFO - Setting next_dagrun for create_audit_table to None, run_after=None
[2025-11-18T11:13:51.079+0000] {processor.py:183} INFO - Processing /opt/airflow/dags/create_audit_table.py took 0.091 seconds
[2025-11-18T11:14:21.477+0000] {processor.py:161} INFO - Started process (PID=23382) to work on /opt/airflow/dags/create_audit_table.py
[2025-11-18T11:14:21.478+0000] {processor.py:830} INFO - Processing file /opt/airflow/dags/create_audit_table.py for tasks to queue
[2025-11-18T11:14:21.480+0000] {logging_mixin.py:188} INFO - [2025-11-18T11:14:21.479+0000] {dagbag.py:538} INFO - Filling up the DagBag from /opt/airflow/dags/create_audit_table.py
[2025-11-18T11:14:21.504+0000] {processor.py:840} INFO - DAG(s) 'create_audit_table' retrieved from /opt/airflow/dags/create_audit_table.py
[2025-11-18T11:14:21.544+0000] {logging_mixin.py:188} INFO - [2025-11-18T11:14:21.544+0000] {dag.py:3036} INFO - Sync 1 DAGs
[2025-11-18T11:14:21.561+0000] {logging_mixin.py:188} INFO - [2025-11-18T11:14:21.561+0000] {dag.py:3823} INFO - Setting next_dagrun for create_audit_table to None, run_after=None
[2025-11-18T11:14:21.601+0000] {processor.py:183} INFO - Processing /opt/airflow/dags/create_audit_table.py took 0.129 seconds
[2025-11-18T11:14:52.056+0000] {processor.py:161} INFO - Started process (PID=23412) to work on /opt/airflow/dags/create_audit_table.py
[2025-11-18T11:14:52.058+0000] {processor.py:830} INFO - Processing file /opt/airflow/dags/create_audit_table.py for tasks to queue
[2025-11-18T11:14:52.059+0000] {logging_mixin.py:188} INFO - [2025-11-18T11:14:52.059+0000] {dagbag.py:538} INFO - Filling up the DagBag from /opt/airflow/dags/create_audit_table.py
[2025-11-18T11:14:52.090+0000] {processor.py:840} INFO - DAG(s) 'create_audit_table' retrieved from /opt/airflow/dags/create_audit_table.py
[2025-11-18T11:14:52.151+0000] {logging_mixin.py:188} INFO - [2025-11-18T11:14:52.151+0000] {dag.py:3036} INFO - Sync 1 DAGs
[2025-11-18T11:14:52.176+0000] {logging_mixin.py:188} INFO - [2025-11-18T11:14:52.175+0000] {dag.py:3823} INFO - Setting next_dagrun for create_audit_table to None, run_after=None
[2025-11-18T11:14:52.215+0000] {processor.py:183} INFO - Processing /opt/airflow/dags/create_audit_table.py took 0.168 seconds
[2025-11-18T11:15:23.265+0000] {processor.py:161} INFO - Started process (PID=23442) to work on /opt/airflow/dags/create_audit_table.py
[2025-11-18T11:15:23.279+0000] {processor.py:830} INFO - Processing file /opt/airflow/dags/create_audit_table.py for tasks to queue
[2025-11-18T11:15:23.285+0000] {logging_mixin.py:188} INFO - [2025-11-18T11:15:23.284+0000] {dagbag.py:538} INFO - Filling up the DagBag from /opt/airflow/dags/create_audit_table.py
[2025-11-18T11:15:23.495+0000] {processor.py:840} INFO - DAG(s) 'create_audit_table' retrieved from /opt/airflow/dags/create_audit_table.py
[2025-11-18T11:15:23.753+0000] {logging_mixin.py:188} INFO - [2025-11-18T11:15:23.753+0000] {dag.py:3036} INFO - Sync 1 DAGs
[2025-11-18T11:15:24.119+0000] {logging_mixin.py:188} INFO - [2025-11-18T11:15:24.118+0000] {dag.py:3823} INFO - Setting next_dagrun for create_audit_table to None, run_after=None
[2025-11-18T11:15:24.397+0000] {processor.py:183} INFO - Processing /opt/airflow/dags/create_audit_table.py took 1.139 seconds
[2025-11-18T11:15:55.154+0000] {processor.py:161} INFO - Started process (PID=23472) to work on /opt/airflow/dags/create_audit_table.py
[2025-11-18T11:15:55.158+0000] {processor.py:830} INFO - Processing file /opt/airflow/dags/create_audit_table.py for tasks to queue
[2025-11-18T11:15:55.161+0000] {logging_mixin.py:188} INFO - [2025-11-18T11:15:55.160+0000] {dagbag.py:538} INFO - Filling up the DagBag from /opt/airflow/dags/create_audit_table.py
[2025-11-18T11:15:55.317+0000] {processor.py:840} INFO - DAG(s) 'create_audit_table' retrieved from /opt/airflow/dags/create_audit_table.py
[2025-11-18T11:15:55.440+0000] {logging_mixin.py:188} INFO - [2025-11-18T11:15:55.440+0000] {dag.py:3036} INFO - Sync 1 DAGs
[2025-11-18T11:15:55.492+0000] {logging_mixin.py:188} INFO - [2025-11-18T11:15:55.492+0000] {dag.py:3823} INFO - Setting next_dagrun for create_audit_table to None, run_after=None
[2025-11-18T11:15:55.588+0000] {processor.py:183} INFO - Processing /opt/airflow/dags/create_audit_table.py took 0.450 seconds
[2025-11-18T11:16:26.009+0000] {processor.py:161} INFO - Started process (PID=23502) to work on /opt/airflow/dags/create_audit_table.py
[2025-11-18T11:16:26.011+0000] {processor.py:830} INFO - Processing file /opt/airflow/dags/create_audit_table.py for tasks to queue
[2025-11-18T11:16:26.013+0000] {logging_mixin.py:188} INFO - [2025-11-18T11:16:26.012+0000] {dagbag.py:538} INFO - Filling up the DagBag from /opt/airflow/dags/create_audit_table.py
[2025-11-18T11:16:26.056+0000] {processor.py:840} INFO - DAG(s) 'create_audit_table' retrieved from /opt/airflow/dags/create_audit_table.py
[2025-11-18T11:16:26.149+0000] {logging_mixin.py:188} INFO - [2025-11-18T11:16:26.148+0000] {dag.py:3036} INFO - Sync 1 DAGs
[2025-11-18T11:16:26.183+0000] {logging_mixin.py:188} INFO - [2025-11-18T11:16:26.183+0000] {dag.py:3823} INFO - Setting next_dagrun for create_audit_table to None, run_after=None
[2025-11-18T11:16:26.253+0000] {processor.py:183} INFO - Processing /opt/airflow/dags/create_audit_table.py took 0.258 seconds
[2025-11-18T11:16:57.384+0000] {processor.py:161} INFO - Started process (PID=23532) to work on /opt/airflow/dags/create_audit_table.py
[2025-11-18T11:16:57.393+0000] {processor.py:830} INFO - Processing file /opt/airflow/dags/create_audit_table.py for tasks to queue
[2025-11-18T11:16:57.400+0000] {logging_mixin.py:188} INFO - [2025-11-18T11:16:57.397+0000] {dagbag.py:538} INFO - Filling up the DagBag from /opt/airflow/dags/create_audit_table.py
[2025-11-18T11:16:57.433+0000] {processor.py:840} INFO - DAG(s) 'create_audit_table' retrieved from /opt/airflow/dags/create_audit_table.py
[2025-11-18T11:16:57.521+0000] {logging_mixin.py:188} INFO - [2025-11-18T11:16:57.521+0000] {dag.py:3036} INFO - Sync 1 DAGs
[2025-11-18T11:16:57.570+0000] {logging_mixin.py:188} INFO - [2025-11-18T11:16:57.570+0000] {dag.py:3823} INFO - Setting next_dagrun for create_audit_table to None, run_after=None
[2025-11-18T11:16:57.665+0000] {processor.py:183} INFO - Processing /opt/airflow/dags/create_audit_table.py took 0.290 seconds
[2025-11-18T11:17:28.157+0000] {processor.py:161} INFO - Started process (PID=23562) to work on /opt/airflow/dags/create_audit_table.py
[2025-11-18T11:17:28.159+0000] {processor.py:830} INFO - Processing file /opt/airflow/dags/create_audit_table.py for tasks to queue
[2025-11-18T11:17:28.161+0000] {logging_mixin.py:188} INFO - [2025-11-18T11:17:28.160+0000] {dagbag.py:538} INFO - Filling up the DagBag from /opt/airflow/dags/create_audit_table.py
[2025-11-18T11:17:28.183+0000] {processor.py:840} INFO - DAG(s) 'create_audit_table' retrieved from /opt/airflow/dags/create_audit_table.py
[2025-11-18T11:17:28.268+0000] {logging_mixin.py:188} INFO - [2025-11-18T11:17:28.268+0000] {dag.py:3036} INFO - Sync 1 DAGs
[2025-11-18T11:17:28.298+0000] {logging_mixin.py:188} INFO - [2025-11-18T11:17:28.298+0000] {dag.py:3823} INFO - Setting next_dagrun for create_audit_table to None, run_after=None
[2025-11-18T11:17:28.348+0000] {processor.py:183} INFO - Processing /opt/airflow/dags/create_audit_table.py took 0.196 seconds
[2025-11-18T11:17:59.198+0000] {processor.py:161} INFO - Started process (PID=23592) to work on /opt/airflow/dags/create_audit_table.py
[2025-11-18T11:17:59.199+0000] {processor.py:830} INFO - Processing file /opt/airflow/dags/create_audit_table.py for tasks to queue
[2025-11-18T11:17:59.200+0000] {logging_mixin.py:188} INFO - [2025-11-18T11:17:59.200+0000] {dagbag.py:538} INFO - Filling up the DagBag from /opt/airflow/dags/create_audit_table.py
[2025-11-18T11:17:59.226+0000] {processor.py:840} INFO - DAG(s) 'create_audit_table' retrieved from /opt/airflow/dags/create_audit_table.py
[2025-11-18T11:17:59.270+0000] {logging_mixin.py:188} INFO - [2025-11-18T11:17:59.270+0000] {dag.py:3036} INFO - Sync 1 DAGs
[2025-11-18T11:17:59.285+0000] {logging_mixin.py:188} INFO - [2025-11-18T11:17:59.285+0000] {dag.py:3823} INFO - Setting next_dagrun for create_audit_table to None, run_after=None
[2025-11-18T11:17:59.312+0000] {processor.py:183} INFO - Processing /opt/airflow/dags/create_audit_table.py took 0.117 seconds
[2025-11-18T11:18:30.209+0000] {processor.py:161} INFO - Started process (PID=23622) to work on /opt/airflow/dags/create_audit_table.py
[2025-11-18T11:18:30.210+0000] {processor.py:830} INFO - Processing file /opt/airflow/dags/create_audit_table.py for tasks to queue
[2025-11-18T11:18:30.211+0000] {logging_mixin.py:188} INFO - [2025-11-18T11:18:30.211+0000] {dagbag.py:538} INFO - Filling up the DagBag from /opt/airflow/dags/create_audit_table.py
[2025-11-18T11:18:30.235+0000] {processor.py:840} INFO - DAG(s) 'create_audit_table' retrieved from /opt/airflow/dags/create_audit_table.py
[2025-11-18T11:18:30.272+0000] {logging_mixin.py:188} INFO - [2025-11-18T11:18:30.272+0000] {dag.py:3036} INFO - Sync 1 DAGs
[2025-11-18T11:18:30.287+0000] {logging_mixin.py:188} INFO - [2025-11-18T11:18:30.286+0000] {dag.py:3823} INFO - Setting next_dagrun for create_audit_table to None, run_after=None
[2025-11-18T11:18:30.314+0000] {processor.py:183} INFO - Processing /opt/airflow/dags/create_audit_table.py took 0.109 seconds
[2025-11-18T11:19:00.791+0000] {processor.py:161} INFO - Started process (PID=23652) to work on /opt/airflow/dags/create_audit_table.py
[2025-11-18T11:19:00.793+0000] {processor.py:830} INFO - Processing file /opt/airflow/dags/create_audit_table.py for tasks to queue
[2025-11-18T11:19:00.794+0000] {logging_mixin.py:188} INFO - [2025-11-18T11:19:00.794+0000] {dagbag.py:538} INFO - Filling up the DagBag from /opt/airflow/dags/create_audit_table.py
[2025-11-18T11:19:00.818+0000] {processor.py:840} INFO - DAG(s) 'create_audit_table' retrieved from /opt/airflow/dags/create_audit_table.py
[2025-11-18T11:19:00.890+0000] {logging_mixin.py:188} INFO - [2025-11-18T11:19:00.889+0000] {dag.py:3036} INFO - Sync 1 DAGs
[2025-11-18T11:19:00.921+0000] {logging_mixin.py:188} INFO - [2025-11-18T11:19:00.920+0000] {dag.py:3823} INFO - Setting next_dagrun for create_audit_table to None, run_after=None
[2025-11-18T11:19:00.964+0000] {processor.py:183} INFO - Processing /opt/airflow/dags/create_audit_table.py took 0.177 seconds
[2025-11-18T11:19:32.378+0000] {processor.py:161} INFO - Started process (PID=23687) to work on /opt/airflow/dags/create_audit_table.py
[2025-11-18T11:19:32.380+0000] {processor.py:830} INFO - Processing file /opt/airflow/dags/create_audit_table.py for tasks to queue
[2025-11-18T11:19:32.382+0000] {logging_mixin.py:188} INFO - [2025-11-18T11:19:32.381+0000] {dagbag.py:538} INFO - Filling up the DagBag from /opt/airflow/dags/create_audit_table.py
[2025-11-18T11:19:32.406+0000] {processor.py:840} INFO - DAG(s) 'create_audit_table' retrieved from /opt/airflow/dags/create_audit_table.py
[2025-11-18T11:19:32.465+0000] {logging_mixin.py:188} INFO - [2025-11-18T11:19:32.465+0000] {dag.py:3036} INFO - Sync 1 DAGs
[2025-11-18T11:19:32.509+0000] {logging_mixin.py:188} INFO - [2025-11-18T11:19:32.509+0000] {dag.py:3823} INFO - Setting next_dagrun for create_audit_table to None, run_after=None
[2025-11-18T11:19:32.552+0000] {processor.py:183} INFO - Processing /opt/airflow/dags/create_audit_table.py took 0.180 seconds
[2025-11-18T11:20:28.474+0000] {processor.py:161} INFO - Started process (PID=23719) to work on /opt/airflow/dags/create_audit_table.py
[2025-11-18T11:20:28.482+0000] {processor.py:830} INFO - Processing file /opt/airflow/dags/create_audit_table.py for tasks to queue
[2025-11-18T11:20:28.522+0000] {logging_mixin.py:188} INFO - [2025-11-18T11:20:28.500+0000] {dagbag.py:538} INFO - Filling up the DagBag from /opt/airflow/dags/create_audit_table.py
[2025-11-18T11:20:28.842+0000] {processor.py:840} INFO - DAG(s) 'create_audit_table' retrieved from /opt/airflow/dags/create_audit_table.py
[2025-11-18T11:20:29.123+0000] {logging_mixin.py:188} INFO - [2025-11-18T11:20:29.122+0000] {dag.py:3036} INFO - Sync 1 DAGs
[2025-11-18T11:20:29.152+0000] {logging_mixin.py:188} INFO - [2025-11-18T11:20:29.152+0000] {dag.py:3823} INFO - Setting next_dagrun for create_audit_table to None, run_after=None
[2025-11-18T11:20:29.191+0000] {processor.py:183} INFO - Processing /opt/airflow/dags/create_audit_table.py took 0.846 seconds
[2025-11-18T11:20:59.983+0000] {processor.py:161} INFO - Started process (PID=23752) to work on /opt/airflow/dags/create_audit_table.py
[2025-11-18T11:20:59.985+0000] {processor.py:830} INFO - Processing file /opt/airflow/dags/create_audit_table.py for tasks to queue
[2025-11-18T11:20:59.987+0000] {logging_mixin.py:188} INFO - [2025-11-18T11:20:59.986+0000] {dagbag.py:538} INFO - Filling up the DagBag from /opt/airflow/dags/create_audit_table.py
[2025-11-18T11:21:01.013+0000] {processor.py:840} INFO - DAG(s) 'create_audit_table' retrieved from /opt/airflow/dags/create_audit_table.py
[2025-11-18T11:21:01.048+0000] {logging_mixin.py:188} INFO - [2025-11-18T11:21:01.048+0000] {dag.py:3036} INFO - Sync 1 DAGs
[2025-11-18T11:21:01.071+0000] {logging_mixin.py:188} INFO - [2025-11-18T11:21:01.071+0000] {dag.py:3823} INFO - Setting next_dagrun for create_audit_table to None, run_after=None
[2025-11-18T11:21:01.099+0000] {processor.py:183} INFO - Processing /opt/airflow/dags/create_audit_table.py took 1.120 seconds
[2025-11-18T11:21:32.884+0000] {processor.py:161} INFO - Started process (PID=23782) to work on /opt/airflow/dags/create_audit_table.py
[2025-11-18T11:21:32.912+0000] {processor.py:830} INFO - Processing file /opt/airflow/dags/create_audit_table.py for tasks to queue
[2025-11-18T11:21:32.936+0000] {logging_mixin.py:188} INFO - [2025-11-18T11:21:32.936+0000] {dagbag.py:538} INFO - Filling up the DagBag from /opt/airflow/dags/create_audit_table.py
[2025-11-18T11:21:33.238+0000] {processor.py:840} INFO - DAG(s) 'create_audit_table' retrieved from /opt/airflow/dags/create_audit_table.py
[2025-11-18T11:21:33.317+0000] {logging_mixin.py:188} INFO - [2025-11-18T11:21:33.316+0000] {dag.py:3036} INFO - Sync 1 DAGs
[2025-11-18T11:21:33.364+0000] {logging_mixin.py:188} INFO - [2025-11-18T11:21:33.357+0000] {dag.py:3823} INFO - Setting next_dagrun for create_audit_table to None, run_after=None
[2025-11-18T11:21:33.452+0000] {processor.py:183} INFO - Processing /opt/airflow/dags/create_audit_table.py took 0.572 seconds
[2025-11-18T11:22:03.697+0000] {processor.py:161} INFO - Started process (PID=23812) to work on /opt/airflow/dags/create_audit_table.py
[2025-11-18T11:22:03.699+0000] {processor.py:830} INFO - Processing file /opt/airflow/dags/create_audit_table.py for tasks to queue
[2025-11-18T11:22:03.706+0000] {logging_mixin.py:188} INFO - [2025-11-18T11:22:03.702+0000] {dagbag.py:538} INFO - Filling up the DagBag from /opt/airflow/dags/create_audit_table.py
[2025-11-18T11:22:03.732+0000] {processor.py:840} INFO - DAG(s) 'create_audit_table' retrieved from /opt/airflow/dags/create_audit_table.py
[2025-11-18T11:22:03.781+0000] {logging_mixin.py:188} INFO - [2025-11-18T11:22:03.781+0000] {dag.py:3036} INFO - Sync 1 DAGs
[2025-11-18T11:22:03.827+0000] {logging_mixin.py:188} INFO - [2025-11-18T11:22:03.827+0000] {dag.py:3823} INFO - Setting next_dagrun for create_audit_table to None, run_after=None
[2025-11-18T11:22:03.914+0000] {processor.py:183} INFO - Processing /opt/airflow/dags/create_audit_table.py took 0.224 seconds
[2025-11-18T11:22:34.632+0000] {processor.py:161} INFO - Started process (PID=23842) to work on /opt/airflow/dags/create_audit_table.py
[2025-11-18T11:22:34.652+0000] {processor.py:830} INFO - Processing file /opt/airflow/dags/create_audit_table.py for tasks to queue
[2025-11-18T11:22:34.655+0000] {logging_mixin.py:188} INFO - [2025-11-18T11:22:34.654+0000] {dagbag.py:538} INFO - Filling up the DagBag from /opt/airflow/dags/create_audit_table.py
[2025-11-18T11:22:34.979+0000] {processor.py:840} INFO - DAG(s) 'create_audit_table' retrieved from /opt/airflow/dags/create_audit_table.py
[2025-11-18T11:22:35.208+0000] {logging_mixin.py:188} INFO - [2025-11-18T11:22:35.208+0000] {dag.py:3036} INFO - Sync 1 DAGs
[2025-11-18T11:22:35.286+0000] {logging_mixin.py:188} INFO - [2025-11-18T11:22:35.285+0000] {dag.py:3823} INFO - Setting next_dagrun for create_audit_table to None, run_after=None
[2025-11-18T11:22:35.406+0000] {processor.py:183} INFO - Processing /opt/airflow/dags/create_audit_table.py took 0.786 seconds
[2025-11-18T11:23:09.131+0000] {processor.py:161} INFO - Started process (PID=23874) to work on /opt/airflow/dags/create_audit_table.py
[2025-11-18T11:23:09.133+0000] {processor.py:830} INFO - Processing file /opt/airflow/dags/create_audit_table.py for tasks to queue
[2025-11-18T11:23:09.136+0000] {logging_mixin.py:188} INFO - [2025-11-18T11:23:09.135+0000] {dagbag.py:538} INFO - Filling up the DagBag from /opt/airflow/dags/create_audit_table.py
[2025-11-18T11:23:09.169+0000] {processor.py:840} INFO - DAG(s) 'create_audit_table' retrieved from /opt/airflow/dags/create_audit_table.py
[2025-11-18T11:23:09.258+0000] {logging_mixin.py:188} INFO - [2025-11-18T11:23:09.257+0000] {dag.py:3036} INFO - Sync 1 DAGs
[2025-11-18T11:23:09.292+0000] {logging_mixin.py:188} INFO - [2025-11-18T11:23:09.292+0000] {dag.py:3823} INFO - Setting next_dagrun for create_audit_table to None, run_after=None
[2025-11-18T11:23:09.362+0000] {processor.py:183} INFO - Processing /opt/airflow/dags/create_audit_table.py took 0.241 seconds
[2025-11-18T11:23:39.452+0000] {processor.py:161} INFO - Started process (PID=23904) to work on /opt/airflow/dags/create_audit_table.py
[2025-11-18T11:23:39.454+0000] {processor.py:830} INFO - Processing file /opt/airflow/dags/create_audit_table.py for tasks to queue
[2025-11-18T11:23:39.456+0000] {logging_mixin.py:188} INFO - [2025-11-18T11:23:39.455+0000] {dagbag.py:538} INFO - Filling up the DagBag from /opt/airflow/dags/create_audit_table.py
[2025-11-18T11:23:39.471+0000] {processor.py:840} INFO - DAG(s) 'create_audit_table' retrieved from /opt/airflow/dags/create_audit_table.py
[2025-11-18T11:23:39.506+0000] {logging_mixin.py:188} INFO - [2025-11-18T11:23:39.506+0000] {dag.py:3036} INFO - Sync 1 DAGs
[2025-11-18T11:23:39.518+0000] {logging_mixin.py:188} INFO - [2025-11-18T11:23:39.517+0000] {dag.py:3823} INFO - Setting next_dagrun for create_audit_table to None, run_after=None
[2025-11-18T11:23:39.536+0000] {processor.py:183} INFO - Processing /opt/airflow/dags/create_audit_table.py took 0.088 seconds
[2025-11-18T11:24:19.226+0000] {processor.py:161} INFO - Started process (PID=23932) to work on /opt/airflow/dags/create_audit_table.py
[2025-11-18T11:24:19.231+0000] {processor.py:830} INFO - Processing file /opt/airflow/dags/create_audit_table.py for tasks to queue
[2025-11-18T11:24:19.235+0000] {logging_mixin.py:188} INFO - [2025-11-18T11:24:19.234+0000] {dagbag.py:538} INFO - Filling up the DagBag from /opt/airflow/dags/create_audit_table.py
[2025-11-18T11:24:19.301+0000] {processor.py:840} INFO - DAG(s) 'create_audit_table' retrieved from /opt/airflow/dags/create_audit_table.py
[2025-11-18T11:24:19.419+0000] {logging_mixin.py:188} INFO - [2025-11-18T11:24:19.418+0000] {dag.py:3036} INFO - Sync 1 DAGs
[2025-11-18T11:24:19.470+0000] {logging_mixin.py:188} INFO - [2025-11-18T11:24:19.470+0000] {dag.py:3823} INFO - Setting next_dagrun for create_audit_table to None, run_after=None
[2025-11-18T11:24:19.565+0000] {processor.py:183} INFO - Processing /opt/airflow/dags/create_audit_table.py took 0.353 seconds
[2025-11-18T11:24:51.228+0000] {processor.py:161} INFO - Started process (PID=23964) to work on /opt/airflow/dags/create_audit_table.py
[2025-11-18T11:24:51.240+0000] {processor.py:830} INFO - Processing file /opt/airflow/dags/create_audit_table.py for tasks to queue
[2025-11-18T11:24:51.246+0000] {logging_mixin.py:188} INFO - [2025-11-18T11:24:51.246+0000] {dagbag.py:538} INFO - Filling up the DagBag from /opt/airflow/dags/create_audit_table.py
[2025-11-18T11:24:51.941+0000] {processor.py:840} INFO - DAG(s) 'create_audit_table' retrieved from /opt/airflow/dags/create_audit_table.py
[2025-11-18T11:24:52.045+0000] {logging_mixin.py:188} INFO - [2025-11-18T11:24:52.045+0000] {dag.py:3036} INFO - Sync 1 DAGs
[2025-11-18T11:24:52.092+0000] {logging_mixin.py:188} INFO - [2025-11-18T11:24:52.091+0000] {dag.py:3823} INFO - Setting next_dagrun for create_audit_table to None, run_after=None
[2025-11-18T11:24:52.781+0000] {processor.py:183} INFO - Processing /opt/airflow/dags/create_audit_table.py took 1.557 seconds
[2025-11-18T11:25:23.224+0000] {processor.py:161} INFO - Started process (PID=23994) to work on /opt/airflow/dags/create_audit_table.py
[2025-11-18T11:25:23.235+0000] {processor.py:830} INFO - Processing file /opt/airflow/dags/create_audit_table.py for tasks to queue
[2025-11-18T11:25:23.238+0000] {logging_mixin.py:188} INFO - [2025-11-18T11:25:23.237+0000] {dagbag.py:538} INFO - Filling up the DagBag from /opt/airflow/dags/create_audit_table.py
[2025-11-18T11:25:23.272+0000] {processor.py:840} INFO - DAG(s) 'create_audit_table' retrieved from /opt/airflow/dags/create_audit_table.py
[2025-11-18T11:25:23.335+0000] {logging_mixin.py:188} INFO - [2025-11-18T11:25:23.335+0000] {dag.py:3036} INFO - Sync 1 DAGs
[2025-11-18T11:25:23.370+0000] {logging_mixin.py:188} INFO - [2025-11-18T11:25:23.369+0000] {dag.py:3823} INFO - Setting next_dagrun for create_audit_table to None, run_after=None
[2025-11-18T11:25:23.410+0000] {processor.py:183} INFO - Processing /opt/airflow/dags/create_audit_table.py took 0.191 seconds
[2025-11-18T11:29:56.502+0000] {processor.py:161} INFO - Started process (PID=24019) to work on /opt/airflow/dags/create_audit_table.py
[2025-11-18T11:29:56.523+0000] {processor.py:830} INFO - Processing file /opt/airflow/dags/create_audit_table.py for tasks to queue
[2025-11-18T11:29:56.530+0000] {logging_mixin.py:188} INFO - [2025-11-18T11:29:56.529+0000] {dagbag.py:538} INFO - Filling up the DagBag from /opt/airflow/dags/create_audit_table.py
[2025-11-18T11:29:56.646+0000] {processor.py:840} INFO - DAG(s) 'create_audit_table' retrieved from /opt/airflow/dags/create_audit_table.py
[2025-11-18T11:29:56.798+0000] {logging_mixin.py:188} INFO - [2025-11-18T11:29:56.787+0000] {dag.py:3036} INFO - Sync 1 DAGs
[2025-11-18T11:29:56.876+0000] {logging_mixin.py:188} INFO - [2025-11-18T11:29:56.876+0000] {dag.py:3823} INFO - Setting next_dagrun for create_audit_table to None, run_after=None
[2025-11-18T11:29:57.001+0000] {processor.py:183} INFO - Processing /opt/airflow/dags/create_audit_table.py took 0.526 seconds
[2025-11-18T11:32:44.355+0000] {processor.py:161} INFO - Started process (PID=24048) to work on /opt/airflow/dags/create_audit_table.py
[2025-11-18T11:32:44.453+0000] {processor.py:830} INFO - Processing file /opt/airflow/dags/create_audit_table.py for tasks to queue
[2025-11-18T11:32:44.543+0000] {logging_mixin.py:188} INFO - [2025-11-18T11:32:44.522+0000] {dagbag.py:538} INFO - Filling up the DagBag from /opt/airflow/dags/create_audit_table.py
[2025-11-18T11:32:44.941+0000] {processor.py:840} INFO - DAG(s) 'create_audit_table' retrieved from /opt/airflow/dags/create_audit_table.py
[2025-11-18T11:32:45.834+0000] {logging_mixin.py:188} INFO - [2025-11-18T11:32:45.833+0000] {dag.py:3036} INFO - Sync 1 DAGs
[2025-11-18T11:32:47.831+0000] {logging_mixin.py:188} INFO - [2025-11-18T11:32:47.830+0000] {dag.py:3823} INFO - Setting next_dagrun for create_audit_table to None, run_after=None
[2025-11-18T11:33:09.836+0000] {processor.py:183} INFO - Processing /opt/airflow/dags/create_audit_table.py took 25.625 seconds
[2025-11-18T11:33:41.179+0000] {processor.py:161} INFO - Started process (PID=24078) to work on /opt/airflow/dags/create_audit_table.py
[2025-11-18T11:33:41.181+0000] {processor.py:830} INFO - Processing file /opt/airflow/dags/create_audit_table.py for tasks to queue
[2025-11-18T11:33:41.184+0000] {logging_mixin.py:188} INFO - [2025-11-18T11:33:41.183+0000] {dagbag.py:538} INFO - Filling up the DagBag from /opt/airflow/dags/create_audit_table.py
[2025-11-18T11:33:41.363+0000] {processor.py:840} INFO - DAG(s) 'create_audit_table' retrieved from /opt/airflow/dags/create_audit_table.py
[2025-11-18T11:33:41.749+0000] {logging_mixin.py:188} INFO - [2025-11-18T11:33:41.749+0000] {dag.py:3036} INFO - Sync 1 DAGs
[2025-11-18T11:33:41.890+0000] {logging_mixin.py:188} INFO - [2025-11-18T11:33:41.889+0000] {dag.py:3823} INFO - Setting next_dagrun for create_audit_table to None, run_after=None
[2025-11-18T11:33:42.005+0000] {processor.py:183} INFO - Processing /opt/airflow/dags/create_audit_table.py took 0.849 seconds
[2025-11-18T11:34:13.189+0000] {processor.py:161} INFO - Started process (PID=24108) to work on /opt/airflow/dags/create_audit_table.py
[2025-11-18T11:34:13.240+0000] {processor.py:830} INFO - Processing file /opt/airflow/dags/create_audit_table.py for tasks to queue
[2025-11-18T11:34:13.268+0000] {logging_mixin.py:188} INFO - [2025-11-18T11:34:13.267+0000] {dagbag.py:538} INFO - Filling up the DagBag from /opt/airflow/dags/create_audit_table.py
[2025-11-18T11:34:13.724+0000] {processor.py:840} INFO - DAG(s) 'create_audit_table' retrieved from /opt/airflow/dags/create_audit_table.py
[2025-11-18T11:34:13.949+0000] {logging_mixin.py:188} INFO - [2025-11-18T11:34:13.948+0000] {dag.py:3036} INFO - Sync 1 DAGs
[2025-11-18T11:34:14.063+0000] {logging_mixin.py:188} INFO - [2025-11-18T11:34:14.062+0000] {dag.py:3823} INFO - Setting next_dagrun for create_audit_table to None, run_after=None
[2025-11-18T11:34:14.230+0000] {processor.py:183} INFO - Processing /opt/airflow/dags/create_audit_table.py took 1.060 seconds
[2025-11-18T11:34:47.900+0000] {processor.py:161} INFO - Started process (PID=24138) to work on /opt/airflow/dags/create_audit_table.py
[2025-11-18T11:34:47.925+0000] {processor.py:830} INFO - Processing file /opt/airflow/dags/create_audit_table.py for tasks to queue
[2025-11-18T11:34:47.939+0000] {logging_mixin.py:188} INFO - [2025-11-18T11:34:47.939+0000] {dagbag.py:538} INFO - Filling up the DagBag from /opt/airflow/dags/create_audit_table.py
[2025-11-18T11:34:48.685+0000] {processor.py:840} INFO - DAG(s) 'create_audit_table' retrieved from /opt/airflow/dags/create_audit_table.py
[2025-11-18T11:34:48.900+0000] {logging_mixin.py:188} INFO - [2025-11-18T11:34:48.899+0000] {dag.py:3036} INFO - Sync 1 DAGs
[2025-11-18T11:34:49.039+0000] {logging_mixin.py:188} INFO - [2025-11-18T11:34:49.039+0000] {dag.py:3823} INFO - Setting next_dagrun for create_audit_table to None, run_after=None
[2025-11-18T11:34:49.191+0000] {processor.py:183} INFO - Processing /opt/airflow/dags/create_audit_table.py took 1.323 seconds
[2025-11-18T11:35:19.699+0000] {processor.py:161} INFO - Started process (PID=24168) to work on /opt/airflow/dags/create_audit_table.py
[2025-11-18T11:35:19.705+0000] {processor.py:830} INFO - Processing file /opt/airflow/dags/create_audit_table.py for tasks to queue
[2025-11-18T11:35:19.719+0000] {logging_mixin.py:188} INFO - [2025-11-18T11:35:19.712+0000] {dagbag.py:538} INFO - Filling up the DagBag from /opt/airflow/dags/create_audit_table.py
[2025-11-18T11:35:19.874+0000] {processor.py:840} INFO - DAG(s) 'create_audit_table' retrieved from /opt/airflow/dags/create_audit_table.py
[2025-11-18T11:35:20.315+0000] {logging_mixin.py:188} INFO - [2025-11-18T11:35:20.315+0000] {dag.py:3036} INFO - Sync 1 DAGs
[2025-11-18T11:35:20.409+0000] {logging_mixin.py:188} INFO - [2025-11-18T11:35:20.409+0000] {dag.py:3823} INFO - Setting next_dagrun for create_audit_table to None, run_after=None
[2025-11-18T11:35:20.495+0000] {processor.py:183} INFO - Processing /opt/airflow/dags/create_audit_table.py took 0.865 seconds
[2025-11-18T11:35:51.461+0000] {processor.py:161} INFO - Started process (PID=24201) to work on /opt/airflow/dags/create_audit_table.py
[2025-11-18T11:35:51.463+0000] {processor.py:830} INFO - Processing file /opt/airflow/dags/create_audit_table.py for tasks to queue
[2025-11-18T11:35:51.464+0000] {logging_mixin.py:188} INFO - [2025-11-18T11:35:51.464+0000] {dagbag.py:538} INFO - Filling up the DagBag from /opt/airflow/dags/create_audit_table.py
[2025-11-18T11:35:51.484+0000] {processor.py:840} INFO - DAG(s) 'create_audit_table' retrieved from /opt/airflow/dags/create_audit_table.py
[2025-11-18T11:35:51.550+0000] {logging_mixin.py:188} INFO - [2025-11-18T11:35:51.549+0000] {dag.py:3036} INFO - Sync 1 DAGs
[2025-11-18T11:35:51.568+0000] {logging_mixin.py:188} INFO - [2025-11-18T11:35:51.567+0000] {dag.py:3823} INFO - Setting next_dagrun for create_audit_table to None, run_after=None
[2025-11-18T11:35:51.604+0000] {processor.py:183} INFO - Processing /opt/airflow/dags/create_audit_table.py took 0.147 seconds
[2025-11-18T11:36:22.887+0000] {processor.py:161} INFO - Started process (PID=24231) to work on /opt/airflow/dags/create_audit_table.py
[2025-11-18T11:36:22.894+0000] {processor.py:830} INFO - Processing file /opt/airflow/dags/create_audit_table.py for tasks to queue
[2025-11-18T11:36:22.915+0000] {logging_mixin.py:188} INFO - [2025-11-18T11:36:22.915+0000] {dagbag.py:538} INFO - Filling up the DagBag from /opt/airflow/dags/create_audit_table.py
[2025-11-18T11:36:23.032+0000] {processor.py:840} INFO - DAG(s) 'create_audit_table' retrieved from /opt/airflow/dags/create_audit_table.py
[2025-11-18T11:36:23.265+0000] {logging_mixin.py:188} INFO - [2025-11-18T11:36:23.264+0000] {dag.py:3036} INFO - Sync 1 DAGs
[2025-11-18T11:36:23.383+0000] {logging_mixin.py:188} INFO - [2025-11-18T11:36:23.382+0000] {dag.py:3823} INFO - Setting next_dagrun for create_audit_table to None, run_after=None
[2025-11-18T11:36:23.844+0000] {processor.py:183} INFO - Processing /opt/airflow/dags/create_audit_table.py took 1.010 seconds
[2025-11-18T11:36:54.847+0000] {processor.py:161} INFO - Started process (PID=24263) to work on /opt/airflow/dags/create_audit_table.py
[2025-11-18T11:36:54.849+0000] {processor.py:830} INFO - Processing file /opt/airflow/dags/create_audit_table.py for tasks to queue
[2025-11-18T11:36:54.850+0000] {logging_mixin.py:188} INFO - [2025-11-18T11:36:54.850+0000] {dagbag.py:538} INFO - Filling up the DagBag from /opt/airflow/dags/create_audit_table.py
[2025-11-18T11:36:54.865+0000] {processor.py:840} INFO - DAG(s) 'create_audit_table' retrieved from /opt/airflow/dags/create_audit_table.py
[2025-11-18T11:36:54.899+0000] {logging_mixin.py:188} INFO - [2025-11-18T11:36:54.899+0000] {dag.py:3036} INFO - Sync 1 DAGs
[2025-11-18T11:36:54.916+0000] {logging_mixin.py:188} INFO - [2025-11-18T11:36:54.916+0000] {dag.py:3823} INFO - Setting next_dagrun for create_audit_table to None, run_after=None
[2025-11-18T11:36:54.953+0000] {processor.py:183} INFO - Processing /opt/airflow/dags/create_audit_table.py took 0.109 seconds
[2025-11-18T11:37:25.100+0000] {processor.py:161} INFO - Started process (PID=24293) to work on /opt/airflow/dags/create_audit_table.py
[2025-11-18T11:37:25.102+0000] {processor.py:830} INFO - Processing file /opt/airflow/dags/create_audit_table.py for tasks to queue
[2025-11-18T11:37:25.104+0000] {logging_mixin.py:188} INFO - [2025-11-18T11:37:25.104+0000] {dagbag.py:538} INFO - Filling up the DagBag from /opt/airflow/dags/create_audit_table.py
[2025-11-18T11:37:25.139+0000] {processor.py:840} INFO - DAG(s) 'create_audit_table' retrieved from /opt/airflow/dags/create_audit_table.py
[2025-11-18T11:37:25.280+0000] {logging_mixin.py:188} INFO - [2025-11-18T11:37:25.279+0000] {dag.py:3036} INFO - Sync 1 DAGs
[2025-11-18T11:37:25.424+0000] {logging_mixin.py:188} INFO - [2025-11-18T11:37:25.424+0000] {dag.py:3823} INFO - Setting next_dagrun for create_audit_table to None, run_after=None
[2025-11-18T11:37:25.491+0000] {processor.py:183} INFO - Processing /opt/airflow/dags/create_audit_table.py took 0.398 seconds
[2025-11-18T11:37:56.129+0000] {processor.py:161} INFO - Started process (PID=24323) to work on /opt/airflow/dags/create_audit_table.py
[2025-11-18T11:37:56.131+0000] {processor.py:830} INFO - Processing file /opt/airflow/dags/create_audit_table.py for tasks to queue
[2025-11-18T11:37:56.135+0000] {logging_mixin.py:188} INFO - [2025-11-18T11:37:56.134+0000] {dagbag.py:538} INFO - Filling up the DagBag from /opt/airflow/dags/create_audit_table.py
[2025-11-18T11:37:56.191+0000] {processor.py:840} INFO - DAG(s) 'create_audit_table' retrieved from /opt/airflow/dags/create_audit_table.py
[2025-11-18T11:37:56.392+0000] {logging_mixin.py:188} INFO - [2025-11-18T11:37:56.392+0000] {dag.py:3036} INFO - Sync 1 DAGs
[2025-11-18T11:37:56.481+0000] {logging_mixin.py:188} INFO - [2025-11-18T11:37:56.481+0000] {dag.py:3823} INFO - Setting next_dagrun for create_audit_table to None, run_after=None
[2025-11-18T11:37:56.607+0000] {processor.py:183} INFO - Processing /opt/airflow/dags/create_audit_table.py took 0.484 seconds
[2025-11-18T11:38:26.765+0000] {processor.py:161} INFO - Started process (PID=24353) to work on /opt/airflow/dags/create_audit_table.py
[2025-11-18T11:38:26.767+0000] {processor.py:830} INFO - Processing file /opt/airflow/dags/create_audit_table.py for tasks to queue
[2025-11-18T11:38:26.768+0000] {logging_mixin.py:188} INFO - [2025-11-18T11:38:26.768+0000] {dagbag.py:538} INFO - Filling up the DagBag from /opt/airflow/dags/create_audit_table.py
[2025-11-18T11:38:26.795+0000] {processor.py:840} INFO - DAG(s) 'create_audit_table' retrieved from /opt/airflow/dags/create_audit_table.py
[2025-11-18T11:38:26.835+0000] {logging_mixin.py:188} INFO - [2025-11-18T11:38:26.835+0000] {dag.py:3036} INFO - Sync 1 DAGs
[2025-11-18T11:38:26.862+0000] {logging_mixin.py:188} INFO - [2025-11-18T11:38:26.862+0000] {dag.py:3823} INFO - Setting next_dagrun for create_audit_table to None, run_after=None
[2025-11-18T11:38:26.892+0000] {processor.py:183} INFO - Processing /opt/airflow/dags/create_audit_table.py took 0.131 seconds
[2025-11-18T11:38:57.201+0000] {processor.py:161} INFO - Started process (PID=24383) to work on /opt/airflow/dags/create_audit_table.py
[2025-11-18T11:38:57.203+0000] {processor.py:830} INFO - Processing file /opt/airflow/dags/create_audit_table.py for tasks to queue
[2025-11-18T11:38:57.214+0000] {logging_mixin.py:188} INFO - [2025-11-18T11:38:57.213+0000] {dagbag.py:538} INFO - Filling up the DagBag from /opt/airflow/dags/create_audit_table.py
[2025-11-18T11:38:57.249+0000] {processor.py:840} INFO - DAG(s) 'create_audit_table' retrieved from /opt/airflow/dags/create_audit_table.py
[2025-11-18T11:38:57.340+0000] {logging_mixin.py:188} INFO - [2025-11-18T11:38:57.339+0000] {dag.py:3036} INFO - Sync 1 DAGs
[2025-11-18T11:38:57.407+0000] {logging_mixin.py:188} INFO - [2025-11-18T11:38:57.403+0000] {dag.py:3823} INFO - Setting next_dagrun for create_audit_table to None, run_after=None
[2025-11-18T11:38:57.482+0000] {processor.py:183} INFO - Processing /opt/airflow/dags/create_audit_table.py took 0.287 seconds
[2025-11-18T11:39:28.426+0000] {processor.py:161} INFO - Started process (PID=24413) to work on /opt/airflow/dags/create_audit_table.py
[2025-11-18T11:39:28.428+0000] {processor.py:830} INFO - Processing file /opt/airflow/dags/create_audit_table.py for tasks to queue
[2025-11-18T11:39:28.429+0000] {logging_mixin.py:188} INFO - [2025-11-18T11:39:28.429+0000] {dagbag.py:538} INFO - Filling up the DagBag from /opt/airflow/dags/create_audit_table.py
[2025-11-18T11:39:29.452+0000] {processor.py:840} INFO - DAG(s) 'create_audit_table' retrieved from /opt/airflow/dags/create_audit_table.py
[2025-11-18T11:39:29.480+0000] {logging_mixin.py:188} INFO - [2025-11-18T11:39:29.480+0000] {dag.py:3036} INFO - Sync 1 DAGs
[2025-11-18T11:39:29.496+0000] {logging_mixin.py:188} INFO - [2025-11-18T11:39:29.494+0000] {dag.py:3823} INFO - Setting next_dagrun for create_audit_table to None, run_after=None
[2025-11-18T11:39:29.526+0000] {processor.py:183} INFO - Processing /opt/airflow/dags/create_audit_table.py took 1.105 seconds
[2025-11-18T11:40:03.096+0000] {processor.py:161} INFO - Started process (PID=24446) to work on /opt/airflow/dags/create_audit_table.py
[2025-11-18T11:40:03.122+0000] {processor.py:830} INFO - Processing file /opt/airflow/dags/create_audit_table.py for tasks to queue
[2025-11-18T11:40:03.127+0000] {logging_mixin.py:188} INFO - [2025-11-18T11:40:03.127+0000] {dagbag.py:538} INFO - Filling up the DagBag from /opt/airflow/dags/create_audit_table.py
[2025-11-18T11:40:04.780+0000] {processor.py:840} INFO - DAG(s) 'create_audit_table' retrieved from /opt/airflow/dags/create_audit_table.py
[2025-11-18T11:40:04.975+0000] {logging_mixin.py:188} INFO - [2025-11-18T11:40:04.975+0000] {dag.py:3036} INFO - Sync 1 DAGs
[2025-11-18T11:40:05.055+0000] {logging_mixin.py:188} INFO - [2025-11-18T11:40:05.054+0000] {dag.py:3823} INFO - Setting next_dagrun for create_audit_table to None, run_after=None
[2025-11-18T11:40:05.243+0000] {processor.py:183} INFO - Processing /opt/airflow/dags/create_audit_table.py took 2.205 seconds
[2025-11-18T11:40:37.184+0000] {processor.py:161} INFO - Started process (PID=24473) to work on /opt/airflow/dags/create_audit_table.py
[2025-11-18T11:40:37.198+0000] {processor.py:830} INFO - Processing file /opt/airflow/dags/create_audit_table.py for tasks to queue
[2025-11-18T11:40:37.202+0000] {logging_mixin.py:188} INFO - [2025-11-18T11:40:37.201+0000] {dagbag.py:538} INFO - Filling up the DagBag from /opt/airflow/dags/create_audit_table.py
[2025-11-18T11:40:37.386+0000] {processor.py:840} INFO - DAG(s) 'create_audit_table' retrieved from /opt/airflow/dags/create_audit_table.py
[2025-11-18T11:40:37.549+0000] {logging_mixin.py:188} INFO - [2025-11-18T11:40:37.549+0000] {dag.py:3036} INFO - Sync 1 DAGs
[2025-11-18T11:40:37.677+0000] {logging_mixin.py:188} INFO - [2025-11-18T11:40:37.677+0000] {dag.py:3823} INFO - Setting next_dagrun for create_audit_table to None, run_after=None
[2025-11-18T11:40:37.858+0000] {processor.py:183} INFO - Processing /opt/airflow/dags/create_audit_table.py took 0.681 seconds
[2025-11-18T11:41:08.024+0000] {processor.py:161} INFO - Started process (PID=24503) to work on /opt/airflow/dags/create_audit_table.py
[2025-11-18T11:41:08.026+0000] {processor.py:830} INFO - Processing file /opt/airflow/dags/create_audit_table.py for tasks to queue
[2025-11-18T11:41:08.027+0000] {logging_mixin.py:188} INFO - [2025-11-18T11:41:08.027+0000] {dagbag.py:538} INFO - Filling up the DagBag from /opt/airflow/dags/create_audit_table.py
[2025-11-18T11:41:08.046+0000] {processor.py:840} INFO - DAG(s) 'create_audit_table' retrieved from /opt/airflow/dags/create_audit_table.py
[2025-11-18T11:41:08.085+0000] {logging_mixin.py:188} INFO - [2025-11-18T11:41:08.085+0000] {dag.py:3036} INFO - Sync 1 DAGs
[2025-11-18T11:41:08.101+0000] {logging_mixin.py:188} INFO - [2025-11-18T11:41:08.101+0000] {dag.py:3823} INFO - Setting next_dagrun for create_audit_table to None, run_after=None
[2025-11-18T11:41:08.132+0000] {processor.py:183} INFO - Processing /opt/airflow/dags/create_audit_table.py took 0.112 seconds
[2025-11-18T11:41:38.734+0000] {processor.py:161} INFO - Started process (PID=24533) to work on /opt/airflow/dags/create_audit_table.py
[2025-11-18T11:41:38.739+0000] {processor.py:830} INFO - Processing file /opt/airflow/dags/create_audit_table.py for tasks to queue
[2025-11-18T11:41:38.741+0000] {logging_mixin.py:188} INFO - [2025-11-18T11:41:38.740+0000] {dagbag.py:538} INFO - Filling up the DagBag from /opt/airflow/dags/create_audit_table.py
[2025-11-18T11:41:39.766+0000] {processor.py:840} INFO - DAG(s) 'create_audit_table' retrieved from /opt/airflow/dags/create_audit_table.py
[2025-11-18T11:41:39.805+0000] {logging_mixin.py:188} INFO - [2025-11-18T11:41:39.805+0000] {dag.py:3036} INFO - Sync 1 DAGs
[2025-11-18T11:41:39.822+0000] {logging_mixin.py:188} INFO - [2025-11-18T11:41:39.822+0000] {dag.py:3823} INFO - Setting next_dagrun for create_audit_table to None, run_after=None
[2025-11-18T11:41:39.852+0000] {processor.py:183} INFO - Processing /opt/airflow/dags/create_audit_table.py took 1.125 seconds
[2025-11-18T11:42:10.257+0000] {processor.py:161} INFO - Started process (PID=24568) to work on /opt/airflow/dags/create_audit_table.py
[2025-11-18T11:42:10.266+0000] {processor.py:830} INFO - Processing file /opt/airflow/dags/create_audit_table.py for tasks to queue
[2025-11-18T11:42:10.273+0000] {logging_mixin.py:188} INFO - [2025-11-18T11:42:10.273+0000] {dagbag.py:538} INFO - Filling up the DagBag from /opt/airflow/dags/create_audit_table.py
[2025-11-18T11:42:10.495+0000] {processor.py:840} INFO - DAG(s) 'create_audit_table' retrieved from /opt/airflow/dags/create_audit_table.py
[2025-11-18T11:42:10.613+0000] {logging_mixin.py:188} INFO - [2025-11-18T11:42:10.612+0000] {dag.py:3036} INFO - Sync 1 DAGs
[2025-11-18T11:42:10.721+0000] {logging_mixin.py:188} INFO - [2025-11-18T11:42:10.721+0000] {dag.py:3823} INFO - Setting next_dagrun for create_audit_table to None, run_after=None
[2025-11-18T11:42:10.897+0000] {processor.py:183} INFO - Processing /opt/airflow/dags/create_audit_table.py took 0.645 seconds
[2025-11-18T11:42:43.344+0000] {processor.py:161} INFO - Started process (PID=24593) to work on /opt/airflow/dags/create_audit_table.py
[2025-11-18T11:42:43.347+0000] {processor.py:830} INFO - Processing file /opt/airflow/dags/create_audit_table.py for tasks to queue
[2025-11-18T11:42:43.359+0000] {logging_mixin.py:188} INFO - [2025-11-18T11:42:43.358+0000] {dagbag.py:538} INFO - Filling up the DagBag from /opt/airflow/dags/create_audit_table.py
[2025-11-18T11:42:43.453+0000] {processor.py:840} INFO - DAG(s) 'create_audit_table' retrieved from /opt/airflow/dags/create_audit_table.py
[2025-11-18T11:42:43.613+0000] {logging_mixin.py:188} INFO - [2025-11-18T11:42:43.612+0000] {dag.py:3036} INFO - Sync 1 DAGs
[2025-11-18T11:42:43.779+0000] {logging_mixin.py:188} INFO - [2025-11-18T11:42:43.779+0000] {dag.py:3823} INFO - Setting next_dagrun for create_audit_table to None, run_after=None
[2025-11-18T11:42:43.871+0000] {processor.py:183} INFO - Processing /opt/airflow/dags/create_audit_table.py took 0.537 seconds
[2025-11-18T11:43:14.345+0000] {processor.py:161} INFO - Started process (PID=24621) to work on /opt/airflow/dags/create_audit_table.py
[2025-11-18T11:43:14.347+0000] {processor.py:830} INFO - Processing file /opt/airflow/dags/create_audit_table.py for tasks to queue
[2025-11-18T11:43:14.349+0000] {logging_mixin.py:188} INFO - [2025-11-18T11:43:14.348+0000] {dagbag.py:538} INFO - Filling up the DagBag from /opt/airflow/dags/create_audit_table.py
[2025-11-18T11:43:14.383+0000] {processor.py:840} INFO - DAG(s) 'create_audit_table' retrieved from /opt/airflow/dags/create_audit_table.py
[2025-11-18T11:43:14.488+0000] {logging_mixin.py:188} INFO - [2025-11-18T11:43:14.488+0000] {dag.py:3036} INFO - Sync 1 DAGs
[2025-11-18T11:43:14.527+0000] {logging_mixin.py:188} INFO - [2025-11-18T11:43:14.527+0000] {dag.py:3823} INFO - Setting next_dagrun for create_audit_table to None, run_after=None
[2025-11-18T11:43:14.596+0000] {processor.py:183} INFO - Processing /opt/airflow/dags/create_audit_table.py took 0.256 seconds
[2025-11-18T11:43:45.032+0000] {processor.py:161} INFO - Started process (PID=24653) to work on /opt/airflow/dags/create_audit_table.py
[2025-11-18T11:43:45.033+0000] {processor.py:830} INFO - Processing file /opt/airflow/dags/create_audit_table.py for tasks to queue
[2025-11-18T11:43:45.035+0000] {logging_mixin.py:188} INFO - [2025-11-18T11:43:45.035+0000] {dagbag.py:538} INFO - Filling up the DagBag from /opt/airflow/dags/create_audit_table.py
[2025-11-18T11:43:45.057+0000] {processor.py:840} INFO - DAG(s) 'create_audit_table' retrieved from /opt/airflow/dags/create_audit_table.py
[2025-11-18T11:43:45.134+0000] {logging_mixin.py:188} INFO - [2025-11-18T11:43:45.133+0000] {dag.py:3036} INFO - Sync 1 DAGs
[2025-11-18T11:43:45.176+0000] {logging_mixin.py:188} INFO - [2025-11-18T11:43:45.176+0000] {dag.py:3823} INFO - Setting next_dagrun for create_audit_table to None, run_after=None
[2025-11-18T11:43:45.225+0000] {processor.py:183} INFO - Processing /opt/airflow/dags/create_audit_table.py took 0.199 seconds
[2025-11-18T11:44:16.802+0000] {processor.py:161} INFO - Started process (PID=24681) to work on /opt/airflow/dags/create_audit_table.py
[2025-11-18T11:44:16.806+0000] {processor.py:830} INFO - Processing file /opt/airflow/dags/create_audit_table.py for tasks to queue
[2025-11-18T11:44:16.816+0000] {logging_mixin.py:188} INFO - [2025-11-18T11:44:16.810+0000] {dagbag.py:538} INFO - Filling up the DagBag from /opt/airflow/dags/create_audit_table.py
[2025-11-18T11:44:17.070+0000] {processor.py:840} INFO - DAG(s) 'create_audit_table' retrieved from /opt/airflow/dags/create_audit_table.py
[2025-11-18T11:44:17.152+0000] {logging_mixin.py:188} INFO - [2025-11-18T11:44:17.151+0000] {dag.py:3036} INFO - Sync 1 DAGs
[2025-11-18T11:44:17.228+0000] {logging_mixin.py:188} INFO - [2025-11-18T11:44:17.228+0000] {dag.py:3823} INFO - Setting next_dagrun for create_audit_table to None, run_after=None
[2025-11-18T11:44:17.289+0000] {processor.py:183} INFO - Processing /opt/airflow/dags/create_audit_table.py took 0.493 seconds
[2025-11-18T11:44:47.501+0000] {processor.py:161} INFO - Started process (PID=24713) to work on /opt/airflow/dags/create_audit_table.py
[2025-11-18T11:44:47.502+0000] {processor.py:830} INFO - Processing file /opt/airflow/dags/create_audit_table.py for tasks to queue
[2025-11-18T11:44:47.503+0000] {logging_mixin.py:188} INFO - [2025-11-18T11:44:47.503+0000] {dagbag.py:538} INFO - Filling up the DagBag from /opt/airflow/dags/create_audit_table.py
[2025-11-18T11:44:47.520+0000] {processor.py:840} INFO - DAG(s) 'create_audit_table' retrieved from /opt/airflow/dags/create_audit_table.py
[2025-11-18T11:44:47.546+0000] {logging_mixin.py:188} INFO - [2025-11-18T11:44:47.546+0000] {dag.py:3036} INFO - Sync 1 DAGs
[2025-11-18T11:44:47.559+0000] {logging_mixin.py:188} INFO - [2025-11-18T11:44:47.558+0000] {dag.py:3823} INFO - Setting next_dagrun for create_audit_table to None, run_after=None
[2025-11-18T11:44:47.583+0000] {processor.py:183} INFO - Processing /opt/airflow/dags/create_audit_table.py took 0.086 seconds
[2025-11-18T11:45:22.255+0000] {processor.py:161} INFO - Started process (PID=24741) to work on /opt/airflow/dags/create_audit_table.py
[2025-11-18T11:45:22.259+0000] {processor.py:830} INFO - Processing file /opt/airflow/dags/create_audit_table.py for tasks to queue
[2025-11-18T11:45:22.261+0000] {logging_mixin.py:188} INFO - [2025-11-18T11:45:22.261+0000] {dagbag.py:538} INFO - Filling up the DagBag from /opt/airflow/dags/create_audit_table.py
[2025-11-18T11:45:22.716+0000] {processor.py:840} INFO - DAG(s) 'create_audit_table' retrieved from /opt/airflow/dags/create_audit_table.py
[2025-11-18T11:45:23.015+0000] {logging_mixin.py:188} INFO - [2025-11-18T11:45:23.014+0000] {dag.py:3036} INFO - Sync 1 DAGs
[2025-11-18T11:45:23.433+0000] {logging_mixin.py:188} INFO - [2025-11-18T11:45:23.432+0000] {dag.py:3823} INFO - Setting next_dagrun for create_audit_table to None, run_after=None
[2025-11-18T11:45:23.528+0000] {processor.py:183} INFO - Processing /opt/airflow/dags/create_audit_table.py took 1.286 seconds
[2025-11-18T11:46:03.034+0000] {processor.py:161} INFO - Started process (PID=24771) to work on /opt/airflow/dags/create_audit_table.py
[2025-11-18T11:46:03.038+0000] {processor.py:830} INFO - Processing file /opt/airflow/dags/create_audit_table.py for tasks to queue
[2025-11-18T11:46:03.047+0000] {logging_mixin.py:188} INFO - [2025-11-18T11:46:03.046+0000] {dagbag.py:538} INFO - Filling up the DagBag from /opt/airflow/dags/create_audit_table.py
[2025-11-18T11:46:03.090+0000] {processor.py:840} INFO - DAG(s) 'create_audit_table' retrieved from /opt/airflow/dags/create_audit_table.py
[2025-11-18T11:46:03.199+0000] {logging_mixin.py:188} INFO - [2025-11-18T11:46:03.189+0000] {dag.py:3036} INFO - Sync 1 DAGs
[2025-11-18T11:46:03.249+0000] {logging_mixin.py:188} INFO - [2025-11-18T11:46:03.248+0000] {dag.py:3823} INFO - Setting next_dagrun for create_audit_table to None, run_after=None
[2025-11-18T11:46:03.350+0000] {processor.py:183} INFO - Processing /opt/airflow/dags/create_audit_table.py took 0.325 seconds
[2025-11-18T11:46:35.443+0000] {processor.py:161} INFO - Started process (PID=24803) to work on /opt/airflow/dags/create_audit_table.py
[2025-11-18T11:46:35.461+0000] {processor.py:830} INFO - Processing file /opt/airflow/dags/create_audit_table.py for tasks to queue
[2025-11-18T11:46:35.661+0000] {logging_mixin.py:188} INFO - [2025-11-18T11:46:35.660+0000] {dagbag.py:538} INFO - Filling up the DagBag from /opt/airflow/dags/create_audit_table.py
[2025-11-18T11:46:35.998+0000] {processor.py:840} INFO - DAG(s) 'create_audit_table' retrieved from /opt/airflow/dags/create_audit_table.py
[2025-11-18T11:46:36.149+0000] {logging_mixin.py:188} INFO - [2025-11-18T11:46:36.149+0000] {dag.py:3036} INFO - Sync 1 DAGs
[2025-11-18T11:46:36.216+0000] {logging_mixin.py:188} INFO - [2025-11-18T11:46:36.216+0000] {dag.py:3823} INFO - Setting next_dagrun for create_audit_table to None, run_after=None
[2025-11-18T11:46:36.324+0000] {processor.py:183} INFO - Processing /opt/airflow/dags/create_audit_table.py took 0.888 seconds
[2025-11-18T11:47:06.975+0000] {processor.py:161} INFO - Started process (PID=24833) to work on /opt/airflow/dags/create_audit_table.py
[2025-11-18T11:47:06.983+0000] {processor.py:830} INFO - Processing file /opt/airflow/dags/create_audit_table.py for tasks to queue
[2025-11-18T11:47:06.993+0000] {logging_mixin.py:188} INFO - [2025-11-18T11:47:06.992+0000] {dagbag.py:538} INFO - Filling up the DagBag from /opt/airflow/dags/create_audit_table.py
[2025-11-18T11:47:07.086+0000] {processor.py:840} INFO - DAG(s) 'create_audit_table' retrieved from /opt/airflow/dags/create_audit_table.py
[2025-11-18T11:47:07.191+0000] {logging_mixin.py:188} INFO - [2025-11-18T11:47:07.190+0000] {dag.py:3036} INFO - Sync 1 DAGs
[2025-11-18T11:47:07.251+0000] {logging_mixin.py:188} INFO - [2025-11-18T11:47:07.250+0000] {dag.py:3823} INFO - Setting next_dagrun for create_audit_table to None, run_after=None
[2025-11-18T11:47:07.337+0000] {processor.py:183} INFO - Processing /opt/airflow/dags/create_audit_table.py took 0.367 seconds
[2025-11-18T11:47:39.511+0000] {processor.py:161} INFO - Started process (PID=24863) to work on /opt/airflow/dags/create_audit_table.py
[2025-11-18T11:47:39.517+0000] {processor.py:830} INFO - Processing file /opt/airflow/dags/create_audit_table.py for tasks to queue
[2025-11-18T11:47:39.532+0000] {logging_mixin.py:188} INFO - [2025-11-18T11:47:39.531+0000] {dagbag.py:538} INFO - Filling up the DagBag from /opt/airflow/dags/create_audit_table.py
[2025-11-18T11:47:39.837+0000] {processor.py:840} INFO - DAG(s) 'create_audit_table' retrieved from /opt/airflow/dags/create_audit_table.py
[2025-11-18T11:47:39.953+0000] {logging_mixin.py:188} INFO - [2025-11-18T11:47:39.952+0000] {dag.py:3036} INFO - Sync 1 DAGs
[2025-11-18T11:47:40.006+0000] {logging_mixin.py:188} INFO - [2025-11-18T11:47:40.004+0000] {dag.py:3823} INFO - Setting next_dagrun for create_audit_table to None, run_after=None
[2025-11-18T11:47:40.163+0000] {processor.py:183} INFO - Processing /opt/airflow/dags/create_audit_table.py took 0.685 seconds
[2025-11-18T11:48:22.798+0000] {processor.py:161} INFO - Started process (PID=24891) to work on /opt/airflow/dags/create_audit_table.py
[2025-11-18T11:48:22.821+0000] {processor.py:830} INFO - Processing file /opt/airflow/dags/create_audit_table.py for tasks to queue
[2025-11-18T11:48:22.827+0000] {logging_mixin.py:188} INFO - [2025-11-18T11:48:22.826+0000] {dagbag.py:538} INFO - Filling up the DagBag from /opt/airflow/dags/create_audit_table.py
[2025-11-18T11:48:23.198+0000] {processor.py:840} INFO - DAG(s) 'create_audit_table' retrieved from /opt/airflow/dags/create_audit_table.py
[2025-11-18T11:48:23.332+0000] {logging_mixin.py:188} INFO - [2025-11-18T11:48:23.331+0000] {dag.py:3036} INFO - Sync 1 DAGs
[2025-11-18T11:48:23.399+0000] {logging_mixin.py:188} INFO - [2025-11-18T11:48:23.399+0000] {dag.py:3823} INFO - Setting next_dagrun for create_audit_table to None, run_after=None
[2025-11-18T11:48:23.524+0000] {processor.py:183} INFO - Processing /opt/airflow/dags/create_audit_table.py took 0.733 seconds
[2025-11-18T11:49:00.878+0000] {processor.py:161} INFO - Started process (PID=24921) to work on /opt/airflow/dags/create_audit_table.py
[2025-11-18T11:49:00.984+0000] {processor.py:830} INFO - Processing file /opt/airflow/dags/create_audit_table.py for tasks to queue
[2025-11-18T11:49:01.187+0000] {logging_mixin.py:188} INFO - [2025-11-18T11:49:01.186+0000] {dagbag.py:538} INFO - Filling up the DagBag from /opt/airflow/dags/create_audit_table.py
[2025-11-18T11:49:02.811+0000] {processor.py:840} INFO - DAG(s) 'create_audit_table' retrieved from /opt/airflow/dags/create_audit_table.py
[2025-11-18T11:49:02.997+0000] {logging_mixin.py:188} INFO - [2025-11-18T11:49:02.997+0000] {dag.py:3036} INFO - Sync 1 DAGs
[2025-11-18T11:49:03.165+0000] {logging_mixin.py:188} INFO - [2025-11-18T11:49:03.165+0000] {dag.py:3823} INFO - Setting next_dagrun for create_audit_table to None, run_after=None
[2025-11-18T11:49:03.380+0000] {processor.py:183} INFO - Processing /opt/airflow/dags/create_audit_table.py took 2.498 seconds
[2025-11-18T11:49:35.160+0000] {processor.py:161} INFO - Started process (PID=24948) to work on /opt/airflow/dags/create_audit_table.py
[2025-11-18T11:49:35.406+0000] {processor.py:830} INFO - Processing file /opt/airflow/dags/create_audit_table.py for tasks to queue
[2025-11-18T11:49:35.606+0000] {logging_mixin.py:188} INFO - [2025-11-18T11:49:35.605+0000] {dagbag.py:538} INFO - Filling up the DagBag from /opt/airflow/dags/create_audit_table.py
[2025-11-18T11:49:38.369+0000] {processor.py:840} INFO - DAG(s) 'create_audit_table' retrieved from /opt/airflow/dags/create_audit_table.py
[2025-11-18T11:49:38.580+0000] {logging_mixin.py:188} INFO - [2025-11-18T11:49:38.580+0000] {dag.py:3036} INFO - Sync 1 DAGs
[2025-11-18T11:49:38.642+0000] {logging_mixin.py:188} INFO - [2025-11-18T11:49:38.633+0000] {dag.py:3823} INFO - Setting next_dagrun for create_audit_table to None, run_after=None
[2025-11-18T11:49:38.745+0000] {processor.py:183} INFO - Processing /opt/airflow/dags/create_audit_table.py took 3.591 seconds
[2025-11-18T11:50:28.318+0000] {processor.py:161} INFO - Started process (PID=24981) to work on /opt/airflow/dags/create_audit_table.py
[2025-11-18T11:50:28.546+0000] {processor.py:830} INFO - Processing file /opt/airflow/dags/create_audit_table.py for tasks to queue
[2025-11-18T11:50:28.646+0000] {logging_mixin.py:188} INFO - [2025-11-18T11:50:28.645+0000] {dagbag.py:538} INFO - Filling up the DagBag from /opt/airflow/dags/create_audit_table.py
[2025-11-18T11:50:30.277+0000] {processor.py:840} INFO - DAG(s) 'create_audit_table' retrieved from /opt/airflow/dags/create_audit_table.py
[2025-11-18T11:50:30.750+0000] {logging_mixin.py:188} INFO - [2025-11-18T11:50:30.749+0000] {dag.py:3036} INFO - Sync 1 DAGs
[2025-11-18T11:50:30.844+0000] {logging_mixin.py:188} INFO - [2025-11-18T11:50:30.833+0000] {dag.py:3823} INFO - Setting next_dagrun for create_audit_table to None, run_after=None
[2025-11-18T11:50:31.158+0000] {processor.py:183} INFO - Processing /opt/airflow/dags/create_audit_table.py took 2.871 seconds
[2025-11-18T11:51:03.632+0000] {processor.py:161} INFO - Started process (PID=25011) to work on /opt/airflow/dags/create_audit_table.py
[2025-11-18T11:51:03.651+0000] {processor.py:830} INFO - Processing file /opt/airflow/dags/create_audit_table.py for tasks to queue
[2025-11-18T11:51:03.672+0000] {logging_mixin.py:188} INFO - [2025-11-18T11:51:03.672+0000] {dagbag.py:538} INFO - Filling up the DagBag from /opt/airflow/dags/create_audit_table.py
[2025-11-18T11:51:03.830+0000] {processor.py:840} INFO - DAG(s) 'create_audit_table' retrieved from /opt/airflow/dags/create_audit_table.py
[2025-11-18T11:51:03.993+0000] {logging_mixin.py:188} INFO - [2025-11-18T11:51:03.992+0000] {dag.py:3036} INFO - Sync 1 DAGs
[2025-11-18T11:51:04.113+0000] {logging_mixin.py:188} INFO - [2025-11-18T11:51:04.113+0000] {dag.py:3823} INFO - Setting next_dagrun for create_audit_table to None, run_after=None
[2025-11-18T11:51:04.242+0000] {processor.py:183} INFO - Processing /opt/airflow/dags/create_audit_table.py took 0.620 seconds
[2025-11-18T11:51:39.937+0000] {processor.py:161} INFO - Started process (PID=25041) to work on /opt/airflow/dags/create_audit_table.py
[2025-11-18T11:51:39.971+0000] {processor.py:830} INFO - Processing file /opt/airflow/dags/create_audit_table.py for tasks to queue
[2025-11-18T11:51:39.990+0000] {logging_mixin.py:188} INFO - [2025-11-18T11:51:39.989+0000] {dagbag.py:538} INFO - Filling up the DagBag from /opt/airflow/dags/create_audit_table.py
[2025-11-18T11:51:40.198+0000] {processor.py:840} INFO - DAG(s) 'create_audit_table' retrieved from /opt/airflow/dags/create_audit_table.py
[2025-11-18T11:51:40.400+0000] {logging_mixin.py:188} INFO - [2025-11-18T11:51:40.398+0000] {dag.py:3036} INFO - Sync 1 DAGs
[2025-11-18T11:51:40.567+0000] {logging_mixin.py:188} INFO - [2025-11-18T11:51:40.566+0000] {dag.py:3823} INFO - Setting next_dagrun for create_audit_table to None, run_after=None
[2025-11-18T11:51:40.945+0000] {processor.py:183} INFO - Processing /opt/airflow/dags/create_audit_table.py took 1.028 seconds
[2025-11-18T11:52:18.883+0000] {processor.py:161} INFO - Started process (PID=25073) to work on /opt/airflow/dags/create_audit_table.py
[2025-11-18T11:52:18.896+0000] {processor.py:830} INFO - Processing file /opt/airflow/dags/create_audit_table.py for tasks to queue
[2025-11-18T11:52:18.910+0000] {logging_mixin.py:188} INFO - [2025-11-18T11:52:18.907+0000] {dagbag.py:538} INFO - Filling up the DagBag from /opt/airflow/dags/create_audit_table.py
[2025-11-18T11:52:19.169+0000] {processor.py:840} INFO - DAG(s) 'create_audit_table' retrieved from /opt/airflow/dags/create_audit_table.py
[2025-11-18T11:52:19.404+0000] {logging_mixin.py:188} INFO - [2025-11-18T11:52:19.400+0000] {dag.py:3036} INFO - Sync 1 DAGs
[2025-11-18T11:52:19.493+0000] {logging_mixin.py:188} INFO - [2025-11-18T11:52:19.492+0000] {dag.py:3823} INFO - Setting next_dagrun for create_audit_table to None, run_after=None
[2025-11-18T11:52:19.702+0000] {processor.py:183} INFO - Processing /opt/airflow/dags/create_audit_table.py took 0.841 seconds
[2025-11-18T11:52:51.261+0000] {processor.py:161} INFO - Started process (PID=25101) to work on /opt/airflow/dags/create_audit_table.py
[2025-11-18T11:52:51.268+0000] {processor.py:830} INFO - Processing file /opt/airflow/dags/create_audit_table.py for tasks to queue
[2025-11-18T11:52:51.274+0000] {logging_mixin.py:188} INFO - [2025-11-18T11:52:51.273+0000] {dagbag.py:538} INFO - Filling up the DagBag from /opt/airflow/dags/create_audit_table.py
[2025-11-18T11:52:51.371+0000] {processor.py:840} INFO - DAG(s) 'create_audit_table' retrieved from /opt/airflow/dags/create_audit_table.py
[2025-11-18T11:52:51.549+0000] {logging_mixin.py:188} INFO - [2025-11-18T11:52:51.548+0000] {dag.py:3036} INFO - Sync 1 DAGs
[2025-11-18T11:52:51.617+0000] {logging_mixin.py:188} INFO - [2025-11-18T11:52:51.616+0000] {dag.py:3823} INFO - Setting next_dagrun for create_audit_table to None, run_after=None
[2025-11-18T11:52:51.748+0000] {processor.py:183} INFO - Processing /opt/airflow/dags/create_audit_table.py took 0.494 seconds
[2025-11-18T11:53:22.110+0000] {processor.py:161} INFO - Started process (PID=25131) to work on /opt/airflow/dags/create_audit_table.py
[2025-11-18T11:53:22.122+0000] {processor.py:830} INFO - Processing file /opt/airflow/dags/create_audit_table.py for tasks to queue
[2025-11-18T11:53:22.125+0000] {logging_mixin.py:188} INFO - [2025-11-18T11:53:22.124+0000] {dagbag.py:538} INFO - Filling up the DagBag from /opt/airflow/dags/create_audit_table.py
[2025-11-18T11:53:22.226+0000] {processor.py:840} INFO - DAG(s) 'create_audit_table' retrieved from /opt/airflow/dags/create_audit_table.py
[2025-11-18T11:53:22.308+0000] {logging_mixin.py:188} INFO - [2025-11-18T11:53:22.308+0000] {dag.py:3036} INFO - Sync 1 DAGs
[2025-11-18T11:53:22.355+0000] {logging_mixin.py:188} INFO - [2025-11-18T11:53:22.354+0000] {dag.py:3823} INFO - Setting next_dagrun for create_audit_table to None, run_after=None
[2025-11-18T11:53:22.402+0000] {processor.py:183} INFO - Processing /opt/airflow/dags/create_audit_table.py took 0.304 seconds
[2025-11-18T11:53:52.829+0000] {processor.py:161} INFO - Started process (PID=25161) to work on /opt/airflow/dags/create_audit_table.py
[2025-11-18T11:53:52.841+0000] {processor.py:830} INFO - Processing file /opt/airflow/dags/create_audit_table.py for tasks to queue
[2025-11-18T11:53:52.843+0000] {logging_mixin.py:188} INFO - [2025-11-18T11:53:52.843+0000] {dagbag.py:538} INFO - Filling up the DagBag from /opt/airflow/dags/create_audit_table.py
[2025-11-18T11:53:52.915+0000] {processor.py:840} INFO - DAG(s) 'create_audit_table' retrieved from /opt/airflow/dags/create_audit_table.py
[2025-11-18T11:53:53.098+0000] {logging_mixin.py:188} INFO - [2025-11-18T11:53:53.098+0000] {dag.py:3036} INFO - Sync 1 DAGs
[2025-11-18T11:53:53.166+0000] {logging_mixin.py:188} INFO - [2025-11-18T11:53:53.165+0000] {dag.py:3823} INFO - Setting next_dagrun for create_audit_table to None, run_after=None
[2025-11-18T11:53:53.238+0000] {processor.py:183} INFO - Processing /opt/airflow/dags/create_audit_table.py took 0.414 seconds
[2025-11-18T11:54:23.666+0000] {processor.py:161} INFO - Started process (PID=25193) to work on /opt/airflow/dags/create_audit_table.py
[2025-11-18T11:54:23.681+0000] {processor.py:830} INFO - Processing file /opt/airflow/dags/create_audit_table.py for tasks to queue
[2025-11-18T11:54:23.696+0000] {logging_mixin.py:188} INFO - [2025-11-18T11:54:23.695+0000] {dagbag.py:538} INFO - Filling up the DagBag from /opt/airflow/dags/create_audit_table.py
[2025-11-18T11:54:23.843+0000] {processor.py:840} INFO - DAG(s) 'create_audit_table' retrieved from /opt/airflow/dags/create_audit_table.py
[2025-11-18T11:54:23.951+0000] {logging_mixin.py:188} INFO - [2025-11-18T11:54:23.951+0000] {dag.py:3036} INFO - Sync 1 DAGs
[2025-11-18T11:54:23.997+0000] {logging_mixin.py:188} INFO - [2025-11-18T11:54:23.997+0000] {dag.py:3823} INFO - Setting next_dagrun for create_audit_table to None, run_after=None
[2025-11-18T11:54:24.117+0000] {processor.py:183} INFO - Processing /opt/airflow/dags/create_audit_table.py took 0.456 seconds
[2025-11-18T11:54:54.428+0000] {processor.py:161} INFO - Started process (PID=25221) to work on /opt/airflow/dags/create_audit_table.py
[2025-11-18T11:54:54.450+0000] {processor.py:830} INFO - Processing file /opt/airflow/dags/create_audit_table.py for tasks to queue
[2025-11-18T11:54:54.463+0000] {logging_mixin.py:188} INFO - [2025-11-18T11:54:54.462+0000] {dagbag.py:538} INFO - Filling up the DagBag from /opt/airflow/dags/create_audit_table.py
[2025-11-18T11:54:54.567+0000] {processor.py:840} INFO - DAG(s) 'create_audit_table' retrieved from /opt/airflow/dags/create_audit_table.py
[2025-11-18T11:54:54.667+0000] {logging_mixin.py:188} INFO - [2025-11-18T11:54:54.666+0000] {dag.py:3036} INFO - Sync 1 DAGs
[2025-11-18T11:54:54.723+0000] {logging_mixin.py:188} INFO - [2025-11-18T11:54:54.715+0000] {dag.py:3823} INFO - Setting next_dagrun for create_audit_table to None, run_after=None
[2025-11-18T11:54:54.804+0000] {processor.py:183} INFO - Processing /opt/airflow/dags/create_audit_table.py took 0.382 seconds
[2025-11-18T11:55:27.119+0000] {processor.py:161} INFO - Started process (PID=25253) to work on /opt/airflow/dags/create_audit_table.py
[2025-11-18T11:55:27.122+0000] {processor.py:830} INFO - Processing file /opt/airflow/dags/create_audit_table.py for tasks to queue
[2025-11-18T11:55:27.125+0000] {logging_mixin.py:188} INFO - [2025-11-18T11:55:27.124+0000] {dagbag.py:538} INFO - Filling up the DagBag from /opt/airflow/dags/create_audit_table.py
[2025-11-18T11:55:27.265+0000] {processor.py:840} INFO - DAG(s) 'create_audit_table' retrieved from /opt/airflow/dags/create_audit_table.py
[2025-11-18T11:55:27.537+0000] {logging_mixin.py:188} INFO - [2025-11-18T11:55:27.527+0000] {dag.py:3036} INFO - Sync 1 DAGs
[2025-11-18T11:55:27.590+0000] {logging_mixin.py:188} INFO - [2025-11-18T11:55:27.589+0000] {dag.py:3823} INFO - Setting next_dagrun for create_audit_table to None, run_after=None
[2025-11-18T11:55:27.646+0000] {processor.py:183} INFO - Processing /opt/airflow/dags/create_audit_table.py took 0.532 seconds
[2025-11-18T11:55:58.407+0000] {processor.py:161} INFO - Started process (PID=25283) to work on /opt/airflow/dags/create_audit_table.py
[2025-11-18T11:55:58.409+0000] {processor.py:830} INFO - Processing file /opt/airflow/dags/create_audit_table.py for tasks to queue
[2025-11-18T11:55:58.410+0000] {logging_mixin.py:188} INFO - [2025-11-18T11:55:58.410+0000] {dagbag.py:538} INFO - Filling up the DagBag from /opt/airflow/dags/create_audit_table.py
[2025-11-18T11:55:58.435+0000] {processor.py:840} INFO - DAG(s) 'create_audit_table' retrieved from /opt/airflow/dags/create_audit_table.py
[2025-11-18T11:55:58.470+0000] {logging_mixin.py:188} INFO - [2025-11-18T11:55:58.469+0000] {dag.py:3036} INFO - Sync 1 DAGs
[2025-11-18T11:55:58.486+0000] {logging_mixin.py:188} INFO - [2025-11-18T11:55:58.486+0000] {dag.py:3823} INFO - Setting next_dagrun for create_audit_table to None, run_after=None
[2025-11-18T11:55:58.516+0000] {processor.py:183} INFO - Processing /opt/airflow/dags/create_audit_table.py took 0.114 seconds
[2025-11-18T11:56:28.730+0000] {processor.py:161} INFO - Started process (PID=25311) to work on /opt/airflow/dags/create_audit_table.py
[2025-11-18T11:56:28.732+0000] {processor.py:830} INFO - Processing file /opt/airflow/dags/create_audit_table.py for tasks to queue
[2025-11-18T11:56:28.734+0000] {logging_mixin.py:188} INFO - [2025-11-18T11:56:28.733+0000] {dagbag.py:538} INFO - Filling up the DagBag from /opt/airflow/dags/create_audit_table.py
[2025-11-18T11:56:28.756+0000] {processor.py:840} INFO - DAG(s) 'create_audit_table' retrieved from /opt/airflow/dags/create_audit_table.py
[2025-11-18T11:56:28.793+0000] {logging_mixin.py:188} INFO - [2025-11-18T11:56:28.793+0000] {dag.py:3036} INFO - Sync 1 DAGs
[2025-11-18T11:56:28.813+0000] {logging_mixin.py:188} INFO - [2025-11-18T11:56:28.813+0000] {dag.py:3823} INFO - Setting next_dagrun for create_audit_table to None, run_after=None
[2025-11-18T11:56:28.842+0000] {processor.py:183} INFO - Processing /opt/airflow/dags/create_audit_table.py took 0.116 seconds
[2025-11-18T11:56:59.426+0000] {processor.py:161} INFO - Started process (PID=25343) to work on /opt/airflow/dags/create_audit_table.py
[2025-11-18T11:56:59.431+0000] {processor.py:830} INFO - Processing file /opt/airflow/dags/create_audit_table.py for tasks to queue
[2025-11-18T11:56:59.439+0000] {logging_mixin.py:188} INFO - [2025-11-18T11:56:59.433+0000] {dagbag.py:538} INFO - Filling up the DagBag from /opt/airflow/dags/create_audit_table.py
[2025-11-18T11:56:59.470+0000] {processor.py:840} INFO - DAG(s) 'create_audit_table' retrieved from /opt/airflow/dags/create_audit_table.py
[2025-11-18T11:56:59.540+0000] {logging_mixin.py:188} INFO - [2025-11-18T11:56:59.539+0000] {dag.py:3036} INFO - Sync 1 DAGs
[2025-11-18T11:56:59.563+0000] {logging_mixin.py:188} INFO - [2025-11-18T11:56:59.563+0000] {dag.py:3823} INFO - Setting next_dagrun for create_audit_table to None, run_after=None
[2025-11-18T11:56:59.595+0000] {processor.py:183} INFO - Processing /opt/airflow/dags/create_audit_table.py took 0.174 seconds
[2025-11-18T11:57:30.019+0000] {processor.py:161} INFO - Started process (PID=25373) to work on /opt/airflow/dags/create_audit_table.py
[2025-11-18T11:57:30.021+0000] {processor.py:830} INFO - Processing file /opt/airflow/dags/create_audit_table.py for tasks to queue
[2025-11-18T11:57:30.023+0000] {logging_mixin.py:188} INFO - [2025-11-18T11:57:30.023+0000] {dagbag.py:538} INFO - Filling up the DagBag from /opt/airflow/dags/create_audit_table.py
[2025-11-18T11:57:30.043+0000] {processor.py:840} INFO - DAG(s) 'create_audit_table' retrieved from /opt/airflow/dags/create_audit_table.py
[2025-11-18T11:57:30.084+0000] {logging_mixin.py:188} INFO - [2025-11-18T11:57:30.083+0000] {dag.py:3036} INFO - Sync 1 DAGs
[2025-11-18T11:57:30.096+0000] {logging_mixin.py:188} INFO - [2025-11-18T11:57:30.096+0000] {dag.py:3823} INFO - Setting next_dagrun for create_audit_table to None, run_after=None
[2025-11-18T11:57:30.118+0000] {processor.py:183} INFO - Processing /opt/airflow/dags/create_audit_table.py took 0.102 seconds
[2025-11-18T11:58:00.931+0000] {processor.py:161} INFO - Started process (PID=25403) to work on /opt/airflow/dags/create_audit_table.py
[2025-11-18T11:58:00.936+0000] {processor.py:830} INFO - Processing file /opt/airflow/dags/create_audit_table.py for tasks to queue
[2025-11-18T11:58:00.939+0000] {logging_mixin.py:188} INFO - [2025-11-18T11:58:00.939+0000] {dagbag.py:538} INFO - Filling up the DagBag from /opt/airflow/dags/create_audit_table.py
[2025-11-18T11:58:00.975+0000] {processor.py:840} INFO - DAG(s) 'create_audit_table' retrieved from /opt/airflow/dags/create_audit_table.py
[2025-11-18T11:58:01.090+0000] {logging_mixin.py:188} INFO - [2025-11-18T11:58:01.090+0000] {dag.py:3036} INFO - Sync 1 DAGs
[2025-11-18T11:58:01.123+0000] {logging_mixin.py:188} INFO - [2025-11-18T11:58:01.122+0000] {dag.py:3823} INFO - Setting next_dagrun for create_audit_table to None, run_after=None
[2025-11-18T11:58:01.171+0000] {processor.py:183} INFO - Processing /opt/airflow/dags/create_audit_table.py took 0.246 seconds
[2025-11-18T11:58:31.911+0000] {processor.py:161} INFO - Started process (PID=25433) to work on /opt/airflow/dags/create_audit_table.py
[2025-11-18T11:58:31.913+0000] {processor.py:830} INFO - Processing file /opt/airflow/dags/create_audit_table.py for tasks to queue
[2025-11-18T11:58:31.916+0000] {logging_mixin.py:188} INFO - [2025-11-18T11:58:31.916+0000] {dagbag.py:538} INFO - Filling up the DagBag from /opt/airflow/dags/create_audit_table.py
[2025-11-18T11:58:31.935+0000] {processor.py:840} INFO - DAG(s) 'create_audit_table' retrieved from /opt/airflow/dags/create_audit_table.py
[2025-11-18T11:58:31.971+0000] {logging_mixin.py:188} INFO - [2025-11-18T11:58:31.971+0000] {dag.py:3036} INFO - Sync 1 DAGs
[2025-11-18T11:58:31.987+0000] {logging_mixin.py:188} INFO - [2025-11-18T11:58:31.987+0000] {dag.py:3823} INFO - Setting next_dagrun for create_audit_table to None, run_after=None
[2025-11-18T11:58:32.017+0000] {processor.py:183} INFO - Processing /opt/airflow/dags/create_audit_table.py took 0.109 seconds
[2025-11-18T11:59:03.029+0000] {processor.py:161} INFO - Started process (PID=25463) to work on /opt/airflow/dags/create_audit_table.py
[2025-11-18T11:59:03.031+0000] {processor.py:830} INFO - Processing file /opt/airflow/dags/create_audit_table.py for tasks to queue
[2025-11-18T11:59:03.033+0000] {logging_mixin.py:188} INFO - [2025-11-18T11:59:03.032+0000] {dagbag.py:538} INFO - Filling up the DagBag from /opt/airflow/dags/create_audit_table.py
[2025-11-18T11:59:03.052+0000] {processor.py:840} INFO - DAG(s) 'create_audit_table' retrieved from /opt/airflow/dags/create_audit_table.py
[2025-11-18T11:59:03.090+0000] {logging_mixin.py:188} INFO - [2025-11-18T11:59:03.090+0000] {dag.py:3036} INFO - Sync 1 DAGs
[2025-11-18T11:59:03.105+0000] {logging_mixin.py:188} INFO - [2025-11-18T11:59:03.105+0000] {dag.py:3823} INFO - Setting next_dagrun for create_audit_table to None, run_after=None
[2025-11-18T11:59:03.158+0000] {processor.py:183} INFO - Processing /opt/airflow/dags/create_audit_table.py took 0.134 seconds
[2025-11-18T11:59:33.434+0000] {processor.py:161} INFO - Started process (PID=25493) to work on /opt/airflow/dags/create_audit_table.py
[2025-11-18T11:59:33.438+0000] {processor.py:830} INFO - Processing file /opt/airflow/dags/create_audit_table.py for tasks to queue
[2025-11-18T11:59:33.441+0000] {logging_mixin.py:188} INFO - [2025-11-18T11:59:33.440+0000] {dagbag.py:538} INFO - Filling up the DagBag from /opt/airflow/dags/create_audit_table.py
[2025-11-18T11:59:33.472+0000] {processor.py:840} INFO - DAG(s) 'create_audit_table' retrieved from /opt/airflow/dags/create_audit_table.py
[2025-11-18T11:59:33.511+0000] {logging_mixin.py:188} INFO - [2025-11-18T11:59:33.511+0000] {dag.py:3036} INFO - Sync 1 DAGs
[2025-11-18T11:59:33.539+0000] {logging_mixin.py:188} INFO - [2025-11-18T11:59:33.535+0000] {dag.py:3823} INFO - Setting next_dagrun for create_audit_table to None, run_after=None
[2025-11-18T11:59:33.603+0000] {processor.py:183} INFO - Processing /opt/airflow/dags/create_audit_table.py took 0.174 seconds
[2025-11-18T12:00:04.779+0000] {processor.py:161} INFO - Started process (PID=25523) to work on /opt/airflow/dags/create_audit_table.py
[2025-11-18T12:00:04.781+0000] {processor.py:830} INFO - Processing file /opt/airflow/dags/create_audit_table.py for tasks to queue
[2025-11-18T12:00:04.783+0000] {logging_mixin.py:188} INFO - [2025-11-18T12:00:04.782+0000] {dagbag.py:538} INFO - Filling up the DagBag from /opt/airflow/dags/create_audit_table.py
[2025-11-18T12:00:04.805+0000] {processor.py:840} INFO - DAG(s) 'create_audit_table' retrieved from /opt/airflow/dags/create_audit_table.py
[2025-11-18T12:00:04.845+0000] {logging_mixin.py:188} INFO - [2025-11-18T12:00:04.845+0000] {dag.py:3036} INFO - Sync 1 DAGs
[2025-11-18T12:00:04.868+0000] {logging_mixin.py:188} INFO - [2025-11-18T12:00:04.867+0000] {dag.py:3823} INFO - Setting next_dagrun for create_audit_table to None, run_after=None
[2025-11-18T12:00:04.918+0000] {processor.py:183} INFO - Processing /opt/airflow/dags/create_audit_table.py took 0.145 seconds
[2025-11-18T12:00:38.030+0000] {processor.py:161} INFO - Started process (PID=25553) to work on /opt/airflow/dags/create_audit_table.py
[2025-11-18T12:00:38.032+0000] {processor.py:830} INFO - Processing file /opt/airflow/dags/create_audit_table.py for tasks to queue
[2025-11-18T12:00:38.034+0000] {logging_mixin.py:188} INFO - [2025-11-18T12:00:38.034+0000] {dagbag.py:538} INFO - Filling up the DagBag from /opt/airflow/dags/create_audit_table.py
[2025-11-18T12:00:38.103+0000] {processor.py:840} INFO - DAG(s) 'create_audit_table' retrieved from /opt/airflow/dags/create_audit_table.py
[2025-11-18T12:00:38.213+0000] {logging_mixin.py:188} INFO - [2025-11-18T12:00:38.213+0000] {dag.py:3036} INFO - Sync 1 DAGs
[2025-11-18T12:00:38.261+0000] {logging_mixin.py:188} INFO - [2025-11-18T12:00:38.260+0000] {dag.py:3823} INFO - Setting next_dagrun for create_audit_table to None, run_after=None
[2025-11-18T12:00:38.336+0000] {processor.py:183} INFO - Processing /opt/airflow/dags/create_audit_table.py took 0.313 seconds
[2025-11-18T12:01:08.646+0000] {processor.py:161} INFO - Started process (PID=25583) to work on /opt/airflow/dags/create_audit_table.py
[2025-11-18T12:01:08.651+0000] {processor.py:830} INFO - Processing file /opt/airflow/dags/create_audit_table.py for tasks to queue
[2025-11-18T12:01:08.655+0000] {logging_mixin.py:188} INFO - [2025-11-18T12:01:08.653+0000] {dagbag.py:538} INFO - Filling up the DagBag from /opt/airflow/dags/create_audit_table.py
[2025-11-18T12:01:08.787+0000] {processor.py:840} INFO - DAG(s) 'create_audit_table' retrieved from /opt/airflow/dags/create_audit_table.py
[2025-11-18T12:01:08.827+0000] {logging_mixin.py:188} INFO - [2025-11-18T12:01:08.826+0000] {dag.py:3036} INFO - Sync 1 DAGs
[2025-11-18T12:01:08.843+0000] {logging_mixin.py:188} INFO - [2025-11-18T12:01:08.843+0000] {dag.py:3823} INFO - Setting next_dagrun for create_audit_table to None, run_after=None
[2025-11-18T12:01:08.882+0000] {processor.py:183} INFO - Processing /opt/airflow/dags/create_audit_table.py took 0.241 seconds
[2025-11-18T12:01:39.578+0000] {processor.py:161} INFO - Started process (PID=25613) to work on /opt/airflow/dags/create_audit_table.py
[2025-11-18T12:01:39.626+0000] {processor.py:830} INFO - Processing file /opt/airflow/dags/create_audit_table.py for tasks to queue
[2025-11-18T12:01:39.641+0000] {logging_mixin.py:188} INFO - [2025-11-18T12:01:39.640+0000] {dagbag.py:538} INFO - Filling up the DagBag from /opt/airflow/dags/create_audit_table.py
[2025-11-18T12:01:40.035+0000] {processor.py:840} INFO - DAG(s) 'create_audit_table' retrieved from /opt/airflow/dags/create_audit_table.py
[2025-11-18T12:01:40.135+0000] {logging_mixin.py:188} INFO - [2025-11-18T12:01:40.134+0000] {dag.py:3036} INFO - Sync 1 DAGs
[2025-11-18T12:01:40.186+0000] {logging_mixin.py:188} INFO - [2025-11-18T12:01:40.186+0000] {dag.py:3823} INFO - Setting next_dagrun for create_audit_table to None, run_after=None
[2025-11-18T12:01:40.323+0000] {processor.py:183} INFO - Processing /opt/airflow/dags/create_audit_table.py took 0.750 seconds
[2025-11-18T12:02:11.974+0000] {processor.py:161} INFO - Started process (PID=25643) to work on /opt/airflow/dags/create_audit_table.py
[2025-11-18T12:02:11.982+0000] {processor.py:830} INFO - Processing file /opt/airflow/dags/create_audit_table.py for tasks to queue
[2025-11-18T12:02:11.997+0000] {logging_mixin.py:188} INFO - [2025-11-18T12:02:11.996+0000] {dagbag.py:538} INFO - Filling up the DagBag from /opt/airflow/dags/create_audit_table.py
[2025-11-18T12:02:12.352+0000] {processor.py:840} INFO - DAG(s) 'create_audit_table' retrieved from /opt/airflow/dags/create_audit_table.py
[2025-11-18T12:02:12.463+0000] {logging_mixin.py:188} INFO - [2025-11-18T12:02:12.462+0000] {dag.py:3036} INFO - Sync 1 DAGs
[2025-11-18T12:02:12.510+0000] {logging_mixin.py:188} INFO - [2025-11-18T12:02:12.501+0000] {dag.py:3823} INFO - Setting next_dagrun for create_audit_table to None, run_after=None
[2025-11-18T12:02:12.602+0000] {processor.py:183} INFO - Processing /opt/airflow/dags/create_audit_table.py took 0.633 seconds
[2025-11-18T12:02:42.843+0000] {processor.py:161} INFO - Started process (PID=25673) to work on /opt/airflow/dags/create_audit_table.py
[2025-11-18T12:02:42.846+0000] {processor.py:830} INFO - Processing file /opt/airflow/dags/create_audit_table.py for tasks to queue
[2025-11-18T12:02:42.848+0000] {logging_mixin.py:188} INFO - [2025-11-18T12:02:42.847+0000] {dagbag.py:538} INFO - Filling up the DagBag from /opt/airflow/dags/create_audit_table.py
[2025-11-18T12:02:42.873+0000] {processor.py:840} INFO - DAG(s) 'create_audit_table' retrieved from /opt/airflow/dags/create_audit_table.py
[2025-11-18T12:02:42.916+0000] {logging_mixin.py:188} INFO - [2025-11-18T12:02:42.916+0000] {dag.py:3036} INFO - Sync 1 DAGs
[2025-11-18T12:02:42.933+0000] {logging_mixin.py:188} INFO - [2025-11-18T12:02:42.933+0000] {dag.py:3823} INFO - Setting next_dagrun for create_audit_table to None, run_after=None
[2025-11-18T12:02:42.967+0000] {processor.py:183} INFO - Processing /opt/airflow/dags/create_audit_table.py took 0.131 seconds
[2025-11-18T12:03:13.026+0000] {processor.py:161} INFO - Started process (PID=25703) to work on /opt/airflow/dags/create_audit_table.py
[2025-11-18T12:03:13.027+0000] {processor.py:830} INFO - Processing file /opt/airflow/dags/create_audit_table.py for tasks to queue
[2025-11-18T12:03:13.028+0000] {logging_mixin.py:188} INFO - [2025-11-18T12:03:13.028+0000] {dagbag.py:538} INFO - Filling up the DagBag from /opt/airflow/dags/create_audit_table.py
[2025-11-18T12:03:13.042+0000] {processor.py:840} INFO - DAG(s) 'create_audit_table' retrieved from /opt/airflow/dags/create_audit_table.py
[2025-11-18T12:03:13.072+0000] {logging_mixin.py:188} INFO - [2025-11-18T12:03:13.072+0000] {dag.py:3036} INFO - Sync 1 DAGs
[2025-11-18T12:03:13.082+0000] {logging_mixin.py:188} INFO - [2025-11-18T12:03:13.082+0000] {dag.py:3823} INFO - Setting next_dagrun for create_audit_table to None, run_after=None
[2025-11-18T12:03:13.109+0000] {processor.py:183} INFO - Processing /opt/airflow/dags/create_audit_table.py took 0.086 seconds
[2025-11-18T12:03:43.500+0000] {processor.py:161} INFO - Started process (PID=25731) to work on /opt/airflow/dags/create_audit_table.py
[2025-11-18T12:03:43.502+0000] {processor.py:830} INFO - Processing file /opt/airflow/dags/create_audit_table.py for tasks to queue
[2025-11-18T12:03:43.504+0000] {logging_mixin.py:188} INFO - [2025-11-18T12:03:43.503+0000] {dagbag.py:538} INFO - Filling up the DagBag from /opt/airflow/dags/create_audit_table.py
[2025-11-18T12:03:43.526+0000] {processor.py:840} INFO - DAG(s) 'create_audit_table' retrieved from /opt/airflow/dags/create_audit_table.py
[2025-11-18T12:03:43.582+0000] {logging_mixin.py:188} INFO - [2025-11-18T12:03:43.582+0000] {dag.py:3036} INFO - Sync 1 DAGs
[2025-11-18T12:03:43.608+0000] {logging_mixin.py:188} INFO - [2025-11-18T12:03:43.607+0000] {dag.py:3823} INFO - Setting next_dagrun for create_audit_table to None, run_after=None
[2025-11-18T12:03:43.662+0000] {processor.py:183} INFO - Processing /opt/airflow/dags/create_audit_table.py took 0.174 seconds
[2025-11-18T12:04:14.177+0000] {processor.py:161} INFO - Started process (PID=25761) to work on /opt/airflow/dags/create_audit_table.py
[2025-11-18T12:04:14.179+0000] {processor.py:830} INFO - Processing file /opt/airflow/dags/create_audit_table.py for tasks to queue
[2025-11-18T12:04:14.183+0000] {logging_mixin.py:188} INFO - [2025-11-18T12:04:14.181+0000] {dagbag.py:538} INFO - Filling up the DagBag from /opt/airflow/dags/create_audit_table.py
[2025-11-18T12:04:14.212+0000] {processor.py:840} INFO - DAG(s) 'create_audit_table' retrieved from /opt/airflow/dags/create_audit_table.py
[2025-11-18T12:04:14.295+0000] {logging_mixin.py:188} INFO - [2025-11-18T12:04:14.294+0000] {dag.py:3036} INFO - Sync 1 DAGs
[2025-11-18T12:04:14.356+0000] {logging_mixin.py:188} INFO - [2025-11-18T12:04:14.355+0000] {dag.py:3823} INFO - Setting next_dagrun for create_audit_table to None, run_after=None
[2025-11-18T12:04:14.463+0000] {processor.py:183} INFO - Processing /opt/airflow/dags/create_audit_table.py took 0.292 seconds
[2025-11-18T12:04:45.580+0000] {processor.py:161} INFO - Started process (PID=25791) to work on /opt/airflow/dags/create_audit_table.py
[2025-11-18T12:04:45.583+0000] {processor.py:830} INFO - Processing file /opt/airflow/dags/create_audit_table.py for tasks to queue
[2025-11-18T12:04:45.585+0000] {logging_mixin.py:188} INFO - [2025-11-18T12:04:45.585+0000] {dagbag.py:538} INFO - Filling up the DagBag from /opt/airflow/dags/create_audit_table.py
[2025-11-18T12:04:45.649+0000] {processor.py:840} INFO - DAG(s) 'create_audit_table' retrieved from /opt/airflow/dags/create_audit_table.py
[2025-11-18T12:04:45.734+0000] {logging_mixin.py:188} INFO - [2025-11-18T12:04:45.733+0000] {dag.py:3036} INFO - Sync 1 DAGs
[2025-11-18T12:04:45.771+0000] {logging_mixin.py:188} INFO - [2025-11-18T12:04:45.771+0000] {dag.py:3823} INFO - Setting next_dagrun for create_audit_table to None, run_after=None
[2025-11-18T12:04:45.830+0000] {processor.py:183} INFO - Processing /opt/airflow/dags/create_audit_table.py took 0.262 seconds
[2025-11-18T12:05:16.543+0000] {processor.py:161} INFO - Started process (PID=25821) to work on /opt/airflow/dags/create_audit_table.py
[2025-11-18T12:05:16.544+0000] {processor.py:830} INFO - Processing file /opt/airflow/dags/create_audit_table.py for tasks to queue
[2025-11-18T12:05:16.545+0000] {logging_mixin.py:188} INFO - [2025-11-18T12:05:16.545+0000] {dagbag.py:538} INFO - Filling up the DagBag from /opt/airflow/dags/create_audit_table.py
[2025-11-18T12:05:16.564+0000] {processor.py:840} INFO - DAG(s) 'create_audit_table' retrieved from /opt/airflow/dags/create_audit_table.py
[2025-11-18T12:05:16.599+0000] {logging_mixin.py:188} INFO - [2025-11-18T12:05:16.599+0000] {dag.py:3036} INFO - Sync 1 DAGs
[2025-11-18T12:05:16.618+0000] {logging_mixin.py:188} INFO - [2025-11-18T12:05:16.617+0000] {dag.py:3823} INFO - Setting next_dagrun for create_audit_table to None, run_after=None
[2025-11-18T12:05:16.649+0000] {processor.py:183} INFO - Processing /opt/airflow/dags/create_audit_table.py took 0.113 seconds
[2025-11-18T12:05:47.017+0000] {processor.py:161} INFO - Started process (PID=25851) to work on /opt/airflow/dags/create_audit_table.py
[2025-11-18T12:05:47.019+0000] {processor.py:830} INFO - Processing file /opt/airflow/dags/create_audit_table.py for tasks to queue
[2025-11-18T12:05:47.024+0000] {logging_mixin.py:188} INFO - [2025-11-18T12:05:47.023+0000] {dagbag.py:538} INFO - Filling up the DagBag from /opt/airflow/dags/create_audit_table.py
[2025-11-18T12:05:47.048+0000] {processor.py:840} INFO - DAG(s) 'create_audit_table' retrieved from /opt/airflow/dags/create_audit_table.py
[2025-11-18T12:05:47.097+0000] {logging_mixin.py:188} INFO - [2025-11-18T12:05:47.096+0000] {dag.py:3036} INFO - Sync 1 DAGs
[2025-11-18T12:05:47.122+0000] {logging_mixin.py:188} INFO - [2025-11-18T12:05:47.121+0000] {dag.py:3823} INFO - Setting next_dagrun for create_audit_table to None, run_after=None
[2025-11-18T12:05:47.167+0000] {processor.py:183} INFO - Processing /opt/airflow/dags/create_audit_table.py took 0.157 seconds
[2025-11-18T12:06:17.640+0000] {processor.py:161} INFO - Started process (PID=25881) to work on /opt/airflow/dags/create_audit_table.py
[2025-11-18T12:06:17.643+0000] {processor.py:830} INFO - Processing file /opt/airflow/dags/create_audit_table.py for tasks to queue
[2025-11-18T12:06:17.647+0000] {logging_mixin.py:188} INFO - [2025-11-18T12:06:17.646+0000] {dagbag.py:538} INFO - Filling up the DagBag from /opt/airflow/dags/create_audit_table.py
[2025-11-18T12:06:17.676+0000] {processor.py:840} INFO - DAG(s) 'create_audit_table' retrieved from /opt/airflow/dags/create_audit_table.py
[2025-11-18T12:06:17.754+0000] {logging_mixin.py:188} INFO - [2025-11-18T12:06:17.754+0000] {dag.py:3036} INFO - Sync 1 DAGs
[2025-11-18T12:06:17.786+0000] {logging_mixin.py:188} INFO - [2025-11-18T12:06:17.785+0000] {dag.py:3823} INFO - Setting next_dagrun for create_audit_table to None, run_after=None
[2025-11-18T12:06:17.841+0000] {processor.py:183} INFO - Processing /opt/airflow/dags/create_audit_table.py took 0.207 seconds
[2025-11-18T12:06:54.412+0000] {processor.py:161} INFO - Started process (PID=25913) to work on /opt/airflow/dags/create_audit_table.py
[2025-11-18T12:06:54.419+0000] {processor.py:830} INFO - Processing file /opt/airflow/dags/create_audit_table.py for tasks to queue
[2025-11-18T12:06:54.423+0000] {logging_mixin.py:188} INFO - [2025-11-18T12:06:54.422+0000] {dagbag.py:538} INFO - Filling up the DagBag from /opt/airflow/dags/create_audit_table.py
[2025-11-18T12:06:54.450+0000] {processor.py:840} INFO - DAG(s) 'create_audit_table' retrieved from /opt/airflow/dags/create_audit_table.py
[2025-11-18T12:06:54.548+0000] {logging_mixin.py:188} INFO - [2025-11-18T12:06:54.547+0000] {dag.py:3036} INFO - Sync 1 DAGs
[2025-11-18T12:06:54.586+0000] {logging_mixin.py:188} INFO - [2025-11-18T12:06:54.585+0000] {dag.py:3823} INFO - Setting next_dagrun for create_audit_table to None, run_after=None
[2025-11-18T12:06:54.704+0000] {processor.py:183} INFO - Processing /opt/airflow/dags/create_audit_table.py took 0.301 seconds
[2025-11-18T12:07:24.851+0000] {processor.py:161} INFO - Started process (PID=25943) to work on /opt/airflow/dags/create_audit_table.py
[2025-11-18T12:07:24.852+0000] {processor.py:830} INFO - Processing file /opt/airflow/dags/create_audit_table.py for tasks to queue
[2025-11-18T12:07:24.853+0000] {logging_mixin.py:188} INFO - [2025-11-18T12:07:24.853+0000] {dagbag.py:538} INFO - Filling up the DagBag from /opt/airflow/dags/create_audit_table.py
[2025-11-18T12:07:24.869+0000] {processor.py:840} INFO - DAG(s) 'create_audit_table' retrieved from /opt/airflow/dags/create_audit_table.py
[2025-11-18T12:07:24.898+0000] {logging_mixin.py:188} INFO - [2025-11-18T12:07:24.898+0000] {dag.py:3036} INFO - Sync 1 DAGs
[2025-11-18T12:07:24.911+0000] {logging_mixin.py:188} INFO - [2025-11-18T12:07:24.910+0000] {dag.py:3823} INFO - Setting next_dagrun for create_audit_table to None, run_after=None
[2025-11-18T12:07:24.959+0000] {processor.py:183} INFO - Processing /opt/airflow/dags/create_audit_table.py took 0.112 seconds
[2025-11-18T12:07:55.241+0000] {processor.py:161} INFO - Started process (PID=25971) to work on /opt/airflow/dags/create_audit_table.py
[2025-11-18T12:07:55.248+0000] {processor.py:830} INFO - Processing file /opt/airflow/dags/create_audit_table.py for tasks to queue
[2025-11-18T12:07:55.254+0000] {logging_mixin.py:188} INFO - [2025-11-18T12:07:55.252+0000] {dagbag.py:538} INFO - Filling up the DagBag from /opt/airflow/dags/create_audit_table.py
[2025-11-18T12:07:55.287+0000] {processor.py:840} INFO - DAG(s) 'create_audit_table' retrieved from /opt/airflow/dags/create_audit_table.py
[2025-11-18T12:07:55.348+0000] {logging_mixin.py:188} INFO - [2025-11-18T12:07:55.348+0000] {dag.py:3036} INFO - Sync 1 DAGs
[2025-11-18T12:07:55.418+0000] {logging_mixin.py:188} INFO - [2025-11-18T12:07:55.410+0000] {dag.py:3823} INFO - Setting next_dagrun for create_audit_table to None, run_after=None
[2025-11-18T12:07:55.503+0000] {processor.py:183} INFO - Processing /opt/airflow/dags/create_audit_table.py took 0.267 seconds
[2025-11-18T12:08:25.837+0000] {processor.py:161} INFO - Started process (PID=26001) to work on /opt/airflow/dags/create_audit_table.py
[2025-11-18T12:08:25.842+0000] {processor.py:830} INFO - Processing file /opt/airflow/dags/create_audit_table.py for tasks to queue
[2025-11-18T12:08:25.845+0000] {logging_mixin.py:188} INFO - [2025-11-18T12:08:25.844+0000] {dagbag.py:538} INFO - Filling up the DagBag from /opt/airflow/dags/create_audit_table.py
[2025-11-18T12:08:25.880+0000] {processor.py:840} INFO - DAG(s) 'create_audit_table' retrieved from /opt/airflow/dags/create_audit_table.py
[2025-11-18T12:08:25.931+0000] {logging_mixin.py:188} INFO - [2025-11-18T12:08:25.930+0000] {dag.py:3036} INFO - Sync 1 DAGs
[2025-11-18T12:08:25.944+0000] {logging_mixin.py:188} INFO - [2025-11-18T12:08:25.943+0000] {dag.py:3823} INFO - Setting next_dagrun for create_audit_table to None, run_after=None
[2025-11-18T12:08:25.968+0000] {processor.py:183} INFO - Processing /opt/airflow/dags/create_audit_table.py took 0.136 seconds
[2025-11-18T12:08:56.102+0000] {processor.py:161} INFO - Started process (PID=26033) to work on /opt/airflow/dags/create_audit_table.py
[2025-11-18T12:08:56.104+0000] {processor.py:830} INFO - Processing file /opt/airflow/dags/create_audit_table.py for tasks to queue
[2025-11-18T12:08:56.105+0000] {logging_mixin.py:188} INFO - [2025-11-18T12:08:56.105+0000] {dagbag.py:538} INFO - Filling up the DagBag from /opt/airflow/dags/create_audit_table.py
[2025-11-18T12:08:56.123+0000] {processor.py:840} INFO - DAG(s) 'create_audit_table' retrieved from /opt/airflow/dags/create_audit_table.py
[2025-11-18T12:08:56.155+0000] {logging_mixin.py:188} INFO - [2025-11-18T12:08:56.154+0000] {dag.py:3036} INFO - Sync 1 DAGs
[2025-11-18T12:08:56.166+0000] {logging_mixin.py:188} INFO - [2025-11-18T12:08:56.166+0000] {dag.py:3823} INFO - Setting next_dagrun for create_audit_table to None, run_after=None
[2025-11-18T12:08:56.190+0000] {processor.py:183} INFO - Processing /opt/airflow/dags/create_audit_table.py took 0.093 seconds
[2025-11-18T12:09:29.459+0000] {processor.py:161} INFO - Started process (PID=26061) to work on /opt/airflow/dags/create_audit_table.py
[2025-11-18T12:09:29.462+0000] {processor.py:830} INFO - Processing file /opt/airflow/dags/create_audit_table.py for tasks to queue
[2025-11-18T12:09:29.473+0000] {logging_mixin.py:188} INFO - [2025-11-18T12:09:29.471+0000] {dagbag.py:538} INFO - Filling up the DagBag from /opt/airflow/dags/create_audit_table.py
[2025-11-18T12:09:29.511+0000] {processor.py:840} INFO - DAG(s) 'create_audit_table' retrieved from /opt/airflow/dags/create_audit_table.py
[2025-11-18T12:09:29.646+0000] {logging_mixin.py:188} INFO - [2025-11-18T12:09:29.645+0000] {dag.py:3036} INFO - Sync 1 DAGs
[2025-11-18T12:09:29.693+0000] {logging_mixin.py:188} INFO - [2025-11-18T12:09:29.692+0000] {dag.py:3823} INFO - Setting next_dagrun for create_audit_table to None, run_after=None
[2025-11-18T12:09:29.766+0000] {processor.py:183} INFO - Processing /opt/airflow/dags/create_audit_table.py took 0.319 seconds
[2025-11-18T12:10:00.627+0000] {processor.py:161} INFO - Started process (PID=26093) to work on /opt/airflow/dags/create_audit_table.py
[2025-11-18T12:10:00.629+0000] {processor.py:830} INFO - Processing file /opt/airflow/dags/create_audit_table.py for tasks to queue
[2025-11-18T12:10:00.632+0000] {logging_mixin.py:188} INFO - [2025-11-18T12:10:00.631+0000] {dagbag.py:538} INFO - Filling up the DagBag from /opt/airflow/dags/create_audit_table.py
[2025-11-18T12:10:00.692+0000] {processor.py:840} INFO - DAG(s) 'create_audit_table' retrieved from /opt/airflow/dags/create_audit_table.py
[2025-11-18T12:10:00.808+0000] {logging_mixin.py:188} INFO - [2025-11-18T12:10:00.808+0000] {dag.py:3036} INFO - Sync 1 DAGs
[2025-11-18T12:10:00.859+0000] {logging_mixin.py:188} INFO - [2025-11-18T12:10:00.858+0000] {dag.py:3823} INFO - Setting next_dagrun for create_audit_table to None, run_after=None
[2025-11-18T12:10:00.998+0000] {processor.py:183} INFO - Processing /opt/airflow/dags/create_audit_table.py took 0.386 seconds
[2025-11-18T12:10:31.295+0000] {processor.py:161} INFO - Started process (PID=26123) to work on /opt/airflow/dags/create_audit_table.py
[2025-11-18T12:10:31.297+0000] {processor.py:830} INFO - Processing file /opt/airflow/dags/create_audit_table.py for tasks to queue
[2025-11-18T12:10:31.301+0000] {logging_mixin.py:188} INFO - [2025-11-18T12:10:31.300+0000] {dagbag.py:538} INFO - Filling up the DagBag from /opt/airflow/dags/create_audit_table.py
[2025-11-18T12:10:31.353+0000] {processor.py:840} INFO - DAG(s) 'create_audit_table' retrieved from /opt/airflow/dags/create_audit_table.py
[2025-11-18T12:10:31.402+0000] {logging_mixin.py:188} INFO - [2025-11-18T12:10:31.402+0000] {dag.py:3036} INFO - Sync 1 DAGs
[2025-11-18T12:10:31.416+0000] {logging_mixin.py:188} INFO - [2025-11-18T12:10:31.416+0000] {dag.py:3823} INFO - Setting next_dagrun for create_audit_table to None, run_after=None
[2025-11-18T12:10:31.441+0000] {processor.py:183} INFO - Processing /opt/airflow/dags/create_audit_table.py took 0.153 seconds
[2025-11-18T12:11:01.818+0000] {processor.py:161} INFO - Started process (PID=26153) to work on /opt/airflow/dags/create_audit_table.py
[2025-11-18T12:11:01.819+0000] {processor.py:830} INFO - Processing file /opt/airflow/dags/create_audit_table.py for tasks to queue
[2025-11-18T12:11:01.820+0000] {logging_mixin.py:188} INFO - [2025-11-18T12:11:01.820+0000] {dagbag.py:538} INFO - Filling up the DagBag from /opt/airflow/dags/create_audit_table.py
[2025-11-18T12:11:01.834+0000] {processor.py:840} INFO - DAG(s) 'create_audit_table' retrieved from /opt/airflow/dags/create_audit_table.py
[2025-11-18T12:11:01.860+0000] {logging_mixin.py:188} INFO - [2025-11-18T12:11:01.860+0000] {dag.py:3036} INFO - Sync 1 DAGs
[2025-11-18T12:11:01.871+0000] {logging_mixin.py:188} INFO - [2025-11-18T12:11:01.870+0000] {dag.py:3823} INFO - Setting next_dagrun for create_audit_table to None, run_after=None
[2025-11-18T12:11:01.892+0000] {processor.py:183} INFO - Processing /opt/airflow/dags/create_audit_table.py took 0.078 seconds
[2025-11-18T12:11:32.784+0000] {processor.py:161} INFO - Started process (PID=26183) to work on /opt/airflow/dags/create_audit_table.py
[2025-11-18T12:11:32.785+0000] {processor.py:830} INFO - Processing file /opt/airflow/dags/create_audit_table.py for tasks to queue
[2025-11-18T12:11:32.787+0000] {logging_mixin.py:188} INFO - [2025-11-18T12:11:32.787+0000] {dagbag.py:538} INFO - Filling up the DagBag from /opt/airflow/dags/create_audit_table.py
[2025-11-18T12:11:32.802+0000] {processor.py:840} INFO - DAG(s) 'create_audit_table' retrieved from /opt/airflow/dags/create_audit_table.py
[2025-11-18T12:11:32.831+0000] {logging_mixin.py:188} INFO - [2025-11-18T12:11:32.831+0000] {dag.py:3036} INFO - Sync 1 DAGs
[2025-11-18T12:11:32.844+0000] {logging_mixin.py:188} INFO - [2025-11-18T12:11:32.844+0000] {dag.py:3823} INFO - Setting next_dagrun for create_audit_table to None, run_after=None
[2025-11-18T12:11:32.868+0000] {processor.py:183} INFO - Processing /opt/airflow/dags/create_audit_table.py took 0.090 seconds
[2025-11-18T12:12:03.085+0000] {processor.py:161} INFO - Started process (PID=26211) to work on /opt/airflow/dags/create_audit_table.py
[2025-11-18T12:12:03.086+0000] {processor.py:830} INFO - Processing file /opt/airflow/dags/create_audit_table.py for tasks to queue
[2025-11-18T12:12:03.087+0000] {logging_mixin.py:188} INFO - [2025-11-18T12:12:03.087+0000] {dagbag.py:538} INFO - Filling up the DagBag from /opt/airflow/dags/create_audit_table.py
[2025-11-18T12:12:03.099+0000] {processor.py:840} INFO - DAG(s) 'create_audit_table' retrieved from /opt/airflow/dags/create_audit_table.py
[2025-11-18T12:12:03.123+0000] {logging_mixin.py:188} INFO - [2025-11-18T12:12:03.122+0000] {dag.py:3036} INFO - Sync 1 DAGs
[2025-11-18T12:12:03.133+0000] {logging_mixin.py:188} INFO - [2025-11-18T12:12:03.133+0000] {dag.py:3823} INFO - Setting next_dagrun for create_audit_table to None, run_after=None
[2025-11-18T12:12:03.151+0000] {processor.py:183} INFO - Processing /opt/airflow/dags/create_audit_table.py took 0.070 seconds
[2025-11-18T12:12:34.131+0000] {processor.py:161} INFO - Started process (PID=26238) to work on /opt/airflow/dags/create_audit_table.py
[2025-11-18T12:12:34.134+0000] {processor.py:830} INFO - Processing file /opt/airflow/dags/create_audit_table.py for tasks to queue
[2025-11-18T12:12:34.136+0000] {logging_mixin.py:188} INFO - [2025-11-18T12:12:34.136+0000] {dagbag.py:538} INFO - Filling up the DagBag from /opt/airflow/dags/create_audit_table.py
[2025-11-18T12:12:34.157+0000] {processor.py:840} INFO - DAG(s) 'create_audit_table' retrieved from /opt/airflow/dags/create_audit_table.py
[2025-11-18T12:12:34.202+0000] {logging_mixin.py:188} INFO - [2025-11-18T12:12:34.201+0000] {dag.py:3036} INFO - Sync 1 DAGs
[2025-11-18T12:12:34.225+0000] {logging_mixin.py:188} INFO - [2025-11-18T12:12:34.224+0000] {dag.py:3823} INFO - Setting next_dagrun for create_audit_table to None, run_after=None
[2025-11-18T12:12:34.288+0000] {processor.py:183} INFO - Processing /opt/airflow/dags/create_audit_table.py took 0.162 seconds
[2025-11-18T12:13:04.563+0000] {processor.py:161} INFO - Started process (PID=26266) to work on /opt/airflow/dags/create_audit_table.py
[2025-11-18T12:13:04.565+0000] {processor.py:830} INFO - Processing file /opt/airflow/dags/create_audit_table.py for tasks to queue
[2025-11-18T12:13:04.567+0000] {logging_mixin.py:188} INFO - [2025-11-18T12:13:04.566+0000] {dagbag.py:538} INFO - Filling up the DagBag from /opt/airflow/dags/create_audit_table.py
[2025-11-18T12:13:04.584+0000] {processor.py:840} INFO - DAG(s) 'create_audit_table' retrieved from /opt/airflow/dags/create_audit_table.py
[2025-11-18T12:13:04.636+0000] {logging_mixin.py:188} INFO - [2025-11-18T12:13:04.636+0000] {dag.py:3036} INFO - Sync 1 DAGs
[2025-11-18T12:13:04.664+0000] {logging_mixin.py:188} INFO - [2025-11-18T12:13:04.661+0000] {dag.py:3823} INFO - Setting next_dagrun for create_audit_table to None, run_after=None
[2025-11-18T12:13:08.176+0000] {processor.py:183} INFO - Processing /opt/airflow/dags/create_audit_table.py took 3.617 seconds
[2025-11-18T12:13:41.231+0000] {processor.py:161} INFO - Started process (PID=26301) to work on /opt/airflow/dags/create_audit_table.py
[2025-11-18T12:13:41.240+0000] {processor.py:830} INFO - Processing file /opt/airflow/dags/create_audit_table.py for tasks to queue
[2025-11-18T12:13:41.248+0000] {logging_mixin.py:188} INFO - [2025-11-18T12:13:41.247+0000] {dagbag.py:538} INFO - Filling up the DagBag from /opt/airflow/dags/create_audit_table.py
[2025-11-18T12:13:41.317+0000] {processor.py:840} INFO - DAG(s) 'create_audit_table' retrieved from /opt/airflow/dags/create_audit_table.py
[2025-11-18T12:13:41.403+0000] {logging_mixin.py:188} INFO - [2025-11-18T12:13:41.402+0000] {dag.py:3036} INFO - Sync 1 DAGs
[2025-11-18T12:13:41.451+0000] {logging_mixin.py:188} INFO - [2025-11-18T12:13:41.451+0000] {dag.py:3823} INFO - Setting next_dagrun for create_audit_table to None, run_after=None
[2025-11-18T12:13:41.521+0000] {processor.py:183} INFO - Processing /opt/airflow/dags/create_audit_table.py took 0.296 seconds
[2025-11-18T12:14:13.170+0000] {processor.py:161} INFO - Started process (PID=26331) to work on /opt/airflow/dags/create_audit_table.py
[2025-11-18T12:14:13.175+0000] {processor.py:830} INFO - Processing file /opt/airflow/dags/create_audit_table.py for tasks to queue
[2025-11-18T12:14:13.184+0000] {logging_mixin.py:188} INFO - [2025-11-18T12:14:13.183+0000] {dagbag.py:538} INFO - Filling up the DagBag from /opt/airflow/dags/create_audit_table.py
[2025-11-18T12:14:13.601+0000] {processor.py:840} INFO - DAG(s) 'create_audit_table' retrieved from /opt/airflow/dags/create_audit_table.py
[2025-11-18T12:14:14.143+0000] {logging_mixin.py:188} INFO - [2025-11-18T12:14:14.143+0000] {dag.py:3036} INFO - Sync 1 DAGs
[2025-11-18T12:14:14.176+0000] {logging_mixin.py:188} INFO - [2025-11-18T12:14:14.175+0000] {dag.py:3823} INFO - Setting next_dagrun for create_audit_table to None, run_after=None
[2025-11-18T12:14:14.240+0000] {processor.py:183} INFO - Processing /opt/airflow/dags/create_audit_table.py took 1.075 seconds
[2025-11-18T12:14:44.880+0000] {processor.py:161} INFO - Started process (PID=26363) to work on /opt/airflow/dags/create_audit_table.py
[2025-11-18T12:14:44.882+0000] {processor.py:830} INFO - Processing file /opt/airflow/dags/create_audit_table.py for tasks to queue
[2025-11-18T12:14:44.884+0000] {logging_mixin.py:188} INFO - [2025-11-18T12:14:44.883+0000] {dagbag.py:538} INFO - Filling up the DagBag from /opt/airflow/dags/create_audit_table.py
[2025-11-18T12:14:44.901+0000] {processor.py:840} INFO - DAG(s) 'create_audit_table' retrieved from /opt/airflow/dags/create_audit_table.py
[2025-11-18T12:14:44.926+0000] {logging_mixin.py:188} INFO - [2025-11-18T12:14:44.925+0000] {dag.py:3036} INFO - Sync 1 DAGs
[2025-11-18T12:14:44.937+0000] {logging_mixin.py:188} INFO - [2025-11-18T12:14:44.936+0000] {dag.py:3823} INFO - Setting next_dagrun for create_audit_table to None, run_after=None
[2025-11-18T12:14:44.957+0000] {processor.py:183} INFO - Processing /opt/airflow/dags/create_audit_table.py took 0.080 seconds
[2025-11-18T12:15:15.462+0000] {processor.py:161} INFO - Started process (PID=26393) to work on /opt/airflow/dags/create_audit_table.py
[2025-11-18T12:15:15.464+0000] {processor.py:830} INFO - Processing file /opt/airflow/dags/create_audit_table.py for tasks to queue
[2025-11-18T12:15:15.465+0000] {logging_mixin.py:188} INFO - [2025-11-18T12:15:15.465+0000] {dagbag.py:538} INFO - Filling up the DagBag from /opt/airflow/dags/create_audit_table.py
[2025-11-18T12:15:15.480+0000] {processor.py:840} INFO - DAG(s) 'create_audit_table' retrieved from /opt/airflow/dags/create_audit_table.py
[2025-11-18T12:15:15.637+0000] {logging_mixin.py:188} INFO - [2025-11-18T12:15:15.636+0000] {dag.py:3036} INFO - Sync 1 DAGs
[2025-11-18T12:15:15.646+0000] {logging_mixin.py:188} INFO - [2025-11-18T12:15:15.646+0000] {dag.py:3823} INFO - Setting next_dagrun for create_audit_table to None, run_after=None
[2025-11-18T12:15:15.666+0000] {processor.py:183} INFO - Processing /opt/airflow/dags/create_audit_table.py took 0.208 seconds
[2025-11-18T12:15:46.141+0000] {processor.py:161} INFO - Started process (PID=26423) to work on /opt/airflow/dags/create_audit_table.py
[2025-11-18T12:15:46.143+0000] {processor.py:830} INFO - Processing file /opt/airflow/dags/create_audit_table.py for tasks to queue
[2025-11-18T12:15:46.145+0000] {logging_mixin.py:188} INFO - [2025-11-18T12:15:46.144+0000] {dagbag.py:538} INFO - Filling up the DagBag from /opt/airflow/dags/create_audit_table.py
[2025-11-18T12:15:46.165+0000] {processor.py:840} INFO - DAG(s) 'create_audit_table' retrieved from /opt/airflow/dags/create_audit_table.py
[2025-11-18T12:15:46.233+0000] {logging_mixin.py:188} INFO - [2025-11-18T12:15:46.232+0000] {dag.py:3036} INFO - Sync 1 DAGs
[2025-11-18T12:15:46.260+0000] {logging_mixin.py:188} INFO - [2025-11-18T12:15:46.260+0000] {dag.py:3823} INFO - Setting next_dagrun for create_audit_table to None, run_after=None
[2025-11-18T12:15:46.327+0000] {processor.py:183} INFO - Processing /opt/airflow/dags/create_audit_table.py took 0.191 seconds
[2025-11-18T12:16:16.468+0000] {processor.py:161} INFO - Started process (PID=26453) to work on /opt/airflow/dags/create_audit_table.py
[2025-11-18T12:16:16.470+0000] {processor.py:830} INFO - Processing file /opt/airflow/dags/create_audit_table.py for tasks to queue
[2025-11-18T12:16:16.472+0000] {logging_mixin.py:188} INFO - [2025-11-18T12:16:16.471+0000] {dagbag.py:538} INFO - Filling up the DagBag from /opt/airflow/dags/create_audit_table.py
[2025-11-18T12:16:16.490+0000] {processor.py:840} INFO - DAG(s) 'create_audit_table' retrieved from /opt/airflow/dags/create_audit_table.py
[2025-11-18T12:16:16.533+0000] {logging_mixin.py:188} INFO - [2025-11-18T12:16:16.532+0000] {dag.py:3036} INFO - Sync 1 DAGs
[2025-11-18T12:16:16.563+0000] {logging_mixin.py:188} INFO - [2025-11-18T12:16:16.563+0000] {dag.py:3823} INFO - Setting next_dagrun for create_audit_table to None, run_after=None
[2025-11-18T12:16:16.599+0000] {processor.py:183} INFO - Processing /opt/airflow/dags/create_audit_table.py took 0.135 seconds
[2025-11-18T12:16:47.748+0000] {processor.py:161} INFO - Started process (PID=26481) to work on /opt/airflow/dags/create_audit_table.py
[2025-11-18T12:16:47.752+0000] {processor.py:830} INFO - Processing file /opt/airflow/dags/create_audit_table.py for tasks to queue
[2025-11-18T12:16:47.754+0000] {logging_mixin.py:188} INFO - [2025-11-18T12:16:47.753+0000] {dagbag.py:538} INFO - Filling up the DagBag from /opt/airflow/dags/create_audit_table.py
[2025-11-18T12:16:47.774+0000] {processor.py:840} INFO - DAG(s) 'create_audit_table' retrieved from /opt/airflow/dags/create_audit_table.py
[2025-11-18T12:16:47.819+0000] {logging_mixin.py:188} INFO - [2025-11-18T12:16:47.818+0000] {dag.py:3036} INFO - Sync 1 DAGs
[2025-11-18T12:16:47.844+0000] {logging_mixin.py:188} INFO - [2025-11-18T12:16:47.844+0000] {dag.py:3823} INFO - Setting next_dagrun for create_audit_table to None, run_after=None
[2025-11-18T12:16:47.904+0000] {processor.py:183} INFO - Processing /opt/airflow/dags/create_audit_table.py took 0.160 seconds
[2025-11-18T12:17:18.833+0000] {processor.py:161} INFO - Started process (PID=26513) to work on /opt/airflow/dags/create_audit_table.py
[2025-11-18T12:17:18.835+0000] {processor.py:830} INFO - Processing file /opt/airflow/dags/create_audit_table.py for tasks to queue
[2025-11-18T12:17:18.836+0000] {logging_mixin.py:188} INFO - [2025-11-18T12:17:18.836+0000] {dagbag.py:538} INFO - Filling up the DagBag from /opt/airflow/dags/create_audit_table.py
[2025-11-18T12:17:18.879+0000] {processor.py:840} INFO - DAG(s) 'create_audit_table' retrieved from /opt/airflow/dags/create_audit_table.py
[2025-11-18T12:17:18.963+0000] {logging_mixin.py:188} INFO - [2025-11-18T12:17:18.952+0000] {dag.py:3036} INFO - Sync 1 DAGs
[2025-11-18T12:17:19.001+0000] {logging_mixin.py:188} INFO - [2025-11-18T12:17:19.000+0000] {dag.py:3823} INFO - Setting next_dagrun for create_audit_table to None, run_after=None
[2025-11-18T12:17:19.052+0000] {processor.py:183} INFO - Processing /opt/airflow/dags/create_audit_table.py took 0.223 seconds
[2025-11-18T12:17:51.192+0000] {processor.py:161} INFO - Started process (PID=26543) to work on /opt/airflow/dags/create_audit_table.py
[2025-11-18T12:17:51.194+0000] {processor.py:830} INFO - Processing file /opt/airflow/dags/create_audit_table.py for tasks to queue
[2025-11-18T12:17:51.195+0000] {logging_mixin.py:188} INFO - [2025-11-18T12:17:51.195+0000] {dagbag.py:538} INFO - Filling up the DagBag from /opt/airflow/dags/create_audit_table.py
[2025-11-18T12:17:51.217+0000] {processor.py:840} INFO - DAG(s) 'create_audit_table' retrieved from /opt/airflow/dags/create_audit_table.py
[2025-11-18T12:17:51.260+0000] {logging_mixin.py:188} INFO - [2025-11-18T12:17:51.259+0000] {dag.py:3036} INFO - Sync 1 DAGs
[2025-11-18T12:17:51.294+0000] {logging_mixin.py:188} INFO - [2025-11-18T12:17:51.293+0000] {dag.py:3823} INFO - Setting next_dagrun for create_audit_table to None, run_after=None
[2025-11-18T12:17:51.370+0000] {processor.py:183} INFO - Processing /opt/airflow/dags/create_audit_table.py took 0.181 seconds
[2025-11-18T12:18:21.470+0000] {processor.py:161} INFO - Started process (PID=26583) to work on /opt/airflow/dags/create_audit_table.py
[2025-11-18T12:18:21.472+0000] {processor.py:830} INFO - Processing file /opt/airflow/dags/create_audit_table.py for tasks to queue
[2025-11-18T12:18:21.473+0000] {logging_mixin.py:188} INFO - [2025-11-18T12:18:21.473+0000] {dagbag.py:538} INFO - Filling up the DagBag from /opt/airflow/dags/create_audit_table.py
[2025-11-18T12:18:21.486+0000] {processor.py:840} INFO - DAG(s) 'create_audit_table' retrieved from /opt/airflow/dags/create_audit_table.py
[2025-11-18T12:18:21.515+0000] {logging_mixin.py:188} INFO - [2025-11-18T12:18:21.515+0000] {dag.py:3036} INFO - Sync 1 DAGs
[2025-11-18T12:18:21.533+0000] {logging_mixin.py:188} INFO - [2025-11-18T12:18:21.533+0000] {dag.py:3823} INFO - Setting next_dagrun for create_audit_table to None, run_after=None
[2025-11-18T12:18:21.558+0000] {processor.py:183} INFO - Processing /opt/airflow/dags/create_audit_table.py took 0.092 seconds
[2025-11-18T12:18:52.099+0000] {processor.py:161} INFO - Started process (PID=26603) to work on /opt/airflow/dags/create_audit_table.py
[2025-11-18T12:18:52.100+0000] {processor.py:830} INFO - Processing file /opt/airflow/dags/create_audit_table.py for tasks to queue
[2025-11-18T12:18:52.102+0000] {logging_mixin.py:188} INFO - [2025-11-18T12:18:52.102+0000] {dagbag.py:538} INFO - Filling up the DagBag from /opt/airflow/dags/create_audit_table.py
[2025-11-18T12:18:52.121+0000] {processor.py:840} INFO - DAG(s) 'create_audit_table' retrieved from /opt/airflow/dags/create_audit_table.py
[2025-11-18T12:18:52.155+0000] {logging_mixin.py:188} INFO - [2025-11-18T12:18:52.154+0000] {dag.py:3036} INFO - Sync 1 DAGs
[2025-11-18T12:18:52.169+0000] {logging_mixin.py:188} INFO - [2025-11-18T12:18:52.168+0000] {dag.py:3823} INFO - Setting next_dagrun for create_audit_table to None, run_after=None
[2025-11-18T12:18:52.193+0000] {processor.py:183} INFO - Processing /opt/airflow/dags/create_audit_table.py took 0.099 seconds
[2025-11-18T12:19:23.060+0000] {processor.py:161} INFO - Started process (PID=26633) to work on /opt/airflow/dags/create_audit_table.py
[2025-11-18T12:19:23.062+0000] {processor.py:830} INFO - Processing file /opt/airflow/dags/create_audit_table.py for tasks to queue
[2025-11-18T12:19:23.064+0000] {logging_mixin.py:188} INFO - [2025-11-18T12:19:23.063+0000] {dagbag.py:538} INFO - Filling up the DagBag from /opt/airflow/dags/create_audit_table.py
[2025-11-18T12:19:23.084+0000] {processor.py:840} INFO - DAG(s) 'create_audit_table' retrieved from /opt/airflow/dags/create_audit_table.py
[2025-11-18T12:19:23.116+0000] {logging_mixin.py:188} INFO - [2025-11-18T12:19:23.115+0000] {dag.py:3036} INFO - Sync 1 DAGs
[2025-11-18T12:19:23.131+0000] {logging_mixin.py:188} INFO - [2025-11-18T12:19:23.131+0000] {dag.py:3823} INFO - Setting next_dagrun for create_audit_table to None, run_after=None
[2025-11-18T12:19:23.161+0000] {processor.py:183} INFO - Processing /opt/airflow/dags/create_audit_table.py took 0.109 seconds
[2025-11-18T12:19:53.982+0000] {processor.py:161} INFO - Started process (PID=26663) to work on /opt/airflow/dags/create_audit_table.py
[2025-11-18T12:19:53.984+0000] {processor.py:830} INFO - Processing file /opt/airflow/dags/create_audit_table.py for tasks to queue
[2025-11-18T12:19:53.985+0000] {logging_mixin.py:188} INFO - [2025-11-18T12:19:53.985+0000] {dagbag.py:538} INFO - Filling up the DagBag from /opt/airflow/dags/create_audit_table.py
[2025-11-18T12:19:54.067+0000] {processor.py:840} INFO - DAG(s) 'create_audit_table' retrieved from /opt/airflow/dags/create_audit_table.py
[2025-11-18T12:19:54.094+0000] {logging_mixin.py:188} INFO - [2025-11-18T12:19:54.094+0000] {dag.py:3036} INFO - Sync 1 DAGs
[2025-11-18T12:19:54.106+0000] {logging_mixin.py:188} INFO - [2025-11-18T12:19:54.106+0000] {dag.py:3823} INFO - Setting next_dagrun for create_audit_table to None, run_after=None
[2025-11-18T12:19:54.138+0000] {processor.py:183} INFO - Processing /opt/airflow/dags/create_audit_table.py took 0.161 seconds
[2025-11-18T12:20:24.451+0000] {processor.py:161} INFO - Started process (PID=26693) to work on /opt/airflow/dags/create_audit_table.py
[2025-11-18T12:20:24.454+0000] {processor.py:830} INFO - Processing file /opt/airflow/dags/create_audit_table.py for tasks to queue
[2025-11-18T12:20:24.456+0000] {logging_mixin.py:188} INFO - [2025-11-18T12:20:24.456+0000] {dagbag.py:538} INFO - Filling up the DagBag from /opt/airflow/dags/create_audit_table.py
[2025-11-18T12:20:24.504+0000] {processor.py:840} INFO - DAG(s) 'create_audit_table' retrieved from /opt/airflow/dags/create_audit_table.py
[2025-11-18T12:20:24.578+0000] {logging_mixin.py:188} INFO - [2025-11-18T12:20:24.577+0000] {dag.py:3036} INFO - Sync 1 DAGs
[2025-11-18T12:20:24.616+0000] {logging_mixin.py:188} INFO - [2025-11-18T12:20:24.615+0000] {dag.py:3823} INFO - Setting next_dagrun for create_audit_table to None, run_after=None
[2025-11-18T12:20:24.743+0000] {processor.py:183} INFO - Processing /opt/airflow/dags/create_audit_table.py took 0.297 seconds
[2025-11-18T12:20:54.981+0000] {processor.py:161} INFO - Started process (PID=26723) to work on /opt/airflow/dags/create_audit_table.py
[2025-11-18T12:20:54.984+0000] {processor.py:830} INFO - Processing file /opt/airflow/dags/create_audit_table.py for tasks to queue
[2025-11-18T12:20:54.988+0000] {logging_mixin.py:188} INFO - [2025-11-18T12:20:54.988+0000] {dagbag.py:538} INFO - Filling up the DagBag from /opt/airflow/dags/create_audit_table.py
[2025-11-18T12:20:55.010+0000] {processor.py:840} INFO - DAG(s) 'create_audit_table' retrieved from /opt/airflow/dags/create_audit_table.py
[2025-11-18T12:20:55.061+0000] {logging_mixin.py:188} INFO - [2025-11-18T12:20:55.061+0000] {dag.py:3036} INFO - Sync 1 DAGs
[2025-11-18T12:20:55.081+0000] {logging_mixin.py:188} INFO - [2025-11-18T12:20:55.081+0000] {dag.py:3823} INFO - Setting next_dagrun for create_audit_table to None, run_after=None
[2025-11-18T12:20:55.152+0000] {processor.py:183} INFO - Processing /opt/airflow/dags/create_audit_table.py took 0.176 seconds
[2025-11-18T12:21:25.338+0000] {processor.py:161} INFO - Started process (PID=26753) to work on /opt/airflow/dags/create_audit_table.py
[2025-11-18T12:21:25.339+0000] {processor.py:830} INFO - Processing file /opt/airflow/dags/create_audit_table.py for tasks to queue
[2025-11-18T12:21:25.341+0000] {logging_mixin.py:188} INFO - [2025-11-18T12:21:25.340+0000] {dagbag.py:538} INFO - Filling up the DagBag from /opt/airflow/dags/create_audit_table.py
[2025-11-18T12:21:25.363+0000] {processor.py:840} INFO - DAG(s) 'create_audit_table' retrieved from /opt/airflow/dags/create_audit_table.py
[2025-11-18T12:21:25.403+0000] {logging_mixin.py:188} INFO - [2025-11-18T12:21:25.403+0000] {dag.py:3036} INFO - Sync 1 DAGs
[2025-11-18T12:21:25.419+0000] {logging_mixin.py:188} INFO - [2025-11-18T12:21:25.419+0000] {dag.py:3823} INFO - Setting next_dagrun for create_audit_table to None, run_after=None
[2025-11-18T12:21:25.446+0000] {processor.py:183} INFO - Processing /opt/airflow/dags/create_audit_table.py took 0.112 seconds
[2025-11-18T12:21:55.777+0000] {processor.py:161} INFO - Started process (PID=26783) to work on /opt/airflow/dags/create_audit_table.py
[2025-11-18T12:21:55.781+0000] {processor.py:830} INFO - Processing file /opt/airflow/dags/create_audit_table.py for tasks to queue
[2025-11-18T12:21:55.785+0000] {logging_mixin.py:188} INFO - [2025-11-18T12:21:55.783+0000] {dagbag.py:538} INFO - Filling up the DagBag from /opt/airflow/dags/create_audit_table.py
[2025-11-18T12:21:55.855+0000] {processor.py:840} INFO - DAG(s) 'create_audit_table' retrieved from /opt/airflow/dags/create_audit_table.py
[2025-11-18T12:21:55.917+0000] {logging_mixin.py:188} INFO - [2025-11-18T12:21:55.917+0000] {dag.py:3036} INFO - Sync 1 DAGs
[2025-11-18T12:21:55.937+0000] {logging_mixin.py:188} INFO - [2025-11-18T12:21:55.936+0000] {dag.py:3823} INFO - Setting next_dagrun for create_audit_table to None, run_after=None
[2025-11-18T12:21:55.987+0000] {processor.py:183} INFO - Processing /opt/airflow/dags/create_audit_table.py took 0.216 seconds
[2025-11-18T12:22:26.249+0000] {processor.py:161} INFO - Started process (PID=26813) to work on /opt/airflow/dags/create_audit_table.py
[2025-11-18T12:22:26.252+0000] {processor.py:830} INFO - Processing file /opt/airflow/dags/create_audit_table.py for tasks to queue
[2025-11-18T12:22:26.255+0000] {logging_mixin.py:188} INFO - [2025-11-18T12:22:26.255+0000] {dagbag.py:538} INFO - Filling up the DagBag from /opt/airflow/dags/create_audit_table.py
[2025-11-18T12:22:26.279+0000] {processor.py:840} INFO - DAG(s) 'create_audit_table' retrieved from /opt/airflow/dags/create_audit_table.py
[2025-11-18T12:22:26.333+0000] {logging_mixin.py:188} INFO - [2025-11-18T12:22:26.332+0000] {dag.py:3036} INFO - Sync 1 DAGs
[2025-11-18T12:22:26.352+0000] {logging_mixin.py:188} INFO - [2025-11-18T12:22:26.351+0000] {dag.py:3823} INFO - Setting next_dagrun for create_audit_table to None, run_after=None
[2025-11-18T12:22:26.397+0000] {processor.py:183} INFO - Processing /opt/airflow/dags/create_audit_table.py took 0.153 seconds
[2025-11-18T12:22:57.405+0000] {processor.py:161} INFO - Started process (PID=26843) to work on /opt/airflow/dags/create_audit_table.py
[2025-11-18T12:22:57.412+0000] {processor.py:830} INFO - Processing file /opt/airflow/dags/create_audit_table.py for tasks to queue
[2025-11-18T12:22:57.421+0000] {logging_mixin.py:188} INFO - [2025-11-18T12:22:57.421+0000] {dagbag.py:538} INFO - Filling up the DagBag from /opt/airflow/dags/create_audit_table.py
[2025-11-18T12:22:57.508+0000] {processor.py:840} INFO - DAG(s) 'create_audit_table' retrieved from /opt/airflow/dags/create_audit_table.py
[2025-11-18T12:22:57.594+0000] {logging_mixin.py:188} INFO - [2025-11-18T12:22:57.594+0000] {dag.py:3036} INFO - Sync 1 DAGs
[2025-11-18T12:22:57.650+0000] {logging_mixin.py:188} INFO - [2025-11-18T12:22:57.650+0000] {dag.py:3823} INFO - Setting next_dagrun for create_audit_table to None, run_after=None
[2025-11-18T12:22:57.733+0000] {processor.py:183} INFO - Processing /opt/airflow/dags/create_audit_table.py took 0.333 seconds
[2025-11-18T12:23:28.130+0000] {processor.py:161} INFO - Started process (PID=26871) to work on /opt/airflow/dags/create_audit_table.py
[2025-11-18T12:23:28.132+0000] {processor.py:830} INFO - Processing file /opt/airflow/dags/create_audit_table.py for tasks to queue
[2025-11-18T12:23:28.135+0000] {logging_mixin.py:188} INFO - [2025-11-18T12:23:28.134+0000] {dagbag.py:538} INFO - Filling up the DagBag from /opt/airflow/dags/create_audit_table.py
[2025-11-18T12:23:28.181+0000] {processor.py:840} INFO - DAG(s) 'create_audit_table' retrieved from /opt/airflow/dags/create_audit_table.py
[2025-11-18T12:23:28.247+0000] {logging_mixin.py:188} INFO - [2025-11-18T12:23:28.242+0000] {dag.py:3036} INFO - Sync 1 DAGs
[2025-11-18T12:23:28.276+0000] {logging_mixin.py:188} INFO - [2025-11-18T12:23:28.276+0000] {dag.py:3823} INFO - Setting next_dagrun for create_audit_table to None, run_after=None
[2025-11-18T12:23:28.348+0000] {processor.py:183} INFO - Processing /opt/airflow/dags/create_audit_table.py took 0.234 seconds
[2025-11-18T12:23:58.963+0000] {processor.py:161} INFO - Started process (PID=26901) to work on /opt/airflow/dags/create_audit_table.py
[2025-11-18T12:23:58.965+0000] {processor.py:830} INFO - Processing file /opt/airflow/dags/create_audit_table.py for tasks to queue
[2025-11-18T12:23:58.967+0000] {logging_mixin.py:188} INFO - [2025-11-18T12:23:58.967+0000] {dagbag.py:538} INFO - Filling up the DagBag from /opt/airflow/dags/create_audit_table.py
[2025-11-18T12:23:58.984+0000] {processor.py:840} INFO - DAG(s) 'create_audit_table' retrieved from /opt/airflow/dags/create_audit_table.py
[2025-11-18T12:23:59.016+0000] {logging_mixin.py:188} INFO - [2025-11-18T12:23:59.016+0000] {dag.py:3036} INFO - Sync 1 DAGs
[2025-11-18T12:23:59.031+0000] {logging_mixin.py:188} INFO - [2025-11-18T12:23:59.031+0000] {dag.py:3823} INFO - Setting next_dagrun for create_audit_table to None, run_after=None
[2025-11-18T12:23:59.060+0000] {processor.py:183} INFO - Processing /opt/airflow/dags/create_audit_table.py took 0.101 seconds
[2025-11-18T12:24:29.754+0000] {processor.py:161} INFO - Started process (PID=26931) to work on /opt/airflow/dags/create_audit_table.py
[2025-11-18T12:24:29.766+0000] {processor.py:830} INFO - Processing file /opt/airflow/dags/create_audit_table.py for tasks to queue
[2025-11-18T12:24:29.772+0000] {logging_mixin.py:188} INFO - [2025-11-18T12:24:29.771+0000] {dagbag.py:538} INFO - Filling up the DagBag from /opt/airflow/dags/create_audit_table.py
[2025-11-18T12:24:29.910+0000] {processor.py:840} INFO - DAG(s) 'create_audit_table' retrieved from /opt/airflow/dags/create_audit_table.py
[2025-11-18T12:24:30.020+0000] {logging_mixin.py:188} INFO - [2025-11-18T12:24:30.019+0000] {dag.py:3036} INFO - Sync 1 DAGs
[2025-11-18T12:24:30.089+0000] {logging_mixin.py:188} INFO - [2025-11-18T12:24:30.089+0000] {dag.py:3823} INFO - Setting next_dagrun for create_audit_table to None, run_after=None
[2025-11-18T12:24:30.336+0000] {processor.py:183} INFO - Processing /opt/airflow/dags/create_audit_table.py took 0.587 seconds
[2025-11-18T12:25:02.450+0000] {processor.py:161} INFO - Started process (PID=26961) to work on /opt/airflow/dags/create_audit_table.py
[2025-11-18T12:25:02.452+0000] {processor.py:830} INFO - Processing file /opt/airflow/dags/create_audit_table.py for tasks to queue
[2025-11-18T12:25:02.463+0000] {logging_mixin.py:188} INFO - [2025-11-18T12:25:02.463+0000] {dagbag.py:538} INFO - Filling up the DagBag from /opt/airflow/dags/create_audit_table.py
[2025-11-18T12:25:02.537+0000] {processor.py:840} INFO - DAG(s) 'create_audit_table' retrieved from /opt/airflow/dags/create_audit_table.py
[2025-11-18T12:25:02.650+0000] {logging_mixin.py:188} INFO - [2025-11-18T12:25:02.649+0000] {dag.py:3036} INFO - Sync 1 DAGs
[2025-11-18T12:25:02.712+0000] {logging_mixin.py:188} INFO - [2025-11-18T12:25:02.712+0000] {dag.py:3823} INFO - Setting next_dagrun for create_audit_table to None, run_after=None
[2025-11-18T12:25:02.792+0000] {processor.py:183} INFO - Processing /opt/airflow/dags/create_audit_table.py took 0.349 seconds
[2025-11-18T12:25:35.858+0000] {processor.py:161} INFO - Started process (PID=26993) to work on /opt/airflow/dags/create_audit_table.py
[2025-11-18T12:25:35.866+0000] {processor.py:830} INFO - Processing file /opt/airflow/dags/create_audit_table.py for tasks to queue
[2025-11-18T12:25:35.871+0000] {logging_mixin.py:188} INFO - [2025-11-18T12:25:35.870+0000] {dagbag.py:538} INFO - Filling up the DagBag from /opt/airflow/dags/create_audit_table.py
[2025-11-18T12:25:36.117+0000] {processor.py:840} INFO - DAG(s) 'create_audit_table' retrieved from /opt/airflow/dags/create_audit_table.py
[2025-11-18T12:25:36.385+0000] {logging_mixin.py:188} INFO - [2025-11-18T12:25:36.384+0000] {dag.py:3036} INFO - Sync 1 DAGs
[2025-11-18T12:25:36.431+0000] {logging_mixin.py:188} INFO - [2025-11-18T12:25:36.424+0000] {dag.py:3823} INFO - Setting next_dagrun for create_audit_table to None, run_after=None
[2025-11-18T12:25:36.509+0000] {processor.py:183} INFO - Processing /opt/airflow/dags/create_audit_table.py took 0.663 seconds
[2025-11-18T12:26:08.883+0000] {processor.py:161} INFO - Started process (PID=27023) to work on /opt/airflow/dags/create_audit_table.py
[2025-11-18T12:26:08.958+0000] {processor.py:830} INFO - Processing file /opt/airflow/dags/create_audit_table.py for tasks to queue
[2025-11-18T12:26:09.413+0000] {logging_mixin.py:188} INFO - [2025-11-18T12:26:09.413+0000] {dagbag.py:538} INFO - Filling up the DagBag from /opt/airflow/dags/create_audit_table.py
[2025-11-18T12:26:10.970+0000] {processor.py:840} INFO - DAG(s) 'create_audit_table' retrieved from /opt/airflow/dags/create_audit_table.py
[2025-11-18T12:26:11.208+0000] {logging_mixin.py:188} INFO - [2025-11-18T12:26:11.208+0000] {dag.py:3036} INFO - Sync 1 DAGs
[2025-11-18T12:26:13.084+0000] {logging_mixin.py:188} INFO - [2025-11-18T12:26:13.083+0000] {dag.py:3823} INFO - Setting next_dagrun for create_audit_table to None, run_after=None
[2025-11-18T12:26:13.496+0000] {processor.py:183} INFO - Processing /opt/airflow/dags/create_audit_table.py took 4.620 seconds
[2025-11-18T12:26:44.041+0000] {processor.py:161} INFO - Started process (PID=27053) to work on /opt/airflow/dags/create_audit_table.py
[2025-11-18T12:26:44.042+0000] {processor.py:830} INFO - Processing file /opt/airflow/dags/create_audit_table.py for tasks to queue
[2025-11-18T12:26:44.043+0000] {logging_mixin.py:188} INFO - [2025-11-18T12:26:44.043+0000] {dagbag.py:538} INFO - Filling up the DagBag from /opt/airflow/dags/create_audit_table.py
[2025-11-18T12:26:44.059+0000] {processor.py:840} INFO - DAG(s) 'create_audit_table' retrieved from /opt/airflow/dags/create_audit_table.py
[2025-11-18T12:26:44.220+0000] {logging_mixin.py:188} INFO - [2025-11-18T12:26:44.220+0000] {dag.py:3036} INFO - Sync 1 DAGs
[2025-11-18T12:26:44.249+0000] {logging_mixin.py:188} INFO - [2025-11-18T12:26:44.248+0000] {dag.py:3823} INFO - Setting next_dagrun for create_audit_table to None, run_after=None
[2025-11-18T12:26:44.308+0000] {processor.py:183} INFO - Processing /opt/airflow/dags/create_audit_table.py took 0.271 seconds
[2025-11-18T12:27:14.551+0000] {processor.py:161} INFO - Started process (PID=27083) to work on /opt/airflow/dags/create_audit_table.py
[2025-11-18T12:27:14.553+0000] {processor.py:830} INFO - Processing file /opt/airflow/dags/create_audit_table.py for tasks to queue
[2025-11-18T12:27:14.554+0000] {logging_mixin.py:188} INFO - [2025-11-18T12:27:14.554+0000] {dagbag.py:538} INFO - Filling up the DagBag from /opt/airflow/dags/create_audit_table.py
[2025-11-18T12:27:14.586+0000] {processor.py:840} INFO - DAG(s) 'create_audit_table' retrieved from /opt/airflow/dags/create_audit_table.py
[2025-11-18T12:27:14.619+0000] {logging_mixin.py:188} INFO - [2025-11-18T12:27:14.618+0000] {dag.py:3036} INFO - Sync 1 DAGs
[2025-11-18T12:27:14.632+0000] {logging_mixin.py:188} INFO - [2025-11-18T12:27:14.631+0000] {dag.py:3823} INFO - Setting next_dagrun for create_audit_table to None, run_after=None
[2025-11-18T12:27:14.669+0000] {processor.py:183} INFO - Processing /opt/airflow/dags/create_audit_table.py took 0.122 seconds
[2025-11-18T12:27:45.448+0000] {processor.py:161} INFO - Started process (PID=27113) to work on /opt/airflow/dags/create_audit_table.py
[2025-11-18T12:27:45.450+0000] {processor.py:830} INFO - Processing file /opt/airflow/dags/create_audit_table.py for tasks to queue
[2025-11-18T12:27:45.453+0000] {logging_mixin.py:188} INFO - [2025-11-18T12:27:45.452+0000] {dagbag.py:538} INFO - Filling up the DagBag from /opt/airflow/dags/create_audit_table.py
[2025-11-18T12:27:45.480+0000] {processor.py:840} INFO - DAG(s) 'create_audit_table' retrieved from /opt/airflow/dags/create_audit_table.py
[2025-11-18T12:27:45.535+0000] {logging_mixin.py:188} INFO - [2025-11-18T12:27:45.535+0000] {dag.py:3036} INFO - Sync 1 DAGs
[2025-11-18T12:27:45.560+0000] {logging_mixin.py:188} INFO - [2025-11-18T12:27:45.560+0000] {dag.py:3823} INFO - Setting next_dagrun for create_audit_table to None, run_after=None
[2025-11-18T12:27:45.599+0000] {processor.py:183} INFO - Processing /opt/airflow/dags/create_audit_table.py took 0.155 seconds
[2025-11-18T12:28:16.368+0000] {processor.py:161} INFO - Started process (PID=27143) to work on /opt/airflow/dags/create_audit_table.py
[2025-11-18T12:28:16.370+0000] {processor.py:830} INFO - Processing file /opt/airflow/dags/create_audit_table.py for tasks to queue
[2025-11-18T12:28:16.371+0000] {logging_mixin.py:188} INFO - [2025-11-18T12:28:16.371+0000] {dagbag.py:538} INFO - Filling up the DagBag from /opt/airflow/dags/create_audit_table.py
[2025-11-18T12:28:16.396+0000] {processor.py:840} INFO - DAG(s) 'create_audit_table' retrieved from /opt/airflow/dags/create_audit_table.py
[2025-11-18T12:28:16.426+0000] {logging_mixin.py:188} INFO - [2025-11-18T12:28:16.425+0000] {dag.py:3036} INFO - Sync 1 DAGs
[2025-11-18T12:28:16.438+0000] {logging_mixin.py:188} INFO - [2025-11-18T12:28:16.438+0000] {dag.py:3823} INFO - Setting next_dagrun for create_audit_table to None, run_after=None
[2025-11-18T12:28:16.465+0000] {processor.py:183} INFO - Processing /opt/airflow/dags/create_audit_table.py took 0.100 seconds
[2025-11-18T12:28:47.447+0000] {processor.py:161} INFO - Started process (PID=27173) to work on /opt/airflow/dags/create_audit_table.py
[2025-11-18T12:28:47.448+0000] {processor.py:830} INFO - Processing file /opt/airflow/dags/create_audit_table.py for tasks to queue
[2025-11-18T12:28:47.449+0000] {logging_mixin.py:188} INFO - [2025-11-18T12:28:47.449+0000] {dagbag.py:538} INFO - Filling up the DagBag from /opt/airflow/dags/create_audit_table.py
[2025-11-18T12:28:47.469+0000] {processor.py:840} INFO - DAG(s) 'create_audit_table' retrieved from /opt/airflow/dags/create_audit_table.py
[2025-11-18T12:28:47.508+0000] {logging_mixin.py:188} INFO - [2025-11-18T12:28:47.507+0000] {dag.py:3036} INFO - Sync 1 DAGs
[2025-11-18T12:28:47.523+0000] {logging_mixin.py:188} INFO - [2025-11-18T12:28:47.522+0000] {dag.py:3823} INFO - Setting next_dagrun for create_audit_table to None, run_after=None
[2025-11-18T12:28:47.549+0000] {processor.py:183} INFO - Processing /opt/airflow/dags/create_audit_table.py took 0.107 seconds
[2025-11-18T12:29:18.308+0000] {processor.py:161} INFO - Started process (PID=27203) to work on /opt/airflow/dags/create_audit_table.py
[2025-11-18T12:29:18.311+0000] {processor.py:830} INFO - Processing file /opt/airflow/dags/create_audit_table.py for tasks to queue
[2025-11-18T12:29:18.313+0000] {logging_mixin.py:188} INFO - [2025-11-18T12:29:18.312+0000] {dagbag.py:538} INFO - Filling up the DagBag from /opt/airflow/dags/create_audit_table.py
[2025-11-18T12:29:18.339+0000] {processor.py:840} INFO - DAG(s) 'create_audit_table' retrieved from /opt/airflow/dags/create_audit_table.py
[2025-11-18T12:29:18.418+0000] {logging_mixin.py:188} INFO - [2025-11-18T12:29:18.417+0000] {dag.py:3036} INFO - Sync 1 DAGs
[2025-11-18T12:29:18.450+0000] {logging_mixin.py:188} INFO - [2025-11-18T12:29:18.442+0000] {dag.py:3823} INFO - Setting next_dagrun for create_audit_table to None, run_after=None
[2025-11-18T12:29:18.545+0000] {processor.py:183} INFO - Processing /opt/airflow/dags/create_audit_table.py took 0.242 seconds
[2025-11-18T12:29:49.672+0000] {processor.py:161} INFO - Started process (PID=27233) to work on /opt/airflow/dags/create_audit_table.py
[2025-11-18T12:29:49.674+0000] {processor.py:830} INFO - Processing file /opt/airflow/dags/create_audit_table.py for tasks to queue
[2025-11-18T12:29:49.677+0000] {logging_mixin.py:188} INFO - [2025-11-18T12:29:49.676+0000] {dagbag.py:538} INFO - Filling up the DagBag from /opt/airflow/dags/create_audit_table.py
[2025-11-18T12:29:49.704+0000] {processor.py:840} INFO - DAG(s) 'create_audit_table' retrieved from /opt/airflow/dags/create_audit_table.py
[2025-11-18T12:29:49.754+0000] {logging_mixin.py:188} INFO - [2025-11-18T12:29:49.753+0000] {dag.py:3036} INFO - Sync 1 DAGs
[2025-11-18T12:29:49.781+0000] {logging_mixin.py:188} INFO - [2025-11-18T12:29:49.781+0000] {dag.py:3823} INFO - Setting next_dagrun for create_audit_table to None, run_after=None
[2025-11-18T12:29:49.821+0000] {processor.py:183} INFO - Processing /opt/airflow/dags/create_audit_table.py took 0.155 seconds
[2025-11-18T12:30:20.552+0000] {processor.py:161} INFO - Started process (PID=27263) to work on /opt/airflow/dags/create_audit_table.py
[2025-11-18T12:30:20.554+0000] {processor.py:830} INFO - Processing file /opt/airflow/dags/create_audit_table.py for tasks to queue
[2025-11-18T12:30:20.558+0000] {logging_mixin.py:188} INFO - [2025-11-18T12:30:20.556+0000] {dagbag.py:538} INFO - Filling up the DagBag from /opt/airflow/dags/create_audit_table.py
[2025-11-18T12:30:20.599+0000] {processor.py:840} INFO - DAG(s) 'create_audit_table' retrieved from /opt/airflow/dags/create_audit_table.py
[2025-11-18T12:30:20.692+0000] {logging_mixin.py:188} INFO - [2025-11-18T12:30:20.692+0000] {dag.py:3036} INFO - Sync 1 DAGs
[2025-11-18T12:30:20.768+0000] {logging_mixin.py:188} INFO - [2025-11-18T12:30:20.768+0000] {dag.py:3823} INFO - Setting next_dagrun for create_audit_table to None, run_after=None
[2025-11-18T12:30:20.848+0000] {processor.py:183} INFO - Processing /opt/airflow/dags/create_audit_table.py took 0.303 seconds
[2025-11-18T12:30:51.525+0000] {processor.py:161} INFO - Started process (PID=27293) to work on /opt/airflow/dags/create_audit_table.py
[2025-11-18T12:30:51.526+0000] {processor.py:830} INFO - Processing file /opt/airflow/dags/create_audit_table.py for tasks to queue
[2025-11-18T12:30:51.528+0000] {logging_mixin.py:188} INFO - [2025-11-18T12:30:51.527+0000] {dagbag.py:538} INFO - Filling up the DagBag from /opt/airflow/dags/create_audit_table.py
[2025-11-18T12:30:51.547+0000] {processor.py:840} INFO - DAG(s) 'create_audit_table' retrieved from /opt/airflow/dags/create_audit_table.py
[2025-11-18T12:30:51.577+0000] {logging_mixin.py:188} INFO - [2025-11-18T12:30:51.577+0000] {dag.py:3036} INFO - Sync 1 DAGs
[2025-11-18T12:30:51.589+0000] {logging_mixin.py:188} INFO - [2025-11-18T12:30:51.588+0000] {dag.py:3823} INFO - Setting next_dagrun for create_audit_table to None, run_after=None
[2025-11-18T12:30:51.615+0000] {processor.py:183} INFO - Processing /opt/airflow/dags/create_audit_table.py took 0.095 seconds
[2025-11-18T12:31:21.838+0000] {processor.py:161} INFO - Started process (PID=27323) to work on /opt/airflow/dags/create_audit_table.py
[2025-11-18T12:31:21.840+0000] {processor.py:830} INFO - Processing file /opt/airflow/dags/create_audit_table.py for tasks to queue
[2025-11-18T12:31:21.842+0000] {logging_mixin.py:188} INFO - [2025-11-18T12:31:21.841+0000] {dagbag.py:538} INFO - Filling up the DagBag from /opt/airflow/dags/create_audit_table.py
[2025-11-18T12:31:21.860+0000] {processor.py:840} INFO - DAG(s) 'create_audit_table' retrieved from /opt/airflow/dags/create_audit_table.py
[2025-11-18T12:31:21.890+0000] {logging_mixin.py:188} INFO - [2025-11-18T12:31:21.890+0000] {dag.py:3036} INFO - Sync 1 DAGs
[2025-11-18T12:31:21.905+0000] {logging_mixin.py:188} INFO - [2025-11-18T12:31:21.904+0000] {dag.py:3823} INFO - Setting next_dagrun for create_audit_table to None, run_after=None
[2025-11-18T12:31:21.928+0000] {processor.py:183} INFO - Processing /opt/airflow/dags/create_audit_table.py took 0.094 seconds
[2025-11-18T12:31:52.680+0000] {processor.py:161} INFO - Started process (PID=27353) to work on /opt/airflow/dags/create_audit_table.py
[2025-11-18T12:31:52.683+0000] {processor.py:830} INFO - Processing file /opt/airflow/dags/create_audit_table.py for tasks to queue
[2025-11-18T12:31:52.685+0000] {logging_mixin.py:188} INFO - [2025-11-18T12:31:52.684+0000] {dagbag.py:538} INFO - Filling up the DagBag from /opt/airflow/dags/create_audit_table.py
[2025-11-18T12:31:52.721+0000] {processor.py:840} INFO - DAG(s) 'create_audit_table' retrieved from /opt/airflow/dags/create_audit_table.py
[2025-11-18T12:31:52.866+0000] {logging_mixin.py:188} INFO - [2025-11-18T12:31:52.866+0000] {dag.py:3036} INFO - Sync 1 DAGs
[2025-11-18T12:31:52.932+0000] {logging_mixin.py:188} INFO - [2025-11-18T12:31:52.932+0000] {dag.py:3823} INFO - Setting next_dagrun for create_audit_table to None, run_after=None
[2025-11-18T12:31:53.038+0000] {processor.py:183} INFO - Processing /opt/airflow/dags/create_audit_table.py took 0.374 seconds
[2025-11-18T12:32:47.993+0000] {processor.py:161} INFO - Started process (PID=27383) to work on /opt/airflow/dags/create_audit_table.py
[2025-11-18T12:32:48.002+0000] {processor.py:830} INFO - Processing file /opt/airflow/dags/create_audit_table.py for tasks to queue
[2025-11-18T12:32:48.009+0000] {logging_mixin.py:188} INFO - [2025-11-18T12:32:48.009+0000] {dagbag.py:538} INFO - Filling up the DagBag from /opt/airflow/dags/create_audit_table.py
[2025-11-18T12:32:48.122+0000] {processor.py:840} INFO - DAG(s) 'create_audit_table' retrieved from /opt/airflow/dags/create_audit_table.py
[2025-11-18T12:32:48.283+0000] {logging_mixin.py:188} INFO - [2025-11-18T12:32:48.283+0000] {dag.py:3036} INFO - Sync 1 DAGs
[2025-11-18T12:32:48.348+0000] {logging_mixin.py:188} INFO - [2025-11-18T12:32:48.347+0000] {dag.py:3823} INFO - Setting next_dagrun for create_audit_table to None, run_after=None
[2025-11-18T12:32:48.446+0000] {processor.py:183} INFO - Processing /opt/airflow/dags/create_audit_table.py took 0.467 seconds
[2025-11-18T12:33:21.992+0000] {processor.py:161} INFO - Started process (PID=27411) to work on /opt/airflow/dags/create_audit_table.py
[2025-11-18T12:33:22.009+0000] {processor.py:830} INFO - Processing file /opt/airflow/dags/create_audit_table.py for tasks to queue
[2025-11-18T12:33:22.013+0000] {logging_mixin.py:188} INFO - [2025-11-18T12:33:22.012+0000] {dagbag.py:538} INFO - Filling up the DagBag from /opt/airflow/dags/create_audit_table.py
[2025-11-18T12:33:22.053+0000] {processor.py:840} INFO - DAG(s) 'create_audit_table' retrieved from /opt/airflow/dags/create_audit_table.py
[2025-11-18T12:33:22.102+0000] {logging_mixin.py:188} INFO - [2025-11-18T12:33:22.102+0000] {dag.py:3036} INFO - Sync 1 DAGs
[2025-11-18T12:33:22.135+0000] {logging_mixin.py:188} INFO - [2025-11-18T12:33:22.134+0000] {dag.py:3823} INFO - Setting next_dagrun for create_audit_table to None, run_after=None
[2025-11-18T12:33:22.212+0000] {processor.py:183} INFO - Processing /opt/airflow/dags/create_audit_table.py took 0.226 seconds
[2025-11-18T12:33:53.239+0000] {processor.py:161} INFO - Started process (PID=27443) to work on /opt/airflow/dags/create_audit_table.py
[2025-11-18T12:33:53.247+0000] {processor.py:830} INFO - Processing file /opt/airflow/dags/create_audit_table.py for tasks to queue
[2025-11-18T12:33:53.249+0000] {logging_mixin.py:188} INFO - [2025-11-18T12:33:53.248+0000] {dagbag.py:538} INFO - Filling up the DagBag from /opt/airflow/dags/create_audit_table.py
[2025-11-18T12:33:53.267+0000] {processor.py:840} INFO - DAG(s) 'create_audit_table' retrieved from /opt/airflow/dags/create_audit_table.py
[2025-11-18T12:33:53.342+0000] {logging_mixin.py:188} INFO - [2025-11-18T12:33:53.342+0000] {dag.py:3036} INFO - Sync 1 DAGs
[2025-11-18T12:33:53.378+0000] {logging_mixin.py:188} INFO - [2025-11-18T12:33:53.378+0000] {dag.py:3823} INFO - Setting next_dagrun for create_audit_table to None, run_after=None
[2025-11-18T12:33:53.500+0000] {processor.py:183} INFO - Processing /opt/airflow/dags/create_audit_table.py took 0.265 seconds
[2025-11-18T12:34:24.438+0000] {processor.py:161} INFO - Started process (PID=27473) to work on /opt/airflow/dags/create_audit_table.py
[2025-11-18T12:34:24.439+0000] {processor.py:830} INFO - Processing file /opt/airflow/dags/create_audit_table.py for tasks to queue
[2025-11-18T12:34:24.440+0000] {logging_mixin.py:188} INFO - [2025-11-18T12:34:24.440+0000] {dagbag.py:538} INFO - Filling up the DagBag from /opt/airflow/dags/create_audit_table.py
[2025-11-18T12:34:24.461+0000] {processor.py:840} INFO - DAG(s) 'create_audit_table' retrieved from /opt/airflow/dags/create_audit_table.py
[2025-11-18T12:34:24.493+0000] {logging_mixin.py:188} INFO - [2025-11-18T12:34:24.492+0000] {dag.py:3036} INFO - Sync 1 DAGs
[2025-11-18T12:34:24.512+0000] {logging_mixin.py:188} INFO - [2025-11-18T12:34:24.511+0000] {dag.py:3823} INFO - Setting next_dagrun for create_audit_table to None, run_after=None
[2025-11-18T12:34:24.535+0000] {processor.py:183} INFO - Processing /opt/airflow/dags/create_audit_table.py took 0.101 seconds
[2025-11-18T12:34:55.008+0000] {processor.py:161} INFO - Started process (PID=27503) to work on /opt/airflow/dags/create_audit_table.py
[2025-11-18T12:34:55.016+0000] {processor.py:830} INFO - Processing file /opt/airflow/dags/create_audit_table.py for tasks to queue
[2025-11-18T12:34:55.021+0000] {logging_mixin.py:188} INFO - [2025-11-18T12:34:55.021+0000] {dagbag.py:538} INFO - Filling up the DagBag from /opt/airflow/dags/create_audit_table.py
[2025-11-18T12:34:55.116+0000] {processor.py:840} INFO - DAG(s) 'create_audit_table' retrieved from /opt/airflow/dags/create_audit_table.py
[2025-11-18T12:34:55.205+0000] {logging_mixin.py:188} INFO - [2025-11-18T12:34:55.205+0000] {dag.py:3036} INFO - Sync 1 DAGs
[2025-11-18T12:34:55.287+0000] {logging_mixin.py:188} INFO - [2025-11-18T12:34:55.287+0000] {dag.py:3823} INFO - Setting next_dagrun for create_audit_table to None, run_after=None
[2025-11-18T12:34:55.668+0000] {processor.py:183} INFO - Processing /opt/airflow/dags/create_audit_table.py took 0.668 seconds
[2025-11-18T12:35:26.328+0000] {processor.py:161} INFO - Started process (PID=27536) to work on /opt/airflow/dags/create_audit_table.py
[2025-11-18T12:35:26.330+0000] {processor.py:830} INFO - Processing file /opt/airflow/dags/create_audit_table.py for tasks to queue
[2025-11-18T12:35:26.332+0000] {logging_mixin.py:188} INFO - [2025-11-18T12:35:26.331+0000] {dagbag.py:538} INFO - Filling up the DagBag from /opt/airflow/dags/create_audit_table.py
[2025-11-18T12:35:26.378+0000] {processor.py:840} INFO - DAG(s) 'create_audit_table' retrieved from /opt/airflow/dags/create_audit_table.py
[2025-11-18T12:35:26.451+0000] {logging_mixin.py:188} INFO - [2025-11-18T12:35:26.451+0000] {dag.py:3036} INFO - Sync 1 DAGs
[2025-11-18T12:35:26.512+0000] {logging_mixin.py:188} INFO - [2025-11-18T12:35:26.511+0000] {dag.py:3823} INFO - Setting next_dagrun for create_audit_table to None, run_after=None
[2025-11-18T12:35:26.646+0000] {processor.py:183} INFO - Processing /opt/airflow/dags/create_audit_table.py took 0.336 seconds
[2025-11-18T12:35:57.704+0000] {processor.py:161} INFO - Started process (PID=27568) to work on /opt/airflow/dags/create_audit_table.py
[2025-11-18T12:35:57.707+0000] {processor.py:830} INFO - Processing file /opt/airflow/dags/create_audit_table.py for tasks to queue
[2025-11-18T12:35:57.708+0000] {logging_mixin.py:188} INFO - [2025-11-18T12:35:57.708+0000] {dagbag.py:538} INFO - Filling up the DagBag from /opt/airflow/dags/create_audit_table.py
[2025-11-18T12:35:57.727+0000] {processor.py:840} INFO - DAG(s) 'create_audit_table' retrieved from /opt/airflow/dags/create_audit_table.py
[2025-11-18T12:35:57.765+0000] {logging_mixin.py:188} INFO - [2025-11-18T12:35:57.765+0000] {dag.py:3036} INFO - Sync 1 DAGs
[2025-11-18T12:35:57.777+0000] {logging_mixin.py:188} INFO - [2025-11-18T12:35:57.777+0000] {dag.py:3823} INFO - Setting next_dagrun for create_audit_table to None, run_after=None
[2025-11-18T12:35:57.815+0000] {processor.py:183} INFO - Processing /opt/airflow/dags/create_audit_table.py took 0.116 seconds
[2025-11-18T12:36:27.880+0000] {processor.py:161} INFO - Started process (PID=27598) to work on /opt/airflow/dags/create_audit_table.py
[2025-11-18T12:36:27.881+0000] {processor.py:830} INFO - Processing file /opt/airflow/dags/create_audit_table.py for tasks to queue
[2025-11-18T12:36:27.883+0000] {logging_mixin.py:188} INFO - [2025-11-18T12:36:27.883+0000] {dagbag.py:538} INFO - Filling up the DagBag from /opt/airflow/dags/create_audit_table.py
[2025-11-18T12:36:27.902+0000] {processor.py:840} INFO - DAG(s) 'create_audit_table' retrieved from /opt/airflow/dags/create_audit_table.py
[2025-11-18T12:36:27.928+0000] {logging_mixin.py:188} INFO - [2025-11-18T12:36:27.927+0000] {dag.py:3036} INFO - Sync 1 DAGs
[2025-11-18T12:36:27.943+0000] {logging_mixin.py:188} INFO - [2025-11-18T12:36:27.942+0000] {dag.py:3823} INFO - Setting next_dagrun for create_audit_table to None, run_after=None
[2025-11-18T12:36:27.976+0000] {processor.py:183} INFO - Processing /opt/airflow/dags/create_audit_table.py took 0.101 seconds
[2025-11-18T12:36:58.805+0000] {processor.py:161} INFO - Started process (PID=27623) to work on /opt/airflow/dags/create_audit_table.py
[2025-11-18T12:36:58.809+0000] {processor.py:830} INFO - Processing file /opt/airflow/dags/create_audit_table.py for tasks to queue
[2025-11-18T12:36:58.810+0000] {logging_mixin.py:188} INFO - [2025-11-18T12:36:58.810+0000] {dagbag.py:538} INFO - Filling up the DagBag from /opt/airflow/dags/create_audit_table.py
[2025-11-18T12:36:58.830+0000] {processor.py:840} INFO - DAG(s) 'create_audit_table' retrieved from /opt/airflow/dags/create_audit_table.py
[2025-11-18T12:36:58.887+0000] {logging_mixin.py:188} INFO - [2025-11-18T12:36:58.886+0000] {dag.py:3036} INFO - Sync 1 DAGs
[2025-11-18T12:36:58.901+0000] {logging_mixin.py:188} INFO - [2025-11-18T12:36:58.901+0000] {dag.py:3823} INFO - Setting next_dagrun for create_audit_table to None, run_after=None
[2025-11-18T12:36:58.930+0000] {processor.py:183} INFO - Processing /opt/airflow/dags/create_audit_table.py took 0.130 seconds
[2025-11-18T12:37:29.001+0000] {processor.py:161} INFO - Started process (PID=27653) to work on /opt/airflow/dags/create_audit_table.py
[2025-11-18T12:37:29.003+0000] {processor.py:830} INFO - Processing file /opt/airflow/dags/create_audit_table.py for tasks to queue
[2025-11-18T12:37:29.005+0000] {logging_mixin.py:188} INFO - [2025-11-18T12:37:29.004+0000] {dagbag.py:538} INFO - Filling up the DagBag from /opt/airflow/dags/create_audit_table.py
[2025-11-18T12:37:29.025+0000] {processor.py:840} INFO - DAG(s) 'create_audit_table' retrieved from /opt/airflow/dags/create_audit_table.py
[2025-11-18T12:37:29.065+0000] {logging_mixin.py:188} INFO - [2025-11-18T12:37:29.065+0000] {dag.py:3036} INFO - Sync 1 DAGs
[2025-11-18T12:37:29.087+0000] {logging_mixin.py:188} INFO - [2025-11-18T12:37:29.087+0000] {dag.py:3823} INFO - Setting next_dagrun for create_audit_table to None, run_after=None
[2025-11-18T12:37:29.112+0000] {processor.py:183} INFO - Processing /opt/airflow/dags/create_audit_table.py took 0.116 seconds
[2025-11-18T12:37:59.908+0000] {processor.py:161} INFO - Started process (PID=27683) to work on /opt/airflow/dags/create_audit_table.py
[2025-11-18T12:37:59.910+0000] {processor.py:830} INFO - Processing file /opt/airflow/dags/create_audit_table.py for tasks to queue
[2025-11-18T12:37:59.911+0000] {logging_mixin.py:188} INFO - [2025-11-18T12:37:59.911+0000] {dagbag.py:538} INFO - Filling up the DagBag from /opt/airflow/dags/create_audit_table.py
[2025-11-18T12:38:00.938+0000] {processor.py:840} INFO - DAG(s) 'create_audit_table' retrieved from /opt/airflow/dags/create_audit_table.py
[2025-11-18T12:38:00.965+0000] {logging_mixin.py:188} INFO - [2025-11-18T12:38:00.965+0000] {dag.py:3036} INFO - Sync 1 DAGs
[2025-11-18T12:38:00.975+0000] {logging_mixin.py:188} INFO - [2025-11-18T12:38:00.975+0000] {dag.py:3823} INFO - Setting next_dagrun for create_audit_table to None, run_after=None
[2025-11-18T12:38:01.009+0000] {processor.py:183} INFO - Processing /opt/airflow/dags/create_audit_table.py took 1.107 seconds
[2025-11-18T12:38:31.280+0000] {processor.py:161} INFO - Started process (PID=27718) to work on /opt/airflow/dags/create_audit_table.py
[2025-11-18T12:38:31.282+0000] {processor.py:830} INFO - Processing file /opt/airflow/dags/create_audit_table.py for tasks to queue
[2025-11-18T12:38:31.283+0000] {logging_mixin.py:188} INFO - [2025-11-18T12:38:31.283+0000] {dagbag.py:538} INFO - Filling up the DagBag from /opt/airflow/dags/create_audit_table.py
[2025-11-18T12:38:31.303+0000] {processor.py:840} INFO - DAG(s) 'create_audit_table' retrieved from /opt/airflow/dags/create_audit_table.py
[2025-11-18T12:38:31.342+0000] {logging_mixin.py:188} INFO - [2025-11-18T12:38:31.341+0000] {dag.py:3036} INFO - Sync 1 DAGs
[2025-11-18T12:38:31.368+0000] {logging_mixin.py:188} INFO - [2025-11-18T12:38:31.368+0000] {dag.py:3823} INFO - Setting next_dagrun for create_audit_table to None, run_after=None
[2025-11-18T12:38:31.416+0000] {processor.py:183} INFO - Processing /opt/airflow/dags/create_audit_table.py took 0.139 seconds
[2025-11-18T12:39:01.511+0000] {processor.py:161} INFO - Started process (PID=27743) to work on /opt/airflow/dags/create_audit_table.py
[2025-11-18T12:39:01.514+0000] {processor.py:830} INFO - Processing file /opt/airflow/dags/create_audit_table.py for tasks to queue
[2025-11-18T12:39:01.516+0000] {logging_mixin.py:188} INFO - [2025-11-18T12:39:01.515+0000] {dagbag.py:538} INFO - Filling up the DagBag from /opt/airflow/dags/create_audit_table.py
[2025-11-18T12:39:01.544+0000] {processor.py:840} INFO - DAG(s) 'create_audit_table' retrieved from /opt/airflow/dags/create_audit_table.py
[2025-11-18T12:39:01.603+0000] {logging_mixin.py:188} INFO - [2025-11-18T12:39:01.602+0000] {dag.py:3036} INFO - Sync 1 DAGs
[2025-11-18T12:39:01.633+0000] {logging_mixin.py:188} INFO - [2025-11-18T12:39:01.632+0000] {dag.py:3823} INFO - Setting next_dagrun for create_audit_table to None, run_after=None
[2025-11-18T12:39:01.668+0000] {processor.py:183} INFO - Processing /opt/airflow/dags/create_audit_table.py took 0.162 seconds
[2025-11-18T12:39:31.914+0000] {processor.py:161} INFO - Started process (PID=27773) to work on /opt/airflow/dags/create_audit_table.py
[2025-11-18T12:39:31.915+0000] {processor.py:830} INFO - Processing file /opt/airflow/dags/create_audit_table.py for tasks to queue
[2025-11-18T12:39:31.917+0000] {logging_mixin.py:188} INFO - [2025-11-18T12:39:31.916+0000] {dagbag.py:538} INFO - Filling up the DagBag from /opt/airflow/dags/create_audit_table.py
[2025-11-18T12:39:31.960+0000] {processor.py:840} INFO - DAG(s) 'create_audit_table' retrieved from /opt/airflow/dags/create_audit_table.py
[2025-11-18T12:39:32.000+0000] {logging_mixin.py:188} INFO - [2025-11-18T12:39:31.999+0000] {dag.py:3036} INFO - Sync 1 DAGs
[2025-11-18T12:39:32.012+0000] {logging_mixin.py:188} INFO - [2025-11-18T12:39:32.011+0000] {dag.py:3823} INFO - Setting next_dagrun for create_audit_table to None, run_after=None
[2025-11-18T12:39:32.061+0000] {processor.py:183} INFO - Processing /opt/airflow/dags/create_audit_table.py took 0.156 seconds
[2025-11-18T12:40:02.656+0000] {processor.py:161} INFO - Started process (PID=27803) to work on /opt/airflow/dags/create_audit_table.py
[2025-11-18T12:40:02.659+0000] {processor.py:830} INFO - Processing file /opt/airflow/dags/create_audit_table.py for tasks to queue
[2025-11-18T12:40:02.666+0000] {logging_mixin.py:188} INFO - [2025-11-18T12:40:02.663+0000] {dagbag.py:538} INFO - Filling up the DagBag from /opt/airflow/dags/create_audit_table.py
[2025-11-18T12:40:02.694+0000] {processor.py:840} INFO - DAG(s) 'create_audit_table' retrieved from /opt/airflow/dags/create_audit_table.py
[2025-11-18T12:40:02.737+0000] {logging_mixin.py:188} INFO - [2025-11-18T12:40:02.736+0000] {dag.py:3036} INFO - Sync 1 DAGs
[2025-11-18T12:40:02.757+0000] {logging_mixin.py:188} INFO - [2025-11-18T12:40:02.757+0000] {dag.py:3823} INFO - Setting next_dagrun for create_audit_table to None, run_after=None
[2025-11-18T12:40:02.822+0000] {processor.py:183} INFO - Processing /opt/airflow/dags/create_audit_table.py took 0.170 seconds
[2025-11-18T12:40:33.479+0000] {processor.py:161} INFO - Started process (PID=27833) to work on /opt/airflow/dags/create_audit_table.py
[2025-11-18T12:40:33.481+0000] {processor.py:830} INFO - Processing file /opt/airflow/dags/create_audit_table.py for tasks to queue
[2025-11-18T12:40:33.483+0000] {logging_mixin.py:188} INFO - [2025-11-18T12:40:33.483+0000] {dagbag.py:538} INFO - Filling up the DagBag from /opt/airflow/dags/create_audit_table.py
[2025-11-18T12:40:33.509+0000] {processor.py:840} INFO - DAG(s) 'create_audit_table' retrieved from /opt/airflow/dags/create_audit_table.py
[2025-11-18T12:40:33.554+0000] {logging_mixin.py:188} INFO - [2025-11-18T12:40:33.553+0000] {dag.py:3036} INFO - Sync 1 DAGs
[2025-11-18T12:40:33.573+0000] {logging_mixin.py:188} INFO - [2025-11-18T12:40:33.573+0000] {dag.py:3823} INFO - Setting next_dagrun for create_audit_table to None, run_after=None
[2025-11-18T12:40:33.617+0000] {processor.py:183} INFO - Processing /opt/airflow/dags/create_audit_table.py took 0.143 seconds
[2025-11-18T12:41:04.170+0000] {processor.py:161} INFO - Started process (PID=27863) to work on /opt/airflow/dags/create_audit_table.py
[2025-11-18T12:41:04.173+0000] {processor.py:830} INFO - Processing file /opt/airflow/dags/create_audit_table.py for tasks to queue
[2025-11-18T12:41:04.174+0000] {logging_mixin.py:188} INFO - [2025-11-18T12:41:04.174+0000] {dagbag.py:538} INFO - Filling up the DagBag from /opt/airflow/dags/create_audit_table.py
[2025-11-18T12:41:04.196+0000] {processor.py:840} INFO - DAG(s) 'create_audit_table' retrieved from /opt/airflow/dags/create_audit_table.py
[2025-11-18T12:41:04.246+0000] {logging_mixin.py:188} INFO - [2025-11-18T12:41:04.246+0000] {dag.py:3036} INFO - Sync 1 DAGs
[2025-11-18T12:41:04.268+0000] {logging_mixin.py:188} INFO - [2025-11-18T12:41:04.268+0000] {dag.py:3823} INFO - Setting next_dagrun for create_audit_table to None, run_after=None
[2025-11-18T12:41:04.302+0000] {processor.py:183} INFO - Processing /opt/airflow/dags/create_audit_table.py took 0.136 seconds
[2025-11-18T12:41:35.382+0000] {processor.py:161} INFO - Started process (PID=27893) to work on /opt/airflow/dags/create_audit_table.py
[2025-11-18T12:41:35.390+0000] {processor.py:830} INFO - Processing file /opt/airflow/dags/create_audit_table.py for tasks to queue
[2025-11-18T12:41:35.396+0000] {logging_mixin.py:188} INFO - [2025-11-18T12:41:35.395+0000] {dagbag.py:538} INFO - Filling up the DagBag from /opt/airflow/dags/create_audit_table.py
[2025-11-18T12:41:35.618+0000] {processor.py:840} INFO - DAG(s) 'create_audit_table' retrieved from /opt/airflow/dags/create_audit_table.py
[2025-11-18T12:41:35.700+0000] {logging_mixin.py:188} INFO - [2025-11-18T12:41:35.699+0000] {dag.py:3036} INFO - Sync 1 DAGs
[2025-11-18T12:41:35.750+0000] {logging_mixin.py:188} INFO - [2025-11-18T12:41:35.749+0000] {dag.py:3823} INFO - Setting next_dagrun for create_audit_table to None, run_after=None
[2025-11-18T12:41:35.798+0000] {processor.py:183} INFO - Processing /opt/airflow/dags/create_audit_table.py took 0.421 seconds
[2025-11-18T12:42:06.633+0000] {processor.py:161} INFO - Started process (PID=27923) to work on /opt/airflow/dags/create_audit_table.py
[2025-11-18T12:42:06.635+0000] {processor.py:830} INFO - Processing file /opt/airflow/dags/create_audit_table.py for tasks to queue
[2025-11-18T12:42:06.636+0000] {logging_mixin.py:188} INFO - [2025-11-18T12:42:06.636+0000] {dagbag.py:538} INFO - Filling up the DagBag from /opt/airflow/dags/create_audit_table.py
[2025-11-18T12:42:06.658+0000] {processor.py:840} INFO - DAG(s) 'create_audit_table' retrieved from /opt/airflow/dags/create_audit_table.py
[2025-11-18T12:42:06.688+0000] {logging_mixin.py:188} INFO - [2025-11-18T12:42:06.688+0000] {dag.py:3036} INFO - Sync 1 DAGs
[2025-11-18T12:42:06.702+0000] {logging_mixin.py:188} INFO - [2025-11-18T12:42:06.701+0000] {dag.py:3823} INFO - Setting next_dagrun for create_audit_table to None, run_after=None
[2025-11-18T12:42:06.728+0000] {processor.py:183} INFO - Processing /opt/airflow/dags/create_audit_table.py took 0.099 seconds
[2025-11-18T12:42:37.433+0000] {processor.py:161} INFO - Started process (PID=27953) to work on /opt/airflow/dags/create_audit_table.py
[2025-11-18T12:42:37.434+0000] {processor.py:830} INFO - Processing file /opt/airflow/dags/create_audit_table.py for tasks to queue
[2025-11-18T12:42:37.435+0000] {logging_mixin.py:188} INFO - [2025-11-18T12:42:37.435+0000] {dagbag.py:538} INFO - Filling up the DagBag from /opt/airflow/dags/create_audit_table.py
[2025-11-18T12:42:37.455+0000] {processor.py:840} INFO - DAG(s) 'create_audit_table' retrieved from /opt/airflow/dags/create_audit_table.py
[2025-11-18T12:42:37.484+0000] {logging_mixin.py:188} INFO - [2025-11-18T12:42:37.484+0000] {dag.py:3036} INFO - Sync 1 DAGs
[2025-11-18T12:42:37.496+0000] {logging_mixin.py:188} INFO - [2025-11-18T12:42:37.496+0000] {dag.py:3823} INFO - Setting next_dagrun for create_audit_table to None, run_after=None
[2025-11-18T12:42:37.526+0000] {processor.py:183} INFO - Processing /opt/airflow/dags/create_audit_table.py took 0.098 seconds
[2025-11-18T12:43:08.287+0000] {processor.py:161} INFO - Started process (PID=27983) to work on /opt/airflow/dags/create_audit_table.py
[2025-11-18T12:43:08.289+0000] {processor.py:830} INFO - Processing file /opt/airflow/dags/create_audit_table.py for tasks to queue
[2025-11-18T12:43:08.291+0000] {logging_mixin.py:188} INFO - [2025-11-18T12:43:08.291+0000] {dagbag.py:538} INFO - Filling up the DagBag from /opt/airflow/dags/create_audit_table.py
[2025-11-18T12:43:08.309+0000] {processor.py:840} INFO - DAG(s) 'create_audit_table' retrieved from /opt/airflow/dags/create_audit_table.py
[2025-11-18T12:43:08.336+0000] {logging_mixin.py:188} INFO - [2025-11-18T12:43:08.336+0000] {dag.py:3036} INFO - Sync 1 DAGs
[2025-11-18T12:43:08.348+0000] {logging_mixin.py:188} INFO - [2025-11-18T12:43:08.348+0000] {dag.py:3823} INFO - Setting next_dagrun for create_audit_table to None, run_after=None
[2025-11-18T12:43:08.372+0000] {processor.py:183} INFO - Processing /opt/airflow/dags/create_audit_table.py took 0.088 seconds
[2025-11-18T12:43:39.254+0000] {processor.py:161} INFO - Started process (PID=28013) to work on /opt/airflow/dags/create_audit_table.py
[2025-11-18T12:43:39.255+0000] {processor.py:830} INFO - Processing file /opt/airflow/dags/create_audit_table.py for tasks to queue
[2025-11-18T12:43:39.257+0000] {logging_mixin.py:188} INFO - [2025-11-18T12:43:39.256+0000] {dagbag.py:538} INFO - Filling up the DagBag from /opt/airflow/dags/create_audit_table.py
[2025-11-18T12:43:39.275+0000] {processor.py:840} INFO - DAG(s) 'create_audit_table' retrieved from /opt/airflow/dags/create_audit_table.py
[2025-11-18T12:43:39.311+0000] {logging_mixin.py:188} INFO - [2025-11-18T12:43:39.311+0000] {dag.py:3036} INFO - Sync 1 DAGs
[2025-11-18T12:43:39.322+0000] {logging_mixin.py:188} INFO - [2025-11-18T12:43:39.322+0000] {dag.py:3823} INFO - Setting next_dagrun for create_audit_table to None, run_after=None
[2025-11-18T12:43:39.347+0000] {processor.py:183} INFO - Processing /opt/airflow/dags/create_audit_table.py took 0.096 seconds
[2025-11-18T12:44:09.558+0000] {processor.py:161} INFO - Started process (PID=28044) to work on /opt/airflow/dags/create_audit_table.py
[2025-11-18T12:44:09.560+0000] {processor.py:830} INFO - Processing file /opt/airflow/dags/create_audit_table.py for tasks to queue
[2025-11-18T12:44:09.561+0000] {logging_mixin.py:188} INFO - [2025-11-18T12:44:09.561+0000] {dagbag.py:538} INFO - Filling up the DagBag from /opt/airflow/dags/create_audit_table.py
[2025-11-18T12:44:09.587+0000] {processor.py:840} INFO - DAG(s) 'create_audit_table' retrieved from /opt/airflow/dags/create_audit_table.py
[2025-11-18T12:44:09.623+0000] {logging_mixin.py:188} INFO - [2025-11-18T12:44:09.623+0000] {dag.py:3036} INFO - Sync 1 DAGs
[2025-11-18T12:44:09.640+0000] {logging_mixin.py:188} INFO - [2025-11-18T12:44:09.639+0000] {dag.py:3823} INFO - Setting next_dagrun for create_audit_table to None, run_after=None
[2025-11-18T12:44:09.664+0000] {processor.py:183} INFO - Processing /opt/airflow/dags/create_audit_table.py took 0.110 seconds
[2025-11-18T12:44:40.514+0000] {processor.py:161} INFO - Started process (PID=28074) to work on /opt/airflow/dags/create_audit_table.py
[2025-11-18T12:44:40.516+0000] {processor.py:830} INFO - Processing file /opt/airflow/dags/create_audit_table.py for tasks to queue
[2025-11-18T12:44:40.517+0000] {logging_mixin.py:188} INFO - [2025-11-18T12:44:40.516+0000] {dagbag.py:538} INFO - Filling up the DagBag from /opt/airflow/dags/create_audit_table.py
[2025-11-18T12:44:40.536+0000] {processor.py:840} INFO - DAG(s) 'create_audit_table' retrieved from /opt/airflow/dags/create_audit_table.py
[2025-11-18T12:44:40.565+0000] {logging_mixin.py:188} INFO - [2025-11-18T12:44:40.565+0000] {dag.py:3036} INFO - Sync 1 DAGs
[2025-11-18T12:44:40.579+0000] {logging_mixin.py:188} INFO - [2025-11-18T12:44:40.579+0000] {dag.py:3823} INFO - Setting next_dagrun for create_audit_table to None, run_after=None
[2025-11-18T12:44:40.603+0000] {processor.py:183} INFO - Processing /opt/airflow/dags/create_audit_table.py took 0.093 seconds
[2025-11-18T12:45:11.555+0000] {processor.py:161} INFO - Started process (PID=28104) to work on /opt/airflow/dags/create_audit_table.py
[2025-11-18T12:45:11.557+0000] {processor.py:830} INFO - Processing file /opt/airflow/dags/create_audit_table.py for tasks to queue
[2025-11-18T12:45:11.558+0000] {logging_mixin.py:188} INFO - [2025-11-18T12:45:11.558+0000] {dagbag.py:538} INFO - Filling up the DagBag from /opt/airflow/dags/create_audit_table.py
[2025-11-18T12:45:11.575+0000] {processor.py:840} INFO - DAG(s) 'create_audit_table' retrieved from /opt/airflow/dags/create_audit_table.py
[2025-11-18T12:45:11.607+0000] {logging_mixin.py:188} INFO - [2025-11-18T12:45:11.607+0000] {dag.py:3036} INFO - Sync 1 DAGs
[2025-11-18T12:45:11.622+0000] {logging_mixin.py:188} INFO - [2025-11-18T12:45:11.622+0000] {dag.py:3823} INFO - Setting next_dagrun for create_audit_table to None, run_after=None
[2025-11-18T12:45:11.650+0000] {processor.py:183} INFO - Processing /opt/airflow/dags/create_audit_table.py took 0.099 seconds
[2025-11-18T12:45:41.913+0000] {processor.py:161} INFO - Started process (PID=28134) to work on /opt/airflow/dags/create_audit_table.py
[2025-11-18T12:45:41.915+0000] {processor.py:830} INFO - Processing file /opt/airflow/dags/create_audit_table.py for tasks to queue
[2025-11-18T12:45:41.917+0000] {logging_mixin.py:188} INFO - [2025-11-18T12:45:41.916+0000] {dagbag.py:538} INFO - Filling up the DagBag from /opt/airflow/dags/create_audit_table.py
[2025-11-18T12:45:41.944+0000] {processor.py:840} INFO - DAG(s) 'create_audit_table' retrieved from /opt/airflow/dags/create_audit_table.py
[2025-11-18T12:45:41.993+0000] {logging_mixin.py:188} INFO - [2025-11-18T12:45:41.992+0000] {dag.py:3036} INFO - Sync 1 DAGs
[2025-11-18T12:45:42.020+0000] {logging_mixin.py:188} INFO - [2025-11-18T12:45:42.019+0000] {dag.py:3823} INFO - Setting next_dagrun for create_audit_table to None, run_after=None
[2025-11-18T12:45:42.061+0000] {processor.py:183} INFO - Processing /opt/airflow/dags/create_audit_table.py took 0.152 seconds
[2025-11-18T12:46:12.147+0000] {processor.py:161} INFO - Started process (PID=28164) to work on /opt/airflow/dags/create_audit_table.py
[2025-11-18T12:46:12.149+0000] {processor.py:830} INFO - Processing file /opt/airflow/dags/create_audit_table.py for tasks to queue
[2025-11-18T12:46:12.150+0000] {logging_mixin.py:188} INFO - [2025-11-18T12:46:12.149+0000] {dagbag.py:538} INFO - Filling up the DagBag from /opt/airflow/dags/create_audit_table.py
[2025-11-18T12:46:12.168+0000] {processor.py:840} INFO - DAG(s) 'create_audit_table' retrieved from /opt/airflow/dags/create_audit_table.py
[2025-11-18T12:46:12.221+0000] {logging_mixin.py:188} INFO - [2025-11-18T12:46:12.221+0000] {dag.py:3036} INFO - Sync 1 DAGs
[2025-11-18T12:46:12.235+0000] {logging_mixin.py:188} INFO - [2025-11-18T12:46:12.235+0000] {dag.py:3823} INFO - Setting next_dagrun for create_audit_table to None, run_after=None
[2025-11-18T12:46:12.260+0000] {processor.py:183} INFO - Processing /opt/airflow/dags/create_audit_table.py took 0.117 seconds
[2025-11-18T12:46:43.416+0000] {processor.py:161} INFO - Started process (PID=28194) to work on /opt/airflow/dags/create_audit_table.py
[2025-11-18T12:46:43.425+0000] {processor.py:830} INFO - Processing file /opt/airflow/dags/create_audit_table.py for tasks to queue
[2025-11-18T12:46:43.430+0000] {logging_mixin.py:188} INFO - [2025-11-18T12:46:43.430+0000] {dagbag.py:538} INFO - Filling up the DagBag from /opt/airflow/dags/create_audit_table.py
[2025-11-18T12:46:43.475+0000] {processor.py:840} INFO - DAG(s) 'create_audit_table' retrieved from /opt/airflow/dags/create_audit_table.py
[2025-11-18T12:46:43.559+0000] {logging_mixin.py:188} INFO - [2025-11-18T12:46:43.559+0000] {dag.py:3036} INFO - Sync 1 DAGs
[2025-11-18T12:46:43.620+0000] {logging_mixin.py:188} INFO - [2025-11-18T12:46:43.620+0000] {dag.py:3823} INFO - Setting next_dagrun for create_audit_table to None, run_after=None
[2025-11-18T12:46:43.688+0000] {processor.py:183} INFO - Processing /opt/airflow/dags/create_audit_table.py took 0.277 seconds
[2025-11-18T12:47:14.498+0000] {processor.py:161} INFO - Started process (PID=28224) to work on /opt/airflow/dags/create_audit_table.py
[2025-11-18T12:47:14.502+0000] {processor.py:830} INFO - Processing file /opt/airflow/dags/create_audit_table.py for tasks to queue
[2025-11-18T12:47:14.504+0000] {logging_mixin.py:188} INFO - [2025-11-18T12:47:14.504+0000] {dagbag.py:538} INFO - Filling up the DagBag from /opt/airflow/dags/create_audit_table.py
[2025-11-18T12:47:14.534+0000] {processor.py:840} INFO - DAG(s) 'create_audit_table' retrieved from /opt/airflow/dags/create_audit_table.py
[2025-11-18T12:47:14.582+0000] {logging_mixin.py:188} INFO - [2025-11-18T12:47:14.582+0000] {dag.py:3036} INFO - Sync 1 DAGs
[2025-11-18T12:47:14.599+0000] {logging_mixin.py:188} INFO - [2025-11-18T12:47:14.599+0000] {dag.py:3823} INFO - Setting next_dagrun for create_audit_table to None, run_after=None
[2025-11-18T12:47:14.641+0000] {processor.py:183} INFO - Processing /opt/airflow/dags/create_audit_table.py took 0.152 seconds
[2025-11-18T12:47:45.594+0000] {processor.py:161} INFO - Started process (PID=28254) to work on /opt/airflow/dags/create_audit_table.py
[2025-11-18T12:47:45.596+0000] {processor.py:830} INFO - Processing file /opt/airflow/dags/create_audit_table.py for tasks to queue
[2025-11-18T12:47:45.598+0000] {logging_mixin.py:188} INFO - [2025-11-18T12:47:45.597+0000] {dagbag.py:538} INFO - Filling up the DagBag from /opt/airflow/dags/create_audit_table.py
[2025-11-18T12:47:45.614+0000] {processor.py:840} INFO - DAG(s) 'create_audit_table' retrieved from /opt/airflow/dags/create_audit_table.py
[2025-11-18T12:47:45.660+0000] {logging_mixin.py:188} INFO - [2025-11-18T12:47:45.660+0000] {dag.py:3036} INFO - Sync 1 DAGs
[2025-11-18T12:47:45.681+0000] {logging_mixin.py:188} INFO - [2025-11-18T12:47:45.680+0000] {dag.py:3823} INFO - Setting next_dagrun for create_audit_table to None, run_after=None
[2025-11-18T12:47:45.730+0000] {processor.py:183} INFO - Processing /opt/airflow/dags/create_audit_table.py took 0.141 seconds
[2025-11-18T12:48:16.230+0000] {processor.py:161} INFO - Started process (PID=28284) to work on /opt/airflow/dags/create_audit_table.py
[2025-11-18T12:48:16.239+0000] {processor.py:830} INFO - Processing file /opt/airflow/dags/create_audit_table.py for tasks to queue
[2025-11-18T12:48:16.241+0000] {logging_mixin.py:188} INFO - [2025-11-18T12:48:16.240+0000] {dagbag.py:538} INFO - Filling up the DagBag from /opt/airflow/dags/create_audit_table.py
[2025-11-18T12:48:16.278+0000] {processor.py:840} INFO - DAG(s) 'create_audit_table' retrieved from /opt/airflow/dags/create_audit_table.py
[2025-11-18T12:48:16.340+0000] {logging_mixin.py:188} INFO - [2025-11-18T12:48:16.340+0000] {dag.py:3036} INFO - Sync 1 DAGs
[2025-11-18T12:48:16.370+0000] {logging_mixin.py:188} INFO - [2025-11-18T12:48:16.370+0000] {dag.py:3823} INFO - Setting next_dagrun for create_audit_table to None, run_after=None
[2025-11-18T12:48:16.429+0000] {processor.py:183} INFO - Processing /opt/airflow/dags/create_audit_table.py took 0.203 seconds
[2025-11-18T12:48:47.063+0000] {processor.py:161} INFO - Started process (PID=28314) to work on /opt/airflow/dags/create_audit_table.py
[2025-11-18T12:48:47.064+0000] {processor.py:830} INFO - Processing file /opt/airflow/dags/create_audit_table.py for tasks to queue
[2025-11-18T12:48:47.065+0000] {logging_mixin.py:188} INFO - [2025-11-18T12:48:47.065+0000] {dagbag.py:538} INFO - Filling up the DagBag from /opt/airflow/dags/create_audit_table.py
[2025-11-18T12:48:47.090+0000] {processor.py:840} INFO - DAG(s) 'create_audit_table' retrieved from /opt/airflow/dags/create_audit_table.py
[2025-11-18T12:48:47.129+0000] {logging_mixin.py:188} INFO - [2025-11-18T12:48:47.128+0000] {dag.py:3036} INFO - Sync 1 DAGs
[2025-11-18T12:48:47.147+0000] {logging_mixin.py:188} INFO - [2025-11-18T12:48:47.146+0000] {dag.py:3823} INFO - Setting next_dagrun for create_audit_table to None, run_after=None
[2025-11-18T12:48:47.172+0000] {processor.py:183} INFO - Processing /opt/airflow/dags/create_audit_table.py took 0.114 seconds
[2025-11-18T12:49:17.882+0000] {processor.py:161} INFO - Started process (PID=28344) to work on /opt/airflow/dags/create_audit_table.py
[2025-11-18T12:49:17.884+0000] {processor.py:830} INFO - Processing file /opt/airflow/dags/create_audit_table.py for tasks to queue
[2025-11-18T12:49:17.886+0000] {logging_mixin.py:188} INFO - [2025-11-18T12:49:17.885+0000] {dagbag.py:538} INFO - Filling up the DagBag from /opt/airflow/dags/create_audit_table.py
[2025-11-18T12:49:17.918+0000] {processor.py:840} INFO - DAG(s) 'create_audit_table' retrieved from /opt/airflow/dags/create_audit_table.py
[2025-11-18T12:49:17.963+0000] {logging_mixin.py:188} INFO - [2025-11-18T12:49:17.963+0000] {dag.py:3036} INFO - Sync 1 DAGs
[2025-11-18T12:49:17.983+0000] {logging_mixin.py:188} INFO - [2025-11-18T12:49:17.983+0000] {dag.py:3823} INFO - Setting next_dagrun for create_audit_table to None, run_after=None
[2025-11-18T12:49:18.010+0000] {processor.py:183} INFO - Processing /opt/airflow/dags/create_audit_table.py took 0.132 seconds
[2025-11-18T12:49:48.659+0000] {processor.py:161} INFO - Started process (PID=28374) to work on /opt/airflow/dags/create_audit_table.py
[2025-11-18T12:49:48.661+0000] {processor.py:830} INFO - Processing file /opt/airflow/dags/create_audit_table.py for tasks to queue
[2025-11-18T12:49:48.674+0000] {logging_mixin.py:188} INFO - [2025-11-18T12:49:48.673+0000] {dagbag.py:538} INFO - Filling up the DagBag from /opt/airflow/dags/create_audit_table.py
[2025-11-18T12:49:48.717+0000] {processor.py:840} INFO - DAG(s) 'create_audit_table' retrieved from /opt/airflow/dags/create_audit_table.py
[2025-11-18T12:49:48.759+0000] {logging_mixin.py:188} INFO - [2025-11-18T12:49:48.759+0000] {dag.py:3036} INFO - Sync 1 DAGs
[2025-11-18T12:49:48.777+0000] {logging_mixin.py:188} INFO - [2025-11-18T12:49:48.777+0000] {dag.py:3823} INFO - Setting next_dagrun for create_audit_table to None, run_after=None
[2025-11-18T12:49:48.807+0000] {processor.py:183} INFO - Processing /opt/airflow/dags/create_audit_table.py took 0.153 seconds
[2025-11-18T12:50:18.970+0000] {processor.py:161} INFO - Started process (PID=28404) to work on /opt/airflow/dags/create_audit_table.py
[2025-11-18T12:50:18.974+0000] {processor.py:830} INFO - Processing file /opt/airflow/dags/create_audit_table.py for tasks to queue
[2025-11-18T12:50:18.977+0000] {logging_mixin.py:188} INFO - [2025-11-18T12:50:18.976+0000] {dagbag.py:538} INFO - Filling up the DagBag from /opt/airflow/dags/create_audit_table.py
[2025-11-18T12:50:19.165+0000] {processor.py:840} INFO - DAG(s) 'create_audit_table' retrieved from /opt/airflow/dags/create_audit_table.py
[2025-11-18T12:50:19.245+0000] {logging_mixin.py:188} INFO - [2025-11-18T12:50:19.245+0000] {dag.py:3036} INFO - Sync 1 DAGs
[2025-11-18T12:50:19.287+0000] {logging_mixin.py:188} INFO - [2025-11-18T12:50:19.286+0000] {dag.py:3823} INFO - Setting next_dagrun for create_audit_table to None, run_after=None
[2025-11-18T12:50:19.366+0000] {processor.py:183} INFO - Processing /opt/airflow/dags/create_audit_table.py took 0.406 seconds
[2025-11-18T12:50:50.419+0000] {processor.py:161} INFO - Started process (PID=28434) to work on /opt/airflow/dags/create_audit_table.py
[2025-11-18T12:50:50.438+0000] {processor.py:830} INFO - Processing file /opt/airflow/dags/create_audit_table.py for tasks to queue
[2025-11-18T12:50:50.448+0000] {logging_mixin.py:188} INFO - [2025-11-18T12:50:50.448+0000] {dagbag.py:538} INFO - Filling up the DagBag from /opt/airflow/dags/create_audit_table.py
[2025-11-18T12:50:50.522+0000] {processor.py:840} INFO - DAG(s) 'create_audit_table' retrieved from /opt/airflow/dags/create_audit_table.py
[2025-11-18T12:50:50.580+0000] {logging_mixin.py:188} INFO - [2025-11-18T12:50:50.579+0000] {dag.py:3036} INFO - Sync 1 DAGs
[2025-11-18T12:50:50.602+0000] {logging_mixin.py:188} INFO - [2025-11-18T12:50:50.601+0000] {dag.py:3823} INFO - Setting next_dagrun for create_audit_table to None, run_after=None
[2025-11-18T12:50:50.643+0000] {processor.py:183} INFO - Processing /opt/airflow/dags/create_audit_table.py took 0.229 seconds
[2025-11-18T12:51:21.527+0000] {processor.py:161} INFO - Started process (PID=28464) to work on /opt/airflow/dags/create_audit_table.py
[2025-11-18T12:51:21.531+0000] {processor.py:830} INFO - Processing file /opt/airflow/dags/create_audit_table.py for tasks to queue
[2025-11-18T12:51:21.533+0000] {logging_mixin.py:188} INFO - [2025-11-18T12:51:21.532+0000] {dagbag.py:538} INFO - Filling up the DagBag from /opt/airflow/dags/create_audit_table.py
[2025-11-18T12:51:21.567+0000] {processor.py:840} INFO - DAG(s) 'create_audit_table' retrieved from /opt/airflow/dags/create_audit_table.py
[2025-11-18T12:51:21.631+0000] {logging_mixin.py:188} INFO - [2025-11-18T12:51:21.630+0000] {dag.py:3036} INFO - Sync 1 DAGs
[2025-11-18T12:51:21.658+0000] {logging_mixin.py:188} INFO - [2025-11-18T12:51:21.658+0000] {dag.py:3823} INFO - Setting next_dagrun for create_audit_table to None, run_after=None
[2025-11-18T12:51:21.710+0000] {processor.py:183} INFO - Processing /opt/airflow/dags/create_audit_table.py took 0.188 seconds
[2025-11-18T12:51:51.823+0000] {processor.py:161} INFO - Started process (PID=28494) to work on /opt/airflow/dags/create_audit_table.py
[2025-11-18T12:51:51.825+0000] {processor.py:830} INFO - Processing file /opt/airflow/dags/create_audit_table.py for tasks to queue
[2025-11-18T12:51:51.826+0000] {logging_mixin.py:188} INFO - [2025-11-18T12:51:51.826+0000] {dagbag.py:538} INFO - Filling up the DagBag from /opt/airflow/dags/create_audit_table.py
[2025-11-18T12:51:51.867+0000] {processor.py:840} INFO - DAG(s) 'create_audit_table' retrieved from /opt/airflow/dags/create_audit_table.py
[2025-11-18T12:51:51.903+0000] {logging_mixin.py:188} INFO - [2025-11-18T12:51:51.902+0000] {dag.py:3036} INFO - Sync 1 DAGs
[2025-11-18T12:51:51.915+0000] {logging_mixin.py:188} INFO - [2025-11-18T12:51:51.913+0000] {dag.py:3823} INFO - Setting next_dagrun for create_audit_table to None, run_after=None
[2025-11-18T12:51:51.938+0000] {processor.py:183} INFO - Processing /opt/airflow/dags/create_audit_table.py took 0.121 seconds
[2025-11-18T12:52:22.179+0000] {processor.py:161} INFO - Started process (PID=28524) to work on /opt/airflow/dags/create_audit_table.py
[2025-11-18T12:52:22.181+0000] {processor.py:830} INFO - Processing file /opt/airflow/dags/create_audit_table.py for tasks to queue
[2025-11-18T12:52:22.183+0000] {logging_mixin.py:188} INFO - [2025-11-18T12:52:22.182+0000] {dagbag.py:538} INFO - Filling up the DagBag from /opt/airflow/dags/create_audit_table.py
[2025-11-18T12:52:22.204+0000] {processor.py:840} INFO - DAG(s) 'create_audit_table' retrieved from /opt/airflow/dags/create_audit_table.py
[2025-11-18T12:52:22.242+0000] {logging_mixin.py:188} INFO - [2025-11-18T12:52:22.242+0000] {dag.py:3036} INFO - Sync 1 DAGs
[2025-11-18T12:52:22.257+0000] {logging_mixin.py:188} INFO - [2025-11-18T12:52:22.257+0000] {dag.py:3823} INFO - Setting next_dagrun for create_audit_table to None, run_after=None
[2025-11-18T12:52:22.281+0000] {processor.py:183} INFO - Processing /opt/airflow/dags/create_audit_table.py took 0.106 seconds
[2025-11-18T12:52:52.501+0000] {processor.py:161} INFO - Started process (PID=28554) to work on /opt/airflow/dags/create_audit_table.py
[2025-11-18T12:52:52.502+0000] {processor.py:830} INFO - Processing file /opt/airflow/dags/create_audit_table.py for tasks to queue
[2025-11-18T12:52:52.503+0000] {logging_mixin.py:188} INFO - [2025-11-18T12:52:52.503+0000] {dagbag.py:538} INFO - Filling up the DagBag from /opt/airflow/dags/create_audit_table.py
[2025-11-18T12:52:52.518+0000] {processor.py:840} INFO - DAG(s) 'create_audit_table' retrieved from /opt/airflow/dags/create_audit_table.py
[2025-11-18T12:52:52.564+0000] {logging_mixin.py:188} INFO - [2025-11-18T12:52:52.564+0000] {dag.py:3036} INFO - Sync 1 DAGs
[2025-11-18T12:52:52.585+0000] {logging_mixin.py:188} INFO - [2025-11-18T12:52:52.584+0000] {dag.py:3823} INFO - Setting next_dagrun for create_audit_table to None, run_after=None
[2025-11-18T12:52:52.618+0000] {processor.py:183} INFO - Processing /opt/airflow/dags/create_audit_table.py took 0.123 seconds
[2025-11-18T12:53:22.830+0000] {processor.py:161} INFO - Started process (PID=28584) to work on /opt/airflow/dags/create_audit_table.py
[2025-11-18T12:53:22.831+0000] {processor.py:830} INFO - Processing file /opt/airflow/dags/create_audit_table.py for tasks to queue
[2025-11-18T12:53:22.834+0000] {logging_mixin.py:188} INFO - [2025-11-18T12:53:22.832+0000] {dagbag.py:538} INFO - Filling up the DagBag from /opt/airflow/dags/create_audit_table.py
[2025-11-18T12:53:22.870+0000] {processor.py:840} INFO - DAG(s) 'create_audit_table' retrieved from /opt/airflow/dags/create_audit_table.py
[2025-11-18T12:53:22.912+0000] {logging_mixin.py:188} INFO - [2025-11-18T12:53:22.912+0000] {dag.py:3036} INFO - Sync 1 DAGs
[2025-11-18T12:53:22.941+0000] {logging_mixin.py:188} INFO - [2025-11-18T12:53:22.941+0000] {dag.py:3823} INFO - Setting next_dagrun for create_audit_table to None, run_after=None
[2025-11-18T12:53:23.001+0000] {processor.py:183} INFO - Processing /opt/airflow/dags/create_audit_table.py took 0.177 seconds
[2025-11-18T12:53:53.120+0000] {processor.py:161} INFO - Started process (PID=28614) to work on /opt/airflow/dags/create_audit_table.py
[2025-11-18T12:53:53.121+0000] {processor.py:830} INFO - Processing file /opt/airflow/dags/create_audit_table.py for tasks to queue
[2025-11-18T12:53:53.122+0000] {logging_mixin.py:188} INFO - [2025-11-18T12:53:53.122+0000] {dagbag.py:538} INFO - Filling up the DagBag from /opt/airflow/dags/create_audit_table.py
[2025-11-18T12:53:53.145+0000] {processor.py:840} INFO - DAG(s) 'create_audit_table' retrieved from /opt/airflow/dags/create_audit_table.py
[2025-11-18T12:53:53.176+0000] {logging_mixin.py:188} INFO - [2025-11-18T12:53:53.176+0000] {dag.py:3036} INFO - Sync 1 DAGs
[2025-11-18T12:53:53.191+0000] {logging_mixin.py:188} INFO - [2025-11-18T12:53:53.191+0000] {dag.py:3823} INFO - Setting next_dagrun for create_audit_table to None, run_after=None
[2025-11-18T12:53:53.216+0000] {processor.py:183} INFO - Processing /opt/airflow/dags/create_audit_table.py took 0.101 seconds
[2025-11-18T12:54:23.333+0000] {processor.py:161} INFO - Started process (PID=28644) to work on /opt/airflow/dags/create_audit_table.py
[2025-11-18T12:54:23.335+0000] {processor.py:830} INFO - Processing file /opt/airflow/dags/create_audit_table.py for tasks to queue
[2025-11-18T12:54:23.336+0000] {logging_mixin.py:188} INFO - [2025-11-18T12:54:23.336+0000] {dagbag.py:538} INFO - Filling up the DagBag from /opt/airflow/dags/create_audit_table.py
[2025-11-18T12:54:23.360+0000] {processor.py:840} INFO - DAG(s) 'create_audit_table' retrieved from /opt/airflow/dags/create_audit_table.py
[2025-11-18T12:54:23.390+0000] {logging_mixin.py:188} INFO - [2025-11-18T12:54:23.389+0000] {dag.py:3036} INFO - Sync 1 DAGs
[2025-11-18T12:54:23.406+0000] {logging_mixin.py:188} INFO - [2025-11-18T12:54:23.406+0000] {dag.py:3823} INFO - Setting next_dagrun for create_audit_table to None, run_after=None
[2025-11-18T12:54:23.434+0000] {processor.py:183} INFO - Processing /opt/airflow/dags/create_audit_table.py took 0.105 seconds
[2025-11-18T12:54:53.827+0000] {processor.py:161} INFO - Started process (PID=28674) to work on /opt/airflow/dags/create_audit_table.py
[2025-11-18T12:54:53.829+0000] {processor.py:830} INFO - Processing file /opt/airflow/dags/create_audit_table.py for tasks to queue
[2025-11-18T12:54:53.831+0000] {logging_mixin.py:188} INFO - [2025-11-18T12:54:53.830+0000] {dagbag.py:538} INFO - Filling up the DagBag from /opt/airflow/dags/create_audit_table.py
[2025-11-18T12:54:53.867+0000] {processor.py:840} INFO - DAG(s) 'create_audit_table' retrieved from /opt/airflow/dags/create_audit_table.py
[2025-11-18T12:54:53.928+0000] {logging_mixin.py:188} INFO - [2025-11-18T12:54:53.927+0000] {dag.py:3036} INFO - Sync 1 DAGs
[2025-11-18T12:54:53.956+0000] {logging_mixin.py:188} INFO - [2025-11-18T12:54:53.955+0000] {dag.py:3823} INFO - Setting next_dagrun for create_audit_table to None, run_after=None
[2025-11-18T12:54:54.030+0000] {processor.py:183} INFO - Processing /opt/airflow/dags/create_audit_table.py took 0.208 seconds
[2025-11-18T12:55:27.275+0000] {processor.py:161} INFO - Started process (PID=28704) to work on /opt/airflow/dags/create_audit_table.py
[2025-11-18T12:55:27.279+0000] {processor.py:830} INFO - Processing file /opt/airflow/dags/create_audit_table.py for tasks to queue
[2025-11-18T12:55:27.285+0000] {logging_mixin.py:188} INFO - [2025-11-18T12:55:27.284+0000] {dagbag.py:538} INFO - Filling up the DagBag from /opt/airflow/dags/create_audit_table.py
[2025-11-18T12:55:27.699+0000] {processor.py:840} INFO - DAG(s) 'create_audit_table' retrieved from /opt/airflow/dags/create_audit_table.py
[2025-11-18T12:55:27.884+0000] {logging_mixin.py:188} INFO - [2025-11-18T12:55:27.875+0000] {dag.py:3036} INFO - Sync 1 DAGs
[2025-11-18T12:55:27.951+0000] {logging_mixin.py:188} INFO - [2025-11-18T12:55:27.950+0000] {dag.py:3823} INFO - Setting next_dagrun for create_audit_table to None, run_after=None
[2025-11-18T12:55:28.096+0000] {processor.py:183} INFO - Processing /opt/airflow/dags/create_audit_table.py took 0.837 seconds
[2025-11-18T12:59:06.387+0000] {processor.py:161} INFO - Started process (PID=28734) to work on /opt/airflow/dags/create_audit_table.py
[2025-11-18T12:59:06.398+0000] {processor.py:830} INFO - Processing file /opt/airflow/dags/create_audit_table.py for tasks to queue
[2025-11-18T12:59:06.403+0000] {logging_mixin.py:188} INFO - [2025-11-18T12:59:06.402+0000] {dagbag.py:538} INFO - Filling up the DagBag from /opt/airflow/dags/create_audit_table.py
[2025-11-18T12:59:06.586+0000] {processor.py:840} INFO - DAG(s) 'create_audit_table' retrieved from /opt/airflow/dags/create_audit_table.py
[2025-11-18T12:59:06.747+0000] {logging_mixin.py:188} INFO - [2025-11-18T12:59:06.737+0000] {dag.py:3036} INFO - Sync 1 DAGs
[2025-11-18T12:59:06.840+0000] {logging_mixin.py:188} INFO - [2025-11-18T12:59:06.833+0000] {dag.py:3823} INFO - Setting next_dagrun for create_audit_table to None, run_after=None
[2025-11-18T12:59:07.163+0000] {processor.py:183} INFO - Processing /opt/airflow/dags/create_audit_table.py took 0.791 seconds
[2025-11-18T12:59:39.240+0000] {processor.py:161} INFO - Started process (PID=28764) to work on /opt/airflow/dags/create_audit_table.py
[2025-11-18T12:59:39.242+0000] {processor.py:830} INFO - Processing file /opt/airflow/dags/create_audit_table.py for tasks to queue
[2025-11-18T12:59:39.244+0000] {logging_mixin.py:188} INFO - [2025-11-18T12:59:39.244+0000] {dagbag.py:538} INFO - Filling up the DagBag from /opt/airflow/dags/create_audit_table.py
[2025-11-18T12:59:39.279+0000] {processor.py:840} INFO - DAG(s) 'create_audit_table' retrieved from /opt/airflow/dags/create_audit_table.py
[2025-11-18T12:59:39.391+0000] {logging_mixin.py:188} INFO - [2025-11-18T12:59:39.391+0000] {dag.py:3036} INFO - Sync 1 DAGs
[2025-11-18T12:59:39.451+0000] {logging_mixin.py:188} INFO - [2025-11-18T12:59:39.451+0000] {dag.py:3823} INFO - Setting next_dagrun for create_audit_table to None, run_after=None
[2025-11-18T12:59:39.520+0000] {processor.py:183} INFO - Processing /opt/airflow/dags/create_audit_table.py took 0.297 seconds
[2025-11-18T13:00:43.862+0000] {processor.py:161} INFO - Started process (PID=28792) to work on /opt/airflow/dags/create_audit_table.py
[2025-11-18T13:00:43.869+0000] {processor.py:830} INFO - Processing file /opt/airflow/dags/create_audit_table.py for tasks to queue
[2025-11-18T13:00:43.902+0000] {logging_mixin.py:188} INFO - [2025-11-18T13:00:43.901+0000] {dagbag.py:538} INFO - Filling up the DagBag from /opt/airflow/dags/create_audit_table.py
[2025-11-18T13:00:50.302+0000] {processor.py:840} INFO - DAG(s) 'create_audit_table' retrieved from /opt/airflow/dags/create_audit_table.py
[2025-11-18T13:01:06.752+0000] {logging_mixin.py:188} INFO - [2025-11-18T13:01:06.743+0000] {dag.py:3036} INFO - Sync 1 DAGs
[2025-11-18T13:01:07.758+0000] {logging_mixin.py:188} INFO - [2025-11-18T13:01:07.757+0000] {dag.py:3823} INFO - Setting next_dagrun for create_audit_table to None, run_after=None
[2025-11-18T13:01:10.395+0000] {processor.py:183} INFO - Processing /opt/airflow/dags/create_audit_table.py took 26.540 seconds
[2025-11-18T13:01:50.450+0000] {processor.py:161} INFO - Started process (PID=28824) to work on /opt/airflow/dags/create_audit_table.py
[2025-11-18T13:01:50.467+0000] {processor.py:830} INFO - Processing file /opt/airflow/dags/create_audit_table.py for tasks to queue
[2025-11-18T13:01:50.502+0000] {logging_mixin.py:188} INFO - [2025-11-18T13:01:50.501+0000] {dagbag.py:538} INFO - Filling up the DagBag from /opt/airflow/dags/create_audit_table.py
[2025-11-18T13:01:51.018+0000] {processor.py:840} INFO - DAG(s) 'create_audit_table' retrieved from /opt/airflow/dags/create_audit_table.py
[2025-11-18T13:01:51.475+0000] {logging_mixin.py:188} INFO - [2025-11-18T13:01:51.474+0000] {dag.py:3036} INFO - Sync 1 DAGs
[2025-11-18T13:01:51.778+0000] {logging_mixin.py:188} INFO - [2025-11-18T13:01:51.777+0000] {dag.py:3823} INFO - Setting next_dagrun for create_audit_table to None, run_after=None
[2025-11-18T13:01:52.193+0000] {processor.py:183} INFO - Processing /opt/airflow/dags/create_audit_table.py took 1.782 seconds
[2025-11-18T13:02:30.938+0000] {processor.py:161} INFO - Started process (PID=28852) to work on /opt/airflow/dags/create_audit_table.py
[2025-11-18T13:02:30.956+0000] {processor.py:830} INFO - Processing file /opt/airflow/dags/create_audit_table.py for tasks to queue
[2025-11-18T13:02:30.964+0000] {logging_mixin.py:188} INFO - [2025-11-18T13:02:30.964+0000] {dagbag.py:538} INFO - Filling up the DagBag from /opt/airflow/dags/create_audit_table.py
[2025-11-18T13:02:31.498+0000] {processor.py:840} INFO - DAG(s) 'create_audit_table' retrieved from /opt/airflow/dags/create_audit_table.py
[2025-11-18T13:02:32.075+0000] {logging_mixin.py:188} INFO - [2025-11-18T13:02:32.075+0000] {dag.py:3036} INFO - Sync 1 DAGs
[2025-11-18T13:02:32.195+0000] {logging_mixin.py:188} INFO - [2025-11-18T13:02:32.195+0000] {dag.py:3823} INFO - Setting next_dagrun for create_audit_table to None, run_after=None
[2025-11-18T13:02:32.912+0000] {processor.py:183} INFO - Processing /opt/airflow/dags/create_audit_table.py took 2.004 seconds
[2025-11-18T13:03:05.247+0000] {processor.py:161} INFO - Started process (PID=28882) to work on /opt/airflow/dags/create_audit_table.py
[2025-11-18T13:03:05.250+0000] {processor.py:830} INFO - Processing file /opt/airflow/dags/create_audit_table.py for tasks to queue
[2025-11-18T13:03:05.257+0000] {logging_mixin.py:188} INFO - [2025-11-18T13:03:05.256+0000] {dagbag.py:538} INFO - Filling up the DagBag from /opt/airflow/dags/create_audit_table.py
[2025-11-18T13:03:05.529+0000] {processor.py:840} INFO - DAG(s) 'create_audit_table' retrieved from /opt/airflow/dags/create_audit_table.py
[2025-11-18T13:03:05.743+0000] {logging_mixin.py:188} INFO - [2025-11-18T13:03:05.733+0000] {dag.py:3036} INFO - Sync 1 DAGs
[2025-11-18T13:03:05.787+0000] {logging_mixin.py:188} INFO - [2025-11-18T13:03:05.787+0000] {dag.py:3823} INFO - Setting next_dagrun for create_audit_table to None, run_after=None
[2025-11-18T13:03:05.895+0000] {processor.py:183} INFO - Processing /opt/airflow/dags/create_audit_table.py took 0.661 seconds
[2025-11-18T13:03:53.950+0000] {processor.py:161} INFO - Started process (PID=28909) to work on /opt/airflow/dags/create_audit_table.py
[2025-11-18T13:03:53.954+0000] {processor.py:830} INFO - Processing file /opt/airflow/dags/create_audit_table.py for tasks to queue
[2025-11-18T13:03:53.958+0000] {logging_mixin.py:188} INFO - [2025-11-18T13:03:53.957+0000] {dagbag.py:538} INFO - Filling up the DagBag from /opt/airflow/dags/create_audit_table.py
[2025-11-18T13:03:54.026+0000] {processor.py:840} INFO - DAG(s) 'create_audit_table' retrieved from /opt/airflow/dags/create_audit_table.py
[2025-11-18T13:03:54.170+0000] {logging_mixin.py:188} INFO - [2025-11-18T13:03:54.169+0000] {dag.py:3036} INFO - Sync 1 DAGs
[2025-11-18T13:03:54.243+0000] {logging_mixin.py:188} INFO - [2025-11-18T13:03:54.243+0000] {dag.py:3823} INFO - Setting next_dagrun for create_audit_table to None, run_after=None
[2025-11-18T13:03:54.327+0000] {processor.py:183} INFO - Processing /opt/airflow/dags/create_audit_table.py took 0.388 seconds
[2025-11-18T13:04:30.469+0000] {processor.py:161} INFO - Started process (PID=28939) to work on /opt/airflow/dags/create_audit_table.py
[2025-11-18T13:04:30.481+0000] {processor.py:830} INFO - Processing file /opt/airflow/dags/create_audit_table.py for tasks to queue
[2025-11-18T13:04:30.485+0000] {logging_mixin.py:188} INFO - [2025-11-18T13:04:30.484+0000] {dagbag.py:538} INFO - Filling up the DagBag from /opt/airflow/dags/create_audit_table.py
[2025-11-18T13:04:30.661+0000] {processor.py:840} INFO - DAG(s) 'create_audit_table' retrieved from /opt/airflow/dags/create_audit_table.py
[2025-11-18T13:04:30.867+0000] {logging_mixin.py:188} INFO - [2025-11-18T13:04:30.866+0000] {dag.py:3036} INFO - Sync 1 DAGs
[2025-11-18T13:04:30.926+0000] {logging_mixin.py:188} INFO - [2025-11-18T13:04:30.925+0000] {dag.py:3823} INFO - Setting next_dagrun for create_audit_table to None, run_after=None
[2025-11-18T13:04:31.144+0000] {processor.py:183} INFO - Processing /opt/airflow/dags/create_audit_table.py took 0.685 seconds
[2025-11-18T13:05:38.209+0000] {processor.py:161} INFO - Started process (PID=28967) to work on /opt/airflow/dags/create_audit_table.py
[2025-11-18T13:05:38.212+0000] {processor.py:830} INFO - Processing file /opt/airflow/dags/create_audit_table.py for tasks to queue
[2025-11-18T13:05:38.224+0000] {logging_mixin.py:188} INFO - [2025-11-18T13:05:38.214+0000] {dagbag.py:538} INFO - Filling up the DagBag from /opt/airflow/dags/create_audit_table.py
[2025-11-18T13:05:38.278+0000] {processor.py:840} INFO - DAG(s) 'create_audit_table' retrieved from /opt/airflow/dags/create_audit_table.py
[2025-11-18T13:05:38.416+0000] {logging_mixin.py:188} INFO - [2025-11-18T13:05:38.416+0000] {dag.py:3036} INFO - Sync 1 DAGs
[2025-11-18T13:05:38.489+0000] {logging_mixin.py:188} INFO - [2025-11-18T13:05:38.488+0000] {dag.py:3823} INFO - Setting next_dagrun for create_audit_table to None, run_after=None
[2025-11-18T13:05:38.600+0000] {processor.py:183} INFO - Processing /opt/airflow/dags/create_audit_table.py took 0.407 seconds
[2025-11-18T13:06:08.914+0000] {processor.py:161} INFO - Started process (PID=28999) to work on /opt/airflow/dags/create_audit_table.py
[2025-11-18T13:06:08.919+0000] {processor.py:830} INFO - Processing file /opt/airflow/dags/create_audit_table.py for tasks to queue
[2025-11-18T13:06:08.922+0000] {logging_mixin.py:188} INFO - [2025-11-18T13:06:08.921+0000] {dagbag.py:538} INFO - Filling up the DagBag from /opt/airflow/dags/create_audit_table.py
[2025-11-18T13:06:08.951+0000] {processor.py:840} INFO - DAG(s) 'create_audit_table' retrieved from /opt/airflow/dags/create_audit_table.py
[2025-11-18T13:06:09.053+0000] {logging_mixin.py:188} INFO - [2025-11-18T13:06:09.053+0000] {dag.py:3036} INFO - Sync 1 DAGs
[2025-11-18T13:06:09.084+0000] {logging_mixin.py:188} INFO - [2025-11-18T13:06:09.083+0000] {dag.py:3823} INFO - Setting next_dagrun for create_audit_table to None, run_after=None
[2025-11-18T13:06:09.141+0000] {processor.py:183} INFO - Processing /opt/airflow/dags/create_audit_table.py took 0.233 seconds
[2025-11-18T13:07:10.397+0000] {processor.py:161} INFO - Started process (PID=29027) to work on /opt/airflow/dags/create_audit_table.py
[2025-11-18T13:07:10.465+0000] {processor.py:830} INFO - Processing file /opt/airflow/dags/create_audit_table.py for tasks to queue
[2025-11-18T13:07:10.475+0000] {logging_mixin.py:188} INFO - [2025-11-18T13:07:10.474+0000] {dagbag.py:538} INFO - Filling up the DagBag from /opt/airflow/dags/create_audit_table.py
[2025-11-18T13:07:12.806+0000] {processor.py:840} INFO - DAG(s) 'create_audit_table' retrieved from /opt/airflow/dags/create_audit_table.py
[2025-11-18T13:07:12.995+0000] {logging_mixin.py:188} INFO - [2025-11-18T13:07:12.994+0000] {dag.py:3036} INFO - Sync 1 DAGs
[2025-11-18T13:07:13.057+0000] {logging_mixin.py:188} INFO - [2025-11-18T13:07:13.057+0000] {dag.py:3823} INFO - Setting next_dagrun for create_audit_table to None, run_after=None
[2025-11-18T13:07:13.374+0000] {processor.py:183} INFO - Processing /opt/airflow/dags/create_audit_table.py took 2.985 seconds
[2025-11-18T13:08:37.788+0000] {processor.py:161} INFO - Started process (PID=29057) to work on /opt/airflow/dags/create_audit_table.py
[2025-11-18T13:08:37.794+0000] {processor.py:830} INFO - Processing file /opt/airflow/dags/create_audit_table.py for tasks to queue
[2025-11-18T13:08:37.802+0000] {logging_mixin.py:188} INFO - [2025-11-18T13:08:37.801+0000] {dagbag.py:538} INFO - Filling up the DagBag from /opt/airflow/dags/create_audit_table.py
[2025-11-18T13:08:40.042+0000] {processor.py:840} INFO - DAG(s) 'create_audit_table' retrieved from /opt/airflow/dags/create_audit_table.py
[2025-11-18T13:08:40.783+0000] {logging_mixin.py:188} INFO - [2025-11-18T13:08:40.782+0000] {dag.py:3036} INFO - Sync 1 DAGs
[2025-11-18T13:08:40.888+0000] {logging_mixin.py:188} INFO - [2025-11-18T13:08:40.887+0000] {dag.py:3823} INFO - Setting next_dagrun for create_audit_table to None, run_after=None
[2025-11-18T13:08:41.753+0000] {processor.py:183} INFO - Processing /opt/airflow/dags/create_audit_table.py took 3.977 seconds
[2025-11-18T13:10:07.405+0000] {processor.py:161} INFO - Started process (PID=29087) to work on /opt/airflow/dags/create_audit_table.py
[2025-11-18T13:10:07.418+0000] {processor.py:830} INFO - Processing file /opt/airflow/dags/create_audit_table.py for tasks to queue
[2025-11-18T13:10:07.423+0000] {logging_mixin.py:188} INFO - [2025-11-18T13:10:07.422+0000] {dagbag.py:538} INFO - Filling up the DagBag from /opt/airflow/dags/create_audit_table.py
[2025-11-18T13:10:07.578+0000] {processor.py:840} INFO - DAG(s) 'create_audit_table' retrieved from /opt/airflow/dags/create_audit_table.py
[2025-11-18T13:10:07.760+0000] {logging_mixin.py:188} INFO - [2025-11-18T13:10:07.760+0000] {dag.py:3036} INFO - Sync 1 DAGs
[2025-11-18T13:10:07.821+0000] {logging_mixin.py:188} INFO - [2025-11-18T13:10:07.820+0000] {dag.py:3823} INFO - Setting next_dagrun for create_audit_table to None, run_after=None
[2025-11-18T13:10:07.919+0000] {processor.py:183} INFO - Processing /opt/airflow/dags/create_audit_table.py took 0.526 seconds
[2025-11-18T13:10:38.274+0000] {processor.py:161} INFO - Started process (PID=29117) to work on /opt/airflow/dags/create_audit_table.py
[2025-11-18T13:10:38.281+0000] {processor.py:830} INFO - Processing file /opt/airflow/dags/create_audit_table.py for tasks to queue
[2025-11-18T13:10:38.284+0000] {logging_mixin.py:188} INFO - [2025-11-18T13:10:38.284+0000] {dagbag.py:538} INFO - Filling up the DagBag from /opt/airflow/dags/create_audit_table.py
[2025-11-18T13:10:38.337+0000] {processor.py:840} INFO - DAG(s) 'create_audit_table' retrieved from /opt/airflow/dags/create_audit_table.py
[2025-11-18T13:10:38.377+0000] {logging_mixin.py:188} INFO - [2025-11-18T13:10:38.377+0000] {dag.py:3036} INFO - Sync 1 DAGs
[2025-11-18T13:10:38.393+0000] {logging_mixin.py:188} INFO - [2025-11-18T13:10:38.393+0000] {dag.py:3823} INFO - Setting next_dagrun for create_audit_table to None, run_after=None
[2025-11-18T13:10:38.422+0000] {processor.py:183} INFO - Processing /opt/airflow/dags/create_audit_table.py took 0.159 seconds
[2025-11-18T13:11:19.246+0000] {processor.py:161} INFO - Started process (PID=29147) to work on /opt/airflow/dags/create_audit_table.py
[2025-11-18T13:11:19.408+0000] {processor.py:830} INFO - Processing file /opt/airflow/dags/create_audit_table.py for tasks to queue
[2025-11-18T13:11:19.468+0000] {logging_mixin.py:188} INFO - [2025-11-18T13:11:19.468+0000] {dagbag.py:538} INFO - Filling up the DagBag from /opt/airflow/dags/create_audit_table.py
[2025-11-18T13:11:22.451+0000] {processor.py:840} INFO - DAG(s) 'create_audit_table' retrieved from /opt/airflow/dags/create_audit_table.py
[2025-11-18T13:11:22.925+0000] {logging_mixin.py:188} INFO - [2025-11-18T13:11:22.924+0000] {dag.py:3036} INFO - Sync 1 DAGs
[2025-11-18T13:11:23.029+0000] {logging_mixin.py:188} INFO - [2025-11-18T13:11:23.028+0000] {dag.py:3823} INFO - Setting next_dagrun for create_audit_table to None, run_after=None
[2025-11-18T13:11:23.415+0000] {processor.py:183} INFO - Processing /opt/airflow/dags/create_audit_table.py took 4.177 seconds
[2025-11-18T13:12:01.826+0000] {processor.py:161} INFO - Started process (PID=29177) to work on /opt/airflow/dags/create_audit_table.py
[2025-11-18T13:12:01.842+0000] {processor.py:830} INFO - Processing file /opt/airflow/dags/create_audit_table.py for tasks to queue
[2025-11-18T13:12:01.859+0000] {logging_mixin.py:188} INFO - [2025-11-18T13:12:01.859+0000] {dagbag.py:538} INFO - Filling up the DagBag from /opt/airflow/dags/create_audit_table.py
[2025-11-18T13:12:02.321+0000] {processor.py:840} INFO - DAG(s) 'create_audit_table' retrieved from /opt/airflow/dags/create_audit_table.py
[2025-11-18T13:12:02.503+0000] {logging_mixin.py:188} INFO - [2025-11-18T13:12:02.503+0000] {dag.py:3036} INFO - Sync 1 DAGs
[2025-11-18T13:12:02.618+0000] {logging_mixin.py:188} INFO - [2025-11-18T13:12:02.617+0000] {dag.py:3823} INFO - Setting next_dagrun for create_audit_table to None, run_after=None
[2025-11-18T13:12:02.819+0000] {processor.py:183} INFO - Processing /opt/airflow/dags/create_audit_table.py took 1.015 seconds
[2025-11-18T13:12:40.855+0000] {processor.py:161} INFO - Started process (PID=29207) to work on /opt/airflow/dags/create_audit_table.py
[2025-11-18T13:12:41.350+0000] {processor.py:830} INFO - Processing file /opt/airflow/dags/create_audit_table.py for tasks to queue
[2025-11-18T13:12:41.356+0000] {logging_mixin.py:188} INFO - [2025-11-18T13:12:41.354+0000] {dagbag.py:538} INFO - Filling up the DagBag from /opt/airflow/dags/create_audit_table.py
[2025-11-18T13:12:43.588+0000] {processor.py:840} INFO - DAG(s) 'create_audit_table' retrieved from /opt/airflow/dags/create_audit_table.py
[2025-11-18T13:12:44.004+0000] {logging_mixin.py:188} INFO - [2025-11-18T13:12:44.004+0000] {dag.py:3036} INFO - Sync 1 DAGs
[2025-11-18T13:12:44.332+0000] {logging_mixin.py:188} INFO - [2025-11-18T13:12:44.331+0000] {dag.py:3823} INFO - Setting next_dagrun for create_audit_table to None, run_after=None
[2025-11-18T13:12:44.702+0000] {processor.py:183} INFO - Processing /opt/airflow/dags/create_audit_table.py took 4.059 seconds
[2025-11-18T13:13:15.493+0000] {processor.py:161} INFO - Started process (PID=29239) to work on /opt/airflow/dags/create_audit_table.py
[2025-11-18T13:13:15.495+0000] {processor.py:830} INFO - Processing file /opt/airflow/dags/create_audit_table.py for tasks to queue
[2025-11-18T13:13:15.496+0000] {logging_mixin.py:188} INFO - [2025-11-18T13:13:15.496+0000] {dagbag.py:538} INFO - Filling up the DagBag from /opt/airflow/dags/create_audit_table.py
[2025-11-18T13:13:15.520+0000] {processor.py:840} INFO - DAG(s) 'create_audit_table' retrieved from /opt/airflow/dags/create_audit_table.py
[2025-11-18T13:13:15.556+0000] {logging_mixin.py:188} INFO - [2025-11-18T13:13:15.556+0000] {dag.py:3036} INFO - Sync 1 DAGs
[2025-11-18T13:13:15.571+0000] {logging_mixin.py:188} INFO - [2025-11-18T13:13:15.571+0000] {dag.py:3823} INFO - Setting next_dagrun for create_audit_table to None, run_after=None
[2025-11-18T13:13:15.597+0000] {processor.py:183} INFO - Processing /opt/airflow/dags/create_audit_table.py took 0.107 seconds
[2025-11-18T13:13:47.371+0000] {processor.py:161} INFO - Started process (PID=29269) to work on /opt/airflow/dags/create_audit_table.py
[2025-11-18T13:13:47.420+0000] {processor.py:830} INFO - Processing file /opt/airflow/dags/create_audit_table.py for tasks to queue
[2025-11-18T13:13:47.471+0000] {logging_mixin.py:188} INFO - [2025-11-18T13:13:47.450+0000] {dagbag.py:538} INFO - Filling up the DagBag from /opt/airflow/dags/create_audit_table.py
[2025-11-18T13:13:48.181+0000] {processor.py:840} INFO - DAG(s) 'create_audit_table' retrieved from /opt/airflow/dags/create_audit_table.py
[2025-11-18T13:13:48.418+0000] {logging_mixin.py:188} INFO - [2025-11-18T13:13:48.418+0000] {dag.py:3036} INFO - Sync 1 DAGs
[2025-11-18T13:13:48.498+0000] {logging_mixin.py:188} INFO - [2025-11-18T13:13:48.497+0000] {dag.py:3823} INFO - Setting next_dagrun for create_audit_table to None, run_after=None
[2025-11-18T13:13:48.688+0000] {processor.py:183} INFO - Processing /opt/airflow/dags/create_audit_table.py took 1.351 seconds
[2025-11-18T13:14:26.232+0000] {processor.py:161} INFO - Started process (PID=29297) to work on /opt/airflow/dags/create_audit_table.py
[2025-11-18T13:14:26.236+0000] {processor.py:830} INFO - Processing file /opt/airflow/dags/create_audit_table.py for tasks to queue
[2025-11-18T13:14:26.239+0000] {logging_mixin.py:188} INFO - [2025-11-18T13:14:26.238+0000] {dagbag.py:538} INFO - Filling up the DagBag from /opt/airflow/dags/create_audit_table.py
[2025-11-18T13:14:28.257+0000] {processor.py:840} INFO - DAG(s) 'create_audit_table' retrieved from /opt/airflow/dags/create_audit_table.py
[2025-11-18T13:14:28.595+0000] {logging_mixin.py:188} INFO - [2025-11-18T13:14:28.593+0000] {dag.py:3036} INFO - Sync 1 DAGs
[2025-11-18T13:14:28.708+0000] {logging_mixin.py:188} INFO - [2025-11-18T13:14:28.707+0000] {dag.py:3823} INFO - Setting next_dagrun for create_audit_table to None, run_after=None
[2025-11-18T13:14:29.157+0000] {processor.py:183} INFO - Processing /opt/airflow/dags/create_audit_table.py took 2.942 seconds
[2025-11-18T13:14:59.946+0000] {processor.py:161} INFO - Started process (PID=29324) to work on /opt/airflow/dags/create_audit_table.py
[2025-11-18T13:14:59.961+0000] {processor.py:830} INFO - Processing file /opt/airflow/dags/create_audit_table.py for tasks to queue
[2025-11-18T13:14:59.975+0000] {logging_mixin.py:188} INFO - [2025-11-18T13:14:59.975+0000] {dagbag.py:538} INFO - Filling up the DagBag from /opt/airflow/dags/create_audit_table.py
[2025-11-18T13:15:02.128+0000] {processor.py:840} INFO - DAG(s) 'create_audit_table' retrieved from /opt/airflow/dags/create_audit_table.py
[2025-11-18T13:15:02.380+0000] {logging_mixin.py:188} INFO - [2025-11-18T13:15:02.379+0000] {dag.py:3036} INFO - Sync 1 DAGs
[2025-11-18T13:15:02.451+0000] {logging_mixin.py:188} INFO - [2025-11-18T13:15:02.450+0000] {dag.py:3823} INFO - Setting next_dagrun for create_audit_table to None, run_after=None
[2025-11-18T13:15:02.664+0000] {processor.py:183} INFO - Processing /opt/airflow/dags/create_audit_table.py took 2.736 seconds
[2025-11-18T13:15:36.204+0000] {processor.py:161} INFO - Started process (PID=29354) to work on /opt/airflow/dags/create_audit_table.py
[2025-11-18T13:15:36.252+0000] {processor.py:830} INFO - Processing file /opt/airflow/dags/create_audit_table.py for tasks to queue
[2025-11-18T13:15:36.342+0000] {logging_mixin.py:188} INFO - [2025-11-18T13:15:36.341+0000] {dagbag.py:538} INFO - Filling up the DagBag from /opt/airflow/dags/create_audit_table.py
[2025-11-18T13:15:36.934+0000] {processor.py:840} INFO - DAG(s) 'create_audit_table' retrieved from /opt/airflow/dags/create_audit_table.py
[2025-11-18T13:15:37.060+0000] {logging_mixin.py:188} INFO - [2025-11-18T13:15:37.059+0000] {dag.py:3036} INFO - Sync 1 DAGs
[2025-11-18T13:15:37.559+0000] {logging_mixin.py:188} INFO - [2025-11-18T13:15:37.559+0000] {dag.py:3823} INFO - Setting next_dagrun for create_audit_table to None, run_after=None
[2025-11-18T13:15:38.105+0000] {processor.py:183} INFO - Processing /opt/airflow/dags/create_audit_table.py took 1.906 seconds
[2025-11-18T13:16:09.468+0000] {processor.py:161} INFO - Started process (PID=29387) to work on /opt/airflow/dags/create_audit_table.py
[2025-11-18T13:16:09.472+0000] {processor.py:830} INFO - Processing file /opt/airflow/dags/create_audit_table.py for tasks to queue
[2025-11-18T13:16:09.474+0000] {logging_mixin.py:188} INFO - [2025-11-18T13:16:09.474+0000] {dagbag.py:538} INFO - Filling up the DagBag from /opt/airflow/dags/create_audit_table.py
[2025-11-18T13:16:09.527+0000] {processor.py:840} INFO - DAG(s) 'create_audit_table' retrieved from /opt/airflow/dags/create_audit_table.py
[2025-11-18T13:16:09.622+0000] {logging_mixin.py:188} INFO - [2025-11-18T13:16:09.622+0000] {dag.py:3036} INFO - Sync 1 DAGs
[2025-11-18T13:16:09.648+0000] {logging_mixin.py:188} INFO - [2025-11-18T13:16:09.648+0000] {dag.py:3823} INFO - Setting next_dagrun for create_audit_table to None, run_after=None
[2025-11-18T13:16:09.697+0000] {processor.py:183} INFO - Processing /opt/airflow/dags/create_audit_table.py took 0.235 seconds
[2025-11-18T13:16:39.903+0000] {processor.py:161} INFO - Started process (PID=29417) to work on /opt/airflow/dags/create_audit_table.py
[2025-11-18T13:16:39.905+0000] {processor.py:830} INFO - Processing file /opt/airflow/dags/create_audit_table.py for tasks to queue
[2025-11-18T13:16:39.907+0000] {logging_mixin.py:188} INFO - [2025-11-18T13:16:39.907+0000] {dagbag.py:538} INFO - Filling up the DagBag from /opt/airflow/dags/create_audit_table.py
[2025-11-18T13:16:39.942+0000] {processor.py:840} INFO - DAG(s) 'create_audit_table' retrieved from /opt/airflow/dags/create_audit_table.py
[2025-11-18T13:16:40.008+0000] {logging_mixin.py:188} INFO - [2025-11-18T13:16:40.008+0000] {dag.py:3036} INFO - Sync 1 DAGs
[2025-11-18T13:16:40.041+0000] {logging_mixin.py:188} INFO - [2025-11-18T13:16:40.040+0000] {dag.py:3823} INFO - Setting next_dagrun for create_audit_table to None, run_after=None
[2025-11-18T13:16:40.098+0000] {processor.py:183} INFO - Processing /opt/airflow/dags/create_audit_table.py took 0.211 seconds
[2025-11-18T13:17:10.322+0000] {processor.py:161} INFO - Started process (PID=29447) to work on /opt/airflow/dags/create_audit_table.py
[2025-11-18T13:17:10.324+0000] {processor.py:830} INFO - Processing file /opt/airflow/dags/create_audit_table.py for tasks to queue
[2025-11-18T13:17:10.326+0000] {logging_mixin.py:188} INFO - [2025-11-18T13:17:10.325+0000] {dagbag.py:538} INFO - Filling up the DagBag from /opt/airflow/dags/create_audit_table.py
[2025-11-18T13:17:10.341+0000] {processor.py:840} INFO - DAG(s) 'create_audit_table' retrieved from /opt/airflow/dags/create_audit_table.py
[2025-11-18T13:17:10.391+0000] {logging_mixin.py:188} INFO - [2025-11-18T13:17:10.390+0000] {dag.py:3036} INFO - Sync 1 DAGs
[2025-11-18T13:17:10.403+0000] {logging_mixin.py:188} INFO - [2025-11-18T13:17:10.403+0000] {dag.py:3823} INFO - Setting next_dagrun for create_audit_table to None, run_after=None
[2025-11-18T13:17:10.428+0000] {processor.py:183} INFO - Processing /opt/airflow/dags/create_audit_table.py took 0.111 seconds
[2025-11-18T13:17:40.668+0000] {processor.py:161} INFO - Started process (PID=29477) to work on /opt/airflow/dags/create_audit_table.py
[2025-11-18T13:17:40.675+0000] {processor.py:830} INFO - Processing file /opt/airflow/dags/create_audit_table.py for tasks to queue
[2025-11-18T13:17:40.680+0000] {logging_mixin.py:188} INFO - [2025-11-18T13:17:40.680+0000] {dagbag.py:538} INFO - Filling up the DagBag from /opt/airflow/dags/create_audit_table.py
[2025-11-18T13:17:40.737+0000] {processor.py:840} INFO - DAG(s) 'create_audit_table' retrieved from /opt/airflow/dags/create_audit_table.py
[2025-11-18T13:17:40.827+0000] {logging_mixin.py:188} INFO - [2025-11-18T13:17:40.826+0000] {dag.py:3036} INFO - Sync 1 DAGs
[2025-11-18T13:17:40.847+0000] {logging_mixin.py:188} INFO - [2025-11-18T13:17:40.847+0000] {dag.py:3823} INFO - Setting next_dagrun for create_audit_table to None, run_after=None
[2025-11-18T13:17:40.910+0000] {processor.py:183} INFO - Processing /opt/airflow/dags/create_audit_table.py took 0.247 seconds
[2025-11-18T13:18:11.310+0000] {processor.py:161} INFO - Started process (PID=29507) to work on /opt/airflow/dags/create_audit_table.py
[2025-11-18T13:18:11.313+0000] {processor.py:830} INFO - Processing file /opt/airflow/dags/create_audit_table.py for tasks to queue
[2025-11-18T13:18:11.315+0000] {logging_mixin.py:188} INFO - [2025-11-18T13:18:11.315+0000] {dagbag.py:538} INFO - Filling up the DagBag from /opt/airflow/dags/create_audit_table.py
[2025-11-18T13:18:11.349+0000] {processor.py:840} INFO - DAG(s) 'create_audit_table' retrieved from /opt/airflow/dags/create_audit_table.py
[2025-11-18T13:18:11.400+0000] {logging_mixin.py:188} INFO - [2025-11-18T13:18:11.400+0000] {dag.py:3036} INFO - Sync 1 DAGs
[2025-11-18T13:18:11.419+0000] {logging_mixin.py:188} INFO - [2025-11-18T13:18:11.419+0000] {dag.py:3823} INFO - Setting next_dagrun for create_audit_table to None, run_after=None
[2025-11-18T13:18:11.444+0000] {processor.py:183} INFO - Processing /opt/airflow/dags/create_audit_table.py took 0.139 seconds
[2025-11-18T13:18:41.661+0000] {processor.py:161} INFO - Started process (PID=29534) to work on /opt/airflow/dags/create_audit_table.py
[2025-11-18T13:18:41.664+0000] {processor.py:830} INFO - Processing file /opt/airflow/dags/create_audit_table.py for tasks to queue
[2025-11-18T13:18:41.665+0000] {logging_mixin.py:188} INFO - [2025-11-18T13:18:41.665+0000] {dagbag.py:538} INFO - Filling up the DagBag from /opt/airflow/dags/create_audit_table.py
[2025-11-18T13:18:41.682+0000] {processor.py:840} INFO - DAG(s) 'create_audit_table' retrieved from /opt/airflow/dags/create_audit_table.py
[2025-11-18T13:18:41.741+0000] {logging_mixin.py:188} INFO - [2025-11-18T13:18:41.741+0000] {dag.py:3036} INFO - Sync 1 DAGs
[2025-11-18T13:18:41.777+0000] {logging_mixin.py:188} INFO - [2025-11-18T13:18:41.776+0000] {dag.py:3823} INFO - Setting next_dagrun for create_audit_table to None, run_after=None
[2025-11-18T13:18:41.806+0000] {processor.py:183} INFO - Processing /opt/airflow/dags/create_audit_table.py took 0.148 seconds
