[2025-11-18T05:00:27.702+0000] {processor.py:161} INFO - Started process (PID=10536) to work on /opt/airflow/dags/failed_lineage_dag.py
[2025-11-18T05:00:27.892+0000] {processor.py:830} INFO - Processing file /opt/airflow/dags/failed_lineage_dag.py for tasks to queue
[2025-11-18T05:00:27.928+0000] {logging_mixin.py:188} INFO - [2025-11-18T05:00:27.907+0000] {dagbag.py:538} INFO - Filling up the DagBag from /opt/airflow/dags/failed_lineage_dag.py
[2025-11-18T05:00:30.532+0000] {processor.py:840} INFO - DAG(s) 'failed_lineage_dag' retrieved from /opt/airflow/dags/failed_lineage_dag.py
[2025-11-18T05:01:07.573+0000] {processor.py:161} INFO - Started process (PID=10568) to work on /opt/airflow/dags/failed_lineage_dag.py
[2025-11-18T05:01:07.583+0000] {processor.py:830} INFO - Processing file /opt/airflow/dags/failed_lineage_dag.py for tasks to queue
[2025-11-18T05:01:07.613+0000] {logging_mixin.py:188} INFO - [2025-11-18T05:01:07.605+0000] {dagbag.py:538} INFO - Filling up the DagBag from /opt/airflow/dags/failed_lineage_dag.py
[2025-11-18T05:01:08.287+0000] {processor.py:840} INFO - DAG(s) 'failed_lineage_dag' retrieved from /opt/airflow/dags/failed_lineage_dag.py
[2025-11-18T05:01:08.758+0000] {logging_mixin.py:188} INFO - [2025-11-18T05:01:08.758+0000] {dag.py:3036} INFO - Sync 1 DAGs
[2025-11-18T05:01:08.876+0000] {logging_mixin.py:188} INFO - [2025-11-18T05:01:08.876+0000] {dag.py:3823} INFO - Setting next_dagrun for failed_lineage_dag to None, run_after=None
[2025-11-18T05:01:08.995+0000] {processor.py:183} INFO - Processing /opt/airflow/dags/failed_lineage_dag.py took 1.519 seconds
[2025-11-18T05:02:09.063+0000] {processor.py:161} INFO - Started process (PID=10598) to work on /opt/airflow/dags/failed_lineage_dag.py
[2025-11-18T05:02:09.079+0000] {processor.py:830} INFO - Processing file /opt/airflow/dags/failed_lineage_dag.py for tasks to queue
[2025-11-18T05:02:09.104+0000] {logging_mixin.py:188} INFO - [2025-11-18T05:02:09.087+0000] {dagbag.py:538} INFO - Filling up the DagBag from /opt/airflow/dags/failed_lineage_dag.py
[2025-11-18T05:02:09.772+0000] {processor.py:840} INFO - DAG(s) 'failed_lineage_dag' retrieved from /opt/airflow/dags/failed_lineage_dag.py
[2025-11-18T05:02:10.229+0000] {logging_mixin.py:188} INFO - [2025-11-18T05:02:10.223+0000] {dag.py:3036} INFO - Sync 1 DAGs
[2025-11-18T05:02:10.463+0000] {logging_mixin.py:188} INFO - [2025-11-18T05:02:10.462+0000] {dag.py:3823} INFO - Setting next_dagrun for failed_lineage_dag to None, run_after=None
[2025-11-18T05:02:10.911+0000] {processor.py:183} INFO - Processing /opt/airflow/dags/failed_lineage_dag.py took 1.946 seconds
[2025-11-18T05:02:41.245+0000] {processor.py:161} INFO - Started process (PID=10623) to work on /opt/airflow/dags/failed_lineage_dag.py
[2025-11-18T05:02:41.248+0000] {processor.py:830} INFO - Processing file /opt/airflow/dags/failed_lineage_dag.py for tasks to queue
[2025-11-18T05:02:41.249+0000] {logging_mixin.py:188} INFO - [2025-11-18T05:02:41.249+0000] {dagbag.py:538} INFO - Filling up the DagBag from /opt/airflow/dags/failed_lineage_dag.py
[2025-11-18T05:02:41.292+0000] {processor.py:840} INFO - DAG(s) 'failed_lineage_dag' retrieved from /opt/airflow/dags/failed_lineage_dag.py
[2025-11-18T05:02:41.408+0000] {logging_mixin.py:188} INFO - [2025-11-18T05:02:41.399+0000] {dag.py:3036} INFO - Sync 1 DAGs
[2025-11-18T05:02:41.469+0000] {logging_mixin.py:188} INFO - [2025-11-18T05:02:41.460+0000] {dag.py:3823} INFO - Setting next_dagrun for failed_lineage_dag to None, run_after=None
[2025-11-18T05:02:41.543+0000] {processor.py:183} INFO - Processing /opt/airflow/dags/failed_lineage_dag.py took 0.313 seconds
[2025-11-18T05:03:11.738+0000] {processor.py:161} INFO - Started process (PID=10648) to work on /opt/airflow/dags/failed_lineage_dag.py
[2025-11-18T05:03:11.745+0000] {processor.py:830} INFO - Processing file /opt/airflow/dags/failed_lineage_dag.py for tasks to queue
[2025-11-18T05:03:11.749+0000] {logging_mixin.py:188} INFO - [2025-11-18T05:03:11.748+0000] {dagbag.py:538} INFO - Filling up the DagBag from /opt/airflow/dags/failed_lineage_dag.py
[2025-11-18T05:03:11.782+0000] {processor.py:840} INFO - DAG(s) 'failed_lineage_dag' retrieved from /opt/airflow/dags/failed_lineage_dag.py
[2025-11-18T05:03:11.859+0000] {logging_mixin.py:188} INFO - [2025-11-18T05:03:11.858+0000] {dag.py:3036} INFO - Sync 1 DAGs
[2025-11-18T05:03:11.896+0000] {logging_mixin.py:188} INFO - [2025-11-18T05:03:11.895+0000] {dag.py:3823} INFO - Setting next_dagrun for failed_lineage_dag to None, run_after=None
[2025-11-18T05:03:11.984+0000] {processor.py:183} INFO - Processing /opt/airflow/dags/failed_lineage_dag.py took 0.252 seconds
[2025-11-18T05:03:42.368+0000] {processor.py:161} INFO - Started process (PID=10673) to work on /opt/airflow/dags/failed_lineage_dag.py
[2025-11-18T05:03:42.370+0000] {processor.py:830} INFO - Processing file /opt/airflow/dags/failed_lineage_dag.py for tasks to queue
[2025-11-18T05:03:42.372+0000] {logging_mixin.py:188} INFO - [2025-11-18T05:03:42.372+0000] {dagbag.py:538} INFO - Filling up the DagBag from /opt/airflow/dags/failed_lineage_dag.py
[2025-11-18T05:03:42.403+0000] {processor.py:840} INFO - DAG(s) 'failed_lineage_dag' retrieved from /opt/airflow/dags/failed_lineage_dag.py
[2025-11-18T05:03:42.457+0000] {logging_mixin.py:188} INFO - [2025-11-18T05:03:42.456+0000] {dag.py:3036} INFO - Sync 1 DAGs
[2025-11-18T05:03:42.476+0000] {logging_mixin.py:188} INFO - [2025-11-18T05:03:42.476+0000] {dag.py:3823} INFO - Setting next_dagrun for failed_lineage_dag to None, run_after=None
[2025-11-18T05:03:42.520+0000] {processor.py:183} INFO - Processing /opt/airflow/dags/failed_lineage_dag.py took 0.160 seconds
[2025-11-18T05:04:14.010+0000] {processor.py:161} INFO - Started process (PID=10698) to work on /opt/airflow/dags/failed_lineage_dag.py
[2025-11-18T05:04:14.027+0000] {processor.py:830} INFO - Processing file /opt/airflow/dags/failed_lineage_dag.py for tasks to queue
[2025-11-18T05:04:14.030+0000] {logging_mixin.py:188} INFO - [2025-11-18T05:04:14.029+0000] {dagbag.py:538} INFO - Filling up the DagBag from /opt/airflow/dags/failed_lineage_dag.py
[2025-11-18T05:04:14.072+0000] {processor.py:840} INFO - DAG(s) 'failed_lineage_dag' retrieved from /opt/airflow/dags/failed_lineage_dag.py
[2025-11-18T05:04:14.158+0000] {logging_mixin.py:188} INFO - [2025-11-18T05:04:14.157+0000] {dag.py:3036} INFO - Sync 1 DAGs
[2025-11-18T05:04:14.187+0000] {logging_mixin.py:188} INFO - [2025-11-18T05:04:14.187+0000] {dag.py:3823} INFO - Setting next_dagrun for failed_lineage_dag to None, run_after=None
[2025-11-18T05:04:14.245+0000] {processor.py:183} INFO - Processing /opt/airflow/dags/failed_lineage_dag.py took 0.240 seconds
[2025-11-18T05:04:44.966+0000] {processor.py:161} INFO - Started process (PID=10723) to work on /opt/airflow/dags/failed_lineage_dag.py
[2025-11-18T05:04:44.978+0000] {processor.py:830} INFO - Processing file /opt/airflow/dags/failed_lineage_dag.py for tasks to queue
[2025-11-18T05:04:44.994+0000] {logging_mixin.py:188} INFO - [2025-11-18T05:04:44.994+0000] {dagbag.py:538} INFO - Filling up the DagBag from /opt/airflow/dags/failed_lineage_dag.py
[2025-11-18T05:04:45.065+0000] {processor.py:840} INFO - DAG(s) 'failed_lineage_dag' retrieved from /opt/airflow/dags/failed_lineage_dag.py
[2025-11-18T05:04:45.122+0000] {logging_mixin.py:188} INFO - [2025-11-18T05:04:45.122+0000] {dag.py:3036} INFO - Sync 1 DAGs
[2025-11-18T05:04:45.148+0000] {logging_mixin.py:188} INFO - [2025-11-18T05:04:45.147+0000] {dag.py:3823} INFO - Setting next_dagrun for failed_lineage_dag to None, run_after=None
[2025-11-18T05:04:45.206+0000] {processor.py:183} INFO - Processing /opt/airflow/dags/failed_lineage_dag.py took 0.245 seconds
[2025-11-18T05:05:17.237+0000] {processor.py:161} INFO - Started process (PID=10748) to work on /opt/airflow/dags/failed_lineage_dag.py
[2025-11-18T05:05:17.240+0000] {processor.py:830} INFO - Processing file /opt/airflow/dags/failed_lineage_dag.py for tasks to queue
[2025-11-18T05:05:17.255+0000] {logging_mixin.py:188} INFO - [2025-11-18T05:05:17.254+0000] {dagbag.py:538} INFO - Filling up the DagBag from /opt/airflow/dags/failed_lineage_dag.py
[2025-11-18T05:05:17.342+0000] {processor.py:840} INFO - DAG(s) 'failed_lineage_dag' retrieved from /opt/airflow/dags/failed_lineage_dag.py
[2025-11-18T05:05:17.523+0000] {logging_mixin.py:188} INFO - [2025-11-18T05:05:17.523+0000] {dag.py:3036} INFO - Sync 1 DAGs
[2025-11-18T05:05:17.587+0000] {logging_mixin.py:188} INFO - [2025-11-18T05:05:17.581+0000] {dag.py:3823} INFO - Setting next_dagrun for failed_lineage_dag to None, run_after=None
[2025-11-18T05:05:17.725+0000] {processor.py:183} INFO - Processing /opt/airflow/dags/failed_lineage_dag.py took 0.492 seconds
[2025-11-18T05:05:48.719+0000] {processor.py:161} INFO - Started process (PID=10773) to work on /opt/airflow/dags/failed_lineage_dag.py
[2025-11-18T05:05:48.720+0000] {processor.py:830} INFO - Processing file /opt/airflow/dags/failed_lineage_dag.py for tasks to queue
[2025-11-18T05:05:48.722+0000] {logging_mixin.py:188} INFO - [2025-11-18T05:05:48.722+0000] {dagbag.py:538} INFO - Filling up the DagBag from /opt/airflow/dags/failed_lineage_dag.py
[2025-11-18T05:05:48.744+0000] {processor.py:840} INFO - DAG(s) 'failed_lineage_dag' retrieved from /opt/airflow/dags/failed_lineage_dag.py
[2025-11-18T05:05:48.812+0000] {logging_mixin.py:188} INFO - [2025-11-18T05:05:48.811+0000] {dag.py:3036} INFO - Sync 1 DAGs
[2025-11-18T05:05:48.846+0000] {logging_mixin.py:188} INFO - [2025-11-18T05:05:48.837+0000] {dag.py:3823} INFO - Setting next_dagrun for failed_lineage_dag to None, run_after=None
[2025-11-18T05:05:48.903+0000] {processor.py:183} INFO - Processing /opt/airflow/dags/failed_lineage_dag.py took 0.188 seconds
[2025-11-18T05:06:19.912+0000] {processor.py:161} INFO - Started process (PID=10798) to work on /opt/airflow/dags/failed_lineage_dag.py
[2025-11-18T05:06:19.915+0000] {processor.py:830} INFO - Processing file /opt/airflow/dags/failed_lineage_dag.py for tasks to queue
[2025-11-18T05:06:19.917+0000] {logging_mixin.py:188} INFO - [2025-11-18T05:06:19.916+0000] {dagbag.py:538} INFO - Filling up the DagBag from /opt/airflow/dags/failed_lineage_dag.py
[2025-11-18T05:06:19.957+0000] {processor.py:840} INFO - DAG(s) 'failed_lineage_dag' retrieved from /opt/airflow/dags/failed_lineage_dag.py
[2025-11-18T05:06:20.102+0000] {logging_mixin.py:188} INFO - [2025-11-18T05:06:20.102+0000] {dag.py:3036} INFO - Sync 1 DAGs
[2025-11-18T05:06:20.162+0000] {logging_mixin.py:188} INFO - [2025-11-18T05:06:20.161+0000] {dag.py:3823} INFO - Setting next_dagrun for failed_lineage_dag to None, run_after=None
[2025-11-18T05:06:20.251+0000] {processor.py:183} INFO - Processing /opt/airflow/dags/failed_lineage_dag.py took 0.342 seconds
[2025-11-18T05:06:57.449+0000] {processor.py:161} INFO - Started process (PID=10821) to work on /opt/airflow/dags/failed_lineage_dag.py
[2025-11-18T05:06:57.514+0000] {processor.py:830} INFO - Processing file /opt/airflow/dags/failed_lineage_dag.py for tasks to queue
[2025-11-18T05:06:57.521+0000] {logging_mixin.py:188} INFO - [2025-11-18T05:06:57.518+0000] {dagbag.py:538} INFO - Filling up the DagBag from /opt/airflow/dags/failed_lineage_dag.py
[2025-11-18T05:06:58.382+0000] {processor.py:840} INFO - DAG(s) 'failed_lineage_dag' retrieved from /opt/airflow/dags/failed_lineage_dag.py
[2025-11-18T05:06:58.516+0000] {logging_mixin.py:188} INFO - [2025-11-18T05:06:58.516+0000] {dag.py:3036} INFO - Sync 1 DAGs
[2025-11-18T05:06:58.617+0000] {logging_mixin.py:188} INFO - [2025-11-18T05:06:58.617+0000] {dag.py:3823} INFO - Setting next_dagrun for failed_lineage_dag to None, run_after=None
[2025-11-18T05:06:58.818+0000] {processor.py:183} INFO - Processing /opt/airflow/dags/failed_lineage_dag.py took 1.373 seconds
[2025-11-18T05:07:29.761+0000] {processor.py:161} INFO - Started process (PID=10848) to work on /opt/airflow/dags/failed_lineage_dag.py
[2025-11-18T05:07:29.765+0000] {processor.py:830} INFO - Processing file /opt/airflow/dags/failed_lineage_dag.py for tasks to queue
[2025-11-18T05:07:29.768+0000] {logging_mixin.py:188} INFO - [2025-11-18T05:07:29.767+0000] {dagbag.py:538} INFO - Filling up the DagBag from /opt/airflow/dags/failed_lineage_dag.py
[2025-11-18T05:07:29.965+0000] {processor.py:840} INFO - DAG(s) 'failed_lineage_dag' retrieved from /opt/airflow/dags/failed_lineage_dag.py
[2025-11-18T05:07:30.047+0000] {logging_mixin.py:188} INFO - [2025-11-18T05:07:30.047+0000] {dag.py:3036} INFO - Sync 1 DAGs
[2025-11-18T05:07:30.098+0000] {logging_mixin.py:188} INFO - [2025-11-18T05:07:30.097+0000] {dag.py:3823} INFO - Setting next_dagrun for failed_lineage_dag to None, run_after=None
[2025-11-18T05:07:30.167+0000] {processor.py:183} INFO - Processing /opt/airflow/dags/failed_lineage_dag.py took 0.411 seconds
[2025-11-18T05:08:00.443+0000] {processor.py:161} INFO - Started process (PID=10873) to work on /opt/airflow/dags/failed_lineage_dag.py
[2025-11-18T05:08:00.448+0000] {processor.py:830} INFO - Processing file /opt/airflow/dags/failed_lineage_dag.py for tasks to queue
[2025-11-18T05:08:00.454+0000] {logging_mixin.py:188} INFO - [2025-11-18T05:08:00.454+0000] {dagbag.py:538} INFO - Filling up the DagBag from /opt/airflow/dags/failed_lineage_dag.py
[2025-11-18T05:08:00.489+0000] {processor.py:840} INFO - DAG(s) 'failed_lineage_dag' retrieved from /opt/airflow/dags/failed_lineage_dag.py
[2025-11-18T05:08:00.582+0000] {logging_mixin.py:188} INFO - [2025-11-18T05:08:00.573+0000] {dag.py:3036} INFO - Sync 1 DAGs
[2025-11-18T05:08:00.620+0000] {logging_mixin.py:188} INFO - [2025-11-18T05:08:00.620+0000] {dag.py:3823} INFO - Setting next_dagrun for failed_lineage_dag to None, run_after=None
[2025-11-18T05:08:00.696+0000] {processor.py:183} INFO - Processing /opt/airflow/dags/failed_lineage_dag.py took 0.258 seconds
[2025-11-18T05:08:31.386+0000] {processor.py:161} INFO - Started process (PID=10898) to work on /opt/airflow/dags/failed_lineage_dag.py
[2025-11-18T05:08:31.389+0000] {processor.py:830} INFO - Processing file /opt/airflow/dags/failed_lineage_dag.py for tasks to queue
[2025-11-18T05:08:31.398+0000] {logging_mixin.py:188} INFO - [2025-11-18T05:08:31.394+0000] {dagbag.py:538} INFO - Filling up the DagBag from /opt/airflow/dags/failed_lineage_dag.py
[2025-11-18T05:08:31.433+0000] {processor.py:840} INFO - DAG(s) 'failed_lineage_dag' retrieved from /opt/airflow/dags/failed_lineage_dag.py
[2025-11-18T05:08:31.502+0000] {logging_mixin.py:188} INFO - [2025-11-18T05:08:31.501+0000] {dag.py:3036} INFO - Sync 1 DAGs
[2025-11-18T05:08:31.530+0000] {logging_mixin.py:188} INFO - [2025-11-18T05:08:31.529+0000] {dag.py:3823} INFO - Setting next_dagrun for failed_lineage_dag to None, run_after=None
[2025-11-18T05:08:31.647+0000] {processor.py:183} INFO - Processing /opt/airflow/dags/failed_lineage_dag.py took 0.267 seconds
[2025-11-18T05:09:02.589+0000] {processor.py:161} INFO - Started process (PID=10923) to work on /opt/airflow/dags/failed_lineage_dag.py
[2025-11-18T05:09:02.590+0000] {processor.py:830} INFO - Processing file /opt/airflow/dags/failed_lineage_dag.py for tasks to queue
[2025-11-18T05:09:02.592+0000] {logging_mixin.py:188} INFO - [2025-11-18T05:09:02.591+0000] {dagbag.py:538} INFO - Filling up the DagBag from /opt/airflow/dags/failed_lineage_dag.py
[2025-11-18T05:09:02.616+0000] {processor.py:840} INFO - DAG(s) 'failed_lineage_dag' retrieved from /opt/airflow/dags/failed_lineage_dag.py
[2025-11-18T05:09:02.647+0000] {logging_mixin.py:188} INFO - [2025-11-18T05:09:02.645+0000] {dag.py:3036} INFO - Sync 1 DAGs
[2025-11-18T05:09:02.659+0000] {logging_mixin.py:188} INFO - [2025-11-18T05:09:02.659+0000] {dag.py:3823} INFO - Setting next_dagrun for failed_lineage_dag to None, run_after=None
[2025-11-18T05:09:02.681+0000] {processor.py:183} INFO - Processing /opt/airflow/dags/failed_lineage_dag.py took 0.096 seconds
[2025-11-18T05:09:33.385+0000] {processor.py:161} INFO - Started process (PID=10948) to work on /opt/airflow/dags/failed_lineage_dag.py
[2025-11-18T05:09:33.391+0000] {processor.py:830} INFO - Processing file /opt/airflow/dags/failed_lineage_dag.py for tasks to queue
[2025-11-18T05:09:33.397+0000] {logging_mixin.py:188} INFO - [2025-11-18T05:09:33.396+0000] {dagbag.py:538} INFO - Filling up the DagBag from /opt/airflow/dags/failed_lineage_dag.py
[2025-11-18T05:09:33.426+0000] {processor.py:840} INFO - DAG(s) 'failed_lineage_dag' retrieved from /opt/airflow/dags/failed_lineage_dag.py
[2025-11-18T05:09:33.537+0000] {logging_mixin.py:188} INFO - [2025-11-18T05:09:33.537+0000] {dag.py:3036} INFO - Sync 1 DAGs
[2025-11-18T05:09:33.644+0000] {logging_mixin.py:188} INFO - [2025-11-18T05:09:33.644+0000] {dag.py:3823} INFO - Setting next_dagrun for failed_lineage_dag to None, run_after=None
[2025-11-18T05:09:33.719+0000] {processor.py:183} INFO - Processing /opt/airflow/dags/failed_lineage_dag.py took 0.339 seconds
[2025-11-18T05:10:04.463+0000] {processor.py:161} INFO - Started process (PID=10973) to work on /opt/airflow/dags/failed_lineage_dag.py
[2025-11-18T05:10:04.466+0000] {processor.py:830} INFO - Processing file /opt/airflow/dags/failed_lineage_dag.py for tasks to queue
[2025-11-18T05:10:04.478+0000] {logging_mixin.py:188} INFO - [2025-11-18T05:10:04.477+0000] {dagbag.py:538} INFO - Filling up the DagBag from /opt/airflow/dags/failed_lineage_dag.py
[2025-11-18T05:10:04.861+0000] {processor.py:840} INFO - DAG(s) 'failed_lineage_dag' retrieved from /opt/airflow/dags/failed_lineage_dag.py
[2025-11-18T05:10:04.998+0000] {logging_mixin.py:188} INFO - [2025-11-18T05:10:04.987+0000] {dag.py:3036} INFO - Sync 1 DAGs
[2025-11-18T05:10:05.047+0000] {logging_mixin.py:188} INFO - [2025-11-18T05:10:05.047+0000] {dag.py:3823} INFO - Setting next_dagrun for failed_lineage_dag to None, run_after=None
[2025-11-18T05:10:05.222+0000] {processor.py:183} INFO - Processing /opt/airflow/dags/failed_lineage_dag.py took 0.769 seconds
[2025-11-18T05:10:36.169+0000] {processor.py:161} INFO - Started process (PID=10998) to work on /opt/airflow/dags/failed_lineage_dag.py
[2025-11-18T05:10:36.178+0000] {processor.py:830} INFO - Processing file /opt/airflow/dags/failed_lineage_dag.py for tasks to queue
[2025-11-18T05:10:36.188+0000] {logging_mixin.py:188} INFO - [2025-11-18T05:10:36.187+0000] {dagbag.py:538} INFO - Filling up the DagBag from /opt/airflow/dags/failed_lineage_dag.py
[2025-11-18T05:10:36.353+0000] {processor.py:840} INFO - DAG(s) 'failed_lineage_dag' retrieved from /opt/airflow/dags/failed_lineage_dag.py
[2025-11-18T05:10:36.448+0000] {logging_mixin.py:188} INFO - [2025-11-18T05:10:36.446+0000] {dag.py:3036} INFO - Sync 1 DAGs
[2025-11-18T05:10:36.492+0000] {logging_mixin.py:188} INFO - [2025-11-18T05:10:36.492+0000] {dag.py:3823} INFO - Setting next_dagrun for failed_lineage_dag to None, run_after=None
[2025-11-18T05:10:36.595+0000] {processor.py:183} INFO - Processing /opt/airflow/dags/failed_lineage_dag.py took 0.433 seconds
[2025-11-18T05:11:07.566+0000] {processor.py:161} INFO - Started process (PID=11023) to work on /opt/airflow/dags/failed_lineage_dag.py
[2025-11-18T05:11:07.567+0000] {processor.py:830} INFO - Processing file /opt/airflow/dags/failed_lineage_dag.py for tasks to queue
[2025-11-18T05:11:07.568+0000] {logging_mixin.py:188} INFO - [2025-11-18T05:11:07.568+0000] {dagbag.py:538} INFO - Filling up the DagBag from /opt/airflow/dags/failed_lineage_dag.py
[2025-11-18T05:11:07.585+0000] {processor.py:840} INFO - DAG(s) 'failed_lineage_dag' retrieved from /opt/airflow/dags/failed_lineage_dag.py
[2025-11-18T05:11:07.610+0000] {logging_mixin.py:188} INFO - [2025-11-18T05:11:07.610+0000] {dag.py:3036} INFO - Sync 1 DAGs
[2025-11-18T05:11:07.620+0000] {logging_mixin.py:188} INFO - [2025-11-18T05:11:07.620+0000] {dag.py:3823} INFO - Setting next_dagrun for failed_lineage_dag to None, run_after=None
[2025-11-18T05:11:07.642+0000] {processor.py:183} INFO - Processing /opt/airflow/dags/failed_lineage_dag.py took 0.080 seconds
[2025-11-18T05:11:38.411+0000] {processor.py:161} INFO - Started process (PID=11048) to work on /opt/airflow/dags/failed_lineage_dag.py
[2025-11-18T05:11:38.413+0000] {processor.py:830} INFO - Processing file /opt/airflow/dags/failed_lineage_dag.py for tasks to queue
[2025-11-18T05:11:38.414+0000] {logging_mixin.py:188} INFO - [2025-11-18T05:11:38.413+0000] {dagbag.py:538} INFO - Filling up the DagBag from /opt/airflow/dags/failed_lineage_dag.py
[2025-11-18T05:11:38.436+0000] {processor.py:840} INFO - DAG(s) 'failed_lineage_dag' retrieved from /opt/airflow/dags/failed_lineage_dag.py
[2025-11-18T05:11:38.465+0000] {logging_mixin.py:188} INFO - [2025-11-18T05:11:38.465+0000] {dag.py:3036} INFO - Sync 1 DAGs
[2025-11-18T05:11:38.479+0000] {logging_mixin.py:188} INFO - [2025-11-18T05:11:38.478+0000] {dag.py:3823} INFO - Setting next_dagrun for failed_lineage_dag to None, run_after=None
[2025-11-18T05:11:38.527+0000] {processor.py:183} INFO - Processing /opt/airflow/dags/failed_lineage_dag.py took 0.119 seconds
[2025-11-18T05:12:09.127+0000] {processor.py:161} INFO - Started process (PID=11073) to work on /opt/airflow/dags/failed_lineage_dag.py
[2025-11-18T05:12:09.129+0000] {processor.py:830} INFO - Processing file /opt/airflow/dags/failed_lineage_dag.py for tasks to queue
[2025-11-18T05:12:09.130+0000] {logging_mixin.py:188} INFO - [2025-11-18T05:12:09.130+0000] {dagbag.py:538} INFO - Filling up the DagBag from /opt/airflow/dags/failed_lineage_dag.py
[2025-11-18T05:12:09.148+0000] {processor.py:840} INFO - DAG(s) 'failed_lineage_dag' retrieved from /opt/airflow/dags/failed_lineage_dag.py
[2025-11-18T05:12:09.175+0000] {logging_mixin.py:188} INFO - [2025-11-18T05:12:09.175+0000] {dag.py:3036} INFO - Sync 1 DAGs
[2025-11-18T05:12:09.189+0000] {logging_mixin.py:188} INFO - [2025-11-18T05:12:09.188+0000] {dag.py:3823} INFO - Setting next_dagrun for failed_lineage_dag to None, run_after=None
[2025-11-18T05:12:09.214+0000] {processor.py:183} INFO - Processing /opt/airflow/dags/failed_lineage_dag.py took 0.091 seconds
[2025-11-18T05:12:39.989+0000] {processor.py:161} INFO - Started process (PID=11098) to work on /opt/airflow/dags/failed_lineage_dag.py
[2025-11-18T05:12:39.991+0000] {processor.py:830} INFO - Processing file /opt/airflow/dags/failed_lineage_dag.py for tasks to queue
[2025-11-18T05:12:39.992+0000] {logging_mixin.py:188} INFO - [2025-11-18T05:12:39.992+0000] {dagbag.py:538} INFO - Filling up the DagBag from /opt/airflow/dags/failed_lineage_dag.py
[2025-11-18T05:12:40.026+0000] {processor.py:840} INFO - DAG(s) 'failed_lineage_dag' retrieved from /opt/airflow/dags/failed_lineage_dag.py
[2025-11-18T05:12:40.074+0000] {logging_mixin.py:188} INFO - [2025-11-18T05:12:40.073+0000] {dag.py:3036} INFO - Sync 1 DAGs
[2025-11-18T05:12:40.099+0000] {logging_mixin.py:188} INFO - [2025-11-18T05:12:40.096+0000] {dag.py:3823} INFO - Setting next_dagrun for failed_lineage_dag to None, run_after=None
[2025-11-18T05:12:40.138+0000] {processor.py:183} INFO - Processing /opt/airflow/dags/failed_lineage_dag.py took 0.154 seconds
[2025-11-18T05:13:10.539+0000] {processor.py:161} INFO - Started process (PID=11123) to work on /opt/airflow/dags/failed_lineage_dag.py
[2025-11-18T05:13:10.541+0000] {processor.py:830} INFO - Processing file /opt/airflow/dags/failed_lineage_dag.py for tasks to queue
[2025-11-18T05:13:10.543+0000] {logging_mixin.py:188} INFO - [2025-11-18T05:13:10.543+0000] {dagbag.py:538} INFO - Filling up the DagBag from /opt/airflow/dags/failed_lineage_dag.py
[2025-11-18T05:13:10.572+0000] {processor.py:840} INFO - DAG(s) 'failed_lineage_dag' retrieved from /opt/airflow/dags/failed_lineage_dag.py
[2025-11-18T05:13:10.605+0000] {logging_mixin.py:188} INFO - [2025-11-18T05:13:10.604+0000] {dag.py:3036} INFO - Sync 1 DAGs
[2025-11-18T05:13:10.625+0000] {logging_mixin.py:188} INFO - [2025-11-18T05:13:10.625+0000] {dag.py:3823} INFO - Setting next_dagrun for failed_lineage_dag to None, run_after=None
[2025-11-18T05:13:10.692+0000] {processor.py:183} INFO - Processing /opt/airflow/dags/failed_lineage_dag.py took 0.156 seconds
[2025-11-18T05:13:41.673+0000] {processor.py:161} INFO - Started process (PID=11148) to work on /opt/airflow/dags/failed_lineage_dag.py
[2025-11-18T05:13:41.684+0000] {processor.py:830} INFO - Processing file /opt/airflow/dags/failed_lineage_dag.py for tasks to queue
[2025-11-18T05:13:41.687+0000] {logging_mixin.py:188} INFO - [2025-11-18T05:13:41.687+0000] {dagbag.py:538} INFO - Filling up the DagBag from /opt/airflow/dags/failed_lineage_dag.py
[2025-11-18T05:13:41.732+0000] {processor.py:840} INFO - DAG(s) 'failed_lineage_dag' retrieved from /opt/airflow/dags/failed_lineage_dag.py
[2025-11-18T05:13:41.902+0000] {logging_mixin.py:188} INFO - [2025-11-18T05:13:41.902+0000] {dag.py:3036} INFO - Sync 1 DAGs
[2025-11-18T05:13:41.940+0000] {logging_mixin.py:188} INFO - [2025-11-18T05:13:41.940+0000] {dag.py:3823} INFO - Setting next_dagrun for failed_lineage_dag to None, run_after=None
[2025-11-18T05:13:42.027+0000] {processor.py:183} INFO - Processing /opt/airflow/dags/failed_lineage_dag.py took 0.359 seconds
[2025-11-18T05:14:12.639+0000] {processor.py:161} INFO - Started process (PID=11173) to work on /opt/airflow/dags/failed_lineage_dag.py
[2025-11-18T05:14:12.640+0000] {processor.py:830} INFO - Processing file /opt/airflow/dags/failed_lineage_dag.py for tasks to queue
[2025-11-18T05:14:12.641+0000] {logging_mixin.py:188} INFO - [2025-11-18T05:14:12.641+0000] {dagbag.py:538} INFO - Filling up the DagBag from /opt/airflow/dags/failed_lineage_dag.py
[2025-11-18T05:14:12.657+0000] {processor.py:840} INFO - DAG(s) 'failed_lineage_dag' retrieved from /opt/airflow/dags/failed_lineage_dag.py
[2025-11-18T05:14:12.683+0000] {logging_mixin.py:188} INFO - [2025-11-18T05:14:12.682+0000] {dag.py:3036} INFO - Sync 1 DAGs
[2025-11-18T05:14:12.709+0000] {logging_mixin.py:188} INFO - [2025-11-18T05:14:12.709+0000] {dag.py:3823} INFO - Setting next_dagrun for failed_lineage_dag to None, run_after=None
[2025-11-18T05:14:12.804+0000] {processor.py:183} INFO - Processing /opt/airflow/dags/failed_lineage_dag.py took 0.170 seconds
[2025-11-18T05:14:43.489+0000] {processor.py:161} INFO - Started process (PID=11198) to work on /opt/airflow/dags/failed_lineage_dag.py
[2025-11-18T05:14:43.491+0000] {processor.py:830} INFO - Processing file /opt/airflow/dags/failed_lineage_dag.py for tasks to queue
[2025-11-18T05:14:43.494+0000] {logging_mixin.py:188} INFO - [2025-11-18T05:14:43.493+0000] {dagbag.py:538} INFO - Filling up the DagBag from /opt/airflow/dags/failed_lineage_dag.py
[2025-11-18T05:14:43.526+0000] {processor.py:840} INFO - DAG(s) 'failed_lineage_dag' retrieved from /opt/airflow/dags/failed_lineage_dag.py
[2025-11-18T05:14:43.566+0000] {logging_mixin.py:188} INFO - [2025-11-18T05:14:43.565+0000] {dag.py:3036} INFO - Sync 1 DAGs
[2025-11-18T05:14:43.588+0000] {logging_mixin.py:188} INFO - [2025-11-18T05:14:43.588+0000] {dag.py:3823} INFO - Setting next_dagrun for failed_lineage_dag to None, run_after=None
[2025-11-18T05:14:43.618+0000] {processor.py:183} INFO - Processing /opt/airflow/dags/failed_lineage_dag.py took 0.132 seconds
[2025-11-18T05:15:59.770+0000] {processor.py:161} INFO - Started process (PID=11232) to work on /opt/airflow/dags/failed_lineage_dag.py
[2025-11-18T05:15:59.773+0000] {processor.py:830} INFO - Processing file /opt/airflow/dags/failed_lineage_dag.py for tasks to queue
[2025-11-18T05:15:59.783+0000] {logging_mixin.py:188} INFO - [2025-11-18T05:15:59.782+0000] {dagbag.py:538} INFO - Filling up the DagBag from /opt/airflow/dags/failed_lineage_dag.py
[2025-11-18T05:16:00.003+0000] {processor.py:840} INFO - DAG(s) 'failed_lineage_dag' retrieved from /opt/airflow/dags/failed_lineage_dag.py
[2025-11-18T05:16:00.213+0000] {logging_mixin.py:188} INFO - [2025-11-18T05:16:00.212+0000] {dag.py:3036} INFO - Sync 1 DAGs
[2025-11-18T05:16:00.300+0000] {logging_mixin.py:188} INFO - [2025-11-18T05:16:00.299+0000] {dag.py:3823} INFO - Setting next_dagrun for failed_lineage_dag to None, run_after=None
[2025-11-18T05:16:00.586+0000] {processor.py:183} INFO - Processing /opt/airflow/dags/failed_lineage_dag.py took 0.843 seconds
[2025-11-18T05:16:31.740+0000] {processor.py:161} INFO - Started process (PID=11266) to work on /opt/airflow/dags/failed_lineage_dag.py
[2025-11-18T05:16:31.746+0000] {processor.py:830} INFO - Processing file /opt/airflow/dags/failed_lineage_dag.py for tasks to queue
[2025-11-18T05:16:31.752+0000] {logging_mixin.py:188} INFO - [2025-11-18T05:16:31.751+0000] {dagbag.py:538} INFO - Filling up the DagBag from /opt/airflow/dags/failed_lineage_dag.py
[2025-11-18T05:16:31.835+0000] {processor.py:840} INFO - DAG(s) 'failed_lineage_dag' retrieved from /opt/airflow/dags/failed_lineage_dag.py
[2025-11-18T05:16:31.923+0000] {logging_mixin.py:188} INFO - [2025-11-18T05:16:31.923+0000] {dag.py:3036} INFO - Sync 1 DAGs
[2025-11-18T05:16:31.971+0000] {logging_mixin.py:188} INFO - [2025-11-18T05:16:31.971+0000] {dag.py:3823} INFO - Setting next_dagrun for failed_lineage_dag to None, run_after=None
[2025-11-18T05:16:32.038+0000] {processor.py:183} INFO - Processing /opt/airflow/dags/failed_lineage_dag.py took 0.303 seconds
[2025-11-18T05:17:02.651+0000] {processor.py:161} INFO - Started process (PID=11291) to work on /opt/airflow/dags/failed_lineage_dag.py
[2025-11-18T05:17:02.653+0000] {processor.py:830} INFO - Processing file /opt/airflow/dags/failed_lineage_dag.py for tasks to queue
[2025-11-18T05:17:02.654+0000] {logging_mixin.py:188} INFO - [2025-11-18T05:17:02.654+0000] {dagbag.py:538} INFO - Filling up the DagBag from /opt/airflow/dags/failed_lineage_dag.py
[2025-11-18T05:17:02.678+0000] {processor.py:840} INFO - DAG(s) 'failed_lineage_dag' retrieved from /opt/airflow/dags/failed_lineage_dag.py
[2025-11-18T05:17:02.727+0000] {logging_mixin.py:188} INFO - [2025-11-18T05:17:02.726+0000] {dag.py:3036} INFO - Sync 1 DAGs
[2025-11-18T05:17:02.748+0000] {logging_mixin.py:188} INFO - [2025-11-18T05:17:02.747+0000] {dag.py:3823} INFO - Setting next_dagrun for failed_lineage_dag to None, run_after=None
[2025-11-18T05:17:02.776+0000] {processor.py:183} INFO - Processing /opt/airflow/dags/failed_lineage_dag.py took 0.132 seconds
[2025-11-18T05:17:32.915+0000] {processor.py:161} INFO - Started process (PID=11316) to work on /opt/airflow/dags/failed_lineage_dag.py
[2025-11-18T05:17:32.918+0000] {processor.py:830} INFO - Processing file /opt/airflow/dags/failed_lineage_dag.py for tasks to queue
[2025-11-18T05:17:32.920+0000] {logging_mixin.py:188} INFO - [2025-11-18T05:17:32.919+0000] {dagbag.py:538} INFO - Filling up the DagBag from /opt/airflow/dags/failed_lineage_dag.py
[2025-11-18T05:17:32.978+0000] {processor.py:840} INFO - DAG(s) 'failed_lineage_dag' retrieved from /opt/airflow/dags/failed_lineage_dag.py
[2025-11-18T05:17:33.075+0000] {logging_mixin.py:188} INFO - [2025-11-18T05:17:33.074+0000] {dag.py:3036} INFO - Sync 1 DAGs
[2025-11-18T05:17:33.121+0000] {logging_mixin.py:188} INFO - [2025-11-18T05:17:33.120+0000] {dag.py:3823} INFO - Setting next_dagrun for failed_lineage_dag to None, run_after=None
[2025-11-18T05:17:33.184+0000] {processor.py:183} INFO - Processing /opt/airflow/dags/failed_lineage_dag.py took 0.284 seconds
[2025-11-18T05:18:03.694+0000] {processor.py:161} INFO - Started process (PID=11341) to work on /opt/airflow/dags/failed_lineage_dag.py
[2025-11-18T05:18:03.695+0000] {processor.py:830} INFO - Processing file /opt/airflow/dags/failed_lineage_dag.py for tasks to queue
[2025-11-18T05:18:03.696+0000] {logging_mixin.py:188} INFO - [2025-11-18T05:18:03.696+0000] {dagbag.py:538} INFO - Filling up the DagBag from /opt/airflow/dags/failed_lineage_dag.py
[2025-11-18T05:18:03.712+0000] {processor.py:840} INFO - DAG(s) 'failed_lineage_dag' retrieved from /opt/airflow/dags/failed_lineage_dag.py
[2025-11-18T05:18:03.739+0000] {logging_mixin.py:188} INFO - [2025-11-18T05:18:03.739+0000] {dag.py:3036} INFO - Sync 1 DAGs
[2025-11-18T05:18:03.751+0000] {logging_mixin.py:188} INFO - [2025-11-18T05:18:03.751+0000] {dag.py:3823} INFO - Setting next_dagrun for failed_lineage_dag to None, run_after=None
[2025-11-18T05:18:03.771+0000] {processor.py:183} INFO - Processing /opt/airflow/dags/failed_lineage_dag.py took 0.081 seconds
[2025-11-18T05:18:34.478+0000] {processor.py:161} INFO - Started process (PID=11364) to work on /opt/airflow/dags/failed_lineage_dag.py
[2025-11-18T05:18:34.479+0000] {processor.py:830} INFO - Processing file /opt/airflow/dags/failed_lineage_dag.py for tasks to queue
[2025-11-18T05:18:34.481+0000] {logging_mixin.py:188} INFO - [2025-11-18T05:18:34.480+0000] {dagbag.py:538} INFO - Filling up the DagBag from /opt/airflow/dags/failed_lineage_dag.py
[2025-11-18T05:18:34.506+0000] {processor.py:840} INFO - DAG(s) 'failed_lineage_dag' retrieved from /opt/airflow/dags/failed_lineage_dag.py
[2025-11-18T05:18:34.537+0000] {logging_mixin.py:188} INFO - [2025-11-18T05:18:34.536+0000] {dag.py:3036} INFO - Sync 1 DAGs
[2025-11-18T05:18:34.549+0000] {logging_mixin.py:188} INFO - [2025-11-18T05:18:34.549+0000] {dag.py:3823} INFO - Setting next_dagrun for failed_lineage_dag to None, run_after=None
[2025-11-18T05:18:34.575+0000] {processor.py:183} INFO - Processing /opt/airflow/dags/failed_lineage_dag.py took 0.102 seconds
[2025-11-18T05:19:05.334+0000] {processor.py:161} INFO - Started process (PID=11391) to work on /opt/airflow/dags/failed_lineage_dag.py
[2025-11-18T05:19:05.335+0000] {processor.py:830} INFO - Processing file /opt/airflow/dags/failed_lineage_dag.py for tasks to queue
[2025-11-18T05:19:05.336+0000] {logging_mixin.py:188} INFO - [2025-11-18T05:19:05.336+0000] {dagbag.py:538} INFO - Filling up the DagBag from /opt/airflow/dags/failed_lineage_dag.py
[2025-11-18T05:19:05.354+0000] {processor.py:840} INFO - DAG(s) 'failed_lineage_dag' retrieved from /opt/airflow/dags/failed_lineage_dag.py
[2025-11-18T05:19:05.380+0000] {logging_mixin.py:188} INFO - [2025-11-18T05:19:05.380+0000] {dag.py:3036} INFO - Sync 1 DAGs
[2025-11-18T05:19:05.390+0000] {logging_mixin.py:188} INFO - [2025-11-18T05:19:05.390+0000] {dag.py:3823} INFO - Setting next_dagrun for failed_lineage_dag to None, run_after=None
[2025-11-18T05:19:05.412+0000] {processor.py:183} INFO - Processing /opt/airflow/dags/failed_lineage_dag.py took 0.081 seconds
[2025-11-18T05:19:36.153+0000] {processor.py:161} INFO - Started process (PID=11416) to work on /opt/airflow/dags/failed_lineage_dag.py
[2025-11-18T05:19:36.155+0000] {processor.py:830} INFO - Processing file /opt/airflow/dags/failed_lineage_dag.py for tasks to queue
[2025-11-18T05:19:36.156+0000] {logging_mixin.py:188} INFO - [2025-11-18T05:19:36.156+0000] {dagbag.py:538} INFO - Filling up the DagBag from /opt/airflow/dags/failed_lineage_dag.py
[2025-11-18T05:19:36.173+0000] {processor.py:840} INFO - DAG(s) 'failed_lineage_dag' retrieved from /opt/airflow/dags/failed_lineage_dag.py
[2025-11-18T05:19:36.201+0000] {logging_mixin.py:188} INFO - [2025-11-18T05:19:36.201+0000] {dag.py:3036} INFO - Sync 1 DAGs
[2025-11-18T05:19:36.212+0000] {logging_mixin.py:188} INFO - [2025-11-18T05:19:36.212+0000] {dag.py:3823} INFO - Setting next_dagrun for failed_lineage_dag to None, run_after=None
[2025-11-18T05:19:36.229+0000] {processor.py:183} INFO - Processing /opt/airflow/dags/failed_lineage_dag.py took 0.079 seconds
[2025-11-18T05:20:07.008+0000] {processor.py:161} INFO - Started process (PID=11441) to work on /opt/airflow/dags/failed_lineage_dag.py
[2025-11-18T05:20:07.009+0000] {processor.py:830} INFO - Processing file /opt/airflow/dags/failed_lineage_dag.py for tasks to queue
[2025-11-18T05:20:07.010+0000] {logging_mixin.py:188} INFO - [2025-11-18T05:20:07.010+0000] {dagbag.py:538} INFO - Filling up the DagBag from /opt/airflow/dags/failed_lineage_dag.py
[2025-11-18T05:20:07.032+0000] {processor.py:840} INFO - DAG(s) 'failed_lineage_dag' retrieved from /opt/airflow/dags/failed_lineage_dag.py
[2025-11-18T05:20:07.061+0000] {logging_mixin.py:188} INFO - [2025-11-18T05:20:07.061+0000] {dag.py:3036} INFO - Sync 1 DAGs
[2025-11-18T05:20:07.081+0000] {logging_mixin.py:188} INFO - [2025-11-18T05:20:07.081+0000] {dag.py:3823} INFO - Setting next_dagrun for failed_lineage_dag to None, run_after=None
[2025-11-18T05:20:07.100+0000] {processor.py:183} INFO - Processing /opt/airflow/dags/failed_lineage_dag.py took 0.096 seconds
[2025-11-18T05:20:37.579+0000] {processor.py:161} INFO - Started process (PID=11466) to work on /opt/airflow/dags/failed_lineage_dag.py
[2025-11-18T05:20:37.580+0000] {processor.py:830} INFO - Processing file /opt/airflow/dags/failed_lineage_dag.py for tasks to queue
[2025-11-18T05:20:37.581+0000] {logging_mixin.py:188} INFO - [2025-11-18T05:20:37.581+0000] {dagbag.py:538} INFO - Filling up the DagBag from /opt/airflow/dags/failed_lineage_dag.py
[2025-11-18T05:20:37.599+0000] {processor.py:840} INFO - DAG(s) 'failed_lineage_dag' retrieved from /opt/airflow/dags/failed_lineage_dag.py
[2025-11-18T05:20:37.627+0000] {logging_mixin.py:188} INFO - [2025-11-18T05:20:37.626+0000] {dag.py:3036} INFO - Sync 1 DAGs
[2025-11-18T05:20:37.637+0000] {logging_mixin.py:188} INFO - [2025-11-18T05:20:37.637+0000] {dag.py:3823} INFO - Setting next_dagrun for failed_lineage_dag to None, run_after=None
[2025-11-18T05:20:37.659+0000] {processor.py:183} INFO - Processing /opt/airflow/dags/failed_lineage_dag.py took 0.084 seconds
[2025-11-18T05:21:08.991+0000] {processor.py:161} INFO - Started process (PID=11491) to work on /opt/airflow/dags/failed_lineage_dag.py
[2025-11-18T05:21:08.994+0000] {processor.py:830} INFO - Processing file /opt/airflow/dags/failed_lineage_dag.py for tasks to queue
[2025-11-18T05:21:09.003+0000] {logging_mixin.py:188} INFO - [2025-11-18T05:21:09.003+0000] {dagbag.py:538} INFO - Filling up the DagBag from /opt/airflow/dags/failed_lineage_dag.py
[2025-11-18T05:21:09.039+0000] {processor.py:840} INFO - DAG(s) 'failed_lineage_dag' retrieved from /opt/airflow/dags/failed_lineage_dag.py
[2025-11-18T05:21:09.117+0000] {logging_mixin.py:188} INFO - [2025-11-18T05:21:09.116+0000] {dag.py:3036} INFO - Sync 1 DAGs
[2025-11-18T05:21:09.162+0000] {logging_mixin.py:188} INFO - [2025-11-18T05:21:09.155+0000] {dag.py:3823} INFO - Setting next_dagrun for failed_lineage_dag to None, run_after=None
[2025-11-18T05:21:09.224+0000] {processor.py:183} INFO - Processing /opt/airflow/dags/failed_lineage_dag.py took 0.238 seconds
[2025-11-18T05:21:40.095+0000] {processor.py:161} INFO - Started process (PID=11516) to work on /opt/airflow/dags/failed_lineage_dag.py
[2025-11-18T05:21:40.097+0000] {processor.py:830} INFO - Processing file /opt/airflow/dags/failed_lineage_dag.py for tasks to queue
[2025-11-18T05:21:40.099+0000] {logging_mixin.py:188} INFO - [2025-11-18T05:21:40.098+0000] {dagbag.py:538} INFO - Filling up the DagBag from /opt/airflow/dags/failed_lineage_dag.py
[2025-11-18T05:21:40.124+0000] {processor.py:840} INFO - DAG(s) 'failed_lineage_dag' retrieved from /opt/airflow/dags/failed_lineage_dag.py
[2025-11-18T05:21:40.193+0000] {logging_mixin.py:188} INFO - [2025-11-18T05:21:40.193+0000] {dag.py:3036} INFO - Sync 1 DAGs
[2025-11-18T05:21:40.205+0000] {logging_mixin.py:188} INFO - [2025-11-18T05:21:40.204+0000] {dag.py:3823} INFO - Setting next_dagrun for failed_lineage_dag to None, run_after=None
[2025-11-18T05:21:40.337+0000] {processor.py:183} INFO - Processing /opt/airflow/dags/failed_lineage_dag.py took 0.247 seconds
[2025-11-18T05:36:20.904+0000] {processor.py:161} INFO - Started process (PID=11546) to work on /opt/airflow/dags/failed_lineage_dag.py
[2025-11-18T05:36:20.907+0000] {processor.py:830} INFO - Processing file /opt/airflow/dags/failed_lineage_dag.py for tasks to queue
[2025-11-18T05:36:20.916+0000] {logging_mixin.py:188} INFO - [2025-11-18T05:36:20.916+0000] {dagbag.py:538} INFO - Filling up the DagBag from /opt/airflow/dags/failed_lineage_dag.py
[2025-11-18T05:36:21.022+0000] {processor.py:840} INFO - DAG(s) 'failed_lineage_dag' retrieved from /opt/airflow/dags/failed_lineage_dag.py
[2025-11-18T05:36:21.128+0000] {logging_mixin.py:188} INFO - [2025-11-18T05:36:21.127+0000] {dag.py:3036} INFO - Sync 1 DAGs
[2025-11-18T05:36:21.179+0000] {logging_mixin.py:188} INFO - [2025-11-18T05:36:21.178+0000] {dag.py:3823} INFO - Setting next_dagrun for failed_lineage_dag to None, run_after=None
[2025-11-18T05:36:21.311+0000] {processor.py:183} INFO - Processing /opt/airflow/dags/failed_lineage_dag.py took 0.411 seconds
[2025-11-18T05:36:52.154+0000] {processor.py:161} INFO - Started process (PID=11571) to work on /opt/airflow/dags/failed_lineage_dag.py
[2025-11-18T05:36:52.158+0000] {processor.py:830} INFO - Processing file /opt/airflow/dags/failed_lineage_dag.py for tasks to queue
[2025-11-18T05:36:52.175+0000] {logging_mixin.py:188} INFO - [2025-11-18T05:36:52.174+0000] {dagbag.py:538} INFO - Filling up the DagBag from /opt/airflow/dags/failed_lineage_dag.py
[2025-11-18T05:36:52.234+0000] {processor.py:840} INFO - DAG(s) 'failed_lineage_dag' retrieved from /opt/airflow/dags/failed_lineage_dag.py
[2025-11-18T05:36:52.301+0000] {logging_mixin.py:188} INFO - [2025-11-18T05:36:52.301+0000] {dag.py:3036} INFO - Sync 1 DAGs
[2025-11-18T05:36:52.352+0000] {logging_mixin.py:188} INFO - [2025-11-18T05:36:52.351+0000] {dag.py:3823} INFO - Setting next_dagrun for failed_lineage_dag to None, run_after=None
[2025-11-18T05:36:52.406+0000] {processor.py:183} INFO - Processing /opt/airflow/dags/failed_lineage_dag.py took 0.267 seconds
[2025-11-18T05:37:22.513+0000] {processor.py:161} INFO - Started process (PID=11596) to work on /opt/airflow/dags/failed_lineage_dag.py
[2025-11-18T05:37:22.514+0000] {processor.py:830} INFO - Processing file /opt/airflow/dags/failed_lineage_dag.py for tasks to queue
[2025-11-18T05:37:22.516+0000] {logging_mixin.py:188} INFO - [2025-11-18T05:37:22.516+0000] {dagbag.py:538} INFO - Filling up the DagBag from /opt/airflow/dags/failed_lineage_dag.py
[2025-11-18T05:37:22.548+0000] {processor.py:840} INFO - DAG(s) 'failed_lineage_dag' retrieved from /opt/airflow/dags/failed_lineage_dag.py
[2025-11-18T05:37:22.587+0000] {logging_mixin.py:188} INFO - [2025-11-18T05:37:22.586+0000] {dag.py:3036} INFO - Sync 1 DAGs
[2025-11-18T05:37:22.602+0000] {logging_mixin.py:188} INFO - [2025-11-18T05:37:22.601+0000] {dag.py:3823} INFO - Setting next_dagrun for failed_lineage_dag to None, run_after=None
[2025-11-18T05:37:22.635+0000] {processor.py:183} INFO - Processing /opt/airflow/dags/failed_lineage_dag.py took 0.126 seconds
[2025-11-18T05:37:53.338+0000] {processor.py:161} INFO - Started process (PID=11621) to work on /opt/airflow/dags/failed_lineage_dag.py
[2025-11-18T05:37:53.343+0000] {processor.py:830} INFO - Processing file /opt/airflow/dags/failed_lineage_dag.py for tasks to queue
[2025-11-18T05:37:53.345+0000] {logging_mixin.py:188} INFO - [2025-11-18T05:37:53.345+0000] {dagbag.py:538} INFO - Filling up the DagBag from /opt/airflow/dags/failed_lineage_dag.py
[2025-11-18T05:37:53.382+0000] {processor.py:840} INFO - DAG(s) 'failed_lineage_dag' retrieved from /opt/airflow/dags/failed_lineage_dag.py
[2025-11-18T05:37:53.430+0000] {logging_mixin.py:188} INFO - [2025-11-18T05:37:53.430+0000] {dag.py:3036} INFO - Sync 1 DAGs
[2025-11-18T05:37:53.450+0000] {logging_mixin.py:188} INFO - [2025-11-18T05:37:53.450+0000] {dag.py:3823} INFO - Setting next_dagrun for failed_lineage_dag to None, run_after=None
[2025-11-18T05:37:53.498+0000] {processor.py:183} INFO - Processing /opt/airflow/dags/failed_lineage_dag.py took 0.164 seconds
[2025-11-18T05:38:24.152+0000] {processor.py:161} INFO - Started process (PID=11646) to work on /opt/airflow/dags/failed_lineage_dag.py
[2025-11-18T05:38:24.154+0000] {processor.py:830} INFO - Processing file /opt/airflow/dags/failed_lineage_dag.py for tasks to queue
[2025-11-18T05:38:24.156+0000] {logging_mixin.py:188} INFO - [2025-11-18T05:38:24.155+0000] {dagbag.py:538} INFO - Filling up the DagBag from /opt/airflow/dags/failed_lineage_dag.py
[2025-11-18T05:38:24.180+0000] {processor.py:840} INFO - DAG(s) 'failed_lineage_dag' retrieved from /opt/airflow/dags/failed_lineage_dag.py
[2025-11-18T05:38:24.228+0000] {logging_mixin.py:188} INFO - [2025-11-18T05:38:24.228+0000] {dag.py:3036} INFO - Sync 1 DAGs
[2025-11-18T05:38:24.252+0000] {logging_mixin.py:188} INFO - [2025-11-18T05:38:24.252+0000] {dag.py:3823} INFO - Setting next_dagrun for failed_lineage_dag to None, run_after=None
[2025-11-18T05:38:24.300+0000] {processor.py:183} INFO - Processing /opt/airflow/dags/failed_lineage_dag.py took 0.152 seconds
[2025-11-18T05:38:54.386+0000] {processor.py:161} INFO - Started process (PID=11671) to work on /opt/airflow/dags/failed_lineage_dag.py
[2025-11-18T05:38:54.388+0000] {processor.py:830} INFO - Processing file /opt/airflow/dags/failed_lineage_dag.py for tasks to queue
[2025-11-18T05:38:54.389+0000] {logging_mixin.py:188} INFO - [2025-11-18T05:38:54.389+0000] {dagbag.py:538} INFO - Filling up the DagBag from /opt/airflow/dags/failed_lineage_dag.py
[2025-11-18T05:38:54.411+0000] {processor.py:840} INFO - DAG(s) 'failed_lineage_dag' retrieved from /opt/airflow/dags/failed_lineage_dag.py
[2025-11-18T05:38:54.438+0000] {logging_mixin.py:188} INFO - [2025-11-18T05:38:54.438+0000] {dag.py:3036} INFO - Sync 1 DAGs
[2025-11-18T05:38:54.449+0000] {logging_mixin.py:188} INFO - [2025-11-18T05:38:54.448+0000] {dag.py:3823} INFO - Setting next_dagrun for failed_lineage_dag to None, run_after=None
[2025-11-18T05:38:54.473+0000] {processor.py:183} INFO - Processing /opt/airflow/dags/failed_lineage_dag.py took 0.090 seconds
[2025-11-18T05:39:24.875+0000] {processor.py:161} INFO - Started process (PID=11696) to work on /opt/airflow/dags/failed_lineage_dag.py
[2025-11-18T05:39:24.877+0000] {processor.py:830} INFO - Processing file /opt/airflow/dags/failed_lineage_dag.py for tasks to queue
[2025-11-18T05:39:24.878+0000] {logging_mixin.py:188} INFO - [2025-11-18T05:39:24.878+0000] {dagbag.py:538} INFO - Filling up the DagBag from /opt/airflow/dags/failed_lineage_dag.py
[2025-11-18T05:39:24.903+0000] {processor.py:840} INFO - DAG(s) 'failed_lineage_dag' retrieved from /opt/airflow/dags/failed_lineage_dag.py
[2025-11-18T05:39:24.985+0000] {logging_mixin.py:188} INFO - [2025-11-18T05:39:24.984+0000] {dag.py:3036} INFO - Sync 1 DAGs
[2025-11-18T05:39:25.029+0000] {logging_mixin.py:188} INFO - [2025-11-18T05:39:25.029+0000] {dag.py:3823} INFO - Setting next_dagrun for failed_lineage_dag to None, run_after=None
[2025-11-18T05:39:25.083+0000] {processor.py:183} INFO - Processing /opt/airflow/dags/failed_lineage_dag.py took 0.213 seconds
[2025-11-18T05:39:55.306+0000] {processor.py:161} INFO - Started process (PID=11721) to work on /opt/airflow/dags/failed_lineage_dag.py
[2025-11-18T05:39:55.308+0000] {processor.py:830} INFO - Processing file /opt/airflow/dags/failed_lineage_dag.py for tasks to queue
[2025-11-18T05:39:55.309+0000] {logging_mixin.py:188} INFO - [2025-11-18T05:39:55.309+0000] {dagbag.py:538} INFO - Filling up the DagBag from /opt/airflow/dags/failed_lineage_dag.py
[2025-11-18T05:39:55.333+0000] {processor.py:840} INFO - DAG(s) 'failed_lineage_dag' retrieved from /opt/airflow/dags/failed_lineage_dag.py
[2025-11-18T05:39:55.379+0000] {logging_mixin.py:188} INFO - [2025-11-18T05:39:55.379+0000] {dag.py:3036} INFO - Sync 1 DAGs
[2025-11-18T05:39:55.409+0000] {logging_mixin.py:188} INFO - [2025-11-18T05:39:55.409+0000] {dag.py:3823} INFO - Setting next_dagrun for failed_lineage_dag to None, run_after=None
[2025-11-18T05:39:55.455+0000] {processor.py:183} INFO - Processing /opt/airflow/dags/failed_lineage_dag.py took 0.156 seconds
[2025-11-18T05:40:25.512+0000] {processor.py:161} INFO - Started process (PID=11744) to work on /opt/airflow/dags/failed_lineage_dag.py
[2025-11-18T05:40:25.514+0000] {processor.py:830} INFO - Processing file /opt/airflow/dags/failed_lineage_dag.py for tasks to queue
[2025-11-18T05:40:25.515+0000] {logging_mixin.py:188} INFO - [2025-11-18T05:40:25.515+0000] {dagbag.py:538} INFO - Filling up the DagBag from /opt/airflow/dags/failed_lineage_dag.py
[2025-11-18T05:40:25.538+0000] {processor.py:840} INFO - DAG(s) 'failed_lineage_dag' retrieved from /opt/airflow/dags/failed_lineage_dag.py
[2025-11-18T05:40:25.561+0000] {logging_mixin.py:188} INFO - [2025-11-18T05:40:25.561+0000] {dag.py:3036} INFO - Sync 1 DAGs
[2025-11-18T05:40:25.574+0000] {logging_mixin.py:188} INFO - [2025-11-18T05:40:25.574+0000] {dag.py:3823} INFO - Setting next_dagrun for failed_lineage_dag to None, run_after=None
[2025-11-18T05:40:25.593+0000] {processor.py:183} INFO - Processing /opt/airflow/dags/failed_lineage_dag.py took 0.085 seconds
[2025-11-18T05:40:56.369+0000] {processor.py:161} INFO - Started process (PID=11771) to work on /opt/airflow/dags/failed_lineage_dag.py
[2025-11-18T05:40:56.371+0000] {processor.py:830} INFO - Processing file /opt/airflow/dags/failed_lineage_dag.py for tasks to queue
[2025-11-18T05:40:56.372+0000] {logging_mixin.py:188} INFO - [2025-11-18T05:40:56.372+0000] {dagbag.py:538} INFO - Filling up the DagBag from /opt/airflow/dags/failed_lineage_dag.py
[2025-11-18T05:40:56.405+0000] {processor.py:840} INFO - DAG(s) 'failed_lineage_dag' retrieved from /opt/airflow/dags/failed_lineage_dag.py
[2025-11-18T05:40:56.469+0000] {logging_mixin.py:188} INFO - [2025-11-18T05:40:56.468+0000] {dag.py:3036} INFO - Sync 1 DAGs
[2025-11-18T05:40:56.492+0000] {logging_mixin.py:188} INFO - [2025-11-18T05:40:56.492+0000] {dag.py:3823} INFO - Setting next_dagrun for failed_lineage_dag to None, run_after=None
[2025-11-18T05:40:56.557+0000] {processor.py:183} INFO - Processing /opt/airflow/dags/failed_lineage_dag.py took 0.194 seconds
[2025-11-18T05:41:26.786+0000] {processor.py:161} INFO - Started process (PID=11796) to work on /opt/airflow/dags/failed_lineage_dag.py
[2025-11-18T05:41:26.791+0000] {processor.py:830} INFO - Processing file /opt/airflow/dags/failed_lineage_dag.py for tasks to queue
[2025-11-18T05:41:26.793+0000] {logging_mixin.py:188} INFO - [2025-11-18T05:41:26.792+0000] {dagbag.py:538} INFO - Filling up the DagBag from /opt/airflow/dags/failed_lineage_dag.py
[2025-11-18T05:41:26.828+0000] {processor.py:840} INFO - DAG(s) 'failed_lineage_dag' retrieved from /opt/airflow/dags/failed_lineage_dag.py
[2025-11-18T05:41:26.871+0000] {logging_mixin.py:188} INFO - [2025-11-18T05:41:26.871+0000] {dag.py:3036} INFO - Sync 1 DAGs
[2025-11-18T05:41:26.888+0000] {logging_mixin.py:188} INFO - [2025-11-18T05:41:26.887+0000] {dag.py:3823} INFO - Setting next_dagrun for failed_lineage_dag to None, run_after=None
[2025-11-18T05:41:26.927+0000] {processor.py:183} INFO - Processing /opt/airflow/dags/failed_lineage_dag.py took 0.146 seconds
[2025-11-18T05:41:58.130+0000] {processor.py:161} INFO - Started process (PID=11821) to work on /opt/airflow/dags/failed_lineage_dag.py
[2025-11-18T05:41:58.131+0000] {processor.py:830} INFO - Processing file /opt/airflow/dags/failed_lineage_dag.py for tasks to queue
[2025-11-18T05:41:58.133+0000] {logging_mixin.py:188} INFO - [2025-11-18T05:41:58.132+0000] {dagbag.py:538} INFO - Filling up the DagBag from /opt/airflow/dags/failed_lineage_dag.py
[2025-11-18T05:41:58.157+0000] {processor.py:840} INFO - DAG(s) 'failed_lineage_dag' retrieved from /opt/airflow/dags/failed_lineage_dag.py
[2025-11-18T05:41:58.202+0000] {logging_mixin.py:188} INFO - [2025-11-18T05:41:58.202+0000] {dag.py:3036} INFO - Sync 1 DAGs
[2025-11-18T05:41:58.222+0000] {logging_mixin.py:188} INFO - [2025-11-18T05:41:58.221+0000] {dag.py:3823} INFO - Setting next_dagrun for failed_lineage_dag to None, run_after=None
[2025-11-18T05:41:58.264+0000] {processor.py:183} INFO - Processing /opt/airflow/dags/failed_lineage_dag.py took 0.138 seconds
[2025-11-18T05:42:44.122+0000] {processor.py:161} INFO - Started process (PID=11846) to work on /opt/airflow/dags/failed_lineage_dag.py
[2025-11-18T05:42:44.127+0000] {processor.py:830} INFO - Processing file /opt/airflow/dags/failed_lineage_dag.py for tasks to queue
[2025-11-18T05:42:44.133+0000] {logging_mixin.py:188} INFO - [2025-11-18T05:42:44.132+0000] {dagbag.py:538} INFO - Filling up the DagBag from /opt/airflow/dags/failed_lineage_dag.py
[2025-11-18T05:42:44.223+0000] {processor.py:840} INFO - DAG(s) 'failed_lineage_dag' retrieved from /opt/airflow/dags/failed_lineage_dag.py
[2025-11-18T05:42:44.329+0000] {logging_mixin.py:188} INFO - [2025-11-18T05:42:44.328+0000] {dag.py:3036} INFO - Sync 1 DAGs
[2025-11-18T05:42:44.399+0000] {logging_mixin.py:188} INFO - [2025-11-18T05:42:44.398+0000] {dag.py:3823} INFO - Setting next_dagrun for failed_lineage_dag to None, run_after=None
[2025-11-18T05:42:44.468+0000] {processor.py:183} INFO - Processing /opt/airflow/dags/failed_lineage_dag.py took 0.368 seconds
[2025-11-18T05:43:15.841+0000] {processor.py:161} INFO - Started process (PID=11871) to work on /opt/airflow/dags/failed_lineage_dag.py
[2025-11-18T05:43:15.844+0000] {processor.py:830} INFO - Processing file /opt/airflow/dags/failed_lineage_dag.py for tasks to queue
[2025-11-18T05:43:15.846+0000] {logging_mixin.py:188} INFO - [2025-11-18T05:43:15.845+0000] {dagbag.py:538} INFO - Filling up the DagBag from /opt/airflow/dags/failed_lineage_dag.py
[2025-11-18T05:43:15.878+0000] {processor.py:840} INFO - DAG(s) 'failed_lineage_dag' retrieved from /opt/airflow/dags/failed_lineage_dag.py
[2025-11-18T05:43:15.956+0000] {logging_mixin.py:188} INFO - [2025-11-18T05:43:15.955+0000] {dag.py:3036} INFO - Sync 1 DAGs
[2025-11-18T05:43:16.037+0000] {logging_mixin.py:188} INFO - [2025-11-18T05:43:16.036+0000] {dag.py:3823} INFO - Setting next_dagrun for failed_lineage_dag to None, run_after=None
[2025-11-18T05:43:16.106+0000] {processor.py:183} INFO - Processing /opt/airflow/dags/failed_lineage_dag.py took 0.270 seconds
[2025-11-18T05:43:46.927+0000] {processor.py:161} INFO - Started process (PID=11896) to work on /opt/airflow/dags/failed_lineage_dag.py
[2025-11-18T05:43:46.951+0000] {processor.py:830} INFO - Processing file /opt/airflow/dags/failed_lineage_dag.py for tasks to queue
[2025-11-18T05:43:46.954+0000] {logging_mixin.py:188} INFO - [2025-11-18T05:43:46.953+0000] {dagbag.py:538} INFO - Filling up the DagBag from /opt/airflow/dags/failed_lineage_dag.py
[2025-11-18T05:43:46.982+0000] {processor.py:840} INFO - DAG(s) 'failed_lineage_dag' retrieved from /opt/airflow/dags/failed_lineage_dag.py
[2025-11-18T05:43:47.049+0000] {logging_mixin.py:188} INFO - [2025-11-18T05:43:47.049+0000] {dag.py:3036} INFO - Sync 1 DAGs
[2025-11-18T05:43:47.082+0000] {logging_mixin.py:188} INFO - [2025-11-18T05:43:47.081+0000] {dag.py:3823} INFO - Setting next_dagrun for failed_lineage_dag to None, run_after=None
[2025-11-18T05:43:47.130+0000] {processor.py:183} INFO - Processing /opt/airflow/dags/failed_lineage_dag.py took 0.209 seconds
[2025-11-18T05:44:17.671+0000] {processor.py:161} INFO - Started process (PID=11921) to work on /opt/airflow/dags/failed_lineage_dag.py
[2025-11-18T05:44:17.674+0000] {processor.py:830} INFO - Processing file /opt/airflow/dags/failed_lineage_dag.py for tasks to queue
[2025-11-18T05:44:17.676+0000] {logging_mixin.py:188} INFO - [2025-11-18T05:44:17.675+0000] {dagbag.py:538} INFO - Filling up the DagBag from /opt/airflow/dags/failed_lineage_dag.py
[2025-11-18T05:44:17.707+0000] {processor.py:840} INFO - DAG(s) 'failed_lineage_dag' retrieved from /opt/airflow/dags/failed_lineage_dag.py
[2025-11-18T05:44:17.776+0000] {logging_mixin.py:188} INFO - [2025-11-18T05:44:17.775+0000] {dag.py:3036} INFO - Sync 1 DAGs
[2025-11-18T05:44:17.821+0000] {logging_mixin.py:188} INFO - [2025-11-18T05:44:17.821+0000] {dag.py:3823} INFO - Setting next_dagrun for failed_lineage_dag to None, run_after=None
[2025-11-18T05:44:17.880+0000] {processor.py:183} INFO - Processing /opt/airflow/dags/failed_lineage_dag.py took 0.215 seconds
[2025-11-18T05:44:48.477+0000] {processor.py:161} INFO - Started process (PID=11946) to work on /opt/airflow/dags/failed_lineage_dag.py
[2025-11-18T05:44:48.479+0000] {processor.py:830} INFO - Processing file /opt/airflow/dags/failed_lineage_dag.py for tasks to queue
[2025-11-18T05:44:48.481+0000] {logging_mixin.py:188} INFO - [2025-11-18T05:44:48.480+0000] {dagbag.py:538} INFO - Filling up the DagBag from /opt/airflow/dags/failed_lineage_dag.py
[2025-11-18T05:44:48.530+0000] {processor.py:840} INFO - DAG(s) 'failed_lineage_dag' retrieved from /opt/airflow/dags/failed_lineage_dag.py
[2025-11-18T05:44:48.588+0000] {logging_mixin.py:188} INFO - [2025-11-18T05:44:48.587+0000] {dag.py:3036} INFO - Sync 1 DAGs
[2025-11-18T05:44:48.628+0000] {logging_mixin.py:188} INFO - [2025-11-18T05:44:48.628+0000] {dag.py:3823} INFO - Setting next_dagrun for failed_lineage_dag to None, run_after=None
[2025-11-18T05:44:48.662+0000] {processor.py:183} INFO - Processing /opt/airflow/dags/failed_lineage_dag.py took 0.190 seconds
[2025-11-18T05:45:19.363+0000] {processor.py:161} INFO - Started process (PID=11971) to work on /opt/airflow/dags/failed_lineage_dag.py
[2025-11-18T05:45:19.368+0000] {processor.py:830} INFO - Processing file /opt/airflow/dags/failed_lineage_dag.py for tasks to queue
[2025-11-18T05:45:19.370+0000] {logging_mixin.py:188} INFO - [2025-11-18T05:45:19.369+0000] {dagbag.py:538} INFO - Filling up the DagBag from /opt/airflow/dags/failed_lineage_dag.py
[2025-11-18T05:45:19.399+0000] {processor.py:840} INFO - DAG(s) 'failed_lineage_dag' retrieved from /opt/airflow/dags/failed_lineage_dag.py
[2025-11-18T05:45:19.447+0000] {logging_mixin.py:188} INFO - [2025-11-18T05:45:19.447+0000] {dag.py:3036} INFO - Sync 1 DAGs
[2025-11-18T05:45:19.471+0000] {logging_mixin.py:188} INFO - [2025-11-18T05:45:19.471+0000] {dag.py:3823} INFO - Setting next_dagrun for failed_lineage_dag to None, run_after=None
[2025-11-18T05:45:19.503+0000] {processor.py:183} INFO - Processing /opt/airflow/dags/failed_lineage_dag.py took 0.147 seconds
[2025-11-18T05:45:49.663+0000] {processor.py:161} INFO - Started process (PID=11996) to work on /opt/airflow/dags/failed_lineage_dag.py
[2025-11-18T05:45:49.665+0000] {processor.py:830} INFO - Processing file /opt/airflow/dags/failed_lineage_dag.py for tasks to queue
[2025-11-18T05:45:49.666+0000] {logging_mixin.py:188} INFO - [2025-11-18T05:45:49.666+0000] {dagbag.py:538} INFO - Filling up the DagBag from /opt/airflow/dags/failed_lineage_dag.py
[2025-11-18T05:45:49.685+0000] {processor.py:840} INFO - DAG(s) 'failed_lineage_dag' retrieved from /opt/airflow/dags/failed_lineage_dag.py
[2025-11-18T05:45:49.714+0000] {logging_mixin.py:188} INFO - [2025-11-18T05:45:49.714+0000] {dag.py:3036} INFO - Sync 1 DAGs
[2025-11-18T05:45:49.726+0000] {logging_mixin.py:188} INFO - [2025-11-18T05:45:49.726+0000] {dag.py:3823} INFO - Setting next_dagrun for failed_lineage_dag to None, run_after=None
[2025-11-18T05:45:49.751+0000] {processor.py:183} INFO - Processing /opt/airflow/dags/failed_lineage_dag.py took 0.092 seconds
[2025-11-18T05:46:19.856+0000] {processor.py:161} INFO - Started process (PID=12021) to work on /opt/airflow/dags/failed_lineage_dag.py
[2025-11-18T05:46:19.857+0000] {processor.py:830} INFO - Processing file /opt/airflow/dags/failed_lineage_dag.py for tasks to queue
[2025-11-18T05:46:19.858+0000] {logging_mixin.py:188} INFO - [2025-11-18T05:46:19.858+0000] {dagbag.py:538} INFO - Filling up the DagBag from /opt/airflow/dags/failed_lineage_dag.py
[2025-11-18T05:46:19.879+0000] {processor.py:840} INFO - DAG(s) 'failed_lineage_dag' retrieved from /opt/airflow/dags/failed_lineage_dag.py
[2025-11-18T05:46:19.907+0000] {logging_mixin.py:188} INFO - [2025-11-18T05:46:19.906+0000] {dag.py:3036} INFO - Sync 1 DAGs
[2025-11-18T05:46:19.918+0000] {logging_mixin.py:188} INFO - [2025-11-18T05:46:19.918+0000] {dag.py:3823} INFO - Setting next_dagrun for failed_lineage_dag to None, run_after=None
[2025-11-18T05:46:19.938+0000] {processor.py:183} INFO - Processing /opt/airflow/dags/failed_lineage_dag.py took 0.085 seconds
[2025-11-18T05:46:50.739+0000] {processor.py:161} INFO - Started process (PID=12046) to work on /opt/airflow/dags/failed_lineage_dag.py
[2025-11-18T05:46:50.741+0000] {processor.py:830} INFO - Processing file /opt/airflow/dags/failed_lineage_dag.py for tasks to queue
[2025-11-18T05:46:50.742+0000] {logging_mixin.py:188} INFO - [2025-11-18T05:46:50.742+0000] {dagbag.py:538} INFO - Filling up the DagBag from /opt/airflow/dags/failed_lineage_dag.py
[2025-11-18T05:46:50.770+0000] {processor.py:840} INFO - DAG(s) 'failed_lineage_dag' retrieved from /opt/airflow/dags/failed_lineage_dag.py
[2025-11-18T05:46:50.846+0000] {logging_mixin.py:188} INFO - [2025-11-18T05:46:50.846+0000] {dag.py:3036} INFO - Sync 1 DAGs
[2025-11-18T05:46:50.859+0000] {logging_mixin.py:188} INFO - [2025-11-18T05:46:50.859+0000] {dag.py:3823} INFO - Setting next_dagrun for failed_lineage_dag to None, run_after=None
[2025-11-18T05:46:50.953+0000] {processor.py:183} INFO - Processing /opt/airflow/dags/failed_lineage_dag.py took 0.218 seconds
[2025-11-18T05:47:22.321+0000] {processor.py:161} INFO - Started process (PID=12071) to work on /opt/airflow/dags/failed_lineage_dag.py
[2025-11-18T05:47:22.322+0000] {processor.py:830} INFO - Processing file /opt/airflow/dags/failed_lineage_dag.py for tasks to queue
[2025-11-18T05:47:22.324+0000] {logging_mixin.py:188} INFO - [2025-11-18T05:47:22.324+0000] {dagbag.py:538} INFO - Filling up the DagBag from /opt/airflow/dags/failed_lineage_dag.py
[2025-11-18T05:47:22.351+0000] {processor.py:840} INFO - DAG(s) 'failed_lineage_dag' retrieved from /opt/airflow/dags/failed_lineage_dag.py
[2025-11-18T05:47:22.448+0000] {logging_mixin.py:188} INFO - [2025-11-18T05:47:22.438+0000] {dag.py:3036} INFO - Sync 1 DAGs
[2025-11-18T05:47:22.597+0000] {logging_mixin.py:188} INFO - [2025-11-18T05:47:22.596+0000] {dag.py:3823} INFO - Setting next_dagrun for failed_lineage_dag to None, run_after=None
[2025-11-18T05:47:23.182+0000] {processor.py:183} INFO - Processing /opt/airflow/dags/failed_lineage_dag.py took 0.865 seconds
[2025-11-18T05:47:56.000+0000] {processor.py:161} INFO - Started process (PID=12096) to work on /opt/airflow/dags/failed_lineage_dag.py
[2025-11-18T05:47:56.006+0000] {processor.py:830} INFO - Processing file /opt/airflow/dags/failed_lineage_dag.py for tasks to queue
[2025-11-18T05:47:56.008+0000] {logging_mixin.py:188} INFO - [2025-11-18T05:47:56.008+0000] {dagbag.py:538} INFO - Filling up the DagBag from /opt/airflow/dags/failed_lineage_dag.py
[2025-11-18T05:47:56.142+0000] {processor.py:840} INFO - DAG(s) 'failed_lineage_dag' retrieved from /opt/airflow/dags/failed_lineage_dag.py
[2025-11-18T05:47:56.220+0000] {logging_mixin.py:188} INFO - [2025-11-18T05:47:56.220+0000] {dag.py:3036} INFO - Sync 1 DAGs
[2025-11-18T05:47:56.258+0000] {logging_mixin.py:188} INFO - [2025-11-18T05:47:56.258+0000] {dag.py:3823} INFO - Setting next_dagrun for failed_lineage_dag to None, run_after=None
[2025-11-18T05:47:56.328+0000] {processor.py:183} INFO - Processing /opt/airflow/dags/failed_lineage_dag.py took 0.334 seconds
[2025-11-18T05:48:26.860+0000] {processor.py:161} INFO - Started process (PID=12121) to work on /opt/airflow/dags/failed_lineage_dag.py
[2025-11-18T05:48:26.862+0000] {processor.py:830} INFO - Processing file /opt/airflow/dags/failed_lineage_dag.py for tasks to queue
[2025-11-18T05:48:26.864+0000] {logging_mixin.py:188} INFO - [2025-11-18T05:48:26.863+0000] {dagbag.py:538} INFO - Filling up the DagBag from /opt/airflow/dags/failed_lineage_dag.py
[2025-11-18T05:48:26.921+0000] {processor.py:840} INFO - DAG(s) 'failed_lineage_dag' retrieved from /opt/airflow/dags/failed_lineage_dag.py
[2025-11-18T05:48:27.006+0000] {logging_mixin.py:188} INFO - [2025-11-18T05:48:27.006+0000] {dag.py:3036} INFO - Sync 1 DAGs
[2025-11-18T05:48:27.028+0000] {logging_mixin.py:188} INFO - [2025-11-18T05:48:27.027+0000] {dag.py:3823} INFO - Setting next_dagrun for failed_lineage_dag to None, run_after=None
[2025-11-18T05:48:27.088+0000] {processor.py:183} INFO - Processing /opt/airflow/dags/failed_lineage_dag.py took 0.233 seconds
[2025-11-18T05:48:58.112+0000] {processor.py:161} INFO - Started process (PID=12146) to work on /opt/airflow/dags/failed_lineage_dag.py
[2025-11-18T05:48:58.159+0000] {processor.py:830} INFO - Processing file /opt/airflow/dags/failed_lineage_dag.py for tasks to queue
[2025-11-18T05:48:58.431+0000] {logging_mixin.py:188} INFO - [2025-11-18T05:48:58.430+0000] {dagbag.py:538} INFO - Filling up the DagBag from /opt/airflow/dags/failed_lineage_dag.py
[2025-11-18T05:48:58.661+0000] {processor.py:840} INFO - DAG(s) 'failed_lineage_dag' retrieved from /opt/airflow/dags/failed_lineage_dag.py
[2025-11-18T05:48:58.968+0000] {logging_mixin.py:188} INFO - [2025-11-18T05:48:58.967+0000] {dag.py:3036} INFO - Sync 1 DAGs
[2025-11-18T05:48:59.117+0000] {logging_mixin.py:188} INFO - [2025-11-18T05:48:59.116+0000] {dag.py:3823} INFO - Setting next_dagrun for failed_lineage_dag to None, run_after=None
[2025-11-18T05:48:59.678+0000] {processor.py:183} INFO - Processing /opt/airflow/dags/failed_lineage_dag.py took 1.728 seconds
[2025-11-18T05:49:32.265+0000] {processor.py:161} INFO - Started process (PID=12171) to work on /opt/airflow/dags/failed_lineage_dag.py
[2025-11-18T05:49:32.266+0000] {processor.py:830} INFO - Processing file /opt/airflow/dags/failed_lineage_dag.py for tasks to queue
[2025-11-18T05:49:32.268+0000] {logging_mixin.py:188} INFO - [2025-11-18T05:49:32.267+0000] {dagbag.py:538} INFO - Filling up the DagBag from /opt/airflow/dags/failed_lineage_dag.py
[2025-11-18T05:49:32.292+0000] {processor.py:840} INFO - DAG(s) 'failed_lineage_dag' retrieved from /opt/airflow/dags/failed_lineage_dag.py
[2025-11-18T05:49:32.329+0000] {logging_mixin.py:188} INFO - [2025-11-18T05:49:32.329+0000] {dag.py:3036} INFO - Sync 1 DAGs
[2025-11-18T05:49:32.346+0000] {logging_mixin.py:188} INFO - [2025-11-18T05:49:32.345+0000] {dag.py:3823} INFO - Setting next_dagrun for failed_lineage_dag to None, run_after=None
[2025-11-18T05:49:32.376+0000] {processor.py:183} INFO - Processing /opt/airflow/dags/failed_lineage_dag.py took 0.117 seconds
[2025-11-18T05:50:03.250+0000] {processor.py:161} INFO - Started process (PID=12196) to work on /opt/airflow/dags/failed_lineage_dag.py
[2025-11-18T05:50:03.256+0000] {processor.py:830} INFO - Processing file /opt/airflow/dags/failed_lineage_dag.py for tasks to queue
[2025-11-18T05:50:03.269+0000] {logging_mixin.py:188} INFO - [2025-11-18T05:50:03.268+0000] {dagbag.py:538} INFO - Filling up the DagBag from /opt/airflow/dags/failed_lineage_dag.py
[2025-11-18T05:50:03.382+0000] {processor.py:840} INFO - DAG(s) 'failed_lineage_dag' retrieved from /opt/airflow/dags/failed_lineage_dag.py
[2025-11-18T05:50:03.472+0000] {logging_mixin.py:188} INFO - [2025-11-18T05:50:03.471+0000] {dag.py:3036} INFO - Sync 1 DAGs
[2025-11-18T05:50:03.528+0000] {logging_mixin.py:188} INFO - [2025-11-18T05:50:03.527+0000] {dag.py:3823} INFO - Setting next_dagrun for failed_lineage_dag to None, run_after=None
[2025-11-18T05:50:03.633+0000] {processor.py:183} INFO - Processing /opt/airflow/dags/failed_lineage_dag.py took 0.390 seconds
[2025-11-18T05:50:33.863+0000] {processor.py:161} INFO - Started process (PID=12221) to work on /opt/airflow/dags/failed_lineage_dag.py
[2025-11-18T05:50:33.865+0000] {processor.py:830} INFO - Processing file /opt/airflow/dags/failed_lineage_dag.py for tasks to queue
[2025-11-18T05:50:33.866+0000] {logging_mixin.py:188} INFO - [2025-11-18T05:50:33.866+0000] {dagbag.py:538} INFO - Filling up the DagBag from /opt/airflow/dags/failed_lineage_dag.py
[2025-11-18T05:50:33.889+0000] {processor.py:840} INFO - DAG(s) 'failed_lineage_dag' retrieved from /opt/airflow/dags/failed_lineage_dag.py
[2025-11-18T05:50:33.927+0000] {logging_mixin.py:188} INFO - [2025-11-18T05:50:33.927+0000] {dag.py:3036} INFO - Sync 1 DAGs
[2025-11-18T05:50:33.948+0000] {logging_mixin.py:188} INFO - [2025-11-18T05:50:33.947+0000] {dag.py:3823} INFO - Setting next_dagrun for failed_lineage_dag to None, run_after=None
[2025-11-18T05:50:33.976+0000] {processor.py:183} INFO - Processing /opt/airflow/dags/failed_lineage_dag.py took 0.119 seconds
[2025-11-18T05:51:04.973+0000] {processor.py:161} INFO - Started process (PID=12246) to work on /opt/airflow/dags/failed_lineage_dag.py
[2025-11-18T05:51:04.975+0000] {processor.py:830} INFO - Processing file /opt/airflow/dags/failed_lineage_dag.py for tasks to queue
[2025-11-18T05:51:04.977+0000] {logging_mixin.py:188} INFO - [2025-11-18T05:51:04.976+0000] {dagbag.py:538} INFO - Filling up the DagBag from /opt/airflow/dags/failed_lineage_dag.py
[2025-11-18T05:51:05.035+0000] {processor.py:840} INFO - DAG(s) 'failed_lineage_dag' retrieved from /opt/airflow/dags/failed_lineage_dag.py
[2025-11-18T05:51:05.118+0000] {logging_mixin.py:188} INFO - [2025-11-18T05:51:05.118+0000] {dag.py:3036} INFO - Sync 1 DAGs
[2025-11-18T05:51:05.171+0000] {logging_mixin.py:188} INFO - [2025-11-18T05:51:05.171+0000] {dag.py:3823} INFO - Setting next_dagrun for failed_lineage_dag to None, run_after=None
[2025-11-18T05:51:05.245+0000] {processor.py:183} INFO - Processing /opt/airflow/dags/failed_lineage_dag.py took 0.280 seconds
[2025-11-18T05:51:35.520+0000] {processor.py:161} INFO - Started process (PID=12276) to work on /opt/airflow/dags/failed_lineage_dag.py
[2025-11-18T05:51:35.525+0000] {processor.py:830} INFO - Processing file /opt/airflow/dags/failed_lineage_dag.py for tasks to queue
[2025-11-18T05:51:35.527+0000] {logging_mixin.py:188} INFO - [2025-11-18T05:51:35.527+0000] {dagbag.py:538} INFO - Filling up the DagBag from /opt/airflow/dags/failed_lineage_dag.py
[2025-11-18T05:51:35.562+0000] {processor.py:840} INFO - DAG(s) 'failed_lineage_dag' retrieved from /opt/airflow/dags/failed_lineage_dag.py
[2025-11-18T05:51:35.611+0000] {logging_mixin.py:188} INFO - [2025-11-18T05:51:35.610+0000] {dag.py:3036} INFO - Sync 1 DAGs
[2025-11-18T05:51:35.634+0000] {logging_mixin.py:188} INFO - [2025-11-18T05:51:35.634+0000] {dag.py:3823} INFO - Setting next_dagrun for failed_lineage_dag to None, run_after=None
[2025-11-18T05:51:35.679+0000] {processor.py:183} INFO - Processing /opt/airflow/dags/failed_lineage_dag.py took 0.171 seconds
[2025-11-18T05:52:05.837+0000] {processor.py:161} INFO - Started process (PID=12301) to work on /opt/airflow/dags/failed_lineage_dag.py
[2025-11-18T05:52:05.849+0000] {processor.py:830} INFO - Processing file /opt/airflow/dags/failed_lineage_dag.py for tasks to queue
[2025-11-18T05:52:05.852+0000] {logging_mixin.py:188} INFO - [2025-11-18T05:52:05.851+0000] {dagbag.py:538} INFO - Filling up the DagBag from /opt/airflow/dags/failed_lineage_dag.py
[2025-11-18T05:52:05.885+0000] {processor.py:840} INFO - DAG(s) 'failed_lineage_dag' retrieved from /opt/airflow/dags/failed_lineage_dag.py
[2025-11-18T05:52:05.950+0000] {logging_mixin.py:188} INFO - [2025-11-18T05:52:05.950+0000] {dag.py:3036} INFO - Sync 1 DAGs
[2025-11-18T05:52:05.979+0000] {logging_mixin.py:188} INFO - [2025-11-18T05:52:05.979+0000] {dag.py:3823} INFO - Setting next_dagrun for failed_lineage_dag to None, run_after=None
[2025-11-18T05:52:06.014+0000] {processor.py:183} INFO - Processing /opt/airflow/dags/failed_lineage_dag.py took 0.184 seconds
[2025-11-18T05:52:36.098+0000] {processor.py:161} INFO - Started process (PID=12326) to work on /opt/airflow/dags/failed_lineage_dag.py
[2025-11-18T05:52:36.100+0000] {processor.py:830} INFO - Processing file /opt/airflow/dags/failed_lineage_dag.py for tasks to queue
[2025-11-18T05:52:36.101+0000] {logging_mixin.py:188} INFO - [2025-11-18T05:52:36.101+0000] {dagbag.py:538} INFO - Filling up the DagBag from /opt/airflow/dags/failed_lineage_dag.py
[2025-11-18T05:52:36.125+0000] {processor.py:840} INFO - DAG(s) 'failed_lineage_dag' retrieved from /opt/airflow/dags/failed_lineage_dag.py
[2025-11-18T05:52:36.159+0000] {logging_mixin.py:188} INFO - [2025-11-18T05:52:36.159+0000] {dag.py:3036} INFO - Sync 1 DAGs
[2025-11-18T05:52:36.176+0000] {logging_mixin.py:188} INFO - [2025-11-18T05:52:36.176+0000] {dag.py:3823} INFO - Setting next_dagrun for failed_lineage_dag to None, run_after=None
[2025-11-18T05:52:36.205+0000] {processor.py:183} INFO - Processing /opt/airflow/dags/failed_lineage_dag.py took 0.110 seconds
[2025-11-18T05:53:06.342+0000] {processor.py:161} INFO - Started process (PID=12351) to work on /opt/airflow/dags/failed_lineage_dag.py
[2025-11-18T05:53:06.345+0000] {processor.py:830} INFO - Processing file /opt/airflow/dags/failed_lineage_dag.py for tasks to queue
[2025-11-18T05:53:06.346+0000] {logging_mixin.py:188} INFO - [2025-11-18T05:53:06.346+0000] {dagbag.py:538} INFO - Filling up the DagBag from /opt/airflow/dags/failed_lineage_dag.py
[2025-11-18T05:53:06.367+0000] {processor.py:840} INFO - DAG(s) 'failed_lineage_dag' retrieved from /opt/airflow/dags/failed_lineage_dag.py
[2025-11-18T05:53:06.405+0000] {logging_mixin.py:188} INFO - [2025-11-18T05:53:06.404+0000] {dag.py:3036} INFO - Sync 1 DAGs
[2025-11-18T05:53:06.421+0000] {logging_mixin.py:188} INFO - [2025-11-18T05:53:06.421+0000] {dag.py:3823} INFO - Setting next_dagrun for failed_lineage_dag to None, run_after=None
[2025-11-18T05:53:06.450+0000] {processor.py:183} INFO - Processing /opt/airflow/dags/failed_lineage_dag.py took 0.113 seconds
[2025-11-18T05:53:37.063+0000] {processor.py:161} INFO - Started process (PID=12371) to work on /opt/airflow/dags/failed_lineage_dag.py
[2025-11-18T05:53:37.067+0000] {processor.py:830} INFO - Processing file /opt/airflow/dags/failed_lineage_dag.py for tasks to queue
[2025-11-18T05:53:37.072+0000] {logging_mixin.py:188} INFO - [2025-11-18T05:53:37.071+0000] {dagbag.py:538} INFO - Filling up the DagBag from /opt/airflow/dags/failed_lineage_dag.py
[2025-11-18T05:53:37.102+0000] {processor.py:840} INFO - DAG(s) 'failed_lineage_dag' retrieved from /opt/airflow/dags/failed_lineage_dag.py
[2025-11-18T05:53:37.162+0000] {logging_mixin.py:188} INFO - [2025-11-18T05:53:37.162+0000] {dag.py:3036} INFO - Sync 1 DAGs
[2025-11-18T05:53:37.186+0000] {logging_mixin.py:188} INFO - [2025-11-18T05:53:37.186+0000] {dag.py:3823} INFO - Setting next_dagrun for failed_lineage_dag to None, run_after=None
[2025-11-18T05:53:37.230+0000] {processor.py:183} INFO - Processing /opt/airflow/dags/failed_lineage_dag.py took 0.183 seconds
[2025-11-18T05:54:07.847+0000] {processor.py:161} INFO - Started process (PID=12396) to work on /opt/airflow/dags/failed_lineage_dag.py
[2025-11-18T05:54:07.849+0000] {processor.py:830} INFO - Processing file /opt/airflow/dags/failed_lineage_dag.py for tasks to queue
[2025-11-18T05:54:07.851+0000] {logging_mixin.py:188} INFO - [2025-11-18T05:54:07.850+0000] {dagbag.py:538} INFO - Filling up the DagBag from /opt/airflow/dags/failed_lineage_dag.py
[2025-11-18T05:54:07.884+0000] {processor.py:840} INFO - DAG(s) 'failed_lineage_dag' retrieved from /opt/airflow/dags/failed_lineage_dag.py
[2025-11-18T05:54:07.951+0000] {logging_mixin.py:188} INFO - [2025-11-18T05:54:07.950+0000] {dag.py:3036} INFO - Sync 1 DAGs
[2025-11-18T05:54:08.054+0000] {logging_mixin.py:188} INFO - [2025-11-18T05:54:08.054+0000] {dag.py:3823} INFO - Setting next_dagrun for failed_lineage_dag to None, run_after=None
[2025-11-18T05:54:08.149+0000] {processor.py:183} INFO - Processing /opt/airflow/dags/failed_lineage_dag.py took 0.307 seconds
[2025-11-18T05:54:38.763+0000] {processor.py:161} INFO - Started process (PID=12421) to work on /opt/airflow/dags/failed_lineage_dag.py
[2025-11-18T05:54:38.766+0000] {processor.py:830} INFO - Processing file /opt/airflow/dags/failed_lineage_dag.py for tasks to queue
[2025-11-18T05:54:38.768+0000] {logging_mixin.py:188} INFO - [2025-11-18T05:54:38.767+0000] {dagbag.py:538} INFO - Filling up the DagBag from /opt/airflow/dags/failed_lineage_dag.py
[2025-11-18T05:54:38.818+0000] {processor.py:840} INFO - DAG(s) 'failed_lineage_dag' retrieved from /opt/airflow/dags/failed_lineage_dag.py
[2025-11-18T05:54:38.878+0000] {logging_mixin.py:188} INFO - [2025-11-18T05:54:38.877+0000] {dag.py:3036} INFO - Sync 1 DAGs
[2025-11-18T05:54:38.904+0000] {logging_mixin.py:188} INFO - [2025-11-18T05:54:38.904+0000] {dag.py:3823} INFO - Setting next_dagrun for failed_lineage_dag to None, run_after=None
[2025-11-18T05:54:38.961+0000] {processor.py:183} INFO - Processing /opt/airflow/dags/failed_lineage_dag.py took 0.203 seconds
[2025-11-18T05:55:09.639+0000] {processor.py:161} INFO - Started process (PID=12446) to work on /opt/airflow/dags/failed_lineage_dag.py
[2025-11-18T05:55:09.641+0000] {processor.py:830} INFO - Processing file /opt/airflow/dags/failed_lineage_dag.py for tasks to queue
[2025-11-18T05:55:09.642+0000] {logging_mixin.py:188} INFO - [2025-11-18T05:55:09.642+0000] {dagbag.py:538} INFO - Filling up the DagBag from /opt/airflow/dags/failed_lineage_dag.py
[2025-11-18T05:55:09.671+0000] {processor.py:840} INFO - DAG(s) 'failed_lineage_dag' retrieved from /opt/airflow/dags/failed_lineage_dag.py
[2025-11-18T05:55:09.708+0000] {logging_mixin.py:188} INFO - [2025-11-18T05:55:09.708+0000] {dag.py:3036} INFO - Sync 1 DAGs
[2025-11-18T05:55:09.725+0000] {logging_mixin.py:188} INFO - [2025-11-18T05:55:09.725+0000] {dag.py:3823} INFO - Setting next_dagrun for failed_lineage_dag to None, run_after=None
[2025-11-18T05:55:09.757+0000] {processor.py:183} INFO - Processing /opt/airflow/dags/failed_lineage_dag.py took 0.122 seconds
[2025-11-18T05:55:40.696+0000] {processor.py:161} INFO - Started process (PID=12471) to work on /opt/airflow/dags/failed_lineage_dag.py
[2025-11-18T05:55:40.697+0000] {processor.py:830} INFO - Processing file /opt/airflow/dags/failed_lineage_dag.py for tasks to queue
[2025-11-18T05:55:40.700+0000] {logging_mixin.py:188} INFO - [2025-11-18T05:55:40.699+0000] {dagbag.py:538} INFO - Filling up the DagBag from /opt/airflow/dags/failed_lineage_dag.py
[2025-11-18T05:55:40.723+0000] {processor.py:840} INFO - DAG(s) 'failed_lineage_dag' retrieved from /opt/airflow/dags/failed_lineage_dag.py
[2025-11-18T05:55:40.801+0000] {logging_mixin.py:188} INFO - [2025-11-18T05:55:40.801+0000] {dag.py:3036} INFO - Sync 1 DAGs
[2025-11-18T05:55:40.835+0000] {logging_mixin.py:188} INFO - [2025-11-18T05:55:40.834+0000] {dag.py:3823} INFO - Setting next_dagrun for failed_lineage_dag to None, run_after=None
[2025-11-18T05:55:40.874+0000] {processor.py:183} INFO - Processing /opt/airflow/dags/failed_lineage_dag.py took 0.183 seconds
[2025-11-18T05:56:11.256+0000] {processor.py:161} INFO - Started process (PID=12496) to work on /opt/airflow/dags/failed_lineage_dag.py
[2025-11-18T05:56:11.257+0000] {processor.py:830} INFO - Processing file /opt/airflow/dags/failed_lineage_dag.py for tasks to queue
[2025-11-18T05:56:11.259+0000] {logging_mixin.py:188} INFO - [2025-11-18T05:56:11.258+0000] {dagbag.py:538} INFO - Filling up the DagBag from /opt/airflow/dags/failed_lineage_dag.py
[2025-11-18T05:56:11.282+0000] {processor.py:840} INFO - DAG(s) 'failed_lineage_dag' retrieved from /opt/airflow/dags/failed_lineage_dag.py
[2025-11-18T05:56:11.315+0000] {logging_mixin.py:188} INFO - [2025-11-18T05:56:11.315+0000] {dag.py:3036} INFO - Sync 1 DAGs
[2025-11-18T05:56:11.330+0000] {logging_mixin.py:188} INFO - [2025-11-18T05:56:11.330+0000] {dag.py:3823} INFO - Setting next_dagrun for failed_lineage_dag to None, run_after=None
[2025-11-18T05:56:11.353+0000] {processor.py:183} INFO - Processing /opt/airflow/dags/failed_lineage_dag.py took 0.101 seconds
[2025-11-18T05:56:41.935+0000] {processor.py:161} INFO - Started process (PID=12521) to work on /opt/airflow/dags/failed_lineage_dag.py
[2025-11-18T05:56:41.937+0000] {processor.py:830} INFO - Processing file /opt/airflow/dags/failed_lineage_dag.py for tasks to queue
[2025-11-18T05:56:41.939+0000] {logging_mixin.py:188} INFO - [2025-11-18T05:56:41.939+0000] {dagbag.py:538} INFO - Filling up the DagBag from /opt/airflow/dags/failed_lineage_dag.py
[2025-11-18T05:56:42.984+0000] {processor.py:840} INFO - DAG(s) 'failed_lineage_dag' retrieved from /opt/airflow/dags/failed_lineage_dag.py
[2025-11-18T05:56:43.010+0000] {logging_mixin.py:188} INFO - [2025-11-18T05:56:43.009+0000] {dag.py:3036} INFO - Sync 1 DAGs
[2025-11-18T05:56:43.020+0000] {logging_mixin.py:188} INFO - [2025-11-18T05:56:43.020+0000] {dag.py:3823} INFO - Setting next_dagrun for failed_lineage_dag to None, run_after=None
[2025-11-18T05:56:43.085+0000] {processor.py:183} INFO - Processing /opt/airflow/dags/failed_lineage_dag.py took 1.155 seconds
[2025-11-18T05:57:13.621+0000] {processor.py:161} INFO - Started process (PID=12551) to work on /opt/airflow/dags/failed_lineage_dag.py
[2025-11-18T05:57:13.622+0000] {processor.py:830} INFO - Processing file /opt/airflow/dags/failed_lineage_dag.py for tasks to queue
[2025-11-18T05:57:13.623+0000] {logging_mixin.py:188} INFO - [2025-11-18T05:57:13.623+0000] {dagbag.py:538} INFO - Filling up the DagBag from /opt/airflow/dags/failed_lineage_dag.py
[2025-11-18T05:57:13.641+0000] {processor.py:840} INFO - DAG(s) 'failed_lineage_dag' retrieved from /opt/airflow/dags/failed_lineage_dag.py
[2025-11-18T05:57:13.667+0000] {logging_mixin.py:188} INFO - [2025-11-18T05:57:13.666+0000] {dag.py:3036} INFO - Sync 1 DAGs
[2025-11-18T05:57:13.680+0000] {logging_mixin.py:188} INFO - [2025-11-18T05:57:13.679+0000] {dag.py:3823} INFO - Setting next_dagrun for failed_lineage_dag to None, run_after=None
[2025-11-18T05:57:13.702+0000] {processor.py:183} INFO - Processing /opt/airflow/dags/failed_lineage_dag.py took 0.086 seconds
[2025-11-18T05:57:44.329+0000] {processor.py:161} INFO - Started process (PID=12576) to work on /opt/airflow/dags/failed_lineage_dag.py
[2025-11-18T05:57:44.331+0000] {processor.py:830} INFO - Processing file /opt/airflow/dags/failed_lineage_dag.py for tasks to queue
[2025-11-18T05:57:44.332+0000] {logging_mixin.py:188} INFO - [2025-11-18T05:57:44.332+0000] {dagbag.py:538} INFO - Filling up the DagBag from /opt/airflow/dags/failed_lineage_dag.py
[2025-11-18T05:57:44.354+0000] {processor.py:840} INFO - DAG(s) 'failed_lineage_dag' retrieved from /opt/airflow/dags/failed_lineage_dag.py
[2025-11-18T05:57:44.383+0000] {logging_mixin.py:188} INFO - [2025-11-18T05:57:44.383+0000] {dag.py:3036} INFO - Sync 1 DAGs
[2025-11-18T05:57:44.395+0000] {logging_mixin.py:188} INFO - [2025-11-18T05:57:44.394+0000] {dag.py:3823} INFO - Setting next_dagrun for failed_lineage_dag to None, run_after=None
[2025-11-18T05:57:44.417+0000] {processor.py:183} INFO - Processing /opt/airflow/dags/failed_lineage_dag.py took 0.092 seconds
[2025-11-18T05:58:15.155+0000] {processor.py:161} INFO - Started process (PID=12601) to work on /opt/airflow/dags/failed_lineage_dag.py
[2025-11-18T05:58:15.158+0000] {processor.py:830} INFO - Processing file /opt/airflow/dags/failed_lineage_dag.py for tasks to queue
[2025-11-18T05:58:15.162+0000] {logging_mixin.py:188} INFO - [2025-11-18T05:58:15.161+0000] {dagbag.py:538} INFO - Filling up the DagBag from /opt/airflow/dags/failed_lineage_dag.py
[2025-11-18T05:58:15.192+0000] {processor.py:840} INFO - DAG(s) 'failed_lineage_dag' retrieved from /opt/airflow/dags/failed_lineage_dag.py
[2025-11-18T05:58:15.254+0000] {logging_mixin.py:188} INFO - [2025-11-18T05:58:15.253+0000] {dag.py:3036} INFO - Sync 1 DAGs
[2025-11-18T05:58:15.288+0000] {logging_mixin.py:188} INFO - [2025-11-18T05:58:15.284+0000] {dag.py:3823} INFO - Setting next_dagrun for failed_lineage_dag to None, run_after=None
[2025-11-18T05:58:15.344+0000] {processor.py:183} INFO - Processing /opt/airflow/dags/failed_lineage_dag.py took 0.194 seconds
[2025-11-18T05:58:45.742+0000] {processor.py:161} INFO - Started process (PID=12626) to work on /opt/airflow/dags/failed_lineage_dag.py
[2025-11-18T05:58:45.745+0000] {processor.py:830} INFO - Processing file /opt/airflow/dags/failed_lineage_dag.py for tasks to queue
[2025-11-18T05:58:45.752+0000] {logging_mixin.py:188} INFO - [2025-11-18T05:58:45.751+0000] {dagbag.py:538} INFO - Filling up the DagBag from /opt/airflow/dags/failed_lineage_dag.py
[2025-11-18T05:58:45.825+0000] {processor.py:840} INFO - DAG(s) 'failed_lineage_dag' retrieved from /opt/airflow/dags/failed_lineage_dag.py
[2025-11-18T05:58:45.904+0000] {logging_mixin.py:188} INFO - [2025-11-18T05:58:45.904+0000] {dag.py:3036} INFO - Sync 1 DAGs
[2025-11-18T05:58:45.926+0000] {logging_mixin.py:188} INFO - [2025-11-18T05:58:45.926+0000] {dag.py:3823} INFO - Setting next_dagrun for failed_lineage_dag to None, run_after=None
[2025-11-18T05:58:45.957+0000] {processor.py:183} INFO - Processing /opt/airflow/dags/failed_lineage_dag.py took 0.219 seconds
[2025-11-18T05:59:45.442+0000] {processor.py:161} INFO - Started process (PID=12646) to work on /opt/airflow/dags/failed_lineage_dag.py
[2025-11-18T05:59:45.464+0000] {processor.py:830} INFO - Processing file /opt/airflow/dags/failed_lineage_dag.py for tasks to queue
[2025-11-18T05:59:45.493+0000] {logging_mixin.py:188} INFO - [2025-11-18T05:59:45.483+0000] {dagbag.py:538} INFO - Filling up the DagBag from /opt/airflow/dags/failed_lineage_dag.py
[2025-11-18T05:59:46.246+0000] {processor.py:840} INFO - DAG(s) 'failed_lineage_dag' retrieved from /opt/airflow/dags/failed_lineage_dag.py
[2025-11-18T05:59:47.084+0000] {logging_mixin.py:188} INFO - [2025-11-18T05:59:47.084+0000] {dag.py:3036} INFO - Sync 1 DAGs
[2025-11-18T05:59:47.164+0000] {logging_mixin.py:188} INFO - [2025-11-18T05:59:47.164+0000] {dag.py:3823} INFO - Setting next_dagrun for failed_lineage_dag to None, run_after=None
[2025-11-18T05:59:47.285+0000] {processor.py:183} INFO - Processing /opt/airflow/dags/failed_lineage_dag.py took 2.115 seconds
[2025-11-18T06:00:17.848+0000] {processor.py:161} INFO - Started process (PID=12671) to work on /opt/airflow/dags/failed_lineage_dag.py
[2025-11-18T06:00:17.861+0000] {processor.py:830} INFO - Processing file /opt/airflow/dags/failed_lineage_dag.py for tasks to queue
[2025-11-18T06:00:17.865+0000] {logging_mixin.py:188} INFO - [2025-11-18T06:00:17.865+0000] {dagbag.py:538} INFO - Filling up the DagBag from /opt/airflow/dags/failed_lineage_dag.py
[2025-11-18T06:00:18.995+0000] {processor.py:840} INFO - DAG(s) 'failed_lineage_dag' retrieved from /opt/airflow/dags/failed_lineage_dag.py
[2025-11-18T06:00:19.359+0000] {logging_mixin.py:188} INFO - [2025-11-18T06:00:19.359+0000] {dag.py:3036} INFO - Sync 1 DAGs
[2025-11-18T06:00:19.564+0000] {logging_mixin.py:188} INFO - [2025-11-18T06:00:19.564+0000] {dag.py:3823} INFO - Setting next_dagrun for failed_lineage_dag to None, run_after=None
[2025-11-18T06:00:19.825+0000] {processor.py:183} INFO - Processing /opt/airflow/dags/failed_lineage_dag.py took 1.998 seconds
[2025-11-18T06:00:57.360+0000] {processor.py:161} INFO - Started process (PID=12699) to work on /opt/airflow/dags/failed_lineage_dag.py
[2025-11-18T06:00:57.367+0000] {processor.py:830} INFO - Processing file /opt/airflow/dags/failed_lineage_dag.py for tasks to queue
[2025-11-18T06:00:57.387+0000] {logging_mixin.py:188} INFO - [2025-11-18T06:00:57.386+0000] {dagbag.py:538} INFO - Filling up the DagBag from /opt/airflow/dags/failed_lineage_dag.py
[2025-11-18T06:00:58.021+0000] {processor.py:840} INFO - DAG(s) 'failed_lineage_dag' retrieved from /opt/airflow/dags/failed_lineage_dag.py
[2025-11-18T06:00:58.105+0000] {logging_mixin.py:188} INFO - [2025-11-18T06:00:58.104+0000] {dag.py:3036} INFO - Sync 1 DAGs
[2025-11-18T06:00:58.174+0000] {logging_mixin.py:188} INFO - [2025-11-18T06:00:58.174+0000] {dag.py:3823} INFO - Setting next_dagrun for failed_lineage_dag to None, run_after=None
[2025-11-18T06:00:58.331+0000] {processor.py:183} INFO - Processing /opt/airflow/dags/failed_lineage_dag.py took 0.982 seconds
[2025-11-18T06:01:29.486+0000] {processor.py:161} INFO - Started process (PID=12724) to work on /opt/airflow/dags/failed_lineage_dag.py
[2025-11-18T06:01:29.507+0000] {processor.py:830} INFO - Processing file /opt/airflow/dags/failed_lineage_dag.py for tasks to queue
[2025-11-18T06:01:29.510+0000] {logging_mixin.py:188} INFO - [2025-11-18T06:01:29.509+0000] {dagbag.py:538} INFO - Filling up the DagBag from /opt/airflow/dags/failed_lineage_dag.py
[2025-11-18T06:01:29.648+0000] {processor.py:840} INFO - DAG(s) 'failed_lineage_dag' retrieved from /opt/airflow/dags/failed_lineage_dag.py
[2025-11-18T06:01:29.747+0000] {logging_mixin.py:188} INFO - [2025-11-18T06:01:29.747+0000] {dag.py:3036} INFO - Sync 1 DAGs
[2025-11-18T06:01:29.790+0000] {logging_mixin.py:188} INFO - [2025-11-18T06:01:29.790+0000] {dag.py:3823} INFO - Setting next_dagrun for failed_lineage_dag to None, run_after=None
[2025-11-18T06:01:29.840+0000] {processor.py:183} INFO - Processing /opt/airflow/dags/failed_lineage_dag.py took 0.359 seconds
[2025-11-18T06:02:00.191+0000] {processor.py:161} INFO - Started process (PID=12749) to work on /opt/airflow/dags/failed_lineage_dag.py
[2025-11-18T06:02:00.196+0000] {processor.py:830} INFO - Processing file /opt/airflow/dags/failed_lineage_dag.py for tasks to queue
[2025-11-18T06:02:00.198+0000] {logging_mixin.py:188} INFO - [2025-11-18T06:02:00.197+0000] {dagbag.py:538} INFO - Filling up the DagBag from /opt/airflow/dags/failed_lineage_dag.py
[2025-11-18T06:02:00.305+0000] {processor.py:840} INFO - DAG(s) 'failed_lineage_dag' retrieved from /opt/airflow/dags/failed_lineage_dag.py
[2025-11-18T06:02:00.430+0000] {logging_mixin.py:188} INFO - [2025-11-18T06:02:00.430+0000] {dag.py:3036} INFO - Sync 1 DAGs
[2025-11-18T06:02:00.487+0000] {logging_mixin.py:188} INFO - [2025-11-18T06:02:00.486+0000] {dag.py:3823} INFO - Setting next_dagrun for failed_lineage_dag to None, run_after=None
[2025-11-18T06:02:00.624+0000] {processor.py:183} INFO - Processing /opt/airflow/dags/failed_lineage_dag.py took 0.446 seconds
[2025-11-18T06:02:30.760+0000] {processor.py:161} INFO - Started process (PID=12774) to work on /opt/airflow/dags/failed_lineage_dag.py
[2025-11-18T06:02:30.762+0000] {processor.py:830} INFO - Processing file /opt/airflow/dags/failed_lineage_dag.py for tasks to queue
[2025-11-18T06:02:30.766+0000] {logging_mixin.py:188} INFO - [2025-11-18T06:02:30.765+0000] {dagbag.py:538} INFO - Filling up the DagBag from /opt/airflow/dags/failed_lineage_dag.py
[2025-11-18T06:02:30.792+0000] {processor.py:840} INFO - DAG(s) 'failed_lineage_dag' retrieved from /opt/airflow/dags/failed_lineage_dag.py
[2025-11-18T06:02:30.825+0000] {logging_mixin.py:188} INFO - [2025-11-18T06:02:30.825+0000] {dag.py:3036} INFO - Sync 1 DAGs
[2025-11-18T06:02:30.837+0000] {logging_mixin.py:188} INFO - [2025-11-18T06:02:30.837+0000] {dag.py:3823} INFO - Setting next_dagrun for failed_lineage_dag to None, run_after=None
[2025-11-18T06:02:30.860+0000] {processor.py:183} INFO - Processing /opt/airflow/dags/failed_lineage_dag.py took 0.105 seconds
[2025-11-18T06:03:01.604+0000] {processor.py:161} INFO - Started process (PID=12799) to work on /opt/airflow/dags/failed_lineage_dag.py
[2025-11-18T06:03:01.605+0000] {processor.py:830} INFO - Processing file /opt/airflow/dags/failed_lineage_dag.py for tasks to queue
[2025-11-18T06:03:01.607+0000] {logging_mixin.py:188} INFO - [2025-11-18T06:03:01.607+0000] {dagbag.py:538} INFO - Filling up the DagBag from /opt/airflow/dags/failed_lineage_dag.py
[2025-11-18T06:03:01.635+0000] {processor.py:840} INFO - DAG(s) 'failed_lineage_dag' retrieved from /opt/airflow/dags/failed_lineage_dag.py
[2025-11-18T06:03:01.684+0000] {logging_mixin.py:188} INFO - [2025-11-18T06:03:01.684+0000] {dag.py:3036} INFO - Sync 1 DAGs
[2025-11-18T06:03:01.698+0000] {logging_mixin.py:188} INFO - [2025-11-18T06:03:01.698+0000] {dag.py:3823} INFO - Setting next_dagrun for failed_lineage_dag to None, run_after=None
[2025-11-18T06:03:01.725+0000] {processor.py:183} INFO - Processing /opt/airflow/dags/failed_lineage_dag.py took 0.126 seconds
[2025-11-18T06:03:32.124+0000] {processor.py:161} INFO - Started process (PID=12824) to work on /opt/airflow/dags/failed_lineage_dag.py
[2025-11-18T06:03:32.130+0000] {processor.py:830} INFO - Processing file /opt/airflow/dags/failed_lineage_dag.py for tasks to queue
[2025-11-18T06:03:32.144+0000] {logging_mixin.py:188} INFO - [2025-11-18T06:03:32.144+0000] {dagbag.py:538} INFO - Filling up the DagBag from /opt/airflow/dags/failed_lineage_dag.py
[2025-11-18T06:03:32.275+0000] {processor.py:840} INFO - DAG(s) 'failed_lineage_dag' retrieved from /opt/airflow/dags/failed_lineage_dag.py
[2025-11-18T06:03:32.390+0000] {logging_mixin.py:188} INFO - [2025-11-18T06:03:32.390+0000] {dag.py:3036} INFO - Sync 1 DAGs
[2025-11-18T06:03:32.430+0000] {logging_mixin.py:188} INFO - [2025-11-18T06:03:32.430+0000] {dag.py:3823} INFO - Setting next_dagrun for failed_lineage_dag to None, run_after=None
[2025-11-18T06:03:32.506+0000] {processor.py:183} INFO - Processing /opt/airflow/dags/failed_lineage_dag.py took 0.387 seconds
[2025-11-18T06:04:02.732+0000] {processor.py:161} INFO - Started process (PID=12849) to work on /opt/airflow/dags/failed_lineage_dag.py
[2025-11-18T06:04:02.735+0000] {processor.py:830} INFO - Processing file /opt/airflow/dags/failed_lineage_dag.py for tasks to queue
[2025-11-18T06:04:02.737+0000] {logging_mixin.py:188} INFO - [2025-11-18T06:04:02.736+0000] {dagbag.py:538} INFO - Filling up the DagBag from /opt/airflow/dags/failed_lineage_dag.py
[2025-11-18T06:04:02.810+0000] {processor.py:840} INFO - DAG(s) 'failed_lineage_dag' retrieved from /opt/airflow/dags/failed_lineage_dag.py
[2025-11-18T06:04:02.875+0000] {logging_mixin.py:188} INFO - [2025-11-18T06:04:02.875+0000] {dag.py:3036} INFO - Sync 1 DAGs
[2025-11-18T06:04:02.897+0000] {logging_mixin.py:188} INFO - [2025-11-18T06:04:02.896+0000] {dag.py:3823} INFO - Setting next_dagrun for failed_lineage_dag to None, run_after=None
[2025-11-18T06:04:02.931+0000] {processor.py:183} INFO - Processing /opt/airflow/dags/failed_lineage_dag.py took 0.204 seconds
[2025-11-18T06:04:36.452+0000] {processor.py:161} INFO - Started process (PID=12876) to work on /opt/airflow/dags/failed_lineage_dag.py
[2025-11-18T06:04:36.462+0000] {processor.py:830} INFO - Processing file /opt/airflow/dags/failed_lineage_dag.py for tasks to queue
[2025-11-18T06:04:36.470+0000] {logging_mixin.py:188} INFO - [2025-11-18T06:04:36.469+0000] {dagbag.py:538} INFO - Filling up the DagBag from /opt/airflow/dags/failed_lineage_dag.py
[2025-11-18T06:04:36.687+0000] {processor.py:840} INFO - DAG(s) 'failed_lineage_dag' retrieved from /opt/airflow/dags/failed_lineage_dag.py
[2025-11-18T06:04:36.881+0000] {logging_mixin.py:188} INFO - [2025-11-18T06:04:36.880+0000] {dag.py:3036} INFO - Sync 1 DAGs
[2025-11-18T06:04:36.940+0000] {logging_mixin.py:188} INFO - [2025-11-18T06:04:36.939+0000] {dag.py:3823} INFO - Setting next_dagrun for failed_lineage_dag to None, run_after=None
[2025-11-18T06:04:37.045+0000] {processor.py:183} INFO - Processing /opt/airflow/dags/failed_lineage_dag.py took 0.600 seconds
[2025-11-18T06:05:08.911+0000] {processor.py:161} INFO - Started process (PID=12901) to work on /opt/airflow/dags/failed_lineage_dag.py
[2025-11-18T06:05:08.922+0000] {processor.py:830} INFO - Processing file /opt/airflow/dags/failed_lineage_dag.py for tasks to queue
[2025-11-18T06:05:08.927+0000] {logging_mixin.py:188} INFO - [2025-11-18T06:05:08.926+0000] {dagbag.py:538} INFO - Filling up the DagBag from /opt/airflow/dags/failed_lineage_dag.py
[2025-11-18T06:05:09.684+0000] {processor.py:840} INFO - DAG(s) 'failed_lineage_dag' retrieved from /opt/airflow/dags/failed_lineage_dag.py
[2025-11-18T06:05:09.847+0000] {logging_mixin.py:188} INFO - [2025-11-18T06:05:09.847+0000] {dag.py:3036} INFO - Sync 1 DAGs
[2025-11-18T06:05:09.943+0000] {logging_mixin.py:188} INFO - [2025-11-18T06:05:09.942+0000] {dag.py:3823} INFO - Setting next_dagrun for failed_lineage_dag to None, run_after=None
[2025-11-18T06:05:10.046+0000] {processor.py:183} INFO - Processing /opt/airflow/dags/failed_lineage_dag.py took 1.150 seconds
[2025-11-18T06:05:40.195+0000] {processor.py:161} INFO - Started process (PID=12926) to work on /opt/airflow/dags/failed_lineage_dag.py
[2025-11-18T06:05:40.197+0000] {processor.py:830} INFO - Processing file /opt/airflow/dags/failed_lineage_dag.py for tasks to queue
[2025-11-18T06:05:40.198+0000] {logging_mixin.py:188} INFO - [2025-11-18T06:05:40.198+0000] {dagbag.py:538} INFO - Filling up the DagBag from /opt/airflow/dags/failed_lineage_dag.py
[2025-11-18T06:05:40.217+0000] {processor.py:840} INFO - DAG(s) 'failed_lineage_dag' retrieved from /opt/airflow/dags/failed_lineage_dag.py
[2025-11-18T06:05:40.248+0000] {logging_mixin.py:188} INFO - [2025-11-18T06:05:40.248+0000] {dag.py:3036} INFO - Sync 1 DAGs
[2025-11-18T06:05:40.261+0000] {logging_mixin.py:188} INFO - [2025-11-18T06:05:40.260+0000] {dag.py:3823} INFO - Setting next_dagrun for failed_lineage_dag to None, run_after=None
[2025-11-18T06:05:40.296+0000] {processor.py:183} INFO - Processing /opt/airflow/dags/failed_lineage_dag.py took 0.105 seconds
[2025-11-18T06:06:10.430+0000] {processor.py:161} INFO - Started process (PID=12951) to work on /opt/airflow/dags/failed_lineage_dag.py
[2025-11-18T06:06:10.432+0000] {processor.py:830} INFO - Processing file /opt/airflow/dags/failed_lineage_dag.py for tasks to queue
[2025-11-18T06:06:10.434+0000] {logging_mixin.py:188} INFO - [2025-11-18T06:06:10.433+0000] {dagbag.py:538} INFO - Filling up the DagBag from /opt/airflow/dags/failed_lineage_dag.py
[2025-11-18T06:06:10.466+0000] {processor.py:840} INFO - DAG(s) 'failed_lineage_dag' retrieved from /opt/airflow/dags/failed_lineage_dag.py
[2025-11-18T06:06:10.514+0000] {logging_mixin.py:188} INFO - [2025-11-18T06:06:10.513+0000] {dag.py:3036} INFO - Sync 1 DAGs
[2025-11-18T06:06:10.535+0000] {logging_mixin.py:188} INFO - [2025-11-18T06:06:10.534+0000] {dag.py:3823} INFO - Setting next_dagrun for failed_lineage_dag to None, run_after=None
[2025-11-18T06:06:10.587+0000] {processor.py:183} INFO - Processing /opt/airflow/dags/failed_lineage_dag.py took 0.163 seconds
[2025-11-18T06:06:41.375+0000] {processor.py:161} INFO - Started process (PID=12976) to work on /opt/airflow/dags/failed_lineage_dag.py
[2025-11-18T06:06:41.377+0000] {processor.py:830} INFO - Processing file /opt/airflow/dags/failed_lineage_dag.py for tasks to queue
[2025-11-18T06:06:41.379+0000] {logging_mixin.py:188} INFO - [2025-11-18T06:06:41.378+0000] {dagbag.py:538} INFO - Filling up the DagBag from /opt/airflow/dags/failed_lineage_dag.py
[2025-11-18T06:06:41.416+0000] {processor.py:840} INFO - DAG(s) 'failed_lineage_dag' retrieved from /opt/airflow/dags/failed_lineage_dag.py
[2025-11-18T06:06:41.451+0000] {logging_mixin.py:188} INFO - [2025-11-18T06:06:41.450+0000] {dag.py:3036} INFO - Sync 1 DAGs
[2025-11-18T06:06:41.466+0000] {logging_mixin.py:188} INFO - [2025-11-18T06:06:41.465+0000] {dag.py:3823} INFO - Setting next_dagrun for failed_lineage_dag to None, run_after=None
[2025-11-18T06:06:41.506+0000] {processor.py:183} INFO - Processing /opt/airflow/dags/failed_lineage_dag.py took 0.138 seconds
[2025-11-18T06:07:11.734+0000] {processor.py:161} INFO - Started process (PID=13001) to work on /opt/airflow/dags/failed_lineage_dag.py
[2025-11-18T06:07:11.746+0000] {processor.py:830} INFO - Processing file /opt/airflow/dags/failed_lineage_dag.py for tasks to queue
[2025-11-18T06:07:11.762+0000] {logging_mixin.py:188} INFO - [2025-11-18T06:07:11.761+0000] {dagbag.py:538} INFO - Filling up the DagBag from /opt/airflow/dags/failed_lineage_dag.py
[2025-11-18T06:07:11.862+0000] {processor.py:840} INFO - DAG(s) 'failed_lineage_dag' retrieved from /opt/airflow/dags/failed_lineage_dag.py
[2025-11-18T06:07:11.970+0000] {logging_mixin.py:188} INFO - [2025-11-18T06:07:11.969+0000] {dag.py:3036} INFO - Sync 1 DAGs
[2025-11-18T06:07:12.003+0000] {logging_mixin.py:188} INFO - [2025-11-18T06:07:12.002+0000] {dag.py:3823} INFO - Setting next_dagrun for failed_lineage_dag to None, run_after=None
[2025-11-18T06:07:12.113+0000] {processor.py:183} INFO - Processing /opt/airflow/dags/failed_lineage_dag.py took 0.385 seconds
[2025-11-18T06:07:42.760+0000] {processor.py:161} INFO - Started process (PID=13026) to work on /opt/airflow/dags/failed_lineage_dag.py
[2025-11-18T06:07:42.763+0000] {processor.py:830} INFO - Processing file /opt/airflow/dags/failed_lineage_dag.py for tasks to queue
[2025-11-18T06:07:42.767+0000] {logging_mixin.py:188} INFO - [2025-11-18T06:07:42.766+0000] {dagbag.py:538} INFO - Filling up the DagBag from /opt/airflow/dags/failed_lineage_dag.py
[2025-11-18T06:07:42.842+0000] {processor.py:840} INFO - DAG(s) 'failed_lineage_dag' retrieved from /opt/airflow/dags/failed_lineage_dag.py
[2025-11-18T06:07:42.907+0000] {logging_mixin.py:188} INFO - [2025-11-18T06:07:42.906+0000] {dag.py:3036} INFO - Sync 1 DAGs
[2025-11-18T06:07:42.930+0000] {logging_mixin.py:188} INFO - [2025-11-18T06:07:42.930+0000] {dag.py:3823} INFO - Setting next_dagrun for failed_lineage_dag to None, run_after=None
[2025-11-18T06:07:42.972+0000] {processor.py:183} INFO - Processing /opt/airflow/dags/failed_lineage_dag.py took 0.217 seconds
[2025-11-18T06:08:13.153+0000] {processor.py:161} INFO - Started process (PID=13051) to work on /opt/airflow/dags/failed_lineage_dag.py
[2025-11-18T06:08:13.156+0000] {processor.py:830} INFO - Processing file /opt/airflow/dags/failed_lineage_dag.py for tasks to queue
[2025-11-18T06:08:13.158+0000] {logging_mixin.py:188} INFO - [2025-11-18T06:08:13.157+0000] {dagbag.py:538} INFO - Filling up the DagBag from /opt/airflow/dags/failed_lineage_dag.py
[2025-11-18T06:08:13.203+0000] {processor.py:840} INFO - DAG(s) 'failed_lineage_dag' retrieved from /opt/airflow/dags/failed_lineage_dag.py
[2025-11-18T06:08:13.278+0000] {logging_mixin.py:188} INFO - [2025-11-18T06:08:13.278+0000] {dag.py:3036} INFO - Sync 1 DAGs
[2025-11-18T06:08:13.303+0000] {logging_mixin.py:188} INFO - [2025-11-18T06:08:13.303+0000] {dag.py:3823} INFO - Setting next_dagrun for failed_lineage_dag to None, run_after=None
[2025-11-18T06:08:13.367+0000] {processor.py:183} INFO - Processing /opt/airflow/dags/failed_lineage_dag.py took 0.220 seconds
[2025-11-18T06:08:43.510+0000] {processor.py:161} INFO - Started process (PID=13076) to work on /opt/airflow/dags/failed_lineage_dag.py
[2025-11-18T06:08:43.512+0000] {processor.py:830} INFO - Processing file /opt/airflow/dags/failed_lineage_dag.py for tasks to queue
[2025-11-18T06:08:43.513+0000] {logging_mixin.py:188} INFO - [2025-11-18T06:08:43.513+0000] {dagbag.py:538} INFO - Filling up the DagBag from /opt/airflow/dags/failed_lineage_dag.py
[2025-11-18T06:08:43.540+0000] {processor.py:840} INFO - DAG(s) 'failed_lineage_dag' retrieved from /opt/airflow/dags/failed_lineage_dag.py
[2025-11-18T06:08:43.577+0000] {logging_mixin.py:188} INFO - [2025-11-18T06:08:43.577+0000] {dag.py:3036} INFO - Sync 1 DAGs
[2025-11-18T06:08:43.596+0000] {logging_mixin.py:188} INFO - [2025-11-18T06:08:43.595+0000] {dag.py:3823} INFO - Setting next_dagrun for failed_lineage_dag to None, run_after=None
[2025-11-18T06:08:43.625+0000] {processor.py:183} INFO - Processing /opt/airflow/dags/failed_lineage_dag.py took 0.120 seconds
[2025-11-18T06:09:13.918+0000] {processor.py:161} INFO - Started process (PID=13101) to work on /opt/airflow/dags/failed_lineage_dag.py
[2025-11-18T06:09:13.920+0000] {processor.py:830} INFO - Processing file /opt/airflow/dags/failed_lineage_dag.py for tasks to queue
[2025-11-18T06:09:13.921+0000] {logging_mixin.py:188} INFO - [2025-11-18T06:09:13.921+0000] {dagbag.py:538} INFO - Filling up the DagBag from /opt/airflow/dags/failed_lineage_dag.py
[2025-11-18T06:09:13.941+0000] {processor.py:840} INFO - DAG(s) 'failed_lineage_dag' retrieved from /opt/airflow/dags/failed_lineage_dag.py
[2025-11-18T06:09:13.969+0000] {logging_mixin.py:188} INFO - [2025-11-18T06:09:13.969+0000] {dag.py:3036} INFO - Sync 1 DAGs
[2025-11-18T06:09:13.986+0000] {logging_mixin.py:188} INFO - [2025-11-18T06:09:13.985+0000] {dag.py:3823} INFO - Setting next_dagrun for failed_lineage_dag to None, run_after=None
[2025-11-18T06:09:14.009+0000] {processor.py:183} INFO - Processing /opt/airflow/dags/failed_lineage_dag.py took 0.095 seconds
[2025-11-18T06:09:44.728+0000] {processor.py:161} INFO - Started process (PID=13126) to work on /opt/airflow/dags/failed_lineage_dag.py
[2025-11-18T06:09:44.730+0000] {processor.py:830} INFO - Processing file /opt/airflow/dags/failed_lineage_dag.py for tasks to queue
[2025-11-18T06:09:44.732+0000] {logging_mixin.py:188} INFO - [2025-11-18T06:09:44.732+0000] {dagbag.py:538} INFO - Filling up the DagBag from /opt/airflow/dags/failed_lineage_dag.py
[2025-11-18T06:09:44.786+0000] {processor.py:840} INFO - DAG(s) 'failed_lineage_dag' retrieved from /opt/airflow/dags/failed_lineage_dag.py
[2025-11-18T06:09:44.811+0000] {logging_mixin.py:188} INFO - [2025-11-18T06:09:44.811+0000] {dag.py:3036} INFO - Sync 1 DAGs
[2025-11-18T06:09:44.822+0000] {logging_mixin.py:188} INFO - [2025-11-18T06:09:44.822+0000] {dag.py:3823} INFO - Setting next_dagrun for failed_lineage_dag to None, run_after=None
[2025-11-18T06:09:44.841+0000] {processor.py:183} INFO - Processing /opt/airflow/dags/failed_lineage_dag.py took 0.117 seconds
[2025-11-18T06:10:15.405+0000] {processor.py:161} INFO - Started process (PID=13151) to work on /opt/airflow/dags/failed_lineage_dag.py
[2025-11-18T06:10:15.407+0000] {processor.py:830} INFO - Processing file /opt/airflow/dags/failed_lineage_dag.py for tasks to queue
[2025-11-18T06:10:15.409+0000] {logging_mixin.py:188} INFO - [2025-11-18T06:10:15.408+0000] {dagbag.py:538} INFO - Filling up the DagBag from /opt/airflow/dags/failed_lineage_dag.py
[2025-11-18T06:10:15.448+0000] {processor.py:840} INFO - DAG(s) 'failed_lineage_dag' retrieved from /opt/airflow/dags/failed_lineage_dag.py
[2025-11-18T06:10:15.494+0000] {logging_mixin.py:188} INFO - [2025-11-18T06:10:15.494+0000] {dag.py:3036} INFO - Sync 1 DAGs
[2025-11-18T06:10:15.507+0000] {logging_mixin.py:188} INFO - [2025-11-18T06:10:15.506+0000] {dag.py:3823} INFO - Setting next_dagrun for failed_lineage_dag to None, run_after=None
[2025-11-18T06:10:15.530+0000] {processor.py:183} INFO - Processing /opt/airflow/dags/failed_lineage_dag.py took 0.128 seconds
[2025-11-18T06:10:45.605+0000] {processor.py:161} INFO - Started process (PID=13176) to work on /opt/airflow/dags/failed_lineage_dag.py
[2025-11-18T06:10:45.607+0000] {processor.py:830} INFO - Processing file /opt/airflow/dags/failed_lineage_dag.py for tasks to queue
[2025-11-18T06:10:45.608+0000] {logging_mixin.py:188} INFO - [2025-11-18T06:10:45.608+0000] {dagbag.py:538} INFO - Filling up the DagBag from /opt/airflow/dags/failed_lineage_dag.py
[2025-11-18T06:10:45.630+0000] {processor.py:840} INFO - DAG(s) 'failed_lineage_dag' retrieved from /opt/airflow/dags/failed_lineage_dag.py
[2025-11-18T06:10:45.664+0000] {logging_mixin.py:188} INFO - [2025-11-18T06:10:45.664+0000] {dag.py:3036} INFO - Sync 1 DAGs
[2025-11-18T06:10:45.682+0000] {logging_mixin.py:188} INFO - [2025-11-18T06:10:45.682+0000] {dag.py:3823} INFO - Setting next_dagrun for failed_lineage_dag to None, run_after=None
[2025-11-18T06:10:45.713+0000] {processor.py:183} INFO - Processing /opt/airflow/dags/failed_lineage_dag.py took 0.112 seconds
[2025-11-18T06:11:16.153+0000] {processor.py:161} INFO - Started process (PID=13201) to work on /opt/airflow/dags/failed_lineage_dag.py
[2025-11-18T06:11:16.155+0000] {processor.py:830} INFO - Processing file /opt/airflow/dags/failed_lineage_dag.py for tasks to queue
[2025-11-18T06:11:16.161+0000] {logging_mixin.py:188} INFO - [2025-11-18T06:11:16.160+0000] {dagbag.py:538} INFO - Filling up the DagBag from /opt/airflow/dags/failed_lineage_dag.py
[2025-11-18T06:11:16.191+0000] {processor.py:840} INFO - DAG(s) 'failed_lineage_dag' retrieved from /opt/airflow/dags/failed_lineage_dag.py
[2025-11-18T06:11:16.252+0000] {logging_mixin.py:188} INFO - [2025-11-18T06:11:16.252+0000] {dag.py:3036} INFO - Sync 1 DAGs
[2025-11-18T06:11:16.291+0000] {logging_mixin.py:188} INFO - [2025-11-18T06:11:16.291+0000] {dag.py:3823} INFO - Setting next_dagrun for failed_lineage_dag to None, run_after=None
[2025-11-18T06:11:16.386+0000] {processor.py:183} INFO - Processing /opt/airflow/dags/failed_lineage_dag.py took 0.239 seconds
[2025-11-18T06:11:46.603+0000] {processor.py:161} INFO - Started process (PID=13226) to work on /opt/airflow/dags/failed_lineage_dag.py
[2025-11-18T06:11:46.606+0000] {processor.py:830} INFO - Processing file /opt/airflow/dags/failed_lineage_dag.py for tasks to queue
[2025-11-18T06:11:46.607+0000] {logging_mixin.py:188} INFO - [2025-11-18T06:11:46.607+0000] {dagbag.py:538} INFO - Filling up the DagBag from /opt/airflow/dags/failed_lineage_dag.py
[2025-11-18T06:11:46.631+0000] {processor.py:840} INFO - DAG(s) 'failed_lineage_dag' retrieved from /opt/airflow/dags/failed_lineage_dag.py
[2025-11-18T06:11:46.669+0000] {logging_mixin.py:188} INFO - [2025-11-18T06:11:46.668+0000] {dag.py:3036} INFO - Sync 1 DAGs
[2025-11-18T06:11:46.686+0000] {logging_mixin.py:188} INFO - [2025-11-18T06:11:46.686+0000] {dag.py:3823} INFO - Setting next_dagrun for failed_lineage_dag to None, run_after=None
[2025-11-18T06:11:46.713+0000] {processor.py:183} INFO - Processing /opt/airflow/dags/failed_lineage_dag.py took 0.113 seconds
[2025-11-18T06:12:16.788+0000] {processor.py:161} INFO - Started process (PID=13251) to work on /opt/airflow/dags/failed_lineage_dag.py
[2025-11-18T06:12:16.790+0000] {processor.py:830} INFO - Processing file /opt/airflow/dags/failed_lineage_dag.py for tasks to queue
[2025-11-18T06:12:16.791+0000] {logging_mixin.py:188} INFO - [2025-11-18T06:12:16.791+0000] {dagbag.py:538} INFO - Filling up the DagBag from /opt/airflow/dags/failed_lineage_dag.py
[2025-11-18T06:12:16.808+0000] {processor.py:840} INFO - DAG(s) 'failed_lineage_dag' retrieved from /opt/airflow/dags/failed_lineage_dag.py
[2025-11-18T06:12:16.834+0000] {logging_mixin.py:188} INFO - [2025-11-18T06:12:16.834+0000] {dag.py:3036} INFO - Sync 1 DAGs
[2025-11-18T06:12:16.845+0000] {logging_mixin.py:188} INFO - [2025-11-18T06:12:16.844+0000] {dag.py:3823} INFO - Setting next_dagrun for failed_lineage_dag to None, run_after=None
[2025-11-18T06:12:16.866+0000] {processor.py:183} INFO - Processing /opt/airflow/dags/failed_lineage_dag.py took 0.081 seconds
[2025-11-18T06:12:47.029+0000] {processor.py:161} INFO - Started process (PID=13276) to work on /opt/airflow/dags/failed_lineage_dag.py
[2025-11-18T06:12:47.030+0000] {processor.py:830} INFO - Processing file /opt/airflow/dags/failed_lineage_dag.py for tasks to queue
[2025-11-18T06:12:47.032+0000] {logging_mixin.py:188} INFO - [2025-11-18T06:12:47.031+0000] {dagbag.py:538} INFO - Filling up the DagBag from /opt/airflow/dags/failed_lineage_dag.py
[2025-11-18T06:12:47.053+0000] {processor.py:840} INFO - DAG(s) 'failed_lineage_dag' retrieved from /opt/airflow/dags/failed_lineage_dag.py
[2025-11-18T06:12:47.082+0000] {logging_mixin.py:188} INFO - [2025-11-18T06:12:47.081+0000] {dag.py:3036} INFO - Sync 1 DAGs
[2025-11-18T06:12:47.093+0000] {logging_mixin.py:188} INFO - [2025-11-18T06:12:47.092+0000] {dag.py:3823} INFO - Setting next_dagrun for failed_lineage_dag to None, run_after=None
[2025-11-18T06:12:47.115+0000] {processor.py:183} INFO - Processing /opt/airflow/dags/failed_lineage_dag.py took 0.090 seconds
[2025-11-18T06:13:17.847+0000] {processor.py:161} INFO - Started process (PID=13301) to work on /opt/airflow/dags/failed_lineage_dag.py
[2025-11-18T06:13:17.848+0000] {processor.py:830} INFO - Processing file /opt/airflow/dags/failed_lineage_dag.py for tasks to queue
[2025-11-18T06:13:17.849+0000] {logging_mixin.py:188} INFO - [2025-11-18T06:13:17.849+0000] {dagbag.py:538} INFO - Filling up the DagBag from /opt/airflow/dags/failed_lineage_dag.py
[2025-11-18T06:13:17.871+0000] {processor.py:840} INFO - DAG(s) 'failed_lineage_dag' retrieved from /opt/airflow/dags/failed_lineage_dag.py
[2025-11-18T06:13:17.898+0000] {logging_mixin.py:188} INFO - [2025-11-18T06:13:17.897+0000] {dag.py:3036} INFO - Sync 1 DAGs
[2025-11-18T06:13:17.908+0000] {logging_mixin.py:188} INFO - [2025-11-18T06:13:17.908+0000] {dag.py:3823} INFO - Setting next_dagrun for failed_lineage_dag to None, run_after=None
[2025-11-18T06:13:17.930+0000] {processor.py:183} INFO - Processing /opt/airflow/dags/failed_lineage_dag.py took 0.087 seconds
[2025-11-18T06:13:48.554+0000] {processor.py:161} INFO - Started process (PID=13326) to work on /opt/airflow/dags/failed_lineage_dag.py
[2025-11-18T06:13:48.556+0000] {processor.py:830} INFO - Processing file /opt/airflow/dags/failed_lineage_dag.py for tasks to queue
[2025-11-18T06:13:48.557+0000] {logging_mixin.py:188} INFO - [2025-11-18T06:13:48.557+0000] {dagbag.py:538} INFO - Filling up the DagBag from /opt/airflow/dags/failed_lineage_dag.py
[2025-11-18T06:13:48.580+0000] {processor.py:840} INFO - DAG(s) 'failed_lineage_dag' retrieved from /opt/airflow/dags/failed_lineage_dag.py
[2025-11-18T06:13:48.608+0000] {logging_mixin.py:188} INFO - [2025-11-18T06:13:48.608+0000] {dag.py:3036} INFO - Sync 1 DAGs
[2025-11-18T06:13:48.619+0000] {logging_mixin.py:188} INFO - [2025-11-18T06:13:48.619+0000] {dag.py:3823} INFO - Setting next_dagrun for failed_lineage_dag to None, run_after=None
[2025-11-18T06:13:48.641+0000] {processor.py:183} INFO - Processing /opt/airflow/dags/failed_lineage_dag.py took 0.091 seconds
[2025-11-18T06:14:19.363+0000] {processor.py:161} INFO - Started process (PID=13351) to work on /opt/airflow/dags/failed_lineage_dag.py
[2025-11-18T06:14:19.366+0000] {processor.py:830} INFO - Processing file /opt/airflow/dags/failed_lineage_dag.py for tasks to queue
[2025-11-18T06:14:19.368+0000] {logging_mixin.py:188} INFO - [2025-11-18T06:14:19.368+0000] {dagbag.py:538} INFO - Filling up the DagBag from /opt/airflow/dags/failed_lineage_dag.py
[2025-11-18T06:14:19.420+0000] {processor.py:840} INFO - DAG(s) 'failed_lineage_dag' retrieved from /opt/airflow/dags/failed_lineage_dag.py
[2025-11-18T06:14:19.451+0000] {logging_mixin.py:188} INFO - [2025-11-18T06:14:19.451+0000] {dag.py:3036} INFO - Sync 1 DAGs
[2025-11-18T06:14:19.464+0000] {logging_mixin.py:188} INFO - [2025-11-18T06:14:19.463+0000] {dag.py:3823} INFO - Setting next_dagrun for failed_lineage_dag to None, run_after=None
[2025-11-18T06:14:19.490+0000] {processor.py:183} INFO - Processing /opt/airflow/dags/failed_lineage_dag.py took 0.131 seconds
[2025-11-18T06:14:49.996+0000] {processor.py:161} INFO - Started process (PID=13376) to work on /opt/airflow/dags/failed_lineage_dag.py
[2025-11-18T06:14:49.998+0000] {processor.py:830} INFO - Processing file /opt/airflow/dags/failed_lineage_dag.py for tasks to queue
[2025-11-18T06:14:49.999+0000] {logging_mixin.py:188} INFO - [2025-11-18T06:14:49.999+0000] {dagbag.py:538} INFO - Filling up the DagBag from /opt/airflow/dags/failed_lineage_dag.py
[2025-11-18T06:14:50.022+0000] {processor.py:840} INFO - DAG(s) 'failed_lineage_dag' retrieved from /opt/airflow/dags/failed_lineage_dag.py
[2025-11-18T06:14:50.050+0000] {logging_mixin.py:188} INFO - [2025-11-18T06:14:50.050+0000] {dag.py:3036} INFO - Sync 1 DAGs
[2025-11-18T06:14:50.061+0000] {logging_mixin.py:188} INFO - [2025-11-18T06:14:50.061+0000] {dag.py:3823} INFO - Setting next_dagrun for failed_lineage_dag to None, run_after=None
[2025-11-18T06:14:50.082+0000] {processor.py:183} INFO - Processing /opt/airflow/dags/failed_lineage_dag.py took 0.090 seconds
[2025-11-18T06:15:20.793+0000] {processor.py:161} INFO - Started process (PID=13401) to work on /opt/airflow/dags/failed_lineage_dag.py
[2025-11-18T06:15:20.795+0000] {processor.py:830} INFO - Processing file /opt/airflow/dags/failed_lineage_dag.py for tasks to queue
[2025-11-18T06:15:20.796+0000] {logging_mixin.py:188} INFO - [2025-11-18T06:15:20.796+0000] {dagbag.py:538} INFO - Filling up the DagBag from /opt/airflow/dags/failed_lineage_dag.py
[2025-11-18T06:15:20.818+0000] {processor.py:840} INFO - DAG(s) 'failed_lineage_dag' retrieved from /opt/airflow/dags/failed_lineage_dag.py
[2025-11-18T06:15:20.847+0000] {logging_mixin.py:188} INFO - [2025-11-18T06:15:20.847+0000] {dag.py:3036} INFO - Sync 1 DAGs
[2025-11-18T06:15:20.859+0000] {logging_mixin.py:188} INFO - [2025-11-18T06:15:20.859+0000] {dag.py:3823} INFO - Setting next_dagrun for failed_lineage_dag to None, run_after=None
[2025-11-18T06:15:20.920+0000] {processor.py:183} INFO - Processing /opt/airflow/dags/failed_lineage_dag.py took 0.131 seconds
[2025-11-18T06:15:51.251+0000] {processor.py:161} INFO - Started process (PID=13426) to work on /opt/airflow/dags/failed_lineage_dag.py
[2025-11-18T06:15:51.253+0000] {processor.py:830} INFO - Processing file /opt/airflow/dags/failed_lineage_dag.py for tasks to queue
[2025-11-18T06:15:51.254+0000] {logging_mixin.py:188} INFO - [2025-11-18T06:15:51.254+0000] {dagbag.py:538} INFO - Filling up the DagBag from /opt/airflow/dags/failed_lineage_dag.py
[2025-11-18T06:15:51.275+0000] {processor.py:840} INFO - DAG(s) 'failed_lineage_dag' retrieved from /opt/airflow/dags/failed_lineage_dag.py
[2025-11-18T06:15:51.304+0000] {logging_mixin.py:188} INFO - [2025-11-18T06:15:51.304+0000] {dag.py:3036} INFO - Sync 1 DAGs
[2025-11-18T06:15:51.315+0000] {logging_mixin.py:188} INFO - [2025-11-18T06:15:51.315+0000] {dag.py:3823} INFO - Setting next_dagrun for failed_lineage_dag to None, run_after=None
[2025-11-18T06:15:51.339+0000] {processor.py:183} INFO - Processing /opt/airflow/dags/failed_lineage_dag.py took 0.092 seconds
[2025-11-18T06:16:22.002+0000] {processor.py:161} INFO - Started process (PID=13451) to work on /opt/airflow/dags/failed_lineage_dag.py
[2025-11-18T06:16:22.004+0000] {processor.py:830} INFO - Processing file /opt/airflow/dags/failed_lineage_dag.py for tasks to queue
[2025-11-18T06:16:22.005+0000] {logging_mixin.py:188} INFO - [2025-11-18T06:16:22.005+0000] {dagbag.py:538} INFO - Filling up the DagBag from /opt/airflow/dags/failed_lineage_dag.py
[2025-11-18T06:16:22.021+0000] {processor.py:840} INFO - DAG(s) 'failed_lineage_dag' retrieved from /opt/airflow/dags/failed_lineage_dag.py
[2025-11-18T06:16:22.050+0000] {logging_mixin.py:188} INFO - [2025-11-18T06:16:22.050+0000] {dag.py:3036} INFO - Sync 1 DAGs
[2025-11-18T06:16:22.061+0000] {logging_mixin.py:188} INFO - [2025-11-18T06:16:22.060+0000] {dag.py:3823} INFO - Setting next_dagrun for failed_lineage_dag to None, run_after=None
[2025-11-18T06:16:22.082+0000] {processor.py:183} INFO - Processing /opt/airflow/dags/failed_lineage_dag.py took 0.083 seconds
[2025-11-18T06:16:52.729+0000] {processor.py:161} INFO - Started process (PID=13476) to work on /opt/airflow/dags/failed_lineage_dag.py
[2025-11-18T06:16:52.731+0000] {processor.py:830} INFO - Processing file /opt/airflow/dags/failed_lineage_dag.py for tasks to queue
[2025-11-18T06:16:52.733+0000] {logging_mixin.py:188} INFO - [2025-11-18T06:16:52.733+0000] {dagbag.py:538} INFO - Filling up the DagBag from /opt/airflow/dags/failed_lineage_dag.py
[2025-11-18T06:16:52.752+0000] {processor.py:840} INFO - DAG(s) 'failed_lineage_dag' retrieved from /opt/airflow/dags/failed_lineage_dag.py
[2025-11-18T06:16:52.777+0000] {logging_mixin.py:188} INFO - [2025-11-18T06:16:52.777+0000] {dag.py:3036} INFO - Sync 1 DAGs
[2025-11-18T06:16:52.791+0000] {logging_mixin.py:188} INFO - [2025-11-18T06:16:52.791+0000] {dag.py:3823} INFO - Setting next_dagrun for failed_lineage_dag to None, run_after=None
[2025-11-18T06:16:52.822+0000] {processor.py:183} INFO - Processing /opt/airflow/dags/failed_lineage_dag.py took 0.096 seconds
[2025-11-18T06:17:23.454+0000] {processor.py:161} INFO - Started process (PID=13501) to work on /opt/airflow/dags/failed_lineage_dag.py
[2025-11-18T06:17:23.456+0000] {processor.py:830} INFO - Processing file /opt/airflow/dags/failed_lineage_dag.py for tasks to queue
[2025-11-18T06:17:23.457+0000] {logging_mixin.py:188} INFO - [2025-11-18T06:17:23.456+0000] {dagbag.py:538} INFO - Filling up the DagBag from /opt/airflow/dags/failed_lineage_dag.py
[2025-11-18T06:17:23.471+0000] {processor.py:840} INFO - DAG(s) 'failed_lineage_dag' retrieved from /opt/airflow/dags/failed_lineage_dag.py
[2025-11-18T06:17:23.496+0000] {logging_mixin.py:188} INFO - [2025-11-18T06:17:23.496+0000] {dag.py:3036} INFO - Sync 1 DAGs
[2025-11-18T06:17:23.509+0000] {logging_mixin.py:188} INFO - [2025-11-18T06:17:23.508+0000] {dag.py:3823} INFO - Setting next_dagrun for failed_lineage_dag to None, run_after=None
[2025-11-18T06:17:23.531+0000] {processor.py:183} INFO - Processing /opt/airflow/dags/failed_lineage_dag.py took 0.080 seconds
[2025-11-18T06:17:54.260+0000] {processor.py:161} INFO - Started process (PID=13526) to work on /opt/airflow/dags/failed_lineage_dag.py
[2025-11-18T06:17:54.262+0000] {processor.py:830} INFO - Processing file /opt/airflow/dags/failed_lineage_dag.py for tasks to queue
[2025-11-18T06:17:54.262+0000] {logging_mixin.py:188} INFO - [2025-11-18T06:17:54.262+0000] {dagbag.py:538} INFO - Filling up the DagBag from /opt/airflow/dags/failed_lineage_dag.py
[2025-11-18T06:17:54.279+0000] {processor.py:840} INFO - DAG(s) 'failed_lineage_dag' retrieved from /opt/airflow/dags/failed_lineage_dag.py
[2025-11-18T06:17:54.305+0000] {logging_mixin.py:188} INFO - [2025-11-18T06:17:54.305+0000] {dag.py:3036} INFO - Sync 1 DAGs
[2025-11-18T06:17:54.316+0000] {logging_mixin.py:188} INFO - [2025-11-18T06:17:54.315+0000] {dag.py:3823} INFO - Setting next_dagrun for failed_lineage_dag to None, run_after=None
[2025-11-18T06:17:54.337+0000] {processor.py:183} INFO - Processing /opt/airflow/dags/failed_lineage_dag.py took 0.079 seconds
[2025-11-18T06:18:24.965+0000] {processor.py:161} INFO - Started process (PID=13551) to work on /opt/airflow/dags/failed_lineage_dag.py
[2025-11-18T06:18:24.968+0000] {processor.py:830} INFO - Processing file /opt/airflow/dags/failed_lineage_dag.py for tasks to queue
[2025-11-18T06:18:24.978+0000] {logging_mixin.py:188} INFO - [2025-11-18T06:18:24.977+0000] {dagbag.py:538} INFO - Filling up the DagBag from /opt/airflow/dags/failed_lineage_dag.py
[2025-11-18T06:18:25.030+0000] {processor.py:840} INFO - DAG(s) 'failed_lineage_dag' retrieved from /opt/airflow/dags/failed_lineage_dag.py
[2025-11-18T06:18:25.060+0000] {logging_mixin.py:188} INFO - [2025-11-18T06:18:25.060+0000] {dag.py:3036} INFO - Sync 1 DAGs
[2025-11-18T06:18:25.076+0000] {logging_mixin.py:188} INFO - [2025-11-18T06:18:25.075+0000] {dag.py:3823} INFO - Setting next_dagrun for failed_lineage_dag to None, run_after=None
[2025-11-18T06:18:25.104+0000] {processor.py:183} INFO - Processing /opt/airflow/dags/failed_lineage_dag.py took 0.143 seconds
[2025-11-18T06:18:55.714+0000] {processor.py:161} INFO - Started process (PID=13576) to work on /opt/airflow/dags/failed_lineage_dag.py
[2025-11-18T06:18:55.718+0000] {processor.py:830} INFO - Processing file /opt/airflow/dags/failed_lineage_dag.py for tasks to queue
[2025-11-18T06:18:55.721+0000] {logging_mixin.py:188} INFO - [2025-11-18T06:18:55.721+0000] {dagbag.py:538} INFO - Filling up the DagBag from /opt/airflow/dags/failed_lineage_dag.py
[2025-11-18T06:18:55.774+0000] {processor.py:840} INFO - DAG(s) 'failed_lineage_dag' retrieved from /opt/airflow/dags/failed_lineage_dag.py
[2025-11-18T06:18:55.829+0000] {logging_mixin.py:188} INFO - [2025-11-18T06:18:55.827+0000] {dag.py:3036} INFO - Sync 1 DAGs
[2025-11-18T06:18:55.855+0000] {logging_mixin.py:188} INFO - [2025-11-18T06:18:55.855+0000] {dag.py:3823} INFO - Setting next_dagrun for failed_lineage_dag to None, run_after=None
[2025-11-18T06:18:55.890+0000] {processor.py:183} INFO - Processing /opt/airflow/dags/failed_lineage_dag.py took 0.181 seconds
[2025-11-18T06:19:26.499+0000] {processor.py:161} INFO - Started process (PID=13601) to work on /opt/airflow/dags/failed_lineage_dag.py
[2025-11-18T06:19:26.501+0000] {processor.py:830} INFO - Processing file /opt/airflow/dags/failed_lineage_dag.py for tasks to queue
[2025-11-18T06:19:26.502+0000] {logging_mixin.py:188} INFO - [2025-11-18T06:19:26.502+0000] {dagbag.py:538} INFO - Filling up the DagBag from /opt/airflow/dags/failed_lineage_dag.py
[2025-11-18T06:19:26.528+0000] {processor.py:840} INFO - DAG(s) 'failed_lineage_dag' retrieved from /opt/airflow/dags/failed_lineage_dag.py
[2025-11-18T06:19:26.579+0000] {logging_mixin.py:188} INFO - [2025-11-18T06:19:26.579+0000] {dag.py:3036} INFO - Sync 1 DAGs
[2025-11-18T06:19:26.595+0000] {logging_mixin.py:188} INFO - [2025-11-18T06:19:26.594+0000] {dag.py:3823} INFO - Setting next_dagrun for failed_lineage_dag to None, run_after=None
[2025-11-18T06:19:26.662+0000] {processor.py:183} INFO - Processing /opt/airflow/dags/failed_lineage_dag.py took 0.168 seconds
[2025-11-18T06:19:57.321+0000] {processor.py:161} INFO - Started process (PID=13626) to work on /opt/airflow/dags/failed_lineage_dag.py
[2025-11-18T06:19:57.322+0000] {processor.py:830} INFO - Processing file /opt/airflow/dags/failed_lineage_dag.py for tasks to queue
[2025-11-18T06:19:57.324+0000] {logging_mixin.py:188} INFO - [2025-11-18T06:19:57.323+0000] {dagbag.py:538} INFO - Filling up the DagBag from /opt/airflow/dags/failed_lineage_dag.py
[2025-11-18T06:19:57.348+0000] {processor.py:840} INFO - DAG(s) 'failed_lineage_dag' retrieved from /opt/airflow/dags/failed_lineage_dag.py
[2025-11-18T06:19:57.390+0000] {logging_mixin.py:188} INFO - [2025-11-18T06:19:57.390+0000] {dag.py:3036} INFO - Sync 1 DAGs
[2025-11-18T06:19:57.428+0000] {logging_mixin.py:188} INFO - [2025-11-18T06:19:57.427+0000] {dag.py:3823} INFO - Setting next_dagrun for failed_lineage_dag to None, run_after=None
[2025-11-18T06:19:57.453+0000] {processor.py:183} INFO - Processing /opt/airflow/dags/failed_lineage_dag.py took 0.137 seconds
[2025-11-18T06:20:27.599+0000] {processor.py:161} INFO - Started process (PID=13651) to work on /opt/airflow/dags/failed_lineage_dag.py
[2025-11-18T06:20:27.600+0000] {processor.py:830} INFO - Processing file /opt/airflow/dags/failed_lineage_dag.py for tasks to queue
[2025-11-18T06:20:27.601+0000] {logging_mixin.py:188} INFO - [2025-11-18T06:20:27.601+0000] {dagbag.py:538} INFO - Filling up the DagBag from /opt/airflow/dags/failed_lineage_dag.py
[2025-11-18T06:20:27.617+0000] {processor.py:840} INFO - DAG(s) 'failed_lineage_dag' retrieved from /opt/airflow/dags/failed_lineage_dag.py
[2025-11-18T06:20:27.648+0000] {logging_mixin.py:188} INFO - [2025-11-18T06:20:27.647+0000] {dag.py:3036} INFO - Sync 1 DAGs
[2025-11-18T06:20:27.658+0000] {logging_mixin.py:188} INFO - [2025-11-18T06:20:27.658+0000] {dag.py:3823} INFO - Setting next_dagrun for failed_lineage_dag to None, run_after=None
[2025-11-18T06:20:27.683+0000] {processor.py:183} INFO - Processing /opt/airflow/dags/failed_lineage_dag.py took 0.088 seconds
[2025-11-18T06:20:57.906+0000] {processor.py:161} INFO - Started process (PID=13676) to work on /opt/airflow/dags/failed_lineage_dag.py
[2025-11-18T06:20:57.907+0000] {processor.py:830} INFO - Processing file /opt/airflow/dags/failed_lineage_dag.py for tasks to queue
[2025-11-18T06:20:57.908+0000] {logging_mixin.py:188} INFO - [2025-11-18T06:20:57.908+0000] {dagbag.py:538} INFO - Filling up the DagBag from /opt/airflow/dags/failed_lineage_dag.py
[2025-11-18T06:20:57.923+0000] {processor.py:840} INFO - DAG(s) 'failed_lineage_dag' retrieved from /opt/airflow/dags/failed_lineage_dag.py
[2025-11-18T06:20:57.948+0000] {logging_mixin.py:188} INFO - [2025-11-18T06:20:57.948+0000] {dag.py:3036} INFO - Sync 1 DAGs
[2025-11-18T06:20:57.959+0000] {logging_mixin.py:188} INFO - [2025-11-18T06:20:57.959+0000] {dag.py:3823} INFO - Setting next_dagrun for failed_lineage_dag to None, run_after=None
[2025-11-18T06:20:57.978+0000] {processor.py:183} INFO - Processing /opt/airflow/dags/failed_lineage_dag.py took 0.076 seconds
[2025-11-18T06:21:28.179+0000] {processor.py:161} INFO - Started process (PID=13701) to work on /opt/airflow/dags/failed_lineage_dag.py
[2025-11-18T06:21:28.180+0000] {processor.py:830} INFO - Processing file /opt/airflow/dags/failed_lineage_dag.py for tasks to queue
[2025-11-18T06:21:28.181+0000] {logging_mixin.py:188} INFO - [2025-11-18T06:21:28.181+0000] {dagbag.py:538} INFO - Filling up the DagBag from /opt/airflow/dags/failed_lineage_dag.py
[2025-11-18T06:21:28.198+0000] {processor.py:840} INFO - DAG(s) 'failed_lineage_dag' retrieved from /opt/airflow/dags/failed_lineage_dag.py
[2025-11-18T06:21:28.225+0000] {logging_mixin.py:188} INFO - [2025-11-18T06:21:28.224+0000] {dag.py:3036} INFO - Sync 1 DAGs
[2025-11-18T06:21:28.235+0000] {logging_mixin.py:188} INFO - [2025-11-18T06:21:28.235+0000] {dag.py:3823} INFO - Setting next_dagrun for failed_lineage_dag to None, run_after=None
[2025-11-18T06:21:28.255+0000] {processor.py:183} INFO - Processing /opt/airflow/dags/failed_lineage_dag.py took 0.079 seconds
[2025-11-18T06:21:58.762+0000] {processor.py:161} INFO - Started process (PID=13726) to work on /opt/airflow/dags/failed_lineage_dag.py
[2025-11-18T06:21:58.763+0000] {processor.py:830} INFO - Processing file /opt/airflow/dags/failed_lineage_dag.py for tasks to queue
[2025-11-18T06:21:58.765+0000] {logging_mixin.py:188} INFO - [2025-11-18T06:21:58.765+0000] {dagbag.py:538} INFO - Filling up the DagBag from /opt/airflow/dags/failed_lineage_dag.py
[2025-11-18T06:21:58.799+0000] {processor.py:840} INFO - DAG(s) 'failed_lineage_dag' retrieved from /opt/airflow/dags/failed_lineage_dag.py
[2025-11-18T06:21:58.854+0000] {logging_mixin.py:188} INFO - [2025-11-18T06:21:58.854+0000] {dag.py:3036} INFO - Sync 1 DAGs
[2025-11-18T06:21:58.874+0000] {logging_mixin.py:188} INFO - [2025-11-18T06:21:58.873+0000] {dag.py:3823} INFO - Setting next_dagrun for failed_lineage_dag to None, run_after=None
[2025-11-18T06:21:58.933+0000] {processor.py:183} INFO - Processing /opt/airflow/dags/failed_lineage_dag.py took 0.184 seconds
[2025-11-18T06:22:29.888+0000] {processor.py:161} INFO - Started process (PID=13751) to work on /opt/airflow/dags/failed_lineage_dag.py
[2025-11-18T06:22:29.890+0000] {processor.py:830} INFO - Processing file /opt/airflow/dags/failed_lineage_dag.py for tasks to queue
[2025-11-18T06:22:29.892+0000] {logging_mixin.py:188} INFO - [2025-11-18T06:22:29.891+0000] {dagbag.py:538} INFO - Filling up the DagBag from /opt/airflow/dags/failed_lineage_dag.py
[2025-11-18T06:22:29.930+0000] {processor.py:840} INFO - DAG(s) 'failed_lineage_dag' retrieved from /opt/airflow/dags/failed_lineage_dag.py
[2025-11-18T06:22:29.995+0000] {logging_mixin.py:188} INFO - [2025-11-18T06:22:29.995+0000] {dag.py:3036} INFO - Sync 1 DAGs
[2025-11-18T06:22:30.028+0000] {logging_mixin.py:188} INFO - [2025-11-18T06:22:30.028+0000] {dag.py:3823} INFO - Setting next_dagrun for failed_lineage_dag to None, run_after=None
[2025-11-18T06:22:30.082+0000] {processor.py:183} INFO - Processing /opt/airflow/dags/failed_lineage_dag.py took 0.197 seconds
[2025-11-18T06:23:00.169+0000] {processor.py:161} INFO - Started process (PID=13776) to work on /opt/airflow/dags/failed_lineage_dag.py
[2025-11-18T06:23:00.171+0000] {processor.py:830} INFO - Processing file /opt/airflow/dags/failed_lineage_dag.py for tasks to queue
[2025-11-18T06:23:00.172+0000] {logging_mixin.py:188} INFO - [2025-11-18T06:23:00.172+0000] {dagbag.py:538} INFO - Filling up the DagBag from /opt/airflow/dags/failed_lineage_dag.py
[2025-11-18T06:23:00.197+0000] {processor.py:840} INFO - DAG(s) 'failed_lineage_dag' retrieved from /opt/airflow/dags/failed_lineage_dag.py
[2025-11-18T06:23:00.267+0000] {logging_mixin.py:188} INFO - [2025-11-18T06:23:00.266+0000] {dag.py:3036} INFO - Sync 1 DAGs
[2025-11-18T06:23:00.280+0000] {logging_mixin.py:188} INFO - [2025-11-18T06:23:00.279+0000] {dag.py:3823} INFO - Setting next_dagrun for failed_lineage_dag to None, run_after=None
[2025-11-18T06:23:00.326+0000] {processor.py:183} INFO - Processing /opt/airflow/dags/failed_lineage_dag.py took 0.162 seconds
[2025-11-18T06:23:30.812+0000] {processor.py:161} INFO - Started process (PID=13801) to work on /opt/airflow/dags/failed_lineage_dag.py
[2025-11-18T06:23:30.814+0000] {processor.py:830} INFO - Processing file /opt/airflow/dags/failed_lineage_dag.py for tasks to queue
[2025-11-18T06:23:30.816+0000] {logging_mixin.py:188} INFO - [2025-11-18T06:23:30.816+0000] {dagbag.py:538} INFO - Filling up the DagBag from /opt/airflow/dags/failed_lineage_dag.py
[2025-11-18T06:23:30.847+0000] {processor.py:840} INFO - DAG(s) 'failed_lineage_dag' retrieved from /opt/airflow/dags/failed_lineage_dag.py
[2025-11-18T06:23:30.912+0000] {logging_mixin.py:188} INFO - [2025-11-18T06:23:30.911+0000] {dag.py:3036} INFO - Sync 1 DAGs
[2025-11-18T06:23:30.941+0000] {logging_mixin.py:188} INFO - [2025-11-18T06:23:30.940+0000] {dag.py:3823} INFO - Setting next_dagrun for failed_lineage_dag to None, run_after=None
[2025-11-18T06:23:30.993+0000] {processor.py:183} INFO - Processing /opt/airflow/dags/failed_lineage_dag.py took 0.194 seconds
[2025-11-18T06:24:01.331+0000] {processor.py:161} INFO - Started process (PID=13826) to work on /opt/airflow/dags/failed_lineage_dag.py
[2025-11-18T06:24:01.340+0000] {processor.py:830} INFO - Processing file /opt/airflow/dags/failed_lineage_dag.py for tasks to queue
[2025-11-18T06:24:01.356+0000] {logging_mixin.py:188} INFO - [2025-11-18T06:24:01.345+0000] {dagbag.py:538} INFO - Filling up the DagBag from /opt/airflow/dags/failed_lineage_dag.py
[2025-11-18T06:24:01.396+0000] {processor.py:840} INFO - DAG(s) 'failed_lineage_dag' retrieved from /opt/airflow/dags/failed_lineage_dag.py
[2025-11-18T06:24:01.548+0000] {logging_mixin.py:188} INFO - [2025-11-18T06:24:01.545+0000] {dag.py:3036} INFO - Sync 1 DAGs
[2025-11-18T06:24:01.567+0000] {logging_mixin.py:188} INFO - [2025-11-18T06:24:01.566+0000] {dag.py:3823} INFO - Setting next_dagrun for failed_lineage_dag to None, run_after=None
[2025-11-18T06:24:01.606+0000] {processor.py:183} INFO - Processing /opt/airflow/dags/failed_lineage_dag.py took 0.282 seconds
[2025-11-18T06:24:32.091+0000] {processor.py:161} INFO - Started process (PID=13851) to work on /opt/airflow/dags/failed_lineage_dag.py
[2025-11-18T06:24:32.093+0000] {processor.py:830} INFO - Processing file /opt/airflow/dags/failed_lineage_dag.py for tasks to queue
[2025-11-18T06:24:32.098+0000] {logging_mixin.py:188} INFO - [2025-11-18T06:24:32.097+0000] {dagbag.py:538} INFO - Filling up the DagBag from /opt/airflow/dags/failed_lineage_dag.py
[2025-11-18T06:24:32.136+0000] {processor.py:840} INFO - DAG(s) 'failed_lineage_dag' retrieved from /opt/airflow/dags/failed_lineage_dag.py
[2025-11-18T06:24:32.192+0000] {logging_mixin.py:188} INFO - [2025-11-18T06:24:32.192+0000] {dag.py:3036} INFO - Sync 1 DAGs
[2025-11-18T06:24:32.228+0000] {logging_mixin.py:188} INFO - [2025-11-18T06:24:32.228+0000] {dag.py:3823} INFO - Setting next_dagrun for failed_lineage_dag to None, run_after=None
[2025-11-18T06:24:32.278+0000] {processor.py:183} INFO - Processing /opt/airflow/dags/failed_lineage_dag.py took 0.191 seconds
[2025-11-18T06:25:03.316+0000] {processor.py:161} INFO - Started process (PID=13876) to work on /opt/airflow/dags/failed_lineage_dag.py
[2025-11-18T06:25:03.318+0000] {processor.py:830} INFO - Processing file /opt/airflow/dags/failed_lineage_dag.py for tasks to queue
[2025-11-18T06:25:03.319+0000] {logging_mixin.py:188} INFO - [2025-11-18T06:25:03.319+0000] {dagbag.py:538} INFO - Filling up the DagBag from /opt/airflow/dags/failed_lineage_dag.py
[2025-11-18T06:25:03.343+0000] {processor.py:840} INFO - DAG(s) 'failed_lineage_dag' retrieved from /opt/airflow/dags/failed_lineage_dag.py
[2025-11-18T06:25:03.387+0000] {logging_mixin.py:188} INFO - [2025-11-18T06:25:03.386+0000] {dag.py:3036} INFO - Sync 1 DAGs
[2025-11-18T06:25:03.402+0000] {logging_mixin.py:188} INFO - [2025-11-18T06:25:03.401+0000] {dag.py:3823} INFO - Setting next_dagrun for failed_lineage_dag to None, run_after=None
[2025-11-18T06:25:03.449+0000] {processor.py:183} INFO - Processing /opt/airflow/dags/failed_lineage_dag.py took 0.137 seconds
[2025-11-18T06:25:33.908+0000] {processor.py:161} INFO - Started process (PID=13901) to work on /opt/airflow/dags/failed_lineage_dag.py
[2025-11-18T06:25:33.912+0000] {processor.py:830} INFO - Processing file /opt/airflow/dags/failed_lineage_dag.py for tasks to queue
[2025-11-18T06:25:33.922+0000] {logging_mixin.py:188} INFO - [2025-11-18T06:25:33.921+0000] {dagbag.py:538} INFO - Filling up the DagBag from /opt/airflow/dags/failed_lineage_dag.py
[2025-11-18T06:25:33.966+0000] {processor.py:840} INFO - DAG(s) 'failed_lineage_dag' retrieved from /opt/airflow/dags/failed_lineage_dag.py
[2025-11-18T06:25:34.066+0000] {logging_mixin.py:188} INFO - [2025-11-18T06:25:34.065+0000] {dag.py:3036} INFO - Sync 1 DAGs
[2025-11-18T06:25:34.123+0000] {logging_mixin.py:188} INFO - [2025-11-18T06:25:34.123+0000] {dag.py:3823} INFO - Setting next_dagrun for failed_lineage_dag to None, run_after=None
[2025-11-18T06:25:34.257+0000] {processor.py:183} INFO - Processing /opt/airflow/dags/failed_lineage_dag.py took 0.356 seconds
[2025-11-18T06:26:04.536+0000] {processor.py:161} INFO - Started process (PID=13926) to work on /opt/airflow/dags/failed_lineage_dag.py
[2025-11-18T06:26:04.540+0000] {processor.py:830} INFO - Processing file /opt/airflow/dags/failed_lineage_dag.py for tasks to queue
[2025-11-18T06:26:04.542+0000] {logging_mixin.py:188} INFO - [2025-11-18T06:26:04.541+0000] {dagbag.py:538} INFO - Filling up the DagBag from /opt/airflow/dags/failed_lineage_dag.py
[2025-11-18T06:26:04.570+0000] {processor.py:840} INFO - DAG(s) 'failed_lineage_dag' retrieved from /opt/airflow/dags/failed_lineage_dag.py
[2025-11-18T06:26:04.606+0000] {logging_mixin.py:188} INFO - [2025-11-18T06:26:04.606+0000] {dag.py:3036} INFO - Sync 1 DAGs
[2025-11-18T06:26:04.622+0000] {logging_mixin.py:188} INFO - [2025-11-18T06:26:04.622+0000] {dag.py:3823} INFO - Setting next_dagrun for failed_lineage_dag to None, run_after=None
[2025-11-18T06:26:04.647+0000] {processor.py:183} INFO - Processing /opt/airflow/dags/failed_lineage_dag.py took 0.117 seconds
[2025-11-18T06:26:35.543+0000] {processor.py:161} INFO - Started process (PID=13951) to work on /opt/airflow/dags/failed_lineage_dag.py
[2025-11-18T06:26:35.544+0000] {processor.py:830} INFO - Processing file /opt/airflow/dags/failed_lineage_dag.py for tasks to queue
[2025-11-18T06:26:35.546+0000] {logging_mixin.py:188} INFO - [2025-11-18T06:26:35.545+0000] {dagbag.py:538} INFO - Filling up the DagBag from /opt/airflow/dags/failed_lineage_dag.py
[2025-11-18T06:26:35.562+0000] {processor.py:840} INFO - DAG(s) 'failed_lineage_dag' retrieved from /opt/airflow/dags/failed_lineage_dag.py
[2025-11-18T06:26:35.596+0000] {logging_mixin.py:188} INFO - [2025-11-18T06:26:35.596+0000] {dag.py:3036} INFO - Sync 1 DAGs
[2025-11-18T06:26:35.609+0000] {logging_mixin.py:188} INFO - [2025-11-18T06:26:35.609+0000] {dag.py:3823} INFO - Setting next_dagrun for failed_lineage_dag to None, run_after=None
[2025-11-18T06:26:35.632+0000] {processor.py:183} INFO - Processing /opt/airflow/dags/failed_lineage_dag.py took 0.093 seconds
[2025-11-18T06:27:06.404+0000] {processor.py:161} INFO - Started process (PID=13977) to work on /opt/airflow/dags/failed_lineage_dag.py
[2025-11-18T06:27:06.405+0000] {processor.py:830} INFO - Processing file /opt/airflow/dags/failed_lineage_dag.py for tasks to queue
[2025-11-18T06:27:06.408+0000] {logging_mixin.py:188} INFO - [2025-11-18T06:27:06.407+0000] {dagbag.py:538} INFO - Filling up the DagBag from /opt/airflow/dags/failed_lineage_dag.py
[2025-11-18T06:27:06.442+0000] {processor.py:840} INFO - DAG(s) 'failed_lineage_dag' retrieved from /opt/airflow/dags/failed_lineage_dag.py
[2025-11-18T06:27:06.525+0000] {logging_mixin.py:188} INFO - [2025-11-18T06:27:06.524+0000] {dag.py:3036} INFO - Sync 1 DAGs
[2025-11-18T06:27:06.540+0000] {logging_mixin.py:188} INFO - [2025-11-18T06:27:06.540+0000] {dag.py:3823} INFO - Setting next_dagrun for failed_lineage_dag to None, run_after=None
[2025-11-18T06:27:06.564+0000] {processor.py:183} INFO - Processing /opt/airflow/dags/failed_lineage_dag.py took 0.166 seconds
[2025-11-18T06:27:37.390+0000] {processor.py:161} INFO - Started process (PID=14002) to work on /opt/airflow/dags/failed_lineage_dag.py
[2025-11-18T06:27:37.392+0000] {processor.py:830} INFO - Processing file /opt/airflow/dags/failed_lineage_dag.py for tasks to queue
[2025-11-18T06:27:37.393+0000] {logging_mixin.py:188} INFO - [2025-11-18T06:27:37.393+0000] {dagbag.py:538} INFO - Filling up the DagBag from /opt/airflow/dags/failed_lineage_dag.py
[2025-11-18T06:27:37.467+0000] {processor.py:840} INFO - DAG(s) 'failed_lineage_dag' retrieved from /opt/airflow/dags/failed_lineage_dag.py
[2025-11-18T06:27:37.493+0000] {logging_mixin.py:188} INFO - [2025-11-18T06:27:37.492+0000] {dag.py:3036} INFO - Sync 1 DAGs
[2025-11-18T06:27:37.503+0000] {logging_mixin.py:188} INFO - [2025-11-18T06:27:37.503+0000] {dag.py:3823} INFO - Setting next_dagrun for failed_lineage_dag to None, run_after=None
[2025-11-18T06:27:37.535+0000] {processor.py:183} INFO - Processing /opt/airflow/dags/failed_lineage_dag.py took 0.149 seconds
[2025-11-18T06:28:07.711+0000] {processor.py:161} INFO - Started process (PID=14027) to work on /opt/airflow/dags/failed_lineage_dag.py
[2025-11-18T06:28:07.719+0000] {processor.py:830} INFO - Processing file /opt/airflow/dags/failed_lineage_dag.py for tasks to queue
[2025-11-18T06:28:07.728+0000] {logging_mixin.py:188} INFO - [2025-11-18T06:28:07.727+0000] {dagbag.py:538} INFO - Filling up the DagBag from /opt/airflow/dags/failed_lineage_dag.py
[2025-11-18T06:28:07.859+0000] {processor.py:840} INFO - DAG(s) 'failed_lineage_dag' retrieved from /opt/airflow/dags/failed_lineage_dag.py
[2025-11-18T06:28:07.927+0000] {logging_mixin.py:188} INFO - [2025-11-18T06:28:07.927+0000] {dag.py:3036} INFO - Sync 1 DAGs
[2025-11-18T06:28:07.955+0000] {logging_mixin.py:188} INFO - [2025-11-18T06:28:07.955+0000] {dag.py:3823} INFO - Setting next_dagrun for failed_lineage_dag to None, run_after=None
[2025-11-18T06:28:08.012+0000] {processor.py:183} INFO - Processing /opt/airflow/dags/failed_lineage_dag.py took 0.304 seconds
[2025-11-18T06:28:38.263+0000] {processor.py:161} INFO - Started process (PID=14052) to work on /opt/airflow/dags/failed_lineage_dag.py
[2025-11-18T06:28:38.265+0000] {processor.py:830} INFO - Processing file /opt/airflow/dags/failed_lineage_dag.py for tasks to queue
[2025-11-18T06:28:38.267+0000] {logging_mixin.py:188} INFO - [2025-11-18T06:28:38.267+0000] {dagbag.py:538} INFO - Filling up the DagBag from /opt/airflow/dags/failed_lineage_dag.py
[2025-11-18T06:28:38.299+0000] {processor.py:840} INFO - DAG(s) 'failed_lineage_dag' retrieved from /opt/airflow/dags/failed_lineage_dag.py
[2025-11-18T06:28:38.368+0000] {logging_mixin.py:188} INFO - [2025-11-18T06:28:38.367+0000] {dag.py:3036} INFO - Sync 1 DAGs
[2025-11-18T06:28:38.396+0000] {logging_mixin.py:188} INFO - [2025-11-18T06:28:38.396+0000] {dag.py:3823} INFO - Setting next_dagrun for failed_lineage_dag to None, run_after=None
[2025-11-18T06:28:38.464+0000] {processor.py:183} INFO - Processing /opt/airflow/dags/failed_lineage_dag.py took 0.207 seconds
[2025-11-18T06:29:08.765+0000] {processor.py:161} INFO - Started process (PID=14077) to work on /opt/airflow/dags/failed_lineage_dag.py
[2025-11-18T06:29:08.773+0000] {processor.py:830} INFO - Processing file /opt/airflow/dags/failed_lineage_dag.py for tasks to queue
[2025-11-18T06:29:08.776+0000] {logging_mixin.py:188} INFO - [2025-11-18T06:29:08.776+0000] {dagbag.py:538} INFO - Filling up the DagBag from /opt/airflow/dags/failed_lineage_dag.py
[2025-11-18T06:29:08.966+0000] {processor.py:840} INFO - DAG(s) 'failed_lineage_dag' retrieved from /opt/airflow/dags/failed_lineage_dag.py
[2025-11-18T06:29:09.062+0000] {logging_mixin.py:188} INFO - [2025-11-18T06:29:09.061+0000] {dag.py:3036} INFO - Sync 1 DAGs
[2025-11-18T06:29:09.105+0000] {logging_mixin.py:188} INFO - [2025-11-18T06:29:09.104+0000] {dag.py:3823} INFO - Setting next_dagrun for failed_lineage_dag to None, run_after=None
[2025-11-18T06:29:09.180+0000] {processor.py:183} INFO - Processing /opt/airflow/dags/failed_lineage_dag.py took 0.419 seconds
[2025-11-18T06:29:39.908+0000] {processor.py:161} INFO - Started process (PID=14102) to work on /opt/airflow/dags/failed_lineage_dag.py
[2025-11-18T06:29:39.910+0000] {processor.py:830} INFO - Processing file /opt/airflow/dags/failed_lineage_dag.py for tasks to queue
[2025-11-18T06:29:39.912+0000] {logging_mixin.py:188} INFO - [2025-11-18T06:29:39.911+0000] {dagbag.py:538} INFO - Filling up the DagBag from /opt/airflow/dags/failed_lineage_dag.py
[2025-11-18T06:29:39.962+0000] {processor.py:840} INFO - DAG(s) 'failed_lineage_dag' retrieved from /opt/airflow/dags/failed_lineage_dag.py
[2025-11-18T06:29:40.007+0000] {logging_mixin.py:188} INFO - [2025-11-18T06:29:40.007+0000] {dag.py:3036} INFO - Sync 1 DAGs
[2025-11-18T06:29:40.027+0000] {logging_mixin.py:188} INFO - [2025-11-18T06:29:40.026+0000] {dag.py:3823} INFO - Setting next_dagrun for failed_lineage_dag to None, run_after=None
[2025-11-18T06:29:40.068+0000] {processor.py:183} INFO - Processing /opt/airflow/dags/failed_lineage_dag.py took 0.165 seconds
[2025-11-18T06:30:10.714+0000] {processor.py:161} INFO - Started process (PID=14127) to work on /opt/airflow/dags/failed_lineage_dag.py
[2025-11-18T06:30:10.715+0000] {processor.py:830} INFO - Processing file /opt/airflow/dags/failed_lineage_dag.py for tasks to queue
[2025-11-18T06:30:10.717+0000] {logging_mixin.py:188} INFO - [2025-11-18T06:30:10.716+0000] {dagbag.py:538} INFO - Filling up the DagBag from /opt/airflow/dags/failed_lineage_dag.py
[2025-11-18T06:30:10.742+0000] {processor.py:840} INFO - DAG(s) 'failed_lineage_dag' retrieved from /opt/airflow/dags/failed_lineage_dag.py
[2025-11-18T06:30:10.797+0000] {logging_mixin.py:188} INFO - [2025-11-18T06:30:10.797+0000] {dag.py:3036} INFO - Sync 1 DAGs
[2025-11-18T06:30:10.813+0000] {logging_mixin.py:188} INFO - [2025-11-18T06:30:10.813+0000] {dag.py:3823} INFO - Setting next_dagrun for failed_lineage_dag to None, run_after=None
[2025-11-18T06:30:10.842+0000] {processor.py:183} INFO - Processing /opt/airflow/dags/failed_lineage_dag.py took 0.132 seconds
[2025-11-18T06:30:41.588+0000] {processor.py:161} INFO - Started process (PID=14152) to work on /opt/airflow/dags/failed_lineage_dag.py
[2025-11-18T06:30:41.590+0000] {processor.py:830} INFO - Processing file /opt/airflow/dags/failed_lineage_dag.py for tasks to queue
[2025-11-18T06:30:41.591+0000] {logging_mixin.py:188} INFO - [2025-11-18T06:30:41.591+0000] {dagbag.py:538} INFO - Filling up the DagBag from /opt/airflow/dags/failed_lineage_dag.py
[2025-11-18T06:30:41.610+0000] {processor.py:840} INFO - DAG(s) 'failed_lineage_dag' retrieved from /opt/airflow/dags/failed_lineage_dag.py
[2025-11-18T06:30:41.636+0000] {logging_mixin.py:188} INFO - [2025-11-18T06:30:41.636+0000] {dag.py:3036} INFO - Sync 1 DAGs
[2025-11-18T06:30:41.646+0000] {logging_mixin.py:188} INFO - [2025-11-18T06:30:41.646+0000] {dag.py:3823} INFO - Setting next_dagrun for failed_lineage_dag to None, run_after=None
[2025-11-18T06:30:41.668+0000] {processor.py:183} INFO - Processing /opt/airflow/dags/failed_lineage_dag.py took 0.084 seconds
[2025-11-18T06:31:12.385+0000] {processor.py:161} INFO - Started process (PID=14177) to work on /opt/airflow/dags/failed_lineage_dag.py
[2025-11-18T06:31:12.388+0000] {processor.py:830} INFO - Processing file /opt/airflow/dags/failed_lineage_dag.py for tasks to queue
[2025-11-18T06:31:12.390+0000] {logging_mixin.py:188} INFO - [2025-11-18T06:31:12.389+0000] {dagbag.py:538} INFO - Filling up the DagBag from /opt/airflow/dags/failed_lineage_dag.py
[2025-11-18T06:31:12.417+0000] {processor.py:840} INFO - DAG(s) 'failed_lineage_dag' retrieved from /opt/airflow/dags/failed_lineage_dag.py
[2025-11-18T06:31:12.444+0000] {logging_mixin.py:188} INFO - [2025-11-18T06:31:12.443+0000] {dag.py:3036} INFO - Sync 1 DAGs
[2025-11-18T06:31:12.454+0000] {logging_mixin.py:188} INFO - [2025-11-18T06:31:12.454+0000] {dag.py:3823} INFO - Setting next_dagrun for failed_lineage_dag to None, run_after=None
[2025-11-18T06:31:12.477+0000] {processor.py:183} INFO - Processing /opt/airflow/dags/failed_lineage_dag.py took 0.099 seconds
[2025-11-18T06:31:43.182+0000] {processor.py:161} INFO - Started process (PID=14202) to work on /opt/airflow/dags/failed_lineage_dag.py
[2025-11-18T06:31:43.183+0000] {processor.py:830} INFO - Processing file /opt/airflow/dags/failed_lineage_dag.py for tasks to queue
[2025-11-18T06:31:43.184+0000] {logging_mixin.py:188} INFO - [2025-11-18T06:31:43.184+0000] {dagbag.py:538} INFO - Filling up the DagBag from /opt/airflow/dags/failed_lineage_dag.py
[2025-11-18T06:31:43.200+0000] {processor.py:840} INFO - DAG(s) 'failed_lineage_dag' retrieved from /opt/airflow/dags/failed_lineage_dag.py
[2025-11-18T06:31:43.226+0000] {logging_mixin.py:188} INFO - [2025-11-18T06:31:43.226+0000] {dag.py:3036} INFO - Sync 1 DAGs
[2025-11-18T06:31:43.239+0000] {logging_mixin.py:188} INFO - [2025-11-18T06:31:43.239+0000] {dag.py:3823} INFO - Setting next_dagrun for failed_lineage_dag to None, run_after=None
[2025-11-18T06:31:43.260+0000] {processor.py:183} INFO - Processing /opt/airflow/dags/failed_lineage_dag.py took 0.082 seconds
[2025-11-18T06:32:13.926+0000] {processor.py:161} INFO - Started process (PID=14227) to work on /opt/airflow/dags/failed_lineage_dag.py
[2025-11-18T06:32:13.927+0000] {processor.py:830} INFO - Processing file /opt/airflow/dags/failed_lineage_dag.py for tasks to queue
[2025-11-18T06:32:13.929+0000] {logging_mixin.py:188} INFO - [2025-11-18T06:32:13.928+0000] {dagbag.py:538} INFO - Filling up the DagBag from /opt/airflow/dags/failed_lineage_dag.py
[2025-11-18T06:32:13.948+0000] {processor.py:840} INFO - DAG(s) 'failed_lineage_dag' retrieved from /opt/airflow/dags/failed_lineage_dag.py
[2025-11-18T06:32:13.974+0000] {logging_mixin.py:188} INFO - [2025-11-18T06:32:13.973+0000] {dag.py:3036} INFO - Sync 1 DAGs
[2025-11-18T06:32:13.985+0000] {logging_mixin.py:188} INFO - [2025-11-18T06:32:13.985+0000] {dag.py:3823} INFO - Setting next_dagrun for failed_lineage_dag to None, run_after=None
[2025-11-18T06:32:14.006+0000] {processor.py:183} INFO - Processing /opt/airflow/dags/failed_lineage_dag.py took 0.084 seconds
[2025-11-18T06:32:44.665+0000] {processor.py:161} INFO - Started process (PID=14252) to work on /opt/airflow/dags/failed_lineage_dag.py
[2025-11-18T06:32:44.666+0000] {processor.py:830} INFO - Processing file /opt/airflow/dags/failed_lineage_dag.py for tasks to queue
[2025-11-18T06:32:44.667+0000] {logging_mixin.py:188} INFO - [2025-11-18T06:32:44.667+0000] {dagbag.py:538} INFO - Filling up the DagBag from /opt/airflow/dags/failed_lineage_dag.py
[2025-11-18T06:32:44.682+0000] {processor.py:840} INFO - DAG(s) 'failed_lineage_dag' retrieved from /opt/airflow/dags/failed_lineage_dag.py
[2025-11-18T06:32:44.708+0000] {logging_mixin.py:188} INFO - [2025-11-18T06:32:44.708+0000] {dag.py:3036} INFO - Sync 1 DAGs
[2025-11-18T06:32:44.719+0000] {logging_mixin.py:188} INFO - [2025-11-18T06:32:44.719+0000] {dag.py:3823} INFO - Setting next_dagrun for failed_lineage_dag to None, run_after=None
[2025-11-18T06:32:44.786+0000] {processor.py:183} INFO - Processing /opt/airflow/dags/failed_lineage_dag.py took 0.124 seconds
[2025-11-18T06:33:15.590+0000] {processor.py:161} INFO - Started process (PID=14277) to work on /opt/airflow/dags/failed_lineage_dag.py
[2025-11-18T06:33:15.592+0000] {processor.py:830} INFO - Processing file /opt/airflow/dags/failed_lineage_dag.py for tasks to queue
[2025-11-18T06:33:15.593+0000] {logging_mixin.py:188} INFO - [2025-11-18T06:33:15.593+0000] {dagbag.py:538} INFO - Filling up the DagBag from /opt/airflow/dags/failed_lineage_dag.py
[2025-11-18T06:33:15.608+0000] {processor.py:840} INFO - DAG(s) 'failed_lineage_dag' retrieved from /opt/airflow/dags/failed_lineage_dag.py
[2025-11-18T06:33:15.636+0000] {logging_mixin.py:188} INFO - [2025-11-18T06:33:15.635+0000] {dag.py:3036} INFO - Sync 1 DAGs
[2025-11-18T06:33:15.647+0000] {logging_mixin.py:188} INFO - [2025-11-18T06:33:15.646+0000] {dag.py:3823} INFO - Setting next_dagrun for failed_lineage_dag to None, run_after=None
[2025-11-18T06:33:15.668+0000] {processor.py:183} INFO - Processing /opt/airflow/dags/failed_lineage_dag.py took 0.081 seconds
[2025-11-18T06:33:46.401+0000] {processor.py:161} INFO - Started process (PID=14302) to work on /opt/airflow/dags/failed_lineage_dag.py
[2025-11-18T06:33:46.402+0000] {processor.py:830} INFO - Processing file /opt/airflow/dags/failed_lineage_dag.py for tasks to queue
[2025-11-18T06:33:46.404+0000] {logging_mixin.py:188} INFO - [2025-11-18T06:33:46.403+0000] {dagbag.py:538} INFO - Filling up the DagBag from /opt/airflow/dags/failed_lineage_dag.py
[2025-11-18T06:33:46.421+0000] {processor.py:840} INFO - DAG(s) 'failed_lineage_dag' retrieved from /opt/airflow/dags/failed_lineage_dag.py
[2025-11-18T06:33:46.447+0000] {logging_mixin.py:188} INFO - [2025-11-18T06:33:46.447+0000] {dag.py:3036} INFO - Sync 1 DAGs
[2025-11-18T06:33:46.458+0000] {logging_mixin.py:188} INFO - [2025-11-18T06:33:46.458+0000] {dag.py:3823} INFO - Setting next_dagrun for failed_lineage_dag to None, run_after=None
[2025-11-18T06:33:46.526+0000] {processor.py:183} INFO - Processing /opt/airflow/dags/failed_lineage_dag.py took 0.128 seconds
[2025-11-18T06:43:32.189+0000] {processor.py:161} INFO - Started process (PID=14328) to work on /opt/airflow/dags/failed_lineage_dag.py
[2025-11-18T06:43:32.192+0000] {processor.py:830} INFO - Processing file /opt/airflow/dags/failed_lineage_dag.py for tasks to queue
[2025-11-18T06:43:32.194+0000] {logging_mixin.py:188} INFO - [2025-11-18T06:43:32.194+0000] {dagbag.py:538} INFO - Filling up the DagBag from /opt/airflow/dags/failed_lineage_dag.py
[2025-11-18T06:43:32.250+0000] {processor.py:840} INFO - DAG(s) 'failed_lineage_dag' retrieved from /opt/airflow/dags/failed_lineage_dag.py
[2025-11-18T06:43:32.333+0000] {logging_mixin.py:188} INFO - [2025-11-18T06:43:32.333+0000] {dag.py:3036} INFO - Sync 1 DAGs
[2025-11-18T06:43:32.373+0000] {logging_mixin.py:188} INFO - [2025-11-18T06:43:32.372+0000] {dag.py:3823} INFO - Setting next_dagrun for failed_lineage_dag to None, run_after=None
[2025-11-18T06:43:32.437+0000] {processor.py:183} INFO - Processing /opt/airflow/dags/failed_lineage_dag.py took 0.254 seconds
[2025-11-18T06:44:04.085+0000] {processor.py:161} INFO - Started process (PID=14354) to work on /opt/airflow/dags/failed_lineage_dag.py
[2025-11-18T06:44:04.087+0000] {processor.py:830} INFO - Processing file /opt/airflow/dags/failed_lineage_dag.py for tasks to queue
[2025-11-18T06:44:04.092+0000] {logging_mixin.py:188} INFO - [2025-11-18T06:44:04.091+0000] {dagbag.py:538} INFO - Filling up the DagBag from /opt/airflow/dags/failed_lineage_dag.py
[2025-11-18T06:44:04.148+0000] {processor.py:840} INFO - DAG(s) 'failed_lineage_dag' retrieved from /opt/airflow/dags/failed_lineage_dag.py
[2025-11-18T06:44:04.202+0000] {logging_mixin.py:188} INFO - [2025-11-18T06:44:04.201+0000] {dag.py:3036} INFO - Sync 1 DAGs
[2025-11-18T06:44:04.220+0000] {logging_mixin.py:188} INFO - [2025-11-18T06:44:04.219+0000] {dag.py:3823} INFO - Setting next_dagrun for failed_lineage_dag to None, run_after=None
[2025-11-18T06:44:04.302+0000] {processor.py:183} INFO - Processing /opt/airflow/dags/failed_lineage_dag.py took 0.225 seconds
[2025-11-18T06:44:35.191+0000] {processor.py:161} INFO - Started process (PID=14379) to work on /opt/airflow/dags/failed_lineage_dag.py
[2025-11-18T06:44:35.192+0000] {processor.py:830} INFO - Processing file /opt/airflow/dags/failed_lineage_dag.py for tasks to queue
[2025-11-18T06:44:35.193+0000] {logging_mixin.py:188} INFO - [2025-11-18T06:44:35.193+0000] {dagbag.py:538} INFO - Filling up the DagBag from /opt/airflow/dags/failed_lineage_dag.py
[2025-11-18T06:44:35.220+0000] {processor.py:840} INFO - DAG(s) 'failed_lineage_dag' retrieved from /opt/airflow/dags/failed_lineage_dag.py
[2025-11-18T06:44:35.262+0000] {logging_mixin.py:188} INFO - [2025-11-18T06:44:35.261+0000] {dag.py:3036} INFO - Sync 1 DAGs
[2025-11-18T06:44:35.280+0000] {logging_mixin.py:188} INFO - [2025-11-18T06:44:35.280+0000] {dag.py:3823} INFO - Setting next_dagrun for failed_lineage_dag to None, run_after=None
[2025-11-18T06:44:35.312+0000] {processor.py:183} INFO - Processing /opt/airflow/dags/failed_lineage_dag.py took 0.126 seconds
[2025-11-18T06:45:05.595+0000] {processor.py:161} INFO - Started process (PID=14404) to work on /opt/airflow/dags/failed_lineage_dag.py
[2025-11-18T06:45:05.598+0000] {processor.py:830} INFO - Processing file /opt/airflow/dags/failed_lineage_dag.py for tasks to queue
[2025-11-18T06:45:05.608+0000] {logging_mixin.py:188} INFO - [2025-11-18T06:45:05.599+0000] {dagbag.py:538} INFO - Filling up the DagBag from /opt/airflow/dags/failed_lineage_dag.py
[2025-11-18T06:45:05.644+0000] {processor.py:840} INFO - DAG(s) 'failed_lineage_dag' retrieved from /opt/airflow/dags/failed_lineage_dag.py
[2025-11-18T06:45:05.714+0000] {logging_mixin.py:188} INFO - [2025-11-18T06:45:05.713+0000] {dag.py:3036} INFO - Sync 1 DAGs
[2025-11-18T06:45:05.741+0000] {logging_mixin.py:188} INFO - [2025-11-18T06:45:05.740+0000] {dag.py:3823} INFO - Setting next_dagrun for failed_lineage_dag to None, run_after=None
[2025-11-18T06:45:05.774+0000] {processor.py:183} INFO - Processing /opt/airflow/dags/failed_lineage_dag.py took 0.185 seconds
[2025-11-18T06:45:36.092+0000] {processor.py:161} INFO - Started process (PID=14427) to work on /opt/airflow/dags/failed_lineage_dag.py
[2025-11-18T06:45:36.093+0000] {processor.py:830} INFO - Processing file /opt/airflow/dags/failed_lineage_dag.py for tasks to queue
[2025-11-18T06:45:36.098+0000] {logging_mixin.py:188} INFO - [2025-11-18T06:45:36.097+0000] {dagbag.py:538} INFO - Filling up the DagBag from /opt/airflow/dags/failed_lineage_dag.py
[2025-11-18T06:45:36.125+0000] {processor.py:840} INFO - DAG(s) 'failed_lineage_dag' retrieved from /opt/airflow/dags/failed_lineage_dag.py
[2025-11-18T06:45:36.167+0000] {logging_mixin.py:188} INFO - [2025-11-18T06:45:36.166+0000] {dag.py:3036} INFO - Sync 1 DAGs
[2025-11-18T06:45:36.192+0000] {logging_mixin.py:188} INFO - [2025-11-18T06:45:36.192+0000] {dag.py:3823} INFO - Setting next_dagrun for failed_lineage_dag to None, run_after=None
[2025-11-18T06:45:36.229+0000] {processor.py:183} INFO - Processing /opt/airflow/dags/failed_lineage_dag.py took 0.148 seconds
[2025-11-18T06:46:06.399+0000] {processor.py:161} INFO - Started process (PID=14454) to work on /opt/airflow/dags/failed_lineage_dag.py
[2025-11-18T06:46:06.411+0000] {processor.py:830} INFO - Processing file /opt/airflow/dags/failed_lineage_dag.py for tasks to queue
[2025-11-18T06:46:06.425+0000] {logging_mixin.py:188} INFO - [2025-11-18T06:46:06.424+0000] {dagbag.py:538} INFO - Filling up the DagBag from /opt/airflow/dags/failed_lineage_dag.py
[2025-11-18T06:46:06.474+0000] {processor.py:840} INFO - DAG(s) 'failed_lineage_dag' retrieved from /opt/airflow/dags/failed_lineage_dag.py
[2025-11-18T06:46:06.513+0000] {logging_mixin.py:188} INFO - [2025-11-18T06:46:06.512+0000] {dag.py:3036} INFO - Sync 1 DAGs
[2025-11-18T06:46:06.534+0000] {logging_mixin.py:188} INFO - [2025-11-18T06:46:06.533+0000] {dag.py:3823} INFO - Setting next_dagrun for failed_lineage_dag to None, run_after=None
[2025-11-18T06:46:06.598+0000] {processor.py:183} INFO - Processing /opt/airflow/dags/failed_lineage_dag.py took 0.204 seconds
[2025-11-18T06:46:36.770+0000] {processor.py:161} INFO - Started process (PID=14479) to work on /opt/airflow/dags/failed_lineage_dag.py
[2025-11-18T06:46:36.772+0000] {processor.py:830} INFO - Processing file /opt/airflow/dags/failed_lineage_dag.py for tasks to queue
[2025-11-18T06:46:36.773+0000] {logging_mixin.py:188} INFO - [2025-11-18T06:46:36.772+0000] {dagbag.py:538} INFO - Filling up the DagBag from /opt/airflow/dags/failed_lineage_dag.py
[2025-11-18T06:46:36.791+0000] {processor.py:840} INFO - DAG(s) 'failed_lineage_dag' retrieved from /opt/airflow/dags/failed_lineage_dag.py
[2025-11-18T06:46:36.816+0000] {logging_mixin.py:188} INFO - [2025-11-18T06:46:36.815+0000] {dag.py:3036} INFO - Sync 1 DAGs
[2025-11-18T06:46:36.827+0000] {logging_mixin.py:188} INFO - [2025-11-18T06:46:36.827+0000] {dag.py:3823} INFO - Setting next_dagrun for failed_lineage_dag to None, run_after=None
[2025-11-18T06:46:36.845+0000] {processor.py:183} INFO - Processing /opt/airflow/dags/failed_lineage_dag.py took 0.079 seconds
[2025-11-18T06:47:07.657+0000] {processor.py:161} INFO - Started process (PID=14504) to work on /opt/airflow/dags/failed_lineage_dag.py
[2025-11-18T06:47:07.659+0000] {processor.py:830} INFO - Processing file /opt/airflow/dags/failed_lineage_dag.py for tasks to queue
[2025-11-18T06:47:07.660+0000] {logging_mixin.py:188} INFO - [2025-11-18T06:47:07.659+0000] {dagbag.py:538} INFO - Filling up the DagBag from /opt/airflow/dags/failed_lineage_dag.py
[2025-11-18T06:47:07.676+0000] {processor.py:840} INFO - DAG(s) 'failed_lineage_dag' retrieved from /opt/airflow/dags/failed_lineage_dag.py
[2025-11-18T06:47:07.702+0000] {logging_mixin.py:188} INFO - [2025-11-18T06:47:07.701+0000] {dag.py:3036} INFO - Sync 1 DAGs
[2025-11-18T06:47:07.713+0000] {logging_mixin.py:188} INFO - [2025-11-18T06:47:07.713+0000] {dag.py:3823} INFO - Setting next_dagrun for failed_lineage_dag to None, run_after=None
[2025-11-18T06:47:07.734+0000] {processor.py:183} INFO - Processing /opt/airflow/dags/failed_lineage_dag.py took 0.081 seconds
[2025-11-18T06:47:38.387+0000] {processor.py:161} INFO - Started process (PID=14529) to work on /opt/airflow/dags/failed_lineage_dag.py
[2025-11-18T06:47:38.392+0000] {processor.py:830} INFO - Processing file /opt/airflow/dags/failed_lineage_dag.py for tasks to queue
[2025-11-18T06:47:38.395+0000] {logging_mixin.py:188} INFO - [2025-11-18T06:47:38.394+0000] {dagbag.py:538} INFO - Filling up the DagBag from /opt/airflow/dags/failed_lineage_dag.py
[2025-11-18T06:47:38.416+0000] {processor.py:840} INFO - DAG(s) 'failed_lineage_dag' retrieved from /opt/airflow/dags/failed_lineage_dag.py
[2025-11-18T06:47:38.451+0000] {logging_mixin.py:188} INFO - [2025-11-18T06:47:38.451+0000] {dag.py:3036} INFO - Sync 1 DAGs
[2025-11-18T06:47:38.466+0000] {logging_mixin.py:188} INFO - [2025-11-18T06:47:38.465+0000] {dag.py:3823} INFO - Setting next_dagrun for failed_lineage_dag to None, run_after=None
[2025-11-18T06:47:38.520+0000] {processor.py:183} INFO - Processing /opt/airflow/dags/failed_lineage_dag.py took 0.137 seconds
[2025-11-18T06:48:09.501+0000] {processor.py:161} INFO - Started process (PID=14554) to work on /opt/airflow/dags/failed_lineage_dag.py
[2025-11-18T06:48:09.503+0000] {processor.py:830} INFO - Processing file /opt/airflow/dags/failed_lineage_dag.py for tasks to queue
[2025-11-18T06:48:09.504+0000] {logging_mixin.py:188} INFO - [2025-11-18T06:48:09.504+0000] {dagbag.py:538} INFO - Filling up the DagBag from /opt/airflow/dags/failed_lineage_dag.py
[2025-11-18T06:48:09.524+0000] {processor.py:840} INFO - DAG(s) 'failed_lineage_dag' retrieved from /opt/airflow/dags/failed_lineage_dag.py
[2025-11-18T06:48:09.561+0000] {logging_mixin.py:188} INFO - [2025-11-18T06:48:09.560+0000] {dag.py:3036} INFO - Sync 1 DAGs
[2025-11-18T06:48:09.576+0000] {logging_mixin.py:188} INFO - [2025-11-18T06:48:09.576+0000] {dag.py:3823} INFO - Setting next_dagrun for failed_lineage_dag to None, run_after=None
[2025-11-18T06:48:09.627+0000] {processor.py:183} INFO - Processing /opt/airflow/dags/failed_lineage_dag.py took 0.130 seconds
[2025-11-18T06:48:40.553+0000] {processor.py:161} INFO - Started process (PID=14579) to work on /opt/airflow/dags/failed_lineage_dag.py
[2025-11-18T06:48:40.555+0000] {processor.py:830} INFO - Processing file /opt/airflow/dags/failed_lineage_dag.py for tasks to queue
[2025-11-18T06:48:40.556+0000] {logging_mixin.py:188} INFO - [2025-11-18T06:48:40.556+0000] {dagbag.py:538} INFO - Filling up the DagBag from /opt/airflow/dags/failed_lineage_dag.py
[2025-11-18T06:48:40.577+0000] {processor.py:840} INFO - DAG(s) 'failed_lineage_dag' retrieved from /opt/airflow/dags/failed_lineage_dag.py
[2025-11-18T06:48:40.625+0000] {logging_mixin.py:188} INFO - [2025-11-18T06:48:40.625+0000] {dag.py:3036} INFO - Sync 1 DAGs
[2025-11-18T06:48:40.640+0000] {logging_mixin.py:188} INFO - [2025-11-18T06:48:40.639+0000] {dag.py:3823} INFO - Setting next_dagrun for failed_lineage_dag to None, run_after=None
[2025-11-18T06:48:40.668+0000] {processor.py:183} INFO - Processing /opt/airflow/dags/failed_lineage_dag.py took 0.119 seconds
[2025-11-18T06:49:11.621+0000] {processor.py:161} INFO - Started process (PID=14604) to work on /opt/airflow/dags/failed_lineage_dag.py
[2025-11-18T06:49:11.623+0000] {processor.py:830} INFO - Processing file /opt/airflow/dags/failed_lineage_dag.py for tasks to queue
[2025-11-18T06:49:11.624+0000] {logging_mixin.py:188} INFO - [2025-11-18T06:49:11.624+0000] {dagbag.py:538} INFO - Filling up the DagBag from /opt/airflow/dags/failed_lineage_dag.py
[2025-11-18T06:49:11.643+0000] {processor.py:840} INFO - DAG(s) 'failed_lineage_dag' retrieved from /opt/airflow/dags/failed_lineage_dag.py
[2025-11-18T06:49:11.682+0000] {logging_mixin.py:188} INFO - [2025-11-18T06:49:11.682+0000] {dag.py:3036} INFO - Sync 1 DAGs
[2025-11-18T06:49:11.701+0000] {logging_mixin.py:188} INFO - [2025-11-18T06:49:11.701+0000] {dag.py:3823} INFO - Setting next_dagrun for failed_lineage_dag to None, run_after=None
[2025-11-18T06:49:11.728+0000] {processor.py:183} INFO - Processing /opt/airflow/dags/failed_lineage_dag.py took 0.110 seconds
[2025-11-18T06:49:42.640+0000] {processor.py:161} INFO - Started process (PID=14629) to work on /opt/airflow/dags/failed_lineage_dag.py
[2025-11-18T06:49:42.641+0000] {processor.py:830} INFO - Processing file /opt/airflow/dags/failed_lineage_dag.py for tasks to queue
[2025-11-18T06:49:42.643+0000] {logging_mixin.py:188} INFO - [2025-11-18T06:49:42.642+0000] {dagbag.py:538} INFO - Filling up the DagBag from /opt/airflow/dags/failed_lineage_dag.py
[2025-11-18T06:49:42.661+0000] {processor.py:840} INFO - DAG(s) 'failed_lineage_dag' retrieved from /opt/airflow/dags/failed_lineage_dag.py
[2025-11-18T06:49:42.695+0000] {logging_mixin.py:188} INFO - [2025-11-18T06:49:42.694+0000] {dag.py:3036} INFO - Sync 1 DAGs
[2025-11-18T06:49:42.708+0000] {logging_mixin.py:188} INFO - [2025-11-18T06:49:42.707+0000] {dag.py:3823} INFO - Setting next_dagrun for failed_lineage_dag to None, run_after=None
[2025-11-18T06:49:42.745+0000] {processor.py:183} INFO - Processing /opt/airflow/dags/failed_lineage_dag.py took 0.109 seconds
[2025-11-18T06:50:13.533+0000] {processor.py:161} INFO - Started process (PID=14654) to work on /opt/airflow/dags/failed_lineage_dag.py
[2025-11-18T06:50:13.535+0000] {processor.py:830} INFO - Processing file /opt/airflow/dags/failed_lineage_dag.py for tasks to queue
[2025-11-18T06:50:13.536+0000] {logging_mixin.py:188} INFO - [2025-11-18T06:50:13.536+0000] {dagbag.py:538} INFO - Filling up the DagBag from /opt/airflow/dags/failed_lineage_dag.py
[2025-11-18T06:50:13.560+0000] {processor.py:840} INFO - DAG(s) 'failed_lineage_dag' retrieved from /opt/airflow/dags/failed_lineage_dag.py
[2025-11-18T06:50:13.595+0000] {logging_mixin.py:188} INFO - [2025-11-18T06:50:13.595+0000] {dag.py:3036} INFO - Sync 1 DAGs
[2025-11-18T06:50:13.610+0000] {logging_mixin.py:188} INFO - [2025-11-18T06:50:13.609+0000] {dag.py:3823} INFO - Setting next_dagrun for failed_lineage_dag to None, run_after=None
[2025-11-18T06:50:13.631+0000] {processor.py:183} INFO - Processing /opt/airflow/dags/failed_lineage_dag.py took 0.101 seconds
[2025-11-18T06:50:44.389+0000] {processor.py:161} INFO - Started process (PID=14679) to work on /opt/airflow/dags/failed_lineage_dag.py
[2025-11-18T06:50:44.390+0000] {processor.py:830} INFO - Processing file /opt/airflow/dags/failed_lineage_dag.py for tasks to queue
[2025-11-18T06:50:44.392+0000] {logging_mixin.py:188} INFO - [2025-11-18T06:50:44.392+0000] {dagbag.py:538} INFO - Filling up the DagBag from /opt/airflow/dags/failed_lineage_dag.py
[2025-11-18T06:50:44.441+0000] {processor.py:840} INFO - DAG(s) 'failed_lineage_dag' retrieved from /opt/airflow/dags/failed_lineage_dag.py
[2025-11-18T06:50:44.506+0000] {logging_mixin.py:188} INFO - [2025-11-18T06:50:44.506+0000] {dag.py:3036} INFO - Sync 1 DAGs
[2025-11-18T06:50:44.541+0000] {logging_mixin.py:188} INFO - [2025-11-18T06:50:44.541+0000] {dag.py:3823} INFO - Setting next_dagrun for failed_lineage_dag to None, run_after=None
[2025-11-18T06:50:44.574+0000] {processor.py:183} INFO - Processing /opt/airflow/dags/failed_lineage_dag.py took 0.188 seconds
[2025-11-18T06:51:15.385+0000] {processor.py:161} INFO - Started process (PID=14704) to work on /opt/airflow/dags/failed_lineage_dag.py
[2025-11-18T06:51:15.388+0000] {processor.py:830} INFO - Processing file /opt/airflow/dags/failed_lineage_dag.py for tasks to queue
[2025-11-18T06:51:15.389+0000] {logging_mixin.py:188} INFO - [2025-11-18T06:51:15.389+0000] {dagbag.py:538} INFO - Filling up the DagBag from /opt/airflow/dags/failed_lineage_dag.py
[2025-11-18T06:51:15.415+0000] {processor.py:840} INFO - DAG(s) 'failed_lineage_dag' retrieved from /opt/airflow/dags/failed_lineage_dag.py
[2025-11-18T06:51:15.495+0000] {logging_mixin.py:188} INFO - [2025-11-18T06:51:15.495+0000] {dag.py:3036} INFO - Sync 1 DAGs
[2025-11-18T06:51:15.525+0000] {logging_mixin.py:188} INFO - [2025-11-18T06:51:15.525+0000] {dag.py:3823} INFO - Setting next_dagrun for failed_lineage_dag to None, run_after=None
[2025-11-18T06:51:15.572+0000] {processor.py:183} INFO - Processing /opt/airflow/dags/failed_lineage_dag.py took 0.192 seconds
[2025-11-18T06:51:46.541+0000] {processor.py:161} INFO - Started process (PID=14729) to work on /opt/airflow/dags/failed_lineage_dag.py
[2025-11-18T06:51:46.544+0000] {processor.py:830} INFO - Processing file /opt/airflow/dags/failed_lineage_dag.py for tasks to queue
[2025-11-18T06:51:46.546+0000] {logging_mixin.py:188} INFO - [2025-11-18T06:51:46.545+0000] {dagbag.py:538} INFO - Filling up the DagBag from /opt/airflow/dags/failed_lineage_dag.py
[2025-11-18T06:51:46.577+0000] {processor.py:840} INFO - DAG(s) 'failed_lineage_dag' retrieved from /opt/airflow/dags/failed_lineage_dag.py
[2025-11-18T06:51:46.628+0000] {logging_mixin.py:188} INFO - [2025-11-18T06:51:46.627+0000] {dag.py:3036} INFO - Sync 1 DAGs
[2025-11-18T06:51:46.657+0000] {logging_mixin.py:188} INFO - [2025-11-18T06:51:46.657+0000] {dag.py:3823} INFO - Setting next_dagrun for failed_lineage_dag to None, run_after=None
[2025-11-18T06:51:46.691+0000] {processor.py:183} INFO - Processing /opt/airflow/dags/failed_lineage_dag.py took 0.160 seconds
[2025-11-18T06:52:17.630+0000] {processor.py:161} INFO - Started process (PID=14754) to work on /opt/airflow/dags/failed_lineage_dag.py
[2025-11-18T06:52:17.631+0000] {processor.py:830} INFO - Processing file /opt/airflow/dags/failed_lineage_dag.py for tasks to queue
[2025-11-18T06:52:17.632+0000] {logging_mixin.py:188} INFO - [2025-11-18T06:52:17.632+0000] {dagbag.py:538} INFO - Filling up the DagBag from /opt/airflow/dags/failed_lineage_dag.py
[2025-11-18T06:52:17.652+0000] {processor.py:840} INFO - DAG(s) 'failed_lineage_dag' retrieved from /opt/airflow/dags/failed_lineage_dag.py
[2025-11-18T06:52:17.696+0000] {logging_mixin.py:188} INFO - [2025-11-18T06:52:17.696+0000] {dag.py:3036} INFO - Sync 1 DAGs
[2025-11-18T06:52:17.713+0000] {logging_mixin.py:188} INFO - [2025-11-18T06:52:17.712+0000] {dag.py:3823} INFO - Setting next_dagrun for failed_lineage_dag to None, run_after=None
[2025-11-18T06:52:17.743+0000] {processor.py:183} INFO - Processing /opt/airflow/dags/failed_lineage_dag.py took 0.116 seconds
[2025-11-18T06:52:48.489+0000] {processor.py:161} INFO - Started process (PID=14779) to work on /opt/airflow/dags/failed_lineage_dag.py
[2025-11-18T06:52:48.499+0000] {processor.py:830} INFO - Processing file /opt/airflow/dags/failed_lineage_dag.py for tasks to queue
[2025-11-18T06:52:48.519+0000] {logging_mixin.py:188} INFO - [2025-11-18T06:52:48.518+0000] {dagbag.py:538} INFO - Filling up the DagBag from /opt/airflow/dags/failed_lineage_dag.py
[2025-11-18T06:52:48.565+0000] {processor.py:840} INFO - DAG(s) 'failed_lineage_dag' retrieved from /opt/airflow/dags/failed_lineage_dag.py
[2025-11-18T06:52:48.599+0000] {logging_mixin.py:188} INFO - [2025-11-18T06:52:48.599+0000] {dag.py:3036} INFO - Sync 1 DAGs
[2025-11-18T06:52:48.612+0000] {logging_mixin.py:188} INFO - [2025-11-18T06:52:48.612+0000] {dag.py:3823} INFO - Setting next_dagrun for failed_lineage_dag to None, run_after=None
[2025-11-18T06:52:48.643+0000] {processor.py:183} INFO - Processing /opt/airflow/dags/failed_lineage_dag.py took 0.160 seconds
[2025-11-18T06:53:19.457+0000] {processor.py:161} INFO - Started process (PID=14804) to work on /opt/airflow/dags/failed_lineage_dag.py
[2025-11-18T06:53:19.458+0000] {processor.py:830} INFO - Processing file /opt/airflow/dags/failed_lineage_dag.py for tasks to queue
[2025-11-18T06:53:19.460+0000] {logging_mixin.py:188} INFO - [2025-11-18T06:53:19.459+0000] {dagbag.py:538} INFO - Filling up the DagBag from /opt/airflow/dags/failed_lineage_dag.py
[2025-11-18T06:53:19.482+0000] {processor.py:840} INFO - DAG(s) 'failed_lineage_dag' retrieved from /opt/airflow/dags/failed_lineage_dag.py
[2025-11-18T06:53:19.528+0000] {logging_mixin.py:188} INFO - [2025-11-18T06:53:19.528+0000] {dag.py:3036} INFO - Sync 1 DAGs
[2025-11-18T06:53:19.539+0000] {logging_mixin.py:188} INFO - [2025-11-18T06:53:19.538+0000] {dag.py:3823} INFO - Setting next_dagrun for failed_lineage_dag to None, run_after=None
[2025-11-18T06:53:19.559+0000] {processor.py:183} INFO - Processing /opt/airflow/dags/failed_lineage_dag.py took 0.106 seconds
[2025-11-18T06:53:50.317+0000] {processor.py:161} INFO - Started process (PID=14827) to work on /opt/airflow/dags/failed_lineage_dag.py
[2025-11-18T06:53:50.318+0000] {processor.py:830} INFO - Processing file /opt/airflow/dags/failed_lineage_dag.py for tasks to queue
[2025-11-18T06:53:50.319+0000] {logging_mixin.py:188} INFO - [2025-11-18T06:53:50.319+0000] {dagbag.py:538} INFO - Filling up the DagBag from /opt/airflow/dags/failed_lineage_dag.py
[2025-11-18T06:53:50.335+0000] {processor.py:840} INFO - DAG(s) 'failed_lineage_dag' retrieved from /opt/airflow/dags/failed_lineage_dag.py
[2025-11-18T06:53:50.360+0000] {logging_mixin.py:188} INFO - [2025-11-18T06:53:50.360+0000] {dag.py:3036} INFO - Sync 1 DAGs
[2025-11-18T06:53:50.373+0000] {logging_mixin.py:188} INFO - [2025-11-18T06:53:50.373+0000] {dag.py:3823} INFO - Setting next_dagrun for failed_lineage_dag to None, run_after=None
[2025-11-18T06:53:50.394+0000] {processor.py:183} INFO - Processing /opt/airflow/dags/failed_lineage_dag.py took 0.083 seconds
[2025-11-18T06:54:20.503+0000] {processor.py:161} INFO - Started process (PID=14847) to work on /opt/airflow/dags/failed_lineage_dag.py
[2025-11-18T06:54:20.505+0000] {processor.py:830} INFO - Processing file /opt/airflow/dags/failed_lineage_dag.py for tasks to queue
[2025-11-18T06:54:20.507+0000] {logging_mixin.py:188} INFO - [2025-11-18T06:54:20.506+0000] {dagbag.py:538} INFO - Filling up the DagBag from /opt/airflow/dags/failed_lineage_dag.py
[2025-11-18T06:54:20.538+0000] {processor.py:840} INFO - DAG(s) 'failed_lineage_dag' retrieved from /opt/airflow/dags/failed_lineage_dag.py
[2025-11-18T06:54:20.609+0000] {logging_mixin.py:188} INFO - [2025-11-18T06:54:20.609+0000] {dag.py:3036} INFO - Sync 1 DAGs
[2025-11-18T06:54:20.630+0000] {logging_mixin.py:188} INFO - [2025-11-18T06:54:20.629+0000] {dag.py:3823} INFO - Setting next_dagrun for failed_lineage_dag to None, run_after=None
[2025-11-18T06:54:20.689+0000] {processor.py:183} INFO - Processing /opt/airflow/dags/failed_lineage_dag.py took 0.194 seconds
[2025-11-18T06:54:51.074+0000] {processor.py:161} INFO - Started process (PID=14874) to work on /opt/airflow/dags/failed_lineage_dag.py
[2025-11-18T06:54:51.076+0000] {processor.py:830} INFO - Processing file /opt/airflow/dags/failed_lineage_dag.py for tasks to queue
[2025-11-18T06:54:51.078+0000] {logging_mixin.py:188} INFO - [2025-11-18T06:54:51.077+0000] {dagbag.py:538} INFO - Filling up the DagBag from /opt/airflow/dags/failed_lineage_dag.py
[2025-11-18T06:54:51.101+0000] {processor.py:840} INFO - DAG(s) 'failed_lineage_dag' retrieved from /opt/airflow/dags/failed_lineage_dag.py
[2025-11-18T06:54:51.155+0000] {logging_mixin.py:188} INFO - [2025-11-18T06:54:51.155+0000] {dag.py:3036} INFO - Sync 1 DAGs
[2025-11-18T06:54:51.219+0000] {logging_mixin.py:188} INFO - [2025-11-18T06:54:51.219+0000] {dag.py:3823} INFO - Setting next_dagrun for failed_lineage_dag to None, run_after=None
[2025-11-18T06:54:51.334+0000] {processor.py:183} INFO - Processing /opt/airflow/dags/failed_lineage_dag.py took 0.269 seconds
[2025-11-18T06:55:21.987+0000] {processor.py:161} INFO - Started process (PID=14899) to work on /opt/airflow/dags/failed_lineage_dag.py
[2025-11-18T06:55:21.998+0000] {processor.py:830} INFO - Processing file /opt/airflow/dags/failed_lineage_dag.py for tasks to queue
[2025-11-18T06:55:22.000+0000] {logging_mixin.py:188} INFO - [2025-11-18T06:55:22.000+0000] {dagbag.py:538} INFO - Filling up the DagBag from /opt/airflow/dags/failed_lineage_dag.py
[2025-11-18T06:55:22.115+0000] {processor.py:840} INFO - DAG(s) 'failed_lineage_dag' retrieved from /opt/airflow/dags/failed_lineage_dag.py
[2025-11-18T06:55:22.218+0000] {logging_mixin.py:188} INFO - [2025-11-18T06:55:22.218+0000] {dag.py:3036} INFO - Sync 1 DAGs
[2025-11-18T06:55:22.284+0000] {logging_mixin.py:188} INFO - [2025-11-18T06:55:22.284+0000] {dag.py:3823} INFO - Setting next_dagrun for failed_lineage_dag to None, run_after=None
[2025-11-18T06:55:22.367+0000] {processor.py:183} INFO - Processing /opt/airflow/dags/failed_lineage_dag.py took 0.396 seconds
[2025-11-18T06:55:54.001+0000] {processor.py:161} INFO - Started process (PID=14922) to work on /opt/airflow/dags/failed_lineage_dag.py
[2025-11-18T06:55:54.006+0000] {processor.py:830} INFO - Processing file /opt/airflow/dags/failed_lineage_dag.py for tasks to queue
[2025-11-18T06:55:54.008+0000] {logging_mixin.py:188} INFO - [2025-11-18T06:55:54.008+0000] {dagbag.py:538} INFO - Filling up the DagBag from /opt/airflow/dags/failed_lineage_dag.py
[2025-11-18T06:55:55.418+0000] {processor.py:840} INFO - DAG(s) 'failed_lineage_dag' retrieved from /opt/airflow/dags/failed_lineage_dag.py
[2025-11-18T06:55:55.640+0000] {logging_mixin.py:188} INFO - [2025-11-18T06:55:55.640+0000] {dag.py:3036} INFO - Sync 1 DAGs
[2025-11-18T06:55:55.681+0000] {logging_mixin.py:188} INFO - [2025-11-18T06:55:55.681+0000] {dag.py:3823} INFO - Setting next_dagrun for failed_lineage_dag to None, run_after=None
[2025-11-18T06:55:55.782+0000] {processor.py:183} INFO - Processing /opt/airflow/dags/failed_lineage_dag.py took 1.806 seconds
[2025-11-18T06:56:26.647+0000] {processor.py:161} INFO - Started process (PID=14947) to work on /opt/airflow/dags/failed_lineage_dag.py
[2025-11-18T06:56:26.662+0000] {processor.py:830} INFO - Processing file /opt/airflow/dags/failed_lineage_dag.py for tasks to queue
[2025-11-18T06:56:26.677+0000] {logging_mixin.py:188} INFO - [2025-11-18T06:56:26.677+0000] {dagbag.py:538} INFO - Filling up the DagBag from /opt/airflow/dags/failed_lineage_dag.py
[2025-11-18T06:56:27.032+0000] {processor.py:840} INFO - DAG(s) 'failed_lineage_dag' retrieved from /opt/airflow/dags/failed_lineage_dag.py
[2025-11-18T06:56:27.351+0000] {logging_mixin.py:188} INFO - [2025-11-18T06:56:27.350+0000] {dag.py:3036} INFO - Sync 1 DAGs
[2025-11-18T06:56:27.391+0000] {logging_mixin.py:188} INFO - [2025-11-18T06:56:27.390+0000] {dag.py:3823} INFO - Setting next_dagrun for failed_lineage_dag to None, run_after=None
[2025-11-18T06:56:27.477+0000] {processor.py:183} INFO - Processing /opt/airflow/dags/failed_lineage_dag.py took 0.834 seconds
[2025-11-18T06:56:57.912+0000] {processor.py:161} INFO - Started process (PID=14972) to work on /opt/airflow/dags/failed_lineage_dag.py
[2025-11-18T06:56:57.915+0000] {processor.py:830} INFO - Processing file /opt/airflow/dags/failed_lineage_dag.py for tasks to queue
[2025-11-18T06:56:57.927+0000] {logging_mixin.py:188} INFO - [2025-11-18T06:56:57.920+0000] {dagbag.py:538} INFO - Filling up the DagBag from /opt/airflow/dags/failed_lineage_dag.py
[2025-11-18T06:56:58.007+0000] {processor.py:840} INFO - DAG(s) 'failed_lineage_dag' retrieved from /opt/airflow/dags/failed_lineage_dag.py
[2025-11-18T06:56:58.109+0000] {logging_mixin.py:188} INFO - [2025-11-18T06:56:58.109+0000] {dag.py:3036} INFO - Sync 1 DAGs
[2025-11-18T06:56:58.226+0000] {logging_mixin.py:188} INFO - [2025-11-18T06:56:58.225+0000] {dag.py:3823} INFO - Setting next_dagrun for failed_lineage_dag to None, run_after=None
[2025-11-18T06:56:58.536+0000] {processor.py:183} INFO - Processing /opt/airflow/dags/failed_lineage_dag.py took 0.629 seconds
[2025-11-18T06:57:29.287+0000] {processor.py:161} INFO - Started process (PID=14997) to work on /opt/airflow/dags/failed_lineage_dag.py
[2025-11-18T06:57:29.289+0000] {processor.py:830} INFO - Processing file /opt/airflow/dags/failed_lineage_dag.py for tasks to queue
[2025-11-18T06:57:29.290+0000] {logging_mixin.py:188} INFO - [2025-11-18T06:57:29.290+0000] {dagbag.py:538} INFO - Filling up the DagBag from /opt/airflow/dags/failed_lineage_dag.py
[2025-11-18T06:57:29.315+0000] {processor.py:840} INFO - DAG(s) 'failed_lineage_dag' retrieved from /opt/airflow/dags/failed_lineage_dag.py
[2025-11-18T06:57:29.351+0000] {logging_mixin.py:188} INFO - [2025-11-18T06:57:29.351+0000] {dag.py:3036} INFO - Sync 1 DAGs
[2025-11-18T06:57:29.374+0000] {logging_mixin.py:188} INFO - [2025-11-18T06:57:29.374+0000] {dag.py:3823} INFO - Setting next_dagrun for failed_lineage_dag to None, run_after=None
[2025-11-18T06:57:29.408+0000] {processor.py:183} INFO - Processing /opt/airflow/dags/failed_lineage_dag.py took 0.126 seconds
[2025-11-18T06:58:00.778+0000] {processor.py:161} INFO - Started process (PID=15022) to work on /opt/airflow/dags/failed_lineage_dag.py
[2025-11-18T06:58:00.788+0000] {processor.py:830} INFO - Processing file /opt/airflow/dags/failed_lineage_dag.py for tasks to queue
[2025-11-18T06:58:00.795+0000] {logging_mixin.py:188} INFO - [2025-11-18T06:58:00.795+0000] {dagbag.py:538} INFO - Filling up the DagBag from /opt/airflow/dags/failed_lineage_dag.py
[2025-11-18T06:58:01.352+0000] {processor.py:840} INFO - DAG(s) 'failed_lineage_dag' retrieved from /opt/airflow/dags/failed_lineage_dag.py
[2025-11-18T06:58:01.704+0000] {logging_mixin.py:188} INFO - [2025-11-18T06:58:01.691+0000] {dag.py:3036} INFO - Sync 1 DAGs
[2025-11-18T06:58:01.760+0000] {logging_mixin.py:188} INFO - [2025-11-18T06:58:01.760+0000] {dag.py:3823} INFO - Setting next_dagrun for failed_lineage_dag to None, run_after=None
[2025-11-18T06:58:01.893+0000] {processor.py:183} INFO - Processing /opt/airflow/dags/failed_lineage_dag.py took 1.120 seconds
[2025-11-18T06:58:34.712+0000] {processor.py:161} INFO - Started process (PID=15047) to work on /opt/airflow/dags/failed_lineage_dag.py
[2025-11-18T06:58:34.720+0000] {processor.py:830} INFO - Processing file /opt/airflow/dags/failed_lineage_dag.py for tasks to queue
[2025-11-18T06:58:35.311+0000] {logging_mixin.py:188} INFO - [2025-11-18T06:58:34.937+0000] {dagbag.py:538} INFO - Filling up the DagBag from /opt/airflow/dags/failed_lineage_dag.py
[2025-11-18T06:58:37.075+0000] {processor.py:840} INFO - DAG(s) 'failed_lineage_dag' retrieved from /opt/airflow/dags/failed_lineage_dag.py
[2025-11-18T06:58:37.188+0000] {logging_mixin.py:188} INFO - [2025-11-18T06:58:37.188+0000] {dag.py:3036} INFO - Sync 1 DAGs
[2025-11-18T06:58:37.237+0000] {logging_mixin.py:188} INFO - [2025-11-18T06:58:37.237+0000] {dag.py:3823} INFO - Setting next_dagrun for failed_lineage_dag to None, run_after=None
[2025-11-18T06:58:37.370+0000] {processor.py:183} INFO - Processing /opt/airflow/dags/failed_lineage_dag.py took 2.663 seconds
[2025-11-18T06:59:08.485+0000] {processor.py:161} INFO - Started process (PID=15072) to work on /opt/airflow/dags/failed_lineage_dag.py
[2025-11-18T06:59:08.540+0000] {processor.py:830} INFO - Processing file /opt/airflow/dags/failed_lineage_dag.py for tasks to queue
[2025-11-18T06:59:08.559+0000] {logging_mixin.py:188} INFO - [2025-11-18T06:59:08.558+0000] {dagbag.py:538} INFO - Filling up the DagBag from /opt/airflow/dags/failed_lineage_dag.py
[2025-11-18T06:59:08.828+0000] {processor.py:840} INFO - DAG(s) 'failed_lineage_dag' retrieved from /opt/airflow/dags/failed_lineage_dag.py
[2025-11-18T06:59:08.988+0000] {logging_mixin.py:188} INFO - [2025-11-18T06:59:08.987+0000] {dag.py:3036} INFO - Sync 1 DAGs
[2025-11-18T06:59:09.057+0000] {logging_mixin.py:188} INFO - [2025-11-18T06:59:09.057+0000] {dag.py:3823} INFO - Setting next_dagrun for failed_lineage_dag to None, run_after=None
[2025-11-18T06:59:09.127+0000] {processor.py:183} INFO - Processing /opt/airflow/dags/failed_lineage_dag.py took 0.666 seconds
[2025-11-18T06:59:43.943+0000] {processor.py:161} INFO - Started process (PID=15104) to work on /opt/airflow/dags/failed_lineage_dag.py
[2025-11-18T06:59:43.957+0000] {processor.py:830} INFO - Processing file /opt/airflow/dags/failed_lineage_dag.py for tasks to queue
[2025-11-18T06:59:43.960+0000] {logging_mixin.py:188} INFO - [2025-11-18T06:59:43.959+0000] {dagbag.py:538} INFO - Filling up the DagBag from /opt/airflow/dags/failed_lineage_dag.py
[2025-11-18T06:59:44.060+0000] {processor.py:840} INFO - DAG(s) 'failed_lineage_dag' retrieved from /opt/airflow/dags/failed_lineage_dag.py
[2025-11-18T06:59:44.153+0000] {logging_mixin.py:188} INFO - [2025-11-18T06:59:44.153+0000] {dag.py:3036} INFO - Sync 1 DAGs
[2025-11-18T06:59:44.212+0000] {logging_mixin.py:188} INFO - [2025-11-18T06:59:44.211+0000] {dag.py:3823} INFO - Setting next_dagrun for failed_lineage_dag to None, run_after=None
[2025-11-18T06:59:44.294+0000] {processor.py:183} INFO - Processing /opt/airflow/dags/failed_lineage_dag.py took 0.357 seconds
[2025-11-18T07:00:14.573+0000] {processor.py:161} INFO - Started process (PID=15129) to work on /opt/airflow/dags/failed_lineage_dag.py
[2025-11-18T07:00:14.576+0000] {processor.py:830} INFO - Processing file /opt/airflow/dags/failed_lineage_dag.py for tasks to queue
[2025-11-18T07:00:14.578+0000] {logging_mixin.py:188} INFO - [2025-11-18T07:00:14.577+0000] {dagbag.py:538} INFO - Filling up the DagBag from /opt/airflow/dags/failed_lineage_dag.py
[2025-11-18T07:00:14.647+0000] {processor.py:840} INFO - DAG(s) 'failed_lineage_dag' retrieved from /opt/airflow/dags/failed_lineage_dag.py
[2025-11-18T07:00:14.734+0000] {logging_mixin.py:188} INFO - [2025-11-18T07:00:14.731+0000] {dag.py:3036} INFO - Sync 1 DAGs
[2025-11-18T07:00:14.784+0000] {logging_mixin.py:188} INFO - [2025-11-18T07:00:14.780+0000] {dag.py:3823} INFO - Setting next_dagrun for failed_lineage_dag to None, run_after=None
[2025-11-18T07:00:14.865+0000] {processor.py:183} INFO - Processing /opt/airflow/dags/failed_lineage_dag.py took 0.298 seconds
[2025-11-18T07:02:05.167+0000] {processor.py:161} INFO - Started process (PID=15160) to work on /opt/airflow/dags/failed_lineage_dag.py
[2025-11-18T07:02:05.169+0000] {processor.py:830} INFO - Processing file /opt/airflow/dags/failed_lineage_dag.py for tasks to queue
[2025-11-18T07:02:05.180+0000] {logging_mixin.py:188} INFO - [2025-11-18T07:02:05.179+0000] {dagbag.py:538} INFO - Filling up the DagBag from /opt/airflow/dags/failed_lineage_dag.py
[2025-11-18T07:02:05.286+0000] {processor.py:840} INFO - DAG(s) 'failed_lineage_dag' retrieved from /opt/airflow/dags/failed_lineage_dag.py
[2025-11-18T07:02:05.440+0000] {logging_mixin.py:188} INFO - [2025-11-18T07:02:05.440+0000] {dag.py:3036} INFO - Sync 1 DAGs
[2025-11-18T07:02:05.536+0000] {logging_mixin.py:188} INFO - [2025-11-18T07:02:05.536+0000] {dag.py:3823} INFO - Setting next_dagrun for failed_lineage_dag to None, run_after=None
[2025-11-18T07:02:05.632+0000] {processor.py:183} INFO - Processing /opt/airflow/dags/failed_lineage_dag.py took 0.472 seconds
[2025-11-18T07:02:35.790+0000] {processor.py:161} INFO - Started process (PID=15185) to work on /opt/airflow/dags/failed_lineage_dag.py
[2025-11-18T07:02:35.792+0000] {processor.py:830} INFO - Processing file /opt/airflow/dags/failed_lineage_dag.py for tasks to queue
[2025-11-18T07:02:35.793+0000] {logging_mixin.py:188} INFO - [2025-11-18T07:02:35.793+0000] {dagbag.py:538} INFO - Filling up the DagBag from /opt/airflow/dags/failed_lineage_dag.py
[2025-11-18T07:02:35.817+0000] {processor.py:840} INFO - DAG(s) 'failed_lineage_dag' retrieved from /opt/airflow/dags/failed_lineage_dag.py
[2025-11-18T07:02:35.846+0000] {logging_mixin.py:188} INFO - [2025-11-18T07:02:35.845+0000] {dag.py:3036} INFO - Sync 1 DAGs
[2025-11-18T07:02:35.856+0000] {logging_mixin.py:188} INFO - [2025-11-18T07:02:35.856+0000] {dag.py:3823} INFO - Setting next_dagrun for failed_lineage_dag to None, run_after=None
[2025-11-18T07:02:35.879+0000] {processor.py:183} INFO - Processing /opt/airflow/dags/failed_lineage_dag.py took 0.093 seconds
[2025-11-18T07:03:06.377+0000] {processor.py:161} INFO - Started process (PID=15210) to work on /opt/airflow/dags/failed_lineage_dag.py
[2025-11-18T07:03:06.379+0000] {processor.py:830} INFO - Processing file /opt/airflow/dags/failed_lineage_dag.py for tasks to queue
[2025-11-18T07:03:06.380+0000] {logging_mixin.py:188} INFO - [2025-11-18T07:03:06.379+0000] {dagbag.py:538} INFO - Filling up the DagBag from /opt/airflow/dags/failed_lineage_dag.py
[2025-11-18T07:03:06.402+0000] {processor.py:840} INFO - DAG(s) 'failed_lineage_dag' retrieved from /opt/airflow/dags/failed_lineage_dag.py
[2025-11-18T07:03:06.428+0000] {logging_mixin.py:188} INFO - [2025-11-18T07:03:06.428+0000] {dag.py:3036} INFO - Sync 1 DAGs
[2025-11-18T07:03:06.439+0000] {logging_mixin.py:188} INFO - [2025-11-18T07:03:06.439+0000] {dag.py:3823} INFO - Setting next_dagrun for failed_lineage_dag to None, run_after=None
[2025-11-18T07:03:06.460+0000] {processor.py:183} INFO - Processing /opt/airflow/dags/failed_lineage_dag.py took 0.088 seconds
[2025-11-18T07:03:36.897+0000] {processor.py:161} INFO - Started process (PID=15235) to work on /opt/airflow/dags/failed_lineage_dag.py
[2025-11-18T07:03:37.030+0000] {processor.py:830} INFO - Processing file /opt/airflow/dags/failed_lineage_dag.py for tasks to queue
[2025-11-18T07:03:37.038+0000] {logging_mixin.py:188} INFO - [2025-11-18T07:03:37.037+0000] {dagbag.py:538} INFO - Filling up the DagBag from /opt/airflow/dags/failed_lineage_dag.py
[2025-11-18T07:03:37.650+0000] {processor.py:840} INFO - DAG(s) 'failed_lineage_dag' retrieved from /opt/airflow/dags/failed_lineage_dag.py
[2025-11-18T07:03:37.771+0000] {logging_mixin.py:188} INFO - [2025-11-18T07:03:37.770+0000] {dag.py:3036} INFO - Sync 1 DAGs
[2025-11-18T07:03:37.822+0000] {logging_mixin.py:188} INFO - [2025-11-18T07:03:37.822+0000] {dag.py:3823} INFO - Setting next_dagrun for failed_lineage_dag to None, run_after=None
[2025-11-18T07:03:37.897+0000] {processor.py:183} INFO - Processing /opt/airflow/dags/failed_lineage_dag.py took 1.006 seconds
[2025-11-18T07:04:09.193+0000] {processor.py:161} INFO - Started process (PID=15258) to work on /opt/airflow/dags/failed_lineage_dag.py
[2025-11-18T07:04:09.199+0000] {processor.py:830} INFO - Processing file /opt/airflow/dags/failed_lineage_dag.py for tasks to queue
[2025-11-18T07:04:09.203+0000] {logging_mixin.py:188} INFO - [2025-11-18T07:04:09.203+0000] {dagbag.py:538} INFO - Filling up the DagBag from /opt/airflow/dags/failed_lineage_dag.py
[2025-11-18T07:04:10.072+0000] {processor.py:840} INFO - DAG(s) 'failed_lineage_dag' retrieved from /opt/airflow/dags/failed_lineage_dag.py
[2025-11-18T07:04:10.175+0000] {logging_mixin.py:188} INFO - [2025-11-18T07:04:10.175+0000] {dag.py:3036} INFO - Sync 1 DAGs
[2025-11-18T07:04:10.222+0000] {logging_mixin.py:188} INFO - [2025-11-18T07:04:10.222+0000] {dag.py:3823} INFO - Setting next_dagrun for failed_lineage_dag to None, run_after=None
[2025-11-18T07:04:10.294+0000] {processor.py:183} INFO - Processing /opt/airflow/dags/failed_lineage_dag.py took 1.106 seconds
[2025-11-18T07:04:42.273+0000] {processor.py:161} INFO - Started process (PID=15285) to work on /opt/airflow/dags/failed_lineage_dag.py
[2025-11-18T07:04:42.279+0000] {processor.py:830} INFO - Processing file /opt/airflow/dags/failed_lineage_dag.py for tasks to queue
[2025-11-18T07:04:42.291+0000] {logging_mixin.py:188} INFO - [2025-11-18T07:04:42.290+0000] {dagbag.py:538} INFO - Filling up the DagBag from /opt/airflow/dags/failed_lineage_dag.py
[2025-11-18T07:04:42.719+0000] {processor.py:840} INFO - DAG(s) 'failed_lineage_dag' retrieved from /opt/airflow/dags/failed_lineage_dag.py
[2025-11-18T07:04:43.592+0000] {logging_mixin.py:188} INFO - [2025-11-18T07:04:43.592+0000] {dag.py:3036} INFO - Sync 1 DAGs
[2025-11-18T07:04:43.920+0000] {logging_mixin.py:188} INFO - [2025-11-18T07:04:43.920+0000] {dag.py:3823} INFO - Setting next_dagrun for failed_lineage_dag to None, run_after=None
[2025-11-18T07:04:44.309+0000] {processor.py:183} INFO - Processing /opt/airflow/dags/failed_lineage_dag.py took 2.042 seconds
[2025-11-18T07:05:15.353+0000] {processor.py:161} INFO - Started process (PID=15310) to work on /opt/airflow/dags/failed_lineage_dag.py
[2025-11-18T07:05:15.365+0000] {processor.py:830} INFO - Processing file /opt/airflow/dags/failed_lineage_dag.py for tasks to queue
[2025-11-18T07:05:15.367+0000] {logging_mixin.py:188} INFO - [2025-11-18T07:05:15.367+0000] {dagbag.py:538} INFO - Filling up the DagBag from /opt/airflow/dags/failed_lineage_dag.py
[2025-11-18T07:05:15.533+0000] {processor.py:840} INFO - DAG(s) 'failed_lineage_dag' retrieved from /opt/airflow/dags/failed_lineage_dag.py
[2025-11-18T07:05:15.662+0000] {logging_mixin.py:188} INFO - [2025-11-18T07:05:15.662+0000] {dag.py:3036} INFO - Sync 1 DAGs
[2025-11-18T07:05:15.818+0000] {logging_mixin.py:188} INFO - [2025-11-18T07:05:15.818+0000] {dag.py:3823} INFO - Setting next_dagrun for failed_lineage_dag to None, run_after=None
[2025-11-18T07:05:16.061+0000] {processor.py:183} INFO - Processing /opt/airflow/dags/failed_lineage_dag.py took 0.720 seconds
[2025-11-18T07:05:46.453+0000] {processor.py:161} INFO - Started process (PID=15335) to work on /opt/airflow/dags/failed_lineage_dag.py
[2025-11-18T07:05:46.460+0000] {processor.py:830} INFO - Processing file /opt/airflow/dags/failed_lineage_dag.py for tasks to queue
[2025-11-18T07:05:46.462+0000] {logging_mixin.py:188} INFO - [2025-11-18T07:05:46.462+0000] {dagbag.py:538} INFO - Filling up the DagBag from /opt/airflow/dags/failed_lineage_dag.py
[2025-11-18T07:05:46.491+0000] {processor.py:840} INFO - DAG(s) 'failed_lineage_dag' retrieved from /opt/airflow/dags/failed_lineage_dag.py
[2025-11-18T07:05:46.551+0000] {logging_mixin.py:188} INFO - [2025-11-18T07:05:46.551+0000] {dag.py:3036} INFO - Sync 1 DAGs
[2025-11-18T07:05:46.580+0000] {logging_mixin.py:188} INFO - [2025-11-18T07:05:46.579+0000] {dag.py:3823} INFO - Setting next_dagrun for failed_lineage_dag to None, run_after=None
[2025-11-18T07:05:46.614+0000] {processor.py:183} INFO - Processing /opt/airflow/dags/failed_lineage_dag.py took 0.170 seconds
[2025-11-18T07:06:17.193+0000] {processor.py:161} INFO - Started process (PID=15360) to work on /opt/airflow/dags/failed_lineage_dag.py
[2025-11-18T07:06:17.195+0000] {processor.py:830} INFO - Processing file /opt/airflow/dags/failed_lineage_dag.py for tasks to queue
[2025-11-18T07:06:17.199+0000] {logging_mixin.py:188} INFO - [2025-11-18T07:06:17.198+0000] {dagbag.py:538} INFO - Filling up the DagBag from /opt/airflow/dags/failed_lineage_dag.py
[2025-11-18T07:06:17.237+0000] {processor.py:840} INFO - DAG(s) 'failed_lineage_dag' retrieved from /opt/airflow/dags/failed_lineage_dag.py
[2025-11-18T07:06:17.330+0000] {logging_mixin.py:188} INFO - [2025-11-18T07:06:17.329+0000] {dag.py:3036} INFO - Sync 1 DAGs
[2025-11-18T07:06:17.369+0000] {logging_mixin.py:188} INFO - [2025-11-18T07:06:17.369+0000] {dag.py:3823} INFO - Setting next_dagrun for failed_lineage_dag to None, run_after=None
[2025-11-18T07:06:17.416+0000] {processor.py:183} INFO - Processing /opt/airflow/dags/failed_lineage_dag.py took 0.229 seconds
[2025-11-18T07:06:48.400+0000] {processor.py:161} INFO - Started process (PID=15385) to work on /opt/airflow/dags/failed_lineage_dag.py
[2025-11-18T07:06:48.402+0000] {processor.py:830} INFO - Processing file /opt/airflow/dags/failed_lineage_dag.py for tasks to queue
[2025-11-18T07:06:48.416+0000] {logging_mixin.py:188} INFO - [2025-11-18T07:06:48.416+0000] {dagbag.py:538} INFO - Filling up the DagBag from /opt/airflow/dags/failed_lineage_dag.py
[2025-11-18T07:06:48.525+0000] {processor.py:840} INFO - DAG(s) 'failed_lineage_dag' retrieved from /opt/airflow/dags/failed_lineage_dag.py
[2025-11-18T07:06:48.610+0000] {logging_mixin.py:188} INFO - [2025-11-18T07:06:48.610+0000] {dag.py:3036} INFO - Sync 1 DAGs
[2025-11-18T07:06:48.673+0000] {logging_mixin.py:188} INFO - [2025-11-18T07:06:48.673+0000] {dag.py:3823} INFO - Setting next_dagrun for failed_lineage_dag to None, run_after=None
[2025-11-18T07:06:48.957+0000] {processor.py:183} INFO - Processing /opt/airflow/dags/failed_lineage_dag.py took 0.566 seconds
[2025-11-18T07:07:19.930+0000] {processor.py:161} INFO - Started process (PID=15410) to work on /opt/airflow/dags/failed_lineage_dag.py
[2025-11-18T07:07:19.933+0000] {processor.py:830} INFO - Processing file /opt/airflow/dags/failed_lineage_dag.py for tasks to queue
[2025-11-18T07:07:19.950+0000] {logging_mixin.py:188} INFO - [2025-11-18T07:07:19.949+0000] {dagbag.py:538} INFO - Filling up the DagBag from /opt/airflow/dags/failed_lineage_dag.py
[2025-11-18T07:07:20.106+0000] {processor.py:840} INFO - DAG(s) 'failed_lineage_dag' retrieved from /opt/airflow/dags/failed_lineage_dag.py
[2025-11-18T07:07:20.251+0000] {logging_mixin.py:188} INFO - [2025-11-18T07:07:20.251+0000] {dag.py:3036} INFO - Sync 1 DAGs
[2025-11-18T07:07:20.316+0000] {logging_mixin.py:188} INFO - [2025-11-18T07:07:20.316+0000] {dag.py:3823} INFO - Setting next_dagrun for failed_lineage_dag to None, run_after=None
[2025-11-18T07:07:20.503+0000] {processor.py:183} INFO - Processing /opt/airflow/dags/failed_lineage_dag.py took 0.578 seconds
[2025-11-18T07:07:50.999+0000] {processor.py:161} INFO - Started process (PID=15435) to work on /opt/airflow/dags/failed_lineage_dag.py
[2025-11-18T07:07:51.003+0000] {processor.py:830} INFO - Processing file /opt/airflow/dags/failed_lineage_dag.py for tasks to queue
[2025-11-18T07:07:51.006+0000] {logging_mixin.py:188} INFO - [2025-11-18T07:07:51.005+0000] {dagbag.py:538} INFO - Filling up the DagBag from /opt/airflow/dags/failed_lineage_dag.py
[2025-11-18T07:07:51.230+0000] {processor.py:840} INFO - DAG(s) 'failed_lineage_dag' retrieved from /opt/airflow/dags/failed_lineage_dag.py
[2025-11-18T07:07:51.363+0000] {logging_mixin.py:188} INFO - [2025-11-18T07:07:51.362+0000] {dag.py:3036} INFO - Sync 1 DAGs
[2025-11-18T07:07:51.423+0000] {logging_mixin.py:188} INFO - [2025-11-18T07:07:51.419+0000] {dag.py:3823} INFO - Setting next_dagrun for failed_lineage_dag to None, run_after=None
[2025-11-18T07:07:51.553+0000] {processor.py:183} INFO - Processing /opt/airflow/dags/failed_lineage_dag.py took 0.561 seconds
[2025-11-18T07:08:22.376+0000] {processor.py:161} INFO - Started process (PID=15460) to work on /opt/airflow/dags/failed_lineage_dag.py
[2025-11-18T07:08:22.384+0000] {processor.py:830} INFO - Processing file /opt/airflow/dags/failed_lineage_dag.py for tasks to queue
[2025-11-18T07:08:22.386+0000] {logging_mixin.py:188} INFO - [2025-11-18T07:08:22.385+0000] {dagbag.py:538} INFO - Filling up the DagBag from /opt/airflow/dags/failed_lineage_dag.py
[2025-11-18T07:08:23.433+0000] {processor.py:840} INFO - DAG(s) 'failed_lineage_dag' retrieved from /opt/airflow/dags/failed_lineage_dag.py
[2025-11-18T07:08:23.479+0000] {logging_mixin.py:188} INFO - [2025-11-18T07:08:23.476+0000] {dag.py:3036} INFO - Sync 1 DAGs
[2025-11-18T07:08:23.491+0000] {logging_mixin.py:188} INFO - [2025-11-18T07:08:23.491+0000] {dag.py:3823} INFO - Setting next_dagrun for failed_lineage_dag to None, run_after=None
[2025-11-18T07:08:23.530+0000] {processor.py:183} INFO - Processing /opt/airflow/dags/failed_lineage_dag.py took 1.158 seconds
[2025-11-18T07:08:54.460+0000] {processor.py:161} INFO - Started process (PID=15490) to work on /opt/airflow/dags/failed_lineage_dag.py
[2025-11-18T07:08:54.462+0000] {processor.py:830} INFO - Processing file /opt/airflow/dags/failed_lineage_dag.py for tasks to queue
[2025-11-18T07:08:54.463+0000] {logging_mixin.py:188} INFO - [2025-11-18T07:08:54.463+0000] {dagbag.py:538} INFO - Filling up the DagBag from /opt/airflow/dags/failed_lineage_dag.py
[2025-11-18T07:08:54.483+0000] {processor.py:840} INFO - DAG(s) 'failed_lineage_dag' retrieved from /opt/airflow/dags/failed_lineage_dag.py
[2025-11-18T07:08:54.517+0000] {logging_mixin.py:188} INFO - [2025-11-18T07:08:54.517+0000] {dag.py:3036} INFO - Sync 1 DAGs
[2025-11-18T07:08:54.529+0000] {logging_mixin.py:188} INFO - [2025-11-18T07:08:54.528+0000] {dag.py:3823} INFO - Setting next_dagrun for failed_lineage_dag to None, run_after=None
[2025-11-18T07:08:54.551+0000] {processor.py:183} INFO - Processing /opt/airflow/dags/failed_lineage_dag.py took 0.095 seconds
[2025-11-18T07:09:25.205+0000] {processor.py:161} INFO - Started process (PID=15515) to work on /opt/airflow/dags/failed_lineage_dag.py
[2025-11-18T07:09:25.208+0000] {processor.py:830} INFO - Processing file /opt/airflow/dags/failed_lineage_dag.py for tasks to queue
[2025-11-18T07:09:25.210+0000] {logging_mixin.py:188} INFO - [2025-11-18T07:09:25.209+0000] {dagbag.py:538} INFO - Filling up the DagBag from /opt/airflow/dags/failed_lineage_dag.py
[2025-11-18T07:09:25.258+0000] {processor.py:840} INFO - DAG(s) 'failed_lineage_dag' retrieved from /opt/airflow/dags/failed_lineage_dag.py
[2025-11-18T07:09:25.317+0000] {logging_mixin.py:188} INFO - [2025-11-18T07:09:25.317+0000] {dag.py:3036} INFO - Sync 1 DAGs
[2025-11-18T07:09:25.339+0000] {logging_mixin.py:188} INFO - [2025-11-18T07:09:25.339+0000] {dag.py:3823} INFO - Setting next_dagrun for failed_lineage_dag to None, run_after=None
[2025-11-18T07:09:25.397+0000] {processor.py:183} INFO - Processing /opt/airflow/dags/failed_lineage_dag.py took 0.198 seconds
[2025-11-18T07:09:55.910+0000] {processor.py:161} INFO - Started process (PID=15540) to work on /opt/airflow/dags/failed_lineage_dag.py
[2025-11-18T07:09:55.913+0000] {processor.py:830} INFO - Processing file /opt/airflow/dags/failed_lineage_dag.py for tasks to queue
[2025-11-18T07:09:55.924+0000] {logging_mixin.py:188} INFO - [2025-11-18T07:09:55.923+0000] {dagbag.py:538} INFO - Filling up the DagBag from /opt/airflow/dags/failed_lineage_dag.py
[2025-11-18T07:09:55.962+0000] {processor.py:840} INFO - DAG(s) 'failed_lineage_dag' retrieved from /opt/airflow/dags/failed_lineage_dag.py
[2025-11-18T07:09:56.031+0000] {logging_mixin.py:188} INFO - [2025-11-18T07:09:56.030+0000] {dag.py:3036} INFO - Sync 1 DAGs
[2025-11-18T07:09:56.064+0000] {logging_mixin.py:188} INFO - [2025-11-18T07:09:56.064+0000] {dag.py:3823} INFO - Setting next_dagrun for failed_lineage_dag to None, run_after=None
[2025-11-18T07:09:56.119+0000] {processor.py:183} INFO - Processing /opt/airflow/dags/failed_lineage_dag.py took 0.216 seconds
[2025-11-18T07:10:26.260+0000] {processor.py:161} INFO - Started process (PID=15565) to work on /opt/airflow/dags/failed_lineage_dag.py
[2025-11-18T07:10:26.269+0000] {processor.py:830} INFO - Processing file /opt/airflow/dags/failed_lineage_dag.py for tasks to queue
[2025-11-18T07:10:26.276+0000] {logging_mixin.py:188} INFO - [2025-11-18T07:10:26.275+0000] {dagbag.py:538} INFO - Filling up the DagBag from /opt/airflow/dags/failed_lineage_dag.py
[2025-11-18T07:10:26.362+0000] {processor.py:840} INFO - DAG(s) 'failed_lineage_dag' retrieved from /opt/airflow/dags/failed_lineage_dag.py
[2025-11-18T07:10:26.415+0000] {logging_mixin.py:188} INFO - [2025-11-18T07:10:26.415+0000] {dag.py:3036} INFO - Sync 1 DAGs
[2025-11-18T07:10:26.441+0000] {logging_mixin.py:188} INFO - [2025-11-18T07:10:26.440+0000] {dag.py:3823} INFO - Setting next_dagrun for failed_lineage_dag to None, run_after=None
[2025-11-18T07:10:26.498+0000] {processor.py:183} INFO - Processing /opt/airflow/dags/failed_lineage_dag.py took 0.244 seconds
[2025-11-18T07:10:59.466+0000] {processor.py:161} INFO - Started process (PID=15585) to work on /opt/airflow/dags/failed_lineage_dag.py
[2025-11-18T07:10:59.480+0000] {processor.py:830} INFO - Processing file /opt/airflow/dags/failed_lineage_dag.py for tasks to queue
[2025-11-18T07:10:59.483+0000] {logging_mixin.py:188} INFO - [2025-11-18T07:10:59.482+0000] {dagbag.py:538} INFO - Filling up the DagBag from /opt/airflow/dags/failed_lineage_dag.py
[2025-11-18T07:10:59.558+0000] {processor.py:840} INFO - DAG(s) 'failed_lineage_dag' retrieved from /opt/airflow/dags/failed_lineage_dag.py
[2025-11-18T07:10:59.637+0000] {logging_mixin.py:188} INFO - [2025-11-18T07:10:59.637+0000] {dag.py:3036} INFO - Sync 1 DAGs
[2025-11-18T07:10:59.685+0000] {logging_mixin.py:188} INFO - [2025-11-18T07:10:59.684+0000] {dag.py:3823} INFO - Setting next_dagrun for failed_lineage_dag to None, run_after=None
[2025-11-18T07:10:59.793+0000] {processor.py:183} INFO - Processing /opt/airflow/dags/failed_lineage_dag.py took 0.333 seconds
[2025-11-18T07:11:30.257+0000] {processor.py:161} INFO - Started process (PID=15610) to work on /opt/airflow/dags/failed_lineage_dag.py
[2025-11-18T07:11:30.260+0000] {processor.py:830} INFO - Processing file /opt/airflow/dags/failed_lineage_dag.py for tasks to queue
[2025-11-18T07:11:30.267+0000] {logging_mixin.py:188} INFO - [2025-11-18T07:11:30.267+0000] {dagbag.py:538} INFO - Filling up the DagBag from /opt/airflow/dags/failed_lineage_dag.py
[2025-11-18T07:11:30.316+0000] {processor.py:840} INFO - DAG(s) 'failed_lineage_dag' retrieved from /opt/airflow/dags/failed_lineage_dag.py
[2025-11-18T07:11:30.438+0000] {logging_mixin.py:188} INFO - [2025-11-18T07:11:30.438+0000] {dag.py:3036} INFO - Sync 1 DAGs
[2025-11-18T07:11:30.522+0000] {logging_mixin.py:188} INFO - [2025-11-18T07:11:30.522+0000] {dag.py:3823} INFO - Setting next_dagrun for failed_lineage_dag to None, run_after=None
[2025-11-18T07:11:30.620+0000] {processor.py:183} INFO - Processing /opt/airflow/dags/failed_lineage_dag.py took 0.369 seconds
[2025-11-18T07:12:01.345+0000] {processor.py:161} INFO - Started process (PID=15635) to work on /opt/airflow/dags/failed_lineage_dag.py
[2025-11-18T07:12:01.347+0000] {processor.py:830} INFO - Processing file /opt/airflow/dags/failed_lineage_dag.py for tasks to queue
[2025-11-18T07:12:01.348+0000] {logging_mixin.py:188} INFO - [2025-11-18T07:12:01.348+0000] {dagbag.py:538} INFO - Filling up the DagBag from /opt/airflow/dags/failed_lineage_dag.py
[2025-11-18T07:12:01.392+0000] {processor.py:840} INFO - DAG(s) 'failed_lineage_dag' retrieved from /opt/airflow/dags/failed_lineage_dag.py
[2025-11-18T07:12:01.435+0000] {logging_mixin.py:188} INFO - [2025-11-18T07:12:01.434+0000] {dag.py:3036} INFO - Sync 1 DAGs
[2025-11-18T07:12:01.460+0000] {logging_mixin.py:188} INFO - [2025-11-18T07:12:01.459+0000] {dag.py:3823} INFO - Setting next_dagrun for failed_lineage_dag to None, run_after=None
[2025-11-18T07:12:01.495+0000] {processor.py:183} INFO - Processing /opt/airflow/dags/failed_lineage_dag.py took 0.167 seconds
[2025-11-18T07:12:32.239+0000] {processor.py:161} INFO - Started process (PID=15660) to work on /opt/airflow/dags/failed_lineage_dag.py
[2025-11-18T07:12:32.243+0000] {processor.py:830} INFO - Processing file /opt/airflow/dags/failed_lineage_dag.py for tasks to queue
[2025-11-18T07:12:32.246+0000] {logging_mixin.py:188} INFO - [2025-11-18T07:12:32.245+0000] {dagbag.py:538} INFO - Filling up the DagBag from /opt/airflow/dags/failed_lineage_dag.py
[2025-11-18T07:12:32.279+0000] {processor.py:840} INFO - DAG(s) 'failed_lineage_dag' retrieved from /opt/airflow/dags/failed_lineage_dag.py
[2025-11-18T07:12:32.336+0000] {logging_mixin.py:188} INFO - [2025-11-18T07:12:32.336+0000] {dag.py:3036} INFO - Sync 1 DAGs
[2025-11-18T07:12:32.372+0000] {logging_mixin.py:188} INFO - [2025-11-18T07:12:32.372+0000] {dag.py:3823} INFO - Setting next_dagrun for failed_lineage_dag to None, run_after=None
[2025-11-18T07:12:32.411+0000] {processor.py:183} INFO - Processing /opt/airflow/dags/failed_lineage_dag.py took 0.178 seconds
[2025-11-18T07:13:02.594+0000] {processor.py:161} INFO - Started process (PID=15685) to work on /opt/airflow/dags/failed_lineage_dag.py
[2025-11-18T07:13:02.600+0000] {processor.py:830} INFO - Processing file /opt/airflow/dags/failed_lineage_dag.py for tasks to queue
[2025-11-18T07:13:02.603+0000] {logging_mixin.py:188} INFO - [2025-11-18T07:13:02.602+0000] {dagbag.py:538} INFO - Filling up the DagBag from /opt/airflow/dags/failed_lineage_dag.py
[2025-11-18T07:13:02.660+0000] {processor.py:840} INFO - DAG(s) 'failed_lineage_dag' retrieved from /opt/airflow/dags/failed_lineage_dag.py
[2025-11-18T07:13:02.709+0000] {logging_mixin.py:188} INFO - [2025-11-18T07:13:02.708+0000] {dag.py:3036} INFO - Sync 1 DAGs
[2025-11-18T07:13:02.737+0000] {logging_mixin.py:188} INFO - [2025-11-18T07:13:02.737+0000] {dag.py:3823} INFO - Setting next_dagrun for failed_lineage_dag to None, run_after=None
[2025-11-18T07:13:02.766+0000] {processor.py:183} INFO - Processing /opt/airflow/dags/failed_lineage_dag.py took 0.176 seconds
[2025-11-18T07:13:32.910+0000] {processor.py:161} INFO - Started process (PID=15710) to work on /opt/airflow/dags/failed_lineage_dag.py
[2025-11-18T07:13:32.912+0000] {processor.py:830} INFO - Processing file /opt/airflow/dags/failed_lineage_dag.py for tasks to queue
[2025-11-18T07:13:32.915+0000] {logging_mixin.py:188} INFO - [2025-11-18T07:13:32.913+0000] {dagbag.py:538} INFO - Filling up the DagBag from /opt/airflow/dags/failed_lineage_dag.py
[2025-11-18T07:13:32.990+0000] {processor.py:840} INFO - DAG(s) 'failed_lineage_dag' retrieved from /opt/airflow/dags/failed_lineage_dag.py
[2025-11-18T07:13:33.100+0000] {logging_mixin.py:188} INFO - [2025-11-18T07:13:33.100+0000] {dag.py:3036} INFO - Sync 1 DAGs
[2025-11-18T07:13:33.132+0000] {logging_mixin.py:188} INFO - [2025-11-18T07:13:33.132+0000] {dag.py:3823} INFO - Setting next_dagrun for failed_lineage_dag to None, run_after=None
[2025-11-18T07:13:33.224+0000] {processor.py:183} INFO - Processing /opt/airflow/dags/failed_lineage_dag.py took 0.319 seconds
[2025-11-18T07:14:08.976+0000] {processor.py:161} INFO - Started process (PID=15735) to work on /opt/airflow/dags/failed_lineage_dag.py
[2025-11-18T07:14:09.035+0000] {processor.py:830} INFO - Processing file /opt/airflow/dags/failed_lineage_dag.py for tasks to queue
[2025-11-18T07:14:09.054+0000] {logging_mixin.py:188} INFO - [2025-11-18T07:14:09.053+0000] {dagbag.py:538} INFO - Filling up the DagBag from /opt/airflow/dags/failed_lineage_dag.py
[2025-11-18T07:14:10.216+0000] {processor.py:840} INFO - DAG(s) 'failed_lineage_dag' retrieved from /opt/airflow/dags/failed_lineage_dag.py
[2025-11-18T07:14:10.326+0000] {logging_mixin.py:188} INFO - [2025-11-18T07:14:10.325+0000] {dag.py:3036} INFO - Sync 1 DAGs
[2025-11-18T07:14:10.375+0000] {logging_mixin.py:188} INFO - [2025-11-18T07:14:10.374+0000] {dag.py:3823} INFO - Setting next_dagrun for failed_lineage_dag to None, run_after=None
[2025-11-18T07:14:10.512+0000] {processor.py:183} INFO - Processing /opt/airflow/dags/failed_lineage_dag.py took 1.542 seconds
[2025-11-18T07:14:41.717+0000] {processor.py:161} INFO - Started process (PID=15760) to work on /opt/airflow/dags/failed_lineage_dag.py
[2025-11-18T07:14:41.724+0000] {processor.py:830} INFO - Processing file /opt/airflow/dags/failed_lineage_dag.py for tasks to queue
[2025-11-18T07:14:41.726+0000] {logging_mixin.py:188} INFO - [2025-11-18T07:14:41.726+0000] {dagbag.py:538} INFO - Filling up the DagBag from /opt/airflow/dags/failed_lineage_dag.py
[2025-11-18T07:14:41.764+0000] {processor.py:840} INFO - DAG(s) 'failed_lineage_dag' retrieved from /opt/airflow/dags/failed_lineage_dag.py
[2025-11-18T07:14:41.841+0000] {logging_mixin.py:188} INFO - [2025-11-18T07:14:41.840+0000] {dag.py:3036} INFO - Sync 1 DAGs
[2025-11-18T07:14:41.890+0000] {logging_mixin.py:188} INFO - [2025-11-18T07:14:41.889+0000] {dag.py:3823} INFO - Setting next_dagrun for failed_lineage_dag to None, run_after=None
[2025-11-18T07:14:42.036+0000] {processor.py:183} INFO - Processing /opt/airflow/dags/failed_lineage_dag.py took 0.324 seconds
[2025-11-18T07:15:12.363+0000] {processor.py:161} INFO - Started process (PID=15785) to work on /opt/airflow/dags/failed_lineage_dag.py
[2025-11-18T07:15:12.367+0000] {processor.py:830} INFO - Processing file /opt/airflow/dags/failed_lineage_dag.py for tasks to queue
[2025-11-18T07:15:12.368+0000] {logging_mixin.py:188} INFO - [2025-11-18T07:15:12.368+0000] {dagbag.py:538} INFO - Filling up the DagBag from /opt/airflow/dags/failed_lineage_dag.py
[2025-11-18T07:15:12.403+0000] {processor.py:840} INFO - DAG(s) 'failed_lineage_dag' retrieved from /opt/airflow/dags/failed_lineage_dag.py
[2025-11-18T07:15:12.472+0000] {logging_mixin.py:188} INFO - [2025-11-18T07:15:12.471+0000] {dag.py:3036} INFO - Sync 1 DAGs
[2025-11-18T07:15:12.496+0000] {logging_mixin.py:188} INFO - [2025-11-18T07:15:12.496+0000] {dag.py:3823} INFO - Setting next_dagrun for failed_lineage_dag to None, run_after=None
[2025-11-18T07:15:12.544+0000] {processor.py:183} INFO - Processing /opt/airflow/dags/failed_lineage_dag.py took 0.184 seconds
[2025-11-18T07:15:42.697+0000] {processor.py:161} INFO - Started process (PID=15810) to work on /opt/airflow/dags/failed_lineage_dag.py
[2025-11-18T07:15:42.699+0000] {processor.py:830} INFO - Processing file /opt/airflow/dags/failed_lineage_dag.py for tasks to queue
[2025-11-18T07:15:42.701+0000] {logging_mixin.py:188} INFO - [2025-11-18T07:15:42.700+0000] {dagbag.py:538} INFO - Filling up the DagBag from /opt/airflow/dags/failed_lineage_dag.py
[2025-11-18T07:15:42.727+0000] {processor.py:840} INFO - DAG(s) 'failed_lineage_dag' retrieved from /opt/airflow/dags/failed_lineage_dag.py
[2025-11-18T07:15:42.769+0000] {logging_mixin.py:188} INFO - [2025-11-18T07:15:42.768+0000] {dag.py:3036} INFO - Sync 1 DAGs
[2025-11-18T07:15:42.783+0000] {logging_mixin.py:188} INFO - [2025-11-18T07:15:42.783+0000] {dag.py:3823} INFO - Setting next_dagrun for failed_lineage_dag to None, run_after=None
[2025-11-18T07:15:42.807+0000] {processor.py:183} INFO - Processing /opt/airflow/dags/failed_lineage_dag.py took 0.116 seconds
[2025-11-18T07:16:13.340+0000] {processor.py:161} INFO - Started process (PID=15835) to work on /opt/airflow/dags/failed_lineage_dag.py
[2025-11-18T07:16:13.342+0000] {processor.py:830} INFO - Processing file /opt/airflow/dags/failed_lineage_dag.py for tasks to queue
[2025-11-18T07:16:13.344+0000] {logging_mixin.py:188} INFO - [2025-11-18T07:16:13.343+0000] {dagbag.py:538} INFO - Filling up the DagBag from /opt/airflow/dags/failed_lineage_dag.py
[2025-11-18T07:16:13.475+0000] {processor.py:840} INFO - DAG(s) 'failed_lineage_dag' retrieved from /opt/airflow/dags/failed_lineage_dag.py
[2025-11-18T07:16:13.568+0000] {logging_mixin.py:188} INFO - [2025-11-18T07:16:13.568+0000] {dag.py:3036} INFO - Sync 1 DAGs
[2025-11-18T07:16:13.605+0000] {logging_mixin.py:188} INFO - [2025-11-18T07:16:13.605+0000] {dag.py:3823} INFO - Setting next_dagrun for failed_lineage_dag to None, run_after=None
[2025-11-18T07:16:13.710+0000] {processor.py:183} INFO - Processing /opt/airflow/dags/failed_lineage_dag.py took 0.381 seconds
[2025-11-18T07:16:44.808+0000] {processor.py:161} INFO - Started process (PID=15860) to work on /opt/airflow/dags/failed_lineage_dag.py
[2025-11-18T07:16:44.819+0000] {processor.py:830} INFO - Processing file /opt/airflow/dags/failed_lineage_dag.py for tasks to queue
[2025-11-18T07:16:44.825+0000] {logging_mixin.py:188} INFO - [2025-11-18T07:16:44.824+0000] {dagbag.py:538} INFO - Filling up the DagBag from /opt/airflow/dags/failed_lineage_dag.py
[2025-11-18T07:16:44.860+0000] {processor.py:840} INFO - DAG(s) 'failed_lineage_dag' retrieved from /opt/airflow/dags/failed_lineage_dag.py
[2025-11-18T07:16:44.914+0000] {logging_mixin.py:188} INFO - [2025-11-18T07:16:44.913+0000] {dag.py:3036} INFO - Sync 1 DAGs
[2025-11-18T07:16:44.933+0000] {logging_mixin.py:188} INFO - [2025-11-18T07:16:44.933+0000] {dag.py:3823} INFO - Setting next_dagrun for failed_lineage_dag to None, run_after=None
[2025-11-18T07:16:44.962+0000] {processor.py:183} INFO - Processing /opt/airflow/dags/failed_lineage_dag.py took 0.160 seconds
[2025-11-18T07:17:21.699+0000] {processor.py:161} INFO - Started process (PID=15885) to work on /opt/airflow/dags/failed_lineage_dag.py
[2025-11-18T07:17:21.711+0000] {processor.py:830} INFO - Processing file /opt/airflow/dags/failed_lineage_dag.py for tasks to queue
[2025-11-18T07:17:21.731+0000] {logging_mixin.py:188} INFO - [2025-11-18T07:17:21.731+0000] {dagbag.py:538} INFO - Filling up the DagBag from /opt/airflow/dags/failed_lineage_dag.py
[2025-11-18T07:17:22.123+0000] {processor.py:840} INFO - DAG(s) 'failed_lineage_dag' retrieved from /opt/airflow/dags/failed_lineage_dag.py
[2025-11-18T07:17:22.250+0000] {logging_mixin.py:188} INFO - [2025-11-18T07:17:22.250+0000] {dag.py:3036} INFO - Sync 1 DAGs
[2025-11-18T07:17:22.293+0000] {logging_mixin.py:188} INFO - [2025-11-18T07:17:22.292+0000] {dag.py:3823} INFO - Setting next_dagrun for failed_lineage_dag to None, run_after=None
[2025-11-18T07:17:22.375+0000] {processor.py:183} INFO - Processing /opt/airflow/dags/failed_lineage_dag.py took 0.696 seconds
[2025-11-18T07:17:52.832+0000] {processor.py:161} INFO - Started process (PID=15910) to work on /opt/airflow/dags/failed_lineage_dag.py
[2025-11-18T07:17:52.893+0000] {processor.py:830} INFO - Processing file /opt/airflow/dags/failed_lineage_dag.py for tasks to queue
[2025-11-18T07:17:52.901+0000] {logging_mixin.py:188} INFO - [2025-11-18T07:17:52.900+0000] {dagbag.py:538} INFO - Filling up the DagBag from /opt/airflow/dags/failed_lineage_dag.py
[2025-11-18T07:17:52.989+0000] {processor.py:840} INFO - DAG(s) 'failed_lineage_dag' retrieved from /opt/airflow/dags/failed_lineage_dag.py
[2025-11-18T07:17:53.108+0000] {logging_mixin.py:188} INFO - [2025-11-18T07:17:53.108+0000] {dag.py:3036} INFO - Sync 1 DAGs
[2025-11-18T07:17:53.338+0000] {logging_mixin.py:188} INFO - [2025-11-18T07:17:53.338+0000] {dag.py:3823} INFO - Setting next_dagrun for failed_lineage_dag to None, run_after=None
[2025-11-18T07:17:53.402+0000] {processor.py:183} INFO - Processing /opt/airflow/dags/failed_lineage_dag.py took 0.583 seconds
[2025-11-18T07:18:23.658+0000] {processor.py:161} INFO - Started process (PID=15935) to work on /opt/airflow/dags/failed_lineage_dag.py
[2025-11-18T07:18:23.660+0000] {processor.py:830} INFO - Processing file /opt/airflow/dags/failed_lineage_dag.py for tasks to queue
[2025-11-18T07:18:23.662+0000] {logging_mixin.py:188} INFO - [2025-11-18T07:18:23.661+0000] {dagbag.py:538} INFO - Filling up the DagBag from /opt/airflow/dags/failed_lineage_dag.py
[2025-11-18T07:18:23.685+0000] {processor.py:840} INFO - DAG(s) 'failed_lineage_dag' retrieved from /opt/airflow/dags/failed_lineage_dag.py
[2025-11-18T07:18:23.737+0000] {logging_mixin.py:188} INFO - [2025-11-18T07:18:23.737+0000] {dag.py:3036} INFO - Sync 1 DAGs
[2025-11-18T07:18:23.918+0000] {logging_mixin.py:188} INFO - [2025-11-18T07:18:23.917+0000] {dag.py:3823} INFO - Setting next_dagrun for failed_lineage_dag to None, run_after=None
[2025-11-18T07:18:23.999+0000] {processor.py:183} INFO - Processing /opt/airflow/dags/failed_lineage_dag.py took 0.346 seconds
[2025-11-18T07:18:54.250+0000] {processor.py:161} INFO - Started process (PID=15960) to work on /opt/airflow/dags/failed_lineage_dag.py
[2025-11-18T07:18:54.290+0000] {processor.py:830} INFO - Processing file /opt/airflow/dags/failed_lineage_dag.py for tasks to queue
[2025-11-18T07:18:54.295+0000] {logging_mixin.py:188} INFO - [2025-11-18T07:18:54.294+0000] {dagbag.py:538} INFO - Filling up the DagBag from /opt/airflow/dags/failed_lineage_dag.py
[2025-11-18T07:18:54.345+0000] {processor.py:840} INFO - DAG(s) 'failed_lineage_dag' retrieved from /opt/airflow/dags/failed_lineage_dag.py
[2025-11-18T07:18:54.433+0000] {logging_mixin.py:188} INFO - [2025-11-18T07:18:54.433+0000] {dag.py:3036} INFO - Sync 1 DAGs
[2025-11-18T07:18:54.483+0000] {logging_mixin.py:188} INFO - [2025-11-18T07:18:54.483+0000] {dag.py:3823} INFO - Setting next_dagrun for failed_lineage_dag to None, run_after=None
[2025-11-18T07:18:54.572+0000] {processor.py:183} INFO - Processing /opt/airflow/dags/failed_lineage_dag.py took 0.338 seconds
[2025-11-18T07:19:24.666+0000] {processor.py:161} INFO - Started process (PID=15983) to work on /opt/airflow/dags/failed_lineage_dag.py
[2025-11-18T07:19:24.667+0000] {processor.py:830} INFO - Processing file /opt/airflow/dags/failed_lineage_dag.py for tasks to queue
[2025-11-18T07:19:24.669+0000] {logging_mixin.py:188} INFO - [2025-11-18T07:19:24.668+0000] {dagbag.py:538} INFO - Filling up the DagBag from /opt/airflow/dags/failed_lineage_dag.py
[2025-11-18T07:19:24.693+0000] {processor.py:840} INFO - DAG(s) 'failed_lineage_dag' retrieved from /opt/airflow/dags/failed_lineage_dag.py
[2025-11-18T07:19:24.755+0000] {logging_mixin.py:188} INFO - [2025-11-18T07:19:24.755+0000] {dag.py:3036} INFO - Sync 1 DAGs
[2025-11-18T07:19:24.802+0000] {logging_mixin.py:188} INFO - [2025-11-18T07:19:24.802+0000] {dag.py:3823} INFO - Setting next_dagrun for failed_lineage_dag to None, run_after=None
[2025-11-18T07:19:24.868+0000] {processor.py:183} INFO - Processing /opt/airflow/dags/failed_lineage_dag.py took 0.207 seconds
[2025-11-18T07:19:55.621+0000] {processor.py:161} INFO - Started process (PID=16008) to work on /opt/airflow/dags/failed_lineage_dag.py
[2025-11-18T07:19:55.624+0000] {processor.py:830} INFO - Processing file /opt/airflow/dags/failed_lineage_dag.py for tasks to queue
[2025-11-18T07:19:55.633+0000] {logging_mixin.py:188} INFO - [2025-11-18T07:19:55.633+0000] {dagbag.py:538} INFO - Filling up the DagBag from /opt/airflow/dags/failed_lineage_dag.py
[2025-11-18T07:19:55.852+0000] {processor.py:840} INFO - DAG(s) 'failed_lineage_dag' retrieved from /opt/airflow/dags/failed_lineage_dag.py
[2025-11-18T07:19:55.996+0000] {logging_mixin.py:188} INFO - [2025-11-18T07:19:55.996+0000] {dag.py:3036} INFO - Sync 1 DAGs
[2025-11-18T07:19:56.052+0000] {logging_mixin.py:188} INFO - [2025-11-18T07:19:56.052+0000] {dag.py:3823} INFO - Setting next_dagrun for failed_lineage_dag to None, run_after=None
[2025-11-18T07:19:56.187+0000] {processor.py:183} INFO - Processing /opt/airflow/dags/failed_lineage_dag.py took 0.571 seconds
[2025-11-18T07:20:26.524+0000] {processor.py:161} INFO - Started process (PID=16033) to work on /opt/airflow/dags/failed_lineage_dag.py
[2025-11-18T07:20:26.526+0000] {processor.py:830} INFO - Processing file /opt/airflow/dags/failed_lineage_dag.py for tasks to queue
[2025-11-18T07:20:26.527+0000] {logging_mixin.py:188} INFO - [2025-11-18T07:20:26.527+0000] {dagbag.py:538} INFO - Filling up the DagBag from /opt/airflow/dags/failed_lineage_dag.py
[2025-11-18T07:20:26.574+0000] {processor.py:840} INFO - DAG(s) 'failed_lineage_dag' retrieved from /opt/airflow/dags/failed_lineage_dag.py
[2025-11-18T07:20:26.745+0000] {logging_mixin.py:188} INFO - [2025-11-18T07:20:26.745+0000] {dag.py:3036} INFO - Sync 1 DAGs
[2025-11-18T07:20:26.792+0000] {logging_mixin.py:188} INFO - [2025-11-18T07:20:26.792+0000] {dag.py:3823} INFO - Setting next_dagrun for failed_lineage_dag to None, run_after=None
[2025-11-18T07:20:26.903+0000] {processor.py:183} INFO - Processing /opt/airflow/dags/failed_lineage_dag.py took 0.385 seconds
[2025-11-18T07:20:57.551+0000] {processor.py:161} INFO - Started process (PID=16058) to work on /opt/airflow/dags/failed_lineage_dag.py
[2025-11-18T07:20:57.552+0000] {processor.py:830} INFO - Processing file /opt/airflow/dags/failed_lineage_dag.py for tasks to queue
[2025-11-18T07:20:57.555+0000] {logging_mixin.py:188} INFO - [2025-11-18T07:20:57.554+0000] {dagbag.py:538} INFO - Filling up the DagBag from /opt/airflow/dags/failed_lineage_dag.py
[2025-11-18T07:20:57.577+0000] {processor.py:840} INFO - DAG(s) 'failed_lineage_dag' retrieved from /opt/airflow/dags/failed_lineage_dag.py
[2025-11-18T07:20:57.621+0000] {logging_mixin.py:188} INFO - [2025-11-18T07:20:57.621+0000] {dag.py:3036} INFO - Sync 1 DAGs
[2025-11-18T07:20:57.640+0000] {logging_mixin.py:188} INFO - [2025-11-18T07:20:57.639+0000] {dag.py:3823} INFO - Setting next_dagrun for failed_lineage_dag to None, run_after=None
[2025-11-18T07:20:57.666+0000] {processor.py:183} INFO - Processing /opt/airflow/dags/failed_lineage_dag.py took 0.120 seconds
[2025-11-18T07:21:28.202+0000] {processor.py:161} INFO - Started process (PID=16083) to work on /opt/airflow/dags/failed_lineage_dag.py
[2025-11-18T07:21:28.205+0000] {processor.py:830} INFO - Processing file /opt/airflow/dags/failed_lineage_dag.py for tasks to queue
[2025-11-18T07:21:28.215+0000] {logging_mixin.py:188} INFO - [2025-11-18T07:21:28.214+0000] {dagbag.py:538} INFO - Filling up the DagBag from /opt/airflow/dags/failed_lineage_dag.py
[2025-11-18T07:21:28.342+0000] {processor.py:840} INFO - DAG(s) 'failed_lineage_dag' retrieved from /opt/airflow/dags/failed_lineage_dag.py
[2025-11-18T07:21:28.599+0000] {logging_mixin.py:188} INFO - [2025-11-18T07:21:28.598+0000] {dag.py:3036} INFO - Sync 1 DAGs
[2025-11-18T07:21:28.650+0000] {logging_mixin.py:188} INFO - [2025-11-18T07:21:28.650+0000] {dag.py:3823} INFO - Setting next_dagrun for failed_lineage_dag to None, run_after=None
[2025-11-18T07:21:28.805+0000] {processor.py:183} INFO - Processing /opt/airflow/dags/failed_lineage_dag.py took 0.609 seconds
[2025-11-18T07:21:59.318+0000] {processor.py:161} INFO - Started process (PID=16108) to work on /opt/airflow/dags/failed_lineage_dag.py
[2025-11-18T07:21:59.326+0000] {processor.py:830} INFO - Processing file /opt/airflow/dags/failed_lineage_dag.py for tasks to queue
[2025-11-18T07:21:59.331+0000] {logging_mixin.py:188} INFO - [2025-11-18T07:21:59.331+0000] {dagbag.py:538} INFO - Filling up the DagBag from /opt/airflow/dags/failed_lineage_dag.py
[2025-11-18T07:21:59.420+0000] {processor.py:840} INFO - DAG(s) 'failed_lineage_dag' retrieved from /opt/airflow/dags/failed_lineage_dag.py
[2025-11-18T07:21:59.584+0000] {logging_mixin.py:188} INFO - [2025-11-18T07:21:59.584+0000] {dag.py:3036} INFO - Sync 1 DAGs
[2025-11-18T07:21:59.864+0000] {logging_mixin.py:188} INFO - [2025-11-18T07:21:59.864+0000] {dag.py:3823} INFO - Setting next_dagrun for failed_lineage_dag to None, run_after=None
[2025-11-18T07:21:59.956+0000] {processor.py:183} INFO - Processing /opt/airflow/dags/failed_lineage_dag.py took 0.644 seconds
[2025-11-18T07:22:31.565+0000] {processor.py:161} INFO - Started process (PID=16133) to work on /opt/airflow/dags/failed_lineage_dag.py
[2025-11-18T07:22:31.577+0000] {processor.py:830} INFO - Processing file /opt/airflow/dags/failed_lineage_dag.py for tasks to queue
[2025-11-18T07:22:31.586+0000] {logging_mixin.py:188} INFO - [2025-11-18T07:22:31.586+0000] {dagbag.py:538} INFO - Filling up the DagBag from /opt/airflow/dags/failed_lineage_dag.py
[2025-11-18T07:22:31.698+0000] {processor.py:840} INFO - DAG(s) 'failed_lineage_dag' retrieved from /opt/airflow/dags/failed_lineage_dag.py
[2025-11-18T07:22:31.802+0000] {logging_mixin.py:188} INFO - [2025-11-18T07:22:31.801+0000] {dag.py:3036} INFO - Sync 1 DAGs
[2025-11-18T07:22:31.857+0000] {logging_mixin.py:188} INFO - [2025-11-18T07:22:31.857+0000] {dag.py:3823} INFO - Setting next_dagrun for failed_lineage_dag to None, run_after=None
[2025-11-18T07:22:32.196+0000] {processor.py:183} INFO - Processing /opt/airflow/dags/failed_lineage_dag.py took 0.636 seconds
[2025-11-18T07:23:02.753+0000] {processor.py:161} INFO - Started process (PID=16155) to work on /opt/airflow/dags/failed_lineage_dag.py
[2025-11-18T07:23:02.755+0000] {processor.py:830} INFO - Processing file /opt/airflow/dags/failed_lineage_dag.py for tasks to queue
[2025-11-18T07:23:02.766+0000] {logging_mixin.py:188} INFO - [2025-11-18T07:23:02.756+0000] {dagbag.py:538} INFO - Filling up the DagBag from /opt/airflow/dags/failed_lineage_dag.py
[2025-11-18T07:23:02.812+0000] {processor.py:840} INFO - DAG(s) 'failed_lineage_dag' retrieved from /opt/airflow/dags/failed_lineage_dag.py
[2025-11-18T07:23:02.888+0000] {logging_mixin.py:188} INFO - [2025-11-18T07:23:02.888+0000] {dag.py:3036} INFO - Sync 1 DAGs
[2025-11-18T07:23:02.938+0000] {logging_mixin.py:188} INFO - [2025-11-18T07:23:02.937+0000] {dag.py:3823} INFO - Setting next_dagrun for failed_lineage_dag to None, run_after=None
[2025-11-18T07:23:03.021+0000] {processor.py:183} INFO - Processing /opt/airflow/dags/failed_lineage_dag.py took 0.278 seconds
[2025-11-18T07:23:33.262+0000] {processor.py:161} INFO - Started process (PID=16180) to work on /opt/airflow/dags/failed_lineage_dag.py
[2025-11-18T07:23:33.264+0000] {processor.py:830} INFO - Processing file /opt/airflow/dags/failed_lineage_dag.py for tasks to queue
[2025-11-18T07:23:33.265+0000] {logging_mixin.py:188} INFO - [2025-11-18T07:23:33.264+0000] {dagbag.py:538} INFO - Filling up the DagBag from /opt/airflow/dags/failed_lineage_dag.py
[2025-11-18T07:23:33.359+0000] {processor.py:840} INFO - DAG(s) 'failed_lineage_dag' retrieved from /opt/airflow/dags/failed_lineage_dag.py
[2025-11-18T07:23:33.412+0000] {logging_mixin.py:188} INFO - [2025-11-18T07:23:33.412+0000] {dag.py:3036} INFO - Sync 1 DAGs
[2025-11-18T07:23:33.434+0000] {logging_mixin.py:188} INFO - [2025-11-18T07:23:33.433+0000] {dag.py:3823} INFO - Setting next_dagrun for failed_lineage_dag to None, run_after=None
[2025-11-18T07:23:33.576+0000] {processor.py:183} INFO - Processing /opt/airflow/dags/failed_lineage_dag.py took 0.318 seconds
[2025-11-18T07:24:03.876+0000] {processor.py:161} INFO - Started process (PID=16205) to work on /opt/airflow/dags/failed_lineage_dag.py
[2025-11-18T07:24:03.878+0000] {processor.py:830} INFO - Processing file /opt/airflow/dags/failed_lineage_dag.py for tasks to queue
[2025-11-18T07:24:03.879+0000] {logging_mixin.py:188} INFO - [2025-11-18T07:24:03.879+0000] {dagbag.py:538} INFO - Filling up the DagBag from /opt/airflow/dags/failed_lineage_dag.py
[2025-11-18T07:24:03.917+0000] {processor.py:840} INFO - DAG(s) 'failed_lineage_dag' retrieved from /opt/airflow/dags/failed_lineage_dag.py
[2025-11-18T07:24:03.967+0000] {logging_mixin.py:188} INFO - [2025-11-18T07:24:03.967+0000] {dag.py:3036} INFO - Sync 1 DAGs
[2025-11-18T07:24:04.007+0000] {logging_mixin.py:188} INFO - [2025-11-18T07:24:04.004+0000] {dag.py:3823} INFO - Setting next_dagrun for failed_lineage_dag to None, run_after=None
[2025-11-18T07:24:04.051+0000] {processor.py:183} INFO - Processing /opt/airflow/dags/failed_lineage_dag.py took 0.179 seconds
[2025-11-18T07:24:34.432+0000] {processor.py:161} INFO - Started process (PID=16230) to work on /opt/airflow/dags/failed_lineage_dag.py
[2025-11-18T07:24:34.433+0000] {processor.py:830} INFO - Processing file /opt/airflow/dags/failed_lineage_dag.py for tasks to queue
[2025-11-18T07:24:34.435+0000] {logging_mixin.py:188} INFO - [2025-11-18T07:24:34.434+0000] {dagbag.py:538} INFO - Filling up the DagBag from /opt/airflow/dags/failed_lineage_dag.py
[2025-11-18T07:24:34.458+0000] {processor.py:840} INFO - DAG(s) 'failed_lineage_dag' retrieved from /opt/airflow/dags/failed_lineage_dag.py
[2025-11-18T07:24:34.492+0000] {logging_mixin.py:188} INFO - [2025-11-18T07:24:34.492+0000] {dag.py:3036} INFO - Sync 1 DAGs
[2025-11-18T07:24:34.508+0000] {logging_mixin.py:188} INFO - [2025-11-18T07:24:34.507+0000] {dag.py:3823} INFO - Setting next_dagrun for failed_lineage_dag to None, run_after=None
[2025-11-18T07:24:34.538+0000] {processor.py:183} INFO - Processing /opt/airflow/dags/failed_lineage_dag.py took 0.109 seconds
[2025-11-18T07:25:04.855+0000] {processor.py:161} INFO - Started process (PID=16255) to work on /opt/airflow/dags/failed_lineage_dag.py
[2025-11-18T07:25:04.857+0000] {processor.py:830} INFO - Processing file /opt/airflow/dags/failed_lineage_dag.py for tasks to queue
[2025-11-18T07:25:04.859+0000] {logging_mixin.py:188} INFO - [2025-11-18T07:25:04.858+0000] {dagbag.py:538} INFO - Filling up the DagBag from /opt/airflow/dags/failed_lineage_dag.py
[2025-11-18T07:25:04.942+0000] {processor.py:840} INFO - DAG(s) 'failed_lineage_dag' retrieved from /opt/airflow/dags/failed_lineage_dag.py
[2025-11-18T07:25:05.004+0000] {logging_mixin.py:188} INFO - [2025-11-18T07:25:05.004+0000] {dag.py:3036} INFO - Sync 1 DAGs
[2025-11-18T07:25:05.067+0000] {logging_mixin.py:188} INFO - [2025-11-18T07:25:05.066+0000] {dag.py:3823} INFO - Setting next_dagrun for failed_lineage_dag to None, run_after=None
[2025-11-18T07:25:05.121+0000] {processor.py:183} INFO - Processing /opt/airflow/dags/failed_lineage_dag.py took 0.270 seconds
[2025-11-18T07:25:35.640+0000] {processor.py:161} INFO - Started process (PID=16280) to work on /opt/airflow/dags/failed_lineage_dag.py
[2025-11-18T07:25:35.642+0000] {processor.py:830} INFO - Processing file /opt/airflow/dags/failed_lineage_dag.py for tasks to queue
[2025-11-18T07:25:35.644+0000] {logging_mixin.py:188} INFO - [2025-11-18T07:25:35.643+0000] {dagbag.py:538} INFO - Filling up the DagBag from /opt/airflow/dags/failed_lineage_dag.py
[2025-11-18T07:25:35.664+0000] {processor.py:840} INFO - DAG(s) 'failed_lineage_dag' retrieved from /opt/airflow/dags/failed_lineage_dag.py
[2025-11-18T07:25:35.690+0000] {logging_mixin.py:188} INFO - [2025-11-18T07:25:35.690+0000] {dag.py:3036} INFO - Sync 1 DAGs
[2025-11-18T07:25:35.701+0000] {logging_mixin.py:188} INFO - [2025-11-18T07:25:35.701+0000] {dag.py:3823} INFO - Setting next_dagrun for failed_lineage_dag to None, run_after=None
[2025-11-18T07:25:35.724+0000] {processor.py:183} INFO - Processing /opt/airflow/dags/failed_lineage_dag.py took 0.087 seconds
[2025-11-18T07:26:06.226+0000] {processor.py:161} INFO - Started process (PID=16305) to work on /opt/airflow/dags/failed_lineage_dag.py
[2025-11-18T07:26:06.228+0000] {processor.py:830} INFO - Processing file /opt/airflow/dags/failed_lineage_dag.py for tasks to queue
[2025-11-18T07:26:06.231+0000] {logging_mixin.py:188} INFO - [2025-11-18T07:26:06.231+0000] {dagbag.py:538} INFO - Filling up the DagBag from /opt/airflow/dags/failed_lineage_dag.py
[2025-11-18T07:26:06.258+0000] {processor.py:840} INFO - DAG(s) 'failed_lineage_dag' retrieved from /opt/airflow/dags/failed_lineage_dag.py
[2025-11-18T07:26:06.298+0000] {logging_mixin.py:188} INFO - [2025-11-18T07:26:06.297+0000] {dag.py:3036} INFO - Sync 1 DAGs
[2025-11-18T07:26:06.318+0000] {logging_mixin.py:188} INFO - [2025-11-18T07:26:06.318+0000] {dag.py:3823} INFO - Setting next_dagrun for failed_lineage_dag to None, run_after=None
[2025-11-18T07:26:06.343+0000] {processor.py:183} INFO - Processing /opt/airflow/dags/failed_lineage_dag.py took 0.121 seconds
[2025-11-18T07:26:37.302+0000] {processor.py:161} INFO - Started process (PID=16330) to work on /opt/airflow/dags/failed_lineage_dag.py
[2025-11-18T07:26:37.324+0000] {processor.py:830} INFO - Processing file /opt/airflow/dags/failed_lineage_dag.py for tasks to queue
[2025-11-18T07:26:37.335+0000] {logging_mixin.py:188} INFO - [2025-11-18T07:26:37.334+0000] {dagbag.py:538} INFO - Filling up the DagBag from /opt/airflow/dags/failed_lineage_dag.py
[2025-11-18T07:26:37.586+0000] {processor.py:840} INFO - DAG(s) 'failed_lineage_dag' retrieved from /opt/airflow/dags/failed_lineage_dag.py
[2025-11-18T07:26:37.690+0000] {logging_mixin.py:188} INFO - [2025-11-18T07:26:37.689+0000] {dag.py:3036} INFO - Sync 1 DAGs
[2025-11-18T07:26:37.749+0000] {logging_mixin.py:188} INFO - [2025-11-18T07:26:37.748+0000] {dag.py:3823} INFO - Setting next_dagrun for failed_lineage_dag to None, run_after=None
[2025-11-18T07:26:37.817+0000] {processor.py:183} INFO - Processing /opt/airflow/dags/failed_lineage_dag.py took 0.519 seconds
[2025-11-18T07:27:09.260+0000] {processor.py:161} INFO - Started process (PID=16353) to work on /opt/airflow/dags/failed_lineage_dag.py
[2025-11-18T07:27:09.292+0000] {processor.py:830} INFO - Processing file /opt/airflow/dags/failed_lineage_dag.py for tasks to queue
[2025-11-18T07:27:09.379+0000] {logging_mixin.py:188} INFO - [2025-11-18T07:27:09.322+0000] {dagbag.py:538} INFO - Filling up the DagBag from /opt/airflow/dags/failed_lineage_dag.py
[2025-11-18T07:27:10.368+0000] {processor.py:840} INFO - DAG(s) 'failed_lineage_dag' retrieved from /opt/airflow/dags/failed_lineage_dag.py
[2025-11-18T07:27:10.507+0000] {logging_mixin.py:188} INFO - [2025-11-18T07:27:10.507+0000] {dag.py:3036} INFO - Sync 1 DAGs
[2025-11-18T07:27:10.585+0000] {logging_mixin.py:188} INFO - [2025-11-18T07:27:10.584+0000] {dag.py:3823} INFO - Setting next_dagrun for failed_lineage_dag to None, run_after=None
[2025-11-18T07:27:10.768+0000] {processor.py:183} INFO - Processing /opt/airflow/dags/failed_lineage_dag.py took 1.604 seconds
[2025-11-18T07:27:41.825+0000] {processor.py:161} INFO - Started process (PID=16378) to work on /opt/airflow/dags/failed_lineage_dag.py
[2025-11-18T07:27:41.830+0000] {processor.py:830} INFO - Processing file /opt/airflow/dags/failed_lineage_dag.py for tasks to queue
[2025-11-18T07:27:41.841+0000] {logging_mixin.py:188} INFO - [2025-11-18T07:27:41.840+0000] {dagbag.py:538} INFO - Filling up the DagBag from /opt/airflow/dags/failed_lineage_dag.py
[2025-11-18T07:27:41.960+0000] {processor.py:840} INFO - DAG(s) 'failed_lineage_dag' retrieved from /opt/airflow/dags/failed_lineage_dag.py
[2025-11-18T07:27:44.118+0000] {logging_mixin.py:188} INFO - [2025-11-18T07:27:44.118+0000] {dag.py:3036} INFO - Sync 1 DAGs
[2025-11-18T07:27:46.291+0000] {logging_mixin.py:188} INFO - [2025-11-18T07:27:46.291+0000] {dag.py:3823} INFO - Setting next_dagrun for failed_lineage_dag to None, run_after=None
[2025-11-18T07:27:46.892+0000] {processor.py:183} INFO - Processing /opt/airflow/dags/failed_lineage_dag.py took 5.079 seconds
[2025-11-18T07:28:20.125+0000] {processor.py:161} INFO - Started process (PID=16410) to work on /opt/airflow/dags/failed_lineage_dag.py
[2025-11-18T07:28:20.128+0000] {processor.py:830} INFO - Processing file /opt/airflow/dags/failed_lineage_dag.py for tasks to queue
[2025-11-18T07:28:20.130+0000] {logging_mixin.py:188} INFO - [2025-11-18T07:28:20.129+0000] {dagbag.py:538} INFO - Filling up the DagBag from /opt/airflow/dags/failed_lineage_dag.py
[2025-11-18T07:28:20.180+0000] {processor.py:840} INFO - DAG(s) 'failed_lineage_dag' retrieved from /opt/airflow/dags/failed_lineage_dag.py
[2025-11-18T07:28:20.321+0000] {logging_mixin.py:188} INFO - [2025-11-18T07:28:20.315+0000] {dag.py:3036} INFO - Sync 1 DAGs
[2025-11-18T07:28:20.379+0000] {logging_mixin.py:188} INFO - [2025-11-18T07:28:20.378+0000] {dag.py:3823} INFO - Setting next_dagrun for failed_lineage_dag to None, run_after=None
[2025-11-18T07:28:20.474+0000] {processor.py:183} INFO - Processing /opt/airflow/dags/failed_lineage_dag.py took 0.364 seconds
[2025-11-18T07:28:50.903+0000] {processor.py:161} INFO - Started process (PID=16435) to work on /opt/airflow/dags/failed_lineage_dag.py
[2025-11-18T07:28:50.906+0000] {processor.py:830} INFO - Processing file /opt/airflow/dags/failed_lineage_dag.py for tasks to queue
[2025-11-18T07:28:50.907+0000] {logging_mixin.py:188} INFO - [2025-11-18T07:28:50.907+0000] {dagbag.py:538} INFO - Filling up the DagBag from /opt/airflow/dags/failed_lineage_dag.py
[2025-11-18T07:28:50.933+0000] {processor.py:840} INFO - DAG(s) 'failed_lineage_dag' retrieved from /opt/airflow/dags/failed_lineage_dag.py
[2025-11-18T07:28:51.078+0000] {logging_mixin.py:188} INFO - [2025-11-18T07:28:51.077+0000] {dag.py:3036} INFO - Sync 1 DAGs
[2025-11-18T07:28:51.109+0000] {logging_mixin.py:188} INFO - [2025-11-18T07:28:51.109+0000] {dag.py:3823} INFO - Setting next_dagrun for failed_lineage_dag to None, run_after=None
[2025-11-18T07:28:51.161+0000] {processor.py:183} INFO - Processing /opt/airflow/dags/failed_lineage_dag.py took 0.264 seconds
[2025-11-18T07:29:21.894+0000] {processor.py:161} INFO - Started process (PID=16460) to work on /opt/airflow/dags/failed_lineage_dag.py
[2025-11-18T07:29:21.902+0000] {processor.py:830} INFO - Processing file /opt/airflow/dags/failed_lineage_dag.py for tasks to queue
[2025-11-18T07:29:21.905+0000] {logging_mixin.py:188} INFO - [2025-11-18T07:29:21.905+0000] {dagbag.py:538} INFO - Filling up the DagBag from /opt/airflow/dags/failed_lineage_dag.py
[2025-11-18T07:29:22.026+0000] {processor.py:840} INFO - DAG(s) 'failed_lineage_dag' retrieved from /opt/airflow/dags/failed_lineage_dag.py
[2025-11-18T07:29:22.116+0000] {logging_mixin.py:188} INFO - [2025-11-18T07:29:22.116+0000] {dag.py:3036} INFO - Sync 1 DAGs
[2025-11-18T07:29:22.157+0000] {logging_mixin.py:188} INFO - [2025-11-18T07:29:22.157+0000] {dag.py:3823} INFO - Setting next_dagrun for failed_lineage_dag to None, run_after=None
[2025-11-18T07:29:22.205+0000] {processor.py:183} INFO - Processing /opt/airflow/dags/failed_lineage_dag.py took 0.318 seconds
[2025-11-18T07:29:53.216+0000] {processor.py:161} INFO - Started process (PID=16483) to work on /opt/airflow/dags/failed_lineage_dag.py
[2025-11-18T07:29:53.218+0000] {processor.py:830} INFO - Processing file /opt/airflow/dags/failed_lineage_dag.py for tasks to queue
[2025-11-18T07:29:53.220+0000] {logging_mixin.py:188} INFO - [2025-11-18T07:29:53.219+0000] {dagbag.py:538} INFO - Filling up the DagBag from /opt/airflow/dags/failed_lineage_dag.py
[2025-11-18T07:29:53.251+0000] {processor.py:840} INFO - DAG(s) 'failed_lineage_dag' retrieved from /opt/airflow/dags/failed_lineage_dag.py
[2025-11-18T07:29:53.313+0000] {logging_mixin.py:188} INFO - [2025-11-18T07:29:53.312+0000] {dag.py:3036} INFO - Sync 1 DAGs
[2025-11-18T07:29:53.344+0000] {logging_mixin.py:188} INFO - [2025-11-18T07:29:53.343+0000] {dag.py:3823} INFO - Setting next_dagrun for failed_lineage_dag to None, run_after=None
[2025-11-18T07:29:53.386+0000] {processor.py:183} INFO - Processing /opt/airflow/dags/failed_lineage_dag.py took 0.176 seconds
[2025-11-18T07:30:23.960+0000] {processor.py:161} INFO - Started process (PID=16510) to work on /opt/airflow/dags/failed_lineage_dag.py
[2025-11-18T07:30:23.962+0000] {processor.py:830} INFO - Processing file /opt/airflow/dags/failed_lineage_dag.py for tasks to queue
[2025-11-18T07:30:23.963+0000] {logging_mixin.py:188} INFO - [2025-11-18T07:30:23.963+0000] {dagbag.py:538} INFO - Filling up the DagBag from /opt/airflow/dags/failed_lineage_dag.py
[2025-11-18T07:30:23.984+0000] {processor.py:840} INFO - DAG(s) 'failed_lineage_dag' retrieved from /opt/airflow/dags/failed_lineage_dag.py
[2025-11-18T07:30:24.032+0000] {logging_mixin.py:188} INFO - [2025-11-18T07:30:24.032+0000] {dag.py:3036} INFO - Sync 1 DAGs
[2025-11-18T07:30:24.051+0000] {logging_mixin.py:188} INFO - [2025-11-18T07:30:24.051+0000] {dag.py:3823} INFO - Setting next_dagrun for failed_lineage_dag to None, run_after=None
[2025-11-18T07:30:24.077+0000] {processor.py:183} INFO - Processing /opt/airflow/dags/failed_lineage_dag.py took 0.121 seconds
[2025-11-18T07:31:12.961+0000] {processor.py:161} INFO - Started process (PID=16535) to work on /opt/airflow/dags/failed_lineage_dag.py
[2025-11-18T07:31:13.043+0000] {processor.py:830} INFO - Processing file /opt/airflow/dags/failed_lineage_dag.py for tasks to queue
[2025-11-18T07:31:13.128+0000] {logging_mixin.py:188} INFO - [2025-11-18T07:31:13.127+0000] {dagbag.py:538} INFO - Filling up the DagBag from /opt/airflow/dags/failed_lineage_dag.py
[2025-11-18T07:31:16.998+0000] {processor.py:840} INFO - DAG(s) 'failed_lineage_dag' retrieved from /opt/airflow/dags/failed_lineage_dag.py
[2025-11-18T07:31:21.022+0000] {logging_mixin.py:188} INFO - [2025-11-18T07:31:21.021+0000] {dag.py:3036} INFO - Sync 1 DAGs
[2025-11-18T07:31:22.517+0000] {logging_mixin.py:188} INFO - [2025-11-18T07:31:22.516+0000] {dag.py:3823} INFO - Setting next_dagrun for failed_lineage_dag to None, run_after=None
[2025-11-18T07:31:24.237+0000] {processor.py:183} INFO - Processing /opt/airflow/dags/failed_lineage_dag.py took 11.546 seconds
[2025-11-18T07:32:33.256+0000] {processor.py:161} INFO - Started process (PID=16568) to work on /opt/airflow/dags/failed_lineage_dag.py
[2025-11-18T07:32:33.270+0000] {processor.py:830} INFO - Processing file /opt/airflow/dags/failed_lineage_dag.py for tasks to queue
[2025-11-18T07:32:33.273+0000] {logging_mixin.py:188} INFO - [2025-11-18T07:32:33.271+0000] {dagbag.py:538} INFO - Filling up the DagBag from /opt/airflow/dags/failed_lineage_dag.py
[2025-11-18T07:32:33.438+0000] {processor.py:840} INFO - DAG(s) 'failed_lineage_dag' retrieved from /opt/airflow/dags/failed_lineage_dag.py
[2025-11-18T07:32:33.534+0000] {logging_mixin.py:188} INFO - [2025-11-18T07:32:33.533+0000] {dag.py:3036} INFO - Sync 1 DAGs
[2025-11-18T07:32:33.582+0000] {logging_mixin.py:188} INFO - [2025-11-18T07:32:33.582+0000] {dag.py:3823} INFO - Setting next_dagrun for failed_lineage_dag to None, run_after=None
[2025-11-18T07:32:33.659+0000] {processor.py:183} INFO - Processing /opt/airflow/dags/failed_lineage_dag.py took 0.410 seconds
[2025-11-18T07:33:18.214+0000] {processor.py:161} INFO - Started process (PID=16591) to work on /opt/airflow/dags/failed_lineage_dag.py
[2025-11-18T07:33:18.243+0000] {processor.py:830} INFO - Processing file /opt/airflow/dags/failed_lineage_dag.py for tasks to queue
[2025-11-18T07:33:18.248+0000] {logging_mixin.py:188} INFO - [2025-11-18T07:33:18.247+0000] {dagbag.py:538} INFO - Filling up the DagBag from /opt/airflow/dags/failed_lineage_dag.py
[2025-11-18T07:33:18.816+0000] {processor.py:840} INFO - DAG(s) 'failed_lineage_dag' retrieved from /opt/airflow/dags/failed_lineage_dag.py
[2025-11-18T07:33:19.040+0000] {logging_mixin.py:188} INFO - [2025-11-18T07:33:19.028+0000] {dag.py:3036} INFO - Sync 1 DAGs
[2025-11-18T07:33:19.120+0000] {logging_mixin.py:188} INFO - [2025-11-18T07:33:19.119+0000] {dag.py:3823} INFO - Setting next_dagrun for failed_lineage_dag to None, run_after=None
[2025-11-18T07:33:19.345+0000] {processor.py:183} INFO - Processing /opt/airflow/dags/failed_lineage_dag.py took 1.137 seconds
[2025-11-18T07:33:58.867+0000] {processor.py:161} INFO - Started process (PID=16616) to work on /opt/airflow/dags/failed_lineage_dag.py
[2025-11-18T07:33:58.994+0000] {processor.py:830} INFO - Processing file /opt/airflow/dags/failed_lineage_dag.py for tasks to queue
[2025-11-18T07:33:59.005+0000] {logging_mixin.py:188} INFO - [2025-11-18T07:33:59.005+0000] {dagbag.py:538} INFO - Filling up the DagBag from /opt/airflow/dags/failed_lineage_dag.py
[2025-11-18T07:34:00.355+0000] {processor.py:840} INFO - DAG(s) 'failed_lineage_dag' retrieved from /opt/airflow/dags/failed_lineage_dag.py
[2025-11-18T07:34:00.466+0000] {logging_mixin.py:188} INFO - [2025-11-18T07:34:00.465+0000] {dag.py:3036} INFO - Sync 1 DAGs
[2025-11-18T07:34:00.515+0000] {logging_mixin.py:188} INFO - [2025-11-18T07:34:00.515+0000] {dag.py:3823} INFO - Setting next_dagrun for failed_lineage_dag to None, run_after=None
[2025-11-18T07:34:00.571+0000] {processor.py:183} INFO - Processing /opt/airflow/dags/failed_lineage_dag.py took 1.724 seconds
[2025-11-18T07:34:30.945+0000] {processor.py:161} INFO - Started process (PID=16641) to work on /opt/airflow/dags/failed_lineage_dag.py
[2025-11-18T07:34:30.950+0000] {processor.py:830} INFO - Processing file /opt/airflow/dags/failed_lineage_dag.py for tasks to queue
[2025-11-18T07:34:30.954+0000] {logging_mixin.py:188} INFO - [2025-11-18T07:34:30.953+0000] {dagbag.py:538} INFO - Filling up the DagBag from /opt/airflow/dags/failed_lineage_dag.py
[2025-11-18T07:34:31.117+0000] {processor.py:840} INFO - DAG(s) 'failed_lineage_dag' retrieved from /opt/airflow/dags/failed_lineage_dag.py
[2025-11-18T07:34:31.243+0000] {logging_mixin.py:188} INFO - [2025-11-18T07:34:31.243+0000] {dag.py:3036} INFO - Sync 1 DAGs
[2025-11-18T07:34:31.293+0000] {logging_mixin.py:188} INFO - [2025-11-18T07:34:31.292+0000] {dag.py:3823} INFO - Setting next_dagrun for failed_lineage_dag to None, run_after=None
[2025-11-18T07:34:31.361+0000] {processor.py:183} INFO - Processing /opt/airflow/dags/failed_lineage_dag.py took 0.444 seconds
[2025-11-18T07:35:01.596+0000] {processor.py:161} INFO - Started process (PID=16668) to work on /opt/airflow/dags/failed_lineage_dag.py
[2025-11-18T07:35:01.598+0000] {processor.py:830} INFO - Processing file /opt/airflow/dags/failed_lineage_dag.py for tasks to queue
[2025-11-18T07:35:01.600+0000] {logging_mixin.py:188} INFO - [2025-11-18T07:35:01.600+0000] {dagbag.py:538} INFO - Filling up the DagBag from /opt/airflow/dags/failed_lineage_dag.py
[2025-11-18T07:35:01.636+0000] {processor.py:840} INFO - DAG(s) 'failed_lineage_dag' retrieved from /opt/airflow/dags/failed_lineage_dag.py
[2025-11-18T07:35:01.716+0000] {logging_mixin.py:188} INFO - [2025-11-18T07:35:01.716+0000] {dag.py:3036} INFO - Sync 1 DAGs
[2025-11-18T07:35:01.760+0000] {logging_mixin.py:188} INFO - [2025-11-18T07:35:01.760+0000] {dag.py:3823} INFO - Setting next_dagrun for failed_lineage_dag to None, run_after=None
[2025-11-18T07:35:01.802+0000] {processor.py:183} INFO - Processing /opt/airflow/dags/failed_lineage_dag.py took 0.211 seconds
[2025-11-18T07:35:31.898+0000] {processor.py:161} INFO - Started process (PID=16693) to work on /opt/airflow/dags/failed_lineage_dag.py
[2025-11-18T07:35:31.900+0000] {processor.py:830} INFO - Processing file /opt/airflow/dags/failed_lineage_dag.py for tasks to queue
[2025-11-18T07:35:31.901+0000] {logging_mixin.py:188} INFO - [2025-11-18T07:35:31.901+0000] {dagbag.py:538} INFO - Filling up the DagBag from /opt/airflow/dags/failed_lineage_dag.py
[2025-11-18T07:35:31.920+0000] {processor.py:840} INFO - DAG(s) 'failed_lineage_dag' retrieved from /opt/airflow/dags/failed_lineage_dag.py
[2025-11-18T07:35:31.946+0000] {logging_mixin.py:188} INFO - [2025-11-18T07:35:31.945+0000] {dag.py:3036} INFO - Sync 1 DAGs
[2025-11-18T07:35:31.957+0000] {logging_mixin.py:188} INFO - [2025-11-18T07:35:31.957+0000] {dag.py:3823} INFO - Setting next_dagrun for failed_lineage_dag to None, run_after=None
[2025-11-18T07:35:31.977+0000] {processor.py:183} INFO - Processing /opt/airflow/dags/failed_lineage_dag.py took 0.082 seconds
[2025-11-18T07:36:02.871+0000] {processor.py:161} INFO - Started process (PID=16716) to work on /opt/airflow/dags/failed_lineage_dag.py
[2025-11-18T07:36:02.874+0000] {processor.py:830} INFO - Processing file /opt/airflow/dags/failed_lineage_dag.py for tasks to queue
[2025-11-18T07:36:02.876+0000] {logging_mixin.py:188} INFO - [2025-11-18T07:36:02.875+0000] {dagbag.py:538} INFO - Filling up the DagBag from /opt/airflow/dags/failed_lineage_dag.py
[2025-11-18T07:36:02.973+0000] {processor.py:840} INFO - DAG(s) 'failed_lineage_dag' retrieved from /opt/airflow/dags/failed_lineage_dag.py
[2025-11-18T07:36:03.093+0000] {logging_mixin.py:188} INFO - [2025-11-18T07:36:03.092+0000] {dag.py:3036} INFO - Sync 1 DAGs
[2025-11-18T07:36:03.173+0000] {logging_mixin.py:188} INFO - [2025-11-18T07:36:03.173+0000] {dag.py:3823} INFO - Setting next_dagrun for failed_lineage_dag to None, run_after=None
[2025-11-18T07:36:03.360+0000] {processor.py:183} INFO - Processing /opt/airflow/dags/failed_lineage_dag.py took 0.494 seconds
[2025-11-18T07:36:34.169+0000] {processor.py:161} INFO - Started process (PID=16741) to work on /opt/airflow/dags/failed_lineage_dag.py
[2025-11-18T07:36:34.188+0000] {processor.py:830} INFO - Processing file /opt/airflow/dags/failed_lineage_dag.py for tasks to queue
[2025-11-18T07:36:34.196+0000] {logging_mixin.py:188} INFO - [2025-11-18T07:36:34.195+0000] {dagbag.py:538} INFO - Filling up the DagBag from /opt/airflow/dags/failed_lineage_dag.py
[2025-11-18T07:36:34.361+0000] {processor.py:840} INFO - DAG(s) 'failed_lineage_dag' retrieved from /opt/airflow/dags/failed_lineage_dag.py
[2025-11-18T07:36:34.462+0000] {logging_mixin.py:188} INFO - [2025-11-18T07:36:34.461+0000] {dag.py:3036} INFO - Sync 1 DAGs
[2025-11-18T07:36:34.540+0000] {logging_mixin.py:188} INFO - [2025-11-18T07:36:34.539+0000] {dag.py:3823} INFO - Setting next_dagrun for failed_lineage_dag to None, run_after=None
[2025-11-18T07:36:34.590+0000] {processor.py:183} INFO - Processing /opt/airflow/dags/failed_lineage_dag.py took 0.426 seconds
[2025-11-18T07:37:05.303+0000] {processor.py:161} INFO - Started process (PID=16766) to work on /opt/airflow/dags/failed_lineage_dag.py
[2025-11-18T07:37:05.318+0000] {processor.py:830} INFO - Processing file /opt/airflow/dags/failed_lineage_dag.py for tasks to queue
[2025-11-18T07:37:05.320+0000] {logging_mixin.py:188} INFO - [2025-11-18T07:37:05.319+0000] {dagbag.py:538} INFO - Filling up the DagBag from /opt/airflow/dags/failed_lineage_dag.py
[2025-11-18T07:37:05.347+0000] {processor.py:840} INFO - DAG(s) 'failed_lineage_dag' retrieved from /opt/airflow/dags/failed_lineage_dag.py
[2025-11-18T07:37:05.398+0000] {logging_mixin.py:188} INFO - [2025-11-18T07:37:05.398+0000] {dag.py:3036} INFO - Sync 1 DAGs
[2025-11-18T07:37:05.434+0000] {logging_mixin.py:188} INFO - [2025-11-18T07:37:05.434+0000] {dag.py:3823} INFO - Setting next_dagrun for failed_lineage_dag to None, run_after=None
[2025-11-18T07:37:05.474+0000] {processor.py:183} INFO - Processing /opt/airflow/dags/failed_lineage_dag.py took 0.177 seconds
[2025-11-18T07:37:35.694+0000] {processor.py:161} INFO - Started process (PID=16791) to work on /opt/airflow/dags/failed_lineage_dag.py
[2025-11-18T07:37:35.698+0000] {processor.py:830} INFO - Processing file /opt/airflow/dags/failed_lineage_dag.py for tasks to queue
[2025-11-18T07:37:35.708+0000] {logging_mixin.py:188} INFO - [2025-11-18T07:37:35.700+0000] {dagbag.py:538} INFO - Filling up the DagBag from /opt/airflow/dags/failed_lineage_dag.py
[2025-11-18T07:37:35.750+0000] {processor.py:840} INFO - DAG(s) 'failed_lineage_dag' retrieved from /opt/airflow/dags/failed_lineage_dag.py
[2025-11-18T07:37:35.812+0000] {logging_mixin.py:188} INFO - [2025-11-18T07:37:35.811+0000] {dag.py:3036} INFO - Sync 1 DAGs
[2025-11-18T07:37:35.829+0000] {logging_mixin.py:188} INFO - [2025-11-18T07:37:35.829+0000] {dag.py:3823} INFO - Setting next_dagrun for failed_lineage_dag to None, run_after=None
[2025-11-18T07:37:35.863+0000] {processor.py:183} INFO - Processing /opt/airflow/dags/failed_lineage_dag.py took 0.175 seconds
[2025-11-18T07:38:08.804+0000] {processor.py:161} INFO - Started process (PID=16816) to work on /opt/airflow/dags/failed_lineage_dag.py
[2025-11-18T07:38:08.810+0000] {processor.py:830} INFO - Processing file /opt/airflow/dags/failed_lineage_dag.py for tasks to queue
[2025-11-18T07:38:08.889+0000] {logging_mixin.py:188} INFO - [2025-11-18T07:38:08.888+0000] {dagbag.py:538} INFO - Filling up the DagBag from /opt/airflow/dags/failed_lineage_dag.py
[2025-11-18T07:38:09.739+0000] {processor.py:840} INFO - DAG(s) 'failed_lineage_dag' retrieved from /opt/airflow/dags/failed_lineage_dag.py
[2025-11-18T07:38:09.877+0000] {logging_mixin.py:188} INFO - [2025-11-18T07:38:09.876+0000] {dag.py:3036} INFO - Sync 1 DAGs
[2025-11-18T07:38:09.924+0000] {logging_mixin.py:188} INFO - [2025-11-18T07:38:09.924+0000] {dag.py:3823} INFO - Setting next_dagrun for failed_lineage_dag to None, run_after=None
[2025-11-18T07:38:10.007+0000] {processor.py:183} INFO - Processing /opt/airflow/dags/failed_lineage_dag.py took 1.207 seconds
[2025-11-18T07:38:40.673+0000] {processor.py:161} INFO - Started process (PID=16841) to work on /opt/airflow/dags/failed_lineage_dag.py
[2025-11-18T07:38:40.678+0000] {processor.py:830} INFO - Processing file /opt/airflow/dags/failed_lineage_dag.py for tasks to queue
[2025-11-18T07:38:40.684+0000] {logging_mixin.py:188} INFO - [2025-11-18T07:38:40.683+0000] {dagbag.py:538} INFO - Filling up the DagBag from /opt/airflow/dags/failed_lineage_dag.py
[2025-11-18T07:38:40.781+0000] {processor.py:840} INFO - DAG(s) 'failed_lineage_dag' retrieved from /opt/airflow/dags/failed_lineage_dag.py
[2025-11-18T07:38:41.119+0000] {logging_mixin.py:188} INFO - [2025-11-18T07:38:41.118+0000] {dag.py:3036} INFO - Sync 1 DAGs
[2025-11-18T07:38:41.184+0000] {logging_mixin.py:188} INFO - [2025-11-18T07:38:41.184+0000] {dag.py:3823} INFO - Setting next_dagrun for failed_lineage_dag to None, run_after=None
[2025-11-18T07:38:41.288+0000] {processor.py:183} INFO - Processing /opt/airflow/dags/failed_lineage_dag.py took 0.621 seconds
[2025-11-18T07:39:11.490+0000] {processor.py:161} INFO - Started process (PID=16868) to work on /opt/airflow/dags/failed_lineage_dag.py
[2025-11-18T07:39:11.491+0000] {processor.py:830} INFO - Processing file /opt/airflow/dags/failed_lineage_dag.py for tasks to queue
[2025-11-18T07:39:11.492+0000] {logging_mixin.py:188} INFO - [2025-11-18T07:39:11.492+0000] {dagbag.py:538} INFO - Filling up the DagBag from /opt/airflow/dags/failed_lineage_dag.py
[2025-11-18T07:39:11.507+0000] {processor.py:840} INFO - DAG(s) 'failed_lineage_dag' retrieved from /opt/airflow/dags/failed_lineage_dag.py
[2025-11-18T07:39:11.538+0000] {logging_mixin.py:188} INFO - [2025-11-18T07:39:11.537+0000] {dag.py:3036} INFO - Sync 1 DAGs
[2025-11-18T07:39:11.549+0000] {logging_mixin.py:188} INFO - [2025-11-18T07:39:11.549+0000] {dag.py:3823} INFO - Setting next_dagrun for failed_lineage_dag to None, run_after=None
[2025-11-18T07:39:11.571+0000] {processor.py:183} INFO - Processing /opt/airflow/dags/failed_lineage_dag.py took 0.084 seconds
[2025-11-18T07:39:42.410+0000] {processor.py:161} INFO - Started process (PID=16891) to work on /opt/airflow/dags/failed_lineage_dag.py
[2025-11-18T07:39:42.412+0000] {processor.py:830} INFO - Processing file /opt/airflow/dags/failed_lineage_dag.py for tasks to queue
[2025-11-18T07:39:42.413+0000] {logging_mixin.py:188} INFO - [2025-11-18T07:39:42.413+0000] {dagbag.py:538} INFO - Filling up the DagBag from /opt/airflow/dags/failed_lineage_dag.py
[2025-11-18T07:39:42.447+0000] {processor.py:840} INFO - DAG(s) 'failed_lineage_dag' retrieved from /opt/airflow/dags/failed_lineage_dag.py
[2025-11-18T07:39:42.515+0000] {logging_mixin.py:188} INFO - [2025-11-18T07:39:42.514+0000] {dag.py:3036} INFO - Sync 1 DAGs
[2025-11-18T07:39:42.546+0000] {logging_mixin.py:188} INFO - [2025-11-18T07:39:42.545+0000] {dag.py:3823} INFO - Setting next_dagrun for failed_lineage_dag to None, run_after=None
[2025-11-18T07:39:42.586+0000] {processor.py:183} INFO - Processing /opt/airflow/dags/failed_lineage_dag.py took 0.180 seconds
[2025-11-18T07:40:13.375+0000] {processor.py:161} INFO - Started process (PID=16916) to work on /opt/airflow/dags/failed_lineage_dag.py
[2025-11-18T07:40:13.380+0000] {processor.py:830} INFO - Processing file /opt/airflow/dags/failed_lineage_dag.py for tasks to queue
[2025-11-18T07:40:13.386+0000] {logging_mixin.py:188} INFO - [2025-11-18T07:40:13.385+0000] {dagbag.py:538} INFO - Filling up the DagBag from /opt/airflow/dags/failed_lineage_dag.py
[2025-11-18T07:40:13.602+0000] {processor.py:840} INFO - DAG(s) 'failed_lineage_dag' retrieved from /opt/airflow/dags/failed_lineage_dag.py
[2025-11-18T07:40:14.136+0000] {logging_mixin.py:188} INFO - [2025-11-18T07:40:14.136+0000] {dag.py:3036} INFO - Sync 1 DAGs
[2025-11-18T07:40:14.183+0000] {logging_mixin.py:188} INFO - [2025-11-18T07:40:14.183+0000] {dag.py:3823} INFO - Setting next_dagrun for failed_lineage_dag to None, run_after=None
[2025-11-18T07:40:14.518+0000] {processor.py:183} INFO - Processing /opt/airflow/dags/failed_lineage_dag.py took 1.149 seconds
[2025-11-18T07:41:20.981+0000] {processor.py:161} INFO - Started process (PID=16943) to work on /opt/airflow/dags/failed_lineage_dag.py
[2025-11-18T07:41:20.984+0000] {processor.py:830} INFO - Processing file /opt/airflow/dags/failed_lineage_dag.py for tasks to queue
[2025-11-18T07:41:20.995+0000] {logging_mixin.py:188} INFO - [2025-11-18T07:41:20.985+0000] {dagbag.py:538} INFO - Filling up the DagBag from /opt/airflow/dags/failed_lineage_dag.py
[2025-11-18T07:41:21.313+0000] {processor.py:840} INFO - DAG(s) 'failed_lineage_dag' retrieved from /opt/airflow/dags/failed_lineage_dag.py
[2025-11-18T07:41:21.521+0000] {logging_mixin.py:188} INFO - [2025-11-18T07:41:21.520+0000] {dag.py:3036} INFO - Sync 1 DAGs
[2025-11-18T07:41:21.617+0000] {logging_mixin.py:188} INFO - [2025-11-18T07:41:21.616+0000] {dag.py:3823} INFO - Setting next_dagrun for failed_lineage_dag to None, run_after=None
[2025-11-18T07:41:21.823+0000] {processor.py:183} INFO - Processing /opt/airflow/dags/failed_lineage_dag.py took 0.855 seconds
[2025-11-18T07:41:53.593+0000] {processor.py:161} INFO - Started process (PID=16968) to work on /opt/airflow/dags/failed_lineage_dag.py
[2025-11-18T07:41:53.597+0000] {processor.py:830} INFO - Processing file /opt/airflow/dags/failed_lineage_dag.py for tasks to queue
[2025-11-18T07:41:53.620+0000] {logging_mixin.py:188} INFO - [2025-11-18T07:41:53.619+0000] {dagbag.py:538} INFO - Filling up the DagBag from /opt/airflow/dags/failed_lineage_dag.py
[2025-11-18T07:41:53.836+0000] {processor.py:840} INFO - DAG(s) 'failed_lineage_dag' retrieved from /opt/airflow/dags/failed_lineage_dag.py
[2025-11-18T07:41:53.959+0000] {logging_mixin.py:188} INFO - [2025-11-18T07:41:53.958+0000] {dag.py:3036} INFO - Sync 1 DAGs
[2025-11-18T07:41:54.006+0000] {logging_mixin.py:188} INFO - [2025-11-18T07:41:54.006+0000] {dag.py:3823} INFO - Setting next_dagrun for failed_lineage_dag to None, run_after=None
[2025-11-18T07:41:54.184+0000] {processor.py:183} INFO - Processing /opt/airflow/dags/failed_lineage_dag.py took 0.597 seconds
[2025-11-18T07:42:26.283+0000] {processor.py:161} INFO - Started process (PID=16993) to work on /opt/airflow/dags/failed_lineage_dag.py
[2025-11-18T07:42:26.308+0000] {processor.py:830} INFO - Processing file /opt/airflow/dags/failed_lineage_dag.py for tasks to queue
[2025-11-18T07:42:26.319+0000] {logging_mixin.py:188} INFO - [2025-11-18T07:42:26.317+0000] {dagbag.py:538} INFO - Filling up the DagBag from /opt/airflow/dags/failed_lineage_dag.py
[2025-11-18T07:42:26.965+0000] {processor.py:840} INFO - DAG(s) 'failed_lineage_dag' retrieved from /opt/airflow/dags/failed_lineage_dag.py
[2025-11-18T07:42:27.094+0000] {logging_mixin.py:188} INFO - [2025-11-18T07:42:27.094+0000] {dag.py:3036} INFO - Sync 1 DAGs
[2025-11-18T07:42:27.176+0000] {logging_mixin.py:188} INFO - [2025-11-18T07:42:27.176+0000] {dag.py:3823} INFO - Setting next_dagrun for failed_lineage_dag to None, run_after=None
[2025-11-18T07:42:27.585+0000] {processor.py:183} INFO - Processing /opt/airflow/dags/failed_lineage_dag.py took 1.347 seconds
[2025-11-18T07:42:58.172+0000] {processor.py:161} INFO - Started process (PID=17018) to work on /opt/airflow/dags/failed_lineage_dag.py
[2025-11-18T07:42:58.182+0000] {processor.py:830} INFO - Processing file /opt/airflow/dags/failed_lineage_dag.py for tasks to queue
[2025-11-18T07:42:58.185+0000] {logging_mixin.py:188} INFO - [2025-11-18T07:42:58.184+0000] {dagbag.py:538} INFO - Filling up the DagBag from /opt/airflow/dags/failed_lineage_dag.py
[2025-11-18T07:42:58.249+0000] {processor.py:840} INFO - DAG(s) 'failed_lineage_dag' retrieved from /opt/airflow/dags/failed_lineage_dag.py
[2025-11-18T07:42:58.300+0000] {logging_mixin.py:188} INFO - [2025-11-18T07:42:58.299+0000] {dag.py:3036} INFO - Sync 1 DAGs
[2025-11-18T07:42:58.338+0000] {logging_mixin.py:188} INFO - [2025-11-18T07:42:58.338+0000] {dag.py:3823} INFO - Setting next_dagrun for failed_lineage_dag to None, run_after=None
[2025-11-18T07:42:58.414+0000] {processor.py:183} INFO - Processing /opt/airflow/dags/failed_lineage_dag.py took 0.249 seconds
[2025-11-18T07:43:28.511+0000] {processor.py:161} INFO - Started process (PID=17043) to work on /opt/airflow/dags/failed_lineage_dag.py
[2025-11-18T07:43:28.513+0000] {processor.py:830} INFO - Processing file /opt/airflow/dags/failed_lineage_dag.py for tasks to queue
[2025-11-18T07:43:28.515+0000] {logging_mixin.py:188} INFO - [2025-11-18T07:43:28.515+0000] {dagbag.py:538} INFO - Filling up the DagBag from /opt/airflow/dags/failed_lineage_dag.py
[2025-11-18T07:43:28.570+0000] {processor.py:840} INFO - DAG(s) 'failed_lineage_dag' retrieved from /opt/airflow/dags/failed_lineage_dag.py
[2025-11-18T07:43:28.610+0000] {logging_mixin.py:188} INFO - [2025-11-18T07:43:28.610+0000] {dag.py:3036} INFO - Sync 1 DAGs
[2025-11-18T07:43:28.623+0000] {logging_mixin.py:188} INFO - [2025-11-18T07:43:28.623+0000] {dag.py:3823} INFO - Setting next_dagrun for failed_lineage_dag to None, run_after=None
[2025-11-18T07:43:28.642+0000] {processor.py:183} INFO - Processing /opt/airflow/dags/failed_lineage_dag.py took 0.141 seconds
[2025-11-18T07:43:58.962+0000] {processor.py:161} INFO - Started process (PID=17068) to work on /opt/airflow/dags/failed_lineage_dag.py
[2025-11-18T07:43:58.966+0000] {processor.py:830} INFO - Processing file /opt/airflow/dags/failed_lineage_dag.py for tasks to queue
[2025-11-18T07:43:58.975+0000] {logging_mixin.py:188} INFO - [2025-11-18T07:43:58.974+0000] {dagbag.py:538} INFO - Filling up the DagBag from /opt/airflow/dags/failed_lineage_dag.py
[2025-11-18T07:43:59.011+0000] {processor.py:840} INFO - DAG(s) 'failed_lineage_dag' retrieved from /opt/airflow/dags/failed_lineage_dag.py
[2025-11-18T07:43:59.046+0000] {logging_mixin.py:188} INFO - [2025-11-18T07:43:59.045+0000] {dag.py:3036} INFO - Sync 1 DAGs
[2025-11-18T07:43:59.080+0000] {logging_mixin.py:188} INFO - [2025-11-18T07:43:59.080+0000] {dag.py:3823} INFO - Setting next_dagrun for failed_lineage_dag to None, run_after=None
[2025-11-18T07:43:59.124+0000] {processor.py:183} INFO - Processing /opt/airflow/dags/failed_lineage_dag.py took 0.167 seconds
[2025-11-18T07:44:30.114+0000] {processor.py:161} INFO - Started process (PID=17093) to work on /opt/airflow/dags/failed_lineage_dag.py
[2025-11-18T07:44:30.116+0000] {processor.py:830} INFO - Processing file /opt/airflow/dags/failed_lineage_dag.py for tasks to queue
[2025-11-18T07:44:30.117+0000] {logging_mixin.py:188} INFO - [2025-11-18T07:44:30.117+0000] {dagbag.py:538} INFO - Filling up the DagBag from /opt/airflow/dags/failed_lineage_dag.py
[2025-11-18T07:44:30.140+0000] {processor.py:840} INFO - DAG(s) 'failed_lineage_dag' retrieved from /opt/airflow/dags/failed_lineage_dag.py
[2025-11-18T07:44:30.172+0000] {logging_mixin.py:188} INFO - [2025-11-18T07:44:30.172+0000] {dag.py:3036} INFO - Sync 1 DAGs
[2025-11-18T07:44:30.186+0000] {logging_mixin.py:188} INFO - [2025-11-18T07:44:30.186+0000] {dag.py:3823} INFO - Setting next_dagrun for failed_lineage_dag to None, run_after=None
[2025-11-18T07:44:30.209+0000] {processor.py:183} INFO - Processing /opt/airflow/dags/failed_lineage_dag.py took 0.099 seconds
[2025-11-18T07:45:06.249+0000] {processor.py:161} INFO - Started process (PID=17118) to work on /opt/airflow/dags/failed_lineage_dag.py
[2025-11-18T07:45:06.282+0000] {processor.py:830} INFO - Processing file /opt/airflow/dags/failed_lineage_dag.py for tasks to queue
[2025-11-18T07:45:06.317+0000] {logging_mixin.py:188} INFO - [2025-11-18T07:45:06.316+0000] {dagbag.py:538} INFO - Filling up the DagBag from /opt/airflow/dags/failed_lineage_dag.py
[2025-11-18T07:45:06.664+0000] {processor.py:840} INFO - DAG(s) 'failed_lineage_dag' retrieved from /opt/airflow/dags/failed_lineage_dag.py
[2025-11-18T07:45:07.157+0000] {logging_mixin.py:188} INFO - [2025-11-18T07:45:07.157+0000] {dag.py:3036} INFO - Sync 1 DAGs
[2025-11-18T07:45:07.319+0000] {logging_mixin.py:188} INFO - [2025-11-18T07:45:07.319+0000] {dag.py:3823} INFO - Setting next_dagrun for failed_lineage_dag to None, run_after=None
[2025-11-18T07:45:07.569+0000] {processor.py:183} INFO - Processing /opt/airflow/dags/failed_lineage_dag.py took 1.325 seconds
[2025-11-18T07:45:39.148+0000] {processor.py:161} INFO - Started process (PID=17143) to work on /opt/airflow/dags/failed_lineage_dag.py
[2025-11-18T07:45:39.155+0000] {processor.py:830} INFO - Processing file /opt/airflow/dags/failed_lineage_dag.py for tasks to queue
[2025-11-18T07:45:39.161+0000] {logging_mixin.py:188} INFO - [2025-11-18T07:45:39.159+0000] {dagbag.py:538} INFO - Filling up the DagBag from /opt/airflow/dags/failed_lineage_dag.py
[2025-11-18T07:45:39.314+0000] {processor.py:840} INFO - DAG(s) 'failed_lineage_dag' retrieved from /opt/airflow/dags/failed_lineage_dag.py
[2025-11-18T07:45:39.419+0000] {logging_mixin.py:188} INFO - [2025-11-18T07:45:39.419+0000] {dag.py:3036} INFO - Sync 1 DAGs
[2025-11-18T07:45:39.484+0000] {logging_mixin.py:188} INFO - [2025-11-18T07:45:39.483+0000] {dag.py:3823} INFO - Setting next_dagrun for failed_lineage_dag to None, run_after=None
[2025-11-18T07:45:39.606+0000] {processor.py:183} INFO - Processing /opt/airflow/dags/failed_lineage_dag.py took 0.464 seconds
[2025-11-18T07:46:10.894+0000] {processor.py:161} INFO - Started process (PID=17166) to work on /opt/airflow/dags/failed_lineage_dag.py
[2025-11-18T07:46:10.906+0000] {processor.py:830} INFO - Processing file /opt/airflow/dags/failed_lineage_dag.py for tasks to queue
[2025-11-18T07:46:10.908+0000] {logging_mixin.py:188} INFO - [2025-11-18T07:46:10.908+0000] {dagbag.py:538} INFO - Filling up the DagBag from /opt/airflow/dags/failed_lineage_dag.py
[2025-11-18T07:46:10.966+0000] {processor.py:840} INFO - DAG(s) 'failed_lineage_dag' retrieved from /opt/airflow/dags/failed_lineage_dag.py
[2025-11-18T07:46:11.094+0000] {logging_mixin.py:188} INFO - [2025-11-18T07:46:11.093+0000] {dag.py:3036} INFO - Sync 1 DAGs
[2025-11-18T07:46:11.161+0000] {logging_mixin.py:188} INFO - [2025-11-18T07:46:11.161+0000] {dag.py:3823} INFO - Setting next_dagrun for failed_lineage_dag to None, run_after=None
[2025-11-18T07:46:11.247+0000] {processor.py:183} INFO - Processing /opt/airflow/dags/failed_lineage_dag.py took 0.362 seconds
[2025-11-18T07:46:41.659+0000] {processor.py:161} INFO - Started process (PID=17193) to work on /opt/airflow/dags/failed_lineage_dag.py
[2025-11-18T07:46:41.663+0000] {processor.py:830} INFO - Processing file /opt/airflow/dags/failed_lineage_dag.py for tasks to queue
[2025-11-18T07:46:41.665+0000] {logging_mixin.py:188} INFO - [2025-11-18T07:46:41.665+0000] {dagbag.py:538} INFO - Filling up the DagBag from /opt/airflow/dags/failed_lineage_dag.py
[2025-11-18T07:46:41.723+0000] {processor.py:840} INFO - DAG(s) 'failed_lineage_dag' retrieved from /opt/airflow/dags/failed_lineage_dag.py
[2025-11-18T07:46:41.830+0000] {logging_mixin.py:188} INFO - [2025-11-18T07:46:41.830+0000] {dag.py:3036} INFO - Sync 1 DAGs
[2025-11-18T07:46:41.882+0000] {logging_mixin.py:188} INFO - [2025-11-18T07:46:41.881+0000] {dag.py:3823} INFO - Setting next_dagrun for failed_lineage_dag to None, run_after=None
[2025-11-18T07:46:41.999+0000] {processor.py:183} INFO - Processing /opt/airflow/dags/failed_lineage_dag.py took 0.345 seconds
[2025-11-18T07:47:12.095+0000] {processor.py:161} INFO - Started process (PID=17218) to work on /opt/airflow/dags/failed_lineage_dag.py
[2025-11-18T07:47:12.096+0000] {processor.py:830} INFO - Processing file /opt/airflow/dags/failed_lineage_dag.py for tasks to queue
[2025-11-18T07:47:12.097+0000] {logging_mixin.py:188} INFO - [2025-11-18T07:47:12.097+0000] {dagbag.py:538} INFO - Filling up the DagBag from /opt/airflow/dags/failed_lineage_dag.py
[2025-11-18T07:47:12.112+0000] {processor.py:840} INFO - DAG(s) 'failed_lineage_dag' retrieved from /opt/airflow/dags/failed_lineage_dag.py
[2025-11-18T07:47:12.152+0000] {logging_mixin.py:188} INFO - [2025-11-18T07:47:12.152+0000] {dag.py:3036} INFO - Sync 1 DAGs
[2025-11-18T07:47:12.162+0000] {logging_mixin.py:188} INFO - [2025-11-18T07:47:12.162+0000] {dag.py:3823} INFO - Setting next_dagrun for failed_lineage_dag to None, run_after=None
[2025-11-18T07:47:12.181+0000] {processor.py:183} INFO - Processing /opt/airflow/dags/failed_lineage_dag.py took 0.090 seconds
[2025-11-18T07:47:42.804+0000] {processor.py:161} INFO - Started process (PID=17243) to work on /opt/airflow/dags/failed_lineage_dag.py
[2025-11-18T07:47:42.806+0000] {processor.py:830} INFO - Processing file /opt/airflow/dags/failed_lineage_dag.py for tasks to queue
[2025-11-18T07:47:42.807+0000] {logging_mixin.py:188} INFO - [2025-11-18T07:47:42.807+0000] {dagbag.py:538} INFO - Filling up the DagBag from /opt/airflow/dags/failed_lineage_dag.py
[2025-11-18T07:47:42.825+0000] {processor.py:840} INFO - DAG(s) 'failed_lineage_dag' retrieved from /opt/airflow/dags/failed_lineage_dag.py
[2025-11-18T07:47:42.852+0000] {logging_mixin.py:188} INFO - [2025-11-18T07:47:42.852+0000] {dag.py:3036} INFO - Sync 1 DAGs
[2025-11-18T07:47:42.865+0000] {logging_mixin.py:188} INFO - [2025-11-18T07:47:42.864+0000] {dag.py:3823} INFO - Setting next_dagrun for failed_lineage_dag to None, run_after=None
[2025-11-18T07:47:42.885+0000] {processor.py:183} INFO - Processing /opt/airflow/dags/failed_lineage_dag.py took 0.084 seconds
[2025-11-18T07:48:13.938+0000] {processor.py:161} INFO - Started process (PID=17268) to work on /opt/airflow/dags/failed_lineage_dag.py
[2025-11-18T07:48:13.940+0000] {processor.py:830} INFO - Processing file /opt/airflow/dags/failed_lineage_dag.py for tasks to queue
[2025-11-18T07:48:13.942+0000] {logging_mixin.py:188} INFO - [2025-11-18T07:48:13.941+0000] {dagbag.py:538} INFO - Filling up the DagBag from /opt/airflow/dags/failed_lineage_dag.py
[2025-11-18T07:48:13.965+0000] {processor.py:840} INFO - DAG(s) 'failed_lineage_dag' retrieved from /opt/airflow/dags/failed_lineage_dag.py
[2025-11-18T07:48:14.009+0000] {logging_mixin.py:188} INFO - [2025-11-18T07:48:14.009+0000] {dag.py:3036} INFO - Sync 1 DAGs
[2025-11-18T07:48:14.024+0000] {logging_mixin.py:188} INFO - [2025-11-18T07:48:14.024+0000] {dag.py:3823} INFO - Setting next_dagrun for failed_lineage_dag to None, run_after=None
[2025-11-18T07:48:14.050+0000] {processor.py:183} INFO - Processing /opt/airflow/dags/failed_lineage_dag.py took 0.116 seconds
[2025-11-18T07:48:44.449+0000] {processor.py:161} INFO - Started process (PID=17293) to work on /opt/airflow/dags/failed_lineage_dag.py
[2025-11-18T07:48:44.451+0000] {processor.py:830} INFO - Processing file /opt/airflow/dags/failed_lineage_dag.py for tasks to queue
[2025-11-18T07:48:44.452+0000] {logging_mixin.py:188} INFO - [2025-11-18T07:48:44.452+0000] {dagbag.py:538} INFO - Filling up the DagBag from /opt/airflow/dags/failed_lineage_dag.py
[2025-11-18T07:48:44.471+0000] {processor.py:840} INFO - DAG(s) 'failed_lineage_dag' retrieved from /opt/airflow/dags/failed_lineage_dag.py
[2025-11-18T07:48:44.500+0000] {logging_mixin.py:188} INFO - [2025-11-18T07:48:44.500+0000] {dag.py:3036} INFO - Sync 1 DAGs
[2025-11-18T07:48:44.513+0000] {logging_mixin.py:188} INFO - [2025-11-18T07:48:44.513+0000] {dag.py:3823} INFO - Setting next_dagrun for failed_lineage_dag to None, run_after=None
[2025-11-18T07:48:44.537+0000] {processor.py:183} INFO - Processing /opt/airflow/dags/failed_lineage_dag.py took 0.092 seconds
[2025-11-18T07:49:15.709+0000] {processor.py:161} INFO - Started process (PID=17316) to work on /opt/airflow/dags/failed_lineage_dag.py
[2025-11-18T07:49:15.713+0000] {processor.py:830} INFO - Processing file /opt/airflow/dags/failed_lineage_dag.py for tasks to queue
[2025-11-18T07:49:15.725+0000] {logging_mixin.py:188} INFO - [2025-11-18T07:49:15.725+0000] {dagbag.py:538} INFO - Filling up the DagBag from /opt/airflow/dags/failed_lineage_dag.py
[2025-11-18T07:49:15.857+0000] {processor.py:840} INFO - DAG(s) 'failed_lineage_dag' retrieved from /opt/airflow/dags/failed_lineage_dag.py
[2025-11-18T07:49:15.939+0000] {logging_mixin.py:188} INFO - [2025-11-18T07:49:15.938+0000] {dag.py:3036} INFO - Sync 1 DAGs
[2025-11-18T07:49:15.987+0000] {logging_mixin.py:188} INFO - [2025-11-18T07:49:15.986+0000] {dag.py:3823} INFO - Setting next_dagrun for failed_lineage_dag to None, run_after=None
[2025-11-18T07:49:16.149+0000] {processor.py:183} INFO - Processing /opt/airflow/dags/failed_lineage_dag.py took 0.445 seconds
[2025-11-18T07:49:46.777+0000] {processor.py:161} INFO - Started process (PID=17341) to work on /opt/airflow/dags/failed_lineage_dag.py
[2025-11-18T07:49:46.789+0000] {processor.py:830} INFO - Processing file /opt/airflow/dags/failed_lineage_dag.py for tasks to queue
[2025-11-18T07:49:46.795+0000] {logging_mixin.py:188} INFO - [2025-11-18T07:49:46.794+0000] {dagbag.py:538} INFO - Filling up the DagBag from /opt/airflow/dags/failed_lineage_dag.py
[2025-11-18T07:49:46.832+0000] {processor.py:840} INFO - DAG(s) 'failed_lineage_dag' retrieved from /opt/airflow/dags/failed_lineage_dag.py
[2025-11-18T07:49:46.885+0000] {logging_mixin.py:188} INFO - [2025-11-18T07:49:46.884+0000] {dag.py:3036} INFO - Sync 1 DAGs
[2025-11-18T07:49:46.906+0000] {logging_mixin.py:188} INFO - [2025-11-18T07:49:46.906+0000] {dag.py:3823} INFO - Setting next_dagrun for failed_lineage_dag to None, run_after=None
[2025-11-18T07:49:46.956+0000] {processor.py:183} INFO - Processing /opt/airflow/dags/failed_lineage_dag.py took 0.195 seconds
[2025-11-18T07:50:17.224+0000] {processor.py:161} INFO - Started process (PID=17366) to work on /opt/airflow/dags/failed_lineage_dag.py
[2025-11-18T07:50:17.226+0000] {processor.py:830} INFO - Processing file /opt/airflow/dags/failed_lineage_dag.py for tasks to queue
[2025-11-18T07:50:17.228+0000] {logging_mixin.py:188} INFO - [2025-11-18T07:50:17.227+0000] {dagbag.py:538} INFO - Filling up the DagBag from /opt/airflow/dags/failed_lineage_dag.py
[2025-11-18T07:50:17.253+0000] {processor.py:840} INFO - DAG(s) 'failed_lineage_dag' retrieved from /opt/airflow/dags/failed_lineage_dag.py
[2025-11-18T07:50:17.327+0000] {logging_mixin.py:188} INFO - [2025-11-18T07:50:17.327+0000] {dag.py:3036} INFO - Sync 1 DAGs
[2025-11-18T07:50:17.425+0000] {logging_mixin.py:188} INFO - [2025-11-18T07:50:17.425+0000] {dag.py:3823} INFO - Setting next_dagrun for failed_lineage_dag to None, run_after=None
[2025-11-18T07:50:17.502+0000] {processor.py:183} INFO - Processing /opt/airflow/dags/failed_lineage_dag.py took 0.283 seconds
[2025-11-18T07:50:48.261+0000] {processor.py:161} INFO - Started process (PID=17386) to work on /opt/airflow/dags/failed_lineage_dag.py
[2025-11-18T07:50:48.264+0000] {processor.py:830} INFO - Processing file /opt/airflow/dags/failed_lineage_dag.py for tasks to queue
[2025-11-18T07:50:48.265+0000] {logging_mixin.py:188} INFO - [2025-11-18T07:50:48.265+0000] {dagbag.py:538} INFO - Filling up the DagBag from /opt/airflow/dags/failed_lineage_dag.py
[2025-11-18T07:50:49.294+0000] {processor.py:840} INFO - DAG(s) 'failed_lineage_dag' retrieved from /opt/airflow/dags/failed_lineage_dag.py
[2025-11-18T07:50:49.329+0000] {logging_mixin.py:188} INFO - [2025-11-18T07:50:49.329+0000] {dag.py:3036} INFO - Sync 1 DAGs
[2025-11-18T07:50:49.343+0000] {logging_mixin.py:188} INFO - [2025-11-18T07:50:49.343+0000] {dag.py:3823} INFO - Setting next_dagrun for failed_lineage_dag to None, run_after=None
[2025-11-18T07:50:49.378+0000] {processor.py:183} INFO - Processing /opt/airflow/dags/failed_lineage_dag.py took 1.123 seconds
[2025-11-18T07:51:19.909+0000] {processor.py:161} INFO - Started process (PID=17423) to work on /opt/airflow/dags/failed_lineage_dag.py
[2025-11-18T07:51:19.917+0000] {processor.py:830} INFO - Processing file /opt/airflow/dags/failed_lineage_dag.py for tasks to queue
[2025-11-18T07:51:19.928+0000] {logging_mixin.py:188} INFO - [2025-11-18T07:51:19.928+0000] {dagbag.py:538} INFO - Filling up the DagBag from /opt/airflow/dags/failed_lineage_dag.py
[2025-11-18T07:51:19.984+0000] {processor.py:840} INFO - DAG(s) 'failed_lineage_dag' retrieved from /opt/airflow/dags/failed_lineage_dag.py
[2025-11-18T07:51:20.042+0000] {logging_mixin.py:188} INFO - [2025-11-18T07:51:20.041+0000] {dag.py:3036} INFO - Sync 1 DAGs
[2025-11-18T07:51:20.093+0000] {logging_mixin.py:188} INFO - [2025-11-18T07:51:20.086+0000] {dag.py:3823} INFO - Setting next_dagrun for failed_lineage_dag to None, run_after=None
[2025-11-18T07:51:20.171+0000] {processor.py:183} INFO - Processing /opt/airflow/dags/failed_lineage_dag.py took 0.267 seconds
[2025-11-18T07:51:50.602+0000] {processor.py:161} INFO - Started process (PID=17448) to work on /opt/airflow/dags/failed_lineage_dag.py
[2025-11-18T07:51:50.603+0000] {processor.py:830} INFO - Processing file /opt/airflow/dags/failed_lineage_dag.py for tasks to queue
[2025-11-18T07:51:50.605+0000] {logging_mixin.py:188} INFO - [2025-11-18T07:51:50.604+0000] {dagbag.py:538} INFO - Filling up the DagBag from /opt/airflow/dags/failed_lineage_dag.py
[2025-11-18T07:51:50.688+0000] {processor.py:840} INFO - DAG(s) 'failed_lineage_dag' retrieved from /opt/airflow/dags/failed_lineage_dag.py
[2025-11-18T07:51:50.723+0000] {logging_mixin.py:188} INFO - [2025-11-18T07:51:50.723+0000] {dag.py:3036} INFO - Sync 1 DAGs
[2025-11-18T07:51:50.738+0000] {logging_mixin.py:188} INFO - [2025-11-18T07:51:50.738+0000] {dag.py:3823} INFO - Setting next_dagrun for failed_lineage_dag to None, run_after=None
[2025-11-18T07:51:50.777+0000] {processor.py:183} INFO - Processing /opt/airflow/dags/failed_lineage_dag.py took 0.180 seconds
[2025-11-18T07:52:20.888+0000] {processor.py:161} INFO - Started process (PID=17471) to work on /opt/airflow/dags/failed_lineage_dag.py
[2025-11-18T07:52:20.891+0000] {processor.py:830} INFO - Processing file /opt/airflow/dags/failed_lineage_dag.py for tasks to queue
[2025-11-18T07:52:20.892+0000] {logging_mixin.py:188} INFO - [2025-11-18T07:52:20.892+0000] {dagbag.py:538} INFO - Filling up the DagBag from /opt/airflow/dags/failed_lineage_dag.py
[2025-11-18T07:52:20.931+0000] {processor.py:840} INFO - DAG(s) 'failed_lineage_dag' retrieved from /opt/airflow/dags/failed_lineage_dag.py
[2025-11-18T07:52:21.025+0000] {logging_mixin.py:188} INFO - [2025-11-18T07:52:21.025+0000] {dag.py:3036} INFO - Sync 1 DAGs
[2025-11-18T07:52:21.089+0000] {logging_mixin.py:188} INFO - [2025-11-18T07:52:21.088+0000] {dag.py:3823} INFO - Setting next_dagrun for failed_lineage_dag to None, run_after=None
[2025-11-18T07:52:21.260+0000] {processor.py:183} INFO - Processing /opt/airflow/dags/failed_lineage_dag.py took 0.377 seconds
[2025-11-18T07:52:51.618+0000] {processor.py:161} INFO - Started process (PID=17498) to work on /opt/airflow/dags/failed_lineage_dag.py
[2025-11-18T07:52:51.620+0000] {processor.py:830} INFO - Processing file /opt/airflow/dags/failed_lineage_dag.py for tasks to queue
[2025-11-18T07:52:51.621+0000] {logging_mixin.py:188} INFO - [2025-11-18T07:52:51.621+0000] {dagbag.py:538} INFO - Filling up the DagBag from /opt/airflow/dags/failed_lineage_dag.py
[2025-11-18T07:52:51.641+0000] {processor.py:840} INFO - DAG(s) 'failed_lineage_dag' retrieved from /opt/airflow/dags/failed_lineage_dag.py
[2025-11-18T07:52:51.673+0000] {logging_mixin.py:188} INFO - [2025-11-18T07:52:51.673+0000] {dag.py:3036} INFO - Sync 1 DAGs
[2025-11-18T07:52:51.687+0000] {logging_mixin.py:188} INFO - [2025-11-18T07:52:51.687+0000] {dag.py:3823} INFO - Setting next_dagrun for failed_lineage_dag to None, run_after=None
[2025-11-18T07:52:51.726+0000] {processor.py:183} INFO - Processing /opt/airflow/dags/failed_lineage_dag.py took 0.112 seconds
[2025-11-18T07:53:25.566+0000] {processor.py:161} INFO - Started process (PID=17518) to work on /opt/airflow/dags/failed_lineage_dag.py
[2025-11-18T07:53:25.605+0000] {processor.py:830} INFO - Processing file /opt/airflow/dags/failed_lineage_dag.py for tasks to queue
[2025-11-18T07:53:25.667+0000] {logging_mixin.py:188} INFO - [2025-11-18T07:53:25.666+0000] {dagbag.py:538} INFO - Filling up the DagBag from /opt/airflow/dags/failed_lineage_dag.py
[2025-11-18T07:53:26.130+0000] {processor.py:840} INFO - DAG(s) 'failed_lineage_dag' retrieved from /opt/airflow/dags/failed_lineage_dag.py
[2025-11-18T07:53:26.328+0000] {logging_mixin.py:188} INFO - [2025-11-18T07:53:26.327+0000] {dag.py:3036} INFO - Sync 1 DAGs
[2025-11-18T07:53:26.404+0000] {logging_mixin.py:188} INFO - [2025-11-18T07:53:26.404+0000] {dag.py:3823} INFO - Setting next_dagrun for failed_lineage_dag to None, run_after=None
[2025-11-18T07:53:26.771+0000] {processor.py:183} INFO - Processing /opt/airflow/dags/failed_lineage_dag.py took 1.210 seconds
[2025-11-18T07:53:57.273+0000] {processor.py:161} INFO - Started process (PID=17543) to work on /opt/airflow/dags/failed_lineage_dag.py
[2025-11-18T07:53:57.275+0000] {processor.py:830} INFO - Processing file /opt/airflow/dags/failed_lineage_dag.py for tasks to queue
[2025-11-18T07:53:57.277+0000] {logging_mixin.py:188} INFO - [2025-11-18T07:53:57.277+0000] {dagbag.py:538} INFO - Filling up the DagBag from /opt/airflow/dags/failed_lineage_dag.py
[2025-11-18T07:53:57.302+0000] {processor.py:840} INFO - DAG(s) 'failed_lineage_dag' retrieved from /opt/airflow/dags/failed_lineage_dag.py
[2025-11-18T07:53:57.356+0000] {logging_mixin.py:188} INFO - [2025-11-18T07:53:57.356+0000] {dag.py:3036} INFO - Sync 1 DAGs
[2025-11-18T07:53:57.373+0000] {logging_mixin.py:188} INFO - [2025-11-18T07:53:57.372+0000] {dag.py:3823} INFO - Setting next_dagrun for failed_lineage_dag to None, run_after=None
[2025-11-18T07:53:57.494+0000] {processor.py:183} INFO - Processing /opt/airflow/dags/failed_lineage_dag.py took 0.226 seconds
[2025-11-18T07:54:28.208+0000] {processor.py:161} INFO - Started process (PID=17568) to work on /opt/airflow/dags/failed_lineage_dag.py
[2025-11-18T07:54:28.210+0000] {processor.py:830} INFO - Processing file /opt/airflow/dags/failed_lineage_dag.py for tasks to queue
[2025-11-18T07:54:28.212+0000] {logging_mixin.py:188} INFO - [2025-11-18T07:54:28.211+0000] {dagbag.py:538} INFO - Filling up the DagBag from /opt/airflow/dags/failed_lineage_dag.py
[2025-11-18T07:54:28.245+0000] {processor.py:840} INFO - DAG(s) 'failed_lineage_dag' retrieved from /opt/airflow/dags/failed_lineage_dag.py
[2025-11-18T07:54:28.288+0000] {logging_mixin.py:188} INFO - [2025-11-18T07:54:28.288+0000] {dag.py:3036} INFO - Sync 1 DAGs
[2025-11-18T07:54:28.321+0000] {logging_mixin.py:188} INFO - [2025-11-18T07:54:28.321+0000] {dag.py:3823} INFO - Setting next_dagrun for failed_lineage_dag to None, run_after=None
[2025-11-18T07:54:28.352+0000] {processor.py:183} INFO - Processing /opt/airflow/dags/failed_lineage_dag.py took 0.151 seconds
[2025-11-18T07:54:58.939+0000] {processor.py:161} INFO - Started process (PID=17593) to work on /opt/airflow/dags/failed_lineage_dag.py
[2025-11-18T07:54:58.948+0000] {processor.py:830} INFO - Processing file /opt/airflow/dags/failed_lineage_dag.py for tasks to queue
[2025-11-18T07:54:58.949+0000] {logging_mixin.py:188} INFO - [2025-11-18T07:54:58.949+0000] {dagbag.py:538} INFO - Filling up the DagBag from /opt/airflow/dags/failed_lineage_dag.py
[2025-11-18T07:54:59.173+0000] {processor.py:840} INFO - DAG(s) 'failed_lineage_dag' retrieved from /opt/airflow/dags/failed_lineage_dag.py
[2025-11-18T07:54:59.232+0000] {logging_mixin.py:188} INFO - [2025-11-18T07:54:59.231+0000] {dag.py:3036} INFO - Sync 1 DAGs
[2025-11-18T07:54:59.251+0000] {logging_mixin.py:188} INFO - [2025-11-18T07:54:59.250+0000] {dag.py:3823} INFO - Setting next_dagrun for failed_lineage_dag to None, run_after=None
[2025-11-18T07:54:59.303+0000] {processor.py:183} INFO - Processing /opt/airflow/dags/failed_lineage_dag.py took 0.369 seconds
[2025-11-18T07:55:29.475+0000] {processor.py:161} INFO - Started process (PID=17618) to work on /opt/airflow/dags/failed_lineage_dag.py
[2025-11-18T07:55:29.477+0000] {processor.py:830} INFO - Processing file /opt/airflow/dags/failed_lineage_dag.py for tasks to queue
[2025-11-18T07:55:29.478+0000] {logging_mixin.py:188} INFO - [2025-11-18T07:55:29.478+0000] {dagbag.py:538} INFO - Filling up the DagBag from /opt/airflow/dags/failed_lineage_dag.py
[2025-11-18T07:55:29.510+0000] {processor.py:840} INFO - DAG(s) 'failed_lineage_dag' retrieved from /opt/airflow/dags/failed_lineage_dag.py
[2025-11-18T07:55:29.574+0000] {logging_mixin.py:188} INFO - [2025-11-18T07:55:29.573+0000] {dag.py:3036} INFO - Sync 1 DAGs
[2025-11-18T07:55:29.593+0000] {logging_mixin.py:188} INFO - [2025-11-18T07:55:29.593+0000] {dag.py:3823} INFO - Setting next_dagrun for failed_lineage_dag to None, run_after=None
[2025-11-18T07:55:29.616+0000] {processor.py:183} INFO - Processing /opt/airflow/dags/failed_lineage_dag.py took 0.145 seconds
[2025-11-18T07:56:00.371+0000] {processor.py:161} INFO - Started process (PID=17643) to work on /opt/airflow/dags/failed_lineage_dag.py
[2025-11-18T07:56:00.373+0000] {processor.py:830} INFO - Processing file /opt/airflow/dags/failed_lineage_dag.py for tasks to queue
[2025-11-18T07:56:00.375+0000] {logging_mixin.py:188} INFO - [2025-11-18T07:56:00.374+0000] {dagbag.py:538} INFO - Filling up the DagBag from /opt/airflow/dags/failed_lineage_dag.py
[2025-11-18T07:56:00.396+0000] {processor.py:840} INFO - DAG(s) 'failed_lineage_dag' retrieved from /opt/airflow/dags/failed_lineage_dag.py
[2025-11-18T07:56:00.452+0000] {logging_mixin.py:188} INFO - [2025-11-18T07:56:00.452+0000] {dag.py:3036} INFO - Sync 1 DAGs
[2025-11-18T07:56:00.470+0000] {logging_mixin.py:188} INFO - [2025-11-18T07:56:00.470+0000] {dag.py:3823} INFO - Setting next_dagrun for failed_lineage_dag to None, run_after=None
[2025-11-18T07:56:00.494+0000] {processor.py:183} INFO - Processing /opt/airflow/dags/failed_lineage_dag.py took 0.127 seconds
[2025-11-18T07:56:31.187+0000] {processor.py:161} INFO - Started process (PID=17668) to work on /opt/airflow/dags/failed_lineage_dag.py
[2025-11-18T07:56:31.189+0000] {processor.py:830} INFO - Processing file /opt/airflow/dags/failed_lineage_dag.py for tasks to queue
[2025-11-18T07:56:31.190+0000] {logging_mixin.py:188} INFO - [2025-11-18T07:56:31.190+0000] {dagbag.py:538} INFO - Filling up the DagBag from /opt/airflow/dags/failed_lineage_dag.py
[2025-11-18T07:56:31.208+0000] {processor.py:840} INFO - DAG(s) 'failed_lineage_dag' retrieved from /opt/airflow/dags/failed_lineage_dag.py
[2025-11-18T07:56:31.236+0000] {logging_mixin.py:188} INFO - [2025-11-18T07:56:31.236+0000] {dag.py:3036} INFO - Sync 1 DAGs
[2025-11-18T07:56:31.253+0000] {logging_mixin.py:188} INFO - [2025-11-18T07:56:31.253+0000] {dag.py:3823} INFO - Setting next_dagrun for failed_lineage_dag to None, run_after=None
[2025-11-18T07:56:31.285+0000] {processor.py:183} INFO - Processing /opt/airflow/dags/failed_lineage_dag.py took 0.101 seconds
[2025-11-18T07:57:02.017+0000] {processor.py:161} INFO - Started process (PID=17693) to work on /opt/airflow/dags/failed_lineage_dag.py
[2025-11-18T07:57:02.019+0000] {processor.py:830} INFO - Processing file /opt/airflow/dags/failed_lineage_dag.py for tasks to queue
[2025-11-18T07:57:02.020+0000] {logging_mixin.py:188} INFO - [2025-11-18T07:57:02.020+0000] {dagbag.py:538} INFO - Filling up the DagBag from /opt/airflow/dags/failed_lineage_dag.py
[2025-11-18T07:57:02.057+0000] {processor.py:840} INFO - DAG(s) 'failed_lineage_dag' retrieved from /opt/airflow/dags/failed_lineage_dag.py
[2025-11-18T07:57:02.094+0000] {logging_mixin.py:188} INFO - [2025-11-18T07:57:02.094+0000] {dag.py:3036} INFO - Sync 1 DAGs
[2025-11-18T07:57:02.109+0000] {logging_mixin.py:188} INFO - [2025-11-18T07:57:02.109+0000] {dag.py:3823} INFO - Setting next_dagrun for failed_lineage_dag to None, run_after=None
[2025-11-18T07:57:02.141+0000] {processor.py:183} INFO - Processing /opt/airflow/dags/failed_lineage_dag.py took 0.128 seconds
[2025-11-18T07:57:32.999+0000] {processor.py:161} INFO - Started process (PID=17718) to work on /opt/airflow/dags/failed_lineage_dag.py
[2025-11-18T07:57:33.000+0000] {processor.py:830} INFO - Processing file /opt/airflow/dags/failed_lineage_dag.py for tasks to queue
[2025-11-18T07:57:33.002+0000] {logging_mixin.py:188} INFO - [2025-11-18T07:57:33.001+0000] {dagbag.py:538} INFO - Filling up the DagBag from /opt/airflow/dags/failed_lineage_dag.py
[2025-11-18T07:57:33.093+0000] {processor.py:840} INFO - DAG(s) 'failed_lineage_dag' retrieved from /opt/airflow/dags/failed_lineage_dag.py
[2025-11-18T07:57:33.123+0000] {logging_mixin.py:188} INFO - [2025-11-18T07:57:33.122+0000] {dag.py:3036} INFO - Sync 1 DAGs
[2025-11-18T07:57:33.139+0000] {logging_mixin.py:188} INFO - [2025-11-18T07:57:33.138+0000] {dag.py:3823} INFO - Setting next_dagrun for failed_lineage_dag to None, run_after=None
[2025-11-18T07:57:33.175+0000] {processor.py:183} INFO - Processing /opt/airflow/dags/failed_lineage_dag.py took 0.181 seconds
[2025-11-18T07:58:04.064+0000] {processor.py:161} INFO - Started process (PID=17743) to work on /opt/airflow/dags/failed_lineage_dag.py
[2025-11-18T07:58:04.066+0000] {processor.py:830} INFO - Processing file /opt/airflow/dags/failed_lineage_dag.py for tasks to queue
[2025-11-18T07:58:04.068+0000] {logging_mixin.py:188} INFO - [2025-11-18T07:58:04.067+0000] {dagbag.py:538} INFO - Filling up the DagBag from /opt/airflow/dags/failed_lineage_dag.py
[2025-11-18T07:58:04.098+0000] {processor.py:840} INFO - DAG(s) 'failed_lineage_dag' retrieved from /opt/airflow/dags/failed_lineage_dag.py
[2025-11-18T07:58:04.128+0000] {logging_mixin.py:188} INFO - [2025-11-18T07:58:04.128+0000] {dag.py:3036} INFO - Sync 1 DAGs
[2025-11-18T07:58:04.144+0000] {logging_mixin.py:188} INFO - [2025-11-18T07:58:04.144+0000] {dag.py:3823} INFO - Setting next_dagrun for failed_lineage_dag to None, run_after=None
[2025-11-18T07:58:04.187+0000] {processor.py:183} INFO - Processing /opt/airflow/dags/failed_lineage_dag.py took 0.126 seconds
[2025-11-18T07:58:34.615+0000] {processor.py:161} INFO - Started process (PID=17768) to work on /opt/airflow/dags/failed_lineage_dag.py
[2025-11-18T07:58:34.617+0000] {processor.py:830} INFO - Processing file /opt/airflow/dags/failed_lineage_dag.py for tasks to queue
[2025-11-18T07:58:34.619+0000] {logging_mixin.py:188} INFO - [2025-11-18T07:58:34.618+0000] {dagbag.py:538} INFO - Filling up the DagBag from /opt/airflow/dags/failed_lineage_dag.py
[2025-11-18T07:58:34.652+0000] {processor.py:840} INFO - DAG(s) 'failed_lineage_dag' retrieved from /opt/airflow/dags/failed_lineage_dag.py
[2025-11-18T07:58:34.687+0000] {logging_mixin.py:188} INFO - [2025-11-18T07:58:34.687+0000] {dag.py:3036} INFO - Sync 1 DAGs
[2025-11-18T07:58:34.702+0000] {logging_mixin.py:188} INFO - [2025-11-18T07:58:34.702+0000] {dag.py:3823} INFO - Setting next_dagrun for failed_lineage_dag to None, run_after=None
[2025-11-18T07:58:34.723+0000] {processor.py:183} INFO - Processing /opt/airflow/dags/failed_lineage_dag.py took 0.114 seconds
[2025-11-18T08:56:34.491+0000] {processor.py:161} INFO - Started process (PID=17808) to work on /opt/airflow/dags/failed_lineage_dag.py
[2025-11-18T08:56:34.499+0000] {processor.py:830} INFO - Processing file /opt/airflow/dags/failed_lineage_dag.py for tasks to queue
[2025-11-18T08:56:34.502+0000] {logging_mixin.py:188} INFO - [2025-11-18T08:56:34.501+0000] {dagbag.py:538} INFO - Filling up the DagBag from /opt/airflow/dags/failed_lineage_dag.py
[2025-11-18T08:56:34.735+0000] {processor.py:840} INFO - DAG(s) 'failed_lineage_dag' retrieved from /opt/airflow/dags/failed_lineage_dag.py
[2025-11-18T08:56:34.824+0000] {logging_mixin.py:188} INFO - [2025-11-18T08:56:34.824+0000] {dag.py:3036} INFO - Sync 1 DAGs
[2025-11-18T08:56:34.871+0000] {logging_mixin.py:188} INFO - [2025-11-18T08:56:34.870+0000] {dag.py:3823} INFO - Setting next_dagrun for failed_lineage_dag to None, run_after=None
[2025-11-18T08:56:34.939+0000] {processor.py:183} INFO - Processing /opt/airflow/dags/failed_lineage_dag.py took 0.454 seconds
[2025-11-18T08:57:05.686+0000] {processor.py:161} INFO - Started process (PID=17833) to work on /opt/airflow/dags/failed_lineage_dag.py
[2025-11-18T08:57:05.688+0000] {processor.py:830} INFO - Processing file /opt/airflow/dags/failed_lineage_dag.py for tasks to queue
[2025-11-18T08:57:05.690+0000] {logging_mixin.py:188} INFO - [2025-11-18T08:57:05.690+0000] {dagbag.py:538} INFO - Filling up the DagBag from /opt/airflow/dags/failed_lineage_dag.py
[2025-11-18T08:57:05.710+0000] {processor.py:840} INFO - DAG(s) 'failed_lineage_dag' retrieved from /opt/airflow/dags/failed_lineage_dag.py
[2025-11-18T08:57:05.761+0000] {logging_mixin.py:188} INFO - [2025-11-18T08:57:05.761+0000] {dag.py:3036} INFO - Sync 1 DAGs
[2025-11-18T08:57:05.787+0000] {logging_mixin.py:188} INFO - [2025-11-18T08:57:05.787+0000] {dag.py:3823} INFO - Setting next_dagrun for failed_lineage_dag to None, run_after=None
[2025-11-18T08:57:05.847+0000] {processor.py:183} INFO - Processing /opt/airflow/dags/failed_lineage_dag.py took 0.166 seconds
[2025-11-18T08:57:36.635+0000] {processor.py:161} INFO - Started process (PID=17858) to work on /opt/airflow/dags/failed_lineage_dag.py
[2025-11-18T08:57:36.636+0000] {processor.py:830} INFO - Processing file /opt/airflow/dags/failed_lineage_dag.py for tasks to queue
[2025-11-18T08:57:36.638+0000] {logging_mixin.py:188} INFO - [2025-11-18T08:57:36.637+0000] {dagbag.py:538} INFO - Filling up the DagBag from /opt/airflow/dags/failed_lineage_dag.py
[2025-11-18T08:57:36.656+0000] {processor.py:840} INFO - DAG(s) 'failed_lineage_dag' retrieved from /opt/airflow/dags/failed_lineage_dag.py
[2025-11-18T08:57:36.687+0000] {logging_mixin.py:188} INFO - [2025-11-18T08:57:36.687+0000] {dag.py:3036} INFO - Sync 1 DAGs
[2025-11-18T08:57:36.701+0000] {logging_mixin.py:188} INFO - [2025-11-18T08:57:36.701+0000] {dag.py:3823} INFO - Setting next_dagrun for failed_lineage_dag to None, run_after=None
[2025-11-18T08:57:36.730+0000] {processor.py:183} INFO - Processing /opt/airflow/dags/failed_lineage_dag.py took 0.100 seconds
[2025-11-18T08:58:07.102+0000] {processor.py:161} INFO - Started process (PID=17883) to work on /opt/airflow/dags/failed_lineage_dag.py
[2025-11-18T08:58:07.104+0000] {processor.py:830} INFO - Processing file /opt/airflow/dags/failed_lineage_dag.py for tasks to queue
[2025-11-18T08:58:07.106+0000] {logging_mixin.py:188} INFO - [2025-11-18T08:58:07.105+0000] {dagbag.py:538} INFO - Filling up the DagBag from /opt/airflow/dags/failed_lineage_dag.py
[2025-11-18T08:58:07.124+0000] {processor.py:840} INFO - DAG(s) 'failed_lineage_dag' retrieved from /opt/airflow/dags/failed_lineage_dag.py
[2025-11-18T08:58:07.177+0000] {logging_mixin.py:188} INFO - [2025-11-18T08:58:07.176+0000] {dag.py:3036} INFO - Sync 1 DAGs
[2025-11-18T08:58:07.196+0000] {logging_mixin.py:188} INFO - [2025-11-18T08:58:07.196+0000] {dag.py:3823} INFO - Setting next_dagrun for failed_lineage_dag to None, run_after=None
[2025-11-18T08:58:07.237+0000] {processor.py:183} INFO - Processing /opt/airflow/dags/failed_lineage_dag.py took 0.139 seconds
[2025-11-18T08:58:37.555+0000] {processor.py:161} INFO - Started process (PID=17908) to work on /opt/airflow/dags/failed_lineage_dag.py
[2025-11-18T08:58:37.557+0000] {processor.py:830} INFO - Processing file /opt/airflow/dags/failed_lineage_dag.py for tasks to queue
[2025-11-18T08:58:37.559+0000] {logging_mixin.py:188} INFO - [2025-11-18T08:58:37.558+0000] {dagbag.py:538} INFO - Filling up the DagBag from /opt/airflow/dags/failed_lineage_dag.py
[2025-11-18T08:58:37.581+0000] {processor.py:840} INFO - DAG(s) 'failed_lineage_dag' retrieved from /opt/airflow/dags/failed_lineage_dag.py
[2025-11-18T08:58:37.630+0000] {logging_mixin.py:188} INFO - [2025-11-18T08:58:37.630+0000] {dag.py:3036} INFO - Sync 1 DAGs
[2025-11-18T08:58:37.655+0000] {logging_mixin.py:188} INFO - [2025-11-18T08:58:37.655+0000] {dag.py:3823} INFO - Setting next_dagrun for failed_lineage_dag to None, run_after=None
[2025-11-18T08:58:37.701+0000] {processor.py:183} INFO - Processing /opt/airflow/dags/failed_lineage_dag.py took 0.150 seconds
[2025-11-18T08:59:08.211+0000] {processor.py:161} INFO - Started process (PID=17933) to work on /opt/airflow/dags/failed_lineage_dag.py
[2025-11-18T08:59:08.213+0000] {processor.py:830} INFO - Processing file /opt/airflow/dags/failed_lineage_dag.py for tasks to queue
[2025-11-18T08:59:08.220+0000] {logging_mixin.py:188} INFO - [2025-11-18T08:59:08.214+0000] {dagbag.py:538} INFO - Filling up the DagBag from /opt/airflow/dags/failed_lineage_dag.py
[2025-11-18T08:59:08.260+0000] {processor.py:840} INFO - DAG(s) 'failed_lineage_dag' retrieved from /opt/airflow/dags/failed_lineage_dag.py
[2025-11-18T08:59:08.299+0000] {logging_mixin.py:188} INFO - [2025-11-18T08:59:08.298+0000] {dag.py:3036} INFO - Sync 1 DAGs
[2025-11-18T08:59:08.317+0000] {logging_mixin.py:188} INFO - [2025-11-18T08:59:08.317+0000] {dag.py:3823} INFO - Setting next_dagrun for failed_lineage_dag to None, run_after=None
[2025-11-18T08:59:08.349+0000] {processor.py:183} INFO - Processing /opt/airflow/dags/failed_lineage_dag.py took 0.143 seconds
[2025-11-18T09:00:03.462+0000] {processor.py:161} INFO - Started process (PID=17958) to work on /opt/airflow/dags/failed_lineage_dag.py
[2025-11-18T09:00:03.465+0000] {processor.py:830} INFO - Processing file /opt/airflow/dags/failed_lineage_dag.py for tasks to queue
[2025-11-18T09:00:03.475+0000] {logging_mixin.py:188} INFO - [2025-11-18T09:00:03.467+0000] {dagbag.py:538} INFO - Filling up the DagBag from /opt/airflow/dags/failed_lineage_dag.py
[2025-11-18T09:00:03.512+0000] {processor.py:840} INFO - DAG(s) 'failed_lineage_dag' retrieved from /opt/airflow/dags/failed_lineage_dag.py
[2025-11-18T09:00:03.627+0000] {logging_mixin.py:188} INFO - [2025-11-18T09:00:03.626+0000] {dag.py:3036} INFO - Sync 1 DAGs
[2025-11-18T09:00:03.666+0000] {logging_mixin.py:188} INFO - [2025-11-18T09:00:03.657+0000] {dag.py:3823} INFO - Setting next_dagrun for failed_lineage_dag to None, run_after=None
[2025-11-18T09:00:03.822+0000] {processor.py:183} INFO - Processing /opt/airflow/dags/failed_lineage_dag.py took 0.366 seconds
[2025-11-18T09:00:51.027+0000] {processor.py:161} INFO - Started process (PID=17983) to work on /opt/airflow/dags/failed_lineage_dag.py
[2025-11-18T09:00:51.051+0000] {processor.py:830} INFO - Processing file /opt/airflow/dags/failed_lineage_dag.py for tasks to queue
[2025-11-18T09:00:51.121+0000] {logging_mixin.py:188} INFO - [2025-11-18T09:00:51.121+0000] {dagbag.py:538} INFO - Filling up the DagBag from /opt/airflow/dags/failed_lineage_dag.py
[2025-11-18T09:00:51.455+0000] {processor.py:840} INFO - DAG(s) 'failed_lineage_dag' retrieved from /opt/airflow/dags/failed_lineage_dag.py
[2025-11-18T09:00:51.695+0000] {logging_mixin.py:188} INFO - [2025-11-18T09:00:51.695+0000] {dag.py:3036} INFO - Sync 1 DAGs
[2025-11-18T09:00:51.747+0000] {logging_mixin.py:188} INFO - [2025-11-18T09:00:51.740+0000] {dag.py:3823} INFO - Setting next_dagrun for failed_lineage_dag to None, run_after=None
[2025-11-18T09:00:51.812+0000] {processor.py:183} INFO - Processing /opt/airflow/dags/failed_lineage_dag.py took 0.791 seconds
[2025-11-18T09:01:27.530+0000] {processor.py:161} INFO - Started process (PID=18006) to work on /opt/airflow/dags/failed_lineage_dag.py
[2025-11-18T09:01:27.539+0000] {processor.py:830} INFO - Processing file /opt/airflow/dags/failed_lineage_dag.py for tasks to queue
[2025-11-18T09:01:27.546+0000] {logging_mixin.py:188} INFO - [2025-11-18T09:01:27.545+0000] {dagbag.py:538} INFO - Filling up the DagBag from /opt/airflow/dags/failed_lineage_dag.py
[2025-11-18T09:01:27.822+0000] {processor.py:840} INFO - DAG(s) 'failed_lineage_dag' retrieved from /opt/airflow/dags/failed_lineage_dag.py
[2025-11-18T09:01:27.963+0000] {logging_mixin.py:188} INFO - [2025-11-18T09:01:27.962+0000] {dag.py:3036} INFO - Sync 1 DAGs
[2025-11-18T09:01:28.010+0000] {logging_mixin.py:188} INFO - [2025-11-18T09:01:28.010+0000] {dag.py:3823} INFO - Setting next_dagrun for failed_lineage_dag to None, run_after=None
[2025-11-18T09:01:28.074+0000] {processor.py:183} INFO - Processing /opt/airflow/dags/failed_lineage_dag.py took 0.552 seconds
[2025-11-18T09:01:58.297+0000] {processor.py:161} INFO - Started process (PID=18033) to work on /opt/airflow/dags/failed_lineage_dag.py
[2025-11-18T09:01:58.300+0000] {processor.py:830} INFO - Processing file /opt/airflow/dags/failed_lineage_dag.py for tasks to queue
[2025-11-18T09:01:58.303+0000] {logging_mixin.py:188} INFO - [2025-11-18T09:01:58.303+0000] {dagbag.py:538} INFO - Filling up the DagBag from /opt/airflow/dags/failed_lineage_dag.py
[2025-11-18T09:01:58.328+0000] {processor.py:840} INFO - DAG(s) 'failed_lineage_dag' retrieved from /opt/airflow/dags/failed_lineage_dag.py
[2025-11-18T09:01:58.380+0000] {logging_mixin.py:188} INFO - [2025-11-18T09:01:58.380+0000] {dag.py:3036} INFO - Sync 1 DAGs
[2025-11-18T09:01:58.397+0000] {logging_mixin.py:188} INFO - [2025-11-18T09:01:58.397+0000] {dag.py:3823} INFO - Setting next_dagrun for failed_lineage_dag to None, run_after=None
[2025-11-18T09:01:58.442+0000] {processor.py:183} INFO - Processing /opt/airflow/dags/failed_lineage_dag.py took 0.151 seconds
[2025-11-18T09:02:30.598+0000] {processor.py:161} INFO - Started process (PID=18056) to work on /opt/airflow/dags/failed_lineage_dag.py
[2025-11-18T09:02:30.600+0000] {processor.py:830} INFO - Processing file /opt/airflow/dags/failed_lineage_dag.py for tasks to queue
[2025-11-18T09:02:30.610+0000] {logging_mixin.py:188} INFO - [2025-11-18T09:02:30.610+0000] {dagbag.py:538} INFO - Filling up the DagBag from /opt/airflow/dags/failed_lineage_dag.py
[2025-11-18T09:02:30.685+0000] {processor.py:840} INFO - DAG(s) 'failed_lineage_dag' retrieved from /opt/airflow/dags/failed_lineage_dag.py
[2025-11-18T09:02:30.755+0000] {logging_mixin.py:188} INFO - [2025-11-18T09:02:30.755+0000] {dag.py:3036} INFO - Sync 1 DAGs
[2025-11-18T09:02:30.782+0000] {logging_mixin.py:188} INFO - [2025-11-18T09:02:30.782+0000] {dag.py:3823} INFO - Setting next_dagrun for failed_lineage_dag to None, run_after=None
[2025-11-18T09:02:30.835+0000] {processor.py:183} INFO - Processing /opt/airflow/dags/failed_lineage_dag.py took 0.242 seconds
[2025-11-18T09:03:06.771+0000] {processor.py:161} INFO - Started process (PID=18081) to work on /opt/airflow/dags/failed_lineage_dag.py
[2025-11-18T09:03:06.778+0000] {processor.py:830} INFO - Processing file /opt/airflow/dags/failed_lineage_dag.py for tasks to queue
[2025-11-18T09:03:06.780+0000] {logging_mixin.py:188} INFO - [2025-11-18T09:03:06.779+0000] {dagbag.py:538} INFO - Filling up the DagBag from /opt/airflow/dags/failed_lineage_dag.py
[2025-11-18T09:03:06.835+0000] {processor.py:840} INFO - DAG(s) 'failed_lineage_dag' retrieved from /opt/airflow/dags/failed_lineage_dag.py
[2025-11-18T09:03:06.937+0000] {logging_mixin.py:188} INFO - [2025-11-18T09:03:06.936+0000] {dag.py:3036} INFO - Sync 1 DAGs
[2025-11-18T09:03:06.970+0000] {logging_mixin.py:188} INFO - [2025-11-18T09:03:06.970+0000] {dag.py:3823} INFO - Setting next_dagrun for failed_lineage_dag to None, run_after=None
[2025-11-18T09:03:07.042+0000] {processor.py:183} INFO - Processing /opt/airflow/dags/failed_lineage_dag.py took 0.276 seconds
[2025-11-18T09:03:43.607+0000] {processor.py:161} INFO - Started process (PID=18106) to work on /opt/airflow/dags/failed_lineage_dag.py
[2025-11-18T09:03:43.644+0000] {processor.py:830} INFO - Processing file /opt/airflow/dags/failed_lineage_dag.py for tasks to queue
[2025-11-18T09:03:43.649+0000] {logging_mixin.py:188} INFO - [2025-11-18T09:03:43.648+0000] {dagbag.py:538} INFO - Filling up the DagBag from /opt/airflow/dags/failed_lineage_dag.py
[2025-11-18T09:03:43.823+0000] {processor.py:840} INFO - DAG(s) 'failed_lineage_dag' retrieved from /opt/airflow/dags/failed_lineage_dag.py
[2025-11-18T09:03:44.062+0000] {logging_mixin.py:188} INFO - [2025-11-18T09:03:44.062+0000] {dag.py:3036} INFO - Sync 1 DAGs
[2025-11-18T09:03:44.339+0000] {logging_mixin.py:188} INFO - [2025-11-18T09:03:44.338+0000] {dag.py:3823} INFO - Setting next_dagrun for failed_lineage_dag to None, run_after=None
[2025-11-18T09:03:44.505+0000] {processor.py:183} INFO - Processing /opt/airflow/dags/failed_lineage_dag.py took 0.917 seconds
[2025-11-18T09:04:14.849+0000] {processor.py:161} INFO - Started process (PID=18133) to work on /opt/airflow/dags/failed_lineage_dag.py
[2025-11-18T09:04:14.851+0000] {processor.py:830} INFO - Processing file /opt/airflow/dags/failed_lineage_dag.py for tasks to queue
[2025-11-18T09:04:14.856+0000] {logging_mixin.py:188} INFO - [2025-11-18T09:04:14.852+0000] {dagbag.py:538} INFO - Filling up the DagBag from /opt/airflow/dags/failed_lineage_dag.py
[2025-11-18T09:04:14.883+0000] {processor.py:840} INFO - DAG(s) 'failed_lineage_dag' retrieved from /opt/airflow/dags/failed_lineage_dag.py
[2025-11-18T09:04:14.970+0000] {logging_mixin.py:188} INFO - [2025-11-18T09:04:14.969+0000] {dag.py:3036} INFO - Sync 1 DAGs
[2025-11-18T09:04:15.001+0000] {logging_mixin.py:188} INFO - [2025-11-18T09:04:15.000+0000] {dag.py:3823} INFO - Setting next_dagrun for failed_lineage_dag to None, run_after=None
[2025-11-18T09:04:15.039+0000] {processor.py:183} INFO - Processing /opt/airflow/dags/failed_lineage_dag.py took 0.195 seconds
[2025-11-18T09:04:46.106+0000] {processor.py:161} INFO - Started process (PID=18156) to work on /opt/airflow/dags/failed_lineage_dag.py
[2025-11-18T09:04:46.117+0000] {processor.py:830} INFO - Processing file /opt/airflow/dags/failed_lineage_dag.py for tasks to queue
[2025-11-18T09:04:46.124+0000] {logging_mixin.py:188} INFO - [2025-11-18T09:04:46.123+0000] {dagbag.py:538} INFO - Filling up the DagBag from /opt/airflow/dags/failed_lineage_dag.py
[2025-11-18T09:04:46.245+0000] {processor.py:840} INFO - DAG(s) 'failed_lineage_dag' retrieved from /opt/airflow/dags/failed_lineage_dag.py
[2025-11-18T09:04:46.336+0000] {logging_mixin.py:188} INFO - [2025-11-18T09:04:46.336+0000] {dag.py:3036} INFO - Sync 1 DAGs
[2025-11-18T09:04:46.486+0000] {logging_mixin.py:188} INFO - [2025-11-18T09:04:46.486+0000] {dag.py:3823} INFO - Setting next_dagrun for failed_lineage_dag to None, run_after=None
[2025-11-18T09:04:46.760+0000] {processor.py:183} INFO - Processing /opt/airflow/dags/failed_lineage_dag.py took 0.660 seconds
[2025-11-18T09:05:17.818+0000] {processor.py:161} INFO - Started process (PID=18183) to work on /opt/airflow/dags/failed_lineage_dag.py
[2025-11-18T09:05:17.820+0000] {processor.py:830} INFO - Processing file /opt/airflow/dags/failed_lineage_dag.py for tasks to queue
[2025-11-18T09:05:17.822+0000] {logging_mixin.py:188} INFO - [2025-11-18T09:05:17.821+0000] {dagbag.py:538} INFO - Filling up the DagBag from /opt/airflow/dags/failed_lineage_dag.py
[2025-11-18T09:05:17.846+0000] {processor.py:840} INFO - DAG(s) 'failed_lineage_dag' retrieved from /opt/airflow/dags/failed_lineage_dag.py
[2025-11-18T09:05:17.874+0000] {logging_mixin.py:188} INFO - [2025-11-18T09:05:17.874+0000] {dag.py:3036} INFO - Sync 1 DAGs
[2025-11-18T09:05:17.888+0000] {logging_mixin.py:188} INFO - [2025-11-18T09:05:17.888+0000] {dag.py:3823} INFO - Setting next_dagrun for failed_lineage_dag to None, run_after=None
[2025-11-18T09:05:17.912+0000] {processor.py:183} INFO - Processing /opt/airflow/dags/failed_lineage_dag.py took 0.098 seconds
[2025-11-18T09:05:48.659+0000] {processor.py:161} INFO - Started process (PID=18208) to work on /opt/airflow/dags/failed_lineage_dag.py
[2025-11-18T09:05:48.660+0000] {processor.py:830} INFO - Processing file /opt/airflow/dags/failed_lineage_dag.py for tasks to queue
[2025-11-18T09:05:48.663+0000] {logging_mixin.py:188} INFO - [2025-11-18T09:05:48.662+0000] {dagbag.py:538} INFO - Filling up the DagBag from /opt/airflow/dags/failed_lineage_dag.py
[2025-11-18T09:05:48.687+0000] {processor.py:840} INFO - DAG(s) 'failed_lineage_dag' retrieved from /opt/airflow/dags/failed_lineage_dag.py
[2025-11-18T09:05:48.721+0000] {logging_mixin.py:188} INFO - [2025-11-18T09:05:48.721+0000] {dag.py:3036} INFO - Sync 1 DAGs
[2025-11-18T09:05:48.733+0000] {logging_mixin.py:188} INFO - [2025-11-18T09:05:48.733+0000] {dag.py:3823} INFO - Setting next_dagrun for failed_lineage_dag to None, run_after=None
[2025-11-18T09:05:48.762+0000] {processor.py:183} INFO - Processing /opt/airflow/dags/failed_lineage_dag.py took 0.107 seconds
[2025-11-18T09:06:19.790+0000] {processor.py:161} INFO - Started process (PID=18233) to work on /opt/airflow/dags/failed_lineage_dag.py
[2025-11-18T09:06:19.802+0000] {processor.py:830} INFO - Processing file /opt/airflow/dags/failed_lineage_dag.py for tasks to queue
[2025-11-18T09:06:19.803+0000] {logging_mixin.py:188} INFO - [2025-11-18T09:06:19.803+0000] {dagbag.py:538} INFO - Filling up the DagBag from /opt/airflow/dags/failed_lineage_dag.py
[2025-11-18T09:06:19.848+0000] {processor.py:840} INFO - DAG(s) 'failed_lineage_dag' retrieved from /opt/airflow/dags/failed_lineage_dag.py
[2025-11-18T09:06:19.896+0000] {logging_mixin.py:188} INFO - [2025-11-18T09:06:19.895+0000] {dag.py:3036} INFO - Sync 1 DAGs
[2025-11-18T09:06:19.913+0000] {logging_mixin.py:188} INFO - [2025-11-18T09:06:19.912+0000] {dag.py:3823} INFO - Setting next_dagrun for failed_lineage_dag to None, run_after=None
[2025-11-18T09:06:19.955+0000] {processor.py:183} INFO - Processing /opt/airflow/dags/failed_lineage_dag.py took 0.169 seconds
[2025-11-18T09:06:50.545+0000] {processor.py:161} INFO - Started process (PID=18258) to work on /opt/airflow/dags/failed_lineage_dag.py
[2025-11-18T09:06:50.558+0000] {processor.py:830} INFO - Processing file /opt/airflow/dags/failed_lineage_dag.py for tasks to queue
[2025-11-18T09:06:50.560+0000] {logging_mixin.py:188} INFO - [2025-11-18T09:06:50.560+0000] {dagbag.py:538} INFO - Filling up the DagBag from /opt/airflow/dags/failed_lineage_dag.py
[2025-11-18T09:06:50.690+0000] {processor.py:840} INFO - DAG(s) 'failed_lineage_dag' retrieved from /opt/airflow/dags/failed_lineage_dag.py
[2025-11-18T09:06:50.822+0000] {logging_mixin.py:188} INFO - [2025-11-18T09:06:50.821+0000] {dag.py:3036} INFO - Sync 1 DAGs
[2025-11-18T09:06:50.892+0000] {logging_mixin.py:188} INFO - [2025-11-18T09:06:50.892+0000] {dag.py:3823} INFO - Setting next_dagrun for failed_lineage_dag to None, run_after=None
[2025-11-18T09:06:50.992+0000] {processor.py:183} INFO - Processing /opt/airflow/dags/failed_lineage_dag.py took 0.453 seconds
[2025-11-18T09:07:22.599+0000] {processor.py:161} INFO - Started process (PID=18283) to work on /opt/airflow/dags/failed_lineage_dag.py
[2025-11-18T09:07:22.618+0000] {processor.py:830} INFO - Processing file /opt/airflow/dags/failed_lineage_dag.py for tasks to queue
[2025-11-18T09:07:22.623+0000] {logging_mixin.py:188} INFO - [2025-11-18T09:07:22.622+0000] {dagbag.py:538} INFO - Filling up the DagBag from /opt/airflow/dags/failed_lineage_dag.py
[2025-11-18T09:07:22.877+0000] {processor.py:840} INFO - DAG(s) 'failed_lineage_dag' retrieved from /opt/airflow/dags/failed_lineage_dag.py
[2025-11-18T09:07:23.014+0000] {logging_mixin.py:188} INFO - [2025-11-18T09:07:23.013+0000] {dag.py:3036} INFO - Sync 1 DAGs
[2025-11-18T09:07:23.114+0000] {logging_mixin.py:188} INFO - [2025-11-18T09:07:23.113+0000] {dag.py:3823} INFO - Setting next_dagrun for failed_lineage_dag to None, run_after=None
[2025-11-18T09:07:23.185+0000] {processor.py:183} INFO - Processing /opt/airflow/dags/failed_lineage_dag.py took 0.591 seconds
[2025-11-18T09:07:53.854+0000] {processor.py:161} INFO - Started process (PID=18306) to work on /opt/airflow/dags/failed_lineage_dag.py
[2025-11-18T09:07:53.857+0000] {processor.py:830} INFO - Processing file /opt/airflow/dags/failed_lineage_dag.py for tasks to queue
[2025-11-18T09:07:53.859+0000] {logging_mixin.py:188} INFO - [2025-11-18T09:07:53.859+0000] {dagbag.py:538} INFO - Filling up the DagBag from /opt/airflow/dags/failed_lineage_dag.py
[2025-11-18T09:07:53.962+0000] {processor.py:840} INFO - DAG(s) 'failed_lineage_dag' retrieved from /opt/airflow/dags/failed_lineage_dag.py
[2025-11-18T09:07:54.143+0000] {logging_mixin.py:188} INFO - [2025-11-18T09:07:54.141+0000] {dag.py:3036} INFO - Sync 1 DAGs
[2025-11-18T09:07:54.220+0000] {logging_mixin.py:188} INFO - [2025-11-18T09:07:54.219+0000] {dag.py:3823} INFO - Setting next_dagrun for failed_lineage_dag to None, run_after=None
[2025-11-18T09:07:54.385+0000] {processor.py:183} INFO - Processing /opt/airflow/dags/failed_lineage_dag.py took 0.543 seconds
[2025-11-18T09:08:29.006+0000] {processor.py:161} INFO - Started process (PID=18331) to work on /opt/airflow/dags/failed_lineage_dag.py
[2025-11-18T09:08:29.031+0000] {processor.py:830} INFO - Processing file /opt/airflow/dags/failed_lineage_dag.py for tasks to queue
[2025-11-18T09:08:29.044+0000] {logging_mixin.py:188} INFO - [2025-11-18T09:08:29.043+0000] {dagbag.py:538} INFO - Filling up the DagBag from /opt/airflow/dags/failed_lineage_dag.py
[2025-11-18T09:08:29.162+0000] {processor.py:840} INFO - DAG(s) 'failed_lineage_dag' retrieved from /opt/airflow/dags/failed_lineage_dag.py
[2025-11-18T09:08:29.300+0000] {logging_mixin.py:188} INFO - [2025-11-18T09:08:29.300+0000] {dag.py:3036} INFO - Sync 1 DAGs
[2025-11-18T09:08:29.378+0000] {logging_mixin.py:188} INFO - [2025-11-18T09:08:29.377+0000] {dag.py:3823} INFO - Setting next_dagrun for failed_lineage_dag to None, run_after=None
[2025-11-18T09:08:29.460+0000] {processor.py:183} INFO - Processing /opt/airflow/dags/failed_lineage_dag.py took 0.470 seconds
[2025-11-18T09:09:10.350+0000] {processor.py:161} INFO - Started process (PID=18356) to work on /opt/airflow/dags/failed_lineage_dag.py
[2025-11-18T09:09:10.354+0000] {processor.py:830} INFO - Processing file /opt/airflow/dags/failed_lineage_dag.py for tasks to queue
[2025-11-18T09:09:10.356+0000] {logging_mixin.py:188} INFO - [2025-11-18T09:09:10.355+0000] {dagbag.py:538} INFO - Filling up the DagBag from /opt/airflow/dags/failed_lineage_dag.py
[2025-11-18T09:09:10.493+0000] {processor.py:840} INFO - DAG(s) 'failed_lineage_dag' retrieved from /opt/airflow/dags/failed_lineage_dag.py
[2025-11-18T09:09:10.676+0000] {logging_mixin.py:188} INFO - [2025-11-18T09:09:10.675+0000] {dag.py:3036} INFO - Sync 1 DAGs
[2025-11-18T09:09:10.759+0000] {logging_mixin.py:188} INFO - [2025-11-18T09:09:10.748+0000] {dag.py:3823} INFO - Setting next_dagrun for failed_lineage_dag to None, run_after=None
[2025-11-18T09:09:10.894+0000] {processor.py:183} INFO - Processing /opt/airflow/dags/failed_lineage_dag.py took 0.556 seconds
[2025-11-18T09:09:41.504+0000] {processor.py:161} INFO - Started process (PID=18383) to work on /opt/airflow/dags/failed_lineage_dag.py
[2025-11-18T09:09:41.506+0000] {processor.py:830} INFO - Processing file /opt/airflow/dags/failed_lineage_dag.py for tasks to queue
[2025-11-18T09:09:41.509+0000] {logging_mixin.py:188} INFO - [2025-11-18T09:09:41.509+0000] {dagbag.py:538} INFO - Filling up the DagBag from /opt/airflow/dags/failed_lineage_dag.py
[2025-11-18T09:09:41.529+0000] {processor.py:840} INFO - DAG(s) 'failed_lineage_dag' retrieved from /opt/airflow/dags/failed_lineage_dag.py
[2025-11-18T09:09:41.573+0000] {logging_mixin.py:188} INFO - [2025-11-18T09:09:41.573+0000] {dag.py:3036} INFO - Sync 1 DAGs
[2025-11-18T09:09:41.587+0000] {logging_mixin.py:188} INFO - [2025-11-18T09:09:41.587+0000] {dag.py:3823} INFO - Setting next_dagrun for failed_lineage_dag to None, run_after=None
[2025-11-18T09:09:41.613+0000] {processor.py:183} INFO - Processing /opt/airflow/dags/failed_lineage_dag.py took 0.115 seconds
[2025-11-18T09:10:12.702+0000] {processor.py:161} INFO - Started process (PID=18408) to work on /opt/airflow/dags/failed_lineage_dag.py
[2025-11-18T09:10:12.704+0000] {processor.py:830} INFO - Processing file /opt/airflow/dags/failed_lineage_dag.py for tasks to queue
[2025-11-18T09:10:12.706+0000] {logging_mixin.py:188} INFO - [2025-11-18T09:10:12.706+0000] {dagbag.py:538} INFO - Filling up the DagBag from /opt/airflow/dags/failed_lineage_dag.py
[2025-11-18T09:10:12.744+0000] {processor.py:840} INFO - DAG(s) 'failed_lineage_dag' retrieved from /opt/airflow/dags/failed_lineage_dag.py
[2025-11-18T09:10:12.832+0000] {logging_mixin.py:188} INFO - [2025-11-18T09:10:12.832+0000] {dag.py:3036} INFO - Sync 1 DAGs
[2025-11-18T09:10:12.856+0000] {logging_mixin.py:188} INFO - [2025-11-18T09:10:12.856+0000] {dag.py:3823} INFO - Setting next_dagrun for failed_lineage_dag to None, run_after=None
[2025-11-18T09:10:12.898+0000] {processor.py:183} INFO - Processing /opt/airflow/dags/failed_lineage_dag.py took 0.201 seconds
[2025-11-18T09:10:43.088+0000] {processor.py:161} INFO - Started process (PID=18431) to work on /opt/airflow/dags/failed_lineage_dag.py
[2025-11-18T09:10:43.094+0000] {processor.py:830} INFO - Processing file /opt/airflow/dags/failed_lineage_dag.py for tasks to queue
[2025-11-18T09:10:43.096+0000] {logging_mixin.py:188} INFO - [2025-11-18T09:10:43.095+0000] {dagbag.py:538} INFO - Filling up the DagBag from /opt/airflow/dags/failed_lineage_dag.py
[2025-11-18T09:10:43.125+0000] {processor.py:840} INFO - DAG(s) 'failed_lineage_dag' retrieved from /opt/airflow/dags/failed_lineage_dag.py
[2025-11-18T09:10:43.218+0000] {logging_mixin.py:188} INFO - [2025-11-18T09:10:43.218+0000] {dag.py:3036} INFO - Sync 1 DAGs
[2025-11-18T09:10:43.271+0000] {logging_mixin.py:188} INFO - [2025-11-18T09:10:43.270+0000] {dag.py:3823} INFO - Setting next_dagrun for failed_lineage_dag to None, run_after=None
[2025-11-18T09:10:43.383+0000] {processor.py:183} INFO - Processing /opt/airflow/dags/failed_lineage_dag.py took 0.305 seconds
[2025-11-18T09:11:13.609+0000] {processor.py:161} INFO - Started process (PID=18451) to work on /opt/airflow/dags/failed_lineage_dag.py
[2025-11-18T09:11:13.615+0000] {processor.py:830} INFO - Processing file /opt/airflow/dags/failed_lineage_dag.py for tasks to queue
[2025-11-18T09:11:13.622+0000] {logging_mixin.py:188} INFO - [2025-11-18T09:11:13.622+0000] {dagbag.py:538} INFO - Filling up the DagBag from /opt/airflow/dags/failed_lineage_dag.py
[2025-11-18T09:11:13.904+0000] {processor.py:840} INFO - DAG(s) 'failed_lineage_dag' retrieved from /opt/airflow/dags/failed_lineage_dag.py
[2025-11-18T09:11:14.046+0000] {logging_mixin.py:188} INFO - [2025-11-18T09:11:14.045+0000] {dag.py:3036} INFO - Sync 1 DAGs
[2025-11-18T09:11:14.100+0000] {logging_mixin.py:188} INFO - [2025-11-18T09:11:14.099+0000] {dag.py:3823} INFO - Setting next_dagrun for failed_lineage_dag to None, run_after=None
[2025-11-18T09:11:14.168+0000] {processor.py:183} INFO - Processing /opt/airflow/dags/failed_lineage_dag.py took 0.566 seconds
[2025-11-18T09:11:44.550+0000] {processor.py:161} INFO - Started process (PID=18476) to work on /opt/airflow/dags/failed_lineage_dag.py
[2025-11-18T09:11:44.553+0000] {processor.py:830} INFO - Processing file /opt/airflow/dags/failed_lineage_dag.py for tasks to queue
[2025-11-18T09:11:44.555+0000] {logging_mixin.py:188} INFO - [2025-11-18T09:11:44.554+0000] {dagbag.py:538} INFO - Filling up the DagBag from /opt/airflow/dags/failed_lineage_dag.py
[2025-11-18T09:11:44.651+0000] {processor.py:840} INFO - DAG(s) 'failed_lineage_dag' retrieved from /opt/airflow/dags/failed_lineage_dag.py
[2025-11-18T09:11:44.715+0000] {logging_mixin.py:188} INFO - [2025-11-18T09:11:44.715+0000] {dag.py:3036} INFO - Sync 1 DAGs
[2025-11-18T09:11:44.750+0000] {logging_mixin.py:188} INFO - [2025-11-18T09:11:44.750+0000] {dag.py:3823} INFO - Setting next_dagrun for failed_lineage_dag to None, run_after=None
[2025-11-18T09:11:44.807+0000] {processor.py:183} INFO - Processing /opt/airflow/dags/failed_lineage_dag.py took 0.262 seconds
[2025-11-18T09:12:51.599+0000] {processor.py:161} INFO - Started process (PID=18506) to work on /opt/airflow/dags/failed_lineage_dag.py
[2025-11-18T09:12:51.659+0000] {processor.py:830} INFO - Processing file /opt/airflow/dags/failed_lineage_dag.py for tasks to queue
[2025-11-18T09:12:51.809+0000] {logging_mixin.py:188} INFO - [2025-11-18T09:12:51.800+0000] {dagbag.py:538} INFO - Filling up the DagBag from /opt/airflow/dags/failed_lineage_dag.py
[2025-11-18T09:12:54.758+0000] {processor.py:840} INFO - DAG(s) 'failed_lineage_dag' retrieved from /opt/airflow/dags/failed_lineage_dag.py
[2025-11-18T09:12:55.347+0000] {logging_mixin.py:188} INFO - [2025-11-18T09:12:55.346+0000] {dag.py:3036} INFO - Sync 1 DAGs
[2025-11-18T09:12:55.494+0000] {logging_mixin.py:188} INFO - [2025-11-18T09:12:55.494+0000] {dag.py:3823} INFO - Setting next_dagrun for failed_lineage_dag to None, run_after=None
[2025-11-18T09:12:56.223+0000] {processor.py:183} INFO - Processing /opt/airflow/dags/failed_lineage_dag.py took 5.486 seconds
[2025-11-18T09:13:28.404+0000] {processor.py:161} INFO - Started process (PID=18532) to work on /opt/airflow/dags/failed_lineage_dag.py
[2025-11-18T09:13:28.489+0000] {processor.py:830} INFO - Processing file /opt/airflow/dags/failed_lineage_dag.py for tasks to queue
[2025-11-18T09:13:28.494+0000] {logging_mixin.py:188} INFO - [2025-11-18T09:13:28.493+0000] {dagbag.py:538} INFO - Filling up the DagBag from /opt/airflow/dags/failed_lineage_dag.py
[2025-11-18T09:13:29.278+0000] {processor.py:840} INFO - DAG(s) 'failed_lineage_dag' retrieved from /opt/airflow/dags/failed_lineage_dag.py
[2025-11-18T09:13:29.715+0000] {logging_mixin.py:188} INFO - [2025-11-18T09:13:29.714+0000] {dag.py:3036} INFO - Sync 1 DAGs
[2025-11-18T09:13:29.804+0000] {logging_mixin.py:188} INFO - [2025-11-18T09:13:29.804+0000] {dag.py:3823} INFO - Setting next_dagrun for failed_lineage_dag to None, run_after=None
[2025-11-18T09:13:29.962+0000] {processor.py:183} INFO - Processing /opt/airflow/dags/failed_lineage_dag.py took 1.623 seconds
[2025-11-18T09:14:02.988+0000] {processor.py:161} INFO - Started process (PID=18557) to work on /opt/airflow/dags/failed_lineage_dag.py
[2025-11-18T09:14:02.997+0000] {processor.py:830} INFO - Processing file /opt/airflow/dags/failed_lineage_dag.py for tasks to queue
[2025-11-18T09:14:03.025+0000] {logging_mixin.py:188} INFO - [2025-11-18T09:14:03.024+0000] {dagbag.py:538} INFO - Filling up the DagBag from /opt/airflow/dags/failed_lineage_dag.py
[2025-11-18T09:14:03.441+0000] {processor.py:840} INFO - DAG(s) 'failed_lineage_dag' retrieved from /opt/airflow/dags/failed_lineage_dag.py
[2025-11-18T09:14:03.615+0000] {logging_mixin.py:188} INFO - [2025-11-18T09:14:03.614+0000] {dag.py:3036} INFO - Sync 1 DAGs
[2025-11-18T09:14:03.701+0000] {logging_mixin.py:188} INFO - [2025-11-18T09:14:03.700+0000] {dag.py:3823} INFO - Setting next_dagrun for failed_lineage_dag to None, run_after=None
[2025-11-18T09:14:03.923+0000] {processor.py:183} INFO - Processing /opt/airflow/dags/failed_lineage_dag.py took 0.955 seconds
[2025-11-18T09:14:36.265+0000] {processor.py:161} INFO - Started process (PID=18582) to work on /opt/airflow/dags/failed_lineage_dag.py
[2025-11-18T09:14:36.268+0000] {processor.py:830} INFO - Processing file /opt/airflow/dags/failed_lineage_dag.py for tasks to queue
[2025-11-18T09:14:36.274+0000] {logging_mixin.py:188} INFO - [2025-11-18T09:14:36.273+0000] {dagbag.py:538} INFO - Filling up the DagBag from /opt/airflow/dags/failed_lineage_dag.py
[2025-11-18T09:14:36.888+0000] {processor.py:840} INFO - DAG(s) 'failed_lineage_dag' retrieved from /opt/airflow/dags/failed_lineage_dag.py
[2025-11-18T09:14:37.364+0000] {logging_mixin.py:188} INFO - [2025-11-18T09:14:37.363+0000] {dag.py:3036} INFO - Sync 1 DAGs
[2025-11-18T09:14:37.443+0000] {logging_mixin.py:188} INFO - [2025-11-18T09:14:37.442+0000] {dag.py:3823} INFO - Setting next_dagrun for failed_lineage_dag to None, run_after=None
[2025-11-18T09:14:37.654+0000] {processor.py:183} INFO - Processing /opt/airflow/dags/failed_lineage_dag.py took 1.411 seconds
[2025-11-18T09:15:10.769+0000] {processor.py:161} INFO - Started process (PID=18607) to work on /opt/airflow/dags/failed_lineage_dag.py
[2025-11-18T09:15:10.773+0000] {processor.py:830} INFO - Processing file /opt/airflow/dags/failed_lineage_dag.py for tasks to queue
[2025-11-18T09:15:10.785+0000] {logging_mixin.py:188} INFO - [2025-11-18T09:15:10.784+0000] {dagbag.py:538} INFO - Filling up the DagBag from /opt/airflow/dags/failed_lineage_dag.py
[2025-11-18T09:15:10.973+0000] {processor.py:840} INFO - DAG(s) 'failed_lineage_dag' retrieved from /opt/airflow/dags/failed_lineage_dag.py
[2025-11-18T09:15:11.280+0000] {logging_mixin.py:188} INFO - [2025-11-18T09:15:11.279+0000] {dag.py:3036} INFO - Sync 1 DAGs
[2025-11-18T09:15:11.415+0000] {logging_mixin.py:188} INFO - [2025-11-18T09:15:11.415+0000] {dag.py:3823} INFO - Setting next_dagrun for failed_lineage_dag to None, run_after=None
[2025-11-18T09:15:11.501+0000] {processor.py:183} INFO - Processing /opt/airflow/dags/failed_lineage_dag.py took 0.753 seconds
[2025-11-18T09:18:33.225+0000] {processor.py:161} INFO - Started process (PID=18632) to work on /opt/airflow/dags/failed_lineage_dag.py
[2025-11-18T09:18:33.252+0000] {processor.py:830} INFO - Processing file /opt/airflow/dags/failed_lineage_dag.py for tasks to queue
[2025-11-18T09:18:33.277+0000] {logging_mixin.py:188} INFO - [2025-11-18T09:18:33.265+0000] {dagbag.py:538} INFO - Filling up the DagBag from /opt/airflow/dags/failed_lineage_dag.py
[2025-11-18T09:18:33.851+0000] {processor.py:840} INFO - DAG(s) 'failed_lineage_dag' retrieved from /opt/airflow/dags/failed_lineage_dag.py
[2025-11-18T09:18:35.366+0000] {logging_mixin.py:188} INFO - [2025-11-18T09:18:35.366+0000] {dag.py:3036} INFO - Sync 1 DAGs
[2025-11-18T09:18:36.628+0000] {logging_mixin.py:188} INFO - [2025-11-18T09:18:36.628+0000] {dag.py:3823} INFO - Setting next_dagrun for failed_lineage_dag to None, run_after=None
[2025-11-18T09:18:37.152+0000] {processor.py:183} INFO - Processing /opt/airflow/dags/failed_lineage_dag.py took 3.971 seconds
[2025-11-18T09:19:07.913+0000] {processor.py:161} INFO - Started process (PID=18661) to work on /opt/airflow/dags/failed_lineage_dag.py
[2025-11-18T09:19:07.918+0000] {processor.py:830} INFO - Processing file /opt/airflow/dags/failed_lineage_dag.py for tasks to queue
[2025-11-18T09:19:07.929+0000] {logging_mixin.py:188} INFO - [2025-11-18T09:19:07.928+0000] {dagbag.py:538} INFO - Filling up the DagBag from /opt/airflow/dags/failed_lineage_dag.py
[2025-11-18T09:19:08.136+0000] {processor.py:840} INFO - DAG(s) 'failed_lineage_dag' retrieved from /opt/airflow/dags/failed_lineage_dag.py
[2025-11-18T09:19:08.419+0000] {logging_mixin.py:188} INFO - [2025-11-18T09:19:08.418+0000] {dag.py:3036} INFO - Sync 1 DAGs
[2025-11-18T09:19:08.558+0000] {logging_mixin.py:188} INFO - [2025-11-18T09:19:08.557+0000] {dag.py:3823} INFO - Setting next_dagrun for failed_lineage_dag to None, run_after=None
[2025-11-18T09:19:08.632+0000] {processor.py:183} INFO - Processing /opt/airflow/dags/failed_lineage_dag.py took 0.747 seconds
[2025-11-18T09:19:39.386+0000] {processor.py:161} INFO - Started process (PID=18686) to work on /opt/airflow/dags/failed_lineage_dag.py
[2025-11-18T09:19:39.389+0000] {processor.py:830} INFO - Processing file /opt/airflow/dags/failed_lineage_dag.py for tasks to queue
[2025-11-18T09:19:39.391+0000] {logging_mixin.py:188} INFO - [2025-11-18T09:19:39.390+0000] {dagbag.py:538} INFO - Filling up the DagBag from /opt/airflow/dags/failed_lineage_dag.py
[2025-11-18T09:19:39.415+0000] {processor.py:840} INFO - DAG(s) 'failed_lineage_dag' retrieved from /opt/airflow/dags/failed_lineage_dag.py
[2025-11-18T09:19:39.483+0000] {logging_mixin.py:188} INFO - [2025-11-18T09:19:39.482+0000] {dag.py:3036} INFO - Sync 1 DAGs
[2025-11-18T09:19:39.586+0000] {logging_mixin.py:188} INFO - [2025-11-18T09:19:39.586+0000] {dag.py:3823} INFO - Setting next_dagrun for failed_lineage_dag to None, run_after=None
[2025-11-18T09:19:39.626+0000] {processor.py:183} INFO - Processing /opt/airflow/dags/failed_lineage_dag.py took 0.247 seconds
[2025-11-18T09:20:10.340+0000] {processor.py:161} INFO - Started process (PID=18711) to work on /opt/airflow/dags/failed_lineage_dag.py
[2025-11-18T09:20:10.345+0000] {processor.py:830} INFO - Processing file /opt/airflow/dags/failed_lineage_dag.py for tasks to queue
[2025-11-18T09:20:10.350+0000] {logging_mixin.py:188} INFO - [2025-11-18T09:20:10.348+0000] {dagbag.py:538} INFO - Filling up the DagBag from /opt/airflow/dags/failed_lineage_dag.py
[2025-11-18T09:20:10.469+0000] {processor.py:840} INFO - DAG(s) 'failed_lineage_dag' retrieved from /opt/airflow/dags/failed_lineage_dag.py
[2025-11-18T09:20:10.611+0000] {logging_mixin.py:188} INFO - [2025-11-18T09:20:10.610+0000] {dag.py:3036} INFO - Sync 1 DAGs
[2025-11-18T09:20:10.667+0000] {logging_mixin.py:188} INFO - [2025-11-18T09:20:10.666+0000] {dag.py:3823} INFO - Setting next_dagrun for failed_lineage_dag to None, run_after=None
[2025-11-18T09:20:10.730+0000] {processor.py:183} INFO - Processing /opt/airflow/dags/failed_lineage_dag.py took 0.404 seconds
[2025-11-18T09:20:40.927+0000] {processor.py:161} INFO - Started process (PID=18738) to work on /opt/airflow/dags/failed_lineage_dag.py
[2025-11-18T09:20:40.930+0000] {processor.py:830} INFO - Processing file /opt/airflow/dags/failed_lineage_dag.py for tasks to queue
[2025-11-18T09:20:40.931+0000] {logging_mixin.py:188} INFO - [2025-11-18T09:20:40.931+0000] {dagbag.py:538} INFO - Filling up the DagBag from /opt/airflow/dags/failed_lineage_dag.py
[2025-11-18T09:20:40.952+0000] {processor.py:840} INFO - DAG(s) 'failed_lineage_dag' retrieved from /opt/airflow/dags/failed_lineage_dag.py
[2025-11-18T09:20:40.985+0000] {logging_mixin.py:188} INFO - [2025-11-18T09:20:40.984+0000] {dag.py:3036} INFO - Sync 1 DAGs
[2025-11-18T09:20:41.002+0000] {logging_mixin.py:188} INFO - [2025-11-18T09:20:41.000+0000] {dag.py:3823} INFO - Setting next_dagrun for failed_lineage_dag to None, run_after=None
[2025-11-18T09:20:41.028+0000] {processor.py:183} INFO - Processing /opt/airflow/dags/failed_lineage_dag.py took 0.106 seconds
[2025-11-18T09:21:11.197+0000] {processor.py:161} INFO - Started process (PID=18761) to work on /opt/airflow/dags/failed_lineage_dag.py
[2025-11-18T09:21:11.220+0000] {processor.py:830} INFO - Processing file /opt/airflow/dags/failed_lineage_dag.py for tasks to queue
[2025-11-18T09:21:11.223+0000] {logging_mixin.py:188} INFO - [2025-11-18T09:21:11.222+0000] {dagbag.py:538} INFO - Filling up the DagBag from /opt/airflow/dags/failed_lineage_dag.py
[2025-11-18T09:21:11.266+0000] {processor.py:840} INFO - DAG(s) 'failed_lineage_dag' retrieved from /opt/airflow/dags/failed_lineage_dag.py
[2025-11-18T09:21:11.328+0000] {logging_mixin.py:188} INFO - [2025-11-18T09:21:11.327+0000] {dag.py:3036} INFO - Sync 1 DAGs
[2025-11-18T09:21:11.353+0000] {logging_mixin.py:188} INFO - [2025-11-18T09:21:11.352+0000] {dag.py:3823} INFO - Setting next_dagrun for failed_lineage_dag to None, run_after=None
[2025-11-18T09:21:11.409+0000] {processor.py:183} INFO - Processing /opt/airflow/dags/failed_lineage_dag.py took 0.221 seconds
[2025-11-18T09:21:41.785+0000] {processor.py:161} INFO - Started process (PID=18791) to work on /opt/airflow/dags/failed_lineage_dag.py
[2025-11-18T09:21:41.787+0000] {processor.py:830} INFO - Processing file /opt/airflow/dags/failed_lineage_dag.py for tasks to queue
[2025-11-18T09:21:41.789+0000] {logging_mixin.py:188} INFO - [2025-11-18T09:21:41.788+0000] {dagbag.py:538} INFO - Filling up the DagBag from /opt/airflow/dags/failed_lineage_dag.py
[2025-11-18T09:21:41.819+0000] {processor.py:840} INFO - DAG(s) 'failed_lineage_dag' retrieved from /opt/airflow/dags/failed_lineage_dag.py
[2025-11-18T09:21:41.862+0000] {logging_mixin.py:188} INFO - [2025-11-18T09:21:41.861+0000] {dag.py:3036} INFO - Sync 1 DAGs
[2025-11-18T09:21:41.876+0000] {logging_mixin.py:188} INFO - [2025-11-18T09:21:41.876+0000] {dag.py:3823} INFO - Setting next_dagrun for failed_lineage_dag to None, run_after=None
[2025-11-18T09:21:41.904+0000] {processor.py:183} INFO - Processing /opt/airflow/dags/failed_lineage_dag.py took 0.124 seconds
[2025-11-18T09:22:12.573+0000] {processor.py:161} INFO - Started process (PID=18818) to work on /opt/airflow/dags/failed_lineage_dag.py
[2025-11-18T09:22:12.575+0000] {processor.py:830} INFO - Processing file /opt/airflow/dags/failed_lineage_dag.py for tasks to queue
[2025-11-18T09:22:12.580+0000] {logging_mixin.py:188} INFO - [2025-11-18T09:22:12.580+0000] {dagbag.py:538} INFO - Filling up the DagBag from /opt/airflow/dags/failed_lineage_dag.py
[2025-11-18T09:22:12.631+0000] {processor.py:840} INFO - DAG(s) 'failed_lineage_dag' retrieved from /opt/airflow/dags/failed_lineage_dag.py
[2025-11-18T09:22:12.685+0000] {logging_mixin.py:188} INFO - [2025-11-18T09:22:12.684+0000] {dag.py:3036} INFO - Sync 1 DAGs
[2025-11-18T09:22:12.700+0000] {logging_mixin.py:188} INFO - [2025-11-18T09:22:12.700+0000] {dag.py:3823} INFO - Setting next_dagrun for failed_lineage_dag to None, run_after=None
[2025-11-18T09:22:12.773+0000] {processor.py:183} INFO - Processing /opt/airflow/dags/failed_lineage_dag.py took 0.205 seconds
[2025-11-18T09:22:43.787+0000] {processor.py:161} INFO - Started process (PID=18843) to work on /opt/airflow/dags/failed_lineage_dag.py
[2025-11-18T09:22:43.789+0000] {processor.py:830} INFO - Processing file /opt/airflow/dags/failed_lineage_dag.py for tasks to queue
[2025-11-18T09:22:43.794+0000] {logging_mixin.py:188} INFO - [2025-11-18T09:22:43.794+0000] {dagbag.py:538} INFO - Filling up the DagBag from /opt/airflow/dags/failed_lineage_dag.py
[2025-11-18T09:22:43.837+0000] {processor.py:840} INFO - DAG(s) 'failed_lineage_dag' retrieved from /opt/airflow/dags/failed_lineage_dag.py
[2025-11-18T09:22:43.925+0000] {logging_mixin.py:188} INFO - [2025-11-18T09:22:43.925+0000] {dag.py:3036} INFO - Sync 1 DAGs
[2025-11-18T09:22:43.957+0000] {logging_mixin.py:188} INFO - [2025-11-18T09:22:43.957+0000] {dag.py:3823} INFO - Setting next_dagrun for failed_lineage_dag to None, run_after=None
[2025-11-18T09:22:44.010+0000] {processor.py:183} INFO - Processing /opt/airflow/dags/failed_lineage_dag.py took 0.229 seconds
[2025-11-18T09:23:32.226+0000] {processor.py:161} INFO - Started process (PID=18868) to work on /opt/airflow/dags/failed_lineage_dag.py
[2025-11-18T09:23:32.229+0000] {processor.py:830} INFO - Processing file /opt/airflow/dags/failed_lineage_dag.py for tasks to queue
[2025-11-18T09:23:32.232+0000] {logging_mixin.py:188} INFO - [2025-11-18T09:23:32.231+0000] {dagbag.py:538} INFO - Filling up the DagBag from /opt/airflow/dags/failed_lineage_dag.py
[2025-11-18T09:23:32.265+0000] {processor.py:840} INFO - DAG(s) 'failed_lineage_dag' retrieved from /opt/airflow/dags/failed_lineage_dag.py
[2025-11-18T09:23:32.349+0000] {logging_mixin.py:188} INFO - [2025-11-18T09:23:32.348+0000] {dag.py:3036} INFO - Sync 1 DAGs
[2025-11-18T09:23:32.379+0000] {logging_mixin.py:188} INFO - [2025-11-18T09:23:32.378+0000] {dag.py:3823} INFO - Setting next_dagrun for failed_lineage_dag to None, run_after=None
[2025-11-18T09:23:32.443+0000] {processor.py:183} INFO - Processing /opt/airflow/dags/failed_lineage_dag.py took 0.227 seconds
[2025-11-18T09:24:03.114+0000] {processor.py:161} INFO - Started process (PID=18891) to work on /opt/airflow/dags/failed_lineage_dag.py
[2025-11-18T09:24:03.116+0000] {processor.py:830} INFO - Processing file /opt/airflow/dags/failed_lineage_dag.py for tasks to queue
[2025-11-18T09:24:03.120+0000] {logging_mixin.py:188} INFO - [2025-11-18T09:24:03.118+0000] {dagbag.py:538} INFO - Filling up the DagBag from /opt/airflow/dags/failed_lineage_dag.py
[2025-11-18T09:24:03.156+0000] {processor.py:840} INFO - DAG(s) 'failed_lineage_dag' retrieved from /opt/airflow/dags/failed_lineage_dag.py
[2025-11-18T09:24:03.279+0000] {logging_mixin.py:188} INFO - [2025-11-18T09:24:03.279+0000] {dag.py:3036} INFO - Sync 1 DAGs
[2025-11-18T09:24:03.310+0000] {logging_mixin.py:188} INFO - [2025-11-18T09:24:03.310+0000] {dag.py:3823} INFO - Setting next_dagrun for failed_lineage_dag to None, run_after=None
[2025-11-18T09:24:03.359+0000] {processor.py:183} INFO - Processing /opt/airflow/dags/failed_lineage_dag.py took 0.252 seconds
[2025-11-18T09:24:33.848+0000] {processor.py:161} INFO - Started process (PID=18918) to work on /opt/airflow/dags/failed_lineage_dag.py
[2025-11-18T09:24:33.849+0000] {processor.py:830} INFO - Processing file /opt/airflow/dags/failed_lineage_dag.py for tasks to queue
[2025-11-18T09:24:33.851+0000] {logging_mixin.py:188} INFO - [2025-11-18T09:24:33.850+0000] {dagbag.py:538} INFO - Filling up the DagBag from /opt/airflow/dags/failed_lineage_dag.py
[2025-11-18T09:24:33.867+0000] {processor.py:840} INFO - DAG(s) 'failed_lineage_dag' retrieved from /opt/airflow/dags/failed_lineage_dag.py
[2025-11-18T09:24:33.896+0000] {logging_mixin.py:188} INFO - [2025-11-18T09:24:33.895+0000] {dag.py:3036} INFO - Sync 1 DAGs
[2025-11-18T09:24:33.907+0000] {logging_mixin.py:188} INFO - [2025-11-18T09:24:33.906+0000] {dag.py:3823} INFO - Setting next_dagrun for failed_lineage_dag to None, run_after=None
[2025-11-18T09:24:33.931+0000] {processor.py:183} INFO - Processing /opt/airflow/dags/failed_lineage_dag.py took 0.088 seconds
[2025-11-18T09:25:04.277+0000] {processor.py:161} INFO - Started process (PID=18943) to work on /opt/airflow/dags/failed_lineage_dag.py
[2025-11-18T09:25:04.280+0000] {processor.py:830} INFO - Processing file /opt/airflow/dags/failed_lineage_dag.py for tasks to queue
[2025-11-18T09:25:04.282+0000] {logging_mixin.py:188} INFO - [2025-11-18T09:25:04.281+0000] {dagbag.py:538} INFO - Filling up the DagBag from /opt/airflow/dags/failed_lineage_dag.py
[2025-11-18T09:25:04.367+0000] {processor.py:840} INFO - DAG(s) 'failed_lineage_dag' retrieved from /opt/airflow/dags/failed_lineage_dag.py
[2025-11-18T09:25:04.426+0000] {logging_mixin.py:188} INFO - [2025-11-18T09:25:04.425+0000] {dag.py:3036} INFO - Sync 1 DAGs
[2025-11-18T09:25:04.473+0000] {logging_mixin.py:188} INFO - [2025-11-18T09:25:04.473+0000] {dag.py:3823} INFO - Setting next_dagrun for failed_lineage_dag to None, run_after=None
[2025-11-18T09:25:04.513+0000] {processor.py:183} INFO - Processing /opt/airflow/dags/failed_lineage_dag.py took 0.240 seconds
[2025-11-18T09:25:34.600+0000] {processor.py:161} INFO - Started process (PID=18968) to work on /opt/airflow/dags/failed_lineage_dag.py
[2025-11-18T09:25:34.601+0000] {processor.py:830} INFO - Processing file /opt/airflow/dags/failed_lineage_dag.py for tasks to queue
[2025-11-18T09:25:34.602+0000] {logging_mixin.py:188} INFO - [2025-11-18T09:25:34.602+0000] {dagbag.py:538} INFO - Filling up the DagBag from /opt/airflow/dags/failed_lineage_dag.py
[2025-11-18T09:25:34.617+0000] {processor.py:840} INFO - DAG(s) 'failed_lineage_dag' retrieved from /opt/airflow/dags/failed_lineage_dag.py
[2025-11-18T09:25:34.649+0000] {logging_mixin.py:188} INFO - [2025-11-18T09:25:34.648+0000] {dag.py:3036} INFO - Sync 1 DAGs
[2025-11-18T09:25:34.661+0000] {logging_mixin.py:188} INFO - [2025-11-18T09:25:34.660+0000] {dag.py:3823} INFO - Setting next_dagrun for failed_lineage_dag to None, run_after=None
[2025-11-18T09:25:34.683+0000] {processor.py:183} INFO - Processing /opt/airflow/dags/failed_lineage_dag.py took 0.087 seconds
[2025-11-18T09:26:04.926+0000] {processor.py:161} INFO - Started process (PID=18991) to work on /opt/airflow/dags/failed_lineage_dag.py
[2025-11-18T09:26:04.929+0000] {processor.py:830} INFO - Processing file /opt/airflow/dags/failed_lineage_dag.py for tasks to queue
[2025-11-18T09:26:04.932+0000] {logging_mixin.py:188} INFO - [2025-11-18T09:26:04.931+0000] {dagbag.py:538} INFO - Filling up the DagBag from /opt/airflow/dags/failed_lineage_dag.py
[2025-11-18T09:26:04.962+0000] {processor.py:840} INFO - DAG(s) 'failed_lineage_dag' retrieved from /opt/airflow/dags/failed_lineage_dag.py
[2025-11-18T09:26:05.000+0000] {logging_mixin.py:188} INFO - [2025-11-18T09:26:05.000+0000] {dag.py:3036} INFO - Sync 1 DAGs
[2025-11-18T09:26:05.024+0000] {logging_mixin.py:188} INFO - [2025-11-18T09:26:05.023+0000] {dag.py:3823} INFO - Setting next_dagrun for failed_lineage_dag to None, run_after=None
[2025-11-18T09:26:05.061+0000] {processor.py:183} INFO - Processing /opt/airflow/dags/failed_lineage_dag.py took 0.140 seconds
[2025-11-18T09:26:35.943+0000] {processor.py:161} INFO - Started process (PID=19018) to work on /opt/airflow/dags/failed_lineage_dag.py
[2025-11-18T09:26:35.945+0000] {processor.py:830} INFO - Processing file /opt/airflow/dags/failed_lineage_dag.py for tasks to queue
[2025-11-18T09:26:35.947+0000] {logging_mixin.py:188} INFO - [2025-11-18T09:26:35.946+0000] {dagbag.py:538} INFO - Filling up the DagBag from /opt/airflow/dags/failed_lineage_dag.py
[2025-11-18T09:26:35.965+0000] {processor.py:840} INFO - DAG(s) 'failed_lineage_dag' retrieved from /opt/airflow/dags/failed_lineage_dag.py
[2025-11-18T09:26:36.011+0000] {logging_mixin.py:188} INFO - [2025-11-18T09:26:36.009+0000] {dag.py:3036} INFO - Sync 1 DAGs
[2025-11-18T09:26:36.027+0000] {logging_mixin.py:188} INFO - [2025-11-18T09:26:36.027+0000] {dag.py:3823} INFO - Setting next_dagrun for failed_lineage_dag to None, run_after=None
[2025-11-18T09:26:36.060+0000] {processor.py:183} INFO - Processing /opt/airflow/dags/failed_lineage_dag.py took 0.121 seconds
[2025-11-18T09:27:28.409+0000] {processor.py:161} INFO - Started process (PID=19043) to work on /opt/airflow/dags/failed_lineage_dag.py
[2025-11-18T09:27:28.417+0000] {processor.py:830} INFO - Processing file /opt/airflow/dags/failed_lineage_dag.py for tasks to queue
[2025-11-18T09:27:28.419+0000] {logging_mixin.py:188} INFO - [2025-11-18T09:27:28.419+0000] {dagbag.py:538} INFO - Filling up the DagBag from /opt/airflow/dags/failed_lineage_dag.py
[2025-11-18T09:27:28.511+0000] {processor.py:840} INFO - DAG(s) 'failed_lineage_dag' retrieved from /opt/airflow/dags/failed_lineage_dag.py
[2025-11-18T09:27:28.596+0000] {logging_mixin.py:188} INFO - [2025-11-18T09:27:28.595+0000] {dag.py:3036} INFO - Sync 1 DAGs
[2025-11-18T09:27:28.636+0000] {logging_mixin.py:188} INFO - [2025-11-18T09:27:28.636+0000] {dag.py:3823} INFO - Setting next_dagrun for failed_lineage_dag to None, run_after=None
[2025-11-18T09:27:28.743+0000] {processor.py:183} INFO - Processing /opt/airflow/dags/failed_lineage_dag.py took 0.345 seconds
[2025-11-18T09:27:59.368+0000] {processor.py:161} INFO - Started process (PID=19068) to work on /opt/airflow/dags/failed_lineage_dag.py
[2025-11-18T09:27:59.375+0000] {processor.py:830} INFO - Processing file /opt/airflow/dags/failed_lineage_dag.py for tasks to queue
[2025-11-18T09:27:59.384+0000] {logging_mixin.py:188} INFO - [2025-11-18T09:27:59.383+0000] {dagbag.py:538} INFO - Filling up the DagBag from /opt/airflow/dags/failed_lineage_dag.py
[2025-11-18T09:27:59.418+0000] {processor.py:840} INFO - DAG(s) 'failed_lineage_dag' retrieved from /opt/airflow/dags/failed_lineage_dag.py
[2025-11-18T09:27:59.509+0000] {logging_mixin.py:188} INFO - [2025-11-18T09:27:59.509+0000] {dag.py:3036} INFO - Sync 1 DAGs
[2025-11-18T09:27:59.557+0000] {logging_mixin.py:188} INFO - [2025-11-18T09:27:59.557+0000] {dag.py:3823} INFO - Setting next_dagrun for failed_lineage_dag to None, run_after=None
[2025-11-18T09:27:59.629+0000] {processor.py:183} INFO - Processing /opt/airflow/dags/failed_lineage_dag.py took 0.268 seconds
[2025-11-18T09:28:32.629+0000] {processor.py:161} INFO - Started process (PID=19091) to work on /opt/airflow/dags/failed_lineage_dag.py
[2025-11-18T09:28:32.700+0000] {processor.py:830} INFO - Processing file /opt/airflow/dags/failed_lineage_dag.py for tasks to queue
[2025-11-18T09:28:32.724+0000] {logging_mixin.py:188} INFO - [2025-11-18T09:28:32.722+0000] {dagbag.py:538} INFO - Filling up the DagBag from /opt/airflow/dags/failed_lineage_dag.py
[2025-11-18T09:28:33.165+0000] {processor.py:840} INFO - DAG(s) 'failed_lineage_dag' retrieved from /opt/airflow/dags/failed_lineage_dag.py
[2025-11-18T09:28:33.298+0000] {logging_mixin.py:188} INFO - [2025-11-18T09:28:33.298+0000] {dag.py:3036} INFO - Sync 1 DAGs
[2025-11-18T09:28:33.381+0000] {logging_mixin.py:188} INFO - [2025-11-18T09:28:33.380+0000] {dag.py:3823} INFO - Setting next_dagrun for failed_lineage_dag to None, run_after=None
[2025-11-18T09:28:33.571+0000] {processor.py:183} INFO - Processing /opt/airflow/dags/failed_lineage_dag.py took 0.973 seconds
[2025-11-18T09:29:09.607+0000] {processor.py:161} INFO - Started process (PID=19116) to work on /opt/airflow/dags/failed_lineage_dag.py
[2025-11-18T09:29:09.618+0000] {processor.py:830} INFO - Processing file /opt/airflow/dags/failed_lineage_dag.py for tasks to queue
[2025-11-18T09:29:09.630+0000] {logging_mixin.py:188} INFO - [2025-11-18T09:29:09.629+0000] {dagbag.py:538} INFO - Filling up the DagBag from /opt/airflow/dags/failed_lineage_dag.py
[2025-11-18T09:29:09.740+0000] {processor.py:840} INFO - DAG(s) 'failed_lineage_dag' retrieved from /opt/airflow/dags/failed_lineage_dag.py
[2025-11-18T09:29:09.937+0000] {logging_mixin.py:188} INFO - [2025-11-18T09:29:09.937+0000] {dag.py:3036} INFO - Sync 1 DAGs
[2025-11-18T09:29:10.001+0000] {logging_mixin.py:188} INFO - [2025-11-18T09:29:10.000+0000] {dag.py:3823} INFO - Setting next_dagrun for failed_lineage_dag to None, run_after=None
[2025-11-18T09:29:10.122+0000] {processor.py:183} INFO - Processing /opt/airflow/dags/failed_lineage_dag.py took 0.512 seconds
[2025-11-18T09:29:40.727+0000] {processor.py:161} INFO - Started process (PID=19141) to work on /opt/airflow/dags/failed_lineage_dag.py
[2025-11-18T09:29:40.736+0000] {processor.py:830} INFO - Processing file /opt/airflow/dags/failed_lineage_dag.py for tasks to queue
[2025-11-18T09:29:40.737+0000] {logging_mixin.py:188} INFO - [2025-11-18T09:29:40.737+0000] {dagbag.py:538} INFO - Filling up the DagBag from /opt/airflow/dags/failed_lineage_dag.py
[2025-11-18T09:29:40.763+0000] {processor.py:840} INFO - DAG(s) 'failed_lineage_dag' retrieved from /opt/airflow/dags/failed_lineage_dag.py
[2025-11-18T09:29:40.808+0000] {logging_mixin.py:188} INFO - [2025-11-18T09:29:40.807+0000] {dag.py:3036} INFO - Sync 1 DAGs
[2025-11-18T09:29:40.824+0000] {logging_mixin.py:188} INFO - [2025-11-18T09:29:40.824+0000] {dag.py:3823} INFO - Setting next_dagrun for failed_lineage_dag to None, run_after=None
[2025-11-18T09:29:40.861+0000] {processor.py:183} INFO - Processing /opt/airflow/dags/failed_lineage_dag.py took 0.139 seconds
[2025-11-18T09:30:11.437+0000] {processor.py:161} INFO - Started process (PID=19166) to work on /opt/airflow/dags/failed_lineage_dag.py
[2025-11-18T09:30:11.439+0000] {processor.py:830} INFO - Processing file /opt/airflow/dags/failed_lineage_dag.py for tasks to queue
[2025-11-18T09:30:11.441+0000] {logging_mixin.py:188} INFO - [2025-11-18T09:30:11.441+0000] {dagbag.py:538} INFO - Filling up the DagBag from /opt/airflow/dags/failed_lineage_dag.py
[2025-11-18T09:30:11.464+0000] {processor.py:840} INFO - DAG(s) 'failed_lineage_dag' retrieved from /opt/airflow/dags/failed_lineage_dag.py
[2025-11-18T09:30:11.538+0000] {logging_mixin.py:188} INFO - [2025-11-18T09:30:11.536+0000] {dag.py:3036} INFO - Sync 1 DAGs
[2025-11-18T09:30:11.581+0000] {logging_mixin.py:188} INFO - [2025-11-18T09:30:11.580+0000] {dag.py:3823} INFO - Setting next_dagrun for failed_lineage_dag to None, run_after=None
[2025-11-18T09:30:11.643+0000] {processor.py:183} INFO - Processing /opt/airflow/dags/failed_lineage_dag.py took 0.212 seconds
[2025-11-18T09:30:57.446+0000] {processor.py:161} INFO - Started process (PID=19191) to work on /opt/airflow/dags/failed_lineage_dag.py
[2025-11-18T09:30:57.481+0000] {processor.py:830} INFO - Processing file /opt/airflow/dags/failed_lineage_dag.py for tasks to queue
[2025-11-18T09:30:57.494+0000] {logging_mixin.py:188} INFO - [2025-11-18T09:30:57.493+0000] {dagbag.py:538} INFO - Filling up the DagBag from /opt/airflow/dags/failed_lineage_dag.py
[2025-11-18T09:30:57.848+0000] {processor.py:840} INFO - DAG(s) 'failed_lineage_dag' retrieved from /opt/airflow/dags/failed_lineage_dag.py
[2025-11-18T09:30:58.003+0000] {logging_mixin.py:188} INFO - [2025-11-18T09:30:58.003+0000] {dag.py:3036} INFO - Sync 1 DAGs
[2025-11-18T09:30:58.194+0000] {logging_mixin.py:188} INFO - [2025-11-18T09:30:58.193+0000] {dag.py:3823} INFO - Setting next_dagrun for failed_lineage_dag to None, run_after=None
[2025-11-18T09:30:58.426+0000] {processor.py:183} INFO - Processing /opt/airflow/dags/failed_lineage_dag.py took 0.985 seconds
[2025-11-18T09:31:35.838+0000] {processor.py:161} INFO - Started process (PID=19216) to work on /opt/airflow/dags/failed_lineage_dag.py
[2025-11-18T09:31:35.845+0000] {processor.py:830} INFO - Processing file /opt/airflow/dags/failed_lineage_dag.py for tasks to queue
[2025-11-18T09:31:35.850+0000] {logging_mixin.py:188} INFO - [2025-11-18T09:31:35.849+0000] {dagbag.py:538} INFO - Filling up the DagBag from /opt/airflow/dags/failed_lineage_dag.py
[2025-11-18T09:31:35.928+0000] {processor.py:840} INFO - DAG(s) 'failed_lineage_dag' retrieved from /opt/airflow/dags/failed_lineage_dag.py
[2025-11-18T09:31:36.033+0000] {logging_mixin.py:188} INFO - [2025-11-18T09:31:36.032+0000] {dag.py:3036} INFO - Sync 1 DAGs
[2025-11-18T09:31:36.082+0000] {logging_mixin.py:188} INFO - [2025-11-18T09:31:36.081+0000] {dag.py:3823} INFO - Setting next_dagrun for failed_lineage_dag to None, run_after=None
[2025-11-18T09:31:36.178+0000] {processor.py:183} INFO - Processing /opt/airflow/dags/failed_lineage_dag.py took 0.346 seconds
[2025-11-18T09:32:12.892+0000] {processor.py:161} INFO - Started process (PID=19243) to work on /opt/airflow/dags/failed_lineage_dag.py
[2025-11-18T09:32:12.902+0000] {processor.py:830} INFO - Processing file /opt/airflow/dags/failed_lineage_dag.py for tasks to queue
[2025-11-18T09:32:12.904+0000] {logging_mixin.py:188} INFO - [2025-11-18T09:32:12.904+0000] {dagbag.py:538} INFO - Filling up the DagBag from /opt/airflow/dags/failed_lineage_dag.py
[2025-11-18T09:32:13.630+0000] {processor.py:840} INFO - DAG(s) 'failed_lineage_dag' retrieved from /opt/airflow/dags/failed_lineage_dag.py
[2025-11-18T09:32:13.745+0000] {logging_mixin.py:188} INFO - [2025-11-18T09:32:13.744+0000] {dag.py:3036} INFO - Sync 1 DAGs
[2025-11-18T09:32:13.804+0000] {logging_mixin.py:188} INFO - [2025-11-18T09:32:13.804+0000] {dag.py:3823} INFO - Setting next_dagrun for failed_lineage_dag to None, run_after=None
[2025-11-18T09:32:13.885+0000] {processor.py:183} INFO - Processing /opt/airflow/dags/failed_lineage_dag.py took 0.999 seconds
[2025-11-18T09:32:44.423+0000] {processor.py:161} INFO - Started process (PID=19268) to work on /opt/airflow/dags/failed_lineage_dag.py
[2025-11-18T09:32:44.426+0000] {processor.py:830} INFO - Processing file /opt/airflow/dags/failed_lineage_dag.py for tasks to queue
[2025-11-18T09:32:44.428+0000] {logging_mixin.py:188} INFO - [2025-11-18T09:32:44.427+0000] {dagbag.py:538} INFO - Filling up the DagBag from /opt/airflow/dags/failed_lineage_dag.py
[2025-11-18T09:32:44.513+0000] {processor.py:840} INFO - DAG(s) 'failed_lineage_dag' retrieved from /opt/airflow/dags/failed_lineage_dag.py
[2025-11-18T09:32:44.617+0000] {logging_mixin.py:188} INFO - [2025-11-18T09:32:44.616+0000] {dag.py:3036} INFO - Sync 1 DAGs
[2025-11-18T09:32:44.653+0000] {logging_mixin.py:188} INFO - [2025-11-18T09:32:44.652+0000] {dag.py:3823} INFO - Setting next_dagrun for failed_lineage_dag to None, run_after=None
[2025-11-18T09:32:44.739+0000] {processor.py:183} INFO - Processing /opt/airflow/dags/failed_lineage_dag.py took 0.322 seconds
[2025-11-18T09:33:14.920+0000] {processor.py:161} INFO - Started process (PID=19293) to work on /opt/airflow/dags/failed_lineage_dag.py
[2025-11-18T09:33:14.922+0000] {processor.py:830} INFO - Processing file /opt/airflow/dags/failed_lineage_dag.py for tasks to queue
[2025-11-18T09:33:14.923+0000] {logging_mixin.py:188} INFO - [2025-11-18T09:33:14.923+0000] {dagbag.py:538} INFO - Filling up the DagBag from /opt/airflow/dags/failed_lineage_dag.py
[2025-11-18T09:33:14.963+0000] {processor.py:840} INFO - DAG(s) 'failed_lineage_dag' retrieved from /opt/airflow/dags/failed_lineage_dag.py
[2025-11-18T09:33:14.994+0000] {logging_mixin.py:188} INFO - [2025-11-18T09:33:14.994+0000] {dag.py:3036} INFO - Sync 1 DAGs
[2025-11-18T09:33:15.011+0000] {logging_mixin.py:188} INFO - [2025-11-18T09:33:15.011+0000] {dag.py:3823} INFO - Setting next_dagrun for failed_lineage_dag to None, run_after=None
[2025-11-18T09:33:15.056+0000] {processor.py:183} INFO - Processing /opt/airflow/dags/failed_lineage_dag.py took 0.140 seconds
[2025-11-18T09:33:45.942+0000] {processor.py:161} INFO - Started process (PID=19318) to work on /opt/airflow/dags/failed_lineage_dag.py
[2025-11-18T09:33:45.957+0000] {processor.py:830} INFO - Processing file /opt/airflow/dags/failed_lineage_dag.py for tasks to queue
[2025-11-18T09:33:45.962+0000] {logging_mixin.py:188} INFO - [2025-11-18T09:33:45.961+0000] {dagbag.py:538} INFO - Filling up the DagBag from /opt/airflow/dags/failed_lineage_dag.py
[2025-11-18T09:33:46.063+0000] {processor.py:840} INFO - DAG(s) 'failed_lineage_dag' retrieved from /opt/airflow/dags/failed_lineage_dag.py
[2025-11-18T09:33:46.175+0000] {logging_mixin.py:188} INFO - [2025-11-18T09:33:46.175+0000] {dag.py:3036} INFO - Sync 1 DAGs
[2025-11-18T09:33:46.223+0000] {logging_mixin.py:188} INFO - [2025-11-18T09:33:46.222+0000] {dag.py:3823} INFO - Setting next_dagrun for failed_lineage_dag to None, run_after=None
[2025-11-18T09:33:46.299+0000] {processor.py:183} INFO - Processing /opt/airflow/dags/failed_lineage_dag.py took 0.372 seconds
[2025-11-18T09:34:17.047+0000] {processor.py:161} INFO - Started process (PID=19343) to work on /opt/airflow/dags/failed_lineage_dag.py
[2025-11-18T09:34:17.049+0000] {processor.py:830} INFO - Processing file /opt/airflow/dags/failed_lineage_dag.py for tasks to queue
[2025-11-18T09:34:17.050+0000] {logging_mixin.py:188} INFO - [2025-11-18T09:34:17.050+0000] {dagbag.py:538} INFO - Filling up the DagBag from /opt/airflow/dags/failed_lineage_dag.py
[2025-11-18T09:34:17.074+0000] {processor.py:840} INFO - DAG(s) 'failed_lineage_dag' retrieved from /opt/airflow/dags/failed_lineage_dag.py
[2025-11-18T09:34:17.132+0000] {logging_mixin.py:188} INFO - [2025-11-18T09:34:17.132+0000] {dag.py:3036} INFO - Sync 1 DAGs
[2025-11-18T09:34:17.148+0000] {logging_mixin.py:188} INFO - [2025-11-18T09:34:17.148+0000] {dag.py:3823} INFO - Setting next_dagrun for failed_lineage_dag to None, run_after=None
[2025-11-18T09:34:17.179+0000] {processor.py:183} INFO - Processing /opt/airflow/dags/failed_lineage_dag.py took 0.137 seconds
[2025-11-18T09:34:47.613+0000] {processor.py:161} INFO - Started process (PID=19368) to work on /opt/airflow/dags/failed_lineage_dag.py
[2025-11-18T09:34:47.617+0000] {processor.py:830} INFO - Processing file /opt/airflow/dags/failed_lineage_dag.py for tasks to queue
[2025-11-18T09:34:47.618+0000] {logging_mixin.py:188} INFO - [2025-11-18T09:34:47.618+0000] {dagbag.py:538} INFO - Filling up the DagBag from /opt/airflow/dags/failed_lineage_dag.py
[2025-11-18T09:34:47.657+0000] {processor.py:840} INFO - DAG(s) 'failed_lineage_dag' retrieved from /opt/airflow/dags/failed_lineage_dag.py
[2025-11-18T09:34:47.735+0000] {logging_mixin.py:188} INFO - [2025-11-18T09:34:47.735+0000] {dag.py:3036} INFO - Sync 1 DAGs
[2025-11-18T09:34:47.771+0000] {logging_mixin.py:188} INFO - [2025-11-18T09:34:47.771+0000] {dag.py:3823} INFO - Setting next_dagrun for failed_lineage_dag to None, run_after=None
[2025-11-18T09:34:47.874+0000] {processor.py:183} INFO - Processing /opt/airflow/dags/failed_lineage_dag.py took 0.266 seconds
[2025-11-18T09:35:18.597+0000] {processor.py:161} INFO - Started process (PID=19393) to work on /opt/airflow/dags/failed_lineage_dag.py
[2025-11-18T09:35:18.599+0000] {processor.py:830} INFO - Processing file /opt/airflow/dags/failed_lineage_dag.py for tasks to queue
[2025-11-18T09:35:18.600+0000] {logging_mixin.py:188} INFO - [2025-11-18T09:35:18.600+0000] {dagbag.py:538} INFO - Filling up the DagBag from /opt/airflow/dags/failed_lineage_dag.py
[2025-11-18T09:35:18.636+0000] {processor.py:840} INFO - DAG(s) 'failed_lineage_dag' retrieved from /opt/airflow/dags/failed_lineage_dag.py
[2025-11-18T09:35:18.674+0000] {logging_mixin.py:188} INFO - [2025-11-18T09:35:18.674+0000] {dag.py:3036} INFO - Sync 1 DAGs
[2025-11-18T09:35:18.688+0000] {logging_mixin.py:188} INFO - [2025-11-18T09:35:18.687+0000] {dag.py:3823} INFO - Setting next_dagrun for failed_lineage_dag to None, run_after=None
[2025-11-18T09:35:18.715+0000] {processor.py:183} INFO - Processing /opt/airflow/dags/failed_lineage_dag.py took 0.124 seconds
[2025-11-18T09:35:48.954+0000] {processor.py:161} INFO - Started process (PID=19418) to work on /opt/airflow/dags/failed_lineage_dag.py
[2025-11-18T09:35:48.956+0000] {processor.py:830} INFO - Processing file /opt/airflow/dags/failed_lineage_dag.py for tasks to queue
[2025-11-18T09:35:48.957+0000] {logging_mixin.py:188} INFO - [2025-11-18T09:35:48.956+0000] {dagbag.py:538} INFO - Filling up the DagBag from /opt/airflow/dags/failed_lineage_dag.py
[2025-11-18T09:35:48.973+0000] {processor.py:840} INFO - DAG(s) 'failed_lineage_dag' retrieved from /opt/airflow/dags/failed_lineage_dag.py
[2025-11-18T09:35:49.012+0000] {logging_mixin.py:188} INFO - [2025-11-18T09:35:49.012+0000] {dag.py:3036} INFO - Sync 1 DAGs
[2025-11-18T09:35:49.025+0000] {logging_mixin.py:188} INFO - [2025-11-18T09:35:49.025+0000] {dag.py:3823} INFO - Setting next_dagrun for failed_lineage_dag to None, run_after=None
[2025-11-18T09:35:49.051+0000] {processor.py:183} INFO - Processing /opt/airflow/dags/failed_lineage_dag.py took 0.101 seconds
[2025-11-18T09:36:19.398+0000] {processor.py:161} INFO - Started process (PID=19441) to work on /opt/airflow/dags/failed_lineage_dag.py
[2025-11-18T09:36:19.402+0000] {processor.py:830} INFO - Processing file /opt/airflow/dags/failed_lineage_dag.py for tasks to queue
[2025-11-18T09:36:19.406+0000] {logging_mixin.py:188} INFO - [2025-11-18T09:36:19.405+0000] {dagbag.py:538} INFO - Filling up the DagBag from /opt/airflow/dags/failed_lineage_dag.py
[2025-11-18T09:36:19.428+0000] {processor.py:840} INFO - DAG(s) 'failed_lineage_dag' retrieved from /opt/airflow/dags/failed_lineage_dag.py
[2025-11-18T09:36:19.472+0000] {logging_mixin.py:188} INFO - [2025-11-18T09:36:19.471+0000] {dag.py:3036} INFO - Sync 1 DAGs
[2025-11-18T09:36:19.502+0000] {logging_mixin.py:188} INFO - [2025-11-18T09:36:19.502+0000] {dag.py:3823} INFO - Setting next_dagrun for failed_lineage_dag to None, run_after=None
[2025-11-18T09:36:19.547+0000] {processor.py:183} INFO - Processing /opt/airflow/dags/failed_lineage_dag.py took 0.154 seconds
[2025-11-18T09:36:49.674+0000] {processor.py:161} INFO - Started process (PID=19466) to work on /opt/airflow/dags/failed_lineage_dag.py
[2025-11-18T09:36:49.677+0000] {processor.py:830} INFO - Processing file /opt/airflow/dags/failed_lineage_dag.py for tasks to queue
[2025-11-18T09:36:49.678+0000] {logging_mixin.py:188} INFO - [2025-11-18T09:36:49.678+0000] {dagbag.py:538} INFO - Filling up the DagBag from /opt/airflow/dags/failed_lineage_dag.py
[2025-11-18T09:36:49.706+0000] {processor.py:840} INFO - DAG(s) 'failed_lineage_dag' retrieved from /opt/airflow/dags/failed_lineage_dag.py
[2025-11-18T09:36:49.748+0000] {logging_mixin.py:188} INFO - [2025-11-18T09:36:49.748+0000] {dag.py:3036} INFO - Sync 1 DAGs
[2025-11-18T09:36:49.770+0000] {logging_mixin.py:188} INFO - [2025-11-18T09:36:49.769+0000] {dag.py:3823} INFO - Setting next_dagrun for failed_lineage_dag to None, run_after=None
[2025-11-18T09:36:49.806+0000] {processor.py:183} INFO - Processing /opt/airflow/dags/failed_lineage_dag.py took 0.138 seconds
[2025-11-18T09:37:20.875+0000] {processor.py:161} INFO - Started process (PID=19493) to work on /opt/airflow/dags/failed_lineage_dag.py
[2025-11-18T09:37:20.876+0000] {processor.py:830} INFO - Processing file /opt/airflow/dags/failed_lineage_dag.py for tasks to queue
[2025-11-18T09:37:20.878+0000] {logging_mixin.py:188} INFO - [2025-11-18T09:37:20.877+0000] {dagbag.py:538} INFO - Filling up the DagBag from /opt/airflow/dags/failed_lineage_dag.py
[2025-11-18T09:37:20.899+0000] {processor.py:840} INFO - DAG(s) 'failed_lineage_dag' retrieved from /opt/airflow/dags/failed_lineage_dag.py
[2025-11-18T09:37:20.956+0000] {logging_mixin.py:188} INFO - [2025-11-18T09:37:20.956+0000] {dag.py:3036} INFO - Sync 1 DAGs
[2025-11-18T09:37:20.978+0000] {logging_mixin.py:188} INFO - [2025-11-18T09:37:20.977+0000] {dag.py:3823} INFO - Setting next_dagrun for failed_lineage_dag to None, run_after=None
[2025-11-18T09:37:21.021+0000] {processor.py:183} INFO - Processing /opt/airflow/dags/failed_lineage_dag.py took 0.151 seconds
[2025-11-18T09:37:51.142+0000] {processor.py:161} INFO - Started process (PID=19518) to work on /opt/airflow/dags/failed_lineage_dag.py
[2025-11-18T09:37:51.143+0000] {processor.py:830} INFO - Processing file /opt/airflow/dags/failed_lineage_dag.py for tasks to queue
[2025-11-18T09:37:51.144+0000] {logging_mixin.py:188} INFO - [2025-11-18T09:37:51.144+0000] {dagbag.py:538} INFO - Filling up the DagBag from /opt/airflow/dags/failed_lineage_dag.py
[2025-11-18T09:37:51.162+0000] {processor.py:840} INFO - DAG(s) 'failed_lineage_dag' retrieved from /opt/airflow/dags/failed_lineage_dag.py
[2025-11-18T09:37:51.192+0000] {logging_mixin.py:188} INFO - [2025-11-18T09:37:51.192+0000] {dag.py:3036} INFO - Sync 1 DAGs
[2025-11-18T09:37:51.206+0000] {logging_mixin.py:188} INFO - [2025-11-18T09:37:51.206+0000] {dag.py:3823} INFO - Setting next_dagrun for failed_lineage_dag to None, run_after=None
[2025-11-18T09:37:51.228+0000] {processor.py:183} INFO - Processing /opt/airflow/dags/failed_lineage_dag.py took 0.091 seconds
[2025-11-18T09:38:22.511+0000] {processor.py:161} INFO - Started process (PID=19543) to work on /opt/airflow/dags/failed_lineage_dag.py
[2025-11-18T09:38:22.515+0000] {processor.py:830} INFO - Processing file /opt/airflow/dags/failed_lineage_dag.py for tasks to queue
[2025-11-18T09:38:22.517+0000] {logging_mixin.py:188} INFO - [2025-11-18T09:38:22.516+0000] {dagbag.py:538} INFO - Filling up the DagBag from /opt/airflow/dags/failed_lineage_dag.py
[2025-11-18T09:38:22.542+0000] {processor.py:840} INFO - DAG(s) 'failed_lineage_dag' retrieved from /opt/airflow/dags/failed_lineage_dag.py
[2025-11-18T09:38:22.598+0000] {logging_mixin.py:188} INFO - [2025-11-18T09:38:22.597+0000] {dag.py:3036} INFO - Sync 1 DAGs
[2025-11-18T09:38:22.620+0000] {logging_mixin.py:188} INFO - [2025-11-18T09:38:22.620+0000] {dag.py:3823} INFO - Setting next_dagrun for failed_lineage_dag to None, run_after=None
[2025-11-18T09:38:22.651+0000] {processor.py:183} INFO - Processing /opt/airflow/dags/failed_lineage_dag.py took 0.146 seconds
[2025-11-18T09:38:52.822+0000] {processor.py:161} INFO - Started process (PID=19568) to work on /opt/airflow/dags/failed_lineage_dag.py
[2025-11-18T09:38:52.824+0000] {processor.py:830} INFO - Processing file /opt/airflow/dags/failed_lineage_dag.py for tasks to queue
[2025-11-18T09:38:52.825+0000] {logging_mixin.py:188} INFO - [2025-11-18T09:38:52.825+0000] {dagbag.py:538} INFO - Filling up the DagBag from /opt/airflow/dags/failed_lineage_dag.py
[2025-11-18T09:38:52.842+0000] {processor.py:840} INFO - DAG(s) 'failed_lineage_dag' retrieved from /opt/airflow/dags/failed_lineage_dag.py
[2025-11-18T09:38:52.875+0000] {logging_mixin.py:188} INFO - [2025-11-18T09:38:52.874+0000] {dag.py:3036} INFO - Sync 1 DAGs
[2025-11-18T09:38:52.886+0000] {logging_mixin.py:188} INFO - [2025-11-18T09:38:52.886+0000] {dag.py:3823} INFO - Setting next_dagrun for failed_lineage_dag to None, run_after=None
[2025-11-18T09:38:52.910+0000] {processor.py:183} INFO - Processing /opt/airflow/dags/failed_lineage_dag.py took 0.092 seconds
[2025-11-18T09:39:23.657+0000] {processor.py:161} INFO - Started process (PID=19592) to work on /opt/airflow/dags/failed_lineage_dag.py
[2025-11-18T09:39:23.661+0000] {processor.py:830} INFO - Processing file /opt/airflow/dags/failed_lineage_dag.py for tasks to queue
[2025-11-18T09:39:23.671+0000] {logging_mixin.py:188} INFO - [2025-11-18T09:39:23.671+0000] {dagbag.py:538} INFO - Filling up the DagBag from /opt/airflow/dags/failed_lineage_dag.py
[2025-11-18T09:39:23.705+0000] {processor.py:840} INFO - DAG(s) 'failed_lineage_dag' retrieved from /opt/airflow/dags/failed_lineage_dag.py
[2025-11-18T09:39:23.756+0000] {logging_mixin.py:188} INFO - [2025-11-18T09:39:23.756+0000] {dag.py:3036} INFO - Sync 1 DAGs
[2025-11-18T09:39:23.787+0000] {logging_mixin.py:188} INFO - [2025-11-18T09:39:23.786+0000] {dag.py:3823} INFO - Setting next_dagrun for failed_lineage_dag to None, run_after=None
[2025-11-18T09:39:23.863+0000] {processor.py:183} INFO - Processing /opt/airflow/dags/failed_lineage_dag.py took 0.213 seconds
[2025-11-18T09:39:54.249+0000] {processor.py:161} INFO - Started process (PID=19618) to work on /opt/airflow/dags/failed_lineage_dag.py
[2025-11-18T09:39:54.250+0000] {processor.py:830} INFO - Processing file /opt/airflow/dags/failed_lineage_dag.py for tasks to queue
[2025-11-18T09:39:54.251+0000] {logging_mixin.py:188} INFO - [2025-11-18T09:39:54.251+0000] {dagbag.py:538} INFO - Filling up the DagBag from /opt/airflow/dags/failed_lineage_dag.py
[2025-11-18T09:39:54.268+0000] {processor.py:840} INFO - DAG(s) 'failed_lineage_dag' retrieved from /opt/airflow/dags/failed_lineage_dag.py
[2025-11-18T09:39:54.306+0000] {logging_mixin.py:188} INFO - [2025-11-18T09:39:54.306+0000] {dag.py:3036} INFO - Sync 1 DAGs
[2025-11-18T09:39:54.318+0000] {logging_mixin.py:188} INFO - [2025-11-18T09:39:54.317+0000] {dag.py:3823} INFO - Setting next_dagrun for failed_lineage_dag to None, run_after=None
[2025-11-18T09:39:54.339+0000] {processor.py:183} INFO - Processing /opt/airflow/dags/failed_lineage_dag.py took 0.094 seconds
[2025-11-18T09:40:25.284+0000] {processor.py:161} INFO - Started process (PID=19643) to work on /opt/airflow/dags/failed_lineage_dag.py
[2025-11-18T09:40:25.287+0000] {processor.py:830} INFO - Processing file /opt/airflow/dags/failed_lineage_dag.py for tasks to queue
[2025-11-18T09:40:25.291+0000] {logging_mixin.py:188} INFO - [2025-11-18T09:40:25.290+0000] {dagbag.py:538} INFO - Filling up the DagBag from /opt/airflow/dags/failed_lineage_dag.py
[2025-11-18T09:40:25.353+0000] {processor.py:840} INFO - DAG(s) 'failed_lineage_dag' retrieved from /opt/airflow/dags/failed_lineage_dag.py
[2025-11-18T09:40:25.397+0000] {logging_mixin.py:188} INFO - [2025-11-18T09:40:25.397+0000] {dag.py:3036} INFO - Sync 1 DAGs
[2025-11-18T09:40:25.412+0000] {logging_mixin.py:188} INFO - [2025-11-18T09:40:25.411+0000] {dag.py:3823} INFO - Setting next_dagrun for failed_lineage_dag to None, run_after=None
[2025-11-18T09:40:25.447+0000] {processor.py:183} INFO - Processing /opt/airflow/dags/failed_lineage_dag.py took 0.173 seconds
[2025-11-18T09:40:59.631+0000] {processor.py:161} INFO - Started process (PID=19668) to work on /opt/airflow/dags/failed_lineage_dag.py
[2025-11-18T09:40:59.634+0000] {processor.py:830} INFO - Processing file /opt/airflow/dags/failed_lineage_dag.py for tasks to queue
[2025-11-18T09:40:59.639+0000] {logging_mixin.py:188} INFO - [2025-11-18T09:40:59.638+0000] {dagbag.py:538} INFO - Filling up the DagBag from /opt/airflow/dags/failed_lineage_dag.py
[2025-11-18T09:41:00.628+0000] {processor.py:840} INFO - DAG(s) 'failed_lineage_dag' retrieved from /opt/airflow/dags/failed_lineage_dag.py
[2025-11-18T09:41:00.731+0000] {logging_mixin.py:188} INFO - [2025-11-18T09:41:00.730+0000] {dag.py:3036} INFO - Sync 1 DAGs
[2025-11-18T09:41:00.792+0000] {logging_mixin.py:188} INFO - [2025-11-18T09:41:00.787+0000] {dag.py:3823} INFO - Setting next_dagrun for failed_lineage_dag to None, run_after=None
[2025-11-18T09:41:00.922+0000] {processor.py:183} INFO - Processing /opt/airflow/dags/failed_lineage_dag.py took 1.297 seconds
[2025-11-18T09:41:31.545+0000] {processor.py:161} INFO - Started process (PID=19693) to work on /opt/airflow/dags/failed_lineage_dag.py
[2025-11-18T09:41:31.547+0000] {processor.py:830} INFO - Processing file /opt/airflow/dags/failed_lineage_dag.py for tasks to queue
[2025-11-18T09:41:31.550+0000] {logging_mixin.py:188} INFO - [2025-11-18T09:41:31.549+0000] {dagbag.py:538} INFO - Filling up the DagBag from /opt/airflow/dags/failed_lineage_dag.py
[2025-11-18T09:41:31.575+0000] {processor.py:840} INFO - DAG(s) 'failed_lineage_dag' retrieved from /opt/airflow/dags/failed_lineage_dag.py
[2025-11-18T09:41:31.616+0000] {logging_mixin.py:188} INFO - [2025-11-18T09:41:31.616+0000] {dag.py:3036} INFO - Sync 1 DAGs
[2025-11-18T09:41:31.632+0000] {logging_mixin.py:188} INFO - [2025-11-18T09:41:31.632+0000] {dag.py:3823} INFO - Setting next_dagrun for failed_lineage_dag to None, run_after=None
[2025-11-18T09:41:31.658+0000] {processor.py:183} INFO - Processing /opt/airflow/dags/failed_lineage_dag.py took 0.116 seconds
[2025-11-18T09:42:13.868+0000] {processor.py:161} INFO - Started process (PID=19718) to work on /opt/airflow/dags/failed_lineage_dag.py
[2025-11-18T09:42:13.877+0000] {processor.py:830} INFO - Processing file /opt/airflow/dags/failed_lineage_dag.py for tasks to queue
[2025-11-18T09:42:13.880+0000] {logging_mixin.py:188} INFO - [2025-11-18T09:42:13.879+0000] {dagbag.py:538} INFO - Filling up the DagBag from /opt/airflow/dags/failed_lineage_dag.py
[2025-11-18T09:42:13.938+0000] {processor.py:840} INFO - DAG(s) 'failed_lineage_dag' retrieved from /opt/airflow/dags/failed_lineage_dag.py
[2025-11-18T09:42:14.019+0000] {logging_mixin.py:188} INFO - [2025-11-18T09:42:14.018+0000] {dag.py:3036} INFO - Sync 1 DAGs
[2025-11-18T09:42:14.048+0000] {logging_mixin.py:188} INFO - [2025-11-18T09:42:14.048+0000] {dag.py:3823} INFO - Setting next_dagrun for failed_lineage_dag to None, run_after=None
[2025-11-18T09:42:14.134+0000] {processor.py:183} INFO - Processing /opt/airflow/dags/failed_lineage_dag.py took 0.268 seconds
[2025-11-18T09:42:44.721+0000] {processor.py:161} INFO - Started process (PID=19743) to work on /opt/airflow/dags/failed_lineage_dag.py
[2025-11-18T09:42:44.724+0000] {processor.py:830} INFO - Processing file /opt/airflow/dags/failed_lineage_dag.py for tasks to queue
[2025-11-18T09:42:44.726+0000] {logging_mixin.py:188} INFO - [2025-11-18T09:42:44.725+0000] {dagbag.py:538} INFO - Filling up the DagBag from /opt/airflow/dags/failed_lineage_dag.py
[2025-11-18T09:42:44.764+0000] {processor.py:840} INFO - DAG(s) 'failed_lineage_dag' retrieved from /opt/airflow/dags/failed_lineage_dag.py
[2025-11-18T09:42:44.826+0000] {logging_mixin.py:188} INFO - [2025-11-18T09:42:44.826+0000] {dag.py:3036} INFO - Sync 1 DAGs
[2025-11-18T09:42:44.851+0000] {logging_mixin.py:188} INFO - [2025-11-18T09:42:44.850+0000] {dag.py:3823} INFO - Setting next_dagrun for failed_lineage_dag to None, run_after=None
[2025-11-18T09:42:44.903+0000] {processor.py:183} INFO - Processing /opt/airflow/dags/failed_lineage_dag.py took 0.187 seconds
[2025-11-18T09:43:15.621+0000] {processor.py:161} INFO - Started process (PID=19768) to work on /opt/airflow/dags/failed_lineage_dag.py
[2025-11-18T09:43:15.623+0000] {processor.py:830} INFO - Processing file /opt/airflow/dags/failed_lineage_dag.py for tasks to queue
[2025-11-18T09:43:15.624+0000] {logging_mixin.py:188} INFO - [2025-11-18T09:43:15.624+0000] {dagbag.py:538} INFO - Filling up the DagBag from /opt/airflow/dags/failed_lineage_dag.py
[2025-11-18T09:43:15.659+0000] {processor.py:840} INFO - DAG(s) 'failed_lineage_dag' retrieved from /opt/airflow/dags/failed_lineage_dag.py
[2025-11-18T09:43:15.699+0000] {logging_mixin.py:188} INFO - [2025-11-18T09:43:15.698+0000] {dag.py:3036} INFO - Sync 1 DAGs
[2025-11-18T09:43:15.719+0000] {logging_mixin.py:188} INFO - [2025-11-18T09:43:15.718+0000] {dag.py:3823} INFO - Setting next_dagrun for failed_lineage_dag to None, run_after=None
[2025-11-18T09:43:15.795+0000] {processor.py:183} INFO - Processing /opt/airflow/dags/failed_lineage_dag.py took 0.179 seconds
[2025-11-18T09:43:46.703+0000] {processor.py:161} INFO - Started process (PID=19793) to work on /opt/airflow/dags/failed_lineage_dag.py
[2025-11-18T09:43:46.705+0000] {processor.py:830} INFO - Processing file /opt/airflow/dags/failed_lineage_dag.py for tasks to queue
[2025-11-18T09:43:46.712+0000] {logging_mixin.py:188} INFO - [2025-11-18T09:43:46.707+0000] {dagbag.py:538} INFO - Filling up the DagBag from /opt/airflow/dags/failed_lineage_dag.py
[2025-11-18T09:43:46.730+0000] {processor.py:840} INFO - DAG(s) 'failed_lineage_dag' retrieved from /opt/airflow/dags/failed_lineage_dag.py
[2025-11-18T09:43:46.760+0000] {logging_mixin.py:188} INFO - [2025-11-18T09:43:46.760+0000] {dag.py:3036} INFO - Sync 1 DAGs
[2025-11-18T09:43:46.772+0000] {logging_mixin.py:188} INFO - [2025-11-18T09:43:46.771+0000] {dag.py:3823} INFO - Setting next_dagrun for failed_lineage_dag to None, run_after=None
[2025-11-18T09:43:46.797+0000] {processor.py:183} INFO - Processing /opt/airflow/dags/failed_lineage_dag.py took 0.099 seconds
[2025-11-18T09:44:17.053+0000] {processor.py:161} INFO - Started process (PID=19818) to work on /opt/airflow/dags/failed_lineage_dag.py
[2025-11-18T09:44:17.057+0000] {processor.py:830} INFO - Processing file /opt/airflow/dags/failed_lineage_dag.py for tasks to queue
[2025-11-18T09:44:17.058+0000] {logging_mixin.py:188} INFO - [2025-11-18T09:44:17.058+0000] {dagbag.py:538} INFO - Filling up the DagBag from /opt/airflow/dags/failed_lineage_dag.py
[2025-11-18T09:44:17.075+0000] {processor.py:840} INFO - DAG(s) 'failed_lineage_dag' retrieved from /opt/airflow/dags/failed_lineage_dag.py
[2025-11-18T09:44:17.111+0000] {logging_mixin.py:188} INFO - [2025-11-18T09:44:17.111+0000] {dag.py:3036} INFO - Sync 1 DAGs
[2025-11-18T09:44:17.125+0000] {logging_mixin.py:188} INFO - [2025-11-18T09:44:17.125+0000] {dag.py:3823} INFO - Setting next_dagrun for failed_lineage_dag to None, run_after=None
[2025-11-18T09:44:17.158+0000] {processor.py:183} INFO - Processing /opt/airflow/dags/failed_lineage_dag.py took 0.115 seconds
[2025-11-18T09:44:48.000+0000] {processor.py:161} INFO - Started process (PID=19843) to work on /opt/airflow/dags/failed_lineage_dag.py
[2025-11-18T09:44:48.004+0000] {processor.py:830} INFO - Processing file /opt/airflow/dags/failed_lineage_dag.py for tasks to queue
[2025-11-18T09:44:48.006+0000] {logging_mixin.py:188} INFO - [2025-11-18T09:44:48.005+0000] {dagbag.py:538} INFO - Filling up the DagBag from /opt/airflow/dags/failed_lineage_dag.py
[2025-11-18T09:44:48.021+0000] {processor.py:840} INFO - DAG(s) 'failed_lineage_dag' retrieved from /opt/airflow/dags/failed_lineage_dag.py
[2025-11-18T09:44:48.053+0000] {logging_mixin.py:188} INFO - [2025-11-18T09:44:48.053+0000] {dag.py:3036} INFO - Sync 1 DAGs
[2025-11-18T09:44:48.065+0000] {logging_mixin.py:188} INFO - [2025-11-18T09:44:48.065+0000] {dag.py:3823} INFO - Setting next_dagrun for failed_lineage_dag to None, run_after=None
[2025-11-18T09:44:48.087+0000] {processor.py:183} INFO - Processing /opt/airflow/dags/failed_lineage_dag.py took 0.091 seconds
[2025-11-18T09:45:18.798+0000] {processor.py:161} INFO - Started process (PID=19866) to work on /opt/airflow/dags/failed_lineage_dag.py
[2025-11-18T09:45:18.812+0000] {processor.py:830} INFO - Processing file /opt/airflow/dags/failed_lineage_dag.py for tasks to queue
[2025-11-18T09:45:18.815+0000] {logging_mixin.py:188} INFO - [2025-11-18T09:45:18.814+0000] {dagbag.py:538} INFO - Filling up the DagBag from /opt/airflow/dags/failed_lineage_dag.py
[2025-11-18T09:45:18.941+0000] {processor.py:840} INFO - DAG(s) 'failed_lineage_dag' retrieved from /opt/airflow/dags/failed_lineage_dag.py
[2025-11-18T09:45:19.221+0000] {logging_mixin.py:188} INFO - [2025-11-18T09:45:19.221+0000] {dag.py:3036} INFO - Sync 1 DAGs
[2025-11-18T09:45:19.291+0000] {logging_mixin.py:188} INFO - [2025-11-18T09:45:19.290+0000] {dag.py:3823} INFO - Setting next_dagrun for failed_lineage_dag to None, run_after=None
[2025-11-18T09:45:19.385+0000] {processor.py:183} INFO - Processing /opt/airflow/dags/failed_lineage_dag.py took 0.594 seconds
[2025-11-18T09:45:50.300+0000] {processor.py:161} INFO - Started process (PID=19893) to work on /opt/airflow/dags/failed_lineage_dag.py
[2025-11-18T09:45:50.302+0000] {processor.py:830} INFO - Processing file /opt/airflow/dags/failed_lineage_dag.py for tasks to queue
[2025-11-18T09:45:50.306+0000] {logging_mixin.py:188} INFO - [2025-11-18T09:45:50.305+0000] {dagbag.py:538} INFO - Filling up the DagBag from /opt/airflow/dags/failed_lineage_dag.py
[2025-11-18T09:45:50.332+0000] {processor.py:840} INFO - DAG(s) 'failed_lineage_dag' retrieved from /opt/airflow/dags/failed_lineage_dag.py
[2025-11-18T09:45:50.370+0000] {logging_mixin.py:188} INFO - [2025-11-18T09:45:50.370+0000] {dag.py:3036} INFO - Sync 1 DAGs
[2025-11-18T09:45:50.386+0000] {logging_mixin.py:188} INFO - [2025-11-18T09:45:50.385+0000] {dag.py:3823} INFO - Setting next_dagrun for failed_lineage_dag to None, run_after=None
[2025-11-18T09:45:50.453+0000] {processor.py:183} INFO - Processing /opt/airflow/dags/failed_lineage_dag.py took 0.158 seconds
[2025-11-18T09:46:20.704+0000] {processor.py:161} INFO - Started process (PID=19918) to work on /opt/airflow/dags/failed_lineage_dag.py
[2025-11-18T09:46:20.706+0000] {processor.py:830} INFO - Processing file /opt/airflow/dags/failed_lineage_dag.py for tasks to queue
[2025-11-18T09:46:20.707+0000] {logging_mixin.py:188} INFO - [2025-11-18T09:46:20.707+0000] {dagbag.py:538} INFO - Filling up the DagBag from /opt/airflow/dags/failed_lineage_dag.py
[2025-11-18T09:46:20.728+0000] {processor.py:840} INFO - DAG(s) 'failed_lineage_dag' retrieved from /opt/airflow/dags/failed_lineage_dag.py
[2025-11-18T09:46:20.762+0000] {logging_mixin.py:188} INFO - [2025-11-18T09:46:20.762+0000] {dag.py:3036} INFO - Sync 1 DAGs
[2025-11-18T09:46:20.778+0000] {logging_mixin.py:188} INFO - [2025-11-18T09:46:20.777+0000] {dag.py:3823} INFO - Setting next_dagrun for failed_lineage_dag to None, run_after=None
[2025-11-18T09:46:20.803+0000] {processor.py:183} INFO - Processing /opt/airflow/dags/failed_lineage_dag.py took 0.103 seconds
[2025-11-18T09:46:51.805+0000] {processor.py:161} INFO - Started process (PID=19943) to work on /opt/airflow/dags/failed_lineage_dag.py
[2025-11-18T09:46:51.807+0000] {processor.py:830} INFO - Processing file /opt/airflow/dags/failed_lineage_dag.py for tasks to queue
[2025-11-18T09:46:51.809+0000] {logging_mixin.py:188} INFO - [2025-11-18T09:46:51.808+0000] {dagbag.py:538} INFO - Filling up the DagBag from /opt/airflow/dags/failed_lineage_dag.py
[2025-11-18T09:46:51.827+0000] {processor.py:840} INFO - DAG(s) 'failed_lineage_dag' retrieved from /opt/airflow/dags/failed_lineage_dag.py
[2025-11-18T09:46:51.863+0000] {logging_mixin.py:188} INFO - [2025-11-18T09:46:51.862+0000] {dag.py:3036} INFO - Sync 1 DAGs
[2025-11-18T09:46:51.877+0000] {logging_mixin.py:188} INFO - [2025-11-18T09:46:51.877+0000] {dag.py:3823} INFO - Setting next_dagrun for failed_lineage_dag to None, run_after=None
[2025-11-18T09:46:51.902+0000] {processor.py:183} INFO - Processing /opt/airflow/dags/failed_lineage_dag.py took 0.100 seconds
[2025-11-18T09:47:22.474+0000] {processor.py:161} INFO - Started process (PID=19966) to work on /opt/airflow/dags/failed_lineage_dag.py
[2025-11-18T09:47:22.483+0000] {processor.py:830} INFO - Processing file /opt/airflow/dags/failed_lineage_dag.py for tasks to queue
[2025-11-18T09:47:22.490+0000] {logging_mixin.py:188} INFO - [2025-11-18T09:47:22.489+0000] {dagbag.py:538} INFO - Filling up the DagBag from /opt/airflow/dags/failed_lineage_dag.py
[2025-11-18T09:47:22.528+0000] {processor.py:840} INFO - DAG(s) 'failed_lineage_dag' retrieved from /opt/airflow/dags/failed_lineage_dag.py
[2025-11-18T09:47:22.595+0000] {logging_mixin.py:188} INFO - [2025-11-18T09:47:22.594+0000] {dag.py:3036} INFO - Sync 1 DAGs
[2025-11-18T09:47:22.634+0000] {logging_mixin.py:188} INFO - [2025-11-18T09:47:22.634+0000] {dag.py:3823} INFO - Setting next_dagrun for failed_lineage_dag to None, run_after=None
[2025-11-18T09:47:22.693+0000] {processor.py:183} INFO - Processing /opt/airflow/dags/failed_lineage_dag.py took 0.225 seconds
[2025-11-18T09:47:52.762+0000] {processor.py:161} INFO - Started process (PID=19993) to work on /opt/airflow/dags/failed_lineage_dag.py
[2025-11-18T09:47:52.764+0000] {processor.py:830} INFO - Processing file /opt/airflow/dags/failed_lineage_dag.py for tasks to queue
[2025-11-18T09:47:52.765+0000] {logging_mixin.py:188} INFO - [2025-11-18T09:47:52.764+0000] {dagbag.py:538} INFO - Filling up the DagBag from /opt/airflow/dags/failed_lineage_dag.py
[2025-11-18T09:47:52.780+0000] {processor.py:840} INFO - DAG(s) 'failed_lineage_dag' retrieved from /opt/airflow/dags/failed_lineage_dag.py
[2025-11-18T09:47:52.810+0000] {logging_mixin.py:188} INFO - [2025-11-18T09:47:52.810+0000] {dag.py:3036} INFO - Sync 1 DAGs
[2025-11-18T09:47:52.823+0000] {logging_mixin.py:188} INFO - [2025-11-18T09:47:52.822+0000] {dag.py:3823} INFO - Setting next_dagrun for failed_lineage_dag to None, run_after=None
[2025-11-18T09:47:52.844+0000] {processor.py:183} INFO - Processing /opt/airflow/dags/failed_lineage_dag.py took 0.085 seconds
[2025-11-18T09:48:23.732+0000] {processor.py:161} INFO - Started process (PID=20018) to work on /opt/airflow/dags/failed_lineage_dag.py
[2025-11-18T09:48:23.737+0000] {processor.py:830} INFO - Processing file /opt/airflow/dags/failed_lineage_dag.py for tasks to queue
[2025-11-18T09:48:23.745+0000] {logging_mixin.py:188} INFO - [2025-11-18T09:48:23.744+0000] {dagbag.py:538} INFO - Filling up the DagBag from /opt/airflow/dags/failed_lineage_dag.py
[2025-11-18T09:48:23.791+0000] {processor.py:840} INFO - DAG(s) 'failed_lineage_dag' retrieved from /opt/airflow/dags/failed_lineage_dag.py
[2025-11-18T09:48:23.856+0000] {logging_mixin.py:188} INFO - [2025-11-18T09:48:23.856+0000] {dag.py:3036} INFO - Sync 1 DAGs
[2025-11-18T09:48:23.873+0000] {logging_mixin.py:188} INFO - [2025-11-18T09:48:23.872+0000] {dag.py:3823} INFO - Setting next_dagrun for failed_lineage_dag to None, run_after=None
[2025-11-18T09:48:23.917+0000] {processor.py:183} INFO - Processing /opt/airflow/dags/failed_lineage_dag.py took 0.190 seconds
[2025-11-18T09:48:56.976+0000] {processor.py:161} INFO - Started process (PID=20043) to work on /opt/airflow/dags/failed_lineage_dag.py
[2025-11-18T09:48:56.988+0000] {processor.py:830} INFO - Processing file /opt/airflow/dags/failed_lineage_dag.py for tasks to queue
[2025-11-18T09:48:56.996+0000] {logging_mixin.py:188} INFO - [2025-11-18T09:48:56.995+0000] {dagbag.py:538} INFO - Filling up the DagBag from /opt/airflow/dags/failed_lineage_dag.py
[2025-11-18T09:48:57.277+0000] {processor.py:840} INFO - DAG(s) 'failed_lineage_dag' retrieved from /opt/airflow/dags/failed_lineage_dag.py
[2025-11-18T09:48:57.402+0000] {logging_mixin.py:188} INFO - [2025-11-18T09:48:57.402+0000] {dag.py:3036} INFO - Sync 1 DAGs
[2025-11-18T09:48:57.477+0000] {logging_mixin.py:188} INFO - [2025-11-18T09:48:57.475+0000] {dag.py:3823} INFO - Setting next_dagrun for failed_lineage_dag to None, run_after=None
[2025-11-18T09:48:57.572+0000] {processor.py:183} INFO - Processing /opt/airflow/dags/failed_lineage_dag.py took 0.602 seconds
[2025-11-18T09:49:28.175+0000] {processor.py:161} INFO - Started process (PID=20068) to work on /opt/airflow/dags/failed_lineage_dag.py
[2025-11-18T09:49:28.177+0000] {processor.py:830} INFO - Processing file /opt/airflow/dags/failed_lineage_dag.py for tasks to queue
[2025-11-18T09:49:28.194+0000] {logging_mixin.py:188} INFO - [2025-11-18T09:49:28.193+0000] {dagbag.py:538} INFO - Filling up the DagBag from /opt/airflow/dags/failed_lineage_dag.py
[2025-11-18T09:49:28.245+0000] {processor.py:840} INFO - DAG(s) 'failed_lineage_dag' retrieved from /opt/airflow/dags/failed_lineage_dag.py
[2025-11-18T09:49:28.364+0000] {logging_mixin.py:188} INFO - [2025-11-18T09:49:28.364+0000] {dag.py:3036} INFO - Sync 1 DAGs
[2025-11-18T09:49:28.529+0000] {logging_mixin.py:188} INFO - [2025-11-18T09:49:28.528+0000] {dag.py:3823} INFO - Setting next_dagrun for failed_lineage_dag to None, run_after=None
[2025-11-18T09:49:28.608+0000] {processor.py:183} INFO - Processing /opt/airflow/dags/failed_lineage_dag.py took 0.445 seconds
[2025-11-18T09:49:59.451+0000] {processor.py:161} INFO - Started process (PID=20093) to work on /opt/airflow/dags/failed_lineage_dag.py
[2025-11-18T09:49:59.463+0000] {processor.py:830} INFO - Processing file /opt/airflow/dags/failed_lineage_dag.py for tasks to queue
[2025-11-18T09:49:59.465+0000] {logging_mixin.py:188} INFO - [2025-11-18T09:49:59.464+0000] {dagbag.py:538} INFO - Filling up the DagBag from /opt/airflow/dags/failed_lineage_dag.py
[2025-11-18T09:49:59.543+0000] {processor.py:840} INFO - DAG(s) 'failed_lineage_dag' retrieved from /opt/airflow/dags/failed_lineage_dag.py
[2025-11-18T09:49:59.803+0000] {logging_mixin.py:188} INFO - [2025-11-18T09:49:59.802+0000] {dag.py:3036} INFO - Sync 1 DAGs
[2025-11-18T09:49:59.847+0000] {logging_mixin.py:188} INFO - [2025-11-18T09:49:59.847+0000] {dag.py:3823} INFO - Setting next_dagrun for failed_lineage_dag to None, run_after=None
[2025-11-18T09:49:59.928+0000] {processor.py:183} INFO - Processing /opt/airflow/dags/failed_lineage_dag.py took 0.483 seconds
[2025-11-18T09:50:30.915+0000] {processor.py:161} INFO - Started process (PID=20118) to work on /opt/airflow/dags/failed_lineage_dag.py
[2025-11-18T09:50:30.916+0000] {processor.py:830} INFO - Processing file /opt/airflow/dags/failed_lineage_dag.py for tasks to queue
[2025-11-18T09:50:30.917+0000] {logging_mixin.py:188} INFO - [2025-11-18T09:50:30.917+0000] {dagbag.py:538} INFO - Filling up the DagBag from /opt/airflow/dags/failed_lineage_dag.py
[2025-11-18T09:50:30.935+0000] {processor.py:840} INFO - DAG(s) 'failed_lineage_dag' retrieved from /opt/airflow/dags/failed_lineage_dag.py
[2025-11-18T09:50:30.980+0000] {logging_mixin.py:188} INFO - [2025-11-18T09:50:30.979+0000] {dag.py:3036} INFO - Sync 1 DAGs
[2025-11-18T09:50:30.996+0000] {logging_mixin.py:188} INFO - [2025-11-18T09:50:30.996+0000] {dag.py:3823} INFO - Setting next_dagrun for failed_lineage_dag to None, run_after=None
[2025-11-18T09:50:31.019+0000] {processor.py:183} INFO - Processing /opt/airflow/dags/failed_lineage_dag.py took 0.107 seconds
[2025-11-18T09:51:01.638+0000] {processor.py:161} INFO - Started process (PID=20143) to work on /opt/airflow/dags/failed_lineage_dag.py
[2025-11-18T09:51:01.649+0000] {processor.py:830} INFO - Processing file /opt/airflow/dags/failed_lineage_dag.py for tasks to queue
[2025-11-18T09:51:01.652+0000] {logging_mixin.py:188} INFO - [2025-11-18T09:51:01.651+0000] {dagbag.py:538} INFO - Filling up the DagBag from /opt/airflow/dags/failed_lineage_dag.py
[2025-11-18T09:51:01.722+0000] {processor.py:840} INFO - DAG(s) 'failed_lineage_dag' retrieved from /opt/airflow/dags/failed_lineage_dag.py
[2025-11-18T09:51:01.789+0000] {logging_mixin.py:188} INFO - [2025-11-18T09:51:01.789+0000] {dag.py:3036} INFO - Sync 1 DAGs
[2025-11-18T09:51:01.817+0000] {logging_mixin.py:188} INFO - [2025-11-18T09:51:01.815+0000] {dag.py:3823} INFO - Setting next_dagrun for failed_lineage_dag to None, run_after=None
[2025-11-18T09:51:01.873+0000] {processor.py:183} INFO - Processing /opt/airflow/dags/failed_lineage_dag.py took 0.239 seconds
[2025-11-18T09:51:32.115+0000] {processor.py:161} INFO - Started process (PID=20168) to work on /opt/airflow/dags/failed_lineage_dag.py
[2025-11-18T09:51:32.118+0000] {processor.py:830} INFO - Processing file /opt/airflow/dags/failed_lineage_dag.py for tasks to queue
[2025-11-18T09:51:32.120+0000] {logging_mixin.py:188} INFO - [2025-11-18T09:51:32.119+0000] {dagbag.py:538} INFO - Filling up the DagBag from /opt/airflow/dags/failed_lineage_dag.py
[2025-11-18T09:51:32.142+0000] {processor.py:840} INFO - DAG(s) 'failed_lineage_dag' retrieved from /opt/airflow/dags/failed_lineage_dag.py
[2025-11-18T09:51:32.192+0000] {logging_mixin.py:188} INFO - [2025-11-18T09:51:32.191+0000] {dag.py:3036} INFO - Sync 1 DAGs
[2025-11-18T09:51:32.220+0000] {logging_mixin.py:188} INFO - [2025-11-18T09:51:32.220+0000] {dag.py:3823} INFO - Setting next_dagrun for failed_lineage_dag to None, run_after=None
[2025-11-18T09:51:32.272+0000] {processor.py:183} INFO - Processing /opt/airflow/dags/failed_lineage_dag.py took 0.165 seconds
[2025-11-18T09:52:03.070+0000] {processor.py:161} INFO - Started process (PID=20193) to work on /opt/airflow/dags/failed_lineage_dag.py
[2025-11-18T09:52:03.083+0000] {processor.py:830} INFO - Processing file /opt/airflow/dags/failed_lineage_dag.py for tasks to queue
[2025-11-18T09:52:03.094+0000] {logging_mixin.py:188} INFO - [2025-11-18T09:52:03.093+0000] {dagbag.py:538} INFO - Filling up the DagBag from /opt/airflow/dags/failed_lineage_dag.py
[2025-11-18T09:52:03.130+0000] {processor.py:840} INFO - DAG(s) 'failed_lineage_dag' retrieved from /opt/airflow/dags/failed_lineage_dag.py
[2025-11-18T09:52:03.170+0000] {logging_mixin.py:188} INFO - [2025-11-18T09:52:03.169+0000] {dag.py:3036} INFO - Sync 1 DAGs
[2025-11-18T09:52:03.189+0000] {logging_mixin.py:188} INFO - [2025-11-18T09:52:03.188+0000] {dag.py:3823} INFO - Setting next_dagrun for failed_lineage_dag to None, run_after=None
[2025-11-18T09:52:03.225+0000] {processor.py:183} INFO - Processing /opt/airflow/dags/failed_lineage_dag.py took 0.169 seconds
[2025-11-18T09:52:33.693+0000] {processor.py:161} INFO - Started process (PID=20218) to work on /opt/airflow/dags/failed_lineage_dag.py
[2025-11-18T09:52:33.695+0000] {processor.py:830} INFO - Processing file /opt/airflow/dags/failed_lineage_dag.py for tasks to queue
[2025-11-18T09:52:33.696+0000] {logging_mixin.py:188} INFO - [2025-11-18T09:52:33.696+0000] {dagbag.py:538} INFO - Filling up the DagBag from /opt/airflow/dags/failed_lineage_dag.py
[2025-11-18T09:52:33.727+0000] {processor.py:840} INFO - DAG(s) 'failed_lineage_dag' retrieved from /opt/airflow/dags/failed_lineage_dag.py
[2025-11-18T09:52:33.773+0000] {logging_mixin.py:188} INFO - [2025-11-18T09:52:33.772+0000] {dag.py:3036} INFO - Sync 1 DAGs
[2025-11-18T09:52:33.794+0000] {logging_mixin.py:188} INFO - [2025-11-18T09:52:33.794+0000] {dag.py:3823} INFO - Setting next_dagrun for failed_lineage_dag to None, run_after=None
[2025-11-18T09:52:33.831+0000] {processor.py:183} INFO - Processing /opt/airflow/dags/failed_lineage_dag.py took 0.145 seconds
[2025-11-18T09:53:04.430+0000] {processor.py:161} INFO - Started process (PID=20243) to work on /opt/airflow/dags/failed_lineage_dag.py
[2025-11-18T09:53:04.432+0000] {processor.py:830} INFO - Processing file /opt/airflow/dags/failed_lineage_dag.py for tasks to queue
[2025-11-18T09:53:04.433+0000] {logging_mixin.py:188} INFO - [2025-11-18T09:53:04.432+0000] {dagbag.py:538} INFO - Filling up the DagBag from /opt/airflow/dags/failed_lineage_dag.py
[2025-11-18T09:53:04.453+0000] {processor.py:840} INFO - DAG(s) 'failed_lineage_dag' retrieved from /opt/airflow/dags/failed_lineage_dag.py
[2025-11-18T09:53:04.502+0000] {logging_mixin.py:188} INFO - [2025-11-18T09:53:04.501+0000] {dag.py:3036} INFO - Sync 1 DAGs
[2025-11-18T09:53:04.525+0000] {logging_mixin.py:188} INFO - [2025-11-18T09:53:04.524+0000] {dag.py:3823} INFO - Setting next_dagrun for failed_lineage_dag to None, run_after=None
[2025-11-18T09:53:04.570+0000] {processor.py:183} INFO - Processing /opt/airflow/dags/failed_lineage_dag.py took 0.143 seconds
[2025-11-18T09:53:35.020+0000] {processor.py:161} INFO - Started process (PID=20268) to work on /opt/airflow/dags/failed_lineage_dag.py
[2025-11-18T09:53:35.024+0000] {processor.py:830} INFO - Processing file /opt/airflow/dags/failed_lineage_dag.py for tasks to queue
[2025-11-18T09:53:35.033+0000] {logging_mixin.py:188} INFO - [2025-11-18T09:53:35.032+0000] {dagbag.py:538} INFO - Filling up the DagBag from /opt/airflow/dags/failed_lineage_dag.py
[2025-11-18T09:53:35.062+0000] {processor.py:840} INFO - DAG(s) 'failed_lineage_dag' retrieved from /opt/airflow/dags/failed_lineage_dag.py
[2025-11-18T09:53:35.121+0000] {logging_mixin.py:188} INFO - [2025-11-18T09:53:35.121+0000] {dag.py:3036} INFO - Sync 1 DAGs
[2025-11-18T09:53:35.149+0000] {logging_mixin.py:188} INFO - [2025-11-18T09:53:35.148+0000] {dag.py:3823} INFO - Setting next_dagrun for failed_lineage_dag to None, run_after=None
[2025-11-18T09:53:35.198+0000] {processor.py:183} INFO - Processing /opt/airflow/dags/failed_lineage_dag.py took 0.184 seconds
[2025-11-18T09:54:12.330+0000] {processor.py:161} INFO - Started process (PID=20291) to work on /opt/airflow/dags/failed_lineage_dag.py
[2025-11-18T09:54:12.358+0000] {processor.py:830} INFO - Processing file /opt/airflow/dags/failed_lineage_dag.py for tasks to queue
[2025-11-18T09:54:12.375+0000] {logging_mixin.py:188} INFO - [2025-11-18T09:54:12.374+0000] {dagbag.py:538} INFO - Filling up the DagBag from /opt/airflow/dags/failed_lineage_dag.py
[2025-11-18T09:54:12.458+0000] {processor.py:840} INFO - DAG(s) 'failed_lineage_dag' retrieved from /opt/airflow/dags/failed_lineage_dag.py
[2025-11-18T09:54:12.622+0000] {logging_mixin.py:188} INFO - [2025-11-18T09:54:12.622+0000] {dag.py:3036} INFO - Sync 1 DAGs
[2025-11-18T09:54:12.667+0000] {logging_mixin.py:188} INFO - [2025-11-18T09:54:12.666+0000] {dag.py:3823} INFO - Setting next_dagrun for failed_lineage_dag to None, run_after=None
[2025-11-18T09:54:12.745+0000] {processor.py:183} INFO - Processing /opt/airflow/dags/failed_lineage_dag.py took 0.435 seconds
[2025-11-18T09:54:43.838+0000] {processor.py:161} INFO - Started process (PID=20318) to work on /opt/airflow/dags/failed_lineage_dag.py
[2025-11-18T09:54:43.841+0000] {processor.py:830} INFO - Processing file /opt/airflow/dags/failed_lineage_dag.py for tasks to queue
[2025-11-18T09:54:43.843+0000] {logging_mixin.py:188} INFO - [2025-11-18T09:54:43.842+0000] {dagbag.py:538} INFO - Filling up the DagBag from /opt/airflow/dags/failed_lineage_dag.py
[2025-11-18T09:54:43.886+0000] {processor.py:840} INFO - DAG(s) 'failed_lineage_dag' retrieved from /opt/airflow/dags/failed_lineage_dag.py
[2025-11-18T09:54:43.936+0000] {logging_mixin.py:188} INFO - [2025-11-18T09:54:43.936+0000] {dag.py:3036} INFO - Sync 1 DAGs
[2025-11-18T09:54:43.961+0000] {logging_mixin.py:188} INFO - [2025-11-18T09:54:43.961+0000] {dag.py:3823} INFO - Setting next_dagrun for failed_lineage_dag to None, run_after=None
[2025-11-18T09:54:44.031+0000] {processor.py:183} INFO - Processing /opt/airflow/dags/failed_lineage_dag.py took 0.197 seconds
[2025-11-18T09:55:14.952+0000] {processor.py:161} INFO - Started process (PID=20343) to work on /opt/airflow/dags/failed_lineage_dag.py
[2025-11-18T09:55:14.954+0000] {processor.py:830} INFO - Processing file /opt/airflow/dags/failed_lineage_dag.py for tasks to queue
[2025-11-18T09:55:14.956+0000] {logging_mixin.py:188} INFO - [2025-11-18T09:55:14.955+0000] {dagbag.py:538} INFO - Filling up the DagBag from /opt/airflow/dags/failed_lineage_dag.py
[2025-11-18T09:55:14.975+0000] {processor.py:840} INFO - DAG(s) 'failed_lineage_dag' retrieved from /opt/airflow/dags/failed_lineage_dag.py
[2025-11-18T09:55:15.008+0000] {logging_mixin.py:188} INFO - [2025-11-18T09:55:15.007+0000] {dag.py:3036} INFO - Sync 1 DAGs
[2025-11-18T09:55:15.021+0000] {logging_mixin.py:188} INFO - [2025-11-18T09:55:15.021+0000] {dag.py:3823} INFO - Setting next_dagrun for failed_lineage_dag to None, run_after=None
[2025-11-18T09:55:15.052+0000] {processor.py:183} INFO - Processing /opt/airflow/dags/failed_lineage_dag.py took 0.104 seconds
[2025-11-18T09:55:45.178+0000] {processor.py:161} INFO - Started process (PID=20368) to work on /opt/airflow/dags/failed_lineage_dag.py
[2025-11-18T09:55:45.180+0000] {processor.py:830} INFO - Processing file /opt/airflow/dags/failed_lineage_dag.py for tasks to queue
[2025-11-18T09:55:45.182+0000] {logging_mixin.py:188} INFO - [2025-11-18T09:55:45.181+0000] {dagbag.py:538} INFO - Filling up the DagBag from /opt/airflow/dags/failed_lineage_dag.py
[2025-11-18T09:55:45.208+0000] {processor.py:840} INFO - DAG(s) 'failed_lineage_dag' retrieved from /opt/airflow/dags/failed_lineage_dag.py
[2025-11-18T09:55:45.272+0000] {logging_mixin.py:188} INFO - [2025-11-18T09:55:45.272+0000] {dag.py:3036} INFO - Sync 1 DAGs
[2025-11-18T09:55:45.303+0000] {logging_mixin.py:188} INFO - [2025-11-18T09:55:45.302+0000] {dag.py:3823} INFO - Setting next_dagrun for failed_lineage_dag to None, run_after=None
[2025-11-18T09:55:45.345+0000] {processor.py:183} INFO - Processing /opt/airflow/dags/failed_lineage_dag.py took 0.173 seconds
[2025-11-18T09:56:16.196+0000] {processor.py:161} INFO - Started process (PID=20393) to work on /opt/airflow/dags/failed_lineage_dag.py
[2025-11-18T09:56:16.199+0000] {processor.py:830} INFO - Processing file /opt/airflow/dags/failed_lineage_dag.py for tasks to queue
[2025-11-18T09:56:16.202+0000] {logging_mixin.py:188} INFO - [2025-11-18T09:56:16.201+0000] {dagbag.py:538} INFO - Filling up the DagBag from /opt/airflow/dags/failed_lineage_dag.py
[2025-11-18T09:56:16.219+0000] {processor.py:840} INFO - DAG(s) 'failed_lineage_dag' retrieved from /opt/airflow/dags/failed_lineage_dag.py
[2025-11-18T09:56:16.264+0000] {logging_mixin.py:188} INFO - [2025-11-18T09:56:16.264+0000] {dag.py:3036} INFO - Sync 1 DAGs
[2025-11-18T09:56:16.286+0000] {logging_mixin.py:188} INFO - [2025-11-18T09:56:16.286+0000] {dag.py:3823} INFO - Setting next_dagrun for failed_lineage_dag to None, run_after=None
[2025-11-18T09:56:16.331+0000] {processor.py:183} INFO - Processing /opt/airflow/dags/failed_lineage_dag.py took 0.139 seconds
[2025-11-18T09:56:46.981+0000] {processor.py:161} INFO - Started process (PID=20418) to work on /opt/airflow/dags/failed_lineage_dag.py
[2025-11-18T09:56:46.982+0000] {processor.py:830} INFO - Processing file /opt/airflow/dags/failed_lineage_dag.py for tasks to queue
[2025-11-18T09:56:46.984+0000] {logging_mixin.py:188} INFO - [2025-11-18T09:56:46.983+0000] {dagbag.py:538} INFO - Filling up the DagBag from /opt/airflow/dags/failed_lineage_dag.py
[2025-11-18T09:56:47.001+0000] {processor.py:840} INFO - DAG(s) 'failed_lineage_dag' retrieved from /opt/airflow/dags/failed_lineage_dag.py
[2025-11-18T09:56:47.040+0000] {logging_mixin.py:188} INFO - [2025-11-18T09:56:47.040+0000] {dag.py:3036} INFO - Sync 1 DAGs
[2025-11-18T09:56:47.053+0000] {logging_mixin.py:188} INFO - [2025-11-18T09:56:47.053+0000] {dag.py:3823} INFO - Setting next_dagrun for failed_lineage_dag to None, run_after=None
[2025-11-18T09:56:47.077+0000] {processor.py:183} INFO - Processing /opt/airflow/dags/failed_lineage_dag.py took 0.100 seconds
[2025-11-18T09:57:17.774+0000] {processor.py:161} INFO - Started process (PID=20443) to work on /opt/airflow/dags/failed_lineage_dag.py
[2025-11-18T09:57:17.776+0000] {processor.py:830} INFO - Processing file /opt/airflow/dags/failed_lineage_dag.py for tasks to queue
[2025-11-18T09:57:17.778+0000] {logging_mixin.py:188} INFO - [2025-11-18T09:57:17.778+0000] {dagbag.py:538} INFO - Filling up the DagBag from /opt/airflow/dags/failed_lineage_dag.py
[2025-11-18T09:57:17.795+0000] {processor.py:840} INFO - DAG(s) 'failed_lineage_dag' retrieved from /opt/airflow/dags/failed_lineage_dag.py
[2025-11-18T09:57:17.824+0000] {logging_mixin.py:188} INFO - [2025-11-18T09:57:17.824+0000] {dag.py:3036} INFO - Sync 1 DAGs
[2025-11-18T09:57:17.838+0000] {logging_mixin.py:188} INFO - [2025-11-18T09:57:17.838+0000] {dag.py:3823} INFO - Setting next_dagrun for failed_lineage_dag to None, run_after=None
[2025-11-18T09:57:17.861+0000] {processor.py:183} INFO - Processing /opt/airflow/dags/failed_lineage_dag.py took 0.091 seconds
[2025-11-18T09:57:48.472+0000] {processor.py:161} INFO - Started process (PID=20468) to work on /opt/airflow/dags/failed_lineage_dag.py
[2025-11-18T09:57:48.478+0000] {processor.py:830} INFO - Processing file /opt/airflow/dags/failed_lineage_dag.py for tasks to queue
[2025-11-18T09:57:48.480+0000] {logging_mixin.py:188} INFO - [2025-11-18T09:57:48.479+0000] {dagbag.py:538} INFO - Filling up the DagBag from /opt/airflow/dags/failed_lineage_dag.py
[2025-11-18T09:57:48.497+0000] {processor.py:840} INFO - DAG(s) 'failed_lineage_dag' retrieved from /opt/airflow/dags/failed_lineage_dag.py
[2025-11-18T09:57:48.533+0000] {logging_mixin.py:188} INFO - [2025-11-18T09:57:48.533+0000] {dag.py:3036} INFO - Sync 1 DAGs
[2025-11-18T09:57:48.550+0000] {logging_mixin.py:188} INFO - [2025-11-18T09:57:48.549+0000] {dag.py:3823} INFO - Setting next_dagrun for failed_lineage_dag to None, run_after=None
[2025-11-18T09:57:48.580+0000] {processor.py:183} INFO - Processing /opt/airflow/dags/failed_lineage_dag.py took 0.112 seconds
[2025-11-18T09:58:19.339+0000] {processor.py:161} INFO - Started process (PID=20493) to work on /opt/airflow/dags/failed_lineage_dag.py
[2025-11-18T09:58:19.342+0000] {processor.py:830} INFO - Processing file /opt/airflow/dags/failed_lineage_dag.py for tasks to queue
[2025-11-18T09:58:19.346+0000] {logging_mixin.py:188} INFO - [2025-11-18T09:58:19.346+0000] {dagbag.py:538} INFO - Filling up the DagBag from /opt/airflow/dags/failed_lineage_dag.py
[2025-11-18T09:58:19.409+0000] {processor.py:840} INFO - DAG(s) 'failed_lineage_dag' retrieved from /opt/airflow/dags/failed_lineage_dag.py
[2025-11-18T09:58:19.466+0000] {logging_mixin.py:188} INFO - [2025-11-18T09:58:19.465+0000] {dag.py:3036} INFO - Sync 1 DAGs
[2025-11-18T09:58:19.484+0000] {logging_mixin.py:188} INFO - [2025-11-18T09:58:19.484+0000] {dag.py:3823} INFO - Setting next_dagrun for failed_lineage_dag to None, run_after=None
[2025-11-18T09:58:19.519+0000] {processor.py:183} INFO - Processing /opt/airflow/dags/failed_lineage_dag.py took 0.192 seconds
[2025-11-18T09:58:50.097+0000] {processor.py:161} INFO - Started process (PID=20518) to work on /opt/airflow/dags/failed_lineage_dag.py
[2025-11-18T09:58:50.105+0000] {processor.py:830} INFO - Processing file /opt/airflow/dags/failed_lineage_dag.py for tasks to queue
[2025-11-18T09:58:50.109+0000] {logging_mixin.py:188} INFO - [2025-11-18T09:58:50.108+0000] {dagbag.py:538} INFO - Filling up the DagBag from /opt/airflow/dags/failed_lineage_dag.py
[2025-11-18T09:58:50.141+0000] {processor.py:840} INFO - DAG(s) 'failed_lineage_dag' retrieved from /opt/airflow/dags/failed_lineage_dag.py
[2025-11-18T09:58:50.208+0000] {logging_mixin.py:188} INFO - [2025-11-18T09:58:50.207+0000] {dag.py:3036} INFO - Sync 1 DAGs
[2025-11-18T09:58:50.227+0000] {logging_mixin.py:188} INFO - [2025-11-18T09:58:50.227+0000] {dag.py:3823} INFO - Setting next_dagrun for failed_lineage_dag to None, run_after=None
[2025-11-18T09:58:50.250+0000] {processor.py:183} INFO - Processing /opt/airflow/dags/failed_lineage_dag.py took 0.158 seconds
[2025-11-18T09:59:20.845+0000] {processor.py:161} INFO - Started process (PID=20543) to work on /opt/airflow/dags/failed_lineage_dag.py
[2025-11-18T09:59:20.847+0000] {processor.py:830} INFO - Processing file /opt/airflow/dags/failed_lineage_dag.py for tasks to queue
[2025-11-18T09:59:20.849+0000] {logging_mixin.py:188} INFO - [2025-11-18T09:59:20.848+0000] {dagbag.py:538} INFO - Filling up the DagBag from /opt/airflow/dags/failed_lineage_dag.py
[2025-11-18T09:59:20.872+0000] {processor.py:840} INFO - DAG(s) 'failed_lineage_dag' retrieved from /opt/airflow/dags/failed_lineage_dag.py
[2025-11-18T09:59:20.934+0000] {logging_mixin.py:188} INFO - [2025-11-18T09:59:20.933+0000] {dag.py:3036} INFO - Sync 1 DAGs
[2025-11-18T09:59:20.949+0000] {logging_mixin.py:188} INFO - [2025-11-18T09:59:20.949+0000] {dag.py:3823} INFO - Setting next_dagrun for failed_lineage_dag to None, run_after=None
[2025-11-18T09:59:20.978+0000] {processor.py:183} INFO - Processing /opt/airflow/dags/failed_lineage_dag.py took 0.138 seconds
[2025-11-18T09:59:51.866+0000] {processor.py:161} INFO - Started process (PID=20568) to work on /opt/airflow/dags/failed_lineage_dag.py
[2025-11-18T09:59:51.868+0000] {processor.py:830} INFO - Processing file /opt/airflow/dags/failed_lineage_dag.py for tasks to queue
[2025-11-18T09:59:51.870+0000] {logging_mixin.py:188} INFO - [2025-11-18T09:59:51.869+0000] {dagbag.py:538} INFO - Filling up the DagBag from /opt/airflow/dags/failed_lineage_dag.py
[2025-11-18T09:59:51.905+0000] {processor.py:840} INFO - DAG(s) 'failed_lineage_dag' retrieved from /opt/airflow/dags/failed_lineage_dag.py
[2025-11-18T09:59:51.947+0000] {logging_mixin.py:188} INFO - [2025-11-18T09:59:51.947+0000] {dag.py:3036} INFO - Sync 1 DAGs
[2025-11-18T09:59:51.966+0000] {logging_mixin.py:188} INFO - [2025-11-18T09:59:51.966+0000] {dag.py:3823} INFO - Setting next_dagrun for failed_lineage_dag to None, run_after=None
[2025-11-18T09:59:51.996+0000] {processor.py:183} INFO - Processing /opt/airflow/dags/failed_lineage_dag.py took 0.133 seconds
[2025-11-18T10:00:22.754+0000] {processor.py:161} INFO - Started process (PID=20593) to work on /opt/airflow/dags/failed_lineage_dag.py
[2025-11-18T10:00:22.791+0000] {processor.py:830} INFO - Processing file /opt/airflow/dags/failed_lineage_dag.py for tasks to queue
[2025-11-18T10:00:22.803+0000] {logging_mixin.py:188} INFO - [2025-11-18T10:00:22.802+0000] {dagbag.py:538} INFO - Filling up the DagBag from /opt/airflow/dags/failed_lineage_dag.py
[2025-11-18T10:00:23.039+0000] {processor.py:840} INFO - DAG(s) 'failed_lineage_dag' retrieved from /opt/airflow/dags/failed_lineage_dag.py
[2025-11-18T10:00:23.130+0000] {logging_mixin.py:188} INFO - [2025-11-18T10:00:23.119+0000] {dag.py:3036} INFO - Sync 1 DAGs
[2025-11-18T10:00:23.188+0000] {logging_mixin.py:188} INFO - [2025-11-18T10:00:23.187+0000] {dag.py:3823} INFO - Setting next_dagrun for failed_lineage_dag to None, run_after=None
[2025-11-18T10:00:23.262+0000] {processor.py:183} INFO - Processing /opt/airflow/dags/failed_lineage_dag.py took 0.514 seconds
[2025-11-18T10:00:53.842+0000] {processor.py:161} INFO - Started process (PID=20618) to work on /opt/airflow/dags/failed_lineage_dag.py
[2025-11-18T10:00:53.844+0000] {processor.py:830} INFO - Processing file /opt/airflow/dags/failed_lineage_dag.py for tasks to queue
[2025-11-18T10:00:53.853+0000] {logging_mixin.py:188} INFO - [2025-11-18T10:00:53.845+0000] {dagbag.py:538} INFO - Filling up the DagBag from /opt/airflow/dags/failed_lineage_dag.py
[2025-11-18T10:00:53.877+0000] {processor.py:840} INFO - DAG(s) 'failed_lineage_dag' retrieved from /opt/airflow/dags/failed_lineage_dag.py
[2025-11-18T10:00:53.962+0000] {logging_mixin.py:188} INFO - [2025-11-18T10:00:53.961+0000] {dag.py:3036} INFO - Sync 1 DAGs
[2025-11-18T10:00:54.009+0000] {logging_mixin.py:188} INFO - [2025-11-18T10:00:54.009+0000] {dag.py:3823} INFO - Setting next_dagrun for failed_lineage_dag to None, run_after=None
[2025-11-18T10:00:54.060+0000] {processor.py:183} INFO - Processing /opt/airflow/dags/failed_lineage_dag.py took 0.223 seconds
[2025-11-18T10:01:24.271+0000] {processor.py:161} INFO - Started process (PID=20641) to work on /opt/airflow/dags/failed_lineage_dag.py
[2025-11-18T10:01:24.288+0000] {processor.py:830} INFO - Processing file /opt/airflow/dags/failed_lineage_dag.py for tasks to queue
[2025-11-18T10:01:24.297+0000] {logging_mixin.py:188} INFO - [2025-11-18T10:01:24.297+0000] {dagbag.py:538} INFO - Filling up the DagBag from /opt/airflow/dags/failed_lineage_dag.py
[2025-11-18T10:01:24.323+0000] {processor.py:840} INFO - DAG(s) 'failed_lineage_dag' retrieved from /opt/airflow/dags/failed_lineage_dag.py
[2025-11-18T10:01:24.424+0000] {logging_mixin.py:188} INFO - [2025-11-18T10:01:24.424+0000] {dag.py:3036} INFO - Sync 1 DAGs
[2025-11-18T10:01:24.461+0000] {logging_mixin.py:188} INFO - [2025-11-18T10:01:24.461+0000] {dag.py:3823} INFO - Setting next_dagrun for failed_lineage_dag to None, run_after=None
[2025-11-18T10:01:24.527+0000] {processor.py:183} INFO - Processing /opt/airflow/dags/failed_lineage_dag.py took 0.262 seconds
[2025-11-18T10:01:54.781+0000] {processor.py:161} INFO - Started process (PID=20666) to work on /opt/airflow/dags/failed_lineage_dag.py
[2025-11-18T10:01:54.783+0000] {processor.py:830} INFO - Processing file /opt/airflow/dags/failed_lineage_dag.py for tasks to queue
[2025-11-18T10:01:54.785+0000] {logging_mixin.py:188} INFO - [2025-11-18T10:01:54.784+0000] {dagbag.py:538} INFO - Filling up the DagBag from /opt/airflow/dags/failed_lineage_dag.py
[2025-11-18T10:01:54.806+0000] {processor.py:840} INFO - DAG(s) 'failed_lineage_dag' retrieved from /opt/airflow/dags/failed_lineage_dag.py
[2025-11-18T10:01:54.846+0000] {logging_mixin.py:188} INFO - [2025-11-18T10:01:54.846+0000] {dag.py:3036} INFO - Sync 1 DAGs
[2025-11-18T10:01:54.886+0000] {logging_mixin.py:188} INFO - [2025-11-18T10:01:54.886+0000] {dag.py:3823} INFO - Setting next_dagrun for failed_lineage_dag to None, run_after=None
[2025-11-18T10:01:54.936+0000] {processor.py:183} INFO - Processing /opt/airflow/dags/failed_lineage_dag.py took 0.160 seconds
[2025-11-18T10:02:25.072+0000] {processor.py:161} INFO - Started process (PID=20688) to work on /opt/airflow/dags/failed_lineage_dag.py
[2025-11-18T10:02:25.074+0000] {processor.py:830} INFO - Processing file /opt/airflow/dags/failed_lineage_dag.py for tasks to queue
[2025-11-18T10:02:25.077+0000] {logging_mixin.py:188} INFO - [2025-11-18T10:02:25.076+0000] {dagbag.py:538} INFO - Filling up the DagBag from /opt/airflow/dags/failed_lineage_dag.py
[2025-11-18T10:02:25.096+0000] {processor.py:840} INFO - DAG(s) 'failed_lineage_dag' retrieved from /opt/airflow/dags/failed_lineage_dag.py
[2025-11-18T10:02:25.136+0000] {logging_mixin.py:188} INFO - [2025-11-18T10:02:25.135+0000] {dag.py:3036} INFO - Sync 1 DAGs
[2025-11-18T10:02:25.158+0000] {logging_mixin.py:188} INFO - [2025-11-18T10:02:25.157+0000] {dag.py:3823} INFO - Setting next_dagrun for failed_lineage_dag to None, run_after=None
[2025-11-18T10:02:25.191+0000] {processor.py:183} INFO - Processing /opt/airflow/dags/failed_lineage_dag.py took 0.123 seconds
[2025-11-18T10:02:55.311+0000] {processor.py:161} INFO - Started process (PID=20711) to work on /opt/airflow/dags/failed_lineage_dag.py
[2025-11-18T10:02:55.312+0000] {processor.py:830} INFO - Processing file /opt/airflow/dags/failed_lineage_dag.py for tasks to queue
[2025-11-18T10:02:55.314+0000] {logging_mixin.py:188} INFO - [2025-11-18T10:02:55.313+0000] {dagbag.py:538} INFO - Filling up the DagBag from /opt/airflow/dags/failed_lineage_dag.py
[2025-11-18T10:02:55.333+0000] {processor.py:840} INFO - DAG(s) 'failed_lineage_dag' retrieved from /opt/airflow/dags/failed_lineage_dag.py
[2025-11-18T10:02:55.379+0000] {logging_mixin.py:188} INFO - [2025-11-18T10:02:55.379+0000] {dag.py:3036} INFO - Sync 1 DAGs
[2025-11-18T10:02:55.396+0000] {logging_mixin.py:188} INFO - [2025-11-18T10:02:55.394+0000] {dag.py:3823} INFO - Setting next_dagrun for failed_lineage_dag to None, run_after=None
[2025-11-18T10:02:55.426+0000] {processor.py:183} INFO - Processing /opt/airflow/dags/failed_lineage_dag.py took 0.120 seconds
[2025-11-18T10:03:26.605+0000] {processor.py:161} INFO - Started process (PID=20736) to work on /opt/airflow/dags/failed_lineage_dag.py
[2025-11-18T10:03:26.608+0000] {processor.py:830} INFO - Processing file /opt/airflow/dags/failed_lineage_dag.py for tasks to queue
[2025-11-18T10:03:26.616+0000] {logging_mixin.py:188} INFO - [2025-11-18T10:03:26.616+0000] {dagbag.py:538} INFO - Filling up the DagBag from /opt/airflow/dags/failed_lineage_dag.py
[2025-11-18T10:03:26.744+0000] {processor.py:840} INFO - DAG(s) 'failed_lineage_dag' retrieved from /opt/airflow/dags/failed_lineage_dag.py
[2025-11-18T10:03:26.843+0000] {logging_mixin.py:188} INFO - [2025-11-18T10:03:26.842+0000] {dag.py:3036} INFO - Sync 1 DAGs
[2025-11-18T10:03:26.869+0000] {logging_mixin.py:188} INFO - [2025-11-18T10:03:26.866+0000] {dag.py:3823} INFO - Setting next_dagrun for failed_lineage_dag to None, run_after=None
[2025-11-18T10:03:26.920+0000] {processor.py:183} INFO - Processing /opt/airflow/dags/failed_lineage_dag.py took 0.320 seconds
[2025-11-18T10:15:24.134+0000] {processor.py:161} INFO - Started process (PID=20779) to work on /opt/airflow/dags/failed_lineage_dag.py
[2025-11-18T10:15:24.138+0000] {processor.py:830} INFO - Processing file /opt/airflow/dags/failed_lineage_dag.py for tasks to queue
[2025-11-18T10:15:24.140+0000] {logging_mixin.py:188} INFO - [2025-11-18T10:15:24.139+0000] {dagbag.py:538} INFO - Filling up the DagBag from /opt/airflow/dags/failed_lineage_dag.py
[2025-11-18T10:15:24.247+0000] {processor.py:840} INFO - DAG(s) 'failed_lineage_dag' retrieved from /opt/airflow/dags/failed_lineage_dag.py
[2025-11-18T10:15:24.396+0000] {logging_mixin.py:188} INFO - [2025-11-18T10:15:24.396+0000] {dag.py:3036} INFO - Sync 1 DAGs
[2025-11-18T10:15:24.476+0000] {logging_mixin.py:188} INFO - [2025-11-18T10:15:24.475+0000] {dag.py:3823} INFO - Setting next_dagrun for failed_lineage_dag to None, run_after=None
[2025-11-18T10:15:24.566+0000] {processor.py:183} INFO - Processing /opt/airflow/dags/failed_lineage_dag.py took 0.453 seconds
[2025-11-18T10:16:08.211+0000] {processor.py:161} INFO - Started process (PID=20804) to work on /opt/airflow/dags/failed_lineage_dag.py
[2025-11-18T10:16:08.215+0000] {processor.py:830} INFO - Processing file /opt/airflow/dags/failed_lineage_dag.py for tasks to queue
[2025-11-18T10:16:08.224+0000] {logging_mixin.py:188} INFO - [2025-11-18T10:16:08.223+0000] {dagbag.py:538} INFO - Filling up the DagBag from /opt/airflow/dags/failed_lineage_dag.py
[2025-11-18T10:16:08.348+0000] {processor.py:840} INFO - DAG(s) 'failed_lineage_dag' retrieved from /opt/airflow/dags/failed_lineage_dag.py
[2025-11-18T10:16:08.454+0000] {logging_mixin.py:188} INFO - [2025-11-18T10:16:08.454+0000] {dag.py:3036} INFO - Sync 1 DAGs
[2025-11-18T10:16:08.515+0000] {logging_mixin.py:188} INFO - [2025-11-18T10:16:08.514+0000] {dag.py:3823} INFO - Setting next_dagrun for failed_lineage_dag to None, run_after=None
[2025-11-18T10:16:08.600+0000] {processor.py:183} INFO - Processing /opt/airflow/dags/failed_lineage_dag.py took 0.394 seconds
[2025-11-18T10:16:39.871+0000] {processor.py:161} INFO - Started process (PID=20829) to work on /opt/airflow/dags/failed_lineage_dag.py
[2025-11-18T10:16:39.879+0000] {processor.py:830} INFO - Processing file /opt/airflow/dags/failed_lineage_dag.py for tasks to queue
[2025-11-18T10:16:39.887+0000] {logging_mixin.py:188} INFO - [2025-11-18T10:16:39.886+0000] {dagbag.py:538} INFO - Filling up the DagBag from /opt/airflow/dags/failed_lineage_dag.py
[2025-11-18T10:16:40.166+0000] {processor.py:840} INFO - DAG(s) 'failed_lineage_dag' retrieved from /opt/airflow/dags/failed_lineage_dag.py
[2025-11-18T10:16:40.263+0000] {logging_mixin.py:188} INFO - [2025-11-18T10:16:40.263+0000] {dag.py:3036} INFO - Sync 1 DAGs
[2025-11-18T10:16:40.299+0000] {logging_mixin.py:188} INFO - [2025-11-18T10:16:40.299+0000] {dag.py:3823} INFO - Setting next_dagrun for failed_lineage_dag to None, run_after=None
[2025-11-18T10:16:40.385+0000] {processor.py:183} INFO - Processing /opt/airflow/dags/failed_lineage_dag.py took 0.518 seconds
[2025-11-18T10:17:11.167+0000] {processor.py:161} INFO - Started process (PID=20854) to work on /opt/airflow/dags/failed_lineage_dag.py
[2025-11-18T10:17:11.170+0000] {processor.py:830} INFO - Processing file /opt/airflow/dags/failed_lineage_dag.py for tasks to queue
[2025-11-18T10:17:11.177+0000] {logging_mixin.py:188} INFO - [2025-11-18T10:17:11.176+0000] {dagbag.py:538} INFO - Filling up the DagBag from /opt/airflow/dags/failed_lineage_dag.py
[2025-11-18T10:17:11.198+0000] {processor.py:840} INFO - DAG(s) 'failed_lineage_dag' retrieved from /opt/airflow/dags/failed_lineage_dag.py
[2025-11-18T10:17:11.242+0000] {logging_mixin.py:188} INFO - [2025-11-18T10:17:11.242+0000] {dag.py:3036} INFO - Sync 1 DAGs
[2025-11-18T10:17:11.260+0000] {logging_mixin.py:188} INFO - [2025-11-18T10:17:11.259+0000] {dag.py:3823} INFO - Setting next_dagrun for failed_lineage_dag to None, run_after=None
[2025-11-18T10:17:11.303+0000] {processor.py:183} INFO - Processing /opt/airflow/dags/failed_lineage_dag.py took 0.140 seconds
[2025-11-18T10:17:41.906+0000] {processor.py:161} INFO - Started process (PID=20879) to work on /opt/airflow/dags/failed_lineage_dag.py
[2025-11-18T10:17:41.907+0000] {processor.py:830} INFO - Processing file /opt/airflow/dags/failed_lineage_dag.py for tasks to queue
[2025-11-18T10:17:41.909+0000] {logging_mixin.py:188} INFO - [2025-11-18T10:17:41.908+0000] {dagbag.py:538} INFO - Filling up the DagBag from /opt/airflow/dags/failed_lineage_dag.py
[2025-11-18T10:17:41.927+0000] {processor.py:840} INFO - DAG(s) 'failed_lineage_dag' retrieved from /opt/airflow/dags/failed_lineage_dag.py
[2025-11-18T10:17:41.960+0000] {logging_mixin.py:188} INFO - [2025-11-18T10:17:41.960+0000] {dag.py:3036} INFO - Sync 1 DAGs
[2025-11-18T10:17:41.972+0000] {logging_mixin.py:188} INFO - [2025-11-18T10:17:41.972+0000] {dag.py:3823} INFO - Setting next_dagrun for failed_lineage_dag to None, run_after=None
[2025-11-18T10:17:42.005+0000] {processor.py:183} INFO - Processing /opt/airflow/dags/failed_lineage_dag.py took 0.103 seconds
[2025-11-18T10:18:12.546+0000] {processor.py:161} INFO - Started process (PID=20904) to work on /opt/airflow/dags/failed_lineage_dag.py
[2025-11-18T10:18:12.548+0000] {processor.py:830} INFO - Processing file /opt/airflow/dags/failed_lineage_dag.py for tasks to queue
[2025-11-18T10:18:12.549+0000] {logging_mixin.py:188} INFO - [2025-11-18T10:18:12.548+0000] {dagbag.py:538} INFO - Filling up the DagBag from /opt/airflow/dags/failed_lineage_dag.py
[2025-11-18T10:18:12.573+0000] {processor.py:840} INFO - DAG(s) 'failed_lineage_dag' retrieved from /opt/airflow/dags/failed_lineage_dag.py
[2025-11-18T10:18:12.621+0000] {logging_mixin.py:188} INFO - [2025-11-18T10:18:12.621+0000] {dag.py:3036} INFO - Sync 1 DAGs
[2025-11-18T10:18:12.647+0000] {logging_mixin.py:188} INFO - [2025-11-18T10:18:12.647+0000] {dag.py:3823} INFO - Setting next_dagrun for failed_lineage_dag to None, run_after=None
[2025-11-18T10:18:12.676+0000] {processor.py:183} INFO - Processing /opt/airflow/dags/failed_lineage_dag.py took 0.134 seconds
[2025-11-18T10:18:43.261+0000] {processor.py:161} INFO - Started process (PID=20929) to work on /opt/airflow/dags/failed_lineage_dag.py
[2025-11-18T10:18:43.263+0000] {processor.py:830} INFO - Processing file /opt/airflow/dags/failed_lineage_dag.py for tasks to queue
[2025-11-18T10:18:43.264+0000] {logging_mixin.py:188} INFO - [2025-11-18T10:18:43.264+0000] {dagbag.py:538} INFO - Filling up the DagBag from /opt/airflow/dags/failed_lineage_dag.py
[2025-11-18T10:18:43.294+0000] {processor.py:840} INFO - DAG(s) 'failed_lineage_dag' retrieved from /opt/airflow/dags/failed_lineage_dag.py
[2025-11-18T10:18:43.343+0000] {logging_mixin.py:188} INFO - [2025-11-18T10:18:43.343+0000] {dag.py:3036} INFO - Sync 1 DAGs
[2025-11-18T10:18:43.365+0000] {logging_mixin.py:188} INFO - [2025-11-18T10:18:43.364+0000] {dag.py:3823} INFO - Setting next_dagrun for failed_lineage_dag to None, run_after=None
[2025-11-18T10:18:43.400+0000] {processor.py:183} INFO - Processing /opt/airflow/dags/failed_lineage_dag.py took 0.147 seconds
[2025-11-18T10:19:13.916+0000] {processor.py:161} INFO - Started process (PID=20954) to work on /opt/airflow/dags/failed_lineage_dag.py
[2025-11-18T10:19:13.918+0000] {processor.py:830} INFO - Processing file /opt/airflow/dags/failed_lineage_dag.py for tasks to queue
[2025-11-18T10:19:13.919+0000] {logging_mixin.py:188} INFO - [2025-11-18T10:19:13.919+0000] {dagbag.py:538} INFO - Filling up the DagBag from /opt/airflow/dags/failed_lineage_dag.py
[2025-11-18T10:19:13.937+0000] {processor.py:840} INFO - DAG(s) 'failed_lineage_dag' retrieved from /opt/airflow/dags/failed_lineage_dag.py
[2025-11-18T10:19:13.980+0000] {logging_mixin.py:188} INFO - [2025-11-18T10:19:13.980+0000] {dag.py:3036} INFO - Sync 1 DAGs
[2025-11-18T10:19:14.000+0000] {logging_mixin.py:188} INFO - [2025-11-18T10:19:13.999+0000] {dag.py:3823} INFO - Setting next_dagrun for failed_lineage_dag to None, run_after=None
[2025-11-18T10:19:14.034+0000] {processor.py:183} INFO - Processing /opt/airflow/dags/failed_lineage_dag.py took 0.123 seconds
[2025-11-18T10:19:45.002+0000] {processor.py:161} INFO - Started process (PID=20979) to work on /opt/airflow/dags/failed_lineage_dag.py
[2025-11-18T10:19:45.007+0000] {processor.py:830} INFO - Processing file /opt/airflow/dags/failed_lineage_dag.py for tasks to queue
[2025-11-18T10:19:45.009+0000] {logging_mixin.py:188} INFO - [2025-11-18T10:19:45.009+0000] {dagbag.py:538} INFO - Filling up the DagBag from /opt/airflow/dags/failed_lineage_dag.py
[2025-11-18T10:19:45.036+0000] {processor.py:840} INFO - DAG(s) 'failed_lineage_dag' retrieved from /opt/airflow/dags/failed_lineage_dag.py
[2025-11-18T10:19:45.098+0000] {logging_mixin.py:188} INFO - [2025-11-18T10:19:45.098+0000] {dag.py:3036} INFO - Sync 1 DAGs
[2025-11-18T10:19:45.122+0000] {logging_mixin.py:188} INFO - [2025-11-18T10:19:45.122+0000] {dag.py:3823} INFO - Setting next_dagrun for failed_lineage_dag to None, run_after=None
[2025-11-18T10:19:45.183+0000] {processor.py:183} INFO - Processing /opt/airflow/dags/failed_lineage_dag.py took 0.185 seconds
[2025-11-18T10:20:16.016+0000] {processor.py:161} INFO - Started process (PID=21004) to work on /opt/airflow/dags/failed_lineage_dag.py
[2025-11-18T10:20:16.020+0000] {processor.py:830} INFO - Processing file /opt/airflow/dags/failed_lineage_dag.py for tasks to queue
[2025-11-18T10:20:16.021+0000] {logging_mixin.py:188} INFO - [2025-11-18T10:20:16.021+0000] {dagbag.py:538} INFO - Filling up the DagBag from /opt/airflow/dags/failed_lineage_dag.py
[2025-11-18T10:20:16.068+0000] {processor.py:840} INFO - DAG(s) 'failed_lineage_dag' retrieved from /opt/airflow/dags/failed_lineage_dag.py
[2025-11-18T10:20:16.114+0000] {logging_mixin.py:188} INFO - [2025-11-18T10:20:16.114+0000] {dag.py:3036} INFO - Sync 1 DAGs
[2025-11-18T10:20:16.143+0000] {logging_mixin.py:188} INFO - [2025-11-18T10:20:16.142+0000] {dag.py:3823} INFO - Setting next_dagrun for failed_lineage_dag to None, run_after=None
[2025-11-18T10:20:16.199+0000] {processor.py:183} INFO - Processing /opt/airflow/dags/failed_lineage_dag.py took 0.189 seconds
[2025-11-18T10:20:46.836+0000] {processor.py:161} INFO - Started process (PID=21029) to work on /opt/airflow/dags/failed_lineage_dag.py
[2025-11-18T10:20:46.838+0000] {processor.py:830} INFO - Processing file /opt/airflow/dags/failed_lineage_dag.py for tasks to queue
[2025-11-18T10:20:46.839+0000] {logging_mixin.py:188} INFO - [2025-11-18T10:20:46.839+0000] {dagbag.py:538} INFO - Filling up the DagBag from /opt/airflow/dags/failed_lineage_dag.py
[2025-11-18T10:20:46.863+0000] {processor.py:840} INFO - DAG(s) 'failed_lineage_dag' retrieved from /opt/airflow/dags/failed_lineage_dag.py
[2025-11-18T10:20:46.910+0000] {logging_mixin.py:188} INFO - [2025-11-18T10:20:46.909+0000] {dag.py:3036} INFO - Sync 1 DAGs
[2025-11-18T10:20:46.930+0000] {logging_mixin.py:188} INFO - [2025-11-18T10:20:46.930+0000] {dag.py:3823} INFO - Setting next_dagrun for failed_lineage_dag to None, run_after=None
[2025-11-18T10:20:46.966+0000] {processor.py:183} INFO - Processing /opt/airflow/dags/failed_lineage_dag.py took 0.136 seconds
[2025-11-18T10:21:17.572+0000] {processor.py:161} INFO - Started process (PID=21054) to work on /opt/airflow/dags/failed_lineage_dag.py
[2025-11-18T10:21:17.575+0000] {processor.py:830} INFO - Processing file /opt/airflow/dags/failed_lineage_dag.py for tasks to queue
[2025-11-18T10:21:17.577+0000] {logging_mixin.py:188} INFO - [2025-11-18T10:21:17.576+0000] {dagbag.py:538} INFO - Filling up the DagBag from /opt/airflow/dags/failed_lineage_dag.py
[2025-11-18T10:21:17.596+0000] {processor.py:840} INFO - DAG(s) 'failed_lineage_dag' retrieved from /opt/airflow/dags/failed_lineage_dag.py
[2025-11-18T10:21:17.666+0000] {logging_mixin.py:188} INFO - [2025-11-18T10:21:17.666+0000] {dag.py:3036} INFO - Sync 1 DAGs
[2025-11-18T10:21:17.711+0000] {logging_mixin.py:188} INFO - [2025-11-18T10:21:17.705+0000] {dag.py:3823} INFO - Setting next_dagrun for failed_lineage_dag to None, run_after=None
[2025-11-18T10:21:17.772+0000] {processor.py:183} INFO - Processing /opt/airflow/dags/failed_lineage_dag.py took 0.204 seconds
[2025-11-18T10:21:48.444+0000] {processor.py:161} INFO - Started process (PID=21079) to work on /opt/airflow/dags/failed_lineage_dag.py
[2025-11-18T10:21:48.447+0000] {processor.py:830} INFO - Processing file /opt/airflow/dags/failed_lineage_dag.py for tasks to queue
[2025-11-18T10:21:48.449+0000] {logging_mixin.py:188} INFO - [2025-11-18T10:21:48.449+0000] {dagbag.py:538} INFO - Filling up the DagBag from /opt/airflow/dags/failed_lineage_dag.py
[2025-11-18T10:21:48.476+0000] {processor.py:840} INFO - DAG(s) 'failed_lineage_dag' retrieved from /opt/airflow/dags/failed_lineage_dag.py
[2025-11-18T10:21:48.517+0000] {logging_mixin.py:188} INFO - [2025-11-18T10:21:48.517+0000] {dag.py:3036} INFO - Sync 1 DAGs
[2025-11-18T10:21:48.536+0000] {logging_mixin.py:188} INFO - [2025-11-18T10:21:48.536+0000] {dag.py:3823} INFO - Setting next_dagrun for failed_lineage_dag to None, run_after=None
[2025-11-18T10:21:48.569+0000] {processor.py:183} INFO - Processing /opt/airflow/dags/failed_lineage_dag.py took 0.133 seconds
[2025-11-18T10:22:19.259+0000] {processor.py:161} INFO - Started process (PID=21104) to work on /opt/airflow/dags/failed_lineage_dag.py
[2025-11-18T10:22:19.263+0000] {processor.py:830} INFO - Processing file /opt/airflow/dags/failed_lineage_dag.py for tasks to queue
[2025-11-18T10:22:19.266+0000] {logging_mixin.py:188} INFO - [2025-11-18T10:22:19.265+0000] {dagbag.py:538} INFO - Filling up the DagBag from /opt/airflow/dags/failed_lineage_dag.py
[2025-11-18T10:22:19.292+0000] {processor.py:840} INFO - DAG(s) 'failed_lineage_dag' retrieved from /opt/airflow/dags/failed_lineage_dag.py
[2025-11-18T10:22:19.348+0000] {logging_mixin.py:188} INFO - [2025-11-18T10:22:19.348+0000] {dag.py:3036} INFO - Sync 1 DAGs
[2025-11-18T10:22:19.369+0000] {logging_mixin.py:188} INFO - [2025-11-18T10:22:19.368+0000] {dag.py:3823} INFO - Setting next_dagrun for failed_lineage_dag to None, run_after=None
[2025-11-18T10:22:19.416+0000] {processor.py:183} INFO - Processing /opt/airflow/dags/failed_lineage_dag.py took 0.163 seconds
[2025-11-18T10:22:50.010+0000] {processor.py:161} INFO - Started process (PID=21129) to work on /opt/airflow/dags/failed_lineage_dag.py
[2025-11-18T10:22:50.012+0000] {processor.py:830} INFO - Processing file /opt/airflow/dags/failed_lineage_dag.py for tasks to queue
[2025-11-18T10:22:50.013+0000] {logging_mixin.py:188} INFO - [2025-11-18T10:22:50.013+0000] {dagbag.py:538} INFO - Filling up the DagBag from /opt/airflow/dags/failed_lineage_dag.py
[2025-11-18T10:22:50.034+0000] {processor.py:840} INFO - DAG(s) 'failed_lineage_dag' retrieved from /opt/airflow/dags/failed_lineage_dag.py
[2025-11-18T10:22:50.068+0000] {logging_mixin.py:188} INFO - [2025-11-18T10:22:50.068+0000] {dag.py:3036} INFO - Sync 1 DAGs
[2025-11-18T10:22:50.088+0000] {logging_mixin.py:188} INFO - [2025-11-18T10:22:50.088+0000] {dag.py:3823} INFO - Setting next_dagrun for failed_lineage_dag to None, run_after=None
[2025-11-18T10:22:50.115+0000] {processor.py:183} INFO - Processing /opt/airflow/dags/failed_lineage_dag.py took 0.109 seconds
[2025-11-18T10:23:20.784+0000] {processor.py:161} INFO - Started process (PID=21154) to work on /opt/airflow/dags/failed_lineage_dag.py
[2025-11-18T10:23:20.786+0000] {processor.py:830} INFO - Processing file /opt/airflow/dags/failed_lineage_dag.py for tasks to queue
[2025-11-18T10:23:20.788+0000] {logging_mixin.py:188} INFO - [2025-11-18T10:23:20.787+0000] {dagbag.py:538} INFO - Filling up the DagBag from /opt/airflow/dags/failed_lineage_dag.py
[2025-11-18T10:23:20.816+0000] {processor.py:840} INFO - DAG(s) 'failed_lineage_dag' retrieved from /opt/airflow/dags/failed_lineage_dag.py
[2025-11-18T10:23:20.885+0000] {logging_mixin.py:188} INFO - [2025-11-18T10:23:20.885+0000] {dag.py:3036} INFO - Sync 1 DAGs
[2025-11-18T10:23:20.920+0000] {logging_mixin.py:188} INFO - [2025-11-18T10:23:20.920+0000] {dag.py:3823} INFO - Setting next_dagrun for failed_lineage_dag to None, run_after=None
[2025-11-18T10:23:20.962+0000] {processor.py:183} INFO - Processing /opt/airflow/dags/failed_lineage_dag.py took 0.184 seconds
[2025-11-18T10:23:51.523+0000] {processor.py:161} INFO - Started process (PID=21179) to work on /opt/airflow/dags/failed_lineage_dag.py
[2025-11-18T10:23:51.524+0000] {processor.py:830} INFO - Processing file /opt/airflow/dags/failed_lineage_dag.py for tasks to queue
[2025-11-18T10:23:51.526+0000] {logging_mixin.py:188} INFO - [2025-11-18T10:23:51.525+0000] {dagbag.py:538} INFO - Filling up the DagBag from /opt/airflow/dags/failed_lineage_dag.py
[2025-11-18T10:23:51.549+0000] {processor.py:840} INFO - DAG(s) 'failed_lineage_dag' retrieved from /opt/airflow/dags/failed_lineage_dag.py
[2025-11-18T10:23:51.582+0000] {logging_mixin.py:188} INFO - [2025-11-18T10:23:51.582+0000] {dag.py:3036} INFO - Sync 1 DAGs
[2025-11-18T10:23:51.594+0000] {logging_mixin.py:188} INFO - [2025-11-18T10:23:51.594+0000] {dag.py:3823} INFO - Setting next_dagrun for failed_lineage_dag to None, run_after=None
[2025-11-18T10:23:51.615+0000] {processor.py:183} INFO - Processing /opt/airflow/dags/failed_lineage_dag.py took 0.097 seconds
[2025-11-18T10:24:22.102+0000] {processor.py:161} INFO - Started process (PID=21204) to work on /opt/airflow/dags/failed_lineage_dag.py
[2025-11-18T10:24:22.114+0000] {processor.py:830} INFO - Processing file /opt/airflow/dags/failed_lineage_dag.py for tasks to queue
[2025-11-18T10:24:22.127+0000] {logging_mixin.py:188} INFO - [2025-11-18T10:24:22.126+0000] {dagbag.py:538} INFO - Filling up the DagBag from /opt/airflow/dags/failed_lineage_dag.py
[2025-11-18T10:24:22.164+0000] {processor.py:840} INFO - DAG(s) 'failed_lineage_dag' retrieved from /opt/airflow/dags/failed_lineage_dag.py
[2025-11-18T10:24:22.199+0000] {logging_mixin.py:188} INFO - [2025-11-18T10:24:22.199+0000] {dag.py:3036} INFO - Sync 1 DAGs
[2025-11-18T10:24:22.217+0000] {logging_mixin.py:188} INFO - [2025-11-18T10:24:22.217+0000] {dag.py:3823} INFO - Setting next_dagrun for failed_lineage_dag to None, run_after=None
[2025-11-18T10:24:22.250+0000] {processor.py:183} INFO - Processing /opt/airflow/dags/failed_lineage_dag.py took 0.152 seconds
[2025-11-18T10:24:52.895+0000] {processor.py:161} INFO - Started process (PID=21229) to work on /opt/airflow/dags/failed_lineage_dag.py
[2025-11-18T10:24:52.896+0000] {processor.py:830} INFO - Processing file /opt/airflow/dags/failed_lineage_dag.py for tasks to queue
[2025-11-18T10:24:52.898+0000] {logging_mixin.py:188} INFO - [2025-11-18T10:24:52.897+0000] {dagbag.py:538} INFO - Filling up the DagBag from /opt/airflow/dags/failed_lineage_dag.py
[2025-11-18T10:24:52.914+0000] {processor.py:840} INFO - DAG(s) 'failed_lineage_dag' retrieved from /opt/airflow/dags/failed_lineage_dag.py
[2025-11-18T10:24:52.945+0000] {logging_mixin.py:188} INFO - [2025-11-18T10:24:52.945+0000] {dag.py:3036} INFO - Sync 1 DAGs
[2025-11-18T10:24:52.958+0000] {logging_mixin.py:188} INFO - [2025-11-18T10:24:52.958+0000] {dag.py:3823} INFO - Setting next_dagrun for failed_lineage_dag to None, run_after=None
[2025-11-18T10:24:52.983+0000] {processor.py:183} INFO - Processing /opt/airflow/dags/failed_lineage_dag.py took 0.094 seconds
[2025-11-18T10:25:23.716+0000] {processor.py:161} INFO - Started process (PID=21254) to work on /opt/airflow/dags/failed_lineage_dag.py
[2025-11-18T10:25:23.718+0000] {processor.py:830} INFO - Processing file /opt/airflow/dags/failed_lineage_dag.py for tasks to queue
[2025-11-18T10:25:23.719+0000] {logging_mixin.py:188} INFO - [2025-11-18T10:25:23.719+0000] {dagbag.py:538} INFO - Filling up the DagBag from /opt/airflow/dags/failed_lineage_dag.py
[2025-11-18T10:25:23.739+0000] {processor.py:840} INFO - DAG(s) 'failed_lineage_dag' retrieved from /opt/airflow/dags/failed_lineage_dag.py
[2025-11-18T10:25:23.771+0000] {logging_mixin.py:188} INFO - [2025-11-18T10:25:23.770+0000] {dag.py:3036} INFO - Sync 1 DAGs
[2025-11-18T10:25:23.789+0000] {logging_mixin.py:188} INFO - [2025-11-18T10:25:23.788+0000] {dag.py:3823} INFO - Setting next_dagrun for failed_lineage_dag to None, run_after=None
[2025-11-18T10:25:23.816+0000] {processor.py:183} INFO - Processing /opt/airflow/dags/failed_lineage_dag.py took 0.103 seconds
[2025-11-18T10:25:54.331+0000] {processor.py:161} INFO - Started process (PID=21279) to work on /opt/airflow/dags/failed_lineage_dag.py
[2025-11-18T10:25:54.333+0000] {processor.py:830} INFO - Processing file /opt/airflow/dags/failed_lineage_dag.py for tasks to queue
[2025-11-18T10:25:54.334+0000] {logging_mixin.py:188} INFO - [2025-11-18T10:25:54.334+0000] {dagbag.py:538} INFO - Filling up the DagBag from /opt/airflow/dags/failed_lineage_dag.py
[2025-11-18T10:25:54.352+0000] {processor.py:840} INFO - DAG(s) 'failed_lineage_dag' retrieved from /opt/airflow/dags/failed_lineage_dag.py
[2025-11-18T10:25:54.383+0000] {logging_mixin.py:188} INFO - [2025-11-18T10:25:54.383+0000] {dag.py:3036} INFO - Sync 1 DAGs
[2025-11-18T10:25:54.397+0000] {logging_mixin.py:188} INFO - [2025-11-18T10:25:54.397+0000] {dag.py:3823} INFO - Setting next_dagrun for failed_lineage_dag to None, run_after=None
[2025-11-18T10:25:54.422+0000] {processor.py:183} INFO - Processing /opt/airflow/dags/failed_lineage_dag.py took 0.095 seconds
[2025-11-18T10:26:25.220+0000] {processor.py:161} INFO - Started process (PID=21304) to work on /opt/airflow/dags/failed_lineage_dag.py
[2025-11-18T10:26:25.221+0000] {processor.py:830} INFO - Processing file /opt/airflow/dags/failed_lineage_dag.py for tasks to queue
[2025-11-18T10:26:25.223+0000] {logging_mixin.py:188} INFO - [2025-11-18T10:26:25.222+0000] {dagbag.py:538} INFO - Filling up the DagBag from /opt/airflow/dags/failed_lineage_dag.py
[2025-11-18T10:26:25.242+0000] {processor.py:840} INFO - DAG(s) 'failed_lineage_dag' retrieved from /opt/airflow/dags/failed_lineage_dag.py
[2025-11-18T10:26:25.281+0000] {logging_mixin.py:188} INFO - [2025-11-18T10:26:25.280+0000] {dag.py:3036} INFO - Sync 1 DAGs
[2025-11-18T10:26:25.294+0000] {logging_mixin.py:188} INFO - [2025-11-18T10:26:25.294+0000] {dag.py:3823} INFO - Setting next_dagrun for failed_lineage_dag to None, run_after=None
[2025-11-18T10:26:25.315+0000] {processor.py:183} INFO - Processing /opt/airflow/dags/failed_lineage_dag.py took 0.100 seconds
[2025-11-18T10:26:55.511+0000] {processor.py:161} INFO - Started process (PID=21329) to work on /opt/airflow/dags/failed_lineage_dag.py
[2025-11-18T10:26:55.514+0000] {processor.py:830} INFO - Processing file /opt/airflow/dags/failed_lineage_dag.py for tasks to queue
[2025-11-18T10:26:55.517+0000] {logging_mixin.py:188} INFO - [2025-11-18T10:26:55.517+0000] {dagbag.py:538} INFO - Filling up the DagBag from /opt/airflow/dags/failed_lineage_dag.py
[2025-11-18T10:26:55.565+0000] {processor.py:840} INFO - DAG(s) 'failed_lineage_dag' retrieved from /opt/airflow/dags/failed_lineage_dag.py
[2025-11-18T10:26:55.639+0000] {logging_mixin.py:188} INFO - [2025-11-18T10:26:55.631+0000] {dag.py:3036} INFO - Sync 1 DAGs
[2025-11-18T10:26:55.666+0000] {logging_mixin.py:188} INFO - [2025-11-18T10:26:55.665+0000] {dag.py:3823} INFO - Setting next_dagrun for failed_lineage_dag to None, run_after=None
[2025-11-18T10:26:55.737+0000] {processor.py:183} INFO - Processing /opt/airflow/dags/failed_lineage_dag.py took 0.231 seconds
[2025-11-18T10:27:26.181+0000] {processor.py:161} INFO - Started process (PID=21354) to work on /opt/airflow/dags/failed_lineage_dag.py
[2025-11-18T10:27:26.188+0000] {processor.py:830} INFO - Processing file /opt/airflow/dags/failed_lineage_dag.py for tasks to queue
[2025-11-18T10:27:26.195+0000] {logging_mixin.py:188} INFO - [2025-11-18T10:27:26.194+0000] {dagbag.py:538} INFO - Filling up the DagBag from /opt/airflow/dags/failed_lineage_dag.py
[2025-11-18T10:27:26.221+0000] {processor.py:840} INFO - DAG(s) 'failed_lineage_dag' retrieved from /opt/airflow/dags/failed_lineage_dag.py
[2025-11-18T10:27:26.280+0000] {logging_mixin.py:188} INFO - [2025-11-18T10:27:26.279+0000] {dag.py:3036} INFO - Sync 1 DAGs
[2025-11-18T10:27:26.302+0000] {logging_mixin.py:188} INFO - [2025-11-18T10:27:26.302+0000] {dag.py:3823} INFO - Setting next_dagrun for failed_lineage_dag to None, run_after=None
[2025-11-18T10:27:26.353+0000] {processor.py:183} INFO - Processing /opt/airflow/dags/failed_lineage_dag.py took 0.187 seconds
[2025-11-18T10:27:57.007+0000] {processor.py:161} INFO - Started process (PID=21379) to work on /opt/airflow/dags/failed_lineage_dag.py
[2025-11-18T10:27:57.016+0000] {processor.py:830} INFO - Processing file /opt/airflow/dags/failed_lineage_dag.py for tasks to queue
[2025-11-18T10:27:57.031+0000] {logging_mixin.py:188} INFO - [2025-11-18T10:27:57.030+0000] {dagbag.py:538} INFO - Filling up the DagBag from /opt/airflow/dags/failed_lineage_dag.py
[2025-11-18T10:27:57.094+0000] {processor.py:840} INFO - DAG(s) 'failed_lineage_dag' retrieved from /opt/airflow/dags/failed_lineage_dag.py
[2025-11-18T10:27:57.144+0000] {logging_mixin.py:188} INFO - [2025-11-18T10:27:57.144+0000] {dag.py:3036} INFO - Sync 1 DAGs
[2025-11-18T10:27:57.166+0000] {logging_mixin.py:188} INFO - [2025-11-18T10:27:57.165+0000] {dag.py:3823} INFO - Setting next_dagrun for failed_lineage_dag to None, run_after=None
[2025-11-18T10:27:57.210+0000] {processor.py:183} INFO - Processing /opt/airflow/dags/failed_lineage_dag.py took 0.207 seconds
[2025-11-18T10:28:28.034+0000] {processor.py:161} INFO - Started process (PID=21404) to work on /opt/airflow/dags/failed_lineage_dag.py
[2025-11-18T10:28:28.038+0000] {processor.py:830} INFO - Processing file /opt/airflow/dags/failed_lineage_dag.py for tasks to queue
[2025-11-18T10:28:28.048+0000] {logging_mixin.py:188} INFO - [2025-11-18T10:28:28.047+0000] {dagbag.py:538} INFO - Filling up the DagBag from /opt/airflow/dags/failed_lineage_dag.py
[2025-11-18T10:28:28.077+0000] {processor.py:840} INFO - DAG(s) 'failed_lineage_dag' retrieved from /opt/airflow/dags/failed_lineage_dag.py
[2025-11-18T10:28:28.157+0000] {logging_mixin.py:188} INFO - [2025-11-18T10:28:28.157+0000] {dag.py:3036} INFO - Sync 1 DAGs
[2025-11-18T10:28:28.193+0000] {logging_mixin.py:188} INFO - [2025-11-18T10:28:28.193+0000] {dag.py:3823} INFO - Setting next_dagrun for failed_lineage_dag to None, run_after=None
[2025-11-18T10:28:28.241+0000] {processor.py:183} INFO - Processing /opt/airflow/dags/failed_lineage_dag.py took 0.212 seconds
[2025-11-18T10:28:59.060+0000] {processor.py:161} INFO - Started process (PID=21429) to work on /opt/airflow/dags/failed_lineage_dag.py
[2025-11-18T10:28:59.062+0000] {processor.py:830} INFO - Processing file /opt/airflow/dags/failed_lineage_dag.py for tasks to queue
[2025-11-18T10:28:59.063+0000] {logging_mixin.py:188} INFO - [2025-11-18T10:28:59.062+0000] {dagbag.py:538} INFO - Filling up the DagBag from /opt/airflow/dags/failed_lineage_dag.py
[2025-11-18T10:28:59.077+0000] {processor.py:840} INFO - DAG(s) 'failed_lineage_dag' retrieved from /opt/airflow/dags/failed_lineage_dag.py
[2025-11-18T10:28:59.111+0000] {logging_mixin.py:188} INFO - [2025-11-18T10:28:59.111+0000] {dag.py:3036} INFO - Sync 1 DAGs
[2025-11-18T10:28:59.130+0000] {logging_mixin.py:188} INFO - [2025-11-18T10:28:59.130+0000] {dag.py:3823} INFO - Setting next_dagrun for failed_lineage_dag to None, run_after=None
[2025-11-18T10:28:59.166+0000] {processor.py:183} INFO - Processing /opt/airflow/dags/failed_lineage_dag.py took 0.111 seconds
[2025-11-18T10:29:29.743+0000] {processor.py:161} INFO - Started process (PID=21454) to work on /opt/airflow/dags/failed_lineage_dag.py
[2025-11-18T10:29:29.745+0000] {processor.py:830} INFO - Processing file /opt/airflow/dags/failed_lineage_dag.py for tasks to queue
[2025-11-18T10:29:29.747+0000] {logging_mixin.py:188} INFO - [2025-11-18T10:29:29.746+0000] {dagbag.py:538} INFO - Filling up the DagBag from /opt/airflow/dags/failed_lineage_dag.py
[2025-11-18T10:29:29.787+0000] {processor.py:840} INFO - DAG(s) 'failed_lineage_dag' retrieved from /opt/airflow/dags/failed_lineage_dag.py
[2025-11-18T10:29:29.836+0000] {logging_mixin.py:188} INFO - [2025-11-18T10:29:29.835+0000] {dag.py:3036} INFO - Sync 1 DAGs
[2025-11-18T10:29:29.856+0000] {logging_mixin.py:188} INFO - [2025-11-18T10:29:29.856+0000] {dag.py:3823} INFO - Setting next_dagrun for failed_lineage_dag to None, run_after=None
[2025-11-18T10:29:29.884+0000] {processor.py:183} INFO - Processing /opt/airflow/dags/failed_lineage_dag.py took 0.147 seconds
[2025-11-18T10:30:00.662+0000] {processor.py:161} INFO - Started process (PID=21479) to work on /opt/airflow/dags/failed_lineage_dag.py
[2025-11-18T10:30:00.663+0000] {processor.py:830} INFO - Processing file /opt/airflow/dags/failed_lineage_dag.py for tasks to queue
[2025-11-18T10:30:00.665+0000] {logging_mixin.py:188} INFO - [2025-11-18T10:30:00.665+0000] {dagbag.py:538} INFO - Filling up the DagBag from /opt/airflow/dags/failed_lineage_dag.py
[2025-11-18T10:30:00.684+0000] {processor.py:840} INFO - DAG(s) 'failed_lineage_dag' retrieved from /opt/airflow/dags/failed_lineage_dag.py
[2025-11-18T10:30:00.720+0000] {logging_mixin.py:188} INFO - [2025-11-18T10:30:00.720+0000] {dag.py:3036} INFO - Sync 1 DAGs
[2025-11-18T10:30:00.733+0000] {logging_mixin.py:188} INFO - [2025-11-18T10:30:00.732+0000] {dag.py:3823} INFO - Setting next_dagrun for failed_lineage_dag to None, run_after=None
[2025-11-18T10:30:00.757+0000] {processor.py:183} INFO - Processing /opt/airflow/dags/failed_lineage_dag.py took 0.101 seconds
[2025-11-18T10:30:31.305+0000] {processor.py:161} INFO - Started process (PID=21504) to work on /opt/airflow/dags/failed_lineage_dag.py
[2025-11-18T10:30:31.307+0000] {processor.py:830} INFO - Processing file /opt/airflow/dags/failed_lineage_dag.py for tasks to queue
[2025-11-18T10:30:31.308+0000] {logging_mixin.py:188} INFO - [2025-11-18T10:30:31.308+0000] {dagbag.py:538} INFO - Filling up the DagBag from /opt/airflow/dags/failed_lineage_dag.py
[2025-11-18T10:30:31.330+0000] {processor.py:840} INFO - DAG(s) 'failed_lineage_dag' retrieved from /opt/airflow/dags/failed_lineage_dag.py
[2025-11-18T10:30:31.362+0000] {logging_mixin.py:188} INFO - [2025-11-18T10:30:31.362+0000] {dag.py:3036} INFO - Sync 1 DAGs
[2025-11-18T10:30:31.378+0000] {logging_mixin.py:188} INFO - [2025-11-18T10:30:31.377+0000] {dag.py:3823} INFO - Setting next_dagrun for failed_lineage_dag to None, run_after=None
[2025-11-18T10:30:31.403+0000] {processor.py:183} INFO - Processing /opt/airflow/dags/failed_lineage_dag.py took 0.102 seconds
[2025-11-18T10:31:02.054+0000] {processor.py:161} INFO - Started process (PID=21529) to work on /opt/airflow/dags/failed_lineage_dag.py
[2025-11-18T10:31:02.073+0000] {processor.py:830} INFO - Processing file /opt/airflow/dags/failed_lineage_dag.py for tasks to queue
[2025-11-18T10:31:02.103+0000] {logging_mixin.py:188} INFO - [2025-11-18T10:31:02.102+0000] {dagbag.py:538} INFO - Filling up the DagBag from /opt/airflow/dags/failed_lineage_dag.py
[2025-11-18T10:31:02.689+0000] {processor.py:840} INFO - DAG(s) 'failed_lineage_dag' retrieved from /opt/airflow/dags/failed_lineage_dag.py
[2025-11-18T10:31:02.904+0000] {logging_mixin.py:188} INFO - [2025-11-18T10:31:02.903+0000] {dag.py:3036} INFO - Sync 1 DAGs
[2025-11-18T10:31:03.053+0000] {logging_mixin.py:188} INFO - [2025-11-18T10:31:03.053+0000] {dag.py:3823} INFO - Setting next_dagrun for failed_lineage_dag to None, run_after=None
[2025-11-18T10:31:03.133+0000] {processor.py:183} INFO - Processing /opt/airflow/dags/failed_lineage_dag.py took 1.095 seconds
[2025-11-18T10:31:59.994+0000] {processor.py:161} INFO - Started process (PID=21554) to work on /opt/airflow/dags/failed_lineage_dag.py
[2025-11-18T10:32:00.063+0000] {processor.py:830} INFO - Processing file /opt/airflow/dags/failed_lineage_dag.py for tasks to queue
[2025-11-18T10:32:00.280+0000] {logging_mixin.py:188} INFO - [2025-11-18T10:32:00.272+0000] {dagbag.py:538} INFO - Filling up the DagBag from /opt/airflow/dags/failed_lineage_dag.py
[2025-11-18T10:32:00.656+0000] {processor.py:840} INFO - DAG(s) 'failed_lineage_dag' retrieved from /opt/airflow/dags/failed_lineage_dag.py
[2025-11-18T10:32:00.815+0000] {logging_mixin.py:188} INFO - [2025-11-18T10:32:00.814+0000] {dag.py:3036} INFO - Sync 1 DAGs
[2025-11-18T10:32:00.841+0000] {logging_mixin.py:188} INFO - [2025-11-18T10:32:00.841+0000] {dag.py:3823} INFO - Setting next_dagrun for failed_lineage_dag to None, run_after=None
[2025-11-18T10:32:00.894+0000] {processor.py:183} INFO - Processing /opt/airflow/dags/failed_lineage_dag.py took 1.555 seconds
[2025-11-18T10:32:31.113+0000] {processor.py:161} INFO - Started process (PID=21584) to work on /opt/airflow/dags/failed_lineage_dag.py
[2025-11-18T10:32:31.114+0000] {processor.py:830} INFO - Processing file /opt/airflow/dags/failed_lineage_dag.py for tasks to queue
[2025-11-18T10:32:31.116+0000] {logging_mixin.py:188} INFO - [2025-11-18T10:32:31.115+0000] {dagbag.py:538} INFO - Filling up the DagBag from /opt/airflow/dags/failed_lineage_dag.py
[2025-11-18T10:32:31.147+0000] {processor.py:840} INFO - DAG(s) 'failed_lineage_dag' retrieved from /opt/airflow/dags/failed_lineage_dag.py
[2025-11-18T10:32:31.180+0000] {logging_mixin.py:188} INFO - [2025-11-18T10:32:31.180+0000] {dag.py:3036} INFO - Sync 1 DAGs
[2025-11-18T10:32:31.191+0000] {logging_mixin.py:188} INFO - [2025-11-18T10:32:31.191+0000] {dag.py:3823} INFO - Setting next_dagrun for failed_lineage_dag to None, run_after=None
[2025-11-18T10:32:31.214+0000] {processor.py:183} INFO - Processing /opt/airflow/dags/failed_lineage_dag.py took 0.105 seconds
[2025-11-18T10:33:04.018+0000] {processor.py:161} INFO - Started process (PID=21607) to work on /opt/airflow/dags/failed_lineage_dag.py
[2025-11-18T10:33:04.027+0000] {processor.py:830} INFO - Processing file /opt/airflow/dags/failed_lineage_dag.py for tasks to queue
[2025-11-18T10:33:04.040+0000] {logging_mixin.py:188} INFO - [2025-11-18T10:33:04.038+0000] {dagbag.py:538} INFO - Filling up the DagBag from /opt/airflow/dags/failed_lineage_dag.py
[2025-11-18T10:33:04.072+0000] {processor.py:840} INFO - DAG(s) 'failed_lineage_dag' retrieved from /opt/airflow/dags/failed_lineage_dag.py
[2025-11-18T10:33:04.144+0000] {logging_mixin.py:188} INFO - [2025-11-18T10:33:04.144+0000] {dag.py:3036} INFO - Sync 1 DAGs
[2025-11-18T10:33:04.184+0000] {logging_mixin.py:188} INFO - [2025-11-18T10:33:04.184+0000] {dag.py:3823} INFO - Setting next_dagrun for failed_lineage_dag to None, run_after=None
[2025-11-18T10:33:04.253+0000] {processor.py:183} INFO - Processing /opt/airflow/dags/failed_lineage_dag.py took 0.244 seconds
[2025-11-18T10:33:35.010+0000] {processor.py:161} INFO - Started process (PID=21627) to work on /opt/airflow/dags/failed_lineage_dag.py
[2025-11-18T10:33:35.012+0000] {processor.py:830} INFO - Processing file /opt/airflow/dags/failed_lineage_dag.py for tasks to queue
[2025-11-18T10:33:35.021+0000] {logging_mixin.py:188} INFO - [2025-11-18T10:33:35.020+0000] {dagbag.py:538} INFO - Filling up the DagBag from /opt/airflow/dags/failed_lineage_dag.py
[2025-11-18T10:33:35.154+0000] {processor.py:840} INFO - DAG(s) 'failed_lineage_dag' retrieved from /opt/airflow/dags/failed_lineage_dag.py
[2025-11-18T10:33:35.242+0000] {logging_mixin.py:188} INFO - [2025-11-18T10:33:35.241+0000] {dag.py:3036} INFO - Sync 1 DAGs
[2025-11-18T10:33:35.337+0000] {logging_mixin.py:188} INFO - [2025-11-18T10:33:35.337+0000] {dag.py:3823} INFO - Setting next_dagrun for failed_lineage_dag to None, run_after=None
[2025-11-18T10:33:35.415+0000] {processor.py:183} INFO - Processing /opt/airflow/dags/failed_lineage_dag.py took 0.410 seconds
[2025-11-18T10:34:06.873+0000] {processor.py:161} INFO - Started process (PID=21652) to work on /opt/airflow/dags/failed_lineage_dag.py
[2025-11-18T10:34:06.876+0000] {processor.py:830} INFO - Processing file /opt/airflow/dags/failed_lineage_dag.py for tasks to queue
[2025-11-18T10:34:06.877+0000] {logging_mixin.py:188} INFO - [2025-11-18T10:34:06.877+0000] {dagbag.py:538} INFO - Filling up the DagBag from /opt/airflow/dags/failed_lineage_dag.py
[2025-11-18T10:34:06.944+0000] {processor.py:840} INFO - DAG(s) 'failed_lineage_dag' retrieved from /opt/airflow/dags/failed_lineage_dag.py
[2025-11-18T10:34:07.078+0000] {logging_mixin.py:188} INFO - [2025-11-18T10:34:07.067+0000] {dag.py:3036} INFO - Sync 1 DAGs
[2025-11-18T10:34:07.126+0000] {logging_mixin.py:188} INFO - [2025-11-18T10:34:07.118+0000] {dag.py:3823} INFO - Setting next_dagrun for failed_lineage_dag to None, run_after=None
[2025-11-18T10:34:07.206+0000] {processor.py:183} INFO - Processing /opt/airflow/dags/failed_lineage_dag.py took 0.339 seconds
[2025-11-18T10:34:53.756+0000] {processor.py:161} INFO - Started process (PID=21684) to work on /opt/airflow/dags/failed_lineage_dag.py
[2025-11-18T10:34:53.760+0000] {processor.py:830} INFO - Processing file /opt/airflow/dags/failed_lineage_dag.py for tasks to queue
[2025-11-18T10:34:53.769+0000] {logging_mixin.py:188} INFO - [2025-11-18T10:34:53.768+0000] {dagbag.py:538} INFO - Filling up the DagBag from /opt/airflow/dags/failed_lineage_dag.py
[2025-11-18T10:34:53.801+0000] {processor.py:840} INFO - DAG(s) 'failed_lineage_dag' retrieved from /opt/airflow/dags/failed_lineage_dag.py
[2025-11-18T10:34:53.891+0000] {logging_mixin.py:188} INFO - [2025-11-18T10:34:53.891+0000] {dag.py:3036} INFO - Sync 1 DAGs
[2025-11-18T10:34:53.926+0000] {logging_mixin.py:188} INFO - [2025-11-18T10:34:53.925+0000] {dag.py:3823} INFO - Setting next_dagrun for failed_lineage_dag to None, run_after=None
[2025-11-18T10:34:53.975+0000] {processor.py:183} INFO - Processing /opt/airflow/dags/failed_lineage_dag.py took 0.226 seconds
[2025-11-18T10:36:09.263+0000] {processor.py:161} INFO - Started process (PID=21709) to work on /opt/airflow/dags/failed_lineage_dag.py
[2025-11-18T10:36:09.328+0000] {processor.py:830} INFO - Processing file /opt/airflow/dags/failed_lineage_dag.py for tasks to queue
[2025-11-18T10:36:09.353+0000] {logging_mixin.py:188} INFO - [2025-11-18T10:36:09.352+0000] {dagbag.py:538} INFO - Filling up the DagBag from /opt/airflow/dags/failed_lineage_dag.py
[2025-11-18T10:36:09.989+0000] {processor.py:840} INFO - DAG(s) 'failed_lineage_dag' retrieved from /opt/airflow/dags/failed_lineage_dag.py
[2025-11-18T10:36:10.135+0000] {logging_mixin.py:188} INFO - [2025-11-18T10:36:10.135+0000] {dag.py:3036} INFO - Sync 1 DAGs
[2025-11-18T10:36:10.312+0000] {logging_mixin.py:188} INFO - [2025-11-18T10:36:10.312+0000] {dag.py:3823} INFO - Setting next_dagrun for failed_lineage_dag to None, run_after=None
[2025-11-18T10:36:11.008+0000] {processor.py:183} INFO - Processing /opt/airflow/dags/failed_lineage_dag.py took 1.751 seconds
[2025-11-18T10:36:53.103+0000] {processor.py:161} INFO - Started process (PID=21732) to work on /opt/airflow/dags/failed_lineage_dag.py
[2025-11-18T10:36:53.105+0000] {processor.py:830} INFO - Processing file /opt/airflow/dags/failed_lineage_dag.py for tasks to queue
[2025-11-18T10:36:53.163+0000] {logging_mixin.py:188} INFO - [2025-11-18T10:36:53.162+0000] {dagbag.py:538} INFO - Filling up the DagBag from /opt/airflow/dags/failed_lineage_dag.py
[2025-11-18T10:36:53.953+0000] {processor.py:840} INFO - DAG(s) 'failed_lineage_dag' retrieved from /opt/airflow/dags/failed_lineage_dag.py
[2025-11-18T10:36:54.363+0000] {logging_mixin.py:188} INFO - [2025-11-18T10:36:54.362+0000] {dag.py:3036} INFO - Sync 1 DAGs
[2025-11-18T10:36:54.702+0000] {logging_mixin.py:188} INFO - [2025-11-18T10:36:54.701+0000] {dag.py:3823} INFO - Setting next_dagrun for failed_lineage_dag to None, run_after=None
[2025-11-18T10:36:54.968+0000] {processor.py:183} INFO - Processing /opt/airflow/dags/failed_lineage_dag.py took 1.871 seconds
[2025-11-18T10:37:25.332+0000] {processor.py:161} INFO - Started process (PID=21757) to work on /opt/airflow/dags/failed_lineage_dag.py
[2025-11-18T10:37:25.343+0000] {processor.py:830} INFO - Processing file /opt/airflow/dags/failed_lineage_dag.py for tasks to queue
[2025-11-18T10:37:25.379+0000] {logging_mixin.py:188} INFO - [2025-11-18T10:37:25.374+0000] {dagbag.py:538} INFO - Filling up the DagBag from /opt/airflow/dags/failed_lineage_dag.py
[2025-11-18T10:37:25.417+0000] {processor.py:840} INFO - DAG(s) 'failed_lineage_dag' retrieved from /opt/airflow/dags/failed_lineage_dag.py
[2025-11-18T10:37:25.475+0000] {logging_mixin.py:188} INFO - [2025-11-18T10:37:25.474+0000] {dag.py:3036} INFO - Sync 1 DAGs
[2025-11-18T10:37:25.505+0000] {logging_mixin.py:188} INFO - [2025-11-18T10:37:25.505+0000] {dag.py:3823} INFO - Setting next_dagrun for failed_lineage_dag to None, run_after=None
[2025-11-18T10:37:25.526+0000] {processor.py:183} INFO - Processing /opt/airflow/dags/failed_lineage_dag.py took 0.199 seconds
[2025-11-18T10:37:55.991+0000] {processor.py:161} INFO - Started process (PID=21782) to work on /opt/airflow/dags/failed_lineage_dag.py
[2025-11-18T10:37:56.005+0000] {processor.py:830} INFO - Processing file /opt/airflow/dags/failed_lineage_dag.py for tasks to queue
[2025-11-18T10:37:56.019+0000] {logging_mixin.py:188} INFO - [2025-11-18T10:37:56.018+0000] {dagbag.py:538} INFO - Filling up the DagBag from /opt/airflow/dags/failed_lineage_dag.py
[2025-11-18T10:37:56.100+0000] {processor.py:840} INFO - DAG(s) 'failed_lineage_dag' retrieved from /opt/airflow/dags/failed_lineage_dag.py
[2025-11-18T10:37:56.161+0000] {logging_mixin.py:188} INFO - [2025-11-18T10:37:56.161+0000] {dag.py:3036} INFO - Sync 1 DAGs
[2025-11-18T10:37:56.224+0000] {logging_mixin.py:188} INFO - [2025-11-18T10:37:56.223+0000] {dag.py:3823} INFO - Setting next_dagrun for failed_lineage_dag to None, run_after=None
[2025-11-18T10:37:56.342+0000] {processor.py:183} INFO - Processing /opt/airflow/dags/failed_lineage_dag.py took 0.357 seconds
[2025-11-18T10:38:26.820+0000] {processor.py:161} INFO - Started process (PID=21807) to work on /opt/airflow/dags/failed_lineage_dag.py
[2025-11-18T10:38:26.832+0000] {processor.py:830} INFO - Processing file /opt/airflow/dags/failed_lineage_dag.py for tasks to queue
[2025-11-18T10:38:26.839+0000] {logging_mixin.py:188} INFO - [2025-11-18T10:38:26.838+0000] {dagbag.py:538} INFO - Filling up the DagBag from /opt/airflow/dags/failed_lineage_dag.py
[2025-11-18T10:38:26.963+0000] {processor.py:840} INFO - DAG(s) 'failed_lineage_dag' retrieved from /opt/airflow/dags/failed_lineage_dag.py
[2025-11-18T10:38:27.368+0000] {logging_mixin.py:188} INFO - [2025-11-18T10:38:27.368+0000] {dag.py:3036} INFO - Sync 1 DAGs
[2025-11-18T10:38:27.458+0000] {logging_mixin.py:188} INFO - [2025-11-18T10:38:27.457+0000] {dag.py:3823} INFO - Setting next_dagrun for failed_lineage_dag to None, run_after=None
[2025-11-18T10:38:27.519+0000] {processor.py:183} INFO - Processing /opt/airflow/dags/failed_lineage_dag.py took 0.707 seconds
[2025-11-18T10:38:57.904+0000] {processor.py:161} INFO - Started process (PID=21832) to work on /opt/airflow/dags/failed_lineage_dag.py
[2025-11-18T10:38:57.907+0000] {processor.py:830} INFO - Processing file /opt/airflow/dags/failed_lineage_dag.py for tasks to queue
[2025-11-18T10:38:57.909+0000] {logging_mixin.py:188} INFO - [2025-11-18T10:38:57.908+0000] {dagbag.py:538} INFO - Filling up the DagBag from /opt/airflow/dags/failed_lineage_dag.py
[2025-11-18T10:38:57.939+0000] {processor.py:840} INFO - DAG(s) 'failed_lineage_dag' retrieved from /opt/airflow/dags/failed_lineage_dag.py
[2025-11-18T10:38:57.985+0000] {logging_mixin.py:188} INFO - [2025-11-18T10:38:57.985+0000] {dag.py:3036} INFO - Sync 1 DAGs
[2025-11-18T10:38:58.031+0000] {logging_mixin.py:188} INFO - [2025-11-18T10:38:58.030+0000] {dag.py:3823} INFO - Setting next_dagrun for failed_lineage_dag to None, run_after=None
[2025-11-18T10:38:58.142+0000] {processor.py:183} INFO - Processing /opt/airflow/dags/failed_lineage_dag.py took 0.242 seconds
[2025-11-18T10:39:29.151+0000] {processor.py:161} INFO - Started process (PID=21857) to work on /opt/airflow/dags/failed_lineage_dag.py
[2025-11-18T10:39:29.163+0000] {processor.py:830} INFO - Processing file /opt/airflow/dags/failed_lineage_dag.py for tasks to queue
[2025-11-18T10:39:29.167+0000] {logging_mixin.py:188} INFO - [2025-11-18T10:39:29.167+0000] {dagbag.py:538} INFO - Filling up the DagBag from /opt/airflow/dags/failed_lineage_dag.py
[2025-11-18T10:39:29.585+0000] {processor.py:840} INFO - DAG(s) 'failed_lineage_dag' retrieved from /opt/airflow/dags/failed_lineage_dag.py
[2025-11-18T10:39:29.734+0000] {logging_mixin.py:188} INFO - [2025-11-18T10:39:29.734+0000] {dag.py:3036} INFO - Sync 1 DAGs
[2025-11-18T10:39:29.809+0000] {logging_mixin.py:188} INFO - [2025-11-18T10:39:29.809+0000] {dag.py:3823} INFO - Setting next_dagrun for failed_lineage_dag to None, run_after=None
[2025-11-18T10:39:29.914+0000] {processor.py:183} INFO - Processing /opt/airflow/dags/failed_lineage_dag.py took 0.768 seconds
[2025-11-18T10:40:01.197+0000] {processor.py:161} INFO - Started process (PID=21884) to work on /opt/airflow/dags/failed_lineage_dag.py
[2025-11-18T10:40:01.211+0000] {processor.py:830} INFO - Processing file /opt/airflow/dags/failed_lineage_dag.py for tasks to queue
[2025-11-18T10:40:01.215+0000] {logging_mixin.py:188} INFO - [2025-11-18T10:40:01.215+0000] {dagbag.py:538} INFO - Filling up the DagBag from /opt/airflow/dags/failed_lineage_dag.py
[2025-11-18T10:40:01.604+0000] {processor.py:840} INFO - DAG(s) 'failed_lineage_dag' retrieved from /opt/airflow/dags/failed_lineage_dag.py
[2025-11-18T10:40:02.077+0000] {logging_mixin.py:188} INFO - [2025-11-18T10:40:02.071+0000] {dag.py:3036} INFO - Sync 1 DAGs
[2025-11-18T10:40:02.192+0000] {logging_mixin.py:188} INFO - [2025-11-18T10:40:02.191+0000] {dag.py:3823} INFO - Setting next_dagrun for failed_lineage_dag to None, run_after=None
[2025-11-18T10:40:02.301+0000] {processor.py:183} INFO - Processing /opt/airflow/dags/failed_lineage_dag.py took 1.110 seconds
[2025-11-18T10:40:36.161+0000] {processor.py:161} INFO - Started process (PID=21909) to work on /opt/airflow/dags/failed_lineage_dag.py
[2025-11-18T10:40:36.168+0000] {processor.py:830} INFO - Processing file /opt/airflow/dags/failed_lineage_dag.py for tasks to queue
[2025-11-18T10:40:36.171+0000] {logging_mixin.py:188} INFO - [2025-11-18T10:40:36.170+0000] {dagbag.py:538} INFO - Filling up the DagBag from /opt/airflow/dags/failed_lineage_dag.py
[2025-11-18T10:40:36.240+0000] {processor.py:840} INFO - DAG(s) 'failed_lineage_dag' retrieved from /opt/airflow/dags/failed_lineage_dag.py
[2025-11-18T10:40:36.370+0000] {logging_mixin.py:188} INFO - [2025-11-18T10:40:36.360+0000] {dag.py:3036} INFO - Sync 1 DAGs
[2025-11-18T10:40:36.429+0000] {logging_mixin.py:188} INFO - [2025-11-18T10:40:36.428+0000] {dag.py:3823} INFO - Setting next_dagrun for failed_lineage_dag to None, run_after=None
[2025-11-18T10:40:36.520+0000] {processor.py:183} INFO - Processing /opt/airflow/dags/failed_lineage_dag.py took 0.374 seconds
[2025-11-18T10:41:07.433+0000] {processor.py:161} INFO - Started process (PID=21932) to work on /opt/airflow/dags/failed_lineage_dag.py
[2025-11-18T10:41:07.464+0000] {processor.py:830} INFO - Processing file /opt/airflow/dags/failed_lineage_dag.py for tasks to queue
[2025-11-18T10:41:07.480+0000] {logging_mixin.py:188} INFO - [2025-11-18T10:41:07.479+0000] {dagbag.py:538} INFO - Filling up the DagBag from /opt/airflow/dags/failed_lineage_dag.py
[2025-11-18T10:41:07.554+0000] {processor.py:840} INFO - DAG(s) 'failed_lineage_dag' retrieved from /opt/airflow/dags/failed_lineage_dag.py
[2025-11-18T10:41:07.679+0000] {logging_mixin.py:188} INFO - [2025-11-18T10:41:07.668+0000] {dag.py:3036} INFO - Sync 1 DAGs
[2025-11-18T10:41:07.713+0000] {logging_mixin.py:188} INFO - [2025-11-18T10:41:07.713+0000] {dag.py:3823} INFO - Setting next_dagrun for failed_lineage_dag to None, run_after=None
[2025-11-18T10:41:07.796+0000] {processor.py:183} INFO - Processing /opt/airflow/dags/failed_lineage_dag.py took 0.388 seconds
[2025-11-18T10:41:49.763+0000] {processor.py:161} INFO - Started process (PID=21959) to work on /opt/airflow/dags/failed_lineage_dag.py
[2025-11-18T10:41:49.769+0000] {processor.py:830} INFO - Processing file /opt/airflow/dags/failed_lineage_dag.py for tasks to queue
[2025-11-18T10:41:49.778+0000] {logging_mixin.py:188} INFO - [2025-11-18T10:41:49.778+0000] {dagbag.py:538} INFO - Filling up the DagBag from /opt/airflow/dags/failed_lineage_dag.py
[2025-11-18T10:41:51.157+0000] {processor.py:840} INFO - DAG(s) 'failed_lineage_dag' retrieved from /opt/airflow/dags/failed_lineage_dag.py
[2025-11-18T10:41:51.915+0000] {logging_mixin.py:188} INFO - [2025-11-18T10:41:51.914+0000] {dag.py:3036} INFO - Sync 1 DAGs
[2025-11-18T10:41:52.178+0000] {logging_mixin.py:188} INFO - [2025-11-18T10:41:52.178+0000] {dag.py:3823} INFO - Setting next_dagrun for failed_lineage_dag to None, run_after=None
[2025-11-18T10:41:52.618+0000] {processor.py:183} INFO - Processing /opt/airflow/dags/failed_lineage_dag.py took 2.861 seconds
[2025-11-18T10:42:23.097+0000] {processor.py:161} INFO - Started process (PID=21984) to work on /opt/airflow/dags/failed_lineage_dag.py
[2025-11-18T10:42:23.184+0000] {processor.py:830} INFO - Processing file /opt/airflow/dags/failed_lineage_dag.py for tasks to queue
[2025-11-18T10:42:23.650+0000] {logging_mixin.py:188} INFO - [2025-11-18T10:42:23.579+0000] {dagbag.py:538} INFO - Filling up the DagBag from /opt/airflow/dags/failed_lineage_dag.py
[2025-11-18T10:42:24.794+0000] {processor.py:840} INFO - DAG(s) 'failed_lineage_dag' retrieved from /opt/airflow/dags/failed_lineage_dag.py
[2025-11-18T10:42:24.909+0000] {logging_mixin.py:188} INFO - [2025-11-18T10:42:24.908+0000] {dag.py:3036} INFO - Sync 1 DAGs
[2025-11-18T10:42:24.967+0000] {logging_mixin.py:188} INFO - [2025-11-18T10:42:24.966+0000] {dag.py:3823} INFO - Setting next_dagrun for failed_lineage_dag to None, run_after=None
[2025-11-18T10:42:25.128+0000] {processor.py:183} INFO - Processing /opt/airflow/dags/failed_lineage_dag.py took 2.035 seconds
[2025-11-18T10:44:54.744+0000] {processor.py:161} INFO - Started process (PID=22010) to work on /opt/airflow/dags/failed_lineage_dag.py
[2025-11-18T10:44:54.761+0000] {processor.py:830} INFO - Processing file /opt/airflow/dags/failed_lineage_dag.py for tasks to queue
[2025-11-18T10:44:54.791+0000] {logging_mixin.py:188} INFO - [2025-11-18T10:44:54.790+0000] {dagbag.py:538} INFO - Filling up the DagBag from /opt/airflow/dags/failed_lineage_dag.py
[2025-11-18T10:44:55.597+0000] {processor.py:840} INFO - DAG(s) 'failed_lineage_dag' retrieved from /opt/airflow/dags/failed_lineage_dag.py
[2025-11-18T10:44:55.843+0000] {logging_mixin.py:188} INFO - [2025-11-18T10:44:55.843+0000] {dag.py:3036} INFO - Sync 1 DAGs
[2025-11-18T10:44:55.977+0000] {logging_mixin.py:188} INFO - [2025-11-18T10:44:55.976+0000] {dag.py:3823} INFO - Setting next_dagrun for failed_lineage_dag to None, run_after=None
[2025-11-18T10:44:56.167+0000] {processor.py:183} INFO - Processing /opt/airflow/dags/failed_lineage_dag.py took 1.453 seconds
[2025-11-18T10:45:43.167+0000] {processor.py:161} INFO - Started process (PID=22038) to work on /opt/airflow/dags/failed_lineage_dag.py
[2025-11-18T10:45:43.234+0000] {processor.py:830} INFO - Processing file /opt/airflow/dags/failed_lineage_dag.py for tasks to queue
[2025-11-18T10:45:43.256+0000] {logging_mixin.py:188} INFO - [2025-11-18T10:45:43.255+0000] {dagbag.py:538} INFO - Filling up the DagBag from /opt/airflow/dags/failed_lineage_dag.py
[2025-11-18T10:45:43.631+0000] {processor.py:840} INFO - DAG(s) 'failed_lineage_dag' retrieved from /opt/airflow/dags/failed_lineage_dag.py
[2025-11-18T10:45:43.751+0000] {logging_mixin.py:188} INFO - [2025-11-18T10:45:43.750+0000] {dag.py:3036} INFO - Sync 1 DAGs
[2025-11-18T10:45:43.821+0000] {logging_mixin.py:188} INFO - [2025-11-18T10:45:43.820+0000] {dag.py:3823} INFO - Setting next_dagrun for failed_lineage_dag to None, run_after=None
[2025-11-18T10:45:43.975+0000] {processor.py:183} INFO - Processing /opt/airflow/dags/failed_lineage_dag.py took 0.816 seconds
[2025-11-18T10:46:48.038+0000] {processor.py:161} INFO - Started process (PID=22063) to work on /opt/airflow/dags/failed_lineage_dag.py
[2025-11-18T10:46:48.042+0000] {processor.py:830} INFO - Processing file /opt/airflow/dags/failed_lineage_dag.py for tasks to queue
[2025-11-18T10:46:48.052+0000] {logging_mixin.py:188} INFO - [2025-11-18T10:46:48.051+0000] {dagbag.py:538} INFO - Filling up the DagBag from /opt/airflow/dags/failed_lineage_dag.py
[2025-11-18T10:46:48.218+0000] {processor.py:840} INFO - DAG(s) 'failed_lineage_dag' retrieved from /opt/airflow/dags/failed_lineage_dag.py
[2025-11-18T10:46:48.422+0000] {logging_mixin.py:188} INFO - [2025-11-18T10:46:48.421+0000] {dag.py:3036} INFO - Sync 1 DAGs
[2025-11-18T10:46:48.471+0000] {logging_mixin.py:188} INFO - [2025-11-18T10:46:48.471+0000] {dag.py:3823} INFO - Setting next_dagrun for failed_lineage_dag to None, run_after=None
[2025-11-18T10:46:48.553+0000] {processor.py:183} INFO - Processing /opt/airflow/dags/failed_lineage_dag.py took 0.535 seconds
[2025-11-18T10:47:24.717+0000] {processor.py:161} INFO - Started process (PID=22088) to work on /opt/airflow/dags/failed_lineage_dag.py
[2025-11-18T10:47:24.726+0000] {processor.py:830} INFO - Processing file /opt/airflow/dags/failed_lineage_dag.py for tasks to queue
[2025-11-18T10:47:24.733+0000] {logging_mixin.py:188} INFO - [2025-11-18T10:47:24.731+0000] {dagbag.py:538} INFO - Filling up the DagBag from /opt/airflow/dags/failed_lineage_dag.py
[2025-11-18T10:47:24.895+0000] {processor.py:840} INFO - DAG(s) 'failed_lineage_dag' retrieved from /opt/airflow/dags/failed_lineage_dag.py
[2025-11-18T10:47:25.006+0000] {logging_mixin.py:188} INFO - [2025-11-18T10:47:25.005+0000] {dag.py:3036} INFO - Sync 1 DAGs
[2025-11-18T10:47:25.086+0000] {logging_mixin.py:188} INFO - [2025-11-18T10:47:25.085+0000] {dag.py:3823} INFO - Setting next_dagrun for failed_lineage_dag to None, run_after=None
[2025-11-18T10:47:25.196+0000] {processor.py:183} INFO - Processing /opt/airflow/dags/failed_lineage_dag.py took 0.489 seconds
[2025-11-18T10:47:55.646+0000] {processor.py:161} INFO - Started process (PID=22113) to work on /opt/airflow/dags/failed_lineage_dag.py
[2025-11-18T10:47:55.660+0000] {processor.py:830} INFO - Processing file /opt/airflow/dags/failed_lineage_dag.py for tasks to queue
[2025-11-18T10:47:55.664+0000] {logging_mixin.py:188} INFO - [2025-11-18T10:47:55.663+0000] {dagbag.py:538} INFO - Filling up the DagBag from /opt/airflow/dags/failed_lineage_dag.py
[2025-11-18T10:47:55.731+0000] {processor.py:840} INFO - DAG(s) 'failed_lineage_dag' retrieved from /opt/airflow/dags/failed_lineage_dag.py
[2025-11-18T10:47:55.883+0000] {logging_mixin.py:188} INFO - [2025-11-18T10:47:55.882+0000] {dag.py:3036} INFO - Sync 1 DAGs
[2025-11-18T10:47:55.952+0000] {logging_mixin.py:188} INFO - [2025-11-18T10:47:55.952+0000] {dag.py:3823} INFO - Setting next_dagrun for failed_lineage_dag to None, run_after=None
[2025-11-18T10:47:56.032+0000] {processor.py:183} INFO - Processing /opt/airflow/dags/failed_lineage_dag.py took 0.392 seconds
[2025-11-18T10:48:30.457+0000] {processor.py:161} INFO - Started process (PID=22138) to work on /opt/airflow/dags/failed_lineage_dag.py
[2025-11-18T10:48:30.488+0000] {processor.py:830} INFO - Processing file /opt/airflow/dags/failed_lineage_dag.py for tasks to queue
[2025-11-18T10:48:30.494+0000] {logging_mixin.py:188} INFO - [2025-11-18T10:48:30.494+0000] {dagbag.py:538} INFO - Filling up the DagBag from /opt/airflow/dags/failed_lineage_dag.py
[2025-11-18T10:48:30.577+0000] {processor.py:840} INFO - DAG(s) 'failed_lineage_dag' retrieved from /opt/airflow/dags/failed_lineage_dag.py
[2025-11-18T10:48:30.686+0000] {logging_mixin.py:188} INFO - [2025-11-18T10:48:30.686+0000] {dag.py:3036} INFO - Sync 1 DAGs
[2025-11-18T10:48:30.792+0000] {logging_mixin.py:188} INFO - [2025-11-18T10:48:30.745+0000] {dag.py:3823} INFO - Setting next_dagrun for failed_lineage_dag to None, run_after=None
[2025-11-18T10:48:31.010+0000] {processor.py:183} INFO - Processing /opt/airflow/dags/failed_lineage_dag.py took 0.559 seconds
[2025-11-18T10:49:01.307+0000] {processor.py:161} INFO - Started process (PID=22165) to work on /opt/airflow/dags/failed_lineage_dag.py
[2025-11-18T10:49:01.319+0000] {processor.py:830} INFO - Processing file /opt/airflow/dags/failed_lineage_dag.py for tasks to queue
[2025-11-18T10:49:01.321+0000] {logging_mixin.py:188} INFO - [2025-11-18T10:49:01.321+0000] {dagbag.py:538} INFO - Filling up the DagBag from /opt/airflow/dags/failed_lineage_dag.py
[2025-11-18T10:49:01.376+0000] {processor.py:840} INFO - DAG(s) 'failed_lineage_dag' retrieved from /opt/airflow/dags/failed_lineage_dag.py
[2025-11-18T10:49:01.516+0000] {logging_mixin.py:188} INFO - [2025-11-18T10:49:01.516+0000] {dag.py:3036} INFO - Sync 1 DAGs
[2025-11-18T10:49:01.554+0000] {logging_mixin.py:188} INFO - [2025-11-18T10:49:01.554+0000] {dag.py:3823} INFO - Setting next_dagrun for failed_lineage_dag to None, run_after=None
[2025-11-18T10:49:01.623+0000] {processor.py:183} INFO - Processing /opt/airflow/dags/failed_lineage_dag.py took 0.331 seconds
[2025-11-18T10:49:34.989+0000] {processor.py:161} INFO - Started process (PID=22188) to work on /opt/airflow/dags/failed_lineage_dag.py
[2025-11-18T10:49:35.000+0000] {processor.py:830} INFO - Processing file /opt/airflow/dags/failed_lineage_dag.py for tasks to queue
[2025-11-18T10:49:35.011+0000] {logging_mixin.py:188} INFO - [2025-11-18T10:49:35.010+0000] {dagbag.py:538} INFO - Filling up the DagBag from /opt/airflow/dags/failed_lineage_dag.py
[2025-11-18T10:49:35.934+0000] {processor.py:840} INFO - DAG(s) 'failed_lineage_dag' retrieved from /opt/airflow/dags/failed_lineage_dag.py
[2025-11-18T10:49:36.064+0000] {logging_mixin.py:188} INFO - [2025-11-18T10:49:36.063+0000] {dag.py:3036} INFO - Sync 1 DAGs
[2025-11-18T10:49:36.124+0000] {logging_mixin.py:188} INFO - [2025-11-18T10:49:36.124+0000] {dag.py:3823} INFO - Setting next_dagrun for failed_lineage_dag to None, run_after=None
[2025-11-18T10:49:36.250+0000] {processor.py:183} INFO - Processing /opt/airflow/dags/failed_lineage_dag.py took 1.273 seconds
[2025-11-18T10:50:27.708+0000] {processor.py:161} INFO - Started process (PID=22215) to work on /opt/airflow/dags/failed_lineage_dag.py
[2025-11-18T10:50:27.711+0000] {processor.py:830} INFO - Processing file /opt/airflow/dags/failed_lineage_dag.py for tasks to queue
[2025-11-18T10:50:27.716+0000] {logging_mixin.py:188} INFO - [2025-11-18T10:50:27.715+0000] {dagbag.py:538} INFO - Filling up the DagBag from /opt/airflow/dags/failed_lineage_dag.py
[2025-11-18T10:50:27.764+0000] {processor.py:840} INFO - DAG(s) 'failed_lineage_dag' retrieved from /opt/airflow/dags/failed_lineage_dag.py
[2025-11-18T10:50:27.845+0000] {logging_mixin.py:188} INFO - [2025-11-18T10:50:27.844+0000] {dag.py:3036} INFO - Sync 1 DAGs
[2025-11-18T10:50:27.914+0000] {logging_mixin.py:188} INFO - [2025-11-18T10:50:27.914+0000] {dag.py:3823} INFO - Setting next_dagrun for failed_lineage_dag to None, run_after=None
[2025-11-18T10:50:27.992+0000] {processor.py:183} INFO - Processing /opt/airflow/dags/failed_lineage_dag.py took 0.291 seconds
[2025-11-18T10:51:01.022+0000] {processor.py:161} INFO - Started process (PID=22240) to work on /opt/airflow/dags/failed_lineage_dag.py
[2025-11-18T10:51:01.032+0000] {processor.py:830} INFO - Processing file /opt/airflow/dags/failed_lineage_dag.py for tasks to queue
[2025-11-18T10:51:01.049+0000] {logging_mixin.py:188} INFO - [2025-11-18T10:51:01.048+0000] {dagbag.py:538} INFO - Filling up the DagBag from /opt/airflow/dags/failed_lineage_dag.py
[2025-11-18T10:51:01.504+0000] {processor.py:840} INFO - DAG(s) 'failed_lineage_dag' retrieved from /opt/airflow/dags/failed_lineage_dag.py
[2025-11-18T10:51:01.619+0000] {logging_mixin.py:188} INFO - [2025-11-18T10:51:01.618+0000] {dag.py:3036} INFO - Sync 1 DAGs
[2025-11-18T10:51:01.681+0000] {logging_mixin.py:188} INFO - [2025-11-18T10:51:01.681+0000] {dag.py:3823} INFO - Setting next_dagrun for failed_lineage_dag to None, run_after=None
[2025-11-18T10:51:01.797+0000] {processor.py:183} INFO - Processing /opt/airflow/dags/failed_lineage_dag.py took 0.781 seconds
[2025-11-18T10:51:33.407+0000] {processor.py:161} INFO - Started process (PID=22265) to work on /opt/airflow/dags/failed_lineage_dag.py
[2025-11-18T10:51:33.410+0000] {processor.py:830} INFO - Processing file /opt/airflow/dags/failed_lineage_dag.py for tasks to queue
[2025-11-18T10:51:33.424+0000] {logging_mixin.py:188} INFO - [2025-11-18T10:51:33.424+0000] {dagbag.py:538} INFO - Filling up the DagBag from /opt/airflow/dags/failed_lineage_dag.py
[2025-11-18T10:51:34.449+0000] {processor.py:840} INFO - DAG(s) 'failed_lineage_dag' retrieved from /opt/airflow/dags/failed_lineage_dag.py
[2025-11-18T10:51:34.606+0000] {logging_mixin.py:188} INFO - [2025-11-18T10:51:34.605+0000] {dag.py:3036} INFO - Sync 1 DAGs
[2025-11-18T10:51:34.704+0000] {logging_mixin.py:188} INFO - [2025-11-18T10:51:34.704+0000] {dag.py:3823} INFO - Setting next_dagrun for failed_lineage_dag to None, run_after=None
[2025-11-18T10:51:34.901+0000] {processor.py:183} INFO - Processing /opt/airflow/dags/failed_lineage_dag.py took 1.501 seconds
[2025-11-18T10:52:05.709+0000] {processor.py:161} INFO - Started process (PID=22290) to work on /opt/airflow/dags/failed_lineage_dag.py
[2025-11-18T10:52:05.727+0000] {processor.py:830} INFO - Processing file /opt/airflow/dags/failed_lineage_dag.py for tasks to queue
[2025-11-18T10:52:05.737+0000] {logging_mixin.py:188} INFO - [2025-11-18T10:52:05.736+0000] {dagbag.py:538} INFO - Filling up the DagBag from /opt/airflow/dags/failed_lineage_dag.py
[2025-11-18T10:52:05.870+0000] {processor.py:840} INFO - DAG(s) 'failed_lineage_dag' retrieved from /opt/airflow/dags/failed_lineage_dag.py
[2025-11-18T10:52:05.990+0000] {logging_mixin.py:188} INFO - [2025-11-18T10:52:05.989+0000] {dag.py:3036} INFO - Sync 1 DAGs
[2025-11-18T10:52:06.031+0000] {logging_mixin.py:188} INFO - [2025-11-18T10:52:06.030+0000] {dag.py:3823} INFO - Setting next_dagrun for failed_lineage_dag to None, run_after=None
[2025-11-18T10:52:06.111+0000] {processor.py:183} INFO - Processing /opt/airflow/dags/failed_lineage_dag.py took 0.408 seconds
[2025-11-18T10:52:36.669+0000] {processor.py:161} INFO - Started process (PID=22315) to work on /opt/airflow/dags/failed_lineage_dag.py
[2025-11-18T10:52:36.671+0000] {processor.py:830} INFO - Processing file /opt/airflow/dags/failed_lineage_dag.py for tasks to queue
[2025-11-18T10:52:36.673+0000] {logging_mixin.py:188} INFO - [2025-11-18T10:52:36.673+0000] {dagbag.py:538} INFO - Filling up the DagBag from /opt/airflow/dags/failed_lineage_dag.py
[2025-11-18T10:52:36.722+0000] {processor.py:840} INFO - DAG(s) 'failed_lineage_dag' retrieved from /opt/airflow/dags/failed_lineage_dag.py
[2025-11-18T10:52:36.822+0000] {logging_mixin.py:188} INFO - [2025-11-18T10:52:36.821+0000] {dag.py:3036} INFO - Sync 1 DAGs
[2025-11-18T10:52:36.866+0000] {logging_mixin.py:188} INFO - [2025-11-18T10:52:36.865+0000] {dag.py:3823} INFO - Setting next_dagrun for failed_lineage_dag to None, run_after=None
[2025-11-18T10:52:36.946+0000] {processor.py:183} INFO - Processing /opt/airflow/dags/failed_lineage_dag.py took 0.283 seconds
[2025-11-18T10:53:08.258+0000] {processor.py:161} INFO - Started process (PID=22340) to work on /opt/airflow/dags/failed_lineage_dag.py
[2025-11-18T10:53:08.276+0000] {processor.py:830} INFO - Processing file /opt/airflow/dags/failed_lineage_dag.py for tasks to queue
[2025-11-18T10:53:08.280+0000] {logging_mixin.py:188} INFO - [2025-11-18T10:53:08.280+0000] {dagbag.py:538} INFO - Filling up the DagBag from /opt/airflow/dags/failed_lineage_dag.py
[2025-11-18T10:53:08.356+0000] {processor.py:840} INFO - DAG(s) 'failed_lineage_dag' retrieved from /opt/airflow/dags/failed_lineage_dag.py
[2025-11-18T10:53:08.458+0000] {logging_mixin.py:188} INFO - [2025-11-18T10:53:08.457+0000] {dag.py:3036} INFO - Sync 1 DAGs
[2025-11-18T10:53:08.507+0000] {logging_mixin.py:188} INFO - [2025-11-18T10:53:08.499+0000] {dag.py:3823} INFO - Setting next_dagrun for failed_lineage_dag to None, run_after=None
[2025-11-18T10:53:08.578+0000] {processor.py:183} INFO - Processing /opt/airflow/dags/failed_lineage_dag.py took 0.328 seconds
[2025-11-18T10:53:40.578+0000] {processor.py:161} INFO - Started process (PID=22365) to work on /opt/airflow/dags/failed_lineage_dag.py
[2025-11-18T10:53:40.581+0000] {processor.py:830} INFO - Processing file /opt/airflow/dags/failed_lineage_dag.py for tasks to queue
[2025-11-18T10:53:40.586+0000] {logging_mixin.py:188} INFO - [2025-11-18T10:53:40.585+0000] {dagbag.py:538} INFO - Filling up the DagBag from /opt/airflow/dags/failed_lineage_dag.py
[2025-11-18T10:53:40.859+0000] {processor.py:840} INFO - DAG(s) 'failed_lineage_dag' retrieved from /opt/airflow/dags/failed_lineage_dag.py
[2025-11-18T10:53:41.043+0000] {logging_mixin.py:188} INFO - [2025-11-18T10:53:41.042+0000] {dag.py:3036} INFO - Sync 1 DAGs
[2025-11-18T10:53:41.112+0000] {logging_mixin.py:188} INFO - [2025-11-18T10:53:41.112+0000] {dag.py:3823} INFO - Setting next_dagrun for failed_lineage_dag to None, run_after=None
[2025-11-18T10:53:41.288+0000] {processor.py:183} INFO - Processing /opt/airflow/dags/failed_lineage_dag.py took 0.716 seconds
[2025-11-18T10:54:14.101+0000] {processor.py:161} INFO - Started process (PID=22390) to work on /opt/airflow/dags/failed_lineage_dag.py
[2025-11-18T10:54:14.104+0000] {processor.py:830} INFO - Processing file /opt/airflow/dags/failed_lineage_dag.py for tasks to queue
[2025-11-18T10:54:14.106+0000] {logging_mixin.py:188} INFO - [2025-11-18T10:54:14.105+0000] {dagbag.py:538} INFO - Filling up the DagBag from /opt/airflow/dags/failed_lineage_dag.py
[2025-11-18T10:54:14.141+0000] {processor.py:840} INFO - DAG(s) 'failed_lineage_dag' retrieved from /opt/airflow/dags/failed_lineage_dag.py
[2025-11-18T10:54:14.258+0000] {logging_mixin.py:188} INFO - [2025-11-18T10:54:14.249+0000] {dag.py:3036} INFO - Sync 1 DAGs
[2025-11-18T10:54:14.297+0000] {logging_mixin.py:188} INFO - [2025-11-18T10:54:14.297+0000] {dag.py:3823} INFO - Setting next_dagrun for failed_lineage_dag to None, run_after=None
[2025-11-18T10:54:14.375+0000] {processor.py:183} INFO - Processing /opt/airflow/dags/failed_lineage_dag.py took 0.288 seconds
[2025-11-18T10:54:47.422+0000] {processor.py:161} INFO - Started process (PID=22415) to work on /opt/airflow/dags/failed_lineage_dag.py
[2025-11-18T10:54:47.426+0000] {processor.py:830} INFO - Processing file /opt/airflow/dags/failed_lineage_dag.py for tasks to queue
[2025-11-18T10:54:47.443+0000] {logging_mixin.py:188} INFO - [2025-11-18T10:54:47.437+0000] {dagbag.py:538} INFO - Filling up the DagBag from /opt/airflow/dags/failed_lineage_dag.py
[2025-11-18T10:54:47.566+0000] {processor.py:840} INFO - DAG(s) 'failed_lineage_dag' retrieved from /opt/airflow/dags/failed_lineage_dag.py
[2025-11-18T10:54:47.676+0000] {logging_mixin.py:188} INFO - [2025-11-18T10:54:47.666+0000] {dag.py:3036} INFO - Sync 1 DAGs
[2025-11-18T10:54:47.740+0000] {logging_mixin.py:188} INFO - [2025-11-18T10:54:47.739+0000] {dag.py:3823} INFO - Setting next_dagrun for failed_lineage_dag to None, run_after=None
[2025-11-18T10:54:47.810+0000] {processor.py:183} INFO - Processing /opt/airflow/dags/failed_lineage_dag.py took 0.399 seconds
[2025-11-18T10:55:18.489+0000] {processor.py:161} INFO - Started process (PID=22440) to work on /opt/airflow/dags/failed_lineage_dag.py
[2025-11-18T10:55:18.491+0000] {processor.py:830} INFO - Processing file /opt/airflow/dags/failed_lineage_dag.py for tasks to queue
[2025-11-18T10:55:18.493+0000] {logging_mixin.py:188} INFO - [2025-11-18T10:55:18.492+0000] {dagbag.py:538} INFO - Filling up the DagBag from /opt/airflow/dags/failed_lineage_dag.py
[2025-11-18T10:55:18.530+0000] {processor.py:840} INFO - DAG(s) 'failed_lineage_dag' retrieved from /opt/airflow/dags/failed_lineage_dag.py
[2025-11-18T10:55:18.614+0000] {logging_mixin.py:188} INFO - [2025-11-18T10:55:18.613+0000] {dag.py:3036} INFO - Sync 1 DAGs
[2025-11-18T10:55:18.660+0000] {logging_mixin.py:188} INFO - [2025-11-18T10:55:18.660+0000] {dag.py:3823} INFO - Setting next_dagrun for failed_lineage_dag to None, run_after=None
[2025-11-18T10:55:18.724+0000] {processor.py:183} INFO - Processing /opt/airflow/dags/failed_lineage_dag.py took 0.245 seconds
[2025-11-18T10:55:49.453+0000] {processor.py:161} INFO - Started process (PID=22465) to work on /opt/airflow/dags/failed_lineage_dag.py
[2025-11-18T10:55:49.457+0000] {processor.py:830} INFO - Processing file /opt/airflow/dags/failed_lineage_dag.py for tasks to queue
[2025-11-18T10:55:49.467+0000] {logging_mixin.py:188} INFO - [2025-11-18T10:55:49.466+0000] {dagbag.py:538} INFO - Filling up the DagBag from /opt/airflow/dags/failed_lineage_dag.py
[2025-11-18T10:55:49.587+0000] {processor.py:840} INFO - DAG(s) 'failed_lineage_dag' retrieved from /opt/airflow/dags/failed_lineage_dag.py
[2025-11-18T10:55:49.745+0000] {logging_mixin.py:188} INFO - [2025-11-18T10:55:49.744+0000] {dag.py:3036} INFO - Sync 1 DAGs
[2025-11-18T10:55:49.808+0000] {logging_mixin.py:188} INFO - [2025-11-18T10:55:49.800+0000] {dag.py:3823} INFO - Setting next_dagrun for failed_lineage_dag to None, run_after=None
[2025-11-18T10:55:49.884+0000] {processor.py:183} INFO - Processing /opt/airflow/dags/failed_lineage_dag.py took 0.440 seconds
[2025-11-18T10:56:22.712+0000] {processor.py:161} INFO - Started process (PID=22490) to work on /opt/airflow/dags/failed_lineage_dag.py
[2025-11-18T10:56:22.719+0000] {processor.py:830} INFO - Processing file /opt/airflow/dags/failed_lineage_dag.py for tasks to queue
[2025-11-18T10:56:22.727+0000] {logging_mixin.py:188} INFO - [2025-11-18T10:56:22.726+0000] {dagbag.py:538} INFO - Filling up the DagBag from /opt/airflow/dags/failed_lineage_dag.py
[2025-11-18T10:56:22.791+0000] {processor.py:840} INFO - DAG(s) 'failed_lineage_dag' retrieved from /opt/airflow/dags/failed_lineage_dag.py
[2025-11-18T10:56:22.904+0000] {logging_mixin.py:188} INFO - [2025-11-18T10:56:22.903+0000] {dag.py:3036} INFO - Sync 1 DAGs
[2025-11-18T10:56:22.955+0000] {logging_mixin.py:188} INFO - [2025-11-18T10:56:22.955+0000] {dag.py:3823} INFO - Setting next_dagrun for failed_lineage_dag to None, run_after=None
[2025-11-18T10:56:23.423+0000] {processor.py:183} INFO - Processing /opt/airflow/dags/failed_lineage_dag.py took 0.719 seconds
[2025-11-18T10:56:55.266+0000] {processor.py:161} INFO - Started process (PID=22515) to work on /opt/airflow/dags/failed_lineage_dag.py
[2025-11-18T10:56:55.268+0000] {processor.py:830} INFO - Processing file /opt/airflow/dags/failed_lineage_dag.py for tasks to queue
[2025-11-18T10:56:55.272+0000] {logging_mixin.py:188} INFO - [2025-11-18T10:56:55.269+0000] {dagbag.py:538} INFO - Filling up the DagBag from /opt/airflow/dags/failed_lineage_dag.py
[2025-11-18T10:56:55.302+0000] {processor.py:840} INFO - DAG(s) 'failed_lineage_dag' retrieved from /opt/airflow/dags/failed_lineage_dag.py
[2025-11-18T10:56:55.370+0000] {logging_mixin.py:188} INFO - [2025-11-18T10:56:55.363+0000] {dag.py:3036} INFO - Sync 1 DAGs
[2025-11-18T10:56:55.412+0000] {logging_mixin.py:188} INFO - [2025-11-18T10:56:55.405+0000] {dag.py:3823} INFO - Setting next_dagrun for failed_lineage_dag to None, run_after=None
[2025-11-18T10:56:55.471+0000] {processor.py:183} INFO - Processing /opt/airflow/dags/failed_lineage_dag.py took 0.211 seconds
[2025-11-18T10:57:26.206+0000] {processor.py:161} INFO - Started process (PID=22540) to work on /opt/airflow/dags/failed_lineage_dag.py
[2025-11-18T10:57:26.210+0000] {processor.py:830} INFO - Processing file /opt/airflow/dags/failed_lineage_dag.py for tasks to queue
[2025-11-18T10:57:26.214+0000] {logging_mixin.py:188} INFO - [2025-11-18T10:57:26.213+0000] {dagbag.py:538} INFO - Filling up the DagBag from /opt/airflow/dags/failed_lineage_dag.py
[2025-11-18T10:57:26.276+0000] {processor.py:840} INFO - DAG(s) 'failed_lineage_dag' retrieved from /opt/airflow/dags/failed_lineage_dag.py
[2025-11-18T10:57:26.398+0000] {logging_mixin.py:188} INFO - [2025-11-18T10:57:26.386+0000] {dag.py:3036} INFO - Sync 1 DAGs
[2025-11-18T10:57:26.453+0000] {logging_mixin.py:188} INFO - [2025-11-18T10:57:26.453+0000] {dag.py:3823} INFO - Setting next_dagrun for failed_lineage_dag to None, run_after=None
[2025-11-18T10:57:26.537+0000] {processor.py:183} INFO - Processing /opt/airflow/dags/failed_lineage_dag.py took 0.336 seconds
[2025-11-18T10:57:56.747+0000] {processor.py:161} INFO - Started process (PID=22565) to work on /opt/airflow/dags/failed_lineage_dag.py
[2025-11-18T10:57:56.753+0000] {processor.py:830} INFO - Processing file /opt/airflow/dags/failed_lineage_dag.py for tasks to queue
[2025-11-18T10:57:56.759+0000] {logging_mixin.py:188} INFO - [2025-11-18T10:57:56.758+0000] {dagbag.py:538} INFO - Filling up the DagBag from /opt/airflow/dags/failed_lineage_dag.py
[2025-11-18T10:57:56.804+0000] {processor.py:840} INFO - DAG(s) 'failed_lineage_dag' retrieved from /opt/airflow/dags/failed_lineage_dag.py
[2025-11-18T10:57:56.896+0000] {logging_mixin.py:188} INFO - [2025-11-18T10:57:56.896+0000] {dag.py:3036} INFO - Sync 1 DAGs
[2025-11-18T10:57:56.953+0000] {logging_mixin.py:188} INFO - [2025-11-18T10:57:56.953+0000] {dag.py:3823} INFO - Setting next_dagrun for failed_lineage_dag to None, run_after=None
[2025-11-18T10:57:57.030+0000] {processor.py:183} INFO - Processing /opt/airflow/dags/failed_lineage_dag.py took 0.298 seconds
[2025-11-18T10:58:28.123+0000] {processor.py:161} INFO - Started process (PID=22590) to work on /opt/airflow/dags/failed_lineage_dag.py
[2025-11-18T10:58:28.127+0000] {processor.py:830} INFO - Processing file /opt/airflow/dags/failed_lineage_dag.py for tasks to queue
[2025-11-18T10:58:28.129+0000] {logging_mixin.py:188} INFO - [2025-11-18T10:58:28.128+0000] {dagbag.py:538} INFO - Filling up the DagBag from /opt/airflow/dags/failed_lineage_dag.py
[2025-11-18T10:58:28.182+0000] {processor.py:840} INFO - DAG(s) 'failed_lineage_dag' retrieved from /opt/airflow/dags/failed_lineage_dag.py
[2025-11-18T10:58:28.291+0000] {logging_mixin.py:188} INFO - [2025-11-18T10:58:28.290+0000] {dag.py:3036} INFO - Sync 1 DAGs
[2025-11-18T10:58:28.331+0000] {logging_mixin.py:188} INFO - [2025-11-18T10:58:28.330+0000] {dag.py:3823} INFO - Setting next_dagrun for failed_lineage_dag to None, run_after=None
[2025-11-18T10:58:28.392+0000] {processor.py:183} INFO - Processing /opt/airflow/dags/failed_lineage_dag.py took 0.278 seconds
[2025-11-18T10:58:59.116+0000] {processor.py:161} INFO - Started process (PID=22615) to work on /opt/airflow/dags/failed_lineage_dag.py
[2025-11-18T10:58:59.118+0000] {processor.py:830} INFO - Processing file /opt/airflow/dags/failed_lineage_dag.py for tasks to queue
[2025-11-18T10:58:59.120+0000] {logging_mixin.py:188} INFO - [2025-11-18T10:58:59.119+0000] {dagbag.py:538} INFO - Filling up the DagBag from /opt/airflow/dags/failed_lineage_dag.py
[2025-11-18T10:58:59.176+0000] {processor.py:840} INFO - DAG(s) 'failed_lineage_dag' retrieved from /opt/airflow/dags/failed_lineage_dag.py
[2025-11-18T10:58:59.236+0000] {logging_mixin.py:188} INFO - [2025-11-18T10:58:59.236+0000] {dag.py:3036} INFO - Sync 1 DAGs
[2025-11-18T10:58:59.278+0000] {logging_mixin.py:188} INFO - [2025-11-18T10:58:59.278+0000] {dag.py:3823} INFO - Setting next_dagrun for failed_lineage_dag to None, run_after=None
[2025-11-18T10:58:59.314+0000] {processor.py:183} INFO - Processing /opt/airflow/dags/failed_lineage_dag.py took 0.203 seconds
[2025-11-18T10:59:29.529+0000] {processor.py:161} INFO - Started process (PID=22640) to work on /opt/airflow/dags/failed_lineage_dag.py
[2025-11-18T10:59:29.532+0000] {processor.py:830} INFO - Processing file /opt/airflow/dags/failed_lineage_dag.py for tasks to queue
[2025-11-18T10:59:29.536+0000] {logging_mixin.py:188} INFO - [2025-11-18T10:59:29.535+0000] {dagbag.py:538} INFO - Filling up the DagBag from /opt/airflow/dags/failed_lineage_dag.py
[2025-11-18T10:59:29.602+0000] {processor.py:840} INFO - DAG(s) 'failed_lineage_dag' retrieved from /opt/airflow/dags/failed_lineage_dag.py
[2025-11-18T10:59:29.733+0000] {logging_mixin.py:188} INFO - [2025-11-18T10:59:29.733+0000] {dag.py:3036} INFO - Sync 1 DAGs
[2025-11-18T10:59:29.791+0000] {logging_mixin.py:188} INFO - [2025-11-18T10:59:29.790+0000] {dag.py:3823} INFO - Setting next_dagrun for failed_lineage_dag to None, run_after=None
[2025-11-18T10:59:29.941+0000] {processor.py:183} INFO - Processing /opt/airflow/dags/failed_lineage_dag.py took 0.419 seconds
[2025-11-18T11:00:03.072+0000] {processor.py:161} INFO - Started process (PID=22665) to work on /opt/airflow/dags/failed_lineage_dag.py
[2025-11-18T11:00:03.073+0000] {processor.py:830} INFO - Processing file /opt/airflow/dags/failed_lineage_dag.py for tasks to queue
[2025-11-18T11:00:03.076+0000] {logging_mixin.py:188} INFO - [2025-11-18T11:00:03.075+0000] {dagbag.py:538} INFO - Filling up the DagBag from /opt/airflow/dags/failed_lineage_dag.py
[2025-11-18T11:00:03.096+0000] {processor.py:840} INFO - DAG(s) 'failed_lineage_dag' retrieved from /opt/airflow/dags/failed_lineage_dag.py
[2025-11-18T11:00:03.137+0000] {logging_mixin.py:188} INFO - [2025-11-18T11:00:03.137+0000] {dag.py:3036} INFO - Sync 1 DAGs
[2025-11-18T11:00:03.153+0000] {logging_mixin.py:188} INFO - [2025-11-18T11:00:03.153+0000] {dag.py:3823} INFO - Setting next_dagrun for failed_lineage_dag to None, run_after=None
[2025-11-18T11:00:03.334+0000] {processor.py:183} INFO - Processing /opt/airflow/dags/failed_lineage_dag.py took 0.269 seconds
[2025-11-18T11:00:34.527+0000] {processor.py:161} INFO - Started process (PID=22690) to work on /opt/airflow/dags/failed_lineage_dag.py
[2025-11-18T11:00:34.550+0000] {processor.py:830} INFO - Processing file /opt/airflow/dags/failed_lineage_dag.py for tasks to queue
[2025-11-18T11:00:34.553+0000] {logging_mixin.py:188} INFO - [2025-11-18T11:00:34.552+0000] {dagbag.py:538} INFO - Filling up the DagBag from /opt/airflow/dags/failed_lineage_dag.py
[2025-11-18T11:00:34.930+0000] {processor.py:840} INFO - DAG(s) 'failed_lineage_dag' retrieved from /opt/airflow/dags/failed_lineage_dag.py
[2025-11-18T11:00:35.215+0000] {logging_mixin.py:188} INFO - [2025-11-18T11:00:35.215+0000] {dag.py:3036} INFO - Sync 1 DAGs
[2025-11-18T11:00:35.401+0000] {logging_mixin.py:188} INFO - [2025-11-18T11:00:35.400+0000] {dag.py:3823} INFO - Setting next_dagrun for failed_lineage_dag to None, run_after=None
[2025-11-18T11:00:35.613+0000] {processor.py:183} INFO - Processing /opt/airflow/dags/failed_lineage_dag.py took 1.093 seconds
[2025-11-18T11:01:06.557+0000] {processor.py:161} INFO - Started process (PID=22713) to work on /opt/airflow/dags/failed_lineage_dag.py
[2025-11-18T11:01:06.576+0000] {processor.py:830} INFO - Processing file /opt/airflow/dags/failed_lineage_dag.py for tasks to queue
[2025-11-18T11:01:06.582+0000] {logging_mixin.py:188} INFO - [2025-11-18T11:01:06.581+0000] {dagbag.py:538} INFO - Filling up the DagBag from /opt/airflow/dags/failed_lineage_dag.py
[2025-11-18T11:01:06.627+0000] {processor.py:840} INFO - DAG(s) 'failed_lineage_dag' retrieved from /opt/airflow/dags/failed_lineage_dag.py
[2025-11-18T11:01:06.745+0000] {logging_mixin.py:188} INFO - [2025-11-18T11:01:06.744+0000] {dag.py:3036} INFO - Sync 1 DAGs
[2025-11-18T11:01:06.805+0000] {logging_mixin.py:188} INFO - [2025-11-18T11:01:06.804+0000] {dag.py:3823} INFO - Setting next_dagrun for failed_lineage_dag to None, run_after=None
[2025-11-18T11:01:06.886+0000] {processor.py:183} INFO - Processing /opt/airflow/dags/failed_lineage_dag.py took 0.337 seconds
[2025-11-18T11:01:37.337+0000] {processor.py:161} INFO - Started process (PID=22740) to work on /opt/airflow/dags/failed_lineage_dag.py
[2025-11-18T11:01:37.339+0000] {processor.py:830} INFO - Processing file /opt/airflow/dags/failed_lineage_dag.py for tasks to queue
[2025-11-18T11:01:37.341+0000] {logging_mixin.py:188} INFO - [2025-11-18T11:01:37.340+0000] {dagbag.py:538} INFO - Filling up the DagBag from /opt/airflow/dags/failed_lineage_dag.py
[2025-11-18T11:01:37.366+0000] {processor.py:840} INFO - DAG(s) 'failed_lineage_dag' retrieved from /opt/airflow/dags/failed_lineage_dag.py
[2025-11-18T11:01:37.407+0000] {logging_mixin.py:188} INFO - [2025-11-18T11:01:37.407+0000] {dag.py:3036} INFO - Sync 1 DAGs
[2025-11-18T11:01:37.423+0000] {logging_mixin.py:188} INFO - [2025-11-18T11:01:37.423+0000] {dag.py:3823} INFO - Setting next_dagrun for failed_lineage_dag to None, run_after=None
[2025-11-18T11:01:37.452+0000] {processor.py:183} INFO - Processing /opt/airflow/dags/failed_lineage_dag.py took 0.119 seconds
[2025-11-18T11:02:11.287+0000] {processor.py:161} INFO - Started process (PID=22765) to work on /opt/airflow/dags/failed_lineage_dag.py
[2025-11-18T11:02:11.289+0000] {processor.py:830} INFO - Processing file /opt/airflow/dags/failed_lineage_dag.py for tasks to queue
[2025-11-18T11:02:11.290+0000] {logging_mixin.py:188} INFO - [2025-11-18T11:02:11.290+0000] {dagbag.py:538} INFO - Filling up the DagBag from /opt/airflow/dags/failed_lineage_dag.py
[2025-11-18T11:02:11.310+0000] {processor.py:840} INFO - DAG(s) 'failed_lineage_dag' retrieved from /opt/airflow/dags/failed_lineage_dag.py
[2025-11-18T11:02:11.366+0000] {logging_mixin.py:188} INFO - [2025-11-18T11:02:11.365+0000] {dag.py:3036} INFO - Sync 1 DAGs
[2025-11-18T11:02:11.381+0000] {logging_mixin.py:188} INFO - [2025-11-18T11:02:11.381+0000] {dag.py:3823} INFO - Setting next_dagrun for failed_lineage_dag to None, run_after=None
[2025-11-18T11:02:11.557+0000] {processor.py:183} INFO - Processing /opt/airflow/dags/failed_lineage_dag.py took 0.275 seconds
[2025-11-18T11:02:41.693+0000] {processor.py:161} INFO - Started process (PID=22790) to work on /opt/airflow/dags/failed_lineage_dag.py
[2025-11-18T11:02:41.695+0000] {processor.py:830} INFO - Processing file /opt/airflow/dags/failed_lineage_dag.py for tasks to queue
[2025-11-18T11:02:41.697+0000] {logging_mixin.py:188} INFO - [2025-11-18T11:02:41.697+0000] {dagbag.py:538} INFO - Filling up the DagBag from /opt/airflow/dags/failed_lineage_dag.py
[2025-11-18T11:02:41.719+0000] {processor.py:840} INFO - DAG(s) 'failed_lineage_dag' retrieved from /opt/airflow/dags/failed_lineage_dag.py
[2025-11-18T11:02:41.776+0000] {logging_mixin.py:188} INFO - [2025-11-18T11:02:41.775+0000] {dag.py:3036} INFO - Sync 1 DAGs
[2025-11-18T11:02:41.804+0000] {logging_mixin.py:188} INFO - [2025-11-18T11:02:41.803+0000] {dag.py:3823} INFO - Setting next_dagrun for failed_lineage_dag to None, run_after=None
[2025-11-18T11:02:41.847+0000] {processor.py:183} INFO - Processing /opt/airflow/dags/failed_lineage_dag.py took 0.159 seconds
[2025-11-18T11:03:14.444+0000] {processor.py:161} INFO - Started process (PID=22815) to work on /opt/airflow/dags/failed_lineage_dag.py
[2025-11-18T11:03:14.449+0000] {processor.py:830} INFO - Processing file /opt/airflow/dags/failed_lineage_dag.py for tasks to queue
[2025-11-18T11:03:14.454+0000] {logging_mixin.py:188} INFO - [2025-11-18T11:03:14.453+0000] {dagbag.py:538} INFO - Filling up the DagBag from /opt/airflow/dags/failed_lineage_dag.py
[2025-11-18T11:03:14.814+0000] {processor.py:840} INFO - DAG(s) 'failed_lineage_dag' retrieved from /opt/airflow/dags/failed_lineage_dag.py
[2025-11-18T11:03:14.927+0000] {logging_mixin.py:188} INFO - [2025-11-18T11:03:14.927+0000] {dag.py:3036} INFO - Sync 1 DAGs
[2025-11-18T11:03:14.999+0000] {logging_mixin.py:188} INFO - [2025-11-18T11:03:14.999+0000] {dag.py:3823} INFO - Setting next_dagrun for failed_lineage_dag to None, run_after=None
[2025-11-18T11:03:15.287+0000] {processor.py:183} INFO - Processing /opt/airflow/dags/failed_lineage_dag.py took 0.849 seconds
[2025-11-18T11:03:46.672+0000] {processor.py:161} INFO - Started process (PID=22840) to work on /opt/airflow/dags/failed_lineage_dag.py
[2025-11-18T11:03:46.674+0000] {processor.py:830} INFO - Processing file /opt/airflow/dags/failed_lineage_dag.py for tasks to queue
[2025-11-18T11:03:46.677+0000] {logging_mixin.py:188} INFO - [2025-11-18T11:03:46.676+0000] {dagbag.py:538} INFO - Filling up the DagBag from /opt/airflow/dags/failed_lineage_dag.py
[2025-11-18T11:03:46.733+0000] {processor.py:840} INFO - DAG(s) 'failed_lineage_dag' retrieved from /opt/airflow/dags/failed_lineage_dag.py
[2025-11-18T11:03:46.846+0000] {logging_mixin.py:188} INFO - [2025-11-18T11:03:46.845+0000] {dag.py:3036} INFO - Sync 1 DAGs
[2025-11-18T11:03:47.005+0000] {logging_mixin.py:188} INFO - [2025-11-18T11:03:47.005+0000] {dag.py:3823} INFO - Setting next_dagrun for failed_lineage_dag to None, run_after=None
[2025-11-18T11:03:47.996+0000] {processor.py:183} INFO - Processing /opt/airflow/dags/failed_lineage_dag.py took 1.330 seconds
[2025-11-18T11:04:18.550+0000] {processor.py:161} INFO - Started process (PID=22866) to work on /opt/airflow/dags/failed_lineage_dag.py
[2025-11-18T11:04:18.570+0000] {processor.py:830} INFO - Processing file /opt/airflow/dags/failed_lineage_dag.py for tasks to queue
[2025-11-18T11:04:18.574+0000] {logging_mixin.py:188} INFO - [2025-11-18T11:04:18.573+0000] {dagbag.py:538} INFO - Filling up the DagBag from /opt/airflow/dags/failed_lineage_dag.py
[2025-11-18T11:04:18.617+0000] {processor.py:840} INFO - DAG(s) 'failed_lineage_dag' retrieved from /opt/airflow/dags/failed_lineage_dag.py
[2025-11-18T11:04:19.388+0000] {logging_mixin.py:188} INFO - [2025-11-18T11:04:19.387+0000] {dag.py:3036} INFO - Sync 1 DAGs
[2025-11-18T11:04:19.437+0000] {logging_mixin.py:188} INFO - [2025-11-18T11:04:19.437+0000] {dag.py:3823} INFO - Setting next_dagrun for failed_lineage_dag to None, run_after=None
[2025-11-18T11:04:19.556+0000] {processor.py:183} INFO - Processing /opt/airflow/dags/failed_lineage_dag.py took 1.013 seconds
[2025-11-18T11:04:50.182+0000] {processor.py:161} INFO - Started process (PID=22891) to work on /opt/airflow/dags/failed_lineage_dag.py
[2025-11-18T11:04:50.199+0000] {processor.py:830} INFO - Processing file /opt/airflow/dags/failed_lineage_dag.py for tasks to queue
[2025-11-18T11:04:50.203+0000] {logging_mixin.py:188} INFO - [2025-11-18T11:04:50.202+0000] {dagbag.py:538} INFO - Filling up the DagBag from /opt/airflow/dags/failed_lineage_dag.py
[2025-11-18T11:04:50.291+0000] {processor.py:840} INFO - DAG(s) 'failed_lineage_dag' retrieved from /opt/airflow/dags/failed_lineage_dag.py
[2025-11-18T11:04:50.426+0000] {logging_mixin.py:188} INFO - [2025-11-18T11:04:50.426+0000] {dag.py:3036} INFO - Sync 1 DAGs
[2025-11-18T11:04:50.481+0000] {logging_mixin.py:188} INFO - [2025-11-18T11:04:50.481+0000] {dag.py:3823} INFO - Setting next_dagrun for failed_lineage_dag to None, run_after=None
[2025-11-18T11:04:50.585+0000] {processor.py:183} INFO - Processing /opt/airflow/dags/failed_lineage_dag.py took 0.409 seconds
[2025-11-18T11:05:21.137+0000] {processor.py:161} INFO - Started process (PID=22916) to work on /opt/airflow/dags/failed_lineage_dag.py
[2025-11-18T11:05:21.140+0000] {processor.py:830} INFO - Processing file /opt/airflow/dags/failed_lineage_dag.py for tasks to queue
[2025-11-18T11:05:21.144+0000] {logging_mixin.py:188} INFO - [2025-11-18T11:05:21.144+0000] {dagbag.py:538} INFO - Filling up the DagBag from /opt/airflow/dags/failed_lineage_dag.py
[2025-11-18T11:05:21.184+0000] {processor.py:840} INFO - DAG(s) 'failed_lineage_dag' retrieved from /opt/airflow/dags/failed_lineage_dag.py
[2025-11-18T11:05:21.274+0000] {logging_mixin.py:188} INFO - [2025-11-18T11:05:21.273+0000] {dag.py:3036} INFO - Sync 1 DAGs
[2025-11-18T11:05:21.323+0000] {logging_mixin.py:188} INFO - [2025-11-18T11:05:21.319+0000] {dag.py:3823} INFO - Setting next_dagrun for failed_lineage_dag to None, run_after=None
[2025-11-18T11:05:21.398+0000] {processor.py:183} INFO - Processing /opt/airflow/dags/failed_lineage_dag.py took 0.271 seconds
[2025-11-18T11:05:56.277+0000] {processor.py:161} INFO - Started process (PID=22941) to work on /opt/airflow/dags/failed_lineage_dag.py
[2025-11-18T11:05:56.295+0000] {processor.py:830} INFO - Processing file /opt/airflow/dags/failed_lineage_dag.py for tasks to queue
[2025-11-18T11:05:56.298+0000] {logging_mixin.py:188} INFO - [2025-11-18T11:05:56.297+0000] {dagbag.py:538} INFO - Filling up the DagBag from /opt/airflow/dags/failed_lineage_dag.py
[2025-11-18T11:05:56.337+0000] {processor.py:840} INFO - DAG(s) 'failed_lineage_dag' retrieved from /opt/airflow/dags/failed_lineage_dag.py
[2025-11-18T11:05:56.441+0000] {logging_mixin.py:188} INFO - [2025-11-18T11:05:56.441+0000] {dag.py:3036} INFO - Sync 1 DAGs
[2025-11-18T11:05:57.039+0000] {logging_mixin.py:188} INFO - [2025-11-18T11:05:57.039+0000] {dag.py:3823} INFO - Setting next_dagrun for failed_lineage_dag to None, run_after=None
[2025-11-18T11:05:57.081+0000] {processor.py:183} INFO - Processing /opt/airflow/dags/failed_lineage_dag.py took 0.856 seconds
[2025-11-18T11:06:27.612+0000] {processor.py:161} INFO - Started process (PID=22966) to work on /opt/airflow/dags/failed_lineage_dag.py
[2025-11-18T11:06:27.614+0000] {processor.py:830} INFO - Processing file /opt/airflow/dags/failed_lineage_dag.py for tasks to queue
[2025-11-18T11:06:27.616+0000] {logging_mixin.py:188} INFO - [2025-11-18T11:06:27.616+0000] {dagbag.py:538} INFO - Filling up the DagBag from /opt/airflow/dags/failed_lineage_dag.py
[2025-11-18T11:06:27.642+0000] {processor.py:840} INFO - DAG(s) 'failed_lineage_dag' retrieved from /opt/airflow/dags/failed_lineage_dag.py
[2025-11-18T11:06:27.697+0000] {logging_mixin.py:188} INFO - [2025-11-18T11:06:27.697+0000] {dag.py:3036} INFO - Sync 1 DAGs
[2025-11-18T11:06:27.717+0000] {logging_mixin.py:188} INFO - [2025-11-18T11:06:27.717+0000] {dag.py:3823} INFO - Setting next_dagrun for failed_lineage_dag to None, run_after=None
[2025-11-18T11:06:27.756+0000] {processor.py:183} INFO - Processing /opt/airflow/dags/failed_lineage_dag.py took 0.151 seconds
[2025-11-18T11:07:01.931+0000] {processor.py:161} INFO - Started process (PID=22991) to work on /opt/airflow/dags/failed_lineage_dag.py
[2025-11-18T11:07:01.934+0000] {processor.py:830} INFO - Processing file /opt/airflow/dags/failed_lineage_dag.py for tasks to queue
[2025-11-18T11:07:01.946+0000] {logging_mixin.py:188} INFO - [2025-11-18T11:07:01.945+0000] {dagbag.py:538} INFO - Filling up the DagBag from /opt/airflow/dags/failed_lineage_dag.py
[2025-11-18T11:07:02.107+0000] {processor.py:840} INFO - DAG(s) 'failed_lineage_dag' retrieved from /opt/airflow/dags/failed_lineage_dag.py
[2025-11-18T11:07:02.229+0000] {logging_mixin.py:188} INFO - [2025-11-18T11:07:02.228+0000] {dag.py:3036} INFO - Sync 1 DAGs
[2025-11-18T11:07:02.298+0000] {logging_mixin.py:188} INFO - [2025-11-18T11:07:02.298+0000] {dag.py:3823} INFO - Setting next_dagrun for failed_lineage_dag to None, run_after=None
[2025-11-18T11:07:02.410+0000] {processor.py:183} INFO - Processing /opt/airflow/dags/failed_lineage_dag.py took 0.485 seconds
[2025-11-18T11:07:33.240+0000] {processor.py:161} INFO - Started process (PID=23016) to work on /opt/airflow/dags/failed_lineage_dag.py
[2025-11-18T11:07:33.249+0000] {processor.py:830} INFO - Processing file /opt/airflow/dags/failed_lineage_dag.py for tasks to queue
[2025-11-18T11:07:33.253+0000] {logging_mixin.py:188} INFO - [2025-11-18T11:07:33.252+0000] {dagbag.py:538} INFO - Filling up the DagBag from /opt/airflow/dags/failed_lineage_dag.py
[2025-11-18T11:07:33.274+0000] {processor.py:840} INFO - DAG(s) 'failed_lineage_dag' retrieved from /opt/airflow/dags/failed_lineage_dag.py
[2025-11-18T11:07:33.312+0000] {logging_mixin.py:188} INFO - [2025-11-18T11:07:33.312+0000] {dag.py:3036} INFO - Sync 1 DAGs
[2025-11-18T11:07:33.329+0000] {logging_mixin.py:188} INFO - [2025-11-18T11:07:33.329+0000] {dag.py:3823} INFO - Setting next_dagrun for failed_lineage_dag to None, run_after=None
[2025-11-18T11:07:33.423+0000] {processor.py:183} INFO - Processing /opt/airflow/dags/failed_lineage_dag.py took 0.190 seconds
[2025-11-18T11:08:03.865+0000] {processor.py:161} INFO - Started process (PID=23041) to work on /opt/airflow/dags/failed_lineage_dag.py
[2025-11-18T11:08:03.871+0000] {processor.py:830} INFO - Processing file /opt/airflow/dags/failed_lineage_dag.py for tasks to queue
[2025-11-18T11:08:03.874+0000] {logging_mixin.py:188} INFO - [2025-11-18T11:08:03.873+0000] {dagbag.py:538} INFO - Filling up the DagBag from /opt/airflow/dags/failed_lineage_dag.py
[2025-11-18T11:08:03.900+0000] {processor.py:840} INFO - DAG(s) 'failed_lineage_dag' retrieved from /opt/airflow/dags/failed_lineage_dag.py
[2025-11-18T11:08:03.954+0000] {logging_mixin.py:188} INFO - [2025-11-18T11:08:03.954+0000] {dag.py:3036} INFO - Sync 1 DAGs
[2025-11-18T11:08:03.991+0000] {logging_mixin.py:188} INFO - [2025-11-18T11:08:03.991+0000] {dag.py:3823} INFO - Setting next_dagrun for failed_lineage_dag to None, run_after=None
[2025-11-18T11:08:04.055+0000] {processor.py:183} INFO - Processing /opt/airflow/dags/failed_lineage_dag.py took 0.196 seconds
[2025-11-18T11:08:35.659+0000] {processor.py:161} INFO - Started process (PID=23066) to work on /opt/airflow/dags/failed_lineage_dag.py
[2025-11-18T11:08:35.672+0000] {processor.py:830} INFO - Processing file /opt/airflow/dags/failed_lineage_dag.py for tasks to queue
[2025-11-18T11:08:35.676+0000] {logging_mixin.py:188} INFO - [2025-11-18T11:08:35.676+0000] {dagbag.py:538} INFO - Filling up the DagBag from /opt/airflow/dags/failed_lineage_dag.py
[2025-11-18T11:08:35.906+0000] {processor.py:840} INFO - DAG(s) 'failed_lineage_dag' retrieved from /opt/airflow/dags/failed_lineage_dag.py
[2025-11-18T11:08:36.245+0000] {logging_mixin.py:188} INFO - [2025-11-18T11:08:36.245+0000] {dag.py:3036} INFO - Sync 1 DAGs
[2025-11-18T11:08:36.309+0000] {logging_mixin.py:188} INFO - [2025-11-18T11:08:36.309+0000] {dag.py:3823} INFO - Setting next_dagrun for failed_lineage_dag to None, run_after=None
[2025-11-18T11:08:36.450+0000] {processor.py:183} INFO - Processing /opt/airflow/dags/failed_lineage_dag.py took 0.807 seconds
[2025-11-18T11:09:06.799+0000] {processor.py:161} INFO - Started process (PID=23091) to work on /opt/airflow/dags/failed_lineage_dag.py
[2025-11-18T11:09:06.814+0000] {processor.py:830} INFO - Processing file /opt/airflow/dags/failed_lineage_dag.py for tasks to queue
[2025-11-18T11:09:06.816+0000] {logging_mixin.py:188} INFO - [2025-11-18T11:09:06.815+0000] {dagbag.py:538} INFO - Filling up the DagBag from /opt/airflow/dags/failed_lineage_dag.py
[2025-11-18T11:09:06.858+0000] {processor.py:840} INFO - DAG(s) 'failed_lineage_dag' retrieved from /opt/airflow/dags/failed_lineage_dag.py
[2025-11-18T11:09:06.967+0000] {logging_mixin.py:188} INFO - [2025-11-18T11:09:06.957+0000] {dag.py:3036} INFO - Sync 1 DAGs
[2025-11-18T11:09:07.015+0000] {logging_mixin.py:188} INFO - [2025-11-18T11:09:07.014+0000] {dag.py:3823} INFO - Setting next_dagrun for failed_lineage_dag to None, run_after=None
[2025-11-18T11:09:07.207+0000] {processor.py:183} INFO - Processing /opt/airflow/dags/failed_lineage_dag.py took 0.422 seconds
[2025-11-18T11:09:37.698+0000] {processor.py:161} INFO - Started process (PID=23116) to work on /opt/airflow/dags/failed_lineage_dag.py
[2025-11-18T11:09:37.709+0000] {processor.py:830} INFO - Processing file /opt/airflow/dags/failed_lineage_dag.py for tasks to queue
[2025-11-18T11:09:37.715+0000] {logging_mixin.py:188} INFO - [2025-11-18T11:09:37.714+0000] {dagbag.py:538} INFO - Filling up the DagBag from /opt/airflow/dags/failed_lineage_dag.py
[2025-11-18T11:09:37.791+0000] {processor.py:840} INFO - DAG(s) 'failed_lineage_dag' retrieved from /opt/airflow/dags/failed_lineage_dag.py
[2025-11-18T11:09:37.861+0000] {logging_mixin.py:188} INFO - [2025-11-18T11:09:37.860+0000] {dag.py:3036} INFO - Sync 1 DAGs
[2025-11-18T11:09:37.896+0000] {logging_mixin.py:188} INFO - [2025-11-18T11:09:37.896+0000] {dag.py:3823} INFO - Setting next_dagrun for failed_lineage_dag to None, run_after=None
[2025-11-18T11:09:37.937+0000] {processor.py:183} INFO - Processing /opt/airflow/dags/failed_lineage_dag.py took 0.245 seconds
[2025-11-18T11:10:08.214+0000] {processor.py:161} INFO - Started process (PID=23146) to work on /opt/airflow/dags/failed_lineage_dag.py
[2025-11-18T11:10:08.218+0000] {processor.py:830} INFO - Processing file /opt/airflow/dags/failed_lineage_dag.py for tasks to queue
[2025-11-18T11:10:08.221+0000] {logging_mixin.py:188} INFO - [2025-11-18T11:10:08.220+0000] {dagbag.py:538} INFO - Filling up the DagBag from /opt/airflow/dags/failed_lineage_dag.py
[2025-11-18T11:10:08.263+0000] {processor.py:840} INFO - DAG(s) 'failed_lineage_dag' retrieved from /opt/airflow/dags/failed_lineage_dag.py
[2025-11-18T11:10:08.324+0000] {logging_mixin.py:188} INFO - [2025-11-18T11:10:08.323+0000] {dag.py:3036} INFO - Sync 1 DAGs
[2025-11-18T11:10:08.338+0000] {logging_mixin.py:188} INFO - [2025-11-18T11:10:08.338+0000] {dag.py:3823} INFO - Setting next_dagrun for failed_lineage_dag to None, run_after=None
[2025-11-18T11:10:08.369+0000] {processor.py:183} INFO - Processing /opt/airflow/dags/failed_lineage_dag.py took 0.161 seconds
[2025-11-18T11:10:39.300+0000] {processor.py:161} INFO - Started process (PID=23176) to work on /opt/airflow/dags/failed_lineage_dag.py
[2025-11-18T11:10:39.304+0000] {processor.py:830} INFO - Processing file /opt/airflow/dags/failed_lineage_dag.py for tasks to queue
[2025-11-18T11:10:39.308+0000] {logging_mixin.py:188} INFO - [2025-11-18T11:10:39.307+0000] {dagbag.py:538} INFO - Filling up the DagBag from /opt/airflow/dags/failed_lineage_dag.py
[2025-11-18T11:10:39.376+0000] {processor.py:840} INFO - DAG(s) 'failed_lineage_dag' retrieved from /opt/airflow/dags/failed_lineage_dag.py
[2025-11-18T11:10:39.421+0000] {logging_mixin.py:188} INFO - [2025-11-18T11:10:39.421+0000] {dag.py:3036} INFO - Sync 1 DAGs
[2025-11-18T11:10:39.437+0000] {logging_mixin.py:188} INFO - [2025-11-18T11:10:39.436+0000] {dag.py:3823} INFO - Setting next_dagrun for failed_lineage_dag to None, run_after=None
[2025-11-18T11:10:39.469+0000] {processor.py:183} INFO - Processing /opt/airflow/dags/failed_lineage_dag.py took 0.175 seconds
[2025-11-18T11:11:10.725+0000] {processor.py:161} INFO - Started process (PID=23207) to work on /opt/airflow/dags/failed_lineage_dag.py
[2025-11-18T11:11:10.733+0000] {processor.py:830} INFO - Processing file /opt/airflow/dags/failed_lineage_dag.py for tasks to queue
[2025-11-18T11:11:10.742+0000] {logging_mixin.py:188} INFO - [2025-11-18T11:11:10.742+0000] {dagbag.py:538} INFO - Filling up the DagBag from /opt/airflow/dags/failed_lineage_dag.py
[2025-11-18T11:11:10.785+0000] {processor.py:840} INFO - DAG(s) 'failed_lineage_dag' retrieved from /opt/airflow/dags/failed_lineage_dag.py
[2025-11-18T11:11:10.920+0000] {logging_mixin.py:188} INFO - [2025-11-18T11:11:10.919+0000] {dag.py:3036} INFO - Sync 1 DAGs
[2025-11-18T11:11:10.967+0000] {logging_mixin.py:188} INFO - [2025-11-18T11:11:10.967+0000] {dag.py:3823} INFO - Setting next_dagrun for failed_lineage_dag to None, run_after=None
[2025-11-18T11:11:11.047+0000] {processor.py:183} INFO - Processing /opt/airflow/dags/failed_lineage_dag.py took 0.340 seconds
[2025-11-18T11:11:42.940+0000] {processor.py:161} INFO - Started process (PID=23239) to work on /opt/airflow/dags/failed_lineage_dag.py
[2025-11-18T11:11:42.954+0000] {processor.py:830} INFO - Processing file /opt/airflow/dags/failed_lineage_dag.py for tasks to queue
[2025-11-18T11:11:42.957+0000] {logging_mixin.py:188} INFO - [2025-11-18T11:11:42.957+0000] {dagbag.py:538} INFO - Filling up the DagBag from /opt/airflow/dags/failed_lineage_dag.py
[2025-11-18T11:11:43.061+0000] {processor.py:840} INFO - DAG(s) 'failed_lineage_dag' retrieved from /opt/airflow/dags/failed_lineage_dag.py
[2025-11-18T11:11:43.214+0000] {logging_mixin.py:188} INFO - [2025-11-18T11:11:43.214+0000] {dag.py:3036} INFO - Sync 1 DAGs
[2025-11-18T11:11:43.279+0000] {logging_mixin.py:188} INFO - [2025-11-18T11:11:43.278+0000] {dag.py:3823} INFO - Setting next_dagrun for failed_lineage_dag to None, run_after=None
[2025-11-18T11:11:43.366+0000] {processor.py:183} INFO - Processing /opt/airflow/dags/failed_lineage_dag.py took 0.433 seconds
[2025-11-18T11:12:18.757+0000] {processor.py:161} INFO - Started process (PID=23272) to work on /opt/airflow/dags/failed_lineage_dag.py
[2025-11-18T11:12:18.770+0000] {processor.py:830} INFO - Processing file /opt/airflow/dags/failed_lineage_dag.py for tasks to queue
[2025-11-18T11:12:18.776+0000] {logging_mixin.py:188} INFO - [2025-11-18T11:12:18.776+0000] {dagbag.py:538} INFO - Filling up the DagBag from /opt/airflow/dags/failed_lineage_dag.py
[2025-11-18T11:12:18.930+0000] {processor.py:840} INFO - DAG(s) 'failed_lineage_dag' retrieved from /opt/airflow/dags/failed_lineage_dag.py
[2025-11-18T11:12:19.044+0000] {logging_mixin.py:188} INFO - [2025-11-18T11:12:19.043+0000] {dag.py:3036} INFO - Sync 1 DAGs
[2025-11-18T11:12:19.110+0000] {logging_mixin.py:188} INFO - [2025-11-18T11:12:19.109+0000] {dag.py:3823} INFO - Setting next_dagrun for failed_lineage_dag to None, run_after=None
[2025-11-18T11:12:19.198+0000] {processor.py:183} INFO - Processing /opt/airflow/dags/failed_lineage_dag.py took 0.447 seconds
[2025-11-18T11:12:50.097+0000] {processor.py:161} INFO - Started process (PID=23304) to work on /opt/airflow/dags/failed_lineage_dag.py
[2025-11-18T11:12:50.099+0000] {processor.py:830} INFO - Processing file /opt/airflow/dags/failed_lineage_dag.py for tasks to queue
[2025-11-18T11:12:50.100+0000] {logging_mixin.py:188} INFO - [2025-11-18T11:12:50.100+0000] {dagbag.py:538} INFO - Filling up the DagBag from /opt/airflow/dags/failed_lineage_dag.py
[2025-11-18T11:12:50.123+0000] {processor.py:840} INFO - DAG(s) 'failed_lineage_dag' retrieved from /opt/airflow/dags/failed_lineage_dag.py
[2025-11-18T11:12:50.230+0000] {logging_mixin.py:188} INFO - [2025-11-18T11:12:50.229+0000] {dag.py:3036} INFO - Sync 1 DAGs
[2025-11-18T11:12:50.269+0000] {logging_mixin.py:188} INFO - [2025-11-18T11:12:50.269+0000] {dag.py:3823} INFO - Setting next_dagrun for failed_lineage_dag to None, run_after=None
[2025-11-18T11:12:50.333+0000] {processor.py:183} INFO - Processing /opt/airflow/dags/failed_lineage_dag.py took 0.241 seconds
[2025-11-18T11:13:20.512+0000] {processor.py:161} INFO - Started process (PID=23332) to work on /opt/airflow/dags/failed_lineage_dag.py
[2025-11-18T11:13:20.520+0000] {processor.py:830} INFO - Processing file /opt/airflow/dags/failed_lineage_dag.py for tasks to queue
[2025-11-18T11:13:20.522+0000] {logging_mixin.py:188} INFO - [2025-11-18T11:13:20.521+0000] {dagbag.py:538} INFO - Filling up the DagBag from /opt/airflow/dags/failed_lineage_dag.py
[2025-11-18T11:13:20.569+0000] {processor.py:840} INFO - DAG(s) 'failed_lineage_dag' retrieved from /opt/airflow/dags/failed_lineage_dag.py
[2025-11-18T11:13:20.635+0000] {logging_mixin.py:188} INFO - [2025-11-18T11:13:20.634+0000] {dag.py:3036} INFO - Sync 1 DAGs
[2025-11-18T11:13:20.657+0000] {logging_mixin.py:188} INFO - [2025-11-18T11:13:20.657+0000] {dag.py:3823} INFO - Setting next_dagrun for failed_lineage_dag to None, run_after=None
[2025-11-18T11:13:20.693+0000] {processor.py:183} INFO - Processing /opt/airflow/dags/failed_lineage_dag.py took 0.189 seconds
[2025-11-18T11:13:51.119+0000] {processor.py:161} INFO - Started process (PID=23362) to work on /opt/airflow/dags/failed_lineage_dag.py
[2025-11-18T11:13:51.120+0000] {processor.py:830} INFO - Processing file /opt/airflow/dags/failed_lineage_dag.py for tasks to queue
[2025-11-18T11:13:51.121+0000] {logging_mixin.py:188} INFO - [2025-11-18T11:13:51.121+0000] {dagbag.py:538} INFO - Filling up the DagBag from /opt/airflow/dags/failed_lineage_dag.py
[2025-11-18T11:13:51.135+0000] {processor.py:840} INFO - DAG(s) 'failed_lineage_dag' retrieved from /opt/airflow/dags/failed_lineage_dag.py
[2025-11-18T11:13:51.167+0000] {logging_mixin.py:188} INFO - [2025-11-18T11:13:51.167+0000] {dag.py:3036} INFO - Sync 1 DAGs
[2025-11-18T11:13:51.182+0000] {logging_mixin.py:188} INFO - [2025-11-18T11:13:51.182+0000] {dag.py:3823} INFO - Setting next_dagrun for failed_lineage_dag to None, run_after=None
[2025-11-18T11:13:51.210+0000] {processor.py:183} INFO - Processing /opt/airflow/dags/failed_lineage_dag.py took 0.096 seconds
[2025-11-18T11:14:21.649+0000] {processor.py:161} INFO - Started process (PID=23389) to work on /opt/airflow/dags/failed_lineage_dag.py
[2025-11-18T11:14:21.651+0000] {processor.py:830} INFO - Processing file /opt/airflow/dags/failed_lineage_dag.py for tasks to queue
[2025-11-18T11:14:21.652+0000] {logging_mixin.py:188} INFO - [2025-11-18T11:14:21.652+0000] {dagbag.py:538} INFO - Filling up the DagBag from /opt/airflow/dags/failed_lineage_dag.py
[2025-11-18T11:14:21.668+0000] {processor.py:840} INFO - DAG(s) 'failed_lineage_dag' retrieved from /opt/airflow/dags/failed_lineage_dag.py
[2025-11-18T11:14:21.698+0000] {logging_mixin.py:188} INFO - [2025-11-18T11:14:21.698+0000] {dag.py:3036} INFO - Sync 1 DAGs
[2025-11-18T11:14:21.718+0000] {logging_mixin.py:188} INFO - [2025-11-18T11:14:21.717+0000] {dag.py:3823} INFO - Setting next_dagrun for failed_lineage_dag to None, run_after=None
[2025-11-18T11:14:21.743+0000] {processor.py:183} INFO - Processing /opt/airflow/dags/failed_lineage_dag.py took 0.097 seconds
[2025-11-18T11:14:52.538+0000] {processor.py:161} INFO - Started process (PID=23419) to work on /opt/airflow/dags/failed_lineage_dag.py
[2025-11-18T11:14:52.540+0000] {processor.py:830} INFO - Processing file /opt/airflow/dags/failed_lineage_dag.py for tasks to queue
[2025-11-18T11:14:52.541+0000] {logging_mixin.py:188} INFO - [2025-11-18T11:14:52.541+0000] {dagbag.py:538} INFO - Filling up the DagBag from /opt/airflow/dags/failed_lineage_dag.py
[2025-11-18T11:14:52.561+0000] {processor.py:840} INFO - DAG(s) 'failed_lineage_dag' retrieved from /opt/airflow/dags/failed_lineage_dag.py
[2025-11-18T11:14:52.611+0000] {logging_mixin.py:188} INFO - [2025-11-18T11:14:52.610+0000] {dag.py:3036} INFO - Sync 1 DAGs
[2025-11-18T11:14:52.630+0000] {logging_mixin.py:188} INFO - [2025-11-18T11:14:52.630+0000] {dag.py:3823} INFO - Setting next_dagrun for failed_lineage_dag to None, run_after=None
[2025-11-18T11:14:52.670+0000] {processor.py:183} INFO - Processing /opt/airflow/dags/failed_lineage_dag.py took 0.138 seconds
[2025-11-18T11:15:24.589+0000] {processor.py:161} INFO - Started process (PID=23449) to work on /opt/airflow/dags/failed_lineage_dag.py
[2025-11-18T11:15:24.591+0000] {processor.py:830} INFO - Processing file /opt/airflow/dags/failed_lineage_dag.py for tasks to queue
[2025-11-18T11:15:24.595+0000] {logging_mixin.py:188} INFO - [2025-11-18T11:15:24.594+0000] {dagbag.py:538} INFO - Filling up the DagBag from /opt/airflow/dags/failed_lineage_dag.py
[2025-11-18T11:15:24.646+0000] {processor.py:840} INFO - DAG(s) 'failed_lineage_dag' retrieved from /opt/airflow/dags/failed_lineage_dag.py
[2025-11-18T11:15:24.781+0000] {logging_mixin.py:188} INFO - [2025-11-18T11:15:24.780+0000] {dag.py:3036} INFO - Sync 1 DAGs
[2025-11-18T11:15:24.843+0000] {logging_mixin.py:188} INFO - [2025-11-18T11:15:24.843+0000] {dag.py:3823} INFO - Setting next_dagrun for failed_lineage_dag to None, run_after=None
[2025-11-18T11:15:24.935+0000] {processor.py:183} INFO - Processing /opt/airflow/dags/failed_lineage_dag.py took 0.363 seconds
[2025-11-18T11:15:55.649+0000] {processor.py:161} INFO - Started process (PID=23477) to work on /opt/airflow/dags/failed_lineage_dag.py
[2025-11-18T11:15:55.657+0000] {processor.py:830} INFO - Processing file /opt/airflow/dags/failed_lineage_dag.py for tasks to queue
[2025-11-18T11:15:55.663+0000] {logging_mixin.py:188} INFO - [2025-11-18T11:15:55.662+0000] {dagbag.py:538} INFO - Filling up the DagBag from /opt/airflow/dags/failed_lineage_dag.py
[2025-11-18T11:15:55.688+0000] {processor.py:840} INFO - DAG(s) 'failed_lineage_dag' retrieved from /opt/airflow/dags/failed_lineage_dag.py
[2025-11-18T11:15:55.808+0000] {logging_mixin.py:188} INFO - [2025-11-18T11:15:55.798+0000] {dag.py:3036} INFO - Sync 1 DAGs
[2025-11-18T11:15:55.856+0000] {logging_mixin.py:188} INFO - [2025-11-18T11:15:55.856+0000] {dag.py:3823} INFO - Setting next_dagrun for failed_lineage_dag to None, run_after=None
[2025-11-18T11:15:55.927+0000] {processor.py:183} INFO - Processing /opt/airflow/dags/failed_lineage_dag.py took 0.286 seconds
[2025-11-18T11:16:26.329+0000] {processor.py:161} INFO - Started process (PID=23509) to work on /opt/airflow/dags/failed_lineage_dag.py
[2025-11-18T11:16:26.335+0000] {processor.py:830} INFO - Processing file /opt/airflow/dags/failed_lineage_dag.py for tasks to queue
[2025-11-18T11:16:26.339+0000] {logging_mixin.py:188} INFO - [2025-11-18T11:16:26.338+0000] {dagbag.py:538} INFO - Filling up the DagBag from /opt/airflow/dags/failed_lineage_dag.py
[2025-11-18T11:16:26.363+0000] {processor.py:840} INFO - DAG(s) 'failed_lineage_dag' retrieved from /opt/airflow/dags/failed_lineage_dag.py
[2025-11-18T11:16:26.420+0000] {logging_mixin.py:188} INFO - [2025-11-18T11:16:26.419+0000] {dag.py:3036} INFO - Sync 1 DAGs
[2025-11-18T11:16:26.446+0000] {logging_mixin.py:188} INFO - [2025-11-18T11:16:26.446+0000] {dag.py:3823} INFO - Setting next_dagrun for failed_lineage_dag to None, run_after=None
[2025-11-18T11:16:26.511+0000] {processor.py:183} INFO - Processing /opt/airflow/dags/failed_lineage_dag.py took 0.192 seconds
[2025-11-18T11:16:57.705+0000] {processor.py:161} INFO - Started process (PID=23539) to work on /opt/airflow/dags/failed_lineage_dag.py
[2025-11-18T11:16:57.710+0000] {processor.py:830} INFO - Processing file /opt/airflow/dags/failed_lineage_dag.py for tasks to queue
[2025-11-18T11:16:57.712+0000] {logging_mixin.py:188} INFO - [2025-11-18T11:16:57.712+0000] {dagbag.py:538} INFO - Filling up the DagBag from /opt/airflow/dags/failed_lineage_dag.py
[2025-11-18T11:16:57.751+0000] {processor.py:840} INFO - DAG(s) 'failed_lineage_dag' retrieved from /opt/airflow/dags/failed_lineage_dag.py
[2025-11-18T11:16:57.847+0000] {logging_mixin.py:188} INFO - [2025-11-18T11:16:57.847+0000] {dag.py:3036} INFO - Sync 1 DAGs
[2025-11-18T11:16:57.886+0000] {logging_mixin.py:188} INFO - [2025-11-18T11:16:57.886+0000] {dag.py:3823} INFO - Setting next_dagrun for failed_lineage_dag to None, run_after=None
[2025-11-18T11:16:57.959+0000] {processor.py:183} INFO - Processing /opt/airflow/dags/failed_lineage_dag.py took 0.259 seconds
[2025-11-18T11:17:28.410+0000] {processor.py:161} INFO - Started process (PID=23569) to work on /opt/airflow/dags/failed_lineage_dag.py
[2025-11-18T11:17:28.412+0000] {processor.py:830} INFO - Processing file /opt/airflow/dags/failed_lineage_dag.py for tasks to queue
[2025-11-18T11:17:28.413+0000] {logging_mixin.py:188} INFO - [2025-11-18T11:17:28.413+0000] {dagbag.py:538} INFO - Filling up the DagBag from /opt/airflow/dags/failed_lineage_dag.py
[2025-11-18T11:17:28.432+0000] {processor.py:840} INFO - DAG(s) 'failed_lineage_dag' retrieved from /opt/airflow/dags/failed_lineage_dag.py
[2025-11-18T11:17:28.465+0000] {logging_mixin.py:188} INFO - [2025-11-18T11:17:28.465+0000] {dag.py:3036} INFO - Sync 1 DAGs
[2025-11-18T11:17:28.477+0000] {logging_mixin.py:188} INFO - [2025-11-18T11:17:28.476+0000] {dag.py:3823} INFO - Setting next_dagrun for failed_lineage_dag to None, run_after=None
[2025-11-18T11:17:28.498+0000] {processor.py:183} INFO - Processing /opt/airflow/dags/failed_lineage_dag.py took 0.094 seconds
[2025-11-18T11:17:59.352+0000] {processor.py:161} INFO - Started process (PID=23599) to work on /opt/airflow/dags/failed_lineage_dag.py
[2025-11-18T11:17:59.354+0000] {processor.py:830} INFO - Processing file /opt/airflow/dags/failed_lineage_dag.py for tasks to queue
[2025-11-18T11:17:59.355+0000] {logging_mixin.py:188} INFO - [2025-11-18T11:17:59.355+0000] {dagbag.py:538} INFO - Filling up the DagBag from /opt/airflow/dags/failed_lineage_dag.py
[2025-11-18T11:17:59.370+0000] {processor.py:840} INFO - DAG(s) 'failed_lineage_dag' retrieved from /opt/airflow/dags/failed_lineage_dag.py
[2025-11-18T11:17:59.398+0000] {logging_mixin.py:188} INFO - [2025-11-18T11:17:59.397+0000] {dag.py:3036} INFO - Sync 1 DAGs
[2025-11-18T11:17:59.408+0000] {logging_mixin.py:188} INFO - [2025-11-18T11:17:59.408+0000] {dag.py:3823} INFO - Setting next_dagrun for failed_lineage_dag to None, run_after=None
[2025-11-18T11:17:59.428+0000] {processor.py:183} INFO - Processing /opt/airflow/dags/failed_lineage_dag.py took 0.079 seconds
[2025-11-18T11:18:30.342+0000] {processor.py:161} INFO - Started process (PID=23629) to work on /opt/airflow/dags/failed_lineage_dag.py
[2025-11-18T11:18:30.344+0000] {processor.py:830} INFO - Processing file /opt/airflow/dags/failed_lineage_dag.py for tasks to queue
[2025-11-18T11:18:30.345+0000] {logging_mixin.py:188} INFO - [2025-11-18T11:18:30.344+0000] {dagbag.py:538} INFO - Filling up the DagBag from /opt/airflow/dags/failed_lineage_dag.py
[2025-11-18T11:18:30.359+0000] {processor.py:840} INFO - DAG(s) 'failed_lineage_dag' retrieved from /opt/airflow/dags/failed_lineage_dag.py
[2025-11-18T11:18:30.387+0000] {logging_mixin.py:188} INFO - [2025-11-18T11:18:30.387+0000] {dag.py:3036} INFO - Sync 1 DAGs
[2025-11-18T11:18:30.399+0000] {logging_mixin.py:188} INFO - [2025-11-18T11:18:30.399+0000] {dag.py:3823} INFO - Setting next_dagrun for failed_lineage_dag to None, run_after=None
[2025-11-18T11:18:30.421+0000] {processor.py:183} INFO - Processing /opt/airflow/dags/failed_lineage_dag.py took 0.082 seconds
[2025-11-18T11:19:01.019+0000] {processor.py:161} INFO - Started process (PID=23659) to work on /opt/airflow/dags/failed_lineage_dag.py
[2025-11-18T11:19:01.021+0000] {processor.py:830} INFO - Processing file /opt/airflow/dags/failed_lineage_dag.py for tasks to queue
[2025-11-18T11:19:01.022+0000] {logging_mixin.py:188} INFO - [2025-11-18T11:19:01.022+0000] {dagbag.py:538} INFO - Filling up the DagBag from /opt/airflow/dags/failed_lineage_dag.py
[2025-11-18T11:19:01.040+0000] {processor.py:840} INFO - DAG(s) 'failed_lineage_dag' retrieved from /opt/airflow/dags/failed_lineage_dag.py
[2025-11-18T11:19:01.107+0000] {logging_mixin.py:188} INFO - [2025-11-18T11:19:01.106+0000] {dag.py:3036} INFO - Sync 1 DAGs
[2025-11-18T11:19:01.120+0000] {logging_mixin.py:188} INFO - [2025-11-18T11:19:01.120+0000] {dag.py:3823} INFO - Setting next_dagrun for failed_lineage_dag to None, run_after=None
[2025-11-18T11:19:01.152+0000] {processor.py:183} INFO - Processing /opt/airflow/dags/failed_lineage_dag.py took 0.137 seconds
[2025-11-18T11:19:32.421+0000] {processor.py:161} INFO - Started process (PID=23692) to work on /opt/airflow/dags/failed_lineage_dag.py
[2025-11-18T11:19:32.422+0000] {processor.py:830} INFO - Processing file /opt/airflow/dags/failed_lineage_dag.py for tasks to queue
[2025-11-18T11:19:32.423+0000] {logging_mixin.py:188} INFO - [2025-11-18T11:19:32.423+0000] {dagbag.py:538} INFO - Filling up the DagBag from /opt/airflow/dags/failed_lineage_dag.py
[2025-11-18T11:19:32.449+0000] {processor.py:840} INFO - DAG(s) 'failed_lineage_dag' retrieved from /opt/airflow/dags/failed_lineage_dag.py
[2025-11-18T11:19:32.510+0000] {logging_mixin.py:188} INFO - [2025-11-18T11:19:32.510+0000] {dag.py:3036} INFO - Sync 1 DAGs
[2025-11-18T11:19:32.530+0000] {logging_mixin.py:188} INFO - [2025-11-18T11:19:32.529+0000] {dag.py:3823} INFO - Setting next_dagrun for failed_lineage_dag to None, run_after=None
[2025-11-18T11:19:32.596+0000] {processor.py:183} INFO - Processing /opt/airflow/dags/failed_lineage_dag.py took 0.179 seconds
[2025-11-18T11:20:28.771+0000] {processor.py:161} INFO - Started process (PID=23722) to work on /opt/airflow/dags/failed_lineage_dag.py
[2025-11-18T11:20:28.783+0000] {processor.py:830} INFO - Processing file /opt/airflow/dags/failed_lineage_dag.py for tasks to queue
[2025-11-18T11:20:28.798+0000] {logging_mixin.py:188} INFO - [2025-11-18T11:20:28.793+0000] {dagbag.py:538} INFO - Filling up the DagBag from /opt/airflow/dags/failed_lineage_dag.py
[2025-11-18T11:20:28.902+0000] {processor.py:840} INFO - DAG(s) 'failed_lineage_dag' retrieved from /opt/airflow/dags/failed_lineage_dag.py
[2025-11-18T11:20:29.124+0000] {logging_mixin.py:188} INFO - [2025-11-18T11:20:29.124+0000] {dag.py:3036} INFO - Sync 1 DAGs
[2025-11-18T11:20:29.177+0000] {logging_mixin.py:188} INFO - [2025-11-18T11:20:29.176+0000] {dag.py:3823} INFO - Setting next_dagrun for failed_lineage_dag to None, run_after=None
[2025-11-18T11:20:29.250+0000] {processor.py:183} INFO - Processing /opt/airflow/dags/failed_lineage_dag.py took 0.496 seconds
[2025-11-18T11:21:01.018+0000] {processor.py:161} INFO - Started process (PID=23757) to work on /opt/airflow/dags/failed_lineage_dag.py
[2025-11-18T11:21:01.020+0000] {processor.py:830} INFO - Processing file /opt/airflow/dags/failed_lineage_dag.py for tasks to queue
[2025-11-18T11:21:01.021+0000] {logging_mixin.py:188} INFO - [2025-11-18T11:21:01.021+0000] {dagbag.py:538} INFO - Filling up the DagBag from /opt/airflow/dags/failed_lineage_dag.py
[2025-11-18T11:21:01.043+0000] {processor.py:840} INFO - DAG(s) 'failed_lineage_dag' retrieved from /opt/airflow/dags/failed_lineage_dag.py
[2025-11-18T11:21:01.092+0000] {logging_mixin.py:188} INFO - [2025-11-18T11:21:01.092+0000] {dag.py:3036} INFO - Sync 1 DAGs
[2025-11-18T11:21:01.108+0000] {logging_mixin.py:188} INFO - [2025-11-18T11:21:01.107+0000] {dag.py:3823} INFO - Setting next_dagrun for failed_lineage_dag to None, run_after=None
[2025-11-18T11:21:01.132+0000] {processor.py:183} INFO - Processing /opt/airflow/dags/failed_lineage_dag.py took 0.119 seconds
[2025-11-18T11:21:33.298+0000] {processor.py:161} INFO - Started process (PID=23787) to work on /opt/airflow/dags/failed_lineage_dag.py
[2025-11-18T11:21:33.304+0000] {processor.py:830} INFO - Processing file /opt/airflow/dags/failed_lineage_dag.py for tasks to queue
[2025-11-18T11:21:33.309+0000] {logging_mixin.py:188} INFO - [2025-11-18T11:21:33.308+0000] {dagbag.py:538} INFO - Filling up the DagBag from /opt/airflow/dags/failed_lineage_dag.py
[2025-11-18T11:21:33.448+0000] {processor.py:840} INFO - DAG(s) 'failed_lineage_dag' retrieved from /opt/airflow/dags/failed_lineage_dag.py
[2025-11-18T11:21:33.605+0000] {logging_mixin.py:188} INFO - [2025-11-18T11:21:33.604+0000] {dag.py:3036} INFO - Sync 1 DAGs
[2025-11-18T11:21:33.649+0000] {logging_mixin.py:188} INFO - [2025-11-18T11:21:33.649+0000] {dag.py:3823} INFO - Setting next_dagrun for failed_lineage_dag to None, run_after=None
[2025-11-18T11:21:33.727+0000] {processor.py:183} INFO - Processing /opt/airflow/dags/failed_lineage_dag.py took 0.434 seconds
[2025-11-18T11:22:03.986+0000] {processor.py:161} INFO - Started process (PID=23819) to work on /opt/airflow/dags/failed_lineage_dag.py
[2025-11-18T11:22:03.988+0000] {processor.py:830} INFO - Processing file /opt/airflow/dags/failed_lineage_dag.py for tasks to queue
[2025-11-18T11:22:03.989+0000] {logging_mixin.py:188} INFO - [2025-11-18T11:22:03.989+0000] {dagbag.py:538} INFO - Filling up the DagBag from /opt/airflow/dags/failed_lineage_dag.py
[2025-11-18T11:22:04.009+0000] {processor.py:840} INFO - DAG(s) 'failed_lineage_dag' retrieved from /opt/airflow/dags/failed_lineage_dag.py
[2025-11-18T11:22:04.064+0000] {logging_mixin.py:188} INFO - [2025-11-18T11:22:04.056+0000] {dag.py:3036} INFO - Sync 1 DAGs
[2025-11-18T11:22:04.107+0000] {logging_mixin.py:188} INFO - [2025-11-18T11:22:04.106+0000] {dag.py:3823} INFO - Setting next_dagrun for failed_lineage_dag to None, run_after=None
[2025-11-18T11:22:04.131+0000] {processor.py:183} INFO - Processing /opt/airflow/dags/failed_lineage_dag.py took 0.150 seconds
[2025-11-18T11:22:35.645+0000] {processor.py:161} INFO - Started process (PID=23849) to work on /opt/airflow/dags/failed_lineage_dag.py
[2025-11-18T11:22:35.647+0000] {processor.py:830} INFO - Processing file /opt/airflow/dags/failed_lineage_dag.py for tasks to queue
[2025-11-18T11:22:35.649+0000] {logging_mixin.py:188} INFO - [2025-11-18T11:22:35.649+0000] {dagbag.py:538} INFO - Filling up the DagBag from /opt/airflow/dags/failed_lineage_dag.py
[2025-11-18T11:22:35.707+0000] {processor.py:840} INFO - DAG(s) 'failed_lineage_dag' retrieved from /opt/airflow/dags/failed_lineage_dag.py
[2025-11-18T11:22:35.882+0000] {logging_mixin.py:188} INFO - [2025-11-18T11:22:35.881+0000] {dag.py:3036} INFO - Sync 1 DAGs
[2025-11-18T11:22:35.941+0000] {logging_mixin.py:188} INFO - [2025-11-18T11:22:35.941+0000] {dag.py:3823} INFO - Setting next_dagrun for failed_lineage_dag to None, run_after=None
[2025-11-18T11:22:36.087+0000] {processor.py:183} INFO - Processing /opt/airflow/dags/failed_lineage_dag.py took 0.469 seconds
[2025-11-18T11:23:09.149+0000] {processor.py:161} INFO - Started process (PID=23877) to work on /opt/airflow/dags/failed_lineage_dag.py
[2025-11-18T11:23:09.151+0000] {processor.py:830} INFO - Processing file /opt/airflow/dags/failed_lineage_dag.py for tasks to queue
[2025-11-18T11:23:09.153+0000] {logging_mixin.py:188} INFO - [2025-11-18T11:23:09.152+0000] {dagbag.py:538} INFO - Filling up the DagBag from /opt/airflow/dags/failed_lineage_dag.py
[2025-11-18T11:23:09.225+0000] {processor.py:840} INFO - DAG(s) 'failed_lineage_dag' retrieved from /opt/airflow/dags/failed_lineage_dag.py
[2025-11-18T11:23:09.334+0000] {logging_mixin.py:188} INFO - [2025-11-18T11:23:09.334+0000] {dag.py:3036} INFO - Sync 1 DAGs
[2025-11-18T11:23:09.394+0000] {logging_mixin.py:188} INFO - [2025-11-18T11:23:09.394+0000] {dag.py:3823} INFO - Setting next_dagrun for failed_lineage_dag to None, run_after=None
[2025-11-18T11:23:09.462+0000] {processor.py:183} INFO - Processing /opt/airflow/dags/failed_lineage_dag.py took 0.321 seconds
[2025-11-18T11:23:39.582+0000] {processor.py:161} INFO - Started process (PID=23909) to work on /opt/airflow/dags/failed_lineage_dag.py
[2025-11-18T11:23:39.584+0000] {processor.py:830} INFO - Processing file /opt/airflow/dags/failed_lineage_dag.py for tasks to queue
[2025-11-18T11:23:39.585+0000] {logging_mixin.py:188} INFO - [2025-11-18T11:23:39.585+0000] {dagbag.py:538} INFO - Filling up the DagBag from /opt/airflow/dags/failed_lineage_dag.py
[2025-11-18T11:23:39.604+0000] {processor.py:840} INFO - DAG(s) 'failed_lineage_dag' retrieved from /opt/airflow/dags/failed_lineage_dag.py
[2025-11-18T11:23:39.638+0000] {logging_mixin.py:188} INFO - [2025-11-18T11:23:39.638+0000] {dag.py:3036} INFO - Sync 1 DAGs
[2025-11-18T11:23:39.653+0000] {logging_mixin.py:188} INFO - [2025-11-18T11:23:39.652+0000] {dag.py:3823} INFO - Setting next_dagrun for failed_lineage_dag to None, run_after=None
[2025-11-18T11:23:39.678+0000] {processor.py:183} INFO - Processing /opt/airflow/dags/failed_lineage_dag.py took 0.101 seconds
[2025-11-18T11:24:19.462+0000] {processor.py:161} INFO - Started process (PID=23937) to work on /opt/airflow/dags/failed_lineage_dag.py
[2025-11-18T11:24:19.474+0000] {processor.py:830} INFO - Processing file /opt/airflow/dags/failed_lineage_dag.py for tasks to queue
[2025-11-18T11:24:19.476+0000] {logging_mixin.py:188} INFO - [2025-11-18T11:24:19.475+0000] {dagbag.py:538} INFO - Filling up the DagBag from /opt/airflow/dags/failed_lineage_dag.py
[2025-11-18T11:24:19.542+0000] {processor.py:840} INFO - DAG(s) 'failed_lineage_dag' retrieved from /opt/airflow/dags/failed_lineage_dag.py
[2025-11-18T11:24:19.739+0000] {logging_mixin.py:188} INFO - [2025-11-18T11:24:19.738+0000] {dag.py:3036} INFO - Sync 1 DAGs
[2025-11-18T11:24:19.790+0000] {logging_mixin.py:188} INFO - [2025-11-18T11:24:19.790+0000] {dag.py:3823} INFO - Setting next_dagrun for failed_lineage_dag to None, run_after=None
[2025-11-18T11:24:20.148+0000] {processor.py:183} INFO - Processing /opt/airflow/dags/failed_lineage_dag.py took 0.692 seconds
[2025-11-18T11:24:54.130+0000] {processor.py:161} INFO - Started process (PID=23969) to work on /opt/airflow/dags/failed_lineage_dag.py
[2025-11-18T11:24:54.196+0000] {processor.py:830} INFO - Processing file /opt/airflow/dags/failed_lineage_dag.py for tasks to queue
[2025-11-18T11:24:54.832+0000] {logging_mixin.py:188} INFO - [2025-11-18T11:24:54.831+0000] {dagbag.py:538} INFO - Filling up the DagBag from /opt/airflow/dags/failed_lineage_dag.py
[2025-11-18T11:24:55.124+0000] {processor.py:840} INFO - DAG(s) 'failed_lineage_dag' retrieved from /opt/airflow/dags/failed_lineage_dag.py
[2025-11-18T11:24:55.258+0000] {logging_mixin.py:188} INFO - [2025-11-18T11:24:55.257+0000] {dag.py:3036} INFO - Sync 1 DAGs
[2025-11-18T11:24:55.335+0000] {logging_mixin.py:188} INFO - [2025-11-18T11:24:55.334+0000] {dag.py:3823} INFO - Setting next_dagrun for failed_lineage_dag to None, run_after=None
[2025-11-18T11:24:55.460+0000] {processor.py:183} INFO - Processing /opt/airflow/dags/failed_lineage_dag.py took 1.343 seconds
[2025-11-18T11:25:33.547+0000] {processor.py:161} INFO - Started process (PID=23999) to work on /opt/airflow/dags/failed_lineage_dag.py
[2025-11-18T11:25:33.586+0000] {processor.py:830} INFO - Processing file /opt/airflow/dags/failed_lineage_dag.py for tasks to queue
[2025-11-18T11:25:33.618+0000] {logging_mixin.py:188} INFO - [2025-11-18T11:25:33.617+0000] {dagbag.py:538} INFO - Filling up the DagBag from /opt/airflow/dags/failed_lineage_dag.py
[2025-11-18T11:25:35.666+0000] {processor.py:840} INFO - DAG(s) 'failed_lineage_dag' retrieved from /opt/airflow/dags/failed_lineage_dag.py
[2025-11-18T11:25:37.971+0000] {logging_mixin.py:188} INFO - [2025-11-18T11:25:37.970+0000] {dag.py:3036} INFO - Sync 1 DAGs
[2025-11-18T11:29:57.048+0000] {processor.py:161} INFO - Started process (PID=24024) to work on /opt/airflow/dags/failed_lineage_dag.py
[2025-11-18T11:29:57.051+0000] {processor.py:830} INFO - Processing file /opt/airflow/dags/failed_lineage_dag.py for tasks to queue
[2025-11-18T11:29:57.067+0000] {logging_mixin.py:188} INFO - [2025-11-18T11:29:57.066+0000] {dagbag.py:538} INFO - Filling up the DagBag from /opt/airflow/dags/failed_lineage_dag.py
[2025-11-18T11:29:57.115+0000] {processor.py:840} INFO - DAG(s) 'failed_lineage_dag' retrieved from /opt/airflow/dags/failed_lineage_dag.py
[2025-11-18T11:29:59.606+0000] {logging_mixin.py:188} INFO - [2025-11-18T11:29:59.605+0000] {dag.py:3036} INFO - Sync 1 DAGs
[2025-11-18T11:29:59.671+0000] {logging_mixin.py:188} INFO - [2025-11-18T11:29:59.670+0000] {dag.py:3823} INFO - Setting next_dagrun for failed_lineage_dag to None, run_after=None
[2025-11-18T11:29:59.788+0000] {processor.py:183} INFO - Processing /opt/airflow/dags/failed_lineage_dag.py took 2.765 seconds
[2025-11-18T11:32:48.587+0000] {processor.py:161} INFO - Started process (PID=24051) to work on /opt/airflow/dags/failed_lineage_dag.py
[2025-11-18T11:32:48.595+0000] {processor.py:830} INFO - Processing file /opt/airflow/dags/failed_lineage_dag.py for tasks to queue
[2025-11-18T11:32:48.667+0000] {logging_mixin.py:188} INFO - [2025-11-18T11:32:48.664+0000] {dagbag.py:538} INFO - Filling up the DagBag from /opt/airflow/dags/failed_lineage_dag.py
[2025-11-18T11:32:52.972+0000] {processor.py:840} INFO - DAG(s) 'failed_lineage_dag' retrieved from /opt/airflow/dags/failed_lineage_dag.py
[2025-11-18T11:32:55.161+0000] {logging_mixin.py:188} INFO - [2025-11-18T11:32:55.161+0000] {dag.py:3036} INFO - Sync 1 DAGs
[2025-11-18T11:33:05.951+0000] {logging_mixin.py:188} INFO - [2025-11-18T11:33:05.862+0000] {dag.py:3823} INFO - Setting next_dagrun for failed_lineage_dag to None, run_after=None
[2025-11-18T11:33:09.838+0000] {processor.py:183} INFO - Processing /opt/airflow/dags/failed_lineage_dag.py took 21.660 seconds
[2025-11-18T11:33:41.190+0000] {processor.py:161} INFO - Started process (PID=24081) to work on /opt/airflow/dags/failed_lineage_dag.py
[2025-11-18T11:33:41.211+0000] {processor.py:830} INFO - Processing file /opt/airflow/dags/failed_lineage_dag.py for tasks to queue
[2025-11-18T11:33:41.214+0000] {logging_mixin.py:188} INFO - [2025-11-18T11:33:41.213+0000] {dagbag.py:538} INFO - Filling up the DagBag from /opt/airflow/dags/failed_lineage_dag.py
[2025-11-18T11:33:41.364+0000] {processor.py:840} INFO - DAG(s) 'failed_lineage_dag' retrieved from /opt/airflow/dags/failed_lineage_dag.py
[2025-11-18T11:33:41.750+0000] {logging_mixin.py:188} INFO - [2025-11-18T11:33:41.749+0000] {dag.py:3036} INFO - Sync 1 DAGs
[2025-11-18T11:33:41.856+0000] {logging_mixin.py:188} INFO - [2025-11-18T11:33:41.856+0000] {dag.py:3823} INFO - Setting next_dagrun for failed_lineage_dag to None, run_after=None
[2025-11-18T11:33:42.027+0000] {processor.py:183} INFO - Processing /opt/airflow/dags/failed_lineage_dag.py took 0.843 seconds
[2025-11-18T11:34:13.464+0000] {processor.py:161} INFO - Started process (PID=24111) to work on /opt/airflow/dags/failed_lineage_dag.py
[2025-11-18T11:34:13.507+0000] {processor.py:830} INFO - Processing file /opt/airflow/dags/failed_lineage_dag.py for tasks to queue
[2025-11-18T11:34:13.516+0000] {logging_mixin.py:188} INFO - [2025-11-18T11:34:13.515+0000] {dagbag.py:538} INFO - Filling up the DagBag from /opt/airflow/dags/failed_lineage_dag.py
[2025-11-18T11:34:13.752+0000] {processor.py:840} INFO - DAG(s) 'failed_lineage_dag' retrieved from /opt/airflow/dags/failed_lineage_dag.py
[2025-11-18T11:34:13.926+0000] {logging_mixin.py:188} INFO - [2025-11-18T11:34:13.926+0000] {dag.py:3036} INFO - Sync 1 DAGs
[2025-11-18T11:34:14.065+0000] {logging_mixin.py:188} INFO - [2025-11-18T11:34:14.064+0000] {dag.py:3823} INFO - Setting next_dagrun for failed_lineage_dag to None, run_after=None
[2025-11-18T11:34:14.293+0000] {processor.py:183} INFO - Processing /opt/airflow/dags/failed_lineage_dag.py took 0.837 seconds
[2025-11-18T11:34:48.079+0000] {processor.py:161} INFO - Started process (PID=24141) to work on /opt/airflow/dags/failed_lineage_dag.py
[2025-11-18T11:34:48.087+0000] {processor.py:830} INFO - Processing file /opt/airflow/dags/failed_lineage_dag.py for tasks to queue
[2025-11-18T11:34:48.095+0000] {logging_mixin.py:188} INFO - [2025-11-18T11:34:48.093+0000] {dagbag.py:538} INFO - Filling up the DagBag from /opt/airflow/dags/failed_lineage_dag.py
[2025-11-18T11:34:48.773+0000] {processor.py:840} INFO - DAG(s) 'failed_lineage_dag' retrieved from /opt/airflow/dags/failed_lineage_dag.py
[2025-11-18T11:34:49.010+0000] {logging_mixin.py:188} INFO - [2025-11-18T11:34:48.999+0000] {dag.py:3036} INFO - Sync 1 DAGs
[2025-11-18T11:34:49.099+0000] {logging_mixin.py:188} INFO - [2025-11-18T11:34:49.098+0000] {dag.py:3823} INFO - Setting next_dagrun for failed_lineage_dag to None, run_after=None
[2025-11-18T11:34:49.197+0000] {processor.py:183} INFO - Processing /opt/airflow/dags/failed_lineage_dag.py took 1.204 seconds
[2025-11-18T11:35:19.699+0000] {processor.py:161} INFO - Started process (PID=24169) to work on /opt/airflow/dags/failed_lineage_dag.py
[2025-11-18T11:35:19.705+0000] {processor.py:830} INFO - Processing file /opt/airflow/dags/failed_lineage_dag.py for tasks to queue
[2025-11-18T11:35:19.719+0000] {logging_mixin.py:188} INFO - [2025-11-18T11:35:19.712+0000] {dagbag.py:538} INFO - Filling up the DagBag from /opt/airflow/dags/failed_lineage_dag.py
[2025-11-18T11:35:20.767+0000] {processor.py:840} INFO - DAG(s) 'failed_lineage_dag' retrieved from /opt/airflow/dags/failed_lineage_dag.py
[2025-11-18T11:35:20.822+0000] {logging_mixin.py:188} INFO - [2025-11-18T11:35:20.821+0000] {dag.py:3036} INFO - Sync 1 DAGs
[2025-11-18T11:35:20.869+0000] {logging_mixin.py:188} INFO - [2025-11-18T11:35:20.869+0000] {dag.py:3823} INFO - Setting next_dagrun for failed_lineage_dag to None, run_after=None
[2025-11-18T11:35:20.915+0000] {processor.py:183} INFO - Processing /opt/airflow/dags/failed_lineage_dag.py took 1.286 seconds
[2025-11-18T11:35:51.583+0000] {processor.py:161} INFO - Started process (PID=24206) to work on /opt/airflow/dags/failed_lineage_dag.py
[2025-11-18T11:35:51.586+0000] {processor.py:830} INFO - Processing file /opt/airflow/dags/failed_lineage_dag.py for tasks to queue
[2025-11-18T11:35:51.588+0000] {logging_mixin.py:188} INFO - [2025-11-18T11:35:51.588+0000] {dagbag.py:538} INFO - Filling up the DagBag from /opt/airflow/dags/failed_lineage_dag.py
[2025-11-18T11:35:51.625+0000] {processor.py:840} INFO - DAG(s) 'failed_lineage_dag' retrieved from /opt/airflow/dags/failed_lineage_dag.py
[2025-11-18T11:35:51.655+0000] {logging_mixin.py:188} INFO - [2025-11-18T11:35:51.655+0000] {dag.py:3036} INFO - Sync 1 DAGs
[2025-11-18T11:35:51.670+0000] {logging_mixin.py:188} INFO - [2025-11-18T11:35:51.669+0000] {dag.py:3823} INFO - Setting next_dagrun for failed_lineage_dag to None, run_after=None
[2025-11-18T11:35:51.700+0000] {processor.py:183} INFO - Processing /opt/airflow/dags/failed_lineage_dag.py took 0.123 seconds
[2025-11-18T11:36:24.216+0000] {processor.py:161} INFO - Started process (PID=24238) to work on /opt/airflow/dags/failed_lineage_dag.py
[2025-11-18T11:36:24.241+0000] {processor.py:830} INFO - Processing file /opt/airflow/dags/failed_lineage_dag.py for tasks to queue
[2025-11-18T11:36:24.245+0000] {logging_mixin.py:188} INFO - [2025-11-18T11:36:24.244+0000] {dagbag.py:538} INFO - Filling up the DagBag from /opt/airflow/dags/failed_lineage_dag.py
[2025-11-18T11:36:24.465+0000] {processor.py:840} INFO - DAG(s) 'failed_lineage_dag' retrieved from /opt/airflow/dags/failed_lineage_dag.py
[2025-11-18T11:36:24.594+0000] {logging_mixin.py:188} INFO - [2025-11-18T11:36:24.594+0000] {dag.py:3036} INFO - Sync 1 DAGs
[2025-11-18T11:36:24.669+0000] {logging_mixin.py:188} INFO - [2025-11-18T11:36:24.669+0000] {dag.py:3823} INFO - Setting next_dagrun for failed_lineage_dag to None, run_after=None
[2025-11-18T11:36:24.782+0000] {processor.py:183} INFO - Processing /opt/airflow/dags/failed_lineage_dag.py took 0.571 seconds
[2025-11-18T11:36:54.923+0000] {processor.py:161} INFO - Started process (PID=24266) to work on /opt/airflow/dags/failed_lineage_dag.py
[2025-11-18T11:36:54.925+0000] {processor.py:830} INFO - Processing file /opt/airflow/dags/failed_lineage_dag.py for tasks to queue
[2025-11-18T11:36:54.928+0000] {logging_mixin.py:188} INFO - [2025-11-18T11:36:54.927+0000] {dagbag.py:538} INFO - Filling up the DagBag from /opt/airflow/dags/failed_lineage_dag.py
[2025-11-18T11:36:54.955+0000] {processor.py:840} INFO - DAG(s) 'failed_lineage_dag' retrieved from /opt/airflow/dags/failed_lineage_dag.py
[2025-11-18T11:36:54.986+0000] {logging_mixin.py:188} INFO - [2025-11-18T11:36:54.986+0000] {dag.py:3036} INFO - Sync 1 DAGs
[2025-11-18T11:36:54.998+0000] {logging_mixin.py:188} INFO - [2025-11-18T11:36:54.998+0000] {dag.py:3823} INFO - Setting next_dagrun for failed_lineage_dag to None, run_after=None
[2025-11-18T11:36:55.019+0000] {processor.py:183} INFO - Processing /opt/airflow/dags/failed_lineage_dag.py took 0.103 seconds
[2025-11-18T11:37:25.120+0000] {processor.py:161} INFO - Started process (PID=24296) to work on /opt/airflow/dags/failed_lineage_dag.py
[2025-11-18T11:37:25.123+0000] {processor.py:830} INFO - Processing file /opt/airflow/dags/failed_lineage_dag.py for tasks to queue
[2025-11-18T11:37:25.125+0000] {logging_mixin.py:188} INFO - [2025-11-18T11:37:25.125+0000] {dagbag.py:538} INFO - Filling up the DagBag from /opt/airflow/dags/failed_lineage_dag.py
[2025-11-18T11:37:25.151+0000] {processor.py:840} INFO - DAG(s) 'failed_lineage_dag' retrieved from /opt/airflow/dags/failed_lineage_dag.py
[2025-11-18T11:37:25.331+0000] {logging_mixin.py:188} INFO - [2025-11-18T11:37:25.330+0000] {dag.py:3036} INFO - Sync 1 DAGs
[2025-11-18T11:37:25.450+0000] {logging_mixin.py:188} INFO - [2025-11-18T11:37:25.449+0000] {dag.py:3823} INFO - Setting next_dagrun for failed_lineage_dag to None, run_after=None
[2025-11-18T11:37:25.507+0000] {processor.py:183} INFO - Processing /opt/airflow/dags/failed_lineage_dag.py took 0.398 seconds
[2025-11-18T11:37:56.179+0000] {processor.py:161} INFO - Started process (PID=24326) to work on /opt/airflow/dags/failed_lineage_dag.py
[2025-11-18T11:37:56.184+0000] {processor.py:830} INFO - Processing file /opt/airflow/dags/failed_lineage_dag.py for tasks to queue
[2025-11-18T11:37:56.192+0000] {logging_mixin.py:188} INFO - [2025-11-18T11:37:56.192+0000] {dagbag.py:538} INFO - Filling up the DagBag from /opt/airflow/dags/failed_lineage_dag.py
[2025-11-18T11:37:56.233+0000] {processor.py:840} INFO - DAG(s) 'failed_lineage_dag' retrieved from /opt/airflow/dags/failed_lineage_dag.py
[2025-11-18T11:37:56.435+0000] {logging_mixin.py:188} INFO - [2025-11-18T11:37:56.434+0000] {dag.py:3036} INFO - Sync 1 DAGs
[2025-11-18T11:37:56.487+0000] {logging_mixin.py:188} INFO - [2025-11-18T11:37:56.487+0000] {dag.py:3823} INFO - Setting next_dagrun for failed_lineage_dag to None, run_after=None
[2025-11-18T11:37:56.579+0000] {processor.py:183} INFO - Processing /opt/airflow/dags/failed_lineage_dag.py took 0.413 seconds
[2025-11-18T11:38:26.776+0000] {processor.py:161} INFO - Started process (PID=24356) to work on /opt/airflow/dags/failed_lineage_dag.py
[2025-11-18T11:38:26.777+0000] {processor.py:830} INFO - Processing file /opt/airflow/dags/failed_lineage_dag.py for tasks to queue
[2025-11-18T11:38:26.779+0000] {logging_mixin.py:188} INFO - [2025-11-18T11:38:26.778+0000] {dagbag.py:538} INFO - Filling up the DagBag from /opt/airflow/dags/failed_lineage_dag.py
[2025-11-18T11:38:26.802+0000] {processor.py:840} INFO - DAG(s) 'failed_lineage_dag' retrieved from /opt/airflow/dags/failed_lineage_dag.py
[2025-11-18T11:38:26.845+0000] {logging_mixin.py:188} INFO - [2025-11-18T11:38:26.845+0000] {dag.py:3036} INFO - Sync 1 DAGs
[2025-11-18T11:38:26.865+0000] {logging_mixin.py:188} INFO - [2025-11-18T11:38:26.865+0000] {dag.py:3823} INFO - Setting next_dagrun for failed_lineage_dag to None, run_after=None
[2025-11-18T11:38:26.900+0000] {processor.py:183} INFO - Processing /opt/airflow/dags/failed_lineage_dag.py took 0.129 seconds
[2025-11-18T11:38:57.230+0000] {processor.py:161} INFO - Started process (PID=24386) to work on /opt/airflow/dags/failed_lineage_dag.py
[2025-11-18T11:38:57.232+0000] {processor.py:830} INFO - Processing file /opt/airflow/dags/failed_lineage_dag.py for tasks to queue
[2025-11-18T11:38:57.234+0000] {logging_mixin.py:188} INFO - [2025-11-18T11:38:57.233+0000] {dagbag.py:538} INFO - Filling up the DagBag from /opt/airflow/dags/failed_lineage_dag.py
[2025-11-18T11:38:57.291+0000] {processor.py:840} INFO - DAG(s) 'failed_lineage_dag' retrieved from /opt/airflow/dags/failed_lineage_dag.py
[2025-11-18T11:38:57.421+0000] {logging_mixin.py:188} INFO - [2025-11-18T11:38:57.420+0000] {dag.py:3036} INFO - Sync 1 DAGs
[2025-11-18T11:38:57.479+0000] {logging_mixin.py:188} INFO - [2025-11-18T11:38:57.479+0000] {dag.py:3823} INFO - Setting next_dagrun for failed_lineage_dag to None, run_after=None
[2025-11-18T11:38:57.557+0000] {processor.py:183} INFO - Processing /opt/airflow/dags/failed_lineage_dag.py took 0.336 seconds
[2025-11-18T11:39:28.426+0000] {processor.py:161} INFO - Started process (PID=24416) to work on /opt/airflow/dags/failed_lineage_dag.py
[2025-11-18T11:39:28.429+0000] {processor.py:830} INFO - Processing file /opt/airflow/dags/failed_lineage_dag.py for tasks to queue
[2025-11-18T11:39:28.430+0000] {logging_mixin.py:188} INFO - [2025-11-18T11:39:28.430+0000] {dagbag.py:538} INFO - Filling up the DagBag from /opt/airflow/dags/failed_lineage_dag.py
[2025-11-18T11:39:28.445+0000] {processor.py:840} INFO - DAG(s) 'failed_lineage_dag' retrieved from /opt/airflow/dags/failed_lineage_dag.py
[2025-11-18T11:39:28.478+0000] {logging_mixin.py:188} INFO - [2025-11-18T11:39:28.477+0000] {dag.py:3036} INFO - Sync 1 DAGs
[2025-11-18T11:39:28.490+0000] {logging_mixin.py:188} INFO - [2025-11-18T11:39:28.489+0000] {dag.py:3823} INFO - Setting next_dagrun for failed_lineage_dag to None, run_after=None
[2025-11-18T11:39:28.513+0000] {processor.py:183} INFO - Processing /opt/airflow/dags/failed_lineage_dag.py took 0.091 seconds
[2025-11-18T11:40:02.792+0000] {processor.py:161} INFO - Started process (PID=24443) to work on /opt/airflow/dags/failed_lineage_dag.py
[2025-11-18T11:40:02.801+0000] {processor.py:830} INFO - Processing file /opt/airflow/dags/failed_lineage_dag.py for tasks to queue
[2025-11-18T11:40:02.831+0000] {logging_mixin.py:188} INFO - [2025-11-18T11:40:02.831+0000] {dagbag.py:538} INFO - Filling up the DagBag from /opt/airflow/dags/failed_lineage_dag.py
[2025-11-18T11:40:03.782+0000] {processor.py:840} INFO - DAG(s) 'failed_lineage_dag' retrieved from /opt/airflow/dags/failed_lineage_dag.py
[2025-11-18T11:40:04.931+0000] {logging_mixin.py:188} INFO - [2025-11-18T11:40:04.931+0000] {dag.py:3036} INFO - Sync 1 DAGs
[2025-11-18T11:40:05.029+0000] {logging_mixin.py:188} INFO - [2025-11-18T11:40:05.028+0000] {dag.py:3823} INFO - Setting next_dagrun for failed_lineage_dag to None, run_after=None
[2025-11-18T11:40:05.224+0000] {processor.py:183} INFO - Processing /opt/airflow/dags/failed_lineage_dag.py took 2.446 seconds
[2025-11-18T11:40:37.220+0000] {processor.py:161} INFO - Started process (PID=24476) to work on /opt/airflow/dags/failed_lineage_dag.py
[2025-11-18T11:40:37.225+0000] {processor.py:830} INFO - Processing file /opt/airflow/dags/failed_lineage_dag.py for tasks to queue
[2025-11-18T11:40:37.234+0000] {logging_mixin.py:188} INFO - [2025-11-18T11:40:37.233+0000] {dagbag.py:538} INFO - Filling up the DagBag from /opt/airflow/dags/failed_lineage_dag.py
[2025-11-18T11:40:37.440+0000] {processor.py:840} INFO - DAG(s) 'failed_lineage_dag' retrieved from /opt/airflow/dags/failed_lineage_dag.py
[2025-11-18T11:40:37.657+0000] {logging_mixin.py:188} INFO - [2025-11-18T11:40:37.657+0000] {dag.py:3036} INFO - Sync 1 DAGs
[2025-11-18T11:40:37.742+0000] {logging_mixin.py:188} INFO - [2025-11-18T11:40:37.729+0000] {dag.py:3823} INFO - Setting next_dagrun for failed_lineage_dag to None, run_after=None
[2025-11-18T11:40:37.950+0000] {processor.py:183} INFO - Processing /opt/airflow/dags/failed_lineage_dag.py took 0.742 seconds
[2025-11-18T11:41:08.197+0000] {processor.py:161} INFO - Started process (PID=24508) to work on /opt/airflow/dags/failed_lineage_dag.py
[2025-11-18T11:41:08.199+0000] {processor.py:830} INFO - Processing file /opt/airflow/dags/failed_lineage_dag.py for tasks to queue
[2025-11-18T11:41:08.200+0000] {logging_mixin.py:188} INFO - [2025-11-18T11:41:08.200+0000] {dagbag.py:538} INFO - Filling up the DagBag from /opt/airflow/dags/failed_lineage_dag.py
[2025-11-18T11:41:08.222+0000] {processor.py:840} INFO - DAG(s) 'failed_lineage_dag' retrieved from /opt/airflow/dags/failed_lineage_dag.py
[2025-11-18T11:41:08.260+0000] {logging_mixin.py:188} INFO - [2025-11-18T11:41:08.260+0000] {dag.py:3036} INFO - Sync 1 DAGs
[2025-11-18T11:41:08.277+0000] {logging_mixin.py:188} INFO - [2025-11-18T11:41:08.277+0000] {dag.py:3823} INFO - Setting next_dagrun for failed_lineage_dag to None, run_after=None
[2025-11-18T11:41:08.311+0000] {processor.py:183} INFO - Processing /opt/airflow/dags/failed_lineage_dag.py took 0.118 seconds
[2025-11-18T11:41:38.737+0000] {processor.py:161} INFO - Started process (PID=24536) to work on /opt/airflow/dags/failed_lineage_dag.py
[2025-11-18T11:41:38.739+0000] {processor.py:830} INFO - Processing file /opt/airflow/dags/failed_lineage_dag.py for tasks to queue
[2025-11-18T11:41:38.741+0000] {logging_mixin.py:188} INFO - [2025-11-18T11:41:38.740+0000] {dagbag.py:538} INFO - Filling up the DagBag from /opt/airflow/dags/failed_lineage_dag.py
[2025-11-18T11:41:38.761+0000] {processor.py:840} INFO - DAG(s) 'failed_lineage_dag' retrieved from /opt/airflow/dags/failed_lineage_dag.py
[2025-11-18T11:41:38.800+0000] {logging_mixin.py:188} INFO - [2025-11-18T11:41:38.799+0000] {dag.py:3036} INFO - Sync 1 DAGs
[2025-11-18T11:41:38.812+0000] {logging_mixin.py:188} INFO - [2025-11-18T11:41:38.812+0000] {dag.py:3823} INFO - Setting next_dagrun for failed_lineage_dag to None, run_after=None
[2025-11-18T11:41:38.832+0000] {processor.py:183} INFO - Processing /opt/airflow/dags/failed_lineage_dag.py took 0.101 seconds
[2025-11-18T11:42:09.690+0000] {processor.py:161} INFO - Started process (PID=24563) to work on /opt/airflow/dags/failed_lineage_dag.py
[2025-11-18T11:42:09.693+0000] {processor.py:830} INFO - Processing file /opt/airflow/dags/failed_lineage_dag.py for tasks to queue
[2025-11-18T11:42:09.695+0000] {logging_mixin.py:188} INFO - [2025-11-18T11:42:09.694+0000] {dagbag.py:538} INFO - Filling up the DagBag from /opt/airflow/dags/failed_lineage_dag.py
[2025-11-18T11:42:09.721+0000] {processor.py:840} INFO - DAG(s) 'failed_lineage_dag' retrieved from /opt/airflow/dags/failed_lineage_dag.py
[2025-11-18T11:42:09.798+0000] {logging_mixin.py:188} INFO - [2025-11-18T11:42:09.797+0000] {dag.py:3036} INFO - Sync 1 DAGs
[2025-11-18T11:42:09.840+0000] {logging_mixin.py:188} INFO - [2025-11-18T11:42:09.839+0000] {dag.py:3823} INFO - Setting next_dagrun for failed_lineage_dag to None, run_after=None
[2025-11-18T11:42:09.914+0000] {processor.py:183} INFO - Processing /opt/airflow/dags/failed_lineage_dag.py took 0.230 seconds
[2025-11-18T11:42:43.346+0000] {processor.py:161} INFO - Started process (PID=24596) to work on /opt/airflow/dags/failed_lineage_dag.py
[2025-11-18T11:42:43.349+0000] {processor.py:830} INFO - Processing file /opt/airflow/dags/failed_lineage_dag.py for tasks to queue
[2025-11-18T11:42:43.359+0000] {logging_mixin.py:188} INFO - [2025-11-18T11:42:43.351+0000] {dagbag.py:538} INFO - Filling up the DagBag from /opt/airflow/dags/failed_lineage_dag.py
[2025-11-18T11:42:43.457+0000] {processor.py:840} INFO - DAG(s) 'failed_lineage_dag' retrieved from /opt/airflow/dags/failed_lineage_dag.py
[2025-11-18T11:42:43.765+0000] {logging_mixin.py:188} INFO - [2025-11-18T11:42:43.765+0000] {dag.py:3036} INFO - Sync 1 DAGs
[2025-11-18T11:42:43.812+0000] {logging_mixin.py:188} INFO - [2025-11-18T11:42:43.812+0000] {dag.py:3823} INFO - Setting next_dagrun for failed_lineage_dag to None, run_after=None
[2025-11-18T11:42:43.876+0000] {processor.py:183} INFO - Processing /opt/airflow/dags/failed_lineage_dag.py took 0.542 seconds
[2025-11-18T11:43:14.393+0000] {processor.py:161} INFO - Started process (PID=24626) to work on /opt/airflow/dags/failed_lineage_dag.py
[2025-11-18T11:43:14.395+0000] {processor.py:830} INFO - Processing file /opt/airflow/dags/failed_lineage_dag.py for tasks to queue
[2025-11-18T11:43:14.408+0000] {logging_mixin.py:188} INFO - [2025-11-18T11:43:14.407+0000] {dagbag.py:538} INFO - Filling up the DagBag from /opt/airflow/dags/failed_lineage_dag.py
[2025-11-18T11:43:14.521+0000] {processor.py:840} INFO - DAG(s) 'failed_lineage_dag' retrieved from /opt/airflow/dags/failed_lineage_dag.py
[2025-11-18T11:43:14.605+0000] {logging_mixin.py:188} INFO - [2025-11-18T11:43:14.604+0000] {dag.py:3036} INFO - Sync 1 DAGs
[2025-11-18T11:43:14.642+0000] {logging_mixin.py:188} INFO - [2025-11-18T11:43:14.641+0000] {dag.py:3823} INFO - Setting next_dagrun for failed_lineage_dag to None, run_after=None
[2025-11-18T11:43:14.714+0000] {processor.py:183} INFO - Processing /opt/airflow/dags/failed_lineage_dag.py took 0.326 seconds
[2025-11-18T11:43:45.388+0000] {processor.py:161} INFO - Started process (PID=24658) to work on /opt/airflow/dags/failed_lineage_dag.py
[2025-11-18T11:43:45.392+0000] {processor.py:830} INFO - Processing file /opt/airflow/dags/failed_lineage_dag.py for tasks to queue
[2025-11-18T11:43:45.396+0000] {logging_mixin.py:188} INFO - [2025-11-18T11:43:45.395+0000] {dagbag.py:538} INFO - Filling up the DagBag from /opt/airflow/dags/failed_lineage_dag.py
[2025-11-18T11:43:45.422+0000] {processor.py:840} INFO - DAG(s) 'failed_lineage_dag' retrieved from /opt/airflow/dags/failed_lineage_dag.py
[2025-11-18T11:43:45.503+0000] {logging_mixin.py:188} INFO - [2025-11-18T11:43:45.502+0000] {dag.py:3036} INFO - Sync 1 DAGs
[2025-11-18T11:43:45.536+0000] {logging_mixin.py:188} INFO - [2025-11-18T11:43:45.536+0000] {dag.py:3823} INFO - Setting next_dagrun for failed_lineage_dag to None, run_after=None
[2025-11-18T11:43:45.615+0000] {processor.py:183} INFO - Processing /opt/airflow/dags/failed_lineage_dag.py took 0.242 seconds
[2025-11-18T11:44:17.256+0000] {processor.py:161} INFO - Started process (PID=24686) to work on /opt/airflow/dags/failed_lineage_dag.py
[2025-11-18T11:44:17.266+0000] {processor.py:830} INFO - Processing file /opt/airflow/dags/failed_lineage_dag.py for tasks to queue
[2025-11-18T11:44:17.272+0000] {logging_mixin.py:188} INFO - [2025-11-18T11:44:17.271+0000] {dagbag.py:538} INFO - Filling up the DagBag from /opt/airflow/dags/failed_lineage_dag.py
[2025-11-18T11:44:17.355+0000] {processor.py:840} INFO - DAG(s) 'failed_lineage_dag' retrieved from /opt/airflow/dags/failed_lineage_dag.py
[2025-11-18T11:44:17.472+0000] {logging_mixin.py:188} INFO - [2025-11-18T11:44:17.471+0000] {dag.py:3036} INFO - Sync 1 DAGs
[2025-11-18T11:44:17.521+0000] {logging_mixin.py:188} INFO - [2025-11-18T11:44:17.520+0000] {dag.py:3823} INFO - Setting next_dagrun for failed_lineage_dag to None, run_after=None
[2025-11-18T11:44:17.752+0000] {processor.py:183} INFO - Processing /opt/airflow/dags/failed_lineage_dag.py took 0.512 seconds
[2025-11-18T11:44:48.516+0000] {processor.py:161} INFO - Started process (PID=24718) to work on /opt/airflow/dags/failed_lineage_dag.py
[2025-11-18T11:44:48.518+0000] {processor.py:830} INFO - Processing file /opt/airflow/dags/failed_lineage_dag.py for tasks to queue
[2025-11-18T11:44:48.519+0000] {logging_mixin.py:188} INFO - [2025-11-18T11:44:48.519+0000] {dagbag.py:538} INFO - Filling up the DagBag from /opt/airflow/dags/failed_lineage_dag.py
[2025-11-18T11:44:48.536+0000] {processor.py:840} INFO - DAG(s) 'failed_lineage_dag' retrieved from /opt/airflow/dags/failed_lineage_dag.py
[2025-11-18T11:44:48.569+0000] {logging_mixin.py:188} INFO - [2025-11-18T11:44:48.569+0000] {dag.py:3036} INFO - Sync 1 DAGs
[2025-11-18T11:44:48.583+0000] {logging_mixin.py:188} INFO - [2025-11-18T11:44:48.583+0000] {dag.py:3823} INFO - Setting next_dagrun for failed_lineage_dag to None, run_after=None
[2025-11-18T11:44:48.606+0000] {processor.py:183} INFO - Processing /opt/airflow/dags/failed_lineage_dag.py took 0.094 seconds
[2025-11-18T11:45:23.714+0000] {processor.py:161} INFO - Started process (PID=24748) to work on /opt/airflow/dags/failed_lineage_dag.py
[2025-11-18T11:45:23.723+0000] {processor.py:830} INFO - Processing file /opt/airflow/dags/failed_lineage_dag.py for tasks to queue
[2025-11-18T11:45:23.725+0000] {logging_mixin.py:188} INFO - [2025-11-18T11:45:23.725+0000] {dagbag.py:538} INFO - Filling up the DagBag from /opt/airflow/dags/failed_lineage_dag.py
[2025-11-18T11:45:24.212+0000] {processor.py:840} INFO - DAG(s) 'failed_lineage_dag' retrieved from /opt/airflow/dags/failed_lineage_dag.py
[2025-11-18T11:45:24.429+0000] {logging_mixin.py:188} INFO - [2025-11-18T11:45:24.428+0000] {dag.py:3036} INFO - Sync 1 DAGs
[2025-11-18T11:45:24.744+0000] {logging_mixin.py:188} INFO - [2025-11-18T11:45:24.743+0000] {dag.py:3823} INFO - Setting next_dagrun for failed_lineage_dag to None, run_after=None
[2025-11-18T11:45:25.355+0000] {processor.py:183} INFO - Processing /opt/airflow/dags/failed_lineage_dag.py took 1.647 seconds
[2025-11-18T11:46:03.134+0000] {processor.py:161} INFO - Started process (PID=24776) to work on /opt/airflow/dags/failed_lineage_dag.py
[2025-11-18T11:46:03.146+0000] {processor.py:830} INFO - Processing file /opt/airflow/dags/failed_lineage_dag.py for tasks to queue
[2025-11-18T11:46:03.168+0000] {logging_mixin.py:188} INFO - [2025-11-18T11:46:03.167+0000] {dagbag.py:538} INFO - Filling up the DagBag from /opt/airflow/dags/failed_lineage_dag.py
[2025-11-18T11:46:03.964+0000] {processor.py:840} INFO - DAG(s) 'failed_lineage_dag' retrieved from /opt/airflow/dags/failed_lineage_dag.py
[2025-11-18T11:46:04.207+0000] {logging_mixin.py:188} INFO - [2025-11-18T11:46:04.206+0000] {dag.py:3036} INFO - Sync 1 DAGs
[2025-11-18T11:46:04.251+0000] {logging_mixin.py:188} INFO - [2025-11-18T11:46:04.251+0000] {dag.py:3823} INFO - Setting next_dagrun for failed_lineage_dag to None, run_after=None
[2025-11-18T11:46:04.343+0000] {processor.py:183} INFO - Processing /opt/airflow/dags/failed_lineage_dag.py took 1.215 seconds
[2025-11-18T11:46:36.350+0000] {processor.py:161} INFO - Started process (PID=24806) to work on /opt/airflow/dags/failed_lineage_dag.py
[2025-11-18T11:46:36.353+0000] {processor.py:830} INFO - Processing file /opt/airflow/dags/failed_lineage_dag.py for tasks to queue
[2025-11-18T11:46:36.362+0000] {logging_mixin.py:188} INFO - [2025-11-18T11:46:36.362+0000] {dagbag.py:538} INFO - Filling up the DagBag from /opt/airflow/dags/failed_lineage_dag.py
[2025-11-18T11:46:36.486+0000] {processor.py:840} INFO - DAG(s) 'failed_lineage_dag' retrieved from /opt/airflow/dags/failed_lineage_dag.py
[2025-11-18T11:46:36.638+0000] {logging_mixin.py:188} INFO - [2025-11-18T11:46:36.637+0000] {dag.py:3036} INFO - Sync 1 DAGs
[2025-11-18T11:46:36.729+0000] {logging_mixin.py:188} INFO - [2025-11-18T11:46:36.729+0000] {dag.py:3823} INFO - Setting next_dagrun for failed_lineage_dag to None, run_after=None
[2025-11-18T11:46:36.819+0000] {processor.py:183} INFO - Processing /opt/airflow/dags/failed_lineage_dag.py took 0.474 seconds
[2025-11-18T11:47:07.096+0000] {processor.py:161} INFO - Started process (PID=24836) to work on /opt/airflow/dags/failed_lineage_dag.py
[2025-11-18T11:47:07.102+0000] {processor.py:830} INFO - Processing file /opt/airflow/dags/failed_lineage_dag.py for tasks to queue
[2025-11-18T11:47:07.112+0000] {logging_mixin.py:188} INFO - [2025-11-18T11:47:07.111+0000] {dagbag.py:538} INFO - Filling up the DagBag from /opt/airflow/dags/failed_lineage_dag.py
[2025-11-18T11:47:07.201+0000] {processor.py:840} INFO - DAG(s) 'failed_lineage_dag' retrieved from /opt/airflow/dags/failed_lineage_dag.py
[2025-11-18T11:47:07.334+0000] {logging_mixin.py:188} INFO - [2025-11-18T11:47:07.334+0000] {dag.py:3036} INFO - Sync 1 DAGs
[2025-11-18T11:47:07.412+0000] {logging_mixin.py:188} INFO - [2025-11-18T11:47:07.411+0000] {dag.py:3823} INFO - Setting next_dagrun for failed_lineage_dag to None, run_after=None
[2025-11-18T11:47:07.523+0000] {processor.py:183} INFO - Processing /opt/airflow/dags/failed_lineage_dag.py took 0.432 seconds
[2025-11-18T11:47:39.863+0000] {processor.py:161} INFO - Started process (PID=24866) to work on /opt/airflow/dags/failed_lineage_dag.py
[2025-11-18T11:47:39.882+0000] {processor.py:830} INFO - Processing file /opt/airflow/dags/failed_lineage_dag.py for tasks to queue
[2025-11-18T11:47:39.885+0000] {logging_mixin.py:188} INFO - [2025-11-18T11:47:39.885+0000] {dagbag.py:538} INFO - Filling up the DagBag from /opt/airflow/dags/failed_lineage_dag.py
[2025-11-18T11:47:40.231+0000] {processor.py:840} INFO - DAG(s) 'failed_lineage_dag' retrieved from /opt/airflow/dags/failed_lineage_dag.py
[2025-11-18T11:47:40.371+0000] {logging_mixin.py:188} INFO - [2025-11-18T11:47:40.371+0000] {dag.py:3036} INFO - Sync 1 DAGs
[2025-11-18T11:47:40.452+0000] {logging_mixin.py:188} INFO - [2025-11-18T11:47:40.444+0000] {dag.py:3823} INFO - Setting next_dagrun for failed_lineage_dag to None, run_after=None
[2025-11-18T11:47:40.555+0000] {processor.py:183} INFO - Processing /opt/airflow/dags/failed_lineage_dag.py took 0.706 seconds
[2025-11-18T11:48:23.698+0000] {processor.py:161} INFO - Started process (PID=24896) to work on /opt/airflow/dags/failed_lineage_dag.py
[2025-11-18T11:48:23.715+0000] {processor.py:830} INFO - Processing file /opt/airflow/dags/failed_lineage_dag.py for tasks to queue
[2025-11-18T11:48:23.724+0000] {logging_mixin.py:188} INFO - [2025-11-18T11:48:23.722+0000] {dagbag.py:538} INFO - Filling up the DagBag from /opt/airflow/dags/failed_lineage_dag.py
[2025-11-18T11:48:24.134+0000] {processor.py:840} INFO - DAG(s) 'failed_lineage_dag' retrieved from /opt/airflow/dags/failed_lineage_dag.py
[2025-11-18T11:48:24.289+0000] {logging_mixin.py:188} INFO - [2025-11-18T11:48:24.289+0000] {dag.py:3036} INFO - Sync 1 DAGs
[2025-11-18T11:48:24.372+0000] {logging_mixin.py:188} INFO - [2025-11-18T11:48:24.371+0000] {dag.py:3823} INFO - Setting next_dagrun for failed_lineage_dag to None, run_after=None
[2025-11-18T11:48:24.963+0000] {processor.py:183} INFO - Processing /opt/airflow/dags/failed_lineage_dag.py took 1.271 seconds
[2025-11-18T11:49:04.263+0000] {processor.py:161} INFO - Started process (PID=24928) to work on /opt/airflow/dags/failed_lineage_dag.py
[2025-11-18T11:49:04.297+0000] {processor.py:830} INFO - Processing file /opt/airflow/dags/failed_lineage_dag.py for tasks to queue
[2025-11-18T11:49:04.301+0000] {logging_mixin.py:188} INFO - [2025-11-18T11:49:04.300+0000] {dagbag.py:538} INFO - Filling up the DagBag from /opt/airflow/dags/failed_lineage_dag.py
[2025-11-18T11:49:04.809+0000] {processor.py:840} INFO - DAG(s) 'failed_lineage_dag' retrieved from /opt/airflow/dags/failed_lineage_dag.py
[2025-11-18T11:49:05.037+0000] {logging_mixin.py:188} INFO - [2025-11-18T11:49:05.036+0000] {dag.py:3036} INFO - Sync 1 DAGs
[2025-11-18T11:49:05.134+0000] {logging_mixin.py:188} INFO - [2025-11-18T11:49:05.134+0000] {dag.py:3823} INFO - Setting next_dagrun for failed_lineage_dag to None, run_after=None
[2025-11-18T11:49:05.257+0000] {processor.py:183} INFO - Processing /opt/airflow/dags/failed_lineage_dag.py took 1.000 seconds
[2025-11-18T11:49:39.005+0000] {processor.py:161} INFO - Started process (PID=24958) to work on /opt/airflow/dags/failed_lineage_dag.py
[2025-11-18T11:49:39.019+0000] {processor.py:830} INFO - Processing file /opt/airflow/dags/failed_lineage_dag.py for tasks to queue
[2025-11-18T11:49:39.023+0000] {logging_mixin.py:188} INFO - [2025-11-18T11:49:39.023+0000] {dagbag.py:538} INFO - Filling up the DagBag from /opt/airflow/dags/failed_lineage_dag.py
[2025-11-18T11:49:39.087+0000] {processor.py:840} INFO - DAG(s) 'failed_lineage_dag' retrieved from /opt/airflow/dags/failed_lineage_dag.py
[2025-11-18T11:49:39.176+0000] {logging_mixin.py:188} INFO - [2025-11-18T11:49:39.175+0000] {dag.py:3036} INFO - Sync 1 DAGs
[2025-11-18T11:49:39.240+0000] {logging_mixin.py:188} INFO - [2025-11-18T11:49:39.240+0000] {dag.py:3823} INFO - Setting next_dagrun for failed_lineage_dag to None, run_after=None
[2025-11-18T11:49:39.326+0000] {processor.py:183} INFO - Processing /opt/airflow/dags/failed_lineage_dag.py took 0.326 seconds
[2025-11-18T11:50:31.708+0000] {processor.py:161} INFO - Started process (PID=24988) to work on /opt/airflow/dags/failed_lineage_dag.py
[2025-11-18T11:50:31.745+0000] {processor.py:830} INFO - Processing file /opt/airflow/dags/failed_lineage_dag.py for tasks to queue
[2025-11-18T11:50:31.757+0000] {logging_mixin.py:188} INFO - [2025-11-18T11:50:31.756+0000] {dagbag.py:538} INFO - Filling up the DagBag from /opt/airflow/dags/failed_lineage_dag.py
[2025-11-18T11:50:34.021+0000] {processor.py:840} INFO - DAG(s) 'failed_lineage_dag' retrieved from /opt/airflow/dags/failed_lineage_dag.py
[2025-11-18T11:50:34.696+0000] {logging_mixin.py:188} INFO - [2025-11-18T11:50:34.696+0000] {dag.py:3036} INFO - Sync 1 DAGs
[2025-11-18T11:50:34.809+0000] {logging_mixin.py:188} INFO - [2025-11-18T11:50:34.808+0000] {dag.py:3823} INFO - Setting next_dagrun for failed_lineage_dag to None, run_after=None
[2025-11-18T11:50:34.985+0000] {processor.py:183} INFO - Processing /opt/airflow/dags/failed_lineage_dag.py took 3.290 seconds
[2025-11-18T11:51:06.231+0000] {processor.py:161} INFO - Started process (PID=25018) to work on /opt/airflow/dags/failed_lineage_dag.py
[2025-11-18T11:51:06.237+0000] {processor.py:830} INFO - Processing file /opt/airflow/dags/failed_lineage_dag.py for tasks to queue
[2025-11-18T11:51:06.239+0000] {logging_mixin.py:188} INFO - [2025-11-18T11:51:06.238+0000] {dagbag.py:538} INFO - Filling up the DagBag from /opt/airflow/dags/failed_lineage_dag.py
[2025-11-18T11:51:06.957+0000] {processor.py:840} INFO - DAG(s) 'failed_lineage_dag' retrieved from /opt/airflow/dags/failed_lineage_dag.py
[2025-11-18T11:51:07.147+0000] {logging_mixin.py:188} INFO - [2025-11-18T11:51:07.147+0000] {dag.py:3036} INFO - Sync 1 DAGs
[2025-11-18T11:51:07.228+0000] {logging_mixin.py:188} INFO - [2025-11-18T11:51:07.225+0000] {dag.py:3823} INFO - Setting next_dagrun for failed_lineage_dag to None, run_after=None
[2025-11-18T11:51:07.468+0000] {processor.py:183} INFO - Processing /opt/airflow/dags/failed_lineage_dag.py took 1.255 seconds
[2025-11-18T11:51:41.726+0000] {processor.py:161} INFO - Started process (PID=25048) to work on /opt/airflow/dags/failed_lineage_dag.py
[2025-11-18T11:51:41.744+0000] {processor.py:830} INFO - Processing file /opt/airflow/dags/failed_lineage_dag.py for tasks to queue
[2025-11-18T11:51:41.751+0000] {logging_mixin.py:188} INFO - [2025-11-18T11:51:41.750+0000] {dagbag.py:538} INFO - Filling up the DagBag from /opt/airflow/dags/failed_lineage_dag.py
[2025-11-18T11:51:41.819+0000] {processor.py:840} INFO - DAG(s) 'failed_lineage_dag' retrieved from /opt/airflow/dags/failed_lineage_dag.py
[2025-11-18T11:51:41.994+0000] {logging_mixin.py:188} INFO - [2025-11-18T11:51:41.994+0000] {dag.py:3036} INFO - Sync 1 DAGs
[2025-11-18T11:51:42.077+0000] {logging_mixin.py:188} INFO - [2025-11-18T11:51:42.076+0000] {dag.py:3823} INFO - Setting next_dagrun for failed_lineage_dag to None, run_after=None
[2025-11-18T11:51:42.365+0000] {processor.py:183} INFO - Processing /opt/airflow/dags/failed_lineage_dag.py took 0.645 seconds
[2025-11-18T11:52:18.915+0000] {processor.py:161} INFO - Started process (PID=25076) to work on /opt/airflow/dags/failed_lineage_dag.py
[2025-11-18T11:52:18.918+0000] {processor.py:830} INFO - Processing file /opt/airflow/dags/failed_lineage_dag.py for tasks to queue
[2025-11-18T11:52:18.923+0000] {logging_mixin.py:188} INFO - [2025-11-18T11:52:18.923+0000] {dagbag.py:538} INFO - Filling up the DagBag from /opt/airflow/dags/failed_lineage_dag.py
[2025-11-18T11:52:19.203+0000] {processor.py:840} INFO - DAG(s) 'failed_lineage_dag' retrieved from /opt/airflow/dags/failed_lineage_dag.py
[2025-11-18T11:52:19.418+0000] {logging_mixin.py:188} INFO - [2025-11-18T11:52:19.417+0000] {dag.py:3036} INFO - Sync 1 DAGs
[2025-11-18T11:52:19.495+0000] {logging_mixin.py:188} INFO - [2025-11-18T11:52:19.495+0000] {dag.py:3823} INFO - Setting next_dagrun for failed_lineage_dag to None, run_after=None
[2025-11-18T11:52:19.640+0000] {processor.py:183} INFO - Processing /opt/airflow/dags/failed_lineage_dag.py took 0.743 seconds
[2025-11-18T11:52:51.443+0000] {processor.py:161} INFO - Started process (PID=25106) to work on /opt/airflow/dags/failed_lineage_dag.py
[2025-11-18T11:52:51.446+0000] {processor.py:830} INFO - Processing file /opt/airflow/dags/failed_lineage_dag.py for tasks to queue
[2025-11-18T11:52:51.458+0000] {logging_mixin.py:188} INFO - [2025-11-18T11:52:51.456+0000] {dagbag.py:538} INFO - Filling up the DagBag from /opt/airflow/dags/failed_lineage_dag.py
[2025-11-18T11:52:51.754+0000] {processor.py:840} INFO - DAG(s) 'failed_lineage_dag' retrieved from /opt/airflow/dags/failed_lineage_dag.py
[2025-11-18T11:52:52.000+0000] {logging_mixin.py:188} INFO - [2025-11-18T11:52:51.999+0000] {dag.py:3036} INFO - Sync 1 DAGs
[2025-11-18T11:52:52.079+0000] {logging_mixin.py:188} INFO - [2025-11-18T11:52:52.079+0000] {dag.py:3823} INFO - Setting next_dagrun for failed_lineage_dag to None, run_after=None
[2025-11-18T11:52:52.216+0000] {processor.py:183} INFO - Processing /opt/airflow/dags/failed_lineage_dag.py took 0.796 seconds
[2025-11-18T11:53:23.714+0000] {processor.py:161} INFO - Started process (PID=25138) to work on /opt/airflow/dags/failed_lineage_dag.py
[2025-11-18T11:53:23.824+0000] {processor.py:830} INFO - Processing file /opt/airflow/dags/failed_lineage_dag.py for tasks to queue
[2025-11-18T11:53:23.827+0000] {logging_mixin.py:188} INFO - [2025-11-18T11:53:23.826+0000] {dagbag.py:538} INFO - Filling up the DagBag from /opt/airflow/dags/failed_lineage_dag.py
[2025-11-18T11:53:23.893+0000] {processor.py:840} INFO - DAG(s) 'failed_lineage_dag' retrieved from /opt/airflow/dags/failed_lineage_dag.py
[2025-11-18T11:53:24.069+0000] {logging_mixin.py:188} INFO - [2025-11-18T11:53:24.069+0000] {dag.py:3036} INFO - Sync 1 DAGs
[2025-11-18T11:53:24.255+0000] {logging_mixin.py:188} INFO - [2025-11-18T11:53:24.255+0000] {dag.py:3823} INFO - Setting next_dagrun for failed_lineage_dag to None, run_after=None
[2025-11-18T11:53:24.430+0000] {processor.py:183} INFO - Processing /opt/airflow/dags/failed_lineage_dag.py took 0.721 seconds
[2025-11-18T11:53:55.325+0000] {processor.py:161} INFO - Started process (PID=25168) to work on /opt/airflow/dags/failed_lineage_dag.py
[2025-11-18T11:53:55.327+0000] {processor.py:830} INFO - Processing file /opt/airflow/dags/failed_lineage_dag.py for tasks to queue
[2025-11-18T11:53:55.329+0000] {logging_mixin.py:188} INFO - [2025-11-18T11:53:55.328+0000] {dagbag.py:538} INFO - Filling up the DagBag from /opt/airflow/dags/failed_lineage_dag.py
[2025-11-18T11:53:55.365+0000] {processor.py:840} INFO - DAG(s) 'failed_lineage_dag' retrieved from /opt/airflow/dags/failed_lineage_dag.py
[2025-11-18T11:53:55.455+0000] {logging_mixin.py:188} INFO - [2025-11-18T11:53:55.455+0000] {dag.py:3036} INFO - Sync 1 DAGs
[2025-11-18T11:53:55.510+0000] {logging_mixin.py:188} INFO - [2025-11-18T11:53:55.510+0000] {dag.py:3823} INFO - Setting next_dagrun for failed_lineage_dag to None, run_after=None
[2025-11-18T11:53:55.625+0000] {processor.py:183} INFO - Processing /opt/airflow/dags/failed_lineage_dag.py took 0.312 seconds
[2025-11-18T11:54:26.551+0000] {processor.py:161} INFO - Started process (PID=25198) to work on /opt/airflow/dags/failed_lineage_dag.py
[2025-11-18T11:54:26.565+0000] {processor.py:830} INFO - Processing file /opt/airflow/dags/failed_lineage_dag.py for tasks to queue
[2025-11-18T11:54:26.572+0000] {logging_mixin.py:188} INFO - [2025-11-18T11:54:26.571+0000] {dagbag.py:538} INFO - Filling up the DagBag from /opt/airflow/dags/failed_lineage_dag.py
[2025-11-18T11:54:26.594+0000] {processor.py:840} INFO - DAG(s) 'failed_lineage_dag' retrieved from /opt/airflow/dags/failed_lineage_dag.py
[2025-11-18T11:54:26.658+0000] {logging_mixin.py:188} INFO - [2025-11-18T11:54:26.657+0000] {dag.py:3036} INFO - Sync 1 DAGs
[2025-11-18T11:54:26.680+0000] {logging_mixin.py:188} INFO - [2025-11-18T11:54:26.680+0000] {dag.py:3823} INFO - Setting next_dagrun for failed_lineage_dag to None, run_after=None
[2025-11-18T11:54:26.757+0000] {processor.py:183} INFO - Processing /opt/airflow/dags/failed_lineage_dag.py took 0.224 seconds
[2025-11-18T11:54:57.080+0000] {processor.py:161} INFO - Started process (PID=25228) to work on /opt/airflow/dags/failed_lineage_dag.py
[2025-11-18T11:54:57.088+0000] {processor.py:830} INFO - Processing file /opt/airflow/dags/failed_lineage_dag.py for tasks to queue
[2025-11-18T11:54:57.091+0000] {logging_mixin.py:188} INFO - [2025-11-18T11:54:57.090+0000] {dagbag.py:538} INFO - Filling up the DagBag from /opt/airflow/dags/failed_lineage_dag.py
[2025-11-18T11:54:57.157+0000] {processor.py:840} INFO - DAG(s) 'failed_lineage_dag' retrieved from /opt/airflow/dags/failed_lineage_dag.py
[2025-11-18T11:54:57.251+0000] {logging_mixin.py:188} INFO - [2025-11-18T11:54:57.251+0000] {dag.py:3036} INFO - Sync 1 DAGs
[2025-11-18T11:54:57.303+0000] {logging_mixin.py:188} INFO - [2025-11-18T11:54:57.302+0000] {dag.py:3823} INFO - Setting next_dagrun for failed_lineage_dag to None, run_after=None
[2025-11-18T11:54:57.385+0000] {processor.py:183} INFO - Processing /opt/airflow/dags/failed_lineage_dag.py took 0.312 seconds
[2025-11-18T11:55:27.755+0000] {processor.py:161} INFO - Started process (PID=25258) to work on /opt/airflow/dags/failed_lineage_dag.py
[2025-11-18T11:55:27.758+0000] {processor.py:830} INFO - Processing file /opt/airflow/dags/failed_lineage_dag.py for tasks to queue
[2025-11-18T11:55:27.760+0000] {logging_mixin.py:188} INFO - [2025-11-18T11:55:27.759+0000] {dagbag.py:538} INFO - Filling up the DagBag from /opt/airflow/dags/failed_lineage_dag.py
[2025-11-18T11:55:27.797+0000] {processor.py:840} INFO - DAG(s) 'failed_lineage_dag' retrieved from /opt/airflow/dags/failed_lineage_dag.py
[2025-11-18T11:55:27.864+0000] {logging_mixin.py:188} INFO - [2025-11-18T11:55:27.863+0000] {dag.py:3036} INFO - Sync 1 DAGs
[2025-11-18T11:55:27.885+0000] {logging_mixin.py:188} INFO - [2025-11-18T11:55:27.885+0000] {dag.py:3823} INFO - Setting next_dagrun for failed_lineage_dag to None, run_after=None
[2025-11-18T11:55:27.951+0000] {processor.py:183} INFO - Processing /opt/airflow/dags/failed_lineage_dag.py took 0.203 seconds
[2025-11-18T11:55:58.416+0000] {processor.py:161} INFO - Started process (PID=25286) to work on /opt/airflow/dags/failed_lineage_dag.py
[2025-11-18T11:55:58.418+0000] {processor.py:830} INFO - Processing file /opt/airflow/dags/failed_lineage_dag.py for tasks to queue
[2025-11-18T11:55:58.421+0000] {logging_mixin.py:188} INFO - [2025-11-18T11:55:58.419+0000] {dagbag.py:538} INFO - Filling up the DagBag from /opt/airflow/dags/failed_lineage_dag.py
[2025-11-18T11:55:58.441+0000] {processor.py:840} INFO - DAG(s) 'failed_lineage_dag' retrieved from /opt/airflow/dags/failed_lineage_dag.py
[2025-11-18T11:55:58.473+0000] {logging_mixin.py:188} INFO - [2025-11-18T11:55:58.473+0000] {dag.py:3036} INFO - Sync 1 DAGs
[2025-11-18T11:55:58.489+0000] {logging_mixin.py:188} INFO - [2025-11-18T11:55:58.488+0000] {dag.py:3823} INFO - Setting next_dagrun for failed_lineage_dag to None, run_after=None
[2025-11-18T11:55:58.521+0000] {processor.py:183} INFO - Processing /opt/airflow/dags/failed_lineage_dag.py took 0.108 seconds
[2025-11-18T11:56:28.892+0000] {processor.py:161} INFO - Started process (PID=25316) to work on /opt/airflow/dags/failed_lineage_dag.py
[2025-11-18T11:56:28.894+0000] {processor.py:830} INFO - Processing file /opt/airflow/dags/failed_lineage_dag.py for tasks to queue
[2025-11-18T11:56:28.896+0000] {logging_mixin.py:188} INFO - [2025-11-18T11:56:28.896+0000] {dagbag.py:538} INFO - Filling up the DagBag from /opt/airflow/dags/failed_lineage_dag.py
[2025-11-18T11:56:28.922+0000] {processor.py:840} INFO - DAG(s) 'failed_lineage_dag' retrieved from /opt/airflow/dags/failed_lineage_dag.py
[2025-11-18T11:56:28.967+0000] {logging_mixin.py:188} INFO - [2025-11-18T11:56:28.967+0000] {dag.py:3036} INFO - Sync 1 DAGs
[2025-11-18T11:56:28.995+0000] {logging_mixin.py:188} INFO - [2025-11-18T11:56:28.994+0000] {dag.py:3823} INFO - Setting next_dagrun for failed_lineage_dag to None, run_after=None
[2025-11-18T11:56:29.036+0000] {processor.py:183} INFO - Processing /opt/airflow/dags/failed_lineage_dag.py took 0.149 seconds
[2025-11-18T11:56:59.648+0000] {processor.py:161} INFO - Started process (PID=25348) to work on /opt/airflow/dags/failed_lineage_dag.py
[2025-11-18T11:56:59.650+0000] {processor.py:830} INFO - Processing file /opt/airflow/dags/failed_lineage_dag.py for tasks to queue
[2025-11-18T11:56:59.651+0000] {logging_mixin.py:188} INFO - [2025-11-18T11:56:59.651+0000] {dagbag.py:538} INFO - Filling up the DagBag from /opt/airflow/dags/failed_lineage_dag.py
[2025-11-18T11:56:59.667+0000] {processor.py:840} INFO - DAG(s) 'failed_lineage_dag' retrieved from /opt/airflow/dags/failed_lineage_dag.py
[2025-11-18T11:56:59.709+0000] {logging_mixin.py:188} INFO - [2025-11-18T11:56:59.709+0000] {dag.py:3036} INFO - Sync 1 DAGs
[2025-11-18T11:56:59.724+0000] {logging_mixin.py:188} INFO - [2025-11-18T11:56:59.723+0000] {dag.py:3823} INFO - Setting next_dagrun for failed_lineage_dag to None, run_after=None
[2025-11-18T11:56:59.755+0000] {processor.py:183} INFO - Processing /opt/airflow/dags/failed_lineage_dag.py took 0.112 seconds
[2025-11-18T11:57:30.163+0000] {processor.py:161} INFO - Started process (PID=25378) to work on /opt/airflow/dags/failed_lineage_dag.py
[2025-11-18T11:57:30.165+0000] {processor.py:830} INFO - Processing file /opt/airflow/dags/failed_lineage_dag.py for tasks to queue
[2025-11-18T11:57:30.168+0000] {logging_mixin.py:188} INFO - [2025-11-18T11:57:30.168+0000] {dagbag.py:538} INFO - Filling up the DagBag from /opt/airflow/dags/failed_lineage_dag.py
[2025-11-18T11:57:30.220+0000] {processor.py:840} INFO - DAG(s) 'failed_lineage_dag' retrieved from /opt/airflow/dags/failed_lineage_dag.py
[2025-11-18T11:57:30.254+0000] {logging_mixin.py:188} INFO - [2025-11-18T11:57:30.254+0000] {dag.py:3036} INFO - Sync 1 DAGs
[2025-11-18T11:57:30.279+0000] {logging_mixin.py:188} INFO - [2025-11-18T11:57:30.278+0000] {dag.py:3823} INFO - Setting next_dagrun for failed_lineage_dag to None, run_after=None
[2025-11-18T11:57:30.333+0000] {processor.py:183} INFO - Processing /opt/airflow/dags/failed_lineage_dag.py took 0.174 seconds
[2025-11-18T11:58:00.954+0000] {processor.py:161} INFO - Started process (PID=25406) to work on /opt/airflow/dags/failed_lineage_dag.py
[2025-11-18T11:58:00.955+0000] {processor.py:830} INFO - Processing file /opt/airflow/dags/failed_lineage_dag.py for tasks to queue
[2025-11-18T11:58:00.966+0000] {logging_mixin.py:188} INFO - [2025-11-18T11:58:00.966+0000] {dagbag.py:538} INFO - Filling up the DagBag from /opt/airflow/dags/failed_lineage_dag.py
[2025-11-18T11:58:01.005+0000] {processor.py:840} INFO - DAG(s) 'failed_lineage_dag' retrieved from /opt/airflow/dags/failed_lineage_dag.py
[2025-11-18T11:58:01.122+0000] {logging_mixin.py:188} INFO - [2025-11-18T11:58:01.121+0000] {dag.py:3036} INFO - Sync 1 DAGs
[2025-11-18T11:58:01.152+0000] {logging_mixin.py:188} INFO - [2025-11-18T11:58:01.152+0000] {dag.py:3823} INFO - Setting next_dagrun for failed_lineage_dag to None, run_after=None
[2025-11-18T11:58:01.224+0000] {processor.py:183} INFO - Processing /opt/airflow/dags/failed_lineage_dag.py took 0.275 seconds
[2025-11-18T11:58:32.077+0000] {processor.py:161} INFO - Started process (PID=25438) to work on /opt/airflow/dags/failed_lineage_dag.py
[2025-11-18T11:58:32.079+0000] {processor.py:830} INFO - Processing file /opt/airflow/dags/failed_lineage_dag.py for tasks to queue
[2025-11-18T11:58:32.081+0000] {logging_mixin.py:188} INFO - [2025-11-18T11:58:32.080+0000] {dagbag.py:538} INFO - Filling up the DagBag from /opt/airflow/dags/failed_lineage_dag.py
[2025-11-18T11:58:32.105+0000] {processor.py:840} INFO - DAG(s) 'failed_lineage_dag' retrieved from /opt/airflow/dags/failed_lineage_dag.py
[2025-11-18T11:58:32.155+0000] {logging_mixin.py:188} INFO - [2025-11-18T11:58:32.155+0000] {dag.py:3036} INFO - Sync 1 DAGs
[2025-11-18T11:58:32.171+0000] {logging_mixin.py:188} INFO - [2025-11-18T11:58:32.170+0000] {dag.py:3823} INFO - Setting next_dagrun for failed_lineage_dag to None, run_after=None
[2025-11-18T11:58:32.208+0000] {processor.py:183} INFO - Processing /opt/airflow/dags/failed_lineage_dag.py took 0.135 seconds
[2025-11-18T11:59:03.296+0000] {processor.py:161} INFO - Started process (PID=25468) to work on /opt/airflow/dags/failed_lineage_dag.py
[2025-11-18T11:59:03.305+0000] {processor.py:830} INFO - Processing file /opt/airflow/dags/failed_lineage_dag.py for tasks to queue
[2025-11-18T11:59:03.309+0000] {logging_mixin.py:188} INFO - [2025-11-18T11:59:03.307+0000] {dagbag.py:538} INFO - Filling up the DagBag from /opt/airflow/dags/failed_lineage_dag.py
[2025-11-18T11:59:03.340+0000] {processor.py:840} INFO - DAG(s) 'failed_lineage_dag' retrieved from /opt/airflow/dags/failed_lineage_dag.py
[2025-11-18T11:59:03.412+0000] {logging_mixin.py:188} INFO - [2025-11-18T11:59:03.411+0000] {dag.py:3036} INFO - Sync 1 DAGs
[2025-11-18T11:59:03.447+0000] {logging_mixin.py:188} INFO - [2025-11-18T11:59:03.447+0000] {dag.py:3823} INFO - Setting next_dagrun for failed_lineage_dag to None, run_after=None
[2025-11-18T11:59:03.530+0000] {processor.py:183} INFO - Processing /opt/airflow/dags/failed_lineage_dag.py took 0.238 seconds
[2025-11-18T11:59:33.667+0000] {processor.py:161} INFO - Started process (PID=25498) to work on /opt/airflow/dags/failed_lineage_dag.py
[2025-11-18T11:59:33.669+0000] {processor.py:830} INFO - Processing file /opt/airflow/dags/failed_lineage_dag.py for tasks to queue
[2025-11-18T11:59:33.672+0000] {logging_mixin.py:188} INFO - [2025-11-18T11:59:33.672+0000] {dagbag.py:538} INFO - Filling up the DagBag from /opt/airflow/dags/failed_lineage_dag.py
[2025-11-18T11:59:33.700+0000] {processor.py:840} INFO - DAG(s) 'failed_lineage_dag' retrieved from /opt/airflow/dags/failed_lineage_dag.py
[2025-11-18T11:59:33.766+0000] {logging_mixin.py:188} INFO - [2025-11-18T11:59:33.765+0000] {dag.py:3036} INFO - Sync 1 DAGs
[2025-11-18T11:59:33.783+0000] {logging_mixin.py:188} INFO - [2025-11-18T11:59:33.783+0000] {dag.py:3823} INFO - Setting next_dagrun for failed_lineage_dag to None, run_after=None
[2025-11-18T11:59:33.909+0000] {processor.py:183} INFO - Processing /opt/airflow/dags/failed_lineage_dag.py took 0.249 seconds
[2025-11-18T12:00:05.101+0000] {processor.py:161} INFO - Started process (PID=25528) to work on /opt/airflow/dags/failed_lineage_dag.py
[2025-11-18T12:00:05.106+0000] {processor.py:830} INFO - Processing file /opt/airflow/dags/failed_lineage_dag.py for tasks to queue
[2025-11-18T12:00:05.112+0000] {logging_mixin.py:188} INFO - [2025-11-18T12:00:05.111+0000] {dagbag.py:538} INFO - Filling up the DagBag from /opt/airflow/dags/failed_lineage_dag.py
[2025-11-18T12:00:05.146+0000] {processor.py:840} INFO - DAG(s) 'failed_lineage_dag' retrieved from /opt/airflow/dags/failed_lineage_dag.py
[2025-11-18T12:00:05.218+0000] {logging_mixin.py:188} INFO - [2025-11-18T12:00:05.218+0000] {dag.py:3036} INFO - Sync 1 DAGs
[2025-11-18T12:00:05.238+0000] {logging_mixin.py:188} INFO - [2025-11-18T12:00:05.237+0000] {dag.py:3823} INFO - Setting next_dagrun for failed_lineage_dag to None, run_after=None
[2025-11-18T12:00:05.281+0000] {processor.py:183} INFO - Processing /opt/airflow/dags/failed_lineage_dag.py took 0.186 seconds
[2025-11-18T12:00:38.456+0000] {processor.py:161} INFO - Started process (PID=25556) to work on /opt/airflow/dags/failed_lineage_dag.py
[2025-11-18T12:00:38.464+0000] {processor.py:830} INFO - Processing file /opt/airflow/dags/failed_lineage_dag.py for tasks to queue
[2025-11-18T12:00:38.467+0000] {logging_mixin.py:188} INFO - [2025-11-18T12:00:38.467+0000] {dagbag.py:538} INFO - Filling up the DagBag from /opt/airflow/dags/failed_lineage_dag.py
[2025-11-18T12:00:38.737+0000] {processor.py:840} INFO - DAG(s) 'failed_lineage_dag' retrieved from /opt/airflow/dags/failed_lineage_dag.py
[2025-11-18T12:00:38.844+0000] {logging_mixin.py:188} INFO - [2025-11-18T12:00:38.844+0000] {dag.py:3036} INFO - Sync 1 DAGs
[2025-11-18T12:00:38.890+0000] {logging_mixin.py:188} INFO - [2025-11-18T12:00:38.890+0000] {dag.py:3823} INFO - Setting next_dagrun for failed_lineage_dag to None, run_after=None
[2025-11-18T12:00:38.991+0000] {processor.py:183} INFO - Processing /opt/airflow/dags/failed_lineage_dag.py took 0.541 seconds
[2025-11-18T12:01:09.658+0000] {processor.py:161} INFO - Started process (PID=25588) to work on /opt/airflow/dags/failed_lineage_dag.py
[2025-11-18T12:01:09.661+0000] {processor.py:830} INFO - Processing file /opt/airflow/dags/failed_lineage_dag.py for tasks to queue
[2025-11-18T12:01:09.671+0000] {logging_mixin.py:188} INFO - [2025-11-18T12:01:09.671+0000] {dagbag.py:538} INFO - Filling up the DagBag from /opt/airflow/dags/failed_lineage_dag.py
[2025-11-18T12:01:09.720+0000] {processor.py:840} INFO - DAG(s) 'failed_lineage_dag' retrieved from /opt/airflow/dags/failed_lineage_dag.py
[2025-11-18T12:01:09.788+0000] {logging_mixin.py:188} INFO - [2025-11-18T12:01:09.788+0000] {dag.py:3036} INFO - Sync 1 DAGs
[2025-11-18T12:01:09.824+0000] {logging_mixin.py:188} INFO - [2025-11-18T12:01:09.824+0000] {dag.py:3823} INFO - Setting next_dagrun for failed_lineage_dag to None, run_after=None
[2025-11-18T12:01:09.874+0000] {processor.py:183} INFO - Processing /opt/airflow/dags/failed_lineage_dag.py took 0.228 seconds
[2025-11-18T12:01:40.708+0000] {processor.py:161} INFO - Started process (PID=25618) to work on /opt/airflow/dags/failed_lineage_dag.py
[2025-11-18T12:01:40.716+0000] {processor.py:830} INFO - Processing file /opt/airflow/dags/failed_lineage_dag.py for tasks to queue
[2025-11-18T12:01:40.722+0000] {logging_mixin.py:188} INFO - [2025-11-18T12:01:40.722+0000] {dagbag.py:538} INFO - Filling up the DagBag from /opt/airflow/dags/failed_lineage_dag.py
[2025-11-18T12:01:40.788+0000] {processor.py:840} INFO - DAG(s) 'failed_lineage_dag' retrieved from /opt/airflow/dags/failed_lineage_dag.py
[2025-11-18T12:01:40.871+0000] {logging_mixin.py:188} INFO - [2025-11-18T12:01:40.870+0000] {dag.py:3036} INFO - Sync 1 DAGs
[2025-11-18T12:01:41.027+0000] {logging_mixin.py:188} INFO - [2025-11-18T12:01:41.026+0000] {dag.py:3823} INFO - Setting next_dagrun for failed_lineage_dag to None, run_after=None
[2025-11-18T12:01:41.196+0000] {processor.py:183} INFO - Processing /opt/airflow/dags/failed_lineage_dag.py took 0.505 seconds
[2025-11-18T12:02:12.413+0000] {processor.py:161} INFO - Started process (PID=25646) to work on /opt/airflow/dags/failed_lineage_dag.py
[2025-11-18T12:02:12.417+0000] {processor.py:830} INFO - Processing file /opt/airflow/dags/failed_lineage_dag.py for tasks to queue
[2025-11-18T12:02:12.427+0000] {logging_mixin.py:188} INFO - [2025-11-18T12:02:12.427+0000] {dagbag.py:538} INFO - Filling up the DagBag from /opt/airflow/dags/failed_lineage_dag.py
[2025-11-18T12:02:12.517+0000] {processor.py:840} INFO - DAG(s) 'failed_lineage_dag' retrieved from /opt/airflow/dags/failed_lineage_dag.py
[2025-11-18T12:02:12.675+0000] {logging_mixin.py:188} INFO - [2025-11-18T12:02:12.675+0000] {dag.py:3036} INFO - Sync 1 DAGs
[2025-11-18T12:02:12.722+0000] {logging_mixin.py:188} INFO - [2025-11-18T12:02:12.722+0000] {dag.py:3823} INFO - Setting next_dagrun for failed_lineage_dag to None, run_after=None
[2025-11-18T12:02:12.802+0000] {processor.py:183} INFO - Processing /opt/airflow/dags/failed_lineage_dag.py took 0.395 seconds
[2025-11-18T12:02:43.024+0000] {processor.py:161} INFO - Started process (PID=25678) to work on /opt/airflow/dags/failed_lineage_dag.py
[2025-11-18T12:02:43.026+0000] {processor.py:830} INFO - Processing file /opt/airflow/dags/failed_lineage_dag.py for tasks to queue
[2025-11-18T12:02:43.028+0000] {logging_mixin.py:188} INFO - [2025-11-18T12:02:43.027+0000] {dagbag.py:538} INFO - Filling up the DagBag from /opt/airflow/dags/failed_lineage_dag.py
[2025-11-18T12:02:43.048+0000] {processor.py:840} INFO - DAG(s) 'failed_lineage_dag' retrieved from /opt/airflow/dags/failed_lineage_dag.py
[2025-11-18T12:02:43.087+0000] {logging_mixin.py:188} INFO - [2025-11-18T12:02:43.086+0000] {dag.py:3036} INFO - Sync 1 DAGs
[2025-11-18T12:02:43.100+0000] {logging_mixin.py:188} INFO - [2025-11-18T12:02:43.099+0000] {dag.py:3823} INFO - Setting next_dagrun for failed_lineage_dag to None, run_after=None
[2025-11-18T12:02:43.122+0000] {processor.py:183} INFO - Processing /opt/airflow/dags/failed_lineage_dag.py took 0.102 seconds
[2025-11-18T12:03:14.049+0000] {processor.py:161} INFO - Started process (PID=25708) to work on /opt/airflow/dags/failed_lineage_dag.py
[2025-11-18T12:03:14.051+0000] {processor.py:830} INFO - Processing file /opt/airflow/dags/failed_lineage_dag.py for tasks to queue
[2025-11-18T12:03:14.052+0000] {logging_mixin.py:188} INFO - [2025-11-18T12:03:14.052+0000] {dagbag.py:538} INFO - Filling up the DagBag from /opt/airflow/dags/failed_lineage_dag.py
[2025-11-18T12:03:14.065+0000] {processor.py:840} INFO - DAG(s) 'failed_lineage_dag' retrieved from /opt/airflow/dags/failed_lineage_dag.py
[2025-11-18T12:03:14.090+0000] {logging_mixin.py:188} INFO - [2025-11-18T12:03:14.090+0000] {dag.py:3036} INFO - Sync 1 DAGs
[2025-11-18T12:03:14.100+0000] {logging_mixin.py:188} INFO - [2025-11-18T12:03:14.100+0000] {dag.py:3823} INFO - Setting next_dagrun for failed_lineage_dag to None, run_after=None
[2025-11-18T12:03:14.122+0000] {processor.py:183} INFO - Processing /opt/airflow/dags/failed_lineage_dag.py took 0.076 seconds
[2025-11-18T12:03:44.746+0000] {processor.py:161} INFO - Started process (PID=25738) to work on /opt/airflow/dags/failed_lineage_dag.py
[2025-11-18T12:03:44.748+0000] {processor.py:830} INFO - Processing file /opt/airflow/dags/failed_lineage_dag.py for tasks to queue
[2025-11-18T12:03:44.751+0000] {logging_mixin.py:188} INFO - [2025-11-18T12:03:44.750+0000] {dagbag.py:538} INFO - Filling up the DagBag from /opt/airflow/dags/failed_lineage_dag.py
[2025-11-18T12:03:44.815+0000] {processor.py:840} INFO - DAG(s) 'failed_lineage_dag' retrieved from /opt/airflow/dags/failed_lineage_dag.py
[2025-11-18T12:03:44.903+0000] {logging_mixin.py:188} INFO - [2025-11-18T12:03:44.903+0000] {dag.py:3036} INFO - Sync 1 DAGs
[2025-11-18T12:03:44.934+0000] {logging_mixin.py:188} INFO - [2025-11-18T12:03:44.933+0000] {dag.py:3823} INFO - Setting next_dagrun for failed_lineage_dag to None, run_after=None
[2025-11-18T12:03:44.996+0000] {processor.py:183} INFO - Processing /opt/airflow/dags/failed_lineage_dag.py took 0.256 seconds
[2025-11-18T12:04:15.823+0000] {processor.py:161} INFO - Started process (PID=25768) to work on /opt/airflow/dags/failed_lineage_dag.py
[2025-11-18T12:04:15.834+0000] {processor.py:830} INFO - Processing file /opt/airflow/dags/failed_lineage_dag.py for tasks to queue
[2025-11-18T12:04:15.839+0000] {logging_mixin.py:188} INFO - [2025-11-18T12:04:15.838+0000] {dagbag.py:538} INFO - Filling up the DagBag from /opt/airflow/dags/failed_lineage_dag.py
[2025-11-18T12:04:16.172+0000] {processor.py:840} INFO - DAG(s) 'failed_lineage_dag' retrieved from /opt/airflow/dags/failed_lineage_dag.py
[2025-11-18T12:04:16.252+0000] {logging_mixin.py:188} INFO - [2025-11-18T12:04:16.252+0000] {dag.py:3036} INFO - Sync 1 DAGs
[2025-11-18T12:04:16.290+0000] {logging_mixin.py:188} INFO - [2025-11-18T12:04:16.290+0000] {dag.py:3823} INFO - Setting next_dagrun for failed_lineage_dag to None, run_after=None
[2025-11-18T12:04:16.368+0000] {processor.py:183} INFO - Processing /opt/airflow/dags/failed_lineage_dag.py took 0.551 seconds
[2025-11-18T12:04:46.637+0000] {processor.py:161} INFO - Started process (PID=25798) to work on /opt/airflow/dags/failed_lineage_dag.py
[2025-11-18T12:04:46.640+0000] {processor.py:830} INFO - Processing file /opt/airflow/dags/failed_lineage_dag.py for tasks to queue
[2025-11-18T12:04:46.642+0000] {logging_mixin.py:188} INFO - [2025-11-18T12:04:46.641+0000] {dagbag.py:538} INFO - Filling up the DagBag from /opt/airflow/dags/failed_lineage_dag.py
[2025-11-18T12:04:46.667+0000] {processor.py:840} INFO - DAG(s) 'failed_lineage_dag' retrieved from /opt/airflow/dags/failed_lineage_dag.py
[2025-11-18T12:04:46.733+0000] {logging_mixin.py:188} INFO - [2025-11-18T12:04:46.732+0000] {dag.py:3036} INFO - Sync 1 DAGs
[2025-11-18T12:04:46.756+0000] {logging_mixin.py:188} INFO - [2025-11-18T12:04:46.755+0000] {dag.py:3823} INFO - Setting next_dagrun for failed_lineage_dag to None, run_after=None
[2025-11-18T12:04:46.795+0000] {processor.py:183} INFO - Processing /opt/airflow/dags/failed_lineage_dag.py took 0.162 seconds
[2025-11-18T12:05:17.560+0000] {processor.py:161} INFO - Started process (PID=25828) to work on /opt/airflow/dags/failed_lineage_dag.py
[2025-11-18T12:05:17.562+0000] {processor.py:830} INFO - Processing file /opt/airflow/dags/failed_lineage_dag.py for tasks to queue
[2025-11-18T12:05:17.563+0000] {logging_mixin.py:188} INFO - [2025-11-18T12:05:17.563+0000] {dagbag.py:538} INFO - Filling up the DagBag from /opt/airflow/dags/failed_lineage_dag.py
[2025-11-18T12:05:17.612+0000] {processor.py:840} INFO - DAG(s) 'failed_lineage_dag' retrieved from /opt/airflow/dags/failed_lineage_dag.py
[2025-11-18T12:05:17.699+0000] {logging_mixin.py:188} INFO - [2025-11-18T12:05:17.698+0000] {dag.py:3036} INFO - Sync 1 DAGs
[2025-11-18T12:05:17.754+0000] {logging_mixin.py:188} INFO - [2025-11-18T12:05:17.754+0000] {dag.py:3823} INFO - Setting next_dagrun for failed_lineage_dag to None, run_after=None
[2025-11-18T12:05:17.866+0000] {processor.py:183} INFO - Processing /opt/airflow/dags/failed_lineage_dag.py took 0.311 seconds
[2025-11-18T12:05:48.235+0000] {processor.py:161} INFO - Started process (PID=25858) to work on /opt/airflow/dags/failed_lineage_dag.py
[2025-11-18T12:05:48.238+0000] {processor.py:830} INFO - Processing file /opt/airflow/dags/failed_lineage_dag.py for tasks to queue
[2025-11-18T12:05:48.240+0000] {logging_mixin.py:188} INFO - [2025-11-18T12:05:48.239+0000] {dagbag.py:538} INFO - Filling up the DagBag from /opt/airflow/dags/failed_lineage_dag.py
[2025-11-18T12:05:48.332+0000] {processor.py:840} INFO - DAG(s) 'failed_lineage_dag' retrieved from /opt/airflow/dags/failed_lineage_dag.py
[2025-11-18T12:05:48.411+0000] {logging_mixin.py:188} INFO - [2025-11-18T12:05:48.411+0000] {dag.py:3036} INFO - Sync 1 DAGs
[2025-11-18T12:05:48.455+0000] {logging_mixin.py:188} INFO - [2025-11-18T12:05:48.454+0000] {dag.py:3823} INFO - Setting next_dagrun for failed_lineage_dag to None, run_after=None
[2025-11-18T12:05:48.528+0000] {processor.py:183} INFO - Processing /opt/airflow/dags/failed_lineage_dag.py took 0.300 seconds
[2025-11-18T12:06:18.674+0000] {processor.py:161} INFO - Started process (PID=25888) to work on /opt/airflow/dags/failed_lineage_dag.py
[2025-11-18T12:06:18.676+0000] {processor.py:830} INFO - Processing file /opt/airflow/dags/failed_lineage_dag.py for tasks to queue
[2025-11-18T12:06:18.677+0000] {logging_mixin.py:188} INFO - [2025-11-18T12:06:18.677+0000] {dagbag.py:538} INFO - Filling up the DagBag from /opt/airflow/dags/failed_lineage_dag.py
[2025-11-18T12:06:18.704+0000] {processor.py:840} INFO - DAG(s) 'failed_lineage_dag' retrieved from /opt/airflow/dags/failed_lineage_dag.py
[2025-11-18T12:06:18.738+0000] {logging_mixin.py:188} INFO - [2025-11-18T12:06:18.738+0000] {dag.py:3036} INFO - Sync 1 DAGs
[2025-11-18T12:06:18.751+0000] {logging_mixin.py:188} INFO - [2025-11-18T12:06:18.750+0000] {dag.py:3823} INFO - Setting next_dagrun for failed_lineage_dag to None, run_after=None
[2025-11-18T12:06:18.775+0000] {processor.py:183} INFO - Processing /opt/airflow/dags/failed_lineage_dag.py took 0.105 seconds
[2025-11-18T12:06:54.831+0000] {processor.py:161} INFO - Started process (PID=25918) to work on /opt/airflow/dags/failed_lineage_dag.py
[2025-11-18T12:06:54.834+0000] {processor.py:830} INFO - Processing file /opt/airflow/dags/failed_lineage_dag.py for tasks to queue
[2025-11-18T12:06:54.836+0000] {logging_mixin.py:188} INFO - [2025-11-18T12:06:54.835+0000] {dagbag.py:538} INFO - Filling up the DagBag from /opt/airflow/dags/failed_lineage_dag.py
[2025-11-18T12:06:54.902+0000] {processor.py:840} INFO - DAG(s) 'failed_lineage_dag' retrieved from /opt/airflow/dags/failed_lineage_dag.py
[2025-11-18T12:06:55.037+0000] {logging_mixin.py:188} INFO - [2025-11-18T12:06:55.037+0000] {dag.py:3036} INFO - Sync 1 DAGs
[2025-11-18T12:06:55.102+0000] {logging_mixin.py:188} INFO - [2025-11-18T12:06:55.101+0000] {dag.py:3823} INFO - Setting next_dagrun for failed_lineage_dag to None, run_after=None
[2025-11-18T12:06:55.203+0000] {processor.py:183} INFO - Processing /opt/airflow/dags/failed_lineage_dag.py took 0.387 seconds
[2025-11-18T12:07:25.887+0000] {processor.py:161} INFO - Started process (PID=25948) to work on /opt/airflow/dags/failed_lineage_dag.py
[2025-11-18T12:07:25.889+0000] {processor.py:830} INFO - Processing file /opt/airflow/dags/failed_lineage_dag.py for tasks to queue
[2025-11-18T12:07:25.891+0000] {logging_mixin.py:188} INFO - [2025-11-18T12:07:25.890+0000] {dagbag.py:538} INFO - Filling up the DagBag from /opt/airflow/dags/failed_lineage_dag.py
[2025-11-18T12:07:25.928+0000] {processor.py:840} INFO - DAG(s) 'failed_lineage_dag' retrieved from /opt/airflow/dags/failed_lineage_dag.py
[2025-11-18T12:07:25.987+0000] {logging_mixin.py:188} INFO - [2025-11-18T12:07:25.987+0000] {dag.py:3036} INFO - Sync 1 DAGs
[2025-11-18T12:07:26.014+0000] {logging_mixin.py:188} INFO - [2025-11-18T12:07:26.013+0000] {dag.py:3823} INFO - Setting next_dagrun for failed_lineage_dag to None, run_after=None
[2025-11-18T12:07:26.049+0000] {processor.py:183} INFO - Processing /opt/airflow/dags/failed_lineage_dag.py took 0.170 seconds
[2025-11-18T12:07:56.312+0000] {processor.py:161} INFO - Started process (PID=25978) to work on /opt/airflow/dags/failed_lineage_dag.py
[2025-11-18T12:07:56.314+0000] {processor.py:830} INFO - Processing file /opt/airflow/dags/failed_lineage_dag.py for tasks to queue
[2025-11-18T12:07:56.316+0000] {logging_mixin.py:188} INFO - [2025-11-18T12:07:56.315+0000] {dagbag.py:538} INFO - Filling up the DagBag from /opt/airflow/dags/failed_lineage_dag.py
[2025-11-18T12:07:56.337+0000] {processor.py:840} INFO - DAG(s) 'failed_lineage_dag' retrieved from /opt/airflow/dags/failed_lineage_dag.py
[2025-11-18T12:07:56.370+0000] {logging_mixin.py:188} INFO - [2025-11-18T12:07:56.369+0000] {dag.py:3036} INFO - Sync 1 DAGs
[2025-11-18T12:07:56.384+0000] {logging_mixin.py:188} INFO - [2025-11-18T12:07:56.384+0000] {dag.py:3823} INFO - Setting next_dagrun for failed_lineage_dag to None, run_after=None
[2025-11-18T12:07:56.411+0000] {processor.py:183} INFO - Processing /opt/airflow/dags/failed_lineage_dag.py took 0.103 seconds
[2025-11-18T12:08:26.905+0000] {processor.py:161} INFO - Started process (PID=26008) to work on /opt/airflow/dags/failed_lineage_dag.py
[2025-11-18T12:08:26.914+0000] {processor.py:830} INFO - Processing file /opt/airflow/dags/failed_lineage_dag.py for tasks to queue
[2025-11-18T12:08:26.919+0000] {logging_mixin.py:188} INFO - [2025-11-18T12:08:26.918+0000] {dagbag.py:538} INFO - Filling up the DagBag from /opt/airflow/dags/failed_lineage_dag.py
[2025-11-18T12:08:26.940+0000] {processor.py:840} INFO - DAG(s) 'failed_lineage_dag' retrieved from /opt/airflow/dags/failed_lineage_dag.py
[2025-11-18T12:08:26.986+0000] {logging_mixin.py:188} INFO - [2025-11-18T12:08:26.985+0000] {dag.py:3036} INFO - Sync 1 DAGs
[2025-11-18T12:08:27.007+0000] {logging_mixin.py:188} INFO - [2025-11-18T12:08:27.006+0000] {dag.py:3823} INFO - Setting next_dagrun for failed_lineage_dag to None, run_after=None
[2025-11-18T12:08:27.072+0000] {processor.py:183} INFO - Processing /opt/airflow/dags/failed_lineage_dag.py took 0.173 seconds
[2025-11-18T12:08:57.253+0000] {processor.py:161} INFO - Started process (PID=26038) to work on /opt/airflow/dags/failed_lineage_dag.py
[2025-11-18T12:08:57.254+0000] {processor.py:830} INFO - Processing file /opt/airflow/dags/failed_lineage_dag.py for tasks to queue
[2025-11-18T12:08:57.256+0000] {logging_mixin.py:188} INFO - [2025-11-18T12:08:57.255+0000] {dagbag.py:538} INFO - Filling up the DagBag from /opt/airflow/dags/failed_lineage_dag.py
[2025-11-18T12:08:57.278+0000] {processor.py:840} INFO - DAG(s) 'failed_lineage_dag' retrieved from /opt/airflow/dags/failed_lineage_dag.py
[2025-11-18T12:08:57.308+0000] {logging_mixin.py:188} INFO - [2025-11-18T12:08:57.308+0000] {dag.py:3036} INFO - Sync 1 DAGs
[2025-11-18T12:08:57.323+0000] {logging_mixin.py:188} INFO - [2025-11-18T12:08:57.323+0000] {dag.py:3823} INFO - Setting next_dagrun for failed_lineage_dag to None, run_after=None
[2025-11-18T12:08:57.358+0000] {processor.py:183} INFO - Processing /opt/airflow/dags/failed_lineage_dag.py took 0.110 seconds
[2025-11-18T12:09:29.783+0000] {processor.py:161} INFO - Started process (PID=26066) to work on /opt/airflow/dags/failed_lineage_dag.py
[2025-11-18T12:09:29.801+0000] {processor.py:830} INFO - Processing file /opt/airflow/dags/failed_lineage_dag.py for tasks to queue
[2025-11-18T12:09:29.807+0000] {logging_mixin.py:188} INFO - [2025-11-18T12:09:29.806+0000] {dagbag.py:538} INFO - Filling up the DagBag from /opt/airflow/dags/failed_lineage_dag.py
[2025-11-18T12:09:29.911+0000] {processor.py:840} INFO - DAG(s) 'failed_lineage_dag' retrieved from /opt/airflow/dags/failed_lineage_dag.py
[2025-11-18T12:09:30.034+0000] {logging_mixin.py:188} INFO - [2025-11-18T12:09:30.033+0000] {dag.py:3036} INFO - Sync 1 DAGs
[2025-11-18T12:09:30.075+0000] {logging_mixin.py:188} INFO - [2025-11-18T12:09:30.075+0000] {dag.py:3823} INFO - Setting next_dagrun for failed_lineage_dag to None, run_after=None
[2025-11-18T12:09:30.150+0000] {processor.py:183} INFO - Processing /opt/airflow/dags/failed_lineage_dag.py took 0.373 seconds
[2025-11-18T12:10:00.669+0000] {processor.py:161} INFO - Started process (PID=26096) to work on /opt/airflow/dags/failed_lineage_dag.py
[2025-11-18T12:10:00.672+0000] {processor.py:830} INFO - Processing file /opt/airflow/dags/failed_lineage_dag.py for tasks to queue
[2025-11-18T12:10:00.675+0000] {logging_mixin.py:188} INFO - [2025-11-18T12:10:00.674+0000] {dagbag.py:538} INFO - Filling up the DagBag from /opt/airflow/dags/failed_lineage_dag.py
[2025-11-18T12:10:00.727+0000] {processor.py:840} INFO - DAG(s) 'failed_lineage_dag' retrieved from /opt/airflow/dags/failed_lineage_dag.py
[2025-11-18T12:10:00.849+0000] {logging_mixin.py:188} INFO - [2025-11-18T12:10:00.849+0000] {dag.py:3036} INFO - Sync 1 DAGs
[2025-11-18T12:10:00.923+0000] {logging_mixin.py:188} INFO - [2025-11-18T12:10:00.923+0000] {dag.py:3823} INFO - Setting next_dagrun for failed_lineage_dag to None, run_after=None
[2025-11-18T12:10:01.075+0000] {processor.py:183} INFO - Processing /opt/airflow/dags/failed_lineage_dag.py took 0.412 seconds
[2025-11-18T12:10:32.437+0000] {processor.py:161} INFO - Started process (PID=26128) to work on /opt/airflow/dags/failed_lineage_dag.py
[2025-11-18T12:10:32.442+0000] {processor.py:830} INFO - Processing file /opt/airflow/dags/failed_lineage_dag.py for tasks to queue
[2025-11-18T12:10:32.447+0000] {logging_mixin.py:188} INFO - [2025-11-18T12:10:32.447+0000] {dagbag.py:538} INFO - Filling up the DagBag from /opt/airflow/dags/failed_lineage_dag.py
[2025-11-18T12:10:32.502+0000] {processor.py:840} INFO - DAG(s) 'failed_lineage_dag' retrieved from /opt/airflow/dags/failed_lineage_dag.py
[2025-11-18T12:10:32.561+0000] {logging_mixin.py:188} INFO - [2025-11-18T12:10:32.560+0000] {dag.py:3036} INFO - Sync 1 DAGs
[2025-11-18T12:10:32.581+0000] {logging_mixin.py:188} INFO - [2025-11-18T12:10:32.581+0000] {dag.py:3823} INFO - Setting next_dagrun for failed_lineage_dag to None, run_after=None
[2025-11-18T12:10:32.630+0000] {processor.py:183} INFO - Processing /opt/airflow/dags/failed_lineage_dag.py took 0.198 seconds
[2025-11-18T12:11:02.847+0000] {processor.py:161} INFO - Started process (PID=26158) to work on /opt/airflow/dags/failed_lineage_dag.py
[2025-11-18T12:11:02.848+0000] {processor.py:830} INFO - Processing file /opt/airflow/dags/failed_lineage_dag.py for tasks to queue
[2025-11-18T12:11:02.849+0000] {logging_mixin.py:188} INFO - [2025-11-18T12:11:02.849+0000] {dagbag.py:538} INFO - Filling up the DagBag from /opt/airflow/dags/failed_lineage_dag.py
[2025-11-18T12:11:02.862+0000] {processor.py:840} INFO - DAG(s) 'failed_lineage_dag' retrieved from /opt/airflow/dags/failed_lineage_dag.py
[2025-11-18T12:11:02.890+0000] {logging_mixin.py:188} INFO - [2025-11-18T12:11:02.889+0000] {dag.py:3036} INFO - Sync 1 DAGs
[2025-11-18T12:11:02.901+0000] {logging_mixin.py:188} INFO - [2025-11-18T12:11:02.901+0000] {dag.py:3823} INFO - Setting next_dagrun for failed_lineage_dag to None, run_after=None
[2025-11-18T12:11:02.925+0000] {processor.py:183} INFO - Processing /opt/airflow/dags/failed_lineage_dag.py took 0.081 seconds
[2025-11-18T12:11:33.811+0000] {processor.py:161} INFO - Started process (PID=26188) to work on /opt/airflow/dags/failed_lineage_dag.py
[2025-11-18T12:11:33.812+0000] {processor.py:830} INFO - Processing file /opt/airflow/dags/failed_lineage_dag.py for tasks to queue
[2025-11-18T12:11:33.814+0000] {logging_mixin.py:188} INFO - [2025-11-18T12:11:33.814+0000] {dagbag.py:538} INFO - Filling up the DagBag from /opt/airflow/dags/failed_lineage_dag.py
[2025-11-18T12:11:33.832+0000] {processor.py:840} INFO - DAG(s) 'failed_lineage_dag' retrieved from /opt/airflow/dags/failed_lineage_dag.py
[2025-11-18T12:11:33.864+0000] {logging_mixin.py:188} INFO - [2025-11-18T12:11:33.864+0000] {dag.py:3036} INFO - Sync 1 DAGs
[2025-11-18T12:11:33.877+0000] {logging_mixin.py:188} INFO - [2025-11-18T12:11:33.877+0000] {dag.py:3823} INFO - Setting next_dagrun for failed_lineage_dag to None, run_after=None
[2025-11-18T12:11:33.997+0000] {processor.py:183} INFO - Processing /opt/airflow/dags/failed_lineage_dag.py took 0.191 seconds
[2025-11-18T12:12:04.046+0000] {processor.py:161} INFO - Started process (PID=26218) to work on /opt/airflow/dags/failed_lineage_dag.py
[2025-11-18T12:12:04.048+0000] {processor.py:830} INFO - Processing file /opt/airflow/dags/failed_lineage_dag.py for tasks to queue
[2025-11-18T12:12:04.049+0000] {logging_mixin.py:188} INFO - [2025-11-18T12:12:04.049+0000] {dagbag.py:538} INFO - Filling up the DagBag from /opt/airflow/dags/failed_lineage_dag.py
[2025-11-18T12:12:04.067+0000] {processor.py:840} INFO - DAG(s) 'failed_lineage_dag' retrieved from /opt/airflow/dags/failed_lineage_dag.py
[2025-11-18T12:12:04.097+0000] {logging_mixin.py:188} INFO - [2025-11-18T12:12:04.097+0000] {dag.py:3036} INFO - Sync 1 DAGs
[2025-11-18T12:12:04.108+0000] {logging_mixin.py:188} INFO - [2025-11-18T12:12:04.108+0000] {dag.py:3823} INFO - Setting next_dagrun for failed_lineage_dag to None, run_after=None
[2025-11-18T12:12:04.132+0000] {processor.py:183} INFO - Processing /opt/airflow/dags/failed_lineage_dag.py took 0.091 seconds
[2025-11-18T12:12:34.370+0000] {processor.py:161} INFO - Started process (PID=26246) to work on /opt/airflow/dags/failed_lineage_dag.py
[2025-11-18T12:12:34.371+0000] {processor.py:830} INFO - Processing file /opt/airflow/dags/failed_lineage_dag.py for tasks to queue
[2025-11-18T12:12:34.373+0000] {logging_mixin.py:188} INFO - [2025-11-18T12:12:34.372+0000] {dagbag.py:538} INFO - Filling up the DagBag from /opt/airflow/dags/failed_lineage_dag.py
[2025-11-18T12:12:34.399+0000] {processor.py:840} INFO - DAG(s) 'failed_lineage_dag' retrieved from /opt/airflow/dags/failed_lineage_dag.py
[2025-11-18T12:12:34.434+0000] {logging_mixin.py:188} INFO - [2025-11-18T12:12:34.434+0000] {dag.py:3036} INFO - Sync 1 DAGs
[2025-11-18T12:12:34.445+0000] {logging_mixin.py:188} INFO - [2025-11-18T12:12:34.445+0000] {dag.py:3823} INFO - Setting next_dagrun for failed_lineage_dag to None, run_after=None
[2025-11-18T12:12:34.470+0000] {processor.py:183} INFO - Processing /opt/airflow/dags/failed_lineage_dag.py took 0.106 seconds
[2025-11-18T12:13:08.354+0000] {processor.py:161} INFO - Started process (PID=26278) to work on /opt/airflow/dags/failed_lineage_dag.py
[2025-11-18T12:13:08.355+0000] {processor.py:830} INFO - Processing file /opt/airflow/dags/failed_lineage_dag.py for tasks to queue
[2025-11-18T12:13:08.356+0000] {logging_mixin.py:188} INFO - [2025-11-18T12:13:08.356+0000] {dagbag.py:538} INFO - Filling up the DagBag from /opt/airflow/dags/failed_lineage_dag.py
[2025-11-18T12:13:08.369+0000] {processor.py:840} INFO - DAG(s) 'failed_lineage_dag' retrieved from /opt/airflow/dags/failed_lineage_dag.py
[2025-11-18T12:13:08.399+0000] {logging_mixin.py:188} INFO - [2025-11-18T12:13:08.399+0000] {dag.py:3036} INFO - Sync 1 DAGs
[2025-11-18T12:13:08.409+0000] {logging_mixin.py:188} INFO - [2025-11-18T12:13:08.409+0000] {dag.py:3823} INFO - Setting next_dagrun for failed_lineage_dag to None, run_after=None
[2025-11-18T12:13:08.432+0000] {processor.py:183} INFO - Processing /opt/airflow/dags/failed_lineage_dag.py took 0.081 seconds
[2025-11-18T12:13:41.581+0000] {processor.py:161} INFO - Started process (PID=26306) to work on /opt/airflow/dags/failed_lineage_dag.py
[2025-11-18T12:13:41.595+0000] {processor.py:830} INFO - Processing file /opt/airflow/dags/failed_lineage_dag.py for tasks to queue
[2025-11-18T12:13:41.597+0000] {logging_mixin.py:188} INFO - [2025-11-18T12:13:41.597+0000] {dagbag.py:538} INFO - Filling up the DagBag from /opt/airflow/dags/failed_lineage_dag.py
[2025-11-18T12:13:41.635+0000] {processor.py:840} INFO - DAG(s) 'failed_lineage_dag' retrieved from /opt/airflow/dags/failed_lineage_dag.py
[2025-11-18T12:13:41.719+0000] {logging_mixin.py:188} INFO - [2025-11-18T12:13:41.718+0000] {dag.py:3036} INFO - Sync 1 DAGs
[2025-11-18T12:13:41.764+0000] {logging_mixin.py:188} INFO - [2025-11-18T12:13:41.764+0000] {dag.py:3823} INFO - Setting next_dagrun for failed_lineage_dag to None, run_after=None
[2025-11-18T12:13:41.824+0000] {processor.py:183} INFO - Processing /opt/airflow/dags/failed_lineage_dag.py took 0.255 seconds
[2025-11-18T12:14:14.041+0000] {processor.py:161} INFO - Started process (PID=26336) to work on /opt/airflow/dags/failed_lineage_dag.py
[2025-11-18T12:14:14.082+0000] {processor.py:830} INFO - Processing file /opt/airflow/dags/failed_lineage_dag.py for tasks to queue
[2025-11-18T12:14:14.092+0000] {logging_mixin.py:188} INFO - [2025-11-18T12:14:14.091+0000] {dagbag.py:538} INFO - Filling up the DagBag from /opt/airflow/dags/failed_lineage_dag.py
[2025-11-18T12:14:14.199+0000] {processor.py:840} INFO - DAG(s) 'failed_lineage_dag' retrieved from /opt/airflow/dags/failed_lineage_dag.py
[2025-11-18T12:14:14.802+0000] {logging_mixin.py:188} INFO - [2025-11-18T12:14:14.802+0000] {dag.py:3036} INFO - Sync 1 DAGs
[2025-11-18T12:14:14.841+0000] {logging_mixin.py:188} INFO - [2025-11-18T12:14:14.841+0000] {dag.py:3823} INFO - Setting next_dagrun for failed_lineage_dag to None, run_after=None
[2025-11-18T12:14:14.932+0000] {processor.py:183} INFO - Processing /opt/airflow/dags/failed_lineage_dag.py took 0.896 seconds
[2025-11-18T12:14:45.956+0000] {processor.py:161} INFO - Started process (PID=26368) to work on /opt/airflow/dags/failed_lineage_dag.py
[2025-11-18T12:14:45.959+0000] {processor.py:830} INFO - Processing file /opt/airflow/dags/failed_lineage_dag.py for tasks to queue
[2025-11-18T12:14:45.968+0000] {logging_mixin.py:188} INFO - [2025-11-18T12:14:45.968+0000] {dagbag.py:538} INFO - Filling up the DagBag from /opt/airflow/dags/failed_lineage_dag.py
[2025-11-18T12:14:46.039+0000] {processor.py:840} INFO - DAG(s) 'failed_lineage_dag' retrieved from /opt/airflow/dags/failed_lineage_dag.py
[2025-11-18T12:14:46.095+0000] {logging_mixin.py:188} INFO - [2025-11-18T12:14:46.095+0000] {dag.py:3036} INFO - Sync 1 DAGs
[2025-11-18T12:14:46.117+0000] {logging_mixin.py:188} INFO - [2025-11-18T12:14:46.117+0000] {dag.py:3823} INFO - Setting next_dagrun for failed_lineage_dag to None, run_after=None
[2025-11-18T12:14:46.149+0000] {processor.py:183} INFO - Processing /opt/airflow/dags/failed_lineage_dag.py took 0.198 seconds
[2025-11-18T12:15:16.510+0000] {processor.py:161} INFO - Started process (PID=26398) to work on /opt/airflow/dags/failed_lineage_dag.py
[2025-11-18T12:15:16.512+0000] {processor.py:830} INFO - Processing file /opt/airflow/dags/failed_lineage_dag.py for tasks to queue
[2025-11-18T12:15:16.514+0000] {logging_mixin.py:188} INFO - [2025-11-18T12:15:16.513+0000] {dagbag.py:538} INFO - Filling up the DagBag from /opt/airflow/dags/failed_lineage_dag.py
[2025-11-18T12:15:16.532+0000] {processor.py:840} INFO - DAG(s) 'failed_lineage_dag' retrieved from /opt/airflow/dags/failed_lineage_dag.py
[2025-11-18T12:15:16.713+0000] {logging_mixin.py:188} INFO - [2025-11-18T12:15:16.712+0000] {dag.py:3036} INFO - Sync 1 DAGs
[2025-11-18T12:15:16.723+0000] {logging_mixin.py:188} INFO - [2025-11-18T12:15:16.723+0000] {dag.py:3823} INFO - Setting next_dagrun for failed_lineage_dag to None, run_after=None
[2025-11-18T12:15:16.742+0000] {processor.py:183} INFO - Processing /opt/airflow/dags/failed_lineage_dag.py took 0.236 seconds
[2025-11-18T12:15:47.148+0000] {processor.py:161} INFO - Started process (PID=26428) to work on /opt/airflow/dags/failed_lineage_dag.py
[2025-11-18T12:15:47.149+0000] {processor.py:830} INFO - Processing file /opt/airflow/dags/failed_lineage_dag.py for tasks to queue
[2025-11-18T12:15:47.151+0000] {logging_mixin.py:188} INFO - [2025-11-18T12:15:47.150+0000] {dagbag.py:538} INFO - Filling up the DagBag from /opt/airflow/dags/failed_lineage_dag.py
[2025-11-18T12:15:47.170+0000] {processor.py:840} INFO - DAG(s) 'failed_lineage_dag' retrieved from /opt/airflow/dags/failed_lineage_dag.py
[2025-11-18T12:15:47.204+0000] {logging_mixin.py:188} INFO - [2025-11-18T12:15:47.204+0000] {dag.py:3036} INFO - Sync 1 DAGs
[2025-11-18T12:15:47.218+0000] {logging_mixin.py:188} INFO - [2025-11-18T12:15:47.218+0000] {dag.py:3823} INFO - Setting next_dagrun for failed_lineage_dag to None, run_after=None
[2025-11-18T12:15:47.245+0000] {processor.py:183} INFO - Processing /opt/airflow/dags/failed_lineage_dag.py took 0.101 seconds
[2025-11-18T12:16:17.497+0000] {processor.py:161} INFO - Started process (PID=26458) to work on /opt/airflow/dags/failed_lineage_dag.py
[2025-11-18T12:16:17.506+0000] {processor.py:830} INFO - Processing file /opt/airflow/dags/failed_lineage_dag.py for tasks to queue
[2025-11-18T12:16:17.509+0000] {logging_mixin.py:188} INFO - [2025-11-18T12:16:17.508+0000] {dagbag.py:538} INFO - Filling up the DagBag from /opt/airflow/dags/failed_lineage_dag.py
[2025-11-18T12:16:17.538+0000] {processor.py:840} INFO - DAG(s) 'failed_lineage_dag' retrieved from /opt/airflow/dags/failed_lineage_dag.py
[2025-11-18T12:16:17.589+0000] {logging_mixin.py:188} INFO - [2025-11-18T12:16:17.588+0000] {dag.py:3036} INFO - Sync 1 DAGs
[2025-11-18T12:16:17.610+0000] {logging_mixin.py:188} INFO - [2025-11-18T12:16:17.609+0000] {dag.py:3823} INFO - Setting next_dagrun for failed_lineage_dag to None, run_after=None
[2025-11-18T12:16:17.686+0000] {processor.py:183} INFO - Processing /opt/airflow/dags/failed_lineage_dag.py took 0.194 seconds
[2025-11-18T12:16:47.798+0000] {processor.py:161} INFO - Started process (PID=26486) to work on /opt/airflow/dags/failed_lineage_dag.py
[2025-11-18T12:16:47.801+0000] {processor.py:830} INFO - Processing file /opt/airflow/dags/failed_lineage_dag.py for tasks to queue
[2025-11-18T12:16:47.805+0000] {logging_mixin.py:188} INFO - [2025-11-18T12:16:47.804+0000] {dagbag.py:538} INFO - Filling up the DagBag from /opt/airflow/dags/failed_lineage_dag.py
[2025-11-18T12:16:47.826+0000] {processor.py:840} INFO - DAG(s) 'failed_lineage_dag' retrieved from /opt/airflow/dags/failed_lineage_dag.py
[2025-11-18T12:16:47.909+0000] {logging_mixin.py:188} INFO - [2025-11-18T12:16:47.909+0000] {dag.py:3036} INFO - Sync 1 DAGs
[2025-11-18T12:16:47.934+0000] {logging_mixin.py:188} INFO - [2025-11-18T12:16:47.933+0000] {dag.py:3823} INFO - Setting next_dagrun for failed_lineage_dag to None, run_after=None
[2025-11-18T12:16:47.976+0000] {processor.py:183} INFO - Processing /opt/airflow/dags/failed_lineage_dag.py took 0.183 seconds
[2025-11-18T12:17:19.237+0000] {processor.py:161} INFO - Started process (PID=26518) to work on /opt/airflow/dags/failed_lineage_dag.py
[2025-11-18T12:17:19.241+0000] {processor.py:830} INFO - Processing file /opt/airflow/dags/failed_lineage_dag.py for tasks to queue
[2025-11-18T12:17:19.247+0000] {logging_mixin.py:188} INFO - [2025-11-18T12:17:19.246+0000] {dagbag.py:538} INFO - Filling up the DagBag from /opt/airflow/dags/failed_lineage_dag.py
[2025-11-18T12:17:19.275+0000] {processor.py:840} INFO - DAG(s) 'failed_lineage_dag' retrieved from /opt/airflow/dags/failed_lineage_dag.py
[2025-11-18T12:17:19.325+0000] {logging_mixin.py:188} INFO - [2025-11-18T12:17:19.325+0000] {dag.py:3036} INFO - Sync 1 DAGs
[2025-11-18T12:17:19.351+0000] {logging_mixin.py:188} INFO - [2025-11-18T12:17:19.350+0000] {dag.py:3823} INFO - Setting next_dagrun for failed_lineage_dag to None, run_after=None
[2025-11-18T12:17:19.415+0000] {processor.py:183} INFO - Processing /opt/airflow/dags/failed_lineage_dag.py took 0.183 seconds
[2025-11-18T12:17:50.164+0000] {processor.py:161} INFO - Started process (PID=26546) to work on /opt/airflow/dags/failed_lineage_dag.py
[2025-11-18T12:17:50.166+0000] {processor.py:830} INFO - Processing file /opt/airflow/dags/failed_lineage_dag.py for tasks to queue
[2025-11-18T12:17:50.167+0000] {logging_mixin.py:188} INFO - [2025-11-18T12:17:50.167+0000] {dagbag.py:538} INFO - Filling up the DagBag from /opt/airflow/dags/failed_lineage_dag.py
[2025-11-18T12:17:50.183+0000] {processor.py:840} INFO - DAG(s) 'failed_lineage_dag' retrieved from /opt/airflow/dags/failed_lineage_dag.py
[2025-11-18T12:17:50.238+0000] {logging_mixin.py:188} INFO - [2025-11-18T12:17:50.237+0000] {dag.py:3036} INFO - Sync 1 DAGs
[2025-11-18T12:17:50.249+0000] {logging_mixin.py:188} INFO - [2025-11-18T12:17:50.249+0000] {dag.py:3823} INFO - Setting next_dagrun for failed_lineage_dag to None, run_after=None
[2025-11-18T12:17:50.273+0000] {processor.py:183} INFO - Processing /opt/airflow/dags/failed_lineage_dag.py took 0.114 seconds
[2025-11-18T12:18:21.246+0000] {processor.py:161} INFO - Started process (PID=26573) to work on /opt/airflow/dags/failed_lineage_dag.py
[2025-11-18T12:18:21.248+0000] {processor.py:830} INFO - Processing file /opt/airflow/dags/failed_lineage_dag.py for tasks to queue
[2025-11-18T12:18:21.250+0000] {logging_mixin.py:188} INFO - [2025-11-18T12:18:21.249+0000] {dagbag.py:538} INFO - Filling up the DagBag from /opt/airflow/dags/failed_lineage_dag.py
[2025-11-18T12:18:21.276+0000] {processor.py:840} INFO - DAG(s) 'failed_lineage_dag' retrieved from /opt/airflow/dags/failed_lineage_dag.py
[2025-11-18T12:18:21.349+0000] {logging_mixin.py:188} INFO - [2025-11-18T12:18:21.348+0000] {dag.py:3036} INFO - Sync 1 DAGs
[2025-11-18T12:18:21.367+0000] {logging_mixin.py:188} INFO - [2025-11-18T12:18:21.367+0000] {dag.py:3823} INFO - Setting next_dagrun for failed_lineage_dag to None, run_after=None
[2025-11-18T12:18:21.416+0000] {processor.py:183} INFO - Processing /opt/airflow/dags/failed_lineage_dag.py took 0.175 seconds
[2025-11-18T12:18:52.108+0000] {processor.py:161} INFO - Started process (PID=26606) to work on /opt/airflow/dags/failed_lineage_dag.py
[2025-11-18T12:18:52.109+0000] {processor.py:830} INFO - Processing file /opt/airflow/dags/failed_lineage_dag.py for tasks to queue
[2025-11-18T12:18:52.111+0000] {logging_mixin.py:188} INFO - [2025-11-18T12:18:52.110+0000] {dagbag.py:538} INFO - Filling up the DagBag from /opt/airflow/dags/failed_lineage_dag.py
[2025-11-18T12:18:53.153+0000] {processor.py:840} INFO - DAG(s) 'failed_lineage_dag' retrieved from /opt/airflow/dags/failed_lineage_dag.py
[2025-11-18T12:18:53.211+0000] {logging_mixin.py:188} INFO - [2025-11-18T12:18:53.210+0000] {dag.py:3036} INFO - Sync 1 DAGs
[2025-11-18T12:18:53.237+0000] {logging_mixin.py:188} INFO - [2025-11-18T12:18:53.236+0000] {dag.py:3823} INFO - Setting next_dagrun for failed_lineage_dag to None, run_after=None
[2025-11-18T12:18:53.285+0000] {processor.py:183} INFO - Processing /opt/airflow/dags/failed_lineage_dag.py took 1.182 seconds
[2025-11-18T12:19:24.120+0000] {processor.py:161} INFO - Started process (PID=26643) to work on /opt/airflow/dags/failed_lineage_dag.py
[2025-11-18T12:19:24.124+0000] {processor.py:830} INFO - Processing file /opt/airflow/dags/failed_lineage_dag.py for tasks to queue
[2025-11-18T12:19:24.134+0000] {logging_mixin.py:188} INFO - [2025-11-18T12:19:24.133+0000] {dagbag.py:538} INFO - Filling up the DagBag from /opt/airflow/dags/failed_lineage_dag.py
[2025-11-18T12:19:24.157+0000] {processor.py:840} INFO - DAG(s) 'failed_lineage_dag' retrieved from /opt/airflow/dags/failed_lineage_dag.py
[2025-11-18T12:19:24.199+0000] {logging_mixin.py:188} INFO - [2025-11-18T12:19:24.199+0000] {dag.py:3036} INFO - Sync 1 DAGs
[2025-11-18T12:19:24.214+0000] {logging_mixin.py:188} INFO - [2025-11-18T12:19:24.213+0000] {dag.py:3823} INFO - Setting next_dagrun for failed_lineage_dag to None, run_after=None
[2025-11-18T12:19:24.245+0000] {processor.py:183} INFO - Processing /opt/airflow/dags/failed_lineage_dag.py took 0.130 seconds
[2025-11-18T12:19:55.089+0000] {processor.py:161} INFO - Started process (PID=26673) to work on /opt/airflow/dags/failed_lineage_dag.py
[2025-11-18T12:19:55.091+0000] {processor.py:830} INFO - Processing file /opt/airflow/dags/failed_lineage_dag.py for tasks to queue
[2025-11-18T12:19:55.092+0000] {logging_mixin.py:188} INFO - [2025-11-18T12:19:55.092+0000] {dagbag.py:538} INFO - Filling up the DagBag from /opt/airflow/dags/failed_lineage_dag.py
[2025-11-18T12:19:55.108+0000] {processor.py:840} INFO - DAG(s) 'failed_lineage_dag' retrieved from /opt/airflow/dags/failed_lineage_dag.py
[2025-11-18T12:19:55.138+0000] {logging_mixin.py:188} INFO - [2025-11-18T12:19:55.137+0000] {dag.py:3036} INFO - Sync 1 DAGs
[2025-11-18T12:19:55.151+0000] {logging_mixin.py:188} INFO - [2025-11-18T12:19:55.151+0000] {dag.py:3823} INFO - Setting next_dagrun for failed_lineage_dag to None, run_after=None
[2025-11-18T12:19:55.178+0000] {processor.py:183} INFO - Processing /opt/airflow/dags/failed_lineage_dag.py took 0.092 seconds
[2025-11-18T12:20:25.506+0000] {processor.py:161} INFO - Started process (PID=26703) to work on /opt/airflow/dags/failed_lineage_dag.py
[2025-11-18T12:20:25.508+0000] {processor.py:830} INFO - Processing file /opt/airflow/dags/failed_lineage_dag.py for tasks to queue
[2025-11-18T12:20:25.509+0000] {logging_mixin.py:188} INFO - [2025-11-18T12:20:25.509+0000] {dagbag.py:538} INFO - Filling up the DagBag from /opt/airflow/dags/failed_lineage_dag.py
[2025-11-18T12:20:25.527+0000] {processor.py:840} INFO - DAG(s) 'failed_lineage_dag' retrieved from /opt/airflow/dags/failed_lineage_dag.py
[2025-11-18T12:20:25.562+0000] {logging_mixin.py:188} INFO - [2025-11-18T12:20:25.562+0000] {dag.py:3036} INFO - Sync 1 DAGs
[2025-11-18T12:20:25.575+0000] {logging_mixin.py:188} INFO - [2025-11-18T12:20:25.575+0000] {dag.py:3823} INFO - Setting next_dagrun for failed_lineage_dag to None, run_after=None
[2025-11-18T12:20:25.596+0000] {processor.py:183} INFO - Processing /opt/airflow/dags/failed_lineage_dag.py took 0.094 seconds
[2025-11-18T12:20:56.290+0000] {processor.py:161} INFO - Started process (PID=26733) to work on /opt/airflow/dags/failed_lineage_dag.py
[2025-11-18T12:20:56.292+0000] {processor.py:830} INFO - Processing file /opt/airflow/dags/failed_lineage_dag.py for tasks to queue
[2025-11-18T12:20:56.293+0000] {logging_mixin.py:188} INFO - [2025-11-18T12:20:56.293+0000] {dagbag.py:538} INFO - Filling up the DagBag from /opt/airflow/dags/failed_lineage_dag.py
[2025-11-18T12:20:56.353+0000] {processor.py:840} INFO - DAG(s) 'failed_lineage_dag' retrieved from /opt/airflow/dags/failed_lineage_dag.py
[2025-11-18T12:20:56.419+0000] {logging_mixin.py:188} INFO - [2025-11-18T12:20:56.419+0000] {dag.py:3036} INFO - Sync 1 DAGs
[2025-11-18T12:20:56.443+0000] {logging_mixin.py:188} INFO - [2025-11-18T12:20:56.442+0000] {dag.py:3823} INFO - Setting next_dagrun for failed_lineage_dag to None, run_after=None
[2025-11-18T12:20:56.508+0000] {processor.py:183} INFO - Processing /opt/airflow/dags/failed_lineage_dag.py took 0.223 seconds
[2025-11-18T12:21:27.458+0000] {processor.py:161} INFO - Started process (PID=26763) to work on /opt/airflow/dags/failed_lineage_dag.py
[2025-11-18T12:21:27.462+0000] {processor.py:830} INFO - Processing file /opt/airflow/dags/failed_lineage_dag.py for tasks to queue
[2025-11-18T12:21:27.463+0000] {logging_mixin.py:188} INFO - [2025-11-18T12:21:27.463+0000] {dagbag.py:538} INFO - Filling up the DagBag from /opt/airflow/dags/failed_lineage_dag.py
[2025-11-18T12:21:27.481+0000] {processor.py:840} INFO - DAG(s) 'failed_lineage_dag' retrieved from /opt/airflow/dags/failed_lineage_dag.py
[2025-11-18T12:21:27.521+0000] {logging_mixin.py:188} INFO - [2025-11-18T12:21:27.520+0000] {dag.py:3036} INFO - Sync 1 DAGs
[2025-11-18T12:21:27.535+0000] {logging_mixin.py:188} INFO - [2025-11-18T12:21:27.535+0000] {dag.py:3823} INFO - Setting next_dagrun for failed_lineage_dag to None, run_after=None
[2025-11-18T12:21:27.558+0000] {processor.py:183} INFO - Processing /opt/airflow/dags/failed_lineage_dag.py took 0.104 seconds
[2025-11-18T12:21:58.063+0000] {processor.py:161} INFO - Started process (PID=26793) to work on /opt/airflow/dags/failed_lineage_dag.py
[2025-11-18T12:21:58.065+0000] {processor.py:830} INFO - Processing file /opt/airflow/dags/failed_lineage_dag.py for tasks to queue
[2025-11-18T12:21:58.068+0000] {logging_mixin.py:188} INFO - [2025-11-18T12:21:58.067+0000] {dagbag.py:538} INFO - Filling up the DagBag from /opt/airflow/dags/failed_lineage_dag.py
[2025-11-18T12:21:58.084+0000] {processor.py:840} INFO - DAG(s) 'failed_lineage_dag' retrieved from /opt/airflow/dags/failed_lineage_dag.py
[2025-11-18T12:21:58.129+0000] {logging_mixin.py:188} INFO - [2025-11-18T12:21:58.129+0000] {dag.py:3036} INFO - Sync 1 DAGs
[2025-11-18T12:21:58.150+0000] {logging_mixin.py:188} INFO - [2025-11-18T12:21:58.146+0000] {dag.py:3823} INFO - Setting next_dagrun for failed_lineage_dag to None, run_after=None
[2025-11-18T12:21:58.188+0000] {processor.py:183} INFO - Processing /opt/airflow/dags/failed_lineage_dag.py took 0.129 seconds
[2025-11-18T12:22:28.420+0000] {processor.py:161} INFO - Started process (PID=26823) to work on /opt/airflow/dags/failed_lineage_dag.py
[2025-11-18T12:22:28.422+0000] {processor.py:830} INFO - Processing file /opt/airflow/dags/failed_lineage_dag.py for tasks to queue
[2025-11-18T12:22:28.423+0000] {logging_mixin.py:188} INFO - [2025-11-18T12:22:28.423+0000] {dagbag.py:538} INFO - Filling up the DagBag from /opt/airflow/dags/failed_lineage_dag.py
[2025-11-18T12:22:28.461+0000] {processor.py:840} INFO - DAG(s) 'failed_lineage_dag' retrieved from /opt/airflow/dags/failed_lineage_dag.py
[2025-11-18T12:22:28.488+0000] {logging_mixin.py:188} INFO - [2025-11-18T12:22:28.488+0000] {dag.py:3036} INFO - Sync 1 DAGs
[2025-11-18T12:22:28.498+0000] {logging_mixin.py:188} INFO - [2025-11-18T12:22:28.498+0000] {dag.py:3823} INFO - Setting next_dagrun for failed_lineage_dag to None, run_after=None
[2025-11-18T12:22:28.521+0000] {processor.py:183} INFO - Processing /opt/airflow/dags/failed_lineage_dag.py took 0.105 seconds
[2025-11-18T12:22:58.934+0000] {processor.py:161} INFO - Started process (PID=26853) to work on /opt/airflow/dags/failed_lineage_dag.py
[2025-11-18T12:22:58.936+0000] {processor.py:830} INFO - Processing file /opt/airflow/dags/failed_lineage_dag.py for tasks to queue
[2025-11-18T12:22:58.937+0000] {logging_mixin.py:188} INFO - [2025-11-18T12:22:58.936+0000] {dagbag.py:538} INFO - Filling up the DagBag from /opt/airflow/dags/failed_lineage_dag.py
[2025-11-18T12:22:58.951+0000] {processor.py:840} INFO - DAG(s) 'failed_lineage_dag' retrieved from /opt/airflow/dags/failed_lineage_dag.py
[2025-11-18T12:22:58.978+0000] {logging_mixin.py:188} INFO - [2025-11-18T12:22:58.977+0000] {dag.py:3036} INFO - Sync 1 DAGs
[2025-11-18T12:22:58.988+0000] {logging_mixin.py:188} INFO - [2025-11-18T12:22:58.988+0000] {dag.py:3823} INFO - Setting next_dagrun for failed_lineage_dag to None, run_after=None
[2025-11-18T12:22:59.011+0000] {processor.py:183} INFO - Processing /opt/airflow/dags/failed_lineage_dag.py took 0.081 seconds
[2025-11-18T12:23:29.512+0000] {processor.py:161} INFO - Started process (PID=26883) to work on /opt/airflow/dags/failed_lineage_dag.py
[2025-11-18T12:23:29.514+0000] {processor.py:830} INFO - Processing file /opt/airflow/dags/failed_lineage_dag.py for tasks to queue
[2025-11-18T12:23:29.516+0000] {logging_mixin.py:188} INFO - [2025-11-18T12:23:29.515+0000] {dagbag.py:538} INFO - Filling up the DagBag from /opt/airflow/dags/failed_lineage_dag.py
[2025-11-18T12:23:29.534+0000] {processor.py:840} INFO - DAG(s) 'failed_lineage_dag' retrieved from /opt/airflow/dags/failed_lineage_dag.py
[2025-11-18T12:23:29.626+0000] {logging_mixin.py:188} INFO - [2025-11-18T12:23:29.626+0000] {dag.py:3036} INFO - Sync 1 DAGs
[2025-11-18T12:23:29.667+0000] {logging_mixin.py:188} INFO - [2025-11-18T12:23:29.667+0000] {dag.py:3823} INFO - Setting next_dagrun for failed_lineage_dag to None, run_after=None
[2025-11-18T12:23:29.751+0000] {processor.py:183} INFO - Processing /opt/airflow/dags/failed_lineage_dag.py took 0.244 seconds
[2025-11-18T12:24:00.183+0000] {processor.py:161} INFO - Started process (PID=26913) to work on /opt/airflow/dags/failed_lineage_dag.py
[2025-11-18T12:24:00.185+0000] {processor.py:830} INFO - Processing file /opt/airflow/dags/failed_lineage_dag.py for tasks to queue
[2025-11-18T12:24:00.187+0000] {logging_mixin.py:188} INFO - [2025-11-18T12:24:00.186+0000] {dagbag.py:538} INFO - Filling up the DagBag from /opt/airflow/dags/failed_lineage_dag.py
[2025-11-18T12:24:00.209+0000] {processor.py:840} INFO - DAG(s) 'failed_lineage_dag' retrieved from /opt/airflow/dags/failed_lineage_dag.py
[2025-11-18T12:24:00.264+0000] {logging_mixin.py:188} INFO - [2025-11-18T12:24:00.263+0000] {dag.py:3036} INFO - Sync 1 DAGs
[2025-11-18T12:24:00.280+0000] {logging_mixin.py:188} INFO - [2025-11-18T12:24:00.280+0000] {dag.py:3823} INFO - Setting next_dagrun for failed_lineage_dag to None, run_after=None
[2025-11-18T12:24:00.301+0000] {processor.py:183} INFO - Processing /opt/airflow/dags/failed_lineage_dag.py took 0.122 seconds
[2025-11-18T12:24:31.801+0000] {processor.py:161} INFO - Started process (PID=26941) to work on /opt/airflow/dags/failed_lineage_dag.py
[2025-11-18T12:24:31.827+0000] {processor.py:830} INFO - Processing file /opt/airflow/dags/failed_lineage_dag.py for tasks to queue
[2025-11-18T12:24:31.834+0000] {logging_mixin.py:188} INFO - [2025-11-18T12:24:31.833+0000] {dagbag.py:538} INFO - Filling up the DagBag from /opt/airflow/dags/failed_lineage_dag.py
[2025-11-18T12:24:32.164+0000] {processor.py:840} INFO - DAG(s) 'failed_lineage_dag' retrieved from /opt/airflow/dags/failed_lineage_dag.py
[2025-11-18T12:24:32.263+0000] {logging_mixin.py:188} INFO - [2025-11-18T12:24:32.263+0000] {dag.py:3036} INFO - Sync 1 DAGs
[2025-11-18T12:24:32.309+0000] {logging_mixin.py:188} INFO - [2025-11-18T12:24:32.309+0000] {dag.py:3823} INFO - Setting next_dagrun for failed_lineage_dag to None, run_after=None
[2025-11-18T12:24:32.398+0000] {processor.py:183} INFO - Processing /opt/airflow/dags/failed_lineage_dag.py took 0.602 seconds
[2025-11-18T12:25:03.276+0000] {processor.py:161} INFO - Started process (PID=26973) to work on /opt/airflow/dags/failed_lineage_dag.py
[2025-11-18T12:25:03.278+0000] {processor.py:830} INFO - Processing file /opt/airflow/dags/failed_lineage_dag.py for tasks to queue
[2025-11-18T12:25:03.281+0000] {logging_mixin.py:188} INFO - [2025-11-18T12:25:03.280+0000] {dagbag.py:538} INFO - Filling up the DagBag from /opt/airflow/dags/failed_lineage_dag.py
[2025-11-18T12:25:03.318+0000] {processor.py:840} INFO - DAG(s) 'failed_lineage_dag' retrieved from /opt/airflow/dags/failed_lineage_dag.py
[2025-11-18T12:25:03.389+0000] {logging_mixin.py:188} INFO - [2025-11-18T12:25:03.388+0000] {dag.py:3036} INFO - Sync 1 DAGs
[2025-11-18T12:25:03.416+0000] {logging_mixin.py:188} INFO - [2025-11-18T12:25:03.415+0000] {dag.py:3823} INFO - Setting next_dagrun for failed_lineage_dag to None, run_after=None
[2025-11-18T12:25:03.469+0000] {processor.py:183} INFO - Processing /opt/airflow/dags/failed_lineage_dag.py took 0.199 seconds
[2025-11-18T12:25:36.060+0000] {processor.py:161} INFO - Started process (PID=26996) to work on /opt/airflow/dags/failed_lineage_dag.py
[2025-11-18T12:25:36.070+0000] {processor.py:830} INFO - Processing file /opt/airflow/dags/failed_lineage_dag.py for tasks to queue
[2025-11-18T12:25:36.091+0000] {logging_mixin.py:188} INFO - [2025-11-18T12:25:36.090+0000] {dagbag.py:538} INFO - Filling up the DagBag from /opt/airflow/dags/failed_lineage_dag.py
[2025-11-18T12:25:36.726+0000] {processor.py:840} INFO - DAG(s) 'failed_lineage_dag' retrieved from /opt/airflow/dags/failed_lineage_dag.py
[2025-11-18T12:25:36.863+0000] {logging_mixin.py:188} INFO - [2025-11-18T12:25:36.862+0000] {dag.py:3036} INFO - Sync 1 DAGs
[2025-11-18T12:25:36.925+0000] {logging_mixin.py:188} INFO - [2025-11-18T12:25:36.924+0000] {dag.py:3823} INFO - Setting next_dagrun for failed_lineage_dag to None, run_after=None
[2025-11-18T12:25:37.003+0000] {processor.py:183} INFO - Processing /opt/airflow/dags/failed_lineage_dag.py took 0.947 seconds
[2025-11-18T12:26:10.085+0000] {processor.py:161} INFO - Started process (PID=27026) to work on /opt/airflow/dags/failed_lineage_dag.py
[2025-11-18T12:26:10.550+0000] {processor.py:830} INFO - Processing file /opt/airflow/dags/failed_lineage_dag.py for tasks to queue
[2025-11-18T12:26:10.599+0000] {logging_mixin.py:188} INFO - [2025-11-18T12:26:10.599+0000] {dagbag.py:538} INFO - Filling up the DagBag from /opt/airflow/dags/failed_lineage_dag.py
[2025-11-18T12:26:13.564+0000] {processor.py:840} INFO - DAG(s) 'failed_lineage_dag' retrieved from /opt/airflow/dags/failed_lineage_dag.py
[2025-11-18T12:26:13.710+0000] {logging_mixin.py:188} INFO - [2025-11-18T12:26:13.710+0000] {dag.py:3036} INFO - Sync 1 DAGs
[2025-11-18T12:26:13.799+0000] {logging_mixin.py:188} INFO - [2025-11-18T12:26:13.799+0000] {dag.py:3823} INFO - Setting next_dagrun for failed_lineage_dag to None, run_after=None
[2025-11-18T12:26:13.930+0000] {processor.py:183} INFO - Processing /opt/airflow/dags/failed_lineage_dag.py took 3.853 seconds
[2025-11-18T12:26:45.476+0000] {processor.py:161} INFO - Started process (PID=27058) to work on /opt/airflow/dags/failed_lineage_dag.py
[2025-11-18T12:26:45.480+0000] {processor.py:830} INFO - Processing file /opt/airflow/dags/failed_lineage_dag.py for tasks to queue
[2025-11-18T12:26:45.483+0000] {logging_mixin.py:188} INFO - [2025-11-18T12:26:45.482+0000] {dagbag.py:538} INFO - Filling up the DagBag from /opt/airflow/dags/failed_lineage_dag.py
[2025-11-18T12:26:45.533+0000] {processor.py:840} INFO - DAG(s) 'failed_lineage_dag' retrieved from /opt/airflow/dags/failed_lineage_dag.py
[2025-11-18T12:26:45.584+0000] {logging_mixin.py:188} INFO - [2025-11-18T12:26:45.584+0000] {dag.py:3036} INFO - Sync 1 DAGs
[2025-11-18T12:26:45.621+0000] {logging_mixin.py:188} INFO - [2025-11-18T12:26:45.620+0000] {dag.py:3823} INFO - Setting next_dagrun for failed_lineage_dag to None, run_after=None
[2025-11-18T12:26:45.662+0000] {processor.py:183} INFO - Processing /opt/airflow/dags/failed_lineage_dag.py took 0.193 seconds
[2025-11-18T12:27:15.734+0000] {processor.py:161} INFO - Started process (PID=27088) to work on /opt/airflow/dags/failed_lineage_dag.py
[2025-11-18T12:27:15.736+0000] {processor.py:830} INFO - Processing file /opt/airflow/dags/failed_lineage_dag.py for tasks to queue
[2025-11-18T12:27:15.738+0000] {logging_mixin.py:188} INFO - [2025-11-18T12:27:15.737+0000] {dagbag.py:538} INFO - Filling up the DagBag from /opt/airflow/dags/failed_lineage_dag.py
[2025-11-18T12:27:15.763+0000] {processor.py:840} INFO - DAG(s) 'failed_lineage_dag' retrieved from /opt/airflow/dags/failed_lineage_dag.py
[2025-11-18T12:27:15.815+0000] {logging_mixin.py:188} INFO - [2025-11-18T12:27:15.814+0000] {dag.py:3036} INFO - Sync 1 DAGs
[2025-11-18T12:27:15.830+0000] {logging_mixin.py:188} INFO - [2025-11-18T12:27:15.830+0000] {dag.py:3823} INFO - Setting next_dagrun for failed_lineage_dag to None, run_after=None
[2025-11-18T12:27:15.861+0000] {processor.py:183} INFO - Processing /opt/airflow/dags/failed_lineage_dag.py took 0.131 seconds
[2025-11-18T12:27:46.501+0000] {processor.py:161} INFO - Started process (PID=27118) to work on /opt/airflow/dags/failed_lineage_dag.py
[2025-11-18T12:27:46.503+0000] {processor.py:830} INFO - Processing file /opt/airflow/dags/failed_lineage_dag.py for tasks to queue
[2025-11-18T12:27:46.504+0000] {logging_mixin.py:188} INFO - [2025-11-18T12:27:46.504+0000] {dagbag.py:538} INFO - Filling up the DagBag from /opt/airflow/dags/failed_lineage_dag.py
[2025-11-18T12:27:46.521+0000] {processor.py:840} INFO - DAG(s) 'failed_lineage_dag' retrieved from /opt/airflow/dags/failed_lineage_dag.py
[2025-11-18T12:27:46.562+0000] {logging_mixin.py:188} INFO - [2025-11-18T12:27:46.562+0000] {dag.py:3036} INFO - Sync 1 DAGs
[2025-11-18T12:27:46.580+0000] {logging_mixin.py:188} INFO - [2025-11-18T12:27:46.580+0000] {dag.py:3823} INFO - Setting next_dagrun for failed_lineage_dag to None, run_after=None
[2025-11-18T12:27:46.620+0000] {processor.py:183} INFO - Processing /opt/airflow/dags/failed_lineage_dag.py took 0.123 seconds
[2025-11-18T12:28:17.399+0000] {processor.py:161} INFO - Started process (PID=27148) to work on /opt/airflow/dags/failed_lineage_dag.py
[2025-11-18T12:28:17.401+0000] {processor.py:830} INFO - Processing file /opt/airflow/dags/failed_lineage_dag.py for tasks to queue
[2025-11-18T12:28:17.402+0000] {logging_mixin.py:188} INFO - [2025-11-18T12:28:17.402+0000] {dagbag.py:538} INFO - Filling up the DagBag from /opt/airflow/dags/failed_lineage_dag.py
[2025-11-18T12:28:17.459+0000] {processor.py:840} INFO - DAG(s) 'failed_lineage_dag' retrieved from /opt/airflow/dags/failed_lineage_dag.py
[2025-11-18T12:28:17.498+0000] {logging_mixin.py:188} INFO - [2025-11-18T12:28:17.498+0000] {dag.py:3036} INFO - Sync 1 DAGs
[2025-11-18T12:28:17.514+0000] {logging_mixin.py:188} INFO - [2025-11-18T12:28:17.513+0000] {dag.py:3823} INFO - Setting next_dagrun for failed_lineage_dag to None, run_after=None
[2025-11-18T12:28:17.563+0000] {processor.py:183} INFO - Processing /opt/airflow/dags/failed_lineage_dag.py took 0.168 seconds
[2025-11-18T12:28:47.647+0000] {processor.py:161} INFO - Started process (PID=27178) to work on /opt/airflow/dags/failed_lineage_dag.py
[2025-11-18T12:28:47.649+0000] {processor.py:830} INFO - Processing file /opt/airflow/dags/failed_lineage_dag.py for tasks to queue
[2025-11-18T12:28:47.650+0000] {logging_mixin.py:188} INFO - [2025-11-18T12:28:47.650+0000] {dagbag.py:538} INFO - Filling up the DagBag from /opt/airflow/dags/failed_lineage_dag.py
[2025-11-18T12:28:47.688+0000] {processor.py:840} INFO - DAG(s) 'failed_lineage_dag' retrieved from /opt/airflow/dags/failed_lineage_dag.py
[2025-11-18T12:28:47.743+0000] {logging_mixin.py:188} INFO - [2025-11-18T12:28:47.742+0000] {dag.py:3036} INFO - Sync 1 DAGs
[2025-11-18T12:28:47.763+0000] {logging_mixin.py:188} INFO - [2025-11-18T12:28:47.762+0000] {dag.py:3823} INFO - Setting next_dagrun for failed_lineage_dag to None, run_after=None
[2025-11-18T12:28:47.814+0000] {processor.py:183} INFO - Processing /opt/airflow/dags/failed_lineage_dag.py took 0.178 seconds
[2025-11-18T12:29:18.332+0000] {processor.py:161} INFO - Started process (PID=27206) to work on /opt/airflow/dags/failed_lineage_dag.py
[2025-11-18T12:29:18.334+0000] {processor.py:830} INFO - Processing file /opt/airflow/dags/failed_lineage_dag.py for tasks to queue
[2025-11-18T12:29:18.336+0000] {logging_mixin.py:188} INFO - [2025-11-18T12:29:18.335+0000] {dagbag.py:538} INFO - Filling up the DagBag from /opt/airflow/dags/failed_lineage_dag.py
[2025-11-18T12:29:18.422+0000] {processor.py:840} INFO - DAG(s) 'failed_lineage_dag' retrieved from /opt/airflow/dags/failed_lineage_dag.py
[2025-11-18T12:29:18.536+0000] {logging_mixin.py:188} INFO - [2025-11-18T12:29:18.535+0000] {dag.py:3036} INFO - Sync 1 DAGs
[2025-11-18T12:29:18.562+0000] {logging_mixin.py:188} INFO - [2025-11-18T12:29:18.561+0000] {dag.py:3823} INFO - Setting next_dagrun for failed_lineage_dag to None, run_after=None
[2025-11-18T12:29:18.592+0000] {processor.py:183} INFO - Processing /opt/airflow/dags/failed_lineage_dag.py took 0.273 seconds
[2025-11-18T12:29:49.697+0000] {processor.py:161} INFO - Started process (PID=27236) to work on /opt/airflow/dags/failed_lineage_dag.py
[2025-11-18T12:29:49.699+0000] {processor.py:830} INFO - Processing file /opt/airflow/dags/failed_lineage_dag.py for tasks to queue
[2025-11-18T12:29:49.700+0000] {logging_mixin.py:188} INFO - [2025-11-18T12:29:49.700+0000] {dagbag.py:538} INFO - Filling up the DagBag from /opt/airflow/dags/failed_lineage_dag.py
[2025-11-18T12:29:49.724+0000] {processor.py:840} INFO - DAG(s) 'failed_lineage_dag' retrieved from /opt/airflow/dags/failed_lineage_dag.py
[2025-11-18T12:29:49.770+0000] {logging_mixin.py:188} INFO - [2025-11-18T12:29:49.769+0000] {dag.py:3036} INFO - Sync 1 DAGs
[2025-11-18T12:29:49.792+0000] {logging_mixin.py:188} INFO - [2025-11-18T12:29:49.791+0000] {dag.py:3823} INFO - Setting next_dagrun for failed_lineage_dag to None, run_after=None
[2025-11-18T12:29:49.837+0000] {processor.py:183} INFO - Processing /opt/airflow/dags/failed_lineage_dag.py took 0.150 seconds
[2025-11-18T12:30:20.558+0000] {processor.py:161} INFO - Started process (PID=27266) to work on /opt/airflow/dags/failed_lineage_dag.py
[2025-11-18T12:30:20.560+0000] {processor.py:830} INFO - Processing file /opt/airflow/dags/failed_lineage_dag.py for tasks to queue
[2025-11-18T12:30:20.563+0000] {logging_mixin.py:188} INFO - [2025-11-18T12:30:20.562+0000] {dagbag.py:538} INFO - Filling up the DagBag from /opt/airflow/dags/failed_lineage_dag.py
[2025-11-18T12:30:20.598+0000] {processor.py:840} INFO - DAG(s) 'failed_lineage_dag' retrieved from /opt/airflow/dags/failed_lineage_dag.py
[2025-11-18T12:30:20.695+0000] {logging_mixin.py:188} INFO - [2025-11-18T12:30:20.695+0000] {dag.py:3036} INFO - Sync 1 DAGs
[2025-11-18T12:30:20.764+0000] {logging_mixin.py:188} INFO - [2025-11-18T12:30:20.764+0000] {dag.py:3823} INFO - Setting next_dagrun for failed_lineage_dag to None, run_after=None
[2025-11-18T12:30:20.862+0000] {processor.py:183} INFO - Processing /opt/airflow/dags/failed_lineage_dag.py took 0.309 seconds
[2025-11-18T12:30:51.539+0000] {processor.py:161} INFO - Started process (PID=27296) to work on /opt/airflow/dags/failed_lineage_dag.py
[2025-11-18T12:30:51.540+0000] {processor.py:830} INFO - Processing file /opt/airflow/dags/failed_lineage_dag.py for tasks to queue
[2025-11-18T12:30:51.542+0000] {logging_mixin.py:188} INFO - [2025-11-18T12:30:51.541+0000] {dagbag.py:538} INFO - Filling up the DagBag from /opt/airflow/dags/failed_lineage_dag.py
[2025-11-18T12:30:51.561+0000] {processor.py:840} INFO - DAG(s) 'failed_lineage_dag' retrieved from /opt/airflow/dags/failed_lineage_dag.py
[2025-11-18T12:30:51.590+0000] {logging_mixin.py:188} INFO - [2025-11-18T12:30:51.590+0000] {dag.py:3036} INFO - Sync 1 DAGs
[2025-11-18T12:30:51.604+0000] {logging_mixin.py:188} INFO - [2025-11-18T12:30:51.603+0000] {dag.py:3823} INFO - Setting next_dagrun for failed_lineage_dag to None, run_after=None
[2025-11-18T12:30:51.634+0000] {processor.py:183} INFO - Processing /opt/airflow/dags/failed_lineage_dag.py took 0.100 seconds
[2025-11-18T12:31:21.848+0000] {processor.py:161} INFO - Started process (PID=27326) to work on /opt/airflow/dags/failed_lineage_dag.py
[2025-11-18T12:31:21.850+0000] {processor.py:830} INFO - Processing file /opt/airflow/dags/failed_lineage_dag.py for tasks to queue
[2025-11-18T12:31:21.851+0000] {logging_mixin.py:188} INFO - [2025-11-18T12:31:21.851+0000] {dagbag.py:538} INFO - Filling up the DagBag from /opt/airflow/dags/failed_lineage_dag.py
[2025-11-18T12:31:21.872+0000] {processor.py:840} INFO - DAG(s) 'failed_lineage_dag' retrieved from /opt/airflow/dags/failed_lineage_dag.py
[2025-11-18T12:31:21.903+0000] {logging_mixin.py:188} INFO - [2025-11-18T12:31:21.902+0000] {dag.py:3036} INFO - Sync 1 DAGs
[2025-11-18T12:31:21.918+0000] {logging_mixin.py:188} INFO - [2025-11-18T12:31:21.917+0000] {dag.py:3823} INFO - Setting next_dagrun for failed_lineage_dag to None, run_after=None
[2025-11-18T12:31:21.941+0000] {processor.py:183} INFO - Processing /opt/airflow/dags/failed_lineage_dag.py took 0.097 seconds
[2025-11-18T12:31:52.697+0000] {processor.py:161} INFO - Started process (PID=27356) to work on /opt/airflow/dags/failed_lineage_dag.py
[2025-11-18T12:31:52.699+0000] {processor.py:830} INFO - Processing file /opt/airflow/dags/failed_lineage_dag.py for tasks to queue
[2025-11-18T12:31:52.711+0000] {logging_mixin.py:188} INFO - [2025-11-18T12:31:52.710+0000] {dagbag.py:538} INFO - Filling up the DagBag from /opt/airflow/dags/failed_lineage_dag.py
[2025-11-18T12:31:52.745+0000] {processor.py:840} INFO - DAG(s) 'failed_lineage_dag' retrieved from /opt/airflow/dags/failed_lineage_dag.py
[2025-11-18T12:31:52.920+0000] {logging_mixin.py:188} INFO - [2025-11-18T12:31:52.920+0000] {dag.py:3036} INFO - Sync 1 DAGs
[2025-11-18T12:31:52.983+0000] {logging_mixin.py:188} INFO - [2025-11-18T12:31:52.983+0000] {dag.py:3823} INFO - Setting next_dagrun for failed_lineage_dag to None, run_after=None
[2025-11-18T12:31:53.055+0000] {processor.py:183} INFO - Processing /opt/airflow/dags/failed_lineage_dag.py took 0.368 seconds
[2025-11-18T12:32:48.031+0000] {processor.py:161} INFO - Started process (PID=27386) to work on /opt/airflow/dags/failed_lineage_dag.py
[2025-11-18T12:32:48.039+0000] {processor.py:830} INFO - Processing file /opt/airflow/dags/failed_lineage_dag.py for tasks to queue
[2025-11-18T12:32:48.046+0000] {logging_mixin.py:188} INFO - [2025-11-18T12:32:48.045+0000] {dagbag.py:538} INFO - Filling up the DagBag from /opt/airflow/dags/failed_lineage_dag.py
[2025-11-18T12:32:48.217+0000] {processor.py:840} INFO - DAG(s) 'failed_lineage_dag' retrieved from /opt/airflow/dags/failed_lineage_dag.py
[2025-11-18T12:32:48.392+0000] {logging_mixin.py:188} INFO - [2025-11-18T12:32:48.391+0000] {dag.py:3036} INFO - Sync 1 DAGs
[2025-11-18T12:32:48.441+0000] {logging_mixin.py:188} INFO - [2025-11-18T12:32:48.441+0000] {dag.py:3823} INFO - Setting next_dagrun for failed_lineage_dag to None, run_after=None
[2025-11-18T12:32:48.547+0000] {processor.py:183} INFO - Processing /opt/airflow/dags/failed_lineage_dag.py took 0.523 seconds
[2025-11-18T12:33:22.093+0000] {processor.py:161} INFO - Started process (PID=27416) to work on /opt/airflow/dags/failed_lineage_dag.py
[2025-11-18T12:33:22.099+0000] {processor.py:830} INFO - Processing file /opt/airflow/dags/failed_lineage_dag.py for tasks to queue
[2025-11-18T12:33:22.101+0000] {logging_mixin.py:188} INFO - [2025-11-18T12:33:22.100+0000] {dagbag.py:538} INFO - Filling up the DagBag from /opt/airflow/dags/failed_lineage_dag.py
[2025-11-18T12:33:22.124+0000] {processor.py:840} INFO - DAG(s) 'failed_lineage_dag' retrieved from /opt/airflow/dags/failed_lineage_dag.py
[2025-11-18T12:33:22.227+0000] {logging_mixin.py:188} INFO - [2025-11-18T12:33:22.227+0000] {dag.py:3036} INFO - Sync 1 DAGs
[2025-11-18T12:33:22.294+0000] {logging_mixin.py:188} INFO - [2025-11-18T12:33:22.293+0000] {dag.py:3823} INFO - Setting next_dagrun for failed_lineage_dag to None, run_after=None
[2025-11-18T12:33:22.366+0000] {processor.py:183} INFO - Processing /opt/airflow/dags/failed_lineage_dag.py took 0.279 seconds
[2025-11-18T12:33:53.252+0000] {processor.py:161} INFO - Started process (PID=27446) to work on /opt/airflow/dags/failed_lineage_dag.py
[2025-11-18T12:33:53.255+0000] {processor.py:830} INFO - Processing file /opt/airflow/dags/failed_lineage_dag.py for tasks to queue
[2025-11-18T12:33:53.256+0000] {logging_mixin.py:188} INFO - [2025-11-18T12:33:53.256+0000] {dagbag.py:538} INFO - Filling up the DagBag from /opt/airflow/dags/failed_lineage_dag.py
[2025-11-18T12:33:53.276+0000] {processor.py:840} INFO - DAG(s) 'failed_lineage_dag' retrieved from /opt/airflow/dags/failed_lineage_dag.py
[2025-11-18T12:33:53.366+0000] {logging_mixin.py:188} INFO - [2025-11-18T12:33:53.366+0000] {dag.py:3036} INFO - Sync 1 DAGs
[2025-11-18T12:33:53.412+0000] {logging_mixin.py:188} INFO - [2025-11-18T12:33:53.404+0000] {dag.py:3823} INFO - Setting next_dagrun for failed_lineage_dag to None, run_after=None
[2025-11-18T12:33:53.544+0000] {processor.py:183} INFO - Processing /opt/airflow/dags/failed_lineage_dag.py took 0.296 seconds
[2025-11-18T12:34:24.449+0000] {processor.py:161} INFO - Started process (PID=27476) to work on /opt/airflow/dags/failed_lineage_dag.py
[2025-11-18T12:34:24.451+0000] {processor.py:830} INFO - Processing file /opt/airflow/dags/failed_lineage_dag.py for tasks to queue
[2025-11-18T12:34:24.452+0000] {logging_mixin.py:188} INFO - [2025-11-18T12:34:24.452+0000] {dagbag.py:538} INFO - Filling up the DagBag from /opt/airflow/dags/failed_lineage_dag.py
[2025-11-18T12:34:24.475+0000] {processor.py:840} INFO - DAG(s) 'failed_lineage_dag' retrieved from /opt/airflow/dags/failed_lineage_dag.py
[2025-11-18T12:34:24.503+0000] {logging_mixin.py:188} INFO - [2025-11-18T12:34:24.502+0000] {dag.py:3036} INFO - Sync 1 DAGs
[2025-11-18T12:34:24.516+0000] {logging_mixin.py:188} INFO - [2025-11-18T12:34:24.516+0000] {dag.py:3823} INFO - Setting next_dagrun for failed_lineage_dag to None, run_after=None
[2025-11-18T12:34:24.541+0000] {processor.py:183} INFO - Processing /opt/airflow/dags/failed_lineage_dag.py took 0.097 seconds
[2025-11-18T12:34:55.047+0000] {processor.py:161} INFO - Started process (PID=27506) to work on /opt/airflow/dags/failed_lineage_dag.py
[2025-11-18T12:34:55.056+0000] {processor.py:830} INFO - Processing file /opt/airflow/dags/failed_lineage_dag.py for tasks to queue
[2025-11-18T12:34:55.061+0000] {logging_mixin.py:188} INFO - [2025-11-18T12:34:55.060+0000] {dagbag.py:538} INFO - Filling up the DagBag from /opt/airflow/dags/failed_lineage_dag.py
[2025-11-18T12:34:55.123+0000] {processor.py:840} INFO - DAG(s) 'failed_lineage_dag' retrieved from /opt/airflow/dags/failed_lineage_dag.py
[2025-11-18T12:34:55.213+0000] {logging_mixin.py:188} INFO - [2025-11-18T12:34:55.213+0000] {dag.py:3036} INFO - Sync 1 DAGs
[2025-11-18T12:34:55.295+0000] {logging_mixin.py:188} INFO - [2025-11-18T12:34:55.295+0000] {dag.py:3823} INFO - Setting next_dagrun for failed_lineage_dag to None, run_after=None
[2025-11-18T12:34:55.649+0000] {processor.py:183} INFO - Processing /opt/airflow/dags/failed_lineage_dag.py took 0.607 seconds
[2025-11-18T12:35:26.282+0000] {processor.py:161} INFO - Started process (PID=27533) to work on /opt/airflow/dags/failed_lineage_dag.py
[2025-11-18T12:35:26.287+0000] {processor.py:830} INFO - Processing file /opt/airflow/dags/failed_lineage_dag.py for tasks to queue
[2025-11-18T12:35:26.295+0000] {logging_mixin.py:188} INFO - [2025-11-18T12:35:26.294+0000] {dagbag.py:538} INFO - Filling up the DagBag from /opt/airflow/dags/failed_lineage_dag.py
[2025-11-18T12:35:26.347+0000] {processor.py:840} INFO - DAG(s) 'failed_lineage_dag' retrieved from /opt/airflow/dags/failed_lineage_dag.py
[2025-11-18T12:35:26.429+0000] {logging_mixin.py:188} INFO - [2025-11-18T12:35:26.428+0000] {dag.py:3036} INFO - Sync 1 DAGs
[2025-11-18T12:35:26.466+0000] {logging_mixin.py:188} INFO - [2025-11-18T12:35:26.465+0000] {dag.py:3823} INFO - Setting next_dagrun for failed_lineage_dag to None, run_after=None
[2025-11-18T12:35:26.569+0000] {processor.py:183} INFO - Processing /opt/airflow/dags/failed_lineage_dag.py took 0.374 seconds
[2025-11-18T12:35:56.680+0000] {processor.py:161} INFO - Started process (PID=27563) to work on /opt/airflow/dags/failed_lineage_dag.py
[2025-11-18T12:35:56.681+0000] {processor.py:830} INFO - Processing file /opt/airflow/dags/failed_lineage_dag.py for tasks to queue
[2025-11-18T12:35:56.682+0000] {logging_mixin.py:188} INFO - [2025-11-18T12:35:56.682+0000] {dagbag.py:538} INFO - Filling up the DagBag from /opt/airflow/dags/failed_lineage_dag.py
[2025-11-18T12:35:56.701+0000] {processor.py:840} INFO - DAG(s) 'failed_lineage_dag' retrieved from /opt/airflow/dags/failed_lineage_dag.py
[2025-11-18T12:35:56.731+0000] {logging_mixin.py:188} INFO - [2025-11-18T12:35:56.730+0000] {dag.py:3036} INFO - Sync 1 DAGs
[2025-11-18T12:35:56.742+0000] {logging_mixin.py:188} INFO - [2025-11-18T12:35:56.742+0000] {dag.py:3823} INFO - Setting next_dagrun for failed_lineage_dag to None, run_after=None
[2025-11-18T12:35:56.780+0000] {processor.py:183} INFO - Processing /opt/airflow/dags/failed_lineage_dag.py took 0.105 seconds
[2025-11-18T12:36:27.674+0000] {processor.py:161} INFO - Started process (PID=27593) to work on /opt/airflow/dags/failed_lineage_dag.py
[2025-11-18T12:36:27.675+0000] {processor.py:830} INFO - Processing file /opt/airflow/dags/failed_lineage_dag.py for tasks to queue
[2025-11-18T12:36:27.677+0000] {logging_mixin.py:188} INFO - [2025-11-18T12:36:27.676+0000] {dagbag.py:538} INFO - Filling up the DagBag from /opt/airflow/dags/failed_lineage_dag.py
[2025-11-18T12:36:27.692+0000] {processor.py:840} INFO - DAG(s) 'failed_lineage_dag' retrieved from /opt/airflow/dags/failed_lineage_dag.py
[2025-11-18T12:36:27.746+0000] {logging_mixin.py:188} INFO - [2025-11-18T12:36:27.745+0000] {dag.py:3036} INFO - Sync 1 DAGs
[2025-11-18T12:36:27.762+0000] {logging_mixin.py:188} INFO - [2025-11-18T12:36:27.761+0000] {dag.py:3823} INFO - Setting next_dagrun for failed_lineage_dag to None, run_after=None
[2025-11-18T12:36:27.790+0000] {processor.py:183} INFO - Processing /opt/airflow/dags/failed_lineage_dag.py took 0.120 seconds
[2025-11-18T12:36:58.833+0000] {processor.py:161} INFO - Started process (PID=27626) to work on /opt/airflow/dags/failed_lineage_dag.py
[2025-11-18T12:36:58.836+0000] {processor.py:830} INFO - Processing file /opt/airflow/dags/failed_lineage_dag.py for tasks to queue
[2025-11-18T12:36:58.840+0000] {logging_mixin.py:188} INFO - [2025-11-18T12:36:58.839+0000] {dagbag.py:538} INFO - Filling up the DagBag from /opt/airflow/dags/failed_lineage_dag.py
[2025-11-18T12:36:58.884+0000] {processor.py:840} INFO - DAG(s) 'failed_lineage_dag' retrieved from /opt/airflow/dags/failed_lineage_dag.py
[2025-11-18T12:36:58.922+0000] {logging_mixin.py:188} INFO - [2025-11-18T12:36:58.921+0000] {dag.py:3036} INFO - Sync 1 DAGs
[2025-11-18T12:36:58.947+0000] {logging_mixin.py:188} INFO - [2025-11-18T12:36:58.947+0000] {dag.py:3823} INFO - Setting next_dagrun for failed_lineage_dag to None, run_after=None
[2025-11-18T12:36:58.975+0000] {processor.py:183} INFO - Processing /opt/airflow/dags/failed_lineage_dag.py took 0.150 seconds
[2025-11-18T12:37:29.045+0000] {processor.py:161} INFO - Started process (PID=27656) to work on /opt/airflow/dags/failed_lineage_dag.py
[2025-11-18T12:37:29.047+0000] {processor.py:830} INFO - Processing file /opt/airflow/dags/failed_lineage_dag.py for tasks to queue
[2025-11-18T12:37:29.051+0000] {logging_mixin.py:188} INFO - [2025-11-18T12:37:29.048+0000] {dagbag.py:538} INFO - Filling up the DagBag from /opt/airflow/dags/failed_lineage_dag.py
[2025-11-18T12:37:29.079+0000] {processor.py:840} INFO - DAG(s) 'failed_lineage_dag' retrieved from /opt/airflow/dags/failed_lineage_dag.py
[2025-11-18T12:37:29.117+0000] {logging_mixin.py:188} INFO - [2025-11-18T12:37:29.117+0000] {dag.py:3036} INFO - Sync 1 DAGs
[2025-11-18T12:37:29.130+0000] {logging_mixin.py:188} INFO - [2025-11-18T12:37:29.130+0000] {dag.py:3823} INFO - Setting next_dagrun for failed_lineage_dag to None, run_after=None
[2025-11-18T12:37:29.147+0000] {processor.py:183} INFO - Processing /opt/airflow/dags/failed_lineage_dag.py took 0.106 seconds
[2025-11-18T12:37:59.912+0000] {processor.py:161} INFO - Started process (PID=27686) to work on /opt/airflow/dags/failed_lineage_dag.py
[2025-11-18T12:37:59.913+0000] {processor.py:830} INFO - Processing file /opt/airflow/dags/failed_lineage_dag.py for tasks to queue
[2025-11-18T12:37:59.915+0000] {logging_mixin.py:188} INFO - [2025-11-18T12:37:59.914+0000] {dagbag.py:538} INFO - Filling up the DagBag from /opt/airflow/dags/failed_lineage_dag.py
[2025-11-18T12:37:59.933+0000] {processor.py:840} INFO - DAG(s) 'failed_lineage_dag' retrieved from /opt/airflow/dags/failed_lineage_dag.py
[2025-11-18T12:37:59.969+0000] {logging_mixin.py:188} INFO - [2025-11-18T12:37:59.969+0000] {dag.py:3036} INFO - Sync 1 DAGs
[2025-11-18T12:37:59.979+0000] {logging_mixin.py:188} INFO - [2025-11-18T12:37:59.979+0000] {dag.py:3823} INFO - Setting next_dagrun for failed_lineage_dag to None, run_after=None
[2025-11-18T12:38:00.015+0000] {processor.py:183} INFO - Processing /opt/airflow/dags/failed_lineage_dag.py took 0.106 seconds
[2025-11-18T12:38:31.070+0000] {processor.py:161} INFO - Started process (PID=27713) to work on /opt/airflow/dags/failed_lineage_dag.py
[2025-11-18T12:38:31.072+0000] {processor.py:830} INFO - Processing file /opt/airflow/dags/failed_lineage_dag.py for tasks to queue
[2025-11-18T12:38:31.074+0000] {logging_mixin.py:188} INFO - [2025-11-18T12:38:31.074+0000] {dagbag.py:538} INFO - Filling up the DagBag from /opt/airflow/dags/failed_lineage_dag.py
[2025-11-18T12:38:31.106+0000] {processor.py:840} INFO - DAG(s) 'failed_lineage_dag' retrieved from /opt/airflow/dags/failed_lineage_dag.py
[2025-11-18T12:38:31.168+0000] {logging_mixin.py:188} INFO - [2025-11-18T12:38:31.168+0000] {dag.py:3036} INFO - Sync 1 DAGs
[2025-11-18T12:38:31.179+0000] {logging_mixin.py:188} INFO - [2025-11-18T12:38:31.179+0000] {dag.py:3823} INFO - Setting next_dagrun for failed_lineage_dag to None, run_after=None
[2025-11-18T12:38:31.220+0000] {processor.py:183} INFO - Processing /opt/airflow/dags/failed_lineage_dag.py took 0.198 seconds
[2025-11-18T12:39:01.513+0000] {processor.py:161} INFO - Started process (PID=27746) to work on /opt/airflow/dags/failed_lineage_dag.py
[2025-11-18T12:39:01.516+0000] {processor.py:830} INFO - Processing file /opt/airflow/dags/failed_lineage_dag.py for tasks to queue
[2025-11-18T12:39:01.517+0000] {logging_mixin.py:188} INFO - [2025-11-18T12:39:01.517+0000] {dagbag.py:538} INFO - Filling up the DagBag from /opt/airflow/dags/failed_lineage_dag.py
[2025-11-18T12:39:01.539+0000] {processor.py:840} INFO - DAG(s) 'failed_lineage_dag' retrieved from /opt/airflow/dags/failed_lineage_dag.py
[2025-11-18T12:39:01.589+0000] {logging_mixin.py:188} INFO - [2025-11-18T12:39:01.589+0000] {dag.py:3036} INFO - Sync 1 DAGs
[2025-11-18T12:39:01.639+0000] {logging_mixin.py:188} INFO - [2025-11-18T12:39:01.639+0000] {dag.py:3823} INFO - Setting next_dagrun for failed_lineage_dag to None, run_after=None
[2025-11-18T12:39:01.679+0000] {processor.py:183} INFO - Processing /opt/airflow/dags/failed_lineage_dag.py took 0.169 seconds
[2025-11-18T12:39:31.912+0000] {processor.py:161} INFO - Started process (PID=27776) to work on /opt/airflow/dags/failed_lineage_dag.py
[2025-11-18T12:39:31.913+0000] {processor.py:830} INFO - Processing file /opt/airflow/dags/failed_lineage_dag.py for tasks to queue
[2025-11-18T12:39:31.915+0000] {logging_mixin.py:188} INFO - [2025-11-18T12:39:31.914+0000] {dagbag.py:538} INFO - Filling up the DagBag from /opt/airflow/dags/failed_lineage_dag.py
[2025-11-18T12:39:31.960+0000] {processor.py:840} INFO - DAG(s) 'failed_lineage_dag' retrieved from /opt/airflow/dags/failed_lineage_dag.py
[2025-11-18T12:39:31.998+0000] {logging_mixin.py:188} INFO - [2025-11-18T12:39:31.997+0000] {dag.py:3036} INFO - Sync 1 DAGs
[2025-11-18T12:39:32.012+0000] {logging_mixin.py:188} INFO - [2025-11-18T12:39:32.012+0000] {dag.py:3823} INFO - Setting next_dagrun for failed_lineage_dag to None, run_after=None
[2025-11-18T12:39:32.040+0000] {processor.py:183} INFO - Processing /opt/airflow/dags/failed_lineage_dag.py took 0.133 seconds
[2025-11-18T12:40:02.673+0000] {processor.py:161} INFO - Started process (PID=27806) to work on /opt/airflow/dags/failed_lineage_dag.py
[2025-11-18T12:40:02.675+0000] {processor.py:830} INFO - Processing file /opt/airflow/dags/failed_lineage_dag.py for tasks to queue
[2025-11-18T12:40:02.677+0000] {logging_mixin.py:188} INFO - [2025-11-18T12:40:02.676+0000] {dagbag.py:538} INFO - Filling up the DagBag from /opt/airflow/dags/failed_lineage_dag.py
[2025-11-18T12:40:02.700+0000] {processor.py:840} INFO - DAG(s) 'failed_lineage_dag' retrieved from /opt/airflow/dags/failed_lineage_dag.py
[2025-11-18T12:40:02.747+0000] {logging_mixin.py:188} INFO - [2025-11-18T12:40:02.746+0000] {dag.py:3036} INFO - Sync 1 DAGs
[2025-11-18T12:40:02.772+0000] {logging_mixin.py:188} INFO - [2025-11-18T12:40:02.766+0000] {dag.py:3823} INFO - Setting next_dagrun for failed_lineage_dag to None, run_after=None
[2025-11-18T12:40:02.822+0000] {processor.py:183} INFO - Processing /opt/airflow/dags/failed_lineage_dag.py took 0.155 seconds
[2025-11-18T12:40:33.491+0000] {processor.py:161} INFO - Started process (PID=27836) to work on /opt/airflow/dags/failed_lineage_dag.py
[2025-11-18T12:40:33.493+0000] {processor.py:830} INFO - Processing file /opt/airflow/dags/failed_lineage_dag.py for tasks to queue
[2025-11-18T12:40:33.495+0000] {logging_mixin.py:188} INFO - [2025-11-18T12:40:33.495+0000] {dagbag.py:538} INFO - Filling up the DagBag from /opt/airflow/dags/failed_lineage_dag.py
[2025-11-18T12:40:33.519+0000] {processor.py:840} INFO - DAG(s) 'failed_lineage_dag' retrieved from /opt/airflow/dags/failed_lineage_dag.py
[2025-11-18T12:40:33.555+0000] {logging_mixin.py:188} INFO - [2025-11-18T12:40:33.555+0000] {dag.py:3036} INFO - Sync 1 DAGs
[2025-11-18T12:40:33.573+0000] {logging_mixin.py:188} INFO - [2025-11-18T12:40:33.573+0000] {dag.py:3823} INFO - Setting next_dagrun for failed_lineage_dag to None, run_after=None
[2025-11-18T12:40:33.615+0000] {processor.py:183} INFO - Processing /opt/airflow/dags/failed_lineage_dag.py took 0.129 seconds
[2025-11-18T12:41:04.181+0000] {processor.py:161} INFO - Started process (PID=27866) to work on /opt/airflow/dags/failed_lineage_dag.py
[2025-11-18T12:41:04.184+0000] {processor.py:830} INFO - Processing file /opt/airflow/dags/failed_lineage_dag.py for tasks to queue
[2025-11-18T12:41:04.186+0000] {logging_mixin.py:188} INFO - [2025-11-18T12:41:04.185+0000] {dagbag.py:538} INFO - Filling up the DagBag from /opt/airflow/dags/failed_lineage_dag.py
[2025-11-18T12:41:04.203+0000] {processor.py:840} INFO - DAG(s) 'failed_lineage_dag' retrieved from /opt/airflow/dags/failed_lineage_dag.py
[2025-11-18T12:41:04.250+0000] {logging_mixin.py:188} INFO - [2025-11-18T12:41:04.250+0000] {dag.py:3036} INFO - Sync 1 DAGs
[2025-11-18T12:41:04.271+0000] {logging_mixin.py:188} INFO - [2025-11-18T12:41:04.270+0000] {dag.py:3823} INFO - Setting next_dagrun for failed_lineage_dag to None, run_after=None
[2025-11-18T12:41:04.311+0000] {processor.py:183} INFO - Processing /opt/airflow/dags/failed_lineage_dag.py took 0.133 seconds
[2025-11-18T12:41:35.553+0000] {processor.py:161} INFO - Started process (PID=27896) to work on /opt/airflow/dags/failed_lineage_dag.py
[2025-11-18T12:41:35.555+0000] {processor.py:830} INFO - Processing file /opt/airflow/dags/failed_lineage_dag.py for tasks to queue
[2025-11-18T12:41:35.563+0000] {logging_mixin.py:188} INFO - [2025-11-18T12:41:35.562+0000] {dagbag.py:538} INFO - Filling up the DagBag from /opt/airflow/dags/failed_lineage_dag.py
[2025-11-18T12:41:35.662+0000] {processor.py:840} INFO - DAG(s) 'failed_lineage_dag' retrieved from /opt/airflow/dags/failed_lineage_dag.py
[2025-11-18T12:41:35.750+0000] {logging_mixin.py:188} INFO - [2025-11-18T12:41:35.750+0000] {dag.py:3036} INFO - Sync 1 DAGs
[2025-11-18T12:41:35.775+0000] {logging_mixin.py:188} INFO - [2025-11-18T12:41:35.774+0000] {dag.py:3823} INFO - Setting next_dagrun for failed_lineage_dag to None, run_after=None
[2025-11-18T12:41:35.831+0000] {processor.py:183} INFO - Processing /opt/airflow/dags/failed_lineage_dag.py took 0.282 seconds
[2025-11-18T12:42:06.641+0000] {processor.py:161} INFO - Started process (PID=27926) to work on /opt/airflow/dags/failed_lineage_dag.py
[2025-11-18T12:42:06.643+0000] {processor.py:830} INFO - Processing file /opt/airflow/dags/failed_lineage_dag.py for tasks to queue
[2025-11-18T12:42:06.644+0000] {logging_mixin.py:188} INFO - [2025-11-18T12:42:06.644+0000] {dagbag.py:538} INFO - Filling up the DagBag from /opt/airflow/dags/failed_lineage_dag.py
[2025-11-18T12:42:06.660+0000] {processor.py:840} INFO - DAG(s) 'failed_lineage_dag' retrieved from /opt/airflow/dags/failed_lineage_dag.py
[2025-11-18T12:42:06.691+0000] {logging_mixin.py:188} INFO - [2025-11-18T12:42:06.691+0000] {dag.py:3036} INFO - Sync 1 DAGs
[2025-11-18T12:42:06.706+0000] {logging_mixin.py:188} INFO - [2025-11-18T12:42:06.706+0000] {dag.py:3823} INFO - Setting next_dagrun for failed_lineage_dag to None, run_after=None
[2025-11-18T12:42:06.730+0000] {processor.py:183} INFO - Processing /opt/airflow/dags/failed_lineage_dag.py took 0.095 seconds
[2025-11-18T12:42:37.443+0000] {processor.py:161} INFO - Started process (PID=27956) to work on /opt/airflow/dags/failed_lineage_dag.py
[2025-11-18T12:42:37.444+0000] {processor.py:830} INFO - Processing file /opt/airflow/dags/failed_lineage_dag.py for tasks to queue
[2025-11-18T12:42:37.446+0000] {logging_mixin.py:188} INFO - [2025-11-18T12:42:37.445+0000] {dagbag.py:538} INFO - Filling up the DagBag from /opt/airflow/dags/failed_lineage_dag.py
[2025-11-18T12:42:37.468+0000] {processor.py:840} INFO - DAG(s) 'failed_lineage_dag' retrieved from /opt/airflow/dags/failed_lineage_dag.py
[2025-11-18T12:42:37.496+0000] {logging_mixin.py:188} INFO - [2025-11-18T12:42:37.495+0000] {dag.py:3036} INFO - Sync 1 DAGs
[2025-11-18T12:42:37.508+0000] {logging_mixin.py:188} INFO - [2025-11-18T12:42:37.508+0000] {dag.py:3823} INFO - Setting next_dagrun for failed_lineage_dag to None, run_after=None
[2025-11-18T12:42:37.534+0000] {processor.py:183} INFO - Processing /opt/airflow/dags/failed_lineage_dag.py took 0.095 seconds
[2025-11-18T12:43:08.296+0000] {processor.py:161} INFO - Started process (PID=27986) to work on /opt/airflow/dags/failed_lineage_dag.py
[2025-11-18T12:43:08.297+0000] {processor.py:830} INFO - Processing file /opt/airflow/dags/failed_lineage_dag.py for tasks to queue
[2025-11-18T12:43:08.298+0000] {logging_mixin.py:188} INFO - [2025-11-18T12:43:08.298+0000] {dagbag.py:538} INFO - Filling up the DagBag from /opt/airflow/dags/failed_lineage_dag.py
[2025-11-18T12:43:08.314+0000] {processor.py:840} INFO - DAG(s) 'failed_lineage_dag' retrieved from /opt/airflow/dags/failed_lineage_dag.py
[2025-11-18T12:43:08.341+0000] {logging_mixin.py:188} INFO - [2025-11-18T12:43:08.340+0000] {dag.py:3036} INFO - Sync 1 DAGs
[2025-11-18T12:43:08.353+0000] {logging_mixin.py:188} INFO - [2025-11-18T12:43:08.353+0000] {dag.py:3823} INFO - Setting next_dagrun for failed_lineage_dag to None, run_after=None
[2025-11-18T12:43:08.376+0000] {processor.py:183} INFO - Processing /opt/airflow/dags/failed_lineage_dag.py took 0.084 seconds
[2025-11-18T12:43:39.265+0000] {processor.py:161} INFO - Started process (PID=28016) to work on /opt/airflow/dags/failed_lineage_dag.py
[2025-11-18T12:43:39.266+0000] {processor.py:830} INFO - Processing file /opt/airflow/dags/failed_lineage_dag.py for tasks to queue
[2025-11-18T12:43:39.267+0000] {logging_mixin.py:188} INFO - [2025-11-18T12:43:39.267+0000] {dagbag.py:538} INFO - Filling up the DagBag from /opt/airflow/dags/failed_lineage_dag.py
[2025-11-18T12:43:39.286+0000] {processor.py:840} INFO - DAG(s) 'failed_lineage_dag' retrieved from /opt/airflow/dags/failed_lineage_dag.py
[2025-11-18T12:43:39.323+0000] {logging_mixin.py:188} INFO - [2025-11-18T12:43:39.323+0000] {dag.py:3036} INFO - Sync 1 DAGs
[2025-11-18T12:43:39.337+0000] {logging_mixin.py:188} INFO - [2025-11-18T12:43:39.337+0000] {dag.py:3823} INFO - Setting next_dagrun for failed_lineage_dag to None, run_after=None
[2025-11-18T12:43:39.363+0000] {processor.py:183} INFO - Processing /opt/airflow/dags/failed_lineage_dag.py took 0.102 seconds
[2025-11-18T12:44:09.565+0000] {processor.py:161} INFO - Started process (PID=28047) to work on /opt/airflow/dags/failed_lineage_dag.py
[2025-11-18T12:44:09.570+0000] {processor.py:830} INFO - Processing file /opt/airflow/dags/failed_lineage_dag.py for tasks to queue
[2025-11-18T12:44:09.571+0000] {logging_mixin.py:188} INFO - [2025-11-18T12:44:09.571+0000] {dagbag.py:538} INFO - Filling up the DagBag from /opt/airflow/dags/failed_lineage_dag.py
[2025-11-18T12:44:09.587+0000] {processor.py:840} INFO - DAG(s) 'failed_lineage_dag' retrieved from /opt/airflow/dags/failed_lineage_dag.py
[2025-11-18T12:44:09.625+0000] {logging_mixin.py:188} INFO - [2025-11-18T12:44:09.624+0000] {dag.py:3036} INFO - Sync 1 DAGs
[2025-11-18T12:44:09.642+0000] {logging_mixin.py:188} INFO - [2025-11-18T12:44:09.641+0000] {dag.py:3823} INFO - Setting next_dagrun for failed_lineage_dag to None, run_after=None
[2025-11-18T12:44:09.665+0000] {processor.py:183} INFO - Processing /opt/airflow/dags/failed_lineage_dag.py took 0.103 seconds
[2025-11-18T12:44:40.520+0000] {processor.py:161} INFO - Started process (PID=28077) to work on /opt/airflow/dags/failed_lineage_dag.py
[2025-11-18T12:44:40.521+0000] {processor.py:830} INFO - Processing file /opt/airflow/dags/failed_lineage_dag.py for tasks to queue
[2025-11-18T12:44:40.523+0000] {logging_mixin.py:188} INFO - [2025-11-18T12:44:40.522+0000] {dagbag.py:538} INFO - Filling up the DagBag from /opt/airflow/dags/failed_lineage_dag.py
[2025-11-18T12:44:40.541+0000] {processor.py:840} INFO - DAG(s) 'failed_lineage_dag' retrieved from /opt/airflow/dags/failed_lineage_dag.py
[2025-11-18T12:44:40.572+0000] {logging_mixin.py:188} INFO - [2025-11-18T12:44:40.571+0000] {dag.py:3036} INFO - Sync 1 DAGs
[2025-11-18T12:44:40.586+0000] {logging_mixin.py:188} INFO - [2025-11-18T12:44:40.585+0000] {dag.py:3823} INFO - Setting next_dagrun for failed_lineage_dag to None, run_after=None
[2025-11-18T12:44:40.610+0000] {processor.py:183} INFO - Processing /opt/airflow/dags/failed_lineage_dag.py took 0.094 seconds
[2025-11-18T12:45:11.559+0000] {processor.py:161} INFO - Started process (PID=28107) to work on /opt/airflow/dags/failed_lineage_dag.py
[2025-11-18T12:45:11.560+0000] {processor.py:830} INFO - Processing file /opt/airflow/dags/failed_lineage_dag.py for tasks to queue
[2025-11-18T12:45:11.561+0000] {logging_mixin.py:188} INFO - [2025-11-18T12:45:11.561+0000] {dagbag.py:538} INFO - Filling up the DagBag from /opt/airflow/dags/failed_lineage_dag.py
[2025-11-18T12:45:11.577+0000] {processor.py:840} INFO - DAG(s) 'failed_lineage_dag' retrieved from /opt/airflow/dags/failed_lineage_dag.py
[2025-11-18T12:45:11.608+0000] {logging_mixin.py:188} INFO - [2025-11-18T12:45:11.608+0000] {dag.py:3036} INFO - Sync 1 DAGs
[2025-11-18T12:45:11.622+0000] {logging_mixin.py:188} INFO - [2025-11-18T12:45:11.622+0000] {dag.py:3823} INFO - Setting next_dagrun for failed_lineage_dag to None, run_after=None
[2025-11-18T12:45:11.650+0000] {processor.py:183} INFO - Processing /opt/airflow/dags/failed_lineage_dag.py took 0.095 seconds
[2025-11-18T12:45:41.938+0000] {processor.py:161} INFO - Started process (PID=28137) to work on /opt/airflow/dags/failed_lineage_dag.py
[2025-11-18T12:45:41.940+0000] {processor.py:830} INFO - Processing file /opt/airflow/dags/failed_lineage_dag.py for tasks to queue
[2025-11-18T12:45:41.942+0000] {logging_mixin.py:188} INFO - [2025-11-18T12:45:41.941+0000] {dagbag.py:538} INFO - Filling up the DagBag from /opt/airflow/dags/failed_lineage_dag.py
[2025-11-18T12:45:41.980+0000] {processor.py:840} INFO - DAG(s) 'failed_lineage_dag' retrieved from /opt/airflow/dags/failed_lineage_dag.py
[2025-11-18T12:45:42.037+0000] {logging_mixin.py:188} INFO - [2025-11-18T12:45:42.037+0000] {dag.py:3036} INFO - Sync 1 DAGs
[2025-11-18T12:45:42.057+0000] {logging_mixin.py:188} INFO - [2025-11-18T12:45:42.056+0000] {dag.py:3823} INFO - Setting next_dagrun for failed_lineage_dag to None, run_after=None
[2025-11-18T12:45:42.090+0000] {processor.py:183} INFO - Processing /opt/airflow/dags/failed_lineage_dag.py took 0.159 seconds
[2025-11-18T12:46:12.310+0000] {processor.py:161} INFO - Started process (PID=28169) to work on /opt/airflow/dags/failed_lineage_dag.py
[2025-11-18T12:46:12.312+0000] {processor.py:830} INFO - Processing file /opt/airflow/dags/failed_lineage_dag.py for tasks to queue
[2025-11-18T12:46:12.313+0000] {logging_mixin.py:188} INFO - [2025-11-18T12:46:12.313+0000] {dagbag.py:538} INFO - Filling up the DagBag from /opt/airflow/dags/failed_lineage_dag.py
[2025-11-18T12:46:12.339+0000] {processor.py:840} INFO - DAG(s) 'failed_lineage_dag' retrieved from /opt/airflow/dags/failed_lineage_dag.py
[2025-11-18T12:46:12.385+0000] {logging_mixin.py:188} INFO - [2025-11-18T12:46:12.384+0000] {dag.py:3036} INFO - Sync 1 DAGs
[2025-11-18T12:46:12.404+0000] {logging_mixin.py:188} INFO - [2025-11-18T12:46:12.404+0000] {dag.py:3823} INFO - Setting next_dagrun for failed_lineage_dag to None, run_after=None
[2025-11-18T12:46:12.444+0000] {processor.py:183} INFO - Processing /opt/airflow/dags/failed_lineage_dag.py took 0.140 seconds
[2025-11-18T12:46:43.463+0000] {processor.py:161} INFO - Started process (PID=28197) to work on /opt/airflow/dags/failed_lineage_dag.py
[2025-11-18T12:46:43.465+0000] {processor.py:830} INFO - Processing file /opt/airflow/dags/failed_lineage_dag.py for tasks to queue
[2025-11-18T12:46:43.466+0000] {logging_mixin.py:188} INFO - [2025-11-18T12:46:43.466+0000] {dagbag.py:538} INFO - Filling up the DagBag from /opt/airflow/dags/failed_lineage_dag.py
[2025-11-18T12:46:43.494+0000] {processor.py:840} INFO - DAG(s) 'failed_lineage_dag' retrieved from /opt/airflow/dags/failed_lineage_dag.py
[2025-11-18T12:46:43.575+0000] {logging_mixin.py:188} INFO - [2025-11-18T12:46:43.575+0000] {dag.py:3036} INFO - Sync 1 DAGs
[2025-11-18T12:46:43.624+0000] {logging_mixin.py:188} INFO - [2025-11-18T12:46:43.623+0000] {dag.py:3823} INFO - Setting next_dagrun for failed_lineage_dag to None, run_after=None
[2025-11-18T12:46:43.672+0000] {processor.py:183} INFO - Processing /opt/airflow/dags/failed_lineage_dag.py took 0.214 seconds
[2025-11-18T12:47:14.500+0000] {processor.py:161} INFO - Started process (PID=28227) to work on /opt/airflow/dags/failed_lineage_dag.py
[2025-11-18T12:47:14.503+0000] {processor.py:830} INFO - Processing file /opt/airflow/dags/failed_lineage_dag.py for tasks to queue
[2025-11-18T12:47:14.505+0000] {logging_mixin.py:188} INFO - [2025-11-18T12:47:14.504+0000] {dagbag.py:538} INFO - Filling up the DagBag from /opt/airflow/dags/failed_lineage_dag.py
[2025-11-18T12:47:14.533+0000] {processor.py:840} INFO - DAG(s) 'failed_lineage_dag' retrieved from /opt/airflow/dags/failed_lineage_dag.py
[2025-11-18T12:47:14.582+0000] {logging_mixin.py:188} INFO - [2025-11-18T12:47:14.582+0000] {dag.py:3036} INFO - Sync 1 DAGs
[2025-11-18T12:47:14.599+0000] {logging_mixin.py:188} INFO - [2025-11-18T12:47:14.599+0000] {dag.py:3823} INFO - Setting next_dagrun for failed_lineage_dag to None, run_after=None
[2025-11-18T12:47:14.644+0000] {processor.py:183} INFO - Processing /opt/airflow/dags/failed_lineage_dag.py took 0.149 seconds
[2025-11-18T12:47:45.594+0000] {processor.py:161} INFO - Started process (PID=28257) to work on /opt/airflow/dags/failed_lineage_dag.py
[2025-11-18T12:47:45.596+0000] {processor.py:830} INFO - Processing file /opt/airflow/dags/failed_lineage_dag.py for tasks to queue
[2025-11-18T12:47:45.598+0000] {logging_mixin.py:188} INFO - [2025-11-18T12:47:45.597+0000] {dagbag.py:538} INFO - Filling up the DagBag from /opt/airflow/dags/failed_lineage_dag.py
[2025-11-18T12:47:45.614+0000] {processor.py:840} INFO - DAG(s) 'failed_lineage_dag' retrieved from /opt/airflow/dags/failed_lineage_dag.py
[2025-11-18T12:47:45.663+0000] {logging_mixin.py:188} INFO - [2025-11-18T12:47:45.663+0000] {dag.py:3036} INFO - Sync 1 DAGs
[2025-11-18T12:47:45.683+0000] {logging_mixin.py:188} INFO - [2025-11-18T12:47:45.683+0000] {dag.py:3823} INFO - Setting next_dagrun for failed_lineage_dag to None, run_after=None
[2025-11-18T12:47:45.721+0000] {processor.py:183} INFO - Processing /opt/airflow/dags/failed_lineage_dag.py took 0.132 seconds
[2025-11-18T12:48:16.254+0000] {processor.py:161} INFO - Started process (PID=28287) to work on /opt/airflow/dags/failed_lineage_dag.py
[2025-11-18T12:48:16.255+0000] {processor.py:830} INFO - Processing file /opt/airflow/dags/failed_lineage_dag.py for tasks to queue
[2025-11-18T12:48:16.257+0000] {logging_mixin.py:188} INFO - [2025-11-18T12:48:16.257+0000] {dagbag.py:538} INFO - Filling up the DagBag from /opt/airflow/dags/failed_lineage_dag.py
[2025-11-18T12:48:16.284+0000] {processor.py:840} INFO - DAG(s) 'failed_lineage_dag' retrieved from /opt/airflow/dags/failed_lineage_dag.py
[2025-11-18T12:48:16.339+0000] {logging_mixin.py:188} INFO - [2025-11-18T12:48:16.339+0000] {dag.py:3036} INFO - Sync 1 DAGs
[2025-11-18T12:48:16.373+0000] {logging_mixin.py:188} INFO - [2025-11-18T12:48:16.373+0000] {dag.py:3823} INFO - Setting next_dagrun for failed_lineage_dag to None, run_after=None
[2025-11-18T12:48:16.419+0000] {processor.py:183} INFO - Processing /opt/airflow/dags/failed_lineage_dag.py took 0.176 seconds
[2025-11-18T12:48:47.072+0000] {processor.py:161} INFO - Started process (PID=28317) to work on /opt/airflow/dags/failed_lineage_dag.py
[2025-11-18T12:48:47.075+0000] {processor.py:830} INFO - Processing file /opt/airflow/dags/failed_lineage_dag.py for tasks to queue
[2025-11-18T12:48:47.076+0000] {logging_mixin.py:188} INFO - [2025-11-18T12:48:47.076+0000] {dagbag.py:538} INFO - Filling up the DagBag from /opt/airflow/dags/failed_lineage_dag.py
[2025-11-18T12:48:47.096+0000] {processor.py:840} INFO - DAG(s) 'failed_lineage_dag' retrieved from /opt/airflow/dags/failed_lineage_dag.py
[2025-11-18T12:48:47.138+0000] {logging_mixin.py:188} INFO - [2025-11-18T12:48:47.137+0000] {dag.py:3036} INFO - Sync 1 DAGs
[2025-11-18T12:48:47.155+0000] {logging_mixin.py:188} INFO - [2025-11-18T12:48:47.155+0000] {dag.py:3823} INFO - Setting next_dagrun for failed_lineage_dag to None, run_after=None
[2025-11-18T12:48:47.185+0000] {processor.py:183} INFO - Processing /opt/airflow/dags/failed_lineage_dag.py took 0.121 seconds
[2025-11-18T12:49:17.899+0000] {processor.py:161} INFO - Started process (PID=28347) to work on /opt/airflow/dags/failed_lineage_dag.py
[2025-11-18T12:49:17.906+0000] {processor.py:830} INFO - Processing file /opt/airflow/dags/failed_lineage_dag.py for tasks to queue
[2025-11-18T12:49:17.908+0000] {logging_mixin.py:188} INFO - [2025-11-18T12:49:17.908+0000] {dagbag.py:538} INFO - Filling up the DagBag from /opt/airflow/dags/failed_lineage_dag.py
[2025-11-18T12:49:17.928+0000] {processor.py:840} INFO - DAG(s) 'failed_lineage_dag' retrieved from /opt/airflow/dags/failed_lineage_dag.py
[2025-11-18T12:49:17.969+0000] {logging_mixin.py:188} INFO - [2025-11-18T12:49:17.969+0000] {dag.py:3036} INFO - Sync 1 DAGs
[2025-11-18T12:49:17.990+0000] {logging_mixin.py:188} INFO - [2025-11-18T12:49:17.990+0000] {dag.py:3823} INFO - Setting next_dagrun for failed_lineage_dag to None, run_after=None
[2025-11-18T12:49:18.019+0000] {processor.py:183} INFO - Processing /opt/airflow/dags/failed_lineage_dag.py took 0.127 seconds
[2025-11-18T12:49:48.682+0000] {processor.py:161} INFO - Started process (PID=28377) to work on /opt/airflow/dags/failed_lineage_dag.py
[2025-11-18T12:49:48.687+0000] {processor.py:830} INFO - Processing file /opt/airflow/dags/failed_lineage_dag.py for tasks to queue
[2025-11-18T12:49:48.691+0000] {logging_mixin.py:188} INFO - [2025-11-18T12:49:48.690+0000] {dagbag.py:538} INFO - Filling up the DagBag from /opt/airflow/dags/failed_lineage_dag.py
[2025-11-18T12:49:48.711+0000] {processor.py:840} INFO - DAG(s) 'failed_lineage_dag' retrieved from /opt/airflow/dags/failed_lineage_dag.py
[2025-11-18T12:49:48.752+0000] {logging_mixin.py:188} INFO - [2025-11-18T12:49:48.751+0000] {dag.py:3036} INFO - Sync 1 DAGs
[2025-11-18T12:49:48.771+0000] {logging_mixin.py:188} INFO - [2025-11-18T12:49:48.771+0000] {dag.py:3823} INFO - Setting next_dagrun for failed_lineage_dag to None, run_after=None
[2025-11-18T12:49:48.803+0000] {processor.py:183} INFO - Processing /opt/airflow/dags/failed_lineage_dag.py took 0.126 seconds
[2025-11-18T12:50:18.977+0000] {processor.py:161} INFO - Started process (PID=28407) to work on /opt/airflow/dags/failed_lineage_dag.py
[2025-11-18T12:50:18.982+0000] {processor.py:830} INFO - Processing file /opt/airflow/dags/failed_lineage_dag.py for tasks to queue
[2025-11-18T12:50:19.000+0000] {logging_mixin.py:188} INFO - [2025-11-18T12:50:18.999+0000] {dagbag.py:538} INFO - Filling up the DagBag from /opt/airflow/dags/failed_lineage_dag.py
[2025-11-18T12:50:19.139+0000] {processor.py:840} INFO - DAG(s) 'failed_lineage_dag' retrieved from /opt/airflow/dags/failed_lineage_dag.py
[2025-11-18T12:50:19.233+0000] {logging_mixin.py:188} INFO - [2025-11-18T12:50:19.233+0000] {dag.py:3036} INFO - Sync 1 DAGs
[2025-11-18T12:50:19.268+0000] {logging_mixin.py:188} INFO - [2025-11-18T12:50:19.268+0000] {dag.py:3823} INFO - Setting next_dagrun for failed_lineage_dag to None, run_after=None
[2025-11-18T12:50:19.357+0000] {processor.py:183} INFO - Processing /opt/airflow/dags/failed_lineage_dag.py took 0.384 seconds
[2025-11-18T12:50:50.502+0000] {processor.py:161} INFO - Started process (PID=28437) to work on /opt/airflow/dags/failed_lineage_dag.py
[2025-11-18T12:50:50.507+0000] {processor.py:830} INFO - Processing file /opt/airflow/dags/failed_lineage_dag.py for tasks to queue
[2025-11-18T12:50:50.510+0000] {logging_mixin.py:188} INFO - [2025-11-18T12:50:50.509+0000] {dagbag.py:538} INFO - Filling up the DagBag from /opt/airflow/dags/failed_lineage_dag.py
[2025-11-18T12:50:50.539+0000] {processor.py:840} INFO - DAG(s) 'failed_lineage_dag' retrieved from /opt/airflow/dags/failed_lineage_dag.py
[2025-11-18T12:50:50.593+0000] {logging_mixin.py:188} INFO - [2025-11-18T12:50:50.592+0000] {dag.py:3036} INFO - Sync 1 DAGs
[2025-11-18T12:50:50.613+0000] {logging_mixin.py:188} INFO - [2025-11-18T12:50:50.612+0000] {dag.py:3823} INFO - Setting next_dagrun for failed_lineage_dag to None, run_after=None
[2025-11-18T12:50:50.650+0000] {processor.py:183} INFO - Processing /opt/airflow/dags/failed_lineage_dag.py took 0.152 seconds
[2025-11-18T12:51:21.573+0000] {processor.py:161} INFO - Started process (PID=28467) to work on /opt/airflow/dags/failed_lineage_dag.py
[2025-11-18T12:51:21.576+0000] {processor.py:830} INFO - Processing file /opt/airflow/dags/failed_lineage_dag.py for tasks to queue
[2025-11-18T12:51:21.579+0000] {logging_mixin.py:188} INFO - [2025-11-18T12:51:21.578+0000] {dagbag.py:538} INFO - Filling up the DagBag from /opt/airflow/dags/failed_lineage_dag.py
[2025-11-18T12:51:21.622+0000] {processor.py:840} INFO - DAG(s) 'failed_lineage_dag' retrieved from /opt/airflow/dags/failed_lineage_dag.py
[2025-11-18T12:51:21.674+0000] {logging_mixin.py:188} INFO - [2025-11-18T12:51:21.674+0000] {dag.py:3036} INFO - Sync 1 DAGs
[2025-11-18T12:51:21.696+0000] {logging_mixin.py:188} INFO - [2025-11-18T12:51:21.696+0000] {dag.py:3823} INFO - Setting next_dagrun for failed_lineage_dag to None, run_after=None
[2025-11-18T12:51:21.762+0000] {processor.py:183} INFO - Processing /opt/airflow/dags/failed_lineage_dag.py took 0.193 seconds
[2025-11-18T12:51:51.994+0000] {processor.py:161} INFO - Started process (PID=28499) to work on /opt/airflow/dags/failed_lineage_dag.py
[2025-11-18T12:51:51.999+0000] {processor.py:830} INFO - Processing file /opt/airflow/dags/failed_lineage_dag.py for tasks to queue
[2025-11-18T12:51:52.001+0000] {logging_mixin.py:188} INFO - [2025-11-18T12:51:52.000+0000] {dagbag.py:538} INFO - Filling up the DagBag from /opt/airflow/dags/failed_lineage_dag.py
[2025-11-18T12:51:52.027+0000] {processor.py:840} INFO - DAG(s) 'failed_lineage_dag' retrieved from /opt/airflow/dags/failed_lineage_dag.py
[2025-11-18T12:51:52.081+0000] {logging_mixin.py:188} INFO - [2025-11-18T12:51:52.078+0000] {dag.py:3036} INFO - Sync 1 DAGs
[2025-11-18T12:51:52.125+0000] {logging_mixin.py:188} INFO - [2025-11-18T12:51:52.124+0000] {dag.py:3823} INFO - Setting next_dagrun for failed_lineage_dag to None, run_after=None
[2025-11-18T12:51:52.239+0000] {processor.py:183} INFO - Processing /opt/airflow/dags/failed_lineage_dag.py took 0.249 seconds
[2025-11-18T12:52:22.384+0000] {processor.py:161} INFO - Started process (PID=28529) to work on /opt/airflow/dags/failed_lineage_dag.py
[2025-11-18T12:52:22.386+0000] {processor.py:830} INFO - Processing file /opt/airflow/dags/failed_lineage_dag.py for tasks to queue
[2025-11-18T12:52:22.388+0000] {logging_mixin.py:188} INFO - [2025-11-18T12:52:22.387+0000] {dagbag.py:538} INFO - Filling up the DagBag from /opt/airflow/dags/failed_lineage_dag.py
[2025-11-18T12:52:22.413+0000] {processor.py:840} INFO - DAG(s) 'failed_lineage_dag' retrieved from /opt/airflow/dags/failed_lineage_dag.py
[2025-11-18T12:52:22.457+0000] {logging_mixin.py:188} INFO - [2025-11-18T12:52:22.454+0000] {dag.py:3036} INFO - Sync 1 DAGs
[2025-11-18T12:52:22.482+0000] {logging_mixin.py:188} INFO - [2025-11-18T12:52:22.481+0000] {dag.py:3823} INFO - Setting next_dagrun for failed_lineage_dag to None, run_after=None
[2025-11-18T12:52:22.531+0000] {processor.py:183} INFO - Processing /opt/airflow/dags/failed_lineage_dag.py took 0.151 seconds
[2025-11-18T12:52:52.594+0000] {processor.py:161} INFO - Started process (PID=28557) to work on /opt/airflow/dags/failed_lineage_dag.py
[2025-11-18T12:52:52.596+0000] {processor.py:830} INFO - Processing file /opt/airflow/dags/failed_lineage_dag.py for tasks to queue
[2025-11-18T12:52:52.597+0000] {logging_mixin.py:188} INFO - [2025-11-18T12:52:52.596+0000] {dagbag.py:538} INFO - Filling up the DagBag from /opt/airflow/dags/failed_lineage_dag.py
[2025-11-18T12:52:52.631+0000] {processor.py:840} INFO - DAG(s) 'failed_lineage_dag' retrieved from /opt/airflow/dags/failed_lineage_dag.py
[2025-11-18T12:52:52.704+0000] {logging_mixin.py:188} INFO - [2025-11-18T12:52:52.704+0000] {dag.py:3036} INFO - Sync 1 DAGs
[2025-11-18T12:52:52.722+0000] {logging_mixin.py:188} INFO - [2025-11-18T12:52:52.722+0000] {dag.py:3823} INFO - Setting next_dagrun for failed_lineage_dag to None, run_after=None
[2025-11-18T12:52:52.760+0000] {processor.py:183} INFO - Processing /opt/airflow/dags/failed_lineage_dag.py took 0.170 seconds
[2025-11-18T12:53:22.844+0000] {processor.py:161} INFO - Started process (PID=28587) to work on /opt/airflow/dags/failed_lineage_dag.py
[2025-11-18T12:53:22.847+0000] {processor.py:830} INFO - Processing file /opt/airflow/dags/failed_lineage_dag.py for tasks to queue
[2025-11-18T12:53:22.849+0000] {logging_mixin.py:188} INFO - [2025-11-18T12:53:22.849+0000] {dagbag.py:538} INFO - Filling up the DagBag from /opt/airflow/dags/failed_lineage_dag.py
[2025-11-18T12:53:22.873+0000] {processor.py:840} INFO - DAG(s) 'failed_lineage_dag' retrieved from /opt/airflow/dags/failed_lineage_dag.py
[2025-11-18T12:53:22.916+0000] {logging_mixin.py:188} INFO - [2025-11-18T12:53:22.915+0000] {dag.py:3036} INFO - Sync 1 DAGs
[2025-11-18T12:53:22.948+0000] {logging_mixin.py:188} INFO - [2025-11-18T12:53:22.948+0000] {dag.py:3823} INFO - Setting next_dagrun for failed_lineage_dag to None, run_after=None
[2025-11-18T12:53:23.003+0000] {processor.py:183} INFO - Processing /opt/airflow/dags/failed_lineage_dag.py took 0.165 seconds
[2025-11-18T12:53:53.130+0000] {processor.py:161} INFO - Started process (PID=28617) to work on /opt/airflow/dags/failed_lineage_dag.py
[2025-11-18T12:53:53.132+0000] {processor.py:830} INFO - Processing file /opt/airflow/dags/failed_lineage_dag.py for tasks to queue
[2025-11-18T12:53:53.133+0000] {logging_mixin.py:188} INFO - [2025-11-18T12:53:53.133+0000] {dagbag.py:538} INFO - Filling up the DagBag from /opt/airflow/dags/failed_lineage_dag.py
[2025-11-18T12:53:53.152+0000] {processor.py:840} INFO - DAG(s) 'failed_lineage_dag' retrieved from /opt/airflow/dags/failed_lineage_dag.py
[2025-11-18T12:53:53.186+0000] {logging_mixin.py:188} INFO - [2025-11-18T12:53:53.186+0000] {dag.py:3036} INFO - Sync 1 DAGs
[2025-11-18T12:53:53.200+0000] {logging_mixin.py:188} INFO - [2025-11-18T12:53:53.200+0000] {dag.py:3823} INFO - Setting next_dagrun for failed_lineage_dag to None, run_after=None
[2025-11-18T12:53:53.228+0000] {processor.py:183} INFO - Processing /opt/airflow/dags/failed_lineage_dag.py took 0.102 seconds
[2025-11-18T12:54:23.340+0000] {processor.py:161} INFO - Started process (PID=28647) to work on /opt/airflow/dags/failed_lineage_dag.py
[2025-11-18T12:54:23.342+0000] {processor.py:830} INFO - Processing file /opt/airflow/dags/failed_lineage_dag.py for tasks to queue
[2025-11-18T12:54:23.343+0000] {logging_mixin.py:188} INFO - [2025-11-18T12:54:23.343+0000] {dagbag.py:538} INFO - Filling up the DagBag from /opt/airflow/dags/failed_lineage_dag.py
[2025-11-18T12:54:23.362+0000] {processor.py:840} INFO - DAG(s) 'failed_lineage_dag' retrieved from /opt/airflow/dags/failed_lineage_dag.py
[2025-11-18T12:54:23.394+0000] {logging_mixin.py:188} INFO - [2025-11-18T12:54:23.394+0000] {dag.py:3036} INFO - Sync 1 DAGs
[2025-11-18T12:54:23.409+0000] {logging_mixin.py:188} INFO - [2025-11-18T12:54:23.409+0000] {dag.py:3823} INFO - Setting next_dagrun for failed_lineage_dag to None, run_after=None
[2025-11-18T12:54:23.436+0000] {processor.py:183} INFO - Processing /opt/airflow/dags/failed_lineage_dag.py took 0.099 seconds
[2025-11-18T12:54:53.836+0000] {processor.py:161} INFO - Started process (PID=28677) to work on /opt/airflow/dags/failed_lineage_dag.py
[2025-11-18T12:54:53.839+0000] {processor.py:830} INFO - Processing file /opt/airflow/dags/failed_lineage_dag.py for tasks to queue
[2025-11-18T12:54:53.840+0000] {logging_mixin.py:188} INFO - [2025-11-18T12:54:53.840+0000] {dagbag.py:538} INFO - Filling up the DagBag from /opt/airflow/dags/failed_lineage_dag.py
[2025-11-18T12:54:54.997+0000] {processor.py:840} INFO - DAG(s) 'failed_lineage_dag' retrieved from /opt/airflow/dags/failed_lineage_dag.py
[2025-11-18T12:54:55.073+0000] {logging_mixin.py:188} INFO - [2025-11-18T12:54:55.073+0000] {dag.py:3036} INFO - Sync 1 DAGs
[2025-11-18T12:54:55.097+0000] {logging_mixin.py:188} INFO - [2025-11-18T12:54:55.097+0000] {dag.py:3823} INFO - Setting next_dagrun for failed_lineage_dag to None, run_after=None
[2025-11-18T12:54:55.161+0000] {processor.py:183} INFO - Processing /opt/airflow/dags/failed_lineage_dag.py took 1.334 seconds
[2025-11-18T12:55:28.387+0000] {processor.py:161} INFO - Started process (PID=28714) to work on /opt/airflow/dags/failed_lineage_dag.py
[2025-11-18T12:55:28.389+0000] {processor.py:830} INFO - Processing file /opt/airflow/dags/failed_lineage_dag.py for tasks to queue
[2025-11-18T12:55:28.392+0000] {logging_mixin.py:188} INFO - [2025-11-18T12:55:28.391+0000] {dagbag.py:538} INFO - Filling up the DagBag from /opt/airflow/dags/failed_lineage_dag.py
[2025-11-18T12:55:28.434+0000] {processor.py:840} INFO - DAG(s) 'failed_lineage_dag' retrieved from /opt/airflow/dags/failed_lineage_dag.py
[2025-11-18T12:55:28.511+0000] {logging_mixin.py:188} INFO - [2025-11-18T12:55:28.510+0000] {dag.py:3036} INFO - Sync 1 DAGs
[2025-11-18T12:55:28.553+0000] {logging_mixin.py:188} INFO - [2025-11-18T12:55:28.552+0000] {dag.py:3823} INFO - Setting next_dagrun for failed_lineage_dag to None, run_after=None
[2025-11-18T12:55:28.656+0000] {processor.py:183} INFO - Processing /opt/airflow/dags/failed_lineage_dag.py took 0.278 seconds
[2025-11-18T12:59:06.545+0000] {processor.py:161} INFO - Started process (PID=28737) to work on /opt/airflow/dags/failed_lineage_dag.py
[2025-11-18T12:59:06.552+0000] {processor.py:830} INFO - Processing file /opt/airflow/dags/failed_lineage_dag.py for tasks to queue
[2025-11-18T12:59:06.555+0000] {logging_mixin.py:188} INFO - [2025-11-18T12:59:06.554+0000] {dagbag.py:538} INFO - Filling up the DagBag from /opt/airflow/dags/failed_lineage_dag.py
[2025-11-18T12:59:06.775+0000] {processor.py:840} INFO - DAG(s) 'failed_lineage_dag' retrieved from /opt/airflow/dags/failed_lineage_dag.py
[2025-11-18T12:59:07.173+0000] {logging_mixin.py:188} INFO - [2025-11-18T12:59:07.173+0000] {dag.py:3036} INFO - Sync 1 DAGs
[2025-11-18T12:59:07.230+0000] {logging_mixin.py:188} INFO - [2025-11-18T12:59:07.230+0000] {dag.py:3823} INFO - Setting next_dagrun for failed_lineage_dag to None, run_after=None
[2025-11-18T12:59:07.421+0000] {processor.py:183} INFO - Processing /opt/airflow/dags/failed_lineage_dag.py took 0.901 seconds
[2025-11-18T12:59:39.662+0000] {processor.py:161} INFO - Started process (PID=28769) to work on /opt/airflow/dags/failed_lineage_dag.py
[2025-11-18T12:59:39.674+0000] {processor.py:830} INFO - Processing file /opt/airflow/dags/failed_lineage_dag.py for tasks to queue
[2025-11-18T12:59:39.677+0000] {logging_mixin.py:188} INFO - [2025-11-18T12:59:39.676+0000] {dagbag.py:538} INFO - Filling up the DagBag from /opt/airflow/dags/failed_lineage_dag.py
[2025-11-18T12:59:39.760+0000] {processor.py:840} INFO - DAG(s) 'failed_lineage_dag' retrieved from /opt/airflow/dags/failed_lineage_dag.py
[2025-11-18T12:59:39.860+0000] {logging_mixin.py:188} INFO - [2025-11-18T12:59:39.860+0000] {dag.py:3036} INFO - Sync 1 DAGs
[2025-11-18T12:59:39.912+0000] {logging_mixin.py:188} INFO - [2025-11-18T12:59:39.912+0000] {dag.py:3823} INFO - Setting next_dagrun for failed_lineage_dag to None, run_after=None
[2025-11-18T12:59:40.001+0000] {processor.py:183} INFO - Processing /opt/airflow/dags/failed_lineage_dag.py took 0.344 seconds
[2025-11-18T13:01:15.676+0000] {processor.py:161} INFO - Started process (PID=28799) to work on /opt/airflow/dags/failed_lineage_dag.py
[2025-11-18T13:01:15.697+0000] {processor.py:830} INFO - Processing file /opt/airflow/dags/failed_lineage_dag.py for tasks to queue
[2025-11-18T13:01:15.720+0000] {logging_mixin.py:188} INFO - [2025-11-18T13:01:15.719+0000] {dagbag.py:538} INFO - Filling up the DagBag from /opt/airflow/dags/failed_lineage_dag.py
[2025-11-18T13:01:16.652+0000] {processor.py:840} INFO - DAG(s) 'failed_lineage_dag' retrieved from /opt/airflow/dags/failed_lineage_dag.py
[2025-11-18T13:01:17.661+0000] {logging_mixin.py:188} INFO - [2025-11-18T13:01:17.660+0000] {dag.py:3036} INFO - Sync 1 DAGs
[2025-11-18T13:01:17.826+0000] {logging_mixin.py:188} INFO - [2025-11-18T13:01:17.825+0000] {dag.py:3823} INFO - Setting next_dagrun for failed_lineage_dag to None, run_after=None
[2025-11-18T13:01:18.216+0000] {processor.py:183} INFO - Processing /opt/airflow/dags/failed_lineage_dag.py took 2.565 seconds
[2025-11-18T13:01:50.792+0000] {processor.py:161} INFO - Started process (PID=28827) to work on /opt/airflow/dags/failed_lineage_dag.py
[2025-11-18T13:01:50.817+0000] {processor.py:830} INFO - Processing file /opt/airflow/dags/failed_lineage_dag.py for tasks to queue
[2025-11-18T13:01:50.820+0000] {logging_mixin.py:188} INFO - [2025-11-18T13:01:50.820+0000] {dagbag.py:538} INFO - Filling up the DagBag from /opt/airflow/dags/failed_lineage_dag.py
[2025-11-18T13:01:51.628+0000] {processor.py:840} INFO - DAG(s) 'failed_lineage_dag' retrieved from /opt/airflow/dags/failed_lineage_dag.py
[2025-11-18T13:01:52.246+0000] {logging_mixin.py:188} INFO - [2025-11-18T13:01:52.245+0000] {dag.py:3036} INFO - Sync 1 DAGs
[2025-11-18T13:01:52.458+0000] {logging_mixin.py:188} INFO - [2025-11-18T13:01:52.457+0000] {dag.py:3823} INFO - Setting next_dagrun for failed_lineage_dag to None, run_after=None
[2025-11-18T13:01:52.794+0000] {processor.py:183} INFO - Processing /opt/airflow/dags/failed_lineage_dag.py took 2.008 seconds
[2025-11-18T13:02:33.424+0000] {processor.py:161} INFO - Started process (PID=28857) to work on /opt/airflow/dags/failed_lineage_dag.py
[2025-11-18T13:02:33.438+0000] {processor.py:830} INFO - Processing file /opt/airflow/dags/failed_lineage_dag.py for tasks to queue
[2025-11-18T13:02:33.452+0000] {logging_mixin.py:188} INFO - [2025-11-18T13:02:33.451+0000] {dagbag.py:538} INFO - Filling up the DagBag from /opt/airflow/dags/failed_lineage_dag.py
[2025-11-18T13:02:34.001+0000] {processor.py:840} INFO - DAG(s) 'failed_lineage_dag' retrieved from /opt/airflow/dags/failed_lineage_dag.py
[2025-11-18T13:02:34.375+0000] {logging_mixin.py:188} INFO - [2025-11-18T13:02:34.374+0000] {dag.py:3036} INFO - Sync 1 DAGs
[2025-11-18T13:02:34.452+0000] {logging_mixin.py:188} INFO - [2025-11-18T13:02:34.452+0000] {dag.py:3823} INFO - Setting next_dagrun for failed_lineage_dag to None, run_after=None
[2025-11-18T13:02:34.915+0000] {processor.py:183} INFO - Processing /opt/airflow/dags/failed_lineage_dag.py took 1.496 seconds
[2025-11-18T13:03:05.809+0000] {processor.py:161} INFO - Started process (PID=28887) to work on /opt/airflow/dags/failed_lineage_dag.py
[2025-11-18T13:03:05.812+0000] {processor.py:830} INFO - Processing file /opt/airflow/dags/failed_lineage_dag.py for tasks to queue
[2025-11-18T13:03:05.823+0000] {logging_mixin.py:188} INFO - [2025-11-18T13:03:05.822+0000] {dagbag.py:538} INFO - Filling up the DagBag from /opt/airflow/dags/failed_lineage_dag.py
[2025-11-18T13:03:05.974+0000] {processor.py:840} INFO - DAG(s) 'failed_lineage_dag' retrieved from /opt/airflow/dags/failed_lineage_dag.py
[2025-11-18T13:03:06.107+0000] {logging_mixin.py:188} INFO - [2025-11-18T13:03:06.107+0000] {dag.py:3036} INFO - Sync 1 DAGs
[2025-11-18T13:03:06.169+0000] {logging_mixin.py:188} INFO - [2025-11-18T13:03:06.169+0000] {dag.py:3823} INFO - Setting next_dagrun for failed_lineage_dag to None, run_after=None
[2025-11-18T13:03:06.267+0000] {processor.py:183} INFO - Processing /opt/airflow/dags/failed_lineage_dag.py took 0.471 seconds
[2025-11-18T13:03:53.978+0000] {processor.py:161} INFO - Started process (PID=28912) to work on /opt/airflow/dags/failed_lineage_dag.py
[2025-11-18T13:03:53.981+0000] {processor.py:830} INFO - Processing file /opt/airflow/dags/failed_lineage_dag.py for tasks to queue
[2025-11-18T13:03:53.984+0000] {logging_mixin.py:188} INFO - [2025-11-18T13:03:53.984+0000] {dagbag.py:538} INFO - Filling up the DagBag from /opt/airflow/dags/failed_lineage_dag.py
[2025-11-18T13:03:54.030+0000] {processor.py:840} INFO - DAG(s) 'failed_lineage_dag' retrieved from /opt/airflow/dags/failed_lineage_dag.py
[2025-11-18T13:03:54.147+0000] {logging_mixin.py:188} INFO - [2025-11-18T13:03:54.146+0000] {dag.py:3036} INFO - Sync 1 DAGs
[2025-11-18T13:03:54.214+0000] {logging_mixin.py:188} INFO - [2025-11-18T13:03:54.214+0000] {dag.py:3823} INFO - Setting next_dagrun for failed_lineage_dag to None, run_after=None
[2025-11-18T13:03:54.307+0000] {processor.py:183} INFO - Processing /opt/airflow/dags/failed_lineage_dag.py took 0.337 seconds
[2025-11-18T13:04:31.794+0000] {processor.py:161} INFO - Started process (PID=28942) to work on /opt/airflow/dags/failed_lineage_dag.py
[2025-11-18T13:04:31.811+0000] {processor.py:830} INFO - Processing file /opt/airflow/dags/failed_lineage_dag.py for tasks to queue
[2025-11-18T13:04:31.821+0000] {logging_mixin.py:188} INFO - [2025-11-18T13:04:31.819+0000] {dagbag.py:538} INFO - Filling up the DagBag from /opt/airflow/dags/failed_lineage_dag.py
[2025-11-18T13:04:32.743+0000] {processor.py:840} INFO - DAG(s) 'failed_lineage_dag' retrieved from /opt/airflow/dags/failed_lineage_dag.py
[2025-11-18T13:04:33.027+0000] {logging_mixin.py:188} INFO - [2025-11-18T13:04:33.026+0000] {dag.py:3036} INFO - Sync 1 DAGs
[2025-11-18T13:04:33.208+0000] {logging_mixin.py:188} INFO - [2025-11-18T13:04:33.208+0000] {dag.py:3823} INFO - Setting next_dagrun for failed_lineage_dag to None, run_after=None
[2025-11-18T13:04:33.392+0000] {processor.py:183} INFO - Processing /opt/airflow/dags/failed_lineage_dag.py took 1.621 seconds
[2025-11-18T13:05:38.440+0000] {processor.py:161} INFO - Started process (PID=28972) to work on /opt/airflow/dags/failed_lineage_dag.py
[2025-11-18T13:05:38.443+0000] {processor.py:830} INFO - Processing file /opt/airflow/dags/failed_lineage_dag.py for tasks to queue
[2025-11-18T13:05:38.446+0000] {logging_mixin.py:188} INFO - [2025-11-18T13:05:38.445+0000] {dagbag.py:538} INFO - Filling up the DagBag from /opt/airflow/dags/failed_lineage_dag.py
[2025-11-18T13:05:38.480+0000] {processor.py:840} INFO - DAG(s) 'failed_lineage_dag' retrieved from /opt/airflow/dags/failed_lineage_dag.py
[2025-11-18T13:05:38.641+0000] {logging_mixin.py:188} INFO - [2025-11-18T13:05:38.640+0000] {dag.py:3036} INFO - Sync 1 DAGs
[2025-11-18T13:05:38.705+0000] {logging_mixin.py:188} INFO - [2025-11-18T13:05:38.704+0000] {dag.py:3823} INFO - Setting next_dagrun for failed_lineage_dag to None, run_after=None
[2025-11-18T13:05:38.795+0000] {processor.py:183} INFO - Processing /opt/airflow/dags/failed_lineage_dag.py took 0.380 seconds
[2025-11-18T13:06:09.248+0000] {processor.py:161} INFO - Started process (PID=29004) to work on /opt/airflow/dags/failed_lineage_dag.py
[2025-11-18T13:06:09.251+0000] {processor.py:830} INFO - Processing file /opt/airflow/dags/failed_lineage_dag.py for tasks to queue
[2025-11-18T13:06:09.252+0000] {logging_mixin.py:188} INFO - [2025-11-18T13:06:09.252+0000] {dagbag.py:538} INFO - Filling up the DagBag from /opt/airflow/dags/failed_lineage_dag.py
[2025-11-18T13:06:09.288+0000] {processor.py:840} INFO - DAG(s) 'failed_lineage_dag' retrieved from /opt/airflow/dags/failed_lineage_dag.py
[2025-11-18T13:06:09.377+0000] {logging_mixin.py:188} INFO - [2025-11-18T13:06:09.376+0000] {dag.py:3036} INFO - Sync 1 DAGs
[2025-11-18T13:06:09.408+0000] {logging_mixin.py:188} INFO - [2025-11-18T13:06:09.407+0000] {dag.py:3823} INFO - Setting next_dagrun for failed_lineage_dag to None, run_after=None
[2025-11-18T13:06:09.460+0000] {processor.py:183} INFO - Processing /opt/airflow/dags/failed_lineage_dag.py took 0.220 seconds
[2025-11-18T13:07:20.603+0000] {processor.py:161} INFO - Started process (PID=29034) to work on /opt/airflow/dags/failed_lineage_dag.py
[2025-11-18T13:07:20.626+0000] {processor.py:830} INFO - Processing file /opt/airflow/dags/failed_lineage_dag.py for tasks to queue
[2025-11-18T13:07:20.639+0000] {logging_mixin.py:188} INFO - [2025-11-18T13:07:20.638+0000] {dagbag.py:538} INFO - Filling up the DagBag from /opt/airflow/dags/failed_lineage_dag.py
[2025-11-18T13:07:24.109+0000] {processor.py:840} INFO - DAG(s) 'failed_lineage_dag' retrieved from /opt/airflow/dags/failed_lineage_dag.py
[2025-11-18T13:07:24.463+0000] {logging_mixin.py:188} INFO - [2025-11-18T13:07:24.463+0000] {dag.py:3036} INFO - Sync 1 DAGs
[2025-11-18T13:07:24.727+0000] {logging_mixin.py:188} INFO - [2025-11-18T13:07:24.727+0000] {dag.py:3823} INFO - Setting next_dagrun for failed_lineage_dag to None, run_after=None
[2025-11-18T13:07:27.069+0000] {processor.py:183} INFO - Processing /opt/airflow/dags/failed_lineage_dag.py took 6.473 seconds
[2025-11-18T13:08:41.801+0000] {processor.py:161} INFO - Started process (PID=29062) to work on /opt/airflow/dags/failed_lineage_dag.py
[2025-11-18T13:08:41.817+0000] {processor.py:830} INFO - Processing file /opt/airflow/dags/failed_lineage_dag.py for tasks to queue
[2025-11-18T13:08:41.837+0000] {logging_mixin.py:188} INFO - [2025-11-18T13:08:41.836+0000] {dagbag.py:538} INFO - Filling up the DagBag from /opt/airflow/dags/failed_lineage_dag.py
[2025-11-18T13:08:42.244+0000] {processor.py:840} INFO - DAG(s) 'failed_lineage_dag' retrieved from /opt/airflow/dags/failed_lineage_dag.py
[2025-11-18T13:08:42.427+0000] {logging_mixin.py:188} INFO - [2025-11-18T13:08:42.426+0000] {dag.py:3036} INFO - Sync 1 DAGs
[2025-11-18T13:08:42.503+0000] {logging_mixin.py:188} INFO - [2025-11-18T13:08:42.503+0000] {dag.py:3823} INFO - Setting next_dagrun for failed_lineage_dag to None, run_after=None
[2025-11-18T13:08:42.647+0000] {processor.py:183} INFO - Processing /opt/airflow/dags/failed_lineage_dag.py took 0.888 seconds
[2025-11-18T13:10:07.777+0000] {processor.py:161} INFO - Started process (PID=29092) to work on /opt/airflow/dags/failed_lineage_dag.py
[2025-11-18T13:10:07.783+0000] {processor.py:830} INFO - Processing file /opt/airflow/dags/failed_lineage_dag.py for tasks to queue
[2025-11-18T13:10:07.786+0000] {logging_mixin.py:188} INFO - [2025-11-18T13:10:07.786+0000] {dagbag.py:538} INFO - Filling up the DagBag from /opt/airflow/dags/failed_lineage_dag.py
[2025-11-18T13:10:07.929+0000] {processor.py:840} INFO - DAG(s) 'failed_lineage_dag' retrieved from /opt/airflow/dags/failed_lineage_dag.py
[2025-11-18T13:10:08.072+0000] {logging_mixin.py:188} INFO - [2025-11-18T13:10:08.063+0000] {dag.py:3036} INFO - Sync 1 DAGs
[2025-11-18T13:10:08.127+0000] {logging_mixin.py:188} INFO - [2025-11-18T13:10:08.127+0000] {dag.py:3823} INFO - Setting next_dagrun for failed_lineage_dag to None, run_after=None
[2025-11-18T13:10:08.198+0000] {processor.py:183} INFO - Processing /opt/airflow/dags/failed_lineage_dag.py took 0.440 seconds
[2025-11-18T13:10:38.391+0000] {processor.py:161} INFO - Started process (PID=29122) to work on /opt/airflow/dags/failed_lineage_dag.py
[2025-11-18T13:10:38.393+0000] {processor.py:830} INFO - Processing file /opt/airflow/dags/failed_lineage_dag.py for tasks to queue
[2025-11-18T13:10:38.394+0000] {logging_mixin.py:188} INFO - [2025-11-18T13:10:38.394+0000] {dagbag.py:538} INFO - Filling up the DagBag from /opt/airflow/dags/failed_lineage_dag.py
[2025-11-18T13:10:38.415+0000] {processor.py:840} INFO - DAG(s) 'failed_lineage_dag' retrieved from /opt/airflow/dags/failed_lineage_dag.py
[2025-11-18T13:10:38.455+0000] {logging_mixin.py:188} INFO - [2025-11-18T13:10:38.455+0000] {dag.py:3036} INFO - Sync 1 DAGs
[2025-11-18T13:10:38.470+0000] {logging_mixin.py:188} INFO - [2025-11-18T13:10:38.470+0000] {dag.py:3823} INFO - Setting next_dagrun for failed_lineage_dag to None, run_after=None
[2025-11-18T13:10:38.526+0000] {processor.py:183} INFO - Processing /opt/airflow/dags/failed_lineage_dag.py took 0.140 seconds
[2025-11-18T13:11:26.678+0000] {processor.py:161} INFO - Started process (PID=29154) to work on /opt/airflow/dags/failed_lineage_dag.py
[2025-11-18T13:11:26.771+0000] {processor.py:830} INFO - Processing file /opt/airflow/dags/failed_lineage_dag.py for tasks to queue
[2025-11-18T13:11:26.783+0000] {logging_mixin.py:188} INFO - [2025-11-18T13:11:26.782+0000] {dagbag.py:538} INFO - Filling up the DagBag from /opt/airflow/dags/failed_lineage_dag.py
[2025-11-18T13:11:28.578+0000] {processor.py:840} INFO - DAG(s) 'failed_lineage_dag' retrieved from /opt/airflow/dags/failed_lineage_dag.py
[2025-11-18T13:11:29.316+0000] {logging_mixin.py:188} INFO - [2025-11-18T13:11:29.315+0000] {dag.py:3036} INFO - Sync 1 DAGs
[2025-11-18T13:11:29.505+0000] {logging_mixin.py:188} INFO - [2025-11-18T13:11:29.505+0000] {dag.py:3823} INFO - Setting next_dagrun for failed_lineage_dag to None, run_after=None
[2025-11-18T13:11:30.052+0000] {processor.py:183} INFO - Processing /opt/airflow/dags/failed_lineage_dag.py took 3.398 seconds
[2025-11-18T13:12:03.837+0000] {processor.py:161} INFO - Started process (PID=29182) to work on /opt/airflow/dags/failed_lineage_dag.py
[2025-11-18T13:12:03.843+0000] {processor.py:830} INFO - Processing file /opt/airflow/dags/failed_lineage_dag.py for tasks to queue
[2025-11-18T13:12:03.877+0000] {logging_mixin.py:188} INFO - [2025-11-18T13:12:03.877+0000] {dagbag.py:538} INFO - Filling up the DagBag from /opt/airflow/dags/failed_lineage_dag.py
[2025-11-18T13:12:04.517+0000] {processor.py:840} INFO - DAG(s) 'failed_lineage_dag' retrieved from /opt/airflow/dags/failed_lineage_dag.py
[2025-11-18T13:12:04.743+0000] {logging_mixin.py:188} INFO - [2025-11-18T13:12:04.743+0000] {dag.py:3036} INFO - Sync 1 DAGs
[2025-11-18T13:12:04.851+0000] {logging_mixin.py:188} INFO - [2025-11-18T13:12:04.840+0000] {dag.py:3823} INFO - Setting next_dagrun for failed_lineage_dag to None, run_after=None
[2025-11-18T13:12:05.004+0000] {processor.py:183} INFO - Processing /opt/airflow/dags/failed_lineage_dag.py took 1.173 seconds
[2025-11-18T13:12:43.495+0000] {processor.py:161} INFO - Started process (PID=29212) to work on /opt/airflow/dags/failed_lineage_dag.py
[2025-11-18T13:12:43.519+0000] {processor.py:830} INFO - Processing file /opt/airflow/dags/failed_lineage_dag.py for tasks to queue
[2025-11-18T13:12:43.554+0000] {logging_mixin.py:188} INFO - [2025-11-18T13:12:43.553+0000] {dagbag.py:538} INFO - Filling up the DagBag from /opt/airflow/dags/failed_lineage_dag.py
[2025-11-18T13:12:45.007+0000] {processor.py:840} INFO - DAG(s) 'failed_lineage_dag' retrieved from /opt/airflow/dags/failed_lineage_dag.py
[2025-11-18T13:12:45.472+0000] {logging_mixin.py:188} INFO - [2025-11-18T13:12:45.472+0000] {dag.py:3036} INFO - Sync 1 DAGs
[2025-11-18T13:12:45.594+0000] {logging_mixin.py:188} INFO - [2025-11-18T13:12:45.593+0000] {dag.py:3823} INFO - Setting next_dagrun for failed_lineage_dag to None, run_after=None
[2025-11-18T13:12:46.017+0000] {processor.py:183} INFO - Processing /opt/airflow/dags/failed_lineage_dag.py took 2.536 seconds
[2025-11-18T13:13:17.664+0000] {processor.py:161} INFO - Started process (PID=29244) to work on /opt/airflow/dags/failed_lineage_dag.py
[2025-11-18T13:13:17.668+0000] {processor.py:830} INFO - Processing file /opt/airflow/dags/failed_lineage_dag.py for tasks to queue
[2025-11-18T13:13:17.674+0000] {logging_mixin.py:188} INFO - [2025-11-18T13:13:17.673+0000] {dagbag.py:538} INFO - Filling up the DagBag from /opt/airflow/dags/failed_lineage_dag.py
[2025-11-18T13:13:17.710+0000] {processor.py:840} INFO - DAG(s) 'failed_lineage_dag' retrieved from /opt/airflow/dags/failed_lineage_dag.py
[2025-11-18T13:13:17.754+0000] {logging_mixin.py:188} INFO - [2025-11-18T13:13:17.754+0000] {dag.py:3036} INFO - Sync 1 DAGs
[2025-11-18T13:13:17.778+0000] {logging_mixin.py:188} INFO - [2025-11-18T13:13:17.777+0000] {dag.py:3823} INFO - Setting next_dagrun for failed_lineage_dag to None, run_after=None
[2025-11-18T13:13:17.814+0000] {processor.py:183} INFO - Processing /opt/airflow/dags/failed_lineage_dag.py took 0.155 seconds
[2025-11-18T13:13:50.595+0000] {processor.py:161} INFO - Started process (PID=29274) to work on /opt/airflow/dags/failed_lineage_dag.py
[2025-11-18T13:13:50.603+0000] {processor.py:830} INFO - Processing file /opt/airflow/dags/failed_lineage_dag.py for tasks to queue
[2025-11-18T13:13:50.607+0000] {logging_mixin.py:188} INFO - [2025-11-18T13:13:50.607+0000] {dagbag.py:538} INFO - Filling up the DagBag from /opt/airflow/dags/failed_lineage_dag.py
[2025-11-18T13:13:51.576+0000] {processor.py:840} INFO - DAG(s) 'failed_lineage_dag' retrieved from /opt/airflow/dags/failed_lineage_dag.py
[2025-11-18T13:13:51.827+0000] {logging_mixin.py:188} INFO - [2025-11-18T13:13:51.826+0000] {dag.py:3036} INFO - Sync 1 DAGs
[2025-11-18T13:13:51.946+0000] {logging_mixin.py:188} INFO - [2025-11-18T13:13:51.945+0000] {dag.py:3823} INFO - Setting next_dagrun for failed_lineage_dag to None, run_after=None
[2025-11-18T13:13:52.178+0000] {processor.py:183} INFO - Processing /opt/airflow/dags/failed_lineage_dag.py took 1.599 seconds
[2025-11-18T13:14:31.957+0000] {processor.py:161} INFO - Started process (PID=29304) to work on /opt/airflow/dags/failed_lineage_dag.py
[2025-11-18T13:14:31.970+0000] {processor.py:830} INFO - Processing file /opt/airflow/dags/failed_lineage_dag.py for tasks to queue
[2025-11-18T13:14:31.979+0000] {logging_mixin.py:188} INFO - [2025-11-18T13:14:31.979+0000] {dagbag.py:538} INFO - Filling up the DagBag from /opt/airflow/dags/failed_lineage_dag.py
[2025-11-18T13:14:34.822+0000] {processor.py:840} INFO - DAG(s) 'failed_lineage_dag' retrieved from /opt/airflow/dags/failed_lineage_dag.py
[2025-11-18T13:14:35.035+0000] {logging_mixin.py:188} INFO - [2025-11-18T13:14:35.034+0000] {dag.py:3036} INFO - Sync 1 DAGs
[2025-11-18T13:14:35.386+0000] {logging_mixin.py:188} INFO - [2025-11-18T13:14:35.385+0000] {dag.py:3823} INFO - Setting next_dagrun for failed_lineage_dag to None, run_after=None
[2025-11-18T13:14:36.113+0000] {processor.py:183} INFO - Processing /opt/airflow/dags/failed_lineage_dag.py took 4.169 seconds
[2025-11-18T13:15:07.262+0000] {processor.py:161} INFO - Started process (PID=29334) to work on /opt/airflow/dags/failed_lineage_dag.py
[2025-11-18T13:15:07.279+0000] {processor.py:830} INFO - Processing file /opt/airflow/dags/failed_lineage_dag.py for tasks to queue
[2025-11-18T13:15:07.281+0000] {logging_mixin.py:188} INFO - [2025-11-18T13:15:07.281+0000] {dagbag.py:538} INFO - Filling up the DagBag from /opt/airflow/dags/failed_lineage_dag.py
[2025-11-18T13:15:07.730+0000] {processor.py:840} INFO - DAG(s) 'failed_lineage_dag' retrieved from /opt/airflow/dags/failed_lineage_dag.py
[2025-11-18T13:15:07.996+0000] {logging_mixin.py:188} INFO - [2025-11-18T13:15:07.994+0000] {dag.py:3036} INFO - Sync 1 DAGs
[2025-11-18T13:15:08.177+0000] {logging_mixin.py:188} INFO - [2025-11-18T13:15:08.176+0000] {dag.py:3823} INFO - Setting next_dagrun for failed_lineage_dag to None, run_after=None
[2025-11-18T13:15:08.358+0000] {processor.py:183} INFO - Processing /opt/airflow/dags/failed_lineage_dag.py took 1.106 seconds
[2025-11-18T13:15:40.039+0000] {processor.py:161} INFO - Started process (PID=29364) to work on /opt/airflow/dags/failed_lineage_dag.py
[2025-11-18T13:15:40.043+0000] {processor.py:830} INFO - Processing file /opt/airflow/dags/failed_lineage_dag.py for tasks to queue
[2025-11-18T13:15:40.047+0000] {logging_mixin.py:188} INFO - [2025-11-18T13:15:40.046+0000] {dagbag.py:538} INFO - Filling up the DagBag from /opt/airflow/dags/failed_lineage_dag.py
[2025-11-18T13:15:40.126+0000] {processor.py:840} INFO - DAG(s) 'failed_lineage_dag' retrieved from /opt/airflow/dags/failed_lineage_dag.py
[2025-11-18T13:15:40.408+0000] {logging_mixin.py:188} INFO - [2025-11-18T13:15:40.408+0000] {dag.py:3036} INFO - Sync 1 DAGs
[2025-11-18T13:15:40.478+0000] {logging_mixin.py:188} INFO - [2025-11-18T13:15:40.477+0000] {dag.py:3823} INFO - Setting next_dagrun for failed_lineage_dag to None, run_after=None
[2025-11-18T13:15:41.180+0000] {processor.py:183} INFO - Processing /opt/airflow/dags/failed_lineage_dag.py took 1.173 seconds
[2025-11-18T13:16:11.703+0000] {processor.py:161} INFO - Started process (PID=29394) to work on /opt/airflow/dags/failed_lineage_dag.py
[2025-11-18T13:16:11.708+0000] {processor.py:830} INFO - Processing file /opt/airflow/dags/failed_lineage_dag.py for tasks to queue
[2025-11-18T13:16:11.717+0000] {logging_mixin.py:188} INFO - [2025-11-18T13:16:11.716+0000] {dagbag.py:538} INFO - Filling up the DagBag from /opt/airflow/dags/failed_lineage_dag.py
[2025-11-18T13:16:11.781+0000] {processor.py:840} INFO - DAG(s) 'failed_lineage_dag' retrieved from /opt/airflow/dags/failed_lineage_dag.py
[2025-11-18T13:16:11.843+0000] {logging_mixin.py:188} INFO - [2025-11-18T13:16:11.842+0000] {dag.py:3036} INFO - Sync 1 DAGs
[2025-11-18T13:16:11.866+0000] {logging_mixin.py:188} INFO - [2025-11-18T13:16:11.866+0000] {dag.py:3823} INFO - Setting next_dagrun for failed_lineage_dag to None, run_after=None
[2025-11-18T13:16:11.904+0000] {processor.py:183} INFO - Processing /opt/airflow/dags/failed_lineage_dag.py took 0.207 seconds
[2025-11-18T13:16:42.079+0000] {processor.py:161} INFO - Started process (PID=29424) to work on /opt/airflow/dags/failed_lineage_dag.py
[2025-11-18T13:16:42.080+0000] {processor.py:830} INFO - Processing file /opt/airflow/dags/failed_lineage_dag.py for tasks to queue
[2025-11-18T13:16:42.082+0000] {logging_mixin.py:188} INFO - [2025-11-18T13:16:42.081+0000] {dagbag.py:538} INFO - Filling up the DagBag from /opt/airflow/dags/failed_lineage_dag.py
[2025-11-18T13:16:42.105+0000] {processor.py:840} INFO - DAG(s) 'failed_lineage_dag' retrieved from /opt/airflow/dags/failed_lineage_dag.py
[2025-11-18T13:16:42.144+0000] {logging_mixin.py:188} INFO - [2025-11-18T13:16:42.144+0000] {dag.py:3036} INFO - Sync 1 DAGs
[2025-11-18T13:16:42.161+0000] {logging_mixin.py:188} INFO - [2025-11-18T13:16:42.160+0000] {dag.py:3823} INFO - Setting next_dagrun for failed_lineage_dag to None, run_after=None
[2025-11-18T13:16:42.197+0000] {processor.py:183} INFO - Processing /opt/airflow/dags/failed_lineage_dag.py took 0.122 seconds
[2025-11-18T13:17:12.466+0000] {processor.py:161} INFO - Started process (PID=29454) to work on /opt/airflow/dags/failed_lineage_dag.py
[2025-11-18T13:17:12.469+0000] {processor.py:830} INFO - Processing file /opt/airflow/dags/failed_lineage_dag.py for tasks to queue
[2025-11-18T13:17:12.473+0000] {logging_mixin.py:188} INFO - [2025-11-18T13:17:12.473+0000] {dagbag.py:538} INFO - Filling up the DagBag from /opt/airflow/dags/failed_lineage_dag.py
[2025-11-18T13:17:12.497+0000] {processor.py:840} INFO - DAG(s) 'failed_lineage_dag' retrieved from /opt/airflow/dags/failed_lineage_dag.py
[2025-11-18T13:17:12.552+0000] {logging_mixin.py:188} INFO - [2025-11-18T13:17:12.552+0000] {dag.py:3036} INFO - Sync 1 DAGs
[2025-11-18T13:17:12.574+0000] {logging_mixin.py:188} INFO - [2025-11-18T13:17:12.573+0000] {dag.py:3823} INFO - Setting next_dagrun for failed_lineage_dag to None, run_after=None
[2025-11-18T13:17:12.631+0000] {processor.py:183} INFO - Processing /opt/airflow/dags/failed_lineage_dag.py took 0.174 seconds
[2025-11-18T13:17:42.934+0000] {processor.py:161} INFO - Started process (PID=29484) to work on /opt/airflow/dags/failed_lineage_dag.py
[2025-11-18T13:17:42.947+0000] {processor.py:830} INFO - Processing file /opt/airflow/dags/failed_lineage_dag.py for tasks to queue
[2025-11-18T13:17:42.957+0000] {logging_mixin.py:188} INFO - [2025-11-18T13:17:42.956+0000] {dagbag.py:538} INFO - Filling up the DagBag from /opt/airflow/dags/failed_lineage_dag.py
[2025-11-18T13:17:43.090+0000] {processor.py:840} INFO - DAG(s) 'failed_lineage_dag' retrieved from /opt/airflow/dags/failed_lineage_dag.py
[2025-11-18T13:17:43.148+0000] {logging_mixin.py:188} INFO - [2025-11-18T13:17:43.148+0000] {dag.py:3036} INFO - Sync 1 DAGs
[2025-11-18T13:17:43.167+0000] {logging_mixin.py:188} INFO - [2025-11-18T13:17:43.166+0000] {dag.py:3823} INFO - Setting next_dagrun for failed_lineage_dag to None, run_after=None
[2025-11-18T13:17:43.205+0000] {processor.py:183} INFO - Processing /opt/airflow/dags/failed_lineage_dag.py took 0.282 seconds
[2025-11-18T13:18:13.683+0000] {processor.py:161} INFO - Started process (PID=29514) to work on /opt/airflow/dags/failed_lineage_dag.py
[2025-11-18T13:18:13.688+0000] {processor.py:830} INFO - Processing file /opt/airflow/dags/failed_lineage_dag.py for tasks to queue
[2025-11-18T13:18:13.696+0000] {logging_mixin.py:188} INFO - [2025-11-18T13:18:13.690+0000] {dagbag.py:538} INFO - Filling up the DagBag from /opt/airflow/dags/failed_lineage_dag.py
[2025-11-18T13:18:13.816+0000] {processor.py:840} INFO - DAG(s) 'failed_lineage_dag' retrieved from /opt/airflow/dags/failed_lineage_dag.py
[2025-11-18T13:18:13.910+0000] {logging_mixin.py:188} INFO - [2025-11-18T13:18:13.909+0000] {dag.py:3036} INFO - Sync 1 DAGs
[2025-11-18T13:18:13.952+0000] {logging_mixin.py:188} INFO - [2025-11-18T13:18:13.943+0000] {dag.py:3823} INFO - Setting next_dagrun for failed_lineage_dag to None, run_after=None
[2025-11-18T13:18:14.039+0000] {processor.py:183} INFO - Processing /opt/airflow/dags/failed_lineage_dag.py took 0.363 seconds
[2025-11-18T13:18:44.914+0000] {processor.py:161} INFO - Started process (PID=29544) to work on /opt/airflow/dags/failed_lineage_dag.py
[2025-11-18T13:18:44.920+0000] {processor.py:830} INFO - Processing file /opt/airflow/dags/failed_lineage_dag.py for tasks to queue
[2025-11-18T13:18:44.930+0000] {logging_mixin.py:188} INFO - [2025-11-18T13:18:44.929+0000] {dagbag.py:538} INFO - Filling up the DagBag from /opt/airflow/dags/failed_lineage_dag.py
[2025-11-18T13:18:45.135+0000] {processor.py:840} INFO - DAG(s) 'failed_lineage_dag' retrieved from /opt/airflow/dags/failed_lineage_dag.py
[2025-11-18T13:18:45.215+0000] {logging_mixin.py:188} INFO - [2025-11-18T13:18:45.214+0000] {dag.py:3036} INFO - Sync 1 DAGs
[2025-11-18T13:18:45.256+0000] {logging_mixin.py:188} INFO - [2025-11-18T13:18:45.256+0000] {dag.py:3823} INFO - Setting next_dagrun for failed_lineage_dag to None, run_after=None
[2025-11-18T13:18:45.340+0000] {processor.py:183} INFO - Processing /opt/airflow/dags/failed_lineage_dag.py took 0.433 seconds
