[2025-11-13T04:34:47.797+0000] {processor.py:161} INFO - Started process (PID=6591) to work on /opt/airflow/dags/etl_dag.py
[2025-11-13T04:34:47.799+0000] {processor.py:830} INFO - Processing file /opt/airflow/dags/etl_dag.py for tasks to queue
[2025-11-13T04:34:47.802+0000] {logging_mixin.py:188} INFO - [2025-11-13T04:34:47.802+0000] {dagbag.py:538} INFO - Filling up the DagBag from /opt/airflow/dags/etl_dag.py
[2025-11-13T04:34:49.281+0000] {processor.py:840} INFO - DAG(s) 'simple_etl_lineage' retrieved from /opt/airflow/dags/etl_dag.py
[2025-11-13T04:34:49.717+0000] {logging_mixin.py:188} INFO - [2025-11-13T04:34:49.717+0000] {dag.py:3036} INFO - Sync 1 DAGs
[2025-11-13T04:34:49.750+0000] {logging_mixin.py:188} INFO - [2025-11-13T04:34:49.750+0000] {dag.py:3823} INFO - Setting next_dagrun for simple_etl_lineage to None, run_after=None
[2025-11-13T04:34:49.980+0000] {processor.py:183} INFO - Processing /opt/airflow/dags/etl_dag.py took 2.191 seconds
[2025-11-13T04:36:31.729+0000] {processor.py:161} INFO - Started process (PID=6602) to work on /opt/airflow/dags/etl_dag.py
[2025-11-13T04:36:31.733+0000] {processor.py:830} INFO - Processing file /opt/airflow/dags/etl_dag.py for tasks to queue
[2025-11-13T04:36:31.739+0000] {logging_mixin.py:188} INFO - [2025-11-13T04:36:31.738+0000] {dagbag.py:538} INFO - Filling up the DagBag from /opt/airflow/dags/etl_dag.py
[2025-11-13T04:36:31.898+0000] {processor.py:840} INFO - DAG(s) 'simple_etl_lineage' retrieved from /opt/airflow/dags/etl_dag.py
[2025-11-13T04:36:33.390+0000] {logging_mixin.py:188} INFO - [2025-11-13T04:36:33.390+0000] {dag.py:3036} INFO - Sync 1 DAGs
[2025-11-13T04:36:34.022+0000] {logging_mixin.py:188} INFO - [2025-11-13T04:36:34.022+0000] {dag.py:3823} INFO - Setting next_dagrun for simple_etl_lineage to None, run_after=None
[2025-11-13T04:36:34.559+0000] {processor.py:183} INFO - Processing /opt/airflow/dags/etl_dag.py took 2.875 seconds
[2025-11-13T04:37:18.455+0000] {processor.py:161} INFO - Started process (PID=6617) to work on /opt/airflow/dags/etl_dag.py
[2025-11-13T04:37:18.464+0000] {processor.py:830} INFO - Processing file /opt/airflow/dags/etl_dag.py for tasks to queue
[2025-11-13T04:37:18.466+0000] {logging_mixin.py:188} INFO - [2025-11-13T04:37:18.466+0000] {dagbag.py:538} INFO - Filling up the DagBag from /opt/airflow/dags/etl_dag.py
[2025-11-13T04:37:18.500+0000] {processor.py:840} INFO - DAG(s) 'simple_etl_lineage' retrieved from /opt/airflow/dags/etl_dag.py
[2025-11-13T04:37:18.569+0000] {logging_mixin.py:188} INFO - [2025-11-13T04:37:18.569+0000] {dag.py:3036} INFO - Sync 1 DAGs
[2025-11-13T04:37:18.606+0000] {logging_mixin.py:188} INFO - [2025-11-13T04:37:18.606+0000] {dag.py:3823} INFO - Setting next_dagrun for simple_etl_lineage to None, run_after=None
[2025-11-13T04:37:18.677+0000] {processor.py:183} INFO - Processing /opt/airflow/dags/etl_dag.py took 0.229 seconds
[2025-11-13T04:37:49.490+0000] {processor.py:161} INFO - Started process (PID=6632) to work on /opt/airflow/dags/etl_dag.py
[2025-11-13T04:37:49.498+0000] {processor.py:830} INFO - Processing file /opt/airflow/dags/etl_dag.py for tasks to queue
[2025-11-13T04:37:49.499+0000] {logging_mixin.py:188} INFO - [2025-11-13T04:37:49.499+0000] {dagbag.py:538} INFO - Filling up the DagBag from /opt/airflow/dags/etl_dag.py
[2025-11-13T04:37:49.534+0000] {processor.py:840} INFO - DAG(s) 'simple_etl_lineage' retrieved from /opt/airflow/dags/etl_dag.py
[2025-11-13T04:37:49.589+0000] {logging_mixin.py:188} INFO - [2025-11-13T04:37:49.586+0000] {dag.py:3036} INFO - Sync 1 DAGs
[2025-11-13T04:37:49.621+0000] {logging_mixin.py:188} INFO - [2025-11-13T04:37:49.621+0000] {dag.py:3823} INFO - Setting next_dagrun for simple_etl_lineage to None, run_after=None
[2025-11-13T04:37:49.652+0000] {processor.py:183} INFO - Processing /opt/airflow/dags/etl_dag.py took 0.166 seconds
[2025-11-13T04:38:20.633+0000] {processor.py:161} INFO - Started process (PID=6647) to work on /opt/airflow/dags/etl_dag.py
[2025-11-13T04:38:20.644+0000] {processor.py:830} INFO - Processing file /opt/airflow/dags/etl_dag.py for tasks to queue
[2025-11-13T04:38:20.646+0000] {logging_mixin.py:188} INFO - [2025-11-13T04:38:20.645+0000] {dagbag.py:538} INFO - Filling up the DagBag from /opt/airflow/dags/etl_dag.py
[2025-11-13T04:38:20.772+0000] {processor.py:840} INFO - DAG(s) 'simple_etl_lineage' retrieved from /opt/airflow/dags/etl_dag.py
[2025-11-13T04:38:20.854+0000] {logging_mixin.py:188} INFO - [2025-11-13T04:38:20.842+0000] {dag.py:3036} INFO - Sync 1 DAGs
[2025-11-13T04:38:20.877+0000] {logging_mixin.py:188} INFO - [2025-11-13T04:38:20.877+0000] {dag.py:3823} INFO - Setting next_dagrun for simple_etl_lineage to None, run_after=None
[2025-11-13T04:38:20.923+0000] {processor.py:183} INFO - Processing /opt/airflow/dags/etl_dag.py took 0.295 seconds
[2025-11-13T04:38:51.402+0000] {processor.py:161} INFO - Started process (PID=6660) to work on /opt/airflow/dags/etl_dag.py
[2025-11-13T04:38:51.404+0000] {processor.py:830} INFO - Processing file /opt/airflow/dags/etl_dag.py for tasks to queue
[2025-11-13T04:38:51.406+0000] {logging_mixin.py:188} INFO - [2025-11-13T04:38:51.405+0000] {dagbag.py:538} INFO - Filling up the DagBag from /opt/airflow/dags/etl_dag.py
[2025-11-13T04:38:51.434+0000] {processor.py:840} INFO - DAG(s) 'simple_etl_lineage' retrieved from /opt/airflow/dags/etl_dag.py
[2025-11-13T04:38:51.480+0000] {logging_mixin.py:188} INFO - [2025-11-13T04:38:51.480+0000] {dag.py:3036} INFO - Sync 1 DAGs
[2025-11-13T04:38:51.499+0000] {logging_mixin.py:188} INFO - [2025-11-13T04:38:51.499+0000] {dag.py:3823} INFO - Setting next_dagrun for simple_etl_lineage to None, run_after=None
[2025-11-13T04:38:51.542+0000] {processor.py:183} INFO - Processing /opt/airflow/dags/etl_dag.py took 0.144 seconds
[2025-11-13T04:39:22.126+0000] {processor.py:161} INFO - Started process (PID=6675) to work on /opt/airflow/dags/etl_dag.py
[2025-11-13T04:39:22.129+0000] {processor.py:830} INFO - Processing file /opt/airflow/dags/etl_dag.py for tasks to queue
[2025-11-13T04:39:22.130+0000] {logging_mixin.py:188} INFO - [2025-11-13T04:39:22.130+0000] {dagbag.py:538} INFO - Filling up the DagBag from /opt/airflow/dags/etl_dag.py
[2025-11-13T04:39:22.162+0000] {processor.py:840} INFO - DAG(s) 'simple_etl_lineage' retrieved from /opt/airflow/dags/etl_dag.py
[2025-11-13T04:39:22.233+0000] {logging_mixin.py:188} INFO - [2025-11-13T04:39:22.233+0000] {dag.py:3036} INFO - Sync 1 DAGs
[2025-11-13T04:39:22.311+0000] {logging_mixin.py:188} INFO - [2025-11-13T04:39:22.311+0000] {dag.py:3823} INFO - Setting next_dagrun for simple_etl_lineage to None, run_after=None
[2025-11-13T04:39:22.396+0000] {processor.py:183} INFO - Processing /opt/airflow/dags/etl_dag.py took 0.277 seconds
[2025-11-13T04:39:52.840+0000] {processor.py:161} INFO - Started process (PID=6690) to work on /opt/airflow/dags/etl_dag.py
[2025-11-13T04:39:52.842+0000] {processor.py:830} INFO - Processing file /opt/airflow/dags/etl_dag.py for tasks to queue
[2025-11-13T04:39:52.852+0000] {logging_mixin.py:188} INFO - [2025-11-13T04:39:52.851+0000] {dagbag.py:538} INFO - Filling up the DagBag from /opt/airflow/dags/etl_dag.py
[2025-11-13T04:39:52.918+0000] {processor.py:840} INFO - DAG(s) 'simple_etl_lineage' retrieved from /opt/airflow/dags/etl_dag.py
[2025-11-13T04:39:53.019+0000] {logging_mixin.py:188} INFO - [2025-11-13T04:39:53.018+0000] {dag.py:3036} INFO - Sync 1 DAGs
[2025-11-13T04:39:53.061+0000] {logging_mixin.py:188} INFO - [2025-11-13T04:39:53.061+0000] {dag.py:3823} INFO - Setting next_dagrun for simple_etl_lineage to None, run_after=None
[2025-11-13T04:39:53.142+0000] {processor.py:183} INFO - Processing /opt/airflow/dags/etl_dag.py took 0.307 seconds
[2025-11-13T04:40:26.339+0000] {processor.py:161} INFO - Started process (PID=6705) to work on /opt/airflow/dags/etl_dag.py
[2025-11-13T04:40:26.348+0000] {processor.py:830} INFO - Processing file /opt/airflow/dags/etl_dag.py for tasks to queue
[2025-11-13T04:40:26.352+0000] {logging_mixin.py:188} INFO - [2025-11-13T04:40:26.351+0000] {dagbag.py:538} INFO - Filling up the DagBag from /opt/airflow/dags/etl_dag.py
[2025-11-13T04:40:26.448+0000] {processor.py:840} INFO - DAG(s) 'simple_etl_lineage' retrieved from /opt/airflow/dags/etl_dag.py
[2025-11-13T04:40:26.602+0000] {logging_mixin.py:188} INFO - [2025-11-13T04:40:26.602+0000] {dag.py:3036} INFO - Sync 1 DAGs
[2025-11-13T04:40:26.652+0000] {logging_mixin.py:188} INFO - [2025-11-13T04:40:26.652+0000] {dag.py:3823} INFO - Setting next_dagrun for simple_etl_lineage to None, run_after=None
[2025-11-13T04:40:26.787+0000] {processor.py:183} INFO - Processing /opt/airflow/dags/etl_dag.py took 0.452 seconds
[2025-11-13T04:40:57.642+0000] {processor.py:161} INFO - Started process (PID=6720) to work on /opt/airflow/dags/etl_dag.py
[2025-11-13T04:40:57.647+0000] {processor.py:830} INFO - Processing file /opt/airflow/dags/etl_dag.py for tasks to queue
[2025-11-13T04:40:57.657+0000] {logging_mixin.py:188} INFO - [2025-11-13T04:40:57.657+0000] {dagbag.py:538} INFO - Filling up the DagBag from /opt/airflow/dags/etl_dag.py
[2025-11-13T04:40:58.052+0000] {processor.py:840} INFO - DAG(s) 'simple_etl_lineage' retrieved from /opt/airflow/dags/etl_dag.py
[2025-11-13T04:40:58.203+0000] {logging_mixin.py:188} INFO - [2025-11-13T04:40:58.203+0000] {dag.py:3036} INFO - Sync 1 DAGs
[2025-11-13T04:40:58.285+0000] {logging_mixin.py:188} INFO - [2025-11-13T04:40:58.285+0000] {dag.py:3823} INFO - Setting next_dagrun for simple_etl_lineage to None, run_after=None
[2025-11-13T04:40:58.355+0000] {processor.py:183} INFO - Processing /opt/airflow/dags/etl_dag.py took 0.710 seconds
[2025-11-13T04:41:35.383+0000] {processor.py:161} INFO - Started process (PID=6737) to work on /opt/airflow/dags/etl_dag.py
[2025-11-13T04:41:35.386+0000] {processor.py:830} INFO - Processing file /opt/airflow/dags/etl_dag.py for tasks to queue
[2025-11-13T04:41:35.388+0000] {logging_mixin.py:188} INFO - [2025-11-13T04:41:35.388+0000] {dagbag.py:538} INFO - Filling up the DagBag from /opt/airflow/dags/etl_dag.py
[2025-11-13T04:41:35.439+0000] {processor.py:840} INFO - DAG(s) 'simple_etl_lineage' retrieved from /opt/airflow/dags/etl_dag.py
[2025-11-13T04:41:35.724+0000] {logging_mixin.py:188} INFO - [2025-11-13T04:41:35.723+0000] {dag.py:3036} INFO - Sync 1 DAGs
[2025-11-13T04:41:35.783+0000] {logging_mixin.py:188} INFO - [2025-11-13T04:41:35.783+0000] {dag.py:3823} INFO - Setting next_dagrun for simple_etl_lineage to None, run_after=None
[2025-11-13T04:41:35.856+0000] {processor.py:183} INFO - Processing /opt/airflow/dags/etl_dag.py took 0.480 seconds
[2025-11-13T04:42:08.953+0000] {processor.py:161} INFO - Started process (PID=6752) to work on /opt/airflow/dags/etl_dag.py
[2025-11-13T04:42:08.959+0000] {processor.py:830} INFO - Processing file /opt/airflow/dags/etl_dag.py for tasks to queue
[2025-11-13T04:42:08.962+0000] {logging_mixin.py:188} INFO - [2025-11-13T04:42:08.962+0000] {dagbag.py:538} INFO - Filling up the DagBag from /opt/airflow/dags/etl_dag.py
[2025-11-13T04:42:09.004+0000] {processor.py:840} INFO - DAG(s) 'simple_etl_lineage' retrieved from /opt/airflow/dags/etl_dag.py
[2025-11-13T04:42:09.100+0000] {logging_mixin.py:188} INFO - [2025-11-13T04:42:09.100+0000] {dag.py:3036} INFO - Sync 1 DAGs
[2025-11-13T04:42:09.149+0000] {logging_mixin.py:188} INFO - [2025-11-13T04:42:09.149+0000] {dag.py:3823} INFO - Setting next_dagrun for simple_etl_lineage to None, run_after=None
[2025-11-13T04:42:09.227+0000] {processor.py:183} INFO - Processing /opt/airflow/dags/etl_dag.py took 0.278 seconds
[2025-11-13T04:42:45.503+0000] {processor.py:161} INFO - Started process (PID=6767) to work on /opt/airflow/dags/etl_dag.py
[2025-11-13T04:42:45.513+0000] {processor.py:830} INFO - Processing file /opt/airflow/dags/etl_dag.py for tasks to queue
[2025-11-13T04:42:45.517+0000] {logging_mixin.py:188} INFO - [2025-11-13T04:42:45.516+0000] {dagbag.py:538} INFO - Filling up the DagBag from /opt/airflow/dags/etl_dag.py
[2025-11-13T04:42:45.570+0000] {processor.py:840} INFO - DAG(s) 'simple_etl_lineage' retrieved from /opt/airflow/dags/etl_dag.py
[2025-11-13T04:42:45.664+0000] {logging_mixin.py:188} INFO - [2025-11-13T04:42:45.654+0000] {dag.py:3036} INFO - Sync 1 DAGs
[2025-11-13T04:42:45.700+0000] {logging_mixin.py:188} INFO - [2025-11-13T04:42:45.699+0000] {dag.py:3823} INFO - Setting next_dagrun for simple_etl_lineage to None, run_after=None
[2025-11-13T04:42:45.832+0000] {processor.py:183} INFO - Processing /opt/airflow/dags/etl_dag.py took 0.336 seconds
[2025-11-13T04:43:16.383+0000] {processor.py:161} INFO - Started process (PID=6782) to work on /opt/airflow/dags/etl_dag.py
[2025-11-13T04:43:16.385+0000] {processor.py:830} INFO - Processing file /opt/airflow/dags/etl_dag.py for tasks to queue
[2025-11-13T04:43:16.388+0000] {logging_mixin.py:188} INFO - [2025-11-13T04:43:16.387+0000] {dagbag.py:538} INFO - Filling up the DagBag from /opt/airflow/dags/etl_dag.py
[2025-11-13T04:43:16.438+0000] {processor.py:840} INFO - DAG(s) 'simple_etl_lineage' retrieved from /opt/airflow/dags/etl_dag.py
[2025-11-13T04:43:16.522+0000] {logging_mixin.py:188} INFO - [2025-11-13T04:43:16.521+0000] {dag.py:3036} INFO - Sync 1 DAGs
[2025-11-13T04:43:16.575+0000] {logging_mixin.py:188} INFO - [2025-11-13T04:43:16.575+0000] {dag.py:3823} INFO - Setting next_dagrun for simple_etl_lineage to None, run_after=None
[2025-11-13T04:43:16.647+0000] {processor.py:183} INFO - Processing /opt/airflow/dags/etl_dag.py took 0.279 seconds
[2025-11-13T04:43:47.423+0000] {processor.py:161} INFO - Started process (PID=6797) to work on /opt/airflow/dags/etl_dag.py
[2025-11-13T04:43:47.425+0000] {processor.py:830} INFO - Processing file /opt/airflow/dags/etl_dag.py for tasks to queue
[2025-11-13T04:43:47.427+0000] {logging_mixin.py:188} INFO - [2025-11-13T04:43:47.427+0000] {dagbag.py:538} INFO - Filling up the DagBag from /opt/airflow/dags/etl_dag.py
[2025-11-13T04:43:47.477+0000] {processor.py:840} INFO - DAG(s) 'simple_etl_lineage' retrieved from /opt/airflow/dags/etl_dag.py
[2025-11-13T04:43:47.573+0000] {logging_mixin.py:188} INFO - [2025-11-13T04:43:47.573+0000] {dag.py:3036} INFO - Sync 1 DAGs
[2025-11-13T04:43:47.623+0000] {logging_mixin.py:188} INFO - [2025-11-13T04:43:47.623+0000] {dag.py:3823} INFO - Setting next_dagrun for simple_etl_lineage to None, run_after=None
[2025-11-13T04:43:47.729+0000] {processor.py:183} INFO - Processing /opt/airflow/dags/etl_dag.py took 0.323 seconds
[2025-11-13T04:44:18.400+0000] {processor.py:161} INFO - Started process (PID=6812) to work on /opt/airflow/dags/etl_dag.py
[2025-11-13T04:44:18.404+0000] {processor.py:830} INFO - Processing file /opt/airflow/dags/etl_dag.py for tasks to queue
[2025-11-13T04:44:18.413+0000] {logging_mixin.py:188} INFO - [2025-11-13T04:44:18.412+0000] {dagbag.py:538} INFO - Filling up the DagBag from /opt/airflow/dags/etl_dag.py
[2025-11-13T04:44:18.466+0000] {processor.py:840} INFO - DAG(s) 'simple_etl_lineage' retrieved from /opt/airflow/dags/etl_dag.py
[2025-11-13T04:44:18.553+0000] {logging_mixin.py:188} INFO - [2025-11-13T04:44:18.552+0000] {dag.py:3036} INFO - Sync 1 DAGs
[2025-11-13T04:44:18.594+0000] {logging_mixin.py:188} INFO - [2025-11-13T04:44:18.593+0000] {dag.py:3823} INFO - Setting next_dagrun for simple_etl_lineage to None, run_after=None
[2025-11-13T04:44:18.665+0000] {processor.py:183} INFO - Processing /opt/airflow/dags/etl_dag.py took 0.270 seconds
[2025-11-13T04:44:49.589+0000] {processor.py:161} INFO - Started process (PID=6827) to work on /opt/airflow/dags/etl_dag.py
[2025-11-13T04:44:49.593+0000] {processor.py:830} INFO - Processing file /opt/airflow/dags/etl_dag.py for tasks to queue
[2025-11-13T04:44:49.598+0000] {logging_mixin.py:188} INFO - [2025-11-13T04:44:49.597+0000] {dagbag.py:538} INFO - Filling up the DagBag from /opt/airflow/dags/etl_dag.py
[2025-11-13T04:44:49.800+0000] {processor.py:840} INFO - DAG(s) 'simple_etl_lineage' retrieved from /opt/airflow/dags/etl_dag.py
[2025-11-13T04:44:49.871+0000] {logging_mixin.py:188} INFO - [2025-11-13T04:44:49.870+0000] {dag.py:3036} INFO - Sync 1 DAGs
[2025-11-13T04:44:49.922+0000] {logging_mixin.py:188} INFO - [2025-11-13T04:44:49.921+0000] {dag.py:3823} INFO - Setting next_dagrun for simple_etl_lineage to None, run_after=None
[2025-11-13T04:44:49.981+0000] {processor.py:183} INFO - Processing /opt/airflow/dags/etl_dag.py took 0.399 seconds
[2025-11-13T04:45:20.922+0000] {processor.py:161} INFO - Started process (PID=6842) to work on /opt/airflow/dags/etl_dag.py
[2025-11-13T04:45:20.928+0000] {processor.py:830} INFO - Processing file /opt/airflow/dags/etl_dag.py for tasks to queue
[2025-11-13T04:45:20.936+0000] {logging_mixin.py:188} INFO - [2025-11-13T04:45:20.935+0000] {dagbag.py:538} INFO - Filling up the DagBag from /opt/airflow/dags/etl_dag.py
[2025-11-13T04:45:21.085+0000] {processor.py:840} INFO - DAG(s) 'simple_etl_lineage' retrieved from /opt/airflow/dags/etl_dag.py
[2025-11-13T04:45:21.177+0000] {logging_mixin.py:188} INFO - [2025-11-13T04:45:21.177+0000] {dag.py:3036} INFO - Sync 1 DAGs
[2025-11-13T04:45:21.218+0000] {logging_mixin.py:188} INFO - [2025-11-13T04:45:21.217+0000] {dag.py:3823} INFO - Setting next_dagrun for simple_etl_lineage to None, run_after=None
[2025-11-13T04:45:21.305+0000] {processor.py:183} INFO - Processing /opt/airflow/dags/etl_dag.py took 0.388 seconds
[2025-11-13T04:45:51.501+0000] {processor.py:161} INFO - Started process (PID=6855) to work on /opt/airflow/dags/etl_dag.py
[2025-11-13T04:45:51.568+0000] {processor.py:830} INFO - Processing file /opt/airflow/dags/etl_dag.py for tasks to queue
[2025-11-13T04:45:51.570+0000] {logging_mixin.py:188} INFO - [2025-11-13T04:45:51.569+0000] {dagbag.py:538} INFO - Filling up the DagBag from /opt/airflow/dags/etl_dag.py
[2025-11-13T04:45:51.601+0000] {processor.py:840} INFO - DAG(s) 'simple_etl_lineage' retrieved from /opt/airflow/dags/etl_dag.py
[2025-11-13T04:45:51.690+0000] {logging_mixin.py:188} INFO - [2025-11-13T04:45:51.689+0000] {dag.py:3036} INFO - Sync 1 DAGs
[2025-11-13T04:45:51.719+0000] {logging_mixin.py:188} INFO - [2025-11-13T04:45:51.719+0000] {dag.py:3823} INFO - Setting next_dagrun for simple_etl_lineage to None, run_after=None
[2025-11-13T04:45:51.757+0000] {processor.py:183} INFO - Processing /opt/airflow/dags/etl_dag.py took 0.266 seconds
[2025-11-13T04:46:22.338+0000] {processor.py:161} INFO - Started process (PID=6865) to work on /opt/airflow/dags/etl_dag.py
[2025-11-13T04:46:22.340+0000] {processor.py:830} INFO - Processing file /opt/airflow/dags/etl_dag.py for tasks to queue
[2025-11-13T04:46:22.342+0000] {logging_mixin.py:188} INFO - [2025-11-13T04:46:22.341+0000] {dagbag.py:538} INFO - Filling up the DagBag from /opt/airflow/dags/etl_dag.py
[2025-11-13T04:46:22.394+0000] {processor.py:840} INFO - DAG(s) 'simple_etl_lineage' retrieved from /opt/airflow/dags/etl_dag.py
[2025-11-13T04:46:22.477+0000] {logging_mixin.py:188} INFO - [2025-11-13T04:46:22.476+0000] {dag.py:3036} INFO - Sync 1 DAGs
[2025-11-13T04:46:22.523+0000] {logging_mixin.py:188} INFO - [2025-11-13T04:46:22.523+0000] {dag.py:3823} INFO - Setting next_dagrun for simple_etl_lineage to None, run_after=None
[2025-11-13T04:46:22.709+0000] {processor.py:183} INFO - Processing /opt/airflow/dags/etl_dag.py took 0.384 seconds
[2025-11-13T04:46:52.827+0000] {processor.py:161} INFO - Started process (PID=6877) to work on /opt/airflow/dags/etl_dag.py
[2025-11-13T04:46:52.829+0000] {processor.py:830} INFO - Processing file /opt/airflow/dags/etl_dag.py for tasks to queue
[2025-11-13T04:46:52.832+0000] {logging_mixin.py:188} INFO - [2025-11-13T04:46:52.831+0000] {dagbag.py:538} INFO - Filling up the DagBag from /opt/airflow/dags/etl_dag.py
[2025-11-13T04:46:52.877+0000] {processor.py:840} INFO - DAG(s) 'simple_etl_lineage' retrieved from /opt/airflow/dags/etl_dag.py
[2025-11-13T04:46:52.937+0000] {logging_mixin.py:188} INFO - [2025-11-13T04:46:52.937+0000] {dag.py:3036} INFO - Sync 1 DAGs
[2025-11-13T04:46:52.961+0000] {logging_mixin.py:188} INFO - [2025-11-13T04:46:52.961+0000] {dag.py:3823} INFO - Setting next_dagrun for simple_etl_lineage to None, run_after=None
[2025-11-13T04:46:53.013+0000] {processor.py:183} INFO - Processing /opt/airflow/dags/etl_dag.py took 0.194 seconds
[2025-11-13T04:47:23.235+0000] {processor.py:161} INFO - Started process (PID=6892) to work on /opt/airflow/dags/etl_dag.py
[2025-11-13T04:47:23.237+0000] {processor.py:830} INFO - Processing file /opt/airflow/dags/etl_dag.py for tasks to queue
[2025-11-13T04:47:23.240+0000] {logging_mixin.py:188} INFO - [2025-11-13T04:47:23.239+0000] {dagbag.py:538} INFO - Filling up the DagBag from /opt/airflow/dags/etl_dag.py
[2025-11-13T04:47:23.346+0000] {processor.py:840} INFO - DAG(s) 'simple_etl_lineage' retrieved from /opt/airflow/dags/etl_dag.py
[2025-11-13T04:47:23.397+0000] {logging_mixin.py:188} INFO - [2025-11-13T04:47:23.397+0000] {dag.py:3036} INFO - Sync 1 DAGs
[2025-11-13T04:47:23.428+0000] {logging_mixin.py:188} INFO - [2025-11-13T04:47:23.428+0000] {dag.py:3823} INFO - Setting next_dagrun for simple_etl_lineage to None, run_after=None
[2025-11-13T04:47:23.497+0000] {processor.py:183} INFO - Processing /opt/airflow/dags/etl_dag.py took 0.269 seconds
[2025-11-13T04:47:53.705+0000] {processor.py:161} INFO - Started process (PID=6907) to work on /opt/airflow/dags/etl_dag.py
[2025-11-13T04:47:53.709+0000] {processor.py:830} INFO - Processing file /opt/airflow/dags/etl_dag.py for tasks to queue
[2025-11-13T04:47:53.710+0000] {logging_mixin.py:188} INFO - [2025-11-13T04:47:53.710+0000] {dagbag.py:538} INFO - Filling up the DagBag from /opt/airflow/dags/etl_dag.py
[2025-11-13T04:47:53.742+0000] {processor.py:840} INFO - DAG(s) 'simple_etl_lineage' retrieved from /opt/airflow/dags/etl_dag.py
[2025-11-13T04:47:53.782+0000] {logging_mixin.py:188} INFO - [2025-11-13T04:47:53.782+0000] {dag.py:3036} INFO - Sync 1 DAGs
[2025-11-13T04:47:53.802+0000] {logging_mixin.py:188} INFO - [2025-11-13T04:47:53.802+0000] {dag.py:3823} INFO - Setting next_dagrun for simple_etl_lineage to None, run_after=None
[2025-11-13T04:47:53.829+0000] {processor.py:183} INFO - Processing /opt/airflow/dags/etl_dag.py took 0.129 seconds
[2025-11-13T04:48:24.023+0000] {processor.py:161} INFO - Started process (PID=6922) to work on /opt/airflow/dags/etl_dag.py
[2025-11-13T04:48:24.026+0000] {processor.py:830} INFO - Processing file /opt/airflow/dags/etl_dag.py for tasks to queue
[2025-11-13T04:48:24.029+0000] {logging_mixin.py:188} INFO - [2025-11-13T04:48:24.028+0000] {dagbag.py:538} INFO - Filling up the DagBag from /opt/airflow/dags/etl_dag.py
[2025-11-13T04:48:24.057+0000] {processor.py:840} INFO - DAG(s) 'simple_etl_lineage' retrieved from /opt/airflow/dags/etl_dag.py
[2025-11-13T04:48:24.103+0000] {logging_mixin.py:188} INFO - [2025-11-13T04:48:24.102+0000] {dag.py:3036} INFO - Sync 1 DAGs
[2025-11-13T04:48:24.122+0000] {logging_mixin.py:188} INFO - [2025-11-13T04:48:24.122+0000] {dag.py:3823} INFO - Setting next_dagrun for simple_etl_lineage to None, run_after=None
[2025-11-13T04:48:24.154+0000] {processor.py:183} INFO - Processing /opt/airflow/dags/etl_dag.py took 0.135 seconds
[2025-11-13T04:48:56.290+0000] {processor.py:161} INFO - Started process (PID=6937) to work on /opt/airflow/dags/etl_dag.py
[2025-11-13T04:48:56.307+0000] {processor.py:830} INFO - Processing file /opt/airflow/dags/etl_dag.py for tasks to queue
[2025-11-13T04:48:56.310+0000] {logging_mixin.py:188} INFO - [2025-11-13T04:48:56.310+0000] {dagbag.py:538} INFO - Filling up the DagBag from /opt/airflow/dags/etl_dag.py
[2025-11-13T04:48:56.710+0000] {processor.py:840} INFO - DAG(s) 'simple_etl_lineage' retrieved from /opt/airflow/dags/etl_dag.py
[2025-11-13T04:48:56.980+0000] {logging_mixin.py:188} INFO - [2025-11-13T04:48:56.979+0000] {dag.py:3036} INFO - Sync 1 DAGs
[2025-11-13T04:48:57.191+0000] {logging_mixin.py:188} INFO - [2025-11-13T04:48:57.190+0000] {dag.py:3823} INFO - Setting next_dagrun for simple_etl_lineage to None, run_after=None
[2025-11-13T04:48:57.478+0000] {processor.py:183} INFO - Processing /opt/airflow/dags/etl_dag.py took 1.216 seconds
[2025-11-13T04:49:28.349+0000] {processor.py:161} INFO - Started process (PID=6952) to work on /opt/airflow/dags/etl_dag.py
[2025-11-13T04:49:28.361+0000] {processor.py:830} INFO - Processing file /opt/airflow/dags/etl_dag.py for tasks to queue
[2025-11-13T04:49:28.364+0000] {logging_mixin.py:188} INFO - [2025-11-13T04:49:28.363+0000] {dagbag.py:538} INFO - Filling up the DagBag from /opt/airflow/dags/etl_dag.py
[2025-11-13T04:49:28.413+0000] {processor.py:840} INFO - DAG(s) 'simple_etl_lineage' retrieved from /opt/airflow/dags/etl_dag.py
[2025-11-13T04:49:28.509+0000] {logging_mixin.py:188} INFO - [2025-11-13T04:49:28.508+0000] {dag.py:3036} INFO - Sync 1 DAGs
[2025-11-13T04:49:28.566+0000] {logging_mixin.py:188} INFO - [2025-11-13T04:49:28.566+0000] {dag.py:3823} INFO - Setting next_dagrun for simple_etl_lineage to None, run_after=None
[2025-11-13T04:49:28.637+0000] {processor.py:183} INFO - Processing /opt/airflow/dags/etl_dag.py took 0.300 seconds
[2025-11-13T04:49:58.787+0000] {processor.py:161} INFO - Started process (PID=6967) to work on /opt/airflow/dags/etl_dag.py
[2025-11-13T04:49:58.789+0000] {processor.py:830} INFO - Processing file /opt/airflow/dags/etl_dag.py for tasks to queue
[2025-11-13T04:49:58.791+0000] {logging_mixin.py:188} INFO - [2025-11-13T04:49:58.790+0000] {dagbag.py:538} INFO - Filling up the DagBag from /opt/airflow/dags/etl_dag.py
[2025-11-13T04:49:58.821+0000] {processor.py:840} INFO - DAG(s) 'simple_etl_lineage' retrieved from /opt/airflow/dags/etl_dag.py
[2025-11-13T04:49:58.860+0000] {logging_mixin.py:188} INFO - [2025-11-13T04:49:58.859+0000] {dag.py:3036} INFO - Sync 1 DAGs
[2025-11-13T04:49:58.880+0000] {logging_mixin.py:188} INFO - [2025-11-13T04:49:58.880+0000] {dag.py:3823} INFO - Setting next_dagrun for simple_etl_lineage to None, run_after=None
[2025-11-13T04:49:58.932+0000] {processor.py:183} INFO - Processing /opt/airflow/dags/etl_dag.py took 0.151 seconds
[2025-11-13T04:50:29.568+0000] {processor.py:161} INFO - Started process (PID=6982) to work on /opt/airflow/dags/etl_dag.py
[2025-11-13T04:50:29.572+0000] {processor.py:830} INFO - Processing file /opt/airflow/dags/etl_dag.py for tasks to queue
[2025-11-13T04:50:29.581+0000] {logging_mixin.py:188} INFO - [2025-11-13T04:50:29.580+0000] {dagbag.py:538} INFO - Filling up the DagBag from /opt/airflow/dags/etl_dag.py
[2025-11-13T04:50:29.677+0000] {processor.py:840} INFO - DAG(s) 'simple_etl_lineage' retrieved from /opt/airflow/dags/etl_dag.py
[2025-11-13T04:50:29.761+0000] {logging_mixin.py:188} INFO - [2025-11-13T04:50:29.760+0000] {dag.py:3036} INFO - Sync 1 DAGs
[2025-11-13T04:50:29.817+0000] {logging_mixin.py:188} INFO - [2025-11-13T04:50:29.817+0000] {dag.py:3823} INFO - Setting next_dagrun for simple_etl_lineage to None, run_after=None
[2025-11-13T04:50:29.870+0000] {processor.py:183} INFO - Processing /opt/airflow/dags/etl_dag.py took 0.309 seconds
[2025-11-13T04:51:00.329+0000] {processor.py:161} INFO - Started process (PID=6997) to work on /opt/airflow/dags/etl_dag.py
[2025-11-13T04:51:00.345+0000] {processor.py:830} INFO - Processing file /opt/airflow/dags/etl_dag.py for tasks to queue
[2025-11-13T04:51:00.351+0000] {logging_mixin.py:188} INFO - [2025-11-13T04:51:00.350+0000] {dagbag.py:538} INFO - Filling up the DagBag from /opt/airflow/dags/etl_dag.py
[2025-11-13T04:51:00.418+0000] {processor.py:840} INFO - DAG(s) 'simple_etl_lineage' retrieved from /opt/airflow/dags/etl_dag.py
[2025-11-13T04:51:00.482+0000] {logging_mixin.py:188} INFO - [2025-11-13T04:51:00.481+0000] {dag.py:3036} INFO - Sync 1 DAGs
[2025-11-13T04:51:00.509+0000] {logging_mixin.py:188} INFO - [2025-11-13T04:51:00.508+0000] {dag.py:3823} INFO - Setting next_dagrun for simple_etl_lineage to None, run_after=None
[2025-11-13T04:51:00.570+0000] {processor.py:183} INFO - Processing /opt/airflow/dags/etl_dag.py took 0.248 seconds
[2025-11-13T04:51:31.335+0000] {processor.py:161} INFO - Started process (PID=7012) to work on /opt/airflow/dags/etl_dag.py
[2025-11-13T04:51:31.342+0000] {processor.py:830} INFO - Processing file /opt/airflow/dags/etl_dag.py for tasks to queue
[2025-11-13T04:51:31.357+0000] {logging_mixin.py:188} INFO - [2025-11-13T04:51:31.349+0000] {dagbag.py:538} INFO - Filling up the DagBag from /opt/airflow/dags/etl_dag.py
[2025-11-13T04:51:31.634+0000] {processor.py:840} INFO - DAG(s) 'simple_etl_lineage' retrieved from /opt/airflow/dags/etl_dag.py
[2025-11-13T04:51:32.077+0000] {logging_mixin.py:188} INFO - [2025-11-13T04:51:32.077+0000] {dag.py:3036} INFO - Sync 1 DAGs
[2025-11-13T04:51:32.209+0000] {logging_mixin.py:188} INFO - [2025-11-13T04:51:32.208+0000] {dag.py:3823} INFO - Setting next_dagrun for simple_etl_lineage to None, run_after=None
[2025-11-13T04:51:32.322+0000] {processor.py:183} INFO - Processing /opt/airflow/dags/etl_dag.py took 1.067 seconds
[2025-11-13T04:52:03.097+0000] {processor.py:161} INFO - Started process (PID=7030) to work on /opt/airflow/dags/etl_dag.py
[2025-11-13T04:52:03.100+0000] {processor.py:830} INFO - Processing file /opt/airflow/dags/etl_dag.py for tasks to queue
[2025-11-13T04:52:03.102+0000] {logging_mixin.py:188} INFO - [2025-11-13T04:52:03.102+0000] {dagbag.py:538} INFO - Filling up the DagBag from /opt/airflow/dags/etl_dag.py
[2025-11-13T04:52:03.139+0000] {processor.py:840} INFO - DAG(s) 'simple_etl_lineage' retrieved from /opt/airflow/dags/etl_dag.py
[2025-11-13T04:52:03.232+0000] {logging_mixin.py:188} INFO - [2025-11-13T04:52:03.232+0000] {dag.py:3036} INFO - Sync 1 DAGs
[2025-11-13T04:52:03.282+0000] {logging_mixin.py:188} INFO - [2025-11-13T04:52:03.282+0000] {dag.py:3823} INFO - Setting next_dagrun for simple_etl_lineage to None, run_after=None
[2025-11-13T04:52:03.335+0000] {processor.py:183} INFO - Processing /opt/airflow/dags/etl_dag.py took 0.248 seconds
[2025-11-13T04:52:33.526+0000] {processor.py:161} INFO - Started process (PID=7045) to work on /opt/airflow/dags/etl_dag.py
[2025-11-13T04:52:33.528+0000] {processor.py:830} INFO - Processing file /opt/airflow/dags/etl_dag.py for tasks to queue
[2025-11-13T04:52:33.530+0000] {logging_mixin.py:188} INFO - [2025-11-13T04:52:33.529+0000] {dagbag.py:538} INFO - Filling up the DagBag from /opt/airflow/dags/etl_dag.py
[2025-11-13T04:52:33.557+0000] {processor.py:840} INFO - DAG(s) 'simple_etl_lineage' retrieved from /opt/airflow/dags/etl_dag.py
[2025-11-13T04:52:33.615+0000] {logging_mixin.py:188} INFO - [2025-11-13T04:52:33.615+0000] {dag.py:3036} INFO - Sync 1 DAGs
[2025-11-13T04:52:33.636+0000] {logging_mixin.py:188} INFO - [2025-11-13T04:52:33.635+0000] {dag.py:3823} INFO - Setting next_dagrun for simple_etl_lineage to None, run_after=None
[2025-11-13T04:52:33.686+0000] {processor.py:183} INFO - Processing /opt/airflow/dags/etl_dag.py took 0.165 seconds
[2025-11-13T04:53:04.116+0000] {processor.py:161} INFO - Started process (PID=7060) to work on /opt/airflow/dags/etl_dag.py
[2025-11-13T04:53:04.119+0000] {processor.py:830} INFO - Processing file /opt/airflow/dags/etl_dag.py for tasks to queue
[2025-11-13T04:53:04.122+0000] {logging_mixin.py:188} INFO - [2025-11-13T04:53:04.121+0000] {dagbag.py:538} INFO - Filling up the DagBag from /opt/airflow/dags/etl_dag.py
[2025-11-13T04:53:04.222+0000] {processor.py:840} INFO - DAG(s) 'simple_etl_lineage' retrieved from /opt/airflow/dags/etl_dag.py
[2025-11-13T04:53:04.323+0000] {logging_mixin.py:188} INFO - [2025-11-13T04:53:04.323+0000] {dag.py:3036} INFO - Sync 1 DAGs
[2025-11-13T04:53:04.379+0000] {logging_mixin.py:188} INFO - [2025-11-13T04:53:04.379+0000] {dag.py:3823} INFO - Setting next_dagrun for simple_etl_lineage to None, run_after=None
[2025-11-13T04:53:04.429+0000] {processor.py:183} INFO - Processing /opt/airflow/dags/etl_dag.py took 0.323 seconds
[2025-11-13T04:53:34.934+0000] {processor.py:161} INFO - Started process (PID=7075) to work on /opt/airflow/dags/etl_dag.py
[2025-11-13T04:53:34.948+0000] {processor.py:830} INFO - Processing file /opt/airflow/dags/etl_dag.py for tasks to queue
[2025-11-13T04:53:34.950+0000] {logging_mixin.py:188} INFO - [2025-11-13T04:53:34.950+0000] {dagbag.py:538} INFO - Filling up the DagBag from /opt/airflow/dags/etl_dag.py
[2025-11-13T04:53:35.022+0000] {processor.py:840} INFO - DAG(s) 'simple_etl_lineage' retrieved from /opt/airflow/dags/etl_dag.py
[2025-11-13T04:53:35.117+0000] {logging_mixin.py:188} INFO - [2025-11-13T04:53:35.117+0000] {dag.py:3036} INFO - Sync 1 DAGs
[2025-11-13T04:53:35.161+0000] {logging_mixin.py:188} INFO - [2025-11-13T04:53:35.161+0000] {dag.py:3823} INFO - Setting next_dagrun for simple_etl_lineage to None, run_after=None
[2025-11-13T04:53:35.245+0000] {processor.py:183} INFO - Processing /opt/airflow/dags/etl_dag.py took 0.317 seconds
[2025-11-13T04:54:05.796+0000] {processor.py:161} INFO - Started process (PID=7090) to work on /opt/airflow/dags/etl_dag.py
[2025-11-13T04:54:05.798+0000] {processor.py:830} INFO - Processing file /opt/airflow/dags/etl_dag.py for tasks to queue
[2025-11-13T04:54:05.800+0000] {logging_mixin.py:188} INFO - [2025-11-13T04:54:05.800+0000] {dagbag.py:538} INFO - Filling up the DagBag from /opt/airflow/dags/etl_dag.py
[2025-11-13T04:54:05.846+0000] {processor.py:840} INFO - DAG(s) 'simple_etl_lineage' retrieved from /opt/airflow/dags/etl_dag.py
[2025-11-13T04:54:05.935+0000] {logging_mixin.py:188} INFO - [2025-11-13T04:54:05.934+0000] {dag.py:3036} INFO - Sync 1 DAGs
[2025-11-13T04:54:05.966+0000] {logging_mixin.py:188} INFO - [2025-11-13T04:54:05.966+0000] {dag.py:3823} INFO - Setting next_dagrun for simple_etl_lineage to None, run_after=None
[2025-11-13T04:54:06.037+0000] {processor.py:183} INFO - Processing /opt/airflow/dags/etl_dag.py took 0.247 seconds
[2025-11-13T05:14:38.448+0000] {processor.py:161} INFO - Started process (PID=7117) to work on /opt/airflow/dags/etl_dag.py
[2025-11-13T05:14:38.451+0000] {processor.py:830} INFO - Processing file /opt/airflow/dags/etl_dag.py for tasks to queue
[2025-11-13T05:14:38.453+0000] {logging_mixin.py:188} INFO - [2025-11-13T05:14:38.452+0000] {dagbag.py:538} INFO - Filling up the DagBag from /opt/airflow/dags/etl_dag.py
[2025-11-13T05:14:38.484+0000] {processor.py:840} INFO - DAG(s) 'simple_etl_lineage' retrieved from /opt/airflow/dags/etl_dag.py
[2025-11-13T05:14:38.556+0000] {logging_mixin.py:188} INFO - [2025-11-13T05:14:38.556+0000] {dag.py:3036} INFO - Sync 1 DAGs
[2025-11-13T05:14:38.605+0000] {logging_mixin.py:188} INFO - [2025-11-13T05:14:38.604+0000] {dag.py:3823} INFO - Setting next_dagrun for simple_etl_lineage to None, run_after=None
[2025-11-13T05:14:38.680+0000] {processor.py:183} INFO - Processing /opt/airflow/dags/etl_dag.py took 0.236 seconds
[2025-11-13T05:15:09.050+0000] {processor.py:161} INFO - Started process (PID=7132) to work on /opt/airflow/dags/etl_dag.py
[2025-11-13T05:15:09.053+0000] {processor.py:830} INFO - Processing file /opt/airflow/dags/etl_dag.py for tasks to queue
[2025-11-13T05:15:09.054+0000] {logging_mixin.py:188} INFO - [2025-11-13T05:15:09.054+0000] {dagbag.py:538} INFO - Filling up the DagBag from /opt/airflow/dags/etl_dag.py
[2025-11-13T05:15:09.085+0000] {processor.py:840} INFO - DAG(s) 'simple_etl_lineage' retrieved from /opt/airflow/dags/etl_dag.py
[2025-11-13T05:15:09.132+0000] {logging_mixin.py:188} INFO - [2025-11-13T05:15:09.132+0000] {dag.py:3036} INFO - Sync 1 DAGs
[2025-11-13T05:15:09.160+0000] {logging_mixin.py:188} INFO - [2025-11-13T05:15:09.158+0000] {dag.py:3823} INFO - Setting next_dagrun for simple_etl_lineage to None, run_after=None
[2025-11-13T05:15:09.232+0000] {processor.py:183} INFO - Processing /opt/airflow/dags/etl_dag.py took 0.190 seconds
[2025-11-13T05:15:40.065+0000] {processor.py:161} INFO - Started process (PID=7147) to work on /opt/airflow/dags/etl_dag.py
[2025-11-13T05:15:40.067+0000] {processor.py:830} INFO - Processing file /opt/airflow/dags/etl_dag.py for tasks to queue
[2025-11-13T05:15:40.069+0000] {logging_mixin.py:188} INFO - [2025-11-13T05:15:40.069+0000] {dagbag.py:538} INFO - Filling up the DagBag from /opt/airflow/dags/etl_dag.py
[2025-11-13T05:15:40.095+0000] {processor.py:840} INFO - DAG(s) 'simple_etl_lineage' retrieved from /opt/airflow/dags/etl_dag.py
[2025-11-13T05:15:40.140+0000] {logging_mixin.py:188} INFO - [2025-11-13T05:15:40.140+0000] {dag.py:3036} INFO - Sync 1 DAGs
[2025-11-13T05:15:40.156+0000] {logging_mixin.py:188} INFO - [2025-11-13T05:15:40.155+0000] {dag.py:3823} INFO - Setting next_dagrun for simple_etl_lineage to None, run_after=None
[2025-11-13T05:15:40.191+0000] {processor.py:183} INFO - Processing /opt/airflow/dags/etl_dag.py took 0.131 seconds
[2025-11-13T05:16:10.544+0000] {processor.py:161} INFO - Started process (PID=7162) to work on /opt/airflow/dags/etl_dag.py
[2025-11-13T05:16:10.546+0000] {processor.py:830} INFO - Processing file /opt/airflow/dags/etl_dag.py for tasks to queue
[2025-11-13T05:16:10.547+0000] {logging_mixin.py:188} INFO - [2025-11-13T05:16:10.546+0000] {dagbag.py:538} INFO - Filling up the DagBag from /opt/airflow/dags/etl_dag.py
[2025-11-13T05:16:10.566+0000] {processor.py:840} INFO - DAG(s) 'simple_etl_lineage' retrieved from /opt/airflow/dags/etl_dag.py
[2025-11-13T05:16:10.591+0000] {logging_mixin.py:188} INFO - [2025-11-13T05:16:10.591+0000] {dag.py:3036} INFO - Sync 1 DAGs
[2025-11-13T05:16:10.603+0000] {logging_mixin.py:188} INFO - [2025-11-13T05:16:10.602+0000] {dag.py:3823} INFO - Setting next_dagrun for simple_etl_lineage to None, run_after=None
[2025-11-13T05:16:10.623+0000] {processor.py:183} INFO - Processing /opt/airflow/dags/etl_dag.py took 0.081 seconds
[2025-11-13T05:16:41.053+0000] {processor.py:161} INFO - Started process (PID=7177) to work on /opt/airflow/dags/etl_dag.py
[2025-11-13T05:16:41.055+0000] {processor.py:830} INFO - Processing file /opt/airflow/dags/etl_dag.py for tasks to queue
[2025-11-13T05:16:41.056+0000] {logging_mixin.py:188} INFO - [2025-11-13T05:16:41.056+0000] {dagbag.py:538} INFO - Filling up the DagBag from /opt/airflow/dags/etl_dag.py
[2025-11-13T05:16:41.073+0000] {processor.py:840} INFO - DAG(s) 'simple_etl_lineage' retrieved from /opt/airflow/dags/etl_dag.py
[2025-11-13T05:16:41.099+0000] {logging_mixin.py:188} INFO - [2025-11-13T05:16:41.099+0000] {dag.py:3036} INFO - Sync 1 DAGs
[2025-11-13T05:16:41.112+0000] {logging_mixin.py:188} INFO - [2025-11-13T05:16:41.111+0000] {dag.py:3823} INFO - Setting next_dagrun for simple_etl_lineage to None, run_after=None
[2025-11-13T05:16:41.133+0000] {processor.py:183} INFO - Processing /opt/airflow/dags/etl_dag.py took 0.083 seconds
[2025-11-13T05:17:12.147+0000] {processor.py:161} INFO - Started process (PID=7192) to work on /opt/airflow/dags/etl_dag.py
[2025-11-13T05:17:12.149+0000] {processor.py:830} INFO - Processing file /opt/airflow/dags/etl_dag.py for tasks to queue
[2025-11-13T05:17:12.150+0000] {logging_mixin.py:188} INFO - [2025-11-13T05:17:12.150+0000] {dagbag.py:538} INFO - Filling up the DagBag from /opt/airflow/dags/etl_dag.py
[2025-11-13T05:17:12.172+0000] {processor.py:840} INFO - DAG(s) 'simple_etl_lineage' retrieved from /opt/airflow/dags/etl_dag.py
[2025-11-13T05:17:12.201+0000] {logging_mixin.py:188} INFO - [2025-11-13T05:17:12.200+0000] {dag.py:3036} INFO - Sync 1 DAGs
[2025-11-13T05:17:12.212+0000] {logging_mixin.py:188} INFO - [2025-11-13T05:17:12.212+0000] {dag.py:3823} INFO - Setting next_dagrun for simple_etl_lineage to None, run_after=None
[2025-11-13T05:17:12.234+0000] {processor.py:183} INFO - Processing /opt/airflow/dags/etl_dag.py took 0.092 seconds
[2025-11-13T05:17:43.232+0000] {processor.py:161} INFO - Started process (PID=7205) to work on /opt/airflow/dags/etl_dag.py
[2025-11-13T05:17:43.235+0000] {processor.py:830} INFO - Processing file /opt/airflow/dags/etl_dag.py for tasks to queue
[2025-11-13T05:17:43.237+0000] {logging_mixin.py:188} INFO - [2025-11-13T05:17:43.235+0000] {dagbag.py:538} INFO - Filling up the DagBag from /opt/airflow/dags/etl_dag.py
[2025-11-13T05:17:43.292+0000] {processor.py:840} INFO - DAG(s) 'simple_etl_lineage' retrieved from /opt/airflow/dags/etl_dag.py
[2025-11-13T05:17:43.374+0000] {logging_mixin.py:188} INFO - [2025-11-13T05:17:43.373+0000] {dag.py:3036} INFO - Sync 1 DAGs
[2025-11-13T05:17:43.405+0000] {logging_mixin.py:188} INFO - [2025-11-13T05:17:43.404+0000] {dag.py:3823} INFO - Setting next_dagrun for simple_etl_lineage to None, run_after=None
[2025-11-13T05:17:43.575+0000] {processor.py:183} INFO - Processing /opt/airflow/dags/etl_dag.py took 0.348 seconds
[2025-11-13T05:18:14.629+0000] {processor.py:161} INFO - Started process (PID=7220) to work on /opt/airflow/dags/etl_dag.py
[2025-11-13T05:18:14.640+0000] {processor.py:830} INFO - Processing file /opt/airflow/dags/etl_dag.py for tasks to queue
[2025-11-13T05:18:14.643+0000] {logging_mixin.py:188} INFO - [2025-11-13T05:18:14.642+0000] {dagbag.py:538} INFO - Filling up the DagBag from /opt/airflow/dags/etl_dag.py
[2025-11-13T05:18:14.687+0000] {processor.py:840} INFO - DAG(s) 'simple_etl_lineage' retrieved from /opt/airflow/dags/etl_dag.py
[2025-11-13T05:18:14.745+0000] {logging_mixin.py:188} INFO - [2025-11-13T05:18:14.744+0000] {dag.py:3036} INFO - Sync 1 DAGs
[2025-11-13T05:18:14.786+0000] {logging_mixin.py:188} INFO - [2025-11-13T05:18:14.786+0000] {dag.py:3823} INFO - Setting next_dagrun for simple_etl_lineage to None, run_after=None
[2025-11-13T05:18:14.865+0000] {processor.py:183} INFO - Processing /opt/airflow/dags/etl_dag.py took 0.241 seconds
[2025-11-13T05:18:45.370+0000] {processor.py:161} INFO - Started process (PID=7235) to work on /opt/airflow/dags/etl_dag.py
[2025-11-13T05:18:45.371+0000] {processor.py:830} INFO - Processing file /opt/airflow/dags/etl_dag.py for tasks to queue
[2025-11-13T05:18:45.373+0000] {logging_mixin.py:188} INFO - [2025-11-13T05:18:45.373+0000] {dagbag.py:538} INFO - Filling up the DagBag from /opt/airflow/dags/etl_dag.py
[2025-11-13T05:18:45.405+0000] {processor.py:840} INFO - DAG(s) 'simple_etl_lineage' retrieved from /opt/airflow/dags/etl_dag.py
[2025-11-13T05:18:45.452+0000] {logging_mixin.py:188} INFO - [2025-11-13T05:18:45.452+0000] {dag.py:3036} INFO - Sync 1 DAGs
[2025-11-13T05:18:45.477+0000] {logging_mixin.py:188} INFO - [2025-11-13T05:18:45.477+0000] {dag.py:3823} INFO - Setting next_dagrun for simple_etl_lineage to None, run_after=None
[2025-11-13T05:18:45.511+0000] {processor.py:183} INFO - Processing /opt/airflow/dags/etl_dag.py took 0.148 seconds
[2025-11-13T05:19:15.846+0000] {processor.py:161} INFO - Started process (PID=7250) to work on /opt/airflow/dags/etl_dag.py
[2025-11-13T05:19:15.850+0000] {processor.py:830} INFO - Processing file /opt/airflow/dags/etl_dag.py for tasks to queue
[2025-11-13T05:19:15.851+0000] {logging_mixin.py:188} INFO - [2025-11-13T05:19:15.851+0000] {dagbag.py:538} INFO - Filling up the DagBag from /opt/airflow/dags/etl_dag.py
[2025-11-13T05:19:15.896+0000] {processor.py:840} INFO - DAG(s) 'simple_etl_lineage' retrieved from /opt/airflow/dags/etl_dag.py
[2025-11-13T05:19:16.051+0000] {logging_mixin.py:188} INFO - [2025-11-13T05:19:16.050+0000] {dag.py:3036} INFO - Sync 1 DAGs
[2025-11-13T05:19:16.128+0000] {logging_mixin.py:188} INFO - [2025-11-13T05:19:16.127+0000] {dag.py:3823} INFO - Setting next_dagrun for simple_etl_lineage to None, run_after=None
[2025-11-13T05:19:16.227+0000] {processor.py:183} INFO - Processing /opt/airflow/dags/etl_dag.py took 0.386 seconds
[2025-11-13T05:19:46.782+0000] {processor.py:161} INFO - Started process (PID=7265) to work on /opt/airflow/dags/etl_dag.py
[2025-11-13T05:19:46.787+0000] {processor.py:830} INFO - Processing file /opt/airflow/dags/etl_dag.py for tasks to queue
[2025-11-13T05:19:46.796+0000] {logging_mixin.py:188} INFO - [2025-11-13T05:19:46.795+0000] {dagbag.py:538} INFO - Filling up the DagBag from /opt/airflow/dags/etl_dag.py
[2025-11-13T05:19:46.825+0000] {processor.py:840} INFO - DAG(s) 'simple_etl_lineage' retrieved from /opt/airflow/dags/etl_dag.py
[2025-11-13T05:19:46.905+0000] {logging_mixin.py:188} INFO - [2025-11-13T05:19:46.904+0000] {dag.py:3036} INFO - Sync 1 DAGs
[2025-11-13T05:19:46.925+0000] {logging_mixin.py:188} INFO - [2025-11-13T05:19:46.924+0000] {dag.py:3823} INFO - Setting next_dagrun for simple_etl_lineage to None, run_after=None
[2025-11-13T05:19:46.957+0000] {processor.py:183} INFO - Processing /opt/airflow/dags/etl_dag.py took 0.180 seconds
[2025-11-13T05:20:17.378+0000] {processor.py:161} INFO - Started process (PID=7280) to work on /opt/airflow/dags/etl_dag.py
[2025-11-13T05:20:17.382+0000] {processor.py:830} INFO - Processing file /opt/airflow/dags/etl_dag.py for tasks to queue
[2025-11-13T05:20:17.389+0000] {logging_mixin.py:188} INFO - [2025-11-13T05:20:17.389+0000] {dagbag.py:538} INFO - Filling up the DagBag from /opt/airflow/dags/etl_dag.py
[2025-11-13T05:20:17.427+0000] {processor.py:840} INFO - DAG(s) 'simple_etl_lineage' retrieved from /opt/airflow/dags/etl_dag.py
[2025-11-13T05:20:17.499+0000] {logging_mixin.py:188} INFO - [2025-11-13T05:20:17.499+0000] {dag.py:3036} INFO - Sync 1 DAGs
[2025-11-13T05:20:17.535+0000] {logging_mixin.py:188} INFO - [2025-11-13T05:20:17.535+0000] {dag.py:3823} INFO - Setting next_dagrun for simple_etl_lineage to None, run_after=None
[2025-11-13T05:20:17.600+0000] {processor.py:183} INFO - Processing /opt/airflow/dags/etl_dag.py took 0.228 seconds
[2025-11-13T05:20:48.175+0000] {processor.py:161} INFO - Started process (PID=7295) to work on /opt/airflow/dags/etl_dag.py
[2025-11-13T05:20:48.178+0000] {processor.py:830} INFO - Processing file /opt/airflow/dags/etl_dag.py for tasks to queue
[2025-11-13T05:20:48.179+0000] {logging_mixin.py:188} INFO - [2025-11-13T05:20:48.179+0000] {dagbag.py:538} INFO - Filling up the DagBag from /opt/airflow/dags/etl_dag.py
[2025-11-13T05:20:48.208+0000] {processor.py:840} INFO - DAG(s) 'simple_etl_lineage' retrieved from /opt/airflow/dags/etl_dag.py
[2025-11-13T05:20:48.265+0000] {logging_mixin.py:188} INFO - [2025-11-13T05:20:48.265+0000] {dag.py:3036} INFO - Sync 1 DAGs
[2025-11-13T05:20:48.288+0000] {logging_mixin.py:188} INFO - [2025-11-13T05:20:48.288+0000] {dag.py:3823} INFO - Setting next_dagrun for simple_etl_lineage to None, run_after=None
[2025-11-13T05:20:48.319+0000] {processor.py:183} INFO - Processing /opt/airflow/dags/etl_dag.py took 0.148 seconds
[2025-11-13T05:21:18.797+0000] {processor.py:161} INFO - Started process (PID=7310) to work on /opt/airflow/dags/etl_dag.py
[2025-11-13T05:21:18.800+0000] {processor.py:830} INFO - Processing file /opt/airflow/dags/etl_dag.py for tasks to queue
[2025-11-13T05:21:18.802+0000] {logging_mixin.py:188} INFO - [2025-11-13T05:21:18.801+0000] {dagbag.py:538} INFO - Filling up the DagBag from /opt/airflow/dags/etl_dag.py
[2025-11-13T05:21:18.834+0000] {processor.py:840} INFO - DAG(s) 'simple_etl_lineage' retrieved from /opt/airflow/dags/etl_dag.py
[2025-11-13T05:21:18.868+0000] {logging_mixin.py:188} INFO - [2025-11-13T05:21:18.868+0000] {dag.py:3036} INFO - Sync 1 DAGs
[2025-11-13T05:21:18.887+0000] {logging_mixin.py:188} INFO - [2025-11-13T05:21:18.887+0000] {dag.py:3823} INFO - Setting next_dagrun for simple_etl_lineage to None, run_after=None
[2025-11-13T05:21:18.912+0000] {processor.py:183} INFO - Processing /opt/airflow/dags/etl_dag.py took 0.119 seconds
[2025-11-13T05:21:49.286+0000] {processor.py:161} INFO - Started process (PID=7325) to work on /opt/airflow/dags/etl_dag.py
[2025-11-13T05:21:49.288+0000] {processor.py:830} INFO - Processing file /opt/airflow/dags/etl_dag.py for tasks to queue
[2025-11-13T05:21:49.289+0000] {logging_mixin.py:188} INFO - [2025-11-13T05:21:49.289+0000] {dagbag.py:538} INFO - Filling up the DagBag from /opt/airflow/dags/etl_dag.py
[2025-11-13T05:21:49.323+0000] {processor.py:840} INFO - DAG(s) 'simple_etl_lineage' retrieved from /opt/airflow/dags/etl_dag.py
[2025-11-13T05:21:49.422+0000] {logging_mixin.py:188} INFO - [2025-11-13T05:21:49.422+0000] {dag.py:3036} INFO - Sync 1 DAGs
[2025-11-13T05:21:49.474+0000] {logging_mixin.py:188} INFO - [2025-11-13T05:21:49.465+0000] {dag.py:3823} INFO - Setting next_dagrun for simple_etl_lineage to None, run_after=None
[2025-11-13T05:21:49.533+0000] {processor.py:183} INFO - Processing /opt/airflow/dags/etl_dag.py took 0.253 seconds
[2025-11-13T05:22:19.889+0000] {processor.py:161} INFO - Started process (PID=7340) to work on /opt/airflow/dags/etl_dag.py
[2025-11-13T05:22:19.891+0000] {processor.py:830} INFO - Processing file /opt/airflow/dags/etl_dag.py for tasks to queue
[2025-11-13T05:22:19.892+0000] {logging_mixin.py:188} INFO - [2025-11-13T05:22:19.892+0000] {dagbag.py:538} INFO - Filling up the DagBag from /opt/airflow/dags/etl_dag.py
[2025-11-13T05:22:19.923+0000] {processor.py:840} INFO - DAG(s) 'simple_etl_lineage' retrieved from /opt/airflow/dags/etl_dag.py
[2025-11-13T05:22:19.996+0000] {logging_mixin.py:188} INFO - [2025-11-13T05:22:19.996+0000] {dag.py:3036} INFO - Sync 1 DAGs
[2025-11-13T05:22:20.032+0000] {logging_mixin.py:188} INFO - [2025-11-13T05:22:20.031+0000] {dag.py:3823} INFO - Setting next_dagrun for simple_etl_lineage to None, run_after=None
[2025-11-13T05:22:20.090+0000] {processor.py:183} INFO - Processing /opt/airflow/dags/etl_dag.py took 0.205 seconds
[2025-11-13T05:22:50.514+0000] {processor.py:161} INFO - Started process (PID=7355) to work on /opt/airflow/dags/etl_dag.py
[2025-11-13T05:22:50.515+0000] {processor.py:830} INFO - Processing file /opt/airflow/dags/etl_dag.py for tasks to queue
[2025-11-13T05:22:50.516+0000] {logging_mixin.py:188} INFO - [2025-11-13T05:22:50.516+0000] {dagbag.py:538} INFO - Filling up the DagBag from /opt/airflow/dags/etl_dag.py
[2025-11-13T05:22:50.538+0000] {processor.py:840} INFO - DAG(s) 'simple_etl_lineage' retrieved from /opt/airflow/dags/etl_dag.py
[2025-11-13T05:22:50.570+0000] {logging_mixin.py:188} INFO - [2025-11-13T05:22:50.569+0000] {dag.py:3036} INFO - Sync 1 DAGs
[2025-11-13T05:22:50.585+0000] {logging_mixin.py:188} INFO - [2025-11-13T05:22:50.584+0000] {dag.py:3823} INFO - Setting next_dagrun for simple_etl_lineage to None, run_after=None
[2025-11-13T05:22:50.609+0000] {processor.py:183} INFO - Processing /opt/airflow/dags/etl_dag.py took 0.100 seconds
[2025-11-13T05:23:21.130+0000] {processor.py:161} INFO - Started process (PID=7370) to work on /opt/airflow/dags/etl_dag.py
[2025-11-13T05:23:21.132+0000] {processor.py:830} INFO - Processing file /opt/airflow/dags/etl_dag.py for tasks to queue
[2025-11-13T05:23:21.134+0000] {logging_mixin.py:188} INFO - [2025-11-13T05:23:21.133+0000] {dagbag.py:538} INFO - Filling up the DagBag from /opt/airflow/dags/etl_dag.py
[2025-11-13T05:23:21.160+0000] {processor.py:840} INFO - DAG(s) 'simple_etl_lineage' retrieved from /opt/airflow/dags/etl_dag.py
[2025-11-13T05:23:21.194+0000] {logging_mixin.py:188} INFO - [2025-11-13T05:23:21.194+0000] {dag.py:3036} INFO - Sync 1 DAGs
[2025-11-13T05:23:21.211+0000] {logging_mixin.py:188} INFO - [2025-11-13T05:23:21.211+0000] {dag.py:3823} INFO - Setting next_dagrun for simple_etl_lineage to None, run_after=None
[2025-11-13T05:23:21.246+0000] {processor.py:183} INFO - Processing /opt/airflow/dags/etl_dag.py took 0.121 seconds
[2025-11-13T05:23:51.625+0000] {processor.py:161} INFO - Started process (PID=7385) to work on /opt/airflow/dags/etl_dag.py
[2025-11-13T05:23:51.627+0000] {processor.py:830} INFO - Processing file /opt/airflow/dags/etl_dag.py for tasks to queue
[2025-11-13T05:23:51.629+0000] {logging_mixin.py:188} INFO - [2025-11-13T05:23:51.628+0000] {dagbag.py:538} INFO - Filling up the DagBag from /opt/airflow/dags/etl_dag.py
[2025-11-13T05:23:51.656+0000] {processor.py:840} INFO - DAG(s) 'simple_etl_lineage' retrieved from /opt/airflow/dags/etl_dag.py
[2025-11-13T05:23:51.691+0000] {logging_mixin.py:188} INFO - [2025-11-13T05:23:51.691+0000] {dag.py:3036} INFO - Sync 1 DAGs
[2025-11-13T05:23:51.707+0000] {logging_mixin.py:188} INFO - [2025-11-13T05:23:51.707+0000] {dag.py:3823} INFO - Setting next_dagrun for simple_etl_lineage to None, run_after=None
[2025-11-13T05:23:51.740+0000] {processor.py:183} INFO - Processing /opt/airflow/dags/etl_dag.py took 0.120 seconds
[2025-11-13T05:24:22.162+0000] {processor.py:161} INFO - Started process (PID=7400) to work on /opt/airflow/dags/etl_dag.py
[2025-11-13T05:24:22.164+0000] {processor.py:830} INFO - Processing file /opt/airflow/dags/etl_dag.py for tasks to queue
[2025-11-13T05:24:22.165+0000] {logging_mixin.py:188} INFO - [2025-11-13T05:24:22.165+0000] {dagbag.py:538} INFO - Filling up the DagBag from /opt/airflow/dags/etl_dag.py
[2025-11-13T05:24:22.191+0000] {processor.py:840} INFO - DAG(s) 'simple_etl_lineage' retrieved from /opt/airflow/dags/etl_dag.py
[2025-11-13T05:24:22.238+0000] {logging_mixin.py:188} INFO - [2025-11-13T05:24:22.238+0000] {dag.py:3036} INFO - Sync 1 DAGs
[2025-11-13T05:24:22.257+0000] {logging_mixin.py:188} INFO - [2025-11-13T05:24:22.256+0000] {dag.py:3823} INFO - Setting next_dagrun for simple_etl_lineage to None, run_after=None
[2025-11-13T05:24:22.285+0000] {processor.py:183} INFO - Processing /opt/airflow/dags/etl_dag.py took 0.128 seconds
[2025-11-13T05:24:52.798+0000] {processor.py:161} INFO - Started process (PID=7415) to work on /opt/airflow/dags/etl_dag.py
[2025-11-13T05:24:52.799+0000] {processor.py:830} INFO - Processing file /opt/airflow/dags/etl_dag.py for tasks to queue
[2025-11-13T05:24:52.800+0000] {logging_mixin.py:188} INFO - [2025-11-13T05:24:52.800+0000] {dagbag.py:538} INFO - Filling up the DagBag from /opt/airflow/dags/etl_dag.py
[2025-11-13T05:24:52.825+0000] {processor.py:840} INFO - DAG(s) 'simple_etl_lineage' retrieved from /opt/airflow/dags/etl_dag.py
[2025-11-13T05:24:52.858+0000] {logging_mixin.py:188} INFO - [2025-11-13T05:24:52.858+0000] {dag.py:3036} INFO - Sync 1 DAGs
[2025-11-13T05:24:52.873+0000] {logging_mixin.py:188} INFO - [2025-11-13T05:24:52.873+0000] {dag.py:3823} INFO - Setting next_dagrun for simple_etl_lineage to None, run_after=None
[2025-11-13T05:24:52.902+0000] {processor.py:183} INFO - Processing /opt/airflow/dags/etl_dag.py took 0.109 seconds
[2025-11-13T05:25:23.305+0000] {processor.py:161} INFO - Started process (PID=7430) to work on /opt/airflow/dags/etl_dag.py
[2025-11-13T05:25:23.308+0000] {processor.py:830} INFO - Processing file /opt/airflow/dags/etl_dag.py for tasks to queue
[2025-11-13T05:25:23.311+0000] {logging_mixin.py:188} INFO - [2025-11-13T05:25:23.310+0000] {dagbag.py:538} INFO - Filling up the DagBag from /opt/airflow/dags/etl_dag.py
[2025-11-13T05:25:23.388+0000] {processor.py:840} INFO - DAG(s) 'simple_etl_lineage' retrieved from /opt/airflow/dags/etl_dag.py
[2025-11-13T05:25:23.446+0000] {logging_mixin.py:188} INFO - [2025-11-13T05:25:23.446+0000] {dag.py:3036} INFO - Sync 1 DAGs
[2025-11-13T05:25:23.465+0000] {logging_mixin.py:188} INFO - [2025-11-13T05:25:23.464+0000] {dag.py:3823} INFO - Setting next_dagrun for simple_etl_lineage to None, run_after=None
[2025-11-13T05:25:23.509+0000] {processor.py:183} INFO - Processing /opt/airflow/dags/etl_dag.py took 0.209 seconds
[2025-11-13T05:25:54.116+0000] {processor.py:161} INFO - Started process (PID=7445) to work on /opt/airflow/dags/etl_dag.py
[2025-11-13T05:25:54.118+0000] {processor.py:830} INFO - Processing file /opt/airflow/dags/etl_dag.py for tasks to queue
[2025-11-13T05:25:54.119+0000] {logging_mixin.py:188} INFO - [2025-11-13T05:25:54.119+0000] {dagbag.py:538} INFO - Filling up the DagBag from /opt/airflow/dags/etl_dag.py
[2025-11-13T05:25:54.170+0000] {processor.py:840} INFO - DAG(s) 'simple_etl_lineage' retrieved from /opt/airflow/dags/etl_dag.py
[2025-11-13T05:25:54.288+0000] {logging_mixin.py:188} INFO - [2025-11-13T05:25:54.287+0000] {dag.py:3036} INFO - Sync 1 DAGs
[2025-11-13T05:25:54.344+0000] {logging_mixin.py:188} INFO - [2025-11-13T05:25:54.344+0000] {dag.py:3823} INFO - Setting next_dagrun for simple_etl_lineage to None, run_after=None
[2025-11-13T05:25:54.393+0000] {processor.py:183} INFO - Processing /opt/airflow/dags/etl_dag.py took 0.285 seconds
[2025-11-13T05:26:24.997+0000] {processor.py:161} INFO - Started process (PID=7460) to work on /opt/airflow/dags/etl_dag.py
[2025-11-13T05:26:24.999+0000] {processor.py:830} INFO - Processing file /opt/airflow/dags/etl_dag.py for tasks to queue
[2025-11-13T05:26:25.000+0000] {logging_mixin.py:188} INFO - [2025-11-13T05:26:25.000+0000] {dagbag.py:538} INFO - Filling up the DagBag from /opt/airflow/dags/etl_dag.py
[2025-11-13T05:26:25.025+0000] {processor.py:840} INFO - DAG(s) 'simple_etl_lineage' retrieved from /opt/airflow/dags/etl_dag.py
[2025-11-13T05:26:25.069+0000] {logging_mixin.py:188} INFO - [2025-11-13T05:26:25.068+0000] {dag.py:3036} INFO - Sync 1 DAGs
[2025-11-13T05:26:25.087+0000] {logging_mixin.py:188} INFO - [2025-11-13T05:26:25.087+0000] {dag.py:3823} INFO - Setting next_dagrun for simple_etl_lineage to None, run_after=None
[2025-11-13T05:26:25.117+0000] {processor.py:183} INFO - Processing /opt/airflow/dags/etl_dag.py took 0.124 seconds
[2025-11-13T05:26:56.023+0000] {processor.py:161} INFO - Started process (PID=7475) to work on /opt/airflow/dags/etl_dag.py
[2025-11-13T05:26:56.025+0000] {processor.py:830} INFO - Processing file /opt/airflow/dags/etl_dag.py for tasks to queue
[2025-11-13T05:26:56.027+0000] {logging_mixin.py:188} INFO - [2025-11-13T05:26:56.027+0000] {dagbag.py:538} INFO - Filling up the DagBag from /opt/airflow/dags/etl_dag.py
[2025-11-13T05:26:56.079+0000] {processor.py:840} INFO - DAG(s) 'simple_etl_lineage' retrieved from /opt/airflow/dags/etl_dag.py
[2025-11-13T05:26:56.150+0000] {logging_mixin.py:188} INFO - [2025-11-13T05:26:56.150+0000] {dag.py:3036} INFO - Sync 1 DAGs
[2025-11-13T05:26:56.176+0000] {logging_mixin.py:188} INFO - [2025-11-13T05:26:56.176+0000] {dag.py:3823} INFO - Setting next_dagrun for simple_etl_lineage to None, run_after=None
[2025-11-13T05:26:56.224+0000] {processor.py:183} INFO - Processing /opt/airflow/dags/etl_dag.py took 0.206 seconds
[2025-11-13T05:27:26.663+0000] {processor.py:161} INFO - Started process (PID=7490) to work on /opt/airflow/dags/etl_dag.py
[2025-11-13T05:27:26.665+0000] {processor.py:830} INFO - Processing file /opt/airflow/dags/etl_dag.py for tasks to queue
[2025-11-13T05:27:26.667+0000] {logging_mixin.py:188} INFO - [2025-11-13T05:27:26.666+0000] {dagbag.py:538} INFO - Filling up the DagBag from /opt/airflow/dags/etl_dag.py
[2025-11-13T05:27:26.702+0000] {processor.py:840} INFO - DAG(s) 'simple_etl_lineage' retrieved from /opt/airflow/dags/etl_dag.py
[2025-11-13T05:27:26.770+0000] {logging_mixin.py:188} INFO - [2025-11-13T05:27:26.770+0000] {dag.py:3036} INFO - Sync 1 DAGs
[2025-11-13T05:27:26.794+0000] {logging_mixin.py:188} INFO - [2025-11-13T05:27:26.793+0000] {dag.py:3823} INFO - Setting next_dagrun for simple_etl_lineage to None, run_after=None
[2025-11-13T05:27:26.850+0000] {processor.py:183} INFO - Processing /opt/airflow/dags/etl_dag.py took 0.193 seconds
[2025-11-13T05:27:57.410+0000] {processor.py:161} INFO - Started process (PID=7505) to work on /opt/airflow/dags/etl_dag.py
[2025-11-13T05:27:57.413+0000] {processor.py:830} INFO - Processing file /opt/airflow/dags/etl_dag.py for tasks to queue
[2025-11-13T05:27:57.415+0000] {logging_mixin.py:188} INFO - [2025-11-13T05:27:57.415+0000] {dagbag.py:538} INFO - Filling up the DagBag from /opt/airflow/dags/etl_dag.py
[2025-11-13T05:27:57.447+0000] {processor.py:840} INFO - DAG(s) 'simple_etl_lineage' retrieved from /opt/airflow/dags/etl_dag.py
[2025-11-13T05:27:57.510+0000] {logging_mixin.py:188} INFO - [2025-11-13T05:27:57.509+0000] {dag.py:3036} INFO - Sync 1 DAGs
[2025-11-13T05:27:57.534+0000] {logging_mixin.py:188} INFO - [2025-11-13T05:27:57.534+0000] {dag.py:3823} INFO - Setting next_dagrun for simple_etl_lineage to None, run_after=None
[2025-11-13T05:27:57.568+0000] {processor.py:183} INFO - Processing /opt/airflow/dags/etl_dag.py took 0.163 seconds
[2025-11-13T05:28:28.014+0000] {processor.py:161} INFO - Started process (PID=7520) to work on /opt/airflow/dags/etl_dag.py
[2025-11-13T05:28:28.016+0000] {processor.py:830} INFO - Processing file /opt/airflow/dags/etl_dag.py for tasks to queue
[2025-11-13T05:28:28.018+0000] {logging_mixin.py:188} INFO - [2025-11-13T05:28:28.017+0000] {dagbag.py:538} INFO - Filling up the DagBag from /opt/airflow/dags/etl_dag.py
[2025-11-13T05:28:28.111+0000] {processor.py:840} INFO - DAG(s) 'simple_etl_lineage' retrieved from /opt/airflow/dags/etl_dag.py
[2025-11-13T05:28:28.183+0000] {logging_mixin.py:188} INFO - [2025-11-13T05:28:28.183+0000] {dag.py:3036} INFO - Sync 1 DAGs
[2025-11-13T05:28:28.221+0000] {logging_mixin.py:188} INFO - [2025-11-13T05:28:28.220+0000] {dag.py:3823} INFO - Setting next_dagrun for simple_etl_lineage to None, run_after=None
[2025-11-13T05:28:28.328+0000] {processor.py:183} INFO - Processing /opt/airflow/dags/etl_dag.py took 0.319 seconds
[2025-11-13T05:28:58.771+0000] {processor.py:161} INFO - Started process (PID=7535) to work on /opt/airflow/dags/etl_dag.py
[2025-11-13T05:28:58.776+0000] {processor.py:830} INFO - Processing file /opt/airflow/dags/etl_dag.py for tasks to queue
[2025-11-13T05:28:58.778+0000] {logging_mixin.py:188} INFO - [2025-11-13T05:28:58.778+0000] {dagbag.py:538} INFO - Filling up the DagBag from /opt/airflow/dags/etl_dag.py
[2025-11-13T05:28:58.813+0000] {processor.py:840} INFO - DAG(s) 'simple_etl_lineage' retrieved from /opt/airflow/dags/etl_dag.py
[2025-11-13T05:28:58.920+0000] {logging_mixin.py:188} INFO - [2025-11-13T05:28:58.919+0000] {dag.py:3036} INFO - Sync 1 DAGs
[2025-11-13T05:28:58.966+0000] {logging_mixin.py:188} INFO - [2025-11-13T05:28:58.963+0000] {dag.py:3823} INFO - Setting next_dagrun for simple_etl_lineage to None, run_after=None
[2025-11-13T05:28:59.025+0000] {processor.py:183} INFO - Processing /opt/airflow/dags/etl_dag.py took 0.258 seconds
[2025-11-13T05:29:29.507+0000] {processor.py:161} INFO - Started process (PID=7550) to work on /opt/airflow/dags/etl_dag.py
[2025-11-13T05:29:29.509+0000] {processor.py:830} INFO - Processing file /opt/airflow/dags/etl_dag.py for tasks to queue
[2025-11-13T05:29:29.512+0000] {logging_mixin.py:188} INFO - [2025-11-13T05:29:29.511+0000] {dagbag.py:538} INFO - Filling up the DagBag from /opt/airflow/dags/etl_dag.py
[2025-11-13T05:29:29.539+0000] {processor.py:840} INFO - DAG(s) 'simple_etl_lineage' retrieved from /opt/airflow/dags/etl_dag.py
[2025-11-13T05:29:29.586+0000] {logging_mixin.py:188} INFO - [2025-11-13T05:29:29.585+0000] {dag.py:3036} INFO - Sync 1 DAGs
[2025-11-13T05:29:29.614+0000] {logging_mixin.py:188} INFO - [2025-11-13T05:29:29.614+0000] {dag.py:3823} INFO - Setting next_dagrun for simple_etl_lineage to None, run_after=None
[2025-11-13T05:29:29.667+0000] {processor.py:183} INFO - Processing /opt/airflow/dags/etl_dag.py took 0.165 seconds
[2025-11-13T05:30:00.006+0000] {processor.py:161} INFO - Started process (PID=7565) to work on /opt/airflow/dags/etl_dag.py
[2025-11-13T05:30:00.007+0000] {processor.py:830} INFO - Processing file /opt/airflow/dags/etl_dag.py for tasks to queue
[2025-11-13T05:30:00.008+0000] {logging_mixin.py:188} INFO - [2025-11-13T05:30:00.008+0000] {dagbag.py:538} INFO - Filling up the DagBag from /opt/airflow/dags/etl_dag.py
[2025-11-13T05:30:00.065+0000] {processor.py:840} INFO - DAG(s) 'simple_etl_lineage' retrieved from /opt/airflow/dags/etl_dag.py
[2025-11-13T05:30:00.140+0000] {logging_mixin.py:188} INFO - [2025-11-13T05:30:00.139+0000] {dag.py:3036} INFO - Sync 1 DAGs
[2025-11-13T05:30:00.169+0000] {logging_mixin.py:188} INFO - [2025-11-13T05:30:00.169+0000] {dag.py:3823} INFO - Setting next_dagrun for simple_etl_lineage to None, run_after=None
[2025-11-13T05:30:00.225+0000] {processor.py:183} INFO - Processing /opt/airflow/dags/etl_dag.py took 0.224 seconds
[2025-11-13T05:30:30.753+0000] {processor.py:161} INFO - Started process (PID=7580) to work on /opt/airflow/dags/etl_dag.py
[2025-11-13T05:30:30.754+0000] {processor.py:830} INFO - Processing file /opt/airflow/dags/etl_dag.py for tasks to queue
[2025-11-13T05:30:30.756+0000] {logging_mixin.py:188} INFO - [2025-11-13T05:30:30.756+0000] {dagbag.py:538} INFO - Filling up the DagBag from /opt/airflow/dags/etl_dag.py
[2025-11-13T05:30:30.784+0000] {processor.py:840} INFO - DAG(s) 'simple_etl_lineage' retrieved from /opt/airflow/dags/etl_dag.py
[2025-11-13T05:30:30.832+0000] {logging_mixin.py:188} INFO - [2025-11-13T05:30:30.832+0000] {dag.py:3036} INFO - Sync 1 DAGs
[2025-11-13T05:30:30.850+0000] {logging_mixin.py:188} INFO - [2025-11-13T05:30:30.849+0000] {dag.py:3823} INFO - Setting next_dagrun for simple_etl_lineage to None, run_after=None
[2025-11-13T05:30:30.899+0000] {processor.py:183} INFO - Processing /opt/airflow/dags/etl_dag.py took 0.150 seconds
[2025-11-13T05:31:03.970+0000] {processor.py:161} INFO - Started process (PID=7597) to work on /opt/airflow/dags/etl_dag.py
[2025-11-13T05:31:03.982+0000] {processor.py:830} INFO - Processing file /opt/airflow/dags/etl_dag.py for tasks to queue
[2025-11-13T05:31:03.987+0000] {logging_mixin.py:188} INFO - [2025-11-13T05:31:03.986+0000] {dagbag.py:538} INFO - Filling up the DagBag from /opt/airflow/dags/etl_dag.py
[2025-11-13T05:31:04.034+0000] {processor.py:840} INFO - DAG(s) 'simple_etl_lineage' retrieved from /opt/airflow/dags/etl_dag.py
[2025-11-13T05:31:04.126+0000] {logging_mixin.py:188} INFO - [2025-11-13T05:31:04.126+0000] {dag.py:3036} INFO - Sync 1 DAGs
[2025-11-13T05:31:04.165+0000] {logging_mixin.py:188} INFO - [2025-11-13T05:31:04.165+0000] {dag.py:3823} INFO - Setting next_dagrun for simple_etl_lineage to None, run_after=None
[2025-11-13T05:31:04.240+0000] {processor.py:183} INFO - Processing /opt/airflow/dags/etl_dag.py took 0.278 seconds
[2025-11-13T05:31:35.073+0000] {processor.py:161} INFO - Started process (PID=7612) to work on /opt/airflow/dags/etl_dag.py
[2025-11-13T05:31:35.075+0000] {processor.py:830} INFO - Processing file /opt/airflow/dags/etl_dag.py for tasks to queue
[2025-11-13T05:31:35.077+0000] {logging_mixin.py:188} INFO - [2025-11-13T05:31:35.076+0000] {dagbag.py:538} INFO - Filling up the DagBag from /opt/airflow/dags/etl_dag.py
[2025-11-13T05:31:35.103+0000] {processor.py:840} INFO - DAG(s) 'simple_etl_lineage' retrieved from /opt/airflow/dags/etl_dag.py
[2025-11-13T05:31:35.144+0000] {logging_mixin.py:188} INFO - [2025-11-13T05:31:35.144+0000] {dag.py:3036} INFO - Sync 1 DAGs
[2025-11-13T05:31:35.174+0000] {logging_mixin.py:188} INFO - [2025-11-13T05:31:35.173+0000] {dag.py:3823} INFO - Setting next_dagrun for simple_etl_lineage to None, run_after=None
[2025-11-13T05:31:35.204+0000] {processor.py:183} INFO - Processing /opt/airflow/dags/etl_dag.py took 0.135 seconds
[2025-11-13T05:32:05.266+0000] {processor.py:161} INFO - Started process (PID=7627) to work on /opt/airflow/dags/etl_dag.py
[2025-11-13T05:32:05.268+0000] {processor.py:830} INFO - Processing file /opt/airflow/dags/etl_dag.py for tasks to queue
[2025-11-13T05:32:05.270+0000] {logging_mixin.py:188} INFO - [2025-11-13T05:32:05.269+0000] {dagbag.py:538} INFO - Filling up the DagBag from /opt/airflow/dags/etl_dag.py
[2025-11-13T05:32:05.302+0000] {processor.py:840} INFO - DAG(s) 'simple_etl_lineage' retrieved from /opt/airflow/dags/etl_dag.py
[2025-11-13T05:32:05.375+0000] {logging_mixin.py:188} INFO - [2025-11-13T05:32:05.368+0000] {dag.py:3036} INFO - Sync 1 DAGs
[2025-11-13T05:32:05.392+0000] {logging_mixin.py:188} INFO - [2025-11-13T05:32:05.391+0000] {dag.py:3823} INFO - Setting next_dagrun for simple_etl_lineage to None, run_after=None
[2025-11-13T05:32:05.527+0000] {processor.py:183} INFO - Processing /opt/airflow/dags/etl_dag.py took 0.266 seconds
[2025-11-13T05:32:36.187+0000] {processor.py:161} INFO - Started process (PID=7642) to work on /opt/airflow/dags/etl_dag.py
[2025-11-13T05:32:36.189+0000] {processor.py:830} INFO - Processing file /opt/airflow/dags/etl_dag.py for tasks to queue
[2025-11-13T05:32:36.191+0000] {logging_mixin.py:188} INFO - [2025-11-13T05:32:36.190+0000] {dagbag.py:538} INFO - Filling up the DagBag from /opt/airflow/dags/etl_dag.py
[2025-11-13T05:32:36.214+0000] {processor.py:840} INFO - DAG(s) 'simple_etl_lineage' retrieved from /opt/airflow/dags/etl_dag.py
[2025-11-13T05:32:36.271+0000] {logging_mixin.py:188} INFO - [2025-11-13T05:32:36.270+0000] {dag.py:3036} INFO - Sync 1 DAGs
[2025-11-13T05:32:36.284+0000] {logging_mixin.py:188} INFO - [2025-11-13T05:32:36.284+0000] {dag.py:3823} INFO - Setting next_dagrun for simple_etl_lineage to None, run_after=None
[2025-11-13T05:32:36.361+0000] {processor.py:183} INFO - Processing /opt/airflow/dags/etl_dag.py took 0.178 seconds
[2025-11-13T05:33:07.826+0000] {processor.py:161} INFO - Started process (PID=7657) to work on /opt/airflow/dags/etl_dag.py
[2025-11-13T05:33:07.833+0000] {processor.py:830} INFO - Processing file /opt/airflow/dags/etl_dag.py for tasks to queue
[2025-11-13T05:33:07.847+0000] {logging_mixin.py:188} INFO - [2025-11-13T05:33:07.847+0000] {dagbag.py:538} INFO - Filling up the DagBag from /opt/airflow/dags/etl_dag.py
[2025-11-13T05:33:08.549+0000] {processor.py:840} INFO - DAG(s) 'simple_etl_lineage' retrieved from /opt/airflow/dags/etl_dag.py
[2025-11-13T05:33:08.695+0000] {logging_mixin.py:188} INFO - [2025-11-13T05:33:08.695+0000] {dag.py:3036} INFO - Sync 1 DAGs
[2025-11-13T05:33:08.762+0000] {logging_mixin.py:188} INFO - [2025-11-13T05:33:08.762+0000] {dag.py:3823} INFO - Setting next_dagrun for simple_etl_lineage to None, run_after=None
[2025-11-13T05:33:09.738+0000] {processor.py:183} INFO - Processing /opt/airflow/dags/etl_dag.py took 1.918 seconds
[2025-11-13T05:33:40.567+0000] {processor.py:161} INFO - Started process (PID=7672) to work on /opt/airflow/dags/etl_dag.py
[2025-11-13T05:33:40.568+0000] {processor.py:830} INFO - Processing file /opt/airflow/dags/etl_dag.py for tasks to queue
[2025-11-13T05:33:40.569+0000] {logging_mixin.py:188} INFO - [2025-11-13T05:33:40.569+0000] {dagbag.py:538} INFO - Filling up the DagBag from /opt/airflow/dags/etl_dag.py
[2025-11-13T05:33:40.626+0000] {processor.py:840} INFO - DAG(s) 'simple_etl_lineage' retrieved from /opt/airflow/dags/etl_dag.py
[2025-11-13T05:33:40.656+0000] {logging_mixin.py:188} INFO - [2025-11-13T05:33:40.656+0000] {dag.py:3036} INFO - Sync 1 DAGs
[2025-11-13T05:33:40.675+0000] {logging_mixin.py:188} INFO - [2025-11-13T05:33:40.675+0000] {dag.py:3823} INFO - Setting next_dagrun for simple_etl_lineage to None, run_after=None
[2025-11-13T05:33:40.698+0000] {processor.py:183} INFO - Processing /opt/airflow/dags/etl_dag.py took 0.134 seconds
[2025-11-13T05:34:11.078+0000] {processor.py:161} INFO - Started process (PID=7687) to work on /opt/airflow/dags/etl_dag.py
[2025-11-13T05:34:11.080+0000] {processor.py:830} INFO - Processing file /opt/airflow/dags/etl_dag.py for tasks to queue
[2025-11-13T05:34:11.081+0000] {logging_mixin.py:188} INFO - [2025-11-13T05:34:11.080+0000] {dagbag.py:538} INFO - Filling up the DagBag from /opt/airflow/dags/etl_dag.py
[2025-11-13T05:34:11.101+0000] {processor.py:840} INFO - DAG(s) 'simple_etl_lineage' retrieved from /opt/airflow/dags/etl_dag.py
[2025-11-13T05:34:11.126+0000] {logging_mixin.py:188} INFO - [2025-11-13T05:34:11.126+0000] {dag.py:3036} INFO - Sync 1 DAGs
[2025-11-13T05:34:11.137+0000] {logging_mixin.py:188} INFO - [2025-11-13T05:34:11.137+0000] {dag.py:3823} INFO - Setting next_dagrun for simple_etl_lineage to None, run_after=None
[2025-11-13T05:34:11.163+0000] {processor.py:183} INFO - Processing /opt/airflow/dags/etl_dag.py took 0.087 seconds
[2025-11-13T05:34:41.653+0000] {processor.py:161} INFO - Started process (PID=7702) to work on /opt/airflow/dags/etl_dag.py
[2025-11-13T05:34:41.654+0000] {processor.py:830} INFO - Processing file /opt/airflow/dags/etl_dag.py for tasks to queue
[2025-11-13T05:34:41.655+0000] {logging_mixin.py:188} INFO - [2025-11-13T05:34:41.655+0000] {dagbag.py:538} INFO - Filling up the DagBag from /opt/airflow/dags/etl_dag.py
[2025-11-13T05:34:41.690+0000] {processor.py:840} INFO - DAG(s) 'simple_etl_lineage' retrieved from /opt/airflow/dags/etl_dag.py
[2025-11-13T05:34:41.715+0000] {logging_mixin.py:188} INFO - [2025-11-13T05:34:41.715+0000] {dag.py:3036} INFO - Sync 1 DAGs
[2025-11-13T05:34:41.725+0000] {logging_mixin.py:188} INFO - [2025-11-13T05:34:41.725+0000] {dag.py:3823} INFO - Setting next_dagrun for simple_etl_lineage to None, run_after=None
[2025-11-13T05:34:41.750+0000] {processor.py:183} INFO - Processing /opt/airflow/dags/etl_dag.py took 0.100 seconds
[2025-11-13T05:35:12.329+0000] {processor.py:161} INFO - Started process (PID=7717) to work on /opt/airflow/dags/etl_dag.py
[2025-11-13T05:35:12.330+0000] {processor.py:830} INFO - Processing file /opt/airflow/dags/etl_dag.py for tasks to queue
[2025-11-13T05:35:12.332+0000] {logging_mixin.py:188} INFO - [2025-11-13T05:35:12.331+0000] {dagbag.py:538} INFO - Filling up the DagBag from /opt/airflow/dags/etl_dag.py
[2025-11-13T05:35:12.355+0000] {processor.py:840} INFO - DAG(s) 'simple_etl_lineage' retrieved from /opt/airflow/dags/etl_dag.py
[2025-11-13T05:35:12.380+0000] {logging_mixin.py:188} INFO - [2025-11-13T05:35:12.379+0000] {dag.py:3036} INFO - Sync 1 DAGs
[2025-11-13T05:35:12.390+0000] {logging_mixin.py:188} INFO - [2025-11-13T05:35:12.390+0000] {dag.py:3823} INFO - Setting next_dagrun for simple_etl_lineage to None, run_after=None
[2025-11-13T05:35:12.412+0000] {processor.py:183} INFO - Processing /opt/airflow/dags/etl_dag.py took 0.086 seconds
[2025-11-13T05:35:42.824+0000] {processor.py:161} INFO - Started process (PID=7732) to work on /opt/airflow/dags/etl_dag.py
[2025-11-13T05:35:42.826+0000] {processor.py:830} INFO - Processing file /opt/airflow/dags/etl_dag.py for tasks to queue
[2025-11-13T05:35:42.827+0000] {logging_mixin.py:188} INFO - [2025-11-13T05:35:42.827+0000] {dagbag.py:538} INFO - Filling up the DagBag from /opt/airflow/dags/etl_dag.py
[2025-11-13T05:35:42.848+0000] {processor.py:840} INFO - DAG(s) 'simple_etl_lineage' retrieved from /opt/airflow/dags/etl_dag.py
[2025-11-13T05:35:42.872+0000] {logging_mixin.py:188} INFO - [2025-11-13T05:35:42.872+0000] {dag.py:3036} INFO - Sync 1 DAGs
[2025-11-13T05:35:42.884+0000] {logging_mixin.py:188} INFO - [2025-11-13T05:35:42.883+0000] {dag.py:3823} INFO - Setting next_dagrun for simple_etl_lineage to None, run_after=None
[2025-11-13T05:35:42.905+0000] {processor.py:183} INFO - Processing /opt/airflow/dags/etl_dag.py took 0.083 seconds
[2025-11-13T05:36:13.282+0000] {processor.py:161} INFO - Started process (PID=7747) to work on /opt/airflow/dags/etl_dag.py
[2025-11-13T05:36:13.283+0000] {processor.py:830} INFO - Processing file /opt/airflow/dags/etl_dag.py for tasks to queue
[2025-11-13T05:36:13.284+0000] {logging_mixin.py:188} INFO - [2025-11-13T05:36:13.284+0000] {dagbag.py:538} INFO - Filling up the DagBag from /opt/airflow/dags/etl_dag.py
[2025-11-13T05:36:13.308+0000] {processor.py:840} INFO - DAG(s) 'simple_etl_lineage' retrieved from /opt/airflow/dags/etl_dag.py
[2025-11-13T05:36:13.334+0000] {logging_mixin.py:188} INFO - [2025-11-13T05:36:13.334+0000] {dag.py:3036} INFO - Sync 1 DAGs
[2025-11-13T05:36:13.344+0000] {logging_mixin.py:188} INFO - [2025-11-13T05:36:13.344+0000] {dag.py:3823} INFO - Setting next_dagrun for simple_etl_lineage to None, run_after=None
[2025-11-13T05:36:13.367+0000] {processor.py:183} INFO - Processing /opt/airflow/dags/etl_dag.py took 0.088 seconds
[2025-11-13T05:36:43.645+0000] {processor.py:161} INFO - Started process (PID=7762) to work on /opt/airflow/dags/etl_dag.py
[2025-11-13T05:36:43.646+0000] {processor.py:830} INFO - Processing file /opt/airflow/dags/etl_dag.py for tasks to queue
[2025-11-13T05:36:43.647+0000] {logging_mixin.py:188} INFO - [2025-11-13T05:36:43.647+0000] {dagbag.py:538} INFO - Filling up the DagBag from /opt/airflow/dags/etl_dag.py
[2025-11-13T05:36:43.663+0000] {processor.py:840} INFO - DAG(s) 'simple_etl_lineage' retrieved from /opt/airflow/dags/etl_dag.py
[2025-11-13T05:36:43.688+0000] {logging_mixin.py:188} INFO - [2025-11-13T05:36:43.688+0000] {dag.py:3036} INFO - Sync 1 DAGs
[2025-11-13T05:36:43.701+0000] {logging_mixin.py:188} INFO - [2025-11-13T05:36:43.701+0000] {dag.py:3823} INFO - Setting next_dagrun for simple_etl_lineage to None, run_after=None
[2025-11-13T05:36:43.723+0000] {processor.py:183} INFO - Processing /opt/airflow/dags/etl_dag.py took 0.081 seconds
[2025-11-13T05:37:14.082+0000] {processor.py:161} INFO - Started process (PID=7777) to work on /opt/airflow/dags/etl_dag.py
[2025-11-13T05:37:14.084+0000] {processor.py:830} INFO - Processing file /opt/airflow/dags/etl_dag.py for tasks to queue
[2025-11-13T05:37:14.086+0000] {logging_mixin.py:188} INFO - [2025-11-13T05:37:14.085+0000] {dagbag.py:538} INFO - Filling up the DagBag from /opt/airflow/dags/etl_dag.py
[2025-11-13T05:37:14.104+0000] {processor.py:840} INFO - DAG(s) 'simple_etl_lineage' retrieved from /opt/airflow/dags/etl_dag.py
[2025-11-13T05:37:14.142+0000] {logging_mixin.py:188} INFO - [2025-11-13T05:37:14.141+0000] {dag.py:3036} INFO - Sync 1 DAGs
[2025-11-13T05:37:14.156+0000] {logging_mixin.py:188} INFO - [2025-11-13T05:37:14.155+0000] {dag.py:3823} INFO - Setting next_dagrun for simple_etl_lineage to None, run_after=None
[2025-11-13T05:37:14.196+0000] {processor.py:183} INFO - Processing /opt/airflow/dags/etl_dag.py took 0.117 seconds
[2025-11-13T05:37:44.566+0000] {processor.py:161} INFO - Started process (PID=7792) to work on /opt/airflow/dags/etl_dag.py
[2025-11-13T05:37:44.568+0000] {processor.py:830} INFO - Processing file /opt/airflow/dags/etl_dag.py for tasks to queue
[2025-11-13T05:37:44.572+0000] {logging_mixin.py:188} INFO - [2025-11-13T05:37:44.571+0000] {dagbag.py:538} INFO - Filling up the DagBag from /opt/airflow/dags/etl_dag.py
[2025-11-13T05:37:44.599+0000] {processor.py:840} INFO - DAG(s) 'simple_etl_lineage' retrieved from /opt/airflow/dags/etl_dag.py
[2025-11-13T05:37:44.634+0000] {logging_mixin.py:188} INFO - [2025-11-13T05:37:44.633+0000] {dag.py:3036} INFO - Sync 1 DAGs
[2025-11-13T05:37:44.647+0000] {logging_mixin.py:188} INFO - [2025-11-13T05:37:44.647+0000] {dag.py:3823} INFO - Setting next_dagrun for simple_etl_lineage to None, run_after=None
[2025-11-13T05:37:44.672+0000] {processor.py:183} INFO - Processing /opt/airflow/dags/etl_dag.py took 0.109 seconds
[2025-11-13T05:38:15.588+0000] {processor.py:161} INFO - Started process (PID=7807) to work on /opt/airflow/dags/etl_dag.py
[2025-11-13T05:38:15.591+0000] {processor.py:830} INFO - Processing file /opt/airflow/dags/etl_dag.py for tasks to queue
[2025-11-13T05:38:15.593+0000] {logging_mixin.py:188} INFO - [2025-11-13T05:38:15.593+0000] {dagbag.py:538} INFO - Filling up the DagBag from /opt/airflow/dags/etl_dag.py
[2025-11-13T05:38:15.615+0000] {processor.py:840} INFO - DAG(s) 'simple_etl_lineage' retrieved from /opt/airflow/dags/etl_dag.py
[2025-11-13T05:38:15.656+0000] {logging_mixin.py:188} INFO - [2025-11-13T05:38:15.655+0000] {dag.py:3036} INFO - Sync 1 DAGs
[2025-11-13T05:38:15.670+0000] {logging_mixin.py:188} INFO - [2025-11-13T05:38:15.670+0000] {dag.py:3823} INFO - Setting next_dagrun for simple_etl_lineage to None, run_after=None
[2025-11-13T05:38:15.694+0000] {processor.py:183} INFO - Processing /opt/airflow/dags/etl_dag.py took 0.111 seconds
[2025-11-13T05:38:46.251+0000] {processor.py:161} INFO - Started process (PID=7822) to work on /opt/airflow/dags/etl_dag.py
[2025-11-13T05:38:46.253+0000] {processor.py:830} INFO - Processing file /opt/airflow/dags/etl_dag.py for tasks to queue
[2025-11-13T05:38:46.254+0000] {logging_mixin.py:188} INFO - [2025-11-13T05:38:46.254+0000] {dagbag.py:538} INFO - Filling up the DagBag from /opt/airflow/dags/etl_dag.py
[2025-11-13T05:38:46.278+0000] {processor.py:840} INFO - DAG(s) 'simple_etl_lineage' retrieved from /opt/airflow/dags/etl_dag.py
[2025-11-13T05:38:46.305+0000] {logging_mixin.py:188} INFO - [2025-11-13T05:38:46.305+0000] {dag.py:3036} INFO - Sync 1 DAGs
[2025-11-13T05:38:46.318+0000] {logging_mixin.py:188} INFO - [2025-11-13T05:38:46.318+0000] {dag.py:3823} INFO - Setting next_dagrun for simple_etl_lineage to None, run_after=None
[2025-11-13T05:38:46.340+0000] {processor.py:183} INFO - Processing /opt/airflow/dags/etl_dag.py took 0.093 seconds
[2025-11-13T05:39:16.800+0000] {processor.py:161} INFO - Started process (PID=7837) to work on /opt/airflow/dags/etl_dag.py
[2025-11-13T05:39:16.802+0000] {processor.py:830} INFO - Processing file /opt/airflow/dags/etl_dag.py for tasks to queue
[2025-11-13T05:39:16.804+0000] {logging_mixin.py:188} INFO - [2025-11-13T05:39:16.803+0000] {dagbag.py:538} INFO - Filling up the DagBag from /opt/airflow/dags/etl_dag.py
[2025-11-13T05:39:16.822+0000] {processor.py:840} INFO - DAG(s) 'simple_etl_lineage' retrieved from /opt/airflow/dags/etl_dag.py
[2025-11-13T05:39:16.854+0000] {logging_mixin.py:188} INFO - [2025-11-13T05:39:16.853+0000] {dag.py:3036} INFO - Sync 1 DAGs
[2025-11-13T05:39:16.868+0000] {logging_mixin.py:188} INFO - [2025-11-13T05:39:16.867+0000] {dag.py:3823} INFO - Setting next_dagrun for simple_etl_lineage to None, run_after=None
[2025-11-13T05:39:16.891+0000] {processor.py:183} INFO - Processing /opt/airflow/dags/etl_dag.py took 0.095 seconds
[2025-11-13T05:39:47.353+0000] {processor.py:161} INFO - Started process (PID=7852) to work on /opt/airflow/dags/etl_dag.py
[2025-11-13T05:39:47.355+0000] {processor.py:830} INFO - Processing file /opt/airflow/dags/etl_dag.py for tasks to queue
[2025-11-13T05:39:47.356+0000] {logging_mixin.py:188} INFO - [2025-11-13T05:39:47.355+0000] {dagbag.py:538} INFO - Filling up the DagBag from /opt/airflow/dags/etl_dag.py
[2025-11-13T05:39:47.381+0000] {processor.py:840} INFO - DAG(s) 'simple_etl_lineage' retrieved from /opt/airflow/dags/etl_dag.py
[2025-11-13T05:39:47.416+0000] {logging_mixin.py:188} INFO - [2025-11-13T05:39:47.416+0000] {dag.py:3036} INFO - Sync 1 DAGs
[2025-11-13T05:39:47.433+0000] {logging_mixin.py:188} INFO - [2025-11-13T05:39:47.433+0000] {dag.py:3823} INFO - Setting next_dagrun for simple_etl_lineage to None, run_after=None
[2025-11-13T05:39:47.462+0000] {processor.py:183} INFO - Processing /opt/airflow/dags/etl_dag.py took 0.112 seconds
[2025-11-13T05:40:17.948+0000] {processor.py:161} INFO - Started process (PID=7867) to work on /opt/airflow/dags/etl_dag.py
[2025-11-13T05:40:17.959+0000] {processor.py:830} INFO - Processing file /opt/airflow/dags/etl_dag.py for tasks to queue
[2025-11-13T05:40:17.965+0000] {logging_mixin.py:188} INFO - [2025-11-13T05:40:17.965+0000] {dagbag.py:538} INFO - Filling up the DagBag from /opt/airflow/dags/etl_dag.py
[2025-11-13T05:40:18.005+0000] {processor.py:840} INFO - DAG(s) 'simple_etl_lineage' retrieved from /opt/airflow/dags/etl_dag.py
[2025-11-13T05:40:18.098+0000] {logging_mixin.py:188} INFO - [2025-11-13T05:40:18.097+0000] {dag.py:3036} INFO - Sync 1 DAGs
[2025-11-13T05:40:18.125+0000] {logging_mixin.py:188} INFO - [2025-11-13T05:40:18.125+0000] {dag.py:3823} INFO - Setting next_dagrun for simple_etl_lineage to None, run_after=None
[2025-11-13T05:40:18.198+0000] {processor.py:183} INFO - Processing /opt/airflow/dags/etl_dag.py took 0.260 seconds
[2025-11-13T05:40:48.760+0000] {processor.py:161} INFO - Started process (PID=7882) to work on /opt/airflow/dags/etl_dag.py
[2025-11-13T05:40:48.764+0000] {processor.py:830} INFO - Processing file /opt/airflow/dags/etl_dag.py for tasks to queue
[2025-11-13T05:40:48.765+0000] {logging_mixin.py:188} INFO - [2025-11-13T05:40:48.765+0000] {dagbag.py:538} INFO - Filling up the DagBag from /opt/airflow/dags/etl_dag.py
[2025-11-13T05:40:48.794+0000] {processor.py:840} INFO - DAG(s) 'simple_etl_lineage' retrieved from /opt/airflow/dags/etl_dag.py
[2025-11-13T05:40:48.832+0000] {logging_mixin.py:188} INFO - [2025-11-13T05:40:48.831+0000] {dag.py:3036} INFO - Sync 1 DAGs
[2025-11-13T05:40:48.849+0000] {logging_mixin.py:188} INFO - [2025-11-13T05:40:48.849+0000] {dag.py:3823} INFO - Setting next_dagrun for simple_etl_lineage to None, run_after=None
[2025-11-13T05:40:48.881+0000] {processor.py:183} INFO - Processing /opt/airflow/dags/etl_dag.py took 0.126 seconds
[2025-11-13T05:41:19.348+0000] {processor.py:161} INFO - Started process (PID=7897) to work on /opt/airflow/dags/etl_dag.py
[2025-11-13T05:41:19.351+0000] {processor.py:830} INFO - Processing file /opt/airflow/dags/etl_dag.py for tasks to queue
[2025-11-13T05:41:19.353+0000] {logging_mixin.py:188} INFO - [2025-11-13T05:41:19.352+0000] {dagbag.py:538} INFO - Filling up the DagBag from /opt/airflow/dags/etl_dag.py
[2025-11-13T05:41:19.401+0000] {processor.py:840} INFO - DAG(s) 'simple_etl_lineage' retrieved from /opt/airflow/dags/etl_dag.py
[2025-11-13T05:41:19.468+0000] {logging_mixin.py:188} INFO - [2025-11-13T05:41:19.468+0000] {dag.py:3036} INFO - Sync 1 DAGs
[2025-11-13T05:41:19.496+0000] {logging_mixin.py:188} INFO - [2025-11-13T05:41:19.496+0000] {dag.py:3823} INFO - Setting next_dagrun for simple_etl_lineage to None, run_after=None
[2025-11-13T05:41:19.544+0000] {processor.py:183} INFO - Processing /opt/airflow/dags/etl_dag.py took 0.202 seconds
[2025-11-13T05:41:49.696+0000] {processor.py:161} INFO - Started process (PID=7912) to work on /opt/airflow/dags/etl_dag.py
[2025-11-13T05:41:49.698+0000] {processor.py:830} INFO - Processing file /opt/airflow/dags/etl_dag.py for tasks to queue
[2025-11-13T05:41:49.700+0000] {logging_mixin.py:188} INFO - [2025-11-13T05:41:49.699+0000] {dagbag.py:538} INFO - Filling up the DagBag from /opt/airflow/dags/etl_dag.py
[2025-11-13T05:41:49.729+0000] {processor.py:840} INFO - DAG(s) 'simple_etl_lineage' retrieved from /opt/airflow/dags/etl_dag.py
[2025-11-13T05:41:49.770+0000] {logging_mixin.py:188} INFO - [2025-11-13T05:41:49.768+0000] {dag.py:3036} INFO - Sync 1 DAGs
[2025-11-13T05:41:49.790+0000] {logging_mixin.py:188} INFO - [2025-11-13T05:41:49.790+0000] {dag.py:3823} INFO - Setting next_dagrun for simple_etl_lineage to None, run_after=None
[2025-11-13T05:41:49.824+0000] {processor.py:183} INFO - Processing /opt/airflow/dags/etl_dag.py took 0.131 seconds
[2025-11-13T05:42:20.271+0000] {processor.py:161} INFO - Started process (PID=7927) to work on /opt/airflow/dags/etl_dag.py
[2025-11-13T05:42:20.272+0000] {processor.py:830} INFO - Processing file /opt/airflow/dags/etl_dag.py for tasks to queue
[2025-11-13T05:42:20.274+0000] {logging_mixin.py:188} INFO - [2025-11-13T05:42:20.273+0000] {dagbag.py:538} INFO - Filling up the DagBag from /opt/airflow/dags/etl_dag.py
[2025-11-13T05:42:20.319+0000] {processor.py:840} INFO - DAG(s) 'simple_etl_lineage' retrieved from /opt/airflow/dags/etl_dag.py
[2025-11-13T05:42:20.372+0000] {logging_mixin.py:188} INFO - [2025-11-13T05:42:20.371+0000] {dag.py:3036} INFO - Sync 1 DAGs
[2025-11-13T05:42:20.396+0000] {logging_mixin.py:188} INFO - [2025-11-13T05:42:20.396+0000] {dag.py:3823} INFO - Setting next_dagrun for simple_etl_lineage to None, run_after=None
[2025-11-13T05:42:20.457+0000] {processor.py:183} INFO - Processing /opt/airflow/dags/etl_dag.py took 0.190 seconds
[2025-11-13T05:42:50.969+0000] {processor.py:161} INFO - Started process (PID=7942) to work on /opt/airflow/dags/etl_dag.py
[2025-11-13T05:42:50.972+0000] {processor.py:830} INFO - Processing file /opt/airflow/dags/etl_dag.py for tasks to queue
[2025-11-13T05:42:50.975+0000] {logging_mixin.py:188} INFO - [2025-11-13T05:42:50.974+0000] {dagbag.py:538} INFO - Filling up the DagBag from /opt/airflow/dags/etl_dag.py
[2025-11-13T05:42:51.031+0000] {processor.py:840} INFO - DAG(s) 'simple_etl_lineage' retrieved from /opt/airflow/dags/etl_dag.py
[2025-11-13T05:42:51.129+0000] {logging_mixin.py:188} INFO - [2025-11-13T05:42:51.129+0000] {dag.py:3036} INFO - Sync 1 DAGs
[2025-11-13T05:42:51.168+0000] {logging_mixin.py:188} INFO - [2025-11-13T05:42:51.168+0000] {dag.py:3823} INFO - Setting next_dagrun for simple_etl_lineage to None, run_after=None
[2025-11-13T05:42:51.249+0000] {processor.py:183} INFO - Processing /opt/airflow/dags/etl_dag.py took 0.290 seconds
[2025-11-13T05:43:22.319+0000] {processor.py:161} INFO - Started process (PID=7957) to work on /opt/airflow/dags/etl_dag.py
[2025-11-13T05:43:22.322+0000] {processor.py:830} INFO - Processing file /opt/airflow/dags/etl_dag.py for tasks to queue
[2025-11-13T05:43:22.327+0000] {logging_mixin.py:188} INFO - [2025-11-13T05:43:22.326+0000] {dagbag.py:538} INFO - Filling up the DagBag from /opt/airflow/dags/etl_dag.py
[2025-11-13T05:43:22.384+0000] {processor.py:840} INFO - DAG(s) 'simple_etl_lineage' retrieved from /opt/airflow/dags/etl_dag.py
[2025-11-13T05:43:22.451+0000] {logging_mixin.py:188} INFO - [2025-11-13T05:43:22.450+0000] {dag.py:3036} INFO - Sync 1 DAGs
[2025-11-13T05:43:22.482+0000] {logging_mixin.py:188} INFO - [2025-11-13T05:43:22.481+0000] {dag.py:3823} INFO - Setting next_dagrun for simple_etl_lineage to None, run_after=None
[2025-11-13T05:43:22.530+0000] {processor.py:183} INFO - Processing /opt/airflow/dags/etl_dag.py took 0.216 seconds
[2025-11-13T05:43:52.680+0000] {processor.py:161} INFO - Started process (PID=7972) to work on /opt/airflow/dags/etl_dag.py
[2025-11-13T05:43:52.682+0000] {processor.py:830} INFO - Processing file /opt/airflow/dags/etl_dag.py for tasks to queue
[2025-11-13T05:43:52.684+0000] {logging_mixin.py:188} INFO - [2025-11-13T05:43:52.684+0000] {dagbag.py:538} INFO - Filling up the DagBag from /opt/airflow/dags/etl_dag.py
[2025-11-13T05:43:52.717+0000] {processor.py:840} INFO - DAG(s) 'simple_etl_lineage' retrieved from /opt/airflow/dags/etl_dag.py
[2025-11-13T05:43:52.770+0000] {logging_mixin.py:188} INFO - [2025-11-13T05:43:52.770+0000] {dag.py:3036} INFO - Sync 1 DAGs
[2025-11-13T05:43:52.800+0000] {logging_mixin.py:188} INFO - [2025-11-13T05:43:52.799+0000] {dag.py:3823} INFO - Setting next_dagrun for simple_etl_lineage to None, run_after=None
[2025-11-13T05:43:53.028+0000] {processor.py:183} INFO - Processing /opt/airflow/dags/etl_dag.py took 0.353 seconds
[2025-11-13T05:44:23.388+0000] {processor.py:161} INFO - Started process (PID=7987) to work on /opt/airflow/dags/etl_dag.py
[2025-11-13T05:44:23.392+0000] {processor.py:830} INFO - Processing file /opt/airflow/dags/etl_dag.py for tasks to queue
[2025-11-13T05:44:23.761+0000] {logging_mixin.py:188} INFO - [2025-11-13T05:44:23.749+0000] {dagbag.py:538} INFO - Filling up the DagBag from /opt/airflow/dags/etl_dag.py
[2025-11-13T05:44:24.158+0000] {processor.py:840} INFO - DAG(s) 'simple_etl_lineage' retrieved from /opt/airflow/dags/etl_dag.py
[2025-11-13T05:44:24.330+0000] {logging_mixin.py:188} INFO - [2025-11-13T05:44:24.330+0000] {dag.py:3036} INFO - Sync 1 DAGs
[2025-11-13T05:44:24.356+0000] {logging_mixin.py:188} INFO - [2025-11-13T05:44:24.356+0000] {dag.py:3823} INFO - Setting next_dagrun for simple_etl_lineage to None, run_after=None
[2025-11-13T05:44:24.398+0000] {processor.py:183} INFO - Processing /opt/airflow/dags/etl_dag.py took 1.028 seconds
[2025-11-13T05:44:54.759+0000] {processor.py:161} INFO - Started process (PID=8002) to work on /opt/airflow/dags/etl_dag.py
[2025-11-13T05:44:54.761+0000] {processor.py:830} INFO - Processing file /opt/airflow/dags/etl_dag.py for tasks to queue
[2025-11-13T05:44:54.763+0000] {logging_mixin.py:188} INFO - [2025-11-13T05:44:54.762+0000] {dagbag.py:538} INFO - Filling up the DagBag from /opt/airflow/dags/etl_dag.py
[2025-11-13T05:44:54.826+0000] {processor.py:840} INFO - DAG(s) 'simple_etl_lineage' retrieved from /opt/airflow/dags/etl_dag.py
[2025-11-13T05:44:54.916+0000] {logging_mixin.py:188} INFO - [2025-11-13T05:44:54.914+0000] {dag.py:3036} INFO - Sync 1 DAGs
[2025-11-13T05:44:54.947+0000] {logging_mixin.py:188} INFO - [2025-11-13T05:44:54.947+0000] {dag.py:3823} INFO - Setting next_dagrun for simple_etl_lineage to None, run_after=None
[2025-11-13T05:44:55.001+0000] {processor.py:183} INFO - Processing /opt/airflow/dags/etl_dag.py took 0.247 seconds
[2025-11-13T05:45:25.149+0000] {processor.py:161} INFO - Started process (PID=8017) to work on /opt/airflow/dags/etl_dag.py
[2025-11-13T05:45:25.152+0000] {processor.py:830} INFO - Processing file /opt/airflow/dags/etl_dag.py for tasks to queue
[2025-11-13T05:45:25.154+0000] {logging_mixin.py:188} INFO - [2025-11-13T05:45:25.153+0000] {dagbag.py:538} INFO - Filling up the DagBag from /opt/airflow/dags/etl_dag.py
[2025-11-13T05:45:25.185+0000] {processor.py:840} INFO - DAG(s) 'simple_etl_lineage' retrieved from /opt/airflow/dags/etl_dag.py
[2025-11-13T05:45:25.237+0000] {logging_mixin.py:188} INFO - [2025-11-13T05:45:25.237+0000] {dag.py:3036} INFO - Sync 1 DAGs
[2025-11-13T05:45:25.254+0000] {logging_mixin.py:188} INFO - [2025-11-13T05:45:25.254+0000] {dag.py:3823} INFO - Setting next_dagrun for simple_etl_lineage to None, run_after=None
[2025-11-13T05:45:25.303+0000] {processor.py:183} INFO - Processing /opt/airflow/dags/etl_dag.py took 0.161 seconds
[2025-11-13T05:45:55.774+0000] {processor.py:161} INFO - Started process (PID=8032) to work on /opt/airflow/dags/etl_dag.py
[2025-11-13T05:45:55.776+0000] {processor.py:830} INFO - Processing file /opt/airflow/dags/etl_dag.py for tasks to queue
[2025-11-13T05:45:55.777+0000] {logging_mixin.py:188} INFO - [2025-11-13T05:45:55.777+0000] {dagbag.py:538} INFO - Filling up the DagBag from /opt/airflow/dags/etl_dag.py
[2025-11-13T05:45:55.803+0000] {processor.py:840} INFO - DAG(s) 'simple_etl_lineage' retrieved from /opt/airflow/dags/etl_dag.py
[2025-11-13T05:45:55.833+0000] {logging_mixin.py:188} INFO - [2025-11-13T05:45:55.833+0000] {dag.py:3036} INFO - Sync 1 DAGs
[2025-11-13T05:45:55.846+0000] {logging_mixin.py:188} INFO - [2025-11-13T05:45:55.846+0000] {dag.py:3823} INFO - Setting next_dagrun for simple_etl_lineage to None, run_after=None
[2025-11-13T05:45:55.871+0000] {processor.py:183} INFO - Processing /opt/airflow/dags/etl_dag.py took 0.099 seconds
[2025-11-13T05:46:26.389+0000] {processor.py:161} INFO - Started process (PID=8047) to work on /opt/airflow/dags/etl_dag.py
[2025-11-13T05:46:26.391+0000] {processor.py:830} INFO - Processing file /opt/airflow/dags/etl_dag.py for tasks to queue
[2025-11-13T05:46:26.392+0000] {logging_mixin.py:188} INFO - [2025-11-13T05:46:26.392+0000] {dagbag.py:538} INFO - Filling up the DagBag from /opt/airflow/dags/etl_dag.py
[2025-11-13T05:46:26.414+0000] {processor.py:840} INFO - DAG(s) 'simple_etl_lineage' retrieved from /opt/airflow/dags/etl_dag.py
[2025-11-13T05:46:26.462+0000] {logging_mixin.py:188} INFO - [2025-11-13T05:46:26.462+0000] {dag.py:3036} INFO - Sync 1 DAGs
[2025-11-13T05:46:26.498+0000] {logging_mixin.py:188} INFO - [2025-11-13T05:46:26.497+0000] {dag.py:3823} INFO - Setting next_dagrun for simple_etl_lineage to None, run_after=None
[2025-11-13T05:46:26.549+0000] {processor.py:183} INFO - Processing /opt/airflow/dags/etl_dag.py took 0.164 seconds
[2025-11-13T05:46:56.938+0000] {processor.py:161} INFO - Started process (PID=8062) to work on /opt/airflow/dags/etl_dag.py
[2025-11-13T05:46:56.940+0000] {processor.py:830} INFO - Processing file /opt/airflow/dags/etl_dag.py for tasks to queue
[2025-11-13T05:46:56.942+0000] {logging_mixin.py:188} INFO - [2025-11-13T05:46:56.941+0000] {dagbag.py:538} INFO - Filling up the DagBag from /opt/airflow/dags/etl_dag.py
[2025-11-13T05:46:56.966+0000] {processor.py:840} INFO - DAG(s) 'simple_etl_lineage' retrieved from /opt/airflow/dags/etl_dag.py
[2025-11-13T05:46:56.999+0000] {logging_mixin.py:188} INFO - [2025-11-13T05:46:56.999+0000] {dag.py:3036} INFO - Sync 1 DAGs
[2025-11-13T05:46:57.013+0000] {logging_mixin.py:188} INFO - [2025-11-13T05:46:57.013+0000] {dag.py:3823} INFO - Setting next_dagrun for simple_etl_lineage to None, run_after=None
[2025-11-13T05:46:57.043+0000] {processor.py:183} INFO - Processing /opt/airflow/dags/etl_dag.py took 0.110 seconds
[2025-11-13T05:47:27.552+0000] {processor.py:161} INFO - Started process (PID=8077) to work on /opt/airflow/dags/etl_dag.py
[2025-11-13T05:47:27.554+0000] {processor.py:830} INFO - Processing file /opt/airflow/dags/etl_dag.py for tasks to queue
[2025-11-13T05:47:27.560+0000] {logging_mixin.py:188} INFO - [2025-11-13T05:47:27.557+0000] {dagbag.py:538} INFO - Filling up the DagBag from /opt/airflow/dags/etl_dag.py
[2025-11-13T05:47:27.606+0000] {processor.py:840} INFO - DAG(s) 'simple_etl_lineage' retrieved from /opt/airflow/dags/etl_dag.py
[2025-11-13T05:47:27.660+0000] {logging_mixin.py:188} INFO - [2025-11-13T05:47:27.658+0000] {dag.py:3036} INFO - Sync 1 DAGs
[2025-11-13T05:47:27.676+0000] {logging_mixin.py:188} INFO - [2025-11-13T05:47:27.676+0000] {dag.py:3823} INFO - Setting next_dagrun for simple_etl_lineage to None, run_after=None
[2025-11-13T05:47:27.700+0000] {processor.py:183} INFO - Processing /opt/airflow/dags/etl_dag.py took 0.152 seconds
[2025-11-13T05:48:03.378+0000] {processor.py:161} INFO - Started process (PID=8092) to work on /opt/airflow/dags/etl_dag.py
[2025-11-13T05:48:03.393+0000] {processor.py:830} INFO - Processing file /opt/airflow/dags/etl_dag.py for tasks to queue
[2025-11-13T05:48:03.401+0000] {logging_mixin.py:188} INFO - [2025-11-13T05:48:03.400+0000] {dagbag.py:538} INFO - Filling up the DagBag from /opt/airflow/dags/etl_dag.py
[2025-11-13T05:48:03.572+0000] {processor.py:840} INFO - DAG(s) 'simple_etl_lineage' retrieved from /opt/airflow/dags/etl_dag.py
[2025-11-13T05:48:03.689+0000] {logging_mixin.py:188} INFO - [2025-11-13T05:48:03.688+0000] {dag.py:3036} INFO - Sync 1 DAGs
[2025-11-13T05:48:03.772+0000] {logging_mixin.py:188} INFO - [2025-11-13T05:48:03.772+0000] {dag.py:3823} INFO - Setting next_dagrun for simple_etl_lineage to None, run_after=None
[2025-11-13T05:48:04.039+0000] {processor.py:183} INFO - Processing /opt/airflow/dags/etl_dag.py took 0.668 seconds
[2025-11-13T05:48:41.855+0000] {processor.py:161} INFO - Started process (PID=8107) to work on /opt/airflow/dags/etl_dag.py
[2025-11-13T05:48:41.865+0000] {processor.py:830} INFO - Processing file /opt/airflow/dags/etl_dag.py for tasks to queue
[2025-11-13T05:48:41.877+0000] {logging_mixin.py:188} INFO - [2025-11-13T05:48:41.876+0000] {dagbag.py:538} INFO - Filling up the DagBag from /opt/airflow/dags/etl_dag.py
[2025-11-13T05:48:42.031+0000] {processor.py:840} INFO - DAG(s) 'simple_etl_lineage' retrieved from /opt/airflow/dags/etl_dag.py
[2025-11-13T05:48:42.149+0000] {logging_mixin.py:188} INFO - [2025-11-13T05:48:42.139+0000] {dag.py:3036} INFO - Sync 1 DAGs
[2025-11-13T05:48:42.214+0000] {logging_mixin.py:188} INFO - [2025-11-13T05:48:42.213+0000] {dag.py:3823} INFO - Setting next_dagrun for simple_etl_lineage to None, run_after=None
[2025-11-13T05:48:42.354+0000] {processor.py:183} INFO - Processing /opt/airflow/dags/etl_dag.py took 0.511 seconds
[2025-11-13T05:49:13.266+0000] {processor.py:161} INFO - Started process (PID=8122) to work on /opt/airflow/dags/etl_dag.py
[2025-11-13T05:49:13.280+0000] {processor.py:830} INFO - Processing file /opt/airflow/dags/etl_dag.py for tasks to queue
[2025-11-13T05:49:13.282+0000] {logging_mixin.py:188} INFO - [2025-11-13T05:49:13.282+0000] {dagbag.py:538} INFO - Filling up the DagBag from /opt/airflow/dags/etl_dag.py
[2025-11-13T05:49:13.395+0000] {processor.py:840} INFO - DAG(s) 'simple_etl_lineage' retrieved from /opt/airflow/dags/etl_dag.py
[2025-11-13T05:49:13.512+0000] {logging_mixin.py:188} INFO - [2025-11-13T05:49:13.510+0000] {dag.py:3036} INFO - Sync 1 DAGs
[2025-11-13T05:49:13.572+0000] {logging_mixin.py:188} INFO - [2025-11-13T05:49:13.571+0000] {dag.py:3823} INFO - Setting next_dagrun for simple_etl_lineage to None, run_after=None
[2025-11-13T05:49:13.655+0000] {processor.py:183} INFO - Processing /opt/airflow/dags/etl_dag.py took 0.394 seconds
[2025-11-13T05:49:44.440+0000] {processor.py:161} INFO - Started process (PID=8137) to work on /opt/airflow/dags/etl_dag.py
[2025-11-13T05:49:44.442+0000] {processor.py:830} INFO - Processing file /opt/airflow/dags/etl_dag.py for tasks to queue
[2025-11-13T05:49:44.445+0000] {logging_mixin.py:188} INFO - [2025-11-13T05:49:44.444+0000] {dagbag.py:538} INFO - Filling up the DagBag from /opt/airflow/dags/etl_dag.py
[2025-11-13T05:49:44.513+0000] {processor.py:840} INFO - DAG(s) 'simple_etl_lineage' retrieved from /opt/airflow/dags/etl_dag.py
[2025-11-13T05:49:44.562+0000] {logging_mixin.py:188} INFO - [2025-11-13T05:49:44.562+0000] {dag.py:3036} INFO - Sync 1 DAGs
[2025-11-13T05:49:44.592+0000] {logging_mixin.py:188} INFO - [2025-11-13T05:49:44.592+0000] {dag.py:3823} INFO - Setting next_dagrun for simple_etl_lineage to None, run_after=None
[2025-11-13T05:49:44.634+0000] {processor.py:183} INFO - Processing /opt/airflow/dags/etl_dag.py took 0.201 seconds
[2025-11-13T05:50:15.199+0000] {processor.py:161} INFO - Started process (PID=8152) to work on /opt/airflow/dags/etl_dag.py
[2025-11-13T05:50:15.205+0000] {processor.py:830} INFO - Processing file /opt/airflow/dags/etl_dag.py for tasks to queue
[2025-11-13T05:50:15.208+0000] {logging_mixin.py:188} INFO - [2025-11-13T05:50:15.207+0000] {dagbag.py:538} INFO - Filling up the DagBag from /opt/airflow/dags/etl_dag.py
[2025-11-13T05:50:15.233+0000] {processor.py:840} INFO - DAG(s) 'simple_etl_lineage' retrieved from /opt/airflow/dags/etl_dag.py
[2025-11-13T05:50:15.309+0000] {logging_mixin.py:188} INFO - [2025-11-13T05:50:15.309+0000] {dag.py:3036} INFO - Sync 1 DAGs
[2025-11-13T05:50:15.343+0000] {logging_mixin.py:188} INFO - [2025-11-13T05:50:15.342+0000] {dag.py:3823} INFO - Setting next_dagrun for simple_etl_lineage to None, run_after=None
[2025-11-13T05:50:15.377+0000] {processor.py:183} INFO - Processing /opt/airflow/dags/etl_dag.py took 0.182 seconds
[2025-11-13T05:50:45.745+0000] {processor.py:161} INFO - Started process (PID=8167) to work on /opt/airflow/dags/etl_dag.py
[2025-11-13T05:50:45.747+0000] {processor.py:830} INFO - Processing file /opt/airflow/dags/etl_dag.py for tasks to queue
[2025-11-13T05:50:45.748+0000] {logging_mixin.py:188} INFO - [2025-11-13T05:50:45.748+0000] {dagbag.py:538} INFO - Filling up the DagBag from /opt/airflow/dags/etl_dag.py
[2025-11-13T05:50:45.775+0000] {processor.py:840} INFO - DAG(s) 'simple_etl_lineage' retrieved from /opt/airflow/dags/etl_dag.py
[2025-11-13T05:50:45.806+0000] {logging_mixin.py:188} INFO - [2025-11-13T05:50:45.806+0000] {dag.py:3036} INFO - Sync 1 DAGs
[2025-11-13T05:50:45.817+0000] {logging_mixin.py:188} INFO - [2025-11-13T05:50:45.817+0000] {dag.py:3823} INFO - Setting next_dagrun for simple_etl_lineage to None, run_after=None
[2025-11-13T05:50:45.842+0000] {processor.py:183} INFO - Processing /opt/airflow/dags/etl_dag.py took 0.100 seconds
[2025-11-13T05:51:16.356+0000] {processor.py:161} INFO - Started process (PID=8182) to work on /opt/airflow/dags/etl_dag.py
[2025-11-13T05:51:16.358+0000] {processor.py:830} INFO - Processing file /opt/airflow/dags/etl_dag.py for tasks to queue
[2025-11-13T05:51:16.360+0000] {logging_mixin.py:188} INFO - [2025-11-13T05:51:16.360+0000] {dagbag.py:538} INFO - Filling up the DagBag from /opt/airflow/dags/etl_dag.py
[2025-11-13T05:51:16.399+0000] {processor.py:840} INFO - DAG(s) 'simple_etl_lineage' retrieved from /opt/airflow/dags/etl_dag.py
[2025-11-13T05:51:16.466+0000] {logging_mixin.py:188} INFO - [2025-11-13T05:51:16.466+0000] {dag.py:3036} INFO - Sync 1 DAGs
[2025-11-13T05:51:16.503+0000] {logging_mixin.py:188} INFO - [2025-11-13T05:51:16.502+0000] {dag.py:3823} INFO - Setting next_dagrun for simple_etl_lineage to None, run_after=None
[2025-11-13T05:51:16.551+0000] {processor.py:183} INFO - Processing /opt/airflow/dags/etl_dag.py took 0.199 seconds
[2025-11-13T05:51:46.943+0000] {processor.py:161} INFO - Started process (PID=8197) to work on /opt/airflow/dags/etl_dag.py
[2025-11-13T05:51:46.945+0000] {processor.py:830} INFO - Processing file /opt/airflow/dags/etl_dag.py for tasks to queue
[2025-11-13T05:51:46.946+0000] {logging_mixin.py:188} INFO - [2025-11-13T05:51:46.946+0000] {dagbag.py:538} INFO - Filling up the DagBag from /opt/airflow/dags/etl_dag.py
[2025-11-13T05:51:46.969+0000] {processor.py:840} INFO - DAG(s) 'simple_etl_lineage' retrieved from /opt/airflow/dags/etl_dag.py
[2025-11-13T05:51:46.996+0000] {logging_mixin.py:188} INFO - [2025-11-13T05:51:46.996+0000] {dag.py:3036} INFO - Sync 1 DAGs
[2025-11-13T05:51:47.007+0000] {logging_mixin.py:188} INFO - [2025-11-13T05:51:47.007+0000] {dag.py:3823} INFO - Setting next_dagrun for simple_etl_lineage to None, run_after=None
[2025-11-13T05:51:47.030+0000] {processor.py:183} INFO - Processing /opt/airflow/dags/etl_dag.py took 0.089 seconds
[2025-11-13T05:52:17.584+0000] {processor.py:161} INFO - Started process (PID=8212) to work on /opt/airflow/dags/etl_dag.py
[2025-11-13T05:52:17.586+0000] {processor.py:830} INFO - Processing file /opt/airflow/dags/etl_dag.py for tasks to queue
[2025-11-13T05:52:17.587+0000] {logging_mixin.py:188} INFO - [2025-11-13T05:52:17.587+0000] {dagbag.py:538} INFO - Filling up the DagBag from /opt/airflow/dags/etl_dag.py
[2025-11-13T05:52:17.622+0000] {processor.py:840} INFO - DAG(s) 'simple_etl_lineage' retrieved from /opt/airflow/dags/etl_dag.py
[2025-11-13T05:52:17.656+0000] {logging_mixin.py:188} INFO - [2025-11-13T05:52:17.656+0000] {dag.py:3036} INFO - Sync 1 DAGs
[2025-11-13T05:52:17.672+0000] {logging_mixin.py:188} INFO - [2025-11-13T05:52:17.672+0000] {dag.py:3823} INFO - Setting next_dagrun for simple_etl_lineage to None, run_after=None
[2025-11-13T05:52:17.698+0000] {processor.py:183} INFO - Processing /opt/airflow/dags/etl_dag.py took 0.117 seconds
[2025-11-13T05:52:48.477+0000] {processor.py:161} INFO - Started process (PID=8227) to work on /opt/airflow/dags/etl_dag.py
[2025-11-13T05:52:48.479+0000] {processor.py:830} INFO - Processing file /opt/airflow/dags/etl_dag.py for tasks to queue
[2025-11-13T05:52:48.482+0000] {logging_mixin.py:188} INFO - [2025-11-13T05:52:48.482+0000] {dagbag.py:538} INFO - Filling up the DagBag from /opt/airflow/dags/etl_dag.py
[2025-11-13T05:52:48.537+0000] {processor.py:840} INFO - DAG(s) 'simple_etl_lineage' retrieved from /opt/airflow/dags/etl_dag.py
[2025-11-13T05:52:48.610+0000] {logging_mixin.py:188} INFO - [2025-11-13T05:52:48.610+0000] {dag.py:3036} INFO - Sync 1 DAGs
[2025-11-13T05:52:48.643+0000] {logging_mixin.py:188} INFO - [2025-11-13T05:52:48.642+0000] {dag.py:3823} INFO - Setting next_dagrun for simple_etl_lineage to None, run_after=None
[2025-11-13T05:52:48.694+0000] {processor.py:183} INFO - Processing /opt/airflow/dags/etl_dag.py took 0.221 seconds
[2025-11-13T05:53:19.148+0000] {processor.py:161} INFO - Started process (PID=8242) to work on /opt/airflow/dags/etl_dag.py
[2025-11-13T05:53:19.150+0000] {processor.py:830} INFO - Processing file /opt/airflow/dags/etl_dag.py for tasks to queue
[2025-11-13T05:53:19.153+0000] {logging_mixin.py:188} INFO - [2025-11-13T05:53:19.152+0000] {dagbag.py:538} INFO - Filling up the DagBag from /opt/airflow/dags/etl_dag.py
[2025-11-13T05:53:19.241+0000] {processor.py:840} INFO - DAG(s) 'simple_etl_lineage' retrieved from /opt/airflow/dags/etl_dag.py
[2025-11-13T05:53:19.273+0000] {logging_mixin.py:188} INFO - [2025-11-13T05:53:19.273+0000] {dag.py:3036} INFO - Sync 1 DAGs
[2025-11-13T05:53:19.287+0000] {logging_mixin.py:188} INFO - [2025-11-13T05:53:19.286+0000] {dag.py:3823} INFO - Setting next_dagrun for simple_etl_lineage to None, run_after=None
[2025-11-13T05:53:19.309+0000] {processor.py:183} INFO - Processing /opt/airflow/dags/etl_dag.py took 0.165 seconds
[2025-11-13T05:53:49.661+0000] {processor.py:161} INFO - Started process (PID=8257) to work on /opt/airflow/dags/etl_dag.py
[2025-11-13T05:53:49.663+0000] {processor.py:830} INFO - Processing file /opt/airflow/dags/etl_dag.py for tasks to queue
[2025-11-13T05:53:49.665+0000] {logging_mixin.py:188} INFO - [2025-11-13T05:53:49.664+0000] {dagbag.py:538} INFO - Filling up the DagBag from /opt/airflow/dags/etl_dag.py
[2025-11-13T05:53:49.688+0000] {processor.py:840} INFO - DAG(s) 'simple_etl_lineage' retrieved from /opt/airflow/dags/etl_dag.py
[2025-11-13T05:53:49.743+0000] {logging_mixin.py:188} INFO - [2025-11-13T05:53:49.742+0000] {dag.py:3036} INFO - Sync 1 DAGs
[2025-11-13T05:53:49.760+0000] {logging_mixin.py:188} INFO - [2025-11-13T05:53:49.760+0000] {dag.py:3823} INFO - Setting next_dagrun for simple_etl_lineage to None, run_after=None
[2025-11-13T05:53:49.804+0000] {processor.py:183} INFO - Processing /opt/airflow/dags/etl_dag.py took 0.148 seconds
[2025-11-13T05:54:20.209+0000] {processor.py:161} INFO - Started process (PID=8272) to work on /opt/airflow/dags/etl_dag.py
[2025-11-13T05:54:20.211+0000] {processor.py:830} INFO - Processing file /opt/airflow/dags/etl_dag.py for tasks to queue
[2025-11-13T05:54:20.214+0000] {logging_mixin.py:188} INFO - [2025-11-13T05:54:20.213+0000] {dagbag.py:538} INFO - Filling up the DagBag from /opt/airflow/dags/etl_dag.py
[2025-11-13T05:54:20.322+0000] {processor.py:840} INFO - DAG(s) 'simple_etl_lineage' retrieved from /opt/airflow/dags/etl_dag.py
[2025-11-13T05:54:20.359+0000] {logging_mixin.py:188} INFO - [2025-11-13T05:54:20.358+0000] {dag.py:3036} INFO - Sync 1 DAGs
[2025-11-13T05:54:20.374+0000] {logging_mixin.py:188} INFO - [2025-11-13T05:54:20.373+0000] {dag.py:3823} INFO - Setting next_dagrun for simple_etl_lineage to None, run_after=None
[2025-11-13T05:54:20.416+0000] {processor.py:183} INFO - Processing /opt/airflow/dags/etl_dag.py took 0.209 seconds
[2025-11-13T05:54:50.560+0000] {processor.py:161} INFO - Started process (PID=8287) to work on /opt/airflow/dags/etl_dag.py
[2025-11-13T05:54:50.562+0000] {processor.py:830} INFO - Processing file /opt/airflow/dags/etl_dag.py for tasks to queue
[2025-11-13T05:54:50.565+0000] {logging_mixin.py:188} INFO - [2025-11-13T05:54:50.565+0000] {dagbag.py:538} INFO - Filling up the DagBag from /opt/airflow/dags/etl_dag.py
[2025-11-13T05:54:50.594+0000] {processor.py:840} INFO - DAG(s) 'simple_etl_lineage' retrieved from /opt/airflow/dags/etl_dag.py
[2025-11-13T05:54:50.637+0000] {logging_mixin.py:188} INFO - [2025-11-13T05:54:50.636+0000] {dag.py:3036} INFO - Sync 1 DAGs
[2025-11-13T05:54:50.663+0000] {logging_mixin.py:188} INFO - [2025-11-13T05:54:50.662+0000] {dag.py:3823} INFO - Setting next_dagrun for simple_etl_lineage to None, run_after=None
[2025-11-13T05:54:50.695+0000] {processor.py:183} INFO - Processing /opt/airflow/dags/etl_dag.py took 0.140 seconds
[2025-11-13T05:55:21.175+0000] {processor.py:161} INFO - Started process (PID=8302) to work on /opt/airflow/dags/etl_dag.py
[2025-11-13T05:55:21.177+0000] {processor.py:830} INFO - Processing file /opt/airflow/dags/etl_dag.py for tasks to queue
[2025-11-13T05:55:21.178+0000] {logging_mixin.py:188} INFO - [2025-11-13T05:55:21.178+0000] {dagbag.py:538} INFO - Filling up the DagBag from /opt/airflow/dags/etl_dag.py
[2025-11-13T05:55:21.205+0000] {processor.py:840} INFO - DAG(s) 'simple_etl_lineage' retrieved from /opt/airflow/dags/etl_dag.py
[2025-11-13T05:55:21.268+0000] {logging_mixin.py:188} INFO - [2025-11-13T05:55:21.268+0000] {dag.py:3036} INFO - Sync 1 DAGs
[2025-11-13T05:55:21.305+0000] {logging_mixin.py:188} INFO - [2025-11-13T05:55:21.305+0000] {dag.py:3823} INFO - Setting next_dagrun for simple_etl_lineage to None, run_after=None
[2025-11-13T05:55:21.352+0000] {processor.py:183} INFO - Processing /opt/airflow/dags/etl_dag.py took 0.182 seconds
[2025-11-13T05:55:51.729+0000] {processor.py:161} INFO - Started process (PID=8315) to work on /opt/airflow/dags/etl_dag.py
[2025-11-13T05:55:51.733+0000] {processor.py:830} INFO - Processing file /opt/airflow/dags/etl_dag.py for tasks to queue
[2025-11-13T05:55:51.735+0000] {logging_mixin.py:188} INFO - [2025-11-13T05:55:51.735+0000] {dagbag.py:538} INFO - Filling up the DagBag from /opt/airflow/dags/etl_dag.py
[2025-11-13T05:55:51.758+0000] {processor.py:840} INFO - DAG(s) 'simple_etl_lineage' retrieved from /opt/airflow/dags/etl_dag.py
[2025-11-13T05:55:51.784+0000] {logging_mixin.py:188} INFO - [2025-11-13T05:55:51.784+0000] {dag.py:3036} INFO - Sync 1 DAGs
[2025-11-13T05:55:51.796+0000] {logging_mixin.py:188} INFO - [2025-11-13T05:55:51.796+0000] {dag.py:3823} INFO - Setting next_dagrun for simple_etl_lineage to None, run_after=None
[2025-11-13T05:55:51.818+0000] {processor.py:183} INFO - Processing /opt/airflow/dags/etl_dag.py took 0.094 seconds
[2025-11-13T05:56:22.504+0000] {processor.py:161} INFO - Started process (PID=8332) to work on /opt/airflow/dags/etl_dag.py
[2025-11-13T05:56:22.505+0000] {processor.py:830} INFO - Processing file /opt/airflow/dags/etl_dag.py for tasks to queue
[2025-11-13T05:56:22.507+0000] {logging_mixin.py:188} INFO - [2025-11-13T05:56:22.507+0000] {dagbag.py:538} INFO - Filling up the DagBag from /opt/airflow/dags/etl_dag.py
[2025-11-13T05:56:22.536+0000] {processor.py:840} INFO - DAG(s) 'simple_etl_lineage' retrieved from /opt/airflow/dags/etl_dag.py
[2025-11-13T05:56:22.576+0000] {logging_mixin.py:188} INFO - [2025-11-13T05:56:22.575+0000] {dag.py:3036} INFO - Sync 1 DAGs
[2025-11-13T05:56:22.615+0000] {logging_mixin.py:188} INFO - [2025-11-13T05:56:22.615+0000] {dag.py:3823} INFO - Setting next_dagrun for simple_etl_lineage to None, run_after=None
[2025-11-13T05:56:22.705+0000] {processor.py:183} INFO - Processing /opt/airflow/dags/etl_dag.py took 0.207 seconds
[2025-11-13T05:56:53.880+0000] {processor.py:161} INFO - Started process (PID=8345) to work on /opt/airflow/dags/etl_dag.py
[2025-11-13T05:56:53.882+0000] {processor.py:830} INFO - Processing file /opt/airflow/dags/etl_dag.py for tasks to queue
[2025-11-13T05:56:53.883+0000] {logging_mixin.py:188} INFO - [2025-11-13T05:56:53.883+0000] {dagbag.py:538} INFO - Filling up the DagBag from /opt/airflow/dags/etl_dag.py
[2025-11-13T05:56:53.903+0000] {processor.py:840} INFO - DAG(s) 'simple_etl_lineage' retrieved from /opt/airflow/dags/etl_dag.py
[2025-11-13T05:56:53.935+0000] {logging_mixin.py:188} INFO - [2025-11-13T05:56:53.935+0000] {dag.py:3036} INFO - Sync 1 DAGs
[2025-11-13T05:56:53.952+0000] {logging_mixin.py:188} INFO - [2025-11-13T05:56:53.952+0000] {dag.py:3823} INFO - Setting next_dagrun for simple_etl_lineage to None, run_after=None
[2025-11-13T05:56:53.990+0000] {processor.py:183} INFO - Processing /opt/airflow/dags/etl_dag.py took 0.114 seconds
[2025-11-13T05:57:24.143+0000] {processor.py:161} INFO - Started process (PID=8355) to work on /opt/airflow/dags/etl_dag.py
[2025-11-13T05:57:24.145+0000] {processor.py:830} INFO - Processing file /opt/airflow/dags/etl_dag.py for tasks to queue
[2025-11-13T05:57:24.146+0000] {logging_mixin.py:188} INFO - [2025-11-13T05:57:24.146+0000] {dagbag.py:538} INFO - Filling up the DagBag from /opt/airflow/dags/etl_dag.py
[2025-11-13T05:57:24.169+0000] {processor.py:840} INFO - DAG(s) 'simple_etl_lineage' retrieved from /opt/airflow/dags/etl_dag.py
[2025-11-13T05:57:24.207+0000] {logging_mixin.py:188} INFO - [2025-11-13T05:57:24.207+0000] {dag.py:3036} INFO - Sync 1 DAGs
[2025-11-13T05:57:24.223+0000] {logging_mixin.py:188} INFO - [2025-11-13T05:57:24.223+0000] {dag.py:3823} INFO - Setting next_dagrun for simple_etl_lineage to None, run_after=None
[2025-11-13T05:57:24.249+0000] {processor.py:183} INFO - Processing /opt/airflow/dags/etl_dag.py took 0.111 seconds
[2025-11-13T05:57:54.631+0000] {processor.py:161} INFO - Started process (PID=8370) to work on /opt/airflow/dags/etl_dag.py
[2025-11-13T05:57:54.632+0000] {processor.py:830} INFO - Processing file /opt/airflow/dags/etl_dag.py for tasks to queue
[2025-11-13T05:57:54.633+0000] {logging_mixin.py:188} INFO - [2025-11-13T05:57:54.633+0000] {dagbag.py:538} INFO - Filling up the DagBag from /opt/airflow/dags/etl_dag.py
[2025-11-13T05:57:54.661+0000] {processor.py:840} INFO - DAG(s) 'simple_etl_lineage' retrieved from /opt/airflow/dags/etl_dag.py
[2025-11-13T05:57:54.702+0000] {logging_mixin.py:188} INFO - [2025-11-13T05:57:54.701+0000] {dag.py:3036} INFO - Sync 1 DAGs
[2025-11-13T05:57:54.718+0000] {logging_mixin.py:188} INFO - [2025-11-13T05:57:54.718+0000] {dag.py:3823} INFO - Setting next_dagrun for simple_etl_lineage to None, run_after=None
[2025-11-13T05:57:54.762+0000] {processor.py:183} INFO - Processing /opt/airflow/dags/etl_dag.py took 0.136 seconds
[2025-11-13T05:58:26.220+0000] {processor.py:161} INFO - Started process (PID=8384) to work on /opt/airflow/dags/etl_dag.py
[2025-11-13T05:58:26.222+0000] {processor.py:830} INFO - Processing file /opt/airflow/dags/etl_dag.py for tasks to queue
[2025-11-13T05:58:26.223+0000] {logging_mixin.py:188} INFO - [2025-11-13T05:58:26.223+0000] {dagbag.py:538} INFO - Filling up the DagBag from /opt/airflow/dags/etl_dag.py
[2025-11-13T05:58:26.249+0000] {processor.py:840} INFO - DAG(s) 'simple_etl_lineage' retrieved from /opt/airflow/dags/etl_dag.py
[2025-11-13T05:58:26.310+0000] {logging_mixin.py:188} INFO - [2025-11-13T05:58:26.310+0000] {dag.py:3036} INFO - Sync 1 DAGs
[2025-11-13T05:58:26.337+0000] {logging_mixin.py:188} INFO - [2025-11-13T05:58:26.336+0000] {dag.py:3823} INFO - Setting next_dagrun for simple_etl_lineage to None, run_after=None
[2025-11-13T05:58:26.384+0000] {processor.py:183} INFO - Processing /opt/airflow/dags/etl_dag.py took 0.168 seconds
[2025-11-13T05:58:57.896+0000] {processor.py:161} INFO - Started process (PID=8405) to work on /opt/airflow/dags/etl_dag.py
[2025-11-13T05:58:57.898+0000] {processor.py:830} INFO - Processing file /opt/airflow/dags/etl_dag.py for tasks to queue
[2025-11-13T05:58:57.900+0000] {logging_mixin.py:188} INFO - [2025-11-13T05:58:57.899+0000] {dagbag.py:538} INFO - Filling up the DagBag from /opt/airflow/dags/etl_dag.py
[2025-11-13T05:58:57.929+0000] {processor.py:840} INFO - DAG(s) 'simple_etl_lineage' retrieved from /opt/airflow/dags/etl_dag.py
[2025-11-13T05:58:57.976+0000] {logging_mixin.py:188} INFO - [2025-11-13T05:58:57.976+0000] {dag.py:3036} INFO - Sync 1 DAGs
[2025-11-13T05:58:57.998+0000] {logging_mixin.py:188} INFO - [2025-11-13T05:58:57.997+0000] {dag.py:3823} INFO - Setting next_dagrun for simple_etl_lineage to None, run_after=None
[2025-11-13T05:58:58.047+0000] {processor.py:183} INFO - Processing /opt/airflow/dags/etl_dag.py took 0.155 seconds
[2025-11-13T05:59:28.905+0000] {processor.py:161} INFO - Started process (PID=8422) to work on /opt/airflow/dags/etl_dag.py
[2025-11-13T05:59:28.907+0000] {processor.py:830} INFO - Processing file /opt/airflow/dags/etl_dag.py for tasks to queue
[2025-11-13T05:59:28.909+0000] {logging_mixin.py:188} INFO - [2025-11-13T05:59:28.908+0000] {dagbag.py:538} INFO - Filling up the DagBag from /opt/airflow/dags/etl_dag.py
[2025-11-13T05:59:28.930+0000] {processor.py:840} INFO - DAG(s) 'simple_etl_lineage' retrieved from /opt/airflow/dags/etl_dag.py
[2025-11-13T05:59:28.960+0000] {logging_mixin.py:188} INFO - [2025-11-13T05:59:28.960+0000] {dag.py:3036} INFO - Sync 1 DAGs
[2025-11-13T05:59:28.977+0000] {logging_mixin.py:188} INFO - [2025-11-13T05:59:28.976+0000] {dag.py:3823} INFO - Setting next_dagrun for simple_etl_lineage to None, run_after=None
[2025-11-13T05:59:29.001+0000] {processor.py:183} INFO - Processing /opt/airflow/dags/etl_dag.py took 0.099 seconds
[2025-11-13T05:59:59.701+0000] {processor.py:161} INFO - Started process (PID=8437) to work on /opt/airflow/dags/etl_dag.py
[2025-11-13T05:59:59.710+0000] {processor.py:830} INFO - Processing file /opt/airflow/dags/etl_dag.py for tasks to queue
[2025-11-13T05:59:59.712+0000] {logging_mixin.py:188} INFO - [2025-11-13T05:59:59.711+0000] {dagbag.py:538} INFO - Filling up the DagBag from /opt/airflow/dags/etl_dag.py
[2025-11-13T05:59:59.799+0000] {processor.py:840} INFO - DAG(s) 'simple_etl_lineage' retrieved from /opt/airflow/dags/etl_dag.py
[2025-11-13T05:59:59.902+0000] {logging_mixin.py:188} INFO - [2025-11-13T05:59:59.901+0000] {dag.py:3036} INFO - Sync 1 DAGs
[2025-11-13T05:59:59.927+0000] {logging_mixin.py:188} INFO - [2025-11-13T05:59:59.927+0000] {dag.py:3823} INFO - Setting next_dagrun for simple_etl_lineage to None, run_after=None
[2025-11-13T05:59:59.990+0000] {processor.py:183} INFO - Processing /opt/airflow/dags/etl_dag.py took 0.295 seconds
[2025-11-13T06:00:30.143+0000] {processor.py:161} INFO - Started process (PID=8452) to work on /opt/airflow/dags/etl_dag.py
[2025-11-13T06:00:30.147+0000] {processor.py:830} INFO - Processing file /opt/airflow/dags/etl_dag.py for tasks to queue
[2025-11-13T06:00:30.149+0000] {logging_mixin.py:188} INFO - [2025-11-13T06:00:30.149+0000] {dagbag.py:538} INFO - Filling up the DagBag from /opt/airflow/dags/etl_dag.py
[2025-11-13T06:00:30.176+0000] {processor.py:840} INFO - DAG(s) 'simple_etl_lineage' retrieved from /opt/airflow/dags/etl_dag.py
[2025-11-13T06:00:30.218+0000] {logging_mixin.py:188} INFO - [2025-11-13T06:00:30.217+0000] {dag.py:3036} INFO - Sync 1 DAGs
[2025-11-13T06:00:30.237+0000] {logging_mixin.py:188} INFO - [2025-11-13T06:00:30.236+0000] {dag.py:3823} INFO - Setting next_dagrun for simple_etl_lineage to None, run_after=None
[2025-11-13T06:00:30.270+0000] {processor.py:183} INFO - Processing /opt/airflow/dags/etl_dag.py took 0.132 seconds
[2025-11-13T06:01:00.810+0000] {processor.py:161} INFO - Started process (PID=8467) to work on /opt/airflow/dags/etl_dag.py
[2025-11-13T06:01:00.818+0000] {processor.py:830} INFO - Processing file /opt/airflow/dags/etl_dag.py for tasks to queue
[2025-11-13T06:01:00.820+0000] {logging_mixin.py:188} INFO - [2025-11-13T06:01:00.819+0000] {dagbag.py:538} INFO - Filling up the DagBag from /opt/airflow/dags/etl_dag.py
[2025-11-13T06:01:00.900+0000] {processor.py:840} INFO - DAG(s) 'simple_etl_lineage' retrieved from /opt/airflow/dags/etl_dag.py
[2025-11-13T06:01:00.935+0000] {logging_mixin.py:188} INFO - [2025-11-13T06:01:00.934+0000] {dag.py:3036} INFO - Sync 1 DAGs
[2025-11-13T06:01:00.950+0000] {logging_mixin.py:188} INFO - [2025-11-13T06:01:00.950+0000] {dag.py:3823} INFO - Setting next_dagrun for simple_etl_lineage to None, run_after=None
[2025-11-13T06:01:00.977+0000] {processor.py:183} INFO - Processing /opt/airflow/dags/etl_dag.py took 0.172 seconds
[2025-11-13T06:01:31.156+0000] {processor.py:161} INFO - Started process (PID=8480) to work on /opt/airflow/dags/etl_dag.py
[2025-11-13T06:01:31.178+0000] {processor.py:830} INFO - Processing file /opt/airflow/dags/etl_dag.py for tasks to queue
[2025-11-13T06:01:31.191+0000] {logging_mixin.py:188} INFO - [2025-11-13T06:01:31.190+0000] {dagbag.py:538} INFO - Filling up the DagBag from /opt/airflow/dags/etl_dag.py
[2025-11-13T06:01:31.346+0000] {processor.py:840} INFO - DAG(s) 'simple_etl_lineage' retrieved from /opt/airflow/dags/etl_dag.py
[2025-11-13T06:01:31.421+0000] {logging_mixin.py:188} INFO - [2025-11-13T06:01:31.421+0000] {dag.py:3036} INFO - Sync 1 DAGs
[2025-11-13T06:01:31.447+0000] {logging_mixin.py:188} INFO - [2025-11-13T06:01:31.446+0000] {dag.py:3823} INFO - Setting next_dagrun for simple_etl_lineage to None, run_after=None
[2025-11-13T06:01:31.531+0000] {processor.py:183} INFO - Processing /opt/airflow/dags/etl_dag.py took 0.381 seconds
[2025-11-13T06:02:02.106+0000] {processor.py:161} INFO - Started process (PID=8495) to work on /opt/airflow/dags/etl_dag.py
[2025-11-13T06:02:02.107+0000] {processor.py:830} INFO - Processing file /opt/airflow/dags/etl_dag.py for tasks to queue
[2025-11-13T06:02:02.109+0000] {logging_mixin.py:188} INFO - [2025-11-13T06:02:02.109+0000] {dagbag.py:538} INFO - Filling up the DagBag from /opt/airflow/dags/etl_dag.py
[2025-11-13T06:02:02.144+0000] {processor.py:840} INFO - DAG(s) 'simple_etl_lineage' retrieved from /opt/airflow/dags/etl_dag.py
[2025-11-13T06:02:02.181+0000] {logging_mixin.py:188} INFO - [2025-11-13T06:02:02.181+0000] {dag.py:3036} INFO - Sync 1 DAGs
[2025-11-13T06:02:02.195+0000] {logging_mixin.py:188} INFO - [2025-11-13T06:02:02.195+0000] {dag.py:3823} INFO - Setting next_dagrun for simple_etl_lineage to None, run_after=None
[2025-11-13T06:02:02.247+0000] {processor.py:183} INFO - Processing /opt/airflow/dags/etl_dag.py took 0.145 seconds
[2025-11-13T06:02:32.623+0000] {processor.py:161} INFO - Started process (PID=8510) to work on /opt/airflow/dags/etl_dag.py
[2025-11-13T06:02:32.625+0000] {processor.py:830} INFO - Processing file /opt/airflow/dags/etl_dag.py for tasks to queue
[2025-11-13T06:02:32.626+0000] {logging_mixin.py:188} INFO - [2025-11-13T06:02:32.626+0000] {dagbag.py:538} INFO - Filling up the DagBag from /opt/airflow/dags/etl_dag.py
[2025-11-13T06:02:32.651+0000] {processor.py:840} INFO - DAG(s) 'simple_etl_lineage' retrieved from /opt/airflow/dags/etl_dag.py
[2025-11-13T06:02:32.707+0000] {logging_mixin.py:188} INFO - [2025-11-13T06:02:32.706+0000] {dag.py:3036} INFO - Sync 1 DAGs
[2025-11-13T06:02:32.723+0000] {logging_mixin.py:188} INFO - [2025-11-13T06:02:32.723+0000] {dag.py:3823} INFO - Setting next_dagrun for simple_etl_lineage to None, run_after=None
[2025-11-13T06:02:32.752+0000] {processor.py:183} INFO - Processing /opt/airflow/dags/etl_dag.py took 0.133 seconds
[2025-11-13T06:03:03.166+0000] {processor.py:161} INFO - Started process (PID=8525) to work on /opt/airflow/dags/etl_dag.py
[2025-11-13T06:03:03.168+0000] {processor.py:830} INFO - Processing file /opt/airflow/dags/etl_dag.py for tasks to queue
[2025-11-13T06:03:03.169+0000] {logging_mixin.py:188} INFO - [2025-11-13T06:03:03.169+0000] {dagbag.py:538} INFO - Filling up the DagBag from /opt/airflow/dags/etl_dag.py
[2025-11-13T06:03:03.194+0000] {processor.py:840} INFO - DAG(s) 'simple_etl_lineage' retrieved from /opt/airflow/dags/etl_dag.py
[2025-11-13T06:03:03.229+0000] {logging_mixin.py:188} INFO - [2025-11-13T06:03:03.229+0000] {dag.py:3036} INFO - Sync 1 DAGs
[2025-11-13T06:03:03.247+0000] {logging_mixin.py:188} INFO - [2025-11-13T06:03:03.246+0000] {dag.py:3823} INFO - Setting next_dagrun for simple_etl_lineage to None, run_after=None
[2025-11-13T06:03:03.278+0000] {processor.py:183} INFO - Processing /opt/airflow/dags/etl_dag.py took 0.115 seconds
[2025-11-13T06:03:33.855+0000] {processor.py:161} INFO - Started process (PID=8540) to work on /opt/airflow/dags/etl_dag.py
[2025-11-13T06:03:33.857+0000] {processor.py:830} INFO - Processing file /opt/airflow/dags/etl_dag.py for tasks to queue
[2025-11-13T06:03:33.859+0000] {logging_mixin.py:188} INFO - [2025-11-13T06:03:33.859+0000] {dagbag.py:538} INFO - Filling up the DagBag from /opt/airflow/dags/etl_dag.py
[2025-11-13T06:03:33.905+0000] {processor.py:840} INFO - DAG(s) 'simple_etl_lineage' retrieved from /opt/airflow/dags/etl_dag.py
[2025-11-13T06:03:33.972+0000] {logging_mixin.py:188} INFO - [2025-11-13T06:03:33.972+0000] {dag.py:3036} INFO - Sync 1 DAGs
[2025-11-13T06:03:33.993+0000] {logging_mixin.py:188} INFO - [2025-11-13T06:03:33.992+0000] {dag.py:3823} INFO - Setting next_dagrun for simple_etl_lineage to None, run_after=None
[2025-11-13T06:03:34.028+0000] {processor.py:183} INFO - Processing /opt/airflow/dags/etl_dag.py took 0.180 seconds
[2025-11-13T06:04:04.651+0000] {processor.py:161} INFO - Started process (PID=8555) to work on /opt/airflow/dags/etl_dag.py
[2025-11-13T06:04:04.654+0000] {processor.py:830} INFO - Processing file /opt/airflow/dags/etl_dag.py for tasks to queue
[2025-11-13T06:04:04.658+0000] {logging_mixin.py:188} INFO - [2025-11-13T06:04:04.658+0000] {dagbag.py:538} INFO - Filling up the DagBag from /opt/airflow/dags/etl_dag.py
[2025-11-13T06:04:04.721+0000] {processor.py:840} INFO - DAG(s) 'simple_etl_lineage' retrieved from /opt/airflow/dags/etl_dag.py
[2025-11-13T06:04:04.792+0000] {logging_mixin.py:188} INFO - [2025-11-13T06:04:04.791+0000] {dag.py:3036} INFO - Sync 1 DAGs
[2025-11-13T06:04:04.813+0000] {logging_mixin.py:188} INFO - [2025-11-13T06:04:04.812+0000] {dag.py:3823} INFO - Setting next_dagrun for simple_etl_lineage to None, run_after=None
[2025-11-13T06:04:04.857+0000] {processor.py:183} INFO - Processing /opt/airflow/dags/etl_dag.py took 0.211 seconds
[2025-11-13T06:04:35.532+0000] {processor.py:161} INFO - Started process (PID=8570) to work on /opt/airflow/dags/etl_dag.py
[2025-11-13T06:04:35.534+0000] {processor.py:830} INFO - Processing file /opt/airflow/dags/etl_dag.py for tasks to queue
[2025-11-13T06:04:35.536+0000] {logging_mixin.py:188} INFO - [2025-11-13T06:04:35.536+0000] {dagbag.py:538} INFO - Filling up the DagBag from /opt/airflow/dags/etl_dag.py
[2025-11-13T06:04:35.565+0000] {processor.py:840} INFO - DAG(s) 'simple_etl_lineage' retrieved from /opt/airflow/dags/etl_dag.py
[2025-11-13T06:04:35.616+0000] {logging_mixin.py:188} INFO - [2025-11-13T06:04:35.616+0000] {dag.py:3036} INFO - Sync 1 DAGs
[2025-11-13T06:04:35.638+0000] {logging_mixin.py:188} INFO - [2025-11-13T06:04:35.637+0000] {dag.py:3823} INFO - Setting next_dagrun for simple_etl_lineage to None, run_after=None
[2025-11-13T06:04:35.684+0000] {processor.py:183} INFO - Processing /opt/airflow/dags/etl_dag.py took 0.157 seconds
[2025-11-13T06:05:05.891+0000] {processor.py:161} INFO - Started process (PID=8585) to work on /opt/airflow/dags/etl_dag.py
[2025-11-13T06:05:05.893+0000] {processor.py:830} INFO - Processing file /opt/airflow/dags/etl_dag.py for tasks to queue
[2025-11-13T06:05:05.895+0000] {logging_mixin.py:188} INFO - [2025-11-13T06:05:05.894+0000] {dagbag.py:538} INFO - Filling up the DagBag from /opt/airflow/dags/etl_dag.py
[2025-11-13T06:05:05.918+0000] {processor.py:840} INFO - DAG(s) 'simple_etl_lineage' retrieved from /opt/airflow/dags/etl_dag.py
[2025-11-13T06:05:05.964+0000] {logging_mixin.py:188} INFO - [2025-11-13T06:05:05.963+0000] {dag.py:3036} INFO - Sync 1 DAGs
[2025-11-13T06:05:05.984+0000] {logging_mixin.py:188} INFO - [2025-11-13T06:05:05.984+0000] {dag.py:3823} INFO - Setting next_dagrun for simple_etl_lineage to None, run_after=None
[2025-11-13T06:05:06.033+0000] {processor.py:183} INFO - Processing /opt/airflow/dags/etl_dag.py took 0.146 seconds
[2025-11-13T06:05:37.257+0000] {processor.py:161} INFO - Started process (PID=8600) to work on /opt/airflow/dags/etl_dag.py
[2025-11-13T06:05:37.269+0000] {processor.py:830} INFO - Processing file /opt/airflow/dags/etl_dag.py for tasks to queue
[2025-11-13T06:05:37.274+0000] {logging_mixin.py:188} INFO - [2025-11-13T06:05:37.273+0000] {dagbag.py:538} INFO - Filling up the DagBag from /opt/airflow/dags/etl_dag.py
[2025-11-13T06:05:37.594+0000] {processor.py:840} INFO - DAG(s) 'simple_etl_lineage' retrieved from /opt/airflow/dags/etl_dag.py
[2025-11-13T06:05:37.705+0000] {logging_mixin.py:188} INFO - [2025-11-13T06:05:37.704+0000] {dag.py:3036} INFO - Sync 1 DAGs
[2025-11-13T06:05:37.744+0000] {logging_mixin.py:188} INFO - [2025-11-13T06:05:37.743+0000] {dag.py:3823} INFO - Setting next_dagrun for simple_etl_lineage to None, run_after=None
[2025-11-13T06:05:37.819+0000] {processor.py:183} INFO - Processing /opt/airflow/dags/etl_dag.py took 0.579 seconds
[2025-11-13T06:06:08.226+0000] {processor.py:161} INFO - Started process (PID=8615) to work on /opt/airflow/dags/etl_dag.py
[2025-11-13T06:06:08.228+0000] {processor.py:830} INFO - Processing file /opt/airflow/dags/etl_dag.py for tasks to queue
[2025-11-13T06:06:08.229+0000] {logging_mixin.py:188} INFO - [2025-11-13T06:06:08.229+0000] {dagbag.py:538} INFO - Filling up the DagBag from /opt/airflow/dags/etl_dag.py
[2025-11-13T06:06:08.256+0000] {processor.py:840} INFO - DAG(s) 'simple_etl_lineage' retrieved from /opt/airflow/dags/etl_dag.py
[2025-11-13T06:06:08.321+0000] {logging_mixin.py:188} INFO - [2025-11-13T06:06:08.321+0000] {dag.py:3036} INFO - Sync 1 DAGs
[2025-11-13T06:06:08.343+0000] {logging_mixin.py:188} INFO - [2025-11-13T06:06:08.343+0000] {dag.py:3823} INFO - Setting next_dagrun for simple_etl_lineage to None, run_after=None
[2025-11-13T06:06:08.421+0000] {processor.py:183} INFO - Processing /opt/airflow/dags/etl_dag.py took 0.199 seconds
[2025-11-13T06:06:38.815+0000] {processor.py:161} INFO - Started process (PID=8630) to work on /opt/airflow/dags/etl_dag.py
[2025-11-13T06:06:38.818+0000] {processor.py:830} INFO - Processing file /opt/airflow/dags/etl_dag.py for tasks to queue
[2025-11-13T06:06:38.820+0000] {logging_mixin.py:188} INFO - [2025-11-13T06:06:38.819+0000] {dagbag.py:538} INFO - Filling up the DagBag from /opt/airflow/dags/etl_dag.py
[2025-11-13T06:06:38.878+0000] {processor.py:840} INFO - DAG(s) 'simple_etl_lineage' retrieved from /opt/airflow/dags/etl_dag.py
[2025-11-13T06:06:38.958+0000] {logging_mixin.py:188} INFO - [2025-11-13T06:06:38.957+0000] {dag.py:3036} INFO - Sync 1 DAGs
[2025-11-13T06:06:38.980+0000] {logging_mixin.py:188} INFO - [2025-11-13T06:06:38.980+0000] {dag.py:3823} INFO - Setting next_dagrun for simple_etl_lineage to None, run_after=None
[2025-11-13T06:06:39.037+0000] {processor.py:183} INFO - Processing /opt/airflow/dags/etl_dag.py took 0.227 seconds
[2025-11-13T06:07:09.818+0000] {processor.py:161} INFO - Started process (PID=8645) to work on /opt/airflow/dags/etl_dag.py
[2025-11-13T06:07:09.820+0000] {processor.py:830} INFO - Processing file /opt/airflow/dags/etl_dag.py for tasks to queue
[2025-11-13T06:07:09.821+0000] {logging_mixin.py:188} INFO - [2025-11-13T06:07:09.821+0000] {dagbag.py:538} INFO - Filling up the DagBag from /opt/airflow/dags/etl_dag.py
[2025-11-13T06:07:09.850+0000] {processor.py:840} INFO - DAG(s) 'simple_etl_lineage' retrieved from /opt/airflow/dags/etl_dag.py
[2025-11-13T06:07:09.896+0000] {logging_mixin.py:188} INFO - [2025-11-13T06:07:09.895+0000] {dag.py:3036} INFO - Sync 1 DAGs
[2025-11-13T06:07:09.916+0000] {logging_mixin.py:188} INFO - [2025-11-13T06:07:09.916+0000] {dag.py:3823} INFO - Setting next_dagrun for simple_etl_lineage to None, run_after=None
[2025-11-13T06:07:09.963+0000] {processor.py:183} INFO - Processing /opt/airflow/dags/etl_dag.py took 0.148 seconds
[2025-11-13T06:07:40.368+0000] {processor.py:161} INFO - Started process (PID=8660) to work on /opt/airflow/dags/etl_dag.py
[2025-11-13T06:07:40.369+0000] {processor.py:830} INFO - Processing file /opt/airflow/dags/etl_dag.py for tasks to queue
[2025-11-13T06:07:40.370+0000] {logging_mixin.py:188} INFO - [2025-11-13T06:07:40.370+0000] {dagbag.py:538} INFO - Filling up the DagBag from /opt/airflow/dags/etl_dag.py
[2025-11-13T06:07:40.398+0000] {processor.py:840} INFO - DAG(s) 'simple_etl_lineage' retrieved from /opt/airflow/dags/etl_dag.py
[2025-11-13T06:07:40.454+0000] {logging_mixin.py:188} INFO - [2025-11-13T06:07:40.453+0000] {dag.py:3036} INFO - Sync 1 DAGs
[2025-11-13T06:07:40.471+0000] {logging_mixin.py:188} INFO - [2025-11-13T06:07:40.470+0000] {dag.py:3823} INFO - Setting next_dagrun for simple_etl_lineage to None, run_after=None
[2025-11-13T06:07:40.512+0000] {processor.py:183} INFO - Processing /opt/airflow/dags/etl_dag.py took 0.149 seconds
[2025-11-13T06:08:10.972+0000] {processor.py:161} INFO - Started process (PID=8675) to work on /opt/airflow/dags/etl_dag.py
[2025-11-13T06:08:10.975+0000] {processor.py:830} INFO - Processing file /opt/airflow/dags/etl_dag.py for tasks to queue
[2025-11-13T06:08:10.978+0000] {logging_mixin.py:188} INFO - [2025-11-13T06:08:10.977+0000] {dagbag.py:538} INFO - Filling up the DagBag from /opt/airflow/dags/etl_dag.py
[2025-11-13T06:08:10.999+0000] {processor.py:840} INFO - DAG(s) 'simple_etl_lineage' retrieved from /opt/airflow/dags/etl_dag.py
[2025-11-13T06:08:11.061+0000] {logging_mixin.py:188} INFO - [2025-11-13T06:08:11.060+0000] {dag.py:3036} INFO - Sync 1 DAGs
[2025-11-13T06:08:11.079+0000] {logging_mixin.py:188} INFO - [2025-11-13T06:08:11.079+0000] {dag.py:3823} INFO - Setting next_dagrun for simple_etl_lineage to None, run_after=None
[2025-11-13T06:08:11.133+0000] {processor.py:183} INFO - Processing /opt/airflow/dags/etl_dag.py took 0.165 seconds
[2025-11-13T06:08:41.598+0000] {processor.py:161} INFO - Started process (PID=8690) to work on /opt/airflow/dags/etl_dag.py
[2025-11-13T06:08:41.599+0000] {processor.py:830} INFO - Processing file /opt/airflow/dags/etl_dag.py for tasks to queue
[2025-11-13T06:08:41.601+0000] {logging_mixin.py:188} INFO - [2025-11-13T06:08:41.600+0000] {dagbag.py:538} INFO - Filling up the DagBag from /opt/airflow/dags/etl_dag.py
[2025-11-13T06:08:41.649+0000] {processor.py:840} INFO - DAG(s) 'simple_etl_lineage' retrieved from /opt/airflow/dags/etl_dag.py
[2025-11-13T06:08:41.700+0000] {logging_mixin.py:188} INFO - [2025-11-13T06:08:41.700+0000] {dag.py:3036} INFO - Sync 1 DAGs
[2025-11-13T06:08:41.739+0000] {logging_mixin.py:188} INFO - [2025-11-13T06:08:41.739+0000] {dag.py:3823} INFO - Setting next_dagrun for simple_etl_lineage to None, run_after=None
[2025-11-13T06:08:41.793+0000] {processor.py:183} INFO - Processing /opt/airflow/dags/etl_dag.py took 0.200 seconds
[2025-11-13T06:09:12.344+0000] {processor.py:161} INFO - Started process (PID=8705) to work on /opt/airflow/dags/etl_dag.py
[2025-11-13T06:09:12.346+0000] {processor.py:830} INFO - Processing file /opt/airflow/dags/etl_dag.py for tasks to queue
[2025-11-13T06:09:12.348+0000] {logging_mixin.py:188} INFO - [2025-11-13T06:09:12.347+0000] {dagbag.py:538} INFO - Filling up the DagBag from /opt/airflow/dags/etl_dag.py
[2025-11-13T06:09:12.374+0000] {processor.py:840} INFO - DAG(s) 'simple_etl_lineage' retrieved from /opt/airflow/dags/etl_dag.py
[2025-11-13T06:09:12.421+0000] {logging_mixin.py:188} INFO - [2025-11-13T06:09:12.421+0000] {dag.py:3036} INFO - Sync 1 DAGs
[2025-11-13T06:09:12.450+0000] {logging_mixin.py:188} INFO - [2025-11-13T06:09:12.450+0000] {dag.py:3823} INFO - Setting next_dagrun for simple_etl_lineage to None, run_after=None
[2025-11-13T06:09:12.500+0000] {processor.py:183} INFO - Processing /opt/airflow/dags/etl_dag.py took 0.161 seconds
[2025-11-13T06:09:43.234+0000] {processor.py:161} INFO - Started process (PID=8720) to work on /opt/airflow/dags/etl_dag.py
[2025-11-13T06:09:43.236+0000] {processor.py:830} INFO - Processing file /opt/airflow/dags/etl_dag.py for tasks to queue
[2025-11-13T06:09:43.237+0000] {logging_mixin.py:188} INFO - [2025-11-13T06:09:43.237+0000] {dagbag.py:538} INFO - Filling up the DagBag from /opt/airflow/dags/etl_dag.py
[2025-11-13T06:09:43.280+0000] {processor.py:840} INFO - DAG(s) 'simple_etl_lineage' retrieved from /opt/airflow/dags/etl_dag.py
[2025-11-13T06:09:43.364+0000] {logging_mixin.py:188} INFO - [2025-11-13T06:09:43.364+0000] {dag.py:3036} INFO - Sync 1 DAGs
[2025-11-13T06:09:43.382+0000] {logging_mixin.py:188} INFO - [2025-11-13T06:09:43.381+0000] {dag.py:3823} INFO - Setting next_dagrun for simple_etl_lineage to None, run_after=None
[2025-11-13T06:09:43.419+0000] {processor.py:183} INFO - Processing /opt/airflow/dags/etl_dag.py took 0.190 seconds
[2025-11-13T06:10:13.876+0000] {processor.py:161} INFO - Started process (PID=8735) to work on /opt/airflow/dags/etl_dag.py
[2025-11-13T06:10:13.885+0000] {processor.py:830} INFO - Processing file /opt/airflow/dags/etl_dag.py for tasks to queue
[2025-11-13T06:10:13.887+0000] {logging_mixin.py:188} INFO - [2025-11-13T06:10:13.887+0000] {dagbag.py:538} INFO - Filling up the DagBag from /opt/airflow/dags/etl_dag.py
[2025-11-13T06:10:13.918+0000] {processor.py:840} INFO - DAG(s) 'simple_etl_lineage' retrieved from /opt/airflow/dags/etl_dag.py
[2025-11-13T06:10:13.991+0000] {logging_mixin.py:188} INFO - [2025-11-13T06:10:13.991+0000] {dag.py:3036} INFO - Sync 1 DAGs
[2025-11-13T06:10:14.020+0000] {logging_mixin.py:188} INFO - [2025-11-13T06:10:14.020+0000] {dag.py:3823} INFO - Setting next_dagrun for simple_etl_lineage to None, run_after=None
[2025-11-13T06:10:14.144+0000] {processor.py:183} INFO - Processing /opt/airflow/dags/etl_dag.py took 0.280 seconds
[2025-11-13T06:10:44.291+0000] {processor.py:161} INFO - Started process (PID=8750) to work on /opt/airflow/dags/etl_dag.py
[2025-11-13T06:10:44.292+0000] {processor.py:830} INFO - Processing file /opt/airflow/dags/etl_dag.py for tasks to queue
[2025-11-13T06:10:44.294+0000] {logging_mixin.py:188} INFO - [2025-11-13T06:10:44.293+0000] {dagbag.py:538} INFO - Filling up the DagBag from /opt/airflow/dags/etl_dag.py
[2025-11-13T06:10:44.314+0000] {processor.py:840} INFO - DAG(s) 'simple_etl_lineage' retrieved from /opt/airflow/dags/etl_dag.py
[2025-11-13T06:10:44.396+0000] {logging_mixin.py:188} INFO - [2025-11-13T06:10:44.395+0000] {dag.py:3036} INFO - Sync 1 DAGs
[2025-11-13T06:10:44.425+0000] {logging_mixin.py:188} INFO - [2025-11-13T06:10:44.424+0000] {dag.py:3823} INFO - Setting next_dagrun for simple_etl_lineage to None, run_after=None
[2025-11-13T06:10:44.504+0000] {processor.py:183} INFO - Processing /opt/airflow/dags/etl_dag.py took 0.217 seconds
[2025-11-13T06:11:14.961+0000] {processor.py:161} INFO - Started process (PID=8765) to work on /opt/airflow/dags/etl_dag.py
[2025-11-13T06:11:14.963+0000] {processor.py:830} INFO - Processing file /opt/airflow/dags/etl_dag.py for tasks to queue
[2025-11-13T06:11:14.965+0000] {logging_mixin.py:188} INFO - [2025-11-13T06:11:14.964+0000] {dagbag.py:538} INFO - Filling up the DagBag from /opt/airflow/dags/etl_dag.py
[2025-11-13T06:11:14.986+0000] {processor.py:840} INFO - DAG(s) 'simple_etl_lineage' retrieved from /opt/airflow/dags/etl_dag.py
[2025-11-13T06:11:15.058+0000] {logging_mixin.py:188} INFO - [2025-11-13T06:11:15.058+0000] {dag.py:3036} INFO - Sync 1 DAGs
[2025-11-13T06:11:15.081+0000] {logging_mixin.py:188} INFO - [2025-11-13T06:11:15.081+0000] {dag.py:3823} INFO - Setting next_dagrun for simple_etl_lineage to None, run_after=None
[2025-11-13T06:11:15.128+0000] {processor.py:183} INFO - Processing /opt/airflow/dags/etl_dag.py took 0.172 seconds
[2025-11-13T06:11:45.693+0000] {processor.py:161} INFO - Started process (PID=8780) to work on /opt/airflow/dags/etl_dag.py
[2025-11-13T06:11:45.696+0000] {processor.py:830} INFO - Processing file /opt/airflow/dags/etl_dag.py for tasks to queue
[2025-11-13T06:11:45.698+0000] {logging_mixin.py:188} INFO - [2025-11-13T06:11:45.698+0000] {dagbag.py:538} INFO - Filling up the DagBag from /opt/airflow/dags/etl_dag.py
[2025-11-13T06:11:45.759+0000] {processor.py:840} INFO - DAG(s) 'simple_etl_lineage' retrieved from /opt/airflow/dags/etl_dag.py
[2025-11-13T06:11:45.824+0000] {logging_mixin.py:188} INFO - [2025-11-13T06:11:45.824+0000] {dag.py:3036} INFO - Sync 1 DAGs
[2025-11-13T06:11:45.847+0000] {logging_mixin.py:188} INFO - [2025-11-13T06:11:45.846+0000] {dag.py:3823} INFO - Setting next_dagrun for simple_etl_lineage to None, run_after=None
[2025-11-13T06:11:45.887+0000] {processor.py:183} INFO - Processing /opt/airflow/dags/etl_dag.py took 0.199 seconds
[2025-11-13T06:12:16.520+0000] {processor.py:161} INFO - Started process (PID=8795) to work on /opt/airflow/dags/etl_dag.py
[2025-11-13T06:12:16.522+0000] {processor.py:830} INFO - Processing file /opt/airflow/dags/etl_dag.py for tasks to queue
[2025-11-13T06:12:16.523+0000] {logging_mixin.py:188} INFO - [2025-11-13T06:12:16.523+0000] {dagbag.py:538} INFO - Filling up the DagBag from /opt/airflow/dags/etl_dag.py
[2025-11-13T06:12:16.554+0000] {processor.py:840} INFO - DAG(s) 'simple_etl_lineage' retrieved from /opt/airflow/dags/etl_dag.py
[2025-11-13T06:12:16.595+0000] {logging_mixin.py:188} INFO - [2025-11-13T06:12:16.595+0000] {dag.py:3036} INFO - Sync 1 DAGs
[2025-11-13T06:12:16.620+0000] {logging_mixin.py:188} INFO - [2025-11-13T06:12:16.619+0000] {dag.py:3823} INFO - Setting next_dagrun for simple_etl_lineage to None, run_after=None
[2025-11-13T06:12:16.691+0000] {processor.py:183} INFO - Processing /opt/airflow/dags/etl_dag.py took 0.176 seconds
[2025-11-13T06:12:47.271+0000] {processor.py:161} INFO - Started process (PID=8810) to work on /opt/airflow/dags/etl_dag.py
[2025-11-13T06:12:47.275+0000] {processor.py:830} INFO - Processing file /opt/airflow/dags/etl_dag.py for tasks to queue
[2025-11-13T06:12:47.278+0000] {logging_mixin.py:188} INFO - [2025-11-13T06:12:47.277+0000] {dagbag.py:538} INFO - Filling up the DagBag from /opt/airflow/dags/etl_dag.py
[2025-11-13T06:12:47.343+0000] {processor.py:840} INFO - DAG(s) 'simple_etl_lineage' retrieved from /opt/airflow/dags/etl_dag.py
[2025-11-13T06:12:47.458+0000] {logging_mixin.py:188} INFO - [2025-11-13T06:12:47.458+0000] {dag.py:3036} INFO - Sync 1 DAGs
[2025-11-13T06:12:47.484+0000] {logging_mixin.py:188} INFO - [2025-11-13T06:12:47.484+0000] {dag.py:3823} INFO - Setting next_dagrun for simple_etl_lineage to None, run_after=None
[2025-11-13T06:12:47.567+0000] {processor.py:183} INFO - Processing /opt/airflow/dags/etl_dag.py took 0.301 seconds
[2025-11-13T06:13:17.996+0000] {processor.py:161} INFO - Started process (PID=8825) to work on /opt/airflow/dags/etl_dag.py
[2025-11-13T06:13:17.997+0000] {processor.py:830} INFO - Processing file /opt/airflow/dags/etl_dag.py for tasks to queue
[2025-11-13T06:13:17.999+0000] {logging_mixin.py:188} INFO - [2025-11-13T06:13:17.998+0000] {dagbag.py:538} INFO - Filling up the DagBag from /opt/airflow/dags/etl_dag.py
[2025-11-13T06:13:18.024+0000] {processor.py:840} INFO - DAG(s) 'simple_etl_lineage' retrieved from /opt/airflow/dags/etl_dag.py
[2025-11-13T06:13:18.059+0000] {logging_mixin.py:188} INFO - [2025-11-13T06:13:18.058+0000] {dag.py:3036} INFO - Sync 1 DAGs
[2025-11-13T06:13:18.075+0000] {logging_mixin.py:188} INFO - [2025-11-13T06:13:18.074+0000] {dag.py:3823} INFO - Setting next_dagrun for simple_etl_lineage to None, run_after=None
[2025-11-13T06:13:18.117+0000] {processor.py:183} INFO - Processing /opt/airflow/dags/etl_dag.py took 0.125 seconds
[2025-11-13T06:13:48.514+0000] {processor.py:161} INFO - Started process (PID=8840) to work on /opt/airflow/dags/etl_dag.py
[2025-11-13T06:13:48.516+0000] {processor.py:830} INFO - Processing file /opt/airflow/dags/etl_dag.py for tasks to queue
[2025-11-13T06:13:48.517+0000] {logging_mixin.py:188} INFO - [2025-11-13T06:13:48.517+0000] {dagbag.py:538} INFO - Filling up the DagBag from /opt/airflow/dags/etl_dag.py
[2025-11-13T06:13:48.541+0000] {processor.py:840} INFO - DAG(s) 'simple_etl_lineage' retrieved from /opt/airflow/dags/etl_dag.py
[2025-11-13T06:13:48.581+0000] {logging_mixin.py:188} INFO - [2025-11-13T06:13:48.580+0000] {dag.py:3036} INFO - Sync 1 DAGs
[2025-11-13T06:13:48.596+0000] {logging_mixin.py:188} INFO - [2025-11-13T06:13:48.594+0000] {dag.py:3823} INFO - Setting next_dagrun for simple_etl_lineage to None, run_after=None
[2025-11-13T06:13:48.630+0000] {processor.py:183} INFO - Processing /opt/airflow/dags/etl_dag.py took 0.119 seconds
[2025-11-13T06:14:18.775+0000] {processor.py:161} INFO - Started process (PID=8856) to work on /opt/airflow/dags/etl_dag.py
[2025-11-13T06:14:18.777+0000] {processor.py:830} INFO - Processing file /opt/airflow/dags/etl_dag.py for tasks to queue
[2025-11-13T06:14:18.779+0000] {logging_mixin.py:188} INFO - [2025-11-13T06:14:18.778+0000] {dagbag.py:538} INFO - Filling up the DagBag from /opt/airflow/dags/etl_dag.py
[2025-11-13T06:14:18.809+0000] {processor.py:840} INFO - DAG(s) 'simple_etl_lineage' retrieved from /opt/airflow/dags/etl_dag.py
[2025-11-13T06:14:18.862+0000] {logging_mixin.py:188} INFO - [2025-11-13T06:14:18.861+0000] {dag.py:3036} INFO - Sync 1 DAGs
[2025-11-13T06:14:18.882+0000] {logging_mixin.py:188} INFO - [2025-11-13T06:14:18.881+0000] {dag.py:3823} INFO - Setting next_dagrun for simple_etl_lineage to None, run_after=None
[2025-11-13T06:14:18.912+0000] {processor.py:183} INFO - Processing /opt/airflow/dags/etl_dag.py took 0.143 seconds
[2025-11-13T06:14:49.437+0000] {processor.py:161} INFO - Started process (PID=8871) to work on /opt/airflow/dags/etl_dag.py
[2025-11-13T06:14:49.440+0000] {processor.py:830} INFO - Processing file /opt/airflow/dags/etl_dag.py for tasks to queue
[2025-11-13T06:14:49.443+0000] {logging_mixin.py:188} INFO - [2025-11-13T06:14:49.442+0000] {dagbag.py:538} INFO - Filling up the DagBag from /opt/airflow/dags/etl_dag.py
[2025-11-13T06:14:49.469+0000] {processor.py:840} INFO - DAG(s) 'simple_etl_lineage' retrieved from /opt/airflow/dags/etl_dag.py
[2025-11-13T06:14:49.525+0000] {logging_mixin.py:188} INFO - [2025-11-13T06:14:49.524+0000] {dag.py:3036} INFO - Sync 1 DAGs
[2025-11-13T06:14:49.554+0000] {logging_mixin.py:188} INFO - [2025-11-13T06:14:49.553+0000] {dag.py:3823} INFO - Setting next_dagrun for simple_etl_lineage to None, run_after=None
[2025-11-13T06:14:49.622+0000] {processor.py:183} INFO - Processing /opt/airflow/dags/etl_dag.py took 0.190 seconds
[2025-11-13T06:15:20.048+0000] {processor.py:161} INFO - Started process (PID=8886) to work on /opt/airflow/dags/etl_dag.py
[2025-11-13T06:15:20.077+0000] {processor.py:830} INFO - Processing file /opt/airflow/dags/etl_dag.py for tasks to queue
[2025-11-13T06:15:20.078+0000] {logging_mixin.py:188} INFO - [2025-11-13T06:15:20.078+0000] {dagbag.py:538} INFO - Filling up the DagBag from /opt/airflow/dags/etl_dag.py
[2025-11-13T06:15:20.099+0000] {processor.py:840} INFO - DAG(s) 'simple_etl_lineage' retrieved from /opt/airflow/dags/etl_dag.py
[2025-11-13T06:15:20.128+0000] {logging_mixin.py:188} INFO - [2025-11-13T06:15:20.127+0000] {dag.py:3036} INFO - Sync 1 DAGs
[2025-11-13T06:15:20.142+0000] {logging_mixin.py:188} INFO - [2025-11-13T06:15:20.141+0000] {dag.py:3823} INFO - Setting next_dagrun for simple_etl_lineage to None, run_after=None
[2025-11-13T06:15:20.166+0000] {processor.py:183} INFO - Processing /opt/airflow/dags/etl_dag.py took 0.121 seconds
[2025-11-13T06:15:50.639+0000] {processor.py:161} INFO - Started process (PID=8901) to work on /opt/airflow/dags/etl_dag.py
[2025-11-13T06:15:50.640+0000] {processor.py:830} INFO - Processing file /opt/airflow/dags/etl_dag.py for tasks to queue
[2025-11-13T06:15:50.641+0000] {logging_mixin.py:188} INFO - [2025-11-13T06:15:50.641+0000] {dagbag.py:538} INFO - Filling up the DagBag from /opt/airflow/dags/etl_dag.py
[2025-11-13T06:15:50.710+0000] {processor.py:840} INFO - DAG(s) 'simple_etl_lineage' retrieved from /opt/airflow/dags/etl_dag.py
[2025-11-13T06:15:50.750+0000] {logging_mixin.py:188} INFO - [2025-11-13T06:15:50.749+0000] {dag.py:3036} INFO - Sync 1 DAGs
[2025-11-13T06:15:50.762+0000] {logging_mixin.py:188} INFO - [2025-11-13T06:15:50.762+0000] {dag.py:3823} INFO - Setting next_dagrun for simple_etl_lineage to None, run_after=None
[2025-11-13T06:15:50.783+0000] {processor.py:183} INFO - Processing /opt/airflow/dags/etl_dag.py took 0.147 seconds
[2025-11-13T06:16:21.113+0000] {processor.py:161} INFO - Started process (PID=8916) to work on /opt/airflow/dags/etl_dag.py
[2025-11-13T06:16:21.114+0000] {processor.py:830} INFO - Processing file /opt/airflow/dags/etl_dag.py for tasks to queue
[2025-11-13T06:16:21.115+0000] {logging_mixin.py:188} INFO - [2025-11-13T06:16:21.115+0000] {dagbag.py:538} INFO - Filling up the DagBag from /opt/airflow/dags/etl_dag.py
[2025-11-13T06:16:21.140+0000] {processor.py:840} INFO - DAG(s) 'simple_etl_lineage' retrieved from /opt/airflow/dags/etl_dag.py
[2025-11-13T06:16:21.178+0000] {logging_mixin.py:188} INFO - [2025-11-13T06:16:21.178+0000] {dag.py:3036} INFO - Sync 1 DAGs
[2025-11-13T06:16:21.192+0000] {logging_mixin.py:188} INFO - [2025-11-13T06:16:21.192+0000] {dag.py:3823} INFO - Setting next_dagrun for simple_etl_lineage to None, run_after=None
[2025-11-13T06:16:21.219+0000] {processor.py:183} INFO - Processing /opt/airflow/dags/etl_dag.py took 0.110 seconds
[2025-11-13T06:16:51.616+0000] {processor.py:161} INFO - Started process (PID=8931) to work on /opt/airflow/dags/etl_dag.py
[2025-11-13T06:16:51.618+0000] {processor.py:830} INFO - Processing file /opt/airflow/dags/etl_dag.py for tasks to queue
[2025-11-13T06:16:51.619+0000] {logging_mixin.py:188} INFO - [2025-11-13T06:16:51.619+0000] {dagbag.py:538} INFO - Filling up the DagBag from /opt/airflow/dags/etl_dag.py
[2025-11-13T06:16:51.646+0000] {processor.py:840} INFO - DAG(s) 'simple_etl_lineage' retrieved from /opt/airflow/dags/etl_dag.py
[2025-11-13T06:16:51.682+0000] {logging_mixin.py:188} INFO - [2025-11-13T06:16:51.682+0000] {dag.py:3036} INFO - Sync 1 DAGs
[2025-11-13T06:16:51.697+0000] {logging_mixin.py:188} INFO - [2025-11-13T06:16:51.696+0000] {dag.py:3823} INFO - Setting next_dagrun for simple_etl_lineage to None, run_after=None
[2025-11-13T06:16:51.724+0000] {processor.py:183} INFO - Processing /opt/airflow/dags/etl_dag.py took 0.112 seconds
[2025-11-13T06:17:22.657+0000] {processor.py:161} INFO - Started process (PID=8946) to work on /opt/airflow/dags/etl_dag.py
[2025-11-13T06:17:22.664+0000] {processor.py:830} INFO - Processing file /opt/airflow/dags/etl_dag.py for tasks to queue
[2025-11-13T06:17:22.673+0000] {logging_mixin.py:188} INFO - [2025-11-13T06:17:22.672+0000] {dagbag.py:538} INFO - Filling up the DagBag from /opt/airflow/dags/etl_dag.py
[2025-11-13T06:17:22.744+0000] {processor.py:840} INFO - DAG(s) 'simple_etl_lineage' retrieved from /opt/airflow/dags/etl_dag.py
[2025-11-13T06:17:22.823+0000] {logging_mixin.py:188} INFO - [2025-11-13T06:17:22.823+0000] {dag.py:3036} INFO - Sync 1 DAGs
[2025-11-13T06:17:22.866+0000] {logging_mixin.py:188} INFO - [2025-11-13T06:17:22.865+0000] {dag.py:3823} INFO - Setting next_dagrun for simple_etl_lineage to None, run_after=None
[2025-11-13T06:17:22.927+0000] {processor.py:183} INFO - Processing /opt/airflow/dags/etl_dag.py took 0.275 seconds
[2025-11-13T06:17:53.171+0000] {processor.py:161} INFO - Started process (PID=8961) to work on /opt/airflow/dags/etl_dag.py
[2025-11-13T06:17:53.173+0000] {processor.py:830} INFO - Processing file /opt/airflow/dags/etl_dag.py for tasks to queue
[2025-11-13T06:17:53.174+0000] {logging_mixin.py:188} INFO - [2025-11-13T06:17:53.174+0000] {dagbag.py:538} INFO - Filling up the DagBag from /opt/airflow/dags/etl_dag.py
[2025-11-13T06:17:53.211+0000] {processor.py:840} INFO - DAG(s) 'simple_etl_lineage' retrieved from /opt/airflow/dags/etl_dag.py
[2025-11-13T06:17:53.312+0000] {logging_mixin.py:188} INFO - [2025-11-13T06:17:53.311+0000] {dag.py:3036} INFO - Sync 1 DAGs
[2025-11-13T06:17:53.342+0000] {logging_mixin.py:188} INFO - [2025-11-13T06:17:53.341+0000] {dag.py:3823} INFO - Setting next_dagrun for simple_etl_lineage to None, run_after=None
[2025-11-13T06:17:53.377+0000] {processor.py:183} INFO - Processing /opt/airflow/dags/etl_dag.py took 0.211 seconds
[2025-11-13T06:18:23.984+0000] {processor.py:161} INFO - Started process (PID=8976) to work on /opt/airflow/dags/etl_dag.py
[2025-11-13T06:18:23.985+0000] {processor.py:830} INFO - Processing file /opt/airflow/dags/etl_dag.py for tasks to queue
[2025-11-13T06:18:23.986+0000] {logging_mixin.py:188} INFO - [2025-11-13T06:18:23.986+0000] {dagbag.py:538} INFO - Filling up the DagBag from /opt/airflow/dags/etl_dag.py
[2025-11-13T06:18:24.011+0000] {processor.py:840} INFO - DAG(s) 'simple_etl_lineage' retrieved from /opt/airflow/dags/etl_dag.py
[2025-11-13T06:18:24.047+0000] {logging_mixin.py:188} INFO - [2025-11-13T06:18:24.046+0000] {dag.py:3036} INFO - Sync 1 DAGs
[2025-11-13T06:18:24.065+0000] {logging_mixin.py:188} INFO - [2025-11-13T06:18:24.065+0000] {dag.py:3823} INFO - Setting next_dagrun for simple_etl_lineage to None, run_after=None
[2025-11-13T06:18:24.120+0000] {processor.py:183} INFO - Processing /opt/airflow/dags/etl_dag.py took 0.140 seconds
[2025-11-13T06:18:54.638+0000] {processor.py:161} INFO - Started process (PID=8991) to work on /opt/airflow/dags/etl_dag.py
[2025-11-13T06:18:54.642+0000] {processor.py:830} INFO - Processing file /opt/airflow/dags/etl_dag.py for tasks to queue
[2025-11-13T06:18:54.645+0000] {logging_mixin.py:188} INFO - [2025-11-13T06:18:54.644+0000] {dagbag.py:538} INFO - Filling up the DagBag from /opt/airflow/dags/etl_dag.py
[2025-11-13T06:18:54.732+0000] {processor.py:840} INFO - DAG(s) 'simple_etl_lineage' retrieved from /opt/airflow/dags/etl_dag.py
[2025-11-13T06:18:54.830+0000] {logging_mixin.py:188} INFO - [2025-11-13T06:18:54.830+0000] {dag.py:3036} INFO - Sync 1 DAGs
[2025-11-13T06:18:54.859+0000] {logging_mixin.py:188} INFO - [2025-11-13T06:18:54.858+0000] {dag.py:3823} INFO - Setting next_dagrun for simple_etl_lineage to None, run_after=None
[2025-11-13T06:18:54.932+0000] {processor.py:183} INFO - Processing /opt/airflow/dags/etl_dag.py took 0.300 seconds
[2025-11-13T06:19:25.478+0000] {processor.py:161} INFO - Started process (PID=9006) to work on /opt/airflow/dags/etl_dag.py
[2025-11-13T06:19:25.480+0000] {processor.py:830} INFO - Processing file /opt/airflow/dags/etl_dag.py for tasks to queue
[2025-11-13T06:19:25.491+0000] {logging_mixin.py:188} INFO - [2025-11-13T06:19:25.490+0000] {dagbag.py:538} INFO - Filling up the DagBag from /opt/airflow/dags/etl_dag.py
[2025-11-13T06:19:25.557+0000] {processor.py:840} INFO - DAG(s) 'simple_etl_lineage' retrieved from /opt/airflow/dags/etl_dag.py
[2025-11-13T06:19:25.665+0000] {logging_mixin.py:188} INFO - [2025-11-13T06:19:25.665+0000] {dag.py:3036} INFO - Sync 1 DAGs
[2025-11-13T06:19:25.718+0000] {logging_mixin.py:188} INFO - [2025-11-13T06:19:25.717+0000] {dag.py:3823} INFO - Setting next_dagrun for simple_etl_lineage to None, run_after=None
[2025-11-13T06:19:25.863+0000] {processor.py:183} INFO - Processing /opt/airflow/dags/etl_dag.py took 0.389 seconds
[2025-11-13T06:19:55.997+0000] {processor.py:161} INFO - Started process (PID=9021) to work on /opt/airflow/dags/etl_dag.py
[2025-11-13T06:19:55.998+0000] {processor.py:830} INFO - Processing file /opt/airflow/dags/etl_dag.py for tasks to queue
[2025-11-13T06:19:56.000+0000] {logging_mixin.py:188} INFO - [2025-11-13T06:19:55.999+0000] {dagbag.py:538} INFO - Filling up the DagBag from /opt/airflow/dags/etl_dag.py
[2025-11-13T06:19:57.044+0000] {processor.py:840} INFO - DAG(s) 'simple_etl_lineage' retrieved from /opt/airflow/dags/etl_dag.py
[2025-11-13T06:19:57.075+0000] {logging_mixin.py:188} INFO - [2025-11-13T06:19:57.074+0000] {dag.py:3036} INFO - Sync 1 DAGs
[2025-11-13T06:19:57.086+0000] {logging_mixin.py:188} INFO - [2025-11-13T06:19:57.086+0000] {dag.py:3823} INFO - Setting next_dagrun for simple_etl_lineage to None, run_after=None
[2025-11-13T06:19:57.110+0000] {processor.py:183} INFO - Processing /opt/airflow/dags/etl_dag.py took 1.121 seconds
[2025-11-13T06:20:27.563+0000] {processor.py:161} INFO - Started process (PID=9038) to work on /opt/airflow/dags/etl_dag.py
[2025-11-13T06:20:27.564+0000] {processor.py:830} INFO - Processing file /opt/airflow/dags/etl_dag.py for tasks to queue
[2025-11-13T06:20:27.565+0000] {logging_mixin.py:188} INFO - [2025-11-13T06:20:27.565+0000] {dagbag.py:538} INFO - Filling up the DagBag from /opt/airflow/dags/etl_dag.py
[2025-11-13T06:20:27.581+0000] {processor.py:840} INFO - DAG(s) 'simple_etl_lineage' retrieved from /opt/airflow/dags/etl_dag.py
[2025-11-13T06:20:27.606+0000] {logging_mixin.py:188} INFO - [2025-11-13T06:20:27.606+0000] {dag.py:3036} INFO - Sync 1 DAGs
[2025-11-13T06:20:27.625+0000] {logging_mixin.py:188} INFO - [2025-11-13T06:20:27.625+0000] {dag.py:3823} INFO - Setting next_dagrun for simple_etl_lineage to None, run_after=None
[2025-11-13T06:20:27.654+0000] {processor.py:183} INFO - Processing /opt/airflow/dags/etl_dag.py took 0.095 seconds
[2025-11-13T06:20:58.087+0000] {processor.py:161} INFO - Started process (PID=9053) to work on /opt/airflow/dags/etl_dag.py
[2025-11-13T06:20:58.088+0000] {processor.py:830} INFO - Processing file /opt/airflow/dags/etl_dag.py for tasks to queue
[2025-11-13T06:20:58.090+0000] {logging_mixin.py:188} INFO - [2025-11-13T06:20:58.090+0000] {dagbag.py:538} INFO - Filling up the DagBag from /opt/airflow/dags/etl_dag.py
[2025-11-13T06:20:58.108+0000] {processor.py:840} INFO - DAG(s) 'simple_etl_lineage' retrieved from /opt/airflow/dags/etl_dag.py
[2025-11-13T06:20:58.134+0000] {logging_mixin.py:188} INFO - [2025-11-13T06:20:58.133+0000] {dag.py:3036} INFO - Sync 1 DAGs
[2025-11-13T06:20:58.144+0000] {logging_mixin.py:188} INFO - [2025-11-13T06:20:58.144+0000] {dag.py:3823} INFO - Setting next_dagrun for simple_etl_lineage to None, run_after=None
[2025-11-13T06:20:58.169+0000] {processor.py:183} INFO - Processing /opt/airflow/dags/etl_dag.py took 0.085 seconds
[2025-11-13T06:21:28.575+0000] {processor.py:161} INFO - Started process (PID=9068) to work on /opt/airflow/dags/etl_dag.py
[2025-11-13T06:21:28.577+0000] {processor.py:830} INFO - Processing file /opt/airflow/dags/etl_dag.py for tasks to queue
[2025-11-13T06:21:28.578+0000] {logging_mixin.py:188} INFO - [2025-11-13T06:21:28.578+0000] {dagbag.py:538} INFO - Filling up the DagBag from /opt/airflow/dags/etl_dag.py
[2025-11-13T06:21:28.597+0000] {processor.py:840} INFO - DAG(s) 'simple_etl_lineage' retrieved from /opt/airflow/dags/etl_dag.py
[2025-11-13T06:21:28.622+0000] {logging_mixin.py:188} INFO - [2025-11-13T06:21:28.621+0000] {dag.py:3036} INFO - Sync 1 DAGs
[2025-11-13T06:21:28.632+0000] {logging_mixin.py:188} INFO - [2025-11-13T06:21:28.632+0000] {dag.py:3823} INFO - Setting next_dagrun for simple_etl_lineage to None, run_after=None
[2025-11-13T06:21:28.655+0000] {processor.py:183} INFO - Processing /opt/airflow/dags/etl_dag.py took 0.084 seconds
[2025-11-13T06:21:59.363+0000] {processor.py:161} INFO - Started process (PID=9083) to work on /opt/airflow/dags/etl_dag.py
[2025-11-13T06:21:59.365+0000] {processor.py:830} INFO - Processing file /opt/airflow/dags/etl_dag.py for tasks to queue
[2025-11-13T06:21:59.367+0000] {logging_mixin.py:188} INFO - [2025-11-13T06:21:59.366+0000] {dagbag.py:538} INFO - Filling up the DagBag from /opt/airflow/dags/etl_dag.py
[2025-11-13T06:21:59.392+0000] {processor.py:840} INFO - DAG(s) 'simple_etl_lineage' retrieved from /opt/airflow/dags/etl_dag.py
[2025-11-13T06:21:59.431+0000] {logging_mixin.py:188} INFO - [2025-11-13T06:21:59.430+0000] {dag.py:3036} INFO - Sync 1 DAGs
[2025-11-13T06:21:59.452+0000] {logging_mixin.py:188} INFO - [2025-11-13T06:21:59.451+0000] {dag.py:3823} INFO - Setting next_dagrun for simple_etl_lineage to None, run_after=None
[2025-11-13T06:21:59.497+0000] {processor.py:183} INFO - Processing /opt/airflow/dags/etl_dag.py took 0.138 seconds
[2025-11-13T06:22:30.446+0000] {processor.py:161} INFO - Started process (PID=9098) to work on /opt/airflow/dags/etl_dag.py
[2025-11-13T06:22:30.448+0000] {processor.py:830} INFO - Processing file /opt/airflow/dags/etl_dag.py for tasks to queue
[2025-11-13T06:22:30.449+0000] {logging_mixin.py:188} INFO - [2025-11-13T06:22:30.449+0000] {dagbag.py:538} INFO - Filling up the DagBag from /opt/airflow/dags/etl_dag.py
[2025-11-13T06:22:30.473+0000] {processor.py:840} INFO - DAG(s) 'simple_etl_lineage' retrieved from /opt/airflow/dags/etl_dag.py
[2025-11-13T06:22:30.503+0000] {logging_mixin.py:188} INFO - [2025-11-13T06:22:30.503+0000] {dag.py:3036} INFO - Sync 1 DAGs
[2025-11-13T06:22:30.519+0000] {logging_mixin.py:188} INFO - [2025-11-13T06:22:30.518+0000] {dag.py:3823} INFO - Setting next_dagrun for simple_etl_lineage to None, run_after=None
[2025-11-13T06:22:30.546+0000] {processor.py:183} INFO - Processing /opt/airflow/dags/etl_dag.py took 0.102 seconds
[2025-11-13T06:23:01.278+0000] {processor.py:161} INFO - Started process (PID=9113) to work on /opt/airflow/dags/etl_dag.py
[2025-11-13T06:23:01.279+0000] {processor.py:830} INFO - Processing file /opt/airflow/dags/etl_dag.py for tasks to queue
[2025-11-13T06:23:01.283+0000] {logging_mixin.py:188} INFO - [2025-11-13T06:23:01.282+0000] {dagbag.py:538} INFO - Filling up the DagBag from /opt/airflow/dags/etl_dag.py
[2025-11-13T06:23:01.332+0000] {processor.py:840} INFO - DAG(s) 'simple_etl_lineage' retrieved from /opt/airflow/dags/etl_dag.py
[2025-11-13T06:23:01.368+0000] {logging_mixin.py:188} INFO - [2025-11-13T06:23:01.367+0000] {dag.py:3036} INFO - Sync 1 DAGs
[2025-11-13T06:23:01.388+0000] {logging_mixin.py:188} INFO - [2025-11-13T06:23:01.387+0000] {dag.py:3823} INFO - Setting next_dagrun for simple_etl_lineage to None, run_after=None
[2025-11-13T06:23:01.425+0000] {processor.py:183} INFO - Processing /opt/airflow/dags/etl_dag.py took 0.151 seconds
[2025-11-13T06:23:31.783+0000] {processor.py:161} INFO - Started process (PID=9128) to work on /opt/airflow/dags/etl_dag.py
[2025-11-13T06:23:31.786+0000] {processor.py:830} INFO - Processing file /opt/airflow/dags/etl_dag.py for tasks to queue
[2025-11-13T06:23:31.790+0000] {logging_mixin.py:188} INFO - [2025-11-13T06:23:31.790+0000] {dagbag.py:538} INFO - Filling up the DagBag from /opt/airflow/dags/etl_dag.py
[2025-11-13T06:23:31.837+0000] {processor.py:840} INFO - DAG(s) 'simple_etl_lineage' retrieved from /opt/airflow/dags/etl_dag.py
[2025-11-13T06:23:31.875+0000] {logging_mixin.py:188} INFO - [2025-11-13T06:23:31.875+0000] {dag.py:3036} INFO - Sync 1 DAGs
[2025-11-13T06:23:31.890+0000] {logging_mixin.py:188} INFO - [2025-11-13T06:23:31.890+0000] {dag.py:3823} INFO - Setting next_dagrun for simple_etl_lineage to None, run_after=None
[2025-11-13T06:23:31.918+0000] {processor.py:183} INFO - Processing /opt/airflow/dags/etl_dag.py took 0.142 seconds
[2025-11-13T06:24:02.050+0000] {processor.py:161} INFO - Started process (PID=9143) to work on /opt/airflow/dags/etl_dag.py
[2025-11-13T06:24:02.052+0000] {processor.py:830} INFO - Processing file /opt/airflow/dags/etl_dag.py for tasks to queue
[2025-11-13T06:24:02.053+0000] {logging_mixin.py:188} INFO - [2025-11-13T06:24:02.052+0000] {dagbag.py:538} INFO - Filling up the DagBag from /opt/airflow/dags/etl_dag.py
[2025-11-13T06:24:02.070+0000] {processor.py:840} INFO - DAG(s) 'simple_etl_lineage' retrieved from /opt/airflow/dags/etl_dag.py
[2025-11-13T06:24:02.098+0000] {logging_mixin.py:188} INFO - [2025-11-13T06:24:02.098+0000] {dag.py:3036} INFO - Sync 1 DAGs
[2025-11-13T06:24:02.109+0000] {logging_mixin.py:188} INFO - [2025-11-13T06:24:02.109+0000] {dag.py:3823} INFO - Setting next_dagrun for simple_etl_lineage to None, run_after=None
[2025-11-13T06:24:02.132+0000] {processor.py:183} INFO - Processing /opt/airflow/dags/etl_dag.py took 0.085 seconds
[2025-11-13T06:24:32.873+0000] {processor.py:161} INFO - Started process (PID=9158) to work on /opt/airflow/dags/etl_dag.py
[2025-11-13T06:24:32.875+0000] {processor.py:830} INFO - Processing file /opt/airflow/dags/etl_dag.py for tasks to queue
[2025-11-13T06:24:32.876+0000] {logging_mixin.py:188} INFO - [2025-11-13T06:24:32.875+0000] {dagbag.py:538} INFO - Filling up the DagBag from /opt/airflow/dags/etl_dag.py
[2025-11-13T06:24:32.901+0000] {processor.py:840} INFO - DAG(s) 'simple_etl_lineage' retrieved from /opt/airflow/dags/etl_dag.py
[2025-11-13T06:24:32.929+0000] {logging_mixin.py:188} INFO - [2025-11-13T06:24:32.929+0000] {dag.py:3036} INFO - Sync 1 DAGs
[2025-11-13T06:24:32.942+0000] {logging_mixin.py:188} INFO - [2025-11-13T06:24:32.942+0000] {dag.py:3823} INFO - Setting next_dagrun for simple_etl_lineage to None, run_after=None
[2025-11-13T06:24:32.964+0000] {processor.py:183} INFO - Processing /opt/airflow/dags/etl_dag.py took 0.094 seconds
[2025-11-13T06:25:03.734+0000] {processor.py:161} INFO - Started process (PID=9173) to work on /opt/airflow/dags/etl_dag.py
[2025-11-13T06:25:03.735+0000] {processor.py:830} INFO - Processing file /opt/airflow/dags/etl_dag.py for tasks to queue
[2025-11-13T06:25:03.737+0000] {logging_mixin.py:188} INFO - [2025-11-13T06:25:03.737+0000] {dagbag.py:538} INFO - Filling up the DagBag from /opt/airflow/dags/etl_dag.py
[2025-11-13T06:25:03.760+0000] {processor.py:840} INFO - DAG(s) 'simple_etl_lineage' retrieved from /opt/airflow/dags/etl_dag.py
[2025-11-13T06:25:03.794+0000] {logging_mixin.py:188} INFO - [2025-11-13T06:25:03.794+0000] {dag.py:3036} INFO - Sync 1 DAGs
[2025-11-13T06:25:03.813+0000] {logging_mixin.py:188} INFO - [2025-11-13T06:25:03.813+0000] {dag.py:3823} INFO - Setting next_dagrun for simple_etl_lineage to None, run_after=None
[2025-11-13T06:25:03.859+0000] {processor.py:183} INFO - Processing /opt/airflow/dags/etl_dag.py took 0.129 seconds
[2025-11-13T06:25:34.631+0000] {processor.py:161} INFO - Started process (PID=9188) to work on /opt/airflow/dags/etl_dag.py
[2025-11-13T06:25:34.639+0000] {processor.py:830} INFO - Processing file /opt/airflow/dags/etl_dag.py for tasks to queue
[2025-11-13T06:25:34.643+0000] {logging_mixin.py:188} INFO - [2025-11-13T06:25:34.642+0000] {dagbag.py:538} INFO - Filling up the DagBag from /opt/airflow/dags/etl_dag.py
[2025-11-13T06:25:34.685+0000] {processor.py:840} INFO - DAG(s) 'simple_etl_lineage' retrieved from /opt/airflow/dags/etl_dag.py
[2025-11-13T06:25:34.768+0000] {logging_mixin.py:188} INFO - [2025-11-13T06:25:34.767+0000] {dag.py:3036} INFO - Sync 1 DAGs
[2025-11-13T06:25:34.798+0000] {logging_mixin.py:188} INFO - [2025-11-13T06:25:34.797+0000] {dag.py:3823} INFO - Setting next_dagrun for simple_etl_lineage to None, run_after=None
[2025-11-13T06:25:34.855+0000] {processor.py:183} INFO - Processing /opt/airflow/dags/etl_dag.py took 0.233 seconds
[2025-11-13T06:26:04.953+0000] {processor.py:161} INFO - Started process (PID=9203) to work on /opt/airflow/dags/etl_dag.py
[2025-11-13T06:26:04.955+0000] {processor.py:830} INFO - Processing file /opt/airflow/dags/etl_dag.py for tasks to queue
[2025-11-13T06:26:04.956+0000] {logging_mixin.py:188} INFO - [2025-11-13T06:26:04.956+0000] {dagbag.py:538} INFO - Filling up the DagBag from /opt/airflow/dags/etl_dag.py
[2025-11-13T06:26:04.996+0000] {processor.py:840} INFO - DAG(s) 'simple_etl_lineage' retrieved from /opt/airflow/dags/etl_dag.py
[2025-11-13T06:26:05.044+0000] {logging_mixin.py:188} INFO - [2025-11-13T06:26:05.044+0000] {dag.py:3036} INFO - Sync 1 DAGs
[2025-11-13T06:26:05.066+0000] {logging_mixin.py:188} INFO - [2025-11-13T06:26:05.065+0000] {dag.py:3823} INFO - Setting next_dagrun for simple_etl_lineage to None, run_after=None
[2025-11-13T06:26:05.108+0000] {processor.py:183} INFO - Processing /opt/airflow/dags/etl_dag.py took 0.159 seconds
[2025-11-13T06:26:35.357+0000] {processor.py:161} INFO - Started process (PID=9218) to work on /opt/airflow/dags/etl_dag.py
[2025-11-13T06:26:35.358+0000] {processor.py:830} INFO - Processing file /opt/airflow/dags/etl_dag.py for tasks to queue
[2025-11-13T06:26:35.359+0000] {logging_mixin.py:188} INFO - [2025-11-13T06:26:35.359+0000] {dagbag.py:538} INFO - Filling up the DagBag from /opt/airflow/dags/etl_dag.py
[2025-11-13T06:26:35.387+0000] {processor.py:840} INFO - DAG(s) 'simple_etl_lineage' retrieved from /opt/airflow/dags/etl_dag.py
[2025-11-13T06:26:35.421+0000] {logging_mixin.py:188} INFO - [2025-11-13T06:26:35.420+0000] {dag.py:3036} INFO - Sync 1 DAGs
[2025-11-13T06:26:35.431+0000] {logging_mixin.py:188} INFO - [2025-11-13T06:26:35.431+0000] {dag.py:3823} INFO - Setting next_dagrun for simple_etl_lineage to None, run_after=None
[2025-11-13T06:26:35.454+0000] {processor.py:183} INFO - Processing /opt/airflow/dags/etl_dag.py took 0.101 seconds
[2025-11-13T06:27:05.702+0000] {processor.py:161} INFO - Started process (PID=9233) to work on /opt/airflow/dags/etl_dag.py
[2025-11-13T06:27:05.708+0000] {processor.py:830} INFO - Processing file /opt/airflow/dags/etl_dag.py for tasks to queue
[2025-11-13T06:27:05.709+0000] {logging_mixin.py:188} INFO - [2025-11-13T06:27:05.709+0000] {dagbag.py:538} INFO - Filling up the DagBag from /opt/airflow/dags/etl_dag.py
[2025-11-13T06:27:05.737+0000] {processor.py:840} INFO - DAG(s) 'simple_etl_lineage' retrieved from /opt/airflow/dags/etl_dag.py
[2025-11-13T06:27:05.772+0000] {logging_mixin.py:188} INFO - [2025-11-13T06:27:05.772+0000] {dag.py:3036} INFO - Sync 1 DAGs
[2025-11-13T06:27:05.803+0000] {logging_mixin.py:188} INFO - [2025-11-13T06:27:05.803+0000] {dag.py:3823} INFO - Setting next_dagrun for simple_etl_lineage to None, run_after=None
[2025-11-13T06:27:05.853+0000] {processor.py:183} INFO - Processing /opt/airflow/dags/etl_dag.py took 0.155 seconds
[2025-11-13T06:27:36.575+0000] {processor.py:161} INFO - Started process (PID=9248) to work on /opt/airflow/dags/etl_dag.py
[2025-11-13T06:27:36.577+0000] {processor.py:830} INFO - Processing file /opt/airflow/dags/etl_dag.py for tasks to queue
[2025-11-13T06:27:36.578+0000] {logging_mixin.py:188} INFO - [2025-11-13T06:27:36.577+0000] {dagbag.py:538} INFO - Filling up the DagBag from /opt/airflow/dags/etl_dag.py
[2025-11-13T06:27:36.598+0000] {processor.py:840} INFO - DAG(s) 'simple_etl_lineage' retrieved from /opt/airflow/dags/etl_dag.py
[2025-11-13T06:27:36.631+0000] {logging_mixin.py:188} INFO - [2025-11-13T06:27:36.630+0000] {dag.py:3036} INFO - Sync 1 DAGs
[2025-11-13T06:27:36.652+0000] {logging_mixin.py:188} INFO - [2025-11-13T06:27:36.651+0000] {dag.py:3823} INFO - Setting next_dagrun for simple_etl_lineage to None, run_after=None
[2025-11-13T06:27:36.671+0000] {processor.py:183} INFO - Processing /opt/airflow/dags/etl_dag.py took 0.099 seconds
[2025-11-13T06:28:07.530+0000] {processor.py:161} INFO - Started process (PID=9263) to work on /opt/airflow/dags/etl_dag.py
[2025-11-13T06:28:07.531+0000] {processor.py:830} INFO - Processing file /opt/airflow/dags/etl_dag.py for tasks to queue
[2025-11-13T06:28:07.532+0000] {logging_mixin.py:188} INFO - [2025-11-13T06:28:07.532+0000] {dagbag.py:538} INFO - Filling up the DagBag from /opt/airflow/dags/etl_dag.py
[2025-11-13T06:28:07.556+0000] {processor.py:840} INFO - DAG(s) 'simple_etl_lineage' retrieved from /opt/airflow/dags/etl_dag.py
[2025-11-13T06:28:07.595+0000] {logging_mixin.py:188} INFO - [2025-11-13T06:28:07.594+0000] {dag.py:3036} INFO - Sync 1 DAGs
[2025-11-13T06:28:07.608+0000] {logging_mixin.py:188} INFO - [2025-11-13T06:28:07.608+0000] {dag.py:3823} INFO - Setting next_dagrun for simple_etl_lineage to None, run_after=None
[2025-11-13T06:28:07.630+0000] {processor.py:183} INFO - Processing /opt/airflow/dags/etl_dag.py took 0.108 seconds
[2025-11-13T06:28:39.758+0000] {processor.py:161} INFO - Started process (PID=9276) to work on /opt/airflow/dags/etl_dag.py
[2025-11-13T06:28:39.759+0000] {processor.py:830} INFO - Processing file /opt/airflow/dags/etl_dag.py for tasks to queue
[2025-11-13T06:28:39.760+0000] {logging_mixin.py:188} INFO - [2025-11-13T06:28:39.760+0000] {dagbag.py:538} INFO - Filling up the DagBag from /opt/airflow/dags/etl_dag.py
[2025-11-13T06:28:40.176+0000] {processor.py:840} INFO - DAG(s) 'simple_etl_lineage' retrieved from /opt/airflow/dags/etl_dag.py
[2025-11-13T06:28:40.224+0000] {logging_mixin.py:188} INFO - [2025-11-13T06:28:40.223+0000] {dag.py:3036} INFO - Sync 1 DAGs
[2025-11-13T06:28:40.250+0000] {logging_mixin.py:188} INFO - [2025-11-13T06:28:40.250+0000] {dag.py:3823} INFO - Setting next_dagrun for simple_etl_lineage to None, run_after=None
[2025-11-13T06:28:40.318+0000] {processor.py:183} INFO - Processing /opt/airflow/dags/etl_dag.py took 0.564 seconds
[2025-11-13T06:29:11.157+0000] {processor.py:161} INFO - Started process (PID=9293) to work on /opt/airflow/dags/etl_dag.py
[2025-11-13T06:29:11.174+0000] {processor.py:830} INFO - Processing file /opt/airflow/dags/etl_dag.py for tasks to queue
[2025-11-13T06:29:11.192+0000] {logging_mixin.py:188} INFO - [2025-11-13T06:29:11.192+0000] {dagbag.py:538} INFO - Filling up the DagBag from /opt/airflow/dags/etl_dag.py
[2025-11-13T06:29:11.232+0000] {processor.py:840} INFO - DAG(s) 'simple_etl_lineage' retrieved from /opt/airflow/dags/etl_dag.py
[2025-11-13T06:29:11.297+0000] {logging_mixin.py:188} INFO - [2025-11-13T06:29:11.296+0000] {dag.py:3036} INFO - Sync 1 DAGs
[2025-11-13T06:29:11.328+0000] {logging_mixin.py:188} INFO - [2025-11-13T06:29:11.328+0000] {dag.py:3823} INFO - Setting next_dagrun for simple_etl_lineage to None, run_after=None
[2025-11-13T06:29:11.378+0000] {processor.py:183} INFO - Processing /opt/airflow/dags/etl_dag.py took 0.225 seconds
[2025-11-13T06:29:41.907+0000] {processor.py:161} INFO - Started process (PID=9308) to work on /opt/airflow/dags/etl_dag.py
[2025-11-13T06:29:41.909+0000] {processor.py:830} INFO - Processing file /opt/airflow/dags/etl_dag.py for tasks to queue
[2025-11-13T06:29:41.910+0000] {logging_mixin.py:188} INFO - [2025-11-13T06:29:41.910+0000] {dagbag.py:538} INFO - Filling up the DagBag from /opt/airflow/dags/etl_dag.py
[2025-11-13T06:29:41.931+0000] {processor.py:840} INFO - DAG(s) 'simple_etl_lineage' retrieved from /opt/airflow/dags/etl_dag.py
[2025-11-13T06:29:41.962+0000] {logging_mixin.py:188} INFO - [2025-11-13T06:29:41.961+0000] {dag.py:3036} INFO - Sync 1 DAGs
[2025-11-13T06:29:41.976+0000] {logging_mixin.py:188} INFO - [2025-11-13T06:29:41.975+0000] {dag.py:3823} INFO - Setting next_dagrun for simple_etl_lineage to None, run_after=None
[2025-11-13T06:29:42.004+0000] {processor.py:183} INFO - Processing /opt/airflow/dags/etl_dag.py took 0.103 seconds
[2025-11-13T06:30:12.445+0000] {processor.py:161} INFO - Started process (PID=9323) to work on /opt/airflow/dags/etl_dag.py
[2025-11-13T06:30:12.446+0000] {processor.py:830} INFO - Processing file /opt/airflow/dags/etl_dag.py for tasks to queue
[2025-11-13T06:30:12.447+0000] {logging_mixin.py:188} INFO - [2025-11-13T06:30:12.447+0000] {dagbag.py:538} INFO - Filling up the DagBag from /opt/airflow/dags/etl_dag.py
[2025-11-13T06:30:12.464+0000] {processor.py:840} INFO - DAG(s) 'simple_etl_lineage' retrieved from /opt/airflow/dags/etl_dag.py
[2025-11-13T06:30:12.494+0000] {logging_mixin.py:188} INFO - [2025-11-13T06:30:12.494+0000] {dag.py:3036} INFO - Sync 1 DAGs
[2025-11-13T06:30:12.508+0000] {logging_mixin.py:188} INFO - [2025-11-13T06:30:12.507+0000] {dag.py:3823} INFO - Setting next_dagrun for simple_etl_lineage to None, run_after=None
[2025-11-13T06:30:12.530+0000] {processor.py:183} INFO - Processing /opt/airflow/dags/etl_dag.py took 0.089 seconds
[2025-11-13T06:30:44.201+0000] {processor.py:161} INFO - Started process (PID=9338) to work on /opt/airflow/dags/etl_dag.py
[2025-11-13T06:30:44.204+0000] {processor.py:830} INFO - Processing file /opt/airflow/dags/etl_dag.py for tasks to queue
[2025-11-13T06:30:44.214+0000] {logging_mixin.py:188} INFO - [2025-11-13T06:30:44.207+0000] {dagbag.py:538} INFO - Filling up the DagBag from /opt/airflow/dags/etl_dag.py
[2025-11-13T06:30:44.675+0000] {processor.py:840} INFO - DAG(s) 'simple_etl_lineage' retrieved from /opt/airflow/dags/etl_dag.py
[2025-11-13T06:30:44.800+0000] {logging_mixin.py:188} INFO - [2025-11-13T06:30:44.799+0000] {dag.py:3036} INFO - Sync 1 DAGs
[2025-11-13T06:30:44.848+0000] {logging_mixin.py:188} INFO - [2025-11-13T06:30:44.848+0000] {dag.py:3823} INFO - Setting next_dagrun for simple_etl_lineage to None, run_after=None
[2025-11-13T06:30:44.907+0000] {processor.py:183} INFO - Processing /opt/airflow/dags/etl_dag.py took 0.711 seconds
[2025-11-13T06:31:15.324+0000] {processor.py:161} INFO - Started process (PID=9353) to work on /opt/airflow/dags/etl_dag.py
[2025-11-13T06:31:15.325+0000] {processor.py:830} INFO - Processing file /opt/airflow/dags/etl_dag.py for tasks to queue
[2025-11-13T06:31:15.326+0000] {logging_mixin.py:188} INFO - [2025-11-13T06:31:15.326+0000] {dagbag.py:538} INFO - Filling up the DagBag from /opt/airflow/dags/etl_dag.py
[2025-11-13T06:31:15.345+0000] {processor.py:840} INFO - DAG(s) 'simple_etl_lineage' retrieved from /opt/airflow/dags/etl_dag.py
[2025-11-13T06:31:15.374+0000] {logging_mixin.py:188} INFO - [2025-11-13T06:31:15.373+0000] {dag.py:3036} INFO - Sync 1 DAGs
[2025-11-13T06:31:15.388+0000] {logging_mixin.py:188} INFO - [2025-11-13T06:31:15.388+0000] {dag.py:3823} INFO - Setting next_dagrun for simple_etl_lineage to None, run_after=None
[2025-11-13T06:31:15.414+0000] {processor.py:183} INFO - Processing /opt/airflow/dags/etl_dag.py took 0.094 seconds
[2025-11-13T06:31:46.383+0000] {processor.py:161} INFO - Started process (PID=9368) to work on /opt/airflow/dags/etl_dag.py
[2025-11-13T06:31:46.385+0000] {processor.py:830} INFO - Processing file /opt/airflow/dags/etl_dag.py for tasks to queue
[2025-11-13T06:31:46.388+0000] {logging_mixin.py:188} INFO - [2025-11-13T06:31:46.387+0000] {dagbag.py:538} INFO - Filling up the DagBag from /opt/airflow/dags/etl_dag.py
[2025-11-13T06:31:46.421+0000] {processor.py:840} INFO - DAG(s) 'simple_etl_lineage' retrieved from /opt/airflow/dags/etl_dag.py
[2025-11-13T06:31:46.477+0000] {logging_mixin.py:188} INFO - [2025-11-13T06:31:46.477+0000] {dag.py:3036} INFO - Sync 1 DAGs
[2025-11-13T06:31:46.504+0000] {logging_mixin.py:188} INFO - [2025-11-13T06:31:46.504+0000] {dag.py:3823} INFO - Setting next_dagrun for simple_etl_lineage to None, run_after=None
[2025-11-13T06:31:46.561+0000] {processor.py:183} INFO - Processing /opt/airflow/dags/etl_dag.py took 0.183 seconds
[2025-11-13T06:32:19.975+0000] {processor.py:161} INFO - Started process (PID=9383) to work on /opt/airflow/dags/etl_dag.py
[2025-11-13T06:32:19.988+0000] {processor.py:830} INFO - Processing file /opt/airflow/dags/etl_dag.py for tasks to queue
[2025-11-13T06:32:19.994+0000] {logging_mixin.py:188} INFO - [2025-11-13T06:32:19.994+0000] {dagbag.py:538} INFO - Filling up the DagBag from /opt/airflow/dags/etl_dag.py
[2025-11-13T06:32:20.203+0000] {processor.py:840} INFO - DAG(s) 'simple_etl_lineage' retrieved from /opt/airflow/dags/etl_dag.py
[2025-11-13T06:32:20.290+0000] {logging_mixin.py:188} INFO - [2025-11-13T06:32:20.281+0000] {dag.py:3036} INFO - Sync 1 DAGs
[2025-11-13T06:32:20.359+0000] {logging_mixin.py:188} INFO - [2025-11-13T06:32:20.359+0000] {dag.py:3823} INFO - Setting next_dagrun for simple_etl_lineage to None, run_after=None
[2025-11-13T06:32:20.452+0000] {processor.py:183} INFO - Processing /opt/airflow/dags/etl_dag.py took 0.482 seconds
[2025-11-13T06:32:51.356+0000] {processor.py:161} INFO - Started process (PID=9398) to work on /opt/airflow/dags/etl_dag.py
[2025-11-13T06:32:51.367+0000] {processor.py:830} INFO - Processing file /opt/airflow/dags/etl_dag.py for tasks to queue
[2025-11-13T06:32:51.370+0000] {logging_mixin.py:188} INFO - [2025-11-13T06:32:51.370+0000] {dagbag.py:538} INFO - Filling up the DagBag from /opt/airflow/dags/etl_dag.py
[2025-11-13T06:32:51.435+0000] {processor.py:840} INFO - DAG(s) 'simple_etl_lineage' retrieved from /opt/airflow/dags/etl_dag.py
[2025-11-13T06:32:51.531+0000] {logging_mixin.py:188} INFO - [2025-11-13T06:32:51.530+0000] {dag.py:3036} INFO - Sync 1 DAGs
[2025-11-13T06:32:51.577+0000] {logging_mixin.py:188} INFO - [2025-11-13T06:32:51.576+0000] {dag.py:3823} INFO - Setting next_dagrun for simple_etl_lineage to None, run_after=None
[2025-11-13T06:32:51.687+0000] {processor.py:183} INFO - Processing /opt/airflow/dags/etl_dag.py took 0.335 seconds
[2025-11-13T06:33:25.082+0000] {processor.py:161} INFO - Started process (PID=9411) to work on /opt/airflow/dags/etl_dag.py
[2025-11-13T06:33:25.098+0000] {processor.py:830} INFO - Processing file /opt/airflow/dags/etl_dag.py for tasks to queue
[2025-11-13T06:33:25.111+0000] {logging_mixin.py:188} INFO - [2025-11-13T06:33:25.111+0000] {dagbag.py:538} INFO - Filling up the DagBag from /opt/airflow/dags/etl_dag.py
[2025-11-13T06:33:25.465+0000] {processor.py:840} INFO - DAG(s) 'simple_etl_lineage' retrieved from /opt/airflow/dags/etl_dag.py
[2025-11-13T06:33:25.639+0000] {logging_mixin.py:188} INFO - [2025-11-13T06:33:25.638+0000] {dag.py:3036} INFO - Sync 1 DAGs
[2025-11-13T06:33:25.707+0000] {logging_mixin.py:188} INFO - [2025-11-13T06:33:25.706+0000] {dag.py:3823} INFO - Setting next_dagrun for simple_etl_lineage to None, run_after=None
[2025-11-13T06:33:25.882+0000] {processor.py:183} INFO - Processing /opt/airflow/dags/etl_dag.py took 0.804 seconds
[2025-11-13T06:34:22.588+0000] {processor.py:161} INFO - Started process (PID=9428) to work on /opt/airflow/dags/etl_dag.py
[2025-11-13T06:34:22.602+0000] {processor.py:830} INFO - Processing file /opt/airflow/dags/etl_dag.py for tasks to queue
[2025-11-13T06:34:22.605+0000] {logging_mixin.py:188} INFO - [2025-11-13T06:34:22.604+0000] {dagbag.py:538} INFO - Filling up the DagBag from /opt/airflow/dags/etl_dag.py
[2025-11-13T06:34:22.725+0000] {processor.py:840} INFO - DAG(s) 'simple_etl_lineage' retrieved from /opt/airflow/dags/etl_dag.py
[2025-11-13T06:34:22.856+0000] {logging_mixin.py:188} INFO - [2025-11-13T06:34:22.856+0000] {dag.py:3036} INFO - Sync 1 DAGs
[2025-11-13T06:34:22.903+0000] {logging_mixin.py:188} INFO - [2025-11-13T06:34:22.902+0000] {dag.py:3823} INFO - Setting next_dagrun for simple_etl_lineage to None, run_after=None
[2025-11-13T06:34:23.002+0000] {processor.py:183} INFO - Processing /opt/airflow/dags/etl_dag.py took 0.423 seconds
[2025-11-13T06:34:53.627+0000] {processor.py:161} INFO - Started process (PID=9443) to work on /opt/airflow/dags/etl_dag.py
[2025-11-13T06:34:53.630+0000] {processor.py:830} INFO - Processing file /opt/airflow/dags/etl_dag.py for tasks to queue
[2025-11-13T06:34:53.634+0000] {logging_mixin.py:188} INFO - [2025-11-13T06:34:53.634+0000] {dagbag.py:538} INFO - Filling up the DagBag from /opt/airflow/dags/etl_dag.py
[2025-11-13T06:34:53.705+0000] {processor.py:840} INFO - DAG(s) 'simple_etl_lineage' retrieved from /opt/airflow/dags/etl_dag.py
[2025-11-13T06:34:53.781+0000] {logging_mixin.py:188} INFO - [2025-11-13T06:34:53.780+0000] {dag.py:3036} INFO - Sync 1 DAGs
[2025-11-13T06:34:53.798+0000] {logging_mixin.py:188} INFO - [2025-11-13T06:34:53.797+0000] {dag.py:3823} INFO - Setting next_dagrun for simple_etl_lineage to None, run_after=None
[2025-11-13T06:34:53.829+0000] {processor.py:183} INFO - Processing /opt/airflow/dags/etl_dag.py took 0.207 seconds
[2025-11-13T06:35:24.044+0000] {processor.py:161} INFO - Started process (PID=9456) to work on /opt/airflow/dags/etl_dag.py
[2025-11-13T06:35:24.049+0000] {processor.py:830} INFO - Processing file /opt/airflow/dags/etl_dag.py for tasks to queue
[2025-11-13T06:35:24.054+0000] {logging_mixin.py:188} INFO - [2025-11-13T06:35:24.054+0000] {dagbag.py:538} INFO - Filling up the DagBag from /opt/airflow/dags/etl_dag.py
[2025-11-13T06:35:24.098+0000] {processor.py:840} INFO - DAG(s) 'simple_etl_lineage' retrieved from /opt/airflow/dags/etl_dag.py
[2025-11-13T06:35:24.160+0000] {logging_mixin.py:188} INFO - [2025-11-13T06:35:24.160+0000] {dag.py:3036} INFO - Sync 1 DAGs
[2025-11-13T06:35:24.212+0000] {logging_mixin.py:188} INFO - [2025-11-13T06:35:24.211+0000] {dag.py:3823} INFO - Setting next_dagrun for simple_etl_lineage to None, run_after=None
[2025-11-13T06:35:24.282+0000] {processor.py:183} INFO - Processing /opt/airflow/dags/etl_dag.py took 0.248 seconds
[2025-11-13T06:35:54.691+0000] {processor.py:161} INFO - Started process (PID=9473) to work on /opt/airflow/dags/etl_dag.py
[2025-11-13T06:35:54.694+0000] {processor.py:830} INFO - Processing file /opt/airflow/dags/etl_dag.py for tasks to queue
[2025-11-13T06:35:54.695+0000] {logging_mixin.py:188} INFO - [2025-11-13T06:35:54.695+0000] {dagbag.py:538} INFO - Filling up the DagBag from /opt/airflow/dags/etl_dag.py
[2025-11-13T06:35:54.714+0000] {processor.py:840} INFO - DAG(s) 'simple_etl_lineage' retrieved from /opt/airflow/dags/etl_dag.py
[2025-11-13T06:35:54.755+0000] {logging_mixin.py:188} INFO - [2025-11-13T06:35:54.754+0000] {dag.py:3036} INFO - Sync 1 DAGs
[2025-11-13T06:35:54.773+0000] {logging_mixin.py:188} INFO - [2025-11-13T06:35:54.773+0000] {dag.py:3823} INFO - Setting next_dagrun for simple_etl_lineage to None, run_after=None
[2025-11-13T06:35:54.797+0000] {processor.py:183} INFO - Processing /opt/airflow/dags/etl_dag.py took 0.110 seconds
[2025-11-13T06:36:25.600+0000] {processor.py:161} INFO - Started process (PID=9488) to work on /opt/airflow/dags/etl_dag.py
[2025-11-13T06:36:25.605+0000] {processor.py:830} INFO - Processing file /opt/airflow/dags/etl_dag.py for tasks to queue
[2025-11-13T06:36:25.613+0000] {logging_mixin.py:188} INFO - [2025-11-13T06:36:25.612+0000] {dagbag.py:538} INFO - Filling up the DagBag from /opt/airflow/dags/etl_dag.py
[2025-11-13T06:36:25.668+0000] {processor.py:840} INFO - DAG(s) 'simple_etl_lineage' retrieved from /opt/airflow/dags/etl_dag.py
[2025-11-13T06:36:25.736+0000] {logging_mixin.py:188} INFO - [2025-11-13T06:36:25.735+0000] {dag.py:3036} INFO - Sync 1 DAGs
[2025-11-13T06:36:25.779+0000] {logging_mixin.py:188} INFO - [2025-11-13T06:36:25.779+0000] {dag.py:3823} INFO - Setting next_dagrun for simple_etl_lineage to None, run_after=None
[2025-11-13T06:36:25.826+0000] {processor.py:183} INFO - Processing /opt/airflow/dags/etl_dag.py took 0.231 seconds
[2025-11-13T06:36:56.677+0000] {processor.py:161} INFO - Started process (PID=9503) to work on /opt/airflow/dags/etl_dag.py
[2025-11-13T06:36:56.689+0000] {processor.py:830} INFO - Processing file /opt/airflow/dags/etl_dag.py for tasks to queue
[2025-11-13T06:36:56.692+0000] {logging_mixin.py:188} INFO - [2025-11-13T06:36:56.691+0000] {dagbag.py:538} INFO - Filling up the DagBag from /opt/airflow/dags/etl_dag.py
[2025-11-13T06:36:56.863+0000] {processor.py:840} INFO - DAG(s) 'simple_etl_lineage' retrieved from /opt/airflow/dags/etl_dag.py
[2025-11-13T06:36:56.952+0000] {logging_mixin.py:188} INFO - [2025-11-13T06:36:56.951+0000] {dag.py:3036} INFO - Sync 1 DAGs
[2025-11-13T06:36:57.001+0000] {logging_mixin.py:188} INFO - [2025-11-13T06:36:57.000+0000] {dag.py:3823} INFO - Setting next_dagrun for simple_etl_lineage to None, run_after=None
[2025-11-13T06:36:57.051+0000] {processor.py:183} INFO - Processing /opt/airflow/dags/etl_dag.py took 0.378 seconds
[2025-11-13T06:37:27.734+0000] {processor.py:161} INFO - Started process (PID=9518) to work on /opt/airflow/dags/etl_dag.py
[2025-11-13T06:37:27.739+0000] {processor.py:830} INFO - Processing file /opt/airflow/dags/etl_dag.py for tasks to queue
[2025-11-13T06:37:27.742+0000] {logging_mixin.py:188} INFO - [2025-11-13T06:37:27.741+0000] {dagbag.py:538} INFO - Filling up the DagBag from /opt/airflow/dags/etl_dag.py
[2025-11-13T06:37:27.769+0000] {processor.py:840} INFO - DAG(s) 'simple_etl_lineage' retrieved from /opt/airflow/dags/etl_dag.py
[2025-11-13T06:37:27.804+0000] {logging_mixin.py:188} INFO - [2025-11-13T06:37:27.803+0000] {dag.py:3036} INFO - Sync 1 DAGs
[2025-11-13T06:37:27.822+0000] {logging_mixin.py:188} INFO - [2025-11-13T06:37:27.821+0000] {dag.py:3823} INFO - Setting next_dagrun for simple_etl_lineage to None, run_after=None
[2025-11-13T06:37:27.853+0000] {processor.py:183} INFO - Processing /opt/airflow/dags/etl_dag.py took 0.125 seconds
[2025-11-13T06:37:58.311+0000] {processor.py:161} INFO - Started process (PID=9533) to work on /opt/airflow/dags/etl_dag.py
[2025-11-13T06:37:58.317+0000] {processor.py:830} INFO - Processing file /opt/airflow/dags/etl_dag.py for tasks to queue
[2025-11-13T06:37:58.320+0000] {logging_mixin.py:188} INFO - [2025-11-13T06:37:58.319+0000] {dagbag.py:538} INFO - Filling up the DagBag from /opt/airflow/dags/etl_dag.py
[2025-11-13T06:37:58.354+0000] {processor.py:840} INFO - DAG(s) 'simple_etl_lineage' retrieved from /opt/airflow/dags/etl_dag.py
[2025-11-13T06:37:58.411+0000] {logging_mixin.py:188} INFO - [2025-11-13T06:37:58.410+0000] {dag.py:3036} INFO - Sync 1 DAGs
[2025-11-13T06:37:58.426+0000] {logging_mixin.py:188} INFO - [2025-11-13T06:37:58.425+0000] {dag.py:3823} INFO - Setting next_dagrun for simple_etl_lineage to None, run_after=None
[2025-11-13T06:37:58.456+0000] {processor.py:183} INFO - Processing /opt/airflow/dags/etl_dag.py took 0.154 seconds
[2025-11-13T06:38:29.482+0000] {processor.py:161} INFO - Started process (PID=9548) to work on /opt/airflow/dags/etl_dag.py
[2025-11-13T06:38:29.483+0000] {processor.py:830} INFO - Processing file /opt/airflow/dags/etl_dag.py for tasks to queue
[2025-11-13T06:38:29.486+0000] {logging_mixin.py:188} INFO - [2025-11-13T06:38:29.486+0000] {dagbag.py:538} INFO - Filling up the DagBag from /opt/airflow/dags/etl_dag.py
[2025-11-13T06:38:29.514+0000] {processor.py:840} INFO - DAG(s) 'simple_etl_lineage' retrieved from /opt/airflow/dags/etl_dag.py
[2025-11-13T06:38:29.542+0000] {logging_mixin.py:188} INFO - [2025-11-13T06:38:29.541+0000] {dag.py:3036} INFO - Sync 1 DAGs
[2025-11-13T06:38:29.552+0000] {logging_mixin.py:188} INFO - [2025-11-13T06:38:29.552+0000] {dag.py:3823} INFO - Setting next_dagrun for simple_etl_lineage to None, run_after=None
[2025-11-13T06:38:29.573+0000] {processor.py:183} INFO - Processing /opt/airflow/dags/etl_dag.py took 0.095 seconds
[2025-11-13T06:38:59.940+0000] {processor.py:161} INFO - Started process (PID=9563) to work on /opt/airflow/dags/etl_dag.py
[2025-11-13T06:38:59.947+0000] {processor.py:830} INFO - Processing file /opt/airflow/dags/etl_dag.py for tasks to queue
[2025-11-13T06:38:59.949+0000] {logging_mixin.py:188} INFO - [2025-11-13T06:38:59.948+0000] {dagbag.py:538} INFO - Filling up the DagBag from /opt/airflow/dags/etl_dag.py
[2025-11-13T06:38:59.984+0000] {processor.py:840} INFO - DAG(s) 'simple_etl_lineage' retrieved from /opt/airflow/dags/etl_dag.py
[2025-11-13T06:39:00.031+0000] {logging_mixin.py:188} INFO - [2025-11-13T06:39:00.030+0000] {dag.py:3036} INFO - Sync 1 DAGs
[2025-11-13T06:39:00.059+0000] {logging_mixin.py:188} INFO - [2025-11-13T06:39:00.059+0000] {dag.py:3823} INFO - Setting next_dagrun for simple_etl_lineage to None, run_after=None
[2025-11-13T06:39:00.097+0000] {processor.py:183} INFO - Processing /opt/airflow/dags/etl_dag.py took 0.164 seconds
[2025-11-13T06:39:30.757+0000] {processor.py:161} INFO - Started process (PID=9578) to work on /opt/airflow/dags/etl_dag.py
[2025-11-13T06:39:30.759+0000] {processor.py:830} INFO - Processing file /opt/airflow/dags/etl_dag.py for tasks to queue
[2025-11-13T06:39:30.761+0000] {logging_mixin.py:188} INFO - [2025-11-13T06:39:30.760+0000] {dagbag.py:538} INFO - Filling up the DagBag from /opt/airflow/dags/etl_dag.py
[2025-11-13T06:39:30.792+0000] {processor.py:840} INFO - DAG(s) 'simple_etl_lineage' retrieved from /opt/airflow/dags/etl_dag.py
[2025-11-13T06:39:30.833+0000] {logging_mixin.py:188} INFO - [2025-11-13T06:39:30.832+0000] {dag.py:3036} INFO - Sync 1 DAGs
[2025-11-13T06:39:30.850+0000] {logging_mixin.py:188} INFO - [2025-11-13T06:39:30.849+0000] {dag.py:3823} INFO - Setting next_dagrun for simple_etl_lineage to None, run_after=None
[2025-11-13T06:39:30.873+0000] {processor.py:183} INFO - Processing /opt/airflow/dags/etl_dag.py took 0.121 seconds
[2025-11-13T06:40:01.770+0000] {processor.py:161} INFO - Started process (PID=9593) to work on /opt/airflow/dags/etl_dag.py
[2025-11-13T06:40:01.775+0000] {processor.py:830} INFO - Processing file /opt/airflow/dags/etl_dag.py for tasks to queue
[2025-11-13T06:40:01.777+0000] {logging_mixin.py:188} INFO - [2025-11-13T06:40:01.776+0000] {dagbag.py:538} INFO - Filling up the DagBag from /opt/airflow/dags/etl_dag.py
[2025-11-13T06:40:01.823+0000] {processor.py:840} INFO - DAG(s) 'simple_etl_lineage' retrieved from /opt/airflow/dags/etl_dag.py
[2025-11-13T06:40:01.889+0000] {logging_mixin.py:188} INFO - [2025-11-13T06:40:01.889+0000] {dag.py:3036} INFO - Sync 1 DAGs
[2025-11-13T06:40:01.933+0000] {logging_mixin.py:188} INFO - [2025-11-13T06:40:01.932+0000] {dag.py:3823} INFO - Setting next_dagrun for simple_etl_lineage to None, run_after=None
[2025-11-13T06:40:01.992+0000] {processor.py:183} INFO - Processing /opt/airflow/dags/etl_dag.py took 0.229 seconds
[2025-11-13T06:40:32.928+0000] {processor.py:161} INFO - Started process (PID=9608) to work on /opt/airflow/dags/etl_dag.py
[2025-11-13T06:40:32.929+0000] {processor.py:830} INFO - Processing file /opt/airflow/dags/etl_dag.py for tasks to queue
[2025-11-13T06:40:32.930+0000] {logging_mixin.py:188} INFO - [2025-11-13T06:40:32.930+0000] {dagbag.py:538} INFO - Filling up the DagBag from /opt/airflow/dags/etl_dag.py
[2025-11-13T06:40:32.956+0000] {processor.py:840} INFO - DAG(s) 'simple_etl_lineage' retrieved from /opt/airflow/dags/etl_dag.py
[2025-11-13T06:40:33.006+0000] {logging_mixin.py:188} INFO - [2025-11-13T06:40:33.005+0000] {dag.py:3036} INFO - Sync 1 DAGs
[2025-11-13T06:40:33.023+0000] {logging_mixin.py:188} INFO - [2025-11-13T06:40:33.023+0000] {dag.py:3823} INFO - Setting next_dagrun for simple_etl_lineage to None, run_after=None
[2025-11-13T06:40:33.049+0000] {processor.py:183} INFO - Processing /opt/airflow/dags/etl_dag.py took 0.126 seconds
[2025-11-13T06:41:04.017+0000] {processor.py:161} INFO - Started process (PID=9623) to work on /opt/airflow/dags/etl_dag.py
[2025-11-13T06:41:04.019+0000] {processor.py:830} INFO - Processing file /opt/airflow/dags/etl_dag.py for tasks to queue
[2025-11-13T06:41:04.021+0000] {logging_mixin.py:188} INFO - [2025-11-13T06:41:04.021+0000] {dagbag.py:538} INFO - Filling up the DagBag from /opt/airflow/dags/etl_dag.py
[2025-11-13T06:41:04.051+0000] {processor.py:840} INFO - DAG(s) 'simple_etl_lineage' retrieved from /opt/airflow/dags/etl_dag.py
[2025-11-13T06:41:04.092+0000] {logging_mixin.py:188} INFO - [2025-11-13T06:41:04.092+0000] {dag.py:3036} INFO - Sync 1 DAGs
[2025-11-13T06:41:04.110+0000] {logging_mixin.py:188} INFO - [2025-11-13T06:41:04.110+0000] {dag.py:3823} INFO - Setting next_dagrun for simple_etl_lineage to None, run_after=None
[2025-11-13T06:41:04.141+0000] {processor.py:183} INFO - Processing /opt/airflow/dags/etl_dag.py took 0.130 seconds
[2025-11-13T06:41:34.645+0000] {processor.py:161} INFO - Started process (PID=9638) to work on /opt/airflow/dags/etl_dag.py
[2025-11-13T06:41:34.647+0000] {processor.py:830} INFO - Processing file /opt/airflow/dags/etl_dag.py for tasks to queue
[2025-11-13T06:41:34.648+0000] {logging_mixin.py:188} INFO - [2025-11-13T06:41:34.648+0000] {dagbag.py:538} INFO - Filling up the DagBag from /opt/airflow/dags/etl_dag.py
[2025-11-13T06:41:34.669+0000] {processor.py:840} INFO - DAG(s) 'simple_etl_lineage' retrieved from /opt/airflow/dags/etl_dag.py
[2025-11-13T06:41:34.702+0000] {logging_mixin.py:188} INFO - [2025-11-13T06:41:34.701+0000] {dag.py:3036} INFO - Sync 1 DAGs
[2025-11-13T06:41:34.721+0000] {logging_mixin.py:188} INFO - [2025-11-13T06:41:34.720+0000] {dag.py:3823} INFO - Setting next_dagrun for simple_etl_lineage to None, run_after=None
[2025-11-13T06:41:34.749+0000] {processor.py:183} INFO - Processing /opt/airflow/dags/etl_dag.py took 0.108 seconds
[2025-11-13T06:42:05.244+0000] {processor.py:161} INFO - Started process (PID=9651) to work on /opt/airflow/dags/etl_dag.py
[2025-11-13T06:42:05.246+0000] {processor.py:830} INFO - Processing file /opt/airflow/dags/etl_dag.py for tasks to queue
[2025-11-13T06:42:05.249+0000] {logging_mixin.py:188} INFO - [2025-11-13T06:42:05.249+0000] {dagbag.py:538} INFO - Filling up the DagBag from /opt/airflow/dags/etl_dag.py
[2025-11-13T06:42:05.288+0000] {processor.py:840} INFO - DAG(s) 'simple_etl_lineage' retrieved from /opt/airflow/dags/etl_dag.py
[2025-11-13T06:42:05.323+0000] {logging_mixin.py:188} INFO - [2025-11-13T06:42:05.323+0000] {dag.py:3036} INFO - Sync 1 DAGs
[2025-11-13T06:42:05.348+0000] {logging_mixin.py:188} INFO - [2025-11-13T06:42:05.347+0000] {dag.py:3823} INFO - Setting next_dagrun for simple_etl_lineage to None, run_after=None
[2025-11-13T06:42:05.372+0000] {processor.py:183} INFO - Processing /opt/airflow/dags/etl_dag.py took 0.132 seconds
[2025-11-13T06:42:35.847+0000] {processor.py:161} INFO - Started process (PID=9668) to work on /opt/airflow/dags/etl_dag.py
[2025-11-13T06:42:35.850+0000] {processor.py:830} INFO - Processing file /opt/airflow/dags/etl_dag.py for tasks to queue
[2025-11-13T06:42:35.852+0000] {logging_mixin.py:188} INFO - [2025-11-13T06:42:35.851+0000] {dagbag.py:538} INFO - Filling up the DagBag from /opt/airflow/dags/etl_dag.py
[2025-11-13T06:42:35.883+0000] {processor.py:840} INFO - DAG(s) 'simple_etl_lineage' retrieved from /opt/airflow/dags/etl_dag.py
[2025-11-13T06:42:35.934+0000] {logging_mixin.py:188} INFO - [2025-11-13T06:42:35.934+0000] {dag.py:3036} INFO - Sync 1 DAGs
[2025-11-13T06:42:35.949+0000] {logging_mixin.py:188} INFO - [2025-11-13T06:42:35.948+0000] {dag.py:3823} INFO - Setting next_dagrun for simple_etl_lineage to None, run_after=None
[2025-11-13T06:42:35.970+0000] {processor.py:183} INFO - Processing /opt/airflow/dags/etl_dag.py took 0.128 seconds
[2025-11-13T06:43:06.073+0000] {processor.py:161} INFO - Started process (PID=9683) to work on /opt/airflow/dags/etl_dag.py
[2025-11-13T06:43:06.075+0000] {processor.py:830} INFO - Processing file /opt/airflow/dags/etl_dag.py for tasks to queue
[2025-11-13T06:43:06.076+0000] {logging_mixin.py:188} INFO - [2025-11-13T06:43:06.075+0000] {dagbag.py:538} INFO - Filling up the DagBag from /opt/airflow/dags/etl_dag.py
[2025-11-13T06:43:06.093+0000] {processor.py:840} INFO - DAG(s) 'simple_etl_lineage' retrieved from /opt/airflow/dags/etl_dag.py
[2025-11-13T06:43:06.122+0000] {logging_mixin.py:188} INFO - [2025-11-13T06:43:06.121+0000] {dag.py:3036} INFO - Sync 1 DAGs
[2025-11-13T06:43:06.133+0000] {logging_mixin.py:188} INFO - [2025-11-13T06:43:06.132+0000] {dag.py:3823} INFO - Setting next_dagrun for simple_etl_lineage to None, run_after=None
[2025-11-13T06:43:06.155+0000] {processor.py:183} INFO - Processing /opt/airflow/dags/etl_dag.py took 0.086 seconds
[2025-11-13T06:43:37.115+0000] {processor.py:161} INFO - Started process (PID=9698) to work on /opt/airflow/dags/etl_dag.py
[2025-11-13T06:43:37.118+0000] {processor.py:830} INFO - Processing file /opt/airflow/dags/etl_dag.py for tasks to queue
[2025-11-13T06:43:37.121+0000] {logging_mixin.py:188} INFO - [2025-11-13T06:43:37.120+0000] {dagbag.py:538} INFO - Filling up the DagBag from /opt/airflow/dags/etl_dag.py
[2025-11-13T06:43:37.172+0000] {processor.py:840} INFO - DAG(s) 'simple_etl_lineage' retrieved from /opt/airflow/dags/etl_dag.py
[2025-11-13T06:43:37.221+0000] {logging_mixin.py:188} INFO - [2025-11-13T06:43:37.220+0000] {dag.py:3036} INFO - Sync 1 DAGs
[2025-11-13T06:43:37.256+0000] {logging_mixin.py:188} INFO - [2025-11-13T06:43:37.256+0000] {dag.py:3823} INFO - Setting next_dagrun for simple_etl_lineage to None, run_after=None
[2025-11-13T06:43:37.324+0000] {processor.py:183} INFO - Processing /opt/airflow/dags/etl_dag.py took 0.213 seconds
[2025-11-13T06:44:07.824+0000] {processor.py:161} INFO - Started process (PID=9713) to work on /opt/airflow/dags/etl_dag.py
[2025-11-13T06:44:07.826+0000] {processor.py:830} INFO - Processing file /opt/airflow/dags/etl_dag.py for tasks to queue
[2025-11-13T06:44:07.827+0000] {logging_mixin.py:188} INFO - [2025-11-13T06:44:07.827+0000] {dagbag.py:538} INFO - Filling up the DagBag from /opt/airflow/dags/etl_dag.py
[2025-11-13T06:44:07.844+0000] {processor.py:840} INFO - DAG(s) 'simple_etl_lineage' retrieved from /opt/airflow/dags/etl_dag.py
[2025-11-13T06:44:07.870+0000] {logging_mixin.py:188} INFO - [2025-11-13T06:44:07.870+0000] {dag.py:3036} INFO - Sync 1 DAGs
[2025-11-13T06:44:07.886+0000] {logging_mixin.py:188} INFO - [2025-11-13T06:44:07.885+0000] {dag.py:3823} INFO - Setting next_dagrun for simple_etl_lineage to None, run_after=None
[2025-11-13T06:44:07.906+0000] {processor.py:183} INFO - Processing /opt/airflow/dags/etl_dag.py took 0.086 seconds
[2025-11-13T06:44:38.592+0000] {processor.py:161} INFO - Started process (PID=9726) to work on /opt/airflow/dags/etl_dag.py
[2025-11-13T06:44:38.593+0000] {processor.py:830} INFO - Processing file /opt/airflow/dags/etl_dag.py for tasks to queue
[2025-11-13T06:44:38.595+0000] {logging_mixin.py:188} INFO - [2025-11-13T06:44:38.594+0000] {dagbag.py:538} INFO - Filling up the DagBag from /opt/airflow/dags/etl_dag.py
[2025-11-13T06:44:38.623+0000] {processor.py:840} INFO - DAG(s) 'simple_etl_lineage' retrieved from /opt/airflow/dags/etl_dag.py
[2025-11-13T06:44:38.688+0000] {logging_mixin.py:188} INFO - [2025-11-13T06:44:38.687+0000] {dag.py:3036} INFO - Sync 1 DAGs
[2025-11-13T06:44:38.716+0000] {logging_mixin.py:188} INFO - [2025-11-13T06:44:38.716+0000] {dag.py:3823} INFO - Setting next_dagrun for simple_etl_lineage to None, run_after=None
[2025-11-13T06:44:38.738+0000] {processor.py:183} INFO - Processing /opt/airflow/dags/etl_dag.py took 0.151 seconds
[2025-11-13T06:45:09.265+0000] {processor.py:161} INFO - Started process (PID=9741) to work on /opt/airflow/dags/etl_dag.py
[2025-11-13T06:45:09.267+0000] {processor.py:830} INFO - Processing file /opt/airflow/dags/etl_dag.py for tasks to queue
[2025-11-13T06:45:09.268+0000] {logging_mixin.py:188} INFO - [2025-11-13T06:45:09.268+0000] {dagbag.py:538} INFO - Filling up the DagBag from /opt/airflow/dags/etl_dag.py
[2025-11-13T06:45:09.297+0000] {processor.py:840} INFO - DAG(s) 'simple_etl_lineage' retrieved from /opt/airflow/dags/etl_dag.py
[2025-11-13T06:45:09.336+0000] {logging_mixin.py:188} INFO - [2025-11-13T06:45:09.335+0000] {dag.py:3036} INFO - Sync 1 DAGs
[2025-11-13T06:45:09.359+0000] {logging_mixin.py:188} INFO - [2025-11-13T06:45:09.358+0000] {dag.py:3823} INFO - Setting next_dagrun for simple_etl_lineage to None, run_after=None
[2025-11-13T06:45:09.411+0000] {processor.py:183} INFO - Processing /opt/airflow/dags/etl_dag.py took 0.150 seconds
[2025-11-13T06:45:40.073+0000] {processor.py:161} INFO - Started process (PID=9751) to work on /opt/airflow/dags/etl_dag.py
[2025-11-13T06:45:40.074+0000] {processor.py:830} INFO - Processing file /opt/airflow/dags/etl_dag.py for tasks to queue
[2025-11-13T06:45:40.076+0000] {logging_mixin.py:188} INFO - [2025-11-13T06:45:40.076+0000] {dagbag.py:538} INFO - Filling up the DagBag from /opt/airflow/dags/etl_dag.py
[2025-11-13T06:45:40.114+0000] {processor.py:840} INFO - DAG(s) 'simple_etl_lineage' retrieved from /opt/airflow/dags/etl_dag.py
[2025-11-13T06:45:40.170+0000] {logging_mixin.py:188} INFO - [2025-11-13T06:45:40.169+0000] {dag.py:3036} INFO - Sync 1 DAGs
[2025-11-13T06:45:40.194+0000] {logging_mixin.py:188} INFO - [2025-11-13T06:45:40.194+0000] {dag.py:3823} INFO - Setting next_dagrun for simple_etl_lineage to None, run_after=None
[2025-11-13T06:45:40.251+0000] {processor.py:183} INFO - Processing /opt/airflow/dags/etl_dag.py took 0.185 seconds
[2025-11-13T06:46:10.902+0000] {processor.py:161} INFO - Started process (PID=9773) to work on /opt/airflow/dags/etl_dag.py
[2025-11-13T06:46:10.904+0000] {processor.py:830} INFO - Processing file /opt/airflow/dags/etl_dag.py for tasks to queue
[2025-11-13T06:46:10.905+0000] {logging_mixin.py:188} INFO - [2025-11-13T06:46:10.905+0000] {dagbag.py:538} INFO - Filling up the DagBag from /opt/airflow/dags/etl_dag.py
[2025-11-13T06:46:10.927+0000] {processor.py:840} INFO - DAG(s) 'simple_etl_lineage' retrieved from /opt/airflow/dags/etl_dag.py
[2025-11-13T06:46:10.951+0000] {logging_mixin.py:188} INFO - [2025-11-13T06:46:10.951+0000] {dag.py:3036} INFO - Sync 1 DAGs
[2025-11-13T06:46:10.963+0000] {logging_mixin.py:188} INFO - [2025-11-13T06:46:10.963+0000] {dag.py:3823} INFO - Setting next_dagrun for simple_etl_lineage to None, run_after=None
[2025-11-13T06:46:10.981+0000] {processor.py:183} INFO - Processing /opt/airflow/dags/etl_dag.py took 0.083 seconds
[2025-11-13T06:46:41.382+0000] {processor.py:161} INFO - Started process (PID=9788) to work on /opt/airflow/dags/etl_dag.py
[2025-11-13T06:46:41.383+0000] {processor.py:830} INFO - Processing file /opt/airflow/dags/etl_dag.py for tasks to queue
[2025-11-13T06:46:41.384+0000] {logging_mixin.py:188} INFO - [2025-11-13T06:46:41.384+0000] {dagbag.py:538} INFO - Filling up the DagBag from /opt/airflow/dags/etl_dag.py
[2025-11-13T06:46:41.402+0000] {processor.py:840} INFO - DAG(s) 'simple_etl_lineage' retrieved from /opt/airflow/dags/etl_dag.py
[2025-11-13T06:46:41.429+0000] {logging_mixin.py:188} INFO - [2025-11-13T06:46:41.429+0000] {dag.py:3036} INFO - Sync 1 DAGs
[2025-11-13T06:46:41.439+0000] {logging_mixin.py:188} INFO - [2025-11-13T06:46:41.439+0000] {dag.py:3823} INFO - Setting next_dagrun for simple_etl_lineage to None, run_after=None
[2025-11-13T06:46:41.460+0000] {processor.py:183} INFO - Processing /opt/airflow/dags/etl_dag.py took 0.081 seconds
[2025-11-13T06:47:12.332+0000] {processor.py:161} INFO - Started process (PID=9803) to work on /opt/airflow/dags/etl_dag.py
[2025-11-13T06:47:12.337+0000] {processor.py:830} INFO - Processing file /opt/airflow/dags/etl_dag.py for tasks to queue
[2025-11-13T06:47:12.338+0000] {logging_mixin.py:188} INFO - [2025-11-13T06:47:12.338+0000] {dagbag.py:538} INFO - Filling up the DagBag from /opt/airflow/dags/etl_dag.py
[2025-11-13T06:47:12.365+0000] {processor.py:840} INFO - DAG(s) 'simple_etl_lineage' retrieved from /opt/airflow/dags/etl_dag.py
[2025-11-13T06:47:12.406+0000] {logging_mixin.py:188} INFO - [2025-11-13T06:47:12.405+0000] {dag.py:3036} INFO - Sync 1 DAGs
[2025-11-13T06:47:12.434+0000] {logging_mixin.py:188} INFO - [2025-11-13T06:47:12.434+0000] {dag.py:3823} INFO - Setting next_dagrun for simple_etl_lineage to None, run_after=None
[2025-11-13T06:47:12.692+0000] {processor.py:183} INFO - Processing /opt/airflow/dags/etl_dag.py took 0.365 seconds
[2025-11-13T06:47:43.160+0000] {processor.py:161} INFO - Started process (PID=9818) to work on /opt/airflow/dags/etl_dag.py
[2025-11-13T06:47:43.161+0000] {processor.py:830} INFO - Processing file /opt/airflow/dags/etl_dag.py for tasks to queue
[2025-11-13T06:47:43.162+0000] {logging_mixin.py:188} INFO - [2025-11-13T06:47:43.162+0000] {dagbag.py:538} INFO - Filling up the DagBag from /opt/airflow/dags/etl_dag.py
[2025-11-13T06:47:43.186+0000] {processor.py:840} INFO - DAG(s) 'simple_etl_lineage' retrieved from /opt/airflow/dags/etl_dag.py
[2025-11-13T06:47:43.219+0000] {logging_mixin.py:188} INFO - [2025-11-13T06:47:43.219+0000] {dag.py:3036} INFO - Sync 1 DAGs
[2025-11-13T06:47:43.236+0000] {logging_mixin.py:188} INFO - [2025-11-13T06:47:43.235+0000] {dag.py:3823} INFO - Setting next_dagrun for simple_etl_lineage to None, run_after=None
[2025-11-13T06:47:43.267+0000] {processor.py:183} INFO - Processing /opt/airflow/dags/etl_dag.py took 0.111 seconds
[2025-11-13T06:48:13.971+0000] {processor.py:161} INFO - Started process (PID=9833) to work on /opt/airflow/dags/etl_dag.py
[2025-11-13T06:48:13.973+0000] {processor.py:830} INFO - Processing file /opt/airflow/dags/etl_dag.py for tasks to queue
[2025-11-13T06:48:13.974+0000] {logging_mixin.py:188} INFO - [2025-11-13T06:48:13.974+0000] {dagbag.py:538} INFO - Filling up the DagBag from /opt/airflow/dags/etl_dag.py
[2025-11-13T06:48:13.993+0000] {processor.py:840} INFO - DAG(s) 'simple_etl_lineage' retrieved from /opt/airflow/dags/etl_dag.py
[2025-11-13T06:48:14.020+0000] {logging_mixin.py:188} INFO - [2025-11-13T06:48:14.020+0000] {dag.py:3036} INFO - Sync 1 DAGs
[2025-11-13T06:48:14.033+0000] {logging_mixin.py:188} INFO - [2025-11-13T06:48:14.032+0000] {dag.py:3823} INFO - Setting next_dagrun for simple_etl_lineage to None, run_after=None
[2025-11-13T06:48:14.052+0000] {processor.py:183} INFO - Processing /opt/airflow/dags/etl_dag.py took 0.086 seconds
[2025-11-13T06:48:44.885+0000] {processor.py:161} INFO - Started process (PID=9848) to work on /opt/airflow/dags/etl_dag.py
[2025-11-13T06:48:44.887+0000] {processor.py:830} INFO - Processing file /opt/airflow/dags/etl_dag.py for tasks to queue
[2025-11-13T06:48:44.889+0000] {logging_mixin.py:188} INFO - [2025-11-13T06:48:44.888+0000] {dagbag.py:538} INFO - Filling up the DagBag from /opt/airflow/dags/etl_dag.py
[2025-11-13T06:48:44.911+0000] {processor.py:840} INFO - DAG(s) 'simple_etl_lineage' retrieved from /opt/airflow/dags/etl_dag.py
[2025-11-13T06:48:44.950+0000] {logging_mixin.py:188} INFO - [2025-11-13T06:48:44.950+0000] {dag.py:3036} INFO - Sync 1 DAGs
[2025-11-13T06:48:44.985+0000] {logging_mixin.py:188} INFO - [2025-11-13T06:48:44.984+0000] {dag.py:3823} INFO - Setting next_dagrun for simple_etl_lineage to None, run_after=None
[2025-11-13T06:48:45.010+0000] {processor.py:183} INFO - Processing /opt/airflow/dags/etl_dag.py took 0.129 seconds
[2025-11-13T06:49:15.648+0000] {processor.py:161} INFO - Started process (PID=9863) to work on /opt/airflow/dags/etl_dag.py
[2025-11-13T06:49:15.650+0000] {processor.py:830} INFO - Processing file /opt/airflow/dags/etl_dag.py for tasks to queue
[2025-11-13T06:49:15.654+0000] {logging_mixin.py:188} INFO - [2025-11-13T06:49:15.653+0000] {dagbag.py:538} INFO - Filling up the DagBag from /opt/airflow/dags/etl_dag.py
[2025-11-13T06:49:15.687+0000] {processor.py:840} INFO - DAG(s) 'simple_etl_lineage' retrieved from /opt/airflow/dags/etl_dag.py
[2025-11-13T06:49:15.751+0000] {logging_mixin.py:188} INFO - [2025-11-13T06:49:15.745+0000] {dag.py:3036} INFO - Sync 1 DAGs
[2025-11-13T06:49:15.782+0000] {logging_mixin.py:188} INFO - [2025-11-13T06:49:15.781+0000] {dag.py:3823} INFO - Setting next_dagrun for simple_etl_lineage to None, run_after=None
[2025-11-13T06:49:15.816+0000] {processor.py:183} INFO - Processing /opt/airflow/dags/etl_dag.py took 0.180 seconds
[2025-11-13T06:49:46.504+0000] {processor.py:161} INFO - Started process (PID=9878) to work on /opt/airflow/dags/etl_dag.py
[2025-11-13T06:49:46.505+0000] {processor.py:830} INFO - Processing file /opt/airflow/dags/etl_dag.py for tasks to queue
[2025-11-13T06:49:46.506+0000] {logging_mixin.py:188} INFO - [2025-11-13T06:49:46.506+0000] {dagbag.py:538} INFO - Filling up the DagBag from /opt/airflow/dags/etl_dag.py
[2025-11-13T06:49:46.533+0000] {processor.py:840} INFO - DAG(s) 'simple_etl_lineage' retrieved from /opt/airflow/dags/etl_dag.py
[2025-11-13T06:49:46.584+0000] {logging_mixin.py:188} INFO - [2025-11-13T06:49:46.583+0000] {dag.py:3036} INFO - Sync 1 DAGs
[2025-11-13T06:49:46.600+0000] {logging_mixin.py:188} INFO - [2025-11-13T06:49:46.600+0000] {dag.py:3823} INFO - Setting next_dagrun for simple_etl_lineage to None, run_after=None
[2025-11-13T06:49:46.620+0000] {processor.py:183} INFO - Processing /opt/airflow/dags/etl_dag.py took 0.120 seconds
[2025-11-13T06:50:17.372+0000] {processor.py:161} INFO - Started process (PID=9893) to work on /opt/airflow/dags/etl_dag.py
[2025-11-13T06:50:17.402+0000] {processor.py:830} INFO - Processing file /opt/airflow/dags/etl_dag.py for tasks to queue
[2025-11-13T06:50:17.491+0000] {logging_mixin.py:188} INFO - [2025-11-13T06:50:17.490+0000] {dagbag.py:538} INFO - Filling up the DagBag from /opt/airflow/dags/etl_dag.py
[2025-11-13T06:50:17.643+0000] {processor.py:840} INFO - DAG(s) 'simple_etl_lineage' retrieved from /opt/airflow/dags/etl_dag.py
[2025-11-13T06:50:17.757+0000] {logging_mixin.py:188} INFO - [2025-11-13T06:50:17.756+0000] {dag.py:3036} INFO - Sync 1 DAGs
[2025-11-13T06:50:17.793+0000] {logging_mixin.py:188} INFO - [2025-11-13T06:50:17.792+0000] {dag.py:3823} INFO - Setting next_dagrun for simple_etl_lineage to None, run_after=None
[2025-11-13T06:50:17.854+0000] {processor.py:183} INFO - Processing /opt/airflow/dags/etl_dag.py took 0.487 seconds
[2025-11-13T06:50:50.879+0000] {processor.py:161} INFO - Started process (PID=9908) to work on /opt/airflow/dags/etl_dag.py
[2025-11-13T06:50:50.898+0000] {processor.py:830} INFO - Processing file /opt/airflow/dags/etl_dag.py for tasks to queue
[2025-11-13T06:50:50.909+0000] {logging_mixin.py:188} INFO - [2025-11-13T06:50:50.908+0000] {dagbag.py:538} INFO - Filling up the DagBag from /opt/airflow/dags/etl_dag.py
[2025-11-13T06:50:51.024+0000] {processor.py:840} INFO - DAG(s) 'simple_etl_lineage' retrieved from /opt/airflow/dags/etl_dag.py
[2025-11-13T06:50:51.122+0000] {logging_mixin.py:188} INFO - [2025-11-13T06:50:51.121+0000] {dag.py:3036} INFO - Sync 1 DAGs
[2025-11-13T06:50:51.179+0000] {logging_mixin.py:188} INFO - [2025-11-13T06:50:51.179+0000] {dag.py:3823} INFO - Setting next_dagrun for simple_etl_lineage to None, run_after=None
[2025-11-13T06:50:51.470+0000] {processor.py:183} INFO - Processing /opt/airflow/dags/etl_dag.py took 0.606 seconds
[2025-11-13T06:51:21.804+0000] {processor.py:161} INFO - Started process (PID=9923) to work on /opt/airflow/dags/etl_dag.py
[2025-11-13T06:51:21.818+0000] {processor.py:830} INFO - Processing file /opt/airflow/dags/etl_dag.py for tasks to queue
[2025-11-13T06:51:21.825+0000] {logging_mixin.py:188} INFO - [2025-11-13T06:51:21.825+0000] {dagbag.py:538} INFO - Filling up the DagBag from /opt/airflow/dags/etl_dag.py
[2025-11-13T06:51:21.950+0000] {processor.py:840} INFO - DAG(s) 'simple_etl_lineage' retrieved from /opt/airflow/dags/etl_dag.py
[2025-11-13T06:51:22.054+0000] {logging_mixin.py:188} INFO - [2025-11-13T06:51:22.053+0000] {dag.py:3036} INFO - Sync 1 DAGs
[2025-11-13T06:51:22.092+0000] {logging_mixin.py:188} INFO - [2025-11-13T06:51:22.091+0000] {dag.py:3823} INFO - Setting next_dagrun for simple_etl_lineage to None, run_after=None
[2025-11-13T06:51:22.188+0000] {processor.py:183} INFO - Processing /opt/airflow/dags/etl_dag.py took 0.398 seconds
[2025-11-13T06:51:54.441+0000] {processor.py:161} INFO - Started process (PID=9938) to work on /opt/airflow/dags/etl_dag.py
[2025-11-13T06:51:54.450+0000] {processor.py:830} INFO - Processing file /opt/airflow/dags/etl_dag.py for tasks to queue
[2025-11-13T06:51:54.453+0000] {logging_mixin.py:188} INFO - [2025-11-13T06:51:54.452+0000] {dagbag.py:538} INFO - Filling up the DagBag from /opt/airflow/dags/etl_dag.py
[2025-11-13T06:51:54.594+0000] {processor.py:840} INFO - DAG(s) 'simple_etl_lineage' retrieved from /opt/airflow/dags/etl_dag.py
[2025-11-13T06:51:54.717+0000] {logging_mixin.py:188} INFO - [2025-11-13T06:51:54.717+0000] {dag.py:3036} INFO - Sync 1 DAGs
[2025-11-13T06:51:54.759+0000] {logging_mixin.py:188} INFO - [2025-11-13T06:51:54.758+0000] {dag.py:3823} INFO - Setting next_dagrun for simple_etl_lineage to None, run_after=None
[2025-11-13T06:51:54.836+0000] {processor.py:183} INFO - Processing /opt/airflow/dags/etl_dag.py took 0.402 seconds
[2025-11-13T06:52:25.145+0000] {processor.py:161} INFO - Started process (PID=9953) to work on /opt/airflow/dags/etl_dag.py
[2025-11-13T06:52:25.148+0000] {processor.py:830} INFO - Processing file /opt/airflow/dags/etl_dag.py for tasks to queue
[2025-11-13T06:52:25.151+0000] {logging_mixin.py:188} INFO - [2025-11-13T06:52:25.150+0000] {dagbag.py:538} INFO - Filling up the DagBag from /opt/airflow/dags/etl_dag.py
[2025-11-13T06:52:25.192+0000] {processor.py:840} INFO - DAG(s) 'simple_etl_lineage' retrieved from /opt/airflow/dags/etl_dag.py
[2025-11-13T06:52:25.264+0000] {logging_mixin.py:188} INFO - [2025-11-13T06:52:25.264+0000] {dag.py:3036} INFO - Sync 1 DAGs
[2025-11-13T06:52:25.362+0000] {logging_mixin.py:188} INFO - [2025-11-13T06:52:25.362+0000] {dag.py:3823} INFO - Setting next_dagrun for simple_etl_lineage to None, run_after=None
[2025-11-13T06:52:25.431+0000] {processor.py:183} INFO - Processing /opt/airflow/dags/etl_dag.py took 0.294 seconds
[2025-11-13T06:52:58.995+0000] {processor.py:161} INFO - Started process (PID=9968) to work on /opt/airflow/dags/etl_dag.py
[2025-11-13T06:52:59.009+0000] {processor.py:830} INFO - Processing file /opt/airflow/dags/etl_dag.py for tasks to queue
[2025-11-13T06:52:59.024+0000] {logging_mixin.py:188} INFO - [2025-11-13T06:52:59.023+0000] {dagbag.py:538} INFO - Filling up the DagBag from /opt/airflow/dags/etl_dag.py
[2025-11-13T06:52:59.131+0000] {processor.py:840} INFO - DAG(s) 'simple_etl_lineage' retrieved from /opt/airflow/dags/etl_dag.py
[2025-11-13T06:52:59.229+0000] {logging_mixin.py:188} INFO - [2025-11-13T06:52:59.228+0000] {dag.py:3036} INFO - Sync 1 DAGs
[2025-11-13T06:52:59.275+0000] {logging_mixin.py:188} INFO - [2025-11-13T06:52:59.274+0000] {dag.py:3823} INFO - Setting next_dagrun for simple_etl_lineage to None, run_after=None
[2025-11-13T06:52:59.348+0000] {processor.py:183} INFO - Processing /opt/airflow/dags/etl_dag.py took 0.369 seconds
[2025-11-13T06:53:29.826+0000] {processor.py:161} INFO - Started process (PID=9981) to work on /opt/airflow/dags/etl_dag.py
[2025-11-13T06:53:29.830+0000] {processor.py:830} INFO - Processing file /opt/airflow/dags/etl_dag.py for tasks to queue
[2025-11-13T06:53:29.846+0000] {logging_mixin.py:188} INFO - [2025-11-13T06:53:29.846+0000] {dagbag.py:538} INFO - Filling up the DagBag from /opt/airflow/dags/etl_dag.py
[2025-11-13T06:53:30.128+0000] {processor.py:840} INFO - DAG(s) 'simple_etl_lineage' retrieved from /opt/airflow/dags/etl_dag.py
[2025-11-13T06:53:30.232+0000] {logging_mixin.py:188} INFO - [2025-11-13T06:53:30.231+0000] {dag.py:3036} INFO - Sync 1 DAGs
[2025-11-13T06:53:30.284+0000] {logging_mixin.py:188} INFO - [2025-11-13T06:53:30.283+0000] {dag.py:3823} INFO - Setting next_dagrun for simple_etl_lineage to None, run_after=None
[2025-11-13T06:53:30.395+0000] {processor.py:183} INFO - Processing /opt/airflow/dags/etl_dag.py took 0.575 seconds
[2025-11-13T06:54:00.906+0000] {processor.py:161} INFO - Started process (PID=9996) to work on /opt/airflow/dags/etl_dag.py
[2025-11-13T06:54:00.908+0000] {processor.py:830} INFO - Processing file /opt/airflow/dags/etl_dag.py for tasks to queue
[2025-11-13T06:54:00.912+0000] {logging_mixin.py:188} INFO - [2025-11-13T06:54:00.911+0000] {dagbag.py:538} INFO - Filling up the DagBag from /opt/airflow/dags/etl_dag.py
[2025-11-13T06:54:00.998+0000] {processor.py:840} INFO - DAG(s) 'simple_etl_lineage' retrieved from /opt/airflow/dags/etl_dag.py
[2025-11-13T06:54:01.268+0000] {logging_mixin.py:188} INFO - [2025-11-13T06:54:01.268+0000] {dag.py:3036} INFO - Sync 1 DAGs
[2025-11-13T06:54:01.363+0000] {logging_mixin.py:188} INFO - [2025-11-13T06:54:01.362+0000] {dag.py:3823} INFO - Setting next_dagrun for simple_etl_lineage to None, run_after=None
[2025-11-13T06:54:01.670+0000] {processor.py:183} INFO - Processing /opt/airflow/dags/etl_dag.py took 0.774 seconds
[2025-11-13T06:54:55.693+0000] {processor.py:161} INFO - Started process (PID=10013) to work on /opt/airflow/dags/etl_dag.py
[2025-11-13T06:54:55.697+0000] {processor.py:830} INFO - Processing file /opt/airflow/dags/etl_dag.py for tasks to queue
[2025-11-13T06:54:55.706+0000] {logging_mixin.py:188} INFO - [2025-11-13T06:54:55.705+0000] {dagbag.py:538} INFO - Filling up the DagBag from /opt/airflow/dags/etl_dag.py
[2025-11-13T06:54:55.763+0000] {processor.py:840} INFO - DAG(s) 'simple_etl_lineage' retrieved from /opt/airflow/dags/etl_dag.py
[2025-11-13T06:54:55.842+0000] {logging_mixin.py:188} INFO - [2025-11-13T06:54:55.842+0000] {dag.py:3036} INFO - Sync 1 DAGs
[2025-11-13T06:54:55.879+0000] {logging_mixin.py:188} INFO - [2025-11-13T06:54:55.879+0000] {dag.py:3823} INFO - Setting next_dagrun for simple_etl_lineage to None, run_after=None
[2025-11-13T06:54:55.941+0000] {processor.py:183} INFO - Processing /opt/airflow/dags/etl_dag.py took 0.256 seconds
[2025-11-13T06:55:26.177+0000] {processor.py:161} INFO - Started process (PID=10028) to work on /opt/airflow/dags/etl_dag.py
[2025-11-13T06:55:26.191+0000] {processor.py:830} INFO - Processing file /opt/airflow/dags/etl_dag.py for tasks to queue
[2025-11-13T06:55:26.192+0000] {logging_mixin.py:188} INFO - [2025-11-13T06:55:26.192+0000] {dagbag.py:538} INFO - Filling up the DagBag from /opt/airflow/dags/etl_dag.py
[2025-11-13T06:55:26.224+0000] {processor.py:840} INFO - DAG(s) 'simple_etl_lineage' retrieved from /opt/airflow/dags/etl_dag.py
[2025-11-13T06:55:26.267+0000] {logging_mixin.py:188} INFO - [2025-11-13T06:55:26.266+0000] {dag.py:3036} INFO - Sync 1 DAGs
[2025-11-13T06:55:26.287+0000] {logging_mixin.py:188} INFO - [2025-11-13T06:55:26.287+0000] {dag.py:3823} INFO - Setting next_dagrun for simple_etl_lineage to None, run_after=None
[2025-11-13T06:55:26.332+0000] {processor.py:183} INFO - Processing /opt/airflow/dags/etl_dag.py took 0.160 seconds
[2025-11-13T06:55:56.854+0000] {processor.py:161} INFO - Started process (PID=10043) to work on /opt/airflow/dags/etl_dag.py
[2025-11-13T06:55:56.856+0000] {processor.py:830} INFO - Processing file /opt/airflow/dags/etl_dag.py for tasks to queue
[2025-11-13T06:55:56.857+0000] {logging_mixin.py:188} INFO - [2025-11-13T06:55:56.856+0000] {dagbag.py:538} INFO - Filling up the DagBag from /opt/airflow/dags/etl_dag.py
[2025-11-13T06:55:56.880+0000] {processor.py:840} INFO - DAG(s) 'simple_etl_lineage' retrieved from /opt/airflow/dags/etl_dag.py
[2025-11-13T06:55:56.912+0000] {logging_mixin.py:188} INFO - [2025-11-13T06:55:56.911+0000] {dag.py:3036} INFO - Sync 1 DAGs
[2025-11-13T06:55:56.925+0000] {logging_mixin.py:188} INFO - [2025-11-13T06:55:56.925+0000] {dag.py:3823} INFO - Setting next_dagrun for simple_etl_lineage to None, run_after=None
[2025-11-13T06:55:56.947+0000] {processor.py:183} INFO - Processing /opt/airflow/dags/etl_dag.py took 0.098 seconds
[2025-11-13T06:56:27.180+0000] {processor.py:161} INFO - Started process (PID=10056) to work on /opt/airflow/dags/etl_dag.py
[2025-11-13T06:56:27.185+0000] {processor.py:830} INFO - Processing file /opt/airflow/dags/etl_dag.py for tasks to queue
[2025-11-13T06:56:27.187+0000] {logging_mixin.py:188} INFO - [2025-11-13T06:56:27.187+0000] {dagbag.py:538} INFO - Filling up the DagBag from /opt/airflow/dags/etl_dag.py
[2025-11-13T06:56:27.228+0000] {processor.py:840} INFO - DAG(s) 'simple_etl_lineage' retrieved from /opt/airflow/dags/etl_dag.py
[2025-11-13T06:56:27.306+0000] {logging_mixin.py:188} INFO - [2025-11-13T06:56:27.306+0000] {dag.py:3036} INFO - Sync 1 DAGs
[2025-11-13T06:56:27.360+0000] {logging_mixin.py:188} INFO - [2025-11-13T06:56:27.360+0000] {dag.py:3823} INFO - Setting next_dagrun for simple_etl_lineage to None, run_after=None
[2025-11-13T06:56:27.459+0000] {processor.py:183} INFO - Processing /opt/airflow/dags/etl_dag.py took 0.285 seconds
[2025-11-13T06:56:57.675+0000] {processor.py:161} INFO - Started process (PID=10071) to work on /opt/airflow/dags/etl_dag.py
[2025-11-13T06:56:57.692+0000] {processor.py:830} INFO - Processing file /opt/airflow/dags/etl_dag.py for tasks to queue
[2025-11-13T06:56:57.698+0000] {logging_mixin.py:188} INFO - [2025-11-13T06:56:57.698+0000] {dagbag.py:538} INFO - Filling up the DagBag from /opt/airflow/dags/etl_dag.py
[2025-11-13T06:56:57.788+0000] {processor.py:840} INFO - DAG(s) 'simple_etl_lineage' retrieved from /opt/airflow/dags/etl_dag.py
[2025-11-13T06:56:57.906+0000] {logging_mixin.py:188} INFO - [2025-11-13T06:56:57.897+0000] {dag.py:3036} INFO - Sync 1 DAGs
[2025-11-13T06:56:57.954+0000] {logging_mixin.py:188} INFO - [2025-11-13T06:56:57.954+0000] {dag.py:3823} INFO - Setting next_dagrun for simple_etl_lineage to None, run_after=None
[2025-11-13T06:56:58.024+0000] {processor.py:183} INFO - Processing /opt/airflow/dags/etl_dag.py took 0.354 seconds
[2025-11-13T06:57:29.237+0000] {processor.py:161} INFO - Started process (PID=10086) to work on /opt/airflow/dags/etl_dag.py
[2025-11-13T06:57:29.240+0000] {processor.py:830} INFO - Processing file /opt/airflow/dags/etl_dag.py for tasks to queue
[2025-11-13T06:57:29.250+0000] {logging_mixin.py:188} INFO - [2025-11-13T06:57:29.249+0000] {dagbag.py:538} INFO - Filling up the DagBag from /opt/airflow/dags/etl_dag.py
[2025-11-13T06:57:29.458+0000] {processor.py:840} INFO - DAG(s) 'simple_etl_lineage' retrieved from /opt/airflow/dags/etl_dag.py
[2025-11-13T06:57:29.631+0000] {logging_mixin.py:188} INFO - [2025-11-13T06:57:29.630+0000] {dag.py:3036} INFO - Sync 1 DAGs
[2025-11-13T06:57:29.684+0000] {logging_mixin.py:188} INFO - [2025-11-13T06:57:29.683+0000] {dag.py:3823} INFO - Setting next_dagrun for simple_etl_lineage to None, run_after=None
[2025-11-13T06:57:29.752+0000] {processor.py:183} INFO - Processing /opt/airflow/dags/etl_dag.py took 0.519 seconds
[2025-11-13T06:57:59.850+0000] {processor.py:161} INFO - Started process (PID=10101) to work on /opt/airflow/dags/etl_dag.py
[2025-11-13T06:57:59.852+0000] {processor.py:830} INFO - Processing file /opt/airflow/dags/etl_dag.py for tasks to queue
[2025-11-13T06:57:59.855+0000] {logging_mixin.py:188} INFO - [2025-11-13T06:57:59.854+0000] {dagbag.py:538} INFO - Filling up the DagBag from /opt/airflow/dags/etl_dag.py
[2025-11-13T06:57:59.917+0000] {processor.py:840} INFO - DAG(s) 'simple_etl_lineage' retrieved from /opt/airflow/dags/etl_dag.py
[2025-11-13T06:57:59.978+0000] {logging_mixin.py:188} INFO - [2025-11-13T06:57:59.977+0000] {dag.py:3036} INFO - Sync 1 DAGs
[2025-11-13T06:58:00.018+0000] {logging_mixin.py:188} INFO - [2025-11-13T06:58:00.018+0000] {dag.py:3823} INFO - Setting next_dagrun for simple_etl_lineage to None, run_after=None
[2025-11-13T06:58:00.159+0000] {processor.py:183} INFO - Processing /opt/airflow/dags/etl_dag.py took 0.315 seconds
[2025-11-13T06:58:43.798+0000] {processor.py:161} INFO - Started process (PID=10118) to work on /opt/airflow/dags/etl_dag.py
[2025-11-13T06:58:43.801+0000] {processor.py:830} INFO - Processing file /opt/airflow/dags/etl_dag.py for tasks to queue
[2025-11-13T06:58:43.805+0000] {logging_mixin.py:188} INFO - [2025-11-13T06:58:43.803+0000] {dagbag.py:538} INFO - Filling up the DagBag from /opt/airflow/dags/etl_dag.py
[2025-11-13T06:58:43.877+0000] {processor.py:840} INFO - DAG(s) 'simple_etl_lineage' retrieved from /opt/airflow/dags/etl_dag.py
[2025-11-13T06:58:44.004+0000] {logging_mixin.py:188} INFO - [2025-11-13T06:58:44.003+0000] {dag.py:3036} INFO - Sync 1 DAGs
[2025-11-13T06:58:44.072+0000] {logging_mixin.py:188} INFO - [2025-11-13T06:58:44.072+0000] {dag.py:3823} INFO - Setting next_dagrun for simple_etl_lineage to None, run_after=None
[2025-11-13T06:58:44.162+0000] {processor.py:183} INFO - Processing /opt/airflow/dags/etl_dag.py took 0.391 seconds
[2025-11-13T06:59:14.270+0000] {processor.py:161} INFO - Started process (PID=10133) to work on /opt/airflow/dags/etl_dag.py
[2025-11-13T06:59:14.273+0000] {processor.py:830} INFO - Processing file /opt/airflow/dags/etl_dag.py for tasks to queue
[2025-11-13T06:59:14.275+0000] {logging_mixin.py:188} INFO - [2025-11-13T06:59:14.275+0000] {dagbag.py:538} INFO - Filling up the DagBag from /opt/airflow/dags/etl_dag.py
[2025-11-13T06:59:14.301+0000] {processor.py:840} INFO - DAG(s) 'simple_etl_lineage' retrieved from /opt/airflow/dags/etl_dag.py
[2025-11-13T06:59:14.363+0000] {logging_mixin.py:188} INFO - [2025-11-13T06:59:14.363+0000] {dag.py:3036} INFO - Sync 1 DAGs
[2025-11-13T06:59:14.382+0000] {logging_mixin.py:188} INFO - [2025-11-13T06:59:14.382+0000] {dag.py:3823} INFO - Setting next_dagrun for simple_etl_lineage to None, run_after=None
[2025-11-13T06:59:14.420+0000] {processor.py:183} INFO - Processing /opt/airflow/dags/etl_dag.py took 0.154 seconds
[2025-11-13T06:59:46.815+0000] {processor.py:161} INFO - Started process (PID=10148) to work on /opt/airflow/dags/etl_dag.py
[2025-11-13T06:59:46.819+0000] {processor.py:830} INFO - Processing file /opt/airflow/dags/etl_dag.py for tasks to queue
[2025-11-13T06:59:46.821+0000] {logging_mixin.py:188} INFO - [2025-11-13T06:59:46.820+0000] {dagbag.py:538} INFO - Filling up the DagBag from /opt/airflow/dags/etl_dag.py
[2025-11-13T06:59:46.860+0000] {processor.py:840} INFO - DAG(s) 'simple_etl_lineage' retrieved from /opt/airflow/dags/etl_dag.py
[2025-11-13T06:59:46.936+0000] {logging_mixin.py:188} INFO - [2025-11-13T06:59:46.924+0000] {dag.py:3036} INFO - Sync 1 DAGs
[2025-11-13T06:59:46.984+0000] {logging_mixin.py:188} INFO - [2025-11-13T06:59:46.984+0000] {dag.py:3823} INFO - Setting next_dagrun for simple_etl_lineage to None, run_after=None
[2025-11-13T06:59:47.086+0000] {processor.py:183} INFO - Processing /opt/airflow/dags/etl_dag.py took 0.276 seconds
[2025-11-13T07:00:17.982+0000] {processor.py:161} INFO - Started process (PID=10163) to work on /opt/airflow/dags/etl_dag.py
[2025-11-13T07:00:17.995+0000] {processor.py:830} INFO - Processing file /opt/airflow/dags/etl_dag.py for tasks to queue
[2025-11-13T07:00:17.999+0000] {logging_mixin.py:188} INFO - [2025-11-13T07:00:17.998+0000] {dagbag.py:538} INFO - Filling up the DagBag from /opt/airflow/dags/etl_dag.py
[2025-11-13T07:00:18.071+0000] {processor.py:840} INFO - DAG(s) 'simple_etl_lineage' retrieved from /opt/airflow/dags/etl_dag.py
[2025-11-13T07:00:18.165+0000] {logging_mixin.py:188} INFO - [2025-11-13T07:00:18.162+0000] {dag.py:3036} INFO - Sync 1 DAGs
[2025-11-13T07:00:18.207+0000] {logging_mixin.py:188} INFO - [2025-11-13T07:00:18.206+0000] {dag.py:3823} INFO - Setting next_dagrun for simple_etl_lineage to None, run_after=None
[2025-11-13T07:00:18.703+0000] {processor.py:183} INFO - Processing /opt/airflow/dags/etl_dag.py took 0.726 seconds
[2025-11-13T07:00:53.231+0000] {processor.py:161} INFO - Started process (PID=10178) to work on /opt/airflow/dags/etl_dag.py
[2025-11-13T07:00:53.249+0000] {processor.py:830} INFO - Processing file /opt/airflow/dags/etl_dag.py for tasks to queue
[2025-11-13T07:00:53.256+0000] {logging_mixin.py:188} INFO - [2025-11-13T07:00:53.255+0000] {dagbag.py:538} INFO - Filling up the DagBag from /opt/airflow/dags/etl_dag.py
[2025-11-13T07:00:53.455+0000] {processor.py:840} INFO - DAG(s) 'simple_etl_lineage' retrieved from /opt/airflow/dags/etl_dag.py
[2025-11-13T07:00:53.596+0000] {logging_mixin.py:188} INFO - [2025-11-13T07:00:53.596+0000] {dag.py:3036} INFO - Sync 1 DAGs
[2025-11-13T07:00:53.659+0000] {logging_mixin.py:188} INFO - [2025-11-13T07:00:53.659+0000] {dag.py:3823} INFO - Setting next_dagrun for simple_etl_lineage to None, run_after=None
[2025-11-13T07:00:53.761+0000] {processor.py:183} INFO - Processing /opt/airflow/dags/etl_dag.py took 0.535 seconds
[2025-11-13T07:02:06.827+0000] {processor.py:161} INFO - Started process (PID=10193) to work on /opt/airflow/dags/etl_dag.py
[2025-11-13T07:02:06.841+0000] {processor.py:830} INFO - Processing file /opt/airflow/dags/etl_dag.py for tasks to queue
[2025-11-13T07:02:06.848+0000] {logging_mixin.py:188} INFO - [2025-11-13T07:02:06.847+0000] {dagbag.py:538} INFO - Filling up the DagBag from /opt/airflow/dags/etl_dag.py
[2025-11-13T07:02:06.957+0000] {processor.py:840} INFO - DAG(s) 'simple_etl_lineage' retrieved from /opt/airflow/dags/etl_dag.py
[2025-11-13T07:02:07.096+0000] {logging_mixin.py:188} INFO - [2025-11-13T07:02:07.095+0000] {dag.py:3036} INFO - Sync 1 DAGs
[2025-11-13T07:02:07.159+0000] {logging_mixin.py:188} INFO - [2025-11-13T07:02:07.158+0000] {dag.py:3823} INFO - Setting next_dagrun for simple_etl_lineage to None, run_after=None
[2025-11-13T07:02:07.869+0000] {processor.py:183} INFO - Processing /opt/airflow/dags/etl_dag.py took 1.057 seconds
[2025-11-13T07:02:39.233+0000] {processor.py:161} INFO - Started process (PID=10206) to work on /opt/airflow/dags/etl_dag.py
[2025-11-13T07:02:39.274+0000] {processor.py:830} INFO - Processing file /opt/airflow/dags/etl_dag.py for tasks to queue
[2025-11-13T07:02:39.356+0000] {logging_mixin.py:188} INFO - [2025-11-13T07:02:39.355+0000] {dagbag.py:538} INFO - Filling up the DagBag from /opt/airflow/dags/etl_dag.py
[2025-11-13T07:02:39.686+0000] {processor.py:840} INFO - DAG(s) 'simple_etl_lineage' retrieved from /opt/airflow/dags/etl_dag.py
[2025-11-13T07:02:40.035+0000] {logging_mixin.py:188} INFO - [2025-11-13T07:02:40.034+0000] {dag.py:3036} INFO - Sync 1 DAGs
[2025-11-13T07:02:40.103+0000] {logging_mixin.py:188} INFO - [2025-11-13T07:02:40.102+0000] {dag.py:3823} INFO - Setting next_dagrun for simple_etl_lineage to None, run_after=None
[2025-11-13T07:02:40.322+0000] {processor.py:183} INFO - Processing /opt/airflow/dags/etl_dag.py took 1.109 seconds
[2025-11-13T07:03:19.156+0000] {processor.py:161} INFO - Started process (PID=10223) to work on /opt/airflow/dags/etl_dag.py
[2025-11-13T07:03:19.175+0000] {processor.py:830} INFO - Processing file /opt/airflow/dags/etl_dag.py for tasks to queue
[2025-11-13T07:03:19.181+0000] {logging_mixin.py:188} INFO - [2025-11-13T07:03:19.180+0000] {dagbag.py:538} INFO - Filling up the DagBag from /opt/airflow/dags/etl_dag.py
[2025-11-13T07:03:19.496+0000] {processor.py:840} INFO - DAG(s) 'simple_etl_lineage' retrieved from /opt/airflow/dags/etl_dag.py
[2025-11-13T07:03:19.600+0000] {logging_mixin.py:188} INFO - [2025-11-13T07:03:19.600+0000] {dag.py:3036} INFO - Sync 1 DAGs
[2025-11-13T07:03:19.639+0000] {logging_mixin.py:188} INFO - [2025-11-13T07:03:19.639+0000] {dag.py:3823} INFO - Setting next_dagrun for simple_etl_lineage to None, run_after=None
[2025-11-13T07:03:19.721+0000] {processor.py:183} INFO - Processing /opt/airflow/dags/etl_dag.py took 0.570 seconds
[2025-11-13T07:03:50.531+0000] {processor.py:161} INFO - Started process (PID=10236) to work on /opt/airflow/dags/etl_dag.py
[2025-11-13T07:03:50.542+0000] {processor.py:830} INFO - Processing file /opt/airflow/dags/etl_dag.py for tasks to queue
[2025-11-13T07:03:50.544+0000] {logging_mixin.py:188} INFO - [2025-11-13T07:03:50.544+0000] {dagbag.py:538} INFO - Filling up the DagBag from /opt/airflow/dags/etl_dag.py
[2025-11-13T07:03:50.638+0000] {processor.py:840} INFO - DAG(s) 'simple_etl_lineage' retrieved from /opt/airflow/dags/etl_dag.py
[2025-11-13T07:03:50.786+0000] {logging_mixin.py:188} INFO - [2025-11-13T07:03:50.786+0000] {dag.py:3036} INFO - Sync 1 DAGs
[2025-11-13T07:03:50.848+0000] {logging_mixin.py:188} INFO - [2025-11-13T07:03:50.847+0000] {dag.py:3823} INFO - Setting next_dagrun for simple_etl_lineage to None, run_after=None
[2025-11-13T07:03:50.911+0000] {processor.py:183} INFO - Processing /opt/airflow/dags/etl_dag.py took 0.396 seconds
[2025-11-13T07:04:21.782+0000] {processor.py:161} INFO - Started process (PID=10251) to work on /opt/airflow/dags/etl_dag.py
[2025-11-13T07:04:21.784+0000] {processor.py:830} INFO - Processing file /opt/airflow/dags/etl_dag.py for tasks to queue
[2025-11-13T07:04:21.785+0000] {logging_mixin.py:188} INFO - [2025-11-13T07:04:21.785+0000] {dagbag.py:538} INFO - Filling up the DagBag from /opt/airflow/dags/etl_dag.py
[2025-11-13T07:04:21.808+0000] {processor.py:840} INFO - DAG(s) 'simple_etl_lineage' retrieved from /opt/airflow/dags/etl_dag.py
[2025-11-13T07:04:21.840+0000] {logging_mixin.py:188} INFO - [2025-11-13T07:04:21.840+0000] {dag.py:3036} INFO - Sync 1 DAGs
[2025-11-13T07:04:21.855+0000] {logging_mixin.py:188} INFO - [2025-11-13T07:04:21.854+0000] {dag.py:3823} INFO - Setting next_dagrun for simple_etl_lineage to None, run_after=None
[2025-11-13T07:04:21.885+0000] {processor.py:183} INFO - Processing /opt/airflow/dags/etl_dag.py took 0.107 seconds
[2025-11-13T07:04:52.360+0000] {processor.py:161} INFO - Started process (PID=10263) to work on /opt/airflow/dags/etl_dag.py
[2025-11-13T07:04:52.363+0000] {processor.py:830} INFO - Processing file /opt/airflow/dags/etl_dag.py for tasks to queue
[2025-11-13T07:04:52.366+0000] {logging_mixin.py:188} INFO - [2025-11-13T07:04:52.365+0000] {dagbag.py:538} INFO - Filling up the DagBag from /opt/airflow/dags/etl_dag.py
[2025-11-13T07:04:52.392+0000] {processor.py:840} INFO - DAG(s) 'simple_etl_lineage' retrieved from /opt/airflow/dags/etl_dag.py
[2025-11-13T07:04:52.431+0000] {logging_mixin.py:188} INFO - [2025-11-13T07:04:52.430+0000] {dag.py:3036} INFO - Sync 1 DAGs
[2025-11-13T07:04:52.450+0000] {logging_mixin.py:188} INFO - [2025-11-13T07:04:52.449+0000] {dag.py:3823} INFO - Setting next_dagrun for simple_etl_lineage to None, run_after=None
[2025-11-13T07:04:52.473+0000] {processor.py:183} INFO - Processing /opt/airflow/dags/etl_dag.py took 0.118 seconds
[2025-11-13T07:05:22.885+0000] {processor.py:161} INFO - Started process (PID=10278) to work on /opt/airflow/dags/etl_dag.py
[2025-11-13T07:05:22.886+0000] {processor.py:830} INFO - Processing file /opt/airflow/dags/etl_dag.py for tasks to queue
[2025-11-13T07:05:22.887+0000] {logging_mixin.py:188} INFO - [2025-11-13T07:05:22.886+0000] {dagbag.py:538} INFO - Filling up the DagBag from /opt/airflow/dags/etl_dag.py
[2025-11-13T07:05:22.904+0000] {processor.py:840} INFO - DAG(s) 'simple_etl_lineage' retrieved from /opt/airflow/dags/etl_dag.py
[2025-11-13T07:05:22.930+0000] {logging_mixin.py:188} INFO - [2025-11-13T07:05:22.930+0000] {dag.py:3036} INFO - Sync 1 DAGs
[2025-11-13T07:05:22.941+0000] {logging_mixin.py:188} INFO - [2025-11-13T07:05:22.941+0000] {dag.py:3823} INFO - Setting next_dagrun for simple_etl_lineage to None, run_after=None
[2025-11-13T07:05:22.962+0000] {processor.py:183} INFO - Processing /opt/airflow/dags/etl_dag.py took 0.081 seconds
[2025-11-13T07:05:53.841+0000] {processor.py:161} INFO - Started process (PID=10293) to work on /opt/airflow/dags/etl_dag.py
[2025-11-13T07:05:53.844+0000] {processor.py:830} INFO - Processing file /opt/airflow/dags/etl_dag.py for tasks to queue
[2025-11-13T07:05:53.845+0000] {logging_mixin.py:188} INFO - [2025-11-13T07:05:53.845+0000] {dagbag.py:538} INFO - Filling up the DagBag from /opt/airflow/dags/etl_dag.py
[2025-11-13T07:05:53.864+0000] {processor.py:840} INFO - DAG(s) 'simple_etl_lineage' retrieved from /opt/airflow/dags/etl_dag.py
[2025-11-13T07:05:53.910+0000] {logging_mixin.py:188} INFO - [2025-11-13T07:05:53.909+0000] {dag.py:3036} INFO - Sync 1 DAGs
[2025-11-13T07:05:53.924+0000] {logging_mixin.py:188} INFO - [2025-11-13T07:05:53.924+0000] {dag.py:3823} INFO - Setting next_dagrun for simple_etl_lineage to None, run_after=None
[2025-11-13T07:05:53.959+0000] {processor.py:183} INFO - Processing /opt/airflow/dags/etl_dag.py took 0.123 seconds
[2025-11-13T07:06:25.477+0000] {processor.py:161} INFO - Started process (PID=10304) to work on /opt/airflow/dags/etl_dag.py
[2025-11-13T07:06:25.504+0000] {processor.py:830} INFO - Processing file /opt/airflow/dags/etl_dag.py for tasks to queue
[2025-11-13T07:06:25.555+0000] {logging_mixin.py:188} INFO - [2025-11-13T07:06:25.529+0000] {dagbag.py:538} INFO - Filling up the DagBag from /opt/airflow/dags/etl_dag.py
[2025-11-13T07:06:27.331+0000] {processor.py:840} INFO - DAG(s) 'simple_etl_lineage' retrieved from /opt/airflow/dags/etl_dag.py
[2025-11-13T07:06:28.182+0000] {logging_mixin.py:188} INFO - [2025-11-13T07:06:28.181+0000] {dag.py:3036} INFO - Sync 1 DAGs
[2025-11-13T07:06:28.488+0000] {logging_mixin.py:188} INFO - [2025-11-13T07:06:28.488+0000] {dag.py:3823} INFO - Setting next_dagrun for simple_etl_lineage to None, run_after=None
[2025-11-13T07:06:28.636+0000] {processor.py:183} INFO - Processing /opt/airflow/dags/etl_dag.py took 3.279 seconds
[2025-11-13T07:06:59.856+0000] {processor.py:161} INFO - Started process (PID=10328) to work on /opt/airflow/dags/etl_dag.py
[2025-11-13T07:06:59.858+0000] {processor.py:830} INFO - Processing file /opt/airflow/dags/etl_dag.py for tasks to queue
[2025-11-13T07:06:59.859+0000] {logging_mixin.py:188} INFO - [2025-11-13T07:06:59.859+0000] {dagbag.py:538} INFO - Filling up the DagBag from /opt/airflow/dags/etl_dag.py
[2025-11-13T07:06:59.896+0000] {processor.py:840} INFO - DAG(s) 'simple_etl_lineage' retrieved from /opt/airflow/dags/etl_dag.py
[2025-11-13T07:06:59.930+0000] {logging_mixin.py:188} INFO - [2025-11-13T07:06:59.929+0000] {dag.py:3036} INFO - Sync 1 DAGs
[2025-11-13T07:06:59.946+0000] {logging_mixin.py:188} INFO - [2025-11-13T07:06:59.945+0000] {dag.py:3823} INFO - Setting next_dagrun for simple_etl_lineage to None, run_after=None
[2025-11-13T07:06:59.967+0000] {processor.py:183} INFO - Processing /opt/airflow/dags/etl_dag.py took 0.118 seconds
[2025-11-13T07:07:30.322+0000] {processor.py:161} INFO - Started process (PID=10341) to work on /opt/airflow/dags/etl_dag.py
[2025-11-13T07:07:30.324+0000] {processor.py:830} INFO - Processing file /opt/airflow/dags/etl_dag.py for tasks to queue
[2025-11-13T07:07:30.325+0000] {logging_mixin.py:188} INFO - [2025-11-13T07:07:30.325+0000] {dagbag.py:538} INFO - Filling up the DagBag from /opt/airflow/dags/etl_dag.py
[2025-11-13T07:07:30.346+0000] {processor.py:840} INFO - DAG(s) 'simple_etl_lineage' retrieved from /opt/airflow/dags/etl_dag.py
[2025-11-13T07:07:30.376+0000] {logging_mixin.py:188} INFO - [2025-11-13T07:07:30.376+0000] {dag.py:3036} INFO - Sync 1 DAGs
[2025-11-13T07:07:30.392+0000] {logging_mixin.py:188} INFO - [2025-11-13T07:07:30.392+0000] {dag.py:3823} INFO - Setting next_dagrun for simple_etl_lineage to None, run_after=None
[2025-11-13T07:07:30.420+0000] {processor.py:183} INFO - Processing /opt/airflow/dags/etl_dag.py took 0.104 seconds
[2025-11-13T07:08:00.700+0000] {processor.py:161} INFO - Started process (PID=10353) to work on /opt/airflow/dags/etl_dag.py
[2025-11-13T07:08:00.701+0000] {processor.py:830} INFO - Processing file /opt/airflow/dags/etl_dag.py for tasks to queue
[2025-11-13T07:08:00.703+0000] {logging_mixin.py:188} INFO - [2025-11-13T07:08:00.702+0000] {dagbag.py:538} INFO - Filling up the DagBag from /opt/airflow/dags/etl_dag.py
[2025-11-13T07:08:00.732+0000] {processor.py:840} INFO - DAG(s) 'simple_etl_lineage' retrieved from /opt/airflow/dags/etl_dag.py
[2025-11-13T07:08:00.767+0000] {logging_mixin.py:188} INFO - [2025-11-13T07:08:00.767+0000] {dag.py:3036} INFO - Sync 1 DAGs
[2025-11-13T07:08:00.784+0000] {logging_mixin.py:188} INFO - [2025-11-13T07:08:00.784+0000] {dag.py:3823} INFO - Setting next_dagrun for simple_etl_lineage to None, run_after=None
[2025-11-13T07:08:00.808+0000] {processor.py:183} INFO - Processing /opt/airflow/dags/etl_dag.py took 0.112 seconds
[2025-11-13T07:08:31.215+0000] {processor.py:161} INFO - Started process (PID=10366) to work on /opt/airflow/dags/etl_dag.py
[2025-11-13T07:08:31.217+0000] {processor.py:830} INFO - Processing file /opt/airflow/dags/etl_dag.py for tasks to queue
[2025-11-13T07:08:31.227+0000] {logging_mixin.py:188} INFO - [2025-11-13T07:08:31.226+0000] {dagbag.py:538} INFO - Filling up the DagBag from /opt/airflow/dags/etl_dag.py
[2025-11-13T07:08:31.260+0000] {processor.py:840} INFO - DAG(s) 'simple_etl_lineage' retrieved from /opt/airflow/dags/etl_dag.py
[2025-11-13T07:08:31.326+0000] {logging_mixin.py:188} INFO - [2025-11-13T07:08:31.322+0000] {dag.py:3036} INFO - Sync 1 DAGs
[2025-11-13T07:08:31.354+0000] {logging_mixin.py:188} INFO - [2025-11-13T07:08:31.354+0000] {dag.py:3823} INFO - Setting next_dagrun for simple_etl_lineage to None, run_after=None
[2025-11-13T07:08:31.393+0000] {processor.py:183} INFO - Processing /opt/airflow/dags/etl_dag.py took 0.183 seconds
[2025-11-13T07:09:01.798+0000] {processor.py:161} INFO - Started process (PID=10381) to work on /opt/airflow/dags/etl_dag.py
[2025-11-13T07:09:01.800+0000] {processor.py:830} INFO - Processing file /opt/airflow/dags/etl_dag.py for tasks to queue
[2025-11-13T07:09:01.803+0000] {logging_mixin.py:188} INFO - [2025-11-13T07:09:01.802+0000] {dagbag.py:538} INFO - Filling up the DagBag from /opt/airflow/dags/etl_dag.py
[2025-11-13T07:09:01.829+0000] {processor.py:840} INFO - DAG(s) 'simple_etl_lineage' retrieved from /opt/airflow/dags/etl_dag.py
[2025-11-13T07:09:01.883+0000] {logging_mixin.py:188} INFO - [2025-11-13T07:09:01.882+0000] {dag.py:3036} INFO - Sync 1 DAGs
[2025-11-13T07:09:01.902+0000] {logging_mixin.py:188} INFO - [2025-11-13T07:09:01.902+0000] {dag.py:3823} INFO - Setting next_dagrun for simple_etl_lineage to None, run_after=None
[2025-11-13T07:09:01.930+0000] {processor.py:183} INFO - Processing /opt/airflow/dags/etl_dag.py took 0.136 seconds
[2025-11-13T07:09:32.104+0000] {processor.py:161} INFO - Started process (PID=10396) to work on /opt/airflow/dags/etl_dag.py
[2025-11-13T07:09:32.109+0000] {processor.py:830} INFO - Processing file /opt/airflow/dags/etl_dag.py for tasks to queue
[2025-11-13T07:09:32.111+0000] {logging_mixin.py:188} INFO - [2025-11-13T07:09:32.110+0000] {dagbag.py:538} INFO - Filling up the DagBag from /opt/airflow/dags/etl_dag.py
[2025-11-13T07:09:32.135+0000] {processor.py:840} INFO - DAG(s) 'simple_etl_lineage' retrieved from /opt/airflow/dags/etl_dag.py
[2025-11-13T07:09:32.226+0000] {logging_mixin.py:188} INFO - [2025-11-13T07:09:32.226+0000] {dag.py:3036} INFO - Sync 1 DAGs
[2025-11-13T07:09:32.281+0000] {logging_mixin.py:188} INFO - [2025-11-13T07:09:32.281+0000] {dag.py:3823} INFO - Setting next_dagrun for simple_etl_lineage to None, run_after=None
[2025-11-13T07:09:32.326+0000] {processor.py:183} INFO - Processing /opt/airflow/dags/etl_dag.py took 0.228 seconds
[2025-11-13T07:10:06.637+0000] {processor.py:161} INFO - Started process (PID=10409) to work on /opt/airflow/dags/etl_dag.py
[2025-11-13T07:10:06.653+0000] {processor.py:830} INFO - Processing file /opt/airflow/dags/etl_dag.py for tasks to queue
[2025-11-13T07:10:06.677+0000] {logging_mixin.py:188} INFO - [2025-11-13T07:10:06.665+0000] {dagbag.py:538} INFO - Filling up the DagBag from /opt/airflow/dags/etl_dag.py
[2025-11-13T07:10:07.588+0000] {processor.py:840} INFO - DAG(s) 'simple_etl_lineage' retrieved from /opt/airflow/dags/etl_dag.py
[2025-11-13T07:10:08.064+0000] {logging_mixin.py:188} INFO - [2025-11-13T07:10:08.063+0000] {dag.py:3036} INFO - Sync 1 DAGs
[2025-11-13T07:10:08.198+0000] {logging_mixin.py:188} INFO - [2025-11-13T07:10:08.197+0000] {dag.py:3823} INFO - Setting next_dagrun for simple_etl_lineage to None, run_after=None
[2025-11-13T07:10:08.409+0000] {processor.py:183} INFO - Processing /opt/airflow/dags/etl_dag.py took 1.895 seconds
[2025-11-13T07:10:39.869+0000] {processor.py:161} INFO - Started process (PID=10433) to work on /opt/airflow/dags/etl_dag.py
[2025-11-13T07:10:39.872+0000] {processor.py:830} INFO - Processing file /opt/airflow/dags/etl_dag.py for tasks to queue
[2025-11-13T07:10:39.873+0000] {logging_mixin.py:188} INFO - [2025-11-13T07:10:39.873+0000] {dagbag.py:538} INFO - Filling up the DagBag from /opt/airflow/dags/etl_dag.py
[2025-11-13T07:10:39.905+0000] {processor.py:840} INFO - DAG(s) 'simple_etl_lineage' retrieved from /opt/airflow/dags/etl_dag.py
[2025-11-13T07:10:39.944+0000] {logging_mixin.py:188} INFO - [2025-11-13T07:10:39.944+0000] {dag.py:3036} INFO - Sync 1 DAGs
[2025-11-13T07:10:39.971+0000] {logging_mixin.py:188} INFO - [2025-11-13T07:10:39.971+0000] {dag.py:3823} INFO - Setting next_dagrun for simple_etl_lineage to None, run_after=None
[2025-11-13T07:10:40.004+0000] {processor.py:183} INFO - Processing /opt/airflow/dags/etl_dag.py took 0.146 seconds
[2025-11-13T07:11:10.173+0000] {processor.py:161} INFO - Started process (PID=10448) to work on /opt/airflow/dags/etl_dag.py
[2025-11-13T07:11:10.175+0000] {processor.py:830} INFO - Processing file /opt/airflow/dags/etl_dag.py for tasks to queue
[2025-11-13T07:11:10.179+0000] {logging_mixin.py:188} INFO - [2025-11-13T07:11:10.179+0000] {dagbag.py:538} INFO - Filling up the DagBag from /opt/airflow/dags/etl_dag.py
[2025-11-13T07:11:10.308+0000] {processor.py:840} INFO - DAG(s) 'simple_etl_lineage' retrieved from /opt/airflow/dags/etl_dag.py
[2025-11-13T07:11:10.333+0000] {logging_mixin.py:188} INFO - [2025-11-13T07:11:10.333+0000] {dag.py:3036} INFO - Sync 1 DAGs
[2025-11-13T07:11:10.344+0000] {logging_mixin.py:188} INFO - [2025-11-13T07:11:10.344+0000] {dag.py:3823} INFO - Setting next_dagrun for simple_etl_lineage to None, run_after=None
[2025-11-13T07:11:10.365+0000] {processor.py:183} INFO - Processing /opt/airflow/dags/etl_dag.py took 0.197 seconds
[2025-11-13T07:11:40.814+0000] {processor.py:161} INFO - Started process (PID=10461) to work on /opt/airflow/dags/etl_dag.py
[2025-11-13T07:11:40.820+0000] {processor.py:830} INFO - Processing file /opt/airflow/dags/etl_dag.py for tasks to queue
[2025-11-13T07:11:40.824+0000] {logging_mixin.py:188} INFO - [2025-11-13T07:11:40.824+0000] {dagbag.py:538} INFO - Filling up the DagBag from /opt/airflow/dags/etl_dag.py
[2025-11-13T07:11:40.877+0000] {processor.py:840} INFO - DAG(s) 'simple_etl_lineage' retrieved from /opt/airflow/dags/etl_dag.py
[2025-11-13T07:11:40.970+0000] {logging_mixin.py:188} INFO - [2025-11-13T07:11:40.970+0000] {dag.py:3036} INFO - Sync 1 DAGs
[2025-11-13T07:11:40.995+0000] {logging_mixin.py:188} INFO - [2025-11-13T07:11:40.995+0000] {dag.py:3823} INFO - Setting next_dagrun for simple_etl_lineage to None, run_after=None
[2025-11-13T07:11:41.049+0000] {processor.py:183} INFO - Processing /opt/airflow/dags/etl_dag.py took 0.240 seconds
[2025-11-13T07:12:11.712+0000] {processor.py:161} INFO - Started process (PID=10478) to work on /opt/airflow/dags/etl_dag.py
[2025-11-13T07:12:11.714+0000] {processor.py:830} INFO - Processing file /opt/airflow/dags/etl_dag.py for tasks to queue
[2025-11-13T07:12:11.715+0000] {logging_mixin.py:188} INFO - [2025-11-13T07:12:11.714+0000] {dagbag.py:538} INFO - Filling up the DagBag from /opt/airflow/dags/etl_dag.py
[2025-11-13T07:12:11.732+0000] {processor.py:840} INFO - DAG(s) 'simple_etl_lineage' retrieved from /opt/airflow/dags/etl_dag.py
[2025-11-13T07:12:11.762+0000] {logging_mixin.py:188} INFO - [2025-11-13T07:12:11.761+0000] {dag.py:3036} INFO - Sync 1 DAGs
[2025-11-13T07:12:11.787+0000] {logging_mixin.py:188} INFO - [2025-11-13T07:12:11.786+0000] {dag.py:3823} INFO - Setting next_dagrun for simple_etl_lineage to None, run_after=None
[2025-11-13T07:12:11.806+0000] {processor.py:183} INFO - Processing /opt/airflow/dags/etl_dag.py took 0.097 seconds
[2025-11-13T07:12:42.591+0000] {processor.py:161} INFO - Started process (PID=10493) to work on /opt/airflow/dags/etl_dag.py
[2025-11-13T07:12:42.594+0000] {processor.py:830} INFO - Processing file /opt/airflow/dags/etl_dag.py for tasks to queue
[2025-11-13T07:12:42.596+0000] {logging_mixin.py:188} INFO - [2025-11-13T07:12:42.596+0000] {dagbag.py:538} INFO - Filling up the DagBag from /opt/airflow/dags/etl_dag.py
[2025-11-13T07:12:42.689+0000] {processor.py:840} INFO - DAG(s) 'simple_etl_lineage' retrieved from /opt/airflow/dags/etl_dag.py
[2025-11-13T07:12:42.784+0000] {logging_mixin.py:188} INFO - [2025-11-13T07:12:42.783+0000] {dag.py:3036} INFO - Sync 1 DAGs
[2025-11-13T07:12:42.830+0000] {logging_mixin.py:188} INFO - [2025-11-13T07:12:42.825+0000] {dag.py:3823} INFO - Setting next_dagrun for simple_etl_lineage to None, run_after=None
[2025-11-13T07:12:42.896+0000] {processor.py:183} INFO - Processing /opt/airflow/dags/etl_dag.py took 0.310 seconds
[2025-11-13T07:13:13.699+0000] {processor.py:161} INFO - Started process (PID=10508) to work on /opt/airflow/dags/etl_dag.py
[2025-11-13T07:13:13.703+0000] {processor.py:830} INFO - Processing file /opt/airflow/dags/etl_dag.py for tasks to queue
[2025-11-13T07:13:13.707+0000] {logging_mixin.py:188} INFO - [2025-11-13T07:13:13.707+0000] {dagbag.py:538} INFO - Filling up the DagBag from /opt/airflow/dags/etl_dag.py
[2025-11-13T07:13:13.738+0000] {processor.py:840} INFO - DAG(s) 'simple_etl_lineage' retrieved from /opt/airflow/dags/etl_dag.py
[2025-11-13T07:13:13.789+0000] {logging_mixin.py:188} INFO - [2025-11-13T07:13:13.788+0000] {dag.py:3036} INFO - Sync 1 DAGs
[2025-11-13T07:13:13.807+0000] {logging_mixin.py:188} INFO - [2025-11-13T07:13:13.807+0000] {dag.py:3823} INFO - Setting next_dagrun for simple_etl_lineage to None, run_after=None
[2025-11-13T07:13:13.851+0000] {processor.py:183} INFO - Processing /opt/airflow/dags/etl_dag.py took 0.158 seconds
[2025-11-13T07:13:46.410+0000] {processor.py:161} INFO - Started process (PID=10523) to work on /opt/airflow/dags/etl_dag.py
[2025-11-13T07:13:46.414+0000] {processor.py:830} INFO - Processing file /opt/airflow/dags/etl_dag.py for tasks to queue
[2025-11-13T07:13:46.419+0000] {logging_mixin.py:188} INFO - [2025-11-13T07:13:46.418+0000] {dagbag.py:538} INFO - Filling up the DagBag from /opt/airflow/dags/etl_dag.py
[2025-11-13T07:13:46.528+0000] {processor.py:840} INFO - DAG(s) 'simple_etl_lineage' retrieved from /opt/airflow/dags/etl_dag.py
[2025-11-13T07:13:46.610+0000] {logging_mixin.py:188} INFO - [2025-11-13T07:13:46.609+0000] {dag.py:3036} INFO - Sync 1 DAGs
[2025-11-13T07:13:46.649+0000] {logging_mixin.py:188} INFO - [2025-11-13T07:13:46.648+0000] {dag.py:3823} INFO - Setting next_dagrun for simple_etl_lineage to None, run_after=None
[2025-11-13T07:13:46.706+0000] {processor.py:183} INFO - Processing /opt/airflow/dags/etl_dag.py took 0.311 seconds
[2025-11-13T07:14:18.552+0000] {processor.py:161} INFO - Started process (PID=10538) to work on /opt/airflow/dags/etl_dag.py
[2025-11-13T07:14:18.555+0000] {processor.py:830} INFO - Processing file /opt/airflow/dags/etl_dag.py for tasks to queue
[2025-11-13T07:14:18.556+0000] {logging_mixin.py:188} INFO - [2025-11-13T07:14:18.556+0000] {dagbag.py:538} INFO - Filling up the DagBag from /opt/airflow/dags/etl_dag.py
[2025-11-13T07:14:18.598+0000] {processor.py:840} INFO - DAG(s) 'simple_etl_lineage' retrieved from /opt/airflow/dags/etl_dag.py
[2025-11-13T07:14:18.650+0000] {logging_mixin.py:188} INFO - [2025-11-13T07:14:18.650+0000] {dag.py:3036} INFO - Sync 1 DAGs
[2025-11-13T07:14:18.670+0000] {logging_mixin.py:188} INFO - [2025-11-13T07:14:18.670+0000] {dag.py:3823} INFO - Setting next_dagrun for simple_etl_lineage to None, run_after=None
[2025-11-13T07:14:18.698+0000] {processor.py:183} INFO - Processing /opt/airflow/dags/etl_dag.py took 0.150 seconds
[2025-11-13T07:14:49.932+0000] {processor.py:161} INFO - Started process (PID=10553) to work on /opt/airflow/dags/etl_dag.py
[2025-11-13T07:14:49.935+0000] {processor.py:830} INFO - Processing file /opt/airflow/dags/etl_dag.py for tasks to queue
[2025-11-13T07:14:49.938+0000] {logging_mixin.py:188} INFO - [2025-11-13T07:14:49.938+0000] {dagbag.py:538} INFO - Filling up the DagBag from /opt/airflow/dags/etl_dag.py
[2025-11-13T07:14:50.078+0000] {processor.py:840} INFO - DAG(s) 'simple_etl_lineage' retrieved from /opt/airflow/dags/etl_dag.py
[2025-11-13T07:14:50.167+0000] {logging_mixin.py:188} INFO - [2025-11-13T07:14:50.167+0000] {dag.py:3036} INFO - Sync 1 DAGs
[2025-11-13T07:14:50.203+0000] {logging_mixin.py:188} INFO - [2025-11-13T07:14:50.203+0000] {dag.py:3823} INFO - Setting next_dagrun for simple_etl_lineage to None, run_after=None
[2025-11-13T07:14:50.322+0000] {processor.py:183} INFO - Processing /opt/airflow/dags/etl_dag.py took 0.396 seconds
[2025-11-13T07:15:23.792+0000] {processor.py:161} INFO - Started process (PID=10568) to work on /opt/airflow/dags/etl_dag.py
[2025-11-13T07:15:23.798+0000] {processor.py:830} INFO - Processing file /opt/airflow/dags/etl_dag.py for tasks to queue
[2025-11-13T07:15:23.800+0000] {logging_mixin.py:188} INFO - [2025-11-13T07:15:23.799+0000] {dagbag.py:538} INFO - Filling up the DagBag from /opt/airflow/dags/etl_dag.py
[2025-11-13T07:15:23.889+0000] {processor.py:840} INFO - DAG(s) 'simple_etl_lineage' retrieved from /opt/airflow/dags/etl_dag.py
[2025-11-13T07:15:23.959+0000] {logging_mixin.py:188} INFO - [2025-11-13T07:15:23.958+0000] {dag.py:3036} INFO - Sync 1 DAGs
[2025-11-13T07:15:24.010+0000] {logging_mixin.py:188} INFO - [2025-11-13T07:15:24.010+0000] {dag.py:3823} INFO - Setting next_dagrun for simple_etl_lineage to None, run_after=None
[2025-11-13T07:15:24.080+0000] {processor.py:183} INFO - Processing /opt/airflow/dags/etl_dag.py took 0.296 seconds
[2025-11-13T07:15:57.627+0000] {processor.py:161} INFO - Started process (PID=10583) to work on /opt/airflow/dags/etl_dag.py
[2025-11-13T07:15:57.630+0000] {processor.py:830} INFO - Processing file /opt/airflow/dags/etl_dag.py for tasks to queue
[2025-11-13T07:15:57.632+0000] {logging_mixin.py:188} INFO - [2025-11-13T07:15:57.631+0000] {dagbag.py:538} INFO - Filling up the DagBag from /opt/airflow/dags/etl_dag.py
[2025-11-13T07:15:57.665+0000] {processor.py:840} INFO - DAG(s) 'simple_etl_lineage' retrieved from /opt/airflow/dags/etl_dag.py
[2025-11-13T07:15:57.723+0000] {logging_mixin.py:188} INFO - [2025-11-13T07:15:57.723+0000] {dag.py:3036} INFO - Sync 1 DAGs
[2025-11-13T07:15:57.771+0000] {logging_mixin.py:188} INFO - [2025-11-13T07:15:57.771+0000] {dag.py:3823} INFO - Setting next_dagrun for simple_etl_lineage to None, run_after=None
[2025-11-13T07:15:57.849+0000] {processor.py:183} INFO - Processing /opt/airflow/dags/etl_dag.py took 0.228 seconds
[2025-11-13T07:16:28.580+0000] {processor.py:161} INFO - Started process (PID=10598) to work on /opt/airflow/dags/etl_dag.py
[2025-11-13T07:16:28.584+0000] {processor.py:830} INFO - Processing file /opt/airflow/dags/etl_dag.py for tasks to queue
[2025-11-13T07:16:28.585+0000] {logging_mixin.py:188} INFO - [2025-11-13T07:16:28.585+0000] {dagbag.py:538} INFO - Filling up the DagBag from /opt/airflow/dags/etl_dag.py
[2025-11-13T07:16:28.614+0000] {processor.py:840} INFO - DAG(s) 'simple_etl_lineage' retrieved from /opt/airflow/dags/etl_dag.py
[2025-11-13T07:16:28.659+0000] {logging_mixin.py:188} INFO - [2025-11-13T07:16:28.658+0000] {dag.py:3036} INFO - Sync 1 DAGs
[2025-11-13T07:16:28.688+0000] {logging_mixin.py:188} INFO - [2025-11-13T07:16:28.687+0000] {dag.py:3823} INFO - Setting next_dagrun for simple_etl_lineage to None, run_after=None
[2025-11-13T07:16:28.716+0000] {processor.py:183} INFO - Processing /opt/airflow/dags/etl_dag.py took 0.142 seconds
[2025-11-13T07:16:59.306+0000] {processor.py:161} INFO - Started process (PID=10613) to work on /opt/airflow/dags/etl_dag.py
[2025-11-13T07:16:59.309+0000] {processor.py:830} INFO - Processing file /opt/airflow/dags/etl_dag.py for tasks to queue
[2025-11-13T07:16:59.311+0000] {logging_mixin.py:188} INFO - [2025-11-13T07:16:59.311+0000] {dagbag.py:538} INFO - Filling up the DagBag from /opt/airflow/dags/etl_dag.py
[2025-11-13T07:16:59.334+0000] {processor.py:840} INFO - DAG(s) 'simple_etl_lineage' retrieved from /opt/airflow/dags/etl_dag.py
[2025-11-13T07:16:59.369+0000] {logging_mixin.py:188} INFO - [2025-11-13T07:16:59.369+0000] {dag.py:3036} INFO - Sync 1 DAGs
[2025-11-13T07:16:59.384+0000] {logging_mixin.py:188} INFO - [2025-11-13T07:16:59.384+0000] {dag.py:3823} INFO - Setting next_dagrun for simple_etl_lineage to None, run_after=None
[2025-11-13T07:16:59.410+0000] {processor.py:183} INFO - Processing /opt/airflow/dags/etl_dag.py took 0.109 seconds
[2025-11-13T07:17:30.195+0000] {processor.py:161} INFO - Started process (PID=10626) to work on /opt/airflow/dags/etl_dag.py
[2025-11-13T07:17:30.197+0000] {processor.py:830} INFO - Processing file /opt/airflow/dags/etl_dag.py for tasks to queue
[2025-11-13T07:17:30.199+0000] {logging_mixin.py:188} INFO - [2025-11-13T07:17:30.199+0000] {dagbag.py:538} INFO - Filling up the DagBag from /opt/airflow/dags/etl_dag.py
[2025-11-13T07:17:30.231+0000] {processor.py:840} INFO - DAG(s) 'simple_etl_lineage' retrieved from /opt/airflow/dags/etl_dag.py
[2025-11-13T07:17:30.291+0000] {logging_mixin.py:188} INFO - [2025-11-13T07:17:30.290+0000] {dag.py:3036} INFO - Sync 1 DAGs
[2025-11-13T07:17:30.315+0000] {logging_mixin.py:188} INFO - [2025-11-13T07:17:30.315+0000] {dag.py:3823} INFO - Setting next_dagrun for simple_etl_lineage to None, run_after=None
[2025-11-13T07:17:30.353+0000] {processor.py:183} INFO - Processing /opt/airflow/dags/etl_dag.py took 0.170 seconds
[2025-11-13T07:18:01.062+0000] {processor.py:161} INFO - Started process (PID=10636) to work on /opt/airflow/dags/etl_dag.py
[2025-11-13T07:18:01.065+0000] {processor.py:830} INFO - Processing file /opt/airflow/dags/etl_dag.py for tasks to queue
[2025-11-13T07:18:01.068+0000] {logging_mixin.py:188} INFO - [2025-11-13T07:18:01.068+0000] {dagbag.py:538} INFO - Filling up the DagBag from /opt/airflow/dags/etl_dag.py
[2025-11-13T07:18:01.102+0000] {processor.py:840} INFO - DAG(s) 'simple_etl_lineage' retrieved from /opt/airflow/dags/etl_dag.py
[2025-11-13T07:18:01.152+0000] {logging_mixin.py:188} INFO - [2025-11-13T07:18:01.152+0000] {dag.py:3036} INFO - Sync 1 DAGs
[2025-11-13T07:18:01.181+0000] {logging_mixin.py:188} INFO - [2025-11-13T07:18:01.181+0000] {dag.py:3823} INFO - Setting next_dagrun for simple_etl_lineage to None, run_after=None
[2025-11-13T07:18:01.239+0000] {processor.py:183} INFO - Processing /opt/airflow/dags/etl_dag.py took 0.181 seconds
[2025-11-13T07:18:57.987+0000] {processor.py:161} INFO - Started process (PID=10658) to work on /opt/airflow/dags/etl_dag.py
[2025-11-13T07:18:57.991+0000] {processor.py:830} INFO - Processing file /opt/airflow/dags/etl_dag.py for tasks to queue
[2025-11-13T07:18:57.996+0000] {logging_mixin.py:188} INFO - [2025-11-13T07:18:57.995+0000] {dagbag.py:538} INFO - Filling up the DagBag from /opt/airflow/dags/etl_dag.py
[2025-11-13T07:18:58.058+0000] {processor.py:840} INFO - DAG(s) 'simple_etl_lineage' retrieved from /opt/airflow/dags/etl_dag.py
[2025-11-13T07:18:58.151+0000] {logging_mixin.py:188} INFO - [2025-11-13T07:18:58.150+0000] {dag.py:3036} INFO - Sync 1 DAGs
[2025-11-13T07:18:58.216+0000] {logging_mixin.py:188} INFO - [2025-11-13T07:18:58.216+0000] {dag.py:3823} INFO - Setting next_dagrun for simple_etl_lineage to None, run_after=None
[2025-11-13T07:18:58.324+0000] {processor.py:183} INFO - Processing /opt/airflow/dags/etl_dag.py took 0.345 seconds
[2025-11-13T07:20:06.464+0000] {processor.py:161} INFO - Started process (PID=10673) to work on /opt/airflow/dags/etl_dag.py
[2025-11-13T07:20:06.474+0000] {processor.py:830} INFO - Processing file /opt/airflow/dags/etl_dag.py for tasks to queue
[2025-11-13T07:20:06.479+0000] {logging_mixin.py:188} INFO - [2025-11-13T07:20:06.477+0000] {dagbag.py:538} INFO - Filling up the DagBag from /opt/airflow/dags/etl_dag.py
[2025-11-13T07:20:06.698+0000] {processor.py:840} INFO - DAG(s) 'simple_etl_lineage' retrieved from /opt/airflow/dags/etl_dag.py
[2025-11-13T07:20:07.612+0000] {logging_mixin.py:188} INFO - [2025-11-13T07:20:07.603+0000] {dag.py:3036} INFO - Sync 1 DAGs
[2025-11-13T07:20:07.725+0000] {logging_mixin.py:188} INFO - [2025-11-13T07:20:07.715+0000] {dag.py:3823} INFO - Setting next_dagrun for simple_etl_lineage to None, run_after=None
[2025-11-13T07:20:07.910+0000] {processor.py:183} INFO - Processing /opt/airflow/dags/etl_dag.py took 1.477 seconds
[2025-11-13T07:20:38.578+0000] {processor.py:161} INFO - Started process (PID=10688) to work on /opt/airflow/dags/etl_dag.py
[2025-11-13T07:20:38.582+0000] {processor.py:830} INFO - Processing file /opt/airflow/dags/etl_dag.py for tasks to queue
[2025-11-13T07:20:38.584+0000] {logging_mixin.py:188} INFO - [2025-11-13T07:20:38.583+0000] {dagbag.py:538} INFO - Filling up the DagBag from /opt/airflow/dags/etl_dag.py
[2025-11-13T07:20:38.613+0000] {processor.py:840} INFO - DAG(s) 'simple_etl_lineage' retrieved from /opt/airflow/dags/etl_dag.py
[2025-11-13T07:20:38.669+0000] {logging_mixin.py:188} INFO - [2025-11-13T07:20:38.669+0000] {dag.py:3036} INFO - Sync 1 DAGs
[2025-11-13T07:20:38.690+0000] {logging_mixin.py:188} INFO - [2025-11-13T07:20:38.690+0000] {dag.py:3823} INFO - Setting next_dagrun for simple_etl_lineage to None, run_after=None
[2025-11-13T07:20:38.731+0000] {processor.py:183} INFO - Processing /opt/airflow/dags/etl_dag.py took 0.159 seconds
[2025-11-13T07:21:08.838+0000] {processor.py:161} INFO - Started process (PID=10703) to work on /opt/airflow/dags/etl_dag.py
[2025-11-13T07:21:08.840+0000] {processor.py:830} INFO - Processing file /opt/airflow/dags/etl_dag.py for tasks to queue
[2025-11-13T07:21:08.841+0000] {logging_mixin.py:188} INFO - [2025-11-13T07:21:08.841+0000] {dagbag.py:538} INFO - Filling up the DagBag from /opt/airflow/dags/etl_dag.py
[2025-11-13T07:21:08.880+0000] {processor.py:840} INFO - DAG(s) 'simple_etl_lineage' retrieved from /opt/airflow/dags/etl_dag.py
[2025-11-13T07:21:08.959+0000] {logging_mixin.py:188} INFO - [2025-11-13T07:21:08.958+0000] {dag.py:3036} INFO - Sync 1 DAGs
[2025-11-13T07:21:08.983+0000] {logging_mixin.py:188} INFO - [2025-11-13T07:21:08.983+0000] {dag.py:3823} INFO - Setting next_dagrun for simple_etl_lineage to None, run_after=None
[2025-11-13T07:21:09.037+0000] {processor.py:183} INFO - Processing /opt/airflow/dags/etl_dag.py took 0.203 seconds
[2025-11-13T07:21:39.838+0000] {processor.py:161} INFO - Started process (PID=10718) to work on /opt/airflow/dags/etl_dag.py
[2025-11-13T07:21:39.848+0000] {processor.py:830} INFO - Processing file /opt/airflow/dags/etl_dag.py for tasks to queue
[2025-11-13T07:21:39.851+0000] {logging_mixin.py:188} INFO - [2025-11-13T07:21:39.851+0000] {dagbag.py:538} INFO - Filling up the DagBag from /opt/airflow/dags/etl_dag.py
[2025-11-13T07:21:39.898+0000] {processor.py:840} INFO - DAG(s) 'simple_etl_lineage' retrieved from /opt/airflow/dags/etl_dag.py
[2025-11-13T07:21:39.940+0000] {logging_mixin.py:188} INFO - [2025-11-13T07:21:39.939+0000] {dag.py:3036} INFO - Sync 1 DAGs
[2025-11-13T07:21:39.961+0000] {logging_mixin.py:188} INFO - [2025-11-13T07:21:39.961+0000] {dag.py:3823} INFO - Setting next_dagrun for simple_etl_lineage to None, run_after=None
[2025-11-13T07:21:39.991+0000] {processor.py:183} INFO - Processing /opt/airflow/dags/etl_dag.py took 0.162 seconds
[2025-11-13T07:22:10.278+0000] {processor.py:161} INFO - Started process (PID=10733) to work on /opt/airflow/dags/etl_dag.py
[2025-11-13T07:22:10.279+0000] {processor.py:830} INFO - Processing file /opt/airflow/dags/etl_dag.py for tasks to queue
[2025-11-13T07:22:10.280+0000] {logging_mixin.py:188} INFO - [2025-11-13T07:22:10.280+0000] {dagbag.py:538} INFO - Filling up the DagBag from /opt/airflow/dags/etl_dag.py
[2025-11-13T07:22:10.301+0000] {processor.py:840} INFO - DAG(s) 'simple_etl_lineage' retrieved from /opt/airflow/dags/etl_dag.py
[2025-11-13T07:22:10.332+0000] {logging_mixin.py:188} INFO - [2025-11-13T07:22:10.332+0000] {dag.py:3036} INFO - Sync 1 DAGs
[2025-11-13T07:22:10.344+0000] {logging_mixin.py:188} INFO - [2025-11-13T07:22:10.344+0000] {dag.py:3823} INFO - Setting next_dagrun for simple_etl_lineage to None, run_after=None
[2025-11-13T07:22:10.436+0000] {processor.py:183} INFO - Processing /opt/airflow/dags/etl_dag.py took 0.162 seconds
[2025-11-13T07:22:40.613+0000] {processor.py:161} INFO - Started process (PID=10748) to work on /opt/airflow/dags/etl_dag.py
[2025-11-13T07:22:40.615+0000] {processor.py:830} INFO - Processing file /opt/airflow/dags/etl_dag.py for tasks to queue
[2025-11-13T07:22:40.616+0000] {logging_mixin.py:188} INFO - [2025-11-13T07:22:40.616+0000] {dagbag.py:538} INFO - Filling up the DagBag from /opt/airflow/dags/etl_dag.py
[2025-11-13T07:22:40.636+0000] {processor.py:840} INFO - DAG(s) 'simple_etl_lineage' retrieved from /opt/airflow/dags/etl_dag.py
[2025-11-13T07:22:40.662+0000] {logging_mixin.py:188} INFO - [2025-11-13T07:22:40.662+0000] {dag.py:3036} INFO - Sync 1 DAGs
[2025-11-13T07:22:40.676+0000] {logging_mixin.py:188} INFO - [2025-11-13T07:22:40.676+0000] {dag.py:3823} INFO - Setting next_dagrun for simple_etl_lineage to None, run_after=None
[2025-11-13T07:22:40.701+0000] {processor.py:183} INFO - Processing /opt/airflow/dags/etl_dag.py took 0.091 seconds
[2025-11-13T07:23:10.823+0000] {processor.py:161} INFO - Started process (PID=10763) to work on /opt/airflow/dags/etl_dag.py
[2025-11-13T07:23:10.825+0000] {processor.py:830} INFO - Processing file /opt/airflow/dags/etl_dag.py for tasks to queue
[2025-11-13T07:23:10.827+0000] {logging_mixin.py:188} INFO - [2025-11-13T07:23:10.826+0000] {dagbag.py:538} INFO - Filling up the DagBag from /opt/airflow/dags/etl_dag.py
[2025-11-13T07:23:10.861+0000] {processor.py:840} INFO - DAG(s) 'simple_etl_lineage' retrieved from /opt/airflow/dags/etl_dag.py
[2025-11-13T07:23:10.951+0000] {logging_mixin.py:188} INFO - [2025-11-13T07:23:10.951+0000] {dag.py:3036} INFO - Sync 1 DAGs
[2025-11-13T07:23:10.976+0000] {logging_mixin.py:188} INFO - [2025-11-13T07:23:10.975+0000] {dag.py:3823} INFO - Setting next_dagrun for simple_etl_lineage to None, run_after=None
[2025-11-13T07:23:11.003+0000] {processor.py:183} INFO - Processing /opt/airflow/dags/etl_dag.py took 0.186 seconds
[2025-11-13T07:23:41.192+0000] {processor.py:161} INFO - Started process (PID=10779) to work on /opt/airflow/dags/etl_dag.py
[2025-11-13T07:23:41.196+0000] {processor.py:830} INFO - Processing file /opt/airflow/dags/etl_dag.py for tasks to queue
[2025-11-13T07:23:41.199+0000] {logging_mixin.py:188} INFO - [2025-11-13T07:23:41.198+0000] {dagbag.py:538} INFO - Filling up the DagBag from /opt/airflow/dags/etl_dag.py
[2025-11-13T07:23:41.304+0000] {processor.py:840} INFO - DAG(s) 'simple_etl_lineage' retrieved from /opt/airflow/dags/etl_dag.py
[2025-11-13T07:23:41.404+0000] {logging_mixin.py:188} INFO - [2025-11-13T07:23:41.404+0000] {dag.py:3036} INFO - Sync 1 DAGs
[2025-11-13T07:23:41.470+0000] {logging_mixin.py:188} INFO - [2025-11-13T07:23:41.469+0000] {dag.py:3823} INFO - Setting next_dagrun for simple_etl_lineage to None, run_after=None
[2025-11-13T07:23:41.545+0000] {processor.py:183} INFO - Processing /opt/airflow/dags/etl_dag.py took 0.365 seconds
[2025-11-13T07:24:14.057+0000] {processor.py:161} INFO - Started process (PID=10801) to work on /opt/airflow/dags/etl_dag.py
[2025-11-13T07:24:14.071+0000] {processor.py:830} INFO - Processing file /opt/airflow/dags/etl_dag.py for tasks to queue
[2025-11-13T07:24:14.085+0000] {logging_mixin.py:188} INFO - [2025-11-13T07:24:14.084+0000] {dagbag.py:538} INFO - Filling up the DagBag from /opt/airflow/dags/etl_dag.py
[2025-11-13T07:24:16.503+0000] {processor.py:840} INFO - DAG(s) 'simple_etl_lineage' retrieved from /opt/airflow/dags/etl_dag.py
[2025-11-13T07:24:16.955+0000] {logging_mixin.py:188} INFO - [2025-11-13T07:24:16.954+0000] {dag.py:3036} INFO - Sync 1 DAGs
[2025-11-13T07:24:17.073+0000] {logging_mixin.py:188} INFO - [2025-11-13T07:24:17.073+0000] {dag.py:3823} INFO - Setting next_dagrun for simple_etl_lineage to None, run_after=None
[2025-11-13T07:24:17.197+0000] {processor.py:183} INFO - Processing /opt/airflow/dags/etl_dag.py took 3.144 seconds
[2025-11-13T07:24:48.327+0000] {processor.py:161} INFO - Started process (PID=10814) to work on /opt/airflow/dags/etl_dag.py
[2025-11-13T07:24:48.339+0000] {processor.py:830} INFO - Processing file /opt/airflow/dags/etl_dag.py for tasks to queue
[2025-11-13T07:24:48.342+0000] {logging_mixin.py:188} INFO - [2025-11-13T07:24:48.342+0000] {dagbag.py:538} INFO - Filling up the DagBag from /opt/airflow/dags/etl_dag.py
[2025-11-13T07:24:48.553+0000] {processor.py:840} INFO - DAG(s) 'simple_etl_lineage' retrieved from /opt/airflow/dags/etl_dag.py
[2025-11-13T07:24:48.784+0000] {logging_mixin.py:188} INFO - [2025-11-13T07:24:48.783+0000] {dag.py:3036} INFO - Sync 1 DAGs
[2025-11-13T07:24:49.210+0000] {logging_mixin.py:188} INFO - [2025-11-13T07:24:49.209+0000] {dag.py:3823} INFO - Setting next_dagrun for simple_etl_lineage to None, run_after=None
[2025-11-13T07:24:49.696+0000] {processor.py:183} INFO - Processing /opt/airflow/dags/etl_dag.py took 1.376 seconds
[2025-11-13T07:25:21.011+0000] {processor.py:161} INFO - Started process (PID=10829) to work on /opt/airflow/dags/etl_dag.py
[2025-11-13T07:25:21.012+0000] {processor.py:830} INFO - Processing file /opt/airflow/dags/etl_dag.py for tasks to queue
[2025-11-13T07:25:21.014+0000] {logging_mixin.py:188} INFO - [2025-11-13T07:25:21.013+0000] {dagbag.py:538} INFO - Filling up the DagBag from /opt/airflow/dags/etl_dag.py
[2025-11-13T07:25:21.045+0000] {processor.py:840} INFO - DAG(s) 'simple_etl_lineage' retrieved from /opt/airflow/dags/etl_dag.py
[2025-11-13T07:25:21.117+0000] {logging_mixin.py:188} INFO - [2025-11-13T07:25:21.117+0000] {dag.py:3036} INFO - Sync 1 DAGs
[2025-11-13T07:25:21.132+0000] {logging_mixin.py:188} INFO - [2025-11-13T07:25:21.131+0000] {dag.py:3823} INFO - Setting next_dagrun for simple_etl_lineage to None, run_after=None
[2025-11-13T07:25:21.172+0000] {processor.py:183} INFO - Processing /opt/airflow/dags/etl_dag.py took 0.166 seconds
[2025-11-13T07:25:51.930+0000] {processor.py:161} INFO - Started process (PID=10844) to work on /opt/airflow/dags/etl_dag.py
[2025-11-13T07:25:51.931+0000] {processor.py:830} INFO - Processing file /opt/airflow/dags/etl_dag.py for tasks to queue
[2025-11-13T07:25:51.933+0000] {logging_mixin.py:188} INFO - [2025-11-13T07:25:51.932+0000] {dagbag.py:538} INFO - Filling up the DagBag from /opt/airflow/dags/etl_dag.py
[2025-11-13T07:25:51.958+0000] {processor.py:840} INFO - DAG(s) 'simple_etl_lineage' retrieved from /opt/airflow/dags/etl_dag.py
[2025-11-13T07:25:52.007+0000] {logging_mixin.py:188} INFO - [2025-11-13T07:25:52.006+0000] {dag.py:3036} INFO - Sync 1 DAGs
[2025-11-13T07:25:52.026+0000] {logging_mixin.py:188} INFO - [2025-11-13T07:25:52.026+0000] {dag.py:3823} INFO - Setting next_dagrun for simple_etl_lineage to None, run_after=None
[2025-11-13T07:25:52.087+0000] {processor.py:183} INFO - Processing /opt/airflow/dags/etl_dag.py took 0.162 seconds
[2025-11-13T07:26:22.699+0000] {processor.py:161} INFO - Started process (PID=10859) to work on /opt/airflow/dags/etl_dag.py
[2025-11-13T07:26:22.701+0000] {processor.py:830} INFO - Processing file /opt/airflow/dags/etl_dag.py for tasks to queue
[2025-11-13T07:26:22.704+0000] {logging_mixin.py:188} INFO - [2025-11-13T07:26:22.703+0000] {dagbag.py:538} INFO - Filling up the DagBag from /opt/airflow/dags/etl_dag.py
[2025-11-13T07:26:23.742+0000] {processor.py:840} INFO - DAG(s) 'simple_etl_lineage' retrieved from /opt/airflow/dags/etl_dag.py
[2025-11-13T07:26:23.790+0000] {logging_mixin.py:188} INFO - [2025-11-13T07:26:23.790+0000] {dag.py:3036} INFO - Sync 1 DAGs
[2025-11-13T07:26:23.805+0000] {logging_mixin.py:188} INFO - [2025-11-13T07:26:23.805+0000] {dag.py:3823} INFO - Setting next_dagrun for simple_etl_lineage to None, run_after=None
[2025-11-13T07:26:23.825+0000] {processor.py:183} INFO - Processing /opt/airflow/dags/etl_dag.py took 1.131 seconds
[2025-11-13T07:26:54.538+0000] {processor.py:161} INFO - Started process (PID=10876) to work on /opt/airflow/dags/etl_dag.py
[2025-11-13T07:26:54.549+0000] {processor.py:830} INFO - Processing file /opt/airflow/dags/etl_dag.py for tasks to queue
[2025-11-13T07:26:54.551+0000] {logging_mixin.py:188} INFO - [2025-11-13T07:26:54.551+0000] {dagbag.py:538} INFO - Filling up the DagBag from /opt/airflow/dags/etl_dag.py
[2025-11-13T07:26:54.582+0000] {processor.py:840} INFO - DAG(s) 'simple_etl_lineage' retrieved from /opt/airflow/dags/etl_dag.py
[2025-11-13T07:26:54.649+0000] {logging_mixin.py:188} INFO - [2025-11-13T07:26:54.649+0000] {dag.py:3036} INFO - Sync 1 DAGs
[2025-11-13T07:26:54.677+0000] {logging_mixin.py:188} INFO - [2025-11-13T07:26:54.677+0000] {dag.py:3823} INFO - Setting next_dagrun for simple_etl_lineage to None, run_after=None
[2025-11-13T07:26:54.712+0000] {processor.py:183} INFO - Processing /opt/airflow/dags/etl_dag.py took 0.180 seconds
[2025-11-13T07:27:25.180+0000] {processor.py:161} INFO - Started process (PID=10891) to work on /opt/airflow/dags/etl_dag.py
[2025-11-13T07:27:25.182+0000] {processor.py:830} INFO - Processing file /opt/airflow/dags/etl_dag.py for tasks to queue
[2025-11-13T07:27:25.183+0000] {logging_mixin.py:188} INFO - [2025-11-13T07:27:25.182+0000] {dagbag.py:538} INFO - Filling up the DagBag from /opt/airflow/dags/etl_dag.py
[2025-11-13T07:27:25.204+0000] {processor.py:840} INFO - DAG(s) 'simple_etl_lineage' retrieved from /opt/airflow/dags/etl_dag.py
[2025-11-13T07:27:25.243+0000] {logging_mixin.py:188} INFO - [2025-11-13T07:27:25.243+0000] {dag.py:3036} INFO - Sync 1 DAGs
[2025-11-13T07:27:25.275+0000] {logging_mixin.py:188} INFO - [2025-11-13T07:27:25.272+0000] {dag.py:3823} INFO - Setting next_dagrun for simple_etl_lineage to None, run_after=None
[2025-11-13T07:27:25.313+0000] {processor.py:183} INFO - Processing /opt/airflow/dags/etl_dag.py took 0.136 seconds
[2025-11-13T07:27:55.570+0000] {processor.py:161} INFO - Started process (PID=10906) to work on /opt/airflow/dags/etl_dag.py
[2025-11-13T07:27:55.572+0000] {processor.py:830} INFO - Processing file /opt/airflow/dags/etl_dag.py for tasks to queue
[2025-11-13T07:27:55.573+0000] {logging_mixin.py:188} INFO - [2025-11-13T07:27:55.573+0000] {dagbag.py:538} INFO - Filling up the DagBag from /opt/airflow/dags/etl_dag.py
[2025-11-13T07:27:55.644+0000] {processor.py:840} INFO - DAG(s) 'simple_etl_lineage' retrieved from /opt/airflow/dags/etl_dag.py
[2025-11-13T07:27:55.678+0000] {logging_mixin.py:188} INFO - [2025-11-13T07:27:55.678+0000] {dag.py:3036} INFO - Sync 1 DAGs
[2025-11-13T07:27:55.690+0000] {logging_mixin.py:188} INFO - [2025-11-13T07:27:55.690+0000] {dag.py:3823} INFO - Setting next_dagrun for simple_etl_lineage to None, run_after=None
[2025-11-13T07:27:55.715+0000] {processor.py:183} INFO - Processing /opt/airflow/dags/etl_dag.py took 0.148 seconds
[2025-11-13T07:28:26.219+0000] {processor.py:161} INFO - Started process (PID=10919) to work on /opt/airflow/dags/etl_dag.py
[2025-11-13T07:28:26.220+0000] {processor.py:830} INFO - Processing file /opt/airflow/dags/etl_dag.py for tasks to queue
[2025-11-13T07:28:26.222+0000] {logging_mixin.py:188} INFO - [2025-11-13T07:28:26.221+0000] {dagbag.py:538} INFO - Filling up the DagBag from /opt/airflow/dags/etl_dag.py
[2025-11-13T07:28:26.260+0000] {processor.py:840} INFO - DAG(s) 'simple_etl_lineage' retrieved from /opt/airflow/dags/etl_dag.py
[2025-11-13T07:28:26.373+0000] {logging_mixin.py:188} INFO - [2025-11-13T07:28:26.372+0000] {dag.py:3036} INFO - Sync 1 DAGs
[2025-11-13T07:28:26.410+0000] {logging_mixin.py:188} INFO - [2025-11-13T07:28:26.410+0000] {dag.py:3823} INFO - Setting next_dagrun for simple_etl_lineage to None, run_after=None
[2025-11-13T07:28:26.518+0000] {processor.py:183} INFO - Processing /opt/airflow/dags/etl_dag.py took 0.304 seconds
[2025-11-13T07:28:57.214+0000] {processor.py:161} INFO - Started process (PID=10934) to work on /opt/airflow/dags/etl_dag.py
[2025-11-13T07:28:57.222+0000] {processor.py:830} INFO - Processing file /opt/airflow/dags/etl_dag.py for tasks to queue
[2025-11-13T07:28:57.224+0000] {logging_mixin.py:188} INFO - [2025-11-13T07:28:57.224+0000] {dagbag.py:538} INFO - Filling up the DagBag from /opt/airflow/dags/etl_dag.py
[2025-11-13T07:28:57.310+0000] {processor.py:840} INFO - DAG(s) 'simple_etl_lineage' retrieved from /opt/airflow/dags/etl_dag.py
[2025-11-13T07:28:57.375+0000] {logging_mixin.py:188} INFO - [2025-11-13T07:28:57.375+0000] {dag.py:3036} INFO - Sync 1 DAGs
[2025-11-13T07:28:57.397+0000] {logging_mixin.py:188} INFO - [2025-11-13T07:28:57.397+0000] {dag.py:3823} INFO - Setting next_dagrun for simple_etl_lineage to None, run_after=None
[2025-11-13T07:28:57.431+0000] {processor.py:183} INFO - Processing /opt/airflow/dags/etl_dag.py took 0.230 seconds
[2025-11-13T07:29:27.823+0000] {processor.py:161} INFO - Started process (PID=10949) to work on /opt/airflow/dags/etl_dag.py
[2025-11-13T07:29:27.824+0000] {processor.py:830} INFO - Processing file /opt/airflow/dags/etl_dag.py for tasks to queue
[2025-11-13T07:29:27.828+0000] {logging_mixin.py:188} INFO - [2025-11-13T07:29:27.826+0000] {dagbag.py:538} INFO - Filling up the DagBag from /opt/airflow/dags/etl_dag.py
[2025-11-13T07:29:27.917+0000] {processor.py:840} INFO - DAG(s) 'simple_etl_lineage' retrieved from /opt/airflow/dags/etl_dag.py
[2025-11-13T07:29:27.989+0000] {logging_mixin.py:188} INFO - [2025-11-13T07:29:27.989+0000] {dag.py:3036} INFO - Sync 1 DAGs
[2025-11-13T07:29:28.111+0000] {logging_mixin.py:188} INFO - [2025-11-13T07:29:28.111+0000] {dag.py:3823} INFO - Setting next_dagrun for simple_etl_lineage to None, run_after=None
[2025-11-13T07:29:28.243+0000] {processor.py:183} INFO - Processing /opt/airflow/dags/etl_dag.py took 0.426 seconds
[2025-11-13T07:29:59.075+0000] {processor.py:161} INFO - Started process (PID=10964) to work on /opt/airflow/dags/etl_dag.py
[2025-11-13T07:29:59.076+0000] {processor.py:830} INFO - Processing file /opt/airflow/dags/etl_dag.py for tasks to queue
[2025-11-13T07:29:59.078+0000] {logging_mixin.py:188} INFO - [2025-11-13T07:29:59.077+0000] {dagbag.py:538} INFO - Filling up the DagBag from /opt/airflow/dags/etl_dag.py
[2025-11-13T07:29:59.142+0000] {processor.py:840} INFO - DAG(s) 'simple_etl_lineage' retrieved from /opt/airflow/dags/etl_dag.py
[2025-11-13T07:29:59.233+0000] {logging_mixin.py:188} INFO - [2025-11-13T07:29:59.233+0000] {dag.py:3036} INFO - Sync 1 DAGs
[2025-11-13T07:29:59.252+0000] {logging_mixin.py:188} INFO - [2025-11-13T07:29:59.252+0000] {dag.py:3823} INFO - Setting next_dagrun for simple_etl_lineage to None, run_after=None
[2025-11-13T07:29:59.320+0000] {processor.py:183} INFO - Processing /opt/airflow/dags/etl_dag.py took 0.252 seconds
[2025-11-13T07:30:29.649+0000] {processor.py:161} INFO - Started process (PID=10979) to work on /opt/airflow/dags/etl_dag.py
[2025-11-13T07:30:29.650+0000] {processor.py:830} INFO - Processing file /opt/airflow/dags/etl_dag.py for tasks to queue
[2025-11-13T07:30:29.652+0000] {logging_mixin.py:188} INFO - [2025-11-13T07:30:29.651+0000] {dagbag.py:538} INFO - Filling up the DagBag from /opt/airflow/dags/etl_dag.py
[2025-11-13T07:30:29.693+0000] {processor.py:840} INFO - DAG(s) 'simple_etl_lineage' retrieved from /opt/airflow/dags/etl_dag.py
[2025-11-13T07:30:29.769+0000] {logging_mixin.py:188} INFO - [2025-11-13T07:30:29.768+0000] {dag.py:3036} INFO - Sync 1 DAGs
[2025-11-13T07:30:29.792+0000] {logging_mixin.py:188} INFO - [2025-11-13T07:30:29.792+0000] {dag.py:3823} INFO - Setting next_dagrun for simple_etl_lineage to None, run_after=None
[2025-11-13T07:30:29.851+0000] {processor.py:183} INFO - Processing /opt/airflow/dags/etl_dag.py took 0.208 seconds
[2025-11-13T07:30:59.933+0000] {processor.py:161} INFO - Started process (PID=10991) to work on /opt/airflow/dags/etl_dag.py
[2025-11-13T07:30:59.935+0000] {processor.py:830} INFO - Processing file /opt/airflow/dags/etl_dag.py for tasks to queue
[2025-11-13T07:30:59.936+0000] {logging_mixin.py:188} INFO - [2025-11-13T07:30:59.935+0000] {dagbag.py:538} INFO - Filling up the DagBag from /opt/airflow/dags/etl_dag.py
[2025-11-13T07:30:59.982+0000] {processor.py:840} INFO - DAG(s) 'simple_etl_lineage' retrieved from /opt/airflow/dags/etl_dag.py
[2025-11-13T07:31:00.008+0000] {logging_mixin.py:188} INFO - [2025-11-13T07:31:00.008+0000] {dag.py:3036} INFO - Sync 1 DAGs
[2025-11-13T07:31:00.028+0000] {logging_mixin.py:188} INFO - [2025-11-13T07:31:00.028+0000] {dag.py:3823} INFO - Setting next_dagrun for simple_etl_lineage to None, run_after=None
[2025-11-13T07:31:00.065+0000] {processor.py:183} INFO - Processing /opt/airflow/dags/etl_dag.py took 0.137 seconds
[2025-11-13T07:31:30.602+0000] {processor.py:161} INFO - Started process (PID=11009) to work on /opt/airflow/dags/etl_dag.py
[2025-11-13T07:31:30.614+0000] {processor.py:830} INFO - Processing file /opt/airflow/dags/etl_dag.py for tasks to queue
[2025-11-13T07:31:30.616+0000] {logging_mixin.py:188} INFO - [2025-11-13T07:31:30.615+0000] {dagbag.py:538} INFO - Filling up the DagBag from /opt/airflow/dags/etl_dag.py
[2025-11-13T07:31:30.648+0000] {processor.py:840} INFO - DAG(s) 'simple_etl_lineage' retrieved from /opt/airflow/dags/etl_dag.py
[2025-11-13T07:31:30.697+0000] {logging_mixin.py:188} INFO - [2025-11-13T07:31:30.696+0000] {dag.py:3036} INFO - Sync 1 DAGs
[2025-11-13T07:31:30.712+0000] {logging_mixin.py:188} INFO - [2025-11-13T07:31:30.712+0000] {dag.py:3823} INFO - Setting next_dagrun for simple_etl_lineage to None, run_after=None
[2025-11-13T07:31:30.738+0000] {processor.py:183} INFO - Processing /opt/airflow/dags/etl_dag.py took 0.139 seconds
[2025-11-13T07:32:01.181+0000] {processor.py:161} INFO - Started process (PID=11024) to work on /opt/airflow/dags/etl_dag.py
[2025-11-13T07:32:01.182+0000] {processor.py:830} INFO - Processing file /opt/airflow/dags/etl_dag.py for tasks to queue
[2025-11-13T07:32:01.184+0000] {logging_mixin.py:188} INFO - [2025-11-13T07:32:01.184+0000] {dagbag.py:538} INFO - Filling up the DagBag from /opt/airflow/dags/etl_dag.py
[2025-11-13T07:32:01.211+0000] {processor.py:840} INFO - DAG(s) 'simple_etl_lineage' retrieved from /opt/airflow/dags/etl_dag.py
[2025-11-13T07:32:01.265+0000] {logging_mixin.py:188} INFO - [2025-11-13T07:32:01.264+0000] {dag.py:3036} INFO - Sync 1 DAGs
[2025-11-13T07:32:01.279+0000] {logging_mixin.py:188} INFO - [2025-11-13T07:32:01.279+0000] {dag.py:3823} INFO - Setting next_dagrun for simple_etl_lineage to None, run_after=None
[2025-11-13T07:32:01.309+0000] {processor.py:183} INFO - Processing /opt/airflow/dags/etl_dag.py took 0.182 seconds
[2025-11-13T07:32:31.508+0000] {processor.py:161} INFO - Started process (PID=11039) to work on /opt/airflow/dags/etl_dag.py
[2025-11-13T07:32:31.510+0000] {processor.py:830} INFO - Processing file /opt/airflow/dags/etl_dag.py for tasks to queue
[2025-11-13T07:32:31.512+0000] {logging_mixin.py:188} INFO - [2025-11-13T07:32:31.511+0000] {dagbag.py:538} INFO - Filling up the DagBag from /opt/airflow/dags/etl_dag.py
[2025-11-13T07:32:31.538+0000] {processor.py:840} INFO - DAG(s) 'simple_etl_lineage' retrieved from /opt/airflow/dags/etl_dag.py
[2025-11-13T07:32:31.643+0000] {logging_mixin.py:188} INFO - [2025-11-13T07:32:31.642+0000] {dag.py:3036} INFO - Sync 1 DAGs
[2025-11-13T07:32:31.691+0000] {logging_mixin.py:188} INFO - [2025-11-13T07:32:31.691+0000] {dag.py:3823} INFO - Setting next_dagrun for simple_etl_lineage to None, run_after=None
[2025-11-13T07:32:32.243+0000] {processor.py:183} INFO - Processing /opt/airflow/dags/etl_dag.py took 0.747 seconds
[2025-11-13T07:33:02.474+0000] {processor.py:161} INFO - Started process (PID=11051) to work on /opt/airflow/dags/etl_dag.py
[2025-11-13T07:33:02.476+0000] {processor.py:830} INFO - Processing file /opt/airflow/dags/etl_dag.py for tasks to queue
[2025-11-13T07:33:02.477+0000] {logging_mixin.py:188} INFO - [2025-11-13T07:33:02.477+0000] {dagbag.py:538} INFO - Filling up the DagBag from /opt/airflow/dags/etl_dag.py
[2025-11-13T07:33:02.501+0000] {processor.py:840} INFO - DAG(s) 'simple_etl_lineage' retrieved from /opt/airflow/dags/etl_dag.py
[2025-11-13T07:33:02.545+0000] {logging_mixin.py:188} INFO - [2025-11-13T07:33:02.545+0000] {dag.py:3036} INFO - Sync 1 DAGs
[2025-11-13T07:33:02.562+0000] {logging_mixin.py:188} INFO - [2025-11-13T07:33:02.561+0000] {dag.py:3823} INFO - Setting next_dagrun for simple_etl_lineage to None, run_after=None
[2025-11-13T07:33:02.588+0000] {processor.py:183} INFO - Processing /opt/airflow/dags/etl_dag.py took 0.118 seconds
[2025-11-13T07:33:33.550+0000] {processor.py:161} INFO - Started process (PID=11066) to work on /opt/airflow/dags/etl_dag.py
[2025-11-13T07:33:33.556+0000] {processor.py:830} INFO - Processing file /opt/airflow/dags/etl_dag.py for tasks to queue
[2025-11-13T07:33:33.559+0000] {logging_mixin.py:188} INFO - [2025-11-13T07:33:33.558+0000] {dagbag.py:538} INFO - Filling up the DagBag from /opt/airflow/dags/etl_dag.py
[2025-11-13T07:33:33.634+0000] {processor.py:840} INFO - DAG(s) 'simple_etl_lineage' retrieved from /opt/airflow/dags/etl_dag.py
[2025-11-13T07:33:33.727+0000] {logging_mixin.py:188} INFO - [2025-11-13T07:33:33.727+0000] {dag.py:3036} INFO - Sync 1 DAGs
[2025-11-13T07:33:33.778+0000] {logging_mixin.py:188} INFO - [2025-11-13T07:33:33.778+0000] {dag.py:3823} INFO - Setting next_dagrun for simple_etl_lineage to None, run_after=None
[2025-11-13T07:33:33.926+0000] {processor.py:183} INFO - Processing /opt/airflow/dags/etl_dag.py took 0.382 seconds
[2025-11-13T07:34:04.152+0000] {processor.py:161} INFO - Started process (PID=11081) to work on /opt/airflow/dags/etl_dag.py
[2025-11-13T07:34:04.161+0000] {processor.py:830} INFO - Processing file /opt/airflow/dags/etl_dag.py for tasks to queue
[2025-11-13T07:34:04.169+0000] {logging_mixin.py:188} INFO - [2025-11-13T07:34:04.168+0000] {dagbag.py:538} INFO - Filling up the DagBag from /opt/airflow/dags/etl_dag.py
[2025-11-13T07:34:04.266+0000] {processor.py:840} INFO - DAG(s) 'simple_etl_lineage' retrieved from /opt/airflow/dags/etl_dag.py
[2025-11-13T07:34:04.418+0000] {logging_mixin.py:188} INFO - [2025-11-13T07:34:04.417+0000] {dag.py:3036} INFO - Sync 1 DAGs
[2025-11-13T07:34:04.493+0000] {logging_mixin.py:188} INFO - [2025-11-13T07:34:04.493+0000] {dag.py:3823} INFO - Setting next_dagrun for simple_etl_lineage to None, run_after=None
[2025-11-13T07:34:04.761+0000] {processor.py:183} INFO - Processing /opt/airflow/dags/etl_dag.py took 0.618 seconds
[2025-11-13T07:34:43.133+0000] {processor.py:161} INFO - Started process (PID=11094) to work on /opt/airflow/dags/etl_dag.py
[2025-11-13T07:34:43.173+0000] {processor.py:830} INFO - Processing file /opt/airflow/dags/etl_dag.py for tasks to queue
[2025-11-13T07:34:43.460+0000] {logging_mixin.py:188} INFO - [2025-11-13T07:34:43.189+0000] {dagbag.py:538} INFO - Filling up the DagBag from /opt/airflow/dags/etl_dag.py
[2025-11-13T07:34:43.891+0000] {processor.py:840} INFO - DAG(s) 'simple_etl_lineage' retrieved from /opt/airflow/dags/etl_dag.py
[2025-11-13T07:34:44.919+0000] {logging_mixin.py:188} INFO - [2025-11-13T07:34:44.918+0000] {dag.py:3036} INFO - Sync 1 DAGs
[2025-11-13T07:34:45.645+0000] {logging_mixin.py:188} INFO - [2025-11-13T07:34:45.644+0000] {dag.py:3823} INFO - Setting next_dagrun for simple_etl_lineage to None, run_after=None
[2025-11-13T07:34:52.083+0000] {processor.py:183} INFO - Processing /opt/airflow/dags/etl_dag.py took 9.087 seconds
[2025-11-13T07:35:23.881+0000] {processor.py:161} INFO - Started process (PID=11116) to work on /opt/airflow/dags/etl_dag.py
[2025-11-13T07:35:23.899+0000] {processor.py:830} INFO - Processing file /opt/airflow/dags/etl_dag.py for tasks to queue
[2025-11-13T07:35:23.925+0000] {logging_mixin.py:188} INFO - [2025-11-13T07:35:23.924+0000] {dagbag.py:538} INFO - Filling up the DagBag from /opt/airflow/dags/etl_dag.py
[2025-11-13T07:35:24.065+0000] {processor.py:840} INFO - DAG(s) 'simple_etl_lineage' retrieved from /opt/airflow/dags/etl_dag.py
[2025-11-13T07:35:24.171+0000] {logging_mixin.py:188} INFO - [2025-11-13T07:35:24.170+0000] {dag.py:3036} INFO - Sync 1 DAGs
[2025-11-13T07:35:24.224+0000] {logging_mixin.py:188} INFO - [2025-11-13T07:35:24.223+0000] {dag.py:3823} INFO - Setting next_dagrun for simple_etl_lineage to None, run_after=None
[2025-11-13T07:35:24.314+0000] {processor.py:183} INFO - Processing /opt/airflow/dags/etl_dag.py took 0.439 seconds
[2025-11-13T07:35:54.566+0000] {processor.py:161} INFO - Started process (PID=11131) to work on /opt/airflow/dags/etl_dag.py
[2025-11-13T07:35:54.569+0000] {processor.py:830} INFO - Processing file /opt/airflow/dags/etl_dag.py for tasks to queue
[2025-11-13T07:35:54.571+0000] {logging_mixin.py:188} INFO - [2025-11-13T07:35:54.570+0000] {dagbag.py:538} INFO - Filling up the DagBag from /opt/airflow/dags/etl_dag.py
[2025-11-13T07:35:54.608+0000] {processor.py:840} INFO - DAG(s) 'simple_etl_lineage' retrieved from /opt/airflow/dags/etl_dag.py
[2025-11-13T07:35:54.693+0000] {logging_mixin.py:188} INFO - [2025-11-13T07:35:54.693+0000] {dag.py:3036} INFO - Sync 1 DAGs
[2025-11-13T07:35:54.721+0000] {logging_mixin.py:188} INFO - [2025-11-13T07:35:54.721+0000] {dag.py:3823} INFO - Setting next_dagrun for simple_etl_lineage to None, run_after=None
[2025-11-13T07:35:54.768+0000] {processor.py:183} INFO - Processing /opt/airflow/dags/etl_dag.py took 0.209 seconds
[2025-11-13T07:36:25.000+0000] {processor.py:161} INFO - Started process (PID=11146) to work on /opt/airflow/dags/etl_dag.py
[2025-11-13T07:36:25.002+0000] {processor.py:830} INFO - Processing file /opt/airflow/dags/etl_dag.py for tasks to queue
[2025-11-13T07:36:25.003+0000] {logging_mixin.py:188} INFO - [2025-11-13T07:36:25.003+0000] {dagbag.py:538} INFO - Filling up the DagBag from /opt/airflow/dags/etl_dag.py
[2025-11-13T07:36:25.026+0000] {processor.py:840} INFO - DAG(s) 'simple_etl_lineage' retrieved from /opt/airflow/dags/etl_dag.py
[2025-11-13T07:36:25.060+0000] {logging_mixin.py:188} INFO - [2025-11-13T07:36:25.059+0000] {dag.py:3036} INFO - Sync 1 DAGs
[2025-11-13T07:36:25.072+0000] {logging_mixin.py:188} INFO - [2025-11-13T07:36:25.072+0000] {dag.py:3823} INFO - Setting next_dagrun for simple_etl_lineage to None, run_after=None
[2025-11-13T07:36:25.093+0000] {processor.py:183} INFO - Processing /opt/airflow/dags/etl_dag.py took 0.096 seconds
[2025-11-13T07:36:55.648+0000] {processor.py:161} INFO - Started process (PID=11159) to work on /opt/airflow/dags/etl_dag.py
[2025-11-13T07:36:55.649+0000] {processor.py:830} INFO - Processing file /opt/airflow/dags/etl_dag.py for tasks to queue
[2025-11-13T07:36:55.650+0000] {logging_mixin.py:188} INFO - [2025-11-13T07:36:55.650+0000] {dagbag.py:538} INFO - Filling up the DagBag from /opt/airflow/dags/etl_dag.py
[2025-11-13T07:36:55.670+0000] {processor.py:840} INFO - DAG(s) 'simple_etl_lineage' retrieved from /opt/airflow/dags/etl_dag.py
[2025-11-13T07:36:55.710+0000] {logging_mixin.py:188} INFO - [2025-11-13T07:36:55.710+0000] {dag.py:3036} INFO - Sync 1 DAGs
[2025-11-13T07:36:55.720+0000] {logging_mixin.py:188} INFO - [2025-11-13T07:36:55.720+0000] {dag.py:3823} INFO - Setting next_dagrun for simple_etl_lineage to None, run_after=None
[2025-11-13T07:36:55.743+0000] {processor.py:183} INFO - Processing /opt/airflow/dags/etl_dag.py took 0.098 seconds
[2025-11-13T07:37:36.276+0000] {processor.py:161} INFO - Started process (PID=11176) to work on /opt/airflow/dags/etl_dag.py
[2025-11-13T07:37:36.278+0000] {processor.py:830} INFO - Processing file /opt/airflow/dags/etl_dag.py for tasks to queue
[2025-11-13T07:37:36.281+0000] {logging_mixin.py:188} INFO - [2025-11-13T07:37:36.280+0000] {dagbag.py:538} INFO - Filling up the DagBag from /opt/airflow/dags/etl_dag.py
[2025-11-13T07:37:36.311+0000] {processor.py:840} INFO - DAG(s) 'simple_etl_lineage' retrieved from /opt/airflow/dags/etl_dag.py
[2025-11-13T07:37:36.350+0000] {logging_mixin.py:188} INFO - [2025-11-13T07:37:36.349+0000] {dag.py:3036} INFO - Sync 1 DAGs
[2025-11-13T07:37:36.365+0000] {logging_mixin.py:188} INFO - [2025-11-13T07:37:36.364+0000] {dag.py:3823} INFO - Setting next_dagrun for simple_etl_lineage to None, run_after=None
[2025-11-13T07:37:36.591+0000] {processor.py:183} INFO - Processing /opt/airflow/dags/etl_dag.py took 0.320 seconds
[2025-11-13T07:38:07.080+0000] {processor.py:161} INFO - Started process (PID=11189) to work on /opt/airflow/dags/etl_dag.py
[2025-11-13T07:38:07.085+0000] {processor.py:830} INFO - Processing file /opt/airflow/dags/etl_dag.py for tasks to queue
[2025-11-13T07:38:07.090+0000] {logging_mixin.py:188} INFO - [2025-11-13T07:38:07.087+0000] {dagbag.py:538} INFO - Filling up the DagBag from /opt/airflow/dags/etl_dag.py
[2025-11-13T07:38:07.126+0000] {processor.py:840} INFO - DAG(s) 'simple_etl_lineage' retrieved from /opt/airflow/dags/etl_dag.py
[2025-11-13T07:38:07.177+0000] {logging_mixin.py:188} INFO - [2025-11-13T07:38:07.177+0000] {dag.py:3036} INFO - Sync 1 DAGs
[2025-11-13T07:38:07.195+0000] {logging_mixin.py:188} INFO - [2025-11-13T07:38:07.195+0000] {dag.py:3823} INFO - Setting next_dagrun for simple_etl_lineage to None, run_after=None
[2025-11-13T07:38:07.233+0000] {processor.py:183} INFO - Processing /opt/airflow/dags/etl_dag.py took 0.159 seconds
[2025-11-13T07:38:37.954+0000] {processor.py:161} INFO - Started process (PID=11206) to work on /opt/airflow/dags/etl_dag.py
[2025-11-13T07:38:37.956+0000] {processor.py:830} INFO - Processing file /opt/airflow/dags/etl_dag.py for tasks to queue
[2025-11-13T07:38:37.957+0000] {logging_mixin.py:188} INFO - [2025-11-13T07:38:37.957+0000] {dagbag.py:538} INFO - Filling up the DagBag from /opt/airflow/dags/etl_dag.py
[2025-11-13T07:38:37.983+0000] {processor.py:840} INFO - DAG(s) 'simple_etl_lineage' retrieved from /opt/airflow/dags/etl_dag.py
[2025-11-13T07:38:38.014+0000] {logging_mixin.py:188} INFO - [2025-11-13T07:38:38.013+0000] {dag.py:3036} INFO - Sync 1 DAGs
[2025-11-13T07:38:38.026+0000] {logging_mixin.py:188} INFO - [2025-11-13T07:38:38.026+0000] {dag.py:3823} INFO - Setting next_dagrun for simple_etl_lineage to None, run_after=None
[2025-11-13T07:38:38.052+0000] {processor.py:183} INFO - Processing /opt/airflow/dags/etl_dag.py took 0.102 seconds
[2025-11-13T07:39:08.467+0000] {processor.py:161} INFO - Started process (PID=11221) to work on /opt/airflow/dags/etl_dag.py
[2025-11-13T07:39:08.468+0000] {processor.py:830} INFO - Processing file /opt/airflow/dags/etl_dag.py for tasks to queue
[2025-11-13T07:39:08.469+0000] {logging_mixin.py:188} INFO - [2025-11-13T07:39:08.469+0000] {dagbag.py:538} INFO - Filling up the DagBag from /opt/airflow/dags/etl_dag.py
[2025-11-13T07:39:08.488+0000] {processor.py:840} INFO - DAG(s) 'simple_etl_lineage' retrieved from /opt/airflow/dags/etl_dag.py
[2025-11-13T07:39:08.516+0000] {logging_mixin.py:188} INFO - [2025-11-13T07:39:08.516+0000] {dag.py:3036} INFO - Sync 1 DAGs
[2025-11-13T07:39:08.529+0000] {logging_mixin.py:188} INFO - [2025-11-13T07:39:08.528+0000] {dag.py:3823} INFO - Setting next_dagrun for simple_etl_lineage to None, run_after=None
[2025-11-13T07:39:08.548+0000] {processor.py:183} INFO - Processing /opt/airflow/dags/etl_dag.py took 0.084 seconds
[2025-11-13T07:39:38.945+0000] {processor.py:161} INFO - Started process (PID=11236) to work on /opt/airflow/dags/etl_dag.py
[2025-11-13T07:39:38.946+0000] {processor.py:830} INFO - Processing file /opt/airflow/dags/etl_dag.py for tasks to queue
[2025-11-13T07:39:38.947+0000] {logging_mixin.py:188} INFO - [2025-11-13T07:39:38.947+0000] {dagbag.py:538} INFO - Filling up the DagBag from /opt/airflow/dags/etl_dag.py
[2025-11-13T07:39:38.962+0000] {processor.py:840} INFO - DAG(s) 'simple_etl_lineage' retrieved from /opt/airflow/dags/etl_dag.py
[2025-11-13T07:39:38.989+0000] {logging_mixin.py:188} INFO - [2025-11-13T07:39:38.989+0000] {dag.py:3036} INFO - Sync 1 DAGs
[2025-11-13T07:39:39.001+0000] {logging_mixin.py:188} INFO - [2025-11-13T07:39:39.001+0000] {dag.py:3823} INFO - Setting next_dagrun for simple_etl_lineage to None, run_after=None
[2025-11-13T07:39:39.021+0000] {processor.py:183} INFO - Processing /opt/airflow/dags/etl_dag.py took 0.080 seconds
[2025-11-13T07:40:10.054+0000] {processor.py:161} INFO - Started process (PID=11251) to work on /opt/airflow/dags/etl_dag.py
[2025-11-13T07:40:10.056+0000] {processor.py:830} INFO - Processing file /opt/airflow/dags/etl_dag.py for tasks to queue
[2025-11-13T07:40:10.057+0000] {logging_mixin.py:188} INFO - [2025-11-13T07:40:10.057+0000] {dagbag.py:538} INFO - Filling up the DagBag from /opt/airflow/dags/etl_dag.py
[2025-11-13T07:40:10.095+0000] {processor.py:840} INFO - DAG(s) 'simple_etl_lineage' retrieved from /opt/airflow/dags/etl_dag.py
[2025-11-13T07:40:10.121+0000] {logging_mixin.py:188} INFO - [2025-11-13T07:40:10.120+0000] {dag.py:3036} INFO - Sync 1 DAGs
[2025-11-13T07:40:10.132+0000] {logging_mixin.py:188} INFO - [2025-11-13T07:40:10.132+0000] {dag.py:3823} INFO - Setting next_dagrun for simple_etl_lineage to None, run_after=None
[2025-11-13T07:40:10.274+0000] {processor.py:183} INFO - Processing /opt/airflow/dags/etl_dag.py took 0.223 seconds
[2025-11-13T08:33:10.016+0000] {processor.py:161} INFO - Started process (PID=11262) to work on /opt/airflow/dags/etl_dag.py
[2025-11-13T08:33:10.066+0000] {processor.py:830} INFO - Processing file /opt/airflow/dags/etl_dag.py for tasks to queue
[2025-11-13T08:33:10.087+0000] {logging_mixin.py:188} INFO - [2025-11-13T08:33:10.074+0000] {dagbag.py:538} INFO - Filling up the DagBag from /opt/airflow/dags/etl_dag.py
[2025-11-13T08:33:10.821+0000] {processor.py:840} INFO - DAG(s) 'simple_etl_lineage' retrieved from /opt/airflow/dags/etl_dag.py
[2025-11-13T08:33:11.355+0000] {logging_mixin.py:188} INFO - [2025-11-13T08:33:11.355+0000] {dag.py:3036} INFO - Sync 1 DAGs
[2025-11-13T08:33:15.228+0000] {logging_mixin.py:188} INFO - [2025-11-13T08:33:15.228+0000] {dag.py:3823} INFO - Setting next_dagrun for simple_etl_lineage to None, run_after=None
[2025-11-13T08:33:15.284+0000] {processor.py:183} INFO - Processing /opt/airflow/dags/etl_dag.py took 5.306 seconds
[2025-11-13T08:33:46.273+0000] {processor.py:161} INFO - Started process (PID=11283) to work on /opt/airflow/dags/etl_dag.py
[2025-11-13T08:33:46.275+0000] {processor.py:830} INFO - Processing file /opt/airflow/dags/etl_dag.py for tasks to queue
[2025-11-13T08:33:46.277+0000] {logging_mixin.py:188} INFO - [2025-11-13T08:33:46.276+0000] {dagbag.py:538} INFO - Filling up the DagBag from /opt/airflow/dags/etl_dag.py
[2025-11-13T08:33:46.305+0000] {processor.py:840} INFO - DAG(s) 'simple_etl_lineage' retrieved from /opt/airflow/dags/etl_dag.py
[2025-11-13T08:33:46.377+0000] {logging_mixin.py:188} INFO - [2025-11-13T08:33:46.376+0000] {dag.py:3036} INFO - Sync 1 DAGs
[2025-11-13T08:33:46.408+0000] {logging_mixin.py:188} INFO - [2025-11-13T08:33:46.408+0000] {dag.py:3823} INFO - Setting next_dagrun for simple_etl_lineage to None, run_after=None
[2025-11-13T08:33:46.508+0000] {processor.py:183} INFO - Processing /opt/airflow/dags/etl_dag.py took 0.240 seconds
[2025-11-13T08:34:17.020+0000] {processor.py:161} INFO - Started process (PID=11298) to work on /opt/airflow/dags/etl_dag.py
[2025-11-13T08:34:17.035+0000] {processor.py:830} INFO - Processing file /opt/airflow/dags/etl_dag.py for tasks to queue
[2025-11-13T08:34:17.051+0000] {logging_mixin.py:188} INFO - [2025-11-13T08:34:17.048+0000] {dagbag.py:538} INFO - Filling up the DagBag from /opt/airflow/dags/etl_dag.py
[2025-11-13T08:34:17.219+0000] {processor.py:840} INFO - DAG(s) 'simple_etl_lineage' retrieved from /opt/airflow/dags/etl_dag.py
[2025-11-13T08:34:17.306+0000] {logging_mixin.py:188} INFO - [2025-11-13T08:34:17.304+0000] {dag.py:3036} INFO - Sync 1 DAGs
[2025-11-13T08:34:17.330+0000] {logging_mixin.py:188} INFO - [2025-11-13T08:34:17.329+0000] {dag.py:3823} INFO - Setting next_dagrun for simple_etl_lineage to None, run_after=None
[2025-11-13T08:34:17.400+0000] {processor.py:183} INFO - Processing /opt/airflow/dags/etl_dag.py took 0.391 seconds
[2025-11-13T08:34:47.647+0000] {processor.py:161} INFO - Started process (PID=11313) to work on /opt/airflow/dags/etl_dag.py
[2025-11-13T08:34:47.648+0000] {processor.py:830} INFO - Processing file /opt/airflow/dags/etl_dag.py for tasks to queue
[2025-11-13T08:34:47.650+0000] {logging_mixin.py:188} INFO - [2025-11-13T08:34:47.649+0000] {dagbag.py:538} INFO - Filling up the DagBag from /opt/airflow/dags/etl_dag.py
[2025-11-13T08:34:47.686+0000] {processor.py:840} INFO - DAG(s) 'simple_etl_lineage' retrieved from /opt/airflow/dags/etl_dag.py
[2025-11-13T08:34:47.733+0000] {logging_mixin.py:188} INFO - [2025-11-13T08:34:47.732+0000] {dag.py:3036} INFO - Sync 1 DAGs
[2025-11-13T08:34:47.747+0000] {logging_mixin.py:188} INFO - [2025-11-13T08:34:47.746+0000] {dag.py:3823} INFO - Setting next_dagrun for simple_etl_lineage to None, run_after=None
[2025-11-13T08:34:47.771+0000] {processor.py:183} INFO - Processing /opt/airflow/dags/etl_dag.py took 0.131 seconds
[2025-11-13T08:35:17.889+0000] {processor.py:161} INFO - Started process (PID=11325) to work on /opt/airflow/dags/etl_dag.py
[2025-11-13T08:35:17.891+0000] {processor.py:830} INFO - Processing file /opt/airflow/dags/etl_dag.py for tasks to queue
[2025-11-13T08:35:17.893+0000] {logging_mixin.py:188} INFO - [2025-11-13T08:35:17.892+0000] {dagbag.py:538} INFO - Filling up the DagBag from /opt/airflow/dags/etl_dag.py
[2025-11-13T08:35:17.919+0000] {processor.py:840} INFO - DAG(s) 'simple_etl_lineage' retrieved from /opt/airflow/dags/etl_dag.py
[2025-11-13T08:35:17.960+0000] {logging_mixin.py:188} INFO - [2025-11-13T08:35:17.960+0000] {dag.py:3036} INFO - Sync 1 DAGs
[2025-11-13T08:35:17.980+0000] {logging_mixin.py:188} INFO - [2025-11-13T08:35:17.980+0000] {dag.py:3823} INFO - Setting next_dagrun for simple_etl_lineage to None, run_after=None
[2025-11-13T08:35:18.192+0000] {processor.py:183} INFO - Processing /opt/airflow/dags/etl_dag.py took 0.307 seconds
[2025-11-13T08:35:48.597+0000] {processor.py:161} INFO - Started process (PID=11340) to work on /opt/airflow/dags/etl_dag.py
[2025-11-13T08:35:48.599+0000] {processor.py:830} INFO - Processing file /opt/airflow/dags/etl_dag.py for tasks to queue
[2025-11-13T08:35:48.601+0000] {logging_mixin.py:188} INFO - [2025-11-13T08:35:48.600+0000] {dagbag.py:538} INFO - Filling up the DagBag from /opt/airflow/dags/etl_dag.py
[2025-11-13T08:35:48.626+0000] {processor.py:840} INFO - DAG(s) 'simple_etl_lineage' retrieved from /opt/airflow/dags/etl_dag.py
[2025-11-13T08:35:48.672+0000] {logging_mixin.py:188} INFO - [2025-11-13T08:35:48.671+0000] {dag.py:3036} INFO - Sync 1 DAGs
[2025-11-13T08:35:48.857+0000] {logging_mixin.py:188} INFO - [2025-11-13T08:35:48.856+0000] {dag.py:3823} INFO - Setting next_dagrun for simple_etl_lineage to None, run_after=None
[2025-11-13T08:35:48.883+0000] {processor.py:183} INFO - Processing /opt/airflow/dags/etl_dag.py took 0.291 seconds
[2025-11-13T08:36:21.968+0000] {processor.py:161} INFO - Started process (PID=11358) to work on /opt/airflow/dags/etl_dag.py
[2025-11-13T08:36:21.971+0000] {processor.py:830} INFO - Processing file /opt/airflow/dags/etl_dag.py for tasks to queue
[2025-11-13T08:36:21.973+0000] {logging_mixin.py:188} INFO - [2025-11-13T08:36:21.972+0000] {dagbag.py:538} INFO - Filling up the DagBag from /opt/airflow/dags/etl_dag.py
[2025-11-13T08:36:25.108+0000] {processor.py:840} INFO - DAG(s) 'simple_etl_lineage' retrieved from /opt/airflow/dags/etl_dag.py
[2025-11-13T08:36:59.986+0000] {logging_mixin.py:188} INFO - [2025-11-13T08:36:59.954+0000] {dag.py:3036} INFO - Sync 1 DAGs
[2025-11-13T08:37:00.770+0000] {logging_mixin.py:188} INFO - [2025-11-13T08:37:00.770+0000] {dag.py:3823} INFO - Setting next_dagrun for simple_etl_lineage to None, run_after=None
[2025-11-13T08:37:03.695+0000] {processor.py:183} INFO - Processing /opt/airflow/dags/etl_dag.py took 41.732 seconds
[2025-11-13T08:37:35.509+0000] {processor.py:161} INFO - Started process (PID=11370) to work on /opt/airflow/dags/etl_dag.py
[2025-11-13T08:37:35.512+0000] {processor.py:830} INFO - Processing file /opt/airflow/dags/etl_dag.py for tasks to queue
[2025-11-13T08:37:35.515+0000] {logging_mixin.py:188} INFO - [2025-11-13T08:37:35.513+0000] {dagbag.py:538} INFO - Filling up the DagBag from /opt/airflow/dags/etl_dag.py
[2025-11-13T08:37:35.566+0000] {processor.py:840} INFO - DAG(s) 'simple_etl_lineage' retrieved from /opt/airflow/dags/etl_dag.py
[2025-11-13T08:37:35.662+0000] {logging_mixin.py:188} INFO - [2025-11-13T08:37:35.662+0000] {dag.py:3036} INFO - Sync 1 DAGs
[2025-11-13T08:37:35.751+0000] {logging_mixin.py:188} INFO - [2025-11-13T08:37:35.751+0000] {dag.py:3823} INFO - Setting next_dagrun for simple_etl_lineage to None, run_after=None
[2025-11-13T08:37:35.852+0000] {processor.py:183} INFO - Processing /opt/airflow/dags/etl_dag.py took 0.353 seconds
[2025-11-13T08:39:49.966+0000] {processor.py:161} INFO - Started process (PID=11397) to work on /opt/airflow/dags/etl_dag.py
[2025-11-13T08:39:49.974+0000] {processor.py:830} INFO - Processing file /opt/airflow/dags/etl_dag.py for tasks to queue
[2025-11-13T08:39:49.983+0000] {logging_mixin.py:188} INFO - [2025-11-13T08:39:49.982+0000] {dagbag.py:538} INFO - Filling up the DagBag from /opt/airflow/dags/etl_dag.py
[2025-11-13T08:39:50.029+0000] {processor.py:840} INFO - DAG(s) 'simple_etl_lineage' retrieved from /opt/airflow/dags/etl_dag.py
[2025-11-13T08:39:50.130+0000] {logging_mixin.py:188} INFO - [2025-11-13T08:39:50.130+0000] {dag.py:3036} INFO - Sync 1 DAGs
[2025-11-13T08:39:50.189+0000] {logging_mixin.py:188} INFO - [2025-11-13T08:39:50.181+0000] {dag.py:3823} INFO - Setting next_dagrun for simple_etl_lineage to None, run_after=None
[2025-11-13T08:39:50.269+0000] {processor.py:183} INFO - Processing /opt/airflow/dags/etl_dag.py took 0.309 seconds
[2025-11-13T08:40:32.049+0000] {processor.py:161} INFO - Started process (PID=11412) to work on /opt/airflow/dags/etl_dag.py
[2025-11-13T08:40:32.054+0000] {processor.py:830} INFO - Processing file /opt/airflow/dags/etl_dag.py for tasks to queue
[2025-11-13T08:40:32.064+0000] {logging_mixin.py:188} INFO - [2025-11-13T08:40:32.055+0000] {dagbag.py:538} INFO - Filling up the DagBag from /opt/airflow/dags/etl_dag.py
[2025-11-13T08:40:32.368+0000] {processor.py:840} INFO - DAG(s) 'simple_etl_lineage' retrieved from /opt/airflow/dags/etl_dag.py
[2025-11-13T08:40:32.491+0000] {logging_mixin.py:188} INFO - [2025-11-13T08:40:32.489+0000] {dag.py:3036} INFO - Sync 1 DAGs
[2025-11-13T08:40:32.551+0000] {logging_mixin.py:188} INFO - [2025-11-13T08:40:32.542+0000] {dag.py:3823} INFO - Setting next_dagrun for simple_etl_lineage to None, run_after=None
[2025-11-13T08:40:32.623+0000] {processor.py:183} INFO - Processing /opt/airflow/dags/etl_dag.py took 0.580 seconds
[2025-11-13T08:41:05.230+0000] {processor.py:161} INFO - Started process (PID=11427) to work on /opt/airflow/dags/etl_dag.py
[2025-11-13T08:41:05.241+0000] {processor.py:830} INFO - Processing file /opt/airflow/dags/etl_dag.py for tasks to queue
[2025-11-13T08:41:05.253+0000] {logging_mixin.py:188} INFO - [2025-11-13T08:41:05.252+0000] {dagbag.py:538} INFO - Filling up the DagBag from /opt/airflow/dags/etl_dag.py
[2025-11-13T08:41:05.691+0000] {processor.py:840} INFO - DAG(s) 'simple_etl_lineage' retrieved from /opt/airflow/dags/etl_dag.py
[2025-11-13T08:41:05.855+0000] {logging_mixin.py:188} INFO - [2025-11-13T08:41:05.854+0000] {dag.py:3036} INFO - Sync 1 DAGs
[2025-11-13T08:41:05.909+0000] {logging_mixin.py:188} INFO - [2025-11-13T08:41:05.908+0000] {dag.py:3823} INFO - Setting next_dagrun for simple_etl_lineage to None, run_after=None
[2025-11-13T08:41:06.112+0000] {processor.py:183} INFO - Processing /opt/airflow/dags/etl_dag.py took 0.889 seconds
[2025-11-13T08:42:02.685+0000] {processor.py:161} INFO - Started process (PID=11442) to work on /opt/airflow/dags/etl_dag.py
[2025-11-13T08:42:02.705+0000] {processor.py:830} INFO - Processing file /opt/airflow/dags/etl_dag.py for tasks to queue
[2025-11-13T08:42:02.717+0000] {logging_mixin.py:188} INFO - [2025-11-13T08:42:02.717+0000] {dagbag.py:538} INFO - Filling up the DagBag from /opt/airflow/dags/etl_dag.py
[2025-11-13T08:42:02.972+0000] {processor.py:840} INFO - DAG(s) 'simple_etl_lineage' retrieved from /opt/airflow/dags/etl_dag.py
[2025-11-13T08:42:03.163+0000] {logging_mixin.py:188} INFO - [2025-11-13T08:42:03.162+0000] {dag.py:3036} INFO - Sync 1 DAGs
[2025-11-13T08:42:03.227+0000] {logging_mixin.py:188} INFO - [2025-11-13T08:42:03.227+0000] {dag.py:3823} INFO - Setting next_dagrun for simple_etl_lineage to None, run_after=None
[2025-11-13T08:42:03.402+0000] {processor.py:183} INFO - Processing /opt/airflow/dags/etl_dag.py took 0.727 seconds
[2025-11-13T08:42:34.545+0000] {processor.py:161} INFO - Started process (PID=11457) to work on /opt/airflow/dags/etl_dag.py
[2025-11-13T08:42:34.554+0000] {processor.py:830} INFO - Processing file /opt/airflow/dags/etl_dag.py for tasks to queue
[2025-11-13T08:42:34.562+0000] {logging_mixin.py:188} INFO - [2025-11-13T08:42:34.561+0000] {dagbag.py:538} INFO - Filling up the DagBag from /opt/airflow/dags/etl_dag.py
[2025-11-13T08:42:34.666+0000] {processor.py:840} INFO - DAG(s) 'simple_etl_lineage' retrieved from /opt/airflow/dags/etl_dag.py
[2025-11-13T08:42:34.773+0000] {logging_mixin.py:188} INFO - [2025-11-13T08:42:34.772+0000] {dag.py:3036} INFO - Sync 1 DAGs
[2025-11-13T08:42:34.819+0000] {logging_mixin.py:188} INFO - [2025-11-13T08:42:34.818+0000] {dag.py:3823} INFO - Setting next_dagrun for simple_etl_lineage to None, run_after=None
[2025-11-13T08:42:34.901+0000] {processor.py:183} INFO - Processing /opt/airflow/dags/etl_dag.py took 0.372 seconds
[2025-11-13T08:43:27.008+0000] {processor.py:161} INFO - Started process (PID=11472) to work on /opt/airflow/dags/etl_dag.py
[2025-11-13T08:43:27.011+0000] {processor.py:830} INFO - Processing file /opt/airflow/dags/etl_dag.py for tasks to queue
[2025-11-13T08:43:27.022+0000] {logging_mixin.py:188} INFO - [2025-11-13T08:43:27.021+0000] {dagbag.py:538} INFO - Filling up the DagBag from /opt/airflow/dags/etl_dag.py
[2025-11-13T08:43:27.451+0000] {processor.py:840} INFO - DAG(s) 'simple_etl_lineage' retrieved from /opt/airflow/dags/etl_dag.py
[2025-11-13T08:43:27.553+0000] {logging_mixin.py:188} INFO - [2025-11-13T08:43:27.552+0000] {dag.py:3036} INFO - Sync 1 DAGs
[2025-11-13T08:43:27.601+0000] {logging_mixin.py:188} INFO - [2025-11-13T08:43:27.601+0000] {dag.py:3823} INFO - Setting next_dagrun for simple_etl_lineage to None, run_after=None
[2025-11-13T08:43:27.690+0000] {processor.py:183} INFO - Processing /opt/airflow/dags/etl_dag.py took 0.689 seconds
[2025-11-13T08:44:01.496+0000] {processor.py:161} INFO - Started process (PID=11487) to work on /opt/airflow/dags/etl_dag.py
[2025-11-13T08:44:01.509+0000] {processor.py:830} INFO - Processing file /opt/airflow/dags/etl_dag.py for tasks to queue
[2025-11-13T08:44:01.516+0000] {logging_mixin.py:188} INFO - [2025-11-13T08:44:01.516+0000] {dagbag.py:538} INFO - Filling up the DagBag from /opt/airflow/dags/etl_dag.py
[2025-11-13T08:44:01.869+0000] {processor.py:840} INFO - DAG(s) 'simple_etl_lineage' retrieved from /opt/airflow/dags/etl_dag.py
[2025-11-13T08:44:01.972+0000] {logging_mixin.py:188} INFO - [2025-11-13T08:44:01.971+0000] {dag.py:3036} INFO - Sync 1 DAGs
[2025-11-13T08:44:02.023+0000] {logging_mixin.py:188} INFO - [2025-11-13T08:44:02.022+0000] {dag.py:3823} INFO - Setting next_dagrun for simple_etl_lineage to None, run_after=None
[2025-11-13T08:44:02.121+0000] {processor.py:183} INFO - Processing /opt/airflow/dags/etl_dag.py took 0.632 seconds
[2025-11-13T08:44:34.059+0000] {processor.py:161} INFO - Started process (PID=11502) to work on /opt/airflow/dags/etl_dag.py
[2025-11-13T08:44:34.063+0000] {processor.py:830} INFO - Processing file /opt/airflow/dags/etl_dag.py for tasks to queue
[2025-11-13T08:44:34.073+0000] {logging_mixin.py:188} INFO - [2025-11-13T08:44:34.067+0000] {dagbag.py:538} INFO - Filling up the DagBag from /opt/airflow/dags/etl_dag.py
[2025-11-13T08:44:34.572+0000] {processor.py:840} INFO - DAG(s) 'simple_etl_lineage' retrieved from /opt/airflow/dags/etl_dag.py
[2025-11-13T08:44:34.696+0000] {logging_mixin.py:188} INFO - [2025-11-13T08:44:34.695+0000] {dag.py:3036} INFO - Sync 1 DAGs
[2025-11-13T08:44:34.759+0000] {logging_mixin.py:188} INFO - [2025-11-13T08:44:34.759+0000] {dag.py:3823} INFO - Setting next_dagrun for simple_etl_lineage to None, run_after=None
[2025-11-13T08:44:34.849+0000] {processor.py:183} INFO - Processing /opt/airflow/dags/etl_dag.py took 0.796 seconds
[2025-11-13T08:46:01.161+0000] {processor.py:161} INFO - Started process (PID=11518) to work on /opt/airflow/dags/etl_dag.py
[2025-11-13T08:46:01.175+0000] {processor.py:830} INFO - Processing file /opt/airflow/dags/etl_dag.py for tasks to queue
[2025-11-13T08:46:01.178+0000] {logging_mixin.py:188} INFO - [2025-11-13T08:46:01.177+0000] {dagbag.py:538} INFO - Filling up the DagBag from /opt/airflow/dags/etl_dag.py
[2025-11-13T08:46:01.222+0000] {processor.py:840} INFO - DAG(s) 'simple_etl_lineage' retrieved from /opt/airflow/dags/etl_dag.py
[2025-11-13T08:46:01.361+0000] {logging_mixin.py:188} INFO - [2025-11-13T08:46:01.360+0000] {dag.py:3036} INFO - Sync 1 DAGs
[2025-11-13T08:46:01.405+0000] {logging_mixin.py:188} INFO - [2025-11-13T08:46:01.405+0000] {dag.py:3823} INFO - Setting next_dagrun for simple_etl_lineage to None, run_after=None
[2025-11-13T08:46:01.499+0000] {processor.py:183} INFO - Processing /opt/airflow/dags/etl_dag.py took 0.345 seconds
[2025-11-13T08:47:06.575+0000] {processor.py:161} INFO - Started process (PID=11533) to work on /opt/airflow/dags/etl_dag.py
[2025-11-13T08:47:06.610+0000] {processor.py:830} INFO - Processing file /opt/airflow/dags/etl_dag.py for tasks to queue
[2025-11-13T08:47:06.643+0000] {logging_mixin.py:188} INFO - [2025-11-13T08:47:06.641+0000] {dagbag.py:538} INFO - Filling up the DagBag from /opt/airflow/dags/etl_dag.py
[2025-11-13T08:47:07.874+0000] {processor.py:840} INFO - DAG(s) 'simple_etl_lineage' retrieved from /opt/airflow/dags/etl_dag.py
[2025-11-13T08:47:08.536+0000] {logging_mixin.py:188} INFO - [2025-11-13T08:47:08.535+0000] {dag.py:3036} INFO - Sync 1 DAGs
[2025-11-13T08:47:08.788+0000] {logging_mixin.py:188} INFO - [2025-11-13T08:47:08.788+0000] {dag.py:3823} INFO - Setting next_dagrun for simple_etl_lineage to None, run_after=None
[2025-11-13T08:47:09.144+0000] {processor.py:183} INFO - Processing /opt/airflow/dags/etl_dag.py took 2.575 seconds
[2025-11-13T08:47:44.204+0000] {processor.py:161} INFO - Started process (PID=11548) to work on /opt/airflow/dags/etl_dag.py
[2025-11-13T08:47:44.212+0000] {processor.py:830} INFO - Processing file /opt/airflow/dags/etl_dag.py for tasks to queue
[2025-11-13T08:47:44.216+0000] {logging_mixin.py:188} INFO - [2025-11-13T08:47:44.215+0000] {dagbag.py:538} INFO - Filling up the DagBag from /opt/airflow/dags/etl_dag.py
[2025-11-13T08:47:44.269+0000] {processor.py:840} INFO - DAG(s) 'simple_etl_lineage' retrieved from /opt/airflow/dags/etl_dag.py
[2025-11-13T08:47:44.404+0000] {logging_mixin.py:188} INFO - [2025-11-13T08:47:44.403+0000] {dag.py:3036} INFO - Sync 1 DAGs
[2025-11-13T08:47:44.458+0000] {logging_mixin.py:188} INFO - [2025-11-13T08:47:44.456+0000] {dag.py:3823} INFO - Setting next_dagrun for simple_etl_lineage to None, run_after=None
[2025-11-13T08:47:44.538+0000] {processor.py:183} INFO - Processing /opt/airflow/dags/etl_dag.py took 0.346 seconds
[2025-11-13T08:49:31.097+0000] {processor.py:161} INFO - Started process (PID=11568) to work on /opt/airflow/dags/etl_dag.py
[2025-11-13T08:49:31.100+0000] {processor.py:830} INFO - Processing file /opt/airflow/dags/etl_dag.py for tasks to queue
[2025-11-13T08:49:31.103+0000] {logging_mixin.py:188} INFO - [2025-11-13T08:49:31.102+0000] {dagbag.py:538} INFO - Filling up the DagBag from /opt/airflow/dags/etl_dag.py
[2025-11-13T08:49:31.144+0000] {processor.py:840} INFO - DAG(s) 'simple_etl_lineage' retrieved from /opt/airflow/dags/etl_dag.py
[2025-11-13T08:49:31.266+0000] {logging_mixin.py:188} INFO - [2025-11-13T08:49:31.265+0000] {dag.py:3036} INFO - Sync 1 DAGs
[2025-11-13T08:49:31.357+0000] {logging_mixin.py:188} INFO - [2025-11-13T08:49:31.356+0000] {dag.py:3823} INFO - Setting next_dagrun for simple_etl_lineage to None, run_after=None
[2025-11-13T08:49:31.431+0000] {processor.py:183} INFO - Processing /opt/airflow/dags/etl_dag.py took 0.340 seconds
[2025-11-13T08:50:10.512+0000] {processor.py:161} INFO - Started process (PID=11585) to work on /opt/airflow/dags/etl_dag.py
[2025-11-13T08:50:10.523+0000] {processor.py:830} INFO - Processing file /opt/airflow/dags/etl_dag.py for tasks to queue
[2025-11-13T08:50:10.536+0000] {logging_mixin.py:188} INFO - [2025-11-13T08:50:10.534+0000] {dagbag.py:538} INFO - Filling up the DagBag from /opt/airflow/dags/etl_dag.py
[2025-11-13T08:50:10.913+0000] {processor.py:840} INFO - DAG(s) 'simple_etl_lineage' retrieved from /opt/airflow/dags/etl_dag.py
[2025-11-13T08:50:11.016+0000] {logging_mixin.py:188} INFO - [2025-11-13T08:50:11.015+0000] {dag.py:3036} INFO - Sync 1 DAGs
[2025-11-13T08:50:11.076+0000] {logging_mixin.py:188} INFO - [2025-11-13T08:50:11.076+0000] {dag.py:3823} INFO - Setting next_dagrun for simple_etl_lineage to None, run_after=None
[2025-11-13T08:50:11.174+0000] {processor.py:183} INFO - Processing /opt/airflow/dags/etl_dag.py took 0.672 seconds
[2025-11-13T08:50:55.256+0000] {processor.py:161} INFO - Started process (PID=11600) to work on /opt/airflow/dags/etl_dag.py
[2025-11-13T08:50:55.299+0000] {processor.py:830} INFO - Processing file /opt/airflow/dags/etl_dag.py for tasks to queue
[2025-11-13T08:50:55.307+0000] {logging_mixin.py:188} INFO - [2025-11-13T08:50:55.306+0000] {dagbag.py:538} INFO - Filling up the DagBag from /opt/airflow/dags/etl_dag.py
[2025-11-13T08:50:55.779+0000] {processor.py:840} INFO - DAG(s) 'simple_etl_lineage' retrieved from /opt/airflow/dags/etl_dag.py
[2025-11-13T08:50:56.359+0000] {logging_mixin.py:188} INFO - [2025-11-13T08:50:56.359+0000] {dag.py:3036} INFO - Sync 1 DAGs
[2025-11-13T08:50:56.426+0000] {logging_mixin.py:188} INFO - [2025-11-13T08:50:56.425+0000] {dag.py:3823} INFO - Setting next_dagrun for simple_etl_lineage to None, run_after=None
[2025-11-13T08:50:56.604+0000] {processor.py:183} INFO - Processing /opt/airflow/dags/etl_dag.py took 1.355 seconds
[2025-11-13T08:51:27.685+0000] {processor.py:161} INFO - Started process (PID=11615) to work on /opt/airflow/dags/etl_dag.py
[2025-11-13T08:51:27.688+0000] {processor.py:830} INFO - Processing file /opt/airflow/dags/etl_dag.py for tasks to queue
[2025-11-13T08:51:27.695+0000] {logging_mixin.py:188} INFO - [2025-11-13T08:51:27.694+0000] {dagbag.py:538} INFO - Filling up the DagBag from /opt/airflow/dags/etl_dag.py
[2025-11-13T08:51:27.731+0000] {processor.py:840} INFO - DAG(s) 'simple_etl_lineage' retrieved from /opt/airflow/dags/etl_dag.py
[2025-11-13T08:51:27.798+0000] {logging_mixin.py:188} INFO - [2025-11-13T08:51:27.797+0000] {dag.py:3036} INFO - Sync 1 DAGs
[2025-11-13T08:51:27.822+0000] {logging_mixin.py:188} INFO - [2025-11-13T08:51:27.821+0000] {dag.py:3823} INFO - Setting next_dagrun for simple_etl_lineage to None, run_after=None
[2025-11-13T08:51:27.960+0000] {processor.py:183} INFO - Processing /opt/airflow/dags/etl_dag.py took 0.280 seconds
[2025-11-13T08:52:59.863+0000] {processor.py:161} INFO - Started process (PID=11630) to work on /opt/airflow/dags/etl_dag.py
[2025-11-13T08:52:59.886+0000] {processor.py:830} INFO - Processing file /opt/airflow/dags/etl_dag.py for tasks to queue
[2025-11-13T08:52:59.889+0000] {logging_mixin.py:188} INFO - [2025-11-13T08:52:59.888+0000] {dagbag.py:538} INFO - Filling up the DagBag from /opt/airflow/dags/etl_dag.py
[2025-11-13T08:52:59.975+0000] {processor.py:840} INFO - DAG(s) 'simple_etl_lineage' retrieved from /opt/airflow/dags/etl_dag.py
[2025-11-13T08:53:00.097+0000] {logging_mixin.py:188} INFO - [2025-11-13T08:53:00.097+0000] {dag.py:3036} INFO - Sync 1 DAGs
[2025-11-13T08:53:00.153+0000] {logging_mixin.py:188} INFO - [2025-11-13T08:53:00.153+0000] {dag.py:3823} INFO - Setting next_dagrun for simple_etl_lineage to None, run_after=None
[2025-11-13T08:53:00.236+0000] {processor.py:183} INFO - Processing /opt/airflow/dags/etl_dag.py took 0.387 seconds
[2025-11-13T08:58:13.446+0000] {processor.py:161} INFO - Started process (PID=11645) to work on /opt/airflow/dags/etl_dag.py
[2025-11-13T08:58:13.845+0000] {processor.py:830} INFO - Processing file /opt/airflow/dags/etl_dag.py for tasks to queue
[2025-11-13T08:58:14.129+0000] {logging_mixin.py:188} INFO - [2025-11-13T08:58:14.127+0000] {dagbag.py:538} INFO - Filling up the DagBag from /opt/airflow/dags/etl_dag.py
[2025-11-13T08:58:24.265+0000] {processor.py:840} INFO - DAG(s) 'simple_etl_lineage' retrieved from /opt/airflow/dags/etl_dag.py
[2025-11-13T08:58:25.949+0000] {logging_mixin.py:188} INFO - [2025-11-13T08:58:25.939+0000] {dag.py:3036} INFO - Sync 1 DAGs
[2025-11-13T08:58:26.443+0000] {logging_mixin.py:188} INFO - [2025-11-13T08:58:26.442+0000] {dag.py:3823} INFO - Setting next_dagrun for simple_etl_lineage to None, run_after=None
[2025-11-13T08:58:27.010+0000] {processor.py:183} INFO - Processing /opt/airflow/dags/etl_dag.py took 13.911 seconds
[2025-11-13T08:58:57.804+0000] {processor.py:161} INFO - Started process (PID=11660) to work on /opt/airflow/dags/etl_dag.py
[2025-11-13T08:58:57.807+0000] {processor.py:830} INFO - Processing file /opt/airflow/dags/etl_dag.py for tasks to queue
[2025-11-13T08:58:57.810+0000] {logging_mixin.py:188} INFO - [2025-11-13T08:58:57.809+0000] {dagbag.py:538} INFO - Filling up the DagBag from /opt/airflow/dags/etl_dag.py
[2025-11-13T08:58:57.867+0000] {processor.py:840} INFO - DAG(s) 'simple_etl_lineage' retrieved from /opt/airflow/dags/etl_dag.py
[2025-11-13T08:58:58.001+0000] {logging_mixin.py:188} INFO - [2025-11-13T08:58:58.001+0000] {dag.py:3036} INFO - Sync 1 DAGs
[2025-11-13T08:58:58.067+0000] {logging_mixin.py:188} INFO - [2025-11-13T08:58:58.066+0000] {dag.py:3823} INFO - Setting next_dagrun for simple_etl_lineage to None, run_after=None
[2025-11-13T08:58:58.350+0000] {processor.py:183} INFO - Processing /opt/airflow/dags/etl_dag.py took 0.568 seconds
[2025-11-13T08:59:28.794+0000] {processor.py:161} INFO - Started process (PID=11675) to work on /opt/airflow/dags/etl_dag.py
[2025-11-13T08:59:28.797+0000] {processor.py:830} INFO - Processing file /opt/airflow/dags/etl_dag.py for tasks to queue
[2025-11-13T08:59:28.809+0000] {logging_mixin.py:188} INFO - [2025-11-13T08:59:28.806+0000] {dagbag.py:538} INFO - Filling up the DagBag from /opt/airflow/dags/etl_dag.py
[2025-11-13T08:59:28.880+0000] {processor.py:840} INFO - DAG(s) 'simple_etl_lineage' retrieved from /opt/airflow/dags/etl_dag.py
[2025-11-13T08:59:29.222+0000] {logging_mixin.py:188} INFO - [2025-11-13T08:59:29.222+0000] {dag.py:3036} INFO - Sync 1 DAGs
[2025-11-13T08:59:29.303+0000] {logging_mixin.py:188} INFO - [2025-11-13T08:59:29.302+0000] {dag.py:3823} INFO - Setting next_dagrun for simple_etl_lineage to None, run_after=None
[2025-11-13T08:59:29.430+0000] {processor.py:183} INFO - Processing /opt/airflow/dags/etl_dag.py took 0.645 seconds
[2025-11-13T09:01:05.598+0000] {processor.py:161} INFO - Started process (PID=11691) to work on /opt/airflow/dags/etl_dag.py
[2025-11-13T09:01:05.630+0000] {processor.py:830} INFO - Processing file /opt/airflow/dags/etl_dag.py for tasks to queue
[2025-11-13T09:01:05.791+0000] {logging_mixin.py:188} INFO - [2025-11-13T09:01:05.765+0000] {dagbag.py:538} INFO - Filling up the DagBag from /opt/airflow/dags/etl_dag.py
[2025-11-13T09:01:06.202+0000] {processor.py:840} INFO - DAG(s) 'simple_etl_lineage' retrieved from /opt/airflow/dags/etl_dag.py
[2025-11-13T09:01:08.121+0000] {logging_mixin.py:188} INFO - [2025-11-13T09:01:08.120+0000] {dag.py:3036} INFO - Sync 1 DAGs
[2025-11-13T09:01:08.590+0000] {logging_mixin.py:188} INFO - [2025-11-13T09:01:08.589+0000] {dag.py:3823} INFO - Setting next_dagrun for simple_etl_lineage to None, run_after=None
[2025-11-13T09:01:09.768+0000] {processor.py:183} INFO - Processing /opt/airflow/dags/etl_dag.py took 4.519 seconds
[2025-11-13T09:01:41.978+0000] {processor.py:161} INFO - Started process (PID=11706) to work on /opt/airflow/dags/etl_dag.py
[2025-11-13T09:01:41.998+0000] {processor.py:830} INFO - Processing file /opt/airflow/dags/etl_dag.py for tasks to queue
[2025-11-13T09:01:42.003+0000] {logging_mixin.py:188} INFO - [2025-11-13T09:01:42.002+0000] {dagbag.py:538} INFO - Filling up the DagBag from /opt/airflow/dags/etl_dag.py
[2025-11-13T09:01:42.118+0000] {processor.py:840} INFO - DAG(s) 'simple_etl_lineage' retrieved from /opt/airflow/dags/etl_dag.py
[2025-11-13T09:01:42.309+0000] {logging_mixin.py:188} INFO - [2025-11-13T09:01:42.308+0000] {dag.py:3036} INFO - Sync 1 DAGs
[2025-11-13T09:01:42.361+0000] {logging_mixin.py:188} INFO - [2025-11-13T09:01:42.361+0000] {dag.py:3823} INFO - Setting next_dagrun for simple_etl_lineage to None, run_after=None
[2025-11-13T09:01:42.496+0000] {processor.py:183} INFO - Processing /opt/airflow/dags/etl_dag.py took 0.525 seconds
[2025-11-13T09:02:16.777+0000] {processor.py:161} INFO - Started process (PID=11721) to work on /opt/airflow/dags/etl_dag.py
[2025-11-13T09:02:16.794+0000] {processor.py:830} INFO - Processing file /opt/airflow/dags/etl_dag.py for tasks to queue
[2025-11-13T09:02:16.803+0000] {logging_mixin.py:188} INFO - [2025-11-13T09:02:16.800+0000] {dagbag.py:538} INFO - Filling up the DagBag from /opt/airflow/dags/etl_dag.py
[2025-11-13T09:02:17.198+0000] {processor.py:840} INFO - DAG(s) 'simple_etl_lineage' retrieved from /opt/airflow/dags/etl_dag.py
[2025-11-13T09:02:17.997+0000] {logging_mixin.py:188} INFO - [2025-11-13T09:02:17.997+0000] {dag.py:3036} INFO - Sync 1 DAGs
[2025-11-13T09:02:18.370+0000] {logging_mixin.py:188} INFO - [2025-11-13T09:02:18.370+0000] {dag.py:3823} INFO - Setting next_dagrun for simple_etl_lineage to None, run_after=None
[2025-11-13T09:02:18.840+0000] {processor.py:183} INFO - Processing /opt/airflow/dags/etl_dag.py took 2.263 seconds
[2025-11-13T09:02:49.220+0000] {processor.py:161} INFO - Started process (PID=11736) to work on /opt/airflow/dags/etl_dag.py
[2025-11-13T09:02:49.223+0000] {processor.py:830} INFO - Processing file /opt/airflow/dags/etl_dag.py for tasks to queue
[2025-11-13T09:02:49.225+0000] {logging_mixin.py:188} INFO - [2025-11-13T09:02:49.225+0000] {dagbag.py:538} INFO - Filling up the DagBag from /opt/airflow/dags/etl_dag.py
[2025-11-13T09:02:49.261+0000] {processor.py:840} INFO - DAG(s) 'simple_etl_lineage' retrieved from /opt/airflow/dags/etl_dag.py
[2025-11-13T09:02:49.398+0000] {logging_mixin.py:188} INFO - [2025-11-13T09:02:49.398+0000] {dag.py:3036} INFO - Sync 1 DAGs
[2025-11-13T09:02:49.446+0000] {logging_mixin.py:188} INFO - [2025-11-13T09:02:49.446+0000] {dag.py:3823} INFO - Setting next_dagrun for simple_etl_lineage to None, run_after=None
[2025-11-13T09:02:49.522+0000] {processor.py:183} INFO - Processing /opt/airflow/dags/etl_dag.py took 0.312 seconds
[2025-11-13T09:03:19.674+0000] {processor.py:161} INFO - Started process (PID=11751) to work on /opt/airflow/dags/etl_dag.py
[2025-11-13T09:03:19.678+0000] {processor.py:830} INFO - Processing file /opt/airflow/dags/etl_dag.py for tasks to queue
[2025-11-13T09:03:19.680+0000] {logging_mixin.py:188} INFO - [2025-11-13T09:03:19.679+0000] {dagbag.py:538} INFO - Filling up the DagBag from /opt/airflow/dags/etl_dag.py
[2025-11-13T09:03:19.733+0000] {processor.py:840} INFO - DAG(s) 'simple_etl_lineage' retrieved from /opt/airflow/dags/etl_dag.py
[2025-11-13T09:03:19.835+0000] {logging_mixin.py:188} INFO - [2025-11-13T09:03:19.834+0000] {dag.py:3036} INFO - Sync 1 DAGs
[2025-11-13T09:03:19.900+0000] {logging_mixin.py:188} INFO - [2025-11-13T09:03:19.899+0000] {dag.py:3823} INFO - Setting next_dagrun for simple_etl_lineage to None, run_after=None
[2025-11-13T09:03:19.982+0000] {processor.py:183} INFO - Processing /opt/airflow/dags/etl_dag.py took 0.319 seconds
[2025-11-13T09:03:51.245+0000] {processor.py:161} INFO - Started process (PID=11766) to work on /opt/airflow/dags/etl_dag.py
[2025-11-13T09:03:51.252+0000] {processor.py:830} INFO - Processing file /opt/airflow/dags/etl_dag.py for tasks to queue
[2025-11-13T09:03:51.257+0000] {logging_mixin.py:188} INFO - [2025-11-13T09:03:51.256+0000] {dagbag.py:538} INFO - Filling up the DagBag from /opt/airflow/dags/etl_dag.py
[2025-11-13T09:03:51.382+0000] {processor.py:840} INFO - DAG(s) 'simple_etl_lineage' retrieved from /opt/airflow/dags/etl_dag.py
[2025-11-13T09:03:51.465+0000] {logging_mixin.py:188} INFO - [2025-11-13T09:03:51.465+0000] {dag.py:3036} INFO - Sync 1 DAGs
[2025-11-13T09:03:51.497+0000] {logging_mixin.py:188} INFO - [2025-11-13T09:03:51.496+0000] {dag.py:3823} INFO - Setting next_dagrun for simple_etl_lineage to None, run_after=None
[2025-11-13T09:03:51.555+0000] {processor.py:183} INFO - Processing /opt/airflow/dags/etl_dag.py took 0.315 seconds
[2025-11-13T09:04:21.998+0000] {processor.py:161} INFO - Started process (PID=11781) to work on /opt/airflow/dags/etl_dag.py
[2025-11-13T09:04:22.014+0000] {processor.py:830} INFO - Processing file /opt/airflow/dags/etl_dag.py for tasks to queue
[2025-11-13T09:04:22.017+0000] {logging_mixin.py:188} INFO - [2025-11-13T09:04:22.016+0000] {dagbag.py:538} INFO - Filling up the DagBag from /opt/airflow/dags/etl_dag.py
[2025-11-13T09:04:22.181+0000] {processor.py:840} INFO - DAG(s) 'simple_etl_lineage' retrieved from /opt/airflow/dags/etl_dag.py
[2025-11-13T09:04:22.290+0000] {logging_mixin.py:188} INFO - [2025-11-13T09:04:22.280+0000] {dag.py:3036} INFO - Sync 1 DAGs
[2025-11-13T09:04:22.331+0000] {logging_mixin.py:188} INFO - [2025-11-13T09:04:22.330+0000] {dag.py:3823} INFO - Setting next_dagrun for simple_etl_lineage to None, run_after=None
[2025-11-13T09:04:22.428+0000] {processor.py:183} INFO - Processing /opt/airflow/dags/etl_dag.py took 0.436 seconds
[2025-11-13T09:04:53.347+0000] {processor.py:161} INFO - Started process (PID=11796) to work on /opt/airflow/dags/etl_dag.py
[2025-11-13T09:04:53.349+0000] {processor.py:830} INFO - Processing file /opt/airflow/dags/etl_dag.py for tasks to queue
[2025-11-13T09:04:53.350+0000] {logging_mixin.py:188} INFO - [2025-11-13T09:04:53.350+0000] {dagbag.py:538} INFO - Filling up the DagBag from /opt/airflow/dags/etl_dag.py
[2025-11-13T09:04:53.367+0000] {processor.py:840} INFO - DAG(s) 'simple_etl_lineage' retrieved from /opt/airflow/dags/etl_dag.py
[2025-11-13T09:04:53.400+0000] {logging_mixin.py:188} INFO - [2025-11-13T09:04:53.400+0000] {dag.py:3036} INFO - Sync 1 DAGs
[2025-11-13T09:04:53.416+0000] {logging_mixin.py:188} INFO - [2025-11-13T09:04:53.416+0000] {dag.py:3823} INFO - Setting next_dagrun for simple_etl_lineage to None, run_after=None
[2025-11-13T09:04:53.445+0000] {processor.py:183} INFO - Processing /opt/airflow/dags/etl_dag.py took 0.102 seconds
[2025-11-13T09:05:23.796+0000] {processor.py:161} INFO - Started process (PID=11811) to work on /opt/airflow/dags/etl_dag.py
[2025-11-13T09:05:23.798+0000] {processor.py:830} INFO - Processing file /opt/airflow/dags/etl_dag.py for tasks to queue
[2025-11-13T09:05:23.799+0000] {logging_mixin.py:188} INFO - [2025-11-13T09:05:23.799+0000] {dagbag.py:538} INFO - Filling up the DagBag from /opt/airflow/dags/etl_dag.py
[2025-11-13T09:05:23.815+0000] {processor.py:840} INFO - DAG(s) 'simple_etl_lineage' retrieved from /opt/airflow/dags/etl_dag.py
[2025-11-13T09:05:23.862+0000] {logging_mixin.py:188} INFO - [2025-11-13T09:05:23.861+0000] {dag.py:3036} INFO - Sync 1 DAGs
[2025-11-13T09:05:23.880+0000] {logging_mixin.py:188} INFO - [2025-11-13T09:05:23.879+0000] {dag.py:3823} INFO - Setting next_dagrun for simple_etl_lineage to None, run_after=None
[2025-11-13T09:05:23.915+0000] {processor.py:183} INFO - Processing /opt/airflow/dags/etl_dag.py took 0.124 seconds
[2025-11-13T09:05:54.731+0000] {processor.py:161} INFO - Started process (PID=11826) to work on /opt/airflow/dags/etl_dag.py
[2025-11-13T09:05:54.735+0000] {processor.py:830} INFO - Processing file /opt/airflow/dags/etl_dag.py for tasks to queue
[2025-11-13T09:05:54.737+0000] {logging_mixin.py:188} INFO - [2025-11-13T09:05:54.736+0000] {dagbag.py:538} INFO - Filling up the DagBag from /opt/airflow/dags/etl_dag.py
[2025-11-13T09:05:54.761+0000] {processor.py:840} INFO - DAG(s) 'simple_etl_lineage' retrieved from /opt/airflow/dags/etl_dag.py
[2025-11-13T09:05:54.799+0000] {logging_mixin.py:188} INFO - [2025-11-13T09:05:54.799+0000] {dag.py:3036} INFO - Sync 1 DAGs
[2025-11-13T09:05:54.817+0000] {logging_mixin.py:188} INFO - [2025-11-13T09:05:54.816+0000] {dag.py:3823} INFO - Setting next_dagrun for simple_etl_lineage to None, run_after=None
[2025-11-13T09:05:54.845+0000] {processor.py:183} INFO - Processing /opt/airflow/dags/etl_dag.py took 0.118 seconds
[2025-11-13T09:06:26.191+0000] {processor.py:161} INFO - Started process (PID=11841) to work on /opt/airflow/dags/etl_dag.py
[2025-11-13T09:06:26.201+0000] {processor.py:830} INFO - Processing file /opt/airflow/dags/etl_dag.py for tasks to queue
[2025-11-13T09:06:26.205+0000] {logging_mixin.py:188} INFO - [2025-11-13T09:06:26.204+0000] {dagbag.py:538} INFO - Filling up the DagBag from /opt/airflow/dags/etl_dag.py
[2025-11-13T09:06:26.326+0000] {processor.py:840} INFO - DAG(s) 'simple_etl_lineage' retrieved from /opt/airflow/dags/etl_dag.py
[2025-11-13T09:06:26.441+0000] {logging_mixin.py:188} INFO - [2025-11-13T09:06:26.441+0000] {dag.py:3036} INFO - Sync 1 DAGs
[2025-11-13T09:06:26.488+0000] {logging_mixin.py:188} INFO - [2025-11-13T09:06:26.488+0000] {dag.py:3823} INFO - Setting next_dagrun for simple_etl_lineage to None, run_after=None
[2025-11-13T09:06:26.574+0000] {processor.py:183} INFO - Processing /opt/airflow/dags/etl_dag.py took 0.405 seconds
[2025-11-13T09:06:56.721+0000] {processor.py:161} INFO - Started process (PID=11856) to work on /opt/airflow/dags/etl_dag.py
[2025-11-13T09:06:56.723+0000] {processor.py:830} INFO - Processing file /opt/airflow/dags/etl_dag.py for tasks to queue
[2025-11-13T09:06:56.726+0000] {logging_mixin.py:188} INFO - [2025-11-13T09:06:56.725+0000] {dagbag.py:538} INFO - Filling up the DagBag from /opt/airflow/dags/etl_dag.py
[2025-11-13T09:06:56.760+0000] {processor.py:840} INFO - DAG(s) 'simple_etl_lineage' retrieved from /opt/airflow/dags/etl_dag.py
[2025-11-13T09:06:56.797+0000] {logging_mixin.py:188} INFO - [2025-11-13T09:06:56.797+0000] {dag.py:3036} INFO - Sync 1 DAGs
[2025-11-13T09:06:56.812+0000] {logging_mixin.py:188} INFO - [2025-11-13T09:06:56.812+0000] {dag.py:3823} INFO - Setting next_dagrun for simple_etl_lineage to None, run_after=None
[2025-11-13T09:06:56.856+0000] {processor.py:183} INFO - Processing /opt/airflow/dags/etl_dag.py took 0.139 seconds
[2025-11-13T09:07:27.233+0000] {processor.py:161} INFO - Started process (PID=11871) to work on /opt/airflow/dags/etl_dag.py
[2025-11-13T09:07:27.235+0000] {processor.py:830} INFO - Processing file /opt/airflow/dags/etl_dag.py for tasks to queue
[2025-11-13T09:07:27.237+0000] {logging_mixin.py:188} INFO - [2025-11-13T09:07:27.237+0000] {dagbag.py:538} INFO - Filling up the DagBag from /opt/airflow/dags/etl_dag.py
[2025-11-13T09:07:27.270+0000] {processor.py:840} INFO - DAG(s) 'simple_etl_lineage' retrieved from /opt/airflow/dags/etl_dag.py
[2025-11-13T09:07:27.319+0000] {logging_mixin.py:188} INFO - [2025-11-13T09:07:27.318+0000] {dag.py:3036} INFO - Sync 1 DAGs
[2025-11-13T09:07:27.337+0000] {logging_mixin.py:188} INFO - [2025-11-13T09:07:27.336+0000] {dag.py:3823} INFO - Setting next_dagrun for simple_etl_lineage to None, run_after=None
[2025-11-13T09:07:27.377+0000] {processor.py:183} INFO - Processing /opt/airflow/dags/etl_dag.py took 0.149 seconds
[2025-11-13T09:07:58.231+0000] {processor.py:161} INFO - Started process (PID=11886) to work on /opt/airflow/dags/etl_dag.py
[2025-11-13T09:07:58.235+0000] {processor.py:830} INFO - Processing file /opt/airflow/dags/etl_dag.py for tasks to queue
[2025-11-13T09:07:58.239+0000] {logging_mixin.py:188} INFO - [2025-11-13T09:07:58.238+0000] {dagbag.py:538} INFO - Filling up the DagBag from /opt/airflow/dags/etl_dag.py
[2025-11-13T09:07:58.276+0000] {processor.py:840} INFO - DAG(s) 'simple_etl_lineage' retrieved from /opt/airflow/dags/etl_dag.py
[2025-11-13T09:07:58.585+0000] {logging_mixin.py:188} INFO - [2025-11-13T09:07:58.584+0000] {dag.py:3036} INFO - Sync 1 DAGs
[2025-11-13T09:07:58.647+0000] {logging_mixin.py:188} INFO - [2025-11-13T09:07:58.646+0000] {dag.py:3823} INFO - Setting next_dagrun for simple_etl_lineage to None, run_after=None
[2025-11-13T09:07:58.734+0000] {processor.py:183} INFO - Processing /opt/airflow/dags/etl_dag.py took 0.512 seconds
[2025-11-13T09:08:29.536+0000] {processor.py:161} INFO - Started process (PID=11901) to work on /opt/airflow/dags/etl_dag.py
[2025-11-13T09:08:29.538+0000] {processor.py:830} INFO - Processing file /opt/airflow/dags/etl_dag.py for tasks to queue
[2025-11-13T09:08:29.541+0000] {logging_mixin.py:188} INFO - [2025-11-13T09:08:29.540+0000] {dagbag.py:538} INFO - Filling up the DagBag from /opt/airflow/dags/etl_dag.py
[2025-11-13T09:08:29.563+0000] {processor.py:840} INFO - DAG(s) 'simple_etl_lineage' retrieved from /opt/airflow/dags/etl_dag.py
[2025-11-13T09:08:29.598+0000] {logging_mixin.py:188} INFO - [2025-11-13T09:08:29.598+0000] {dag.py:3036} INFO - Sync 1 DAGs
[2025-11-13T09:08:29.618+0000] {logging_mixin.py:188} INFO - [2025-11-13T09:08:29.618+0000] {dag.py:3823} INFO - Setting next_dagrun for simple_etl_lineage to None, run_after=None
[2025-11-13T09:08:29.649+0000] {processor.py:183} INFO - Processing /opt/airflow/dags/etl_dag.py took 0.119 seconds
[2025-11-13T09:09:00.609+0000] {processor.py:161} INFO - Started process (PID=11916) to work on /opt/airflow/dags/etl_dag.py
[2025-11-13T09:09:00.612+0000] {processor.py:830} INFO - Processing file /opt/airflow/dags/etl_dag.py for tasks to queue
[2025-11-13T09:09:00.615+0000] {logging_mixin.py:188} INFO - [2025-11-13T09:09:00.615+0000] {dagbag.py:538} INFO - Filling up the DagBag from /opt/airflow/dags/etl_dag.py
[2025-11-13T09:09:00.654+0000] {processor.py:840} INFO - DAG(s) 'simple_etl_lineage' retrieved from /opt/airflow/dags/etl_dag.py
[2025-11-13T09:09:00.799+0000] {logging_mixin.py:188} INFO - [2025-11-13T09:09:00.799+0000] {dag.py:3036} INFO - Sync 1 DAGs
[2025-11-13T09:09:00.866+0000] {logging_mixin.py:188} INFO - [2025-11-13T09:09:00.858+0000] {dag.py:3823} INFO - Setting next_dagrun for simple_etl_lineage to None, run_after=None
[2025-11-13T09:09:00.990+0000] {processor.py:183} INFO - Processing /opt/airflow/dags/etl_dag.py took 0.389 seconds
[2025-11-13T09:09:31.594+0000] {processor.py:161} INFO - Started process (PID=11931) to work on /opt/airflow/dags/etl_dag.py
[2025-11-13T09:09:31.596+0000] {processor.py:830} INFO - Processing file /opt/airflow/dags/etl_dag.py for tasks to queue
[2025-11-13T09:09:31.597+0000] {logging_mixin.py:188} INFO - [2025-11-13T09:09:31.597+0000] {dagbag.py:538} INFO - Filling up the DagBag from /opt/airflow/dags/etl_dag.py
[2025-11-13T09:09:31.620+0000] {processor.py:840} INFO - DAG(s) 'simple_etl_lineage' retrieved from /opt/airflow/dags/etl_dag.py
[2025-11-13T09:09:31.663+0000] {logging_mixin.py:188} INFO - [2025-11-13T09:09:31.662+0000] {dag.py:3036} INFO - Sync 1 DAGs
[2025-11-13T09:09:31.687+0000] {logging_mixin.py:188} INFO - [2025-11-13T09:09:31.687+0000] {dag.py:3823} INFO - Setting next_dagrun for simple_etl_lineage to None, run_after=None
[2025-11-13T09:09:31.729+0000] {processor.py:183} INFO - Processing /opt/airflow/dags/etl_dag.py took 0.138 seconds
[2025-11-13T09:10:02.695+0000] {processor.py:161} INFO - Started process (PID=11946) to work on /opt/airflow/dags/etl_dag.py
[2025-11-13T09:10:02.697+0000] {processor.py:830} INFO - Processing file /opt/airflow/dags/etl_dag.py for tasks to queue
[2025-11-13T09:10:02.700+0000] {logging_mixin.py:188} INFO - [2025-11-13T09:10:02.699+0000] {dagbag.py:538} INFO - Filling up the DagBag from /opt/airflow/dags/etl_dag.py
[2025-11-13T09:10:02.736+0000] {processor.py:840} INFO - DAG(s) 'simple_etl_lineage' retrieved from /opt/airflow/dags/etl_dag.py
[2025-11-13T09:10:02.770+0000] {logging_mixin.py:188} INFO - [2025-11-13T09:10:02.770+0000] {dag.py:3036} INFO - Sync 1 DAGs
[2025-11-13T09:10:02.788+0000] {logging_mixin.py:188} INFO - [2025-11-13T09:10:02.787+0000] {dag.py:3823} INFO - Setting next_dagrun for simple_etl_lineage to None, run_after=None
[2025-11-13T09:10:02.810+0000] {processor.py:183} INFO - Processing /opt/airflow/dags/etl_dag.py took 0.121 seconds
[2025-11-13T09:10:32.919+0000] {processor.py:161} INFO - Started process (PID=11961) to work on /opt/airflow/dags/etl_dag.py
[2025-11-13T09:10:32.921+0000] {processor.py:830} INFO - Processing file /opt/airflow/dags/etl_dag.py for tasks to queue
[2025-11-13T09:10:32.924+0000] {logging_mixin.py:188} INFO - [2025-11-13T09:10:32.924+0000] {dagbag.py:538} INFO - Filling up the DagBag from /opt/airflow/dags/etl_dag.py
[2025-11-13T09:10:32.951+0000] {processor.py:840} INFO - DAG(s) 'simple_etl_lineage' retrieved from /opt/airflow/dags/etl_dag.py
[2025-11-13T09:10:32.986+0000] {logging_mixin.py:188} INFO - [2025-11-13T09:10:32.986+0000] {dag.py:3036} INFO - Sync 1 DAGs
[2025-11-13T09:10:33.001+0000] {logging_mixin.py:188} INFO - [2025-11-13T09:10:33.001+0000] {dag.py:3823} INFO - Setting next_dagrun for simple_etl_lineage to None, run_after=None
[2025-11-13T09:10:33.033+0000] {processor.py:183} INFO - Processing /opt/airflow/dags/etl_dag.py took 0.119 seconds
[2025-11-13T09:11:03.551+0000] {processor.py:161} INFO - Started process (PID=11976) to work on /opt/airflow/dags/etl_dag.py
[2025-11-13T09:11:03.553+0000] {processor.py:830} INFO - Processing file /opt/airflow/dags/etl_dag.py for tasks to queue
[2025-11-13T09:11:03.555+0000] {logging_mixin.py:188} INFO - [2025-11-13T09:11:03.554+0000] {dagbag.py:538} INFO - Filling up the DagBag from /opt/airflow/dags/etl_dag.py
[2025-11-13T09:11:03.578+0000] {processor.py:840} INFO - DAG(s) 'simple_etl_lineage' retrieved from /opt/airflow/dags/etl_dag.py
[2025-11-13T09:11:03.631+0000] {logging_mixin.py:188} INFO - [2025-11-13T09:11:03.630+0000] {dag.py:3036} INFO - Sync 1 DAGs
[2025-11-13T09:11:03.652+0000] {logging_mixin.py:188} INFO - [2025-11-13T09:11:03.651+0000] {dag.py:3823} INFO - Setting next_dagrun for simple_etl_lineage to None, run_after=None
[2025-11-13T09:11:03.692+0000] {processor.py:183} INFO - Processing /opt/airflow/dags/etl_dag.py took 0.147 seconds
[2025-11-13T09:11:34.614+0000] {processor.py:161} INFO - Started process (PID=11991) to work on /opt/airflow/dags/etl_dag.py
[2025-11-13T09:11:34.623+0000] {processor.py:830} INFO - Processing file /opt/airflow/dags/etl_dag.py for tasks to queue
[2025-11-13T09:11:34.625+0000] {logging_mixin.py:188} INFO - [2025-11-13T09:11:34.625+0000] {dagbag.py:538} INFO - Filling up the DagBag from /opt/airflow/dags/etl_dag.py
[2025-11-13T09:11:34.664+0000] {processor.py:840} INFO - DAG(s) 'simple_etl_lineage' retrieved from /opt/airflow/dags/etl_dag.py
[2025-11-13T09:11:34.744+0000] {logging_mixin.py:188} INFO - [2025-11-13T09:11:34.744+0000] {dag.py:3036} INFO - Sync 1 DAGs
[2025-11-13T09:11:34.839+0000] {logging_mixin.py:188} INFO - [2025-11-13T09:11:34.838+0000] {dag.py:3823} INFO - Setting next_dagrun for simple_etl_lineage to None, run_after=None
[2025-11-13T09:11:34.952+0000] {processor.py:183} INFO - Processing /opt/airflow/dags/etl_dag.py took 0.347 seconds
[2025-11-13T09:12:05.915+0000] {processor.py:161} INFO - Started process (PID=12006) to work on /opt/airflow/dags/etl_dag.py
[2025-11-13T09:12:05.918+0000] {processor.py:830} INFO - Processing file /opt/airflow/dags/etl_dag.py for tasks to queue
[2025-11-13T09:12:05.927+0000] {logging_mixin.py:188} INFO - [2025-11-13T09:12:05.926+0000] {dagbag.py:538} INFO - Filling up the DagBag from /opt/airflow/dags/etl_dag.py
[2025-11-13T09:12:05.961+0000] {processor.py:840} INFO - DAG(s) 'simple_etl_lineage' retrieved from /opt/airflow/dags/etl_dag.py
[2025-11-13T09:12:06.032+0000] {logging_mixin.py:188} INFO - [2025-11-13T09:12:06.032+0000] {dag.py:3036} INFO - Sync 1 DAGs
[2025-11-13T09:12:06.052+0000] {logging_mixin.py:188} INFO - [2025-11-13T09:12:06.052+0000] {dag.py:3823} INFO - Setting next_dagrun for simple_etl_lineage to None, run_after=None
[2025-11-13T09:12:06.098+0000] {processor.py:183} INFO - Processing /opt/airflow/dags/etl_dag.py took 0.201 seconds
[2025-11-13T09:12:36.225+0000] {processor.py:161} INFO - Started process (PID=12021) to work on /opt/airflow/dags/etl_dag.py
[2025-11-13T09:12:36.227+0000] {processor.py:830} INFO - Processing file /opt/airflow/dags/etl_dag.py for tasks to queue
[2025-11-13T09:12:36.229+0000] {logging_mixin.py:188} INFO - [2025-11-13T09:12:36.228+0000] {dagbag.py:538} INFO - Filling up the DagBag from /opt/airflow/dags/etl_dag.py
[2025-11-13T09:12:36.251+0000] {processor.py:840} INFO - DAG(s) 'simple_etl_lineage' retrieved from /opt/airflow/dags/etl_dag.py
[2025-11-13T09:12:36.291+0000] {logging_mixin.py:188} INFO - [2025-11-13T09:12:36.291+0000] {dag.py:3036} INFO - Sync 1 DAGs
[2025-11-13T09:12:36.321+0000] {logging_mixin.py:188} INFO - [2025-11-13T09:12:36.321+0000] {dag.py:3823} INFO - Setting next_dagrun for simple_etl_lineage to None, run_after=None
[2025-11-13T09:12:36.449+0000] {processor.py:183} INFO - Processing /opt/airflow/dags/etl_dag.py took 0.229 seconds
[2025-11-13T09:13:06.700+0000] {processor.py:161} INFO - Started process (PID=12036) to work on /opt/airflow/dags/etl_dag.py
[2025-11-13T09:13:06.709+0000] {processor.py:830} INFO - Processing file /opt/airflow/dags/etl_dag.py for tasks to queue
[2025-11-13T09:13:06.712+0000] {logging_mixin.py:188} INFO - [2025-11-13T09:13:06.711+0000] {dagbag.py:538} INFO - Filling up the DagBag from /opt/airflow/dags/etl_dag.py
[2025-11-13T09:13:07.078+0000] {processor.py:840} INFO - DAG(s) 'simple_etl_lineage' retrieved from /opt/airflow/dags/etl_dag.py
[2025-11-13T09:13:07.168+0000] {logging_mixin.py:188} INFO - [2025-11-13T09:13:07.167+0000] {dag.py:3036} INFO - Sync 1 DAGs
[2025-11-13T09:13:07.197+0000] {logging_mixin.py:188} INFO - [2025-11-13T09:13:07.197+0000] {dag.py:3823} INFO - Setting next_dagrun for simple_etl_lineage to None, run_after=None
[2025-11-13T09:13:07.295+0000] {processor.py:183} INFO - Processing /opt/airflow/dags/etl_dag.py took 0.606 seconds
[2025-11-13T09:13:38.107+0000] {processor.py:161} INFO - Started process (PID=12051) to work on /opt/airflow/dags/etl_dag.py
[2025-11-13T09:13:38.108+0000] {processor.py:830} INFO - Processing file /opt/airflow/dags/etl_dag.py for tasks to queue
[2025-11-13T09:13:38.109+0000] {logging_mixin.py:188} INFO - [2025-11-13T09:13:38.109+0000] {dagbag.py:538} INFO - Filling up the DagBag from /opt/airflow/dags/etl_dag.py
[2025-11-13T09:13:38.150+0000] {processor.py:840} INFO - DAG(s) 'simple_etl_lineage' retrieved from /opt/airflow/dags/etl_dag.py
[2025-11-13T09:13:38.183+0000] {logging_mixin.py:188} INFO - [2025-11-13T09:13:38.182+0000] {dag.py:3036} INFO - Sync 1 DAGs
[2025-11-13T09:13:38.196+0000] {logging_mixin.py:188} INFO - [2025-11-13T09:13:38.196+0000] {dag.py:3823} INFO - Setting next_dagrun for simple_etl_lineage to None, run_after=None
[2025-11-13T09:13:38.225+0000] {processor.py:183} INFO - Processing /opt/airflow/dags/etl_dag.py took 0.121 seconds
[2025-11-13T09:14:09.025+0000] {processor.py:161} INFO - Started process (PID=12066) to work on /opt/airflow/dags/etl_dag.py
[2025-11-13T09:14:09.027+0000] {processor.py:830} INFO - Processing file /opt/airflow/dags/etl_dag.py for tasks to queue
[2025-11-13T09:14:09.029+0000] {logging_mixin.py:188} INFO - [2025-11-13T09:14:09.028+0000] {dagbag.py:538} INFO - Filling up the DagBag from /opt/airflow/dags/etl_dag.py
[2025-11-13T09:14:09.046+0000] {processor.py:840} INFO - DAG(s) 'simple_etl_lineage' retrieved from /opt/airflow/dags/etl_dag.py
[2025-11-13T09:14:09.090+0000] {logging_mixin.py:188} INFO - [2025-11-13T09:14:09.090+0000] {dag.py:3036} INFO - Sync 1 DAGs
[2025-11-13T09:14:09.105+0000] {logging_mixin.py:188} INFO - [2025-11-13T09:14:09.105+0000] {dag.py:3823} INFO - Setting next_dagrun for simple_etl_lineage to None, run_after=None
[2025-11-13T09:14:09.246+0000] {processor.py:183} INFO - Processing /opt/airflow/dags/etl_dag.py took 0.226 seconds
[2025-11-13T09:14:39.642+0000] {processor.py:161} INFO - Started process (PID=12081) to work on /opt/airflow/dags/etl_dag.py
[2025-11-13T09:14:39.648+0000] {processor.py:830} INFO - Processing file /opt/airflow/dags/etl_dag.py for tasks to queue
[2025-11-13T09:14:39.652+0000] {logging_mixin.py:188} INFO - [2025-11-13T09:14:39.651+0000] {dagbag.py:538} INFO - Filling up the DagBag from /opt/airflow/dags/etl_dag.py
[2025-11-13T09:14:39.695+0000] {processor.py:840} INFO - DAG(s) 'simple_etl_lineage' retrieved from /opt/airflow/dags/etl_dag.py
[2025-11-13T09:14:39.761+0000] {logging_mixin.py:188} INFO - [2025-11-13T09:14:39.760+0000] {dag.py:3036} INFO - Sync 1 DAGs
[2025-11-13T09:14:39.790+0000] {logging_mixin.py:188} INFO - [2025-11-13T09:14:39.790+0000] {dag.py:3823} INFO - Setting next_dagrun for simple_etl_lineage to None, run_after=None
[2025-11-13T09:14:39.841+0000] {processor.py:183} INFO - Processing /opt/airflow/dags/etl_dag.py took 0.204 seconds
[2025-11-13T09:15:10.789+0000] {processor.py:161} INFO - Started process (PID=12096) to work on /opt/airflow/dags/etl_dag.py
[2025-11-13T09:15:10.792+0000] {processor.py:830} INFO - Processing file /opt/airflow/dags/etl_dag.py for tasks to queue
[2025-11-13T09:15:10.801+0000] {logging_mixin.py:188} INFO - [2025-11-13T09:15:10.800+0000] {dagbag.py:538} INFO - Filling up the DagBag from /opt/airflow/dags/etl_dag.py
[2025-11-13T09:15:10.839+0000] {processor.py:840} INFO - DAG(s) 'simple_etl_lineage' retrieved from /opt/airflow/dags/etl_dag.py
[2025-11-13T09:15:10.925+0000] {logging_mixin.py:188} INFO - [2025-11-13T09:15:10.924+0000] {dag.py:3036} INFO - Sync 1 DAGs
[2025-11-13T09:15:10.974+0000] {logging_mixin.py:188} INFO - [2025-11-13T09:15:10.973+0000] {dag.py:3823} INFO - Setting next_dagrun for simple_etl_lineage to None, run_after=None
[2025-11-13T09:15:11.085+0000] {processor.py:183} INFO - Processing /opt/airflow/dags/etl_dag.py took 0.301 seconds
[2025-11-13T09:15:41.896+0000] {processor.py:161} INFO - Started process (PID=12111) to work on /opt/airflow/dags/etl_dag.py
[2025-11-13T09:15:41.898+0000] {processor.py:830} INFO - Processing file /opt/airflow/dags/etl_dag.py for tasks to queue
[2025-11-13T09:15:41.899+0000] {logging_mixin.py:188} INFO - [2025-11-13T09:15:41.899+0000] {dagbag.py:538} INFO - Filling up the DagBag from /opt/airflow/dags/etl_dag.py
[2025-11-13T09:15:41.917+0000] {processor.py:840} INFO - DAG(s) 'simple_etl_lineage' retrieved from /opt/airflow/dags/etl_dag.py
[2025-11-13T09:15:41.960+0000] {logging_mixin.py:188} INFO - [2025-11-13T09:15:41.959+0000] {dag.py:3036} INFO - Sync 1 DAGs
[2025-11-13T09:15:41.972+0000] {logging_mixin.py:188} INFO - [2025-11-13T09:15:41.971+0000] {dag.py:3823} INFO - Setting next_dagrun for simple_etl_lineage to None, run_after=None
[2025-11-13T09:15:42.001+0000] {processor.py:183} INFO - Processing /opt/airflow/dags/etl_dag.py took 0.109 seconds
[2025-11-13T09:16:13.029+0000] {processor.py:161} INFO - Started process (PID=12126) to work on /opt/airflow/dags/etl_dag.py
[2025-11-13T09:16:13.030+0000] {processor.py:830} INFO - Processing file /opt/airflow/dags/etl_dag.py for tasks to queue
[2025-11-13T09:16:13.031+0000] {logging_mixin.py:188} INFO - [2025-11-13T09:16:13.031+0000] {dagbag.py:538} INFO - Filling up the DagBag from /opt/airflow/dags/etl_dag.py
[2025-11-13T09:16:13.096+0000] {processor.py:840} INFO - DAG(s) 'simple_etl_lineage' retrieved from /opt/airflow/dags/etl_dag.py
[2025-11-13T09:16:13.156+0000] {logging_mixin.py:188} INFO - [2025-11-13T09:16:13.154+0000] {dag.py:3036} INFO - Sync 1 DAGs
[2025-11-13T09:16:13.183+0000] {logging_mixin.py:188} INFO - [2025-11-13T09:16:13.182+0000] {dag.py:3823} INFO - Setting next_dagrun for simple_etl_lineage to None, run_after=None
[2025-11-13T09:16:13.236+0000] {processor.py:183} INFO - Processing /opt/airflow/dags/etl_dag.py took 0.211 seconds
[2025-11-13T09:16:44.156+0000] {processor.py:161} INFO - Started process (PID=12141) to work on /opt/airflow/dags/etl_dag.py
[2025-11-13T09:16:44.160+0000] {processor.py:830} INFO - Processing file /opt/airflow/dags/etl_dag.py for tasks to queue
[2025-11-13T09:16:44.162+0000] {logging_mixin.py:188} INFO - [2025-11-13T09:16:44.162+0000] {dagbag.py:538} INFO - Filling up the DagBag from /opt/airflow/dags/etl_dag.py
[2025-11-13T09:16:44.221+0000] {processor.py:840} INFO - DAG(s) 'simple_etl_lineage' retrieved from /opt/airflow/dags/etl_dag.py
[2025-11-13T09:16:44.280+0000] {logging_mixin.py:188} INFO - [2025-11-13T09:16:44.280+0000] {dag.py:3036} INFO - Sync 1 DAGs
[2025-11-13T09:16:44.318+0000] {logging_mixin.py:188} INFO - [2025-11-13T09:16:44.317+0000] {dag.py:3823} INFO - Setting next_dagrun for simple_etl_lineage to None, run_after=None
[2025-11-13T09:16:44.425+0000] {processor.py:183} INFO - Processing /opt/airflow/dags/etl_dag.py took 0.273 seconds
[2025-11-13T09:17:16.197+0000] {processor.py:161} INFO - Started process (PID=12156) to work on /opt/airflow/dags/etl_dag.py
[2025-11-13T09:17:16.201+0000] {processor.py:830} INFO - Processing file /opt/airflow/dags/etl_dag.py for tasks to queue
[2025-11-13T09:17:16.207+0000] {logging_mixin.py:188} INFO - [2025-11-13T09:17:16.207+0000] {dagbag.py:538} INFO - Filling up the DagBag from /opt/airflow/dags/etl_dag.py
[2025-11-13T09:17:16.492+0000] {processor.py:840} INFO - DAG(s) 'simple_etl_lineage' retrieved from /opt/airflow/dags/etl_dag.py
[2025-11-13T09:17:16.578+0000] {logging_mixin.py:188} INFO - [2025-11-13T09:17:16.577+0000] {dag.py:3036} INFO - Sync 1 DAGs
[2025-11-13T09:17:16.622+0000] {logging_mixin.py:188} INFO - [2025-11-13T09:17:16.622+0000] {dag.py:3823} INFO - Setting next_dagrun for simple_etl_lineage to None, run_after=None
[2025-11-13T09:17:16.737+0000] {processor.py:183} INFO - Processing /opt/airflow/dags/etl_dag.py took 0.545 seconds
[2025-11-13T09:17:47.638+0000] {processor.py:161} INFO - Started process (PID=12171) to work on /opt/airflow/dags/etl_dag.py
[2025-11-13T09:17:47.640+0000] {processor.py:830} INFO - Processing file /opt/airflow/dags/etl_dag.py for tasks to queue
[2025-11-13T09:17:47.643+0000] {logging_mixin.py:188} INFO - [2025-11-13T09:17:47.642+0000] {dagbag.py:538} INFO - Filling up the DagBag from /opt/airflow/dags/etl_dag.py
[2025-11-13T09:17:47.674+0000] {processor.py:840} INFO - DAG(s) 'simple_etl_lineage' retrieved from /opt/airflow/dags/etl_dag.py
[2025-11-13T09:17:47.768+0000] {logging_mixin.py:188} INFO - [2025-11-13T09:17:47.767+0000] {dag.py:3036} INFO - Sync 1 DAGs
[2025-11-13T09:17:47.801+0000] {logging_mixin.py:188} INFO - [2025-11-13T09:17:47.800+0000] {dag.py:3823} INFO - Setting next_dagrun for simple_etl_lineage to None, run_after=None
[2025-11-13T09:17:47.854+0000] {processor.py:183} INFO - Processing /opt/airflow/dags/etl_dag.py took 0.221 seconds
[2025-11-13T09:18:18.131+0000] {processor.py:161} INFO - Started process (PID=12186) to work on /opt/airflow/dags/etl_dag.py
[2025-11-13T09:18:18.136+0000] {processor.py:830} INFO - Processing file /opt/airflow/dags/etl_dag.py for tasks to queue
[2025-11-13T09:18:18.165+0000] {logging_mixin.py:188} INFO - [2025-11-13T09:18:18.164+0000] {dagbag.py:538} INFO - Filling up the DagBag from /opt/airflow/dags/etl_dag.py
[2025-11-13T09:18:18.236+0000] {processor.py:840} INFO - DAG(s) 'simple_etl_lineage' retrieved from /opt/airflow/dags/etl_dag.py
[2025-11-13T09:18:18.350+0000] {logging_mixin.py:188} INFO - [2025-11-13T09:18:18.349+0000] {dag.py:3036} INFO - Sync 1 DAGs
[2025-11-13T09:18:18.454+0000] {logging_mixin.py:188} INFO - [2025-11-13T09:18:18.454+0000] {dag.py:3823} INFO - Setting next_dagrun for simple_etl_lineage to None, run_after=None
[2025-11-13T09:18:18.575+0000] {processor.py:183} INFO - Processing /opt/airflow/dags/etl_dag.py took 0.453 seconds
[2025-11-13T09:18:49.585+0000] {processor.py:161} INFO - Started process (PID=12201) to work on /opt/airflow/dags/etl_dag.py
[2025-11-13T09:18:49.593+0000] {processor.py:830} INFO - Processing file /opt/airflow/dags/etl_dag.py for tasks to queue
[2025-11-13T09:18:49.622+0000] {logging_mixin.py:188} INFO - [2025-11-13T09:18:49.621+0000] {dagbag.py:538} INFO - Filling up the DagBag from /opt/airflow/dags/etl_dag.py
[2025-11-13T09:18:50.060+0000] {processor.py:840} INFO - DAG(s) 'simple_etl_lineage' retrieved from /opt/airflow/dags/etl_dag.py
[2025-11-13T09:18:50.209+0000] {logging_mixin.py:188} INFO - [2025-11-13T09:18:50.208+0000] {dag.py:3036} INFO - Sync 1 DAGs
[2025-11-13T09:18:50.327+0000] {logging_mixin.py:188} INFO - [2025-11-13T09:18:50.326+0000] {dag.py:3823} INFO - Setting next_dagrun for simple_etl_lineage to None, run_after=None
[2025-11-13T09:18:50.458+0000] {processor.py:183} INFO - Processing /opt/airflow/dags/etl_dag.py took 0.879 seconds
[2025-11-13T09:19:32.378+0000] {processor.py:161} INFO - Started process (PID=12214) to work on /opt/airflow/dags/etl_dag.py
[2025-11-13T09:19:32.433+0000] {processor.py:830} INFO - Processing file /opt/airflow/dags/etl_dag.py for tasks to queue
[2025-11-13T09:19:32.490+0000] {logging_mixin.py:188} INFO - [2025-11-13T09:19:32.489+0000] {dagbag.py:538} INFO - Filling up the DagBag from /opt/airflow/dags/etl_dag.py
[2025-11-13T09:19:33.184+0000] {processor.py:840} INFO - DAG(s) 'simple_etl_lineage' retrieved from /opt/airflow/dags/etl_dag.py
[2025-11-13T09:19:34.604+0000] {logging_mixin.py:188} INFO - [2025-11-13T09:19:34.604+0000] {dag.py:3036} INFO - Sync 1 DAGs
[2025-11-13T09:19:34.685+0000] {logging_mixin.py:188} INFO - [2025-11-13T09:19:34.679+0000] {dag.py:3823} INFO - Setting next_dagrun for simple_etl_lineage to None, run_after=None
[2025-11-13T09:19:35.100+0000] {processor.py:183} INFO - Processing /opt/airflow/dags/etl_dag.py took 2.970 seconds
[2025-11-13T09:20:06.195+0000] {processor.py:161} INFO - Started process (PID=12229) to work on /opt/airflow/dags/etl_dag.py
[2025-11-13T09:20:06.198+0000] {processor.py:830} INFO - Processing file /opt/airflow/dags/etl_dag.py for tasks to queue
[2025-11-13T09:20:06.209+0000] {logging_mixin.py:188} INFO - [2025-11-13T09:20:06.208+0000] {dagbag.py:538} INFO - Filling up the DagBag from /opt/airflow/dags/etl_dag.py
[2025-11-13T09:20:06.362+0000] {processor.py:840} INFO - DAG(s) 'simple_etl_lineage' retrieved from /opt/airflow/dags/etl_dag.py
[2025-11-13T09:20:06.554+0000] {logging_mixin.py:188} INFO - [2025-11-13T09:20:06.553+0000] {dag.py:3036} INFO - Sync 1 DAGs
[2025-11-13T09:20:06.593+0000] {logging_mixin.py:188} INFO - [2025-11-13T09:20:06.592+0000] {dag.py:3823} INFO - Setting next_dagrun for simple_etl_lineage to None, run_after=None
[2025-11-13T09:20:06.686+0000] {processor.py:183} INFO - Processing /opt/airflow/dags/etl_dag.py took 0.499 seconds
[2025-11-13T09:20:37.655+0000] {processor.py:161} INFO - Started process (PID=12244) to work on /opt/airflow/dags/etl_dag.py
[2025-11-13T09:20:37.702+0000] {processor.py:830} INFO - Processing file /opt/airflow/dags/etl_dag.py for tasks to queue
[2025-11-13T09:20:37.717+0000] {logging_mixin.py:188} INFO - [2025-11-13T09:20:37.717+0000] {dagbag.py:538} INFO - Filling up the DagBag from /opt/airflow/dags/etl_dag.py
[2025-11-13T09:20:38.356+0000] {processor.py:840} INFO - DAG(s) 'simple_etl_lineage' retrieved from /opt/airflow/dags/etl_dag.py
[2025-11-13T09:20:38.521+0000] {logging_mixin.py:188} INFO - [2025-11-13T09:20:38.521+0000] {dag.py:3036} INFO - Sync 1 DAGs
[2025-11-13T09:20:38.603+0000] {logging_mixin.py:188} INFO - [2025-11-13T09:20:38.595+0000] {dag.py:3823} INFO - Setting next_dagrun for simple_etl_lineage to None, run_after=None
[2025-11-13T09:20:38.799+0000] {processor.py:183} INFO - Processing /opt/airflow/dags/etl_dag.py took 1.242 seconds
[2025-11-13T09:21:10.275+0000] {processor.py:161} INFO - Started process (PID=12259) to work on /opt/airflow/dags/etl_dag.py
[2025-11-13T09:21:10.288+0000] {processor.py:830} INFO - Processing file /opt/airflow/dags/etl_dag.py for tasks to queue
[2025-11-13T09:21:10.292+0000] {logging_mixin.py:188} INFO - [2025-11-13T09:21:10.291+0000] {dagbag.py:538} INFO - Filling up the DagBag from /opt/airflow/dags/etl_dag.py
[2025-11-13T09:21:10.400+0000] {processor.py:840} INFO - DAG(s) 'simple_etl_lineage' retrieved from /opt/airflow/dags/etl_dag.py
[2025-11-13T09:21:10.655+0000] {logging_mixin.py:188} INFO - [2025-11-13T09:21:10.655+0000] {dag.py:3036} INFO - Sync 1 DAGs
[2025-11-13T09:21:10.856+0000] {logging_mixin.py:188} INFO - [2025-11-13T09:21:10.855+0000] {dag.py:3823} INFO - Setting next_dagrun for simple_etl_lineage to None, run_after=None
[2025-11-13T09:21:11.067+0000] {processor.py:183} INFO - Processing /opt/airflow/dags/etl_dag.py took 0.809 seconds
[2025-11-13T09:21:43.116+0000] {processor.py:161} INFO - Started process (PID=12274) to work on /opt/airflow/dags/etl_dag.py
[2025-11-13T09:21:43.155+0000] {processor.py:830} INFO - Processing file /opt/airflow/dags/etl_dag.py for tasks to queue
[2025-11-13T09:21:43.162+0000] {logging_mixin.py:188} INFO - [2025-11-13T09:21:43.161+0000] {dagbag.py:538} INFO - Filling up the DagBag from /opt/airflow/dags/etl_dag.py
[2025-11-13T09:21:43.478+0000] {processor.py:840} INFO - DAG(s) 'simple_etl_lineage' retrieved from /opt/airflow/dags/etl_dag.py
[2025-11-13T09:21:43.796+0000] {logging_mixin.py:188} INFO - [2025-11-13T09:21:43.796+0000] {dag.py:3036} INFO - Sync 1 DAGs
[2025-11-13T09:21:43.994+0000] {logging_mixin.py:188} INFO - [2025-11-13T09:21:43.993+0000] {dag.py:3823} INFO - Setting next_dagrun for simple_etl_lineage to None, run_after=None
[2025-11-13T09:21:44.577+0000] {processor.py:183} INFO - Processing /opt/airflow/dags/etl_dag.py took 1.480 seconds
[2025-11-13T09:22:19.233+0000] {processor.py:161} INFO - Started process (PID=12289) to work on /opt/airflow/dags/etl_dag.py
[2025-11-13T09:22:19.247+0000] {processor.py:830} INFO - Processing file /opt/airflow/dags/etl_dag.py for tasks to queue
[2025-11-13T09:22:19.298+0000] {logging_mixin.py:188} INFO - [2025-11-13T09:22:19.298+0000] {dagbag.py:538} INFO - Filling up the DagBag from /opt/airflow/dags/etl_dag.py
[2025-11-13T09:22:20.499+0000] {processor.py:840} INFO - DAG(s) 'simple_etl_lineage' retrieved from /opt/airflow/dags/etl_dag.py
[2025-11-13T09:22:20.897+0000] {logging_mixin.py:188} INFO - [2025-11-13T09:22:20.897+0000] {dag.py:3036} INFO - Sync 1 DAGs
[2025-11-13T09:22:21.006+0000] {logging_mixin.py:188} INFO - [2025-11-13T09:22:21.006+0000] {dag.py:3823} INFO - Setting next_dagrun for simple_etl_lineage to None, run_after=None
[2025-11-13T09:22:21.243+0000] {processor.py:183} INFO - Processing /opt/airflow/dags/etl_dag.py took 2.116 seconds
[2025-11-13T09:22:53.003+0000] {processor.py:161} INFO - Started process (PID=12304) to work on /opt/airflow/dags/etl_dag.py
[2025-11-13T09:22:53.037+0000] {processor.py:830} INFO - Processing file /opt/airflow/dags/etl_dag.py for tasks to queue
[2025-11-13T09:22:53.101+0000] {logging_mixin.py:188} INFO - [2025-11-13T09:22:53.100+0000] {dagbag.py:538} INFO - Filling up the DagBag from /opt/airflow/dags/etl_dag.py
[2025-11-13T09:22:55.416+0000] {processor.py:840} INFO - DAG(s) 'simple_etl_lineage' retrieved from /opt/airflow/dags/etl_dag.py
[2025-11-13T09:22:56.159+0000] {logging_mixin.py:188} INFO - [2025-11-13T09:22:56.159+0000] {dag.py:3036} INFO - Sync 1 DAGs
[2025-11-13T09:22:56.484+0000] {logging_mixin.py:188} INFO - [2025-11-13T09:22:56.483+0000] {dag.py:3823} INFO - Setting next_dagrun for simple_etl_lineage to None, run_after=None
[2025-11-13T09:22:56.690+0000] {processor.py:183} INFO - Processing /opt/airflow/dags/etl_dag.py took 3.704 seconds
[2025-11-13T09:23:27.508+0000] {processor.py:161} INFO - Started process (PID=12319) to work on /opt/airflow/dags/etl_dag.py
[2025-11-13T09:23:27.511+0000] {processor.py:830} INFO - Processing file /opt/airflow/dags/etl_dag.py for tasks to queue
[2025-11-13T09:23:27.514+0000] {logging_mixin.py:188} INFO - [2025-11-13T09:23:27.513+0000] {dagbag.py:538} INFO - Filling up the DagBag from /opt/airflow/dags/etl_dag.py
[2025-11-13T09:23:27.603+0000] {processor.py:840} INFO - DAG(s) 'simple_etl_lineage' retrieved from /opt/airflow/dags/etl_dag.py
[2025-11-13T09:23:27.718+0000] {logging_mixin.py:188} INFO - [2025-11-13T09:23:27.718+0000] {dag.py:3036} INFO - Sync 1 DAGs
[2025-11-13T09:23:27.756+0000] {logging_mixin.py:188} INFO - [2025-11-13T09:23:27.755+0000] {dag.py:3823} INFO - Setting next_dagrun for simple_etl_lineage to None, run_after=None
[2025-11-13T09:23:27.854+0000] {processor.py:183} INFO - Processing /opt/airflow/dags/etl_dag.py took 0.352 seconds
[2025-11-13T09:23:59.198+0000] {processor.py:161} INFO - Started process (PID=12334) to work on /opt/airflow/dags/etl_dag.py
[2025-11-13T09:23:59.201+0000] {processor.py:830} INFO - Processing file /opt/airflow/dags/etl_dag.py for tasks to queue
[2025-11-13T09:23:59.206+0000] {logging_mixin.py:188} INFO - [2025-11-13T09:23:59.203+0000] {dagbag.py:538} INFO - Filling up the DagBag from /opt/airflow/dags/etl_dag.py
[2025-11-13T09:23:59.338+0000] {processor.py:840} INFO - DAG(s) 'simple_etl_lineage' retrieved from /opt/airflow/dags/etl_dag.py
[2025-11-13T09:23:59.617+0000] {logging_mixin.py:188} INFO - [2025-11-13T09:23:59.617+0000] {dag.py:3036} INFO - Sync 1 DAGs
[2025-11-13T09:23:59.775+0000] {logging_mixin.py:188} INFO - [2025-11-13T09:23:59.774+0000] {dag.py:3823} INFO - Setting next_dagrun for simple_etl_lineage to None, run_after=None
[2025-11-13T09:24:00.510+0000] {processor.py:183} INFO - Processing /opt/airflow/dags/etl_dag.py took 1.320 seconds
[2025-11-13T09:24:30.813+0000] {processor.py:161} INFO - Started process (PID=12346) to work on /opt/airflow/dags/etl_dag.py
[2025-11-13T09:24:30.820+0000] {processor.py:830} INFO - Processing file /opt/airflow/dags/etl_dag.py for tasks to queue
[2025-11-13T09:24:30.826+0000] {logging_mixin.py:188} INFO - [2025-11-13T09:24:30.824+0000] {dagbag.py:538} INFO - Filling up the DagBag from /opt/airflow/dags/etl_dag.py
[2025-11-13T09:24:30.895+0000] {processor.py:840} INFO - DAG(s) 'simple_etl_lineage' retrieved from /opt/airflow/dags/etl_dag.py
[2025-11-13T09:24:30.997+0000] {logging_mixin.py:188} INFO - [2025-11-13T09:24:30.996+0000] {dag.py:3036} INFO - Sync 1 DAGs
[2025-11-13T09:24:31.070+0000] {logging_mixin.py:188} INFO - [2025-11-13T09:24:31.069+0000] {dag.py:3823} INFO - Setting next_dagrun for simple_etl_lineage to None, run_after=None
[2025-11-13T09:24:31.154+0000] {processor.py:183} INFO - Processing /opt/airflow/dags/etl_dag.py took 0.347 seconds
[2025-11-13T09:25:02.180+0000] {processor.py:161} INFO - Started process (PID=12364) to work on /opt/airflow/dags/etl_dag.py
[2025-11-13T09:25:02.240+0000] {processor.py:830} INFO - Processing file /opt/airflow/dags/etl_dag.py for tasks to queue
[2025-11-13T09:25:02.244+0000] {logging_mixin.py:188} INFO - [2025-11-13T09:25:02.243+0000] {dagbag.py:538} INFO - Filling up the DagBag from /opt/airflow/dags/etl_dag.py
[2025-11-13T09:25:02.347+0000] {processor.py:840} INFO - DAG(s) 'simple_etl_lineage' retrieved from /opt/airflow/dags/etl_dag.py
[2025-11-13T09:25:02.863+0000] {logging_mixin.py:188} INFO - [2025-11-13T09:25:02.863+0000] {dag.py:3036} INFO - Sync 1 DAGs
[2025-11-13T09:25:02.961+0000] {logging_mixin.py:188} INFO - [2025-11-13T09:25:02.960+0000] {dag.py:3823} INFO - Setting next_dagrun for simple_etl_lineage to None, run_after=None
[2025-11-13T09:25:03.325+0000] {processor.py:183} INFO - Processing /opt/airflow/dags/etl_dag.py took 1.156 seconds
[2025-11-13T09:25:33.778+0000] {processor.py:161} INFO - Started process (PID=12379) to work on /opt/airflow/dags/etl_dag.py
[2025-11-13T09:25:33.779+0000] {processor.py:830} INFO - Processing file /opt/airflow/dags/etl_dag.py for tasks to queue
[2025-11-13T09:25:33.782+0000] {logging_mixin.py:188} INFO - [2025-11-13T09:25:33.781+0000] {dagbag.py:538} INFO - Filling up the DagBag from /opt/airflow/dags/etl_dag.py
[2025-11-13T09:25:33.814+0000] {processor.py:840} INFO - DAG(s) 'simple_etl_lineage' retrieved from /opt/airflow/dags/etl_dag.py
[2025-11-13T09:25:33.881+0000] {logging_mixin.py:188} INFO - [2025-11-13T09:25:33.880+0000] {dag.py:3036} INFO - Sync 1 DAGs
[2025-11-13T09:25:33.914+0000] {logging_mixin.py:188} INFO - [2025-11-13T09:25:33.914+0000] {dag.py:3823} INFO - Setting next_dagrun for simple_etl_lineage to None, run_after=None
[2025-11-13T09:25:34.058+0000] {processor.py:183} INFO - Processing /opt/airflow/dags/etl_dag.py took 0.287 seconds
[2025-11-13T09:26:04.330+0000] {processor.py:161} INFO - Started process (PID=12394) to work on /opt/airflow/dags/etl_dag.py
[2025-11-13T09:26:04.333+0000] {processor.py:830} INFO - Processing file /opt/airflow/dags/etl_dag.py for tasks to queue
[2025-11-13T09:26:04.335+0000] {logging_mixin.py:188} INFO - [2025-11-13T09:26:04.334+0000] {dagbag.py:538} INFO - Filling up the DagBag from /opt/airflow/dags/etl_dag.py
[2025-11-13T09:26:04.364+0000] {processor.py:840} INFO - DAG(s) 'simple_etl_lineage' retrieved from /opt/airflow/dags/etl_dag.py
[2025-11-13T09:26:04.451+0000] {logging_mixin.py:188} INFO - [2025-11-13T09:26:04.451+0000] {dag.py:3036} INFO - Sync 1 DAGs
[2025-11-13T09:26:04.483+0000] {logging_mixin.py:188} INFO - [2025-11-13T09:26:04.483+0000] {dag.py:3823} INFO - Setting next_dagrun for simple_etl_lineage to None, run_after=None
[2025-11-13T09:26:04.562+0000] {processor.py:183} INFO - Processing /opt/airflow/dags/etl_dag.py took 0.239 seconds
[2025-11-13T09:26:35.216+0000] {processor.py:161} INFO - Started process (PID=12409) to work on /opt/airflow/dags/etl_dag.py
[2025-11-13T09:26:35.218+0000] {processor.py:830} INFO - Processing file /opt/airflow/dags/etl_dag.py for tasks to queue
[2025-11-13T09:26:35.223+0000] {logging_mixin.py:188} INFO - [2025-11-13T09:26:35.222+0000] {dagbag.py:538} INFO - Filling up the DagBag from /opt/airflow/dags/etl_dag.py
[2025-11-13T09:26:35.257+0000] {processor.py:840} INFO - DAG(s) 'simple_etl_lineage' retrieved from /opt/airflow/dags/etl_dag.py
[2025-11-13T09:26:35.324+0000] {logging_mixin.py:188} INFO - [2025-11-13T09:26:35.323+0000] {dag.py:3036} INFO - Sync 1 DAGs
[2025-11-13T09:26:35.351+0000] {logging_mixin.py:188} INFO - [2025-11-13T09:26:35.351+0000] {dag.py:3823} INFO - Setting next_dagrun for simple_etl_lineage to None, run_after=None
[2025-11-13T09:26:35.387+0000] {processor.py:183} INFO - Processing /opt/airflow/dags/etl_dag.py took 0.176 seconds
[2025-11-13T09:27:06.291+0000] {processor.py:161} INFO - Started process (PID=12424) to work on /opt/airflow/dags/etl_dag.py
[2025-11-13T09:27:06.294+0000] {processor.py:830} INFO - Processing file /opt/airflow/dags/etl_dag.py for tasks to queue
[2025-11-13T09:27:06.297+0000] {logging_mixin.py:188} INFO - [2025-11-13T09:27:06.296+0000] {dagbag.py:538} INFO - Filling up the DagBag from /opt/airflow/dags/etl_dag.py
[2025-11-13T09:27:06.367+0000] {processor.py:840} INFO - DAG(s) 'simple_etl_lineage' retrieved from /opt/airflow/dags/etl_dag.py
[2025-11-13T09:27:06.485+0000] {logging_mixin.py:188} INFO - [2025-11-13T09:27:06.484+0000] {dag.py:3036} INFO - Sync 1 DAGs
[2025-11-13T09:27:06.507+0000] {logging_mixin.py:188} INFO - [2025-11-13T09:27:06.507+0000] {dag.py:3823} INFO - Setting next_dagrun for simple_etl_lineage to None, run_after=None
[2025-11-13T09:27:06.563+0000] {processor.py:183} INFO - Processing /opt/airflow/dags/etl_dag.py took 0.287 seconds
[2025-11-13T09:27:37.088+0000] {processor.py:161} INFO - Started process (PID=12439) to work on /opt/airflow/dags/etl_dag.py
[2025-11-13T09:27:37.091+0000] {processor.py:830} INFO - Processing file /opt/airflow/dags/etl_dag.py for tasks to queue
[2025-11-13T09:27:37.095+0000] {logging_mixin.py:188} INFO - [2025-11-13T09:27:37.094+0000] {dagbag.py:538} INFO - Filling up the DagBag from /opt/airflow/dags/etl_dag.py
[2025-11-13T09:27:37.117+0000] {processor.py:840} INFO - DAG(s) 'simple_etl_lineage' retrieved from /opt/airflow/dags/etl_dag.py
[2025-11-13T09:27:37.207+0000] {logging_mixin.py:188} INFO - [2025-11-13T09:27:37.206+0000] {dag.py:3036} INFO - Sync 1 DAGs
[2025-11-13T09:27:37.238+0000] {logging_mixin.py:188} INFO - [2025-11-13T09:27:37.237+0000] {dag.py:3823} INFO - Setting next_dagrun for simple_etl_lineage to None, run_after=None
[2025-11-13T09:27:37.294+0000] {processor.py:183} INFO - Processing /opt/airflow/dags/etl_dag.py took 0.211 seconds
[2025-11-13T09:28:07.769+0000] {processor.py:161} INFO - Started process (PID=12454) to work on /opt/airflow/dags/etl_dag.py
[2025-11-13T09:28:07.771+0000] {processor.py:830} INFO - Processing file /opt/airflow/dags/etl_dag.py for tasks to queue
[2025-11-13T09:28:07.773+0000] {logging_mixin.py:188} INFO - [2025-11-13T09:28:07.772+0000] {dagbag.py:538} INFO - Filling up the DagBag from /opt/airflow/dags/etl_dag.py
[2025-11-13T09:28:07.794+0000] {processor.py:840} INFO - DAG(s) 'simple_etl_lineage' retrieved from /opt/airflow/dags/etl_dag.py
[2025-11-13T09:28:07.870+0000] {logging_mixin.py:188} INFO - [2025-11-13T09:28:07.870+0000] {dag.py:3036} INFO - Sync 1 DAGs
[2025-11-13T09:28:07.918+0000] {logging_mixin.py:188} INFO - [2025-11-13T09:28:07.918+0000] {dag.py:3823} INFO - Setting next_dagrun for simple_etl_lineage to None, run_after=None
[2025-11-13T09:28:07.956+0000] {processor.py:183} INFO - Processing /opt/airflow/dags/etl_dag.py took 0.193 seconds
[2025-11-13T09:28:38.336+0000] {processor.py:161} INFO - Started process (PID=12469) to work on /opt/airflow/dags/etl_dag.py
[2025-11-13T09:28:38.338+0000] {processor.py:830} INFO - Processing file /opt/airflow/dags/etl_dag.py for tasks to queue
[2025-11-13T09:28:38.340+0000] {logging_mixin.py:188} INFO - [2025-11-13T09:28:38.340+0000] {dagbag.py:538} INFO - Filling up the DagBag from /opt/airflow/dags/etl_dag.py
[2025-11-13T09:28:38.359+0000] {processor.py:840} INFO - DAG(s) 'simple_etl_lineage' retrieved from /opt/airflow/dags/etl_dag.py
[2025-11-13T09:28:38.396+0000] {logging_mixin.py:188} INFO - [2025-11-13T09:28:38.395+0000] {dag.py:3036} INFO - Sync 1 DAGs
[2025-11-13T09:28:38.421+0000] {logging_mixin.py:188} INFO - [2025-11-13T09:28:38.420+0000] {dag.py:3823} INFO - Setting next_dagrun for simple_etl_lineage to None, run_after=None
[2025-11-13T09:28:38.451+0000] {processor.py:183} INFO - Processing /opt/airflow/dags/etl_dag.py took 0.120 seconds
[2025-11-13T09:29:08.857+0000] {processor.py:161} INFO - Started process (PID=12484) to work on /opt/airflow/dags/etl_dag.py
[2025-11-13T09:29:08.859+0000] {processor.py:830} INFO - Processing file /opt/airflow/dags/etl_dag.py for tasks to queue
[2025-11-13T09:29:08.874+0000] {logging_mixin.py:188} INFO - [2025-11-13T09:29:08.873+0000] {dagbag.py:538} INFO - Filling up the DagBag from /opt/airflow/dags/etl_dag.py
[2025-11-13T09:29:08.916+0000] {processor.py:840} INFO - DAG(s) 'simple_etl_lineage' retrieved from /opt/airflow/dags/etl_dag.py
[2025-11-13T09:29:08.987+0000] {logging_mixin.py:188} INFO - [2025-11-13T09:29:08.987+0000] {dag.py:3036} INFO - Sync 1 DAGs
[2025-11-13T09:29:09.013+0000] {logging_mixin.py:188} INFO - [2025-11-13T09:29:09.012+0000] {dag.py:3823} INFO - Setting next_dagrun for simple_etl_lineage to None, run_after=None
[2025-11-13T09:29:09.080+0000] {processor.py:183} INFO - Processing /opt/airflow/dags/etl_dag.py took 0.228 seconds
[2025-11-13T09:29:39.495+0000] {processor.py:161} INFO - Started process (PID=12499) to work on /opt/airflow/dags/etl_dag.py
[2025-11-13T09:29:39.497+0000] {processor.py:830} INFO - Processing file /opt/airflow/dags/etl_dag.py for tasks to queue
[2025-11-13T09:29:39.498+0000] {logging_mixin.py:188} INFO - [2025-11-13T09:29:39.497+0000] {dagbag.py:538} INFO - Filling up the DagBag from /opt/airflow/dags/etl_dag.py
[2025-11-13T09:29:39.516+0000] {processor.py:840} INFO - DAG(s) 'simple_etl_lineage' retrieved from /opt/airflow/dags/etl_dag.py
[2025-11-13T09:29:39.567+0000] {logging_mixin.py:188} INFO - [2025-11-13T09:29:39.566+0000] {dag.py:3036} INFO - Sync 1 DAGs
[2025-11-13T09:29:39.590+0000] {logging_mixin.py:188} INFO - [2025-11-13T09:29:39.589+0000] {dag.py:3823} INFO - Setting next_dagrun for simple_etl_lineage to None, run_after=None
[2025-11-13T09:29:39.620+0000] {processor.py:183} INFO - Processing /opt/airflow/dags/etl_dag.py took 0.129 seconds
[2025-11-13T09:30:10.075+0000] {processor.py:161} INFO - Started process (PID=12514) to work on /opt/airflow/dags/etl_dag.py
[2025-11-13T09:30:10.077+0000] {processor.py:830} INFO - Processing file /opt/airflow/dags/etl_dag.py for tasks to queue
[2025-11-13T09:30:10.078+0000] {logging_mixin.py:188} INFO - [2025-11-13T09:30:10.078+0000] {dagbag.py:538} INFO - Filling up the DagBag from /opt/airflow/dags/etl_dag.py
[2025-11-13T09:30:10.106+0000] {processor.py:840} INFO - DAG(s) 'simple_etl_lineage' retrieved from /opt/airflow/dags/etl_dag.py
[2025-11-13T09:30:10.165+0000] {logging_mixin.py:188} INFO - [2025-11-13T09:30:10.165+0000] {dag.py:3036} INFO - Sync 1 DAGs
[2025-11-13T09:30:10.207+0000] {logging_mixin.py:188} INFO - [2025-11-13T09:30:10.207+0000] {dag.py:3823} INFO - Setting next_dagrun for simple_etl_lineage to None, run_after=None
[2025-11-13T09:30:10.254+0000] {processor.py:183} INFO - Processing /opt/airflow/dags/etl_dag.py took 0.183 seconds
[2025-11-13T09:30:40.722+0000] {processor.py:161} INFO - Started process (PID=12529) to work on /opt/airflow/dags/etl_dag.py
[2025-11-13T09:30:40.724+0000] {processor.py:830} INFO - Processing file /opt/airflow/dags/etl_dag.py for tasks to queue
[2025-11-13T09:30:40.725+0000] {logging_mixin.py:188} INFO - [2025-11-13T09:30:40.725+0000] {dagbag.py:538} INFO - Filling up the DagBag from /opt/airflow/dags/etl_dag.py
[2025-11-13T09:30:40.745+0000] {processor.py:840} INFO - DAG(s) 'simple_etl_lineage' retrieved from /opt/airflow/dags/etl_dag.py
[2025-11-13T09:30:40.778+0000] {logging_mixin.py:188} INFO - [2025-11-13T09:30:40.778+0000] {dag.py:3036} INFO - Sync 1 DAGs
[2025-11-13T09:30:40.793+0000] {logging_mixin.py:188} INFO - [2025-11-13T09:30:40.792+0000] {dag.py:3823} INFO - Setting next_dagrun for simple_etl_lineage to None, run_after=None
[2025-11-13T09:30:40.825+0000] {processor.py:183} INFO - Processing /opt/airflow/dags/etl_dag.py took 0.107 seconds
[2025-11-13T09:31:11.237+0000] {processor.py:161} INFO - Started process (PID=12544) to work on /opt/airflow/dags/etl_dag.py
[2025-11-13T09:31:11.239+0000] {processor.py:830} INFO - Processing file /opt/airflow/dags/etl_dag.py for tasks to queue
[2025-11-13T09:31:11.240+0000] {logging_mixin.py:188} INFO - [2025-11-13T09:31:11.240+0000] {dagbag.py:538} INFO - Filling up the DagBag from /opt/airflow/dags/etl_dag.py
[2025-11-13T09:31:11.267+0000] {processor.py:840} INFO - DAG(s) 'simple_etl_lineage' retrieved from /opt/airflow/dags/etl_dag.py
[2025-11-13T09:31:11.301+0000] {logging_mixin.py:188} INFO - [2025-11-13T09:31:11.300+0000] {dag.py:3036} INFO - Sync 1 DAGs
[2025-11-13T09:31:11.315+0000] {logging_mixin.py:188} INFO - [2025-11-13T09:31:11.315+0000] {dag.py:3823} INFO - Setting next_dagrun for simple_etl_lineage to None, run_after=None
[2025-11-13T09:31:11.342+0000] {processor.py:183} INFO - Processing /opt/airflow/dags/etl_dag.py took 0.111 seconds
[2025-11-13T09:31:41.721+0000] {processor.py:161} INFO - Started process (PID=12559) to work on /opt/airflow/dags/etl_dag.py
[2025-11-13T09:31:41.723+0000] {processor.py:830} INFO - Processing file /opt/airflow/dags/etl_dag.py for tasks to queue
[2025-11-13T09:31:41.724+0000] {logging_mixin.py:188} INFO - [2025-11-13T09:31:41.724+0000] {dagbag.py:538} INFO - Filling up the DagBag from /opt/airflow/dags/etl_dag.py
[2025-11-13T09:31:41.738+0000] {processor.py:840} INFO - DAG(s) 'simple_etl_lineage' retrieved from /opt/airflow/dags/etl_dag.py
[2025-11-13T09:31:41.768+0000] {logging_mixin.py:188} INFO - [2025-11-13T09:31:41.768+0000] {dag.py:3036} INFO - Sync 1 DAGs
[2025-11-13T09:31:41.780+0000] {logging_mixin.py:188} INFO - [2025-11-13T09:31:41.779+0000] {dag.py:3823} INFO - Setting next_dagrun for simple_etl_lineage to None, run_after=None
[2025-11-13T09:31:41.802+0000] {processor.py:183} INFO - Processing /opt/airflow/dags/etl_dag.py took 0.084 seconds
[2025-11-13T09:58:27.617+0000] {processor.py:161} INFO - Started process (PID=12571) to work on /opt/airflow/dags/etl_dag.py
[2025-11-13T09:58:27.863+0000] {processor.py:830} INFO - Processing file /opt/airflow/dags/etl_dag.py for tasks to queue
[2025-11-13T09:58:27.882+0000] {logging_mixin.py:188} INFO - [2025-11-13T09:58:27.882+0000] {dagbag.py:538} INFO - Filling up the DagBag from /opt/airflow/dags/etl_dag.py
[2025-11-13T09:59:12.768+0000] {processor.py:840} INFO - DAG(s) 'simple_etl_lineage' retrieved from /opt/airflow/dags/etl_dag.py
[2025-11-13T09:59:43.802+0000] {processor.py:161} INFO - Started process (PID=12588) to work on /opt/airflow/dags/etl_dag.py
[2025-11-13T09:59:43.805+0000] {processor.py:830} INFO - Processing file /opt/airflow/dags/etl_dag.py for tasks to queue
[2025-11-13T09:59:43.806+0000] {logging_mixin.py:188} INFO - [2025-11-13T09:59:43.806+0000] {dagbag.py:538} INFO - Filling up the DagBag from /opt/airflow/dags/etl_dag.py
[2025-11-13T09:59:43.828+0000] {processor.py:840} INFO - DAG(s) 'simple_etl_lineage' retrieved from /opt/airflow/dags/etl_dag.py
[2025-11-13T09:59:43.919+0000] {logging_mixin.py:188} INFO - [2025-11-13T09:59:43.919+0000] {dag.py:3036} INFO - Sync 1 DAGs
[2025-11-13T09:59:43.955+0000] {logging_mixin.py:188} INFO - [2025-11-13T09:59:43.955+0000] {dag.py:3823} INFO - Setting next_dagrun for simple_etl_lineage to None, run_after=None
[2025-11-13T09:59:44.005+0000] {processor.py:183} INFO - Processing /opt/airflow/dags/etl_dag.py took 0.207 seconds
[2025-11-13T10:00:14.627+0000] {processor.py:161} INFO - Started process (PID=12603) to work on /opt/airflow/dags/etl_dag.py
[2025-11-13T10:00:14.629+0000] {processor.py:830} INFO - Processing file /opt/airflow/dags/etl_dag.py for tasks to queue
[2025-11-13T10:00:14.639+0000] {logging_mixin.py:188} INFO - [2025-11-13T10:00:14.632+0000] {dagbag.py:538} INFO - Filling up the DagBag from /opt/airflow/dags/etl_dag.py
[2025-11-13T10:00:14.671+0000] {processor.py:840} INFO - DAG(s) 'simple_etl_lineage' retrieved from /opt/airflow/dags/etl_dag.py
[2025-11-13T10:00:14.717+0000] {logging_mixin.py:188} INFO - [2025-11-13T10:00:14.717+0000] {dag.py:3036} INFO - Sync 1 DAGs
[2025-11-13T10:00:14.732+0000] {logging_mixin.py:188} INFO - [2025-11-13T10:00:14.732+0000] {dag.py:3823} INFO - Setting next_dagrun for simple_etl_lineage to None, run_after=None
[2025-11-13T10:00:14.768+0000] {processor.py:183} INFO - Processing /opt/airflow/dags/etl_dag.py took 0.153 seconds
[2025-11-13T10:00:45.225+0000] {processor.py:161} INFO - Started process (PID=12618) to work on /opt/airflow/dags/etl_dag.py
[2025-11-13T10:00:45.240+0000] {processor.py:830} INFO - Processing file /opt/airflow/dags/etl_dag.py for tasks to queue
[2025-11-13T10:00:45.255+0000] {logging_mixin.py:188} INFO - [2025-11-13T10:00:45.246+0000] {dagbag.py:538} INFO - Filling up the DagBag from /opt/airflow/dags/etl_dag.py
[2025-11-13T10:00:45.371+0000] {processor.py:840} INFO - DAG(s) 'simple_etl_lineage' retrieved from /opt/airflow/dags/etl_dag.py
[2025-11-13T10:00:45.770+0000] {logging_mixin.py:188} INFO - [2025-11-13T10:00:45.770+0000] {dag.py:3036} INFO - Sync 1 DAGs
[2025-11-13T10:00:45.890+0000] {logging_mixin.py:188} INFO - [2025-11-13T10:00:45.890+0000] {dag.py:3823} INFO - Setting next_dagrun for simple_etl_lineage to None, run_after=None
[2025-11-13T10:00:45.971+0000] {processor.py:183} INFO - Processing /opt/airflow/dags/etl_dag.py took 0.808 seconds
[2025-11-13T10:01:16.719+0000] {processor.py:161} INFO - Started process (PID=12633) to work on /opt/airflow/dags/etl_dag.py
[2025-11-13T10:01:16.720+0000] {processor.py:830} INFO - Processing file /opt/airflow/dags/etl_dag.py for tasks to queue
[2025-11-13T10:01:16.721+0000] {logging_mixin.py:188} INFO - [2025-11-13T10:01:16.720+0000] {dagbag.py:538} INFO - Filling up the DagBag from /opt/airflow/dags/etl_dag.py
[2025-11-13T10:01:16.733+0000] {processor.py:840} INFO - DAG(s) 'simple_etl_lineage' retrieved from /opt/airflow/dags/etl_dag.py
[2025-11-13T10:01:16.765+0000] {logging_mixin.py:188} INFO - [2025-11-13T10:01:16.764+0000] {dag.py:3036} INFO - Sync 1 DAGs
[2025-11-13T10:01:16.775+0000] {logging_mixin.py:188} INFO - [2025-11-13T10:01:16.775+0000] {dag.py:3823} INFO - Setting next_dagrun for simple_etl_lineage to None, run_after=None
[2025-11-13T10:01:16.800+0000] {processor.py:183} INFO - Processing /opt/airflow/dags/etl_dag.py took 0.085 seconds
[2025-11-13T10:01:47.452+0000] {processor.py:161} INFO - Started process (PID=12648) to work on /opt/airflow/dags/etl_dag.py
[2025-11-13T10:01:47.453+0000] {processor.py:830} INFO - Processing file /opt/airflow/dags/etl_dag.py for tasks to queue
[2025-11-13T10:01:47.456+0000] {logging_mixin.py:188} INFO - [2025-11-13T10:01:47.455+0000] {dagbag.py:538} INFO - Filling up the DagBag from /opt/airflow/dags/etl_dag.py
[2025-11-13T10:01:47.477+0000] {processor.py:840} INFO - DAG(s) 'simple_etl_lineage' retrieved from /opt/airflow/dags/etl_dag.py
[2025-11-13T10:01:47.510+0000] {logging_mixin.py:188} INFO - [2025-11-13T10:01:47.510+0000] {dag.py:3036} INFO - Sync 1 DAGs
[2025-11-13T10:01:47.522+0000] {logging_mixin.py:188} INFO - [2025-11-13T10:01:47.521+0000] {dag.py:3823} INFO - Setting next_dagrun for simple_etl_lineage to None, run_after=None
[2025-11-13T10:01:47.544+0000] {processor.py:183} INFO - Processing /opt/airflow/dags/etl_dag.py took 0.096 seconds
[2025-11-13T10:02:18.262+0000] {processor.py:161} INFO - Started process (PID=12663) to work on /opt/airflow/dags/etl_dag.py
[2025-11-13T10:02:18.264+0000] {processor.py:830} INFO - Processing file /opt/airflow/dags/etl_dag.py for tasks to queue
[2025-11-13T10:02:18.265+0000] {logging_mixin.py:188} INFO - [2025-11-13T10:02:18.264+0000] {dagbag.py:538} INFO - Filling up the DagBag from /opt/airflow/dags/etl_dag.py
[2025-11-13T10:02:18.280+0000] {processor.py:840} INFO - DAG(s) 'simple_etl_lineage' retrieved from /opt/airflow/dags/etl_dag.py
[2025-11-13T10:02:18.309+0000] {logging_mixin.py:188} INFO - [2025-11-13T10:02:18.308+0000] {dag.py:3036} INFO - Sync 1 DAGs
[2025-11-13T10:02:18.320+0000] {logging_mixin.py:188} INFO - [2025-11-13T10:02:18.320+0000] {dag.py:3823} INFO - Setting next_dagrun for simple_etl_lineage to None, run_after=None
[2025-11-13T10:02:18.354+0000] {processor.py:183} INFO - Processing /opt/airflow/dags/etl_dag.py took 0.094 seconds
[2025-11-13T10:02:49.057+0000] {processor.py:161} INFO - Started process (PID=12678) to work on /opt/airflow/dags/etl_dag.py
[2025-11-13T10:02:49.058+0000] {processor.py:830} INFO - Processing file /opt/airflow/dags/etl_dag.py for tasks to queue
[2025-11-13T10:02:49.061+0000] {logging_mixin.py:188} INFO - [2025-11-13T10:02:49.060+0000] {dagbag.py:538} INFO - Filling up the DagBag from /opt/airflow/dags/etl_dag.py
[2025-11-13T10:02:49.106+0000] {processor.py:840} INFO - DAG(s) 'simple_etl_lineage' retrieved from /opt/airflow/dags/etl_dag.py
[2025-11-13T10:02:49.132+0000] {logging_mixin.py:188} INFO - [2025-11-13T10:02:49.131+0000] {dag.py:3036} INFO - Sync 1 DAGs
[2025-11-13T10:02:49.142+0000] {logging_mixin.py:188} INFO - [2025-11-13T10:02:49.141+0000] {dag.py:3823} INFO - Setting next_dagrun for simple_etl_lineage to None, run_after=None
[2025-11-13T10:02:49.158+0000] {processor.py:183} INFO - Processing /opt/airflow/dags/etl_dag.py took 0.105 seconds
[2025-11-13T10:03:19.573+0000] {processor.py:161} INFO - Started process (PID=12693) to work on /opt/airflow/dags/etl_dag.py
[2025-11-13T10:03:19.575+0000] {processor.py:830} INFO - Processing file /opt/airflow/dags/etl_dag.py for tasks to queue
[2025-11-13T10:03:19.578+0000] {logging_mixin.py:188} INFO - [2025-11-13T10:03:19.576+0000] {dagbag.py:538} INFO - Filling up the DagBag from /opt/airflow/dags/etl_dag.py
[2025-11-13T10:03:19.604+0000] {processor.py:840} INFO - DAG(s) 'simple_etl_lineage' retrieved from /opt/airflow/dags/etl_dag.py
[2025-11-13T10:03:19.666+0000] {logging_mixin.py:188} INFO - [2025-11-13T10:03:19.665+0000] {dag.py:3036} INFO - Sync 1 DAGs
[2025-11-13T10:03:19.687+0000] {logging_mixin.py:188} INFO - [2025-11-13T10:03:19.678+0000] {dag.py:3823} INFO - Setting next_dagrun for simple_etl_lineage to None, run_after=None
[2025-11-13T10:03:19.745+0000] {processor.py:183} INFO - Processing /opt/airflow/dags/etl_dag.py took 0.175 seconds
[2025-11-13T10:03:51.085+0000] {processor.py:161} INFO - Started process (PID=12708) to work on /opt/airflow/dags/etl_dag.py
[2025-11-13T10:03:51.097+0000] {processor.py:830} INFO - Processing file /opt/airflow/dags/etl_dag.py for tasks to queue
[2025-11-13T10:03:51.112+0000] {logging_mixin.py:188} INFO - [2025-11-13T10:03:51.111+0000] {dagbag.py:538} INFO - Filling up the DagBag from /opt/airflow/dags/etl_dag.py
[2025-11-13T10:03:53.104+0000] {processor.py:840} INFO - DAG(s) 'simple_etl_lineage' retrieved from /opt/airflow/dags/etl_dag.py
[2025-11-13T10:03:54.408+0000] {logging_mixin.py:188} INFO - [2025-11-13T10:03:54.408+0000] {dag.py:3036} INFO - Sync 1 DAGs
[2025-11-13T10:03:55.214+0000] {logging_mixin.py:188} INFO - [2025-11-13T10:03:55.214+0000] {dag.py:3823} INFO - Setting next_dagrun for simple_etl_lineage to None, run_after=None
[2025-11-13T10:03:56.280+0000] {processor.py:183} INFO - Processing /opt/airflow/dags/etl_dag.py took 5.203 seconds
[2025-11-13T10:04:27.364+0000] {processor.py:161} INFO - Started process (PID=12723) to work on /opt/airflow/dags/etl_dag.py
[2025-11-13T10:04:27.431+0000] {processor.py:830} INFO - Processing file /opt/airflow/dags/etl_dag.py for tasks to queue
[2025-11-13T10:04:27.453+0000] {logging_mixin.py:188} INFO - [2025-11-13T10:04:27.453+0000] {dagbag.py:538} INFO - Filling up the DagBag from /opt/airflow/dags/etl_dag.py
[2025-11-13T10:04:28.063+0000] {processor.py:840} INFO - DAG(s) 'simple_etl_lineage' retrieved from /opt/airflow/dags/etl_dag.py
[2025-11-13T10:04:28.538+0000] {logging_mixin.py:188} INFO - [2025-11-13T10:04:28.537+0000] {dag.py:3036} INFO - Sync 1 DAGs
[2025-11-13T10:04:28.604+0000] {logging_mixin.py:188} INFO - [2025-11-13T10:04:28.603+0000] {dag.py:3823} INFO - Setting next_dagrun for simple_etl_lineage to None, run_after=None
[2025-11-13T10:04:28.714+0000] {processor.py:183} INFO - Processing /opt/airflow/dags/etl_dag.py took 1.359 seconds
[2025-11-13T10:04:59.273+0000] {processor.py:161} INFO - Started process (PID=12738) to work on /opt/airflow/dags/etl_dag.py
[2025-11-13T10:04:59.275+0000] {processor.py:830} INFO - Processing file /opt/airflow/dags/etl_dag.py for tasks to queue
[2025-11-13T10:04:59.292+0000] {logging_mixin.py:188} INFO - [2025-11-13T10:04:59.276+0000] {dagbag.py:538} INFO - Filling up the DagBag from /opt/airflow/dags/etl_dag.py
[2025-11-13T10:04:59.357+0000] {processor.py:840} INFO - DAG(s) 'simple_etl_lineage' retrieved from /opt/airflow/dags/etl_dag.py
[2025-11-13T10:04:59.476+0000] {logging_mixin.py:188} INFO - [2025-11-13T10:04:59.473+0000] {dag.py:3036} INFO - Sync 1 DAGs
[2025-11-13T10:04:59.516+0000] {logging_mixin.py:188} INFO - [2025-11-13T10:04:59.516+0000] {dag.py:3823} INFO - Setting next_dagrun for simple_etl_lineage to None, run_after=None
[2025-11-13T10:04:59.629+0000] {processor.py:183} INFO - Processing /opt/airflow/dags/etl_dag.py took 0.371 seconds
[2025-11-13T10:05:30.137+0000] {processor.py:161} INFO - Started process (PID=12753) to work on /opt/airflow/dags/etl_dag.py
[2025-11-13T10:05:30.155+0000] {processor.py:830} INFO - Processing file /opt/airflow/dags/etl_dag.py for tasks to queue
[2025-11-13T10:05:30.161+0000] {logging_mixin.py:188} INFO - [2025-11-13T10:05:30.158+0000] {dagbag.py:538} INFO - Filling up the DagBag from /opt/airflow/dags/etl_dag.py
[2025-11-13T10:05:30.336+0000] {processor.py:840} INFO - DAG(s) 'simple_etl_lineage' retrieved from /opt/airflow/dags/etl_dag.py
[2025-11-13T10:05:30.499+0000] {logging_mixin.py:188} INFO - [2025-11-13T10:05:30.498+0000] {dag.py:3036} INFO - Sync 1 DAGs
[2025-11-13T10:05:30.557+0000] {logging_mixin.py:188} INFO - [2025-11-13T10:05:30.553+0000] {dag.py:3823} INFO - Setting next_dagrun for simple_etl_lineage to None, run_after=None
[2025-11-13T10:05:30.672+0000] {processor.py:183} INFO - Processing /opt/airflow/dags/etl_dag.py took 0.542 seconds
[2025-11-13T10:06:01.510+0000] {processor.py:161} INFO - Started process (PID=12768) to work on /opt/airflow/dags/etl_dag.py
[2025-11-13T10:06:01.520+0000] {processor.py:830} INFO - Processing file /opt/airflow/dags/etl_dag.py for tasks to queue
[2025-11-13T10:06:01.523+0000] {logging_mixin.py:188} INFO - [2025-11-13T10:06:01.522+0000] {dagbag.py:538} INFO - Filling up the DagBag from /opt/airflow/dags/etl_dag.py
[2025-11-13T10:06:01.566+0000] {processor.py:840} INFO - DAG(s) 'simple_etl_lineage' retrieved from /opt/airflow/dags/etl_dag.py
[2025-11-13T10:06:01.747+0000] {logging_mixin.py:188} INFO - [2025-11-13T10:06:01.747+0000] {dag.py:3036} INFO - Sync 1 DAGs
[2025-11-13T10:06:01.796+0000] {logging_mixin.py:188} INFO - [2025-11-13T10:06:01.796+0000] {dag.py:3823} INFO - Setting next_dagrun for simple_etl_lineage to None, run_after=None
[2025-11-13T10:06:01.880+0000] {processor.py:183} INFO - Processing /opt/airflow/dags/etl_dag.py took 0.378 seconds
[2025-11-13T10:06:32.577+0000] {processor.py:161} INFO - Started process (PID=12783) to work on /opt/airflow/dags/etl_dag.py
[2025-11-13T10:06:32.581+0000] {processor.py:830} INFO - Processing file /opt/airflow/dags/etl_dag.py for tasks to queue
[2025-11-13T10:06:32.586+0000] {logging_mixin.py:188} INFO - [2025-11-13T10:06:32.584+0000] {dagbag.py:538} INFO - Filling up the DagBag from /opt/airflow/dags/etl_dag.py
[2025-11-13T10:06:32.663+0000] {processor.py:840} INFO - DAG(s) 'simple_etl_lineage' retrieved from /opt/airflow/dags/etl_dag.py
[2025-11-13T10:06:32.917+0000] {logging_mixin.py:188} INFO - [2025-11-13T10:06:32.916+0000] {dag.py:3036} INFO - Sync 1 DAGs
[2025-11-13T10:06:32.962+0000] {logging_mixin.py:188} INFO - [2025-11-13T10:06:32.961+0000] {dag.py:3823} INFO - Setting next_dagrun for simple_etl_lineage to None, run_after=None
[2025-11-13T10:06:33.040+0000] {processor.py:183} INFO - Processing /opt/airflow/dags/etl_dag.py took 0.480 seconds
[2025-11-13T10:07:03.665+0000] {processor.py:161} INFO - Started process (PID=12798) to work on /opt/airflow/dags/etl_dag.py
[2025-11-13T10:07:03.667+0000] {processor.py:830} INFO - Processing file /opt/airflow/dags/etl_dag.py for tasks to queue
[2025-11-13T10:07:03.669+0000] {logging_mixin.py:188} INFO - [2025-11-13T10:07:03.668+0000] {dagbag.py:538} INFO - Filling up the DagBag from /opt/airflow/dags/etl_dag.py
[2025-11-13T10:07:03.760+0000] {processor.py:840} INFO - DAG(s) 'simple_etl_lineage' retrieved from /opt/airflow/dags/etl_dag.py
[2025-11-13T10:07:03.812+0000] {logging_mixin.py:188} INFO - [2025-11-13T10:07:03.811+0000] {dag.py:3036} INFO - Sync 1 DAGs
[2025-11-13T10:07:03.848+0000] {logging_mixin.py:188} INFO - [2025-11-13T10:07:03.841+0000] {dag.py:3823} INFO - Setting next_dagrun for simple_etl_lineage to None, run_after=None
[2025-11-13T10:07:03.928+0000] {processor.py:183} INFO - Processing /opt/airflow/dags/etl_dag.py took 0.269 seconds
[2025-11-13T10:07:34.256+0000] {processor.py:161} INFO - Started process (PID=12813) to work on /opt/airflow/dags/etl_dag.py
[2025-11-13T10:07:34.258+0000] {processor.py:830} INFO - Processing file /opt/airflow/dags/etl_dag.py for tasks to queue
[2025-11-13T10:07:34.260+0000] {logging_mixin.py:188} INFO - [2025-11-13T10:07:34.259+0000] {dagbag.py:538} INFO - Filling up the DagBag from /opt/airflow/dags/etl_dag.py
[2025-11-13T10:07:34.277+0000] {processor.py:840} INFO - DAG(s) 'simple_etl_lineage' retrieved from /opt/airflow/dags/etl_dag.py
[2025-11-13T10:07:34.307+0000] {logging_mixin.py:188} INFO - [2025-11-13T10:07:34.306+0000] {dag.py:3036} INFO - Sync 1 DAGs
[2025-11-13T10:07:34.317+0000] {logging_mixin.py:188} INFO - [2025-11-13T10:07:34.317+0000] {dag.py:3823} INFO - Setting next_dagrun for simple_etl_lineage to None, run_after=None
[2025-11-13T10:07:34.342+0000] {processor.py:183} INFO - Processing /opt/airflow/dags/etl_dag.py took 0.089 seconds
[2025-11-13T10:08:04.877+0000] {processor.py:161} INFO - Started process (PID=12828) to work on /opt/airflow/dags/etl_dag.py
[2025-11-13T10:08:04.879+0000] {processor.py:830} INFO - Processing file /opt/airflow/dags/etl_dag.py for tasks to queue
[2025-11-13T10:08:04.884+0000] {logging_mixin.py:188} INFO - [2025-11-13T10:08:04.881+0000] {dagbag.py:538} INFO - Filling up the DagBag from /opt/airflow/dags/etl_dag.py
[2025-11-13T10:08:04.935+0000] {processor.py:840} INFO - DAG(s) 'simple_etl_lineage' retrieved from /opt/airflow/dags/etl_dag.py
[2025-11-13T10:08:04.977+0000] {logging_mixin.py:188} INFO - [2025-11-13T10:08:04.976+0000] {dag.py:3036} INFO - Sync 1 DAGs
[2025-11-13T10:08:04.993+0000] {logging_mixin.py:188} INFO - [2025-11-13T10:08:04.993+0000] {dag.py:3823} INFO - Setting next_dagrun for simple_etl_lineage to None, run_after=None
[2025-11-13T10:08:05.035+0000] {processor.py:183} INFO - Processing /opt/airflow/dags/etl_dag.py took 0.164 seconds
[2025-11-13T10:08:35.707+0000] {processor.py:161} INFO - Started process (PID=12843) to work on /opt/airflow/dags/etl_dag.py
[2025-11-13T10:08:35.709+0000] {processor.py:830} INFO - Processing file /opt/airflow/dags/etl_dag.py for tasks to queue
[2025-11-13T10:08:35.713+0000] {logging_mixin.py:188} INFO - [2025-11-13T10:08:35.712+0000] {dagbag.py:538} INFO - Filling up the DagBag from /opt/airflow/dags/etl_dag.py
[2025-11-13T10:08:35.762+0000] {processor.py:840} INFO - DAG(s) 'simple_etl_lineage' retrieved from /opt/airflow/dags/etl_dag.py
[2025-11-13T10:08:35.826+0000] {logging_mixin.py:188} INFO - [2025-11-13T10:08:35.826+0000] {dag.py:3036} INFO - Sync 1 DAGs
[2025-11-13T10:08:35.859+0000] {logging_mixin.py:188} INFO - [2025-11-13T10:08:35.859+0000] {dag.py:3823} INFO - Setting next_dagrun for simple_etl_lineage to None, run_after=None
[2025-11-13T10:08:35.928+0000] {processor.py:183} INFO - Processing /opt/airflow/dags/etl_dag.py took 0.226 seconds
[2025-11-13T10:09:07.131+0000] {processor.py:161} INFO - Started process (PID=12858) to work on /opt/airflow/dags/etl_dag.py
[2025-11-13T10:09:07.135+0000] {processor.py:830} INFO - Processing file /opt/airflow/dags/etl_dag.py for tasks to queue
[2025-11-13T10:09:07.142+0000] {logging_mixin.py:188} INFO - [2025-11-13T10:09:07.141+0000] {dagbag.py:538} INFO - Filling up the DagBag from /opt/airflow/dags/etl_dag.py
[2025-11-13T10:09:07.196+0000] {processor.py:840} INFO - DAG(s) 'simple_etl_lineage' retrieved from /opt/airflow/dags/etl_dag.py
[2025-11-13T10:09:07.279+0000] {logging_mixin.py:188} INFO - [2025-11-13T10:09:07.267+0000] {dag.py:3036} INFO - Sync 1 DAGs
[2025-11-13T10:09:07.316+0000] {logging_mixin.py:188} INFO - [2025-11-13T10:09:07.316+0000] {dag.py:3823} INFO - Setting next_dagrun for simple_etl_lineage to None, run_after=None
[2025-11-13T10:09:07.350+0000] {processor.py:183} INFO - Processing /opt/airflow/dags/etl_dag.py took 0.225 seconds
[2025-11-13T10:09:37.721+0000] {processor.py:161} INFO - Started process (PID=12873) to work on /opt/airflow/dags/etl_dag.py
[2025-11-13T10:09:37.723+0000] {processor.py:830} INFO - Processing file /opt/airflow/dags/etl_dag.py for tasks to queue
[2025-11-13T10:09:37.725+0000] {logging_mixin.py:188} INFO - [2025-11-13T10:09:37.724+0000] {dagbag.py:538} INFO - Filling up the DagBag from /opt/airflow/dags/etl_dag.py
[2025-11-13T10:09:37.740+0000] {processor.py:840} INFO - DAG(s) 'simple_etl_lineage' retrieved from /opt/airflow/dags/etl_dag.py
[2025-11-13T10:09:37.788+0000] {logging_mixin.py:188} INFO - [2025-11-13T10:09:37.788+0000] {dag.py:3036} INFO - Sync 1 DAGs
[2025-11-13T10:09:37.806+0000] {logging_mixin.py:188} INFO - [2025-11-13T10:09:37.806+0000] {dag.py:3823} INFO - Setting next_dagrun for simple_etl_lineage to None, run_after=None
[2025-11-13T10:09:37.830+0000] {processor.py:183} INFO - Processing /opt/airflow/dags/etl_dag.py took 0.113 seconds
[2025-11-13T10:10:08.202+0000] {processor.py:161} INFO - Started process (PID=12888) to work on /opt/airflow/dags/etl_dag.py
[2025-11-13T10:10:08.205+0000] {processor.py:830} INFO - Processing file /opt/airflow/dags/etl_dag.py for tasks to queue
[2025-11-13T10:10:08.207+0000] {logging_mixin.py:188} INFO - [2025-11-13T10:10:08.206+0000] {dagbag.py:538} INFO - Filling up the DagBag from /opt/airflow/dags/etl_dag.py
[2025-11-13T10:10:08.222+0000] {processor.py:840} INFO - DAG(s) 'simple_etl_lineage' retrieved from /opt/airflow/dags/etl_dag.py
[2025-11-13T10:10:08.274+0000] {logging_mixin.py:188} INFO - [2025-11-13T10:10:08.274+0000] {dag.py:3036} INFO - Sync 1 DAGs
[2025-11-13T10:10:08.292+0000] {logging_mixin.py:188} INFO - [2025-11-13T10:10:08.292+0000] {dag.py:3823} INFO - Setting next_dagrun for simple_etl_lineage to None, run_after=None
[2025-11-13T10:10:08.317+0000] {processor.py:183} INFO - Processing /opt/airflow/dags/etl_dag.py took 0.119 seconds
[2025-11-13T10:10:38.741+0000] {processor.py:161} INFO - Started process (PID=12903) to work on /opt/airflow/dags/etl_dag.py
[2025-11-13T10:10:38.743+0000] {processor.py:830} INFO - Processing file /opt/airflow/dags/etl_dag.py for tasks to queue
[2025-11-13T10:10:38.745+0000] {logging_mixin.py:188} INFO - [2025-11-13T10:10:38.744+0000] {dagbag.py:538} INFO - Filling up the DagBag from /opt/airflow/dags/etl_dag.py
[2025-11-13T10:10:38.762+0000] {processor.py:840} INFO - DAG(s) 'simple_etl_lineage' retrieved from /opt/airflow/dags/etl_dag.py
[2025-11-13T10:10:38.807+0000] {logging_mixin.py:188} INFO - [2025-11-13T10:10:38.807+0000] {dag.py:3036} INFO - Sync 1 DAGs
[2025-11-13T10:10:38.839+0000] {logging_mixin.py:188} INFO - [2025-11-13T10:10:38.839+0000] {dag.py:3823} INFO - Setting next_dagrun for simple_etl_lineage to None, run_after=None
[2025-11-13T10:10:38.856+0000] {processor.py:183} INFO - Processing /opt/airflow/dags/etl_dag.py took 0.119 seconds
[2025-11-13T10:11:09.281+0000] {processor.py:161} INFO - Started process (PID=12918) to work on /opt/airflow/dags/etl_dag.py
[2025-11-13T10:11:09.283+0000] {processor.py:830} INFO - Processing file /opt/airflow/dags/etl_dag.py for tasks to queue
[2025-11-13T10:11:09.284+0000] {logging_mixin.py:188} INFO - [2025-11-13T10:11:09.284+0000] {dagbag.py:538} INFO - Filling up the DagBag from /opt/airflow/dags/etl_dag.py
[2025-11-13T10:11:09.302+0000] {processor.py:840} INFO - DAG(s) 'simple_etl_lineage' retrieved from /opt/airflow/dags/etl_dag.py
[2025-11-13T10:11:09.330+0000] {logging_mixin.py:188} INFO - [2025-11-13T10:11:09.330+0000] {dag.py:3036} INFO - Sync 1 DAGs
[2025-11-13T10:11:09.341+0000] {logging_mixin.py:188} INFO - [2025-11-13T10:11:09.341+0000] {dag.py:3823} INFO - Setting next_dagrun for simple_etl_lineage to None, run_after=None
[2025-11-13T10:11:09.361+0000] {processor.py:183} INFO - Processing /opt/airflow/dags/etl_dag.py took 0.083 seconds
[2025-11-13T10:11:39.762+0000] {processor.py:161} INFO - Started process (PID=12933) to work on /opt/airflow/dags/etl_dag.py
[2025-11-13T10:11:39.767+0000] {processor.py:830} INFO - Processing file /opt/airflow/dags/etl_dag.py for tasks to queue
[2025-11-13T10:11:39.773+0000] {logging_mixin.py:188} INFO - [2025-11-13T10:11:39.772+0000] {dagbag.py:538} INFO - Filling up the DagBag from /opt/airflow/dags/etl_dag.py
[2025-11-13T10:11:39.797+0000] {processor.py:840} INFO - DAG(s) 'simple_etl_lineage' retrieved from /opt/airflow/dags/etl_dag.py
[2025-11-13T10:11:39.855+0000] {logging_mixin.py:188} INFO - [2025-11-13T10:11:39.854+0000] {dag.py:3036} INFO - Sync 1 DAGs
[2025-11-13T10:11:39.874+0000] {logging_mixin.py:188} INFO - [2025-11-13T10:11:39.874+0000] {dag.py:3823} INFO - Setting next_dagrun for simple_etl_lineage to None, run_after=None
[2025-11-13T10:11:39.911+0000] {processor.py:183} INFO - Processing /opt/airflow/dags/etl_dag.py took 0.155 seconds
[2025-11-13T10:12:10.757+0000] {processor.py:161} INFO - Started process (PID=12948) to work on /opt/airflow/dags/etl_dag.py
[2025-11-13T10:12:10.758+0000] {processor.py:830} INFO - Processing file /opt/airflow/dags/etl_dag.py for tasks to queue
[2025-11-13T10:12:10.760+0000] {logging_mixin.py:188} INFO - [2025-11-13T10:12:10.759+0000] {dagbag.py:538} INFO - Filling up the DagBag from /opt/airflow/dags/etl_dag.py
[2025-11-13T10:12:10.791+0000] {processor.py:840} INFO - DAG(s) 'simple_etl_lineage' retrieved from /opt/airflow/dags/etl_dag.py
[2025-11-13T10:12:10.832+0000] {logging_mixin.py:188} INFO - [2025-11-13T10:12:10.831+0000] {dag.py:3036} INFO - Sync 1 DAGs
[2025-11-13T10:12:10.854+0000] {logging_mixin.py:188} INFO - [2025-11-13T10:12:10.854+0000] {dag.py:3823} INFO - Setting next_dagrun for simple_etl_lineage to None, run_after=None
[2025-11-13T10:12:10.887+0000] {processor.py:183} INFO - Processing /opt/airflow/dags/etl_dag.py took 0.135 seconds
[2025-11-13T10:12:41.259+0000] {processor.py:161} INFO - Started process (PID=12963) to work on /opt/airflow/dags/etl_dag.py
[2025-11-13T10:12:41.262+0000] {processor.py:830} INFO - Processing file /opt/airflow/dags/etl_dag.py for tasks to queue
[2025-11-13T10:12:41.264+0000] {logging_mixin.py:188} INFO - [2025-11-13T10:12:41.263+0000] {dagbag.py:538} INFO - Filling up the DagBag from /opt/airflow/dags/etl_dag.py
[2025-11-13T10:12:41.292+0000] {processor.py:840} INFO - DAG(s) 'simple_etl_lineage' retrieved from /opt/airflow/dags/etl_dag.py
[2025-11-13T10:12:41.336+0000] {logging_mixin.py:188} INFO - [2025-11-13T10:12:41.336+0000] {dag.py:3036} INFO - Sync 1 DAGs
[2025-11-13T10:12:41.353+0000] {logging_mixin.py:188} INFO - [2025-11-13T10:12:41.352+0000] {dag.py:3823} INFO - Setting next_dagrun for simple_etl_lineage to None, run_after=None
[2025-11-13T10:12:41.380+0000] {processor.py:183} INFO - Processing /opt/airflow/dags/etl_dag.py took 0.125 seconds
[2025-11-13T10:13:11.806+0000] {processor.py:161} INFO - Started process (PID=12978) to work on /opt/airflow/dags/etl_dag.py
[2025-11-13T10:13:11.807+0000] {processor.py:830} INFO - Processing file /opt/airflow/dags/etl_dag.py for tasks to queue
[2025-11-13T10:13:11.809+0000] {logging_mixin.py:188} INFO - [2025-11-13T10:13:11.808+0000] {dagbag.py:538} INFO - Filling up the DagBag from /opt/airflow/dags/etl_dag.py
[2025-11-13T10:13:11.827+0000] {processor.py:840} INFO - DAG(s) 'simple_etl_lineage' retrieved from /opt/airflow/dags/etl_dag.py
[2025-11-13T10:13:11.862+0000] {logging_mixin.py:188} INFO - [2025-11-13T10:13:11.862+0000] {dag.py:3036} INFO - Sync 1 DAGs
[2025-11-13T10:13:11.875+0000] {logging_mixin.py:188} INFO - [2025-11-13T10:13:11.875+0000] {dag.py:3823} INFO - Setting next_dagrun for simple_etl_lineage to None, run_after=None
[2025-11-13T10:13:11.898+0000] {processor.py:183} INFO - Processing /opt/airflow/dags/etl_dag.py took 0.096 seconds
[2025-11-13T10:13:42.376+0000] {processor.py:161} INFO - Started process (PID=12993) to work on /opt/airflow/dags/etl_dag.py
[2025-11-13T10:13:42.377+0000] {processor.py:830} INFO - Processing file /opt/airflow/dags/etl_dag.py for tasks to queue
[2025-11-13T10:13:42.380+0000] {logging_mixin.py:188} INFO - [2025-11-13T10:13:42.379+0000] {dagbag.py:538} INFO - Filling up the DagBag from /opt/airflow/dags/etl_dag.py
[2025-11-13T10:13:42.439+0000] {processor.py:840} INFO - DAG(s) 'simple_etl_lineage' retrieved from /opt/airflow/dags/etl_dag.py
[2025-11-13T10:13:42.525+0000] {logging_mixin.py:188} INFO - [2025-11-13T10:13:42.524+0000] {dag.py:3036} INFO - Sync 1 DAGs
[2025-11-13T10:13:42.547+0000] {logging_mixin.py:188} INFO - [2025-11-13T10:13:42.547+0000] {dag.py:3823} INFO - Setting next_dagrun for simple_etl_lineage to None, run_after=None
[2025-11-13T10:13:42.577+0000] {processor.py:183} INFO - Processing /opt/airflow/dags/etl_dag.py took 0.205 seconds
[2025-11-13T10:14:12.964+0000] {processor.py:161} INFO - Started process (PID=13008) to work on /opt/airflow/dags/etl_dag.py
[2025-11-13T10:14:12.965+0000] {processor.py:830} INFO - Processing file /opt/airflow/dags/etl_dag.py for tasks to queue
[2025-11-13T10:14:12.976+0000] {logging_mixin.py:188} INFO - [2025-11-13T10:14:12.972+0000] {dagbag.py:538} INFO - Filling up the DagBag from /opt/airflow/dags/etl_dag.py
[2025-11-13T10:14:13.016+0000] {processor.py:840} INFO - DAG(s) 'simple_etl_lineage' retrieved from /opt/airflow/dags/etl_dag.py
[2025-11-13T10:14:13.056+0000] {logging_mixin.py:188} INFO - [2025-11-13T10:14:13.055+0000] {dag.py:3036} INFO - Sync 1 DAGs
[2025-11-13T10:14:13.070+0000] {logging_mixin.py:188} INFO - [2025-11-13T10:14:13.070+0000] {dag.py:3823} INFO - Setting next_dagrun for simple_etl_lineage to None, run_after=None
[2025-11-13T10:14:13.098+0000] {processor.py:183} INFO - Processing /opt/airflow/dags/etl_dag.py took 0.139 seconds
[2025-11-13T10:14:43.850+0000] {processor.py:161} INFO - Started process (PID=13023) to work on /opt/airflow/dags/etl_dag.py
[2025-11-13T10:14:43.861+0000] {processor.py:830} INFO - Processing file /opt/airflow/dags/etl_dag.py for tasks to queue
[2025-11-13T10:14:43.869+0000] {logging_mixin.py:188} INFO - [2025-11-13T10:14:43.868+0000] {dagbag.py:538} INFO - Filling up the DagBag from /opt/airflow/dags/etl_dag.py
[2025-11-13T10:14:43.956+0000] {processor.py:840} INFO - DAG(s) 'simple_etl_lineage' retrieved from /opt/airflow/dags/etl_dag.py
[2025-11-13T10:14:44.061+0000] {logging_mixin.py:188} INFO - [2025-11-13T10:14:44.061+0000] {dag.py:3036} INFO - Sync 1 DAGs
[2025-11-13T10:14:44.114+0000] {logging_mixin.py:188} INFO - [2025-11-13T10:14:44.113+0000] {dag.py:3823} INFO - Setting next_dagrun for simple_etl_lineage to None, run_after=None
[2025-11-13T10:14:44.266+0000] {processor.py:183} INFO - Processing /opt/airflow/dags/etl_dag.py took 0.420 seconds
[2025-11-13T10:15:15.386+0000] {processor.py:161} INFO - Started process (PID=13038) to work on /opt/airflow/dags/etl_dag.py
[2025-11-13T10:15:15.398+0000] {processor.py:830} INFO - Processing file /opt/airflow/dags/etl_dag.py for tasks to queue
[2025-11-13T10:15:15.427+0000] {logging_mixin.py:188} INFO - [2025-11-13T10:15:15.426+0000] {dagbag.py:538} INFO - Filling up the DagBag from /opt/airflow/dags/etl_dag.py
[2025-11-13T10:15:15.655+0000] {processor.py:840} INFO - DAG(s) 'simple_etl_lineage' retrieved from /opt/airflow/dags/etl_dag.py
[2025-11-13T10:15:15.728+0000] {logging_mixin.py:188} INFO - [2025-11-13T10:15:15.727+0000] {dag.py:3036} INFO - Sync 1 DAGs
[2025-11-13T10:15:15.757+0000] {logging_mixin.py:188} INFO - [2025-11-13T10:15:15.757+0000] {dag.py:3823} INFO - Setting next_dagrun for simple_etl_lineage to None, run_after=None
[2025-11-13T10:15:15.808+0000] {processor.py:183} INFO - Processing /opt/airflow/dags/etl_dag.py took 0.471 seconds
[2025-11-13T10:15:46.316+0000] {processor.py:161} INFO - Started process (PID=13053) to work on /opt/airflow/dags/etl_dag.py
[2025-11-13T10:15:46.368+0000] {processor.py:830} INFO - Processing file /opt/airflow/dags/etl_dag.py for tasks to queue
[2025-11-13T10:15:46.373+0000] {logging_mixin.py:188} INFO - [2025-11-13T10:15:46.371+0000] {dagbag.py:538} INFO - Filling up the DagBag from /opt/airflow/dags/etl_dag.py
[2025-11-13T10:15:46.567+0000] {processor.py:840} INFO - DAG(s) 'simple_etl_lineage' retrieved from /opt/airflow/dags/etl_dag.py
[2025-11-13T10:15:46.770+0000] {logging_mixin.py:188} INFO - [2025-11-13T10:15:46.769+0000] {dag.py:3036} INFO - Sync 1 DAGs
[2025-11-13T10:15:46.870+0000] {logging_mixin.py:188} INFO - [2025-11-13T10:15:46.869+0000] {dag.py:3823} INFO - Setting next_dagrun for simple_etl_lineage to None, run_after=None
[2025-11-13T10:15:46.941+0000] {processor.py:183} INFO - Processing /opt/airflow/dags/etl_dag.py took 0.633 seconds
[2025-11-13T10:16:17.601+0000] {processor.py:161} INFO - Started process (PID=13068) to work on /opt/airflow/dags/etl_dag.py
[2025-11-13T10:16:17.602+0000] {processor.py:830} INFO - Processing file /opt/airflow/dags/etl_dag.py for tasks to queue
[2025-11-13T10:16:17.603+0000] {logging_mixin.py:188} INFO - [2025-11-13T10:16:17.603+0000] {dagbag.py:538} INFO - Filling up the DagBag from /opt/airflow/dags/etl_dag.py
[2025-11-13T10:16:17.618+0000] {processor.py:840} INFO - DAG(s) 'simple_etl_lineage' retrieved from /opt/airflow/dags/etl_dag.py
[2025-11-13T10:16:17.648+0000] {logging_mixin.py:188} INFO - [2025-11-13T10:16:17.647+0000] {dag.py:3036} INFO - Sync 1 DAGs
[2025-11-13T10:16:17.658+0000] {logging_mixin.py:188} INFO - [2025-11-13T10:16:17.658+0000] {dag.py:3823} INFO - Setting next_dagrun for simple_etl_lineage to None, run_after=None
[2025-11-13T10:16:17.680+0000] {processor.py:183} INFO - Processing /opt/airflow/dags/etl_dag.py took 0.083 seconds
[2025-11-13T10:16:47.754+0000] {processor.py:161} INFO - Started process (PID=13083) to work on /opt/airflow/dags/etl_dag.py
[2025-11-13T10:16:47.756+0000] {processor.py:830} INFO - Processing file /opt/airflow/dags/etl_dag.py for tasks to queue
[2025-11-13T10:16:47.758+0000] {logging_mixin.py:188} INFO - [2025-11-13T10:16:47.758+0000] {dagbag.py:538} INFO - Filling up the DagBag from /opt/airflow/dags/etl_dag.py
[2025-11-13T10:16:47.782+0000] {processor.py:840} INFO - DAG(s) 'simple_etl_lineage' retrieved from /opt/airflow/dags/etl_dag.py
[2025-11-13T10:16:47.838+0000] {logging_mixin.py:188} INFO - [2025-11-13T10:16:47.838+0000] {dag.py:3036} INFO - Sync 1 DAGs
[2025-11-13T10:16:47.868+0000] {logging_mixin.py:188} INFO - [2025-11-13T10:16:47.867+0000] {dag.py:3823} INFO - Setting next_dagrun for simple_etl_lineage to None, run_after=None
[2025-11-13T10:16:47.903+0000] {processor.py:183} INFO - Processing /opt/airflow/dags/etl_dag.py took 0.154 seconds
[2025-11-13T10:17:18.628+0000] {processor.py:161} INFO - Started process (PID=13098) to work on /opt/airflow/dags/etl_dag.py
[2025-11-13T10:17:18.629+0000] {processor.py:830} INFO - Processing file /opt/airflow/dags/etl_dag.py for tasks to queue
[2025-11-13T10:17:18.635+0000] {logging_mixin.py:188} INFO - [2025-11-13T10:17:18.634+0000] {dagbag.py:538} INFO - Filling up the DagBag from /opt/airflow/dags/etl_dag.py
[2025-11-13T10:17:18.683+0000] {processor.py:840} INFO - DAG(s) 'simple_etl_lineage' retrieved from /opt/airflow/dags/etl_dag.py
[2025-11-13T10:17:18.746+0000] {logging_mixin.py:188} INFO - [2025-11-13T10:17:18.746+0000] {dag.py:3036} INFO - Sync 1 DAGs
[2025-11-13T10:17:18.769+0000] {logging_mixin.py:188} INFO - [2025-11-13T10:17:18.769+0000] {dag.py:3823} INFO - Setting next_dagrun for simple_etl_lineage to None, run_after=None
[2025-11-13T10:17:18.800+0000] {processor.py:183} INFO - Processing /opt/airflow/dags/etl_dag.py took 0.177 seconds
[2025-11-13T10:17:49.150+0000] {processor.py:161} INFO - Started process (PID=13113) to work on /opt/airflow/dags/etl_dag.py
[2025-11-13T10:17:49.151+0000] {processor.py:830} INFO - Processing file /opt/airflow/dags/etl_dag.py for tasks to queue
[2025-11-13T10:17:49.153+0000] {logging_mixin.py:188} INFO - [2025-11-13T10:17:49.152+0000] {dagbag.py:538} INFO - Filling up the DagBag from /opt/airflow/dags/etl_dag.py
[2025-11-13T10:17:49.167+0000] {processor.py:840} INFO - DAG(s) 'simple_etl_lineage' retrieved from /opt/airflow/dags/etl_dag.py
[2025-11-13T10:17:49.206+0000] {logging_mixin.py:188} INFO - [2025-11-13T10:17:49.206+0000] {dag.py:3036} INFO - Sync 1 DAGs
[2025-11-13T10:17:49.219+0000] {logging_mixin.py:188} INFO - [2025-11-13T10:17:49.219+0000] {dag.py:3823} INFO - Setting next_dagrun for simple_etl_lineage to None, run_after=None
[2025-11-13T10:17:49.256+0000] {processor.py:183} INFO - Processing /opt/airflow/dags/etl_dag.py took 0.109 seconds
[2025-11-13T10:18:19.723+0000] {processor.py:161} INFO - Started process (PID=13128) to work on /opt/airflow/dags/etl_dag.py
[2025-11-13T10:18:19.725+0000] {processor.py:830} INFO - Processing file /opt/airflow/dags/etl_dag.py for tasks to queue
[2025-11-13T10:18:19.726+0000] {logging_mixin.py:188} INFO - [2025-11-13T10:18:19.726+0000] {dagbag.py:538} INFO - Filling up the DagBag from /opt/airflow/dags/etl_dag.py
[2025-11-13T10:18:19.763+0000] {processor.py:840} INFO - DAG(s) 'simple_etl_lineage' retrieved from /opt/airflow/dags/etl_dag.py
[2025-11-13T10:18:19.815+0000] {logging_mixin.py:188} INFO - [2025-11-13T10:18:19.814+0000] {dag.py:3036} INFO - Sync 1 DAGs
[2025-11-13T10:18:19.839+0000] {logging_mixin.py:188} INFO - [2025-11-13T10:18:19.839+0000] {dag.py:3823} INFO - Setting next_dagrun for simple_etl_lineage to None, run_after=None
[2025-11-13T10:18:19.890+0000] {processor.py:183} INFO - Processing /opt/airflow/dags/etl_dag.py took 0.170 seconds
[2025-11-13T10:18:50.068+0000] {processor.py:161} INFO - Started process (PID=13143) to work on /opt/airflow/dags/etl_dag.py
[2025-11-13T10:18:50.073+0000] {processor.py:830} INFO - Processing file /opt/airflow/dags/etl_dag.py for tasks to queue
[2025-11-13T10:18:50.075+0000] {logging_mixin.py:188} INFO - [2025-11-13T10:18:50.075+0000] {dagbag.py:538} INFO - Filling up the DagBag from /opt/airflow/dags/etl_dag.py
[2025-11-13T10:18:50.091+0000] {processor.py:840} INFO - DAG(s) 'simple_etl_lineage' retrieved from /opt/airflow/dags/etl_dag.py
[2025-11-13T10:18:50.126+0000] {logging_mixin.py:188} INFO - [2025-11-13T10:18:50.126+0000] {dag.py:3036} INFO - Sync 1 DAGs
[2025-11-13T10:18:50.144+0000] {logging_mixin.py:188} INFO - [2025-11-13T10:18:50.144+0000] {dag.py:3823} INFO - Setting next_dagrun for simple_etl_lineage to None, run_after=None
[2025-11-13T10:18:50.175+0000] {processor.py:183} INFO - Processing /opt/airflow/dags/etl_dag.py took 0.112 seconds
[2025-11-13T10:19:20.883+0000] {processor.py:161} INFO - Started process (PID=13158) to work on /opt/airflow/dags/etl_dag.py
[2025-11-13T10:19:20.886+0000] {processor.py:830} INFO - Processing file /opt/airflow/dags/etl_dag.py for tasks to queue
[2025-11-13T10:19:20.892+0000] {logging_mixin.py:188} INFO - [2025-11-13T10:19:20.891+0000] {dagbag.py:538} INFO - Filling up the DagBag from /opt/airflow/dags/etl_dag.py
[2025-11-13T10:19:20.927+0000] {processor.py:840} INFO - DAG(s) 'simple_etl_lineage' retrieved from /opt/airflow/dags/etl_dag.py
[2025-11-13T10:19:21.003+0000] {logging_mixin.py:188} INFO - [2025-11-13T10:19:21.003+0000] {dag.py:3036} INFO - Sync 1 DAGs
[2025-11-13T10:19:21.047+0000] {logging_mixin.py:188} INFO - [2025-11-13T10:19:21.047+0000] {dag.py:3823} INFO - Setting next_dagrun for simple_etl_lineage to None, run_after=None
[2025-11-13T10:19:21.278+0000] {processor.py:183} INFO - Processing /opt/airflow/dags/etl_dag.py took 0.400 seconds
[2025-11-13T10:19:53.458+0000] {processor.py:161} INFO - Started process (PID=13173) to work on /opt/airflow/dags/etl_dag.py
[2025-11-13T10:19:53.469+0000] {processor.py:830} INFO - Processing file /opt/airflow/dags/etl_dag.py for tasks to queue
[2025-11-13T10:19:53.476+0000] {logging_mixin.py:188} INFO - [2025-11-13T10:19:53.475+0000] {dagbag.py:538} INFO - Filling up the DagBag from /opt/airflow/dags/etl_dag.py
[2025-11-13T10:19:53.681+0000] {processor.py:840} INFO - DAG(s) 'simple_etl_lineage' retrieved from /opt/airflow/dags/etl_dag.py
[2025-11-13T10:19:53.807+0000] {logging_mixin.py:188} INFO - [2025-11-13T10:19:53.807+0000] {dag.py:3036} INFO - Sync 1 DAGs
[2025-11-13T10:19:53.862+0000] {logging_mixin.py:188} INFO - [2025-11-13T10:19:53.862+0000] {dag.py:3823} INFO - Setting next_dagrun for simple_etl_lineage to None, run_after=None
[2025-11-13T10:19:53.954+0000] {processor.py:183} INFO - Processing /opt/airflow/dags/etl_dag.py took 0.502 seconds
[2025-11-13T10:20:26.500+0000] {processor.py:161} INFO - Started process (PID=13191) to work on /opt/airflow/dags/etl_dag.py
[2025-11-13T10:20:26.506+0000] {processor.py:830} INFO - Processing file /opt/airflow/dags/etl_dag.py for tasks to queue
[2025-11-13T10:20:26.514+0000] {logging_mixin.py:188} INFO - [2025-11-13T10:20:26.513+0000] {dagbag.py:538} INFO - Filling up the DagBag from /opt/airflow/dags/etl_dag.py
[2025-11-13T10:20:26.612+0000] {processor.py:840} INFO - DAG(s) 'simple_etl_lineage' retrieved from /opt/airflow/dags/etl_dag.py
[2025-11-13T10:20:26.737+0000] {logging_mixin.py:188} INFO - [2025-11-13T10:20:26.736+0000] {dag.py:3036} INFO - Sync 1 DAGs
[2025-11-13T10:20:26.798+0000] {logging_mixin.py:188} INFO - [2025-11-13T10:20:26.798+0000] {dag.py:3823} INFO - Setting next_dagrun for simple_etl_lineage to None, run_after=None
[2025-11-13T10:20:26.874+0000] {processor.py:183} INFO - Processing /opt/airflow/dags/etl_dag.py took 0.388 seconds
[2025-11-13T10:20:57.557+0000] {processor.py:161} INFO - Started process (PID=13205) to work on /opt/airflow/dags/etl_dag.py
[2025-11-13T10:20:57.561+0000] {processor.py:830} INFO - Processing file /opt/airflow/dags/etl_dag.py for tasks to queue
[2025-11-13T10:20:57.572+0000] {logging_mixin.py:188} INFO - [2025-11-13T10:20:57.566+0000] {dagbag.py:538} INFO - Filling up the DagBag from /opt/airflow/dags/etl_dag.py
[2025-11-13T10:20:57.697+0000] {processor.py:840} INFO - DAG(s) 'simple_etl_lineage' retrieved from /opt/airflow/dags/etl_dag.py
[2025-11-13T10:20:58.044+0000] {logging_mixin.py:188} INFO - [2025-11-13T10:20:58.044+0000] {dag.py:3036} INFO - Sync 1 DAGs
[2025-11-13T10:20:58.177+0000] {logging_mixin.py:188} INFO - [2025-11-13T10:20:58.177+0000] {dag.py:3823} INFO - Setting next_dagrun for simple_etl_lineage to None, run_after=None
[2025-11-13T10:20:58.261+0000] {processor.py:183} INFO - Processing /opt/airflow/dags/etl_dag.py took 0.758 seconds
[2025-11-13T10:21:29.035+0000] {processor.py:161} INFO - Started process (PID=13221) to work on /opt/airflow/dags/etl_dag.py
[2025-11-13T10:21:29.038+0000] {processor.py:830} INFO - Processing file /opt/airflow/dags/etl_dag.py for tasks to queue
[2025-11-13T10:21:29.040+0000] {logging_mixin.py:188} INFO - [2025-11-13T10:21:29.040+0000] {dagbag.py:538} INFO - Filling up the DagBag from /opt/airflow/dags/etl_dag.py
[2025-11-13T10:21:29.059+0000] {processor.py:840} INFO - DAG(s) 'simple_etl_lineage' retrieved from /opt/airflow/dags/etl_dag.py
[2025-11-13T10:21:29.095+0000] {logging_mixin.py:188} INFO - [2025-11-13T10:21:29.095+0000] {dag.py:3036} INFO - Sync 1 DAGs
[2025-11-13T10:21:29.107+0000] {logging_mixin.py:188} INFO - [2025-11-13T10:21:29.107+0000] {dag.py:3823} INFO - Setting next_dagrun for simple_etl_lineage to None, run_after=None
[2025-11-13T10:21:35.423+0000] {processor.py:183} INFO - Processing /opt/airflow/dags/etl_dag.py took 6.392 seconds
[2025-11-13T10:22:05.943+0000] {processor.py:161} INFO - Started process (PID=13243) to work on /opt/airflow/dags/etl_dag.py
[2025-11-13T10:22:05.944+0000] {processor.py:830} INFO - Processing file /opt/airflow/dags/etl_dag.py for tasks to queue
[2025-11-13T10:22:05.946+0000] {logging_mixin.py:188} INFO - [2025-11-13T10:22:05.945+0000] {dagbag.py:538} INFO - Filling up the DagBag from /opt/airflow/dags/etl_dag.py
[2025-11-13T10:22:05.972+0000] {processor.py:840} INFO - DAG(s) 'simple_etl_lineage' retrieved from /opt/airflow/dags/etl_dag.py
[2025-11-13T10:22:06.001+0000] {logging_mixin.py:188} INFO - [2025-11-13T10:22:06.001+0000] {dag.py:3036} INFO - Sync 1 DAGs
[2025-11-13T10:22:06.012+0000] {logging_mixin.py:188} INFO - [2025-11-13T10:22:06.012+0000] {dag.py:3823} INFO - Setting next_dagrun for simple_etl_lineage to None, run_after=None
[2025-11-13T10:22:06.038+0000] {processor.py:183} INFO - Processing /opt/airflow/dags/etl_dag.py took 0.099 seconds
[2025-11-13T10:22:36.978+0000] {processor.py:161} INFO - Started process (PID=13258) to work on /opt/airflow/dags/etl_dag.py
[2025-11-13T10:22:36.980+0000] {processor.py:830} INFO - Processing file /opt/airflow/dags/etl_dag.py for tasks to queue
[2025-11-13T10:22:36.981+0000] {logging_mixin.py:188} INFO - [2025-11-13T10:22:36.981+0000] {dagbag.py:538} INFO - Filling up the DagBag from /opt/airflow/dags/etl_dag.py
[2025-11-13T10:22:36.996+0000] {processor.py:840} INFO - DAG(s) 'simple_etl_lineage' retrieved from /opt/airflow/dags/etl_dag.py
[2025-11-13T10:22:37.024+0000] {logging_mixin.py:188} INFO - [2025-11-13T10:22:37.024+0000] {dag.py:3036} INFO - Sync 1 DAGs
[2025-11-13T10:22:37.034+0000] {logging_mixin.py:188} INFO - [2025-11-13T10:22:37.033+0000] {dag.py:3823} INFO - Setting next_dagrun for simple_etl_lineage to None, run_after=None
[2025-11-13T10:22:37.055+0000] {processor.py:183} INFO - Processing /opt/airflow/dags/etl_dag.py took 0.081 seconds
[2025-11-13T10:23:07.800+0000] {processor.py:161} INFO - Started process (PID=13273) to work on /opt/airflow/dags/etl_dag.py
[2025-11-13T10:23:07.802+0000] {processor.py:830} INFO - Processing file /opt/airflow/dags/etl_dag.py for tasks to queue
[2025-11-13T10:23:07.804+0000] {logging_mixin.py:188} INFO - [2025-11-13T10:23:07.803+0000] {dagbag.py:538} INFO - Filling up the DagBag from /opt/airflow/dags/etl_dag.py
[2025-11-13T10:23:07.851+0000] {processor.py:840} INFO - DAG(s) 'simple_etl_lineage' retrieved from /opt/airflow/dags/etl_dag.py
[2025-11-13T10:23:07.941+0000] {logging_mixin.py:188} INFO - [2025-11-13T10:23:07.941+0000] {dag.py:3036} INFO - Sync 1 DAGs
[2025-11-13T10:23:07.968+0000] {logging_mixin.py:188} INFO - [2025-11-13T10:23:07.967+0000] {dag.py:3823} INFO - Setting next_dagrun for simple_etl_lineage to None, run_after=None
[2025-11-13T10:23:08.026+0000] {processor.py:183} INFO - Processing /opt/airflow/dags/etl_dag.py took 0.231 seconds
[2025-11-13T10:23:38.670+0000] {processor.py:161} INFO - Started process (PID=13288) to work on /opt/airflow/dags/etl_dag.py
[2025-11-13T10:23:38.671+0000] {processor.py:830} INFO - Processing file /opt/airflow/dags/etl_dag.py for tasks to queue
[2025-11-13T10:23:38.672+0000] {logging_mixin.py:188} INFO - [2025-11-13T10:23:38.672+0000] {dagbag.py:538} INFO - Filling up the DagBag from /opt/airflow/dags/etl_dag.py
[2025-11-13T10:23:38.691+0000] {processor.py:840} INFO - DAG(s) 'simple_etl_lineage' retrieved from /opt/airflow/dags/etl_dag.py
[2025-11-13T10:23:38.738+0000] {logging_mixin.py:188} INFO - [2025-11-13T10:23:38.737+0000] {dag.py:3036} INFO - Sync 1 DAGs
[2025-11-13T10:23:38.754+0000] {logging_mixin.py:188} INFO - [2025-11-13T10:23:38.754+0000] {dag.py:3823} INFO - Setting next_dagrun for simple_etl_lineage to None, run_after=None
[2025-11-13T10:23:38.785+0000] {processor.py:183} INFO - Processing /opt/airflow/dags/etl_dag.py took 0.118 seconds
[2025-11-13T10:24:09.050+0000] {processor.py:161} INFO - Started process (PID=13303) to work on /opt/airflow/dags/etl_dag.py
[2025-11-13T10:24:09.053+0000] {processor.py:830} INFO - Processing file /opt/airflow/dags/etl_dag.py for tasks to queue
[2025-11-13T10:24:09.055+0000] {logging_mixin.py:188} INFO - [2025-11-13T10:24:09.054+0000] {dagbag.py:538} INFO - Filling up the DagBag from /opt/airflow/dags/etl_dag.py
[2025-11-13T10:24:09.081+0000] {processor.py:840} INFO - DAG(s) 'simple_etl_lineage' retrieved from /opt/airflow/dags/etl_dag.py
[2025-11-13T10:24:09.135+0000] {logging_mixin.py:188} INFO - [2025-11-13T10:24:09.135+0000] {dag.py:3036} INFO - Sync 1 DAGs
[2025-11-13T10:24:09.166+0000] {logging_mixin.py:188} INFO - [2025-11-13T10:24:09.159+0000] {dag.py:3823} INFO - Setting next_dagrun for simple_etl_lineage to None, run_after=None
[2025-11-13T10:24:09.214+0000] {processor.py:183} INFO - Processing /opt/airflow/dags/etl_dag.py took 0.170 seconds
[2025-11-13T10:24:39.783+0000] {processor.py:161} INFO - Started process (PID=13318) to work on /opt/airflow/dags/etl_dag.py
[2025-11-13T10:24:39.787+0000] {processor.py:830} INFO - Processing file /opt/airflow/dags/etl_dag.py for tasks to queue
[2025-11-13T10:24:39.789+0000] {logging_mixin.py:188} INFO - [2025-11-13T10:24:39.788+0000] {dagbag.py:538} INFO - Filling up the DagBag from /opt/airflow/dags/etl_dag.py
[2025-11-13T10:24:39.805+0000] {processor.py:840} INFO - DAG(s) 'simple_etl_lineage' retrieved from /opt/airflow/dags/etl_dag.py
[2025-11-13T10:24:39.855+0000] {logging_mixin.py:188} INFO - [2025-11-13T10:24:39.855+0000] {dag.py:3036} INFO - Sync 1 DAGs
[2025-11-13T10:24:39.872+0000] {logging_mixin.py:188} INFO - [2025-11-13T10:24:39.871+0000] {dag.py:3823} INFO - Setting next_dagrun for simple_etl_lineage to None, run_after=None
[2025-11-13T10:24:39.899+0000] {processor.py:183} INFO - Processing /opt/airflow/dags/etl_dag.py took 0.120 seconds
[2025-11-13T10:25:10.487+0000] {processor.py:161} INFO - Started process (PID=13333) to work on /opt/airflow/dags/etl_dag.py
[2025-11-13T10:25:10.488+0000] {processor.py:830} INFO - Processing file /opt/airflow/dags/etl_dag.py for tasks to queue
[2025-11-13T10:25:10.490+0000] {logging_mixin.py:188} INFO - [2025-11-13T10:25:10.489+0000] {dagbag.py:538} INFO - Filling up the DagBag from /opt/airflow/dags/etl_dag.py
[2025-11-13T10:25:10.506+0000] {processor.py:840} INFO - DAG(s) 'simple_etl_lineage' retrieved from /opt/airflow/dags/etl_dag.py
[2025-11-13T10:25:10.534+0000] {logging_mixin.py:188} INFO - [2025-11-13T10:25:10.534+0000] {dag.py:3036} INFO - Sync 1 DAGs
[2025-11-13T10:25:10.544+0000] {logging_mixin.py:188} INFO - [2025-11-13T10:25:10.544+0000] {dag.py:3823} INFO - Setting next_dagrun for simple_etl_lineage to None, run_after=None
[2025-11-13T10:25:10.568+0000] {processor.py:183} INFO - Processing /opt/airflow/dags/etl_dag.py took 0.084 seconds
[2025-11-13T10:25:40.698+0000] {processor.py:161} INFO - Started process (PID=13348) to work on /opt/airflow/dags/etl_dag.py
[2025-11-13T10:25:40.701+0000] {processor.py:830} INFO - Processing file /opt/airflow/dags/etl_dag.py for tasks to queue
[2025-11-13T10:25:40.709+0000] {logging_mixin.py:188} INFO - [2025-11-13T10:25:40.703+0000] {dagbag.py:538} INFO - Filling up the DagBag from /opt/airflow/dags/etl_dag.py
[2025-11-13T10:25:40.733+0000] {processor.py:840} INFO - DAG(s) 'simple_etl_lineage' retrieved from /opt/airflow/dags/etl_dag.py
[2025-11-13T10:25:40.803+0000] {logging_mixin.py:188} INFO - [2025-11-13T10:25:40.803+0000] {dag.py:3036} INFO - Sync 1 DAGs
[2025-11-13T10:25:40.829+0000] {logging_mixin.py:188} INFO - [2025-11-13T10:25:40.829+0000] {dag.py:3823} INFO - Setting next_dagrun for simple_etl_lineage to None, run_after=None
[2025-11-13T10:25:40.902+0000] {processor.py:183} INFO - Processing /opt/airflow/dags/etl_dag.py took 0.209 seconds
[2025-11-13T10:26:11.156+0000] {processor.py:161} INFO - Started process (PID=13361) to work on /opt/airflow/dags/etl_dag.py
[2025-11-13T10:26:11.161+0000] {processor.py:830} INFO - Processing file /opt/airflow/dags/etl_dag.py for tasks to queue
[2025-11-13T10:26:11.164+0000] {logging_mixin.py:188} INFO - [2025-11-13T10:26:11.163+0000] {dagbag.py:538} INFO - Filling up the DagBag from /opt/airflow/dags/etl_dag.py
[2025-11-13T10:26:11.205+0000] {processor.py:840} INFO - DAG(s) 'simple_etl_lineage' retrieved from /opt/airflow/dags/etl_dag.py
[2025-11-13T10:26:11.266+0000] {logging_mixin.py:188} INFO - [2025-11-13T10:26:11.266+0000] {dag.py:3036} INFO - Sync 1 DAGs
[2025-11-13T10:26:11.286+0000] {logging_mixin.py:188} INFO - [2025-11-13T10:26:11.285+0000] {dag.py:3823} INFO - Setting next_dagrun for simple_etl_lineage to None, run_after=None
[2025-11-13T10:26:11.328+0000] {processor.py:183} INFO - Processing /opt/airflow/dags/etl_dag.py took 0.177 seconds
[2025-11-13T10:26:41.888+0000] {processor.py:161} INFO - Started process (PID=13376) to work on /opt/airflow/dags/etl_dag.py
[2025-11-13T10:26:41.889+0000] {processor.py:830} INFO - Processing file /opt/airflow/dags/etl_dag.py for tasks to queue
[2025-11-13T10:26:41.891+0000] {logging_mixin.py:188} INFO - [2025-11-13T10:26:41.890+0000] {dagbag.py:538} INFO - Filling up the DagBag from /opt/airflow/dags/etl_dag.py
[2025-11-13T10:26:41.911+0000] {processor.py:840} INFO - DAG(s) 'simple_etl_lineage' retrieved from /opt/airflow/dags/etl_dag.py
[2025-11-13T10:26:41.954+0000] {logging_mixin.py:188} INFO - [2025-11-13T10:26:41.954+0000] {dag.py:3036} INFO - Sync 1 DAGs
[2025-11-13T10:26:41.969+0000] {logging_mixin.py:188} INFO - [2025-11-13T10:26:41.969+0000] {dag.py:3823} INFO - Setting next_dagrun for simple_etl_lineage to None, run_after=None
[2025-11-13T10:26:41.998+0000] {processor.py:183} INFO - Processing /opt/airflow/dags/etl_dag.py took 0.116 seconds
[2025-11-13T10:27:12.187+0000] {processor.py:161} INFO - Started process (PID=13391) to work on /opt/airflow/dags/etl_dag.py
[2025-11-13T10:27:12.190+0000] {processor.py:830} INFO - Processing file /opt/airflow/dags/etl_dag.py for tasks to queue
[2025-11-13T10:27:12.192+0000] {logging_mixin.py:188} INFO - [2025-11-13T10:27:12.191+0000] {dagbag.py:538} INFO - Filling up the DagBag from /opt/airflow/dags/etl_dag.py
[2025-11-13T10:27:12.215+0000] {processor.py:840} INFO - DAG(s) 'simple_etl_lineage' retrieved from /opt/airflow/dags/etl_dag.py
[2025-11-13T10:27:12.325+0000] {logging_mixin.py:188} INFO - [2025-11-13T10:27:12.325+0000] {dag.py:3036} INFO - Sync 1 DAGs
[2025-11-13T10:27:12.360+0000] {logging_mixin.py:188} INFO - [2025-11-13T10:27:12.359+0000] {dag.py:3823} INFO - Setting next_dagrun for simple_etl_lineage to None, run_after=None
[2025-11-13T10:27:12.403+0000] {processor.py:183} INFO - Processing /opt/airflow/dags/etl_dag.py took 0.220 seconds
[2025-11-13T10:27:42.936+0000] {processor.py:161} INFO - Started process (PID=13406) to work on /opt/airflow/dags/etl_dag.py
[2025-11-13T10:27:42.947+0000] {processor.py:830} INFO - Processing file /opt/airflow/dags/etl_dag.py for tasks to queue
[2025-11-13T10:27:42.950+0000] {logging_mixin.py:188} INFO - [2025-11-13T10:27:42.949+0000] {dagbag.py:538} INFO - Filling up the DagBag from /opt/airflow/dags/etl_dag.py
[2025-11-13T10:27:42.979+0000] {processor.py:840} INFO - DAG(s) 'simple_etl_lineage' retrieved from /opt/airflow/dags/etl_dag.py
[2025-11-13T10:27:43.064+0000] {logging_mixin.py:188} INFO - [2025-11-13T10:27:43.063+0000] {dag.py:3036} INFO - Sync 1 DAGs
[2025-11-13T10:27:43.109+0000] {logging_mixin.py:188} INFO - [2025-11-13T10:27:43.108+0000] {dag.py:3823} INFO - Setting next_dagrun for simple_etl_lineage to None, run_after=None
[2025-11-13T10:27:43.160+0000] {processor.py:183} INFO - Processing /opt/airflow/dags/etl_dag.py took 0.228 seconds
[2025-11-13T10:28:13.768+0000] {processor.py:161} INFO - Started process (PID=13421) to work on /opt/airflow/dags/etl_dag.py
[2025-11-13T10:28:13.771+0000] {processor.py:830} INFO - Processing file /opt/airflow/dags/etl_dag.py for tasks to queue
[2025-11-13T10:28:13.775+0000] {logging_mixin.py:188} INFO - [2025-11-13T10:28:13.773+0000] {dagbag.py:538} INFO - Filling up the DagBag from /opt/airflow/dags/etl_dag.py
[2025-11-13T10:28:13.803+0000] {processor.py:840} INFO - DAG(s) 'simple_etl_lineage' retrieved from /opt/airflow/dags/etl_dag.py
[2025-11-13T10:28:13.858+0000] {logging_mixin.py:188} INFO - [2025-11-13T10:28:13.858+0000] {dag.py:3036} INFO - Sync 1 DAGs
[2025-11-13T10:28:13.874+0000] {logging_mixin.py:188} INFO - [2025-11-13T10:28:13.874+0000] {dag.py:3823} INFO - Setting next_dagrun for simple_etl_lineage to None, run_after=None
[2025-11-13T10:28:13.904+0000] {processor.py:183} INFO - Processing /opt/airflow/dags/etl_dag.py took 0.140 seconds
[2025-11-13T10:28:44.555+0000] {processor.py:161} INFO - Started process (PID=13436) to work on /opt/airflow/dags/etl_dag.py
[2025-11-13T10:28:44.561+0000] {processor.py:830} INFO - Processing file /opt/airflow/dags/etl_dag.py for tasks to queue
[2025-11-13T10:28:44.562+0000] {logging_mixin.py:188} INFO - [2025-11-13T10:28:44.562+0000] {dagbag.py:538} INFO - Filling up the DagBag from /opt/airflow/dags/etl_dag.py
[2025-11-13T10:28:44.595+0000] {processor.py:840} INFO - DAG(s) 'simple_etl_lineage' retrieved from /opt/airflow/dags/etl_dag.py
[2025-11-13T10:28:44.667+0000] {logging_mixin.py:188} INFO - [2025-11-13T10:28:44.666+0000] {dag.py:3036} INFO - Sync 1 DAGs
[2025-11-13T10:28:44.684+0000] {logging_mixin.py:188} INFO - [2025-11-13T10:28:44.684+0000] {dag.py:3823} INFO - Setting next_dagrun for simple_etl_lineage to None, run_after=None
[2025-11-13T10:28:44.713+0000] {processor.py:183} INFO - Processing /opt/airflow/dags/etl_dag.py took 0.164 seconds
[2025-11-13T10:29:15.080+0000] {processor.py:161} INFO - Started process (PID=13448) to work on /opt/airflow/dags/etl_dag.py
[2025-11-13T10:29:15.082+0000] {processor.py:830} INFO - Processing file /opt/airflow/dags/etl_dag.py for tasks to queue
[2025-11-13T10:29:15.085+0000] {logging_mixin.py:188} INFO - [2025-11-13T10:29:15.085+0000] {dagbag.py:538} INFO - Filling up the DagBag from /opt/airflow/dags/etl_dag.py
[2025-11-13T10:29:15.100+0000] {processor.py:840} INFO - DAG(s) 'simple_etl_lineage' retrieved from /opt/airflow/dags/etl_dag.py
[2025-11-13T10:29:15.135+0000] {logging_mixin.py:188} INFO - [2025-11-13T10:29:15.135+0000] {dag.py:3036} INFO - Sync 1 DAGs
[2025-11-13T10:29:15.149+0000] {logging_mixin.py:188} INFO - [2025-11-13T10:29:15.148+0000] {dag.py:3823} INFO - Setting next_dagrun for simple_etl_lineage to None, run_after=None
[2025-11-13T10:29:15.190+0000] {processor.py:183} INFO - Processing /opt/airflow/dags/etl_dag.py took 0.115 seconds
[2025-11-13T10:29:45.991+0000] {processor.py:161} INFO - Started process (PID=13463) to work on /opt/airflow/dags/etl_dag.py
[2025-11-13T10:29:45.993+0000] {processor.py:830} INFO - Processing file /opt/airflow/dags/etl_dag.py for tasks to queue
[2025-11-13T10:29:45.994+0000] {logging_mixin.py:188} INFO - [2025-11-13T10:29:45.994+0000] {dagbag.py:538} INFO - Filling up the DagBag from /opt/airflow/dags/etl_dag.py
[2025-11-13T10:29:46.028+0000] {processor.py:840} INFO - DAG(s) 'simple_etl_lineage' retrieved from /opt/airflow/dags/etl_dag.py
[2025-11-13T10:29:46.066+0000] {logging_mixin.py:188} INFO - [2025-11-13T10:29:46.065+0000] {dag.py:3036} INFO - Sync 1 DAGs
[2025-11-13T10:29:46.089+0000] {logging_mixin.py:188} INFO - [2025-11-13T10:29:46.089+0000] {dag.py:3823} INFO - Setting next_dagrun for simple_etl_lineage to None, run_after=None
[2025-11-13T10:29:46.115+0000] {processor.py:183} INFO - Processing /opt/airflow/dags/etl_dag.py took 0.129 seconds
[2025-11-13T10:30:16.613+0000] {processor.py:161} INFO - Started process (PID=13478) to work on /opt/airflow/dags/etl_dag.py
[2025-11-13T10:30:16.615+0000] {processor.py:830} INFO - Processing file /opt/airflow/dags/etl_dag.py for tasks to queue
[2025-11-13T10:30:16.616+0000] {logging_mixin.py:188} INFO - [2025-11-13T10:30:16.616+0000] {dagbag.py:538} INFO - Filling up the DagBag from /opt/airflow/dags/etl_dag.py
[2025-11-13T10:30:16.630+0000] {processor.py:840} INFO - DAG(s) 'simple_etl_lineage' retrieved from /opt/airflow/dags/etl_dag.py
[2025-11-13T10:30:16.664+0000] {logging_mixin.py:188} INFO - [2025-11-13T10:30:16.664+0000] {dag.py:3036} INFO - Sync 1 DAGs
[2025-11-13T10:30:16.679+0000] {logging_mixin.py:188} INFO - [2025-11-13T10:30:16.678+0000] {dag.py:3823} INFO - Setting next_dagrun for simple_etl_lineage to None, run_after=None
[2025-11-13T10:30:16.705+0000] {processor.py:183} INFO - Processing /opt/airflow/dags/etl_dag.py took 0.096 seconds
[2025-11-13T10:30:47.149+0000] {processor.py:161} INFO - Started process (PID=13493) to work on /opt/airflow/dags/etl_dag.py
[2025-11-13T10:30:47.151+0000] {processor.py:830} INFO - Processing file /opt/airflow/dags/etl_dag.py for tasks to queue
[2025-11-13T10:30:47.152+0000] {logging_mixin.py:188} INFO - [2025-11-13T10:30:47.152+0000] {dagbag.py:538} INFO - Filling up the DagBag from /opt/airflow/dags/etl_dag.py
[2025-11-13T10:30:47.186+0000] {processor.py:840} INFO - DAG(s) 'simple_etl_lineage' retrieved from /opt/airflow/dags/etl_dag.py
[2025-11-13T10:30:47.256+0000] {logging_mixin.py:188} INFO - [2025-11-13T10:30:47.255+0000] {dag.py:3036} INFO - Sync 1 DAGs
[2025-11-13T10:30:47.291+0000] {logging_mixin.py:188} INFO - [2025-11-13T10:30:47.291+0000] {dag.py:3823} INFO - Setting next_dagrun for simple_etl_lineage to None, run_after=None
[2025-11-13T10:30:47.330+0000] {processor.py:183} INFO - Processing /opt/airflow/dags/etl_dag.py took 0.185 seconds
[2025-11-13T10:31:18.039+0000] {processor.py:161} INFO - Started process (PID=13508) to work on /opt/airflow/dags/etl_dag.py
[2025-11-13T10:31:18.042+0000] {processor.py:830} INFO - Processing file /opt/airflow/dags/etl_dag.py for tasks to queue
[2025-11-13T10:31:18.044+0000] {logging_mixin.py:188} INFO - [2025-11-13T10:31:18.043+0000] {dagbag.py:538} INFO - Filling up the DagBag from /opt/airflow/dags/etl_dag.py
[2025-11-13T10:31:18.065+0000] {processor.py:840} INFO - DAG(s) 'simple_etl_lineage' retrieved from /opt/airflow/dags/etl_dag.py
[2025-11-13T10:31:18.102+0000] {logging_mixin.py:188} INFO - [2025-11-13T10:31:18.102+0000] {dag.py:3036} INFO - Sync 1 DAGs
[2025-11-13T10:31:18.114+0000] {logging_mixin.py:188} INFO - [2025-11-13T10:31:18.114+0000] {dag.py:3823} INFO - Setting next_dagrun for simple_etl_lineage to None, run_after=None
[2025-11-13T10:31:18.320+0000] {processor.py:183} INFO - Processing /opt/airflow/dags/etl_dag.py took 0.284 seconds
[2025-11-13T10:31:49.121+0000] {processor.py:161} INFO - Started process (PID=13523) to work on /opt/airflow/dags/etl_dag.py
[2025-11-13T10:31:49.123+0000] {processor.py:830} INFO - Processing file /opt/airflow/dags/etl_dag.py for tasks to queue
[2025-11-13T10:31:49.125+0000] {logging_mixin.py:188} INFO - [2025-11-13T10:31:49.125+0000] {dagbag.py:538} INFO - Filling up the DagBag from /opt/airflow/dags/etl_dag.py
[2025-11-13T10:31:49.141+0000] {processor.py:840} INFO - DAG(s) 'simple_etl_lineage' retrieved from /opt/airflow/dags/etl_dag.py
[2025-11-13T10:31:49.174+0000] {logging_mixin.py:188} INFO - [2025-11-13T10:31:49.174+0000] {dag.py:3036} INFO - Sync 1 DAGs
[2025-11-13T10:31:49.187+0000] {logging_mixin.py:188} INFO - [2025-11-13T10:31:49.187+0000] {dag.py:3823} INFO - Setting next_dagrun for simple_etl_lineage to None, run_after=None
[2025-11-13T10:31:49.210+0000] {processor.py:183} INFO - Processing /opt/airflow/dags/etl_dag.py took 0.095 seconds
[2025-11-13T10:34:42.632+0000] {processor.py:161} INFO - Started process (PID=13549) to work on /opt/airflow/dags/etl_dag.py
[2025-11-13T10:34:42.641+0000] {processor.py:830} INFO - Processing file /opt/airflow/dags/etl_dag.py for tasks to queue
[2025-11-13T10:34:42.647+0000] {logging_mixin.py:188} INFO - [2025-11-13T10:34:42.646+0000] {dagbag.py:538} INFO - Filling up the DagBag from /opt/airflow/dags/etl_dag.py
[2025-11-13T10:34:42.716+0000] {processor.py:840} INFO - DAG(s) 'simple_etl_lineage' retrieved from /opt/airflow/dags/etl_dag.py
[2025-11-13T10:34:42.783+0000] {logging_mixin.py:188} INFO - [2025-11-13T10:34:42.782+0000] {dag.py:3036} INFO - Sync 1 DAGs
[2025-11-13T10:34:42.799+0000] {logging_mixin.py:188} INFO - [2025-11-13T10:34:42.799+0000] {dag.py:3823} INFO - Setting next_dagrun for simple_etl_lineage to None, run_after=None
[2025-11-13T10:34:42.839+0000] {processor.py:183} INFO - Processing /opt/airflow/dags/etl_dag.py took 0.212 seconds
[2025-11-13T10:35:13.375+0000] {processor.py:161} INFO - Started process (PID=13564) to work on /opt/airflow/dags/etl_dag.py
[2025-11-13T10:35:13.378+0000] {processor.py:830} INFO - Processing file /opt/airflow/dags/etl_dag.py for tasks to queue
[2025-11-13T10:35:13.380+0000] {logging_mixin.py:188} INFO - [2025-11-13T10:35:13.379+0000] {dagbag.py:538} INFO - Filling up the DagBag from /opt/airflow/dags/etl_dag.py
[2025-11-13T10:35:13.399+0000] {processor.py:840} INFO - DAG(s) 'simple_etl_lineage' retrieved from /opt/airflow/dags/etl_dag.py
[2025-11-13T10:35:13.433+0000] {logging_mixin.py:188} INFO - [2025-11-13T10:35:13.433+0000] {dag.py:3036} INFO - Sync 1 DAGs
[2025-11-13T10:35:13.446+0000] {logging_mixin.py:188} INFO - [2025-11-13T10:35:13.446+0000] {dag.py:3823} INFO - Setting next_dagrun for simple_etl_lineage to None, run_after=None
[2025-11-13T10:35:13.467+0000] {processor.py:183} INFO - Processing /opt/airflow/dags/etl_dag.py took 0.097 seconds
[2025-11-13T10:35:44.096+0000] {processor.py:161} INFO - Started process (PID=13579) to work on /opt/airflow/dags/etl_dag.py
[2025-11-13T10:35:44.098+0000] {processor.py:830} INFO - Processing file /opt/airflow/dags/etl_dag.py for tasks to queue
[2025-11-13T10:35:44.099+0000] {logging_mixin.py:188} INFO - [2025-11-13T10:35:44.099+0000] {dagbag.py:538} INFO - Filling up the DagBag from /opt/airflow/dags/etl_dag.py
[2025-11-13T10:35:44.119+0000] {processor.py:840} INFO - DAG(s) 'simple_etl_lineage' retrieved from /opt/airflow/dags/etl_dag.py
[2025-11-13T10:35:44.165+0000] {logging_mixin.py:188} INFO - [2025-11-13T10:35:44.165+0000] {dag.py:3036} INFO - Sync 1 DAGs
[2025-11-13T10:35:44.180+0000] {logging_mixin.py:188} INFO - [2025-11-13T10:35:44.180+0000] {dag.py:3823} INFO - Setting next_dagrun for simple_etl_lineage to None, run_after=None
[2025-11-13T10:35:44.211+0000] {processor.py:183} INFO - Processing /opt/airflow/dags/etl_dag.py took 0.119 seconds
[2025-11-13T10:36:17.305+0000] {processor.py:161} INFO - Started process (PID=13594) to work on /opt/airflow/dags/etl_dag.py
[2025-11-13T10:36:17.307+0000] {processor.py:830} INFO - Processing file /opt/airflow/dags/etl_dag.py for tasks to queue
[2025-11-13T10:36:17.309+0000] {logging_mixin.py:188} INFO - [2025-11-13T10:36:17.308+0000] {dagbag.py:538} INFO - Filling up the DagBag from /opt/airflow/dags/etl_dag.py
[2025-11-13T10:36:17.329+0000] {processor.py:840} INFO - DAG(s) 'simple_etl_lineage' retrieved from /opt/airflow/dags/etl_dag.py
[2025-11-13T10:36:17.379+0000] {logging_mixin.py:188} INFO - [2025-11-13T10:36:17.379+0000] {dag.py:3036} INFO - Sync 1 DAGs
[2025-11-13T10:36:17.407+0000] {logging_mixin.py:188} INFO - [2025-11-13T10:36:17.406+0000] {dag.py:3823} INFO - Setting next_dagrun for simple_etl_lineage to None, run_after=None
[2025-11-13T10:36:17.438+0000] {processor.py:183} INFO - Processing /opt/airflow/dags/etl_dag.py took 0.138 seconds
[2025-11-13T10:36:47.922+0000] {processor.py:161} INFO - Started process (PID=13609) to work on /opt/airflow/dags/etl_dag.py
[2025-11-13T10:36:47.924+0000] {processor.py:830} INFO - Processing file /opt/airflow/dags/etl_dag.py for tasks to queue
[2025-11-13T10:36:47.925+0000] {logging_mixin.py:188} INFO - [2025-11-13T10:36:47.925+0000] {dagbag.py:538} INFO - Filling up the DagBag from /opt/airflow/dags/etl_dag.py
[2025-11-13T10:36:47.945+0000] {processor.py:840} INFO - DAG(s) 'simple_etl_lineage' retrieved from /opt/airflow/dags/etl_dag.py
[2025-11-13T10:36:47.980+0000] {logging_mixin.py:188} INFO - [2025-11-13T10:36:47.980+0000] {dag.py:3036} INFO - Sync 1 DAGs
[2025-11-13T10:36:47.993+0000] {logging_mixin.py:188} INFO - [2025-11-13T10:36:47.993+0000] {dag.py:3823} INFO - Setting next_dagrun for simple_etl_lineage to None, run_after=None
[2025-11-13T10:36:48.014+0000] {processor.py:183} INFO - Processing /opt/airflow/dags/etl_dag.py took 0.096 seconds
[2025-11-13T10:37:18.676+0000] {processor.py:161} INFO - Started process (PID=13624) to work on /opt/airflow/dags/etl_dag.py
[2025-11-13T10:37:18.679+0000] {processor.py:830} INFO - Processing file /opt/airflow/dags/etl_dag.py for tasks to queue
[2025-11-13T10:37:18.680+0000] {logging_mixin.py:188} INFO - [2025-11-13T10:37:18.680+0000] {dagbag.py:538} INFO - Filling up the DagBag from /opt/airflow/dags/etl_dag.py
[2025-11-13T10:37:18.698+0000] {processor.py:840} INFO - DAG(s) 'simple_etl_lineage' retrieved from /opt/airflow/dags/etl_dag.py
[2025-11-13T10:37:18.738+0000] {logging_mixin.py:188} INFO - [2025-11-13T10:37:18.738+0000] {dag.py:3036} INFO - Sync 1 DAGs
[2025-11-13T10:37:18.762+0000] {logging_mixin.py:188} INFO - [2025-11-13T10:37:18.762+0000] {dag.py:3823} INFO - Setting next_dagrun for simple_etl_lineage to None, run_after=None
[2025-11-13T10:37:18.812+0000] {processor.py:183} INFO - Processing /opt/airflow/dags/etl_dag.py took 0.140 seconds
[2025-11-13T10:39:36.324+0000] {processor.py:161} INFO - Started process (PID=13640) to work on /opt/airflow/dags/etl_dag.py
[2025-11-13T10:39:36.329+0000] {processor.py:830} INFO - Processing file /opt/airflow/dags/etl_dag.py for tasks to queue
[2025-11-13T10:39:36.336+0000] {logging_mixin.py:188} INFO - [2025-11-13T10:39:36.335+0000] {dagbag.py:538} INFO - Filling up the DagBag from /opt/airflow/dags/etl_dag.py
[2025-11-13T10:39:36.764+0000] {processor.py:840} INFO - DAG(s) 'simple_etl_lineage' retrieved from /opt/airflow/dags/etl_dag.py
[2025-11-13T10:39:36.935+0000] {logging_mixin.py:188} INFO - [2025-11-13T10:39:36.934+0000] {dag.py:3036} INFO - Sync 1 DAGs
[2025-11-13T10:39:37.760+0000] {logging_mixin.py:188} INFO - [2025-11-13T10:39:37.760+0000] {dag.py:3823} INFO - Setting next_dagrun for simple_etl_lineage to None, run_after=None
[2025-11-13T10:39:38.836+0000] {processor.py:183} INFO - Processing /opt/airflow/dags/etl_dag.py took 2.834 seconds
[2025-11-13T10:40:09.447+0000] {processor.py:161} INFO - Started process (PID=13660) to work on /opt/airflow/dags/etl_dag.py
[2025-11-13T10:40:09.449+0000] {processor.py:830} INFO - Processing file /opt/airflow/dags/etl_dag.py for tasks to queue
[2025-11-13T10:40:09.454+0000] {logging_mixin.py:188} INFO - [2025-11-13T10:40:09.451+0000] {dagbag.py:538} INFO - Filling up the DagBag from /opt/airflow/dags/etl_dag.py
[2025-11-13T10:40:09.484+0000] {processor.py:840} INFO - DAG(s) 'simple_etl_lineage' retrieved from /opt/airflow/dags/etl_dag.py
[2025-11-13T10:40:09.541+0000] {logging_mixin.py:188} INFO - [2025-11-13T10:40:09.540+0000] {dag.py:3036} INFO - Sync 1 DAGs
[2025-11-13T10:40:09.560+0000] {logging_mixin.py:188} INFO - [2025-11-13T10:40:09.560+0000] {dag.py:3823} INFO - Setting next_dagrun for simple_etl_lineage to None, run_after=None
[2025-11-13T10:40:09.649+0000] {processor.py:183} INFO - Processing /opt/airflow/dags/etl_dag.py took 0.209 seconds
[2025-11-13T10:40:40.264+0000] {processor.py:161} INFO - Started process (PID=13675) to work on /opt/airflow/dags/etl_dag.py
[2025-11-13T10:40:40.266+0000] {processor.py:830} INFO - Processing file /opt/airflow/dags/etl_dag.py for tasks to queue
[2025-11-13T10:40:40.267+0000] {logging_mixin.py:188} INFO - [2025-11-13T10:40:40.267+0000] {dagbag.py:538} INFO - Filling up the DagBag from /opt/airflow/dags/etl_dag.py
[2025-11-13T10:40:40.285+0000] {processor.py:840} INFO - DAG(s) 'simple_etl_lineage' retrieved from /opt/airflow/dags/etl_dag.py
[2025-11-13T10:40:40.316+0000] {logging_mixin.py:188} INFO - [2025-11-13T10:40:40.316+0000] {dag.py:3036} INFO - Sync 1 DAGs
[2025-11-13T10:40:40.327+0000] {logging_mixin.py:188} INFO - [2025-11-13T10:40:40.326+0000] {dag.py:3823} INFO - Setting next_dagrun for simple_etl_lineage to None, run_after=None
[2025-11-13T10:40:40.348+0000] {processor.py:183} INFO - Processing /opt/airflow/dags/etl_dag.py took 0.090 seconds
[2025-11-13T10:41:10.470+0000] {processor.py:161} INFO - Started process (PID=13690) to work on /opt/airflow/dags/etl_dag.py
[2025-11-13T10:41:10.480+0000] {processor.py:830} INFO - Processing file /opt/airflow/dags/etl_dag.py for tasks to queue
[2025-11-13T10:41:10.489+0000] {logging_mixin.py:188} INFO - [2025-11-13T10:41:10.488+0000] {dagbag.py:538} INFO - Filling up the DagBag from /opt/airflow/dags/etl_dag.py
[2025-11-13T10:41:10.605+0000] {processor.py:840} INFO - DAG(s) 'simple_etl_lineage' retrieved from /opt/airflow/dags/etl_dag.py
[2025-11-13T10:41:10.702+0000] {logging_mixin.py:188} INFO - [2025-11-13T10:41:10.702+0000] {dag.py:3036} INFO - Sync 1 DAGs
[2025-11-13T10:41:10.754+0000] {logging_mixin.py:188} INFO - [2025-11-13T10:41:10.753+0000] {dag.py:3823} INFO - Setting next_dagrun for simple_etl_lineage to None, run_after=None
[2025-11-13T10:41:10.814+0000] {processor.py:183} INFO - Processing /opt/airflow/dags/etl_dag.py took 0.352 seconds
[2025-11-13T10:41:40.937+0000] {processor.py:161} INFO - Started process (PID=13705) to work on /opt/airflow/dags/etl_dag.py
[2025-11-13T10:41:40.982+0000] {processor.py:830} INFO - Processing file /opt/airflow/dags/etl_dag.py for tasks to queue
[2025-11-13T10:41:41.018+0000] {logging_mixin.py:188} INFO - [2025-11-13T10:41:41.017+0000] {dagbag.py:538} INFO - Filling up the DagBag from /opt/airflow/dags/etl_dag.py
[2025-11-13T10:41:41.071+0000] {processor.py:840} INFO - DAG(s) 'simple_etl_lineage' retrieved from /opt/airflow/dags/etl_dag.py
[2025-11-13T10:41:41.128+0000] {logging_mixin.py:188} INFO - [2025-11-13T10:41:41.128+0000] {dag.py:3036} INFO - Sync 1 DAGs
[2025-11-13T10:41:41.165+0000] {logging_mixin.py:188} INFO - [2025-11-13T10:41:41.164+0000] {dag.py:3823} INFO - Setting next_dagrun for simple_etl_lineage to None, run_after=None
[2025-11-13T10:41:41.313+0000] {processor.py:183} INFO - Processing /opt/airflow/dags/etl_dag.py took 0.383 seconds
[2025-11-13T10:42:12.144+0000] {processor.py:161} INFO - Started process (PID=13720) to work on /opt/airflow/dags/etl_dag.py
[2025-11-13T10:42:12.151+0000] {processor.py:830} INFO - Processing file /opt/airflow/dags/etl_dag.py for tasks to queue
[2025-11-13T10:42:12.153+0000] {logging_mixin.py:188} INFO - [2025-11-13T10:42:12.152+0000] {dagbag.py:538} INFO - Filling up the DagBag from /opt/airflow/dags/etl_dag.py
[2025-11-13T10:42:12.231+0000] {processor.py:840} INFO - DAG(s) 'simple_etl_lineage' retrieved from /opt/airflow/dags/etl_dag.py
[2025-11-13T10:42:12.360+0000] {logging_mixin.py:188} INFO - [2025-11-13T10:42:12.359+0000] {dag.py:3036} INFO - Sync 1 DAGs
[2025-11-13T10:42:12.408+0000] {logging_mixin.py:188} INFO - [2025-11-13T10:42:12.407+0000] {dag.py:3823} INFO - Setting next_dagrun for simple_etl_lineage to None, run_after=None
[2025-11-13T10:42:12.474+0000] {processor.py:183} INFO - Processing /opt/airflow/dags/etl_dag.py took 0.350 seconds
[2025-11-13T10:42:48.972+0000] {processor.py:161} INFO - Started process (PID=13735) to work on /opt/airflow/dags/etl_dag.py
[2025-11-13T10:42:48.974+0000] {processor.py:830} INFO - Processing file /opt/airflow/dags/etl_dag.py for tasks to queue
[2025-11-13T10:42:48.976+0000] {logging_mixin.py:188} INFO - [2025-11-13T10:42:48.975+0000] {dagbag.py:538} INFO - Filling up the DagBag from /opt/airflow/dags/etl_dag.py
[2025-11-13T10:42:49.030+0000] {processor.py:840} INFO - DAG(s) 'simple_etl_lineage' retrieved from /opt/airflow/dags/etl_dag.py
[2025-11-13T10:42:49.146+0000] {logging_mixin.py:188} INFO - [2025-11-13T10:42:49.145+0000] {dag.py:3036} INFO - Sync 1 DAGs
[2025-11-13T10:42:49.189+0000] {logging_mixin.py:188} INFO - [2025-11-13T10:42:49.181+0000] {dag.py:3823} INFO - Setting next_dagrun for simple_etl_lineage to None, run_after=None
[2025-11-13T10:42:49.257+0000] {processor.py:183} INFO - Processing /opt/airflow/dags/etl_dag.py took 0.294 seconds
[2025-11-13T10:43:54.344+0000] {processor.py:161} INFO - Started process (PID=13750) to work on /opt/airflow/dags/etl_dag.py
[2025-11-13T10:43:54.366+0000] {processor.py:830} INFO - Processing file /opt/airflow/dags/etl_dag.py for tasks to queue
[2025-11-13T10:43:54.382+0000] {logging_mixin.py:188} INFO - [2025-11-13T10:43:54.378+0000] {dagbag.py:538} INFO - Filling up the DagBag from /opt/airflow/dags/etl_dag.py
[2025-11-13T10:43:54.642+0000] {processor.py:840} INFO - DAG(s) 'simple_etl_lineage' retrieved from /opt/airflow/dags/etl_dag.py
[2025-11-13T10:44:04.398+0000] {logging_mixin.py:188} INFO - [2025-11-13T10:44:04.389+0000] {dag.py:3036} INFO - Sync 1 DAGs
[2025-11-13T10:44:07.934+0000] {logging_mixin.py:188} INFO - [2025-11-13T10:44:07.933+0000] {dag.py:3823} INFO - Setting next_dagrun for simple_etl_lineage to None, run_after=None
[2025-11-13T10:44:09.068+0000] {processor.py:183} INFO - Processing /opt/airflow/dags/etl_dag.py took 14.842 seconds
[2025-11-13T10:44:41.584+0000] {processor.py:161} INFO - Started process (PID=13765) to work on /opt/airflow/dags/etl_dag.py
[2025-11-13T10:44:41.587+0000] {processor.py:830} INFO - Processing file /opt/airflow/dags/etl_dag.py for tasks to queue
[2025-11-13T10:44:41.598+0000] {logging_mixin.py:188} INFO - [2025-11-13T10:44:41.597+0000] {dagbag.py:538} INFO - Filling up the DagBag from /opt/airflow/dags/etl_dag.py
[2025-11-13T10:44:41.687+0000] {processor.py:840} INFO - DAG(s) 'simple_etl_lineage' retrieved from /opt/airflow/dags/etl_dag.py
[2025-11-13T10:44:41.801+0000] {logging_mixin.py:188} INFO - [2025-11-13T10:44:41.800+0000] {dag.py:3036} INFO - Sync 1 DAGs
[2025-11-13T10:44:41.859+0000] {logging_mixin.py:188} INFO - [2025-11-13T10:44:41.858+0000] {dag.py:3823} INFO - Setting next_dagrun for simple_etl_lineage to None, run_after=None
[2025-11-13T10:44:41.943+0000] {processor.py:183} INFO - Processing /opt/airflow/dags/etl_dag.py took 0.373 seconds
[2025-11-13T10:45:12.721+0000] {processor.py:161} INFO - Started process (PID=13780) to work on /opt/airflow/dags/etl_dag.py
[2025-11-13T10:45:12.723+0000] {processor.py:830} INFO - Processing file /opt/airflow/dags/etl_dag.py for tasks to queue
[2025-11-13T10:45:12.724+0000] {logging_mixin.py:188} INFO - [2025-11-13T10:45:12.724+0000] {dagbag.py:538} INFO - Filling up the DagBag from /opt/airflow/dags/etl_dag.py
[2025-11-13T10:45:12.746+0000] {processor.py:840} INFO - DAG(s) 'simple_etl_lineage' retrieved from /opt/airflow/dags/etl_dag.py
[2025-11-13T10:45:12.796+0000] {logging_mixin.py:188} INFO - [2025-11-13T10:45:12.796+0000] {dag.py:3036} INFO - Sync 1 DAGs
[2025-11-13T10:45:12.823+0000] {logging_mixin.py:188} INFO - [2025-11-13T10:45:12.823+0000] {dag.py:3823} INFO - Setting next_dagrun for simple_etl_lineage to None, run_after=None
[2025-11-13T10:45:12.861+0000] {processor.py:183} INFO - Processing /opt/airflow/dags/etl_dag.py took 0.145 seconds
[2025-11-13T10:45:45.546+0000] {processor.py:161} INFO - Started process (PID=13795) to work on /opt/airflow/dags/etl_dag.py
[2025-11-13T10:45:45.656+0000] {processor.py:830} INFO - Processing file /opt/airflow/dags/etl_dag.py for tasks to queue
[2025-11-13T10:45:45.685+0000] {logging_mixin.py:188} INFO - [2025-11-13T10:45:45.684+0000] {dagbag.py:538} INFO - Filling up the DagBag from /opt/airflow/dags/etl_dag.py
[2025-11-13T10:45:46.583+0000] {processor.py:840} INFO - DAG(s) 'simple_etl_lineage' retrieved from /opt/airflow/dags/etl_dag.py
[2025-11-13T10:45:46.751+0000] {logging_mixin.py:188} INFO - [2025-11-13T10:45:46.750+0000] {dag.py:3036} INFO - Sync 1 DAGs
[2025-11-13T10:45:46.853+0000] {logging_mixin.py:188} INFO - [2025-11-13T10:45:46.852+0000] {dag.py:3823} INFO - Setting next_dagrun for simple_etl_lineage to None, run_after=None
[2025-11-13T10:45:47.115+0000] {processor.py:183} INFO - Processing /opt/airflow/dags/etl_dag.py took 1.574 seconds
[2025-11-13T10:46:18.448+0000] {processor.py:161} INFO - Started process (PID=13810) to work on /opt/airflow/dags/etl_dag.py
[2025-11-13T10:46:18.452+0000] {processor.py:830} INFO - Processing file /opt/airflow/dags/etl_dag.py for tasks to queue
[2025-11-13T10:46:18.454+0000] {logging_mixin.py:188} INFO - [2025-11-13T10:46:18.453+0000] {dagbag.py:538} INFO - Filling up the DagBag from /opt/airflow/dags/etl_dag.py
[2025-11-13T10:46:18.481+0000] {processor.py:840} INFO - DAG(s) 'simple_etl_lineage' retrieved from /opt/airflow/dags/etl_dag.py
[2025-11-13T10:46:18.608+0000] {logging_mixin.py:188} INFO - [2025-11-13T10:46:18.607+0000] {dag.py:3036} INFO - Sync 1 DAGs
[2025-11-13T10:46:18.699+0000] {logging_mixin.py:188} INFO - [2025-11-13T10:46:18.698+0000] {dag.py:3823} INFO - Setting next_dagrun for simple_etl_lineage to None, run_after=None
[2025-11-13T10:46:18.751+0000] {processor.py:183} INFO - Processing /opt/airflow/dags/etl_dag.py took 0.314 seconds
[2025-11-13T10:46:48.990+0000] {processor.py:161} INFO - Started process (PID=13825) to work on /opt/airflow/dags/etl_dag.py
[2025-11-13T10:46:48.993+0000] {processor.py:830} INFO - Processing file /opt/airflow/dags/etl_dag.py for tasks to queue
[2025-11-13T10:46:48.996+0000] {logging_mixin.py:188} INFO - [2025-11-13T10:46:48.995+0000] {dagbag.py:538} INFO - Filling up the DagBag from /opt/airflow/dags/etl_dag.py
[2025-11-13T10:46:49.020+0000] {processor.py:840} INFO - DAG(s) 'simple_etl_lineage' retrieved from /opt/airflow/dags/etl_dag.py
[2025-11-13T10:46:49.063+0000] {logging_mixin.py:188} INFO - [2025-11-13T10:46:49.063+0000] {dag.py:3036} INFO - Sync 1 DAGs
[2025-11-13T10:46:49.352+0000] {logging_mixin.py:188} INFO - [2025-11-13T10:46:49.351+0000] {dag.py:3823} INFO - Setting next_dagrun for simple_etl_lineage to None, run_after=None
[2025-11-13T10:46:49.383+0000] {processor.py:183} INFO - Processing /opt/airflow/dags/etl_dag.py took 0.396 seconds
[2025-11-13T10:47:20.335+0000] {processor.py:161} INFO - Started process (PID=13840) to work on /opt/airflow/dags/etl_dag.py
[2025-11-13T10:47:20.337+0000] {processor.py:830} INFO - Processing file /opt/airflow/dags/etl_dag.py for tasks to queue
[2025-11-13T10:47:20.339+0000] {logging_mixin.py:188} INFO - [2025-11-13T10:47:20.338+0000] {dagbag.py:538} INFO - Filling up the DagBag from /opt/airflow/dags/etl_dag.py
[2025-11-13T10:47:20.361+0000] {processor.py:840} INFO - DAG(s) 'simple_etl_lineage' retrieved from /opt/airflow/dags/etl_dag.py
[2025-11-13T10:47:20.393+0000] {logging_mixin.py:188} INFO - [2025-11-13T10:47:20.392+0000] {dag.py:3036} INFO - Sync 1 DAGs
[2025-11-13T10:47:20.404+0000] {logging_mixin.py:188} INFO - [2025-11-13T10:47:20.404+0000] {dag.py:3823} INFO - Setting next_dagrun for simple_etl_lineage to None, run_after=None
[2025-11-13T10:47:20.427+0000] {processor.py:183} INFO - Processing /opt/airflow/dags/etl_dag.py took 0.097 seconds
[2025-11-13T10:47:50.840+0000] {processor.py:161} INFO - Started process (PID=13855) to work on /opt/airflow/dags/etl_dag.py
[2025-11-13T10:47:50.843+0000] {processor.py:830} INFO - Processing file /opt/airflow/dags/etl_dag.py for tasks to queue
[2025-11-13T10:47:50.845+0000] {logging_mixin.py:188} INFO - [2025-11-13T10:47:50.844+0000] {dagbag.py:538} INFO - Filling up the DagBag from /opt/airflow/dags/etl_dag.py
[2025-11-13T10:47:50.890+0000] {processor.py:840} INFO - DAG(s) 'simple_etl_lineage' retrieved from /opt/airflow/dags/etl_dag.py
[2025-11-13T10:47:50.929+0000] {logging_mixin.py:188} INFO - [2025-11-13T10:47:50.929+0000] {dag.py:3036} INFO - Sync 1 DAGs
[2025-11-13T10:47:50.952+0000] {logging_mixin.py:188} INFO - [2025-11-13T10:47:50.952+0000] {dag.py:3823} INFO - Setting next_dagrun for simple_etl_lineage to None, run_after=None
[2025-11-13T10:47:50.982+0000] {processor.py:183} INFO - Processing /opt/airflow/dags/etl_dag.py took 0.146 seconds
[2025-11-13T10:48:21.141+0000] {processor.py:161} INFO - Started process (PID=13870) to work on /opt/airflow/dags/etl_dag.py
[2025-11-13T10:48:21.143+0000] {processor.py:830} INFO - Processing file /opt/airflow/dags/etl_dag.py for tasks to queue
[2025-11-13T10:48:21.145+0000] {logging_mixin.py:188} INFO - [2025-11-13T10:48:21.144+0000] {dagbag.py:538} INFO - Filling up the DagBag from /opt/airflow/dags/etl_dag.py
[2025-11-13T10:48:21.182+0000] {processor.py:840} INFO - DAG(s) 'simple_etl_lineage' retrieved from /opt/airflow/dags/etl_dag.py
[2025-11-13T10:48:21.242+0000] {logging_mixin.py:188} INFO - [2025-11-13T10:48:21.242+0000] {dag.py:3036} INFO - Sync 1 DAGs
[2025-11-13T10:48:21.302+0000] {logging_mixin.py:188} INFO - [2025-11-13T10:48:21.291+0000] {dag.py:3823} INFO - Setting next_dagrun for simple_etl_lineage to None, run_after=None
[2025-11-13T10:48:21.389+0000] {processor.py:183} INFO - Processing /opt/airflow/dags/etl_dag.py took 0.253 seconds
[2025-11-13T10:48:51.659+0000] {processor.py:161} INFO - Started process (PID=13885) to work on /opt/airflow/dags/etl_dag.py
[2025-11-13T10:48:51.661+0000] {processor.py:830} INFO - Processing file /opt/airflow/dags/etl_dag.py for tasks to queue
[2025-11-13T10:48:51.662+0000] {logging_mixin.py:188} INFO - [2025-11-13T10:48:51.662+0000] {dagbag.py:538} INFO - Filling up the DagBag from /opt/airflow/dags/etl_dag.py
[2025-11-13T10:48:51.682+0000] {processor.py:840} INFO - DAG(s) 'simple_etl_lineage' retrieved from /opt/airflow/dags/etl_dag.py
[2025-11-13T10:48:51.727+0000] {logging_mixin.py:188} INFO - [2025-11-13T10:48:51.727+0000] {dag.py:3036} INFO - Sync 1 DAGs
[2025-11-13T10:48:52.381+0000] {logging_mixin.py:188} INFO - [2025-11-13T10:48:52.381+0000] {dag.py:3823} INFO - Setting next_dagrun for simple_etl_lineage to None, run_after=None
[2025-11-13T10:48:52.496+0000] {processor.py:183} INFO - Processing /opt/airflow/dags/etl_dag.py took 0.843 seconds
[2025-11-13T10:49:24.731+0000] {processor.py:161} INFO - Started process (PID=13900) to work on /opt/airflow/dags/etl_dag.py
[2025-11-13T10:49:24.752+0000] {processor.py:830} INFO - Processing file /opt/airflow/dags/etl_dag.py for tasks to queue
[2025-11-13T10:49:24.755+0000] {logging_mixin.py:188} INFO - [2025-11-13T10:49:24.755+0000] {dagbag.py:538} INFO - Filling up the DagBag from /opt/airflow/dags/etl_dag.py
[2025-11-13T10:49:24.948+0000] {processor.py:840} INFO - DAG(s) 'simple_etl_lineage' retrieved from /opt/airflow/dags/etl_dag.py
[2025-11-13T10:49:25.040+0000] {logging_mixin.py:188} INFO - [2025-11-13T10:49:25.040+0000] {dag.py:3036} INFO - Sync 1 DAGs
[2025-11-13T10:49:25.078+0000] {logging_mixin.py:188} INFO - [2025-11-13T10:49:25.078+0000] {dag.py:3823} INFO - Setting next_dagrun for simple_etl_lineage to None, run_after=None
[2025-11-13T10:49:25.133+0000] {processor.py:183} INFO - Processing /opt/airflow/dags/etl_dag.py took 0.408 seconds
[2025-11-13T10:49:55.205+0000] {processor.py:161} INFO - Started process (PID=13915) to work on /opt/airflow/dags/etl_dag.py
[2025-11-13T10:49:55.207+0000] {processor.py:830} INFO - Processing file /opt/airflow/dags/etl_dag.py for tasks to queue
[2025-11-13T10:49:55.208+0000] {logging_mixin.py:188} INFO - [2025-11-13T10:49:55.208+0000] {dagbag.py:538} INFO - Filling up the DagBag from /opt/airflow/dags/etl_dag.py
[2025-11-13T10:49:55.224+0000] {processor.py:840} INFO - DAG(s) 'simple_etl_lineage' retrieved from /opt/airflow/dags/etl_dag.py
[2025-11-13T10:49:55.254+0000] {logging_mixin.py:188} INFO - [2025-11-13T10:49:55.254+0000] {dag.py:3036} INFO - Sync 1 DAGs
[2025-11-13T10:49:55.267+0000] {logging_mixin.py:188} INFO - [2025-11-13T10:49:55.266+0000] {dag.py:3823} INFO - Setting next_dagrun for simple_etl_lineage to None, run_after=None
[2025-11-13T10:49:55.284+0000] {processor.py:183} INFO - Processing /opt/airflow/dags/etl_dag.py took 0.083 seconds
[2025-11-13T10:50:26.662+0000] {processor.py:161} INFO - Started process (PID=13930) to work on /opt/airflow/dags/etl_dag.py
[2025-11-13T10:50:26.665+0000] {processor.py:830} INFO - Processing file /opt/airflow/dags/etl_dag.py for tasks to queue
[2025-11-13T10:50:26.679+0000] {logging_mixin.py:188} INFO - [2025-11-13T10:50:26.678+0000] {dagbag.py:538} INFO - Filling up the DagBag from /opt/airflow/dags/etl_dag.py
[2025-11-13T10:50:26.732+0000] {processor.py:840} INFO - DAG(s) 'simple_etl_lineage' retrieved from /opt/airflow/dags/etl_dag.py
[2025-11-13T10:50:26.811+0000] {logging_mixin.py:188} INFO - [2025-11-13T10:50:26.810+0000] {dag.py:3036} INFO - Sync 1 DAGs
[2025-11-13T10:50:26.857+0000] {logging_mixin.py:188} INFO - [2025-11-13T10:50:26.856+0000] {dag.py:3823} INFO - Setting next_dagrun for simple_etl_lineage to None, run_after=None
[2025-11-13T10:50:26.949+0000] {processor.py:183} INFO - Processing /opt/airflow/dags/etl_dag.py took 0.293 seconds
[2025-11-13T10:50:57.128+0000] {processor.py:161} INFO - Started process (PID=13945) to work on /opt/airflow/dags/etl_dag.py
[2025-11-13T10:50:57.130+0000] {processor.py:830} INFO - Processing file /opt/airflow/dags/etl_dag.py for tasks to queue
[2025-11-13T10:50:57.131+0000] {logging_mixin.py:188} INFO - [2025-11-13T10:50:57.131+0000] {dagbag.py:538} INFO - Filling up the DagBag from /opt/airflow/dags/etl_dag.py
[2025-11-13T10:50:57.147+0000] {processor.py:840} INFO - DAG(s) 'simple_etl_lineage' retrieved from /opt/airflow/dags/etl_dag.py
[2025-11-13T10:50:57.179+0000] {logging_mixin.py:188} INFO - [2025-11-13T10:50:57.179+0000] {dag.py:3036} INFO - Sync 1 DAGs
[2025-11-13T10:50:57.191+0000] {logging_mixin.py:188} INFO - [2025-11-13T10:50:57.191+0000] {dag.py:3823} INFO - Setting next_dagrun for simple_etl_lineage to None, run_after=None
[2025-11-13T10:50:57.214+0000] {processor.py:183} INFO - Processing /opt/airflow/dags/etl_dag.py took 0.089 seconds
[2025-11-13T10:51:33.929+0000] {processor.py:161} INFO - Started process (PID=13960) to work on /opt/airflow/dags/etl_dag.py
[2025-11-13T10:51:33.931+0000] {processor.py:830} INFO - Processing file /opt/airflow/dags/etl_dag.py for tasks to queue
[2025-11-13T10:51:33.932+0000] {logging_mixin.py:188} INFO - [2025-11-13T10:51:33.932+0000] {dagbag.py:538} INFO - Filling up the DagBag from /opt/airflow/dags/etl_dag.py
[2025-11-13T10:51:33.950+0000] {processor.py:840} INFO - DAG(s) 'simple_etl_lineage' retrieved from /opt/airflow/dags/etl_dag.py
[2025-11-13T10:51:33.988+0000] {logging_mixin.py:188} INFO - [2025-11-13T10:51:33.987+0000] {dag.py:3036} INFO - Sync 1 DAGs
[2025-11-13T10:51:34.136+0000] {logging_mixin.py:188} INFO - [2025-11-13T10:51:34.135+0000] {dag.py:3823} INFO - Setting next_dagrun for simple_etl_lineage to None, run_after=None
[2025-11-13T10:51:34.166+0000] {processor.py:183} INFO - Processing /opt/airflow/dags/etl_dag.py took 0.241 seconds
[2025-11-13T10:52:05.124+0000] {processor.py:161} INFO - Started process (PID=13975) to work on /opt/airflow/dags/etl_dag.py
[2025-11-13T10:52:05.135+0000] {processor.py:830} INFO - Processing file /opt/airflow/dags/etl_dag.py for tasks to queue
[2025-11-13T10:52:05.137+0000] {logging_mixin.py:188} INFO - [2025-11-13T10:52:05.136+0000] {dagbag.py:538} INFO - Filling up the DagBag from /opt/airflow/dags/etl_dag.py
[2025-11-13T10:52:05.211+0000] {processor.py:840} INFO - DAG(s) 'simple_etl_lineage' retrieved from /opt/airflow/dags/etl_dag.py
[2025-11-13T10:52:05.288+0000] {logging_mixin.py:188} INFO - [2025-11-13T10:52:05.288+0000] {dag.py:3036} INFO - Sync 1 DAGs
[2025-11-13T10:52:05.321+0000] {logging_mixin.py:188} INFO - [2025-11-13T10:52:05.321+0000] {dag.py:3823} INFO - Setting next_dagrun for simple_etl_lineage to None, run_after=None
[2025-11-13T10:52:05.385+0000] {processor.py:183} INFO - Processing /opt/airflow/dags/etl_dag.py took 0.278 seconds
[2025-11-13T10:52:35.654+0000] {processor.py:161} INFO - Started process (PID=13990) to work on /opt/airflow/dags/etl_dag.py
[2025-11-13T10:52:35.665+0000] {processor.py:830} INFO - Processing file /opt/airflow/dags/etl_dag.py for tasks to queue
[2025-11-13T10:52:35.667+0000] {logging_mixin.py:188} INFO - [2025-11-13T10:52:35.666+0000] {dagbag.py:538} INFO - Filling up the DagBag from /opt/airflow/dags/etl_dag.py
[2025-11-13T10:52:35.689+0000] {processor.py:840} INFO - DAG(s) 'simple_etl_lineage' retrieved from /opt/airflow/dags/etl_dag.py
[2025-11-13T10:52:35.727+0000] {logging_mixin.py:188} INFO - [2025-11-13T10:52:35.726+0000] {dag.py:3036} INFO - Sync 1 DAGs
[2025-11-13T10:52:35.744+0000] {logging_mixin.py:188} INFO - [2025-11-13T10:52:35.743+0000] {dag.py:3823} INFO - Setting next_dagrun for simple_etl_lineage to None, run_after=None
[2025-11-13T10:52:35.772+0000] {processor.py:183} INFO - Processing /opt/airflow/dags/etl_dag.py took 0.123 seconds
[2025-11-13T10:53:06.209+0000] {processor.py:161} INFO - Started process (PID=14005) to work on /opt/airflow/dags/etl_dag.py
[2025-11-13T10:53:06.211+0000] {processor.py:830} INFO - Processing file /opt/airflow/dags/etl_dag.py for tasks to queue
[2025-11-13T10:53:06.212+0000] {logging_mixin.py:188} INFO - [2025-11-13T10:53:06.212+0000] {dagbag.py:538} INFO - Filling up the DagBag from /opt/airflow/dags/etl_dag.py
[2025-11-13T10:53:06.232+0000] {processor.py:840} INFO - DAG(s) 'simple_etl_lineage' retrieved from /opt/airflow/dags/etl_dag.py
[2025-11-13T10:53:06.272+0000] {logging_mixin.py:188} INFO - [2025-11-13T10:53:06.272+0000] {dag.py:3036} INFO - Sync 1 DAGs
[2025-11-13T10:53:06.287+0000] {logging_mixin.py:188} INFO - [2025-11-13T10:53:06.287+0000] {dag.py:3823} INFO - Setting next_dagrun for simple_etl_lineage to None, run_after=None
[2025-11-13T10:53:06.311+0000] {processor.py:183} INFO - Processing /opt/airflow/dags/etl_dag.py took 0.106 seconds
[2025-11-13T10:53:36.812+0000] {processor.py:161} INFO - Started process (PID=14020) to work on /opt/airflow/dags/etl_dag.py
[2025-11-13T10:53:36.814+0000] {processor.py:830} INFO - Processing file /opt/airflow/dags/etl_dag.py for tasks to queue
[2025-11-13T10:53:36.816+0000] {logging_mixin.py:188} INFO - [2025-11-13T10:53:36.815+0000] {dagbag.py:538} INFO - Filling up the DagBag from /opt/airflow/dags/etl_dag.py
[2025-11-13T10:53:36.881+0000] {processor.py:840} INFO - DAG(s) 'simple_etl_lineage' retrieved from /opt/airflow/dags/etl_dag.py
[2025-11-13T10:53:36.915+0000] {logging_mixin.py:188} INFO - [2025-11-13T10:53:36.915+0000] {dag.py:3036} INFO - Sync 1 DAGs
[2025-11-13T10:53:36.928+0000] {logging_mixin.py:188} INFO - [2025-11-13T10:53:36.927+0000] {dag.py:3823} INFO - Setting next_dagrun for simple_etl_lineage to None, run_after=None
[2025-11-13T10:53:36.956+0000] {processor.py:183} INFO - Processing /opt/airflow/dags/etl_dag.py took 0.149 seconds
[2025-11-13T10:54:09.306+0000] {processor.py:161} INFO - Started process (PID=14035) to work on /opt/airflow/dags/etl_dag.py
[2025-11-13T10:54:09.308+0000] {processor.py:830} INFO - Processing file /opt/airflow/dags/etl_dag.py for tasks to queue
[2025-11-13T10:54:09.310+0000] {logging_mixin.py:188} INFO - [2025-11-13T10:54:09.310+0000] {dagbag.py:538} INFO - Filling up the DagBag from /opt/airflow/dags/etl_dag.py
[2025-11-13T10:54:09.329+0000] {processor.py:840} INFO - DAG(s) 'simple_etl_lineage' retrieved from /opt/airflow/dags/etl_dag.py
[2025-11-13T10:54:09.364+0000] {logging_mixin.py:188} INFO - [2025-11-13T10:54:09.364+0000] {dag.py:3036} INFO - Sync 1 DAGs
[2025-11-13T10:54:09.388+0000] {logging_mixin.py:188} INFO - [2025-11-13T10:54:09.387+0000] {dag.py:3823} INFO - Setting next_dagrun for simple_etl_lineage to None, run_after=None
[2025-11-13T10:54:09.686+0000] {processor.py:183} INFO - Processing /opt/airflow/dags/etl_dag.py took 0.384 seconds
[2025-11-13T10:54:40.567+0000] {processor.py:161} INFO - Started process (PID=14050) to work on /opt/airflow/dags/etl_dag.py
[2025-11-13T10:54:40.569+0000] {processor.py:830} INFO - Processing file /opt/airflow/dags/etl_dag.py for tasks to queue
[2025-11-13T10:54:40.572+0000] {logging_mixin.py:188} INFO - [2025-11-13T10:54:40.571+0000] {dagbag.py:538} INFO - Filling up the DagBag from /opt/airflow/dags/etl_dag.py
[2025-11-13T10:54:40.615+0000] {processor.py:840} INFO - DAG(s) 'simple_etl_lineage' retrieved from /opt/airflow/dags/etl_dag.py
[2025-11-13T10:54:40.844+0000] {logging_mixin.py:188} INFO - [2025-11-13T10:54:40.843+0000] {dag.py:3036} INFO - Sync 1 DAGs
[2025-11-13T10:54:40.862+0000] {logging_mixin.py:188} INFO - [2025-11-13T10:54:40.862+0000] {dag.py:3823} INFO - Setting next_dagrun for simple_etl_lineage to None, run_after=None
[2025-11-13T10:54:40.938+0000] {processor.py:183} INFO - Processing /opt/airflow/dags/etl_dag.py took 0.378 seconds
[2025-11-13T10:55:11.150+0000] {processor.py:161} INFO - Started process (PID=14065) to work on /opt/airflow/dags/etl_dag.py
[2025-11-13T10:55:11.152+0000] {processor.py:830} INFO - Processing file /opt/airflow/dags/etl_dag.py for tasks to queue
[2025-11-13T10:55:11.154+0000] {logging_mixin.py:188} INFO - [2025-11-13T10:55:11.154+0000] {dagbag.py:538} INFO - Filling up the DagBag from /opt/airflow/dags/etl_dag.py
[2025-11-13T10:55:11.182+0000] {processor.py:840} INFO - DAG(s) 'simple_etl_lineage' retrieved from /opt/airflow/dags/etl_dag.py
[2025-11-13T10:55:11.216+0000] {logging_mixin.py:188} INFO - [2025-11-13T10:55:11.216+0000] {dag.py:3036} INFO - Sync 1 DAGs
[2025-11-13T10:55:11.228+0000] {logging_mixin.py:188} INFO - [2025-11-13T10:55:11.228+0000] {dag.py:3823} INFO - Setting next_dagrun for simple_etl_lineage to None, run_after=None
[2025-11-13T10:55:11.266+0000] {processor.py:183} INFO - Processing /opt/airflow/dags/etl_dag.py took 0.120 seconds
[2025-11-13T10:55:41.522+0000] {processor.py:161} INFO - Started process (PID=14081) to work on /opt/airflow/dags/etl_dag.py
[2025-11-13T10:55:41.525+0000] {processor.py:830} INFO - Processing file /opt/airflow/dags/etl_dag.py for tasks to queue
[2025-11-13T10:55:41.527+0000] {logging_mixin.py:188} INFO - [2025-11-13T10:55:41.526+0000] {dagbag.py:538} INFO - Filling up the DagBag from /opt/airflow/dags/etl_dag.py
[2025-11-13T10:55:41.548+0000] {processor.py:840} INFO - DAG(s) 'simple_etl_lineage' retrieved from /opt/airflow/dags/etl_dag.py
[2025-11-13T10:55:41.607+0000] {logging_mixin.py:188} INFO - [2025-11-13T10:55:41.607+0000] {dag.py:3036} INFO - Sync 1 DAGs
[2025-11-13T10:55:41.638+0000] {logging_mixin.py:188} INFO - [2025-11-13T10:55:41.637+0000] {dag.py:3823} INFO - Setting next_dagrun for simple_etl_lineage to None, run_after=None
[2025-11-13T10:55:41.686+0000] {processor.py:183} INFO - Processing /opt/airflow/dags/etl_dag.py took 0.172 seconds
[2025-11-13T10:56:12.273+0000] {processor.py:161} INFO - Started process (PID=14096) to work on /opt/airflow/dags/etl_dag.py
[2025-11-13T10:56:12.275+0000] {processor.py:830} INFO - Processing file /opt/airflow/dags/etl_dag.py for tasks to queue
[2025-11-13T10:56:12.277+0000] {logging_mixin.py:188} INFO - [2025-11-13T10:56:12.277+0000] {dagbag.py:538} INFO - Filling up the DagBag from /opt/airflow/dags/etl_dag.py
[2025-11-13T10:56:12.323+0000] {processor.py:840} INFO - DAG(s) 'simple_etl_lineage' retrieved from /opt/airflow/dags/etl_dag.py
[2025-11-13T10:56:12.373+0000] {logging_mixin.py:188} INFO - [2025-11-13T10:56:12.373+0000] {dag.py:3036} INFO - Sync 1 DAGs
[2025-11-13T10:56:12.389+0000] {logging_mixin.py:188} INFO - [2025-11-13T10:56:12.389+0000] {dag.py:3823} INFO - Setting next_dagrun for simple_etl_lineage to None, run_after=None
[2025-11-13T10:56:12.439+0000] {processor.py:183} INFO - Processing /opt/airflow/dags/etl_dag.py took 0.199 seconds
[2025-11-13T11:22:10.656+0000] {processor.py:161} INFO - Started process (PID=14109) to work on /opt/airflow/dags/etl_dag.py
[2025-11-13T11:22:10.660+0000] {processor.py:830} INFO - Processing file /opt/airflow/dags/etl_dag.py for tasks to queue
[2025-11-13T11:22:10.663+0000] {logging_mixin.py:188} INFO - [2025-11-13T11:22:10.661+0000] {dagbag.py:538} INFO - Filling up the DagBag from /opt/airflow/dags/etl_dag.py
[2025-11-13T11:22:10.697+0000] {processor.py:840} INFO - DAG(s) 'simple_etl_lineage' retrieved from /opt/airflow/dags/etl_dag.py
[2025-11-13T11:22:11.180+0000] {logging_mixin.py:188} INFO - [2025-11-13T11:22:11.179+0000] {dag.py:3036} INFO - Sync 1 DAGs
[2025-11-13T11:22:44.821+0000] {logging_mixin.py:188} INFO - [2025-11-13T11:22:44.817+0000] {dag.py:3823} INFO - Setting next_dagrun for simple_etl_lineage to None, run_after=None
[2025-11-13T11:22:45.045+0000] {processor.py:183} INFO - Processing /opt/airflow/dags/etl_dag.py took 34.404 seconds
[2025-11-13T11:23:16.379+0000] {processor.py:161} INFO - Started process (PID=14125) to work on /opt/airflow/dags/etl_dag.py
[2025-11-13T11:23:16.397+0000] {processor.py:830} INFO - Processing file /opt/airflow/dags/etl_dag.py for tasks to queue
[2025-11-13T11:23:16.522+0000] {logging_mixin.py:188} INFO - [2025-11-13T11:23:16.509+0000] {dagbag.py:538} INFO - Filling up the DagBag from /opt/airflow/dags/etl_dag.py
[2025-11-13T11:23:16.916+0000] {processor.py:840} INFO - DAG(s) 'simple_etl_lineage' retrieved from /opt/airflow/dags/etl_dag.py
[2025-11-13T11:23:17.720+0000] {logging_mixin.py:188} INFO - [2025-11-13T11:23:17.720+0000] {dag.py:3036} INFO - Sync 1 DAGs
[2025-11-13T11:23:17.773+0000] {logging_mixin.py:188} INFO - [2025-11-13T11:23:17.772+0000] {dag.py:3823} INFO - Setting next_dagrun for simple_etl_lineage to None, run_after=None
[2025-11-13T11:23:17.809+0000] {processor.py:183} INFO - Processing /opt/airflow/dags/etl_dag.py took 1.538 seconds
[2025-11-13T11:23:48.542+0000] {processor.py:161} INFO - Started process (PID=14140) to work on /opt/airflow/dags/etl_dag.py
[2025-11-13T11:23:48.544+0000] {processor.py:830} INFO - Processing file /opt/airflow/dags/etl_dag.py for tasks to queue
[2025-11-13T11:23:48.546+0000] {logging_mixin.py:188} INFO - [2025-11-13T11:23:48.545+0000] {dagbag.py:538} INFO - Filling up the DagBag from /opt/airflow/dags/etl_dag.py
[2025-11-13T11:23:48.574+0000] {processor.py:840} INFO - DAG(s) 'simple_etl_lineage' retrieved from /opt/airflow/dags/etl_dag.py
[2025-11-13T11:23:48.611+0000] {logging_mixin.py:188} INFO - [2025-11-13T11:23:48.610+0000] {dag.py:3036} INFO - Sync 1 DAGs
[2025-11-13T11:23:48.625+0000] {logging_mixin.py:188} INFO - [2025-11-13T11:23:48.625+0000] {dag.py:3823} INFO - Setting next_dagrun for simple_etl_lineage to None, run_after=None
[2025-11-13T11:23:48.654+0000] {processor.py:183} INFO - Processing /opt/airflow/dags/etl_dag.py took 0.117 seconds
[2025-11-13T11:24:19.225+0000] {processor.py:161} INFO - Started process (PID=14155) to work on /opt/airflow/dags/etl_dag.py
[2025-11-13T11:24:19.227+0000] {processor.py:830} INFO - Processing file /opt/airflow/dags/etl_dag.py for tasks to queue
[2025-11-13T11:24:19.229+0000] {logging_mixin.py:188} INFO - [2025-11-13T11:24:19.228+0000] {dagbag.py:538} INFO - Filling up the DagBag from /opt/airflow/dags/etl_dag.py
[2025-11-13T11:24:19.246+0000] {processor.py:840} INFO - DAG(s) 'simple_etl_lineage' retrieved from /opt/airflow/dags/etl_dag.py
[2025-11-13T11:24:19.276+0000] {logging_mixin.py:188} INFO - [2025-11-13T11:24:19.276+0000] {dag.py:3036} INFO - Sync 1 DAGs
[2025-11-13T11:24:19.288+0000] {logging_mixin.py:188} INFO - [2025-11-13T11:24:19.287+0000] {dag.py:3823} INFO - Setting next_dagrun for simple_etl_lineage to None, run_after=None
[2025-11-13T11:24:19.311+0000] {processor.py:183} INFO - Processing /opt/airflow/dags/etl_dag.py took 0.089 seconds
[2025-11-13T11:24:49.553+0000] {processor.py:161} INFO - Started process (PID=14170) to work on /opt/airflow/dags/etl_dag.py
[2025-11-13T11:24:49.555+0000] {processor.py:830} INFO - Processing file /opt/airflow/dags/etl_dag.py for tasks to queue
[2025-11-13T11:24:49.556+0000] {logging_mixin.py:188} INFO - [2025-11-13T11:24:49.556+0000] {dagbag.py:538} INFO - Filling up the DagBag from /opt/airflow/dags/etl_dag.py
[2025-11-13T11:24:49.574+0000] {processor.py:840} INFO - DAG(s) 'simple_etl_lineage' retrieved from /opt/airflow/dags/etl_dag.py
[2025-11-13T11:24:49.793+0000] {logging_mixin.py:188} INFO - [2025-11-13T11:24:49.793+0000] {dag.py:3036} INFO - Sync 1 DAGs
[2025-11-13T11:24:49.804+0000] {logging_mixin.py:188} INFO - [2025-11-13T11:24:49.804+0000] {dag.py:3823} INFO - Setting next_dagrun for simple_etl_lineage to None, run_after=None
[2025-11-13T11:24:49.827+0000] {processor.py:183} INFO - Processing /opt/airflow/dags/etl_dag.py took 0.278 seconds
[2025-11-13T11:25:20.161+0000] {processor.py:161} INFO - Started process (PID=14185) to work on /opt/airflow/dags/etl_dag.py
[2025-11-13T11:25:20.164+0000] {processor.py:830} INFO - Processing file /opt/airflow/dags/etl_dag.py for tasks to queue
[2025-11-13T11:25:20.166+0000] {logging_mixin.py:188} INFO - [2025-11-13T11:25:20.165+0000] {dagbag.py:538} INFO - Filling up the DagBag from /opt/airflow/dags/etl_dag.py
[2025-11-13T11:25:20.186+0000] {processor.py:840} INFO - DAG(s) 'simple_etl_lineage' retrieved from /opt/airflow/dags/etl_dag.py
[2025-11-13T11:25:20.241+0000] {logging_mixin.py:188} INFO - [2025-11-13T11:25:20.241+0000] {dag.py:3036} INFO - Sync 1 DAGs
[2025-11-13T11:25:20.262+0000] {logging_mixin.py:188} INFO - [2025-11-13T11:25:20.262+0000] {dag.py:3823} INFO - Setting next_dagrun for simple_etl_lineage to None, run_after=None
[2025-11-13T11:25:20.301+0000] {processor.py:183} INFO - Processing /opt/airflow/dags/etl_dag.py took 0.150 seconds
[2025-11-13T11:25:50.829+0000] {processor.py:161} INFO - Started process (PID=14200) to work on /opt/airflow/dags/etl_dag.py
[2025-11-13T11:25:50.831+0000] {processor.py:830} INFO - Processing file /opt/airflow/dags/etl_dag.py for tasks to queue
[2025-11-13T11:25:50.832+0000] {logging_mixin.py:188} INFO - [2025-11-13T11:25:50.832+0000] {dagbag.py:538} INFO - Filling up the DagBag from /opt/airflow/dags/etl_dag.py
[2025-11-13T11:25:50.851+0000] {processor.py:840} INFO - DAG(s) 'simple_etl_lineage' retrieved from /opt/airflow/dags/etl_dag.py
[2025-11-13T11:25:50.897+0000] {logging_mixin.py:188} INFO - [2025-11-13T11:25:50.896+0000] {dag.py:3036} INFO - Sync 1 DAGs
[2025-11-13T11:25:50.910+0000] {logging_mixin.py:188} INFO - [2025-11-13T11:25:50.909+0000] {dag.py:3823} INFO - Setting next_dagrun for simple_etl_lineage to None, run_after=None
[2025-11-13T11:25:50.934+0000] {processor.py:183} INFO - Processing /opt/airflow/dags/etl_dag.py took 0.110 seconds
[2025-11-13T11:26:21.778+0000] {processor.py:161} INFO - Started process (PID=14215) to work on /opt/airflow/dags/etl_dag.py
[2025-11-13T11:26:21.781+0000] {processor.py:830} INFO - Processing file /opt/airflow/dags/etl_dag.py for tasks to queue
[2025-11-13T11:26:21.783+0000] {logging_mixin.py:188} INFO - [2025-11-13T11:26:21.782+0000] {dagbag.py:538} INFO - Filling up the DagBag from /opt/airflow/dags/etl_dag.py
[2025-11-13T11:26:21.831+0000] {processor.py:840} INFO - DAG(s) 'simple_etl_lineage' retrieved from /opt/airflow/dags/etl_dag.py
[2025-11-13T11:26:21.912+0000] {logging_mixin.py:188} INFO - [2025-11-13T11:26:21.908+0000] {dag.py:3036} INFO - Sync 1 DAGs
[2025-11-13T11:26:21.958+0000] {logging_mixin.py:188} INFO - [2025-11-13T11:26:21.957+0000] {dag.py:3823} INFO - Setting next_dagrun for simple_etl_lineage to None, run_after=None
[2025-11-13T11:26:27.204+0000] {processor.py:183} INFO - Processing /opt/airflow/dags/etl_dag.py took 5.433 seconds
[2025-11-13T11:26:57.758+0000] {processor.py:161} INFO - Started process (PID=14230) to work on /opt/airflow/dags/etl_dag.py
[2025-11-13T11:26:57.768+0000] {processor.py:830} INFO - Processing file /opt/airflow/dags/etl_dag.py for tasks to queue
[2025-11-13T11:26:57.786+0000] {logging_mixin.py:188} INFO - [2025-11-13T11:26:57.777+0000] {dagbag.py:538} INFO - Filling up the DagBag from /opt/airflow/dags/etl_dag.py
[2025-11-13T11:26:57.954+0000] {processor.py:840} INFO - DAG(s) 'simple_etl_lineage' retrieved from /opt/airflow/dags/etl_dag.py
[2025-11-13T11:27:03.620+0000] {logging_mixin.py:188} INFO - [2025-11-13T11:27:03.619+0000] {dag.py:3036} INFO - Sync 1 DAGs
[2025-11-13T11:27:03.710+0000] {logging_mixin.py:188} INFO - [2025-11-13T11:27:03.710+0000] {dag.py:3823} INFO - Setting next_dagrun for simple_etl_lineage to None, run_after=None
[2025-11-13T11:27:03.779+0000] {processor.py:183} INFO - Processing /opt/airflow/dags/etl_dag.py took 6.124 seconds
[2025-11-13T11:27:36.314+0000] {processor.py:161} INFO - Started process (PID=14253) to work on /opt/airflow/dags/etl_dag.py
[2025-11-13T11:27:36.316+0000] {processor.py:830} INFO - Processing file /opt/airflow/dags/etl_dag.py for tasks to queue
[2025-11-13T11:27:36.319+0000] {logging_mixin.py:188} INFO - [2025-11-13T11:27:36.318+0000] {dagbag.py:538} INFO - Filling up the DagBag from /opt/airflow/dags/etl_dag.py
[2025-11-13T11:27:36.394+0000] {processor.py:840} INFO - DAG(s) 'simple_etl_lineage' retrieved from /opt/airflow/dags/etl_dag.py
[2025-11-13T11:27:36.504+0000] {logging_mixin.py:188} INFO - [2025-11-13T11:27:36.503+0000] {dag.py:3036} INFO - Sync 1 DAGs
[2025-11-13T11:27:36.544+0000] {logging_mixin.py:188} INFO - [2025-11-13T11:27:36.544+0000] {dag.py:3823} INFO - Setting next_dagrun for simple_etl_lineage to None, run_after=None
[2025-11-13T11:27:36.622+0000] {processor.py:183} INFO - Processing /opt/airflow/dags/etl_dag.py took 0.316 seconds
[2025-11-13T11:28:08.003+0000] {processor.py:161} INFO - Started process (PID=14270) to work on /opt/airflow/dags/etl_dag.py
[2025-11-13T11:28:08.009+0000] {processor.py:830} INFO - Processing file /opt/airflow/dags/etl_dag.py for tasks to queue
[2025-11-13T11:28:08.016+0000] {logging_mixin.py:188} INFO - [2025-11-13T11:28:08.015+0000] {dagbag.py:538} INFO - Filling up the DagBag from /opt/airflow/dags/etl_dag.py
[2025-11-13T11:28:08.161+0000] {processor.py:840} INFO - DAG(s) 'simple_etl_lineage' retrieved from /opt/airflow/dags/etl_dag.py
[2025-11-13T11:28:08.259+0000] {logging_mixin.py:188} INFO - [2025-11-13T11:28:08.258+0000] {dag.py:3036} INFO - Sync 1 DAGs
[2025-11-13T11:28:08.299+0000] {logging_mixin.py:188} INFO - [2025-11-13T11:28:08.298+0000] {dag.py:3823} INFO - Setting next_dagrun for simple_etl_lineage to None, run_after=None
[2025-11-13T11:28:08.365+0000] {processor.py:183} INFO - Processing /opt/airflow/dags/etl_dag.py took 0.369 seconds
[2025-11-13T11:28:39.327+0000] {processor.py:161} INFO - Started process (PID=14285) to work on /opt/airflow/dags/etl_dag.py
[2025-11-13T11:28:39.328+0000] {processor.py:830} INFO - Processing file /opt/airflow/dags/etl_dag.py for tasks to queue
[2025-11-13T11:28:39.330+0000] {logging_mixin.py:188} INFO - [2025-11-13T11:28:39.330+0000] {dagbag.py:538} INFO - Filling up the DagBag from /opt/airflow/dags/etl_dag.py
[2025-11-13T11:28:39.354+0000] {processor.py:840} INFO - DAG(s) 'simple_etl_lineage' retrieved from /opt/airflow/dags/etl_dag.py
[2025-11-13T11:28:39.390+0000] {logging_mixin.py:188} INFO - [2025-11-13T11:28:39.390+0000] {dag.py:3036} INFO - Sync 1 DAGs
[2025-11-13T11:28:39.411+0000] {logging_mixin.py:188} INFO - [2025-11-13T11:28:39.411+0000] {dag.py:3823} INFO - Setting next_dagrun for simple_etl_lineage to None, run_after=None
[2025-11-13T11:28:39.445+0000] {processor.py:183} INFO - Processing /opt/airflow/dags/etl_dag.py took 0.122 seconds
[2025-11-13T11:29:10.358+0000] {processor.py:161} INFO - Started process (PID=14300) to work on /opt/airflow/dags/etl_dag.py
[2025-11-13T11:29:10.360+0000] {processor.py:830} INFO - Processing file /opt/airflow/dags/etl_dag.py for tasks to queue
[2025-11-13T11:29:10.362+0000] {logging_mixin.py:188} INFO - [2025-11-13T11:29:10.361+0000] {dagbag.py:538} INFO - Filling up the DagBag from /opt/airflow/dags/etl_dag.py
[2025-11-13T11:29:10.384+0000] {processor.py:840} INFO - DAG(s) 'simple_etl_lineage' retrieved from /opt/airflow/dags/etl_dag.py
[2025-11-13T11:29:10.418+0000] {logging_mixin.py:188} INFO - [2025-11-13T11:29:10.417+0000] {dag.py:3036} INFO - Sync 1 DAGs
[2025-11-13T11:29:10.434+0000] {logging_mixin.py:188} INFO - [2025-11-13T11:29:10.434+0000] {dag.py:3823} INFO - Setting next_dagrun for simple_etl_lineage to None, run_after=None
[2025-11-13T11:29:10.461+0000] {processor.py:183} INFO - Processing /opt/airflow/dags/etl_dag.py took 0.108 seconds
[2025-11-13T11:29:40.744+0000] {processor.py:161} INFO - Started process (PID=14313) to work on /opt/airflow/dags/etl_dag.py
[2025-11-13T11:29:40.746+0000] {processor.py:830} INFO - Processing file /opt/airflow/dags/etl_dag.py for tasks to queue
[2025-11-13T11:29:40.748+0000] {logging_mixin.py:188} INFO - [2025-11-13T11:29:40.747+0000] {dagbag.py:538} INFO - Filling up the DagBag from /opt/airflow/dags/etl_dag.py
[2025-11-13T11:29:40.771+0000] {processor.py:840} INFO - DAG(s) 'simple_etl_lineage' retrieved from /opt/airflow/dags/etl_dag.py
[2025-11-13T11:29:40.836+0000] {logging_mixin.py:188} INFO - [2025-11-13T11:29:40.835+0000] {dag.py:3036} INFO - Sync 1 DAGs
[2025-11-13T11:29:40.868+0000] {logging_mixin.py:188} INFO - [2025-11-13T11:29:40.868+0000] {dag.py:3823} INFO - Setting next_dagrun for simple_etl_lineage to None, run_after=None
[2025-11-13T11:29:40.918+0000] {processor.py:183} INFO - Processing /opt/airflow/dags/etl_dag.py took 0.177 seconds
[2025-11-13T11:30:11.394+0000] {processor.py:161} INFO - Started process (PID=14328) to work on /opt/airflow/dags/etl_dag.py
[2025-11-13T11:30:11.396+0000] {processor.py:830} INFO - Processing file /opt/airflow/dags/etl_dag.py for tasks to queue
[2025-11-13T11:30:11.397+0000] {logging_mixin.py:188} INFO - [2025-11-13T11:30:11.396+0000] {dagbag.py:538} INFO - Filling up the DagBag from /opt/airflow/dags/etl_dag.py
[2025-11-13T11:30:11.416+0000] {processor.py:840} INFO - DAG(s) 'simple_etl_lineage' retrieved from /opt/airflow/dags/etl_dag.py
[2025-11-13T11:30:11.467+0000] {logging_mixin.py:188} INFO - [2025-11-13T11:30:11.466+0000] {dag.py:3036} INFO - Sync 1 DAGs
[2025-11-13T11:30:11.482+0000] {logging_mixin.py:188} INFO - [2025-11-13T11:30:11.482+0000] {dag.py:3823} INFO - Setting next_dagrun for simple_etl_lineage to None, run_after=None
[2025-11-13T11:30:11.510+0000] {processor.py:183} INFO - Processing /opt/airflow/dags/etl_dag.py took 0.120 seconds
[2025-11-13T11:30:42.311+0000] {processor.py:161} INFO - Started process (PID=14343) to work on /opt/airflow/dags/etl_dag.py
[2025-11-13T11:30:42.323+0000] {processor.py:830} INFO - Processing file /opt/airflow/dags/etl_dag.py for tasks to queue
[2025-11-13T11:30:42.325+0000] {logging_mixin.py:188} INFO - [2025-11-13T11:30:42.325+0000] {dagbag.py:538} INFO - Filling up the DagBag from /opt/airflow/dags/etl_dag.py
[2025-11-13T11:30:42.361+0000] {processor.py:840} INFO - DAG(s) 'simple_etl_lineage' retrieved from /opt/airflow/dags/etl_dag.py
[2025-11-13T11:30:42.509+0000] {logging_mixin.py:188} INFO - [2025-11-13T11:30:42.509+0000] {dag.py:3036} INFO - Sync 1 DAGs
[2025-11-13T11:30:42.566+0000] {logging_mixin.py:188} INFO - [2025-11-13T11:30:42.565+0000] {dag.py:3823} INFO - Setting next_dagrun for simple_etl_lineage to None, run_after=None
[2025-11-13T11:30:42.638+0000] {processor.py:183} INFO - Processing /opt/airflow/dags/etl_dag.py took 0.332 seconds
[2025-11-13T11:31:12.937+0000] {processor.py:161} INFO - Started process (PID=14358) to work on /opt/airflow/dags/etl_dag.py
[2025-11-13T11:31:12.941+0000] {processor.py:830} INFO - Processing file /opt/airflow/dags/etl_dag.py for tasks to queue
[2025-11-13T11:31:12.942+0000] {logging_mixin.py:188} INFO - [2025-11-13T11:31:12.942+0000] {dagbag.py:538} INFO - Filling up the DagBag from /opt/airflow/dags/etl_dag.py
[2025-11-13T11:31:12.964+0000] {processor.py:840} INFO - DAG(s) 'simple_etl_lineage' retrieved from /opt/airflow/dags/etl_dag.py
[2025-11-13T11:31:13.012+0000] {logging_mixin.py:188} INFO - [2025-11-13T11:31:13.012+0000] {dag.py:3036} INFO - Sync 1 DAGs
[2025-11-13T11:31:13.036+0000] {logging_mixin.py:188} INFO - [2025-11-13T11:31:13.036+0000] {dag.py:3823} INFO - Setting next_dagrun for simple_etl_lineage to None, run_after=None
[2025-11-13T11:31:13.073+0000] {processor.py:183} INFO - Processing /opt/airflow/dags/etl_dag.py took 0.139 seconds
[2025-11-13T11:31:55.799+0000] {processor.py:161} INFO - Started process (PID=14375) to work on /opt/airflow/dags/etl_dag.py
[2025-11-13T11:31:55.802+0000] {processor.py:830} INFO - Processing file /opt/airflow/dags/etl_dag.py for tasks to queue
[2025-11-13T11:31:55.804+0000] {logging_mixin.py:188} INFO - [2025-11-13T11:31:55.803+0000] {dagbag.py:538} INFO - Filling up the DagBag from /opt/airflow/dags/etl_dag.py
[2025-11-13T11:31:55.831+0000] {processor.py:840} INFO - DAG(s) 'simple_etl_lineage' retrieved from /opt/airflow/dags/etl_dag.py
[2025-11-13T11:31:55.874+0000] {logging_mixin.py:188} INFO - [2025-11-13T11:31:55.873+0000] {dag.py:3036} INFO - Sync 1 DAGs
[2025-11-13T11:31:55.898+0000] {logging_mixin.py:188} INFO - [2025-11-13T11:31:55.897+0000] {dag.py:3823} INFO - Setting next_dagrun for simple_etl_lineage to None, run_after=None
[2025-11-13T11:31:55.939+0000] {processor.py:183} INFO - Processing /opt/airflow/dags/etl_dag.py took 0.148 seconds
[2025-11-13T11:32:26.123+0000] {processor.py:161} INFO - Started process (PID=14390) to work on /opt/airflow/dags/etl_dag.py
[2025-11-13T11:32:26.125+0000] {processor.py:830} INFO - Processing file /opt/airflow/dags/etl_dag.py for tasks to queue
[2025-11-13T11:32:26.126+0000] {logging_mixin.py:188} INFO - [2025-11-13T11:32:26.126+0000] {dagbag.py:538} INFO - Filling up the DagBag from /opt/airflow/dags/etl_dag.py
[2025-11-13T11:32:26.147+0000] {processor.py:840} INFO - DAG(s) 'simple_etl_lineage' retrieved from /opt/airflow/dags/etl_dag.py
[2025-11-13T11:32:26.191+0000] {logging_mixin.py:188} INFO - [2025-11-13T11:32:26.190+0000] {dag.py:3036} INFO - Sync 1 DAGs
[2025-11-13T11:32:26.208+0000] {logging_mixin.py:188} INFO - [2025-11-13T11:32:26.207+0000] {dag.py:3823} INFO - Setting next_dagrun for simple_etl_lineage to None, run_after=None
[2025-11-13T11:32:26.233+0000] {processor.py:183} INFO - Processing /opt/airflow/dags/etl_dag.py took 0.114 seconds
[2025-11-13T11:32:57.033+0000] {processor.py:161} INFO - Started process (PID=14403) to work on /opt/airflow/dags/etl_dag.py
[2025-11-13T11:32:57.047+0000] {processor.py:830} INFO - Processing file /opt/airflow/dags/etl_dag.py for tasks to queue
[2025-11-13T11:32:57.060+0000] {logging_mixin.py:188} INFO - [2025-11-13T11:32:57.059+0000] {dagbag.py:538} INFO - Filling up the DagBag from /opt/airflow/dags/etl_dag.py
[2025-11-13T11:32:57.081+0000] {processor.py:840} INFO - DAG(s) 'simple_etl_lineage' retrieved from /opt/airflow/dags/etl_dag.py
[2025-11-13T11:32:57.175+0000] {logging_mixin.py:188} INFO - [2025-11-13T11:32:57.175+0000] {dag.py:3036} INFO - Sync 1 DAGs
[2025-11-13T11:32:57.211+0000] {logging_mixin.py:188} INFO - [2025-11-13T11:32:57.210+0000] {dag.py:3823} INFO - Setting next_dagrun for simple_etl_lineage to None, run_after=None
[2025-11-13T11:32:57.331+0000] {processor.py:183} INFO - Processing /opt/airflow/dags/etl_dag.py took 0.306 seconds
[2025-11-13T11:33:28.037+0000] {processor.py:161} INFO - Started process (PID=14415) to work on /opt/airflow/dags/etl_dag.py
[2025-11-13T11:33:28.039+0000] {processor.py:830} INFO - Processing file /opt/airflow/dags/etl_dag.py for tasks to queue
[2025-11-13T11:33:28.040+0000] {logging_mixin.py:188} INFO - [2025-11-13T11:33:28.040+0000] {dagbag.py:538} INFO - Filling up the DagBag from /opt/airflow/dags/etl_dag.py
[2025-11-13T11:33:28.060+0000] {processor.py:840} INFO - DAG(s) 'simple_etl_lineage' retrieved from /opt/airflow/dags/etl_dag.py
[2025-11-13T11:33:28.095+0000] {logging_mixin.py:188} INFO - [2025-11-13T11:33:28.095+0000] {dag.py:3036} INFO - Sync 1 DAGs
[2025-11-13T11:33:28.107+0000] {logging_mixin.py:188} INFO - [2025-11-13T11:33:28.107+0000] {dag.py:3823} INFO - Setting next_dagrun for simple_etl_lineage to None, run_after=None
[2025-11-13T11:33:28.132+0000] {processor.py:183} INFO - Processing /opt/airflow/dags/etl_dag.py took 0.100 seconds
[2025-11-13T11:33:58.672+0000] {processor.py:161} INFO - Started process (PID=14430) to work on /opt/airflow/dags/etl_dag.py
[2025-11-13T11:33:58.674+0000] {processor.py:830} INFO - Processing file /opt/airflow/dags/etl_dag.py for tasks to queue
[2025-11-13T11:33:58.675+0000] {logging_mixin.py:188} INFO - [2025-11-13T11:33:58.674+0000] {dagbag.py:538} INFO - Filling up the DagBag from /opt/airflow/dags/etl_dag.py
[2025-11-13T11:33:58.690+0000] {processor.py:840} INFO - DAG(s) 'simple_etl_lineage' retrieved from /opt/airflow/dags/etl_dag.py
[2025-11-13T11:33:58.729+0000] {logging_mixin.py:188} INFO - [2025-11-13T11:33:58.729+0000] {dag.py:3036} INFO - Sync 1 DAGs
[2025-11-13T11:33:58.748+0000] {logging_mixin.py:188} INFO - [2025-11-13T11:33:58.748+0000] {dag.py:3823} INFO - Setting next_dagrun for simple_etl_lineage to None, run_after=None
[2025-11-13T11:33:58.778+0000] {processor.py:183} INFO - Processing /opt/airflow/dags/etl_dag.py took 0.110 seconds
[2025-11-13T11:34:28.871+0000] {processor.py:161} INFO - Started process (PID=14443) to work on /opt/airflow/dags/etl_dag.py
[2025-11-13T11:34:28.873+0000] {processor.py:830} INFO - Processing file /opt/airflow/dags/etl_dag.py for tasks to queue
[2025-11-13T11:34:28.874+0000] {logging_mixin.py:188} INFO - [2025-11-13T11:34:28.874+0000] {dagbag.py:538} INFO - Filling up the DagBag from /opt/airflow/dags/etl_dag.py
[2025-11-13T11:34:28.894+0000] {processor.py:840} INFO - DAG(s) 'simple_etl_lineage' retrieved from /opt/airflow/dags/etl_dag.py
[2025-11-13T11:34:28.947+0000] {logging_mixin.py:188} INFO - [2025-11-13T11:34:28.947+0000] {dag.py:3036} INFO - Sync 1 DAGs
[2025-11-13T11:34:28.967+0000] {logging_mixin.py:188} INFO - [2025-11-13T11:34:28.966+0000] {dag.py:3823} INFO - Setting next_dagrun for simple_etl_lineage to None, run_after=None
[2025-11-13T11:34:29.009+0000] {processor.py:183} INFO - Processing /opt/airflow/dags/etl_dag.py took 0.142 seconds
[2025-11-13T11:34:59.751+0000] {processor.py:161} INFO - Started process (PID=14458) to work on /opt/airflow/dags/etl_dag.py
[2025-11-13T11:34:59.754+0000] {processor.py:830} INFO - Processing file /opt/airflow/dags/etl_dag.py for tasks to queue
[2025-11-13T11:34:59.756+0000] {logging_mixin.py:188} INFO - [2025-11-13T11:34:59.755+0000] {dagbag.py:538} INFO - Filling up the DagBag from /opt/airflow/dags/etl_dag.py
[2025-11-13T11:34:59.788+0000] {processor.py:840} INFO - DAG(s) 'simple_etl_lineage' retrieved from /opt/airflow/dags/etl_dag.py
[2025-11-13T11:34:59.867+0000] {logging_mixin.py:188} INFO - [2025-11-13T11:34:59.867+0000] {dag.py:3036} INFO - Sync 1 DAGs
[2025-11-13T11:34:59.898+0000] {logging_mixin.py:188} INFO - [2025-11-13T11:34:59.897+0000] {dag.py:3823} INFO - Setting next_dagrun for simple_etl_lineage to None, run_after=None
[2025-11-13T11:34:59.942+0000] {processor.py:183} INFO - Processing /opt/airflow/dags/etl_dag.py took 0.196 seconds
[2025-11-13T11:35:30.674+0000] {processor.py:161} INFO - Started process (PID=14473) to work on /opt/airflow/dags/etl_dag.py
[2025-11-13T11:35:30.676+0000] {processor.py:830} INFO - Processing file /opt/airflow/dags/etl_dag.py for tasks to queue
[2025-11-13T11:35:30.680+0000] {logging_mixin.py:188} INFO - [2025-11-13T11:35:30.679+0000] {dagbag.py:538} INFO - Filling up the DagBag from /opt/airflow/dags/etl_dag.py
[2025-11-13T11:35:30.717+0000] {processor.py:840} INFO - DAG(s) 'simple_etl_lineage' retrieved from /opt/airflow/dags/etl_dag.py
[2025-11-13T11:35:30.783+0000] {logging_mixin.py:188} INFO - [2025-11-13T11:35:30.782+0000] {dag.py:3036} INFO - Sync 1 DAGs
[2025-11-13T11:35:30.803+0000] {logging_mixin.py:188} INFO - [2025-11-13T11:35:30.802+0000] {dag.py:3823} INFO - Setting next_dagrun for simple_etl_lineage to None, run_after=None
[2025-11-13T11:35:30.838+0000] {processor.py:183} INFO - Processing /opt/airflow/dags/etl_dag.py took 0.173 seconds
[2025-11-13T11:36:13.283+0000] {processor.py:161} INFO - Started process (PID=14486) to work on /opt/airflow/dags/etl_dag.py
[2025-11-13T11:36:13.333+0000] {processor.py:830} INFO - Processing file /opt/airflow/dags/etl_dag.py for tasks to queue
[2025-11-13T11:36:13.514+0000] {logging_mixin.py:188} INFO - [2025-11-13T11:36:13.401+0000] {dagbag.py:538} INFO - Filling up the DagBag from /opt/airflow/dags/etl_dag.py
[2025-11-13T11:36:15.847+0000] {processor.py:840} INFO - DAG(s) 'simple_etl_lineage' retrieved from /opt/airflow/dags/etl_dag.py
[2025-11-13T11:36:20.221+0000] {logging_mixin.py:188} INFO - [2025-11-13T11:36:20.220+0000] {dag.py:3036} INFO - Sync 1 DAGs
[2025-11-13T11:36:20.568+0000] {logging_mixin.py:188} INFO - [2025-11-13T11:36:20.567+0000] {dag.py:3823} INFO - Setting next_dagrun for simple_etl_lineage to None, run_after=None
[2025-11-13T11:36:20.728+0000] {processor.py:183} INFO - Processing /opt/airflow/dags/etl_dag.py took 7.663 seconds
[2025-11-13T11:36:51.231+0000] {processor.py:161} INFO - Started process (PID=14503) to work on /opt/airflow/dags/etl_dag.py
[2025-11-13T11:36:51.233+0000] {processor.py:830} INFO - Processing file /opt/airflow/dags/etl_dag.py for tasks to queue
[2025-11-13T11:36:51.235+0000] {logging_mixin.py:188} INFO - [2025-11-13T11:36:51.234+0000] {dagbag.py:538} INFO - Filling up the DagBag from /opt/airflow/dags/etl_dag.py
[2025-11-13T11:36:51.275+0000] {processor.py:840} INFO - DAG(s) 'simple_etl_lineage' retrieved from /opt/airflow/dags/etl_dag.py
[2025-11-13T11:36:51.771+0000] {logging_mixin.py:188} INFO - [2025-11-13T11:36:51.771+0000] {dag.py:3036} INFO - Sync 1 DAGs
[2025-11-13T11:36:52.656+0000] {logging_mixin.py:188} INFO - [2025-11-13T11:36:52.655+0000] {dag.py:3823} INFO - Setting next_dagrun for simple_etl_lineage to None, run_after=None
[2025-11-13T11:36:52.791+0000] {processor.py:183} INFO - Processing /opt/airflow/dags/etl_dag.py took 1.575 seconds
[2025-11-13T11:37:23.263+0000] {processor.py:161} INFO - Started process (PID=14518) to work on /opt/airflow/dags/etl_dag.py
[2025-11-13T11:37:23.264+0000] {processor.py:830} INFO - Processing file /opt/airflow/dags/etl_dag.py for tasks to queue
[2025-11-13T11:37:23.266+0000] {logging_mixin.py:188} INFO - [2025-11-13T11:37:23.266+0000] {dagbag.py:538} INFO - Filling up the DagBag from /opt/airflow/dags/etl_dag.py
[2025-11-13T11:37:23.289+0000] {processor.py:840} INFO - DAG(s) 'simple_etl_lineage' retrieved from /opt/airflow/dags/etl_dag.py
[2025-11-13T11:37:23.361+0000] {logging_mixin.py:188} INFO - [2025-11-13T11:37:23.359+0000] {dag.py:3036} INFO - Sync 1 DAGs
[2025-11-13T11:37:23.429+0000] {logging_mixin.py:188} INFO - [2025-11-13T11:37:23.428+0000] {dag.py:3823} INFO - Setting next_dagrun for simple_etl_lineage to None, run_after=None
[2025-11-13T11:37:23.492+0000] {processor.py:183} INFO - Processing /opt/airflow/dags/etl_dag.py took 0.238 seconds
[2025-11-13T11:37:54.053+0000] {processor.py:161} INFO - Started process (PID=14533) to work on /opt/airflow/dags/etl_dag.py
[2025-11-13T11:37:54.055+0000] {processor.py:830} INFO - Processing file /opt/airflow/dags/etl_dag.py for tasks to queue
[2025-11-13T11:37:54.056+0000] {logging_mixin.py:188} INFO - [2025-11-13T11:37:54.056+0000] {dagbag.py:538} INFO - Filling up the DagBag from /opt/airflow/dags/etl_dag.py
[2025-11-13T11:37:54.101+0000] {processor.py:840} INFO - DAG(s) 'simple_etl_lineage' retrieved from /opt/airflow/dags/etl_dag.py
[2025-11-13T11:37:54.143+0000] {logging_mixin.py:188} INFO - [2025-11-13T11:37:54.142+0000] {dag.py:3036} INFO - Sync 1 DAGs
[2025-11-13T11:37:54.161+0000] {logging_mixin.py:188} INFO - [2025-11-13T11:37:54.161+0000] {dag.py:3823} INFO - Setting next_dagrun for simple_etl_lineage to None, run_after=None
[2025-11-13T11:37:54.194+0000] {processor.py:183} INFO - Processing /opt/airflow/dags/etl_dag.py took 0.152 seconds
[2025-11-13T11:38:25.218+0000] {processor.py:161} INFO - Started process (PID=14548) to work on /opt/airflow/dags/etl_dag.py
[2025-11-13T11:38:25.221+0000] {processor.py:830} INFO - Processing file /opt/airflow/dags/etl_dag.py for tasks to queue
[2025-11-13T11:38:25.223+0000] {logging_mixin.py:188} INFO - [2025-11-13T11:38:25.222+0000] {dagbag.py:538} INFO - Filling up the DagBag from /opt/airflow/dags/etl_dag.py
[2025-11-13T11:38:25.296+0000] {processor.py:840} INFO - DAG(s) 'simple_etl_lineage' retrieved from /opt/airflow/dags/etl_dag.py
[2025-11-13T11:38:25.593+0000] {logging_mixin.py:188} INFO - [2025-11-13T11:38:25.592+0000] {dag.py:3036} INFO - Sync 1 DAGs
[2025-11-13T11:38:25.711+0000] {logging_mixin.py:188} INFO - [2025-11-13T11:38:25.710+0000] {dag.py:3823} INFO - Setting next_dagrun for simple_etl_lineage to None, run_after=None
[2025-11-13T11:38:25.834+0000] {processor.py:183} INFO - Processing /opt/airflow/dags/etl_dag.py took 0.640 seconds
[2025-11-13T11:38:58.508+0000] {processor.py:161} INFO - Started process (PID=14568) to work on /opt/airflow/dags/etl_dag.py
[2025-11-13T11:38:58.515+0000] {processor.py:830} INFO - Processing file /opt/airflow/dags/etl_dag.py for tasks to queue
[2025-11-13T11:38:58.523+0000] {logging_mixin.py:188} INFO - [2025-11-13T11:38:58.522+0000] {dagbag.py:538} INFO - Filling up the DagBag from /opt/airflow/dags/etl_dag.py
[2025-11-13T11:38:58.602+0000] {processor.py:840} INFO - DAG(s) 'simple_etl_lineage' retrieved from /opt/airflow/dags/etl_dag.py
[2025-11-13T11:38:58.925+0000] {logging_mixin.py:188} INFO - [2025-11-13T11:38:58.924+0000] {dag.py:3036} INFO - Sync 1 DAGs
[2025-11-13T11:38:59.065+0000] {logging_mixin.py:188} INFO - [2025-11-13T11:38:59.064+0000] {dag.py:3823} INFO - Setting next_dagrun for simple_etl_lineage to None, run_after=None
[2025-11-13T11:38:59.168+0000] {processor.py:183} INFO - Processing /opt/airflow/dags/etl_dag.py took 0.665 seconds
[2025-11-13T11:39:29.912+0000] {processor.py:161} INFO - Started process (PID=14583) to work on /opt/airflow/dags/etl_dag.py
[2025-11-13T11:39:29.913+0000] {processor.py:830} INFO - Processing file /opt/airflow/dags/etl_dag.py for tasks to queue
[2025-11-13T11:39:29.915+0000] {logging_mixin.py:188} INFO - [2025-11-13T11:39:29.914+0000] {dagbag.py:538} INFO - Filling up the DagBag from /opt/airflow/dags/etl_dag.py
[2025-11-13T11:39:29.961+0000] {processor.py:840} INFO - DAG(s) 'simple_etl_lineage' retrieved from /opt/airflow/dags/etl_dag.py
[2025-11-13T11:39:30.040+0000] {logging_mixin.py:188} INFO - [2025-11-13T11:39:30.039+0000] {dag.py:3036} INFO - Sync 1 DAGs
[2025-11-13T11:39:30.091+0000] {logging_mixin.py:188} INFO - [2025-11-13T11:39:30.091+0000] {dag.py:3823} INFO - Setting next_dagrun for simple_etl_lineage to None, run_after=None
[2025-11-13T11:39:30.126+0000] {processor.py:183} INFO - Processing /opt/airflow/dags/etl_dag.py took 0.219 seconds
[2025-11-13T11:40:00.779+0000] {processor.py:161} INFO - Started process (PID=14598) to work on /opt/airflow/dags/etl_dag.py
[2025-11-13T11:40:00.781+0000] {processor.py:830} INFO - Processing file /opt/airflow/dags/etl_dag.py for tasks to queue
[2025-11-13T11:40:00.782+0000] {logging_mixin.py:188} INFO - [2025-11-13T11:40:00.782+0000] {dagbag.py:538} INFO - Filling up the DagBag from /opt/airflow/dags/etl_dag.py
[2025-11-13T11:40:00.804+0000] {processor.py:840} INFO - DAG(s) 'simple_etl_lineage' retrieved from /opt/airflow/dags/etl_dag.py
[2025-11-13T11:40:00.848+0000] {logging_mixin.py:188} INFO - [2025-11-13T11:40:00.847+0000] {dag.py:3036} INFO - Sync 1 DAGs
[2025-11-13T11:40:00.867+0000] {logging_mixin.py:188} INFO - [2025-11-13T11:40:00.866+0000] {dag.py:3823} INFO - Setting next_dagrun for simple_etl_lineage to None, run_after=None
[2025-11-13T11:40:00.905+0000] {processor.py:183} INFO - Processing /opt/airflow/dags/etl_dag.py took 0.133 seconds
[2025-11-13T11:40:31.350+0000] {processor.py:161} INFO - Started process (PID=14613) to work on /opt/airflow/dags/etl_dag.py
[2025-11-13T11:40:31.351+0000] {processor.py:830} INFO - Processing file /opt/airflow/dags/etl_dag.py for tasks to queue
[2025-11-13T11:40:31.353+0000] {logging_mixin.py:188} INFO - [2025-11-13T11:40:31.352+0000] {dagbag.py:538} INFO - Filling up the DagBag from /opt/airflow/dags/etl_dag.py
[2025-11-13T11:40:31.373+0000] {processor.py:840} INFO - DAG(s) 'simple_etl_lineage' retrieved from /opt/airflow/dags/etl_dag.py
[2025-11-13T11:40:31.408+0000] {logging_mixin.py:188} INFO - [2025-11-13T11:40:31.408+0000] {dag.py:3036} INFO - Sync 1 DAGs
[2025-11-13T11:40:31.424+0000] {logging_mixin.py:188} INFO - [2025-11-13T11:40:31.424+0000] {dag.py:3823} INFO - Setting next_dagrun for simple_etl_lineage to None, run_after=None
[2025-11-13T11:40:31.454+0000] {processor.py:183} INFO - Processing /opt/airflow/dags/etl_dag.py took 0.108 seconds
[2025-11-13T11:41:01.918+0000] {processor.py:161} INFO - Started process (PID=14628) to work on /opt/airflow/dags/etl_dag.py
[2025-11-13T11:41:01.920+0000] {processor.py:830} INFO - Processing file /opt/airflow/dags/etl_dag.py for tasks to queue
[2025-11-13T11:41:01.921+0000] {logging_mixin.py:188} INFO - [2025-11-13T11:41:01.921+0000] {dagbag.py:538} INFO - Filling up the DagBag from /opt/airflow/dags/etl_dag.py
[2025-11-13T11:41:01.938+0000] {processor.py:840} INFO - DAG(s) 'simple_etl_lineage' retrieved from /opt/airflow/dags/etl_dag.py
[2025-11-13T11:41:01.973+0000] {logging_mixin.py:188} INFO - [2025-11-13T11:41:01.972+0000] {dag.py:3036} INFO - Sync 1 DAGs
[2025-11-13T11:41:01.987+0000] {logging_mixin.py:188} INFO - [2025-11-13T11:41:01.987+0000] {dag.py:3823} INFO - Setting next_dagrun for simple_etl_lineage to None, run_after=None
[2025-11-13T11:41:02.024+0000] {processor.py:183} INFO - Processing /opt/airflow/dags/etl_dag.py took 0.112 seconds
[2025-11-13T11:41:32.443+0000] {processor.py:161} INFO - Started process (PID=14643) to work on /opt/airflow/dags/etl_dag.py
[2025-11-13T11:41:32.444+0000] {processor.py:830} INFO - Processing file /opt/airflow/dags/etl_dag.py for tasks to queue
[2025-11-13T11:41:32.445+0000] {logging_mixin.py:188} INFO - [2025-11-13T11:41:32.445+0000] {dagbag.py:538} INFO - Filling up the DagBag from /opt/airflow/dags/etl_dag.py
[2025-11-13T11:41:32.463+0000] {processor.py:840} INFO - DAG(s) 'simple_etl_lineage' retrieved from /opt/airflow/dags/etl_dag.py
[2025-11-13T11:41:32.499+0000] {logging_mixin.py:188} INFO - [2025-11-13T11:41:32.499+0000] {dag.py:3036} INFO - Sync 1 DAGs
[2025-11-13T11:41:32.516+0000] {logging_mixin.py:188} INFO - [2025-11-13T11:41:32.516+0000] {dag.py:3823} INFO - Setting next_dagrun for simple_etl_lineage to None, run_after=None
[2025-11-13T11:41:32.548+0000] {processor.py:183} INFO - Processing /opt/airflow/dags/etl_dag.py took 0.109 seconds
[2025-11-13T11:42:02.947+0000] {processor.py:161} INFO - Started process (PID=14658) to work on /opt/airflow/dags/etl_dag.py
[2025-11-13T11:42:02.948+0000] {processor.py:830} INFO - Processing file /opt/airflow/dags/etl_dag.py for tasks to queue
[2025-11-13T11:42:02.950+0000] {logging_mixin.py:188} INFO - [2025-11-13T11:42:02.949+0000] {dagbag.py:538} INFO - Filling up the DagBag from /opt/airflow/dags/etl_dag.py
[2025-11-13T11:42:02.971+0000] {processor.py:840} INFO - DAG(s) 'simple_etl_lineage' retrieved from /opt/airflow/dags/etl_dag.py
[2025-11-13T11:42:03.008+0000] {logging_mixin.py:188} INFO - [2025-11-13T11:42:03.008+0000] {dag.py:3036} INFO - Sync 1 DAGs
[2025-11-13T11:42:03.022+0000] {logging_mixin.py:188} INFO - [2025-11-13T11:42:03.021+0000] {dag.py:3823} INFO - Setting next_dagrun for simple_etl_lineage to None, run_after=None
[2025-11-13T11:42:03.056+0000] {processor.py:183} INFO - Processing /opt/airflow/dags/etl_dag.py took 0.113 seconds
[2025-11-13T11:42:33.478+0000] {processor.py:161} INFO - Started process (PID=14673) to work on /opt/airflow/dags/etl_dag.py
[2025-11-13T11:42:33.480+0000] {processor.py:830} INFO - Processing file /opt/airflow/dags/etl_dag.py for tasks to queue
[2025-11-13T11:42:33.482+0000] {logging_mixin.py:188} INFO - [2025-11-13T11:42:33.481+0000] {dagbag.py:538} INFO - Filling up the DagBag from /opt/airflow/dags/etl_dag.py
[2025-11-13T11:42:33.505+0000] {processor.py:840} INFO - DAG(s) 'simple_etl_lineage' retrieved from /opt/airflow/dags/etl_dag.py
[2025-11-13T11:42:33.550+0000] {logging_mixin.py:188} INFO - [2025-11-13T11:42:33.550+0000] {dag.py:3036} INFO - Sync 1 DAGs
[2025-11-13T11:42:33.568+0000] {logging_mixin.py:188} INFO - [2025-11-13T11:42:33.568+0000] {dag.py:3823} INFO - Setting next_dagrun for simple_etl_lineage to None, run_after=None
[2025-11-13T11:42:33.594+0000] {processor.py:183} INFO - Processing /opt/airflow/dags/etl_dag.py took 0.123 seconds
[2025-11-13T11:43:04.037+0000] {processor.py:161} INFO - Started process (PID=14688) to work on /opt/airflow/dags/etl_dag.py
[2025-11-13T11:43:04.038+0000] {processor.py:830} INFO - Processing file /opt/airflow/dags/etl_dag.py for tasks to queue
[2025-11-13T11:43:04.039+0000] {logging_mixin.py:188} INFO - [2025-11-13T11:43:04.039+0000] {dagbag.py:538} INFO - Filling up the DagBag from /opt/airflow/dags/etl_dag.py
[2025-11-13T11:43:04.060+0000] {processor.py:840} INFO - DAG(s) 'simple_etl_lineage' retrieved from /opt/airflow/dags/etl_dag.py
[2025-11-13T11:43:04.106+0000] {logging_mixin.py:188} INFO - [2025-11-13T11:43:04.105+0000] {dag.py:3036} INFO - Sync 1 DAGs
[2025-11-13T11:43:04.126+0000] {logging_mixin.py:188} INFO - [2025-11-13T11:43:04.125+0000] {dag.py:3823} INFO - Setting next_dagrun for simple_etl_lineage to None, run_after=None
[2025-11-13T11:43:04.150+0000] {processor.py:183} INFO - Processing /opt/airflow/dags/etl_dag.py took 0.118 seconds
[2025-11-13T11:43:34.529+0000] {processor.py:161} INFO - Started process (PID=14703) to work on /opt/airflow/dags/etl_dag.py
[2025-11-13T11:43:34.530+0000] {processor.py:830} INFO - Processing file /opt/airflow/dags/etl_dag.py for tasks to queue
[2025-11-13T11:43:34.532+0000] {logging_mixin.py:188} INFO - [2025-11-13T11:43:34.532+0000] {dagbag.py:538} INFO - Filling up the DagBag from /opt/airflow/dags/etl_dag.py
[2025-11-13T11:43:34.551+0000] {processor.py:840} INFO - DAG(s) 'simple_etl_lineage' retrieved from /opt/airflow/dags/etl_dag.py
[2025-11-13T11:43:34.582+0000] {logging_mixin.py:188} INFO - [2025-11-13T11:43:34.581+0000] {dag.py:3036} INFO - Sync 1 DAGs
[2025-11-13T11:43:34.598+0000] {logging_mixin.py:188} INFO - [2025-11-13T11:43:34.598+0000] {dag.py:3823} INFO - Setting next_dagrun for simple_etl_lineage to None, run_after=None
[2025-11-13T11:43:34.621+0000] {processor.py:183} INFO - Processing /opt/airflow/dags/etl_dag.py took 0.096 seconds
[2025-11-13T11:44:04.989+0000] {processor.py:161} INFO - Started process (PID=14718) to work on /opt/airflow/dags/etl_dag.py
[2025-11-13T11:44:04.991+0000] {processor.py:830} INFO - Processing file /opt/airflow/dags/etl_dag.py for tasks to queue
[2025-11-13T11:44:04.992+0000] {logging_mixin.py:188} INFO - [2025-11-13T11:44:04.992+0000] {dagbag.py:538} INFO - Filling up the DagBag from /opt/airflow/dags/etl_dag.py
[2025-11-13T11:44:05.011+0000] {processor.py:840} INFO - DAG(s) 'simple_etl_lineage' retrieved from /opt/airflow/dags/etl_dag.py
[2025-11-13T11:44:05.040+0000] {logging_mixin.py:188} INFO - [2025-11-13T11:44:05.040+0000] {dag.py:3036} INFO - Sync 1 DAGs
[2025-11-13T11:44:05.057+0000] {logging_mixin.py:188} INFO - [2025-11-13T11:44:05.056+0000] {dag.py:3823} INFO - Setting next_dagrun for simple_etl_lineage to None, run_after=None
[2025-11-13T11:44:05.081+0000] {processor.py:183} INFO - Processing /opt/airflow/dags/etl_dag.py took 0.096 seconds
[2025-11-13T11:52:25.564+0000] {processor.py:161} INFO - Started process (PID=14751) to work on /opt/airflow/dags/etl_dag.py
[2025-11-13T11:52:25.568+0000] {processor.py:830} INFO - Processing file /opt/airflow/dags/etl_dag.py for tasks to queue
[2025-11-13T11:52:25.570+0000] {logging_mixin.py:188} INFO - [2025-11-13T11:52:25.570+0000] {dagbag.py:538} INFO - Filling up the DagBag from /opt/airflow/dags/etl_dag.py
[2025-11-13T11:52:26.652+0000] {processor.py:840} INFO - DAG(s) 'simple_etl_lineage' retrieved from /opt/airflow/dags/etl_dag.py
[2025-11-13T11:52:27.091+0000] {logging_mixin.py:188} INFO - [2025-11-13T11:52:27.090+0000] {dag.py:3036} INFO - Sync 1 DAGs
[2025-11-13T11:52:27.128+0000] {logging_mixin.py:188} INFO - [2025-11-13T11:52:27.128+0000] {dag.py:3823} INFO - Setting next_dagrun for simple_etl_lineage to None, run_after=None
[2025-11-13T11:52:27.216+0000] {processor.py:183} INFO - Processing /opt/airflow/dags/etl_dag.py took 1.664 seconds
[2025-11-13T11:52:57.671+0000] {processor.py:161} INFO - Started process (PID=14766) to work on /opt/airflow/dags/etl_dag.py
[2025-11-13T11:52:57.678+0000] {processor.py:830} INFO - Processing file /opt/airflow/dags/etl_dag.py for tasks to queue
[2025-11-13T11:52:57.688+0000] {logging_mixin.py:188} INFO - [2025-11-13T11:52:57.688+0000] {dagbag.py:538} INFO - Filling up the DagBag from /opt/airflow/dags/etl_dag.py
[2025-11-13T11:52:57.805+0000] {processor.py:840} INFO - DAG(s) 'simple_etl_lineage' retrieved from /opt/airflow/dags/etl_dag.py
[2025-11-13T11:52:57.905+0000] {logging_mixin.py:188} INFO - [2025-11-13T11:52:57.904+0000] {dag.py:3036} INFO - Sync 1 DAGs
[2025-11-13T11:52:57.958+0000] {logging_mixin.py:188} INFO - [2025-11-13T11:52:57.957+0000] {dag.py:3823} INFO - Setting next_dagrun for simple_etl_lineage to None, run_after=None
[2025-11-13T11:52:58.037+0000] {processor.py:183} INFO - Processing /opt/airflow/dags/etl_dag.py took 0.373 seconds
[2025-11-13T11:53:28.801+0000] {processor.py:161} INFO - Started process (PID=14781) to work on /opt/airflow/dags/etl_dag.py
[2025-11-13T11:53:28.803+0000] {processor.py:830} INFO - Processing file /opt/airflow/dags/etl_dag.py for tasks to queue
[2025-11-13T11:53:28.805+0000] {logging_mixin.py:188} INFO - [2025-11-13T11:53:28.805+0000] {dagbag.py:538} INFO - Filling up the DagBag from /opt/airflow/dags/etl_dag.py
[2025-11-13T11:53:28.832+0000] {processor.py:840} INFO - DAG(s) 'simple_etl_lineage' retrieved from /opt/airflow/dags/etl_dag.py
[2025-11-13T11:53:28.883+0000] {logging_mixin.py:188} INFO - [2025-11-13T11:53:28.882+0000] {dag.py:3036} INFO - Sync 1 DAGs
[2025-11-13T11:53:28.901+0000] {logging_mixin.py:188} INFO - [2025-11-13T11:53:28.900+0000] {dag.py:3823} INFO - Setting next_dagrun for simple_etl_lineage to None, run_after=None
[2025-11-13T11:53:28.953+0000] {processor.py:183} INFO - Processing /opt/airflow/dags/etl_dag.py took 0.171 seconds
[2025-11-13T11:53:59.145+0000] {processor.py:161} INFO - Started process (PID=14796) to work on /opt/airflow/dags/etl_dag.py
[2025-11-13T11:53:59.149+0000] {processor.py:830} INFO - Processing file /opt/airflow/dags/etl_dag.py for tasks to queue
[2025-11-13T11:53:59.152+0000] {logging_mixin.py:188} INFO - [2025-11-13T11:53:59.151+0000] {dagbag.py:538} INFO - Filling up the DagBag from /opt/airflow/dags/etl_dag.py
[2025-11-13T11:53:59.230+0000] {processor.py:840} INFO - DAG(s) 'simple_etl_lineage' retrieved from /opt/airflow/dags/etl_dag.py
[2025-11-13T11:53:59.344+0000] {logging_mixin.py:188} INFO - [2025-11-13T11:53:59.344+0000] {dag.py:3036} INFO - Sync 1 DAGs
[2025-11-13T11:53:59.386+0000] {logging_mixin.py:188} INFO - [2025-11-13T11:53:59.385+0000] {dag.py:3823} INFO - Setting next_dagrun for simple_etl_lineage to None, run_after=None
[2025-11-13T11:53:59.440+0000] {processor.py:183} INFO - Processing /opt/airflow/dags/etl_dag.py took 0.302 seconds
[2025-11-13T11:54:29.841+0000] {processor.py:161} INFO - Started process (PID=14811) to work on /opt/airflow/dags/etl_dag.py
[2025-11-13T11:54:29.852+0000] {processor.py:830} INFO - Processing file /opt/airflow/dags/etl_dag.py for tasks to queue
[2025-11-13T11:54:29.854+0000] {logging_mixin.py:188} INFO - [2025-11-13T11:54:29.853+0000] {dagbag.py:538} INFO - Filling up the DagBag from /opt/airflow/dags/etl_dag.py
[2025-11-13T11:54:29.895+0000] {processor.py:840} INFO - DAG(s) 'simple_etl_lineage' retrieved from /opt/airflow/dags/etl_dag.py
[2025-11-13T11:54:30.013+0000] {logging_mixin.py:188} INFO - [2025-11-13T11:54:30.012+0000] {dag.py:3036} INFO - Sync 1 DAGs
[2025-11-13T11:54:30.056+0000] {logging_mixin.py:188} INFO - [2025-11-13T11:54:30.055+0000] {dag.py:3823} INFO - Setting next_dagrun for simple_etl_lineage to None, run_after=None
[2025-11-13T11:54:30.126+0000] {processor.py:183} INFO - Processing /opt/airflow/dags/etl_dag.py took 0.295 seconds
[2025-11-13T11:55:00.318+0000] {processor.py:161} INFO - Started process (PID=14826) to work on /opt/airflow/dags/etl_dag.py
[2025-11-13T11:55:00.320+0000] {processor.py:830} INFO - Processing file /opt/airflow/dags/etl_dag.py for tasks to queue
[2025-11-13T11:55:00.321+0000] {logging_mixin.py:188} INFO - [2025-11-13T11:55:00.321+0000] {dagbag.py:538} INFO - Filling up the DagBag from /opt/airflow/dags/etl_dag.py
[2025-11-13T11:55:00.348+0000] {processor.py:840} INFO - DAG(s) 'simple_etl_lineage' retrieved from /opt/airflow/dags/etl_dag.py
[2025-11-13T11:55:00.391+0000] {logging_mixin.py:188} INFO - [2025-11-13T11:55:00.391+0000] {dag.py:3036} INFO - Sync 1 DAGs
[2025-11-13T11:55:00.407+0000] {logging_mixin.py:188} INFO - [2025-11-13T11:55:00.407+0000] {dag.py:3823} INFO - Setting next_dagrun for simple_etl_lineage to None, run_after=None
[2025-11-13T11:55:00.450+0000] {processor.py:183} INFO - Processing /opt/airflow/dags/etl_dag.py took 0.139 seconds
[2025-11-13T11:55:31.144+0000] {processor.py:161} INFO - Started process (PID=14841) to work on /opt/airflow/dags/etl_dag.py
[2025-11-13T11:55:31.150+0000] {processor.py:830} INFO - Processing file /opt/airflow/dags/etl_dag.py for tasks to queue
[2025-11-13T11:55:31.157+0000] {logging_mixin.py:188} INFO - [2025-11-13T11:55:31.152+0000] {dagbag.py:538} INFO - Filling up the DagBag from /opt/airflow/dags/etl_dag.py
[2025-11-13T11:55:31.220+0000] {processor.py:840} INFO - DAG(s) 'simple_etl_lineage' retrieved from /opt/airflow/dags/etl_dag.py
[2025-11-13T11:55:31.303+0000] {logging_mixin.py:188} INFO - [2025-11-13T11:55:31.303+0000] {dag.py:3036} INFO - Sync 1 DAGs
[2025-11-13T11:55:31.345+0000] {logging_mixin.py:188} INFO - [2025-11-13T11:55:31.344+0000] {dag.py:3823} INFO - Setting next_dagrun for simple_etl_lineage to None, run_after=None
[2025-11-13T11:55:31.433+0000] {processor.py:183} INFO - Processing /opt/airflow/dags/etl_dag.py took 0.294 seconds
[2025-11-13T11:56:02.366+0000] {processor.py:161} INFO - Started process (PID=14856) to work on /opt/airflow/dags/etl_dag.py
[2025-11-13T11:56:02.370+0000] {processor.py:830} INFO - Processing file /opt/airflow/dags/etl_dag.py for tasks to queue
[2025-11-13T11:56:02.372+0000] {logging_mixin.py:188} INFO - [2025-11-13T11:56:02.372+0000] {dagbag.py:538} INFO - Filling up the DagBag from /opt/airflow/dags/etl_dag.py
[2025-11-13T11:56:02.403+0000] {processor.py:840} INFO - DAG(s) 'simple_etl_lineage' retrieved from /opt/airflow/dags/etl_dag.py
[2025-11-13T11:56:02.455+0000] {logging_mixin.py:188} INFO - [2025-11-13T11:56:02.455+0000] {dag.py:3036} INFO - Sync 1 DAGs
[2025-11-13T11:56:02.481+0000] {logging_mixin.py:188} INFO - [2025-11-13T11:56:02.481+0000] {dag.py:3823} INFO - Setting next_dagrun for simple_etl_lineage to None, run_after=None
[2025-11-13T11:56:02.518+0000] {processor.py:183} INFO - Processing /opt/airflow/dags/etl_dag.py took 0.166 seconds
[2025-11-13T11:56:33.172+0000] {processor.py:161} INFO - Started process (PID=14871) to work on /opt/airflow/dags/etl_dag.py
[2025-11-13T11:56:33.173+0000] {processor.py:830} INFO - Processing file /opt/airflow/dags/etl_dag.py for tasks to queue
[2025-11-13T11:56:33.175+0000] {logging_mixin.py:188} INFO - [2025-11-13T11:56:33.174+0000] {dagbag.py:538} INFO - Filling up the DagBag from /opt/airflow/dags/etl_dag.py
[2025-11-13T11:56:33.192+0000] {processor.py:840} INFO - DAG(s) 'simple_etl_lineage' retrieved from /opt/airflow/dags/etl_dag.py
[2025-11-13T11:56:33.237+0000] {logging_mixin.py:188} INFO - [2025-11-13T11:56:33.237+0000] {dag.py:3036} INFO - Sync 1 DAGs
[2025-11-13T11:56:33.256+0000] {logging_mixin.py:188} INFO - [2025-11-13T11:56:33.256+0000] {dag.py:3823} INFO - Setting next_dagrun for simple_etl_lineage to None, run_after=None
[2025-11-13T11:56:33.306+0000] {processor.py:183} INFO - Processing /opt/airflow/dags/etl_dag.py took 0.140 seconds
[2025-11-13T11:57:04.031+0000] {processor.py:161} INFO - Started process (PID=14886) to work on /opt/airflow/dags/etl_dag.py
[2025-11-13T11:57:04.032+0000] {processor.py:830} INFO - Processing file /opt/airflow/dags/etl_dag.py for tasks to queue
[2025-11-13T11:57:04.034+0000] {logging_mixin.py:188} INFO - [2025-11-13T11:57:04.034+0000] {dagbag.py:538} INFO - Filling up the DagBag from /opt/airflow/dags/etl_dag.py
[2025-11-13T11:57:04.060+0000] {processor.py:840} INFO - DAG(s) 'simple_etl_lineage' retrieved from /opt/airflow/dags/etl_dag.py
[2025-11-13T11:57:04.107+0000] {logging_mixin.py:188} INFO - [2025-11-13T11:57:04.107+0000] {dag.py:3036} INFO - Sync 1 DAGs
[2025-11-13T11:57:04.126+0000] {logging_mixin.py:188} INFO - [2025-11-13T11:57:04.125+0000] {dag.py:3823} INFO - Setting next_dagrun for simple_etl_lineage to None, run_after=None
[2025-11-13T11:57:04.168+0000] {processor.py:183} INFO - Processing /opt/airflow/dags/etl_dag.py took 0.141 seconds
[2025-11-13T11:57:34.664+0000] {processor.py:161} INFO - Started process (PID=14901) to work on /opt/airflow/dags/etl_dag.py
[2025-11-13T11:57:34.666+0000] {processor.py:830} INFO - Processing file /opt/airflow/dags/etl_dag.py for tasks to queue
[2025-11-13T11:57:34.668+0000] {logging_mixin.py:188} INFO - [2025-11-13T11:57:34.667+0000] {dagbag.py:538} INFO - Filling up the DagBag from /opt/airflow/dags/etl_dag.py
[2025-11-13T11:57:34.693+0000] {processor.py:840} INFO - DAG(s) 'simple_etl_lineage' retrieved from /opt/airflow/dags/etl_dag.py
[2025-11-13T11:57:34.856+0000] {logging_mixin.py:188} INFO - [2025-11-13T11:57:34.855+0000] {dag.py:3036} INFO - Sync 1 DAGs
[2025-11-13T11:57:34.897+0000] {logging_mixin.py:188} INFO - [2025-11-13T11:57:34.896+0000] {dag.py:3823} INFO - Setting next_dagrun for simple_etl_lineage to None, run_after=None
[2025-11-13T11:57:34.990+0000] {processor.py:183} INFO - Processing /opt/airflow/dags/etl_dag.py took 0.331 seconds
[2025-11-13T11:58:05.679+0000] {processor.py:161} INFO - Started process (PID=14916) to work on /opt/airflow/dags/etl_dag.py
[2025-11-13T11:58:05.689+0000] {processor.py:830} INFO - Processing file /opt/airflow/dags/etl_dag.py for tasks to queue
[2025-11-13T11:58:05.692+0000] {logging_mixin.py:188} INFO - [2025-11-13T11:58:05.691+0000] {dagbag.py:538} INFO - Filling up the DagBag from /opt/airflow/dags/etl_dag.py
[2025-11-13T11:58:05.733+0000] {processor.py:840} INFO - DAG(s) 'simple_etl_lineage' retrieved from /opt/airflow/dags/etl_dag.py
[2025-11-13T11:58:05.894+0000] {logging_mixin.py:188} INFO - [2025-11-13T11:58:05.893+0000] {dag.py:3036} INFO - Sync 1 DAGs
[2025-11-13T11:58:06.032+0000] {logging_mixin.py:188} INFO - [2025-11-13T11:58:06.031+0000] {dag.py:3823} INFO - Setting next_dagrun for simple_etl_lineage to None, run_after=None
[2025-11-13T11:58:06.167+0000] {processor.py:183} INFO - Processing /opt/airflow/dags/etl_dag.py took 0.494 seconds
[2025-11-13T11:58:36.959+0000] {processor.py:161} INFO - Started process (PID=14931) to work on /opt/airflow/dags/etl_dag.py
[2025-11-13T11:58:36.960+0000] {processor.py:830} INFO - Processing file /opt/airflow/dags/etl_dag.py for tasks to queue
[2025-11-13T11:58:36.963+0000] {logging_mixin.py:188} INFO - [2025-11-13T11:58:36.962+0000] {dagbag.py:538} INFO - Filling up the DagBag from /opt/airflow/dags/etl_dag.py
[2025-11-13T11:58:36.987+0000] {processor.py:840} INFO - DAG(s) 'simple_etl_lineage' retrieved from /opt/airflow/dags/etl_dag.py
[2025-11-13T11:58:37.029+0000] {logging_mixin.py:188} INFO - [2025-11-13T11:58:37.028+0000] {dag.py:3036} INFO - Sync 1 DAGs
[2025-11-13T11:58:37.048+0000] {logging_mixin.py:188} INFO - [2025-11-13T11:58:37.047+0000] {dag.py:3823} INFO - Setting next_dagrun for simple_etl_lineage to None, run_after=None
[2025-11-13T11:58:37.084+0000] {processor.py:183} INFO - Processing /opt/airflow/dags/etl_dag.py took 0.135 seconds
[2025-11-13T11:59:07.774+0000] {processor.py:161} INFO - Started process (PID=14946) to work on /opt/airflow/dags/etl_dag.py
[2025-11-13T11:59:07.775+0000] {processor.py:830} INFO - Processing file /opt/airflow/dags/etl_dag.py for tasks to queue
[2025-11-13T11:59:07.777+0000] {logging_mixin.py:188} INFO - [2025-11-13T11:59:07.776+0000] {dagbag.py:538} INFO - Filling up the DagBag from /opt/airflow/dags/etl_dag.py
[2025-11-13T11:59:07.848+0000] {processor.py:840} INFO - DAG(s) 'simple_etl_lineage' retrieved from /opt/airflow/dags/etl_dag.py
[2025-11-13T11:59:07.934+0000] {logging_mixin.py:188} INFO - [2025-11-13T11:59:07.934+0000] {dag.py:3036} INFO - Sync 1 DAGs
[2025-11-13T11:59:07.969+0000] {logging_mixin.py:188} INFO - [2025-11-13T11:59:07.968+0000] {dag.py:3823} INFO - Setting next_dagrun for simple_etl_lineage to None, run_after=None
[2025-11-13T11:59:08.013+0000] {processor.py:183} INFO - Processing /opt/airflow/dags/etl_dag.py took 0.245 seconds
[2025-11-13T11:59:38.715+0000] {processor.py:161} INFO - Started process (PID=14961) to work on /opt/airflow/dags/etl_dag.py
[2025-11-13T11:59:38.717+0000] {processor.py:830} INFO - Processing file /opt/airflow/dags/etl_dag.py for tasks to queue
[2025-11-13T11:59:38.719+0000] {logging_mixin.py:188} INFO - [2025-11-13T11:59:38.718+0000] {dagbag.py:538} INFO - Filling up the DagBag from /opt/airflow/dags/etl_dag.py
[2025-11-13T11:59:38.743+0000] {processor.py:840} INFO - DAG(s) 'simple_etl_lineage' retrieved from /opt/airflow/dags/etl_dag.py
[2025-11-13T11:59:38.793+0000] {logging_mixin.py:188} INFO - [2025-11-13T11:59:38.792+0000] {dag.py:3036} INFO - Sync 1 DAGs
[2025-11-13T11:59:38.812+0000] {logging_mixin.py:188} INFO - [2025-11-13T11:59:38.812+0000] {dag.py:3823} INFO - Setting next_dagrun for simple_etl_lineage to None, run_after=None
[2025-11-13T11:59:38.853+0000] {processor.py:183} INFO - Processing /opt/airflow/dags/etl_dag.py took 0.144 seconds
[2025-11-13T12:00:09.053+0000] {processor.py:161} INFO - Started process (PID=14976) to work on /opt/airflow/dags/etl_dag.py
[2025-11-13T12:00:09.055+0000] {processor.py:830} INFO - Processing file /opt/airflow/dags/etl_dag.py for tasks to queue
[2025-11-13T12:00:09.059+0000] {logging_mixin.py:188} INFO - [2025-11-13T12:00:09.058+0000] {dagbag.py:538} INFO - Filling up the DagBag from /opt/airflow/dags/etl_dag.py
[2025-11-13T12:00:09.091+0000] {processor.py:840} INFO - DAG(s) 'simple_etl_lineage' retrieved from /opt/airflow/dags/etl_dag.py
[2025-11-13T12:00:09.192+0000] {logging_mixin.py:188} INFO - [2025-11-13T12:00:09.191+0000] {dag.py:3036} INFO - Sync 1 DAGs
[2025-11-13T12:00:09.239+0000] {logging_mixin.py:188} INFO - [2025-11-13T12:00:09.239+0000] {dag.py:3823} INFO - Setting next_dagrun for simple_etl_lineage to None, run_after=None
[2025-11-13T12:00:09.294+0000] {processor.py:183} INFO - Processing /opt/airflow/dags/etl_dag.py took 0.247 seconds
[2025-11-13T12:00:40.061+0000] {processor.py:161} INFO - Started process (PID=14991) to work on /opt/airflow/dags/etl_dag.py
[2025-11-13T12:00:40.063+0000] {processor.py:830} INFO - Processing file /opt/airflow/dags/etl_dag.py for tasks to queue
[2025-11-13T12:00:40.064+0000] {logging_mixin.py:188} INFO - [2025-11-13T12:00:40.064+0000] {dagbag.py:538} INFO - Filling up the DagBag from /opt/airflow/dags/etl_dag.py
[2025-11-13T12:00:40.085+0000] {processor.py:840} INFO - DAG(s) 'simple_etl_lineage' retrieved from /opt/airflow/dags/etl_dag.py
[2025-11-13T12:00:40.131+0000] {logging_mixin.py:188} INFO - [2025-11-13T12:00:40.131+0000] {dag.py:3036} INFO - Sync 1 DAGs
[2025-11-13T12:00:40.148+0000] {logging_mixin.py:188} INFO - [2025-11-13T12:00:40.148+0000] {dag.py:3823} INFO - Setting next_dagrun for simple_etl_lineage to None, run_after=None
[2025-11-13T12:00:40.184+0000] {processor.py:183} INFO - Processing /opt/airflow/dags/etl_dag.py took 0.127 seconds
[2025-11-13T12:01:10.743+0000] {processor.py:161} INFO - Started process (PID=15006) to work on /opt/airflow/dags/etl_dag.py
[2025-11-13T12:01:10.744+0000] {processor.py:830} INFO - Processing file /opt/airflow/dags/etl_dag.py for tasks to queue
[2025-11-13T12:01:10.746+0000] {logging_mixin.py:188} INFO - [2025-11-13T12:01:10.746+0000] {dagbag.py:538} INFO - Filling up the DagBag from /opt/airflow/dags/etl_dag.py
[2025-11-13T12:01:10.770+0000] {processor.py:840} INFO - DAG(s) 'simple_etl_lineage' retrieved from /opt/airflow/dags/etl_dag.py
[2025-11-13T12:01:10.813+0000] {logging_mixin.py:188} INFO - [2025-11-13T12:01:10.813+0000] {dag.py:3036} INFO - Sync 1 DAGs
[2025-11-13T12:01:10.832+0000] {logging_mixin.py:188} INFO - [2025-11-13T12:01:10.832+0000] {dag.py:3823} INFO - Setting next_dagrun for simple_etl_lineage to None, run_after=None
[2025-11-13T12:01:10.875+0000] {processor.py:183} INFO - Processing /opt/airflow/dags/etl_dag.py took 0.142 seconds
[2025-11-13T12:01:41.589+0000] {processor.py:161} INFO - Started process (PID=15021) to work on /opt/airflow/dags/etl_dag.py
[2025-11-13T12:01:41.590+0000] {processor.py:830} INFO - Processing file /opt/airflow/dags/etl_dag.py for tasks to queue
[2025-11-13T12:01:41.592+0000] {logging_mixin.py:188} INFO - [2025-11-13T12:01:41.592+0000] {dagbag.py:538} INFO - Filling up the DagBag from /opt/airflow/dags/etl_dag.py
[2025-11-13T12:01:41.631+0000] {processor.py:840} INFO - DAG(s) 'simple_etl_lineage' retrieved from /opt/airflow/dags/etl_dag.py
[2025-11-13T12:01:41.721+0000] {logging_mixin.py:188} INFO - [2025-11-13T12:01:41.720+0000] {dag.py:3036} INFO - Sync 1 DAGs
[2025-11-13T12:01:41.770+0000] {logging_mixin.py:188} INFO - [2025-11-13T12:01:41.769+0000] {dag.py:3823} INFO - Setting next_dagrun for simple_etl_lineage to None, run_after=None
[2025-11-13T12:01:41.849+0000] {processor.py:183} INFO - Processing /opt/airflow/dags/etl_dag.py took 0.265 seconds
[2025-11-13T12:02:12.391+0000] {processor.py:161} INFO - Started process (PID=15036) to work on /opt/airflow/dags/etl_dag.py
[2025-11-13T12:02:12.392+0000] {processor.py:830} INFO - Processing file /opt/airflow/dags/etl_dag.py for tasks to queue
[2025-11-13T12:02:12.394+0000] {logging_mixin.py:188} INFO - [2025-11-13T12:02:12.394+0000] {dagbag.py:538} INFO - Filling up the DagBag from /opt/airflow/dags/etl_dag.py
[2025-11-13T12:02:12.416+0000] {processor.py:840} INFO - DAG(s) 'simple_etl_lineage' retrieved from /opt/airflow/dags/etl_dag.py
[2025-11-13T12:02:12.463+0000] {logging_mixin.py:188} INFO - [2025-11-13T12:02:12.462+0000] {dag.py:3036} INFO - Sync 1 DAGs
[2025-11-13T12:02:12.480+0000] {logging_mixin.py:188} INFO - [2025-11-13T12:02:12.480+0000] {dag.py:3823} INFO - Setting next_dagrun for simple_etl_lineage to None, run_after=None
[2025-11-13T12:02:12.519+0000] {processor.py:183} INFO - Processing /opt/airflow/dags/etl_dag.py took 0.132 seconds
[2025-11-13T12:02:43.166+0000] {processor.py:161} INFO - Started process (PID=15051) to work on /opt/airflow/dags/etl_dag.py
[2025-11-13T12:02:43.167+0000] {processor.py:830} INFO - Processing file /opt/airflow/dags/etl_dag.py for tasks to queue
[2025-11-13T12:02:43.169+0000] {logging_mixin.py:188} INFO - [2025-11-13T12:02:43.168+0000] {dagbag.py:538} INFO - Filling up the DagBag from /opt/airflow/dags/etl_dag.py
[2025-11-13T12:02:43.199+0000] {processor.py:840} INFO - DAG(s) 'simple_etl_lineage' retrieved from /opt/airflow/dags/etl_dag.py
[2025-11-13T12:02:43.291+0000] {logging_mixin.py:188} INFO - [2025-11-13T12:02:43.289+0000] {dag.py:3036} INFO - Sync 1 DAGs
[2025-11-13T12:02:43.315+0000] {logging_mixin.py:188} INFO - [2025-11-13T12:02:43.315+0000] {dag.py:3823} INFO - Setting next_dagrun for simple_etl_lineage to None, run_after=None
[2025-11-13T12:02:43.350+0000] {processor.py:183} INFO - Processing /opt/airflow/dags/etl_dag.py took 0.190 seconds
[2025-11-13T12:03:13.797+0000] {processor.py:161} INFO - Started process (PID=15066) to work on /opt/airflow/dags/etl_dag.py
[2025-11-13T12:03:13.807+0000] {processor.py:830} INFO - Processing file /opt/airflow/dags/etl_dag.py for tasks to queue
[2025-11-13T12:03:13.812+0000] {logging_mixin.py:188} INFO - [2025-11-13T12:03:13.811+0000] {dagbag.py:538} INFO - Filling up the DagBag from /opt/airflow/dags/etl_dag.py
[2025-11-13T12:03:13.835+0000] {processor.py:840} INFO - DAG(s) 'simple_etl_lineage' retrieved from /opt/airflow/dags/etl_dag.py
[2025-11-13T12:03:13.936+0000] {logging_mixin.py:188} INFO - [2025-11-13T12:03:13.935+0000] {dag.py:3036} INFO - Sync 1 DAGs
[2025-11-13T12:03:13.966+0000] {logging_mixin.py:188} INFO - [2025-11-13T12:03:13.965+0000] {dag.py:3823} INFO - Setting next_dagrun for simple_etl_lineage to None, run_after=None
[2025-11-13T12:03:14.038+0000] {processor.py:183} INFO - Processing /opt/airflow/dags/etl_dag.py took 0.245 seconds
[2025-11-13T12:03:44.781+0000] {processor.py:161} INFO - Started process (PID=15081) to work on /opt/airflow/dags/etl_dag.py
[2025-11-13T12:03:44.782+0000] {processor.py:830} INFO - Processing file /opt/airflow/dags/etl_dag.py for tasks to queue
[2025-11-13T12:03:44.784+0000] {logging_mixin.py:188} INFO - [2025-11-13T12:03:44.783+0000] {dagbag.py:538} INFO - Filling up the DagBag from /opt/airflow/dags/etl_dag.py
[2025-11-13T12:03:44.805+0000] {processor.py:840} INFO - DAG(s) 'simple_etl_lineage' retrieved from /opt/airflow/dags/etl_dag.py
[2025-11-13T12:03:44.842+0000] {logging_mixin.py:188} INFO - [2025-11-13T12:03:44.841+0000] {dag.py:3036} INFO - Sync 1 DAGs
[2025-11-13T12:03:44.856+0000] {logging_mixin.py:188} INFO - [2025-11-13T12:03:44.856+0000] {dag.py:3823} INFO - Setting next_dagrun for simple_etl_lineage to None, run_after=None
[2025-11-13T12:03:44.887+0000] {processor.py:183} INFO - Processing /opt/airflow/dags/etl_dag.py took 0.111 seconds
[2025-11-13T12:04:15.492+0000] {processor.py:161} INFO - Started process (PID=15096) to work on /opt/airflow/dags/etl_dag.py
[2025-11-13T12:04:15.494+0000] {processor.py:830} INFO - Processing file /opt/airflow/dags/etl_dag.py for tasks to queue
[2025-11-13T12:04:15.495+0000] {logging_mixin.py:188} INFO - [2025-11-13T12:04:15.495+0000] {dagbag.py:538} INFO - Filling up the DagBag from /opt/airflow/dags/etl_dag.py
[2025-11-13T12:04:15.511+0000] {processor.py:840} INFO - DAG(s) 'simple_etl_lineage' retrieved from /opt/airflow/dags/etl_dag.py
[2025-11-13T12:04:15.564+0000] {logging_mixin.py:188} INFO - [2025-11-13T12:04:15.564+0000] {dag.py:3036} INFO - Sync 1 DAGs
[2025-11-13T12:04:15.613+0000] {logging_mixin.py:188} INFO - [2025-11-13T12:04:15.612+0000] {dag.py:3823} INFO - Setting next_dagrun for simple_etl_lineage to None, run_after=None
[2025-11-13T12:04:15.706+0000] {processor.py:183} INFO - Processing /opt/airflow/dags/etl_dag.py took 0.219 seconds
[2025-11-13T12:04:46.151+0000] {processor.py:161} INFO - Started process (PID=15111) to work on /opt/airflow/dags/etl_dag.py
[2025-11-13T12:04:46.153+0000] {processor.py:830} INFO - Processing file /opt/airflow/dags/etl_dag.py for tasks to queue
[2025-11-13T12:04:46.155+0000] {logging_mixin.py:188} INFO - [2025-11-13T12:04:46.154+0000] {dagbag.py:538} INFO - Filling up the DagBag from /opt/airflow/dags/etl_dag.py
[2025-11-13T12:04:46.172+0000] {processor.py:840} INFO - DAG(s) 'simple_etl_lineage' retrieved from /opt/airflow/dags/etl_dag.py
[2025-11-13T12:04:46.221+0000] {logging_mixin.py:188} INFO - [2025-11-13T12:04:46.221+0000] {dag.py:3036} INFO - Sync 1 DAGs
[2025-11-13T12:04:46.238+0000] {logging_mixin.py:188} INFO - [2025-11-13T12:04:46.237+0000] {dag.py:3823} INFO - Setting next_dagrun for simple_etl_lineage to None, run_after=None
[2025-11-13T12:04:46.265+0000] {processor.py:183} INFO - Processing /opt/airflow/dags/etl_dag.py took 0.118 seconds
[2025-11-13T12:05:16.403+0000] {processor.py:161} INFO - Started process (PID=15123) to work on /opt/airflow/dags/etl_dag.py
[2025-11-13T12:05:16.405+0000] {processor.py:830} INFO - Processing file /opt/airflow/dags/etl_dag.py for tasks to queue
[2025-11-13T12:05:16.406+0000] {logging_mixin.py:188} INFO - [2025-11-13T12:05:16.406+0000] {dagbag.py:538} INFO - Filling up the DagBag from /opt/airflow/dags/etl_dag.py
[2025-11-13T12:05:16.421+0000] {processor.py:840} INFO - DAG(s) 'simple_etl_lineage' retrieved from /opt/airflow/dags/etl_dag.py
[2025-11-13T12:05:16.458+0000] {logging_mixin.py:188} INFO - [2025-11-13T12:05:16.458+0000] {dag.py:3036} INFO - Sync 1 DAGs
[2025-11-13T12:05:16.480+0000] {logging_mixin.py:188} INFO - [2025-11-13T12:05:16.480+0000] {dag.py:3823} INFO - Setting next_dagrun for simple_etl_lineage to None, run_after=None
[2025-11-13T12:05:16.532+0000] {processor.py:183} INFO - Processing /opt/airflow/dags/etl_dag.py took 0.133 seconds
[2025-11-13T12:05:46.981+0000] {processor.py:161} INFO - Started process (PID=15138) to work on /opt/airflow/dags/etl_dag.py
[2025-11-13T12:05:46.983+0000] {processor.py:830} INFO - Processing file /opt/airflow/dags/etl_dag.py for tasks to queue
[2025-11-13T12:05:46.984+0000] {logging_mixin.py:188} INFO - [2025-11-13T12:05:46.984+0000] {dagbag.py:538} INFO - Filling up the DagBag from /opt/airflow/dags/etl_dag.py
[2025-11-13T12:05:47.004+0000] {processor.py:840} INFO - DAG(s) 'simple_etl_lineage' retrieved from /opt/airflow/dags/etl_dag.py
[2025-11-13T12:05:47.043+0000] {logging_mixin.py:188} INFO - [2025-11-13T12:05:47.042+0000] {dag.py:3036} INFO - Sync 1 DAGs
[2025-11-13T12:05:47.059+0000] {logging_mixin.py:188} INFO - [2025-11-13T12:05:47.059+0000] {dag.py:3823} INFO - Setting next_dagrun for simple_etl_lineage to None, run_after=None
[2025-11-13T12:05:47.087+0000] {processor.py:183} INFO - Processing /opt/airflow/dags/etl_dag.py took 0.110 seconds
[2025-11-13T12:06:17.752+0000] {processor.py:161} INFO - Started process (PID=15153) to work on /opt/airflow/dags/etl_dag.py
[2025-11-13T12:06:17.756+0000] {processor.py:830} INFO - Processing file /opt/airflow/dags/etl_dag.py for tasks to queue
[2025-11-13T12:06:17.760+0000] {logging_mixin.py:188} INFO - [2025-11-13T12:06:17.758+0000] {dagbag.py:538} INFO - Filling up the DagBag from /opt/airflow/dags/etl_dag.py
[2025-11-13T12:06:17.846+0000] {processor.py:840} INFO - DAG(s) 'simple_etl_lineage' retrieved from /opt/airflow/dags/etl_dag.py
[2025-11-13T12:06:17.908+0000] {logging_mixin.py:188} INFO - [2025-11-13T12:06:17.907+0000] {dag.py:3036} INFO - Sync 1 DAGs
[2025-11-13T12:06:17.938+0000] {logging_mixin.py:188} INFO - [2025-11-13T12:06:17.937+0000] {dag.py:3823} INFO - Setting next_dagrun for simple_etl_lineage to None, run_after=None
[2025-11-13T12:06:18.002+0000] {processor.py:183} INFO - Processing /opt/airflow/dags/etl_dag.py took 0.258 seconds
[2025-11-13T12:06:48.780+0000] {processor.py:161} INFO - Started process (PID=15168) to work on /opt/airflow/dags/etl_dag.py
[2025-11-13T12:06:48.782+0000] {processor.py:830} INFO - Processing file /opt/airflow/dags/etl_dag.py for tasks to queue
[2025-11-13T12:06:48.783+0000] {logging_mixin.py:188} INFO - [2025-11-13T12:06:48.782+0000] {dagbag.py:538} INFO - Filling up the DagBag from /opt/airflow/dags/etl_dag.py
[2025-11-13T12:06:48.798+0000] {processor.py:840} INFO - DAG(s) 'simple_etl_lineage' retrieved from /opt/airflow/dags/etl_dag.py
[2025-11-13T12:06:48.828+0000] {logging_mixin.py:188} INFO - [2025-11-13T12:06:48.828+0000] {dag.py:3036} INFO - Sync 1 DAGs
[2025-11-13T12:06:48.841+0000] {logging_mixin.py:188} INFO - [2025-11-13T12:06:48.840+0000] {dag.py:3823} INFO - Setting next_dagrun for simple_etl_lineage to None, run_after=None
[2025-11-13T12:06:48.870+0000] {processor.py:183} INFO - Processing /opt/airflow/dags/etl_dag.py took 0.093 seconds
[2025-11-13T12:07:19.346+0000] {processor.py:161} INFO - Started process (PID=15183) to work on /opt/airflow/dags/etl_dag.py
[2025-11-13T12:07:19.348+0000] {processor.py:830} INFO - Processing file /opt/airflow/dags/etl_dag.py for tasks to queue
[2025-11-13T12:07:19.349+0000] {logging_mixin.py:188} INFO - [2025-11-13T12:07:19.348+0000] {dagbag.py:538} INFO - Filling up the DagBag from /opt/airflow/dags/etl_dag.py
[2025-11-13T12:07:19.431+0000] {processor.py:840} INFO - DAG(s) 'simple_etl_lineage' retrieved from /opt/airflow/dags/etl_dag.py
[2025-11-13T12:07:19.467+0000] {logging_mixin.py:188} INFO - [2025-11-13T12:07:19.467+0000] {dag.py:3036} INFO - Sync 1 DAGs
[2025-11-13T12:07:19.478+0000] {logging_mixin.py:188} INFO - [2025-11-13T12:07:19.478+0000] {dag.py:3823} INFO - Setting next_dagrun for simple_etl_lineage to None, run_after=None
[2025-11-13T12:07:19.511+0000] {processor.py:183} INFO - Processing /opt/airflow/dags/etl_dag.py took 0.168 seconds
[2025-11-13T12:07:50.145+0000] {processor.py:161} INFO - Started process (PID=15198) to work on /opt/airflow/dags/etl_dag.py
[2025-11-13T12:07:50.149+0000] {processor.py:830} INFO - Processing file /opt/airflow/dags/etl_dag.py for tasks to queue
[2025-11-13T12:07:50.156+0000] {logging_mixin.py:188} INFO - [2025-11-13T12:07:50.156+0000] {dagbag.py:538} INFO - Filling up the DagBag from /opt/airflow/dags/etl_dag.py
[2025-11-13T12:07:50.899+0000] {processor.py:840} INFO - DAG(s) 'simple_etl_lineage' retrieved from /opt/airflow/dags/etl_dag.py
[2025-11-13T12:07:51.008+0000] {logging_mixin.py:188} INFO - [2025-11-13T12:07:51.008+0000] {dag.py:3036} INFO - Sync 1 DAGs
[2025-11-13T12:07:51.044+0000] {logging_mixin.py:188} INFO - [2025-11-13T12:07:51.043+0000] {dag.py:3823} INFO - Setting next_dagrun for simple_etl_lineage to None, run_after=None
[2025-11-13T12:07:51.127+0000] {processor.py:183} INFO - Processing /opt/airflow/dags/etl_dag.py took 0.987 seconds
[2025-11-13T12:09:39.909+0000] {processor.py:161} INFO - Started process (PID=185) to work on /opt/airflow/dags/etl_dag.py
[2025-11-13T12:09:39.912+0000] {processor.py:830} INFO - Processing file /opt/airflow/dags/etl_dag.py for tasks to queue
[2025-11-13T12:09:39.914+0000] {logging_mixin.py:188} INFO - [2025-11-13T12:09:39.914+0000] {dagbag.py:538} INFO - Filling up the DagBag from /opt/airflow/dags/etl_dag.py
[2025-11-13T12:09:40.048+0000] {processor.py:840} INFO - DAG(s) 'simple_etl_lineage' retrieved from /opt/airflow/dags/etl_dag.py
[2025-11-13T12:09:40.340+0000] {logging_mixin.py:188} INFO - [2025-11-13T12:09:40.339+0000] {override.py:1769} INFO - Created Permission View: can delete on DAG:simple_etl_lineage
[2025-11-13T12:09:40.395+0000] {logging_mixin.py:188} INFO - [2025-11-13T12:09:40.395+0000] {override.py:1769} INFO - Created Permission View: can read on DAG:simple_etl_lineage
[2025-11-13T12:09:40.423+0000] {logging_mixin.py:188} INFO - [2025-11-13T12:09:40.422+0000] {override.py:1769} INFO - Created Permission View: can edit on DAG:simple_etl_lineage
[2025-11-13T12:09:40.439+0000] {logging_mixin.py:188} INFO - [2025-11-13T12:09:40.439+0000] {dag.py:3036} INFO - Sync 1 DAGs
[2025-11-13T12:09:40.467+0000] {logging_mixin.py:188} INFO - [2025-11-13T12:09:40.466+0000] {dag.py:3058} INFO - Creating ORM DAG for simple_etl_lineage
[2025-11-13T12:09:40.483+0000] {logging_mixin.py:188} INFO - [2025-11-13T12:09:40.483+0000] {dag.py:3823} INFO - Setting next_dagrun for simple_etl_lineage to None, run_after=None
[2025-11-13T12:09:40.550+0000] {processor.py:183} INFO - Processing /opt/airflow/dags/etl_dag.py took 0.646 seconds
[2025-11-13T12:10:11.092+0000] {processor.py:161} INFO - Started process (PID=209) to work on /opt/airflow/dags/etl_dag.py
[2025-11-13T12:10:11.094+0000] {processor.py:830} INFO - Processing file /opt/airflow/dags/etl_dag.py for tasks to queue
[2025-11-13T12:10:11.096+0000] {logging_mixin.py:188} INFO - [2025-11-13T12:10:11.095+0000] {dagbag.py:538} INFO - Filling up the DagBag from /opt/airflow/dags/etl_dag.py
[2025-11-13T12:10:11.122+0000] {processor.py:840} INFO - DAG(s) 'simple_etl_lineage' retrieved from /opt/airflow/dags/etl_dag.py
[2025-11-13T12:10:11.156+0000] {logging_mixin.py:188} INFO - [2025-11-13T12:10:11.154+0000] {dag.py:3036} INFO - Sync 1 DAGs
[2025-11-13T12:10:11.175+0000] {logging_mixin.py:188} INFO - [2025-11-13T12:10:11.175+0000] {dag.py:3823} INFO - Setting next_dagrun for simple_etl_lineage to None, run_after=None
[2025-11-13T12:10:11.202+0000] {processor.py:183} INFO - Processing /opt/airflow/dags/etl_dag.py took 0.114 seconds
[2025-11-13T12:10:43.193+0000] {processor.py:161} INFO - Started process (PID=225) to work on /opt/airflow/dags/etl_dag.py
[2025-11-13T12:10:43.210+0000] {processor.py:830} INFO - Processing file /opt/airflow/dags/etl_dag.py for tasks to queue
[2025-11-13T12:10:43.237+0000] {logging_mixin.py:188} INFO - [2025-11-13T12:10:43.236+0000] {dagbag.py:538} INFO - Filling up the DagBag from /opt/airflow/dags/etl_dag.py
[2025-11-13T12:10:44.051+0000] {processor.py:840} INFO - DAG(s) 'simple_etl_lineage' retrieved from /opt/airflow/dags/etl_dag.py
[2025-11-13T12:10:44.151+0000] {logging_mixin.py:188} INFO - [2025-11-13T12:10:44.151+0000] {dag.py:3036} INFO - Sync 1 DAGs
[2025-11-13T12:10:44.209+0000] {logging_mixin.py:188} INFO - [2025-11-13T12:10:44.208+0000] {dag.py:3823} INFO - Setting next_dagrun for simple_etl_lineage to None, run_after=None
[2025-11-13T12:10:44.552+0000] {processor.py:183} INFO - Processing /opt/airflow/dags/etl_dag.py took 1.364 seconds
[2025-11-13T12:11:14.714+0000] {processor.py:161} INFO - Started process (PID=243) to work on /opt/airflow/dags/etl_dag.py
[2025-11-13T12:11:14.721+0000] {processor.py:830} INFO - Processing file /opt/airflow/dags/etl_dag.py for tasks to queue
[2025-11-13T12:11:14.723+0000] {logging_mixin.py:188} INFO - [2025-11-13T12:11:14.722+0000] {dagbag.py:538} INFO - Filling up the DagBag from /opt/airflow/dags/etl_dag.py
[2025-11-13T12:11:14.750+0000] {processor.py:840} INFO - DAG(s) 'simple_etl_lineage' retrieved from /opt/airflow/dags/etl_dag.py
[2025-11-13T12:11:14.804+0000] {logging_mixin.py:188} INFO - [2025-11-13T12:11:14.803+0000] {dag.py:3036} INFO - Sync 1 DAGs
[2025-11-13T12:11:14.828+0000] {logging_mixin.py:188} INFO - [2025-11-13T12:11:14.828+0000] {dag.py:3823} INFO - Setting next_dagrun for simple_etl_lineage to None, run_after=None
[2025-11-13T12:11:14.874+0000] {processor.py:183} INFO - Processing /opt/airflow/dags/etl_dag.py took 0.164 seconds
[2025-11-13T12:11:45.160+0000] {processor.py:161} INFO - Started process (PID=258) to work on /opt/airflow/dags/etl_dag.py
[2025-11-13T12:11:45.165+0000] {processor.py:830} INFO - Processing file /opt/airflow/dags/etl_dag.py for tasks to queue
[2025-11-13T12:11:45.169+0000] {logging_mixin.py:188} INFO - [2025-11-13T12:11:45.169+0000] {dagbag.py:538} INFO - Filling up the DagBag from /opt/airflow/dags/etl_dag.py
[2025-11-13T12:11:45.222+0000] {processor.py:840} INFO - DAG(s) 'simple_etl_lineage' retrieved from /opt/airflow/dags/etl_dag.py
[2025-11-13T12:11:45.263+0000] {logging_mixin.py:188} INFO - [2025-11-13T12:11:45.263+0000] {dag.py:3036} INFO - Sync 1 DAGs
[2025-11-13T12:11:45.281+0000] {logging_mixin.py:188} INFO - [2025-11-13T12:11:45.281+0000] {dag.py:3823} INFO - Setting next_dagrun for simple_etl_lineage to None, run_after=None
[2025-11-13T12:11:45.320+0000] {processor.py:183} INFO - Processing /opt/airflow/dags/etl_dag.py took 0.164 seconds
[2025-11-13T12:12:15.376+0000] {processor.py:161} INFO - Started process (PID=277) to work on /opt/airflow/dags/etl_dag.py
[2025-11-13T12:12:15.378+0000] {processor.py:830} INFO - Processing file /opt/airflow/dags/etl_dag.py for tasks to queue
[2025-11-13T12:12:15.379+0000] {logging_mixin.py:188} INFO - [2025-11-13T12:12:15.378+0000] {dagbag.py:538} INFO - Filling up the DagBag from /opt/airflow/dags/etl_dag.py
[2025-11-13T12:12:15.396+0000] {processor.py:840} INFO - DAG(s) 'simple_etl_lineage' retrieved from /opt/airflow/dags/etl_dag.py
[2025-11-13T12:12:15.431+0000] {logging_mixin.py:188} INFO - [2025-11-13T12:12:15.431+0000] {dag.py:3036} INFO - Sync 1 DAGs
[2025-11-13T12:12:15.445+0000] {logging_mixin.py:188} INFO - [2025-11-13T12:12:15.444+0000] {dag.py:3823} INFO - Setting next_dagrun for simple_etl_lineage to None, run_after=None
[2025-11-13T12:12:15.468+0000] {processor.py:183} INFO - Processing /opt/airflow/dags/etl_dag.py took 0.094 seconds
[2025-11-13T12:12:45.863+0000] {processor.py:161} INFO - Started process (PID=296) to work on /opt/airflow/dags/etl_dag.py
[2025-11-13T12:12:45.864+0000] {processor.py:830} INFO - Processing file /opt/airflow/dags/etl_dag.py for tasks to queue
[2025-11-13T12:12:45.866+0000] {logging_mixin.py:188} INFO - [2025-11-13T12:12:45.865+0000] {dagbag.py:538} INFO - Filling up the DagBag from /opt/airflow/dags/etl_dag.py
[2025-11-13T12:12:45.885+0000] {processor.py:840} INFO - DAG(s) 'simple_etl_lineage' retrieved from /opt/airflow/dags/etl_dag.py
[2025-11-13T12:12:45.909+0000] {logging_mixin.py:188} INFO - [2025-11-13T12:12:45.909+0000] {dag.py:3036} INFO - Sync 1 DAGs
[2025-11-13T12:12:45.922+0000] {logging_mixin.py:188} INFO - [2025-11-13T12:12:45.922+0000] {dag.py:3823} INFO - Setting next_dagrun for simple_etl_lineage to None, run_after=None
[2025-11-13T12:12:45.951+0000] {processor.py:183} INFO - Processing /opt/airflow/dags/etl_dag.py took 0.091 seconds
[2025-11-13T12:13:16.352+0000] {processor.py:161} INFO - Started process (PID=311) to work on /opt/airflow/dags/etl_dag.py
[2025-11-13T12:13:16.353+0000] {processor.py:830} INFO - Processing file /opt/airflow/dags/etl_dag.py for tasks to queue
[2025-11-13T12:13:16.355+0000] {logging_mixin.py:188} INFO - [2025-11-13T12:13:16.354+0000] {dagbag.py:538} INFO - Filling up the DagBag from /opt/airflow/dags/etl_dag.py
[2025-11-13T12:13:16.378+0000] {processor.py:840} INFO - DAG(s) 'simple_etl_lineage' retrieved from /opt/airflow/dags/etl_dag.py
[2025-11-13T12:13:16.408+0000] {logging_mixin.py:188} INFO - [2025-11-13T12:13:16.407+0000] {dag.py:3036} INFO - Sync 1 DAGs
[2025-11-13T12:13:16.421+0000] {logging_mixin.py:188} INFO - [2025-11-13T12:13:16.421+0000] {dag.py:3823} INFO - Setting next_dagrun for simple_etl_lineage to None, run_after=None
[2025-11-13T12:13:16.445+0000] {processor.py:183} INFO - Processing /opt/airflow/dags/etl_dag.py took 0.096 seconds
[2025-11-13T12:13:47.278+0000] {processor.py:161} INFO - Started process (PID=326) to work on /opt/airflow/dags/etl_dag.py
[2025-11-13T12:13:47.297+0000] {processor.py:830} INFO - Processing file /opt/airflow/dags/etl_dag.py for tasks to queue
[2025-11-13T12:13:47.302+0000] {logging_mixin.py:188} INFO - [2025-11-13T12:13:47.301+0000] {dagbag.py:538} INFO - Filling up the DagBag from /opt/airflow/dags/etl_dag.py
[2025-11-13T12:13:47.624+0000] {processor.py:840} INFO - DAG(s) 'simple_etl_lineage' retrieved from /opt/airflow/dags/etl_dag.py
[2025-11-13T12:13:47.719+0000] {logging_mixin.py:188} INFO - [2025-11-13T12:13:47.718+0000] {dag.py:3036} INFO - Sync 1 DAGs
[2025-11-13T12:13:47.761+0000] {logging_mixin.py:188} INFO - [2025-11-13T12:13:47.761+0000] {dag.py:3823} INFO - Setting next_dagrun for simple_etl_lineage to None, run_after=None
[2025-11-13T12:13:47.852+0000] {processor.py:183} INFO - Processing /opt/airflow/dags/etl_dag.py took 0.578 seconds
[2025-11-13T12:14:23.588+0000] {processor.py:161} INFO - Started process (PID=341) to work on /opt/airflow/dags/etl_dag.py
[2025-11-13T12:14:23.628+0000] {processor.py:830} INFO - Processing file /opt/airflow/dags/etl_dag.py for tasks to queue
[2025-11-13T12:14:23.647+0000] {logging_mixin.py:188} INFO - [2025-11-13T12:14:23.647+0000] {dagbag.py:538} INFO - Filling up the DagBag from /opt/airflow/dags/etl_dag.py
[2025-11-13T12:14:24.677+0000] {processor.py:840} INFO - DAG(s) 'simple_etl_lineage' retrieved from /opt/airflow/dags/etl_dag.py
[2025-11-13T12:14:25.019+0000] {logging_mixin.py:188} INFO - [2025-11-13T12:14:25.019+0000] {dag.py:3036} INFO - Sync 1 DAGs
[2025-11-13T12:14:25.097+0000] {logging_mixin.py:188} INFO - [2025-11-13T12:14:25.096+0000] {dag.py:3823} INFO - Setting next_dagrun for simple_etl_lineage to None, run_after=None
[2025-11-13T12:14:26.114+0000] {processor.py:183} INFO - Processing /opt/airflow/dags/etl_dag.py took 2.537 seconds
[2025-11-13T12:14:59.704+0000] {processor.py:161} INFO - Started process (PID=356) to work on /opt/airflow/dags/etl_dag.py
[2025-11-13T12:14:59.711+0000] {processor.py:830} INFO - Processing file /opt/airflow/dags/etl_dag.py for tasks to queue
[2025-11-13T12:14:59.716+0000] {logging_mixin.py:188} INFO - [2025-11-13T12:14:59.713+0000] {dagbag.py:538} INFO - Filling up the DagBag from /opt/airflow/dags/etl_dag.py
[2025-11-13T12:14:59.785+0000] {processor.py:840} INFO - DAG(s) 'simple_etl_lineage' retrieved from /opt/airflow/dags/etl_dag.py
[2025-11-13T12:14:59.872+0000] {logging_mixin.py:188} INFO - [2025-11-13T12:14:59.865+0000] {dag.py:3036} INFO - Sync 1 DAGs
[2025-11-13T12:14:59.919+0000] {logging_mixin.py:188} INFO - [2025-11-13T12:14:59.918+0000] {dag.py:3823} INFO - Setting next_dagrun for simple_etl_lineage to None, run_after=None
[2025-11-13T12:15:00.023+0000] {processor.py:183} INFO - Processing /opt/airflow/dags/etl_dag.py took 0.330 seconds
[2025-11-13T12:15:30.409+0000] {processor.py:161} INFO - Started process (PID=371) to work on /opt/airflow/dags/etl_dag.py
[2025-11-13T12:15:30.410+0000] {processor.py:830} INFO - Processing file /opt/airflow/dags/etl_dag.py for tasks to queue
[2025-11-13T12:15:30.411+0000] {logging_mixin.py:188} INFO - [2025-11-13T12:15:30.411+0000] {dagbag.py:538} INFO - Filling up the DagBag from /opt/airflow/dags/etl_dag.py
[2025-11-13T12:15:30.434+0000] {processor.py:840} INFO - DAG(s) 'simple_etl_lineage' retrieved from /opt/airflow/dags/etl_dag.py
[2025-11-13T12:15:30.471+0000] {logging_mixin.py:188} INFO - [2025-11-13T12:15:30.471+0000] {dag.py:3036} INFO - Sync 1 DAGs
[2025-11-13T12:15:30.489+0000] {logging_mixin.py:188} INFO - [2025-11-13T12:15:30.489+0000] {dag.py:3823} INFO - Setting next_dagrun for simple_etl_lineage to None, run_after=None
[2025-11-13T12:15:30.522+0000] {processor.py:183} INFO - Processing /opt/airflow/dags/etl_dag.py took 0.117 seconds
[2025-11-13T12:16:01.080+0000] {processor.py:161} INFO - Started process (PID=386) to work on /opt/airflow/dags/etl_dag.py
[2025-11-13T12:16:01.081+0000] {processor.py:830} INFO - Processing file /opt/airflow/dags/etl_dag.py for tasks to queue
[2025-11-13T12:16:01.083+0000] {logging_mixin.py:188} INFO - [2025-11-13T12:16:01.083+0000] {dagbag.py:538} INFO - Filling up the DagBag from /opt/airflow/dags/etl_dag.py
[2025-11-13T12:16:01.106+0000] {processor.py:840} INFO - DAG(s) 'simple_etl_lineage' retrieved from /opt/airflow/dags/etl_dag.py
[2025-11-13T12:16:01.165+0000] {logging_mixin.py:188} INFO - [2025-11-13T12:16:01.164+0000] {dag.py:3036} INFO - Sync 1 DAGs
[2025-11-13T12:16:01.190+0000] {logging_mixin.py:188} INFO - [2025-11-13T12:16:01.189+0000] {dag.py:3823} INFO - Setting next_dagrun for simple_etl_lineage to None, run_after=None
[2025-11-13T12:16:01.231+0000] {processor.py:183} INFO - Processing /opt/airflow/dags/etl_dag.py took 0.154 seconds
[2025-11-13T12:16:32.452+0000] {processor.py:161} INFO - Started process (PID=401) to work on /opt/airflow/dags/etl_dag.py
[2025-11-13T12:16:32.462+0000] {processor.py:830} INFO - Processing file /opt/airflow/dags/etl_dag.py for tasks to queue
[2025-11-13T12:16:32.467+0000] {logging_mixin.py:188} INFO - [2025-11-13T12:16:32.466+0000] {dagbag.py:538} INFO - Filling up the DagBag from /opt/airflow/dags/etl_dag.py
[2025-11-13T12:16:32.959+0000] {processor.py:840} INFO - DAG(s) 'simple_etl_lineage' retrieved from /opt/airflow/dags/etl_dag.py
[2025-11-13T12:16:33.091+0000] {logging_mixin.py:188} INFO - [2025-11-13T12:16:33.091+0000] {dag.py:3036} INFO - Sync 1 DAGs
[2025-11-13T12:16:33.865+0000] {logging_mixin.py:188} INFO - [2025-11-13T12:16:33.864+0000] {dag.py:3823} INFO - Setting next_dagrun for simple_etl_lineage to None, run_after=None
[2025-11-13T12:16:34.142+0000] {processor.py:183} INFO - Processing /opt/airflow/dags/etl_dag.py took 1.695 seconds
[2025-11-13T12:17:05.573+0000] {processor.py:161} INFO - Started process (PID=417) to work on /opt/airflow/dags/etl_dag.py
[2025-11-13T12:17:05.608+0000] {processor.py:830} INFO - Processing file /opt/airflow/dags/etl_dag.py for tasks to queue
[2025-11-13T12:17:05.615+0000] {logging_mixin.py:188} INFO - [2025-11-13T12:17:05.610+0000] {dagbag.py:538} INFO - Filling up the DagBag from /opt/airflow/dags/etl_dag.py
[2025-11-13T12:17:07.641+0000] {processor.py:840} INFO - DAG(s) 'simple_etl_lineage' retrieved from /opt/airflow/dags/etl_dag.py
[2025-11-13T12:17:09.619+0000] {logging_mixin.py:188} INFO - [2025-11-13T12:17:09.618+0000] {dag.py:3036} INFO - Sync 1 DAGs
[2025-11-13T12:17:11.240+0000] {logging_mixin.py:188} INFO - [2025-11-13T12:17:11.239+0000] {dag.py:3823} INFO - Setting next_dagrun for simple_etl_lineage to None, run_after=None
[2025-11-13T12:17:11.803+0000] {processor.py:183} INFO - Processing /opt/airflow/dags/etl_dag.py took 6.243 seconds
[2025-11-13T12:17:43.192+0000] {processor.py:161} INFO - Started process (PID=439) to work on /opt/airflow/dags/etl_dag.py
[2025-11-13T12:17:43.196+0000] {processor.py:830} INFO - Processing file /opt/airflow/dags/etl_dag.py for tasks to queue
[2025-11-13T12:17:43.206+0000] {logging_mixin.py:188} INFO - [2025-11-13T12:17:43.206+0000] {dagbag.py:538} INFO - Filling up the DagBag from /opt/airflow/dags/etl_dag.py
[2025-11-13T12:17:43.350+0000] {processor.py:840} INFO - DAG(s) 'simple_etl_lineage' retrieved from /opt/airflow/dags/etl_dag.py
[2025-11-13T12:17:43.452+0000] {logging_mixin.py:188} INFO - [2025-11-13T12:17:43.452+0000] {dag.py:3036} INFO - Sync 1 DAGs
[2025-11-13T12:17:43.512+0000] {logging_mixin.py:188} INFO - [2025-11-13T12:17:43.512+0000] {dag.py:3823} INFO - Setting next_dagrun for simple_etl_lineage to None, run_after=None
[2025-11-13T12:17:44.651+0000] {processor.py:183} INFO - Processing /opt/airflow/dags/etl_dag.py took 1.463 seconds
[2025-11-13T12:18:27.651+0000] {processor.py:161} INFO - Started process (PID=454) to work on /opt/airflow/dags/etl_dag.py
[2025-11-13T12:18:27.736+0000] {processor.py:830} INFO - Processing file /opt/airflow/dags/etl_dag.py for tasks to queue
[2025-11-13T12:18:28.047+0000] {logging_mixin.py:188} INFO - [2025-11-13T12:18:27.781+0000] {dagbag.py:538} INFO - Filling up the DagBag from /opt/airflow/dags/etl_dag.py
[2025-11-13T12:18:38.878+0000] {processor.py:840} INFO - DAG(s) 'simple_etl_lineage' retrieved from /opt/airflow/dags/etl_dag.py
[2025-11-13T12:18:45.179+0000] {logging_mixin.py:188} INFO - [2025-11-13T12:18:45.161+0000] {dag.py:3036} INFO - Sync 1 DAGs
[2025-11-13T12:18:45.388+0000] {logging_mixin.py:188} INFO - [2025-11-13T12:18:45.388+0000] {dag.py:3823} INFO - Setting next_dagrun for simple_etl_lineage to None, run_after=None
[2025-11-13T12:18:45.736+0000] {processor.py:183} INFO - Processing /opt/airflow/dags/etl_dag.py took 22.959 seconds
[2025-11-13T12:19:34.818+0000] {processor.py:161} INFO - Started process (PID=479) to work on /opt/airflow/dags/etl_dag.py
[2025-11-13T12:19:34.835+0000] {processor.py:830} INFO - Processing file /opt/airflow/dags/etl_dag.py for tasks to queue
[2025-11-13T12:19:34.839+0000] {logging_mixin.py:188} INFO - [2025-11-13T12:19:34.838+0000] {dagbag.py:538} INFO - Filling up the DagBag from /opt/airflow/dags/etl_dag.py
[2025-11-13T12:19:35.424+0000] {processor.py:840} INFO - DAG(s) 'simple_etl_lineage' retrieved from /opt/airflow/dags/etl_dag.py
[2025-11-13T12:19:35.568+0000] {logging_mixin.py:188} INFO - [2025-11-13T12:19:35.567+0000] {dag.py:3036} INFO - Sync 1 DAGs
[2025-11-13T12:19:35.646+0000] {logging_mixin.py:188} INFO - [2025-11-13T12:19:35.645+0000] {dag.py:3823} INFO - Setting next_dagrun for simple_etl_lineage to None, run_after=None
[2025-11-13T12:19:35.834+0000] {processor.py:183} INFO - Processing /opt/airflow/dags/etl_dag.py took 1.023 seconds
[2025-11-13T12:20:06.877+0000] {processor.py:161} INFO - Started process (PID=494) to work on /opt/airflow/dags/etl_dag.py
[2025-11-13T12:20:06.881+0000] {processor.py:830} INFO - Processing file /opt/airflow/dags/etl_dag.py for tasks to queue
[2025-11-13T12:20:06.895+0000] {logging_mixin.py:188} INFO - [2025-11-13T12:20:06.885+0000] {dagbag.py:538} INFO - Filling up the DagBag from /opt/airflow/dags/etl_dag.py
[2025-11-13T12:20:07.042+0000] {processor.py:840} INFO - DAG(s) 'simple_etl_lineage' retrieved from /opt/airflow/dags/etl_dag.py
[2025-11-13T12:20:07.191+0000] {logging_mixin.py:188} INFO - [2025-11-13T12:20:07.190+0000] {dag.py:3036} INFO - Sync 1 DAGs
[2025-11-13T12:20:07.385+0000] {logging_mixin.py:188} INFO - [2025-11-13T12:20:07.383+0000] {dag.py:3823} INFO - Setting next_dagrun for simple_etl_lineage to None, run_after=None
[2025-11-13T12:20:07.554+0000] {processor.py:183} INFO - Processing /opt/airflow/dags/etl_dag.py took 0.694 seconds
[2025-11-13T12:20:37.882+0000] {processor.py:161} INFO - Started process (PID=509) to work on /opt/airflow/dags/etl_dag.py
[2025-11-13T12:20:37.898+0000] {processor.py:830} INFO - Processing file /opt/airflow/dags/etl_dag.py for tasks to queue
[2025-11-13T12:20:37.901+0000] {logging_mixin.py:188} INFO - [2025-11-13T12:20:37.901+0000] {dagbag.py:538} INFO - Filling up the DagBag from /opt/airflow/dags/etl_dag.py
[2025-11-13T12:20:38.013+0000] {processor.py:840} INFO - DAG(s) 'simple_etl_lineage' retrieved from /opt/airflow/dags/etl_dag.py
[2025-11-13T12:20:38.082+0000] {logging_mixin.py:188} INFO - [2025-11-13T12:20:38.081+0000] {dag.py:3036} INFO - Sync 1 DAGs
[2025-11-13T12:20:38.129+0000] {logging_mixin.py:188} INFO - [2025-11-13T12:20:38.128+0000] {dag.py:3823} INFO - Setting next_dagrun for simple_etl_lineage to None, run_after=None
[2025-11-13T12:20:38.178+0000] {processor.py:183} INFO - Processing /opt/airflow/dags/etl_dag.py took 0.306 seconds
[2025-11-13T12:21:08.541+0000] {processor.py:161} INFO - Started process (PID=524) to work on /opt/airflow/dags/etl_dag.py
[2025-11-13T12:21:08.542+0000] {processor.py:830} INFO - Processing file /opt/airflow/dags/etl_dag.py for tasks to queue
[2025-11-13T12:21:08.544+0000] {logging_mixin.py:188} INFO - [2025-11-13T12:21:08.543+0000] {dagbag.py:538} INFO - Filling up the DagBag from /opt/airflow/dags/etl_dag.py
[2025-11-13T12:21:08.588+0000] {processor.py:840} INFO - DAG(s) 'simple_etl_lineage' retrieved from /opt/airflow/dags/etl_dag.py
[2025-11-13T12:21:08.639+0000] {logging_mixin.py:188} INFO - [2025-11-13T12:21:08.639+0000] {dag.py:3036} INFO - Sync 1 DAGs
[2025-11-13T12:21:08.658+0000] {logging_mixin.py:188} INFO - [2025-11-13T12:21:08.658+0000] {dag.py:3823} INFO - Setting next_dagrun for simple_etl_lineage to None, run_after=None
[2025-11-13T12:21:08.684+0000] {processor.py:183} INFO - Processing /opt/airflow/dags/etl_dag.py took 0.149 seconds
[2025-11-13T12:21:39.583+0000] {processor.py:161} INFO - Started process (PID=539) to work on /opt/airflow/dags/etl_dag.py
[2025-11-13T12:21:39.604+0000] {processor.py:830} INFO - Processing file /opt/airflow/dags/etl_dag.py for tasks to queue
[2025-11-13T12:21:39.606+0000] {logging_mixin.py:188} INFO - [2025-11-13T12:21:39.606+0000] {dagbag.py:538} INFO - Filling up the DagBag from /opt/airflow/dags/etl_dag.py
[2025-11-13T12:21:39.712+0000] {processor.py:840} INFO - DAG(s) 'simple_etl_lineage' retrieved from /opt/airflow/dags/etl_dag.py
[2025-11-13T12:21:39.872+0000] {logging_mixin.py:188} INFO - [2025-11-13T12:21:39.871+0000] {dag.py:3036} INFO - Sync 1 DAGs
[2025-11-13T12:21:39.920+0000] {logging_mixin.py:188} INFO - [2025-11-13T12:21:39.919+0000] {dag.py:3823} INFO - Setting next_dagrun for simple_etl_lineage to None, run_after=None
[2025-11-13T12:21:39.993+0000] {processor.py:183} INFO - Processing /opt/airflow/dags/etl_dag.py took 0.415 seconds
[2025-11-13T12:22:11.057+0000] {processor.py:161} INFO - Started process (PID=554) to work on /opt/airflow/dags/etl_dag.py
[2025-11-13T12:22:11.060+0000] {processor.py:830} INFO - Processing file /opt/airflow/dags/etl_dag.py for tasks to queue
[2025-11-13T12:22:11.061+0000] {logging_mixin.py:188} INFO - [2025-11-13T12:22:11.061+0000] {dagbag.py:538} INFO - Filling up the DagBag from /opt/airflow/dags/etl_dag.py
[2025-11-13T12:22:11.151+0000] {processor.py:840} INFO - DAG(s) 'simple_etl_lineage' retrieved from /opt/airflow/dags/etl_dag.py
[2025-11-13T12:22:11.203+0000] {logging_mixin.py:188} INFO - [2025-11-13T12:22:11.203+0000] {dag.py:3036} INFO - Sync 1 DAGs
[2025-11-13T12:22:11.222+0000] {logging_mixin.py:188} INFO - [2025-11-13T12:22:11.222+0000] {dag.py:3823} INFO - Setting next_dagrun for simple_etl_lineage to None, run_after=None
[2025-11-13T12:22:11.258+0000] {processor.py:183} INFO - Processing /opt/airflow/dags/etl_dag.py took 0.206 seconds
[2025-11-13T12:22:41.348+0000] {processor.py:161} INFO - Started process (PID=569) to work on /opt/airflow/dags/etl_dag.py
[2025-11-13T12:22:41.350+0000] {processor.py:830} INFO - Processing file /opt/airflow/dags/etl_dag.py for tasks to queue
[2025-11-13T12:22:41.352+0000] {logging_mixin.py:188} INFO - [2025-11-13T12:22:41.351+0000] {dagbag.py:538} INFO - Filling up the DagBag from /opt/airflow/dags/etl_dag.py
[2025-11-13T12:22:41.382+0000] {processor.py:840} INFO - DAG(s) 'simple_etl_lineage' retrieved from /opt/airflow/dags/etl_dag.py
[2025-11-13T12:22:41.443+0000] {logging_mixin.py:188} INFO - [2025-11-13T12:22:41.442+0000] {dag.py:3036} INFO - Sync 1 DAGs
[2025-11-13T12:22:41.466+0000] {logging_mixin.py:188} INFO - [2025-11-13T12:22:41.466+0000] {dag.py:3823} INFO - Setting next_dagrun for simple_etl_lineage to None, run_after=None
[2025-11-13T12:22:41.499+0000] {processor.py:183} INFO - Processing /opt/airflow/dags/etl_dag.py took 0.157 seconds
[2025-11-13T12:23:11.876+0000] {processor.py:161} INFO - Started process (PID=584) to work on /opt/airflow/dags/etl_dag.py
[2025-11-13T12:23:11.878+0000] {processor.py:830} INFO - Processing file /opt/airflow/dags/etl_dag.py for tasks to queue
[2025-11-13T12:23:11.880+0000] {logging_mixin.py:188} INFO - [2025-11-13T12:23:11.880+0000] {dagbag.py:538} INFO - Filling up the DagBag from /opt/airflow/dags/etl_dag.py
[2025-11-13T12:23:11.920+0000] {processor.py:840} INFO - DAG(s) 'simple_etl_lineage' retrieved from /opt/airflow/dags/etl_dag.py
[2025-11-13T12:23:11.975+0000] {logging_mixin.py:188} INFO - [2025-11-13T12:23:11.975+0000] {dag.py:3036} INFO - Sync 1 DAGs
[2025-11-13T12:23:11.996+0000] {logging_mixin.py:188} INFO - [2025-11-13T12:23:11.996+0000] {dag.py:3823} INFO - Setting next_dagrun for simple_etl_lineage to None, run_after=None
[2025-11-13T12:23:12.027+0000] {processor.py:183} INFO - Processing /opt/airflow/dags/etl_dag.py took 0.154 seconds
[2025-11-13T12:23:42.233+0000] {processor.py:161} INFO - Started process (PID=599) to work on /opt/airflow/dags/etl_dag.py
[2025-11-13T12:23:42.254+0000] {processor.py:830} INFO - Processing file /opt/airflow/dags/etl_dag.py for tasks to queue
[2025-11-13T12:23:42.263+0000] {logging_mixin.py:188} INFO - [2025-11-13T12:23:42.262+0000] {dagbag.py:538} INFO - Filling up the DagBag from /opt/airflow/dags/etl_dag.py
[2025-11-13T12:23:42.311+0000] {processor.py:840} INFO - DAG(s) 'simple_etl_lineage' retrieved from /opt/airflow/dags/etl_dag.py
[2025-11-13T12:23:42.404+0000] {logging_mixin.py:188} INFO - [2025-11-13T12:23:42.404+0000] {dag.py:3036} INFO - Sync 1 DAGs
[2025-11-13T12:23:42.504+0000] {logging_mixin.py:188} INFO - [2025-11-13T12:23:42.503+0000] {dag.py:3823} INFO - Setting next_dagrun for simple_etl_lineage to None, run_after=None
[2025-11-13T12:23:42.572+0000] {processor.py:183} INFO - Processing /opt/airflow/dags/etl_dag.py took 0.343 seconds
[2025-11-13T12:24:13.246+0000] {processor.py:161} INFO - Started process (PID=614) to work on /opt/airflow/dags/etl_dag.py
[2025-11-13T12:24:13.249+0000] {processor.py:830} INFO - Processing file /opt/airflow/dags/etl_dag.py for tasks to queue
[2025-11-13T12:24:13.254+0000] {logging_mixin.py:188} INFO - [2025-11-13T12:24:13.253+0000] {dagbag.py:538} INFO - Filling up the DagBag from /opt/airflow/dags/etl_dag.py
[2025-11-13T12:24:13.293+0000] {processor.py:840} INFO - DAG(s) 'simple_etl_lineage' retrieved from /opt/airflow/dags/etl_dag.py
[2025-11-13T12:24:13.392+0000] {logging_mixin.py:188} INFO - [2025-11-13T12:24:13.381+0000] {dag.py:3036} INFO - Sync 1 DAGs
[2025-11-13T12:24:13.440+0000] {logging_mixin.py:188} INFO - [2025-11-13T12:24:13.431+0000] {dag.py:3823} INFO - Setting next_dagrun for simple_etl_lineage to None, run_after=None
[2025-11-13T12:24:13.488+0000] {processor.py:183} INFO - Processing /opt/airflow/dags/etl_dag.py took 0.246 seconds
[2025-11-13T12:24:46.783+0000] {processor.py:161} INFO - Started process (PID=629) to work on /opt/airflow/dags/etl_dag.py
[2025-11-13T12:24:46.789+0000] {processor.py:830} INFO - Processing file /opt/airflow/dags/etl_dag.py for tasks to queue
[2025-11-13T12:24:46.796+0000] {logging_mixin.py:188} INFO - [2025-11-13T12:24:46.795+0000] {dagbag.py:538} INFO - Filling up the DagBag from /opt/airflow/dags/etl_dag.py
[2025-11-13T12:24:46.851+0000] {processor.py:840} INFO - DAG(s) 'simple_etl_lineage' retrieved from /opt/airflow/dags/etl_dag.py
[2025-11-13T12:24:46.931+0000] {logging_mixin.py:188} INFO - [2025-11-13T12:24:46.931+0000] {dag.py:3036} INFO - Sync 1 DAGs
[2025-11-13T12:24:46.950+0000] {logging_mixin.py:188} INFO - [2025-11-13T12:24:46.949+0000] {dag.py:3823} INFO - Setting next_dagrun for simple_etl_lineage to None, run_after=None
[2025-11-13T12:24:47.061+0000] {processor.py:183} INFO - Processing /opt/airflow/dags/etl_dag.py took 0.284 seconds
[2025-11-13T12:34:58.409+0000] {processor.py:161} INFO - Started process (PID=649) to work on /opt/airflow/dags/etl_dag.py
[2025-11-13T12:34:58.412+0000] {processor.py:830} INFO - Processing file /opt/airflow/dags/etl_dag.py for tasks to queue
[2025-11-13T12:34:58.429+0000] {logging_mixin.py:188} INFO - [2025-11-13T12:34:58.428+0000] {dagbag.py:538} INFO - Filling up the DagBag from /opt/airflow/dags/etl_dag.py
[2025-11-13T12:34:58.528+0000] {processor.py:840} INFO - DAG(s) 'simple_etl_lineage' retrieved from /opt/airflow/dags/etl_dag.py
[2025-11-13T12:34:58.640+0000] {logging_mixin.py:188} INFO - [2025-11-13T12:34:58.639+0000] {dag.py:3036} INFO - Sync 1 DAGs
[2025-11-13T12:34:58.691+0000] {logging_mixin.py:188} INFO - [2025-11-13T12:34:58.691+0000] {dag.py:3823} INFO - Setting next_dagrun for simple_etl_lineage to None, run_after=None
[2025-11-13T12:34:58.774+0000] {processor.py:183} INFO - Processing /opt/airflow/dags/etl_dag.py took 0.378 seconds
[2025-11-13T12:35:29.701+0000] {processor.py:161} INFO - Started process (PID=664) to work on /opt/airflow/dags/etl_dag.py
[2025-11-13T12:35:29.703+0000] {processor.py:830} INFO - Processing file /opt/airflow/dags/etl_dag.py for tasks to queue
[2025-11-13T12:35:29.705+0000] {logging_mixin.py:188} INFO - [2025-11-13T12:35:29.704+0000] {dagbag.py:538} INFO - Filling up the DagBag from /opt/airflow/dags/etl_dag.py
[2025-11-13T12:35:29.741+0000] {processor.py:840} INFO - DAG(s) 'simple_etl_lineage' retrieved from /opt/airflow/dags/etl_dag.py
[2025-11-13T12:35:29.769+0000] {logging_mixin.py:188} INFO - [2025-11-13T12:35:29.769+0000] {dag.py:3036} INFO - Sync 1 DAGs
[2025-11-13T12:35:29.783+0000] {logging_mixin.py:188} INFO - [2025-11-13T12:35:29.783+0000] {dag.py:3823} INFO - Setting next_dagrun for simple_etl_lineage to None, run_after=None
[2025-11-13T12:35:29.806+0000] {processor.py:183} INFO - Processing /opt/airflow/dags/etl_dag.py took 0.109 seconds
[2025-11-13T12:36:00.520+0000] {processor.py:161} INFO - Started process (PID=679) to work on /opt/airflow/dags/etl_dag.py
[2025-11-13T12:36:00.537+0000] {processor.py:830} INFO - Processing file /opt/airflow/dags/etl_dag.py for tasks to queue
[2025-11-13T12:36:00.542+0000] {logging_mixin.py:188} INFO - [2025-11-13T12:36:00.541+0000] {dagbag.py:538} INFO - Filling up the DagBag from /opt/airflow/dags/etl_dag.py
[2025-11-13T12:36:00.767+0000] {processor.py:840} INFO - DAG(s) 'simple_etl_lineage' retrieved from /opt/airflow/dags/etl_dag.py
[2025-11-13T12:36:00.861+0000] {logging_mixin.py:188} INFO - [2025-11-13T12:36:00.860+0000] {dag.py:3036} INFO - Sync 1 DAGs
[2025-11-13T12:36:00.910+0000] {logging_mixin.py:188} INFO - [2025-11-13T12:36:00.910+0000] {dag.py:3823} INFO - Setting next_dagrun for simple_etl_lineage to None, run_after=None
[2025-11-13T12:36:00.969+0000] {processor.py:183} INFO - Processing /opt/airflow/dags/etl_dag.py took 0.454 seconds
[2025-11-13T12:36:31.491+0000] {processor.py:161} INFO - Started process (PID=694) to work on /opt/airflow/dags/etl_dag.py
[2025-11-13T12:36:31.494+0000] {processor.py:830} INFO - Processing file /opt/airflow/dags/etl_dag.py for tasks to queue
[2025-11-13T12:36:31.496+0000] {logging_mixin.py:188} INFO - [2025-11-13T12:36:31.496+0000] {dagbag.py:538} INFO - Filling up the DagBag from /opt/airflow/dags/etl_dag.py
[2025-11-13T12:36:31.539+0000] {processor.py:840} INFO - DAG(s) 'simple_etl_lineage' retrieved from /opt/airflow/dags/etl_dag.py
[2025-11-13T12:36:31.576+0000] {logging_mixin.py:188} INFO - [2025-11-13T12:36:31.576+0000] {dag.py:3036} INFO - Sync 1 DAGs
[2025-11-13T12:36:31.591+0000] {logging_mixin.py:188} INFO - [2025-11-13T12:36:31.590+0000] {dag.py:3823} INFO - Setting next_dagrun for simple_etl_lineage to None, run_after=None
[2025-11-13T12:36:31.616+0000] {processor.py:183} INFO - Processing /opt/airflow/dags/etl_dag.py took 0.131 seconds
[2025-11-13T12:37:02.627+0000] {processor.py:161} INFO - Started process (PID=709) to work on /opt/airflow/dags/etl_dag.py
[2025-11-13T12:37:02.629+0000] {processor.py:830} INFO - Processing file /opt/airflow/dags/etl_dag.py for tasks to queue
[2025-11-13T12:37:02.632+0000] {logging_mixin.py:188} INFO - [2025-11-13T12:37:02.632+0000] {dagbag.py:538} INFO - Filling up the DagBag from /opt/airflow/dags/etl_dag.py
[2025-11-13T12:37:02.669+0000] {processor.py:840} INFO - DAG(s) 'simple_etl_lineage' retrieved from /opt/airflow/dags/etl_dag.py
[2025-11-13T12:37:02.714+0000] {logging_mixin.py:188} INFO - [2025-11-13T12:37:02.713+0000] {dag.py:3036} INFO - Sync 1 DAGs
[2025-11-13T12:37:02.736+0000] {logging_mixin.py:188} INFO - [2025-11-13T12:37:02.735+0000] {dag.py:3823} INFO - Setting next_dagrun for simple_etl_lineage to None, run_after=None
[2025-11-13T12:37:02.793+0000] {processor.py:183} INFO - Processing /opt/airflow/dags/etl_dag.py took 0.171 seconds
[2025-11-13T12:37:33.164+0000] {processor.py:161} INFO - Started process (PID=724) to work on /opt/airflow/dags/etl_dag.py
[2025-11-13T12:37:33.166+0000] {processor.py:830} INFO - Processing file /opt/airflow/dags/etl_dag.py for tasks to queue
[2025-11-13T12:37:33.168+0000] {logging_mixin.py:188} INFO - [2025-11-13T12:37:33.168+0000] {dagbag.py:538} INFO - Filling up the DagBag from /opt/airflow/dags/etl_dag.py
[2025-11-13T12:37:33.196+0000] {processor.py:840} INFO - DAG(s) 'simple_etl_lineage' retrieved from /opt/airflow/dags/etl_dag.py
[2025-11-13T12:37:33.239+0000] {logging_mixin.py:188} INFO - [2025-11-13T12:37:33.239+0000] {dag.py:3036} INFO - Sync 1 DAGs
[2025-11-13T12:37:33.253+0000] {logging_mixin.py:188} INFO - [2025-11-13T12:37:33.253+0000] {dag.py:3823} INFO - Setting next_dagrun for simple_etl_lineage to None, run_after=None
[2025-11-13T12:37:33.280+0000] {processor.py:183} INFO - Processing /opt/airflow/dags/etl_dag.py took 0.121 seconds
[2025-11-13T12:38:04.984+0000] {processor.py:161} INFO - Started process (PID=739) to work on /opt/airflow/dags/etl_dag.py
[2025-11-13T12:38:04.999+0000] {processor.py:830} INFO - Processing file /opt/airflow/dags/etl_dag.py for tasks to queue
[2025-11-13T12:38:05.014+0000] {logging_mixin.py:188} INFO - [2025-11-13T12:38:05.014+0000] {dagbag.py:538} INFO - Filling up the DagBag from /opt/airflow/dags/etl_dag.py
[2025-11-13T12:38:05.084+0000] {processor.py:840} INFO - DAG(s) 'simple_etl_lineage' retrieved from /opt/airflow/dags/etl_dag.py
[2025-11-13T12:38:05.208+0000] {logging_mixin.py:188} INFO - [2025-11-13T12:38:05.208+0000] {dag.py:3036} INFO - Sync 1 DAGs
[2025-11-13T12:38:05.258+0000] {logging_mixin.py:188} INFO - [2025-11-13T12:38:05.257+0000] {dag.py:3823} INFO - Setting next_dagrun for simple_etl_lineage to None, run_after=None
[2025-11-13T12:38:05.356+0000] {processor.py:183} INFO - Processing /opt/airflow/dags/etl_dag.py took 0.377 seconds
[2025-11-13T12:38:35.886+0000] {processor.py:161} INFO - Started process (PID=754) to work on /opt/airflow/dags/etl_dag.py
[2025-11-13T12:38:35.889+0000] {processor.py:830} INFO - Processing file /opt/airflow/dags/etl_dag.py for tasks to queue
[2025-11-13T12:38:35.897+0000] {logging_mixin.py:188} INFO - [2025-11-13T12:38:35.890+0000] {dagbag.py:538} INFO - Filling up the DagBag from /opt/airflow/dags/etl_dag.py
[2025-11-13T12:38:36.120+0000] {processor.py:840} INFO - DAG(s) 'simple_etl_lineage' retrieved from /opt/airflow/dags/etl_dag.py
[2025-11-13T12:38:36.169+0000] {logging_mixin.py:188} INFO - [2025-11-13T12:38:36.169+0000] {dag.py:3036} INFO - Sync 1 DAGs
[2025-11-13T12:38:36.190+0000] {logging_mixin.py:188} INFO - [2025-11-13T12:38:36.189+0000] {dag.py:3823} INFO - Setting next_dagrun for simple_etl_lineage to None, run_after=None
[2025-11-13T12:38:36.238+0000] {processor.py:183} INFO - Processing /opt/airflow/dags/etl_dag.py took 0.357 seconds
[2025-11-13T12:39:07.861+0000] {processor.py:161} INFO - Started process (PID=769) to work on /opt/airflow/dags/etl_dag.py
[2025-11-13T12:39:07.881+0000] {processor.py:830} INFO - Processing file /opt/airflow/dags/etl_dag.py for tasks to queue
[2025-11-13T12:39:07.884+0000] {logging_mixin.py:188} INFO - [2025-11-13T12:39:07.883+0000] {dagbag.py:538} INFO - Filling up the DagBag from /opt/airflow/dags/etl_dag.py
[2025-11-13T12:39:08.064+0000] {processor.py:840} INFO - DAG(s) 'simple_etl_lineage' retrieved from /opt/airflow/dags/etl_dag.py
[2025-11-13T12:39:08.178+0000] {logging_mixin.py:188} INFO - [2025-11-13T12:39:08.178+0000] {dag.py:3036} INFO - Sync 1 DAGs
[2025-11-13T12:39:08.239+0000] {logging_mixin.py:188} INFO - [2025-11-13T12:39:08.239+0000] {dag.py:3823} INFO - Setting next_dagrun for simple_etl_lineage to None, run_after=None
[2025-11-13T12:39:08.385+0000] {processor.py:183} INFO - Processing /opt/airflow/dags/etl_dag.py took 0.523 seconds
[2025-11-13T12:39:38.864+0000] {processor.py:161} INFO - Started process (PID=784) to work on /opt/airflow/dags/etl_dag.py
[2025-11-13T12:39:38.868+0000] {processor.py:830} INFO - Processing file /opt/airflow/dags/etl_dag.py for tasks to queue
[2025-11-13T12:39:38.870+0000] {logging_mixin.py:188} INFO - [2025-11-13T12:39:38.869+0000] {dagbag.py:538} INFO - Filling up the DagBag from /opt/airflow/dags/etl_dag.py
[2025-11-13T12:39:38.911+0000] {processor.py:840} INFO - DAG(s) 'simple_etl_lineage' retrieved from /opt/airflow/dags/etl_dag.py
[2025-11-13T12:39:38.979+0000] {logging_mixin.py:188} INFO - [2025-11-13T12:39:38.979+0000] {dag.py:3036} INFO - Sync 1 DAGs
[2025-11-13T12:39:39.014+0000] {logging_mixin.py:188} INFO - [2025-11-13T12:39:39.014+0000] {dag.py:3823} INFO - Setting next_dagrun for simple_etl_lineage to None, run_after=None
[2025-11-13T12:39:39.075+0000] {processor.py:183} INFO - Processing /opt/airflow/dags/etl_dag.py took 0.224 seconds
[2025-11-13T12:40:10.032+0000] {processor.py:161} INFO - Started process (PID=799) to work on /opt/airflow/dags/etl_dag.py
[2025-11-13T12:40:10.039+0000] {processor.py:830} INFO - Processing file /opt/airflow/dags/etl_dag.py for tasks to queue
[2025-11-13T12:40:10.045+0000] {logging_mixin.py:188} INFO - [2025-11-13T12:40:10.044+0000] {dagbag.py:538} INFO - Filling up the DagBag from /opt/airflow/dags/etl_dag.py
[2025-11-13T12:40:10.140+0000] {processor.py:840} INFO - DAG(s) 'simple_etl_lineage' retrieved from /opt/airflow/dags/etl_dag.py
[2025-11-13T12:40:10.257+0000] {logging_mixin.py:188} INFO - [2025-11-13T12:40:10.257+0000] {dag.py:3036} INFO - Sync 1 DAGs
[2025-11-13T12:40:10.296+0000] {logging_mixin.py:188} INFO - [2025-11-13T12:40:10.295+0000] {dag.py:3823} INFO - Setting next_dagrun for simple_etl_lineage to None, run_after=None
[2025-11-13T12:40:10.358+0000] {processor.py:183} INFO - Processing /opt/airflow/dags/etl_dag.py took 0.332 seconds
[2025-11-13T12:40:41.731+0000] {processor.py:161} INFO - Started process (PID=814) to work on /opt/airflow/dags/etl_dag.py
[2025-11-13T12:40:41.737+0000] {processor.py:830} INFO - Processing file /opt/airflow/dags/etl_dag.py for tasks to queue
[2025-11-13T12:40:41.745+0000] {logging_mixin.py:188} INFO - [2025-11-13T12:40:41.745+0000] {dagbag.py:538} INFO - Filling up the DagBag from /opt/airflow/dags/etl_dag.py
[2025-11-13T12:40:41.971+0000] {processor.py:840} INFO - DAG(s) 'simple_etl_lineage' retrieved from /opt/airflow/dags/etl_dag.py
[2025-11-13T12:40:42.071+0000] {logging_mixin.py:188} INFO - [2025-11-13T12:40:42.071+0000] {dag.py:3036} INFO - Sync 1 DAGs
[2025-11-13T12:40:42.119+0000] {logging_mixin.py:188} INFO - [2025-11-13T12:40:42.111+0000] {dag.py:3823} INFO - Setting next_dagrun for simple_etl_lineage to None, run_after=None
[2025-11-13T12:40:42.206+0000] {processor.py:183} INFO - Processing /opt/airflow/dags/etl_dag.py took 0.483 seconds
[2025-11-13T12:41:18.533+0000] {processor.py:161} INFO - Started process (PID=829) to work on /opt/airflow/dags/etl_dag.py
[2025-11-13T12:41:18.536+0000] {processor.py:830} INFO - Processing file /opt/airflow/dags/etl_dag.py for tasks to queue
[2025-11-13T12:41:18.546+0000] {logging_mixin.py:188} INFO - [2025-11-13T12:41:18.545+0000] {dagbag.py:538} INFO - Filling up the DagBag from /opt/airflow/dags/etl_dag.py
[2025-11-13T12:41:18.584+0000] {processor.py:840} INFO - DAG(s) 'simple_etl_lineage' retrieved from /opt/airflow/dags/etl_dag.py
[2025-11-13T12:41:18.678+0000] {logging_mixin.py:188} INFO - [2025-11-13T12:41:18.678+0000] {dag.py:3036} INFO - Sync 1 DAGs
[2025-11-13T12:41:18.723+0000] {logging_mixin.py:188} INFO - [2025-11-13T12:41:18.723+0000] {dag.py:3823} INFO - Setting next_dagrun for simple_etl_lineage to None, run_after=None
[2025-11-13T12:41:18.777+0000] {processor.py:183} INFO - Processing /opt/airflow/dags/etl_dag.py took 0.249 seconds
[2025-11-13T12:42:02.095+0000] {processor.py:161} INFO - Started process (PID=844) to work on /opt/airflow/dags/etl_dag.py
[2025-11-13T12:42:02.115+0000] {processor.py:830} INFO - Processing file /opt/airflow/dags/etl_dag.py for tasks to queue
[2025-11-13T12:42:02.120+0000] {logging_mixin.py:188} INFO - [2025-11-13T12:42:02.120+0000] {dagbag.py:538} INFO - Filling up the DagBag from /opt/airflow/dags/etl_dag.py
[2025-11-13T12:42:02.362+0000] {processor.py:840} INFO - DAG(s) 'simple_etl_lineage' retrieved from /opt/airflow/dags/etl_dag.py
[2025-11-13T12:42:02.464+0000] {logging_mixin.py:188} INFO - [2025-11-13T12:42:02.463+0000] {dag.py:3036} INFO - Sync 1 DAGs
[2025-11-13T12:42:02.504+0000] {logging_mixin.py:188} INFO - [2025-11-13T12:42:02.504+0000] {dag.py:3823} INFO - Setting next_dagrun for simple_etl_lineage to None, run_after=None
[2025-11-13T12:42:02.604+0000] {processor.py:183} INFO - Processing /opt/airflow/dags/etl_dag.py took 0.521 seconds
[2025-11-13T12:42:33.543+0000] {processor.py:161} INFO - Started process (PID=857) to work on /opt/airflow/dags/etl_dag.py
[2025-11-13T12:42:33.547+0000] {processor.py:830} INFO - Processing file /opt/airflow/dags/etl_dag.py for tasks to queue
[2025-11-13T12:42:33.548+0000] {logging_mixin.py:188} INFO - [2025-11-13T12:42:33.548+0000] {dagbag.py:538} INFO - Filling up the DagBag from /opt/airflow/dags/etl_dag.py
[2025-11-13T12:42:33.593+0000] {processor.py:840} INFO - DAG(s) 'simple_etl_lineage' retrieved from /opt/airflow/dags/etl_dag.py
[2025-11-13T12:42:33.652+0000] {logging_mixin.py:188} INFO - [2025-11-13T12:42:33.652+0000] {dag.py:3036} INFO - Sync 1 DAGs
[2025-11-13T12:42:33.677+0000] {logging_mixin.py:188} INFO - [2025-11-13T12:42:33.677+0000] {dag.py:3823} INFO - Setting next_dagrun for simple_etl_lineage to None, run_after=None
[2025-11-13T12:42:33.715+0000] {processor.py:183} INFO - Processing /opt/airflow/dags/etl_dag.py took 0.178 seconds
[2025-11-13T12:43:04.490+0000] {processor.py:161} INFO - Started process (PID=867) to work on /opt/airflow/dags/etl_dag.py
[2025-11-13T12:43:04.494+0000] {processor.py:830} INFO - Processing file /opt/airflow/dags/etl_dag.py for tasks to queue
[2025-11-13T12:43:04.497+0000] {logging_mixin.py:188} INFO - [2025-11-13T12:43:04.496+0000] {dagbag.py:538} INFO - Filling up the DagBag from /opt/airflow/dags/etl_dag.py
[2025-11-13T12:43:05.641+0000] {processor.py:840} INFO - DAG(s) 'simple_etl_lineage' retrieved from /opt/airflow/dags/etl_dag.py
[2025-11-13T12:43:06.261+0000] {logging_mixin.py:188} INFO - [2025-11-13T12:43:06.260+0000] {dag.py:3036} INFO - Sync 1 DAGs
[2025-11-13T12:43:06.392+0000] {logging_mixin.py:188} INFO - [2025-11-13T12:43:06.391+0000] {dag.py:3823} INFO - Setting next_dagrun for simple_etl_lineage to None, run_after=None
[2025-11-13T12:43:06.598+0000] {processor.py:183} INFO - Processing /opt/airflow/dags/etl_dag.py took 2.118 seconds
[2025-11-13T12:43:39.083+0000] {processor.py:161} INFO - Started process (PID=887) to work on /opt/airflow/dags/etl_dag.py
[2025-11-13T12:43:39.087+0000] {processor.py:830} INFO - Processing file /opt/airflow/dags/etl_dag.py for tasks to queue
[2025-11-13T12:43:39.093+0000] {logging_mixin.py:188} INFO - [2025-11-13T12:43:39.092+0000] {dagbag.py:538} INFO - Filling up the DagBag from /opt/airflow/dags/etl_dag.py
[2025-11-13T12:43:39.204+0000] {processor.py:840} INFO - DAG(s) 'simple_etl_lineage' retrieved from /opt/airflow/dags/etl_dag.py
[2025-11-13T12:43:39.322+0000] {logging_mixin.py:188} INFO - [2025-11-13T12:43:39.321+0000] {dag.py:3036} INFO - Sync 1 DAGs
[2025-11-13T12:43:39.369+0000] {logging_mixin.py:188} INFO - [2025-11-13T12:43:39.361+0000] {dag.py:3823} INFO - Setting next_dagrun for simple_etl_lineage to None, run_after=None
[2025-11-13T12:43:39.459+0000] {processor.py:183} INFO - Processing /opt/airflow/dags/etl_dag.py took 0.382 seconds
[2025-11-13T12:44:23.428+0000] {processor.py:161} INFO - Started process (PID=904) to work on /opt/airflow/dags/etl_dag.py
[2025-11-13T12:44:23.431+0000] {processor.py:830} INFO - Processing file /opt/airflow/dags/etl_dag.py for tasks to queue
[2025-11-13T12:44:23.433+0000] {logging_mixin.py:188} INFO - [2025-11-13T12:44:23.432+0000] {dagbag.py:538} INFO - Filling up the DagBag from /opt/airflow/dags/etl_dag.py
[2025-11-13T12:44:23.476+0000] {processor.py:840} INFO - DAG(s) 'simple_etl_lineage' retrieved from /opt/airflow/dags/etl_dag.py
[2025-11-13T12:44:23.517+0000] {logging_mixin.py:188} INFO - [2025-11-13T12:44:23.517+0000] {dag.py:3036} INFO - Sync 1 DAGs
[2025-11-13T12:44:23.537+0000] {logging_mixin.py:188} INFO - [2025-11-13T12:44:23.537+0000] {dag.py:3823} INFO - Setting next_dagrun for simple_etl_lineage to None, run_after=None
[2025-11-13T12:44:23.577+0000] {processor.py:183} INFO - Processing /opt/airflow/dags/etl_dag.py took 0.153 seconds
[2025-11-13T12:44:54.967+0000] {processor.py:161} INFO - Started process (PID=919) to work on /opt/airflow/dags/etl_dag.py
[2025-11-13T12:44:54.980+0000] {processor.py:830} INFO - Processing file /opt/airflow/dags/etl_dag.py for tasks to queue
[2025-11-13T12:44:54.983+0000] {logging_mixin.py:188} INFO - [2025-11-13T12:44:54.982+0000] {dagbag.py:538} INFO - Filling up the DagBag from /opt/airflow/dags/etl_dag.py
[2025-11-13T12:44:55.031+0000] {processor.py:840} INFO - DAG(s) 'simple_etl_lineage' retrieved from /opt/airflow/dags/etl_dag.py
[2025-11-13T12:44:55.103+0000] {logging_mixin.py:188} INFO - [2025-11-13T12:44:55.102+0000] {dag.py:3036} INFO - Sync 1 DAGs
[2025-11-13T12:44:55.423+0000] {logging_mixin.py:188} INFO - [2025-11-13T12:44:55.423+0000] {dag.py:3823} INFO - Setting next_dagrun for simple_etl_lineage to None, run_after=None
[2025-11-13T12:44:55.688+0000] {processor.py:183} INFO - Processing /opt/airflow/dags/etl_dag.py took 0.728 seconds
[2025-11-13T12:45:25.875+0000] {processor.py:161} INFO - Started process (PID=934) to work on /opt/airflow/dags/etl_dag.py
[2025-11-13T12:45:25.877+0000] {processor.py:830} INFO - Processing file /opt/airflow/dags/etl_dag.py for tasks to queue
[2025-11-13T12:45:25.880+0000] {logging_mixin.py:188} INFO - [2025-11-13T12:45:25.880+0000] {dagbag.py:538} INFO - Filling up the DagBag from /opt/airflow/dags/etl_dag.py
[2025-11-13T12:45:25.918+0000] {processor.py:840} INFO - DAG(s) 'simple_etl_lineage' retrieved from /opt/airflow/dags/etl_dag.py
[2025-11-13T12:45:25.992+0000] {logging_mixin.py:188} INFO - [2025-11-13T12:45:25.991+0000] {dag.py:3036} INFO - Sync 1 DAGs
[2025-11-13T12:45:26.027+0000] {logging_mixin.py:188} INFO - [2025-11-13T12:45:26.026+0000] {dag.py:3823} INFO - Setting next_dagrun for simple_etl_lineage to None, run_after=None
[2025-11-13T12:45:26.073+0000] {processor.py:183} INFO - Processing /opt/airflow/dags/etl_dag.py took 0.205 seconds
[2025-11-13T12:45:56.538+0000] {processor.py:161} INFO - Started process (PID=949) to work on /opt/airflow/dags/etl_dag.py
[2025-11-13T12:45:56.540+0000] {processor.py:830} INFO - Processing file /opt/airflow/dags/etl_dag.py for tasks to queue
[2025-11-13T12:45:56.541+0000] {logging_mixin.py:188} INFO - [2025-11-13T12:45:56.541+0000] {dagbag.py:538} INFO - Filling up the DagBag from /opt/airflow/dags/etl_dag.py
[2025-11-13T12:45:56.567+0000] {processor.py:840} INFO - DAG(s) 'simple_etl_lineage' retrieved from /opt/airflow/dags/etl_dag.py
[2025-11-13T12:45:56.597+0000] {logging_mixin.py:188} INFO - [2025-11-13T12:45:56.597+0000] {dag.py:3036} INFO - Sync 1 DAGs
[2025-11-13T12:45:56.609+0000] {logging_mixin.py:188} INFO - [2025-11-13T12:45:56.609+0000] {dag.py:3823} INFO - Setting next_dagrun for simple_etl_lineage to None, run_after=None
[2025-11-13T12:45:56.636+0000] {processor.py:183} INFO - Processing /opt/airflow/dags/etl_dag.py took 0.103 seconds
[2025-11-13T12:46:28.070+0000] {processor.py:161} INFO - Started process (PID=964) to work on /opt/airflow/dags/etl_dag.py
[2025-11-13T12:46:28.074+0000] {processor.py:830} INFO - Processing file /opt/airflow/dags/etl_dag.py for tasks to queue
[2025-11-13T12:46:28.084+0000] {logging_mixin.py:188} INFO - [2025-11-13T12:46:28.080+0000] {dagbag.py:538} INFO - Filling up the DagBag from /opt/airflow/dags/etl_dag.py
[2025-11-13T12:46:28.127+0000] {processor.py:840} INFO - DAG(s) 'simple_etl_lineage' retrieved from /opt/airflow/dags/etl_dag.py
[2025-11-13T12:46:28.203+0000] {logging_mixin.py:188} INFO - [2025-11-13T12:46:28.203+0000] {dag.py:3036} INFO - Sync 1 DAGs
[2025-11-13T12:46:28.239+0000] {logging_mixin.py:188} INFO - [2025-11-13T12:46:28.238+0000] {dag.py:3823} INFO - Setting next_dagrun for simple_etl_lineage to None, run_after=None
[2025-11-13T12:46:28.303+0000] {processor.py:183} INFO - Processing /opt/airflow/dags/etl_dag.py took 0.240 seconds
[2025-11-13T12:46:58.729+0000] {processor.py:161} INFO - Started process (PID=979) to work on /opt/airflow/dags/etl_dag.py
[2025-11-13T12:46:58.731+0000] {processor.py:830} INFO - Processing file /opt/airflow/dags/etl_dag.py for tasks to queue
[2025-11-13T12:46:58.732+0000] {logging_mixin.py:188} INFO - [2025-11-13T12:46:58.732+0000] {dagbag.py:538} INFO - Filling up the DagBag from /opt/airflow/dags/etl_dag.py
[2025-11-13T12:46:58.759+0000] {processor.py:840} INFO - DAG(s) 'simple_etl_lineage' retrieved from /opt/airflow/dags/etl_dag.py
[2025-11-13T12:46:58.788+0000] {logging_mixin.py:188} INFO - [2025-11-13T12:46:58.787+0000] {dag.py:3036} INFO - Sync 1 DAGs
[2025-11-13T12:46:58.800+0000] {logging_mixin.py:188} INFO - [2025-11-13T12:46:58.799+0000] {dag.py:3823} INFO - Setting next_dagrun for simple_etl_lineage to None, run_after=None
[2025-11-13T12:46:58.832+0000] {processor.py:183} INFO - Processing /opt/airflow/dags/etl_dag.py took 0.109 seconds
[2025-11-13T12:47:29.390+0000] {processor.py:161} INFO - Started process (PID=992) to work on /opt/airflow/dags/etl_dag.py
[2025-11-13T12:47:29.392+0000] {processor.py:830} INFO - Processing file /opt/airflow/dags/etl_dag.py for tasks to queue
[2025-11-13T12:47:29.394+0000] {logging_mixin.py:188} INFO - [2025-11-13T12:47:29.393+0000] {dagbag.py:538} INFO - Filling up the DagBag from /opt/airflow/dags/etl_dag.py
[2025-11-13T12:47:29.421+0000] {processor.py:840} INFO - DAG(s) 'simple_etl_lineage' retrieved from /opt/airflow/dags/etl_dag.py
[2025-11-13T12:47:29.455+0000] {logging_mixin.py:188} INFO - [2025-11-13T12:47:29.454+0000] {dag.py:3036} INFO - Sync 1 DAGs
[2025-11-13T12:47:29.469+0000] {logging_mixin.py:188} INFO - [2025-11-13T12:47:29.468+0000] {dag.py:3823} INFO - Setting next_dagrun for simple_etl_lineage to None, run_after=None
[2025-11-13T12:47:29.494+0000] {processor.py:183} INFO - Processing /opt/airflow/dags/etl_dag.py took 0.109 seconds
[2025-11-13T12:48:00.489+0000] {processor.py:161} INFO - Started process (PID=1009) to work on /opt/airflow/dags/etl_dag.py
[2025-11-13T12:48:00.490+0000] {processor.py:830} INFO - Processing file /opt/airflow/dags/etl_dag.py for tasks to queue
[2025-11-13T12:48:00.492+0000] {logging_mixin.py:188} INFO - [2025-11-13T12:48:00.491+0000] {dagbag.py:538} INFO - Filling up the DagBag from /opt/airflow/dags/etl_dag.py
[2025-11-13T12:48:00.516+0000] {processor.py:840} INFO - DAG(s) 'simple_etl_lineage' retrieved from /opt/airflow/dags/etl_dag.py
[2025-11-13T12:48:00.545+0000] {logging_mixin.py:188} INFO - [2025-11-13T12:48:00.544+0000] {dag.py:3036} INFO - Sync 1 DAGs
[2025-11-13T12:48:00.556+0000] {logging_mixin.py:188} INFO - [2025-11-13T12:48:00.556+0000] {dag.py:3823} INFO - Setting next_dagrun for simple_etl_lineage to None, run_after=None
[2025-11-13T12:48:00.577+0000] {processor.py:183} INFO - Processing /opt/airflow/dags/etl_dag.py took 0.091 seconds
[2025-11-13T12:48:31.051+0000] {processor.py:161} INFO - Started process (PID=1024) to work on /opt/airflow/dags/etl_dag.py
[2025-11-13T12:48:31.053+0000] {processor.py:830} INFO - Processing file /opt/airflow/dags/etl_dag.py for tasks to queue
[2025-11-13T12:48:31.056+0000] {logging_mixin.py:188} INFO - [2025-11-13T12:48:31.055+0000] {dagbag.py:538} INFO - Filling up the DagBag from /opt/airflow/dags/etl_dag.py
[2025-11-13T12:48:31.091+0000] {processor.py:840} INFO - DAG(s) 'simple_etl_lineage' retrieved from /opt/airflow/dags/etl_dag.py
[2025-11-13T12:48:31.127+0000] {logging_mixin.py:188} INFO - [2025-11-13T12:48:31.127+0000] {dag.py:3036} INFO - Sync 1 DAGs
[2025-11-13T12:48:31.146+0000] {logging_mixin.py:188} INFO - [2025-11-13T12:48:31.145+0000] {dag.py:3823} INFO - Setting next_dagrun for simple_etl_lineage to None, run_after=None
[2025-11-13T12:48:31.185+0000] {processor.py:183} INFO - Processing /opt/airflow/dags/etl_dag.py took 0.139 seconds
[2025-11-13T12:49:01.655+0000] {processor.py:161} INFO - Started process (PID=1039) to work on /opt/airflow/dags/etl_dag.py
[2025-11-13T12:49:01.657+0000] {processor.py:830} INFO - Processing file /opt/airflow/dags/etl_dag.py for tasks to queue
[2025-11-13T12:49:01.658+0000] {logging_mixin.py:188} INFO - [2025-11-13T12:49:01.658+0000] {dagbag.py:538} INFO - Filling up the DagBag from /opt/airflow/dags/etl_dag.py
[2025-11-13T12:49:01.687+0000] {processor.py:840} INFO - DAG(s) 'simple_etl_lineage' retrieved from /opt/airflow/dags/etl_dag.py
[2025-11-13T12:49:01.716+0000] {logging_mixin.py:188} INFO - [2025-11-13T12:49:01.716+0000] {dag.py:3036} INFO - Sync 1 DAGs
[2025-11-13T12:49:01.728+0000] {logging_mixin.py:188} INFO - [2025-11-13T12:49:01.728+0000] {dag.py:3823} INFO - Setting next_dagrun for simple_etl_lineage to None, run_after=None
[2025-11-13T12:49:01.750+0000] {processor.py:183} INFO - Processing /opt/airflow/dags/etl_dag.py took 0.098 seconds
[2025-11-13T12:49:32.508+0000] {processor.py:161} INFO - Started process (PID=1054) to work on /opt/airflow/dags/etl_dag.py
[2025-11-13T12:49:32.538+0000] {processor.py:830} INFO - Processing file /opt/airflow/dags/etl_dag.py for tasks to queue
[2025-11-13T12:49:32.571+0000] {logging_mixin.py:188} INFO - [2025-11-13T12:49:32.571+0000] {dagbag.py:538} INFO - Filling up the DagBag from /opt/airflow/dags/etl_dag.py
[2025-11-13T12:49:32.829+0000] {processor.py:840} INFO - DAG(s) 'simple_etl_lineage' retrieved from /opt/airflow/dags/etl_dag.py
[2025-11-13T12:49:32.904+0000] {logging_mixin.py:188} INFO - [2025-11-13T12:49:32.904+0000] {dag.py:3036} INFO - Sync 1 DAGs
[2025-11-13T12:49:32.962+0000] {logging_mixin.py:188} INFO - [2025-11-13T12:49:32.962+0000] {dag.py:3823} INFO - Setting next_dagrun for simple_etl_lineage to None, run_after=None
[2025-11-13T12:49:32.996+0000] {processor.py:183} INFO - Processing /opt/airflow/dags/etl_dag.py took 0.508 seconds
[2025-11-13T12:50:03.759+0000] {processor.py:161} INFO - Started process (PID=1069) to work on /opt/airflow/dags/etl_dag.py
[2025-11-13T12:50:03.761+0000] {processor.py:830} INFO - Processing file /opt/airflow/dags/etl_dag.py for tasks to queue
[2025-11-13T12:50:03.763+0000] {logging_mixin.py:188} INFO - [2025-11-13T12:50:03.762+0000] {dagbag.py:538} INFO - Filling up the DagBag from /opt/airflow/dags/etl_dag.py
[2025-11-13T12:50:03.808+0000] {processor.py:840} INFO - DAG(s) 'simple_etl_lineage' retrieved from /opt/airflow/dags/etl_dag.py
[2025-11-13T12:50:03.850+0000] {logging_mixin.py:188} INFO - [2025-11-13T12:50:03.850+0000] {dag.py:3036} INFO - Sync 1 DAGs
[2025-11-13T12:50:03.863+0000] {logging_mixin.py:188} INFO - [2025-11-13T12:50:03.863+0000] {dag.py:3823} INFO - Setting next_dagrun for simple_etl_lineage to None, run_after=None
[2025-11-13T12:50:03.889+0000] {processor.py:183} INFO - Processing /opt/airflow/dags/etl_dag.py took 0.135 seconds
[2025-11-13T12:50:34.609+0000] {processor.py:161} INFO - Started process (PID=1084) to work on /opt/airflow/dags/etl_dag.py
[2025-11-13T12:50:34.611+0000] {processor.py:830} INFO - Processing file /opt/airflow/dags/etl_dag.py for tasks to queue
[2025-11-13T12:50:34.612+0000] {logging_mixin.py:188} INFO - [2025-11-13T12:50:34.612+0000] {dagbag.py:538} INFO - Filling up the DagBag from /opt/airflow/dags/etl_dag.py
[2025-11-13T12:50:34.648+0000] {processor.py:840} INFO - DAG(s) 'simple_etl_lineage' retrieved from /opt/airflow/dags/etl_dag.py
[2025-11-13T12:50:34.684+0000] {logging_mixin.py:188} INFO - [2025-11-13T12:50:34.683+0000] {dag.py:3036} INFO - Sync 1 DAGs
[2025-11-13T12:50:34.708+0000] {logging_mixin.py:188} INFO - [2025-11-13T12:50:34.707+0000] {dag.py:3823} INFO - Setting next_dagrun for simple_etl_lineage to None, run_after=None
[2025-11-13T12:50:34.750+0000] {processor.py:183} INFO - Processing /opt/airflow/dags/etl_dag.py took 0.144 seconds
[2025-11-13T12:51:05.383+0000] {processor.py:161} INFO - Started process (PID=1099) to work on /opt/airflow/dags/etl_dag.py
[2025-11-13T12:51:05.385+0000] {processor.py:830} INFO - Processing file /opt/airflow/dags/etl_dag.py for tasks to queue
[2025-11-13T12:51:05.395+0000] {logging_mixin.py:188} INFO - [2025-11-13T12:51:05.387+0000] {dagbag.py:538} INFO - Filling up the DagBag from /opt/airflow/dags/etl_dag.py
[2025-11-13T12:51:05.433+0000] {processor.py:840} INFO - DAG(s) 'simple_etl_lineage' retrieved from /opt/airflow/dags/etl_dag.py
[2025-11-13T12:51:05.492+0000] {logging_mixin.py:188} INFO - [2025-11-13T12:51:05.492+0000] {dag.py:3036} INFO - Sync 1 DAGs
[2025-11-13T12:51:05.507+0000] {logging_mixin.py:188} INFO - [2025-11-13T12:51:05.506+0000] {dag.py:3823} INFO - Setting next_dagrun for simple_etl_lineage to None, run_after=None
[2025-11-13T12:51:05.596+0000] {processor.py:183} INFO - Processing /opt/airflow/dags/etl_dag.py took 0.218 seconds
[2025-11-13T12:51:36.103+0000] {processor.py:161} INFO - Started process (PID=1114) to work on /opt/airflow/dags/etl_dag.py
[2025-11-13T12:51:36.105+0000] {processor.py:830} INFO - Processing file /opt/airflow/dags/etl_dag.py for tasks to queue
[2025-11-13T12:51:36.107+0000] {logging_mixin.py:188} INFO - [2025-11-13T12:51:36.106+0000] {dagbag.py:538} INFO - Filling up the DagBag from /opt/airflow/dags/etl_dag.py
[2025-11-13T12:51:36.141+0000] {processor.py:840} INFO - DAG(s) 'simple_etl_lineage' retrieved from /opt/airflow/dags/etl_dag.py
[2025-11-13T12:51:36.180+0000] {logging_mixin.py:188} INFO - [2025-11-13T12:51:36.179+0000] {dag.py:3036} INFO - Sync 1 DAGs
[2025-11-13T12:51:36.196+0000] {logging_mixin.py:188} INFO - [2025-11-13T12:51:36.195+0000] {dag.py:3823} INFO - Setting next_dagrun for simple_etl_lineage to None, run_after=None
[2025-11-13T12:51:36.233+0000] {processor.py:183} INFO - Processing /opt/airflow/dags/etl_dag.py took 0.133 seconds
[2025-11-13T12:52:07.032+0000] {processor.py:161} INFO - Started process (PID=1129) to work on /opt/airflow/dags/etl_dag.py
[2025-11-13T12:52:07.035+0000] {processor.py:830} INFO - Processing file /opt/airflow/dags/etl_dag.py for tasks to queue
[2025-11-13T12:52:07.038+0000] {logging_mixin.py:188} INFO - [2025-11-13T12:52:07.038+0000] {dagbag.py:538} INFO - Filling up the DagBag from /opt/airflow/dags/etl_dag.py
[2025-11-13T12:52:07.104+0000] {processor.py:840} INFO - DAG(s) 'simple_etl_lineage' retrieved from /opt/airflow/dags/etl_dag.py
[2025-11-13T12:52:07.144+0000] {logging_mixin.py:188} INFO - [2025-11-13T12:52:07.144+0000] {dag.py:3036} INFO - Sync 1 DAGs
[2025-11-13T12:52:07.165+0000] {logging_mixin.py:188} INFO - [2025-11-13T12:52:07.165+0000] {dag.py:3823} INFO - Setting next_dagrun for simple_etl_lineage to None, run_after=None
[2025-11-13T12:52:07.199+0000] {processor.py:183} INFO - Processing /opt/airflow/dags/etl_dag.py took 0.174 seconds
[2025-11-13T12:52:38.239+0000] {processor.py:161} INFO - Started process (PID=1144) to work on /opt/airflow/dags/etl_dag.py
[2025-11-13T12:52:38.266+0000] {processor.py:830} INFO - Processing file /opt/airflow/dags/etl_dag.py for tasks to queue
[2025-11-13T12:52:38.353+0000] {logging_mixin.py:188} INFO - [2025-11-13T12:52:38.352+0000] {dagbag.py:538} INFO - Filling up the DagBag from /opt/airflow/dags/etl_dag.py
[2025-11-13T12:52:38.834+0000] {processor.py:840} INFO - DAG(s) 'simple_etl_lineage' retrieved from /opt/airflow/dags/etl_dag.py
[2025-11-13T12:52:39.000+0000] {logging_mixin.py:188} INFO - [2025-11-13T12:52:38.999+0000] {dag.py:3036} INFO - Sync 1 DAGs
[2025-11-13T12:52:39.061+0000] {logging_mixin.py:188} INFO - [2025-11-13T12:52:39.053+0000] {dag.py:3823} INFO - Setting next_dagrun for simple_etl_lineage to None, run_after=None
[2025-11-13T12:52:39.156+0000] {processor.py:183} INFO - Processing /opt/airflow/dags/etl_dag.py took 0.936 seconds
[2025-11-13T12:53:09.329+0000] {processor.py:161} INFO - Started process (PID=1159) to work on /opt/airflow/dags/etl_dag.py
[2025-11-13T12:53:09.332+0000] {processor.py:830} INFO - Processing file /opt/airflow/dags/etl_dag.py for tasks to queue
[2025-11-13T12:53:09.335+0000] {logging_mixin.py:188} INFO - [2025-11-13T12:53:09.335+0000] {dagbag.py:538} INFO - Filling up the DagBag from /opt/airflow/dags/etl_dag.py
[2025-11-13T12:53:09.387+0000] {processor.py:840} INFO - DAG(s) 'simple_etl_lineage' retrieved from /opt/airflow/dags/etl_dag.py
[2025-11-13T12:53:09.457+0000] {logging_mixin.py:188} INFO - [2025-11-13T12:53:09.456+0000] {dag.py:3036} INFO - Sync 1 DAGs
[2025-11-13T12:53:09.474+0000] {logging_mixin.py:188} INFO - [2025-11-13T12:53:09.474+0000] {dag.py:3823} INFO - Setting next_dagrun for simple_etl_lineage to None, run_after=None
[2025-11-13T12:53:09.511+0000] {processor.py:183} INFO - Processing /opt/airflow/dags/etl_dag.py took 0.186 seconds
[2025-11-13T12:53:40.561+0000] {processor.py:161} INFO - Started process (PID=1174) to work on /opt/airflow/dags/etl_dag.py
[2025-11-13T12:53:40.563+0000] {processor.py:830} INFO - Processing file /opt/airflow/dags/etl_dag.py for tasks to queue
[2025-11-13T12:53:40.565+0000] {logging_mixin.py:188} INFO - [2025-11-13T12:53:40.564+0000] {dagbag.py:538} INFO - Filling up the DagBag from /opt/airflow/dags/etl_dag.py
[2025-11-13T12:53:40.602+0000] {processor.py:840} INFO - DAG(s) 'simple_etl_lineage' retrieved from /opt/airflow/dags/etl_dag.py
[2025-11-13T12:53:40.652+0000] {logging_mixin.py:188} INFO - [2025-11-13T12:53:40.651+0000] {dag.py:3036} INFO - Sync 1 DAGs
[2025-11-13T12:53:40.671+0000] {logging_mixin.py:188} INFO - [2025-11-13T12:53:40.669+0000] {dag.py:3823} INFO - Setting next_dagrun for simple_etl_lineage to None, run_after=None
[2025-11-13T12:53:40.702+0000] {processor.py:183} INFO - Processing /opt/airflow/dags/etl_dag.py took 0.145 seconds
[2025-11-13T12:54:11.597+0000] {processor.py:161} INFO - Started process (PID=1189) to work on /opt/airflow/dags/etl_dag.py
[2025-11-13T12:54:11.599+0000] {processor.py:830} INFO - Processing file /opt/airflow/dags/etl_dag.py for tasks to queue
[2025-11-13T12:54:11.601+0000] {logging_mixin.py:188} INFO - [2025-11-13T12:54:11.600+0000] {dagbag.py:538} INFO - Filling up the DagBag from /opt/airflow/dags/etl_dag.py
[2025-11-13T12:54:11.646+0000] {processor.py:840} INFO - DAG(s) 'simple_etl_lineage' retrieved from /opt/airflow/dags/etl_dag.py
[2025-11-13T12:54:11.683+0000] {logging_mixin.py:188} INFO - [2025-11-13T12:54:11.682+0000] {dag.py:3036} INFO - Sync 1 DAGs
[2025-11-13T12:54:11.699+0000] {logging_mixin.py:188} INFO - [2025-11-13T12:54:11.698+0000] {dag.py:3823} INFO - Setting next_dagrun for simple_etl_lineage to None, run_after=None
[2025-11-13T12:54:11.729+0000] {processor.py:183} INFO - Processing /opt/airflow/dags/etl_dag.py took 0.136 seconds
[2025-11-13T12:54:42.461+0000] {processor.py:161} INFO - Started process (PID=1204) to work on /opt/airflow/dags/etl_dag.py
[2025-11-13T12:54:42.463+0000] {processor.py:830} INFO - Processing file /opt/airflow/dags/etl_dag.py for tasks to queue
[2025-11-13T12:54:42.468+0000] {logging_mixin.py:188} INFO - [2025-11-13T12:54:42.468+0000] {dagbag.py:538} INFO - Filling up the DagBag from /opt/airflow/dags/etl_dag.py
[2025-11-13T12:54:42.510+0000] {processor.py:840} INFO - DAG(s) 'simple_etl_lineage' retrieved from /opt/airflow/dags/etl_dag.py
[2025-11-13T12:54:42.562+0000] {logging_mixin.py:188} INFO - [2025-11-13T12:54:42.561+0000] {dag.py:3036} INFO - Sync 1 DAGs
[2025-11-13T12:54:42.587+0000] {logging_mixin.py:188} INFO - [2025-11-13T12:54:42.586+0000] {dag.py:3823} INFO - Setting next_dagrun for simple_etl_lineage to None, run_after=None
[2025-11-13T12:54:42.653+0000] {processor.py:183} INFO - Processing /opt/airflow/dags/etl_dag.py took 0.196 seconds
[2025-11-13T12:55:13.510+0000] {processor.py:161} INFO - Started process (PID=1219) to work on /opt/airflow/dags/etl_dag.py
[2025-11-13T12:55:13.512+0000] {processor.py:830} INFO - Processing file /opt/airflow/dags/etl_dag.py for tasks to queue
[2025-11-13T12:55:13.519+0000] {logging_mixin.py:188} INFO - [2025-11-13T12:55:13.518+0000] {dagbag.py:538} INFO - Filling up the DagBag from /opt/airflow/dags/etl_dag.py
[2025-11-13T12:55:13.553+0000] {processor.py:840} INFO - DAG(s) 'simple_etl_lineage' retrieved from /opt/airflow/dags/etl_dag.py
[2025-11-13T12:55:13.594+0000] {logging_mixin.py:188} INFO - [2025-11-13T12:55:13.593+0000] {dag.py:3036} INFO - Sync 1 DAGs
[2025-11-13T12:55:13.623+0000] {logging_mixin.py:188} INFO - [2025-11-13T12:55:13.622+0000] {dag.py:3823} INFO - Setting next_dagrun for simple_etl_lineage to None, run_after=None
[2025-11-13T12:55:13.682+0000] {processor.py:183} INFO - Processing /opt/airflow/dags/etl_dag.py took 0.176 seconds
[2025-11-13T12:55:44.201+0000] {processor.py:161} INFO - Started process (PID=1234) to work on /opt/airflow/dags/etl_dag.py
[2025-11-13T12:55:44.204+0000] {processor.py:830} INFO - Processing file /opt/airflow/dags/etl_dag.py for tasks to queue
[2025-11-13T12:55:44.206+0000] {logging_mixin.py:188} INFO - [2025-11-13T12:55:44.205+0000] {dagbag.py:538} INFO - Filling up the DagBag from /opt/airflow/dags/etl_dag.py
[2025-11-13T12:55:44.263+0000] {processor.py:840} INFO - DAG(s) 'simple_etl_lineage' retrieved from /opt/airflow/dags/etl_dag.py
[2025-11-13T12:55:44.320+0000] {logging_mixin.py:188} INFO - [2025-11-13T12:55:44.319+0000] {dag.py:3036} INFO - Sync 1 DAGs
[2025-11-13T12:55:44.339+0000] {logging_mixin.py:188} INFO - [2025-11-13T12:55:44.338+0000] {dag.py:3823} INFO - Setting next_dagrun for simple_etl_lineage to None, run_after=None
[2025-11-13T12:55:44.378+0000] {processor.py:183} INFO - Processing /opt/airflow/dags/etl_dag.py took 0.186 seconds
[2025-11-13T12:56:14.885+0000] {processor.py:161} INFO - Started process (PID=1249) to work on /opt/airflow/dags/etl_dag.py
[2025-11-13T12:56:14.887+0000] {processor.py:830} INFO - Processing file /opt/airflow/dags/etl_dag.py for tasks to queue
[2025-11-13T12:56:14.889+0000] {logging_mixin.py:188} INFO - [2025-11-13T12:56:14.889+0000] {dagbag.py:538} INFO - Filling up the DagBag from /opt/airflow/dags/etl_dag.py
[2025-11-13T12:56:14.914+0000] {processor.py:840} INFO - DAG(s) 'simple_etl_lineage' retrieved from /opt/airflow/dags/etl_dag.py
[2025-11-13T12:56:14.949+0000] {logging_mixin.py:188} INFO - [2025-11-13T12:56:14.948+0000] {dag.py:3036} INFO - Sync 1 DAGs
[2025-11-13T12:56:14.971+0000] {logging_mixin.py:188} INFO - [2025-11-13T12:56:14.970+0000] {dag.py:3823} INFO - Setting next_dagrun for simple_etl_lineage to None, run_after=None
[2025-11-13T12:56:14.998+0000] {processor.py:183} INFO - Processing /opt/airflow/dags/etl_dag.py took 0.117 seconds
[2025-11-13T12:56:45.804+0000] {processor.py:161} INFO - Started process (PID=1264) to work on /opt/airflow/dags/etl_dag.py
[2025-11-13T12:56:45.813+0000] {processor.py:830} INFO - Processing file /opt/airflow/dags/etl_dag.py for tasks to queue
[2025-11-13T12:56:45.816+0000] {logging_mixin.py:188} INFO - [2025-11-13T12:56:45.815+0000] {dagbag.py:538} INFO - Filling up the DagBag from /opt/airflow/dags/etl_dag.py
[2025-11-13T12:56:45.853+0000] {processor.py:840} INFO - DAG(s) 'simple_etl_lineage' retrieved from /opt/airflow/dags/etl_dag.py
[2025-11-13T12:56:45.909+0000] {logging_mixin.py:188} INFO - [2025-11-13T12:56:45.907+0000] {dag.py:3036} INFO - Sync 1 DAGs
[2025-11-13T12:56:45.954+0000] {logging_mixin.py:188} INFO - [2025-11-13T12:56:45.947+0000] {dag.py:3823} INFO - Setting next_dagrun for simple_etl_lineage to None, run_after=None
[2025-11-13T12:56:46.076+0000] {processor.py:183} INFO - Processing /opt/airflow/dags/etl_dag.py took 0.278 seconds
[2025-11-13T12:57:16.585+0000] {processor.py:161} INFO - Started process (PID=1279) to work on /opt/airflow/dags/etl_dag.py
[2025-11-13T12:57:16.587+0000] {processor.py:830} INFO - Processing file /opt/airflow/dags/etl_dag.py for tasks to queue
[2025-11-13T12:57:16.589+0000] {logging_mixin.py:188} INFO - [2025-11-13T12:57:16.588+0000] {dagbag.py:538} INFO - Filling up the DagBag from /opt/airflow/dags/etl_dag.py
[2025-11-13T12:57:16.624+0000] {processor.py:840} INFO - DAG(s) 'simple_etl_lineage' retrieved from /opt/airflow/dags/etl_dag.py
[2025-11-13T12:57:16.685+0000] {logging_mixin.py:188} INFO - [2025-11-13T12:57:16.685+0000] {dag.py:3036} INFO - Sync 1 DAGs
[2025-11-13T12:57:16.722+0000] {logging_mixin.py:188} INFO - [2025-11-13T12:57:16.722+0000] {dag.py:3823} INFO - Setting next_dagrun for simple_etl_lineage to None, run_after=None
[2025-11-13T12:57:16.773+0000] {processor.py:183} INFO - Processing /opt/airflow/dags/etl_dag.py took 0.194 seconds
[2025-11-13T12:57:47.559+0000] {processor.py:161} INFO - Started process (PID=1294) to work on /opt/airflow/dags/etl_dag.py
[2025-11-13T12:57:47.563+0000] {processor.py:830} INFO - Processing file /opt/airflow/dags/etl_dag.py for tasks to queue
[2025-11-13T12:57:47.568+0000] {logging_mixin.py:188} INFO - [2025-11-13T12:57:47.567+0000] {dagbag.py:538} INFO - Filling up the DagBag from /opt/airflow/dags/etl_dag.py
[2025-11-13T12:57:47.605+0000] {processor.py:840} INFO - DAG(s) 'simple_etl_lineage' retrieved from /opt/airflow/dags/etl_dag.py
[2025-11-13T12:57:47.699+0000] {logging_mixin.py:188} INFO - [2025-11-13T12:57:47.698+0000] {dag.py:3036} INFO - Sync 1 DAGs
[2025-11-13T12:57:47.738+0000] {logging_mixin.py:188} INFO - [2025-11-13T12:57:47.737+0000] {dag.py:3823} INFO - Setting next_dagrun for simple_etl_lineage to None, run_after=None
[2025-11-13T12:57:47.824+0000] {processor.py:183} INFO - Processing /opt/airflow/dags/etl_dag.py took 0.270 seconds
[2025-11-13T12:58:18.049+0000] {processor.py:161} INFO - Started process (PID=1309) to work on /opt/airflow/dags/etl_dag.py
[2025-11-13T12:58:18.052+0000] {processor.py:830} INFO - Processing file /opt/airflow/dags/etl_dag.py for tasks to queue
[2025-11-13T12:58:18.054+0000] {logging_mixin.py:188} INFO - [2025-11-13T12:58:18.054+0000] {dagbag.py:538} INFO - Filling up the DagBag from /opt/airflow/dags/etl_dag.py
[2025-11-13T12:58:18.085+0000] {processor.py:840} INFO - DAG(s) 'simple_etl_lineage' retrieved from /opt/airflow/dags/etl_dag.py
[2025-11-13T12:58:18.118+0000] {logging_mixin.py:188} INFO - [2025-11-13T12:58:18.118+0000] {dag.py:3036} INFO - Sync 1 DAGs
[2025-11-13T12:58:18.133+0000] {logging_mixin.py:188} INFO - [2025-11-13T12:58:18.133+0000] {dag.py:3823} INFO - Setting next_dagrun for simple_etl_lineage to None, run_after=None
[2025-11-13T12:58:18.173+0000] {processor.py:183} INFO - Processing /opt/airflow/dags/etl_dag.py took 0.129 seconds
[2025-11-13T12:58:48.243+0000] {processor.py:161} INFO - Started process (PID=1324) to work on /opt/airflow/dags/etl_dag.py
[2025-11-13T12:58:48.244+0000] {processor.py:830} INFO - Processing file /opt/airflow/dags/etl_dag.py for tasks to queue
[2025-11-13T12:58:48.246+0000] {logging_mixin.py:188} INFO - [2025-11-13T12:58:48.246+0000] {dagbag.py:538} INFO - Filling up the DagBag from /opt/airflow/dags/etl_dag.py
[2025-11-13T12:58:48.283+0000] {processor.py:840} INFO - DAG(s) 'simple_etl_lineage' retrieved from /opt/airflow/dags/etl_dag.py
[2025-11-13T12:58:48.323+0000] {logging_mixin.py:188} INFO - [2025-11-13T12:58:48.323+0000] {dag.py:3036} INFO - Sync 1 DAGs
[2025-11-13T12:58:48.337+0000] {logging_mixin.py:188} INFO - [2025-11-13T12:58:48.336+0000] {dag.py:3823} INFO - Setting next_dagrun for simple_etl_lineage to None, run_after=None
[2025-11-13T12:58:48.360+0000] {processor.py:183} INFO - Processing /opt/airflow/dags/etl_dag.py took 0.121 seconds
[2025-11-13T12:59:18.593+0000] {processor.py:161} INFO - Started process (PID=1339) to work on /opt/airflow/dags/etl_dag.py
[2025-11-13T12:59:18.595+0000] {processor.py:830} INFO - Processing file /opt/airflow/dags/etl_dag.py for tasks to queue
[2025-11-13T12:59:18.597+0000] {logging_mixin.py:188} INFO - [2025-11-13T12:59:18.596+0000] {dagbag.py:538} INFO - Filling up the DagBag from /opt/airflow/dags/etl_dag.py
[2025-11-13T12:59:18.647+0000] {processor.py:840} INFO - DAG(s) 'simple_etl_lineage' retrieved from /opt/airflow/dags/etl_dag.py
[2025-11-13T12:59:18.702+0000] {logging_mixin.py:188} INFO - [2025-11-13T12:59:18.701+0000] {dag.py:3036} INFO - Sync 1 DAGs
[2025-11-13T12:59:18.726+0000] {logging_mixin.py:188} INFO - [2025-11-13T12:59:18.726+0000] {dag.py:3823} INFO - Setting next_dagrun for simple_etl_lineage to None, run_after=None
[2025-11-13T12:59:18.782+0000] {processor.py:183} INFO - Processing /opt/airflow/dags/etl_dag.py took 0.194 seconds
[2025-11-13T12:59:49.722+0000] {processor.py:161} INFO - Started process (PID=1354) to work on /opt/airflow/dags/etl_dag.py
[2025-11-13T12:59:49.723+0000] {processor.py:830} INFO - Processing file /opt/airflow/dags/etl_dag.py for tasks to queue
[2025-11-13T12:59:49.724+0000] {logging_mixin.py:188} INFO - [2025-11-13T12:59:49.724+0000] {dagbag.py:538} INFO - Filling up the DagBag from /opt/airflow/dags/etl_dag.py
[2025-11-13T12:59:49.745+0000] {processor.py:840} INFO - DAG(s) 'simple_etl_lineage' retrieved from /opt/airflow/dags/etl_dag.py
[2025-11-13T12:59:49.768+0000] {logging_mixin.py:188} INFO - [2025-11-13T12:59:49.767+0000] {dag.py:3036} INFO - Sync 1 DAGs
[2025-11-13T12:59:49.778+0000] {logging_mixin.py:188} INFO - [2025-11-13T12:59:49.778+0000] {dag.py:3823} INFO - Setting next_dagrun for simple_etl_lineage to None, run_after=None
[2025-11-13T12:59:49.803+0000] {processor.py:183} INFO - Processing /opt/airflow/dags/etl_dag.py took 0.084 seconds
[2025-11-13T13:00:20.169+0000] {processor.py:161} INFO - Started process (PID=1369) to work on /opt/airflow/dags/etl_dag.py
[2025-11-13T13:00:20.171+0000] {processor.py:830} INFO - Processing file /opt/airflow/dags/etl_dag.py for tasks to queue
[2025-11-13T13:00:20.173+0000] {logging_mixin.py:188} INFO - [2025-11-13T13:00:20.172+0000] {dagbag.py:538} INFO - Filling up the DagBag from /opt/airflow/dags/etl_dag.py
[2025-11-13T13:00:20.205+0000] {processor.py:840} INFO - DAG(s) 'simple_etl_lineage' retrieved from /opt/airflow/dags/etl_dag.py
[2025-11-13T13:00:20.242+0000] {logging_mixin.py:188} INFO - [2025-11-13T13:00:20.242+0000] {dag.py:3036} INFO - Sync 1 DAGs
[2025-11-13T13:00:20.263+0000] {logging_mixin.py:188} INFO - [2025-11-13T13:00:20.263+0000] {dag.py:3823} INFO - Setting next_dagrun for simple_etl_lineage to None, run_after=None
[2025-11-13T13:00:20.296+0000] {processor.py:183} INFO - Processing /opt/airflow/dags/etl_dag.py took 0.131 seconds
[2025-11-13T13:00:50.584+0000] {processor.py:161} INFO - Started process (PID=1384) to work on /opt/airflow/dags/etl_dag.py
[2025-11-13T13:00:50.585+0000] {processor.py:830} INFO - Processing file /opt/airflow/dags/etl_dag.py for tasks to queue
[2025-11-13T13:00:50.587+0000] {logging_mixin.py:188} INFO - [2025-11-13T13:00:50.587+0000] {dagbag.py:538} INFO - Filling up the DagBag from /opt/airflow/dags/etl_dag.py
[2025-11-13T13:00:50.617+0000] {processor.py:840} INFO - DAG(s) 'simple_etl_lineage' retrieved from /opt/airflow/dags/etl_dag.py
[2025-11-13T13:00:50.658+0000] {logging_mixin.py:188} INFO - [2025-11-13T13:00:50.658+0000] {dag.py:3036} INFO - Sync 1 DAGs
[2025-11-13T13:00:50.689+0000] {logging_mixin.py:188} INFO - [2025-11-13T13:00:50.688+0000] {dag.py:3823} INFO - Setting next_dagrun for simple_etl_lineage to None, run_after=None
[2025-11-13T13:00:50.729+0000] {processor.py:183} INFO - Processing /opt/airflow/dags/etl_dag.py took 0.151 seconds
[2025-11-13T13:01:21.196+0000] {processor.py:161} INFO - Started process (PID=1399) to work on /opt/airflow/dags/etl_dag.py
[2025-11-13T13:01:21.198+0000] {processor.py:830} INFO - Processing file /opt/airflow/dags/etl_dag.py for tasks to queue
[2025-11-13T13:01:21.200+0000] {logging_mixin.py:188} INFO - [2025-11-13T13:01:21.199+0000] {dagbag.py:538} INFO - Filling up the DagBag from /opt/airflow/dags/etl_dag.py
[2025-11-13T13:01:21.238+0000] {processor.py:840} INFO - DAG(s) 'simple_etl_lineage' retrieved from /opt/airflow/dags/etl_dag.py
[2025-11-13T13:01:21.273+0000] {logging_mixin.py:188} INFO - [2025-11-13T13:01:21.272+0000] {dag.py:3036} INFO - Sync 1 DAGs
[2025-11-13T13:01:21.298+0000] {logging_mixin.py:188} INFO - [2025-11-13T13:01:21.298+0000] {dag.py:3823} INFO - Setting next_dagrun for simple_etl_lineage to None, run_after=None
[2025-11-13T13:01:21.339+0000] {processor.py:183} INFO - Processing /opt/airflow/dags/etl_dag.py took 0.147 seconds
[2025-11-13T13:01:52.272+0000] {processor.py:161} INFO - Started process (PID=1414) to work on /opt/airflow/dags/etl_dag.py
[2025-11-13T13:01:52.286+0000] {processor.py:830} INFO - Processing file /opt/airflow/dags/etl_dag.py for tasks to queue
[2025-11-13T13:01:52.292+0000] {logging_mixin.py:188} INFO - [2025-11-13T13:01:52.291+0000] {dagbag.py:538} INFO - Filling up the DagBag from /opt/airflow/dags/etl_dag.py
[2025-11-13T13:01:52.374+0000] {processor.py:840} INFO - DAG(s) 'simple_etl_lineage' retrieved from /opt/airflow/dags/etl_dag.py
[2025-11-13T13:01:52.419+0000] {logging_mixin.py:188} INFO - [2025-11-13T13:01:52.419+0000] {dag.py:3036} INFO - Sync 1 DAGs
[2025-11-13T13:01:52.441+0000] {logging_mixin.py:188} INFO - [2025-11-13T13:01:52.440+0000] {dag.py:3823} INFO - Setting next_dagrun for simple_etl_lineage to None, run_after=None
[2025-11-13T13:01:52.492+0000] {processor.py:183} INFO - Processing /opt/airflow/dags/etl_dag.py took 0.226 seconds
[2025-11-13T13:02:22.974+0000] {processor.py:161} INFO - Started process (PID=1429) to work on /opt/airflow/dags/etl_dag.py
[2025-11-13T13:02:22.979+0000] {processor.py:830} INFO - Processing file /opt/airflow/dags/etl_dag.py for tasks to queue
[2025-11-13T13:02:22.994+0000] {logging_mixin.py:188} INFO - [2025-11-13T13:02:22.994+0000] {dagbag.py:538} INFO - Filling up the DagBag from /opt/airflow/dags/etl_dag.py
[2025-11-13T13:02:23.054+0000] {processor.py:840} INFO - DAG(s) 'simple_etl_lineage' retrieved from /opt/airflow/dags/etl_dag.py
[2025-11-13T13:02:23.110+0000] {logging_mixin.py:188} INFO - [2025-11-13T13:02:23.110+0000] {dag.py:3036} INFO - Sync 1 DAGs
[2025-11-13T13:02:23.148+0000] {logging_mixin.py:188} INFO - [2025-11-13T13:02:23.147+0000] {dag.py:3823} INFO - Setting next_dagrun for simple_etl_lineage to None, run_after=None
[2025-11-13T13:02:23.185+0000] {processor.py:183} INFO - Processing /opt/airflow/dags/etl_dag.py took 0.215 seconds
[2025-11-13T13:02:54.353+0000] {processor.py:161} INFO - Started process (PID=1444) to work on /opt/airflow/dags/etl_dag.py
[2025-11-13T13:02:54.356+0000] {processor.py:830} INFO - Processing file /opt/airflow/dags/etl_dag.py for tasks to queue
[2025-11-13T13:02:54.365+0000] {logging_mixin.py:188} INFO - [2025-11-13T13:02:54.364+0000] {dagbag.py:538} INFO - Filling up the DagBag from /opt/airflow/dags/etl_dag.py
[2025-11-13T13:02:55.029+0000] {processor.py:840} INFO - DAG(s) 'simple_etl_lineage' retrieved from /opt/airflow/dags/etl_dag.py
[2025-11-13T13:02:55.181+0000] {logging_mixin.py:188} INFO - [2025-11-13T13:02:55.181+0000] {dag.py:3036} INFO - Sync 1 DAGs
[2025-11-13T13:02:55.319+0000] {logging_mixin.py:188} INFO - [2025-11-13T13:02:55.318+0000] {dag.py:3823} INFO - Setting next_dagrun for simple_etl_lineage to None, run_after=None
[2025-11-13T13:02:55.523+0000] {processor.py:183} INFO - Processing /opt/airflow/dags/etl_dag.py took 1.176 seconds
[2025-11-13T13:03:25.800+0000] {processor.py:161} INFO - Started process (PID=1459) to work on /opt/airflow/dags/etl_dag.py
[2025-11-13T13:03:25.801+0000] {processor.py:830} INFO - Processing file /opt/airflow/dags/etl_dag.py for tasks to queue
[2025-11-13T13:03:25.803+0000] {logging_mixin.py:188} INFO - [2025-11-13T13:03:25.803+0000] {dagbag.py:538} INFO - Filling up the DagBag from /opt/airflow/dags/etl_dag.py
[2025-11-13T13:03:25.836+0000] {processor.py:840} INFO - DAG(s) 'simple_etl_lineage' retrieved from /opt/airflow/dags/etl_dag.py
[2025-11-13T13:03:25.867+0000] {logging_mixin.py:188} INFO - [2025-11-13T13:03:25.866+0000] {dag.py:3036} INFO - Sync 1 DAGs
[2025-11-13T13:03:25.881+0000] {logging_mixin.py:188} INFO - [2025-11-13T13:03:25.880+0000] {dag.py:3823} INFO - Setting next_dagrun for simple_etl_lineage to None, run_after=None
[2025-11-13T13:03:25.902+0000] {processor.py:183} INFO - Processing /opt/airflow/dags/etl_dag.py took 0.105 seconds
[2025-11-13T13:03:56.636+0000] {processor.py:161} INFO - Started process (PID=1474) to work on /opt/airflow/dags/etl_dag.py
[2025-11-13T13:03:56.640+0000] {processor.py:830} INFO - Processing file /opt/airflow/dags/etl_dag.py for tasks to queue
[2025-11-13T13:03:56.643+0000] {logging_mixin.py:188} INFO - [2025-11-13T13:03:56.642+0000] {dagbag.py:538} INFO - Filling up the DagBag from /opt/airflow/dags/etl_dag.py
[2025-11-13T13:03:56.705+0000] {processor.py:840} INFO - DAG(s) 'simple_etl_lineage' retrieved from /opt/airflow/dags/etl_dag.py
[2025-11-13T13:03:56.801+0000] {logging_mixin.py:188} INFO - [2025-11-13T13:03:56.801+0000] {dag.py:3036} INFO - Sync 1 DAGs
[2025-11-13T13:03:56.842+0000] {logging_mixin.py:188} INFO - [2025-11-13T13:03:56.841+0000] {dag.py:3823} INFO - Setting next_dagrun for simple_etl_lineage to None, run_after=None
[2025-11-13T13:03:56.942+0000] {processor.py:183} INFO - Processing /opt/airflow/dags/etl_dag.py took 0.311 seconds
[2025-11-13T13:04:38.049+0000] {processor.py:161} INFO - Started process (PID=1487) to work on /opt/airflow/dags/etl_dag.py
[2025-11-13T13:04:38.060+0000] {processor.py:830} INFO - Processing file /opt/airflow/dags/etl_dag.py for tasks to queue
[2025-11-13T13:04:38.063+0000] {logging_mixin.py:188} INFO - [2025-11-13T13:04:38.062+0000] {dagbag.py:538} INFO - Filling up the DagBag from /opt/airflow/dags/etl_dag.py
[2025-11-13T13:04:38.160+0000] {processor.py:840} INFO - DAG(s) 'simple_etl_lineage' retrieved from /opt/airflow/dags/etl_dag.py
[2025-11-13T13:04:38.249+0000] {logging_mixin.py:188} INFO - [2025-11-13T13:04:38.248+0000] {dag.py:3036} INFO - Sync 1 DAGs
[2025-11-13T13:04:38.312+0000] {logging_mixin.py:188} INFO - [2025-11-13T13:04:38.311+0000] {dag.py:3823} INFO - Setting next_dagrun for simple_etl_lineage to None, run_after=None
[2025-11-13T13:04:38.399+0000] {processor.py:183} INFO - Processing /opt/airflow/dags/etl_dag.py took 0.357 seconds
[2025-11-13T13:05:24.272+0000] {processor.py:161} INFO - Started process (PID=1505) to work on /opt/airflow/dags/etl_dag.py
[2025-11-13T13:05:24.275+0000] {processor.py:830} INFO - Processing file /opt/airflow/dags/etl_dag.py for tasks to queue
[2025-11-13T13:05:24.293+0000] {logging_mixin.py:188} INFO - [2025-11-13T13:05:24.291+0000] {dagbag.py:538} INFO - Filling up the DagBag from /opt/airflow/dags/etl_dag.py
[2025-11-13T13:05:24.676+0000] {processor.py:840} INFO - DAG(s) 'simple_etl_lineage' retrieved from /opt/airflow/dags/etl_dag.py
[2025-11-13T13:05:24.827+0000] {logging_mixin.py:188} INFO - [2025-11-13T13:05:24.826+0000] {dag.py:3036} INFO - Sync 1 DAGs
[2025-11-13T13:05:24.897+0000] {logging_mixin.py:188} INFO - [2025-11-13T13:05:24.897+0000] {dag.py:3823} INFO - Setting next_dagrun for simple_etl_lineage to None, run_after=None
[2025-11-13T13:05:25.019+0000] {processor.py:183} INFO - Processing /opt/airflow/dags/etl_dag.py took 0.764 seconds
[2025-11-13T13:06:01.649+0000] {processor.py:161} INFO - Started process (PID=1521) to work on /opt/airflow/dags/etl_dag.py
[2025-11-13T13:06:01.661+0000] {processor.py:830} INFO - Processing file /opt/airflow/dags/etl_dag.py for tasks to queue
[2025-11-13T13:06:01.675+0000] {logging_mixin.py:188} INFO - [2025-11-13T13:06:01.668+0000] {dagbag.py:538} INFO - Filling up the DagBag from /opt/airflow/dags/etl_dag.py
[2025-11-13T13:06:01.898+0000] {processor.py:840} INFO - DAG(s) 'simple_etl_lineage' retrieved from /opt/airflow/dags/etl_dag.py
[2025-11-13T13:06:02.004+0000] {logging_mixin.py:188} INFO - [2025-11-13T13:06:02.004+0000] {dag.py:3036} INFO - Sync 1 DAGs
[2025-11-13T13:06:02.095+0000] {logging_mixin.py:188} INFO - [2025-11-13T13:06:02.095+0000] {dag.py:3823} INFO - Setting next_dagrun for simple_etl_lineage to None, run_after=None
[2025-11-13T13:06:02.239+0000] {processor.py:183} INFO - Processing /opt/airflow/dags/etl_dag.py took 0.617 seconds
[2025-11-13T13:06:32.760+0000] {processor.py:161} INFO - Started process (PID=1542) to work on /opt/airflow/dags/etl_dag.py
[2025-11-13T13:06:32.767+0000] {processor.py:830} INFO - Processing file /opt/airflow/dags/etl_dag.py for tasks to queue
[2025-11-13T13:06:32.769+0000] {logging_mixin.py:188} INFO - [2025-11-13T13:06:32.769+0000] {dagbag.py:538} INFO - Filling up the DagBag from /opt/airflow/dags/etl_dag.py
[2025-11-13T13:06:32.863+0000] {processor.py:840} INFO - DAG(s) 'simple_etl_lineage' retrieved from /opt/airflow/dags/etl_dag.py
[2025-11-13T13:06:33.198+0000] {logging_mixin.py:188} INFO - [2025-11-13T13:06:33.197+0000] {dag.py:3036} INFO - Sync 1 DAGs
[2025-11-13T13:06:33.275+0000] {logging_mixin.py:188} INFO - [2025-11-13T13:06:33.275+0000] {dag.py:3823} INFO - Setting next_dagrun for simple_etl_lineage to None, run_after=None
[2025-11-13T13:06:33.499+0000] {processor.py:183} INFO - Processing /opt/airflow/dags/etl_dag.py took 0.758 seconds
[2025-11-13T13:07:04.310+0000] {processor.py:161} INFO - Started process (PID=1557) to work on /opt/airflow/dags/etl_dag.py
[2025-11-13T13:07:04.335+0000] {processor.py:830} INFO - Processing file /opt/airflow/dags/etl_dag.py for tasks to queue
[2025-11-13T13:07:04.338+0000] {logging_mixin.py:188} INFO - [2025-11-13T13:07:04.338+0000] {dagbag.py:538} INFO - Filling up the DagBag from /opt/airflow/dags/etl_dag.py
[2025-11-13T13:07:04.488+0000] {processor.py:840} INFO - DAG(s) 'simple_etl_lineage' retrieved from /opt/airflow/dags/etl_dag.py
[2025-11-13T13:07:04.683+0000] {logging_mixin.py:188} INFO - [2025-11-13T13:07:04.672+0000] {dag.py:3036} INFO - Sync 1 DAGs
[2025-11-13T13:07:04.790+0000] {logging_mixin.py:188} INFO - [2025-11-13T13:07:04.789+0000] {dag.py:3823} INFO - Setting next_dagrun for simple_etl_lineage to None, run_after=None
[2025-11-13T13:07:05.079+0000] {processor.py:183} INFO - Processing /opt/airflow/dags/etl_dag.py took 0.799 seconds
[2025-11-13T13:07:36.288+0000] {processor.py:161} INFO - Started process (PID=1572) to work on /opt/airflow/dags/etl_dag.py
[2025-11-13T13:07:36.301+0000] {processor.py:830} INFO - Processing file /opt/airflow/dags/etl_dag.py for tasks to queue
[2025-11-13T13:07:36.312+0000] {logging_mixin.py:188} INFO - [2025-11-13T13:07:36.311+0000] {dagbag.py:538} INFO - Filling up the DagBag from /opt/airflow/dags/etl_dag.py
[2025-11-13T13:07:36.374+0000] {processor.py:840} INFO - DAG(s) 'simple_etl_lineage' retrieved from /opt/airflow/dags/etl_dag.py
[2025-11-13T13:07:36.437+0000] {logging_mixin.py:188} INFO - [2025-11-13T13:07:36.435+0000] {dag.py:3036} INFO - Sync 1 DAGs
[2025-11-13T13:07:36.461+0000] {logging_mixin.py:188} INFO - [2025-11-13T13:07:36.460+0000] {dag.py:3823} INFO - Setting next_dagrun for simple_etl_lineage to None, run_after=None
[2025-11-13T13:07:36.500+0000] {processor.py:183} INFO - Processing /opt/airflow/dags/etl_dag.py took 0.227 seconds
[2025-11-13T13:08:12.108+0000] {processor.py:161} INFO - Started process (PID=1587) to work on /opt/airflow/dags/etl_dag.py
[2025-11-13T13:08:12.137+0000] {processor.py:830} INFO - Processing file /opt/airflow/dags/etl_dag.py for tasks to queue
[2025-11-13T13:08:12.201+0000] {logging_mixin.py:188} INFO - [2025-11-13T13:08:12.201+0000] {dagbag.py:538} INFO - Filling up the DagBag from /opt/airflow/dags/etl_dag.py
[2025-11-13T13:08:12.970+0000] {processor.py:840} INFO - DAG(s) 'simple_etl_lineage' retrieved from /opt/airflow/dags/etl_dag.py
[2025-11-13T13:08:13.095+0000] {logging_mixin.py:188} INFO - [2025-11-13T13:08:13.095+0000] {dag.py:3036} INFO - Sync 1 DAGs
[2025-11-13T13:08:13.156+0000] {logging_mixin.py:188} INFO - [2025-11-13T13:08:13.156+0000] {dag.py:3823} INFO - Setting next_dagrun for simple_etl_lineage to None, run_after=None
[2025-11-13T13:08:13.255+0000] {processor.py:183} INFO - Processing /opt/airflow/dags/etl_dag.py took 1.152 seconds
[2025-11-13T13:08:43.621+0000] {processor.py:161} INFO - Started process (PID=1602) to work on /opt/airflow/dags/etl_dag.py
[2025-11-13T13:08:43.630+0000] {processor.py:830} INFO - Processing file /opt/airflow/dags/etl_dag.py for tasks to queue
[2025-11-13T13:08:43.641+0000] {logging_mixin.py:188} INFO - [2025-11-13T13:08:43.640+0000] {dagbag.py:538} INFO - Filling up the DagBag from /opt/airflow/dags/etl_dag.py
[2025-11-13T13:08:43.731+0000] {processor.py:840} INFO - DAG(s) 'simple_etl_lineage' retrieved from /opt/airflow/dags/etl_dag.py
[2025-11-13T13:08:43.864+0000] {logging_mixin.py:188} INFO - [2025-11-13T13:08:43.864+0000] {dag.py:3036} INFO - Sync 1 DAGs
[2025-11-13T13:08:43.925+0000] {logging_mixin.py:188} INFO - [2025-11-13T13:08:43.924+0000] {dag.py:3823} INFO - Setting next_dagrun for simple_etl_lineage to None, run_after=None
[2025-11-13T13:08:44.051+0000] {processor.py:183} INFO - Processing /opt/airflow/dags/etl_dag.py took 0.440 seconds
[2025-11-13T13:09:16.503+0000] {processor.py:161} INFO - Started process (PID=1617) to work on /opt/airflow/dags/etl_dag.py
[2025-11-13T13:09:16.515+0000] {processor.py:830} INFO - Processing file /opt/airflow/dags/etl_dag.py for tasks to queue
[2025-11-13T13:09:16.524+0000] {logging_mixin.py:188} INFO - [2025-11-13T13:09:16.523+0000] {dagbag.py:538} INFO - Filling up the DagBag from /opt/airflow/dags/etl_dag.py
[2025-11-13T13:09:16.806+0000] {processor.py:840} INFO - DAG(s) 'simple_etl_lineage' retrieved from /opt/airflow/dags/etl_dag.py
[2025-11-13T13:09:17.050+0000] {logging_mixin.py:188} INFO - [2025-11-13T13:09:17.049+0000] {dag.py:3036} INFO - Sync 1 DAGs
[2025-11-13T13:09:17.131+0000] {logging_mixin.py:188} INFO - [2025-11-13T13:09:17.131+0000] {dag.py:3823} INFO - Setting next_dagrun for simple_etl_lineage to None, run_after=None
[2025-11-13T13:09:17.218+0000] {processor.py:183} INFO - Processing /opt/airflow/dags/etl_dag.py took 0.721 seconds
[2025-11-13T13:09:49.848+0000] {processor.py:161} INFO - Started process (PID=1632) to work on /opt/airflow/dags/etl_dag.py
[2025-11-13T13:09:49.850+0000] {processor.py:830} INFO - Processing file /opt/airflow/dags/etl_dag.py for tasks to queue
[2025-11-13T13:09:49.860+0000] {logging_mixin.py:188} INFO - [2025-11-13T13:09:49.860+0000] {dagbag.py:538} INFO - Filling up the DagBag from /opt/airflow/dags/etl_dag.py
[2025-11-13T13:09:50.197+0000] {processor.py:840} INFO - DAG(s) 'simple_etl_lineage' retrieved from /opt/airflow/dags/etl_dag.py
[2025-11-13T13:09:50.309+0000] {logging_mixin.py:188} INFO - [2025-11-13T13:09:50.308+0000] {dag.py:3036} INFO - Sync 1 DAGs
[2025-11-13T13:09:50.363+0000] {logging_mixin.py:188} INFO - [2025-11-13T13:09:50.363+0000] {dag.py:3823} INFO - Setting next_dagrun for simple_etl_lineage to None, run_after=None
[2025-11-13T13:09:50.436+0000] {processor.py:183} INFO - Processing /opt/airflow/dags/etl_dag.py took 0.595 seconds
[2025-11-13T13:10:25.051+0000] {processor.py:161} INFO - Started process (PID=1647) to work on /opt/airflow/dags/etl_dag.py
[2025-11-13T13:10:25.054+0000] {processor.py:830} INFO - Processing file /opt/airflow/dags/etl_dag.py for tasks to queue
[2025-11-13T13:10:25.056+0000] {logging_mixin.py:188} INFO - [2025-11-13T13:10:25.055+0000] {dagbag.py:538} INFO - Filling up the DagBag from /opt/airflow/dags/etl_dag.py
[2025-11-13T13:10:25.109+0000] {processor.py:840} INFO - DAG(s) 'simple_etl_lineage' retrieved from /opt/airflow/dags/etl_dag.py
[2025-11-13T13:10:25.216+0000] {logging_mixin.py:188} INFO - [2025-11-13T13:10:25.215+0000] {dag.py:3036} INFO - Sync 1 DAGs
[2025-11-13T13:10:25.250+0000] {logging_mixin.py:188} INFO - [2025-11-13T13:10:25.250+0000] {dag.py:3823} INFO - Setting next_dagrun for simple_etl_lineage to None, run_after=None
[2025-11-13T13:10:25.298+0000] {processor.py:183} INFO - Processing /opt/airflow/dags/etl_dag.py took 0.256 seconds
[2025-11-13T13:11:00.261+0000] {processor.py:161} INFO - Started process (PID=1662) to work on /opt/airflow/dags/etl_dag.py
[2025-11-13T13:11:00.271+0000] {processor.py:830} INFO - Processing file /opt/airflow/dags/etl_dag.py for tasks to queue
[2025-11-13T13:11:00.275+0000] {logging_mixin.py:188} INFO - [2025-11-13T13:11:00.274+0000] {dagbag.py:538} INFO - Filling up the DagBag from /opt/airflow/dags/etl_dag.py
[2025-11-13T13:11:00.363+0000] {processor.py:840} INFO - DAG(s) 'simple_etl_lineage' retrieved from /opt/airflow/dags/etl_dag.py
[2025-11-13T13:11:00.447+0000] {logging_mixin.py:188} INFO - [2025-11-13T13:11:00.447+0000] {dag.py:3036} INFO - Sync 1 DAGs
[2025-11-13T13:11:00.495+0000] {logging_mixin.py:188} INFO - [2025-11-13T13:11:00.495+0000] {dag.py:3823} INFO - Setting next_dagrun for simple_etl_lineage to None, run_after=None
[2025-11-13T13:11:00.571+0000] {processor.py:183} INFO - Processing /opt/airflow/dags/etl_dag.py took 0.315 seconds
[2025-11-13T13:11:31.343+0000] {processor.py:161} INFO - Started process (PID=1677) to work on /opt/airflow/dags/etl_dag.py
[2025-11-13T13:11:31.346+0000] {processor.py:830} INFO - Processing file /opt/airflow/dags/etl_dag.py for tasks to queue
[2025-11-13T13:11:31.347+0000] {logging_mixin.py:188} INFO - [2025-11-13T13:11:31.347+0000] {dagbag.py:538} INFO - Filling up the DagBag from /opt/airflow/dags/etl_dag.py
[2025-11-13T13:11:31.388+0000] {processor.py:840} INFO - DAG(s) 'simple_etl_lineage' retrieved from /opt/airflow/dags/etl_dag.py
[2025-11-13T13:11:31.455+0000] {logging_mixin.py:188} INFO - [2025-11-13T13:11:31.454+0000] {dag.py:3036} INFO - Sync 1 DAGs
[2025-11-13T13:11:31.486+0000] {logging_mixin.py:188} INFO - [2025-11-13T13:11:31.485+0000] {dag.py:3823} INFO - Setting next_dagrun for simple_etl_lineage to None, run_after=None
[2025-11-13T13:11:31.548+0000] {processor.py:183} INFO - Processing /opt/airflow/dags/etl_dag.py took 0.216 seconds
[2025-11-13T13:12:01.948+0000] {processor.py:161} INFO - Started process (PID=1692) to work on /opt/airflow/dags/etl_dag.py
[2025-11-13T13:12:01.950+0000] {processor.py:830} INFO - Processing file /opt/airflow/dags/etl_dag.py for tasks to queue
[2025-11-13T13:12:01.952+0000] {logging_mixin.py:188} INFO - [2025-11-13T13:12:01.951+0000] {dagbag.py:538} INFO - Filling up the DagBag from /opt/airflow/dags/etl_dag.py
[2025-11-13T13:12:01.986+0000] {processor.py:840} INFO - DAG(s) 'simple_etl_lineage' retrieved from /opt/airflow/dags/etl_dag.py
[2025-11-13T13:12:02.023+0000] {logging_mixin.py:188} INFO - [2025-11-13T13:12:02.023+0000] {dag.py:3036} INFO - Sync 1 DAGs
[2025-11-13T13:12:02.039+0000] {logging_mixin.py:188} INFO - [2025-11-13T13:12:02.038+0000] {dag.py:3823} INFO - Setting next_dagrun for simple_etl_lineage to None, run_after=None
[2025-11-13T13:12:02.064+0000] {processor.py:183} INFO - Processing /opt/airflow/dags/etl_dag.py took 0.120 seconds
[2025-11-13T13:12:32.564+0000] {processor.py:161} INFO - Started process (PID=1707) to work on /opt/airflow/dags/etl_dag.py
[2025-11-13T13:12:32.567+0000] {processor.py:830} INFO - Processing file /opt/airflow/dags/etl_dag.py for tasks to queue
[2025-11-13T13:12:32.569+0000] {logging_mixin.py:188} INFO - [2025-11-13T13:12:32.568+0000] {dagbag.py:538} INFO - Filling up the DagBag from /opt/airflow/dags/etl_dag.py
[2025-11-13T13:12:32.613+0000] {processor.py:840} INFO - DAG(s) 'simple_etl_lineage' retrieved from /opt/airflow/dags/etl_dag.py
[2025-11-13T13:12:32.668+0000] {logging_mixin.py:188} INFO - [2025-11-13T13:12:32.668+0000] {dag.py:3036} INFO - Sync 1 DAGs
[2025-11-13T13:12:32.686+0000] {logging_mixin.py:188} INFO - [2025-11-13T13:12:32.685+0000] {dag.py:3823} INFO - Setting next_dagrun for simple_etl_lineage to None, run_after=None
[2025-11-13T13:12:32.721+0000] {processor.py:183} INFO - Processing /opt/airflow/dags/etl_dag.py took 0.163 seconds
[2025-11-13T13:13:03.202+0000] {processor.py:161} INFO - Started process (PID=1720) to work on /opt/airflow/dags/etl_dag.py
[2025-11-13T13:13:03.204+0000] {processor.py:830} INFO - Processing file /opt/airflow/dags/etl_dag.py for tasks to queue
[2025-11-13T13:13:03.206+0000] {logging_mixin.py:188} INFO - [2025-11-13T13:13:03.205+0000] {dagbag.py:538} INFO - Filling up the DagBag from /opt/airflow/dags/etl_dag.py
[2025-11-13T13:13:03.238+0000] {processor.py:840} INFO - DAG(s) 'simple_etl_lineage' retrieved from /opt/airflow/dags/etl_dag.py
[2025-11-13T13:13:03.280+0000] {logging_mixin.py:188} INFO - [2025-11-13T13:13:03.279+0000] {dag.py:3036} INFO - Sync 1 DAGs
[2025-11-13T13:13:03.297+0000] {logging_mixin.py:188} INFO - [2025-11-13T13:13:03.297+0000] {dag.py:3823} INFO - Setting next_dagrun for simple_etl_lineage to None, run_after=None
[2025-11-13T13:13:03.321+0000] {processor.py:183} INFO - Processing /opt/airflow/dags/etl_dag.py took 0.125 seconds
[2025-11-13T13:13:34.173+0000] {processor.py:161} INFO - Started process (PID=1737) to work on /opt/airflow/dags/etl_dag.py
[2025-11-13T13:13:34.186+0000] {processor.py:830} INFO - Processing file /opt/airflow/dags/etl_dag.py for tasks to queue
[2025-11-13T13:13:34.195+0000] {logging_mixin.py:188} INFO - [2025-11-13T13:13:34.193+0000] {dagbag.py:538} INFO - Filling up the DagBag from /opt/airflow/dags/etl_dag.py
[2025-11-13T13:13:34.337+0000] {processor.py:840} INFO - DAG(s) 'simple_etl_lineage' retrieved from /opt/airflow/dags/etl_dag.py
[2025-11-13T13:13:34.415+0000] {logging_mixin.py:188} INFO - [2025-11-13T13:13:34.414+0000] {dag.py:3036} INFO - Sync 1 DAGs
[2025-11-13T13:13:34.459+0000] {logging_mixin.py:188} INFO - [2025-11-13T13:13:34.459+0000] {dag.py:3823} INFO - Setting next_dagrun for simple_etl_lineage to None, run_after=None
[2025-11-13T13:13:34.512+0000] {processor.py:183} INFO - Processing /opt/airflow/dags/etl_dag.py took 0.348 seconds
[2025-11-13T13:14:05.150+0000] {processor.py:161} INFO - Started process (PID=1752) to work on /opt/airflow/dags/etl_dag.py
[2025-11-13T13:14:05.163+0000] {processor.py:830} INFO - Processing file /opt/airflow/dags/etl_dag.py for tasks to queue
[2025-11-13T13:14:05.165+0000] {logging_mixin.py:188} INFO - [2025-11-13T13:14:05.164+0000] {dagbag.py:538} INFO - Filling up the DagBag from /opt/airflow/dags/etl_dag.py
[2025-11-13T13:14:05.480+0000] {processor.py:840} INFO - DAG(s) 'simple_etl_lineage' retrieved from /opt/airflow/dags/etl_dag.py
[2025-11-13T13:14:05.564+0000] {logging_mixin.py:188} INFO - [2025-11-13T13:14:05.563+0000] {dag.py:3036} INFO - Sync 1 DAGs
[2025-11-13T13:14:05.602+0000] {logging_mixin.py:188} INFO - [2025-11-13T13:14:05.601+0000] {dag.py:3823} INFO - Setting next_dagrun for simple_etl_lineage to None, run_after=None
[2025-11-13T13:14:05.673+0000] {processor.py:183} INFO - Processing /opt/airflow/dags/etl_dag.py took 0.529 seconds
[2025-11-13T13:14:35.911+0000] {processor.py:161} INFO - Started process (PID=1767) to work on /opt/airflow/dags/etl_dag.py
[2025-11-13T13:14:35.913+0000] {processor.py:830} INFO - Processing file /opt/airflow/dags/etl_dag.py for tasks to queue
[2025-11-13T13:14:35.916+0000] {logging_mixin.py:188} INFO - [2025-11-13T13:14:35.915+0000] {dagbag.py:538} INFO - Filling up the DagBag from /opt/airflow/dags/etl_dag.py
[2025-11-13T13:14:35.964+0000] {processor.py:840} INFO - DAG(s) 'simple_etl_lineage' retrieved from /opt/airflow/dags/etl_dag.py
[2025-11-13T13:14:36.015+0000] {logging_mixin.py:188} INFO - [2025-11-13T13:14:36.015+0000] {dag.py:3036} INFO - Sync 1 DAGs
[2025-11-13T13:14:36.033+0000] {logging_mixin.py:188} INFO - [2025-11-13T13:14:36.033+0000] {dag.py:3823} INFO - Setting next_dagrun for simple_etl_lineage to None, run_after=None
[2025-11-13T13:14:36.087+0000] {processor.py:183} INFO - Processing /opt/airflow/dags/etl_dag.py took 0.180 seconds
