[2025-11-09T12:55:40.645+0000] {processor.py:161} INFO - Started process (PID=304) to work on /opt/airflow/dags/failed_lineage_dag.py
[2025-11-09T12:55:41.434+0000] {processor.py:830} INFO - Processing file /opt/airflow/dags/failed_lineage_dag.py for tasks to queue
[2025-11-09T12:55:41.473+0000] {logging_mixin.py:188} INFO - [2025-11-09T12:55:41.472+0000] {dagbag.py:538} INFO - Filling up the DagBag from /opt/airflow/dags/failed_lineage_dag.py
[2025-11-09T12:55:42.540+0000] {processor.py:840} INFO - DAG(s) 'failed_lineage_dag' retrieved from /opt/airflow/dags/failed_lineage_dag.py
[2025-11-09T12:55:42.754+0000] {logging_mixin.py:188} INFO - [2025-11-09T12:55:42.754+0000] {dag.py:3036} INFO - Sync 1 DAGs
[2025-11-09T12:55:42.908+0000] {logging_mixin.py:188} INFO - [2025-11-09T12:55:42.908+0000] {dag.py:3823} INFO - Setting next_dagrun for failed_lineage_dag to None, run_after=None
[2025-11-09T12:55:43.205+0000] {processor.py:183} INFO - Processing /opt/airflow/dags/failed_lineage_dag.py took 5.967 seconds
[2025-11-09T12:56:13.820+0000] {processor.py:161} INFO - Started process (PID=314) to work on /opt/airflow/dags/failed_lineage_dag.py
[2025-11-09T12:56:13.822+0000] {processor.py:830} INFO - Processing file /opt/airflow/dags/failed_lineage_dag.py for tasks to queue
[2025-11-09T12:56:13.825+0000] {logging_mixin.py:188} INFO - [2025-11-09T12:56:13.824+0000] {dagbag.py:538} INFO - Filling up the DagBag from /opt/airflow/dags/failed_lineage_dag.py
[2025-11-09T12:56:13.849+0000] {processor.py:840} INFO - DAG(s) 'failed_lineage_dag' retrieved from /opt/airflow/dags/failed_lineage_dag.py
[2025-11-09T12:56:13.903+0000] {logging_mixin.py:188} INFO - [2025-11-09T12:56:13.903+0000] {dag.py:3036} INFO - Sync 1 DAGs
[2025-11-09T12:56:13.926+0000] {logging_mixin.py:188} INFO - [2025-11-09T12:56:13.925+0000] {dag.py:3823} INFO - Setting next_dagrun for failed_lineage_dag to None, run_after=None
[2025-11-09T12:56:13.968+0000] {processor.py:183} INFO - Processing /opt/airflow/dags/failed_lineage_dag.py took 0.161 seconds
[2025-11-09T12:56:44.751+0000] {processor.py:161} INFO - Started process (PID=324) to work on /opt/airflow/dags/failed_lineage_dag.py
[2025-11-09T12:56:44.760+0000] {processor.py:830} INFO - Processing file /opt/airflow/dags/failed_lineage_dag.py for tasks to queue
[2025-11-09T12:56:44.764+0000] {logging_mixin.py:188} INFO - [2025-11-09T12:56:44.763+0000] {dagbag.py:538} INFO - Filling up the DagBag from /opt/airflow/dags/failed_lineage_dag.py
[2025-11-09T12:56:44.954+0000] {processor.py:840} INFO - DAG(s) 'failed_lineage_dag' retrieved from /opt/airflow/dags/failed_lineage_dag.py
[2025-11-09T12:56:45.048+0000] {logging_mixin.py:188} INFO - [2025-11-09T12:56:45.047+0000] {dag.py:3036} INFO - Sync 1 DAGs
[2025-11-09T12:56:45.103+0000] {logging_mixin.py:188} INFO - [2025-11-09T12:56:45.102+0000] {dag.py:3823} INFO - Setting next_dagrun for failed_lineage_dag to None, run_after=None
[2025-11-09T12:56:45.237+0000] {processor.py:183} INFO - Processing /opt/airflow/dags/failed_lineage_dag.py took 0.491 seconds
[2025-11-09T12:57:15.637+0000] {processor.py:161} INFO - Started process (PID=334) to work on /opt/airflow/dags/failed_lineage_dag.py
[2025-11-09T12:57:15.639+0000] {processor.py:830} INFO - Processing file /opt/airflow/dags/failed_lineage_dag.py for tasks to queue
[2025-11-09T12:57:15.641+0000] {logging_mixin.py:188} INFO - [2025-11-09T12:57:15.640+0000] {dagbag.py:538} INFO - Filling up the DagBag from /opt/airflow/dags/failed_lineage_dag.py
[2025-11-09T12:57:15.669+0000] {processor.py:840} INFO - DAG(s) 'failed_lineage_dag' retrieved from /opt/airflow/dags/failed_lineage_dag.py
[2025-11-09T12:57:15.721+0000] {logging_mixin.py:188} INFO - [2025-11-09T12:57:15.721+0000] {dag.py:3036} INFO - Sync 1 DAGs
[2025-11-09T12:57:15.743+0000] {logging_mixin.py:188} INFO - [2025-11-09T12:57:15.743+0000] {dag.py:3823} INFO - Setting next_dagrun for failed_lineage_dag to None, run_after=None
[2025-11-09T12:57:15.775+0000] {processor.py:183} INFO - Processing /opt/airflow/dags/failed_lineage_dag.py took 0.143 seconds
[2025-11-09T12:57:46.318+0000] {processor.py:161} INFO - Started process (PID=344) to work on /opt/airflow/dags/failed_lineage_dag.py
[2025-11-09T12:57:46.320+0000] {processor.py:830} INFO - Processing file /opt/airflow/dags/failed_lineage_dag.py for tasks to queue
[2025-11-09T12:57:46.322+0000] {logging_mixin.py:188} INFO - [2025-11-09T12:57:46.322+0000] {dagbag.py:538} INFO - Filling up the DagBag from /opt/airflow/dags/failed_lineage_dag.py
[2025-11-09T12:57:46.356+0000] {processor.py:840} INFO - DAG(s) 'failed_lineage_dag' retrieved from /opt/airflow/dags/failed_lineage_dag.py
[2025-11-09T12:57:46.398+0000] {logging_mixin.py:188} INFO - [2025-11-09T12:57:46.398+0000] {dag.py:3036} INFO - Sync 1 DAGs
[2025-11-09T12:57:46.420+0000] {logging_mixin.py:188} INFO - [2025-11-09T12:57:46.419+0000] {dag.py:3823} INFO - Setting next_dagrun for failed_lineage_dag to None, run_after=None
[2025-11-09T12:57:46.459+0000] {processor.py:183} INFO - Processing /opt/airflow/dags/failed_lineage_dag.py took 0.146 seconds
[2025-11-09T12:58:16.937+0000] {processor.py:161} INFO - Started process (PID=354) to work on /opt/airflow/dags/failed_lineage_dag.py
[2025-11-09T12:58:16.939+0000] {processor.py:830} INFO - Processing file /opt/airflow/dags/failed_lineage_dag.py for tasks to queue
[2025-11-09T12:58:16.941+0000] {logging_mixin.py:188} INFO - [2025-11-09T12:58:16.940+0000] {dagbag.py:538} INFO - Filling up the DagBag from /opt/airflow/dags/failed_lineage_dag.py
[2025-11-09T12:58:16.965+0000] {processor.py:840} INFO - DAG(s) 'failed_lineage_dag' retrieved from /opt/airflow/dags/failed_lineage_dag.py
[2025-11-09T12:58:16.999+0000] {logging_mixin.py:188} INFO - [2025-11-09T12:58:16.998+0000] {dag.py:3036} INFO - Sync 1 DAGs
[2025-11-09T12:58:17.012+0000] {logging_mixin.py:188} INFO - [2025-11-09T12:58:17.011+0000] {dag.py:3823} INFO - Setting next_dagrun for failed_lineage_dag to None, run_after=None
[2025-11-09T12:58:17.035+0000] {processor.py:183} INFO - Processing /opt/airflow/dags/failed_lineage_dag.py took 0.103 seconds
[2025-11-09T12:58:47.361+0000] {processor.py:161} INFO - Started process (PID=364) to work on /opt/airflow/dags/failed_lineage_dag.py
[2025-11-09T12:58:47.363+0000] {processor.py:830} INFO - Processing file /opt/airflow/dags/failed_lineage_dag.py for tasks to queue
[2025-11-09T12:58:47.365+0000] {logging_mixin.py:188} INFO - [2025-11-09T12:58:47.364+0000] {dagbag.py:538} INFO - Filling up the DagBag from /opt/airflow/dags/failed_lineage_dag.py
[2025-11-09T12:58:47.389+0000] {processor.py:840} INFO - DAG(s) 'failed_lineage_dag' retrieved from /opt/airflow/dags/failed_lineage_dag.py
[2025-11-09T12:58:47.421+0000] {logging_mixin.py:188} INFO - [2025-11-09T12:58:47.421+0000] {dag.py:3036} INFO - Sync 1 DAGs
[2025-11-09T12:58:47.440+0000] {logging_mixin.py:188} INFO - [2025-11-09T12:58:47.439+0000] {dag.py:3823} INFO - Setting next_dagrun for failed_lineage_dag to None, run_after=None
[2025-11-09T12:58:47.464+0000] {processor.py:183} INFO - Processing /opt/airflow/dags/failed_lineage_dag.py took 0.107 seconds
[2025-11-09T12:59:18.589+0000] {processor.py:161} INFO - Started process (PID=374) to work on /opt/airflow/dags/failed_lineage_dag.py
[2025-11-09T12:59:18.600+0000] {processor.py:830} INFO - Processing file /opt/airflow/dags/failed_lineage_dag.py for tasks to queue
[2025-11-09T12:59:18.611+0000] {logging_mixin.py:188} INFO - [2025-11-09T12:59:18.610+0000] {dagbag.py:538} INFO - Filling up the DagBag from /opt/airflow/dags/failed_lineage_dag.py
[2025-11-09T12:59:18.765+0000] {processor.py:840} INFO - DAG(s) 'failed_lineage_dag' retrieved from /opt/airflow/dags/failed_lineage_dag.py
[2025-11-09T12:59:18.898+0000] {logging_mixin.py:188} INFO - [2025-11-09T12:59:18.898+0000] {dag.py:3036} INFO - Sync 1 DAGs
[2025-11-09T12:59:18.915+0000] {logging_mixin.py:188} INFO - [2025-11-09T12:59:18.914+0000] {dag.py:3823} INFO - Setting next_dagrun for failed_lineage_dag to None, run_after=None
[2025-11-09T12:59:18.970+0000] {processor.py:183} INFO - Processing /opt/airflow/dags/failed_lineage_dag.py took 0.385 seconds
[2025-11-09T12:59:49.184+0000] {processor.py:161} INFO - Started process (PID=384) to work on /opt/airflow/dags/failed_lineage_dag.py
[2025-11-09T12:59:49.194+0000] {processor.py:830} INFO - Processing file /opt/airflow/dags/failed_lineage_dag.py for tasks to queue
[2025-11-09T12:59:49.199+0000] {logging_mixin.py:188} INFO - [2025-11-09T12:59:49.199+0000] {dagbag.py:538} INFO - Filling up the DagBag from /opt/airflow/dags/failed_lineage_dag.py
[2025-11-09T12:59:49.268+0000] {processor.py:840} INFO - DAG(s) 'failed_lineage_dag' retrieved from /opt/airflow/dags/failed_lineage_dag.py
[2025-11-09T12:59:49.348+0000] {logging_mixin.py:188} INFO - [2025-11-09T12:59:49.348+0000] {dag.py:3036} INFO - Sync 1 DAGs
[2025-11-09T12:59:49.372+0000] {logging_mixin.py:188} INFO - [2025-11-09T12:59:49.372+0000] {dag.py:3823} INFO - Setting next_dagrun for failed_lineage_dag to None, run_after=None
[2025-11-09T12:59:49.436+0000] {processor.py:183} INFO - Processing /opt/airflow/dags/failed_lineage_dag.py took 0.258 seconds
[2025-11-09T13:00:19.886+0000] {processor.py:161} INFO - Started process (PID=394) to work on /opt/airflow/dags/failed_lineage_dag.py
[2025-11-09T13:00:19.889+0000] {processor.py:830} INFO - Processing file /opt/airflow/dags/failed_lineage_dag.py for tasks to queue
[2025-11-09T13:00:19.890+0000] {logging_mixin.py:188} INFO - [2025-11-09T13:00:19.890+0000] {dagbag.py:538} INFO - Filling up the DagBag from /opt/airflow/dags/failed_lineage_dag.py
[2025-11-09T13:00:20.936+0000] {processor.py:840} INFO - DAG(s) 'failed_lineage_dag' retrieved from /opt/airflow/dags/failed_lineage_dag.py
[2025-11-09T13:00:20.970+0000] {logging_mixin.py:188} INFO - [2025-11-09T13:00:20.970+0000] {dag.py:3036} INFO - Sync 1 DAGs
[2025-11-09T13:00:20.990+0000] {logging_mixin.py:188} INFO - [2025-11-09T13:00:20.990+0000] {dag.py:3823} INFO - Setting next_dagrun for failed_lineage_dag to None, run_after=None
[2025-11-09T13:00:21.021+0000] {processor.py:183} INFO - Processing /opt/airflow/dags/failed_lineage_dag.py took 1.143 seconds
[2025-11-09T13:00:51.645+0000] {processor.py:161} INFO - Started process (PID=409) to work on /opt/airflow/dags/failed_lineage_dag.py
[2025-11-09T13:00:51.664+0000] {processor.py:830} INFO - Processing file /opt/airflow/dags/failed_lineage_dag.py for tasks to queue
[2025-11-09T13:00:51.669+0000] {logging_mixin.py:188} INFO - [2025-11-09T13:00:51.668+0000] {dagbag.py:538} INFO - Filling up the DagBag from /opt/airflow/dags/failed_lineage_dag.py
[2025-11-09T13:00:52.193+0000] {processor.py:840} INFO - DAG(s) 'failed_lineage_dag' retrieved from /opt/airflow/dags/failed_lineage_dag.py
[2025-11-09T13:00:52.294+0000] {logging_mixin.py:188} INFO - [2025-11-09T13:00:52.294+0000] {dag.py:3036} INFO - Sync 1 DAGs
[2025-11-09T13:00:52.336+0000] {logging_mixin.py:188} INFO - [2025-11-09T13:00:52.335+0000] {dag.py:3823} INFO - Setting next_dagrun for failed_lineage_dag to None, run_after=None
[2025-11-09T13:00:52.429+0000] {processor.py:183} INFO - Processing /opt/airflow/dags/failed_lineage_dag.py took 0.820 seconds
[2025-11-09T13:01:23.091+0000] {processor.py:161} INFO - Started process (PID=431) to work on /opt/airflow/dags/failed_lineage_dag.py
[2025-11-09T13:01:23.093+0000] {processor.py:830} INFO - Processing file /opt/airflow/dags/failed_lineage_dag.py for tasks to queue
[2025-11-09T13:01:23.094+0000] {logging_mixin.py:188} INFO - [2025-11-09T13:01:23.094+0000] {dagbag.py:538} INFO - Filling up the DagBag from /opt/airflow/dags/failed_lineage_dag.py
[2025-11-09T13:01:23.120+0000] {processor.py:840} INFO - DAG(s) 'failed_lineage_dag' retrieved from /opt/airflow/dags/failed_lineage_dag.py
[2025-11-09T13:01:23.185+0000] {logging_mixin.py:188} INFO - [2025-11-09T13:01:23.184+0000] {dag.py:3036} INFO - Sync 1 DAGs
[2025-11-09T13:01:23.212+0000] {logging_mixin.py:188} INFO - [2025-11-09T13:01:23.212+0000] {dag.py:3823} INFO - Setting next_dagrun for failed_lineage_dag to None, run_after=None
[2025-11-09T13:01:23.254+0000] {processor.py:183} INFO - Processing /opt/airflow/dags/failed_lineage_dag.py took 0.167 seconds
[2025-11-09T13:01:53.564+0000] {processor.py:161} INFO - Started process (PID=441) to work on /opt/airflow/dags/failed_lineage_dag.py
[2025-11-09T13:01:53.574+0000] {processor.py:830} INFO - Processing file /opt/airflow/dags/failed_lineage_dag.py for tasks to queue
[2025-11-09T13:01:53.578+0000] {logging_mixin.py:188} INFO - [2025-11-09T13:01:53.577+0000] {dagbag.py:538} INFO - Filling up the DagBag from /opt/airflow/dags/failed_lineage_dag.py
[2025-11-09T13:01:53.638+0000] {processor.py:840} INFO - DAG(s) 'failed_lineage_dag' retrieved from /opt/airflow/dags/failed_lineage_dag.py
[2025-11-09T13:01:54.006+0000] {logging_mixin.py:188} INFO - [2025-11-09T13:01:54.005+0000] {dag.py:3036} INFO - Sync 1 DAGs
[2025-11-09T13:01:54.091+0000] {logging_mixin.py:188} INFO - [2025-11-09T13:01:54.083+0000] {dag.py:3823} INFO - Setting next_dagrun for failed_lineage_dag to None, run_after=None
[2025-11-09T13:01:54.176+0000] {processor.py:183} INFO - Processing /opt/airflow/dags/failed_lineage_dag.py took 0.625 seconds
[2025-11-09T13:02:24.392+0000] {processor.py:161} INFO - Started process (PID=451) to work on /opt/airflow/dags/failed_lineage_dag.py
[2025-11-09T13:02:24.395+0000] {processor.py:830} INFO - Processing file /opt/airflow/dags/failed_lineage_dag.py for tasks to queue
[2025-11-09T13:02:24.397+0000] {logging_mixin.py:188} INFO - [2025-11-09T13:02:24.396+0000] {dagbag.py:538} INFO - Filling up the DagBag from /opt/airflow/dags/failed_lineage_dag.py
[2025-11-09T13:02:24.435+0000] {processor.py:840} INFO - DAG(s) 'failed_lineage_dag' retrieved from /opt/airflow/dags/failed_lineage_dag.py
[2025-11-09T13:02:24.585+0000] {logging_mixin.py:188} INFO - [2025-11-09T13:02:24.585+0000] {dag.py:3036} INFO - Sync 1 DAGs
[2025-11-09T13:02:24.599+0000] {logging_mixin.py:188} INFO - [2025-11-09T13:02:24.599+0000] {dag.py:3823} INFO - Setting next_dagrun for failed_lineage_dag to None, run_after=None
[2025-11-09T13:02:24.873+0000] {processor.py:183} INFO - Processing /opt/airflow/dags/failed_lineage_dag.py took 0.486 seconds
[2025-11-09T13:02:56.576+0000] {processor.py:161} INFO - Started process (PID=461) to work on /opt/airflow/dags/failed_lineage_dag.py
[2025-11-09T13:02:56.579+0000] {processor.py:830} INFO - Processing file /opt/airflow/dags/failed_lineage_dag.py for tasks to queue
[2025-11-09T13:02:56.581+0000] {logging_mixin.py:188} INFO - [2025-11-09T13:02:56.581+0000] {dagbag.py:538} INFO - Filling up the DagBag from /opt/airflow/dags/failed_lineage_dag.py
[2025-11-09T13:02:56.669+0000] {processor.py:840} INFO - DAG(s) 'failed_lineage_dag' retrieved from /opt/airflow/dags/failed_lineage_dag.py
[2025-11-09T13:02:56.765+0000] {logging_mixin.py:188} INFO - [2025-11-09T13:02:56.764+0000] {dag.py:3036} INFO - Sync 1 DAGs
[2025-11-09T13:02:56.804+0000] {logging_mixin.py:188} INFO - [2025-11-09T13:02:56.804+0000] {dag.py:3823} INFO - Setting next_dagrun for failed_lineage_dag to None, run_after=None
[2025-11-09T13:02:56.893+0000] {processor.py:183} INFO - Processing /opt/airflow/dags/failed_lineage_dag.py took 0.322 seconds
[2025-11-09T13:03:27.917+0000] {processor.py:161} INFO - Started process (PID=471) to work on /opt/airflow/dags/failed_lineage_dag.py
[2025-11-09T13:03:27.923+0000] {processor.py:830} INFO - Processing file /opt/airflow/dags/failed_lineage_dag.py for tasks to queue
[2025-11-09T13:03:27.936+0000] {logging_mixin.py:188} INFO - [2025-11-09T13:03:27.936+0000] {dagbag.py:538} INFO - Filling up the DagBag from /opt/airflow/dags/failed_lineage_dag.py
[2025-11-09T13:03:27.988+0000] {processor.py:840} INFO - DAG(s) 'failed_lineage_dag' retrieved from /opt/airflow/dags/failed_lineage_dag.py
[2025-11-09T13:03:28.080+0000] {logging_mixin.py:188} INFO - [2025-11-09T13:03:28.079+0000] {dag.py:3036} INFO - Sync 1 DAGs
[2025-11-09T13:03:28.129+0000] {logging_mixin.py:188} INFO - [2025-11-09T13:03:28.129+0000] {dag.py:3823} INFO - Setting next_dagrun for failed_lineage_dag to None, run_after=None
[2025-11-09T13:03:28.206+0000] {processor.py:183} INFO - Processing /opt/airflow/dags/failed_lineage_dag.py took 0.294 seconds
[2025-11-09T13:06:21.233+0000] {processor.py:161} INFO - Started process (PID=175) to work on /opt/airflow/dags/failed_lineage_dag.py
[2025-11-09T13:06:21.241+0000] {processor.py:830} INFO - Processing file /opt/airflow/dags/failed_lineage_dag.py for tasks to queue
[2025-11-09T13:06:21.264+0000] {logging_mixin.py:188} INFO - [2025-11-09T13:06:21.250+0000] {dagbag.py:538} INFO - Filling up the DagBag from /opt/airflow/dags/failed_lineage_dag.py
[2025-11-09T13:06:21.461+0000] {processor.py:840} INFO - DAG(s) 'failed_lineage_dag' retrieved from /opt/airflow/dags/failed_lineage_dag.py
[2025-11-09T13:06:21.883+0000] {logging_mixin.py:188} INFO - [2025-11-09T13:06:21.882+0000] {override.py:1769} INFO - Created Permission View: can read on DAG:failed_lineage_dag
[2025-11-09T13:06:21.919+0000] {logging_mixin.py:188} INFO - [2025-11-09T13:06:21.919+0000] {override.py:1769} INFO - Created Permission View: can delete on DAG:failed_lineage_dag
[2025-11-09T13:06:21.939+0000] {logging_mixin.py:188} INFO - [2025-11-09T13:06:21.938+0000] {override.py:1769} INFO - Created Permission View: can edit on DAG:failed_lineage_dag
[2025-11-09T13:06:21.942+0000] {logging_mixin.py:188} INFO - [2025-11-09T13:06:21.942+0000] {dag.py:3036} INFO - Sync 1 DAGs
[2025-11-09T13:06:22.006+0000] {logging_mixin.py:188} INFO - [2025-11-09T13:06:22.005+0000] {dag.py:3058} INFO - Creating ORM DAG for failed_lineage_dag
[2025-11-09T13:06:22.011+0000] {logging_mixin.py:188} INFO - [2025-11-09T13:06:22.011+0000] {dag.py:3823} INFO - Setting next_dagrun for failed_lineage_dag to None, run_after=None
[2025-11-09T13:06:22.125+0000] {processor.py:183} INFO - Processing /opt/airflow/dags/failed_lineage_dag.py took 0.903 seconds
[2025-11-09T13:06:52.639+0000] {processor.py:161} INFO - Started process (PID=190) to work on /opt/airflow/dags/failed_lineage_dag.py
[2025-11-09T13:06:52.643+0000] {processor.py:830} INFO - Processing file /opt/airflow/dags/failed_lineage_dag.py for tasks to queue
[2025-11-09T13:06:52.645+0000] {logging_mixin.py:188} INFO - [2025-11-09T13:06:52.645+0000] {dagbag.py:538} INFO - Filling up the DagBag from /opt/airflow/dags/failed_lineage_dag.py
[2025-11-09T13:06:52.705+0000] {processor.py:840} INFO - DAG(s) 'failed_lineage_dag' retrieved from /opt/airflow/dags/failed_lineage_dag.py
[2025-11-09T13:06:52.793+0000] {logging_mixin.py:188} INFO - [2025-11-09T13:06:52.792+0000] {dag.py:3036} INFO - Sync 1 DAGs
[2025-11-09T13:06:52.834+0000] {logging_mixin.py:188} INFO - [2025-11-09T13:06:52.833+0000] {dag.py:3823} INFO - Setting next_dagrun for failed_lineage_dag to None, run_after=None
[2025-11-09T13:06:52.936+0000] {processor.py:183} INFO - Processing /opt/airflow/dags/failed_lineage_dag.py took 0.302 seconds
[2025-11-09T13:07:23.376+0000] {processor.py:161} INFO - Started process (PID=204) to work on /opt/airflow/dags/failed_lineage_dag.py
[2025-11-09T13:07:23.380+0000] {processor.py:830} INFO - Processing file /opt/airflow/dags/failed_lineage_dag.py for tasks to queue
[2025-11-09T13:07:23.386+0000] {logging_mixin.py:188} INFO - [2025-11-09T13:07:23.384+0000] {dagbag.py:538} INFO - Filling up the DagBag from /opt/airflow/dags/failed_lineage_dag.py
[2025-11-09T13:07:24.497+0000] {processor.py:840} INFO - DAG(s) 'failed_lineage_dag' retrieved from /opt/airflow/dags/failed_lineage_dag.py
[2025-11-09T13:07:24.589+0000] {logging_mixin.py:188} INFO - [2025-11-09T13:07:24.588+0000] {dag.py:3036} INFO - Sync 1 DAGs
[2025-11-09T13:07:24.629+0000] {logging_mixin.py:188} INFO - [2025-11-09T13:07:24.628+0000] {dag.py:3823} INFO - Setting next_dagrun for failed_lineage_dag to None, run_after=None
[2025-11-09T13:07:24.700+0000] {processor.py:183} INFO - Processing /opt/airflow/dags/failed_lineage_dag.py took 1.332 seconds
[2025-11-09T13:07:55.212+0000] {processor.py:161} INFO - Started process (PID=220) to work on /opt/airflow/dags/failed_lineage_dag.py
[2025-11-09T13:07:55.217+0000] {processor.py:830} INFO - Processing file /opt/airflow/dags/failed_lineage_dag.py for tasks to queue
[2025-11-09T13:07:55.219+0000] {logging_mixin.py:188} INFO - [2025-11-09T13:07:55.219+0000] {dagbag.py:538} INFO - Filling up the DagBag from /opt/airflow/dags/failed_lineage_dag.py
[2025-11-09T13:07:55.253+0000] {processor.py:840} INFO - DAG(s) 'failed_lineage_dag' retrieved from /opt/airflow/dags/failed_lineage_dag.py
[2025-11-09T13:07:55.309+0000] {logging_mixin.py:188} INFO - [2025-11-09T13:07:55.309+0000] {dag.py:3036} INFO - Sync 1 DAGs
[2025-11-09T13:07:55.335+0000] {logging_mixin.py:188} INFO - [2025-11-09T13:07:55.335+0000] {dag.py:3823} INFO - Setting next_dagrun for failed_lineage_dag to None, run_after=None
[2025-11-09T13:07:55.381+0000] {processor.py:183} INFO - Processing /opt/airflow/dags/failed_lineage_dag.py took 0.170 seconds
[2025-11-09T13:08:26.358+0000] {processor.py:161} INFO - Started process (PID=248) to work on /opt/airflow/dags/failed_lineage_dag.py
[2025-11-09T13:08:26.364+0000] {processor.py:830} INFO - Processing file /opt/airflow/dags/failed_lineage_dag.py for tasks to queue
[2025-11-09T13:08:26.375+0000] {logging_mixin.py:188} INFO - [2025-11-09T13:08:26.375+0000] {dagbag.py:538} INFO - Filling up the DagBag from /opt/airflow/dags/failed_lineage_dag.py
[2025-11-09T13:08:26.696+0000] {processor.py:840} INFO - DAG(s) 'failed_lineage_dag' retrieved from /opt/airflow/dags/failed_lineage_dag.py
[2025-11-09T13:08:26.789+0000] {logging_mixin.py:188} INFO - [2025-11-09T13:08:26.788+0000] {dag.py:3036} INFO - Sync 1 DAGs
[2025-11-09T13:08:26.829+0000] {logging_mixin.py:188} INFO - [2025-11-09T13:08:26.828+0000] {dag.py:3823} INFO - Setting next_dagrun for failed_lineage_dag to None, run_after=None
[2025-11-09T13:08:26.907+0000] {processor.py:183} INFO - Processing /opt/airflow/dags/failed_lineage_dag.py took 0.564 seconds
[2025-11-09T13:08:57.813+0000] {processor.py:161} INFO - Started process (PID=258) to work on /opt/airflow/dags/failed_lineage_dag.py
[2025-11-09T13:08:57.824+0000] {processor.py:830} INFO - Processing file /opt/airflow/dags/failed_lineage_dag.py for tasks to queue
[2025-11-09T13:08:57.827+0000] {logging_mixin.py:188} INFO - [2025-11-09T13:08:57.826+0000] {dagbag.py:538} INFO - Filling up the DagBag from /opt/airflow/dags/failed_lineage_dag.py
[2025-11-09T13:08:57.949+0000] {processor.py:840} INFO - DAG(s) 'failed_lineage_dag' retrieved from /opt/airflow/dags/failed_lineage_dag.py
[2025-11-09T13:08:58.063+0000] {logging_mixin.py:188} INFO - [2025-11-09T13:08:58.054+0000] {dag.py:3036} INFO - Sync 1 DAGs
[2025-11-09T13:08:58.126+0000] {logging_mixin.py:188} INFO - [2025-11-09T13:08:58.125+0000] {dag.py:3823} INFO - Setting next_dagrun for failed_lineage_dag to None, run_after=None
[2025-11-09T13:08:58.272+0000] {processor.py:183} INFO - Processing /opt/airflow/dags/failed_lineage_dag.py took 0.466 seconds
[2025-11-09T13:09:29.131+0000] {processor.py:161} INFO - Started process (PID=265) to work on /opt/airflow/dags/failed_lineage_dag.py
[2025-11-09T13:09:29.133+0000] {processor.py:830} INFO - Processing file /opt/airflow/dags/failed_lineage_dag.py for tasks to queue
[2025-11-09T13:09:29.135+0000] {logging_mixin.py:188} INFO - [2025-11-09T13:09:29.134+0000] {dagbag.py:538} INFO - Filling up the DagBag from /opt/airflow/dags/failed_lineage_dag.py
[2025-11-09T13:09:29.196+0000] {processor.py:840} INFO - DAG(s) 'failed_lineage_dag' retrieved from /opt/airflow/dags/failed_lineage_dag.py
[2025-11-09T13:09:29.295+0000] {logging_mixin.py:188} INFO - [2025-11-09T13:09:29.289+0000] {dag.py:3036} INFO - Sync 1 DAGs
[2025-11-09T13:09:29.330+0000] {logging_mixin.py:188} INFO - [2025-11-09T13:09:29.329+0000] {dag.py:3823} INFO - Setting next_dagrun for failed_lineage_dag to None, run_after=None
[2025-11-09T13:09:29.411+0000] {processor.py:183} INFO - Processing /opt/airflow/dags/failed_lineage_dag.py took 0.295 seconds
[2025-11-09T13:10:01.880+0000] {processor.py:161} INFO - Started process (PID=275) to work on /opt/airflow/dags/failed_lineage_dag.py
[2025-11-09T13:10:01.886+0000] {processor.py:830} INFO - Processing file /opt/airflow/dags/failed_lineage_dag.py for tasks to queue
[2025-11-09T13:10:01.890+0000] {logging_mixin.py:188} INFO - [2025-11-09T13:10:01.889+0000] {dagbag.py:538} INFO - Filling up the DagBag from /opt/airflow/dags/failed_lineage_dag.py
[2025-11-09T13:10:02.047+0000] {processor.py:840} INFO - DAG(s) 'failed_lineage_dag' retrieved from /opt/airflow/dags/failed_lineage_dag.py
[2025-11-09T13:10:02.176+0000] {logging_mixin.py:188} INFO - [2025-11-09T13:10:02.175+0000] {dag.py:3036} INFO - Sync 1 DAGs
[2025-11-09T13:10:02.256+0000] {logging_mixin.py:188} INFO - [2025-11-09T13:10:02.256+0000] {dag.py:3823} INFO - Setting next_dagrun for failed_lineage_dag to None, run_after=None
[2025-11-09T13:10:02.541+0000] {processor.py:183} INFO - Processing /opt/airflow/dags/failed_lineage_dag.py took 0.713 seconds
[2025-11-09T13:10:34.805+0000] {processor.py:161} INFO - Started process (PID=285) to work on /opt/airflow/dags/failed_lineage_dag.py
[2025-11-09T13:10:34.815+0000] {processor.py:830} INFO - Processing file /opt/airflow/dags/failed_lineage_dag.py for tasks to queue
[2025-11-09T13:10:34.819+0000] {logging_mixin.py:188} INFO - [2025-11-09T13:10:34.819+0000] {dagbag.py:538} INFO - Filling up the DagBag from /opt/airflow/dags/failed_lineage_dag.py
[2025-11-09T13:10:34.869+0000] {processor.py:840} INFO - DAG(s) 'failed_lineage_dag' retrieved from /opt/airflow/dags/failed_lineage_dag.py
[2025-11-09T13:10:35.033+0000] {logging_mixin.py:188} INFO - [2025-11-09T13:10:35.033+0000] {dag.py:3036} INFO - Sync 1 DAGs
[2025-11-09T13:10:35.114+0000] {logging_mixin.py:188} INFO - [2025-11-09T13:10:35.114+0000] {dag.py:3823} INFO - Setting next_dagrun for failed_lineage_dag to None, run_after=None
[2025-11-09T13:10:35.249+0000] {processor.py:183} INFO - Processing /opt/airflow/dags/failed_lineage_dag.py took 0.454 seconds
[2025-11-09T13:11:05.748+0000] {processor.py:161} INFO - Started process (PID=295) to work on /opt/airflow/dags/failed_lineage_dag.py
[2025-11-09T13:11:05.760+0000] {processor.py:830} INFO - Processing file /opt/airflow/dags/failed_lineage_dag.py for tasks to queue
[2025-11-09T13:11:05.769+0000] {logging_mixin.py:188} INFO - [2025-11-09T13:11:05.769+0000] {dagbag.py:538} INFO - Filling up the DagBag from /opt/airflow/dags/failed_lineage_dag.py
[2025-11-09T13:11:05.820+0000] {processor.py:840} INFO - DAG(s) 'failed_lineage_dag' retrieved from /opt/airflow/dags/failed_lineage_dag.py
[2025-11-09T13:11:05.920+0000] {logging_mixin.py:188} INFO - [2025-11-09T13:11:05.919+0000] {dag.py:3036} INFO - Sync 1 DAGs
[2025-11-09T13:11:05.968+0000] {logging_mixin.py:188} INFO - [2025-11-09T13:11:05.967+0000] {dag.py:3823} INFO - Setting next_dagrun for failed_lineage_dag to None, run_after=None
[2025-11-09T13:11:06.050+0000] {processor.py:183} INFO - Processing /opt/airflow/dags/failed_lineage_dag.py took 0.308 seconds
[2025-11-09T13:11:48.724+0000] {processor.py:161} INFO - Started process (PID=305) to work on /opt/airflow/dags/failed_lineage_dag.py
[2025-11-09T13:11:48.755+0000] {processor.py:830} INFO - Processing file /opt/airflow/dags/failed_lineage_dag.py for tasks to queue
[2025-11-09T13:11:48.813+0000] {logging_mixin.py:188} INFO - [2025-11-09T13:11:48.800+0000] {dagbag.py:538} INFO - Filling up the DagBag from /opt/airflow/dags/failed_lineage_dag.py
[2025-11-09T13:11:50.828+0000] {processor.py:840} INFO - DAG(s) 'failed_lineage_dag' retrieved from /opt/airflow/dags/failed_lineage_dag.py
[2025-11-09T13:11:52.548+0000] {logging_mixin.py:188} INFO - [2025-11-09T13:11:52.548+0000] {dag.py:3036} INFO - Sync 1 DAGs
[2025-11-09T13:12:22.419+0000] {logging_mixin.py:188} INFO - [2025-11-09T13:12:22.356+0000] {dag.py:3823} INFO - Setting next_dagrun for failed_lineage_dag to None, run_after=None
[2025-11-09T13:13:25.507+0000] {processor.py:161} INFO - Started process (PID=311) to work on /opt/airflow/dags/failed_lineage_dag.py
[2025-11-09T13:13:25.609+0000] {processor.py:830} INFO - Processing file /opt/airflow/dags/failed_lineage_dag.py for tasks to queue
[2025-11-09T13:13:25.680+0000] {logging_mixin.py:188} INFO - [2025-11-09T13:13:25.669+0000] {dagbag.py:538} INFO - Filling up the DagBag from /opt/airflow/dags/failed_lineage_dag.py
[2025-11-09T13:13:27.160+0000] {processor.py:840} INFO - DAG(s) 'failed_lineage_dag' retrieved from /opt/airflow/dags/failed_lineage_dag.py
[2025-11-09T13:13:29.920+0000] {logging_mixin.py:188} INFO - [2025-11-09T13:13:29.920+0000] {dag.py:3036} INFO - Sync 1 DAGs
[2025-11-09T13:13:30.205+0000] {logging_mixin.py:188} INFO - [2025-11-09T13:13:30.205+0000] {dag.py:3823} INFO - Setting next_dagrun for failed_lineage_dag to None, run_after=None
[2025-11-09T13:13:30.323+0000] {processor.py:183} INFO - Processing /opt/airflow/dags/failed_lineage_dag.py took 7.419 seconds
[2025-11-09T13:14:02.561+0000] {processor.py:161} INFO - Started process (PID=321) to work on /opt/airflow/dags/failed_lineage_dag.py
[2025-11-09T13:14:02.570+0000] {processor.py:830} INFO - Processing file /opt/airflow/dags/failed_lineage_dag.py for tasks to queue
[2025-11-09T13:14:02.577+0000] {logging_mixin.py:188} INFO - [2025-11-09T13:14:02.577+0000] {dagbag.py:538} INFO - Filling up the DagBag from /opt/airflow/dags/failed_lineage_dag.py
[2025-11-09T13:14:02.704+0000] {processor.py:840} INFO - DAG(s) 'failed_lineage_dag' retrieved from /opt/airflow/dags/failed_lineage_dag.py
[2025-11-09T13:14:02.874+0000] {logging_mixin.py:188} INFO - [2025-11-09T13:14:02.874+0000] {dag.py:3036} INFO - Sync 1 DAGs
[2025-11-09T13:14:03.032+0000] {logging_mixin.py:188} INFO - [2025-11-09T13:14:03.032+0000] {dag.py:3823} INFO - Setting next_dagrun for failed_lineage_dag to None, run_after=None
[2025-11-09T13:14:03.232+0000] {processor.py:183} INFO - Processing /opt/airflow/dags/failed_lineage_dag.py took 0.684 seconds
[2025-11-09T13:14:33.651+0000] {processor.py:161} INFO - Started process (PID=331) to work on /opt/airflow/dags/failed_lineage_dag.py
[2025-11-09T13:14:33.662+0000] {processor.py:830} INFO - Processing file /opt/airflow/dags/failed_lineage_dag.py for tasks to queue
[2025-11-09T13:14:33.667+0000] {logging_mixin.py:188} INFO - [2025-11-09T13:14:33.666+0000] {dagbag.py:538} INFO - Filling up the DagBag from /opt/airflow/dags/failed_lineage_dag.py
[2025-11-09T13:14:33.771+0000] {processor.py:840} INFO - DAG(s) 'failed_lineage_dag' retrieved from /opt/airflow/dags/failed_lineage_dag.py
[2025-11-09T13:14:33.891+0000] {logging_mixin.py:188} INFO - [2025-11-09T13:14:33.891+0000] {dag.py:3036} INFO - Sync 1 DAGs
[2025-11-09T13:14:33.941+0000] {logging_mixin.py:188} INFO - [2025-11-09T13:14:33.940+0000] {dag.py:3823} INFO - Setting next_dagrun for failed_lineage_dag to None, run_after=None
[2025-11-09T13:14:34.019+0000] {processor.py:183} INFO - Processing /opt/airflow/dags/failed_lineage_dag.py took 0.376 seconds
[2025-11-09T13:15:04.776+0000] {processor.py:161} INFO - Started process (PID=341) to work on /opt/airflow/dags/failed_lineage_dag.py
[2025-11-09T13:15:04.793+0000] {processor.py:830} INFO - Processing file /opt/airflow/dags/failed_lineage_dag.py for tasks to queue
[2025-11-09T13:15:04.806+0000] {logging_mixin.py:188} INFO - [2025-11-09T13:15:04.801+0000] {dagbag.py:538} INFO - Filling up the DagBag from /opt/airflow/dags/failed_lineage_dag.py
[2025-11-09T13:15:04.954+0000] {processor.py:840} INFO - DAG(s) 'failed_lineage_dag' retrieved from /opt/airflow/dags/failed_lineage_dag.py
[2025-11-09T13:15:05.085+0000] {logging_mixin.py:188} INFO - [2025-11-09T13:15:05.085+0000] {dag.py:3036} INFO - Sync 1 DAGs
[2025-11-09T13:15:05.389+0000] {logging_mixin.py:188} INFO - [2025-11-09T13:15:05.389+0000] {dag.py:3823} INFO - Setting next_dagrun for failed_lineage_dag to None, run_after=None
[2025-11-09T13:15:05.469+0000] {processor.py:183} INFO - Processing /opt/airflow/dags/failed_lineage_dag.py took 0.823 seconds
[2025-11-09T13:15:36.555+0000] {processor.py:161} INFO - Started process (PID=351) to work on /opt/airflow/dags/failed_lineage_dag.py
[2025-11-09T13:15:36.558+0000] {processor.py:830} INFO - Processing file /opt/airflow/dags/failed_lineage_dag.py for tasks to queue
[2025-11-09T13:15:36.560+0000] {logging_mixin.py:188} INFO - [2025-11-09T13:15:36.559+0000] {dagbag.py:538} INFO - Filling up the DagBag from /opt/airflow/dags/failed_lineage_dag.py
[2025-11-09T13:15:36.610+0000] {processor.py:840} INFO - DAG(s) 'failed_lineage_dag' retrieved from /opt/airflow/dags/failed_lineage_dag.py
[2025-11-09T13:15:36.659+0000] {logging_mixin.py:188} INFO - [2025-11-09T13:15:36.659+0000] {dag.py:3036} INFO - Sync 1 DAGs
[2025-11-09T13:15:36.679+0000] {logging_mixin.py:188} INFO - [2025-11-09T13:15:36.679+0000] {dag.py:3823} INFO - Setting next_dagrun for failed_lineage_dag to None, run_after=None
[2025-11-09T13:15:36.726+0000] {processor.py:183} INFO - Processing /opt/airflow/dags/failed_lineage_dag.py took 0.176 seconds
[2025-11-09T13:16:07.519+0000] {processor.py:161} INFO - Started process (PID=361) to work on /opt/airflow/dags/failed_lineage_dag.py
[2025-11-09T13:16:07.521+0000] {processor.py:830} INFO - Processing file /opt/airflow/dags/failed_lineage_dag.py for tasks to queue
[2025-11-09T13:16:07.532+0000] {logging_mixin.py:188} INFO - [2025-11-09T13:16:07.531+0000] {dagbag.py:538} INFO - Filling up the DagBag from /opt/airflow/dags/failed_lineage_dag.py
[2025-11-09T13:16:07.671+0000] {processor.py:840} INFO - DAG(s) 'failed_lineage_dag' retrieved from /opt/airflow/dags/failed_lineage_dag.py
[2025-11-09T13:16:07.770+0000] {logging_mixin.py:188} INFO - [2025-11-09T13:16:07.769+0000] {dag.py:3036} INFO - Sync 1 DAGs
[2025-11-09T13:16:07.830+0000] {logging_mixin.py:188} INFO - [2025-11-09T13:16:07.829+0000] {dag.py:3823} INFO - Setting next_dagrun for failed_lineage_dag to None, run_after=None
[2025-11-09T13:16:07.924+0000] {processor.py:183} INFO - Processing /opt/airflow/dags/failed_lineage_dag.py took 0.411 seconds
[2025-11-09T13:16:38.510+0000] {processor.py:161} INFO - Started process (PID=371) to work on /opt/airflow/dags/failed_lineage_dag.py
[2025-11-09T13:16:38.518+0000] {processor.py:830} INFO - Processing file /opt/airflow/dags/failed_lineage_dag.py for tasks to queue
[2025-11-09T13:16:38.523+0000] {logging_mixin.py:188} INFO - [2025-11-09T13:16:38.523+0000] {dagbag.py:538} INFO - Filling up the DagBag from /opt/airflow/dags/failed_lineage_dag.py
[2025-11-09T13:16:38.605+0000] {processor.py:840} INFO - DAG(s) 'failed_lineage_dag' retrieved from /opt/airflow/dags/failed_lineage_dag.py
[2025-11-09T13:16:38.652+0000] {logging_mixin.py:188} INFO - [2025-11-09T13:16:38.651+0000] {dag.py:3036} INFO - Sync 1 DAGs
[2025-11-09T13:16:38.673+0000] {logging_mixin.py:188} INFO - [2025-11-09T13:16:38.673+0000] {dag.py:3823} INFO - Setting next_dagrun for failed_lineage_dag to None, run_after=None
[2025-11-09T13:16:38.735+0000] {processor.py:183} INFO - Processing /opt/airflow/dags/failed_lineage_dag.py took 0.234 seconds
[2025-11-09T13:17:09.554+0000] {processor.py:161} INFO - Started process (PID=381) to work on /opt/airflow/dags/failed_lineage_dag.py
[2025-11-09T13:17:09.565+0000] {processor.py:830} INFO - Processing file /opt/airflow/dags/failed_lineage_dag.py for tasks to queue
[2025-11-09T13:17:09.568+0000] {logging_mixin.py:188} INFO - [2025-11-09T13:17:09.568+0000] {dagbag.py:538} INFO - Filling up the DagBag from /opt/airflow/dags/failed_lineage_dag.py
[2025-11-09T13:17:09.681+0000] {processor.py:840} INFO - DAG(s) 'failed_lineage_dag' retrieved from /opt/airflow/dags/failed_lineage_dag.py
[2025-11-09T13:17:09.768+0000] {logging_mixin.py:188} INFO - [2025-11-09T13:17:09.768+0000] {dag.py:3036} INFO - Sync 1 DAGs
[2025-11-09T13:17:09.850+0000] {logging_mixin.py:188} INFO - [2025-11-09T13:17:09.850+0000] {dag.py:3823} INFO - Setting next_dagrun for failed_lineage_dag to None, run_after=None
[2025-11-09T13:17:10.226+0000] {processor.py:183} INFO - Processing /opt/airflow/dags/failed_lineage_dag.py took 0.689 seconds
[2025-11-09T13:17:41.389+0000] {processor.py:161} INFO - Started process (PID=391) to work on /opt/airflow/dags/failed_lineage_dag.py
[2025-11-09T13:17:41.405+0000] {processor.py:830} INFO - Processing file /opt/airflow/dags/failed_lineage_dag.py for tasks to queue
[2025-11-09T13:17:41.407+0000] {logging_mixin.py:188} INFO - [2025-11-09T13:17:41.406+0000] {dagbag.py:538} INFO - Filling up the DagBag from /opt/airflow/dags/failed_lineage_dag.py
[2025-11-09T13:17:41.522+0000] {processor.py:840} INFO - DAG(s) 'failed_lineage_dag' retrieved from /opt/airflow/dags/failed_lineage_dag.py
[2025-11-09T13:17:41.672+0000] {logging_mixin.py:188} INFO - [2025-11-09T13:17:41.671+0000] {dag.py:3036} INFO - Sync 1 DAGs
[2025-11-09T13:17:41.714+0000] {logging_mixin.py:188} INFO - [2025-11-09T13:17:41.713+0000] {dag.py:3823} INFO - Setting next_dagrun for failed_lineage_dag to None, run_after=None
[2025-11-09T13:17:41.820+0000] {processor.py:183} INFO - Processing /opt/airflow/dags/failed_lineage_dag.py took 0.449 seconds
[2025-11-09T13:18:12.506+0000] {processor.py:161} INFO - Started process (PID=401) to work on /opt/airflow/dags/failed_lineage_dag.py
[2025-11-09T13:18:12.510+0000] {processor.py:830} INFO - Processing file /opt/airflow/dags/failed_lineage_dag.py for tasks to queue
[2025-11-09T13:18:12.514+0000] {logging_mixin.py:188} INFO - [2025-11-09T13:18:12.513+0000] {dagbag.py:538} INFO - Filling up the DagBag from /opt/airflow/dags/failed_lineage_dag.py
[2025-11-09T13:18:12.627+0000] {processor.py:840} INFO - DAG(s) 'failed_lineage_dag' retrieved from /opt/airflow/dags/failed_lineage_dag.py
[2025-11-09T13:18:12.711+0000] {logging_mixin.py:188} INFO - [2025-11-09T13:18:12.711+0000] {dag.py:3036} INFO - Sync 1 DAGs
[2025-11-09T13:18:12.740+0000] {logging_mixin.py:188} INFO - [2025-11-09T13:18:12.740+0000] {dag.py:3823} INFO - Setting next_dagrun for failed_lineage_dag to None, run_after=None
[2025-11-09T13:18:12.811+0000] {processor.py:183} INFO - Processing /opt/airflow/dags/failed_lineage_dag.py took 0.312 seconds
[2025-11-09T13:18:43.286+0000] {processor.py:161} INFO - Started process (PID=411) to work on /opt/airflow/dags/failed_lineage_dag.py
[2025-11-09T13:18:43.288+0000] {processor.py:830} INFO - Processing file /opt/airflow/dags/failed_lineage_dag.py for tasks to queue
[2025-11-09T13:18:43.290+0000] {logging_mixin.py:188} INFO - [2025-11-09T13:18:43.289+0000] {dagbag.py:538} INFO - Filling up the DagBag from /opt/airflow/dags/failed_lineage_dag.py
[2025-11-09T13:18:43.331+0000] {processor.py:840} INFO - DAG(s) 'failed_lineage_dag' retrieved from /opt/airflow/dags/failed_lineage_dag.py
[2025-11-09T13:18:43.380+0000] {logging_mixin.py:188} INFO - [2025-11-09T13:18:43.379+0000] {dag.py:3036} INFO - Sync 1 DAGs
[2025-11-09T13:18:43.452+0000] {logging_mixin.py:188} INFO - [2025-11-09T13:18:43.451+0000] {dag.py:3823} INFO - Setting next_dagrun for failed_lineage_dag to None, run_after=None
[2025-11-09T13:18:43.498+0000] {processor.py:183} INFO - Processing /opt/airflow/dags/failed_lineage_dag.py took 0.222 seconds
[2025-11-09T13:19:13.857+0000] {processor.py:161} INFO - Started process (PID=421) to work on /opt/airflow/dags/failed_lineage_dag.py
[2025-11-09T13:19:13.859+0000] {processor.py:830} INFO - Processing file /opt/airflow/dags/failed_lineage_dag.py for tasks to queue
[2025-11-09T13:19:13.861+0000] {logging_mixin.py:188} INFO - [2025-11-09T13:19:13.861+0000] {dagbag.py:538} INFO - Filling up the DagBag from /opt/airflow/dags/failed_lineage_dag.py
[2025-11-09T13:19:13.897+0000] {processor.py:840} INFO - DAG(s) 'failed_lineage_dag' retrieved from /opt/airflow/dags/failed_lineage_dag.py
[2025-11-09T13:19:13.968+0000] {logging_mixin.py:188} INFO - [2025-11-09T13:19:13.968+0000] {dag.py:3036} INFO - Sync 1 DAGs
[2025-11-09T13:19:13.993+0000] {logging_mixin.py:188} INFO - [2025-11-09T13:19:13.992+0000] {dag.py:3823} INFO - Setting next_dagrun for failed_lineage_dag to None, run_after=None
[2025-11-09T13:19:14.036+0000] {processor.py:183} INFO - Processing /opt/airflow/dags/failed_lineage_dag.py took 0.185 seconds
[2025-11-09T13:19:44.460+0000] {processor.py:161} INFO - Started process (PID=431) to work on /opt/airflow/dags/failed_lineage_dag.py
[2025-11-09T13:19:44.464+0000] {processor.py:830} INFO - Processing file /opt/airflow/dags/failed_lineage_dag.py for tasks to queue
[2025-11-09T13:19:44.466+0000] {logging_mixin.py:188} INFO - [2025-11-09T13:19:44.465+0000] {dagbag.py:538} INFO - Filling up the DagBag from /opt/airflow/dags/failed_lineage_dag.py
[2025-11-09T13:19:44.500+0000] {processor.py:840} INFO - DAG(s) 'failed_lineage_dag' retrieved from /opt/airflow/dags/failed_lineage_dag.py
[2025-11-09T13:19:44.548+0000] {logging_mixin.py:188} INFO - [2025-11-09T13:19:44.548+0000] {dag.py:3036} INFO - Sync 1 DAGs
[2025-11-09T13:19:44.587+0000] {logging_mixin.py:188} INFO - [2025-11-09T13:19:44.587+0000] {dag.py:3823} INFO - Setting next_dagrun for failed_lineage_dag to None, run_after=None
[2025-11-09T13:19:44.652+0000] {processor.py:183} INFO - Processing /opt/airflow/dags/failed_lineage_dag.py took 0.202 seconds
[2025-11-09T13:20:14.852+0000] {processor.py:161} INFO - Started process (PID=441) to work on /opt/airflow/dags/failed_lineage_dag.py
[2025-11-09T13:20:14.854+0000] {processor.py:830} INFO - Processing file /opt/airflow/dags/failed_lineage_dag.py for tasks to queue
[2025-11-09T13:20:14.856+0000] {logging_mixin.py:188} INFO - [2025-11-09T13:20:14.856+0000] {dagbag.py:538} INFO - Filling up the DagBag from /opt/airflow/dags/failed_lineage_dag.py
[2025-11-09T13:20:14.885+0000] {processor.py:840} INFO - DAG(s) 'failed_lineage_dag' retrieved from /opt/airflow/dags/failed_lineage_dag.py
[2025-11-09T13:20:14.932+0000] {logging_mixin.py:188} INFO - [2025-11-09T13:20:14.932+0000] {dag.py:3036} INFO - Sync 1 DAGs
[2025-11-09T13:20:14.951+0000] {logging_mixin.py:188} INFO - [2025-11-09T13:20:14.951+0000] {dag.py:3823} INFO - Setting next_dagrun for failed_lineage_dag to None, run_after=None
[2025-11-09T13:20:14.984+0000] {processor.py:183} INFO - Processing /opt/airflow/dags/failed_lineage_dag.py took 0.137 seconds
[2025-11-09T13:20:47.972+0000] {processor.py:161} INFO - Started process (PID=451) to work on /opt/airflow/dags/failed_lineage_dag.py
[2025-11-09T13:20:47.981+0000] {processor.py:830} INFO - Processing file /opt/airflow/dags/failed_lineage_dag.py for tasks to queue
[2025-11-09T13:20:47.983+0000] {logging_mixin.py:188} INFO - [2025-11-09T13:20:47.983+0000] {dagbag.py:538} INFO - Filling up the DagBag from /opt/airflow/dags/failed_lineage_dag.py
[2025-11-09T13:20:48.101+0000] {processor.py:840} INFO - DAG(s) 'failed_lineage_dag' retrieved from /opt/airflow/dags/failed_lineage_dag.py
[2025-11-09T13:20:48.367+0000] {logging_mixin.py:188} INFO - [2025-11-09T13:20:48.367+0000] {dag.py:3036} INFO - Sync 1 DAGs
[2025-11-09T13:20:50.758+0000] {logging_mixin.py:188} INFO - [2025-11-09T13:20:50.758+0000] {dag.py:3823} INFO - Setting next_dagrun for failed_lineage_dag to None, run_after=None
[2025-11-09T13:20:52.348+0000] {processor.py:183} INFO - Processing /opt/airflow/dags/failed_lineage_dag.py took 4.410 seconds
[2025-11-09T13:21:23.344+0000] {processor.py:161} INFO - Started process (PID=461) to work on /opt/airflow/dags/failed_lineage_dag.py
[2025-11-09T13:21:23.357+0000] {processor.py:830} INFO - Processing file /opt/airflow/dags/failed_lineage_dag.py for tasks to queue
[2025-11-09T13:21:23.360+0000] {logging_mixin.py:188} INFO - [2025-11-09T13:21:23.359+0000] {dagbag.py:538} INFO - Filling up the DagBag from /opt/airflow/dags/failed_lineage_dag.py
[2025-11-09T13:21:23.576+0000] {processor.py:840} INFO - DAG(s) 'failed_lineage_dag' retrieved from /opt/airflow/dags/failed_lineage_dag.py
[2025-11-09T13:21:23.715+0000] {logging_mixin.py:188} INFO - [2025-11-09T13:21:23.715+0000] {dag.py:3036} INFO - Sync 1 DAGs
[2025-11-09T13:21:23.787+0000] {logging_mixin.py:188} INFO - [2025-11-09T13:21:23.786+0000] {dag.py:3823} INFO - Setting next_dagrun for failed_lineage_dag to None, run_after=None
[2025-11-09T13:21:23.900+0000] {processor.py:183} INFO - Processing /opt/airflow/dags/failed_lineage_dag.py took 0.573 seconds
[2025-11-09T13:21:54.317+0000] {processor.py:161} INFO - Started process (PID=471) to work on /opt/airflow/dags/failed_lineage_dag.py
[2025-11-09T13:21:54.319+0000] {processor.py:830} INFO - Processing file /opt/airflow/dags/failed_lineage_dag.py for tasks to queue
[2025-11-09T13:21:54.330+0000] {logging_mixin.py:188} INFO - [2025-11-09T13:21:54.329+0000] {dagbag.py:538} INFO - Filling up the DagBag from /opt/airflow/dags/failed_lineage_dag.py
[2025-11-09T13:21:55.759+0000] {processor.py:840} INFO - DAG(s) 'failed_lineage_dag' retrieved from /opt/airflow/dags/failed_lineage_dag.py
[2025-11-09T13:21:55.923+0000] {logging_mixin.py:188} INFO - [2025-11-09T13:21:55.923+0000] {dag.py:3036} INFO - Sync 1 DAGs
[2025-11-09T13:21:55.983+0000] {logging_mixin.py:188} INFO - [2025-11-09T13:21:55.976+0000] {dag.py:3823} INFO - Setting next_dagrun for failed_lineage_dag to None, run_after=None
[2025-11-09T13:21:56.072+0000] {processor.py:183} INFO - Processing /opt/airflow/dags/failed_lineage_dag.py took 1.761 seconds
[2025-11-09T13:22:27.062+0000] {processor.py:161} INFO - Started process (PID=481) to work on /opt/airflow/dags/failed_lineage_dag.py
[2025-11-09T13:22:27.067+0000] {processor.py:830} INFO - Processing file /opt/airflow/dags/failed_lineage_dag.py for tasks to queue
[2025-11-09T13:22:27.078+0000] {logging_mixin.py:188} INFO - [2025-11-09T13:22:27.077+0000] {dagbag.py:538} INFO - Filling up the DagBag from /opt/airflow/dags/failed_lineage_dag.py
[2025-11-09T13:22:27.146+0000] {processor.py:840} INFO - DAG(s) 'failed_lineage_dag' retrieved from /opt/airflow/dags/failed_lineage_dag.py
[2025-11-09T13:22:27.325+0000] {logging_mixin.py:188} INFO - [2025-11-09T13:22:27.324+0000] {dag.py:3036} INFO - Sync 1 DAGs
[2025-11-09T13:22:27.403+0000] {logging_mixin.py:188} INFO - [2025-11-09T13:22:27.402+0000] {dag.py:3823} INFO - Setting next_dagrun for failed_lineage_dag to None, run_after=None
[2025-11-09T13:22:27.531+0000] {processor.py:183} INFO - Processing /opt/airflow/dags/failed_lineage_dag.py took 0.486 seconds
[2025-11-09T13:22:58.069+0000] {processor.py:161} INFO - Started process (PID=494) to work on /opt/airflow/dags/failed_lineage_dag.py
[2025-11-09T13:22:58.181+0000] {processor.py:830} INFO - Processing file /opt/airflow/dags/failed_lineage_dag.py for tasks to queue
[2025-11-09T13:22:58.209+0000] {logging_mixin.py:188} INFO - [2025-11-09T13:22:58.209+0000] {dagbag.py:538} INFO - Filling up the DagBag from /opt/airflow/dags/failed_lineage_dag.py
[2025-11-09T13:22:58.447+0000] {processor.py:840} INFO - DAG(s) 'failed_lineage_dag' retrieved from /opt/airflow/dags/failed_lineage_dag.py
[2025-11-09T13:22:58.525+0000] {logging_mixin.py:188} INFO - [2025-11-09T13:22:58.525+0000] {dag.py:3036} INFO - Sync 1 DAGs
[2025-11-09T13:22:58.572+0000] {logging_mixin.py:188} INFO - [2025-11-09T13:22:58.572+0000] {dag.py:3823} INFO - Setting next_dagrun for failed_lineage_dag to None, run_after=None
[2025-11-09T13:22:58.640+0000] {processor.py:183} INFO - Processing /opt/airflow/dags/failed_lineage_dag.py took 0.590 seconds
[2025-11-09T13:23:29.942+0000] {processor.py:161} INFO - Started process (PID=501) to work on /opt/airflow/dags/failed_lineage_dag.py
[2025-11-09T13:23:29.947+0000] {processor.py:830} INFO - Processing file /opt/airflow/dags/failed_lineage_dag.py for tasks to queue
[2025-11-09T13:23:29.949+0000] {logging_mixin.py:188} INFO - [2025-11-09T13:23:29.948+0000] {dagbag.py:538} INFO - Filling up the DagBag from /opt/airflow/dags/failed_lineage_dag.py
[2025-11-09T13:23:30.061+0000] {processor.py:840} INFO - DAG(s) 'failed_lineage_dag' retrieved from /opt/airflow/dags/failed_lineage_dag.py
[2025-11-09T13:23:30.184+0000] {logging_mixin.py:188} INFO - [2025-11-09T13:23:30.183+0000] {dag.py:3036} INFO - Sync 1 DAGs
[2025-11-09T13:23:30.242+0000] {logging_mixin.py:188} INFO - [2025-11-09T13:23:30.241+0000] {dag.py:3823} INFO - Setting next_dagrun for failed_lineage_dag to None, run_after=None
[2025-11-09T13:23:30.396+0000] {processor.py:183} INFO - Processing /opt/airflow/dags/failed_lineage_dag.py took 0.466 seconds
[2025-11-09T13:24:00.607+0000] {processor.py:161} INFO - Started process (PID=516) to work on /opt/airflow/dags/failed_lineage_dag.py
[2025-11-09T13:24:00.609+0000] {processor.py:830} INFO - Processing file /opt/airflow/dags/failed_lineage_dag.py for tasks to queue
[2025-11-09T13:24:00.611+0000] {logging_mixin.py:188} INFO - [2025-11-09T13:24:00.610+0000] {dagbag.py:538} INFO - Filling up the DagBag from /opt/airflow/dags/failed_lineage_dag.py
[2025-11-09T13:24:00.644+0000] {processor.py:840} INFO - DAG(s) 'failed_lineage_dag' retrieved from /opt/airflow/dags/failed_lineage_dag.py
[2025-11-09T13:24:00.680+0000] {logging_mixin.py:188} INFO - [2025-11-09T13:24:00.680+0000] {dag.py:3036} INFO - Sync 1 DAGs
[2025-11-09T13:24:00.691+0000] {logging_mixin.py:188} INFO - [2025-11-09T13:24:00.691+0000] {dag.py:3823} INFO - Setting next_dagrun for failed_lineage_dag to None, run_after=None
[2025-11-09T13:24:00.712+0000] {processor.py:183} INFO - Processing /opt/airflow/dags/failed_lineage_dag.py took 0.110 seconds
[2025-11-09T13:24:31.083+0000] {processor.py:161} INFO - Started process (PID=521) to work on /opt/airflow/dags/failed_lineage_dag.py
[2025-11-09T13:24:31.091+0000] {processor.py:830} INFO - Processing file /opt/airflow/dags/failed_lineage_dag.py for tasks to queue
[2025-11-09T13:24:31.094+0000] {logging_mixin.py:188} INFO - [2025-11-09T13:24:31.093+0000] {dagbag.py:538} INFO - Filling up the DagBag from /opt/airflow/dags/failed_lineage_dag.py
[2025-11-09T13:24:31.174+0000] {processor.py:840} INFO - DAG(s) 'failed_lineage_dag' retrieved from /opt/airflow/dags/failed_lineage_dag.py
[2025-11-09T13:24:31.261+0000] {logging_mixin.py:188} INFO - [2025-11-09T13:24:31.250+0000] {dag.py:3036} INFO - Sync 1 DAGs
[2025-11-09T13:24:31.317+0000] {logging_mixin.py:188} INFO - [2025-11-09T13:24:31.317+0000] {dag.py:3823} INFO - Setting next_dagrun for failed_lineage_dag to None, run_after=None
[2025-11-09T13:24:31.397+0000] {processor.py:183} INFO - Processing /opt/airflow/dags/failed_lineage_dag.py took 0.319 seconds
[2025-11-09T13:25:01.764+0000] {processor.py:161} INFO - Started process (PID=531) to work on /opt/airflow/dags/failed_lineage_dag.py
[2025-11-09T13:25:01.767+0000] {processor.py:830} INFO - Processing file /opt/airflow/dags/failed_lineage_dag.py for tasks to queue
[2025-11-09T13:25:01.769+0000] {logging_mixin.py:188} INFO - [2025-11-09T13:25:01.768+0000] {dagbag.py:538} INFO - Filling up the DagBag from /opt/airflow/dags/failed_lineage_dag.py
[2025-11-09T13:25:01.802+0000] {processor.py:840} INFO - DAG(s) 'failed_lineage_dag' retrieved from /opt/airflow/dags/failed_lineage_dag.py
[2025-11-09T13:25:01.847+0000] {logging_mixin.py:188} INFO - [2025-11-09T13:25:01.847+0000] {dag.py:3036} INFO - Sync 1 DAGs
[2025-11-09T13:25:01.868+0000] {logging_mixin.py:188} INFO - [2025-11-09T13:25:01.868+0000] {dag.py:3823} INFO - Setting next_dagrun for failed_lineage_dag to None, run_after=None
[2025-11-09T13:25:01.911+0000] {processor.py:183} INFO - Processing /opt/airflow/dags/failed_lineage_dag.py took 0.152 seconds
[2025-11-09T13:25:32.308+0000] {processor.py:161} INFO - Started process (PID=541) to work on /opt/airflow/dags/failed_lineage_dag.py
[2025-11-09T13:25:32.312+0000] {processor.py:830} INFO - Processing file /opt/airflow/dags/failed_lineage_dag.py for tasks to queue
[2025-11-09T13:25:32.314+0000] {logging_mixin.py:188} INFO - [2025-11-09T13:25:32.314+0000] {dagbag.py:538} INFO - Filling up the DagBag from /opt/airflow/dags/failed_lineage_dag.py
[2025-11-09T13:25:32.380+0000] {processor.py:840} INFO - DAG(s) 'failed_lineage_dag' retrieved from /opt/airflow/dags/failed_lineage_dag.py
[2025-11-09T13:25:32.456+0000] {logging_mixin.py:188} INFO - [2025-11-09T13:25:32.455+0000] {dag.py:3036} INFO - Sync 1 DAGs
[2025-11-09T13:25:32.498+0000] {logging_mixin.py:188} INFO - [2025-11-09T13:25:32.497+0000] {dag.py:3823} INFO - Setting next_dagrun for failed_lineage_dag to None, run_after=None
[2025-11-09T13:25:32.568+0000] {processor.py:183} INFO - Processing /opt/airflow/dags/failed_lineage_dag.py took 0.268 seconds
[2025-11-09T13:26:03.015+0000] {processor.py:161} INFO - Started process (PID=551) to work on /opt/airflow/dags/failed_lineage_dag.py
[2025-11-09T13:26:03.016+0000] {processor.py:830} INFO - Processing file /opt/airflow/dags/failed_lineage_dag.py for tasks to queue
[2025-11-09T13:26:03.018+0000] {logging_mixin.py:188} INFO - [2025-11-09T13:26:03.018+0000] {dagbag.py:538} INFO - Filling up the DagBag from /opt/airflow/dags/failed_lineage_dag.py
[2025-11-09T13:26:03.152+0000] {processor.py:840} INFO - DAG(s) 'failed_lineage_dag' retrieved from /opt/airflow/dags/failed_lineage_dag.py
[2025-11-09T13:26:03.276+0000] {logging_mixin.py:188} INFO - [2025-11-09T13:26:03.276+0000] {dag.py:3036} INFO - Sync 1 DAGs
[2025-11-09T13:26:03.569+0000] {logging_mixin.py:188} INFO - [2025-11-09T13:26:03.569+0000] {dag.py:3823} INFO - Setting next_dagrun for failed_lineage_dag to None, run_after=None
[2025-11-09T13:26:03.958+0000] {processor.py:183} INFO - Processing /opt/airflow/dags/failed_lineage_dag.py took 0.950 seconds
[2025-11-09T13:26:34.660+0000] {processor.py:161} INFO - Started process (PID=561) to work on /opt/airflow/dags/failed_lineage_dag.py
[2025-11-09T13:26:34.663+0000] {processor.py:830} INFO - Processing file /opt/airflow/dags/failed_lineage_dag.py for tasks to queue
[2025-11-09T13:26:34.665+0000] {logging_mixin.py:188} INFO - [2025-11-09T13:26:34.664+0000] {dagbag.py:538} INFO - Filling up the DagBag from /opt/airflow/dags/failed_lineage_dag.py
[2025-11-09T13:26:34.768+0000] {processor.py:840} INFO - DAG(s) 'failed_lineage_dag' retrieved from /opt/airflow/dags/failed_lineage_dag.py
[2025-11-09T13:26:35.361+0000] {logging_mixin.py:188} INFO - [2025-11-09T13:26:35.361+0000] {dag.py:3036} INFO - Sync 1 DAGs
[2025-11-09T13:26:35.458+0000] {logging_mixin.py:188} INFO - [2025-11-09T13:26:35.457+0000] {dag.py:3823} INFO - Setting next_dagrun for failed_lineage_dag to None, run_after=None
[2025-11-09T13:26:35.628+0000] {processor.py:183} INFO - Processing /opt/airflow/dags/failed_lineage_dag.py took 0.977 seconds
[2025-11-09T13:27:06.022+0000] {processor.py:161} INFO - Started process (PID=571) to work on /opt/airflow/dags/failed_lineage_dag.py
[2025-11-09T13:27:06.024+0000] {processor.py:830} INFO - Processing file /opt/airflow/dags/failed_lineage_dag.py for tasks to queue
[2025-11-09T13:27:06.025+0000] {logging_mixin.py:188} INFO - [2025-11-09T13:27:06.025+0000] {dagbag.py:538} INFO - Filling up the DagBag from /opt/airflow/dags/failed_lineage_dag.py
[2025-11-09T13:27:06.046+0000] {processor.py:840} INFO - DAG(s) 'failed_lineage_dag' retrieved from /opt/airflow/dags/failed_lineage_dag.py
[2025-11-09T13:27:06.109+0000] {logging_mixin.py:188} INFO - [2025-11-09T13:27:06.108+0000] {dag.py:3036} INFO - Sync 1 DAGs
[2025-11-09T13:27:06.156+0000] {logging_mixin.py:188} INFO - [2025-11-09T13:27:06.156+0000] {dag.py:3823} INFO - Setting next_dagrun for failed_lineage_dag to None, run_after=None
[2025-11-09T13:27:06.186+0000] {processor.py:183} INFO - Processing /opt/airflow/dags/failed_lineage_dag.py took 0.169 seconds
[2025-11-09T13:27:37.751+0000] {processor.py:161} INFO - Started process (PID=581) to work on /opt/airflow/dags/failed_lineage_dag.py
[2025-11-09T13:27:37.767+0000] {processor.py:830} INFO - Processing file /opt/airflow/dags/failed_lineage_dag.py for tasks to queue
[2025-11-09T13:27:37.769+0000] {logging_mixin.py:188} INFO - [2025-11-09T13:27:37.769+0000] {dagbag.py:538} INFO - Filling up the DagBag from /opt/airflow/dags/failed_lineage_dag.py
[2025-11-09T13:27:37.828+0000] {processor.py:840} INFO - DAG(s) 'failed_lineage_dag' retrieved from /opt/airflow/dags/failed_lineage_dag.py
[2025-11-09T13:27:37.938+0000] {logging_mixin.py:188} INFO - [2025-11-09T13:27:37.938+0000] {dag.py:3036} INFO - Sync 1 DAGs
[2025-11-09T13:27:38.134+0000] {logging_mixin.py:188} INFO - [2025-11-09T13:27:38.133+0000] {dag.py:3823} INFO - Setting next_dagrun for failed_lineage_dag to None, run_after=None
[2025-11-09T13:27:38.199+0000] {processor.py:183} INFO - Processing /opt/airflow/dags/failed_lineage_dag.py took 0.458 seconds
[2025-11-09T13:28:09.452+0000] {processor.py:161} INFO - Started process (PID=591) to work on /opt/airflow/dags/failed_lineage_dag.py
[2025-11-09T13:28:09.467+0000] {processor.py:830} INFO - Processing file /opt/airflow/dags/failed_lineage_dag.py for tasks to queue
[2025-11-09T13:28:09.514+0000] {logging_mixin.py:188} INFO - [2025-11-09T13:28:09.514+0000] {dagbag.py:538} INFO - Filling up the DagBag from /opt/airflow/dags/failed_lineage_dag.py
[2025-11-09T13:28:09.857+0000] {processor.py:840} INFO - DAG(s) 'failed_lineage_dag' retrieved from /opt/airflow/dags/failed_lineage_dag.py
[2025-11-09T13:28:10.051+0000] {logging_mixin.py:188} INFO - [2025-11-09T13:28:10.051+0000] {dag.py:3036} INFO - Sync 1 DAGs
[2025-11-09T13:28:10.109+0000] {logging_mixin.py:188} INFO - [2025-11-09T13:28:10.109+0000] {dag.py:3823} INFO - Setting next_dagrun for failed_lineage_dag to None, run_after=None
[2025-11-09T13:28:10.217+0000] {processor.py:183} INFO - Processing /opt/airflow/dags/failed_lineage_dag.py took 0.791 seconds
[2025-11-09T13:28:40.757+0000] {processor.py:161} INFO - Started process (PID=601) to work on /opt/airflow/dags/failed_lineage_dag.py
[2025-11-09T13:28:40.766+0000] {processor.py:830} INFO - Processing file /opt/airflow/dags/failed_lineage_dag.py for tasks to queue
[2025-11-09T13:28:40.768+0000] {logging_mixin.py:188} INFO - [2025-11-09T13:28:40.768+0000] {dagbag.py:538} INFO - Filling up the DagBag from /opt/airflow/dags/failed_lineage_dag.py
[2025-11-09T13:28:40.812+0000] {processor.py:840} INFO - DAG(s) 'failed_lineage_dag' retrieved from /opt/airflow/dags/failed_lineage_dag.py
[2025-11-09T13:28:40.924+0000] {logging_mixin.py:188} INFO - [2025-11-09T13:28:40.924+0000] {dag.py:3036} INFO - Sync 1 DAGs
[2025-11-09T13:28:40.961+0000] {logging_mixin.py:188} INFO - [2025-11-09T13:28:40.961+0000] {dag.py:3823} INFO - Setting next_dagrun for failed_lineage_dag to None, run_after=None
[2025-11-09T13:28:41.056+0000] {processor.py:183} INFO - Processing /opt/airflow/dags/failed_lineage_dag.py took 0.304 seconds
[2025-11-09T13:29:11.773+0000] {processor.py:161} INFO - Started process (PID=611) to work on /opt/airflow/dags/failed_lineage_dag.py
[2025-11-09T13:29:11.775+0000] {processor.py:830} INFO - Processing file /opt/airflow/dags/failed_lineage_dag.py for tasks to queue
[2025-11-09T13:29:11.776+0000] {logging_mixin.py:188} INFO - [2025-11-09T13:29:11.776+0000] {dagbag.py:538} INFO - Filling up the DagBag from /opt/airflow/dags/failed_lineage_dag.py
[2025-11-09T13:29:11.803+0000] {processor.py:840} INFO - DAG(s) 'failed_lineage_dag' retrieved from /opt/airflow/dags/failed_lineage_dag.py
[2025-11-09T13:29:11.855+0000] {logging_mixin.py:188} INFO - [2025-11-09T13:29:11.854+0000] {dag.py:3036} INFO - Sync 1 DAGs
[2025-11-09T13:29:11.876+0000] {logging_mixin.py:188} INFO - [2025-11-09T13:29:11.876+0000] {dag.py:3823} INFO - Setting next_dagrun for failed_lineage_dag to None, run_after=None
[2025-11-09T13:29:11.957+0000] {processor.py:183} INFO - Processing /opt/airflow/dags/failed_lineage_dag.py took 0.188 seconds
[2025-11-09T13:29:42.566+0000] {processor.py:161} INFO - Started process (PID=621) to work on /opt/airflow/dags/failed_lineage_dag.py
[2025-11-09T13:29:42.567+0000] {processor.py:830} INFO - Processing file /opt/airflow/dags/failed_lineage_dag.py for tasks to queue
[2025-11-09T13:29:42.568+0000] {logging_mixin.py:188} INFO - [2025-11-09T13:29:42.568+0000] {dagbag.py:538} INFO - Filling up the DagBag from /opt/airflow/dags/failed_lineage_dag.py
[2025-11-09T13:29:43.598+0000] {processor.py:840} INFO - DAG(s) 'failed_lineage_dag' retrieved from /opt/airflow/dags/failed_lineage_dag.py
[2025-11-09T13:29:43.632+0000] {logging_mixin.py:188} INFO - [2025-11-09T13:29:43.632+0000] {dag.py:3036} INFO - Sync 1 DAGs
[2025-11-09T13:29:43.650+0000] {logging_mixin.py:188} INFO - [2025-11-09T13:29:43.650+0000] {dag.py:3823} INFO - Setting next_dagrun for failed_lineage_dag to None, run_after=None
[2025-11-09T13:29:43.677+0000] {processor.py:183} INFO - Processing /opt/airflow/dags/failed_lineage_dag.py took 1.115 seconds
[2025-11-09T13:30:14.338+0000] {processor.py:161} INFO - Started process (PID=636) to work on /opt/airflow/dags/failed_lineage_dag.py
[2025-11-09T13:30:14.345+0000] {processor.py:830} INFO - Processing file /opt/airflow/dags/failed_lineage_dag.py for tasks to queue
[2025-11-09T13:30:14.348+0000] {logging_mixin.py:188} INFO - [2025-11-09T13:30:14.347+0000] {dagbag.py:538} INFO - Filling up the DagBag from /opt/airflow/dags/failed_lineage_dag.py
[2025-11-09T13:30:14.433+0000] {processor.py:840} INFO - DAG(s) 'failed_lineage_dag' retrieved from /opt/airflow/dags/failed_lineage_dag.py
[2025-11-09T13:30:14.500+0000] {logging_mixin.py:188} INFO - [2025-11-09T13:30:14.499+0000] {dag.py:3036} INFO - Sync 1 DAGs
[2025-11-09T13:30:14.530+0000] {logging_mixin.py:188} INFO - [2025-11-09T13:30:14.530+0000] {dag.py:3823} INFO - Setting next_dagrun for failed_lineage_dag to None, run_after=None
[2025-11-09T13:30:14.589+0000] {processor.py:183} INFO - Processing /opt/airflow/dags/failed_lineage_dag.py took 0.256 seconds
[2025-11-09T13:30:45.105+0000] {processor.py:161} INFO - Started process (PID=646) to work on /opt/airflow/dags/failed_lineage_dag.py
[2025-11-09T13:30:45.111+0000] {processor.py:830} INFO - Processing file /opt/airflow/dags/failed_lineage_dag.py for tasks to queue
[2025-11-09T13:30:45.113+0000] {logging_mixin.py:188} INFO - [2025-11-09T13:30:45.112+0000] {dagbag.py:538} INFO - Filling up the DagBag from /opt/airflow/dags/failed_lineage_dag.py
[2025-11-09T13:30:45.155+0000] {processor.py:840} INFO - DAG(s) 'failed_lineage_dag' retrieved from /opt/airflow/dags/failed_lineage_dag.py
[2025-11-09T13:30:45.405+0000] {logging_mixin.py:188} INFO - [2025-11-09T13:30:45.396+0000] {dag.py:3036} INFO - Sync 1 DAGs
[2025-11-09T13:30:45.443+0000] {logging_mixin.py:188} INFO - [2025-11-09T13:30:45.442+0000] {dag.py:3823} INFO - Setting next_dagrun for failed_lineage_dag to None, run_after=None
[2025-11-09T13:30:45.522+0000] {processor.py:183} INFO - Processing /opt/airflow/dags/failed_lineage_dag.py took 0.422 seconds
[2025-11-09T13:31:16.054+0000] {processor.py:161} INFO - Started process (PID=651) to work on /opt/airflow/dags/failed_lineage_dag.py
[2025-11-09T13:31:16.057+0000] {processor.py:830} INFO - Processing file /opt/airflow/dags/failed_lineage_dag.py for tasks to queue
[2025-11-09T13:31:16.064+0000] {logging_mixin.py:188} INFO - [2025-11-09T13:31:16.063+0000] {dagbag.py:538} INFO - Filling up the DagBag from /opt/airflow/dags/failed_lineage_dag.py
[2025-11-09T13:31:16.252+0000] {processor.py:840} INFO - DAG(s) 'failed_lineage_dag' retrieved from /opt/airflow/dags/failed_lineage_dag.py
[2025-11-09T13:31:16.388+0000] {logging_mixin.py:188} INFO - [2025-11-09T13:31:16.386+0000] {dag.py:3036} INFO - Sync 1 DAGs
[2025-11-09T13:31:16.449+0000] {logging_mixin.py:188} INFO - [2025-11-09T13:31:16.449+0000] {dag.py:3823} INFO - Setting next_dagrun for failed_lineage_dag to None, run_after=None
[2025-11-09T13:31:16.582+0000] {processor.py:183} INFO - Processing /opt/airflow/dags/failed_lineage_dag.py took 0.533 seconds
[2025-11-09T13:31:47.002+0000] {processor.py:161} INFO - Started process (PID=661) to work on /opt/airflow/dags/failed_lineage_dag.py
[2025-11-09T13:31:47.008+0000] {processor.py:830} INFO - Processing file /opt/airflow/dags/failed_lineage_dag.py for tasks to queue
[2025-11-09T13:31:47.010+0000] {logging_mixin.py:188} INFO - [2025-11-09T13:31:47.009+0000] {dagbag.py:538} INFO - Filling up the DagBag from /opt/airflow/dags/failed_lineage_dag.py
[2025-11-09T13:31:47.042+0000] {processor.py:840} INFO - DAG(s) 'failed_lineage_dag' retrieved from /opt/airflow/dags/failed_lineage_dag.py
[2025-11-09T13:31:47.199+0000] {logging_mixin.py:188} INFO - [2025-11-09T13:31:47.199+0000] {dag.py:3036} INFO - Sync 1 DAGs
[2025-11-09T13:31:47.336+0000] {logging_mixin.py:188} INFO - [2025-11-09T13:31:47.336+0000] {dag.py:3823} INFO - Setting next_dagrun for failed_lineage_dag to None, run_after=None
[2025-11-09T13:31:47.445+0000] {processor.py:183} INFO - Processing /opt/airflow/dags/failed_lineage_dag.py took 0.448 seconds
[2025-11-09T13:32:17.584+0000] {processor.py:161} INFO - Started process (PID=671) to work on /opt/airflow/dags/failed_lineage_dag.py
[2025-11-09T13:32:17.613+0000] {processor.py:830} INFO - Processing file /opt/airflow/dags/failed_lineage_dag.py for tasks to queue
[2025-11-09T13:32:17.616+0000] {logging_mixin.py:188} INFO - [2025-11-09T13:32:17.615+0000] {dagbag.py:538} INFO - Filling up the DagBag from /opt/airflow/dags/failed_lineage_dag.py
[2025-11-09T13:32:17.755+0000] {processor.py:840} INFO - DAG(s) 'failed_lineage_dag' retrieved from /opt/airflow/dags/failed_lineage_dag.py
[2025-11-09T13:32:17.895+0000] {logging_mixin.py:188} INFO - [2025-11-09T13:32:17.894+0000] {dag.py:3036} INFO - Sync 1 DAGs
[2025-11-09T13:32:17.956+0000] {logging_mixin.py:188} INFO - [2025-11-09T13:32:17.955+0000] {dag.py:3823} INFO - Setting next_dagrun for failed_lineage_dag to None, run_after=None
[2025-11-09T13:32:18.055+0000] {processor.py:183} INFO - Processing /opt/airflow/dags/failed_lineage_dag.py took 0.475 seconds
[2025-11-09T13:32:48.336+0000] {processor.py:161} INFO - Started process (PID=681) to work on /opt/airflow/dags/failed_lineage_dag.py
[2025-11-09T13:32:48.356+0000] {processor.py:830} INFO - Processing file /opt/airflow/dags/failed_lineage_dag.py for tasks to queue
[2025-11-09T13:32:48.385+0000] {logging_mixin.py:188} INFO - [2025-11-09T13:32:48.384+0000] {dagbag.py:538} INFO - Filling up the DagBag from /opt/airflow/dags/failed_lineage_dag.py
[2025-11-09T13:32:48.552+0000] {processor.py:840} INFO - DAG(s) 'failed_lineage_dag' retrieved from /opt/airflow/dags/failed_lineage_dag.py
[2025-11-09T13:32:48.683+0000] {logging_mixin.py:188} INFO - [2025-11-09T13:32:48.683+0000] {dag.py:3036} INFO - Sync 1 DAGs
[2025-11-09T13:32:48.734+0000] {logging_mixin.py:188} INFO - [2025-11-09T13:32:48.734+0000] {dag.py:3823} INFO - Setting next_dagrun for failed_lineage_dag to None, run_after=None
[2025-11-09T13:32:48.844+0000] {processor.py:183} INFO - Processing /opt/airflow/dags/failed_lineage_dag.py took 0.514 seconds
[2025-11-09T13:33:19.116+0000] {processor.py:161} INFO - Started process (PID=691) to work on /opt/airflow/dags/failed_lineage_dag.py
[2025-11-09T13:33:19.131+0000] {processor.py:830} INFO - Processing file /opt/airflow/dags/failed_lineage_dag.py for tasks to queue
[2025-11-09T13:33:19.133+0000] {logging_mixin.py:188} INFO - [2025-11-09T13:33:19.133+0000] {dagbag.py:538} INFO - Filling up the DagBag from /opt/airflow/dags/failed_lineage_dag.py
[2025-11-09T13:33:19.497+0000] {processor.py:840} INFO - DAG(s) 'failed_lineage_dag' retrieved from /opt/airflow/dags/failed_lineage_dag.py
[2025-11-09T13:33:19.630+0000] {logging_mixin.py:188} INFO - [2025-11-09T13:33:19.629+0000] {dag.py:3036} INFO - Sync 1 DAGs
[2025-11-09T13:33:19.691+0000] {logging_mixin.py:188} INFO - [2025-11-09T13:33:19.689+0000] {dag.py:3823} INFO - Setting next_dagrun for failed_lineage_dag to None, run_after=None
[2025-11-09T13:33:20.000+0000] {processor.py:183} INFO - Processing /opt/airflow/dags/failed_lineage_dag.py took 0.890 seconds
[2025-11-09T13:33:50.589+0000] {processor.py:161} INFO - Started process (PID=701) to work on /opt/airflow/dags/failed_lineage_dag.py
[2025-11-09T13:33:50.591+0000] {processor.py:830} INFO - Processing file /opt/airflow/dags/failed_lineage_dag.py for tasks to queue
[2025-11-09T13:33:50.593+0000] {logging_mixin.py:188} INFO - [2025-11-09T13:33:50.593+0000] {dagbag.py:538} INFO - Filling up the DagBag from /opt/airflow/dags/failed_lineage_dag.py
[2025-11-09T13:33:50.632+0000] {processor.py:840} INFO - DAG(s) 'failed_lineage_dag' retrieved from /opt/airflow/dags/failed_lineage_dag.py
[2025-11-09T13:33:50.671+0000] {logging_mixin.py:188} INFO - [2025-11-09T13:33:50.671+0000] {dag.py:3036} INFO - Sync 1 DAGs
[2025-11-09T13:33:50.691+0000] {logging_mixin.py:188} INFO - [2025-11-09T13:33:50.691+0000] {dag.py:3823} INFO - Setting next_dagrun for failed_lineage_dag to None, run_after=None
[2025-11-09T13:33:50.722+0000] {processor.py:183} INFO - Processing /opt/airflow/dags/failed_lineage_dag.py took 0.137 seconds
[2025-11-09T13:34:22.493+0000] {processor.py:161} INFO - Started process (PID=711) to work on /opt/airflow/dags/failed_lineage_dag.py
[2025-11-09T13:34:22.520+0000] {processor.py:830} INFO - Processing file /opt/airflow/dags/failed_lineage_dag.py for tasks to queue
[2025-11-09T13:34:22.652+0000] {logging_mixin.py:188} INFO - [2025-11-09T13:34:22.640+0000] {dagbag.py:538} INFO - Filling up the DagBag from /opt/airflow/dags/failed_lineage_dag.py
[2025-11-09T13:34:23.820+0000] {processor.py:840} INFO - DAG(s) 'failed_lineage_dag' retrieved from /opt/airflow/dags/failed_lineage_dag.py
[2025-11-09T13:34:23.941+0000] {logging_mixin.py:188} INFO - [2025-11-09T13:34:23.941+0000] {dag.py:3036} INFO - Sync 1 DAGs
[2025-11-09T13:34:24.041+0000] {logging_mixin.py:188} INFO - [2025-11-09T13:34:24.041+0000] {dag.py:3823} INFO - Setting next_dagrun for failed_lineage_dag to None, run_after=None
[2025-11-09T13:34:24.180+0000] {processor.py:183} INFO - Processing /opt/airflow/dags/failed_lineage_dag.py took 1.890 seconds
[2025-11-09T13:34:55.338+0000] {processor.py:161} INFO - Started process (PID=721) to work on /opt/airflow/dags/failed_lineage_dag.py
[2025-11-09T13:34:55.341+0000] {processor.py:830} INFO - Processing file /opt/airflow/dags/failed_lineage_dag.py for tasks to queue
[2025-11-09T13:34:55.343+0000] {logging_mixin.py:188} INFO - [2025-11-09T13:34:55.343+0000] {dagbag.py:538} INFO - Filling up the DagBag from /opt/airflow/dags/failed_lineage_dag.py
[2025-11-09T13:34:55.490+0000] {processor.py:840} INFO - DAG(s) 'failed_lineage_dag' retrieved from /opt/airflow/dags/failed_lineage_dag.py
[2025-11-09T13:34:55.679+0000] {logging_mixin.py:188} INFO - [2025-11-09T13:34:55.679+0000] {dag.py:3036} INFO - Sync 1 DAGs
[2025-11-09T13:34:55.764+0000] {logging_mixin.py:188} INFO - [2025-11-09T13:34:55.763+0000] {dag.py:3823} INFO - Setting next_dagrun for failed_lineage_dag to None, run_after=None
[2025-11-09T13:34:55.848+0000] {processor.py:183} INFO - Processing /opt/airflow/dags/failed_lineage_dag.py took 0.524 seconds
[2025-11-09T13:35:27.210+0000] {processor.py:161} INFO - Started process (PID=731) to work on /opt/airflow/dags/failed_lineage_dag.py
[2025-11-09T13:35:27.214+0000] {processor.py:830} INFO - Processing file /opt/airflow/dags/failed_lineage_dag.py for tasks to queue
[2025-11-09T13:35:27.234+0000] {logging_mixin.py:188} INFO - [2025-11-09T13:35:27.234+0000] {dagbag.py:538} INFO - Filling up the DagBag from /opt/airflow/dags/failed_lineage_dag.py
[2025-11-09T13:35:27.414+0000] {processor.py:840} INFO - DAG(s) 'failed_lineage_dag' retrieved from /opt/airflow/dags/failed_lineage_dag.py
[2025-11-09T13:35:28.064+0000] {logging_mixin.py:188} INFO - [2025-11-09T13:35:28.064+0000] {dag.py:3036} INFO - Sync 1 DAGs
[2025-11-09T13:35:28.144+0000] {logging_mixin.py:188} INFO - [2025-11-09T13:35:28.144+0000] {dag.py:3823} INFO - Setting next_dagrun for failed_lineage_dag to None, run_after=None
[2025-11-09T13:35:28.226+0000] {processor.py:183} INFO - Processing /opt/airflow/dags/failed_lineage_dag.py took 1.022 seconds
[2025-11-09T13:35:58.403+0000] {processor.py:161} INFO - Started process (PID=741) to work on /opt/airflow/dags/failed_lineage_dag.py
[2025-11-09T13:35:58.405+0000] {processor.py:830} INFO - Processing file /opt/airflow/dags/failed_lineage_dag.py for tasks to queue
[2025-11-09T13:35:58.417+0000] {logging_mixin.py:188} INFO - [2025-11-09T13:35:58.417+0000] {dagbag.py:538} INFO - Filling up the DagBag from /opt/airflow/dags/failed_lineage_dag.py
[2025-11-09T13:35:58.508+0000] {processor.py:840} INFO - DAG(s) 'failed_lineage_dag' retrieved from /opt/airflow/dags/failed_lineage_dag.py
[2025-11-09T13:35:58.561+0000] {logging_mixin.py:188} INFO - [2025-11-09T13:35:58.560+0000] {dag.py:3036} INFO - Sync 1 DAGs
[2025-11-09T13:35:58.587+0000] {logging_mixin.py:188} INFO - [2025-11-09T13:35:58.587+0000] {dag.py:3823} INFO - Setting next_dagrun for failed_lineage_dag to None, run_after=None
[2025-11-09T13:35:58.636+0000] {processor.py:183} INFO - Processing /opt/airflow/dags/failed_lineage_dag.py took 0.237 seconds
[2025-11-09T13:36:29.646+0000] {processor.py:161} INFO - Started process (PID=751) to work on /opt/airflow/dags/failed_lineage_dag.py
[2025-11-09T13:36:29.661+0000] {processor.py:830} INFO - Processing file /opt/airflow/dags/failed_lineage_dag.py for tasks to queue
[2025-11-09T13:36:29.666+0000] {logging_mixin.py:188} INFO - [2025-11-09T13:36:29.666+0000] {dagbag.py:538} INFO - Filling up the DagBag from /opt/airflow/dags/failed_lineage_dag.py
[2025-11-09T13:36:29.766+0000] {processor.py:840} INFO - DAG(s) 'failed_lineage_dag' retrieved from /opt/airflow/dags/failed_lineage_dag.py
[2025-11-09T13:36:29.980+0000] {logging_mixin.py:188} INFO - [2025-11-09T13:36:29.979+0000] {dag.py:3036} INFO - Sync 1 DAGs
[2025-11-09T13:36:30.209+0000] {logging_mixin.py:188} INFO - [2025-11-09T13:36:30.208+0000] {dag.py:3823} INFO - Setting next_dagrun for failed_lineage_dag to None, run_after=None
[2025-11-09T13:36:30.299+0000] {processor.py:183} INFO - Processing /opt/airflow/dags/failed_lineage_dag.py took 0.660 seconds
[2025-11-09T13:37:01.380+0000] {processor.py:161} INFO - Started process (PID=766) to work on /opt/airflow/dags/failed_lineage_dag.py
[2025-11-09T13:37:01.383+0000] {processor.py:830} INFO - Processing file /opt/airflow/dags/failed_lineage_dag.py for tasks to queue
[2025-11-09T13:37:01.393+0000] {logging_mixin.py:188} INFO - [2025-11-09T13:37:01.392+0000] {dagbag.py:538} INFO - Filling up the DagBag from /opt/airflow/dags/failed_lineage_dag.py
[2025-11-09T13:37:01.500+0000] {processor.py:840} INFO - DAG(s) 'failed_lineage_dag' retrieved from /opt/airflow/dags/failed_lineage_dag.py
[2025-11-09T13:37:01.603+0000] {logging_mixin.py:188} INFO - [2025-11-09T13:37:01.603+0000] {dag.py:3036} INFO - Sync 1 DAGs
[2025-11-09T13:37:01.653+0000] {logging_mixin.py:188} INFO - [2025-11-09T13:37:01.653+0000] {dag.py:3823} INFO - Setting next_dagrun for failed_lineage_dag to None, run_after=None
[2025-11-09T13:37:01.728+0000] {processor.py:183} INFO - Processing /opt/airflow/dags/failed_lineage_dag.py took 0.355 seconds
[2025-11-09T13:37:31.933+0000] {processor.py:161} INFO - Started process (PID=771) to work on /opt/airflow/dags/failed_lineage_dag.py
[2025-11-09T13:37:31.935+0000] {processor.py:830} INFO - Processing file /opt/airflow/dags/failed_lineage_dag.py for tasks to queue
[2025-11-09T13:37:31.938+0000] {logging_mixin.py:188} INFO - [2025-11-09T13:37:31.937+0000] {dagbag.py:538} INFO - Filling up the DagBag from /opt/airflow/dags/failed_lineage_dag.py
[2025-11-09T13:37:32.052+0000] {processor.py:840} INFO - DAG(s) 'failed_lineage_dag' retrieved from /opt/airflow/dags/failed_lineage_dag.py
[2025-11-09T13:37:32.169+0000] {logging_mixin.py:188} INFO - [2025-11-09T13:37:32.168+0000] {dag.py:3036} INFO - Sync 1 DAGs
[2025-11-09T13:37:32.232+0000] {logging_mixin.py:188} INFO - [2025-11-09T13:37:32.224+0000] {dag.py:3823} INFO - Setting next_dagrun for failed_lineage_dag to None, run_after=None
[2025-11-09T13:37:32.304+0000] {processor.py:183} INFO - Processing /opt/airflow/dags/failed_lineage_dag.py took 0.381 seconds
[2025-11-09T13:38:02.590+0000] {processor.py:161} INFO - Started process (PID=781) to work on /opt/airflow/dags/failed_lineage_dag.py
[2025-11-09T13:38:02.592+0000] {processor.py:830} INFO - Processing file /opt/airflow/dags/failed_lineage_dag.py for tasks to queue
[2025-11-09T13:38:02.594+0000] {logging_mixin.py:188} INFO - [2025-11-09T13:38:02.594+0000] {dagbag.py:538} INFO - Filling up the DagBag from /opt/airflow/dags/failed_lineage_dag.py
[2025-11-09T13:38:02.625+0000] {processor.py:840} INFO - DAG(s) 'failed_lineage_dag' retrieved from /opt/airflow/dags/failed_lineage_dag.py
[2025-11-09T13:38:02.665+0000] {logging_mixin.py:188} INFO - [2025-11-09T13:38:02.665+0000] {dag.py:3036} INFO - Sync 1 DAGs
[2025-11-09T13:38:02.684+0000] {logging_mixin.py:188} INFO - [2025-11-09T13:38:02.684+0000] {dag.py:3823} INFO - Setting next_dagrun for failed_lineage_dag to None, run_after=None
[2025-11-09T13:38:02.716+0000] {processor.py:183} INFO - Processing /opt/airflow/dags/failed_lineage_dag.py took 0.130 seconds
[2025-11-09T13:38:33.292+0000] {processor.py:161} INFO - Started process (PID=791) to work on /opt/airflow/dags/failed_lineage_dag.py
[2025-11-09T13:38:33.294+0000] {processor.py:830} INFO - Processing file /opt/airflow/dags/failed_lineage_dag.py for tasks to queue
[2025-11-09T13:38:33.296+0000] {logging_mixin.py:188} INFO - [2025-11-09T13:38:33.296+0000] {dagbag.py:538} INFO - Filling up the DagBag from /opt/airflow/dags/failed_lineage_dag.py
[2025-11-09T13:38:33.329+0000] {processor.py:840} INFO - DAG(s) 'failed_lineage_dag' retrieved from /opt/airflow/dags/failed_lineage_dag.py
[2025-11-09T13:38:33.391+0000] {logging_mixin.py:188} INFO - [2025-11-09T13:38:33.391+0000] {dag.py:3036} INFO - Sync 1 DAGs
[2025-11-09T13:38:33.417+0000] {logging_mixin.py:188} INFO - [2025-11-09T13:38:33.416+0000] {dag.py:3823} INFO - Setting next_dagrun for failed_lineage_dag to None, run_after=None
[2025-11-09T13:38:33.455+0000] {processor.py:183} INFO - Processing /opt/airflow/dags/failed_lineage_dag.py took 0.167 seconds
[2025-11-09T13:39:04.158+0000] {processor.py:161} INFO - Started process (PID=801) to work on /opt/airflow/dags/failed_lineage_dag.py
[2025-11-09T13:39:04.160+0000] {processor.py:830} INFO - Processing file /opt/airflow/dags/failed_lineage_dag.py for tasks to queue
[2025-11-09T13:39:04.162+0000] {logging_mixin.py:188} INFO - [2025-11-09T13:39:04.161+0000] {dagbag.py:538} INFO - Filling up the DagBag from /opt/airflow/dags/failed_lineage_dag.py
[2025-11-09T13:39:04.199+0000] {processor.py:840} INFO - DAG(s) 'failed_lineage_dag' retrieved from /opt/airflow/dags/failed_lineage_dag.py
[2025-11-09T13:39:04.259+0000] {logging_mixin.py:188} INFO - [2025-11-09T13:39:04.259+0000] {dag.py:3036} INFO - Sync 1 DAGs
[2025-11-09T13:39:04.279+0000] {logging_mixin.py:188} INFO - [2025-11-09T13:39:04.278+0000] {dag.py:3823} INFO - Setting next_dagrun for failed_lineage_dag to None, run_after=None
[2025-11-09T13:39:04.366+0000] {processor.py:183} INFO - Processing /opt/airflow/dags/failed_lineage_dag.py took 0.213 seconds
[2025-11-09T13:39:34.752+0000] {processor.py:161} INFO - Started process (PID=814) to work on /opt/airflow/dags/failed_lineage_dag.py
[2025-11-09T13:39:34.755+0000] {processor.py:830} INFO - Processing file /opt/airflow/dags/failed_lineage_dag.py for tasks to queue
[2025-11-09T13:39:34.756+0000] {logging_mixin.py:188} INFO - [2025-11-09T13:39:34.756+0000] {dagbag.py:538} INFO - Filling up the DagBag from /opt/airflow/dags/failed_lineage_dag.py
[2025-11-09T13:39:34.842+0000] {processor.py:840} INFO - DAG(s) 'failed_lineage_dag' retrieved from /opt/airflow/dags/failed_lineage_dag.py
[2025-11-09T13:39:34.888+0000] {logging_mixin.py:188} INFO - [2025-11-09T13:39:34.887+0000] {dag.py:3036} INFO - Sync 1 DAGs
[2025-11-09T13:39:34.901+0000] {logging_mixin.py:188} INFO - [2025-11-09T13:39:34.901+0000] {dag.py:3823} INFO - Setting next_dagrun for failed_lineage_dag to None, run_after=None
[2025-11-09T13:39:34.932+0000] {processor.py:183} INFO - Processing /opt/airflow/dags/failed_lineage_dag.py took 0.186 seconds
[2025-11-09T13:40:08.671+0000] {processor.py:161} INFO - Started process (PID=824) to work on /opt/airflow/dags/failed_lineage_dag.py
[2025-11-09T13:40:08.729+0000] {processor.py:830} INFO - Processing file /opt/airflow/dags/failed_lineage_dag.py for tasks to queue
[2025-11-09T13:40:08.775+0000] {logging_mixin.py:188} INFO - [2025-11-09T13:40:08.774+0000] {dagbag.py:538} INFO - Filling up the DagBag from /opt/airflow/dags/failed_lineage_dag.py
[2025-11-09T13:40:10.095+0000] {processor.py:840} INFO - DAG(s) 'failed_lineage_dag' retrieved from /opt/airflow/dags/failed_lineage_dag.py
[2025-11-09T13:40:10.250+0000] {logging_mixin.py:188} INFO - [2025-11-09T13:40:10.249+0000] {dag.py:3036} INFO - Sync 1 DAGs
[2025-11-09T13:40:10.381+0000] {logging_mixin.py:188} INFO - [2025-11-09T13:40:10.380+0000] {dag.py:3823} INFO - Setting next_dagrun for failed_lineage_dag to None, run_after=None
[2025-11-09T13:40:10.522+0000] {processor.py:183} INFO - Processing /opt/airflow/dags/failed_lineage_dag.py took 1.926 seconds
[2025-11-09T13:40:41.848+0000] {processor.py:161} INFO - Started process (PID=832) to work on /opt/airflow/dags/failed_lineage_dag.py
[2025-11-09T13:40:41.898+0000] {processor.py:830} INFO - Processing file /opt/airflow/dags/failed_lineage_dag.py for tasks to queue
[2025-11-09T13:40:41.918+0000] {logging_mixin.py:188} INFO - [2025-11-09T13:40:41.907+0000] {dagbag.py:538} INFO - Filling up the DagBag from /opt/airflow/dags/failed_lineage_dag.py
[2025-11-09T13:40:42.389+0000] {processor.py:840} INFO - DAG(s) 'failed_lineage_dag' retrieved from /opt/airflow/dags/failed_lineage_dag.py
[2025-11-09T13:40:43.513+0000] {logging_mixin.py:188} INFO - [2025-11-09T13:40:43.512+0000] {dag.py:3036} INFO - Sync 1 DAGs
[2025-11-09T13:40:43.820+0000] {logging_mixin.py:188} INFO - [2025-11-09T13:40:43.820+0000] {dag.py:3823} INFO - Setting next_dagrun for failed_lineage_dag to None, run_after=None
[2025-11-09T13:40:44.358+0000] {processor.py:183} INFO - Processing /opt/airflow/dags/failed_lineage_dag.py took 2.614 seconds
[2025-11-09T13:41:14.972+0000] {processor.py:161} INFO - Started process (PID=841) to work on /opt/airflow/dags/failed_lineage_dag.py
[2025-11-09T13:41:14.974+0000] {processor.py:830} INFO - Processing file /opt/airflow/dags/failed_lineage_dag.py for tasks to queue
[2025-11-09T13:41:14.976+0000] {logging_mixin.py:188} INFO - [2025-11-09T13:41:14.975+0000] {dagbag.py:538} INFO - Filling up the DagBag from /opt/airflow/dags/failed_lineage_dag.py
[2025-11-09T13:41:15.004+0000] {processor.py:840} INFO - DAG(s) 'failed_lineage_dag' retrieved from /opt/airflow/dags/failed_lineage_dag.py
[2025-11-09T13:41:15.041+0000] {logging_mixin.py:188} INFO - [2025-11-09T13:41:15.041+0000] {dag.py:3036} INFO - Sync 1 DAGs
[2025-11-09T13:41:15.057+0000] {logging_mixin.py:188} INFO - [2025-11-09T13:41:15.056+0000] {dag.py:3823} INFO - Setting next_dagrun for failed_lineage_dag to None, run_after=None
[2025-11-09T13:41:15.077+0000] {processor.py:183} INFO - Processing /opt/airflow/dags/failed_lineage_dag.py took 0.110 seconds
[2025-11-09T13:41:45.485+0000] {processor.py:161} INFO - Started process (PID=851) to work on /opt/airflow/dags/failed_lineage_dag.py
[2025-11-09T13:41:45.487+0000] {processor.py:830} INFO - Processing file /opt/airflow/dags/failed_lineage_dag.py for tasks to queue
[2025-11-09T13:41:45.488+0000] {logging_mixin.py:188} INFO - [2025-11-09T13:41:45.488+0000] {dagbag.py:538} INFO - Filling up the DagBag from /opt/airflow/dags/failed_lineage_dag.py
[2025-11-09T13:41:45.530+0000] {processor.py:840} INFO - DAG(s) 'failed_lineage_dag' retrieved from /opt/airflow/dags/failed_lineage_dag.py
[2025-11-09T13:41:45.586+0000] {logging_mixin.py:188} INFO - [2025-11-09T13:41:45.585+0000] {dag.py:3036} INFO - Sync 1 DAGs
[2025-11-09T13:41:45.612+0000] {logging_mixin.py:188} INFO - [2025-11-09T13:41:45.612+0000] {dag.py:3823} INFO - Setting next_dagrun for failed_lineage_dag to None, run_after=None
[2025-11-09T13:41:45.652+0000] {processor.py:183} INFO - Processing /opt/airflow/dags/failed_lineage_dag.py took 0.170 seconds
[2025-11-09T13:42:16.148+0000] {processor.py:161} INFO - Started process (PID=861) to work on /opt/airflow/dags/failed_lineage_dag.py
[2025-11-09T13:42:16.152+0000] {processor.py:830} INFO - Processing file /opt/airflow/dags/failed_lineage_dag.py for tasks to queue
[2025-11-09T13:42:16.155+0000] {logging_mixin.py:188} INFO - [2025-11-09T13:42:16.154+0000] {dagbag.py:538} INFO - Filling up the DagBag from /opt/airflow/dags/failed_lineage_dag.py
[2025-11-09T13:42:16.198+0000] {processor.py:840} INFO - DAG(s) 'failed_lineage_dag' retrieved from /opt/airflow/dags/failed_lineage_dag.py
[2025-11-09T13:42:16.374+0000] {logging_mixin.py:188} INFO - [2025-11-09T13:42:16.373+0000] {dag.py:3036} INFO - Sync 1 DAGs
[2025-11-09T13:42:16.423+0000] {logging_mixin.py:188} INFO - [2025-11-09T13:42:16.422+0000] {dag.py:3823} INFO - Setting next_dagrun for failed_lineage_dag to None, run_after=None
[2025-11-09T13:42:16.492+0000] {processor.py:183} INFO - Processing /opt/airflow/dags/failed_lineage_dag.py took 0.356 seconds
[2025-11-09T13:42:46.746+0000] {processor.py:161} INFO - Started process (PID=871) to work on /opt/airflow/dags/failed_lineage_dag.py
[2025-11-09T13:42:46.748+0000] {processor.py:830} INFO - Processing file /opt/airflow/dags/failed_lineage_dag.py for tasks to queue
[2025-11-09T13:42:46.750+0000] {logging_mixin.py:188} INFO - [2025-11-09T13:42:46.750+0000] {dagbag.py:538} INFO - Filling up the DagBag from /opt/airflow/dags/failed_lineage_dag.py
[2025-11-09T13:42:46.807+0000] {processor.py:840} INFO - DAG(s) 'failed_lineage_dag' retrieved from /opt/airflow/dags/failed_lineage_dag.py
[2025-11-09T13:42:46.855+0000] {logging_mixin.py:188} INFO - [2025-11-09T13:42:46.855+0000] {dag.py:3036} INFO - Sync 1 DAGs
[2025-11-09T13:42:46.880+0000] {logging_mixin.py:188} INFO - [2025-11-09T13:42:46.880+0000] {dag.py:3823} INFO - Setting next_dagrun for failed_lineage_dag to None, run_after=None
[2025-11-09T13:42:46.928+0000] {processor.py:183} INFO - Processing /opt/airflow/dags/failed_lineage_dag.py took 0.186 seconds
[2025-11-09T13:43:17.029+0000] {processor.py:161} INFO - Started process (PID=881) to work on /opt/airflow/dags/failed_lineage_dag.py
[2025-11-09T13:43:17.032+0000] {processor.py:830} INFO - Processing file /opt/airflow/dags/failed_lineage_dag.py for tasks to queue
[2025-11-09T13:43:17.033+0000] {logging_mixin.py:188} INFO - [2025-11-09T13:43:17.033+0000] {dagbag.py:538} INFO - Filling up the DagBag from /opt/airflow/dags/failed_lineage_dag.py
[2025-11-09T13:43:17.083+0000] {processor.py:840} INFO - DAG(s) 'failed_lineage_dag' retrieved from /opt/airflow/dags/failed_lineage_dag.py
[2025-11-09T13:43:17.129+0000] {logging_mixin.py:188} INFO - [2025-11-09T13:43:17.128+0000] {dag.py:3036} INFO - Sync 1 DAGs
[2025-11-09T13:43:17.148+0000] {logging_mixin.py:188} INFO - [2025-11-09T13:43:17.147+0000] {dag.py:3823} INFO - Setting next_dagrun for failed_lineage_dag to None, run_after=None
[2025-11-09T13:43:17.183+0000] {processor.py:183} INFO - Processing /opt/airflow/dags/failed_lineage_dag.py took 0.159 seconds
[2025-11-09T13:43:53.029+0000] {processor.py:161} INFO - Started process (PID=891) to work on /opt/airflow/dags/failed_lineage_dag.py
[2025-11-09T13:43:53.038+0000] {processor.py:830} INFO - Processing file /opt/airflow/dags/failed_lineage_dag.py for tasks to queue
[2025-11-09T13:43:53.285+0000] {logging_mixin.py:188} INFO - [2025-11-09T13:43:53.049+0000] {dagbag.py:538} INFO - Filling up the DagBag from /opt/airflow/dags/failed_lineage_dag.py
[2025-11-09T13:43:55.530+0000] {processor.py:840} INFO - DAG(s) 'failed_lineage_dag' retrieved from /opt/airflow/dags/failed_lineage_dag.py
[2025-11-09T13:43:58.766+0000] {logging_mixin.py:188} INFO - [2025-11-09T13:43:58.765+0000] {dag.py:3036} INFO - Sync 1 DAGs
[2025-11-09T13:43:59.666+0000] {logging_mixin.py:188} INFO - [2025-11-09T13:43:59.665+0000] {dag.py:3823} INFO - Setting next_dagrun for failed_lineage_dag to None, run_after=None
[2025-11-09T13:43:59.816+0000] {processor.py:183} INFO - Processing /opt/airflow/dags/failed_lineage_dag.py took 7.680 seconds
[2025-11-09T13:44:31.278+0000] {processor.py:161} INFO - Started process (PID=901) to work on /opt/airflow/dags/failed_lineage_dag.py
[2025-11-09T13:44:31.281+0000] {processor.py:830} INFO - Processing file /opt/airflow/dags/failed_lineage_dag.py for tasks to queue
[2025-11-09T13:44:31.285+0000] {logging_mixin.py:188} INFO - [2025-11-09T13:44:31.284+0000] {dagbag.py:538} INFO - Filling up the DagBag from /opt/airflow/dags/failed_lineage_dag.py
[2025-11-09T13:44:31.430+0000] {processor.py:840} INFO - DAG(s) 'failed_lineage_dag' retrieved from /opt/airflow/dags/failed_lineage_dag.py
[2025-11-09T13:44:31.639+0000] {logging_mixin.py:188} INFO - [2025-11-09T13:44:31.639+0000] {dag.py:3036} INFO - Sync 1 DAGs
[2025-11-09T13:44:31.703+0000] {logging_mixin.py:188} INFO - [2025-11-09T13:44:31.702+0000] {dag.py:3823} INFO - Setting next_dagrun for failed_lineage_dag to None, run_after=None
[2025-11-09T13:44:31.816+0000] {processor.py:183} INFO - Processing /opt/airflow/dags/failed_lineage_dag.py took 0.549 seconds
[2025-11-09T13:45:02.678+0000] {processor.py:161} INFO - Started process (PID=911) to work on /opt/airflow/dags/failed_lineage_dag.py
[2025-11-09T13:45:02.686+0000] {processor.py:830} INFO - Processing file /opt/airflow/dags/failed_lineage_dag.py for tasks to queue
[2025-11-09T13:45:02.690+0000] {logging_mixin.py:188} INFO - [2025-11-09T13:45:02.689+0000] {dagbag.py:538} INFO - Filling up the DagBag from /opt/airflow/dags/failed_lineage_dag.py
[2025-11-09T13:45:02.766+0000] {processor.py:840} INFO - DAG(s) 'failed_lineage_dag' retrieved from /opt/airflow/dags/failed_lineage_dag.py
[2025-11-09T13:45:02.881+0000] {logging_mixin.py:188} INFO - [2025-11-09T13:45:02.871+0000] {dag.py:3036} INFO - Sync 1 DAGs
[2025-11-09T13:45:03.039+0000] {logging_mixin.py:188} INFO - [2025-11-09T13:45:03.038+0000] {dag.py:3823} INFO - Setting next_dagrun for failed_lineage_dag to None, run_after=None
[2025-11-09T13:45:03.105+0000] {processor.py:183} INFO - Processing /opt/airflow/dags/failed_lineage_dag.py took 0.433 seconds
[2025-11-09T13:45:33.765+0000] {processor.py:161} INFO - Started process (PID=921) to work on /opt/airflow/dags/failed_lineage_dag.py
[2025-11-09T13:45:33.769+0000] {processor.py:830} INFO - Processing file /opt/airflow/dags/failed_lineage_dag.py for tasks to queue
[2025-11-09T13:45:33.773+0000] {logging_mixin.py:188} INFO - [2025-11-09T13:45:33.772+0000] {dagbag.py:538} INFO - Filling up the DagBag from /opt/airflow/dags/failed_lineage_dag.py
[2025-11-09T13:45:33.839+0000] {processor.py:840} INFO - DAG(s) 'failed_lineage_dag' retrieved from /opt/airflow/dags/failed_lineage_dag.py
[2025-11-09T13:45:34.079+0000] {logging_mixin.py:188} INFO - [2025-11-09T13:45:34.078+0000] {dag.py:3036} INFO - Sync 1 DAGs
[2025-11-09T13:45:34.262+0000] {logging_mixin.py:188} INFO - [2025-11-09T13:45:34.261+0000] {dag.py:3823} INFO - Setting next_dagrun for failed_lineage_dag to None, run_after=None
[2025-11-09T13:45:34.363+0000] {processor.py:183} INFO - Processing /opt/airflow/dags/failed_lineage_dag.py took 0.604 seconds
[2025-11-09T13:46:06.394+0000] {processor.py:161} INFO - Started process (PID=931) to work on /opt/airflow/dags/failed_lineage_dag.py
[2025-11-09T13:46:06.410+0000] {processor.py:830} INFO - Processing file /opt/airflow/dags/failed_lineage_dag.py for tasks to queue
[2025-11-09T13:46:06.412+0000] {logging_mixin.py:188} INFO - [2025-11-09T13:46:06.412+0000] {dagbag.py:538} INFO - Filling up the DagBag from /opt/airflow/dags/failed_lineage_dag.py
[2025-11-09T13:46:06.625+0000] {processor.py:840} INFO - DAG(s) 'failed_lineage_dag' retrieved from /opt/airflow/dags/failed_lineage_dag.py
[2025-11-09T13:46:06.794+0000] {logging_mixin.py:188} INFO - [2025-11-09T13:46:06.793+0000] {dag.py:3036} INFO - Sync 1 DAGs
[2025-11-09T13:46:06.910+0000] {logging_mixin.py:188} INFO - [2025-11-09T13:46:06.910+0000] {dag.py:3823} INFO - Setting next_dagrun for failed_lineage_dag to None, run_after=None
[2025-11-09T13:46:07.248+0000] {processor.py:183} INFO - Processing /opt/airflow/dags/failed_lineage_dag.py took 0.870 seconds
[2025-11-09T13:46:37.749+0000] {processor.py:161} INFO - Started process (PID=941) to work on /opt/airflow/dags/failed_lineage_dag.py
[2025-11-09T13:46:37.751+0000] {processor.py:830} INFO - Processing file /opt/airflow/dags/failed_lineage_dag.py for tasks to queue
[2025-11-09T13:46:37.752+0000] {logging_mixin.py:188} INFO - [2025-11-09T13:46:37.752+0000] {dagbag.py:538} INFO - Filling up the DagBag from /opt/airflow/dags/failed_lineage_dag.py
[2025-11-09T13:46:37.774+0000] {processor.py:840} INFO - DAG(s) 'failed_lineage_dag' retrieved from /opt/airflow/dags/failed_lineage_dag.py
[2025-11-09T13:46:37.815+0000] {logging_mixin.py:188} INFO - [2025-11-09T13:46:37.815+0000] {dag.py:3036} INFO - Sync 1 DAGs
[2025-11-09T13:46:37.834+0000] {logging_mixin.py:188} INFO - [2025-11-09T13:46:37.833+0000] {dag.py:3823} INFO - Setting next_dagrun for failed_lineage_dag to None, run_after=None
[2025-11-09T13:46:37.873+0000] {processor.py:183} INFO - Processing /opt/airflow/dags/failed_lineage_dag.py took 0.130 seconds
[2025-11-09T13:47:08.223+0000] {processor.py:161} INFO - Started process (PID=951) to work on /opt/airflow/dags/failed_lineage_dag.py
[2025-11-09T13:47:08.225+0000] {processor.py:830} INFO - Processing file /opt/airflow/dags/failed_lineage_dag.py for tasks to queue
[2025-11-09T13:47:08.226+0000] {logging_mixin.py:188} INFO - [2025-11-09T13:47:08.226+0000] {dagbag.py:538} INFO - Filling up the DagBag from /opt/airflow/dags/failed_lineage_dag.py
[2025-11-09T13:47:08.270+0000] {processor.py:840} INFO - DAG(s) 'failed_lineage_dag' retrieved from /opt/airflow/dags/failed_lineage_dag.py
[2025-11-09T13:47:08.320+0000] {logging_mixin.py:188} INFO - [2025-11-09T13:47:08.319+0000] {dag.py:3036} INFO - Sync 1 DAGs
[2025-11-09T13:47:08.353+0000] {logging_mixin.py:188} INFO - [2025-11-09T13:47:08.352+0000] {dag.py:3823} INFO - Setting next_dagrun for failed_lineage_dag to None, run_after=None
[2025-11-09T13:47:08.394+0000] {processor.py:183} INFO - Processing /opt/airflow/dags/failed_lineage_dag.py took 0.177 seconds
[2025-11-09T13:47:39.295+0000] {processor.py:161} INFO - Started process (PID=961) to work on /opt/airflow/dags/failed_lineage_dag.py
[2025-11-09T13:47:39.297+0000] {processor.py:830} INFO - Processing file /opt/airflow/dags/failed_lineage_dag.py for tasks to queue
[2025-11-09T13:47:39.299+0000] {logging_mixin.py:188} INFO - [2025-11-09T13:47:39.298+0000] {dagbag.py:538} INFO - Filling up the DagBag from /opt/airflow/dags/failed_lineage_dag.py
[2025-11-09T13:47:39.358+0000] {processor.py:840} INFO - DAG(s) 'failed_lineage_dag' retrieved from /opt/airflow/dags/failed_lineage_dag.py
[2025-11-09T13:47:39.426+0000] {logging_mixin.py:188} INFO - [2025-11-09T13:47:39.426+0000] {dag.py:3036} INFO - Sync 1 DAGs
[2025-11-09T13:47:39.447+0000] {logging_mixin.py:188} INFO - [2025-11-09T13:47:39.446+0000] {dag.py:3823} INFO - Setting next_dagrun for failed_lineage_dag to None, run_after=None
[2025-11-09T13:47:39.496+0000] {processor.py:183} INFO - Processing /opt/airflow/dags/failed_lineage_dag.py took 0.214 seconds
[2025-11-09T13:48:09.903+0000] {processor.py:161} INFO - Started process (PID=971) to work on /opt/airflow/dags/failed_lineage_dag.py
[2025-11-09T13:48:09.906+0000] {processor.py:830} INFO - Processing file /opt/airflow/dags/failed_lineage_dag.py for tasks to queue
[2025-11-09T13:48:09.907+0000] {logging_mixin.py:188} INFO - [2025-11-09T13:48:09.907+0000] {dagbag.py:538} INFO - Filling up the DagBag from /opt/airflow/dags/failed_lineage_dag.py
[2025-11-09T13:48:09.935+0000] {processor.py:840} INFO - DAG(s) 'failed_lineage_dag' retrieved from /opt/airflow/dags/failed_lineage_dag.py
[2025-11-09T13:48:09.972+0000] {logging_mixin.py:188} INFO - [2025-11-09T13:48:09.972+0000] {dag.py:3036} INFO - Sync 1 DAGs
[2025-11-09T13:48:09.986+0000] {logging_mixin.py:188} INFO - [2025-11-09T13:48:09.986+0000] {dag.py:3823} INFO - Setting next_dagrun for failed_lineage_dag to None, run_after=None
[2025-11-09T13:48:10.026+0000] {processor.py:183} INFO - Processing /opt/airflow/dags/failed_lineage_dag.py took 0.135 seconds
[2025-11-09T13:48:40.538+0000] {processor.py:161} INFO - Started process (PID=981) to work on /opt/airflow/dags/failed_lineage_dag.py
[2025-11-09T13:48:40.540+0000] {processor.py:830} INFO - Processing file /opt/airflow/dags/failed_lineage_dag.py for tasks to queue
[2025-11-09T13:48:40.552+0000] {logging_mixin.py:188} INFO - [2025-11-09T13:48:40.551+0000] {dagbag.py:538} INFO - Filling up the DagBag from /opt/airflow/dags/failed_lineage_dag.py
[2025-11-09T13:48:40.604+0000] {processor.py:840} INFO - DAG(s) 'failed_lineage_dag' retrieved from /opt/airflow/dags/failed_lineage_dag.py
[2025-11-09T13:48:40.744+0000] {logging_mixin.py:188} INFO - [2025-11-09T13:48:40.743+0000] {dag.py:3036} INFO - Sync 1 DAGs
[2025-11-09T13:48:40.802+0000] {logging_mixin.py:188} INFO - [2025-11-09T13:48:40.801+0000] {dag.py:3823} INFO - Setting next_dagrun for failed_lineage_dag to None, run_after=None
[2025-11-09T13:48:40.857+0000] {processor.py:183} INFO - Processing /opt/airflow/dags/failed_lineage_dag.py took 0.324 seconds
[2025-11-09T13:49:11.314+0000] {processor.py:161} INFO - Started process (PID=991) to work on /opt/airflow/dags/failed_lineage_dag.py
[2025-11-09T13:49:11.317+0000] {processor.py:830} INFO - Processing file /opt/airflow/dags/failed_lineage_dag.py for tasks to queue
[2025-11-09T13:49:11.322+0000] {logging_mixin.py:188} INFO - [2025-11-09T13:49:11.321+0000] {dagbag.py:538} INFO - Filling up the DagBag from /opt/airflow/dags/failed_lineage_dag.py
[2025-11-09T13:49:11.346+0000] {processor.py:840} INFO - DAG(s) 'failed_lineage_dag' retrieved from /opt/airflow/dags/failed_lineage_dag.py
[2025-11-09T13:49:11.397+0000] {logging_mixin.py:188} INFO - [2025-11-09T13:49:11.397+0000] {dag.py:3036} INFO - Sync 1 DAGs
[2025-11-09T13:49:11.419+0000] {logging_mixin.py:188} INFO - [2025-11-09T13:49:11.418+0000] {dag.py:3823} INFO - Setting next_dagrun for failed_lineage_dag to None, run_after=None
[2025-11-09T13:49:11.461+0000] {processor.py:183} INFO - Processing /opt/airflow/dags/failed_lineage_dag.py took 0.152 seconds
[2025-11-09T13:49:41.796+0000] {processor.py:161} INFO - Started process (PID=1001) to work on /opt/airflow/dags/failed_lineage_dag.py
[2025-11-09T13:49:41.798+0000] {processor.py:830} INFO - Processing file /opt/airflow/dags/failed_lineage_dag.py for tasks to queue
[2025-11-09T13:49:41.799+0000] {logging_mixin.py:188} INFO - [2025-11-09T13:49:41.799+0000] {dagbag.py:538} INFO - Filling up the DagBag from /opt/airflow/dags/failed_lineage_dag.py
[2025-11-09T13:49:42.830+0000] {processor.py:840} INFO - DAG(s) 'failed_lineage_dag' retrieved from /opt/airflow/dags/failed_lineage_dag.py
[2025-11-09T13:49:42.864+0000] {logging_mixin.py:188} INFO - [2025-11-09T13:49:42.864+0000] {dag.py:3036} INFO - Sync 1 DAGs
[2025-11-09T13:49:42.874+0000] {logging_mixin.py:188} INFO - [2025-11-09T13:49:42.874+0000] {dag.py:3823} INFO - Setting next_dagrun for failed_lineage_dag to None, run_after=None
[2025-11-09T13:49:42.990+0000] {processor.py:183} INFO - Processing /opt/airflow/dags/failed_lineage_dag.py took 1.205 seconds
[2025-11-09T13:50:13.301+0000] {processor.py:161} INFO - Started process (PID=1016) to work on /opt/airflow/dags/failed_lineage_dag.py
[2025-11-09T13:50:13.302+0000] {processor.py:830} INFO - Processing file /opt/airflow/dags/failed_lineage_dag.py for tasks to queue
[2025-11-09T13:50:13.304+0000] {logging_mixin.py:188} INFO - [2025-11-09T13:50:13.303+0000] {dagbag.py:538} INFO - Filling up the DagBag from /opt/airflow/dags/failed_lineage_dag.py
[2025-11-09T13:50:13.327+0000] {processor.py:840} INFO - DAG(s) 'failed_lineage_dag' retrieved from /opt/airflow/dags/failed_lineage_dag.py
[2025-11-09T13:50:13.376+0000] {logging_mixin.py:188} INFO - [2025-11-09T13:50:13.376+0000] {dag.py:3036} INFO - Sync 1 DAGs
[2025-11-09T13:50:13.402+0000] {logging_mixin.py:188} INFO - [2025-11-09T13:50:13.402+0000] {dag.py:3823} INFO - Setting next_dagrun for failed_lineage_dag to None, run_after=None
[2025-11-09T13:50:13.434+0000] {processor.py:183} INFO - Processing /opt/airflow/dags/failed_lineage_dag.py took 0.138 seconds
[2025-11-09T13:50:43.787+0000] {processor.py:161} INFO - Started process (PID=1026) to work on /opt/airflow/dags/failed_lineage_dag.py
[2025-11-09T13:50:43.789+0000] {processor.py:830} INFO - Processing file /opt/airflow/dags/failed_lineage_dag.py for tasks to queue
[2025-11-09T13:50:43.790+0000] {logging_mixin.py:188} INFO - [2025-11-09T13:50:43.790+0000] {dagbag.py:538} INFO - Filling up the DagBag from /opt/airflow/dags/failed_lineage_dag.py
[2025-11-09T13:50:43.824+0000] {processor.py:840} INFO - DAG(s) 'failed_lineage_dag' retrieved from /opt/airflow/dags/failed_lineage_dag.py
[2025-11-09T13:50:43.868+0000] {logging_mixin.py:188} INFO - [2025-11-09T13:50:43.868+0000] {dag.py:3036} INFO - Sync 1 DAGs
[2025-11-09T13:50:43.886+0000] {logging_mixin.py:188} INFO - [2025-11-09T13:50:43.886+0000] {dag.py:3823} INFO - Setting next_dagrun for failed_lineage_dag to None, run_after=None
[2025-11-09T13:50:43.950+0000] {processor.py:183} INFO - Processing /opt/airflow/dags/failed_lineage_dag.py took 0.168 seconds
[2025-11-09T13:51:14.291+0000] {processor.py:161} INFO - Started process (PID=1036) to work on /opt/airflow/dags/failed_lineage_dag.py
[2025-11-09T13:51:14.293+0000] {processor.py:830} INFO - Processing file /opt/airflow/dags/failed_lineage_dag.py for tasks to queue
[2025-11-09T13:51:14.294+0000] {logging_mixin.py:188} INFO - [2025-11-09T13:51:14.294+0000] {dagbag.py:538} INFO - Filling up the DagBag from /opt/airflow/dags/failed_lineage_dag.py
[2025-11-09T13:51:14.321+0000] {processor.py:840} INFO - DAG(s) 'failed_lineage_dag' retrieved from /opt/airflow/dags/failed_lineage_dag.py
[2025-11-09T13:51:14.351+0000] {logging_mixin.py:188} INFO - [2025-11-09T13:51:14.350+0000] {dag.py:3036} INFO - Sync 1 DAGs
[2025-11-09T13:51:14.367+0000] {logging_mixin.py:188} INFO - [2025-11-09T13:51:14.367+0000] {dag.py:3823} INFO - Setting next_dagrun for failed_lineage_dag to None, run_after=None
[2025-11-09T13:51:14.395+0000] {processor.py:183} INFO - Processing /opt/airflow/dags/failed_lineage_dag.py took 0.108 seconds
[2025-11-09T13:51:44.946+0000] {processor.py:161} INFO - Started process (PID=1046) to work on /opt/airflow/dags/failed_lineage_dag.py
[2025-11-09T13:51:44.947+0000] {processor.py:830} INFO - Processing file /opt/airflow/dags/failed_lineage_dag.py for tasks to queue
[2025-11-09T13:51:44.948+0000] {logging_mixin.py:188} INFO - [2025-11-09T13:51:44.948+0000] {dagbag.py:538} INFO - Filling up the DagBag from /opt/airflow/dags/failed_lineage_dag.py
[2025-11-09T13:51:44.968+0000] {processor.py:840} INFO - DAG(s) 'failed_lineage_dag' retrieved from /opt/airflow/dags/failed_lineage_dag.py
[2025-11-09T13:51:44.999+0000] {logging_mixin.py:188} INFO - [2025-11-09T13:51:44.998+0000] {dag.py:3036} INFO - Sync 1 DAGs
[2025-11-09T13:51:45.017+0000] {logging_mixin.py:188} INFO - [2025-11-09T13:51:45.016+0000] {dag.py:3823} INFO - Setting next_dagrun for failed_lineage_dag to None, run_after=None
[2025-11-09T13:51:45.056+0000] {processor.py:183} INFO - Processing /opt/airflow/dags/failed_lineage_dag.py took 0.115 seconds
[2025-11-09T13:52:15.476+0000] {processor.py:161} INFO - Started process (PID=1056) to work on /opt/airflow/dags/failed_lineage_dag.py
[2025-11-09T13:52:15.480+0000] {processor.py:830} INFO - Processing file /opt/airflow/dags/failed_lineage_dag.py for tasks to queue
[2025-11-09T13:52:15.484+0000] {logging_mixin.py:188} INFO - [2025-11-09T13:52:15.483+0000] {dagbag.py:538} INFO - Filling up the DagBag from /opt/airflow/dags/failed_lineage_dag.py
[2025-11-09T13:52:15.517+0000] {processor.py:840} INFO - DAG(s) 'failed_lineage_dag' retrieved from /opt/airflow/dags/failed_lineage_dag.py
[2025-11-09T13:52:15.591+0000] {logging_mixin.py:188} INFO - [2025-11-09T13:52:15.591+0000] {dag.py:3036} INFO - Sync 1 DAGs
[2025-11-09T13:52:15.638+0000] {logging_mixin.py:188} INFO - [2025-11-09T13:52:15.637+0000] {dag.py:3823} INFO - Setting next_dagrun for failed_lineage_dag to None, run_after=None
[2025-11-09T13:52:15.661+0000] {processor.py:183} INFO - Processing /opt/airflow/dags/failed_lineage_dag.py took 0.190 seconds
[2025-11-09T13:52:45.962+0000] {processor.py:161} INFO - Started process (PID=1066) to work on /opt/airflow/dags/failed_lineage_dag.py
[2025-11-09T13:52:45.964+0000] {processor.py:830} INFO - Processing file /opt/airflow/dags/failed_lineage_dag.py for tasks to queue
[2025-11-09T13:52:45.966+0000] {logging_mixin.py:188} INFO - [2025-11-09T13:52:45.966+0000] {dagbag.py:538} INFO - Filling up the DagBag from /opt/airflow/dags/failed_lineage_dag.py
[2025-11-09T13:52:45.988+0000] {processor.py:840} INFO - DAG(s) 'failed_lineage_dag' retrieved from /opt/airflow/dags/failed_lineage_dag.py
[2025-11-09T13:52:46.025+0000] {logging_mixin.py:188} INFO - [2025-11-09T13:52:46.025+0000] {dag.py:3036} INFO - Sync 1 DAGs
[2025-11-09T13:52:46.044+0000] {logging_mixin.py:188} INFO - [2025-11-09T13:52:46.043+0000] {dag.py:3823} INFO - Setting next_dagrun for failed_lineage_dag to None, run_after=None
[2025-11-09T13:52:46.077+0000] {processor.py:183} INFO - Processing /opt/airflow/dags/failed_lineage_dag.py took 0.119 seconds
[2025-11-09T13:53:16.250+0000] {processor.py:161} INFO - Started process (PID=1076) to work on /opt/airflow/dags/failed_lineage_dag.py
[2025-11-09T13:53:16.256+0000] {processor.py:830} INFO - Processing file /opt/airflow/dags/failed_lineage_dag.py for tasks to queue
[2025-11-09T13:53:16.258+0000] {logging_mixin.py:188} INFO - [2025-11-09T13:53:16.257+0000] {dagbag.py:538} INFO - Filling up the DagBag from /opt/airflow/dags/failed_lineage_dag.py
[2025-11-09T13:53:16.283+0000] {processor.py:840} INFO - DAG(s) 'failed_lineage_dag' retrieved from /opt/airflow/dags/failed_lineage_dag.py
[2025-11-09T13:53:16.317+0000] {logging_mixin.py:188} INFO - [2025-11-09T13:53:16.316+0000] {dag.py:3036} INFO - Sync 1 DAGs
[2025-11-09T13:53:16.336+0000] {logging_mixin.py:188} INFO - [2025-11-09T13:53:16.332+0000] {dag.py:3823} INFO - Setting next_dagrun for failed_lineage_dag to None, run_after=None
[2025-11-09T13:53:16.377+0000] {processor.py:183} INFO - Processing /opt/airflow/dags/failed_lineage_dag.py took 0.131 seconds
[2025-11-09T13:53:47.743+0000] {processor.py:161} INFO - Started process (PID=1086) to work on /opt/airflow/dags/failed_lineage_dag.py
[2025-11-09T13:53:47.891+0000] {processor.py:830} INFO - Processing file /opt/airflow/dags/failed_lineage_dag.py for tasks to queue
[2025-11-09T13:53:47.894+0000] {logging_mixin.py:188} INFO - [2025-11-09T13:53:47.893+0000] {dagbag.py:538} INFO - Filling up the DagBag from /opt/airflow/dags/failed_lineage_dag.py
[2025-11-09T13:53:48.220+0000] {processor.py:840} INFO - DAG(s) 'failed_lineage_dag' retrieved from /opt/airflow/dags/failed_lineage_dag.py
[2025-11-09T13:53:48.246+0000] {logging_mixin.py:188} INFO - [2025-11-09T13:53:48.245+0000] {dag.py:3036} INFO - Sync 1 DAGs
[2025-11-09T13:53:48.256+0000] {logging_mixin.py:188} INFO - [2025-11-09T13:53:48.256+0000] {dag.py:3823} INFO - Setting next_dagrun for failed_lineage_dag to None, run_after=None
[2025-11-09T13:53:48.371+0000] {processor.py:183} INFO - Processing /opt/airflow/dags/failed_lineage_dag.py took 0.631 seconds
[2025-11-09T13:54:18.752+0000] {processor.py:161} INFO - Started process (PID=1096) to work on /opt/airflow/dags/failed_lineage_dag.py
[2025-11-09T13:54:18.767+0000] {processor.py:830} INFO - Processing file /opt/airflow/dags/failed_lineage_dag.py for tasks to queue
[2025-11-09T13:54:18.771+0000] {logging_mixin.py:188} INFO - [2025-11-09T13:54:18.770+0000] {dagbag.py:538} INFO - Filling up the DagBag from /opt/airflow/dags/failed_lineage_dag.py
[2025-11-09T13:54:18.900+0000] {processor.py:840} INFO - DAG(s) 'failed_lineage_dag' retrieved from /opt/airflow/dags/failed_lineage_dag.py
[2025-11-09T13:54:19.011+0000] {logging_mixin.py:188} INFO - [2025-11-09T13:54:19.011+0000] {dag.py:3036} INFO - Sync 1 DAGs
[2025-11-09T13:54:19.059+0000] {logging_mixin.py:188} INFO - [2025-11-09T13:54:19.058+0000] {dag.py:3823} INFO - Setting next_dagrun for failed_lineage_dag to None, run_after=None
[2025-11-09T13:54:19.128+0000] {processor.py:183} INFO - Processing /opt/airflow/dags/failed_lineage_dag.py took 0.381 seconds
[2025-11-09T13:54:49.500+0000] {processor.py:161} INFO - Started process (PID=1106) to work on /opt/airflow/dags/failed_lineage_dag.py
[2025-11-09T13:54:49.509+0000] {processor.py:830} INFO - Processing file /opt/airflow/dags/failed_lineage_dag.py for tasks to queue
[2025-11-09T13:54:49.513+0000] {logging_mixin.py:188} INFO - [2025-11-09T13:54:49.512+0000] {dagbag.py:538} INFO - Filling up the DagBag from /opt/airflow/dags/failed_lineage_dag.py
[2025-11-09T13:54:49.573+0000] {processor.py:840} INFO - DAG(s) 'failed_lineage_dag' retrieved from /opt/airflow/dags/failed_lineage_dag.py
[2025-11-09T13:54:49.691+0000] {logging_mixin.py:188} INFO - [2025-11-09T13:54:49.690+0000] {dag.py:3036} INFO - Sync 1 DAGs
[2025-11-09T13:54:49.734+0000] {logging_mixin.py:188} INFO - [2025-11-09T13:54:49.734+0000] {dag.py:3823} INFO - Setting next_dagrun for failed_lineage_dag to None, run_after=None
[2025-11-09T13:54:49.807+0000] {processor.py:183} INFO - Processing /opt/airflow/dags/failed_lineage_dag.py took 0.318 seconds
[2025-11-09T13:55:20.000+0000] {processor.py:161} INFO - Started process (PID=1116) to work on /opt/airflow/dags/failed_lineage_dag.py
[2025-11-09T13:55:20.001+0000] {processor.py:830} INFO - Processing file /opt/airflow/dags/failed_lineage_dag.py for tasks to queue
[2025-11-09T13:55:20.003+0000] {logging_mixin.py:188} INFO - [2025-11-09T13:55:20.002+0000] {dagbag.py:538} INFO - Filling up the DagBag from /opt/airflow/dags/failed_lineage_dag.py
[2025-11-09T13:55:20.022+0000] {processor.py:840} INFO - DAG(s) 'failed_lineage_dag' retrieved from /opt/airflow/dags/failed_lineage_dag.py
[2025-11-09T13:55:20.054+0000] {logging_mixin.py:188} INFO - [2025-11-09T13:55:20.054+0000] {dag.py:3036} INFO - Sync 1 DAGs
[2025-11-09T13:55:20.069+0000] {logging_mixin.py:188} INFO - [2025-11-09T13:55:20.069+0000] {dag.py:3823} INFO - Setting next_dagrun for failed_lineage_dag to None, run_after=None
[2025-11-09T13:55:20.096+0000] {processor.py:183} INFO - Processing /opt/airflow/dags/failed_lineage_dag.py took 0.099 seconds
[2025-11-09T13:55:50.409+0000] {processor.py:161} INFO - Started process (PID=1126) to work on /opt/airflow/dags/failed_lineage_dag.py
[2025-11-09T13:55:50.410+0000] {processor.py:830} INFO - Processing file /opt/airflow/dags/failed_lineage_dag.py for tasks to queue
[2025-11-09T13:55:50.412+0000] {logging_mixin.py:188} INFO - [2025-11-09T13:55:50.411+0000] {dagbag.py:538} INFO - Filling up the DagBag from /opt/airflow/dags/failed_lineage_dag.py
[2025-11-09T13:55:50.431+0000] {processor.py:840} INFO - DAG(s) 'failed_lineage_dag' retrieved from /opt/airflow/dags/failed_lineage_dag.py
[2025-11-09T13:55:50.458+0000] {logging_mixin.py:188} INFO - [2025-11-09T13:55:50.457+0000] {dag.py:3036} INFO - Sync 1 DAGs
[2025-11-09T13:55:50.470+0000] {logging_mixin.py:188} INFO - [2025-11-09T13:55:50.470+0000] {dag.py:3823} INFO - Setting next_dagrun for failed_lineage_dag to None, run_after=None
[2025-11-09T13:55:50.492+0000] {processor.py:183} INFO - Processing /opt/airflow/dags/failed_lineage_dag.py took 0.087 seconds
[2025-11-09T13:56:20.832+0000] {processor.py:161} INFO - Started process (PID=1136) to work on /opt/airflow/dags/failed_lineage_dag.py
[2025-11-09T13:56:20.833+0000] {processor.py:830} INFO - Processing file /opt/airflow/dags/failed_lineage_dag.py for tasks to queue
[2025-11-09T13:56:20.835+0000] {logging_mixin.py:188} INFO - [2025-11-09T13:56:20.834+0000] {dagbag.py:538} INFO - Filling up the DagBag from /opt/airflow/dags/failed_lineage_dag.py
[2025-11-09T13:56:20.856+0000] {processor.py:840} INFO - DAG(s) 'failed_lineage_dag' retrieved from /opt/airflow/dags/failed_lineage_dag.py
[2025-11-09T13:56:20.905+0000] {logging_mixin.py:188} INFO - [2025-11-09T13:56:20.904+0000] {dag.py:3036} INFO - Sync 1 DAGs
[2025-11-09T13:56:20.937+0000] {logging_mixin.py:188} INFO - [2025-11-09T13:56:20.936+0000] {dag.py:3823} INFO - Setting next_dagrun for failed_lineage_dag to None, run_after=None
[2025-11-09T13:56:20.977+0000] {processor.py:183} INFO - Processing /opt/airflow/dags/failed_lineage_dag.py took 0.150 seconds
[2025-11-09T14:06:00.512+0000] {processor.py:161} INFO - Started process (PID=1141) to work on /opt/airflow/dags/failed_lineage_dag.py
[2025-11-09T14:06:00.521+0000] {processor.py:830} INFO - Processing file /opt/airflow/dags/failed_lineage_dag.py for tasks to queue
[2025-11-09T14:06:00.532+0000] {logging_mixin.py:188} INFO - [2025-11-09T14:06:00.531+0000] {dagbag.py:538} INFO - Filling up the DagBag from /opt/airflow/dags/failed_lineage_dag.py
[2025-11-09T14:06:00.619+0000] {processor.py:840} INFO - DAG(s) 'failed_lineage_dag' retrieved from /opt/airflow/dags/failed_lineage_dag.py
[2025-11-09T14:06:00.773+0000] {logging_mixin.py:188} INFO - [2025-11-09T14:06:00.773+0000] {dag.py:3036} INFO - Sync 1 DAGs
[2025-11-09T14:06:00.881+0000] {logging_mixin.py:188} INFO - [2025-11-09T14:06:00.881+0000] {dag.py:3823} INFO - Setting next_dagrun for failed_lineage_dag to None, run_after=None
[2025-11-09T14:06:01.096+0000] {processor.py:183} INFO - Processing /opt/airflow/dags/failed_lineage_dag.py took 0.588 seconds
[2025-11-09T14:06:31.533+0000] {processor.py:161} INFO - Started process (PID=1157) to work on /opt/airflow/dags/failed_lineage_dag.py
[2025-11-09T14:06:31.544+0000] {processor.py:830} INFO - Processing file /opt/airflow/dags/failed_lineage_dag.py for tasks to queue
[2025-11-09T14:06:31.547+0000] {logging_mixin.py:188} INFO - [2025-11-09T14:06:31.546+0000] {dagbag.py:538} INFO - Filling up the DagBag from /opt/airflow/dags/failed_lineage_dag.py
[2025-11-09T14:06:31.590+0000] {processor.py:840} INFO - DAG(s) 'failed_lineage_dag' retrieved from /opt/airflow/dags/failed_lineage_dag.py
[2025-11-09T14:06:32.868+0000] {logging_mixin.py:188} INFO - [2025-11-09T14:06:32.866+0000] {dag.py:3036} INFO - Sync 1 DAGs
[2025-11-09T14:06:33.183+0000] {logging_mixin.py:188} INFO - [2025-11-09T14:06:33.183+0000] {dag.py:3823} INFO - Setting next_dagrun for failed_lineage_dag to None, run_after=None
[2025-11-09T14:06:33.540+0000] {processor.py:183} INFO - Processing /opt/airflow/dags/failed_lineage_dag.py took 2.013 seconds
[2025-11-09T14:07:14.597+0000] {processor.py:161} INFO - Started process (PID=1167) to work on /opt/airflow/dags/failed_lineage_dag.py
[2025-11-09T14:07:14.629+0000] {processor.py:830} INFO - Processing file /opt/airflow/dags/failed_lineage_dag.py for tasks to queue
[2025-11-09T14:07:14.685+0000] {logging_mixin.py:188} INFO - [2025-11-09T14:07:14.657+0000] {dagbag.py:538} INFO - Filling up the DagBag from /opt/airflow/dags/failed_lineage_dag.py
[2025-11-09T14:07:15.157+0000] {processor.py:840} INFO - DAG(s) 'failed_lineage_dag' retrieved from /opt/airflow/dags/failed_lineage_dag.py
[2025-11-09T14:07:16.110+0000] {logging_mixin.py:188} INFO - [2025-11-09T14:07:16.109+0000] {dag.py:3036} INFO - Sync 1 DAGs
[2025-11-09T14:07:16.359+0000] {logging_mixin.py:188} INFO - [2025-11-09T14:07:16.358+0000] {dag.py:3823} INFO - Setting next_dagrun for failed_lineage_dag to None, run_after=None
[2025-11-09T14:07:16.590+0000] {processor.py:183} INFO - Processing /opt/airflow/dags/failed_lineage_dag.py took 2.287 seconds
[2025-11-09T14:07:46.854+0000] {processor.py:161} INFO - Started process (PID=1177) to work on /opt/airflow/dags/failed_lineage_dag.py
[2025-11-09T14:07:46.856+0000] {processor.py:830} INFO - Processing file /opt/airflow/dags/failed_lineage_dag.py for tasks to queue
[2025-11-09T14:07:46.858+0000] {logging_mixin.py:188} INFO - [2025-11-09T14:07:46.857+0000] {dagbag.py:538} INFO - Filling up the DagBag from /opt/airflow/dags/failed_lineage_dag.py
[2025-11-09T14:07:46.890+0000] {processor.py:840} INFO - DAG(s) 'failed_lineage_dag' retrieved from /opt/airflow/dags/failed_lineage_dag.py
[2025-11-09T14:07:47.000+0000] {logging_mixin.py:188} INFO - [2025-11-09T14:07:46.999+0000] {dag.py:3036} INFO - Sync 1 DAGs
[2025-11-09T14:07:47.031+0000] {logging_mixin.py:188} INFO - [2025-11-09T14:07:47.030+0000] {dag.py:3823} INFO - Setting next_dagrun for failed_lineage_dag to None, run_after=None
[2025-11-09T14:07:47.067+0000] {processor.py:183} INFO - Processing /opt/airflow/dags/failed_lineage_dag.py took 0.217 seconds
[2025-11-09T14:08:17.987+0000] {processor.py:161} INFO - Started process (PID=1187) to work on /opt/airflow/dags/failed_lineage_dag.py
[2025-11-09T14:08:17.989+0000] {processor.py:830} INFO - Processing file /opt/airflow/dags/failed_lineage_dag.py for tasks to queue
[2025-11-09T14:08:17.990+0000] {logging_mixin.py:188} INFO - [2025-11-09T14:08:17.990+0000] {dagbag.py:538} INFO - Filling up the DagBag from /opt/airflow/dags/failed_lineage_dag.py
[2025-11-09T14:08:18.021+0000] {processor.py:840} INFO - DAG(s) 'failed_lineage_dag' retrieved from /opt/airflow/dags/failed_lineage_dag.py
[2025-11-09T14:08:18.073+0000] {logging_mixin.py:188} INFO - [2025-11-09T14:08:18.072+0000] {dag.py:3036} INFO - Sync 1 DAGs
[2025-11-09T14:08:18.103+0000] {logging_mixin.py:188} INFO - [2025-11-09T14:08:18.103+0000] {dag.py:3823} INFO - Setting next_dagrun for failed_lineage_dag to None, run_after=None
[2025-11-09T14:08:18.205+0000] {processor.py:183} INFO - Processing /opt/airflow/dags/failed_lineage_dag.py took 0.223 seconds
[2025-11-09T14:08:48.865+0000] {processor.py:161} INFO - Started process (PID=1197) to work on /opt/airflow/dags/failed_lineage_dag.py
[2025-11-09T14:08:48.868+0000] {processor.py:830} INFO - Processing file /opt/airflow/dags/failed_lineage_dag.py for tasks to queue
[2025-11-09T14:08:48.872+0000] {logging_mixin.py:188} INFO - [2025-11-09T14:08:48.870+0000] {dagbag.py:538} INFO - Filling up the DagBag from /opt/airflow/dags/failed_lineage_dag.py
[2025-11-09T14:08:48.955+0000] {processor.py:840} INFO - DAG(s) 'failed_lineage_dag' retrieved from /opt/airflow/dags/failed_lineage_dag.py
[2025-11-09T14:08:49.090+0000] {logging_mixin.py:188} INFO - [2025-11-09T14:08:49.089+0000] {dag.py:3036} INFO - Sync 1 DAGs
[2025-11-09T14:08:49.162+0000] {logging_mixin.py:188} INFO - [2025-11-09T14:08:49.162+0000] {dag.py:3823} INFO - Setting next_dagrun for failed_lineage_dag to None, run_after=None
[2025-11-09T14:08:49.301+0000] {processor.py:183} INFO - Processing /opt/airflow/dags/failed_lineage_dag.py took 0.447 seconds
[2025-11-09T14:09:20.245+0000] {processor.py:161} INFO - Started process (PID=1207) to work on /opt/airflow/dags/failed_lineage_dag.py
[2025-11-09T14:09:20.256+0000] {processor.py:830} INFO - Processing file /opt/airflow/dags/failed_lineage_dag.py for tasks to queue
[2025-11-09T14:09:20.261+0000] {logging_mixin.py:188} INFO - [2025-11-09T14:09:20.261+0000] {dagbag.py:538} INFO - Filling up the DagBag from /opt/airflow/dags/failed_lineage_dag.py
[2025-11-09T14:09:20.352+0000] {processor.py:840} INFO - DAG(s) 'failed_lineage_dag' retrieved from /opt/airflow/dags/failed_lineage_dag.py
[2025-11-09T14:09:20.425+0000] {logging_mixin.py:188} INFO - [2025-11-09T14:09:20.425+0000] {dag.py:3036} INFO - Sync 1 DAGs
[2025-11-09T14:09:20.491+0000] {logging_mixin.py:188} INFO - [2025-11-09T14:09:20.491+0000] {dag.py:3823} INFO - Setting next_dagrun for failed_lineage_dag to None, run_after=None
[2025-11-09T14:09:20.576+0000] {processor.py:183} INFO - Processing /opt/airflow/dags/failed_lineage_dag.py took 0.336 seconds
[2025-11-09T14:09:51.359+0000] {processor.py:161} INFO - Started process (PID=1217) to work on /opt/airflow/dags/failed_lineage_dag.py
[2025-11-09T14:09:51.366+0000] {processor.py:830} INFO - Processing file /opt/airflow/dags/failed_lineage_dag.py for tasks to queue
[2025-11-09T14:09:51.372+0000] {logging_mixin.py:188} INFO - [2025-11-09T14:09:51.371+0000] {dagbag.py:538} INFO - Filling up the DagBag from /opt/airflow/dags/failed_lineage_dag.py
[2025-11-09T14:09:51.489+0000] {processor.py:840} INFO - DAG(s) 'failed_lineage_dag' retrieved from /opt/airflow/dags/failed_lineage_dag.py
[2025-11-09T14:09:51.631+0000] {logging_mixin.py:188} INFO - [2025-11-09T14:09:51.630+0000] {dag.py:3036} INFO - Sync 1 DAGs
[2025-11-09T14:09:51.697+0000] {logging_mixin.py:188} INFO - [2025-11-09T14:09:51.696+0000] {dag.py:3823} INFO - Setting next_dagrun for failed_lineage_dag to None, run_after=None
[2025-11-09T14:09:52.261+0000] {processor.py:183} INFO - Processing /opt/airflow/dags/failed_lineage_dag.py took 0.911 seconds
[2025-11-09T14:10:23.001+0000] {processor.py:161} INFO - Started process (PID=1227) to work on /opt/airflow/dags/failed_lineage_dag.py
[2025-11-09T14:10:23.003+0000] {processor.py:830} INFO - Processing file /opt/airflow/dags/failed_lineage_dag.py for tasks to queue
[2025-11-09T14:10:23.007+0000] {logging_mixin.py:188} INFO - [2025-11-09T14:10:23.006+0000] {dagbag.py:538} INFO - Filling up the DagBag from /opt/airflow/dags/failed_lineage_dag.py
[2025-11-09T14:10:23.083+0000] {processor.py:840} INFO - DAG(s) 'failed_lineage_dag' retrieved from /opt/airflow/dags/failed_lineage_dag.py
[2025-11-09T14:10:23.209+0000] {logging_mixin.py:188} INFO - [2025-11-09T14:10:23.209+0000] {dag.py:3036} INFO - Sync 1 DAGs
[2025-11-09T14:10:23.242+0000] {logging_mixin.py:188} INFO - [2025-11-09T14:10:23.242+0000] {dag.py:3823} INFO - Setting next_dagrun for failed_lineage_dag to None, run_after=None
[2025-11-09T14:10:23.527+0000] {processor.py:183} INFO - Processing /opt/airflow/dags/failed_lineage_dag.py took 0.532 seconds
[2025-11-09T14:10:54.255+0000] {processor.py:161} INFO - Started process (PID=1237) to work on /opt/airflow/dags/failed_lineage_dag.py
[2025-11-09T14:10:54.262+0000] {processor.py:830} INFO - Processing file /opt/airflow/dags/failed_lineage_dag.py for tasks to queue
[2025-11-09T14:10:54.264+0000] {logging_mixin.py:188} INFO - [2025-11-09T14:10:54.263+0000] {dagbag.py:538} INFO - Filling up the DagBag from /opt/airflow/dags/failed_lineage_dag.py
[2025-11-09T14:10:54.409+0000] {processor.py:840} INFO - DAG(s) 'failed_lineage_dag' retrieved from /opt/airflow/dags/failed_lineage_dag.py
[2025-11-09T14:10:54.524+0000] {logging_mixin.py:188} INFO - [2025-11-09T14:10:54.523+0000] {dag.py:3036} INFO - Sync 1 DAGs
[2025-11-09T14:10:54.567+0000] {logging_mixin.py:188} INFO - [2025-11-09T14:10:54.567+0000] {dag.py:3823} INFO - Setting next_dagrun for failed_lineage_dag to None, run_after=None
[2025-11-09T14:10:54.669+0000] {processor.py:183} INFO - Processing /opt/airflow/dags/failed_lineage_dag.py took 0.419 seconds
[2025-11-09T14:11:25.373+0000] {processor.py:161} INFO - Started process (PID=1247) to work on /opt/airflow/dags/failed_lineage_dag.py
[2025-11-09T14:11:25.376+0000] {processor.py:830} INFO - Processing file /opt/airflow/dags/failed_lineage_dag.py for tasks to queue
[2025-11-09T14:11:25.378+0000] {logging_mixin.py:188} INFO - [2025-11-09T14:11:25.378+0000] {dagbag.py:538} INFO - Filling up the DagBag from /opt/airflow/dags/failed_lineage_dag.py
[2025-11-09T14:11:25.458+0000] {processor.py:840} INFO - DAG(s) 'failed_lineage_dag' retrieved from /opt/airflow/dags/failed_lineage_dag.py
[2025-11-09T14:11:25.589+0000] {logging_mixin.py:188} INFO - [2025-11-09T14:11:25.589+0000] {dag.py:3036} INFO - Sync 1 DAGs
[2025-11-09T14:11:25.626+0000] {logging_mixin.py:188} INFO - [2025-11-09T14:11:25.625+0000] {dag.py:3823} INFO - Setting next_dagrun for failed_lineage_dag to None, run_after=None
[2025-11-09T14:11:25.724+0000] {processor.py:183} INFO - Processing /opt/airflow/dags/failed_lineage_dag.py took 0.362 seconds
[2025-11-09T14:11:56.725+0000] {processor.py:161} INFO - Started process (PID=1257) to work on /opt/airflow/dags/failed_lineage_dag.py
[2025-11-09T14:11:56.738+0000] {processor.py:830} INFO - Processing file /opt/airflow/dags/failed_lineage_dag.py for tasks to queue
[2025-11-09T14:11:56.741+0000] {logging_mixin.py:188} INFO - [2025-11-09T14:11:56.741+0000] {dagbag.py:538} INFO - Filling up the DagBag from /opt/airflow/dags/failed_lineage_dag.py
[2025-11-09T14:11:56.830+0000] {processor.py:840} INFO - DAG(s) 'failed_lineage_dag' retrieved from /opt/airflow/dags/failed_lineage_dag.py
[2025-11-09T14:11:56.947+0000] {logging_mixin.py:188} INFO - [2025-11-09T14:11:56.946+0000] {dag.py:3036} INFO - Sync 1 DAGs
[2025-11-09T14:11:57.162+0000] {logging_mixin.py:188} INFO - [2025-11-09T14:11:57.162+0000] {dag.py:3823} INFO - Setting next_dagrun for failed_lineage_dag to None, run_after=None
[2025-11-09T14:11:57.321+0000] {processor.py:183} INFO - Processing /opt/airflow/dags/failed_lineage_dag.py took 0.602 seconds
[2025-11-09T14:12:27.606+0000] {processor.py:161} INFO - Started process (PID=1267) to work on /opt/airflow/dags/failed_lineage_dag.py
[2025-11-09T14:12:27.608+0000] {processor.py:830} INFO - Processing file /opt/airflow/dags/failed_lineage_dag.py for tasks to queue
[2025-11-09T14:12:27.609+0000] {logging_mixin.py:188} INFO - [2025-11-09T14:12:27.609+0000] {dagbag.py:538} INFO - Filling up the DagBag from /opt/airflow/dags/failed_lineage_dag.py
[2025-11-09T14:12:27.634+0000] {processor.py:840} INFO - DAG(s) 'failed_lineage_dag' retrieved from /opt/airflow/dags/failed_lineage_dag.py
[2025-11-09T14:12:27.677+0000] {logging_mixin.py:188} INFO - [2025-11-09T14:12:27.676+0000] {dag.py:3036} INFO - Sync 1 DAGs
[2025-11-09T14:12:27.695+0000] {logging_mixin.py:188} INFO - [2025-11-09T14:12:27.694+0000] {dag.py:3823} INFO - Setting next_dagrun for failed_lineage_dag to None, run_after=None
[2025-11-09T14:12:27.727+0000] {processor.py:183} INFO - Processing /opt/airflow/dags/failed_lineage_dag.py took 0.124 seconds
[2025-11-09T14:12:58.332+0000] {processor.py:161} INFO - Started process (PID=1277) to work on /opt/airflow/dags/failed_lineage_dag.py
[2025-11-09T14:12:58.335+0000] {processor.py:830} INFO - Processing file /opt/airflow/dags/failed_lineage_dag.py for tasks to queue
[2025-11-09T14:12:58.338+0000] {logging_mixin.py:188} INFO - [2025-11-09T14:12:58.337+0000] {dagbag.py:538} INFO - Filling up the DagBag from /opt/airflow/dags/failed_lineage_dag.py
[2025-11-09T14:12:58.376+0000] {processor.py:840} INFO - DAG(s) 'failed_lineage_dag' retrieved from /opt/airflow/dags/failed_lineage_dag.py
[2025-11-09T14:12:58.487+0000] {logging_mixin.py:188} INFO - [2025-11-09T14:12:58.486+0000] {dag.py:3036} INFO - Sync 1 DAGs
[2025-11-09T14:12:58.544+0000] {logging_mixin.py:188} INFO - [2025-11-09T14:12:58.544+0000] {dag.py:3823} INFO - Setting next_dagrun for failed_lineage_dag to None, run_after=None
[2025-11-09T14:12:58.691+0000] {processor.py:183} INFO - Processing /opt/airflow/dags/failed_lineage_dag.py took 0.364 seconds
[2025-11-09T14:13:31.504+0000] {processor.py:161} INFO - Started process (PID=1287) to work on /opt/airflow/dags/failed_lineage_dag.py
[2025-11-09T14:13:31.567+0000] {processor.py:830} INFO - Processing file /opt/airflow/dags/failed_lineage_dag.py for tasks to queue
[2025-11-09T14:13:31.673+0000] {logging_mixin.py:188} INFO - [2025-11-09T14:13:31.621+0000] {dagbag.py:538} INFO - Filling up the DagBag from /opt/airflow/dags/failed_lineage_dag.py
[2025-11-09T14:13:34.292+0000] {processor.py:840} INFO - DAG(s) 'failed_lineage_dag' retrieved from /opt/airflow/dags/failed_lineage_dag.py
[2025-11-09T14:13:35.469+0000] {logging_mixin.py:188} INFO - [2025-11-09T14:13:35.468+0000] {dag.py:3036} INFO - Sync 1 DAGs
[2025-11-09T14:13:35.948+0000] {logging_mixin.py:188} INFO - [2025-11-09T14:13:35.948+0000] {dag.py:3823} INFO - Setting next_dagrun for failed_lineage_dag to None, run_after=None
[2025-11-09T14:13:36.537+0000] {processor.py:183} INFO - Processing /opt/airflow/dags/failed_lineage_dag.py took 6.103 seconds
[2025-11-09T14:14:07.567+0000] {processor.py:161} INFO - Started process (PID=1297) to work on /opt/airflow/dags/failed_lineage_dag.py
[2025-11-09T14:14:07.577+0000] {processor.py:830} INFO - Processing file /opt/airflow/dags/failed_lineage_dag.py for tasks to queue
[2025-11-09T14:14:07.600+0000] {logging_mixin.py:188} INFO - [2025-11-09T14:14:07.599+0000] {dagbag.py:538} INFO - Filling up the DagBag from /opt/airflow/dags/failed_lineage_dag.py
[2025-11-09T14:14:07.756+0000] {processor.py:840} INFO - DAG(s) 'failed_lineage_dag' retrieved from /opt/airflow/dags/failed_lineage_dag.py
[2025-11-09T14:14:07.905+0000] {logging_mixin.py:188} INFO - [2025-11-09T14:14:07.904+0000] {dag.py:3036} INFO - Sync 1 DAGs
[2025-11-09T14:14:07.952+0000] {logging_mixin.py:188} INFO - [2025-11-09T14:14:07.951+0000] {dag.py:3823} INFO - Setting next_dagrun for failed_lineage_dag to None, run_after=None
[2025-11-09T14:14:08.091+0000] {processor.py:183} INFO - Processing /opt/airflow/dags/failed_lineage_dag.py took 0.557 seconds
[2025-11-09T14:14:38.758+0000] {processor.py:161} INFO - Started process (PID=1307) to work on /opt/airflow/dags/failed_lineage_dag.py
[2025-11-09T14:14:38.762+0000] {processor.py:830} INFO - Processing file /opt/airflow/dags/failed_lineage_dag.py for tasks to queue
[2025-11-09T14:14:38.766+0000] {logging_mixin.py:188} INFO - [2025-11-09T14:14:38.763+0000] {dagbag.py:538} INFO - Filling up the DagBag from /opt/airflow/dags/failed_lineage_dag.py
[2025-11-09T14:14:38.857+0000] {processor.py:840} INFO - DAG(s) 'failed_lineage_dag' retrieved from /opt/airflow/dags/failed_lineage_dag.py
[2025-11-09T14:14:38.934+0000] {logging_mixin.py:188} INFO - [2025-11-09T14:14:38.933+0000] {dag.py:3036} INFO - Sync 1 DAGs
[2025-11-09T14:14:38.963+0000] {logging_mixin.py:188} INFO - [2025-11-09T14:14:38.962+0000] {dag.py:3823} INFO - Setting next_dagrun for failed_lineage_dag to None, run_after=None
[2025-11-09T14:14:39.033+0000] {processor.py:183} INFO - Processing /opt/airflow/dags/failed_lineage_dag.py took 0.290 seconds
[2025-11-09T14:15:09.473+0000] {processor.py:161} INFO - Started process (PID=1317) to work on /opt/airflow/dags/failed_lineage_dag.py
[2025-11-09T14:15:09.475+0000] {processor.py:830} INFO - Processing file /opt/airflow/dags/failed_lineage_dag.py for tasks to queue
[2025-11-09T14:15:09.478+0000] {logging_mixin.py:188} INFO - [2025-11-09T14:15:09.477+0000] {dagbag.py:538} INFO - Filling up the DagBag from /opt/airflow/dags/failed_lineage_dag.py
[2025-11-09T14:15:09.518+0000] {processor.py:840} INFO - DAG(s) 'failed_lineage_dag' retrieved from /opt/airflow/dags/failed_lineage_dag.py
[2025-11-09T14:15:09.565+0000] {logging_mixin.py:188} INFO - [2025-11-09T14:15:09.564+0000] {dag.py:3036} INFO - Sync 1 DAGs
[2025-11-09T14:15:09.587+0000] {logging_mixin.py:188} INFO - [2025-11-09T14:15:09.587+0000] {dag.py:3823} INFO - Setting next_dagrun for failed_lineage_dag to None, run_after=None
[2025-11-09T14:15:09.617+0000] {processor.py:183} INFO - Processing /opt/airflow/dags/failed_lineage_dag.py took 0.151 seconds
[2025-11-09T14:15:40.869+0000] {processor.py:161} INFO - Started process (PID=1327) to work on /opt/airflow/dags/failed_lineage_dag.py
[2025-11-09T14:15:40.871+0000] {processor.py:830} INFO - Processing file /opt/airflow/dags/failed_lineage_dag.py for tasks to queue
[2025-11-09T14:15:40.874+0000] {logging_mixin.py:188} INFO - [2025-11-09T14:15:40.873+0000] {dagbag.py:538} INFO - Filling up the DagBag from /opt/airflow/dags/failed_lineage_dag.py
[2025-11-09T14:15:40.905+0000] {processor.py:840} INFO - DAG(s) 'failed_lineage_dag' retrieved from /opt/airflow/dags/failed_lineage_dag.py
[2025-11-09T14:15:40.938+0000] {logging_mixin.py:188} INFO - [2025-11-09T14:15:40.938+0000] {dag.py:3036} INFO - Sync 1 DAGs
[2025-11-09T14:15:40.969+0000] {logging_mixin.py:188} INFO - [2025-11-09T14:15:40.969+0000] {dag.py:3823} INFO - Setting next_dagrun for failed_lineage_dag to None, run_after=None
[2025-11-09T14:15:41.002+0000] {processor.py:183} INFO - Processing /opt/airflow/dags/failed_lineage_dag.py took 0.136 seconds
[2025-11-09T14:16:11.562+0000] {processor.py:161} INFO - Started process (PID=1342) to work on /opt/airflow/dags/failed_lineage_dag.py
[2025-11-09T14:16:11.563+0000] {processor.py:830} INFO - Processing file /opt/airflow/dags/failed_lineage_dag.py for tasks to queue
[2025-11-09T14:16:11.565+0000] {logging_mixin.py:188} INFO - [2025-11-09T14:16:11.564+0000] {dagbag.py:538} INFO - Filling up the DagBag from /opt/airflow/dags/failed_lineage_dag.py
[2025-11-09T14:16:11.586+0000] {processor.py:840} INFO - DAG(s) 'failed_lineage_dag' retrieved from /opt/airflow/dags/failed_lineage_dag.py
[2025-11-09T14:16:11.618+0000] {logging_mixin.py:188} INFO - [2025-11-09T14:16:11.618+0000] {dag.py:3036} INFO - Sync 1 DAGs
[2025-11-09T14:16:11.630+0000] {logging_mixin.py:188} INFO - [2025-11-09T14:16:11.630+0000] {dag.py:3823} INFO - Setting next_dagrun for failed_lineage_dag to None, run_after=None
[2025-11-09T14:16:11.650+0000] {processor.py:183} INFO - Processing /opt/airflow/dags/failed_lineage_dag.py took 0.092 seconds
[2025-11-09T14:16:42.131+0000] {processor.py:161} INFO - Started process (PID=1352) to work on /opt/airflow/dags/failed_lineage_dag.py
[2025-11-09T14:16:42.132+0000] {processor.py:830} INFO - Processing file /opt/airflow/dags/failed_lineage_dag.py for tasks to queue
[2025-11-09T14:16:42.134+0000] {logging_mixin.py:188} INFO - [2025-11-09T14:16:42.134+0000] {dagbag.py:538} INFO - Filling up the DagBag from /opt/airflow/dags/failed_lineage_dag.py
[2025-11-09T14:16:42.168+0000] {processor.py:840} INFO - DAG(s) 'failed_lineage_dag' retrieved from /opt/airflow/dags/failed_lineage_dag.py
[2025-11-09T14:16:42.251+0000] {logging_mixin.py:188} INFO - [2025-11-09T14:16:42.242+0000] {dag.py:3036} INFO - Sync 1 DAGs
[2025-11-09T14:16:42.279+0000] {logging_mixin.py:188} INFO - [2025-11-09T14:16:42.278+0000] {dag.py:3823} INFO - Setting next_dagrun for failed_lineage_dag to None, run_after=None
[2025-11-09T14:16:42.313+0000] {processor.py:183} INFO - Processing /opt/airflow/dags/failed_lineage_dag.py took 0.187 seconds
[2025-11-09T14:17:12.705+0000] {processor.py:161} INFO - Started process (PID=1362) to work on /opt/airflow/dags/failed_lineage_dag.py
[2025-11-09T14:17:12.707+0000] {processor.py:830} INFO - Processing file /opt/airflow/dags/failed_lineage_dag.py for tasks to queue
[2025-11-09T14:17:12.708+0000] {logging_mixin.py:188} INFO - [2025-11-09T14:17:12.708+0000] {dagbag.py:538} INFO - Filling up the DagBag from /opt/airflow/dags/failed_lineage_dag.py
[2025-11-09T14:17:12.731+0000] {processor.py:840} INFO - DAG(s) 'failed_lineage_dag' retrieved from /opt/airflow/dags/failed_lineage_dag.py
[2025-11-09T14:17:12.772+0000] {logging_mixin.py:188} INFO - [2025-11-09T14:17:12.772+0000] {dag.py:3036} INFO - Sync 1 DAGs
[2025-11-09T14:17:12.787+0000] {logging_mixin.py:188} INFO - [2025-11-09T14:17:12.786+0000] {dag.py:3823} INFO - Setting next_dagrun for failed_lineage_dag to None, run_after=None
[2025-11-09T14:17:12.813+0000] {processor.py:183} INFO - Processing /opt/airflow/dags/failed_lineage_dag.py took 0.112 seconds
[2025-11-09T14:17:43.124+0000] {processor.py:161} INFO - Started process (PID=1372) to work on /opt/airflow/dags/failed_lineage_dag.py
[2025-11-09T14:17:43.125+0000] {processor.py:830} INFO - Processing file /opt/airflow/dags/failed_lineage_dag.py for tasks to queue
[2025-11-09T14:17:43.126+0000] {logging_mixin.py:188} INFO - [2025-11-09T14:17:43.126+0000] {dagbag.py:538} INFO - Filling up the DagBag from /opt/airflow/dags/failed_lineage_dag.py
[2025-11-09T14:17:43.146+0000] {processor.py:840} INFO - DAG(s) 'failed_lineage_dag' retrieved from /opt/airflow/dags/failed_lineage_dag.py
[2025-11-09T14:17:43.171+0000] {logging_mixin.py:188} INFO - [2025-11-09T14:17:43.171+0000] {dag.py:3036} INFO - Sync 1 DAGs
[2025-11-09T14:17:43.182+0000] {logging_mixin.py:188} INFO - [2025-11-09T14:17:43.181+0000] {dag.py:3823} INFO - Setting next_dagrun for failed_lineage_dag to None, run_after=None
[2025-11-09T14:17:43.204+0000] {processor.py:183} INFO - Processing /opt/airflow/dags/failed_lineage_dag.py took 0.084 seconds
[2025-11-09T14:18:13.663+0000] {processor.py:161} INFO - Started process (PID=1382) to work on /opt/airflow/dags/failed_lineage_dag.py
[2025-11-09T14:18:13.667+0000] {processor.py:830} INFO - Processing file /opt/airflow/dags/failed_lineage_dag.py for tasks to queue
[2025-11-09T14:18:13.670+0000] {logging_mixin.py:188} INFO - [2025-11-09T14:18:13.669+0000] {dagbag.py:538} INFO - Filling up the DagBag from /opt/airflow/dags/failed_lineage_dag.py
[2025-11-09T14:18:13.695+0000] {processor.py:840} INFO - DAG(s) 'failed_lineage_dag' retrieved from /opt/airflow/dags/failed_lineage_dag.py
[2025-11-09T14:18:13.732+0000] {logging_mixin.py:188} INFO - [2025-11-09T14:18:13.732+0000] {dag.py:3036} INFO - Sync 1 DAGs
[2025-11-09T14:18:13.754+0000] {logging_mixin.py:188} INFO - [2025-11-09T14:18:13.754+0000] {dag.py:3823} INFO - Setting next_dagrun for failed_lineage_dag to None, run_after=None
[2025-11-09T14:18:13.783+0000] {processor.py:183} INFO - Processing /opt/airflow/dags/failed_lineage_dag.py took 0.125 seconds
[2025-11-09T14:18:44.060+0000] {processor.py:161} INFO - Started process (PID=1387) to work on /opt/airflow/dags/failed_lineage_dag.py
[2025-11-09T14:18:44.062+0000] {processor.py:830} INFO - Processing file /opt/airflow/dags/failed_lineage_dag.py for tasks to queue
[2025-11-09T14:18:44.064+0000] {logging_mixin.py:188} INFO - [2025-11-09T14:18:44.063+0000] {dagbag.py:538} INFO - Filling up the DagBag from /opt/airflow/dags/failed_lineage_dag.py
[2025-11-09T14:18:44.086+0000] {processor.py:840} INFO - DAG(s) 'failed_lineage_dag' retrieved from /opt/airflow/dags/failed_lineage_dag.py
[2025-11-09T14:18:44.126+0000] {logging_mixin.py:188} INFO - [2025-11-09T14:18:44.125+0000] {dag.py:3036} INFO - Sync 1 DAGs
[2025-11-09T14:18:44.138+0000] {logging_mixin.py:188} INFO - [2025-11-09T14:18:44.138+0000] {dag.py:3823} INFO - Setting next_dagrun for failed_lineage_dag to None, run_after=None
[2025-11-09T14:18:44.207+0000] {processor.py:183} INFO - Processing /opt/airflow/dags/failed_lineage_dag.py took 0.150 seconds
[2025-11-09T14:19:14.504+0000] {processor.py:161} INFO - Started process (PID=1397) to work on /opt/airflow/dags/failed_lineage_dag.py
[2025-11-09T14:19:14.506+0000] {processor.py:830} INFO - Processing file /opt/airflow/dags/failed_lineage_dag.py for tasks to queue
[2025-11-09T14:19:14.508+0000] {logging_mixin.py:188} INFO - [2025-11-09T14:19:14.507+0000] {dagbag.py:538} INFO - Filling up the DagBag from /opt/airflow/dags/failed_lineage_dag.py
[2025-11-09T14:19:14.560+0000] {processor.py:840} INFO - DAG(s) 'failed_lineage_dag' retrieved from /opt/airflow/dags/failed_lineage_dag.py
[2025-11-09T14:19:14.643+0000] {logging_mixin.py:188} INFO - [2025-11-09T14:19:14.642+0000] {dag.py:3036} INFO - Sync 1 DAGs
[2025-11-09T14:19:14.670+0000] {logging_mixin.py:188} INFO - [2025-11-09T14:19:14.670+0000] {dag.py:3823} INFO - Setting next_dagrun for failed_lineage_dag to None, run_after=None
[2025-11-09T14:19:14.728+0000] {processor.py:183} INFO - Processing /opt/airflow/dags/failed_lineage_dag.py took 0.229 seconds
[2025-11-09T14:19:45.436+0000] {processor.py:161} INFO - Started process (PID=1407) to work on /opt/airflow/dags/failed_lineage_dag.py
[2025-11-09T14:19:45.446+0000] {processor.py:830} INFO - Processing file /opt/airflow/dags/failed_lineage_dag.py for tasks to queue
[2025-11-09T14:19:45.450+0000] {logging_mixin.py:188} INFO - [2025-11-09T14:19:45.450+0000] {dagbag.py:538} INFO - Filling up the DagBag from /opt/airflow/dags/failed_lineage_dag.py
[2025-11-09T14:19:45.506+0000] {processor.py:840} INFO - DAG(s) 'failed_lineage_dag' retrieved from /opt/airflow/dags/failed_lineage_dag.py
[2025-11-09T14:19:45.588+0000] {logging_mixin.py:188} INFO - [2025-11-09T14:19:45.588+0000] {dag.py:3036} INFO - Sync 1 DAGs
[2025-11-09T14:19:45.625+0000] {logging_mixin.py:188} INFO - [2025-11-09T14:19:45.625+0000] {dag.py:3823} INFO - Setting next_dagrun for failed_lineage_dag to None, run_after=None
[2025-11-09T14:19:45.699+0000] {processor.py:183} INFO - Processing /opt/airflow/dags/failed_lineage_dag.py took 0.273 seconds
[2025-11-09T14:20:15.864+0000] {processor.py:161} INFO - Started process (PID=1417) to work on /opt/airflow/dags/failed_lineage_dag.py
[2025-11-09T14:20:15.867+0000] {processor.py:830} INFO - Processing file /opt/airflow/dags/failed_lineage_dag.py for tasks to queue
[2025-11-09T14:20:15.868+0000] {logging_mixin.py:188} INFO - [2025-11-09T14:20:15.868+0000] {dagbag.py:538} INFO - Filling up the DagBag from /opt/airflow/dags/failed_lineage_dag.py
[2025-11-09T14:20:15.899+0000] {processor.py:840} INFO - DAG(s) 'failed_lineage_dag' retrieved from /opt/airflow/dags/failed_lineage_dag.py
[2025-11-09T14:20:15.937+0000] {logging_mixin.py:188} INFO - [2025-11-09T14:20:15.936+0000] {dag.py:3036} INFO - Sync 1 DAGs
[2025-11-09T14:20:15.953+0000] {logging_mixin.py:188} INFO - [2025-11-09T14:20:15.953+0000] {dag.py:3823} INFO - Setting next_dagrun for failed_lineage_dag to None, run_after=None
[2025-11-09T14:20:15.982+0000] {processor.py:183} INFO - Processing /opt/airflow/dags/failed_lineage_dag.py took 0.131 seconds
[2025-11-09T14:20:46.278+0000] {processor.py:161} INFO - Started process (PID=1427) to work on /opt/airflow/dags/failed_lineage_dag.py
[2025-11-09T14:20:46.279+0000] {processor.py:830} INFO - Processing file /opt/airflow/dags/failed_lineage_dag.py for tasks to queue
[2025-11-09T14:20:46.280+0000] {logging_mixin.py:188} INFO - [2025-11-09T14:20:46.280+0000] {dagbag.py:538} INFO - Filling up the DagBag from /opt/airflow/dags/failed_lineage_dag.py
[2025-11-09T14:20:46.298+0000] {processor.py:840} INFO - DAG(s) 'failed_lineage_dag' retrieved from /opt/airflow/dags/failed_lineage_dag.py
[2025-11-09T14:20:46.326+0000] {logging_mixin.py:188} INFO - [2025-11-09T14:20:46.325+0000] {dag.py:3036} INFO - Sync 1 DAGs
[2025-11-09T14:20:46.338+0000] {logging_mixin.py:188} INFO - [2025-11-09T14:20:46.338+0000] {dag.py:3823} INFO - Setting next_dagrun for failed_lineage_dag to None, run_after=None
[2025-11-09T14:20:46.360+0000] {processor.py:183} INFO - Processing /opt/airflow/dags/failed_lineage_dag.py took 0.087 seconds
[2025-11-09T14:21:17.279+0000] {processor.py:161} INFO - Started process (PID=1437) to work on /opt/airflow/dags/failed_lineage_dag.py
[2025-11-09T14:21:17.284+0000] {processor.py:830} INFO - Processing file /opt/airflow/dags/failed_lineage_dag.py for tasks to queue
[2025-11-09T14:21:17.302+0000] {logging_mixin.py:188} INFO - [2025-11-09T14:21:17.302+0000] {dagbag.py:538} INFO - Filling up the DagBag from /opt/airflow/dags/failed_lineage_dag.py
[2025-11-09T14:21:17.456+0000] {processor.py:840} INFO - DAG(s) 'failed_lineage_dag' retrieved from /opt/airflow/dags/failed_lineage_dag.py
[2025-11-09T14:21:18.492+0000] {logging_mixin.py:188} INFO - [2025-11-09T14:21:18.492+0000] {dag.py:3036} INFO - Sync 1 DAGs
[2025-11-09T14:21:18.541+0000] {logging_mixin.py:188} INFO - [2025-11-09T14:21:18.541+0000] {dag.py:3823} INFO - Setting next_dagrun for failed_lineage_dag to None, run_after=None
[2025-11-09T14:21:18.658+0000] {processor.py:183} INFO - Processing /opt/airflow/dags/failed_lineage_dag.py took 1.392 seconds
[2025-11-09T14:21:49.127+0000] {processor.py:161} INFO - Started process (PID=1447) to work on /opt/airflow/dags/failed_lineage_dag.py
[2025-11-09T14:21:49.128+0000] {processor.py:830} INFO - Processing file /opt/airflow/dags/failed_lineage_dag.py for tasks to queue
[2025-11-09T14:21:49.129+0000] {logging_mixin.py:188} INFO - [2025-11-09T14:21:49.129+0000] {dagbag.py:538} INFO - Filling up the DagBag from /opt/airflow/dags/failed_lineage_dag.py
[2025-11-09T14:21:49.151+0000] {processor.py:840} INFO - DAG(s) 'failed_lineage_dag' retrieved from /opt/airflow/dags/failed_lineage_dag.py
[2025-11-09T14:21:49.193+0000] {logging_mixin.py:188} INFO - [2025-11-09T14:21:49.193+0000] {dag.py:3036} INFO - Sync 1 DAGs
[2025-11-09T14:21:49.211+0000] {logging_mixin.py:188} INFO - [2025-11-09T14:21:49.210+0000] {dag.py:3823} INFO - Setting next_dagrun for failed_lineage_dag to None, run_after=None
[2025-11-09T14:21:49.236+0000] {processor.py:183} INFO - Processing /opt/airflow/dags/failed_lineage_dag.py took 0.114 seconds
[2025-11-09T14:22:19.913+0000] {processor.py:161} INFO - Started process (PID=1457) to work on /opt/airflow/dags/failed_lineage_dag.py
[2025-11-09T14:22:19.917+0000] {processor.py:830} INFO - Processing file /opt/airflow/dags/failed_lineage_dag.py for tasks to queue
[2025-11-09T14:22:19.920+0000] {logging_mixin.py:188} INFO - [2025-11-09T14:22:19.919+0000] {dagbag.py:538} INFO - Filling up the DagBag from /opt/airflow/dags/failed_lineage_dag.py
[2025-11-09T14:22:20.041+0000] {processor.py:840} INFO - DAG(s) 'failed_lineage_dag' retrieved from /opt/airflow/dags/failed_lineage_dag.py
[2025-11-09T14:22:20.742+0000] {logging_mixin.py:188} INFO - [2025-11-09T14:22:20.740+0000] {dag.py:3036} INFO - Sync 1 DAGs
[2025-11-09T14:22:21.038+0000] {logging_mixin.py:188} INFO - [2025-11-09T14:22:21.037+0000] {dag.py:3823} INFO - Setting next_dagrun for failed_lineage_dag to None, run_after=None
[2025-11-09T14:22:21.228+0000] {processor.py:183} INFO - Processing /opt/airflow/dags/failed_lineage_dag.py took 1.350 seconds
[2025-11-09T14:22:51.437+0000] {processor.py:161} INFO - Started process (PID=1467) to work on /opt/airflow/dags/failed_lineage_dag.py
[2025-11-09T14:22:51.438+0000] {processor.py:830} INFO - Processing file /opt/airflow/dags/failed_lineage_dag.py for tasks to queue
[2025-11-09T14:22:51.440+0000] {logging_mixin.py:188} INFO - [2025-11-09T14:22:51.439+0000] {dagbag.py:538} INFO - Filling up the DagBag from /opt/airflow/dags/failed_lineage_dag.py
[2025-11-09T14:22:51.492+0000] {processor.py:840} INFO - DAG(s) 'failed_lineage_dag' retrieved from /opt/airflow/dags/failed_lineage_dag.py
[2025-11-09T14:22:51.563+0000] {logging_mixin.py:188} INFO - [2025-11-09T14:22:51.563+0000] {dag.py:3036} INFO - Sync 1 DAGs
[2025-11-09T14:22:51.589+0000] {logging_mixin.py:188} INFO - [2025-11-09T14:22:51.589+0000] {dag.py:3823} INFO - Setting next_dagrun for failed_lineage_dag to None, run_after=None
[2025-11-09T14:22:51.630+0000] {processor.py:183} INFO - Processing /opt/airflow/dags/failed_lineage_dag.py took 0.199 seconds
[2025-11-09T14:23:22.592+0000] {processor.py:161} INFO - Started process (PID=1477) to work on /opt/airflow/dags/failed_lineage_dag.py
[2025-11-09T14:23:22.594+0000] {processor.py:830} INFO - Processing file /opt/airflow/dags/failed_lineage_dag.py for tasks to queue
[2025-11-09T14:23:22.599+0000] {logging_mixin.py:188} INFO - [2025-11-09T14:23:22.599+0000] {dagbag.py:538} INFO - Filling up the DagBag from /opt/airflow/dags/failed_lineage_dag.py
[2025-11-09T14:23:22.630+0000] {processor.py:840} INFO - DAG(s) 'failed_lineage_dag' retrieved from /opt/airflow/dags/failed_lineage_dag.py
[2025-11-09T14:23:22.756+0000] {logging_mixin.py:188} INFO - [2025-11-09T14:23:22.756+0000] {dag.py:3036} INFO - Sync 1 DAGs
[2025-11-09T14:23:22.779+0000] {logging_mixin.py:188} INFO - [2025-11-09T14:23:22.779+0000] {dag.py:3823} INFO - Setting next_dagrun for failed_lineage_dag to None, run_after=None
[2025-11-09T14:23:22.822+0000] {processor.py:183} INFO - Processing /opt/airflow/dags/failed_lineage_dag.py took 0.234 seconds
[2025-11-09T14:23:53.729+0000] {processor.py:161} INFO - Started process (PID=1487) to work on /opt/airflow/dags/failed_lineage_dag.py
[2025-11-09T14:23:53.739+0000] {processor.py:830} INFO - Processing file /opt/airflow/dags/failed_lineage_dag.py for tasks to queue
[2025-11-09T14:23:53.742+0000] {logging_mixin.py:188} INFO - [2025-11-09T14:23:53.742+0000] {dagbag.py:538} INFO - Filling up the DagBag from /opt/airflow/dags/failed_lineage_dag.py
[2025-11-09T14:23:53.941+0000] {processor.py:840} INFO - DAG(s) 'failed_lineage_dag' retrieved from /opt/airflow/dags/failed_lineage_dag.py
[2025-11-09T14:23:54.245+0000] {logging_mixin.py:188} INFO - [2025-11-09T14:23:54.245+0000] {dag.py:3036} INFO - Sync 1 DAGs
[2025-11-09T14:23:54.318+0000] {logging_mixin.py:188} INFO - [2025-11-09T14:23:54.318+0000] {dag.py:3823} INFO - Setting next_dagrun for failed_lineage_dag to None, run_after=None
[2025-11-09T14:23:54.462+0000] {processor.py:183} INFO - Processing /opt/airflow/dags/failed_lineage_dag.py took 0.740 seconds
[2025-11-09T14:24:24.736+0000] {processor.py:161} INFO - Started process (PID=1497) to work on /opt/airflow/dags/failed_lineage_dag.py
[2025-11-09T14:24:24.738+0000] {processor.py:830} INFO - Processing file /opt/airflow/dags/failed_lineage_dag.py for tasks to queue
[2025-11-09T14:24:24.740+0000] {logging_mixin.py:188} INFO - [2025-11-09T14:24:24.739+0000] {dagbag.py:538} INFO - Filling up the DagBag from /opt/airflow/dags/failed_lineage_dag.py
[2025-11-09T14:24:24.764+0000] {processor.py:840} INFO - DAG(s) 'failed_lineage_dag' retrieved from /opt/airflow/dags/failed_lineage_dag.py
[2025-11-09T14:24:24.827+0000] {logging_mixin.py:188} INFO - [2025-11-09T14:24:24.827+0000] {dag.py:3036} INFO - Sync 1 DAGs
[2025-11-09T14:24:24.850+0000] {logging_mixin.py:188} INFO - [2025-11-09T14:24:24.850+0000] {dag.py:3823} INFO - Setting next_dagrun for failed_lineage_dag to None, run_after=None
[2025-11-09T14:24:24.906+0000] {processor.py:183} INFO - Processing /opt/airflow/dags/failed_lineage_dag.py took 0.174 seconds
[2025-11-09T14:24:55.294+0000] {processor.py:161} INFO - Started process (PID=1507) to work on /opt/airflow/dags/failed_lineage_dag.py
[2025-11-09T14:24:55.317+0000] {processor.py:830} INFO - Processing file /opt/airflow/dags/failed_lineage_dag.py for tasks to queue
[2025-11-09T14:24:55.334+0000] {logging_mixin.py:188} INFO - [2025-11-09T14:24:55.333+0000] {dagbag.py:538} INFO - Filling up the DagBag from /opt/airflow/dags/failed_lineage_dag.py
[2025-11-09T14:24:55.407+0000] {processor.py:840} INFO - DAG(s) 'failed_lineage_dag' retrieved from /opt/airflow/dags/failed_lineage_dag.py
[2025-11-09T14:24:55.464+0000] {logging_mixin.py:188} INFO - [2025-11-09T14:24:55.464+0000] {dag.py:3036} INFO - Sync 1 DAGs
[2025-11-09T14:24:55.483+0000] {logging_mixin.py:188} INFO - [2025-11-09T14:24:55.482+0000] {dag.py:3823} INFO - Setting next_dagrun for failed_lineage_dag to None, run_after=None
[2025-11-09T14:24:55.551+0000] {processor.py:183} INFO - Processing /opt/airflow/dags/failed_lineage_dag.py took 0.261 seconds
[2025-11-09T14:25:25.931+0000] {processor.py:161} INFO - Started process (PID=1517) to work on /opt/airflow/dags/failed_lineage_dag.py
[2025-11-09T14:25:25.933+0000] {processor.py:830} INFO - Processing file /opt/airflow/dags/failed_lineage_dag.py for tasks to queue
[2025-11-09T14:25:25.936+0000] {logging_mixin.py:188} INFO - [2025-11-09T14:25:25.934+0000] {dagbag.py:538} INFO - Filling up the DagBag from /opt/airflow/dags/failed_lineage_dag.py
[2025-11-09T14:25:25.960+0000] {processor.py:840} INFO - DAG(s) 'failed_lineage_dag' retrieved from /opt/airflow/dags/failed_lineage_dag.py
[2025-11-09T14:25:25.994+0000] {logging_mixin.py:188} INFO - [2025-11-09T14:25:25.994+0000] {dag.py:3036} INFO - Sync 1 DAGs
[2025-11-09T14:25:26.009+0000] {logging_mixin.py:188} INFO - [2025-11-09T14:25:26.009+0000] {dag.py:3823} INFO - Setting next_dagrun for failed_lineage_dag to None, run_after=None
[2025-11-09T14:25:26.034+0000] {processor.py:183} INFO - Processing /opt/airflow/dags/failed_lineage_dag.py took 0.108 seconds
[2025-11-09T14:25:56.409+0000] {processor.py:161} INFO - Started process (PID=1527) to work on /opt/airflow/dags/failed_lineage_dag.py
[2025-11-09T14:25:56.411+0000] {processor.py:830} INFO - Processing file /opt/airflow/dags/failed_lineage_dag.py for tasks to queue
[2025-11-09T14:25:56.412+0000] {logging_mixin.py:188} INFO - [2025-11-09T14:25:56.412+0000] {dagbag.py:538} INFO - Filling up the DagBag from /opt/airflow/dags/failed_lineage_dag.py
[2025-11-09T14:25:56.696+0000] {processor.py:840} INFO - DAG(s) 'failed_lineage_dag' retrieved from /opt/airflow/dags/failed_lineage_dag.py
[2025-11-09T14:25:56.869+0000] {logging_mixin.py:188} INFO - [2025-11-09T14:25:56.868+0000] {dag.py:3036} INFO - Sync 1 DAGs
[2025-11-09T14:25:56.967+0000] {logging_mixin.py:188} INFO - [2025-11-09T14:25:56.967+0000] {dag.py:3823} INFO - Setting next_dagrun for failed_lineage_dag to None, run_after=None
[2025-11-09T14:25:57.139+0000] {processor.py:183} INFO - Processing /opt/airflow/dags/failed_lineage_dag.py took 0.745 seconds
[2025-11-09T14:26:27.553+0000] {processor.py:161} INFO - Started process (PID=1537) to work on /opt/airflow/dags/failed_lineage_dag.py
[2025-11-09T14:26:27.559+0000] {processor.py:830} INFO - Processing file /opt/airflow/dags/failed_lineage_dag.py for tasks to queue
[2025-11-09T14:26:27.566+0000] {logging_mixin.py:188} INFO - [2025-11-09T14:26:27.563+0000] {dagbag.py:538} INFO - Filling up the DagBag from /opt/airflow/dags/failed_lineage_dag.py
[2025-11-09T14:26:27.661+0000] {processor.py:840} INFO - DAG(s) 'failed_lineage_dag' retrieved from /opt/airflow/dags/failed_lineage_dag.py
[2025-11-09T14:26:27.795+0000] {logging_mixin.py:188} INFO - [2025-11-09T14:26:27.795+0000] {dag.py:3036} INFO - Sync 1 DAGs
[2025-11-09T14:26:27.827+0000] {logging_mixin.py:188} INFO - [2025-11-09T14:26:27.827+0000] {dag.py:3823} INFO - Setting next_dagrun for failed_lineage_dag to None, run_after=None
[2025-11-09T14:26:27.902+0000] {processor.py:183} INFO - Processing /opt/airflow/dags/failed_lineage_dag.py took 0.364 seconds
[2025-11-09T14:26:59.437+0000] {processor.py:161} INFO - Started process (PID=1547) to work on /opt/airflow/dags/failed_lineage_dag.py
[2025-11-09T14:26:59.498+0000] {processor.py:830} INFO - Processing file /opt/airflow/dags/failed_lineage_dag.py for tasks to queue
[2025-11-09T14:26:59.599+0000] {logging_mixin.py:188} INFO - [2025-11-09T14:26:59.548+0000] {dagbag.py:538} INFO - Filling up the DagBag from /opt/airflow/dags/failed_lineage_dag.py
[2025-11-09T14:27:00.504+0000] {processor.py:840} INFO - DAG(s) 'failed_lineage_dag' retrieved from /opt/airflow/dags/failed_lineage_dag.py
[2025-11-09T14:27:01.022+0000] {logging_mixin.py:188} INFO - [2025-11-09T14:27:01.021+0000] {dag.py:3036} INFO - Sync 1 DAGs
[2025-11-09T14:27:01.205+0000] {logging_mixin.py:188} INFO - [2025-11-09T14:27:01.205+0000] {dag.py:3823} INFO - Setting next_dagrun for failed_lineage_dag to None, run_after=None
[2025-11-09T14:27:01.432+0000] {processor.py:183} INFO - Processing /opt/airflow/dags/failed_lineage_dag.py took 2.063 seconds
[2025-11-09T14:27:32.446+0000] {processor.py:161} INFO - Started process (PID=1557) to work on /opt/airflow/dags/failed_lineage_dag.py
[2025-11-09T14:27:32.450+0000] {processor.py:830} INFO - Processing file /opt/airflow/dags/failed_lineage_dag.py for tasks to queue
[2025-11-09T14:27:32.454+0000] {logging_mixin.py:188} INFO - [2025-11-09T14:27:32.452+0000] {dagbag.py:538} INFO - Filling up the DagBag from /opt/airflow/dags/failed_lineage_dag.py
[2025-11-09T14:27:32.561+0000] {processor.py:840} INFO - DAG(s) 'failed_lineage_dag' retrieved from /opt/airflow/dags/failed_lineage_dag.py
[2025-11-09T14:27:32.645+0000] {logging_mixin.py:188} INFO - [2025-11-09T14:27:32.644+0000] {dag.py:3036} INFO - Sync 1 DAGs
[2025-11-09T14:27:32.676+0000] {logging_mixin.py:188} INFO - [2025-11-09T14:27:32.675+0000] {dag.py:3823} INFO - Setting next_dagrun for failed_lineage_dag to None, run_after=None
[2025-11-09T14:27:32.718+0000] {processor.py:183} INFO - Processing /opt/airflow/dags/failed_lineage_dag.py took 0.291 seconds
[2025-11-09T14:28:03.322+0000] {processor.py:161} INFO - Started process (PID=1567) to work on /opt/airflow/dags/failed_lineage_dag.py
[2025-11-09T14:28:03.326+0000] {processor.py:830} INFO - Processing file /opt/airflow/dags/failed_lineage_dag.py for tasks to queue
[2025-11-09T14:28:03.332+0000] {logging_mixin.py:188} INFO - [2025-11-09T14:28:03.331+0000] {dagbag.py:538} INFO - Filling up the DagBag from /opt/airflow/dags/failed_lineage_dag.py
[2025-11-09T14:28:03.372+0000] {processor.py:840} INFO - DAG(s) 'failed_lineage_dag' retrieved from /opt/airflow/dags/failed_lineage_dag.py
[2025-11-09T14:28:03.421+0000] {logging_mixin.py:188} INFO - [2025-11-09T14:28:03.420+0000] {dag.py:3036} INFO - Sync 1 DAGs
[2025-11-09T14:28:03.450+0000] {logging_mixin.py:188} INFO - [2025-11-09T14:28:03.449+0000] {dag.py:3823} INFO - Setting next_dagrun for failed_lineage_dag to None, run_after=None
[2025-11-09T14:28:03.509+0000] {processor.py:183} INFO - Processing /opt/airflow/dags/failed_lineage_dag.py took 0.192 seconds
[2025-11-09T14:28:34.024+0000] {processor.py:161} INFO - Started process (PID=1577) to work on /opt/airflow/dags/failed_lineage_dag.py
[2025-11-09T14:28:34.031+0000] {processor.py:830} INFO - Processing file /opt/airflow/dags/failed_lineage_dag.py for tasks to queue
[2025-11-09T14:28:34.036+0000] {logging_mixin.py:188} INFO - [2025-11-09T14:28:34.035+0000] {dagbag.py:538} INFO - Filling up the DagBag from /opt/airflow/dags/failed_lineage_dag.py
[2025-11-09T14:28:34.083+0000] {processor.py:840} INFO - DAG(s) 'failed_lineage_dag' retrieved from /opt/airflow/dags/failed_lineage_dag.py
[2025-11-09T14:28:34.145+0000] {logging_mixin.py:188} INFO - [2025-11-09T14:28:34.139+0000] {dag.py:3036} INFO - Sync 1 DAGs
[2025-11-09T14:28:34.184+0000] {logging_mixin.py:188} INFO - [2025-11-09T14:28:34.184+0000] {dag.py:3823} INFO - Setting next_dagrun for failed_lineage_dag to None, run_after=None
[2025-11-09T14:28:34.274+0000] {processor.py:183} INFO - Processing /opt/airflow/dags/failed_lineage_dag.py took 0.253 seconds
[2025-11-09T14:29:04.455+0000] {processor.py:161} INFO - Started process (PID=1587) to work on /opt/airflow/dags/failed_lineage_dag.py
[2025-11-09T14:29:04.464+0000] {processor.py:830} INFO - Processing file /opt/airflow/dags/failed_lineage_dag.py for tasks to queue
[2025-11-09T14:29:04.471+0000] {logging_mixin.py:188} INFO - [2025-11-09T14:29:04.470+0000] {dagbag.py:538} INFO - Filling up the DagBag from /opt/airflow/dags/failed_lineage_dag.py
[2025-11-09T14:29:04.520+0000] {processor.py:840} INFO - DAG(s) 'failed_lineage_dag' retrieved from /opt/airflow/dags/failed_lineage_dag.py
[2025-11-09T14:29:04.799+0000] {logging_mixin.py:188} INFO - [2025-11-09T14:29:04.799+0000] {dag.py:3036} INFO - Sync 1 DAGs
[2025-11-09T14:29:04.841+0000] {logging_mixin.py:188} INFO - [2025-11-09T14:29:04.837+0000] {dag.py:3823} INFO - Setting next_dagrun for failed_lineage_dag to None, run_after=None
[2025-11-09T14:29:04.910+0000] {processor.py:183} INFO - Processing /opt/airflow/dags/failed_lineage_dag.py took 0.459 seconds
[2025-11-09T14:29:37.372+0000] {processor.py:161} INFO - Started process (PID=1597) to work on /opt/airflow/dags/failed_lineage_dag.py
[2025-11-09T14:29:37.411+0000] {processor.py:830} INFO - Processing file /opt/airflow/dags/failed_lineage_dag.py for tasks to queue
[2025-11-09T14:29:37.439+0000] {logging_mixin.py:188} INFO - [2025-11-09T14:29:37.438+0000] {dagbag.py:538} INFO - Filling up the DagBag from /opt/airflow/dags/failed_lineage_dag.py
[2025-11-09T14:29:38.006+0000] {processor.py:840} INFO - DAG(s) 'failed_lineage_dag' retrieved from /opt/airflow/dags/failed_lineage_dag.py
[2025-11-09T14:29:39.289+0000] {logging_mixin.py:188} INFO - [2025-11-09T14:29:39.289+0000] {dag.py:3036} INFO - Sync 1 DAGs
[2025-11-09T14:29:39.406+0000] {logging_mixin.py:188} INFO - [2025-11-09T14:29:39.406+0000] {dag.py:3823} INFO - Setting next_dagrun for failed_lineage_dag to None, run_after=None
[2025-11-09T14:29:39.972+0000] {processor.py:183} INFO - Processing /opt/airflow/dags/failed_lineage_dag.py took 2.647 seconds
[2025-11-09T14:30:12.354+0000] {processor.py:161} INFO - Started process (PID=1625) to work on /opt/airflow/dags/failed_lineage_dag.py
[2025-11-09T14:30:12.389+0000] {processor.py:830} INFO - Processing file /opt/airflow/dags/failed_lineage_dag.py for tasks to queue
[2025-11-09T14:30:12.400+0000] {logging_mixin.py:188} INFO - [2025-11-09T14:30:12.399+0000] {dagbag.py:538} INFO - Filling up the DagBag from /opt/airflow/dags/failed_lineage_dag.py
[2025-11-09T14:30:12.650+0000] {processor.py:840} INFO - DAG(s) 'failed_lineage_dag' retrieved from /opt/airflow/dags/failed_lineage_dag.py
[2025-11-09T14:30:12.889+0000] {logging_mixin.py:188} INFO - [2025-11-09T14:30:12.888+0000] {dag.py:3036} INFO - Sync 1 DAGs
[2025-11-09T14:30:13.002+0000] {logging_mixin.py:188} INFO - [2025-11-09T14:30:13.001+0000] {dag.py:3823} INFO - Setting next_dagrun for failed_lineage_dag to None, run_after=None
[2025-11-09T14:30:13.168+0000] {processor.py:183} INFO - Processing /opt/airflow/dags/failed_lineage_dag.py took 0.825 seconds
[2025-11-09T14:30:45.531+0000] {processor.py:161} INFO - Started process (PID=1635) to work on /opt/airflow/dags/failed_lineage_dag.py
[2025-11-09T14:30:45.533+0000] {processor.py:830} INFO - Processing file /opt/airflow/dags/failed_lineage_dag.py for tasks to queue
[2025-11-09T14:30:45.537+0000] {logging_mixin.py:188} INFO - [2025-11-09T14:30:45.536+0000] {dagbag.py:538} INFO - Filling up the DagBag from /opt/airflow/dags/failed_lineage_dag.py
[2025-11-09T14:30:45.560+0000] {processor.py:840} INFO - DAG(s) 'failed_lineage_dag' retrieved from /opt/airflow/dags/failed_lineage_dag.py
[2025-11-09T14:30:45.594+0000] {logging_mixin.py:188} INFO - [2025-11-09T14:30:45.594+0000] {dag.py:3036} INFO - Sync 1 DAGs
[2025-11-09T14:30:45.610+0000] {logging_mixin.py:188} INFO - [2025-11-09T14:30:45.610+0000] {dag.py:3823} INFO - Setting next_dagrun for failed_lineage_dag to None, run_after=None
[2025-11-09T14:30:45.671+0000] {processor.py:183} INFO - Processing /opt/airflow/dags/failed_lineage_dag.py took 0.144 seconds
[2025-11-09T14:31:16.681+0000] {processor.py:161} INFO - Started process (PID=1645) to work on /opt/airflow/dags/failed_lineage_dag.py
[2025-11-09T14:31:16.695+0000] {processor.py:830} INFO - Processing file /opt/airflow/dags/failed_lineage_dag.py for tasks to queue
[2025-11-09T14:31:16.699+0000] {logging_mixin.py:188} INFO - [2025-11-09T14:31:16.698+0000] {dagbag.py:538} INFO - Filling up the DagBag from /opt/airflow/dags/failed_lineage_dag.py
[2025-11-09T14:31:16.851+0000] {processor.py:840} INFO - DAG(s) 'failed_lineage_dag' retrieved from /opt/airflow/dags/failed_lineage_dag.py
[2025-11-09T14:31:16.975+0000] {logging_mixin.py:188} INFO - [2025-11-09T14:31:16.960+0000] {dag.py:3036} INFO - Sync 1 DAGs
[2025-11-09T14:31:17.016+0000] {logging_mixin.py:188} INFO - [2025-11-09T14:31:17.016+0000] {dag.py:3823} INFO - Setting next_dagrun for failed_lineage_dag to None, run_after=None
[2025-11-09T14:31:17.083+0000] {processor.py:183} INFO - Processing /opt/airflow/dags/failed_lineage_dag.py took 0.413 seconds
[2025-11-09T14:32:06.261+0000] {processor.py:161} INFO - Started process (PID=1655) to work on /opt/airflow/dags/failed_lineage_dag.py
[2025-11-09T14:32:06.367+0000] {processor.py:830} INFO - Processing file /opt/airflow/dags/failed_lineage_dag.py for tasks to queue
[2025-11-09T14:32:06.513+0000] {logging_mixin.py:188} INFO - [2025-11-09T14:32:06.477+0000] {dagbag.py:538} INFO - Filling up the DagBag from /opt/airflow/dags/failed_lineage_dag.py
[2025-11-09T14:32:07.454+0000] {processor.py:840} INFO - DAG(s) 'failed_lineage_dag' retrieved from /opt/airflow/dags/failed_lineage_dag.py
[2025-11-09T14:32:08.699+0000] {logging_mixin.py:188} INFO - [2025-11-09T14:32:08.698+0000] {dag.py:3036} INFO - Sync 1 DAGs
[2025-11-09T14:32:08.868+0000] {logging_mixin.py:188} INFO - [2025-11-09T14:32:08.867+0000] {dag.py:3823} INFO - Setting next_dagrun for failed_lineage_dag to None, run_after=None
[2025-11-09T14:32:09.099+0000] {processor.py:183} INFO - Processing /opt/airflow/dags/failed_lineage_dag.py took 3.885 seconds
[2025-11-09T14:32:42.408+0000] {processor.py:161} INFO - Started process (PID=1668) to work on /opt/airflow/dags/failed_lineage_dag.py
[2025-11-09T14:32:42.440+0000] {processor.py:830} INFO - Processing file /opt/airflow/dags/failed_lineage_dag.py for tasks to queue
[2025-11-09T14:32:42.532+0000] {logging_mixin.py:188} INFO - [2025-11-09T14:32:42.531+0000] {dagbag.py:538} INFO - Filling up the DagBag from /opt/airflow/dags/failed_lineage_dag.py
[2025-11-09T14:32:43.441+0000] {processor.py:840} INFO - DAG(s) 'failed_lineage_dag' retrieved from /opt/airflow/dags/failed_lineage_dag.py
[2025-11-09T14:32:43.871+0000] {logging_mixin.py:188} INFO - [2025-11-09T14:32:43.871+0000] {dag.py:3036} INFO - Sync 1 DAGs
[2025-11-09T14:32:44.114+0000] {logging_mixin.py:188} INFO - [2025-11-09T14:32:44.114+0000] {dag.py:3823} INFO - Setting next_dagrun for failed_lineage_dag to None, run_after=None
[2025-11-09T14:32:44.176+0000] {processor.py:183} INFO - Processing /opt/airflow/dags/failed_lineage_dag.py took 1.773 seconds
[2025-11-09T14:33:17.906+0000] {processor.py:161} INFO - Started process (PID=1675) to work on /opt/airflow/dags/failed_lineage_dag.py
[2025-11-09T14:33:17.908+0000] {processor.py:830} INFO - Processing file /opt/airflow/dags/failed_lineage_dag.py for tasks to queue
[2025-11-09T14:33:17.948+0000] {logging_mixin.py:188} INFO - [2025-11-09T14:33:17.947+0000] {dagbag.py:538} INFO - Filling up the DagBag from /opt/airflow/dags/failed_lineage_dag.py
[2025-11-09T14:33:18.408+0000] {processor.py:840} INFO - DAG(s) 'failed_lineage_dag' retrieved from /opt/airflow/dags/failed_lineage_dag.py
[2025-11-09T14:33:18.614+0000] {logging_mixin.py:188} INFO - [2025-11-09T14:33:18.613+0000] {dag.py:3036} INFO - Sync 1 DAGs
[2025-11-09T14:33:18.965+0000] {logging_mixin.py:188} INFO - [2025-11-09T14:33:18.965+0000] {dag.py:3823} INFO - Setting next_dagrun for failed_lineage_dag to None, run_after=None
[2025-11-09T14:33:19.206+0000] {processor.py:183} INFO - Processing /opt/airflow/dags/failed_lineage_dag.py took 1.322 seconds
[2025-11-09T14:33:49.721+0000] {processor.py:161} INFO - Started process (PID=1685) to work on /opt/airflow/dags/failed_lineage_dag.py
[2025-11-09T14:33:49.723+0000] {processor.py:830} INFO - Processing file /opt/airflow/dags/failed_lineage_dag.py for tasks to queue
[2025-11-09T14:33:49.724+0000] {logging_mixin.py:188} INFO - [2025-11-09T14:33:49.724+0000] {dagbag.py:538} INFO - Filling up the DagBag from /opt/airflow/dags/failed_lineage_dag.py
[2025-11-09T14:33:49.829+0000] {processor.py:840} INFO - DAG(s) 'failed_lineage_dag' retrieved from /opt/airflow/dags/failed_lineage_dag.py
[2025-11-09T14:33:49.960+0000] {logging_mixin.py:188} INFO - [2025-11-09T14:33:49.959+0000] {dag.py:3036} INFO - Sync 1 DAGs
[2025-11-09T14:33:49.997+0000] {logging_mixin.py:188} INFO - [2025-11-09T14:33:49.996+0000] {dag.py:3823} INFO - Setting next_dagrun for failed_lineage_dag to None, run_after=None
[2025-11-09T14:33:50.073+0000] {processor.py:183} INFO - Processing /opt/airflow/dags/failed_lineage_dag.py took 0.358 seconds
[2025-11-09T14:34:20.736+0000] {processor.py:161} INFO - Started process (PID=1695) to work on /opt/airflow/dags/failed_lineage_dag.py
[2025-11-09T14:34:20.738+0000] {processor.py:830} INFO - Processing file /opt/airflow/dags/failed_lineage_dag.py for tasks to queue
[2025-11-09T14:34:20.741+0000] {logging_mixin.py:188} INFO - [2025-11-09T14:34:20.740+0000] {dagbag.py:538} INFO - Filling up the DagBag from /opt/airflow/dags/failed_lineage_dag.py
[2025-11-09T14:34:20.835+0000] {processor.py:840} INFO - DAG(s) 'failed_lineage_dag' retrieved from /opt/airflow/dags/failed_lineage_dag.py
[2025-11-09T14:34:20.908+0000] {logging_mixin.py:188} INFO - [2025-11-09T14:34:20.908+0000] {dag.py:3036} INFO - Sync 1 DAGs
[2025-11-09T14:34:20.932+0000] {logging_mixin.py:188} INFO - [2025-11-09T14:34:20.932+0000] {dag.py:3823} INFO - Setting next_dagrun for failed_lineage_dag to None, run_after=None
[2025-11-09T14:34:20.966+0000] {processor.py:183} INFO - Processing /opt/airflow/dags/failed_lineage_dag.py took 0.236 seconds
[2025-11-09T14:34:51.372+0000] {processor.py:161} INFO - Started process (PID=1705) to work on /opt/airflow/dags/failed_lineage_dag.py
[2025-11-09T14:34:51.373+0000] {processor.py:830} INFO - Processing file /opt/airflow/dags/failed_lineage_dag.py for tasks to queue
[2025-11-09T14:34:51.375+0000] {logging_mixin.py:188} INFO - [2025-11-09T14:34:51.375+0000] {dagbag.py:538} INFO - Filling up the DagBag from /opt/airflow/dags/failed_lineage_dag.py
[2025-11-09T14:34:51.402+0000] {processor.py:840} INFO - DAG(s) 'failed_lineage_dag' retrieved from /opt/airflow/dags/failed_lineage_dag.py
[2025-11-09T14:34:51.438+0000] {logging_mixin.py:188} INFO - [2025-11-09T14:34:51.437+0000] {dag.py:3036} INFO - Sync 1 DAGs
[2025-11-09T14:34:51.456+0000] {logging_mixin.py:188} INFO - [2025-11-09T14:34:51.455+0000] {dag.py:3823} INFO - Setting next_dagrun for failed_lineage_dag to None, run_after=None
[2025-11-09T14:34:51.487+0000] {processor.py:183} INFO - Processing /opt/airflow/dags/failed_lineage_dag.py took 0.119 seconds
[2025-11-09T14:35:22.130+0000] {processor.py:161} INFO - Started process (PID=1715) to work on /opt/airflow/dags/failed_lineage_dag.py
[2025-11-09T14:35:22.136+0000] {processor.py:830} INFO - Processing file /opt/airflow/dags/failed_lineage_dag.py for tasks to queue
[2025-11-09T14:35:22.143+0000] {logging_mixin.py:188} INFO - [2025-11-09T14:35:22.143+0000] {dagbag.py:538} INFO - Filling up the DagBag from /opt/airflow/dags/failed_lineage_dag.py
[2025-11-09T14:35:22.186+0000] {processor.py:840} INFO - DAG(s) 'failed_lineage_dag' retrieved from /opt/airflow/dags/failed_lineage_dag.py
[2025-11-09T14:35:22.285+0000] {logging_mixin.py:188} INFO - [2025-11-09T14:35:22.284+0000] {dag.py:3036} INFO - Sync 1 DAGs
[2025-11-09T14:35:22.395+0000] {logging_mixin.py:188} INFO - [2025-11-09T14:35:22.394+0000] {dag.py:3823} INFO - Setting next_dagrun for failed_lineage_dag to None, run_after=None
[2025-11-09T14:35:22.673+0000] {processor.py:183} INFO - Processing /opt/airflow/dags/failed_lineage_dag.py took 0.552 seconds
[2025-11-09T14:35:52.952+0000] {processor.py:161} INFO - Started process (PID=1725) to work on /opt/airflow/dags/failed_lineage_dag.py
[2025-11-09T14:35:52.953+0000] {processor.py:830} INFO - Processing file /opt/airflow/dags/failed_lineage_dag.py for tasks to queue
[2025-11-09T14:35:52.955+0000] {logging_mixin.py:188} INFO - [2025-11-09T14:35:52.955+0000] {dagbag.py:538} INFO - Filling up the DagBag from /opt/airflow/dags/failed_lineage_dag.py
[2025-11-09T14:35:52.992+0000] {processor.py:840} INFO - DAG(s) 'failed_lineage_dag' retrieved from /opt/airflow/dags/failed_lineage_dag.py
[2025-11-09T14:35:53.054+0000] {logging_mixin.py:188} INFO - [2025-11-09T14:35:53.054+0000] {dag.py:3036} INFO - Sync 1 DAGs
[2025-11-09T14:35:53.070+0000] {logging_mixin.py:188} INFO - [2025-11-09T14:35:53.069+0000] {dag.py:3823} INFO - Setting next_dagrun for failed_lineage_dag to None, run_after=None
[2025-11-09T14:35:53.162+0000] {processor.py:183} INFO - Processing /opt/airflow/dags/failed_lineage_dag.py took 0.216 seconds
[2025-11-09T14:36:24.309+0000] {processor.py:161} INFO - Started process (PID=1735) to work on /opt/airflow/dags/failed_lineage_dag.py
[2025-11-09T14:36:24.311+0000] {processor.py:830} INFO - Processing file /opt/airflow/dags/failed_lineage_dag.py for tasks to queue
[2025-11-09T14:36:24.312+0000] {logging_mixin.py:188} INFO - [2025-11-09T14:36:24.312+0000] {dagbag.py:538} INFO - Filling up the DagBag from /opt/airflow/dags/failed_lineage_dag.py
[2025-11-09T14:36:24.343+0000] {processor.py:840} INFO - DAG(s) 'failed_lineage_dag' retrieved from /opt/airflow/dags/failed_lineage_dag.py
[2025-11-09T14:36:24.509+0000] {logging_mixin.py:188} INFO - [2025-11-09T14:36:24.509+0000] {dag.py:3036} INFO - Sync 1 DAGs
[2025-11-09T14:36:24.537+0000] {logging_mixin.py:188} INFO - [2025-11-09T14:36:24.537+0000] {dag.py:3823} INFO - Setting next_dagrun for failed_lineage_dag to None, run_after=None
[2025-11-09T14:36:24.619+0000] {processor.py:183} INFO - Processing /opt/airflow/dags/failed_lineage_dag.py took 0.314 seconds
[2025-11-09T14:36:55.123+0000] {processor.py:161} INFO - Started process (PID=1745) to work on /opt/airflow/dags/failed_lineage_dag.py
[2025-11-09T14:36:55.126+0000] {processor.py:830} INFO - Processing file /opt/airflow/dags/failed_lineage_dag.py for tasks to queue
[2025-11-09T14:36:55.128+0000] {logging_mixin.py:188} INFO - [2025-11-09T14:36:55.128+0000] {dagbag.py:538} INFO - Filling up the DagBag from /opt/airflow/dags/failed_lineage_dag.py
[2025-11-09T14:36:55.198+0000] {processor.py:840} INFO - DAG(s) 'failed_lineage_dag' retrieved from /opt/airflow/dags/failed_lineage_dag.py
[2025-11-09T14:36:55.375+0000] {logging_mixin.py:188} INFO - [2025-11-09T14:36:55.375+0000] {dag.py:3036} INFO - Sync 1 DAGs
[2025-11-09T14:36:55.445+0000] {logging_mixin.py:188} INFO - [2025-11-09T14:36:55.444+0000] {dag.py:3823} INFO - Setting next_dagrun for failed_lineage_dag to None, run_after=None
[2025-11-09T14:36:55.510+0000] {processor.py:183} INFO - Processing /opt/airflow/dags/failed_lineage_dag.py took 0.392 seconds
[2025-11-09T14:37:26.470+0000] {processor.py:161} INFO - Started process (PID=1755) to work on /opt/airflow/dags/failed_lineage_dag.py
[2025-11-09T14:37:26.471+0000] {processor.py:830} INFO - Processing file /opt/airflow/dags/failed_lineage_dag.py for tasks to queue
[2025-11-09T14:37:26.473+0000] {logging_mixin.py:188} INFO - [2025-11-09T14:37:26.472+0000] {dagbag.py:538} INFO - Filling up the DagBag from /opt/airflow/dags/failed_lineage_dag.py
[2025-11-09T14:37:26.517+0000] {processor.py:840} INFO - DAG(s) 'failed_lineage_dag' retrieved from /opt/airflow/dags/failed_lineage_dag.py
[2025-11-09T14:37:26.597+0000] {logging_mixin.py:188} INFO - [2025-11-09T14:37:26.596+0000] {dag.py:3036} INFO - Sync 1 DAGs
[2025-11-09T14:37:26.617+0000] {logging_mixin.py:188} INFO - [2025-11-09T14:37:26.617+0000] {dag.py:3823} INFO - Setting next_dagrun for failed_lineage_dag to None, run_after=None
[2025-11-09T14:37:26.679+0000] {processor.py:183} INFO - Processing /opt/airflow/dags/failed_lineage_dag.py took 0.228 seconds
[2025-11-09T14:37:57.322+0000] {processor.py:161} INFO - Started process (PID=1765) to work on /opt/airflow/dags/failed_lineage_dag.py
[2025-11-09T14:37:57.323+0000] {processor.py:830} INFO - Processing file /opt/airflow/dags/failed_lineage_dag.py for tasks to queue
[2025-11-09T14:37:57.325+0000] {logging_mixin.py:188} INFO - [2025-11-09T14:37:57.325+0000] {dagbag.py:538} INFO - Filling up the DagBag from /opt/airflow/dags/failed_lineage_dag.py
[2025-11-09T14:37:57.351+0000] {processor.py:840} INFO - DAG(s) 'failed_lineage_dag' retrieved from /opt/airflow/dags/failed_lineage_dag.py
[2025-11-09T14:37:57.388+0000] {logging_mixin.py:188} INFO - [2025-11-09T14:37:57.387+0000] {dag.py:3036} INFO - Sync 1 DAGs
[2025-11-09T14:37:57.401+0000] {logging_mixin.py:188} INFO - [2025-11-09T14:37:57.401+0000] {dag.py:3823} INFO - Setting next_dagrun for failed_lineage_dag to None, run_after=None
[2025-11-09T14:37:57.437+0000] {processor.py:183} INFO - Processing /opt/airflow/dags/failed_lineage_dag.py took 0.120 seconds
[2025-11-09T14:38:27.799+0000] {processor.py:161} INFO - Started process (PID=1775) to work on /opt/airflow/dags/failed_lineage_dag.py
[2025-11-09T14:38:27.802+0000] {processor.py:830} INFO - Processing file /opt/airflow/dags/failed_lineage_dag.py for tasks to queue
[2025-11-09T14:38:27.803+0000] {logging_mixin.py:188} INFO - [2025-11-09T14:38:27.803+0000] {dagbag.py:538} INFO - Filling up the DagBag from /opt/airflow/dags/failed_lineage_dag.py
[2025-11-09T14:38:27.854+0000] {processor.py:840} INFO - DAG(s) 'failed_lineage_dag' retrieved from /opt/airflow/dags/failed_lineage_dag.py
[2025-11-09T14:38:27.972+0000] {logging_mixin.py:188} INFO - [2025-11-09T14:38:27.972+0000] {dag.py:3036} INFO - Sync 1 DAGs
[2025-11-09T14:38:28.133+0000] {logging_mixin.py:188} INFO - [2025-11-09T14:38:28.132+0000] {dag.py:3823} INFO - Setting next_dagrun for failed_lineage_dag to None, run_after=None
[2025-11-09T14:38:28.225+0000] {processor.py:183} INFO - Processing /opt/airflow/dags/failed_lineage_dag.py took 0.433 seconds
[2025-11-09T14:38:58.543+0000] {processor.py:161} INFO - Started process (PID=1785) to work on /opt/airflow/dags/failed_lineage_dag.py
[2025-11-09T14:38:58.545+0000] {processor.py:830} INFO - Processing file /opt/airflow/dags/failed_lineage_dag.py for tasks to queue
[2025-11-09T14:38:58.547+0000] {logging_mixin.py:188} INFO - [2025-11-09T14:38:58.546+0000] {dagbag.py:538} INFO - Filling up the DagBag from /opt/airflow/dags/failed_lineage_dag.py
[2025-11-09T14:38:58.584+0000] {processor.py:840} INFO - DAG(s) 'failed_lineage_dag' retrieved from /opt/airflow/dags/failed_lineage_dag.py
[2025-11-09T14:38:58.629+0000] {logging_mixin.py:188} INFO - [2025-11-09T14:38:58.628+0000] {dag.py:3036} INFO - Sync 1 DAGs
[2025-11-09T14:38:58.645+0000] {logging_mixin.py:188} INFO - [2025-11-09T14:38:58.644+0000] {dag.py:3823} INFO - Setting next_dagrun for failed_lineage_dag to None, run_after=None
[2025-11-09T14:38:58.687+0000] {processor.py:183} INFO - Processing /opt/airflow/dags/failed_lineage_dag.py took 0.151 seconds
[2025-11-09T14:39:29.510+0000] {processor.py:161} INFO - Started process (PID=1795) to work on /opt/airflow/dags/failed_lineage_dag.py
[2025-11-09T14:39:29.542+0000] {processor.py:830} INFO - Processing file /opt/airflow/dags/failed_lineage_dag.py for tasks to queue
[2025-11-09T14:39:29.559+0000] {logging_mixin.py:188} INFO - [2025-11-09T14:39:29.558+0000] {dagbag.py:538} INFO - Filling up the DagBag from /opt/airflow/dags/failed_lineage_dag.py
[2025-11-09T14:39:30.551+0000] {processor.py:840} INFO - DAG(s) 'failed_lineage_dag' retrieved from /opt/airflow/dags/failed_lineage_dag.py
[2025-11-09T14:39:30.737+0000] {logging_mixin.py:188} INFO - [2025-11-09T14:39:30.731+0000] {dag.py:3036} INFO - Sync 1 DAGs
[2025-11-09T14:39:30.763+0000] {logging_mixin.py:188} INFO - [2025-11-09T14:39:30.763+0000] {dag.py:3823} INFO - Setting next_dagrun for failed_lineage_dag to None, run_after=None
[2025-11-09T14:39:30.855+0000] {processor.py:183} INFO - Processing /opt/airflow/dags/failed_lineage_dag.py took 1.381 seconds
[2025-11-09T18:56:12.147+0000] {processor.py:161} INFO - Started process (PID=1810) to work on /opt/airflow/dags/failed_lineage_dag.py
[2025-11-09T18:56:12.396+0000] {processor.py:830} INFO - Processing file /opt/airflow/dags/failed_lineage_dag.py for tasks to queue
[2025-11-09T18:56:12.525+0000] {logging_mixin.py:188} INFO - [2025-11-09T18:56:12.442+0000] {dagbag.py:538} INFO - Filling up the DagBag from /opt/airflow/dags/failed_lineage_dag.py
[2025-11-09T18:56:14.574+0000] {processor.py:840} INFO - DAG(s) 'failed_lineage_dag' retrieved from /opt/airflow/dags/failed_lineage_dag.py
[2025-11-09T18:56:17.530+0000] {logging_mixin.py:188} INFO - [2025-11-09T18:56:17.529+0000] {dag.py:3036} INFO - Sync 1 DAGs
[2025-11-09T18:56:19.633+0000] {logging_mixin.py:188} INFO - [2025-11-09T18:56:19.632+0000] {dag.py:3823} INFO - Setting next_dagrun for failed_lineage_dag to None, run_after=None
[2025-11-09T18:56:20.497+0000] {processor.py:183} INFO - Processing /opt/airflow/dags/failed_lineage_dag.py took 9.091 seconds
[2025-11-09T18:56:51.847+0000] {processor.py:161} INFO - Started process (PID=1820) to work on /opt/airflow/dags/failed_lineage_dag.py
[2025-11-09T18:56:51.853+0000] {processor.py:830} INFO - Processing file /opt/airflow/dags/failed_lineage_dag.py for tasks to queue
[2025-11-09T18:56:51.868+0000] {logging_mixin.py:188} INFO - [2025-11-09T18:56:51.860+0000] {dagbag.py:538} INFO - Filling up the DagBag from /opt/airflow/dags/failed_lineage_dag.py
[2025-11-09T18:56:53.410+0000] {processor.py:840} INFO - DAG(s) 'failed_lineage_dag' retrieved from /opt/airflow/dags/failed_lineage_dag.py
