[2025-11-21T04:40:34.130+0000] {processor.py:161} INFO - Started process (PID=6687) to work on /opt/airflow/dags/etl_dag.py
[2025-11-21T04:40:34.132+0000] {processor.py:830} INFO - Processing file /opt/airflow/dags/etl_dag.py for tasks to queue
[2025-11-21T04:40:34.134+0000] {logging_mixin.py:188} INFO - [2025-11-21T04:40:34.133+0000] {dagbag.py:538} INFO - Filling up the DagBag from /opt/airflow/dags/etl_dag.py
[2025-11-21T04:40:34.177+0000] {processor.py:840} INFO - DAG(s) 'simple_etl_lineage' retrieved from /opt/airflow/dags/etl_dag.py
[2025-11-21T04:40:34.274+0000] {logging_mixin.py:188} INFO - [2025-11-21T04:40:34.273+0000] {dag.py:3036} INFO - Sync 1 DAGs
[2025-11-21T04:40:34.320+0000] {logging_mixin.py:188} INFO - [2025-11-21T04:40:34.320+0000] {dag.py:3823} INFO - Setting next_dagrun for simple_etl_lineage to None, run_after=None
[2025-11-21T04:40:38.467+0000] {processor.py:183} INFO - Processing /opt/airflow/dags/etl_dag.py took 4.351 seconds
[2025-11-21T04:42:32.250+0000] {processor.py:161} INFO - Started process (PID=6719) to work on /opt/airflow/dags/etl_dag.py
[2025-11-21T04:42:32.263+0000] {processor.py:830} INFO - Processing file /opt/airflow/dags/etl_dag.py for tasks to queue
[2025-11-21T04:42:32.278+0000] {logging_mixin.py:188} INFO - [2025-11-21T04:42:32.277+0000] {dagbag.py:538} INFO - Filling up the DagBag from /opt/airflow/dags/etl_dag.py
[2025-11-21T04:42:34.981+0000] {processor.py:840} INFO - DAG(s) 'simple_etl_lineage' retrieved from /opt/airflow/dags/etl_dag.py
[2025-11-21T04:42:35.201+0000] {logging_mixin.py:188} INFO - [2025-11-21T04:42:35.201+0000] {dag.py:3036} INFO - Sync 1 DAGs
[2025-11-21T04:42:35.255+0000] {logging_mixin.py:188} INFO - [2025-11-21T04:42:35.255+0000] {dag.py:3823} INFO - Setting next_dagrun for simple_etl_lineage to None, run_after=None
[2025-11-21T04:42:35.356+0000] {processor.py:183} INFO - Processing /opt/airflow/dags/etl_dag.py took 3.129 seconds
[2025-11-21T04:43:06.446+0000] {processor.py:161} INFO - Started process (PID=6749) to work on /opt/airflow/dags/etl_dag.py
[2025-11-21T04:43:06.449+0000] {processor.py:830} INFO - Processing file /opt/airflow/dags/etl_dag.py for tasks to queue
[2025-11-21T04:43:06.459+0000] {logging_mixin.py:188} INFO - [2025-11-21T04:43:06.458+0000] {dagbag.py:538} INFO - Filling up the DagBag from /opt/airflow/dags/etl_dag.py
[2025-11-21T04:43:06.514+0000] {processor.py:840} INFO - DAG(s) 'simple_etl_lineage' retrieved from /opt/airflow/dags/etl_dag.py
[2025-11-21T04:43:06.607+0000] {logging_mixin.py:188} INFO - [2025-11-21T04:43:06.606+0000] {dag.py:3036} INFO - Sync 1 DAGs
[2025-11-21T04:43:06.654+0000] {logging_mixin.py:188} INFO - [2025-11-21T04:43:06.654+0000] {dag.py:3823} INFO - Setting next_dagrun for simple_etl_lineage to None, run_after=None
[2025-11-21T04:43:06.720+0000] {processor.py:183} INFO - Processing /opt/airflow/dags/etl_dag.py took 0.281 seconds
[2025-11-21T04:43:38.607+0000] {processor.py:161} INFO - Started process (PID=6779) to work on /opt/airflow/dags/etl_dag.py
[2025-11-21T04:43:38.616+0000] {processor.py:830} INFO - Processing file /opt/airflow/dags/etl_dag.py for tasks to queue
[2025-11-21T04:43:38.625+0000] {logging_mixin.py:188} INFO - [2025-11-21T04:43:38.625+0000] {dagbag.py:538} INFO - Filling up the DagBag from /opt/airflow/dags/etl_dag.py
[2025-11-21T04:43:39.200+0000] {processor.py:840} INFO - DAG(s) 'simple_etl_lineage' retrieved from /opt/airflow/dags/etl_dag.py
[2025-11-21T04:43:39.296+0000] {logging_mixin.py:188} INFO - [2025-11-21T04:43:39.296+0000] {dag.py:3036} INFO - Sync 1 DAGs
[2025-11-21T04:43:39.349+0000] {logging_mixin.py:188} INFO - [2025-11-21T04:43:39.349+0000] {dag.py:3823} INFO - Setting next_dagrun for simple_etl_lineage to None, run_after=None
[2025-11-21T04:43:39.425+0000] {processor.py:183} INFO - Processing /opt/airflow/dags/etl_dag.py took 0.822 seconds
[2025-11-21T04:44:21.084+0000] {processor.py:161} INFO - Started process (PID=6807) to work on /opt/airflow/dags/etl_dag.py
[2025-11-21T04:44:21.125+0000] {processor.py:830} INFO - Processing file /opt/airflow/dags/etl_dag.py for tasks to queue
[2025-11-21T04:44:21.159+0000] {logging_mixin.py:188} INFO - [2025-11-21T04:44:21.159+0000] {dagbag.py:538} INFO - Filling up the DagBag from /opt/airflow/dags/etl_dag.py
[2025-11-21T04:44:21.884+0000] {processor.py:840} INFO - DAG(s) 'simple_etl_lineage' retrieved from /opt/airflow/dags/etl_dag.py
[2025-11-21T04:44:22.047+0000] {logging_mixin.py:188} INFO - [2025-11-21T04:44:22.047+0000] {dag.py:3036} INFO - Sync 1 DAGs
[2025-11-21T04:44:22.161+0000] {logging_mixin.py:188} INFO - [2025-11-21T04:44:22.160+0000] {dag.py:3823} INFO - Setting next_dagrun for simple_etl_lineage to None, run_after=None
[2025-11-21T04:44:22.526+0000] {processor.py:183} INFO - Processing /opt/airflow/dags/etl_dag.py took 1.448 seconds
[2025-11-21T04:44:52.983+0000] {processor.py:161} INFO - Started process (PID=6834) to work on /opt/airflow/dags/etl_dag.py
[2025-11-21T04:44:52.994+0000] {processor.py:830} INFO - Processing file /opt/airflow/dags/etl_dag.py for tasks to queue
[2025-11-21T04:44:52.996+0000] {logging_mixin.py:188} INFO - [2025-11-21T04:44:52.995+0000] {dagbag.py:538} INFO - Filling up the DagBag from /opt/airflow/dags/etl_dag.py
[2025-11-21T04:44:53.107+0000] {processor.py:840} INFO - DAG(s) 'simple_etl_lineage' retrieved from /opt/airflow/dags/etl_dag.py
[2025-11-21T04:44:53.248+0000] {logging_mixin.py:188} INFO - [2025-11-21T04:44:53.247+0000] {dag.py:3036} INFO - Sync 1 DAGs
[2025-11-21T04:44:53.295+0000] {logging_mixin.py:188} INFO - [2025-11-21T04:44:53.295+0000] {dag.py:3823} INFO - Setting next_dagrun for simple_etl_lineage to None, run_after=None
[2025-11-21T04:44:53.366+0000] {processor.py:183} INFO - Processing /opt/airflow/dags/etl_dag.py took 0.387 seconds
[2025-11-21T04:46:15.770+0000] {processor.py:161} INFO - Started process (PID=6868) to work on /opt/airflow/dags/etl_dag.py
[2025-11-21T04:46:15.792+0000] {processor.py:830} INFO - Processing file /opt/airflow/dags/etl_dag.py for tasks to queue
[2025-11-21T04:46:15.794+0000] {logging_mixin.py:188} INFO - [2025-11-21T04:46:15.793+0000] {dagbag.py:538} INFO - Filling up the DagBag from /opt/airflow/dags/etl_dag.py
[2025-11-21T04:46:15.877+0000] {processor.py:840} INFO - DAG(s) 'simple_etl_lineage' retrieved from /opt/airflow/dags/etl_dag.py
[2025-11-21T04:46:16.047+0000] {logging_mixin.py:188} INFO - [2025-11-21T04:46:16.046+0000] {dag.py:3036} INFO - Sync 1 DAGs
[2025-11-21T04:46:16.202+0000] {logging_mixin.py:188} INFO - [2025-11-21T04:46:16.202+0000] {dag.py:3823} INFO - Setting next_dagrun for simple_etl_lineage to None, run_after=None
[2025-11-21T04:46:16.305+0000] {processor.py:183} INFO - Processing /opt/airflow/dags/etl_dag.py took 0.552 seconds
[2025-11-21T11:36:02.118+0000] {processor.py:161} INFO - Started process (PID=201) to work on /opt/airflow/dags/etl_dag.py
[2025-11-21T11:36:02.123+0000] {processor.py:830} INFO - Processing file /opt/airflow/dags/etl_dag.py for tasks to queue
[2025-11-21T11:36:02.125+0000] {logging_mixin.py:188} INFO - [2025-11-21T11:36:02.124+0000] {dagbag.py:538} INFO - Filling up the DagBag from /opt/airflow/dags/etl_dag.py
[2025-11-21T11:36:02.175+0000] {processor.py:840} INFO - DAG(s) 'simple_etl_lineage' retrieved from /opt/airflow/dags/etl_dag.py
[2025-11-21T11:36:02.578+0000] {logging_mixin.py:188} INFO - [2025-11-21T11:36:02.576+0000] {override.py:1769} INFO - Created Permission View: can edit on DAG:simple_etl_lineage
[2025-11-21T11:36:02.628+0000] {logging_mixin.py:188} INFO - [2025-11-21T11:36:02.628+0000] {override.py:1769} INFO - Created Permission View: can read on DAG:simple_etl_lineage
[2025-11-21T11:36:02.690+0000] {logging_mixin.py:188} INFO - [2025-11-21T11:36:02.689+0000] {override.py:1769} INFO - Created Permission View: can delete on DAG:simple_etl_lineage
[2025-11-21T11:36:02.736+0000] {logging_mixin.py:188} INFO - [2025-11-21T11:36:02.735+0000] {dag.py:3036} INFO - Sync 1 DAGs
[2025-11-21T11:36:02.815+0000] {logging_mixin.py:188} INFO - [2025-11-21T11:36:02.815+0000] {dag.py:3058} INFO - Creating ORM DAG for simple_etl_lineage
[2025-11-21T11:36:02.829+0000] {logging_mixin.py:188} INFO - [2025-11-21T11:36:02.829+0000] {dag.py:3823} INFO - Setting next_dagrun for simple_etl_lineage to None, run_after=None
[2025-11-21T11:36:03.337+0000] {processor.py:183} INFO - Processing /opt/airflow/dags/etl_dag.py took 1.225 seconds
[2025-11-21T11:36:38.309+0000] {processor.py:161} INFO - Started process (PID=232) to work on /opt/airflow/dags/etl_dag.py
[2025-11-21T11:36:38.320+0000] {processor.py:830} INFO - Processing file /opt/airflow/dags/etl_dag.py for tasks to queue
[2025-11-21T11:36:38.324+0000] {logging_mixin.py:188} INFO - [2025-11-21T11:36:38.323+0000] {dagbag.py:538} INFO - Filling up the DagBag from /opt/airflow/dags/etl_dag.py
[2025-11-21T11:36:38.593+0000] {processor.py:840} INFO - DAG(s) 'simple_etl_lineage' retrieved from /opt/airflow/dags/etl_dag.py
[2025-11-21T11:36:38.760+0000] {logging_mixin.py:188} INFO - [2025-11-21T11:36:38.760+0000] {dag.py:3036} INFO - Sync 1 DAGs
[2025-11-21T11:36:38.822+0000] {logging_mixin.py:188} INFO - [2025-11-21T11:36:38.821+0000] {dag.py:3823} INFO - Setting next_dagrun for simple_etl_lineage to None, run_after=None
[2025-11-21T11:36:38.989+0000] {processor.py:183} INFO - Processing /opt/airflow/dags/etl_dag.py took 0.686 seconds
[2025-11-21T11:37:09.590+0000] {processor.py:161} INFO - Started process (PID=269) to work on /opt/airflow/dags/etl_dag.py
[2025-11-21T11:37:09.591+0000] {processor.py:830} INFO - Processing file /opt/airflow/dags/etl_dag.py for tasks to queue
[2025-11-21T11:37:09.592+0000] {logging_mixin.py:188} INFO - [2025-11-21T11:37:09.592+0000] {dagbag.py:538} INFO - Filling up the DagBag from /opt/airflow/dags/etl_dag.py
[2025-11-21T11:37:09.617+0000] {processor.py:840} INFO - DAG(s) 'simple_etl_lineage' retrieved from /opt/airflow/dags/etl_dag.py
[2025-11-21T11:37:09.651+0000] {logging_mixin.py:188} INFO - [2025-11-21T11:37:09.651+0000] {dag.py:3036} INFO - Sync 1 DAGs
[2025-11-21T11:37:09.669+0000] {logging_mixin.py:188} INFO - [2025-11-21T11:37:09.669+0000] {dag.py:3823} INFO - Setting next_dagrun for simple_etl_lineage to None, run_after=None
[2025-11-21T11:37:09.700+0000] {processor.py:183} INFO - Processing /opt/airflow/dags/etl_dag.py took 0.114 seconds
[2025-11-21T11:37:40.785+0000] {processor.py:161} INFO - Started process (PID=297) to work on /opt/airflow/dags/etl_dag.py
[2025-11-21T11:37:40.788+0000] {processor.py:830} INFO - Processing file /opt/airflow/dags/etl_dag.py for tasks to queue
[2025-11-21T11:37:40.791+0000] {logging_mixin.py:188} INFO - [2025-11-21T11:37:40.791+0000] {dagbag.py:538} INFO - Filling up the DagBag from /opt/airflow/dags/etl_dag.py
[2025-11-21T11:37:40.825+0000] {processor.py:840} INFO - DAG(s) 'simple_etl_lineage' retrieved from /opt/airflow/dags/etl_dag.py
[2025-11-21T11:37:40.902+0000] {logging_mixin.py:188} INFO - [2025-11-21T11:37:40.899+0000] {dag.py:3036} INFO - Sync 1 DAGs
[2025-11-21T11:37:40.940+0000] {logging_mixin.py:188} INFO - [2025-11-21T11:37:40.940+0000] {dag.py:3823} INFO - Setting next_dagrun for simple_etl_lineage to None, run_after=None
[2025-11-21T11:37:40.983+0000] {processor.py:183} INFO - Processing /opt/airflow/dags/etl_dag.py took 0.211 seconds
[2025-11-21T11:38:13.098+0000] {processor.py:161} INFO - Started process (PID=329) to work on /opt/airflow/dags/etl_dag.py
[2025-11-21T11:38:13.197+0000] {processor.py:830} INFO - Processing file /opt/airflow/dags/etl_dag.py for tasks to queue
[2025-11-21T11:38:13.227+0000] {logging_mixin.py:188} INFO - [2025-11-21T11:38:13.226+0000] {dagbag.py:538} INFO - Filling up the DagBag from /opt/airflow/dags/etl_dag.py
[2025-11-21T11:38:14.605+0000] {processor.py:840} INFO - DAG(s) 'simple_etl_lineage' retrieved from /opt/airflow/dags/etl_dag.py
[2025-11-21T11:38:15.168+0000] {logging_mixin.py:188} INFO - [2025-11-21T11:38:15.168+0000] {dag.py:3036} INFO - Sync 1 DAGs
[2025-11-21T11:38:15.584+0000] {logging_mixin.py:188} INFO - [2025-11-21T11:38:15.576+0000] {dag.py:3823} INFO - Setting next_dagrun for simple_etl_lineage to None, run_after=None
[2025-11-21T11:38:15.693+0000] {processor.py:183} INFO - Processing /opt/airflow/dags/etl_dag.py took 2.600 seconds
[2025-11-21T11:38:51.021+0000] {processor.py:161} INFO - Started process (PID=359) to work on /opt/airflow/dags/etl_dag.py
[2025-11-21T11:38:51.051+0000] {processor.py:830} INFO - Processing file /opt/airflow/dags/etl_dag.py for tasks to queue
[2025-11-21T11:38:51.054+0000] {logging_mixin.py:188} INFO - [2025-11-21T11:38:51.054+0000] {dagbag.py:538} INFO - Filling up the DagBag from /opt/airflow/dags/etl_dag.py
[2025-11-21T11:38:51.817+0000] {processor.py:840} INFO - DAG(s) 'simple_etl_lineage' retrieved from /opt/airflow/dags/etl_dag.py
[2025-11-21T11:38:52.107+0000] {logging_mixin.py:188} INFO - [2025-11-21T11:38:52.107+0000] {dag.py:3036} INFO - Sync 1 DAGs
[2025-11-21T11:38:52.196+0000] {logging_mixin.py:188} INFO - [2025-11-21T11:38:52.196+0000] {dag.py:3823} INFO - Setting next_dagrun for simple_etl_lineage to None, run_after=None
[2025-11-21T11:38:52.320+0000] {processor.py:183} INFO - Processing /opt/airflow/dags/etl_dag.py took 1.305 seconds
[2025-11-21T11:39:23.321+0000] {processor.py:161} INFO - Started process (PID=392) to work on /opt/airflow/dags/etl_dag.py
[2025-11-21T11:39:23.324+0000] {processor.py:830} INFO - Processing file /opt/airflow/dags/etl_dag.py for tasks to queue
[2025-11-21T11:39:23.328+0000] {logging_mixin.py:188} INFO - [2025-11-21T11:39:23.327+0000] {dagbag.py:538} INFO - Filling up the DagBag from /opt/airflow/dags/etl_dag.py
[2025-11-21T11:39:23.412+0000] {processor.py:840} INFO - DAG(s) 'simple_etl_lineage' retrieved from /opt/airflow/dags/etl_dag.py
[2025-11-21T11:39:23.514+0000] {logging_mixin.py:188} INFO - [2025-11-21T11:39:23.514+0000] {dag.py:3036} INFO - Sync 1 DAGs
[2025-11-21T11:39:23.563+0000] {logging_mixin.py:188} INFO - [2025-11-21T11:39:23.563+0000] {dag.py:3823} INFO - Setting next_dagrun for simple_etl_lineage to None, run_after=None
[2025-11-21T11:39:23.646+0000] {processor.py:183} INFO - Processing /opt/airflow/dags/etl_dag.py took 0.331 seconds
[2025-11-21T11:39:58.856+0000] {processor.py:161} INFO - Started process (PID=421) to work on /opt/airflow/dags/etl_dag.py
[2025-11-21T11:39:58.874+0000] {processor.py:830} INFO - Processing file /opt/airflow/dags/etl_dag.py for tasks to queue
[2025-11-21T11:39:58.884+0000] {logging_mixin.py:188} INFO - [2025-11-21T11:39:58.883+0000] {dagbag.py:538} INFO - Filling up the DagBag from /opt/airflow/dags/etl_dag.py
[2025-11-21T11:39:59.099+0000] {processor.py:840} INFO - DAG(s) 'simple_etl_lineage' retrieved from /opt/airflow/dags/etl_dag.py
[2025-11-21T11:39:59.232+0000] {logging_mixin.py:188} INFO - [2025-11-21T11:39:59.230+0000] {dag.py:3036} INFO - Sync 1 DAGs
[2025-11-21T11:39:59.298+0000] {logging_mixin.py:188} INFO - [2025-11-21T11:39:59.298+0000] {dag.py:3823} INFO - Setting next_dagrun for simple_etl_lineage to None, run_after=None
[2025-11-21T11:39:59.435+0000] {processor.py:183} INFO - Processing /opt/airflow/dags/etl_dag.py took 0.584 seconds
[2025-11-21T11:40:43.456+0000] {processor.py:161} INFO - Started process (PID=453) to work on /opt/airflow/dags/etl_dag.py
[2025-11-21T11:40:43.465+0000] {processor.py:830} INFO - Processing file /opt/airflow/dags/etl_dag.py for tasks to queue
[2025-11-21T11:40:43.477+0000] {logging_mixin.py:188} INFO - [2025-11-21T11:40:43.476+0000] {dagbag.py:538} INFO - Filling up the DagBag from /opt/airflow/dags/etl_dag.py
[2025-11-21T11:40:43.985+0000] {processor.py:840} INFO - DAG(s) 'simple_etl_lineage' retrieved from /opt/airflow/dags/etl_dag.py
[2025-11-21T11:40:44.064+0000] {logging_mixin.py:188} INFO - [2025-11-21T11:40:44.064+0000] {dag.py:3036} INFO - Sync 1 DAGs
[2025-11-21T11:40:44.111+0000] {logging_mixin.py:188} INFO - [2025-11-21T11:40:44.111+0000] {dag.py:3823} INFO - Setting next_dagrun for simple_etl_lineage to None, run_after=None
[2025-11-21T11:40:44.194+0000] {processor.py:183} INFO - Processing /opt/airflow/dags/etl_dag.py took 0.752 seconds
[2025-11-21T11:41:23.478+0000] {processor.py:161} INFO - Started process (PID=483) to work on /opt/airflow/dags/etl_dag.py
[2025-11-21T11:41:23.482+0000] {processor.py:830} INFO - Processing file /opt/airflow/dags/etl_dag.py for tasks to queue
[2025-11-21T11:41:23.493+0000] {logging_mixin.py:188} INFO - [2025-11-21T11:41:23.493+0000] {dagbag.py:538} INFO - Filling up the DagBag from /opt/airflow/dags/etl_dag.py
[2025-11-21T11:41:23.571+0000] {processor.py:840} INFO - DAG(s) 'simple_etl_lineage' retrieved from /opt/airflow/dags/etl_dag.py
[2025-11-21T11:41:23.713+0000] {logging_mixin.py:188} INFO - [2025-11-21T11:41:23.713+0000] {dag.py:3036} INFO - Sync 1 DAGs
[2025-11-21T11:41:23.766+0000] {logging_mixin.py:188} INFO - [2025-11-21T11:41:23.765+0000] {dag.py:3823} INFO - Setting next_dagrun for simple_etl_lineage to None, run_after=None
[2025-11-21T11:41:23.934+0000] {processor.py:183} INFO - Processing /opt/airflow/dags/etl_dag.py took 0.461 seconds
[2025-11-21T11:41:55.766+0000] {processor.py:161} INFO - Started process (PID=511) to work on /opt/airflow/dags/etl_dag.py
[2025-11-21T11:41:55.783+0000] {processor.py:830} INFO - Processing file /opt/airflow/dags/etl_dag.py for tasks to queue
[2025-11-21T11:41:55.790+0000] {logging_mixin.py:188} INFO - [2025-11-21T11:41:55.789+0000] {dagbag.py:538} INFO - Filling up the DagBag from /opt/airflow/dags/etl_dag.py
[2025-11-21T11:41:55.864+0000] {processor.py:840} INFO - DAG(s) 'simple_etl_lineage' retrieved from /opt/airflow/dags/etl_dag.py
[2025-11-21T11:41:55.977+0000] {logging_mixin.py:188} INFO - [2025-11-21T11:41:55.976+0000] {dag.py:3036} INFO - Sync 1 DAGs
[2025-11-21T11:41:56.040+0000] {logging_mixin.py:188} INFO - [2025-11-21T11:41:56.030+0000] {dag.py:3823} INFO - Setting next_dagrun for simple_etl_lineage to None, run_after=None
[2025-11-21T11:41:56.128+0000] {processor.py:183} INFO - Processing /opt/airflow/dags/etl_dag.py took 0.368 seconds
[2025-11-21T11:42:26.469+0000] {processor.py:161} INFO - Started process (PID=541) to work on /opt/airflow/dags/etl_dag.py
[2025-11-21T11:42:26.476+0000] {processor.py:830} INFO - Processing file /opt/airflow/dags/etl_dag.py for tasks to queue
[2025-11-21T11:42:26.477+0000] {logging_mixin.py:188} INFO - [2025-11-21T11:42:26.477+0000] {dagbag.py:538} INFO - Filling up the DagBag from /opt/airflow/dags/etl_dag.py
[2025-11-21T11:42:26.504+0000] {processor.py:840} INFO - DAG(s) 'simple_etl_lineage' retrieved from /opt/airflow/dags/etl_dag.py
[2025-11-21T11:42:26.579+0000] {logging_mixin.py:188} INFO - [2025-11-21T11:42:26.579+0000] {dag.py:3036} INFO - Sync 1 DAGs
[2025-11-21T11:42:26.639+0000] {logging_mixin.py:188} INFO - [2025-11-21T11:42:26.638+0000] {dag.py:3823} INFO - Setting next_dagrun for simple_etl_lineage to None, run_after=None
[2025-11-21T11:42:26.809+0000] {processor.py:183} INFO - Processing /opt/airflow/dags/etl_dag.py took 0.347 seconds
[2025-11-21T11:42:57.731+0000] {processor.py:161} INFO - Started process (PID=571) to work on /opt/airflow/dags/etl_dag.py
[2025-11-21T11:42:57.751+0000] {processor.py:830} INFO - Processing file /opt/airflow/dags/etl_dag.py for tasks to queue
[2025-11-21T11:42:57.757+0000] {logging_mixin.py:188} INFO - [2025-11-21T11:42:57.757+0000] {dagbag.py:538} INFO - Filling up the DagBag from /opt/airflow/dags/etl_dag.py
[2025-11-21T11:42:58.317+0000] {processor.py:840} INFO - DAG(s) 'simple_etl_lineage' retrieved from /opt/airflow/dags/etl_dag.py
[2025-11-21T11:42:58.700+0000] {logging_mixin.py:188} INFO - [2025-11-21T11:42:58.698+0000] {dag.py:3036} INFO - Sync 1 DAGs
[2025-11-21T11:42:58.804+0000] {logging_mixin.py:188} INFO - [2025-11-21T11:42:58.803+0000] {dag.py:3823} INFO - Setting next_dagrun for simple_etl_lineage to None, run_after=None
[2025-11-21T11:42:58.912+0000] {processor.py:183} INFO - Processing /opt/airflow/dags/etl_dag.py took 1.188 seconds
[2025-11-21T11:43:33.180+0000] {processor.py:161} INFO - Started process (PID=603) to work on /opt/airflow/dags/etl_dag.py
[2025-11-21T11:43:33.196+0000] {processor.py:830} INFO - Processing file /opt/airflow/dags/etl_dag.py for tasks to queue
[2025-11-21T11:43:33.203+0000] {logging_mixin.py:188} INFO - [2025-11-21T11:43:33.203+0000] {dagbag.py:538} INFO - Filling up the DagBag from /opt/airflow/dags/etl_dag.py
[2025-11-21T11:43:33.694+0000] {processor.py:840} INFO - DAG(s) 'simple_etl_lineage' retrieved from /opt/airflow/dags/etl_dag.py
[2025-11-21T11:43:33.994+0000] {logging_mixin.py:188} INFO - [2025-11-21T11:43:33.994+0000] {dag.py:3036} INFO - Sync 1 DAGs
[2025-11-21T11:43:34.310+0000] {logging_mixin.py:188} INFO - [2025-11-21T11:43:34.310+0000] {dag.py:3823} INFO - Setting next_dagrun for simple_etl_lineage to None, run_after=None
[2025-11-21T11:43:34.831+0000] {processor.py:183} INFO - Processing /opt/airflow/dags/etl_dag.py took 1.659 seconds
[2025-11-21T11:44:06.260+0000] {processor.py:161} INFO - Started process (PID=633) to work on /opt/airflow/dags/etl_dag.py
[2025-11-21T11:44:06.277+0000] {processor.py:830} INFO - Processing file /opt/airflow/dags/etl_dag.py for tasks to queue
[2025-11-21T11:44:06.297+0000] {logging_mixin.py:188} INFO - [2025-11-21T11:44:06.296+0000] {dagbag.py:538} INFO - Filling up the DagBag from /opt/airflow/dags/etl_dag.py
[2025-11-21T11:44:06.813+0000] {processor.py:840} INFO - DAG(s) 'simple_etl_lineage' retrieved from /opt/airflow/dags/etl_dag.py
[2025-11-21T11:44:06.928+0000] {logging_mixin.py:188} INFO - [2025-11-21T11:44:06.927+0000] {dag.py:3036} INFO - Sync 1 DAGs
[2025-11-21T11:44:07.021+0000] {logging_mixin.py:188} INFO - [2025-11-21T11:44:07.021+0000] {dag.py:3823} INFO - Setting next_dagrun for simple_etl_lineage to None, run_after=None
[2025-11-21T11:44:07.135+0000] {processor.py:183} INFO - Processing /opt/airflow/dags/etl_dag.py took 0.881 seconds
[2025-11-21T11:44:37.370+0000] {processor.py:161} INFO - Started process (PID=663) to work on /opt/airflow/dags/etl_dag.py
[2025-11-21T11:44:37.374+0000] {processor.py:830} INFO - Processing file /opt/airflow/dags/etl_dag.py for tasks to queue
[2025-11-21T11:44:37.376+0000] {logging_mixin.py:188} INFO - [2025-11-21T11:44:37.375+0000] {dagbag.py:538} INFO - Filling up the DagBag from /opt/airflow/dags/etl_dag.py
[2025-11-21T11:44:37.493+0000] {processor.py:840} INFO - DAG(s) 'simple_etl_lineage' retrieved from /opt/airflow/dags/etl_dag.py
[2025-11-21T11:44:37.647+0000] {logging_mixin.py:188} INFO - [2025-11-21T11:44:37.646+0000] {dag.py:3036} INFO - Sync 1 DAGs
[2025-11-21T11:44:37.714+0000] {logging_mixin.py:188} INFO - [2025-11-21T11:44:37.714+0000] {dag.py:3823} INFO - Setting next_dagrun for simple_etl_lineage to None, run_after=None
[2025-11-21T11:44:38.030+0000] {processor.py:183} INFO - Processing /opt/airflow/dags/etl_dag.py took 0.677 seconds
[2025-11-21T11:45:09.375+0000] {processor.py:161} INFO - Started process (PID=693) to work on /opt/airflow/dags/etl_dag.py
[2025-11-21T11:45:09.386+0000] {processor.py:830} INFO - Processing file /opt/airflow/dags/etl_dag.py for tasks to queue
[2025-11-21T11:45:09.388+0000] {logging_mixin.py:188} INFO - [2025-11-21T11:45:09.388+0000] {dagbag.py:538} INFO - Filling up the DagBag from /opt/airflow/dags/etl_dag.py
[2025-11-21T11:45:09.439+0000] {processor.py:840} INFO - DAG(s) 'simple_etl_lineage' retrieved from /opt/airflow/dags/etl_dag.py
[2025-11-21T11:45:09.546+0000] {logging_mixin.py:188} INFO - [2025-11-21T11:45:09.546+0000] {dag.py:3036} INFO - Sync 1 DAGs
[2025-11-21T11:45:09.609+0000] {logging_mixin.py:188} INFO - [2025-11-21T11:45:09.608+0000] {dag.py:3823} INFO - Setting next_dagrun for simple_etl_lineage to None, run_after=None
[2025-11-21T11:45:09.705+0000] {processor.py:183} INFO - Processing /opt/airflow/dags/etl_dag.py took 0.335 seconds
[2025-11-21T11:45:40.142+0000] {processor.py:161} INFO - Started process (PID=723) to work on /opt/airflow/dags/etl_dag.py
[2025-11-21T11:45:40.153+0000] {processor.py:830} INFO - Processing file /opt/airflow/dags/etl_dag.py for tasks to queue
[2025-11-21T11:45:40.163+0000] {logging_mixin.py:188} INFO - [2025-11-21T11:45:40.162+0000] {dagbag.py:538} INFO - Filling up the DagBag from /opt/airflow/dags/etl_dag.py
[2025-11-21T11:45:40.362+0000] {processor.py:840} INFO - DAG(s) 'simple_etl_lineage' retrieved from /opt/airflow/dags/etl_dag.py
[2025-11-21T11:45:40.484+0000] {logging_mixin.py:188} INFO - [2025-11-21T11:45:40.475+0000] {dag.py:3036} INFO - Sync 1 DAGs
[2025-11-21T11:45:40.539+0000] {logging_mixin.py:188} INFO - [2025-11-21T11:45:40.538+0000] {dag.py:3823} INFO - Setting next_dagrun for simple_etl_lineage to None, run_after=None
[2025-11-21T11:45:40.648+0000] {processor.py:183} INFO - Processing /opt/airflow/dags/etl_dag.py took 0.523 seconds
[2025-11-21T11:46:11.706+0000] {processor.py:161} INFO - Started process (PID=753) to work on /opt/airflow/dags/etl_dag.py
[2025-11-21T11:46:11.738+0000] {processor.py:830} INFO - Processing file /opt/airflow/dags/etl_dag.py for tasks to queue
[2025-11-21T11:46:11.741+0000] {logging_mixin.py:188} INFO - [2025-11-21T11:46:11.741+0000] {dagbag.py:538} INFO - Filling up the DagBag from /opt/airflow/dags/etl_dag.py
[2025-11-21T11:46:11.790+0000] {processor.py:840} INFO - DAG(s) 'simple_etl_lineage' retrieved from /opt/airflow/dags/etl_dag.py
[2025-11-21T11:46:11.868+0000] {logging_mixin.py:188} INFO - [2025-11-21T11:46:11.868+0000] {dag.py:3036} INFO - Sync 1 DAGs
[2025-11-21T11:46:11.924+0000] {logging_mixin.py:188} INFO - [2025-11-21T11:46:11.923+0000] {dag.py:3823} INFO - Setting next_dagrun for simple_etl_lineage to None, run_after=None
[2025-11-21T11:46:12.035+0000] {processor.py:183} INFO - Processing /opt/airflow/dags/etl_dag.py took 0.345 seconds
[2025-11-21T11:46:42.921+0000] {processor.py:161} INFO - Started process (PID=783) to work on /opt/airflow/dags/etl_dag.py
[2025-11-21T11:46:42.933+0000] {processor.py:830} INFO - Processing file /opt/airflow/dags/etl_dag.py for tasks to queue
[2025-11-21T11:46:42.946+0000] {logging_mixin.py:188} INFO - [2025-11-21T11:46:42.945+0000] {dagbag.py:538} INFO - Filling up the DagBag from /opt/airflow/dags/etl_dag.py
[2025-11-21T11:46:43.177+0000] {processor.py:840} INFO - DAG(s) 'simple_etl_lineage' retrieved from /opt/airflow/dags/etl_dag.py
[2025-11-21T11:46:43.359+0000] {logging_mixin.py:188} INFO - [2025-11-21T11:46:43.358+0000] {dag.py:3036} INFO - Sync 1 DAGs
[2025-11-21T11:46:43.463+0000] {logging_mixin.py:188} INFO - [2025-11-21T11:46:43.463+0000] {dag.py:3823} INFO - Setting next_dagrun for simple_etl_lineage to None, run_after=None
[2025-11-21T11:46:43.544+0000] {processor.py:183} INFO - Processing /opt/airflow/dags/etl_dag.py took 0.630 seconds
[2025-11-21T11:47:15.659+0000] {processor.py:161} INFO - Started process (PID=811) to work on /opt/airflow/dags/etl_dag.py
[2025-11-21T11:47:15.696+0000] {processor.py:830} INFO - Processing file /opt/airflow/dags/etl_dag.py for tasks to queue
[2025-11-21T11:47:15.750+0000] {logging_mixin.py:188} INFO - [2025-11-21T11:47:15.750+0000] {dagbag.py:538} INFO - Filling up the DagBag from /opt/airflow/dags/etl_dag.py
[2025-11-21T11:47:16.718+0000] {processor.py:840} INFO - DAG(s) 'simple_etl_lineage' retrieved from /opt/airflow/dags/etl_dag.py
[2025-11-21T11:47:16.900+0000] {logging_mixin.py:188} INFO - [2025-11-21T11:47:16.900+0000] {dag.py:3036} INFO - Sync 1 DAGs
[2025-11-21T11:47:16.996+0000] {logging_mixin.py:188} INFO - [2025-11-21T11:47:16.995+0000] {dag.py:3823} INFO - Setting next_dagrun for simple_etl_lineage to None, run_after=None
[2025-11-21T11:47:17.122+0000] {processor.py:183} INFO - Processing /opt/airflow/dags/etl_dag.py took 1.498 seconds
[2025-11-21T11:47:50.986+0000] {processor.py:161} INFO - Started process (PID=841) to work on /opt/airflow/dags/etl_dag.py
[2025-11-21T11:47:50.994+0000] {processor.py:830} INFO - Processing file /opt/airflow/dags/etl_dag.py for tasks to queue
[2025-11-21T11:47:51.015+0000] {logging_mixin.py:188} INFO - [2025-11-21T11:47:51.014+0000] {dagbag.py:538} INFO - Filling up the DagBag from /opt/airflow/dags/etl_dag.py
[2025-11-21T11:47:54.979+0000] {processor.py:840} INFO - DAG(s) 'simple_etl_lineage' retrieved from /opt/airflow/dags/etl_dag.py
[2025-11-21T11:47:55.574+0000] {logging_mixin.py:188} INFO - [2025-11-21T11:47:55.574+0000] {dag.py:3036} INFO - Sync 1 DAGs
[2025-11-21T11:47:55.650+0000] {logging_mixin.py:188} INFO - [2025-11-21T11:47:55.650+0000] {dag.py:3823} INFO - Setting next_dagrun for simple_etl_lineage to None, run_after=None
[2025-11-21T11:47:55.737+0000] {processor.py:183} INFO - Processing /opt/airflow/dags/etl_dag.py took 4.764 seconds
[2025-11-21T11:48:27.961+0000] {processor.py:161} INFO - Started process (PID=871) to work on /opt/airflow/dags/etl_dag.py
[2025-11-21T11:48:27.972+0000] {processor.py:830} INFO - Processing file /opt/airflow/dags/etl_dag.py for tasks to queue
[2025-11-21T11:48:28.024+0000] {logging_mixin.py:188} INFO - [2025-11-21T11:48:28.023+0000] {dagbag.py:538} INFO - Filling up the DagBag from /opt/airflow/dags/etl_dag.py
[2025-11-21T11:48:29.120+0000] {processor.py:840} INFO - DAG(s) 'simple_etl_lineage' retrieved from /opt/airflow/dags/etl_dag.py
[2025-11-21T11:48:29.328+0000] {logging_mixin.py:188} INFO - [2025-11-21T11:48:29.318+0000] {dag.py:3036} INFO - Sync 1 DAGs
[2025-11-21T11:48:29.502+0000] {logging_mixin.py:188} INFO - [2025-11-21T11:48:29.501+0000] {dag.py:3823} INFO - Setting next_dagrun for simple_etl_lineage to None, run_after=None
[2025-11-21T11:48:29.781+0000] {processor.py:183} INFO - Processing /opt/airflow/dags/etl_dag.py took 1.841 seconds
[2025-11-21T11:49:01.010+0000] {processor.py:161} INFO - Started process (PID=901) to work on /opt/airflow/dags/etl_dag.py
[2025-11-21T11:49:01.070+0000] {processor.py:830} INFO - Processing file /opt/airflow/dags/etl_dag.py for tasks to queue
[2025-11-21T11:49:01.076+0000] {logging_mixin.py:188} INFO - [2025-11-21T11:49:01.075+0000] {dagbag.py:538} INFO - Filling up the DagBag from /opt/airflow/dags/etl_dag.py
[2025-11-21T11:49:01.324+0000] {processor.py:840} INFO - DAG(s) 'simple_etl_lineage' retrieved from /opt/airflow/dags/etl_dag.py
[2025-11-21T11:49:01.467+0000] {logging_mixin.py:188} INFO - [2025-11-21T11:49:01.467+0000] {dag.py:3036} INFO - Sync 1 DAGs
[2025-11-21T11:49:01.515+0000] {logging_mixin.py:188} INFO - [2025-11-21T11:49:01.514+0000] {dag.py:3823} INFO - Setting next_dagrun for simple_etl_lineage to None, run_after=None
[2025-11-21T11:49:01.600+0000] {processor.py:183} INFO - Processing /opt/airflow/dags/etl_dag.py took 0.651 seconds
[2025-11-21T11:49:32.431+0000] {processor.py:161} INFO - Started process (PID=933) to work on /opt/airflow/dags/etl_dag.py
[2025-11-21T11:49:32.458+0000] {processor.py:830} INFO - Processing file /opt/airflow/dags/etl_dag.py for tasks to queue
[2025-11-21T11:49:32.463+0000] {logging_mixin.py:188} INFO - [2025-11-21T11:49:32.463+0000] {dagbag.py:538} INFO - Filling up the DagBag from /opt/airflow/dags/etl_dag.py
[2025-11-21T11:49:32.630+0000] {processor.py:840} INFO - DAG(s) 'simple_etl_lineage' retrieved from /opt/airflow/dags/etl_dag.py
[2025-11-21T11:49:32.719+0000] {logging_mixin.py:188} INFO - [2025-11-21T11:49:32.718+0000] {dag.py:3036} INFO - Sync 1 DAGs
[2025-11-21T11:49:32.771+0000] {logging_mixin.py:188} INFO - [2025-11-21T11:49:32.770+0000] {dag.py:3823} INFO - Setting next_dagrun for simple_etl_lineage to None, run_after=None
[2025-11-21T11:49:32.827+0000] {processor.py:183} INFO - Processing /opt/airflow/dags/etl_dag.py took 0.409 seconds
[2025-11-21T11:50:03.511+0000] {processor.py:161} INFO - Started process (PID=971) to work on /opt/airflow/dags/etl_dag.py
[2025-11-21T11:50:03.512+0000] {processor.py:830} INFO - Processing file /opt/airflow/dags/etl_dag.py for tasks to queue
[2025-11-21T11:50:03.513+0000] {logging_mixin.py:188} INFO - [2025-11-21T11:50:03.513+0000] {dagbag.py:538} INFO - Filling up the DagBag from /opt/airflow/dags/etl_dag.py
[2025-11-21T11:50:03.529+0000] {processor.py:840} INFO - DAG(s) 'simple_etl_lineage' retrieved from /opt/airflow/dags/etl_dag.py
[2025-11-21T11:50:03.557+0000] {logging_mixin.py:188} INFO - [2025-11-21T11:50:03.557+0000] {dag.py:3036} INFO - Sync 1 DAGs
[2025-11-21T11:50:03.568+0000] {logging_mixin.py:188} INFO - [2025-11-21T11:50:03.568+0000] {dag.py:3823} INFO - Setting next_dagrun for simple_etl_lineage to None, run_after=None
[2025-11-21T11:50:03.594+0000] {processor.py:183} INFO - Processing /opt/airflow/dags/etl_dag.py took 0.086 seconds
[2025-11-21T11:50:33.825+0000] {processor.py:161} INFO - Started process (PID=1001) to work on /opt/airflow/dags/etl_dag.py
[2025-11-21T11:50:33.830+0000] {processor.py:830} INFO - Processing file /opt/airflow/dags/etl_dag.py for tasks to queue
[2025-11-21T11:50:33.839+0000] {logging_mixin.py:188} INFO - [2025-11-21T11:50:33.838+0000] {dagbag.py:538} INFO - Filling up the DagBag from /opt/airflow/dags/etl_dag.py
[2025-11-21T11:50:33.869+0000] {processor.py:840} INFO - DAG(s) 'simple_etl_lineage' retrieved from /opt/airflow/dags/etl_dag.py
[2025-11-21T11:50:33.913+0000] {logging_mixin.py:188} INFO - [2025-11-21T11:50:33.912+0000] {dag.py:3036} INFO - Sync 1 DAGs
[2025-11-21T11:50:33.927+0000] {logging_mixin.py:188} INFO - [2025-11-21T11:50:33.927+0000] {dag.py:3823} INFO - Setting next_dagrun for simple_etl_lineage to None, run_after=None
[2025-11-21T11:50:33.967+0000] {processor.py:183} INFO - Processing /opt/airflow/dags/etl_dag.py took 0.147 seconds
[2025-11-21T11:51:18.978+0000] {processor.py:161} INFO - Started process (PID=1044) to work on /opt/airflow/dags/etl_dag.py
[2025-11-21T11:51:18.992+0000] {processor.py:830} INFO - Processing file /opt/airflow/dags/etl_dag.py for tasks to queue
[2025-11-21T11:51:18.994+0000] {logging_mixin.py:188} INFO - [2025-11-21T11:51:18.993+0000] {dagbag.py:538} INFO - Filling up the DagBag from /opt/airflow/dags/etl_dag.py
[2025-11-21T11:51:19.188+0000] {processor.py:840} INFO - DAG(s) 'simple_etl_lineage' retrieved from /opt/airflow/dags/etl_dag.py
[2025-11-21T11:51:19.298+0000] {logging_mixin.py:188} INFO - [2025-11-21T11:51:19.297+0000] {dag.py:3036} INFO - Sync 1 DAGs
[2025-11-21T11:51:19.366+0000] {logging_mixin.py:188} INFO - [2025-11-21T11:51:19.366+0000] {dag.py:3823} INFO - Setting next_dagrun for simple_etl_lineage to None, run_after=None
[2025-11-21T11:51:19.465+0000] {processor.py:183} INFO - Processing /opt/airflow/dags/etl_dag.py took 0.518 seconds
[2025-11-21T11:51:50.349+0000] {processor.py:161} INFO - Started process (PID=1074) to work on /opt/airflow/dags/etl_dag.py
[2025-11-21T11:51:50.353+0000] {processor.py:830} INFO - Processing file /opt/airflow/dags/etl_dag.py for tasks to queue
[2025-11-21T11:51:50.365+0000] {logging_mixin.py:188} INFO - [2025-11-21T11:51:50.364+0000] {dagbag.py:538} INFO - Filling up the DagBag from /opt/airflow/dags/etl_dag.py
[2025-11-21T11:51:50.439+0000] {processor.py:840} INFO - DAG(s) 'simple_etl_lineage' retrieved from /opt/airflow/dags/etl_dag.py
[2025-11-21T11:51:50.619+0000] {logging_mixin.py:188} INFO - [2025-11-21T11:51:50.617+0000] {dag.py:3036} INFO - Sync 1 DAGs
[2025-11-21T11:51:50.711+0000] {logging_mixin.py:188} INFO - [2025-11-21T11:51:50.711+0000] {dag.py:3823} INFO - Setting next_dagrun for simple_etl_lineage to None, run_after=None
[2025-11-21T11:51:50.821+0000] {processor.py:183} INFO - Processing /opt/airflow/dags/etl_dag.py took 0.479 seconds
[2025-11-21T11:52:21.495+0000] {processor.py:161} INFO - Started process (PID=1104) to work on /opt/airflow/dags/etl_dag.py
[2025-11-21T11:52:21.511+0000] {processor.py:830} INFO - Processing file /opt/airflow/dags/etl_dag.py for tasks to queue
[2025-11-21T11:52:21.513+0000] {logging_mixin.py:188} INFO - [2025-11-21T11:52:21.513+0000] {dagbag.py:538} INFO - Filling up the DagBag from /opt/airflow/dags/etl_dag.py
[2025-11-21T11:52:21.978+0000] {processor.py:840} INFO - DAG(s) 'simple_etl_lineage' retrieved from /opt/airflow/dags/etl_dag.py
[2025-11-21T11:52:22.180+0000] {logging_mixin.py:188} INFO - [2025-11-21T11:52:22.180+0000] {dag.py:3036} INFO - Sync 1 DAGs
[2025-11-21T11:52:22.275+0000] {logging_mixin.py:188} INFO - [2025-11-21T11:52:22.274+0000] {dag.py:3823} INFO - Setting next_dagrun for simple_etl_lineage to None, run_after=None
[2025-11-21T11:52:22.490+0000] {processor.py:183} INFO - Processing /opt/airflow/dags/etl_dag.py took 1.001 seconds
[2025-11-21T11:52:59.482+0000] {processor.py:161} INFO - Started process (PID=1134) to work on /opt/airflow/dags/etl_dag.py
[2025-11-21T11:52:59.493+0000] {processor.py:830} INFO - Processing file /opt/airflow/dags/etl_dag.py for tasks to queue
[2025-11-21T11:52:59.523+0000] {logging_mixin.py:188} INFO - [2025-11-21T11:52:59.521+0000] {dagbag.py:538} INFO - Filling up the DagBag from /opt/airflow/dags/etl_dag.py
[2025-11-21T11:52:59.804+0000] {processor.py:840} INFO - DAG(s) 'simple_etl_lineage' retrieved from /opt/airflow/dags/etl_dag.py
[2025-11-21T11:52:59.996+0000] {logging_mixin.py:188} INFO - [2025-11-21T11:52:59.995+0000] {dag.py:3036} INFO - Sync 1 DAGs
[2025-11-21T11:53:00.233+0000] {logging_mixin.py:188} INFO - [2025-11-21T11:53:00.232+0000] {dag.py:3823} INFO - Setting next_dagrun for simple_etl_lineage to None, run_after=None
[2025-11-21T11:53:00.366+0000] {processor.py:183} INFO - Processing /opt/airflow/dags/etl_dag.py took 0.903 seconds
[2025-11-21T11:53:31.035+0000] {processor.py:161} INFO - Started process (PID=1164) to work on /opt/airflow/dags/etl_dag.py
[2025-11-21T11:53:31.054+0000] {processor.py:830} INFO - Processing file /opt/airflow/dags/etl_dag.py for tasks to queue
[2025-11-21T11:53:31.060+0000] {logging_mixin.py:188} INFO - [2025-11-21T11:53:31.060+0000] {dagbag.py:538} INFO - Filling up the DagBag from /opt/airflow/dags/etl_dag.py
[2025-11-21T11:53:31.326+0000] {processor.py:840} INFO - DAG(s) 'simple_etl_lineage' retrieved from /opt/airflow/dags/etl_dag.py
[2025-11-21T11:53:31.594+0000] {logging_mixin.py:188} INFO - [2025-11-21T11:53:31.593+0000] {dag.py:3036} INFO - Sync 1 DAGs
[2025-11-21T11:53:31.755+0000] {logging_mixin.py:188} INFO - [2025-11-21T11:53:31.755+0000] {dag.py:3823} INFO - Setting next_dagrun for simple_etl_lineage to None, run_after=None
[2025-11-21T11:53:31.920+0000] {processor.py:183} INFO - Processing /opt/airflow/dags/etl_dag.py took 0.907 seconds
[2025-11-21T11:54:02.287+0000] {processor.py:161} INFO - Started process (PID=1194) to work on /opt/airflow/dags/etl_dag.py
[2025-11-21T11:54:02.289+0000] {processor.py:830} INFO - Processing file /opt/airflow/dags/etl_dag.py for tasks to queue
[2025-11-21T11:54:02.291+0000] {logging_mixin.py:188} INFO - [2025-11-21T11:54:02.290+0000] {dagbag.py:538} INFO - Filling up the DagBag from /opt/airflow/dags/etl_dag.py
[2025-11-21T11:54:02.346+0000] {processor.py:840} INFO - DAG(s) 'simple_etl_lineage' retrieved from /opt/airflow/dags/etl_dag.py
[2025-11-21T11:54:02.427+0000] {logging_mixin.py:188} INFO - [2025-11-21T11:54:02.427+0000] {dag.py:3036} INFO - Sync 1 DAGs
[2025-11-21T11:54:02.471+0000] {logging_mixin.py:188} INFO - [2025-11-21T11:54:02.470+0000] {dag.py:3823} INFO - Setting next_dagrun for simple_etl_lineage to None, run_after=None
[2025-11-21T11:54:02.587+0000] {processor.py:183} INFO - Processing /opt/airflow/dags/etl_dag.py took 0.309 seconds
[2025-11-21T11:54:33.004+0000] {processor.py:161} INFO - Started process (PID=1224) to work on /opt/airflow/dags/etl_dag.py
[2025-11-21T11:54:33.005+0000] {processor.py:830} INFO - Processing file /opt/airflow/dags/etl_dag.py for tasks to queue
[2025-11-21T11:54:33.007+0000] {logging_mixin.py:188} INFO - [2025-11-21T11:54:33.006+0000] {dagbag.py:538} INFO - Filling up the DagBag from /opt/airflow/dags/etl_dag.py
[2025-11-21T11:54:33.036+0000] {processor.py:840} INFO - DAG(s) 'simple_etl_lineage' retrieved from /opt/airflow/dags/etl_dag.py
[2025-11-21T11:54:33.075+0000] {logging_mixin.py:188} INFO - [2025-11-21T11:54:33.075+0000] {dag.py:3036} INFO - Sync 1 DAGs
[2025-11-21T11:54:33.089+0000] {logging_mixin.py:188} INFO - [2025-11-21T11:54:33.089+0000] {dag.py:3823} INFO - Setting next_dagrun for simple_etl_lineage to None, run_after=None
[2025-11-21T11:54:33.137+0000] {processor.py:183} INFO - Processing /opt/airflow/dags/etl_dag.py took 0.139 seconds
[2025-11-21T11:55:03.936+0000] {processor.py:161} INFO - Started process (PID=1254) to work on /opt/airflow/dags/etl_dag.py
[2025-11-21T11:55:03.938+0000] {processor.py:830} INFO - Processing file /opt/airflow/dags/etl_dag.py for tasks to queue
[2025-11-21T11:55:03.939+0000] {logging_mixin.py:188} INFO - [2025-11-21T11:55:03.939+0000] {dagbag.py:538} INFO - Filling up the DagBag from /opt/airflow/dags/etl_dag.py
[2025-11-21T11:55:03.966+0000] {processor.py:840} INFO - DAG(s) 'simple_etl_lineage' retrieved from /opt/airflow/dags/etl_dag.py
[2025-11-21T11:55:03.998+0000] {logging_mixin.py:188} INFO - [2025-11-21T11:55:03.997+0000] {dag.py:3036} INFO - Sync 1 DAGs
[2025-11-21T11:55:04.013+0000] {logging_mixin.py:188} INFO - [2025-11-21T11:55:04.012+0000] {dag.py:3823} INFO - Setting next_dagrun for simple_etl_lineage to None, run_after=None
[2025-11-21T11:55:04.038+0000] {processor.py:183} INFO - Processing /opt/airflow/dags/etl_dag.py took 0.106 seconds
[2025-11-21T11:55:34.740+0000] {processor.py:161} INFO - Started process (PID=1281) to work on /opt/airflow/dags/etl_dag.py
[2025-11-21T11:55:34.742+0000] {processor.py:830} INFO - Processing file /opt/airflow/dags/etl_dag.py for tasks to queue
[2025-11-21T11:55:34.744+0000] {logging_mixin.py:188} INFO - [2025-11-21T11:55:34.744+0000] {dagbag.py:538} INFO - Filling up the DagBag from /opt/airflow/dags/etl_dag.py
[2025-11-21T11:55:34.764+0000] {processor.py:840} INFO - DAG(s) 'simple_etl_lineage' retrieved from /opt/airflow/dags/etl_dag.py
[2025-11-21T11:55:34.791+0000] {logging_mixin.py:188} INFO - [2025-11-21T11:55:34.790+0000] {dag.py:3036} INFO - Sync 1 DAGs
[2025-11-21T11:55:34.803+0000] {logging_mixin.py:188} INFO - [2025-11-21T11:55:34.803+0000] {dag.py:3823} INFO - Setting next_dagrun for simple_etl_lineage to None, run_after=None
[2025-11-21T11:55:34.829+0000] {processor.py:183} INFO - Processing /opt/airflow/dags/etl_dag.py took 0.093 seconds
[2025-11-21T11:56:05.741+0000] {processor.py:161} INFO - Started process (PID=1311) to work on /opt/airflow/dags/etl_dag.py
[2025-11-21T11:56:05.742+0000] {processor.py:830} INFO - Processing file /opt/airflow/dags/etl_dag.py for tasks to queue
[2025-11-21T11:56:05.744+0000] {logging_mixin.py:188} INFO - [2025-11-21T11:56:05.743+0000] {dagbag.py:538} INFO - Filling up the DagBag from /opt/airflow/dags/etl_dag.py
[2025-11-21T11:56:05.762+0000] {processor.py:840} INFO - DAG(s) 'simple_etl_lineage' retrieved from /opt/airflow/dags/etl_dag.py
[2025-11-21T11:56:05.787+0000] {logging_mixin.py:188} INFO - [2025-11-21T11:56:05.786+0000] {dag.py:3036} INFO - Sync 1 DAGs
[2025-11-21T11:56:05.797+0000] {logging_mixin.py:188} INFO - [2025-11-21T11:56:05.797+0000] {dag.py:3823} INFO - Setting next_dagrun for simple_etl_lineage to None, run_after=None
[2025-11-21T11:56:05.819+0000] {processor.py:183} INFO - Processing /opt/airflow/dags/etl_dag.py took 0.081 seconds
[2025-11-21T11:56:36.643+0000] {processor.py:161} INFO - Started process (PID=1341) to work on /opt/airflow/dags/etl_dag.py
[2025-11-21T11:56:36.645+0000] {processor.py:830} INFO - Processing file /opt/airflow/dags/etl_dag.py for tasks to queue
[2025-11-21T11:56:36.646+0000] {logging_mixin.py:188} INFO - [2025-11-21T11:56:36.646+0000] {dagbag.py:538} INFO - Filling up the DagBag from /opt/airflow/dags/etl_dag.py
[2025-11-21T11:56:36.664+0000] {processor.py:840} INFO - DAG(s) 'simple_etl_lineage' retrieved from /opt/airflow/dags/etl_dag.py
[2025-11-21T11:56:36.711+0000] {logging_mixin.py:188} INFO - [2025-11-21T11:56:36.711+0000] {dag.py:3036} INFO - Sync 1 DAGs
[2025-11-21T11:56:36.724+0000] {logging_mixin.py:188} INFO - [2025-11-21T11:56:36.724+0000] {dag.py:3823} INFO - Setting next_dagrun for simple_etl_lineage to None, run_after=None
[2025-11-21T11:56:36.752+0000] {processor.py:183} INFO - Processing /opt/airflow/dags/etl_dag.py took 0.113 seconds
[2025-11-21T11:57:07.369+0000] {processor.py:161} INFO - Started process (PID=1371) to work on /opt/airflow/dags/etl_dag.py
[2025-11-21T11:57:07.370+0000] {processor.py:830} INFO - Processing file /opt/airflow/dags/etl_dag.py for tasks to queue
[2025-11-21T11:57:07.371+0000] {logging_mixin.py:188} INFO - [2025-11-21T11:57:07.371+0000] {dagbag.py:538} INFO - Filling up the DagBag from /opt/airflow/dags/etl_dag.py
[2025-11-21T11:57:07.387+0000] {processor.py:840} INFO - DAG(s) 'simple_etl_lineage' retrieved from /opt/airflow/dags/etl_dag.py
[2025-11-21T11:57:07.413+0000] {logging_mixin.py:188} INFO - [2025-11-21T11:57:07.413+0000] {dag.py:3036} INFO - Sync 1 DAGs
[2025-11-21T11:57:07.425+0000] {logging_mixin.py:188} INFO - [2025-11-21T11:57:07.425+0000] {dag.py:3823} INFO - Setting next_dagrun for simple_etl_lineage to None, run_after=None
[2025-11-21T11:57:07.469+0000] {processor.py:183} INFO - Processing /opt/airflow/dags/etl_dag.py took 0.104 seconds
[2025-11-21T11:57:38.326+0000] {processor.py:161} INFO - Started process (PID=1401) to work on /opt/airflow/dags/etl_dag.py
[2025-11-21T11:57:38.327+0000] {processor.py:830} INFO - Processing file /opt/airflow/dags/etl_dag.py for tasks to queue
[2025-11-21T11:57:38.328+0000] {logging_mixin.py:188} INFO - [2025-11-21T11:57:38.328+0000] {dagbag.py:538} INFO - Filling up the DagBag from /opt/airflow/dags/etl_dag.py
[2025-11-21T11:57:38.348+0000] {processor.py:840} INFO - DAG(s) 'simple_etl_lineage' retrieved from /opt/airflow/dags/etl_dag.py
[2025-11-21T11:57:38.384+0000] {logging_mixin.py:188} INFO - [2025-11-21T11:57:38.384+0000] {dag.py:3036} INFO - Sync 1 DAGs
[2025-11-21T11:57:38.394+0000] {logging_mixin.py:188} INFO - [2025-11-21T11:57:38.394+0000] {dag.py:3823} INFO - Setting next_dagrun for simple_etl_lineage to None, run_after=None
[2025-11-21T11:57:38.415+0000] {processor.py:183} INFO - Processing /opt/airflow/dags/etl_dag.py took 0.092 seconds
[2025-11-21T11:58:09.069+0000] {processor.py:161} INFO - Started process (PID=1431) to work on /opt/airflow/dags/etl_dag.py
[2025-11-21T11:58:09.071+0000] {processor.py:830} INFO - Processing file /opt/airflow/dags/etl_dag.py for tasks to queue
[2025-11-21T11:58:09.073+0000] {logging_mixin.py:188} INFO - [2025-11-21T11:58:09.072+0000] {dagbag.py:538} INFO - Filling up the DagBag from /opt/airflow/dags/etl_dag.py
[2025-11-21T11:58:09.094+0000] {processor.py:840} INFO - DAG(s) 'simple_etl_lineage' retrieved from /opt/airflow/dags/etl_dag.py
[2025-11-21T11:58:09.118+0000] {logging_mixin.py:188} INFO - [2025-11-21T11:58:09.118+0000] {dag.py:3036} INFO - Sync 1 DAGs
[2025-11-21T11:58:09.144+0000] {logging_mixin.py:188} INFO - [2025-11-21T11:58:09.143+0000] {dag.py:3823} INFO - Setting next_dagrun for simple_etl_lineage to None, run_after=None
[2025-11-21T11:58:09.165+0000] {processor.py:183} INFO - Processing /opt/airflow/dags/etl_dag.py took 0.100 seconds
[2025-11-21T11:58:39.969+0000] {processor.py:161} INFO - Started process (PID=1461) to work on /opt/airflow/dags/etl_dag.py
[2025-11-21T11:58:39.974+0000] {processor.py:830} INFO - Processing file /opt/airflow/dags/etl_dag.py for tasks to queue
[2025-11-21T11:58:39.978+0000] {logging_mixin.py:188} INFO - [2025-11-21T11:58:39.977+0000] {dagbag.py:538} INFO - Filling up the DagBag from /opt/airflow/dags/etl_dag.py
[2025-11-21T11:58:39.997+0000] {processor.py:840} INFO - DAG(s) 'simple_etl_lineage' retrieved from /opt/airflow/dags/etl_dag.py
[2025-11-21T11:58:40.028+0000] {logging_mixin.py:188} INFO - [2025-11-21T11:58:40.028+0000] {dag.py:3036} INFO - Sync 1 DAGs
[2025-11-21T11:58:40.041+0000] {logging_mixin.py:188} INFO - [2025-11-21T11:58:40.041+0000] {dag.py:3823} INFO - Setting next_dagrun for simple_etl_lineage to None, run_after=None
[2025-11-21T11:58:40.065+0000] {processor.py:183} INFO - Processing /opt/airflow/dags/etl_dag.py took 0.101 seconds
[2025-11-21T11:59:10.788+0000] {processor.py:161} INFO - Started process (PID=1491) to work on /opt/airflow/dags/etl_dag.py
[2025-11-21T11:59:10.790+0000] {processor.py:830} INFO - Processing file /opt/airflow/dags/etl_dag.py for tasks to queue
[2025-11-21T11:59:10.791+0000] {logging_mixin.py:188} INFO - [2025-11-21T11:59:10.790+0000] {dagbag.py:538} INFO - Filling up the DagBag from /opt/airflow/dags/etl_dag.py
[2025-11-21T11:59:10.807+0000] {processor.py:840} INFO - DAG(s) 'simple_etl_lineage' retrieved from /opt/airflow/dags/etl_dag.py
[2025-11-21T11:59:10.832+0000] {logging_mixin.py:188} INFO - [2025-11-21T11:59:10.832+0000] {dag.py:3036} INFO - Sync 1 DAGs
[2025-11-21T11:59:10.843+0000] {logging_mixin.py:188} INFO - [2025-11-21T11:59:10.843+0000] {dag.py:3823} INFO - Setting next_dagrun for simple_etl_lineage to None, run_after=None
[2025-11-21T11:59:10.909+0000] {processor.py:183} INFO - Processing /opt/airflow/dags/etl_dag.py took 0.124 seconds
[2025-11-21T11:59:41.688+0000] {processor.py:161} INFO - Started process (PID=1521) to work on /opt/airflow/dags/etl_dag.py
[2025-11-21T11:59:41.689+0000] {processor.py:830} INFO - Processing file /opt/airflow/dags/etl_dag.py for tasks to queue
[2025-11-21T11:59:41.690+0000] {logging_mixin.py:188} INFO - [2025-11-21T11:59:41.690+0000] {dagbag.py:538} INFO - Filling up the DagBag from /opt/airflow/dags/etl_dag.py
[2025-11-21T11:59:41.706+0000] {processor.py:840} INFO - DAG(s) 'simple_etl_lineage' retrieved from /opt/airflow/dags/etl_dag.py
[2025-11-21T11:59:41.731+0000] {logging_mixin.py:188} INFO - [2025-11-21T11:59:41.731+0000] {dag.py:3036} INFO - Sync 1 DAGs
[2025-11-21T11:59:41.742+0000] {logging_mixin.py:188} INFO - [2025-11-21T11:59:41.741+0000] {dag.py:3823} INFO - Setting next_dagrun for simple_etl_lineage to None, run_after=None
[2025-11-21T11:59:41.763+0000] {processor.py:183} INFO - Processing /opt/airflow/dags/etl_dag.py took 0.078 seconds
[2025-11-21T12:21:40.074+0000] {processor.py:161} INFO - Started process (PID=1560) to work on /opt/airflow/dags/etl_dag.py
[2025-11-21T12:21:40.079+0000] {processor.py:830} INFO - Processing file /opt/airflow/dags/etl_dag.py for tasks to queue
[2025-11-21T12:21:40.087+0000] {logging_mixin.py:188} INFO - [2025-11-21T12:21:40.080+0000] {dagbag.py:538} INFO - Filling up the DagBag from /opt/airflow/dags/etl_dag.py
[2025-11-21T12:21:40.123+0000] {processor.py:840} INFO - DAG(s) 'simple_etl_lineage' retrieved from /opt/airflow/dags/etl_dag.py
[2025-11-21T12:21:40.199+0000] {logging_mixin.py:188} INFO - [2025-11-21T12:21:40.199+0000] {dag.py:3036} INFO - Sync 1 DAGs
[2025-11-21T12:21:40.246+0000] {logging_mixin.py:188} INFO - [2025-11-21T12:21:40.245+0000] {dag.py:3823} INFO - Setting next_dagrun for simple_etl_lineage to None, run_after=None
[2025-11-21T12:21:40.315+0000] {processor.py:183} INFO - Processing /opt/airflow/dags/etl_dag.py took 0.247 seconds
[2025-11-21T12:22:10.585+0000] {processor.py:161} INFO - Started process (PID=1592) to work on /opt/airflow/dags/etl_dag.py
[2025-11-21T12:22:10.586+0000] {processor.py:830} INFO - Processing file /opt/airflow/dags/etl_dag.py for tasks to queue
[2025-11-21T12:22:10.587+0000] {logging_mixin.py:188} INFO - [2025-11-21T12:22:10.587+0000] {dagbag.py:538} INFO - Filling up the DagBag from /opt/airflow/dags/etl_dag.py
[2025-11-21T12:22:10.603+0000] {processor.py:840} INFO - DAG(s) 'simple_etl_lineage' retrieved from /opt/airflow/dags/etl_dag.py
[2025-11-21T12:22:10.626+0000] {logging_mixin.py:188} INFO - [2025-11-21T12:22:10.625+0000] {dag.py:3036} INFO - Sync 1 DAGs
[2025-11-21T12:22:10.636+0000] {logging_mixin.py:188} INFO - [2025-11-21T12:22:10.636+0000] {dag.py:3823} INFO - Setting next_dagrun for simple_etl_lineage to None, run_after=None
[2025-11-21T12:22:10.657+0000] {processor.py:183} INFO - Processing /opt/airflow/dags/etl_dag.py took 0.075 seconds
[2025-11-21T12:22:41.599+0000] {processor.py:161} INFO - Started process (PID=1621) to work on /opt/airflow/dags/etl_dag.py
[2025-11-21T12:22:41.601+0000] {processor.py:830} INFO - Processing file /opt/airflow/dags/etl_dag.py for tasks to queue
[2025-11-21T12:22:41.602+0000] {logging_mixin.py:188} INFO - [2025-11-21T12:22:41.602+0000] {dagbag.py:538} INFO - Filling up the DagBag from /opt/airflow/dags/etl_dag.py
[2025-11-21T12:22:41.619+0000] {processor.py:840} INFO - DAG(s) 'simple_etl_lineage' retrieved from /opt/airflow/dags/etl_dag.py
[2025-11-21T12:22:41.641+0000] {logging_mixin.py:188} INFO - [2025-11-21T12:22:41.641+0000] {dag.py:3036} INFO - Sync 1 DAGs
[2025-11-21T12:22:41.653+0000] {logging_mixin.py:188} INFO - [2025-11-21T12:22:41.652+0000] {dag.py:3823} INFO - Setting next_dagrun for simple_etl_lineage to None, run_after=None
[2025-11-21T12:22:41.671+0000] {processor.py:183} INFO - Processing /opt/airflow/dags/etl_dag.py took 0.075 seconds
[2025-11-21T12:23:12.376+0000] {processor.py:161} INFO - Started process (PID=1652) to work on /opt/airflow/dags/etl_dag.py
[2025-11-21T12:23:12.378+0000] {processor.py:830} INFO - Processing file /opt/airflow/dags/etl_dag.py for tasks to queue
[2025-11-21T12:23:12.379+0000] {logging_mixin.py:188} INFO - [2025-11-21T12:23:12.379+0000] {dagbag.py:538} INFO - Filling up the DagBag from /opt/airflow/dags/etl_dag.py
[2025-11-21T12:23:12.399+0000] {processor.py:840} INFO - DAG(s) 'simple_etl_lineage' retrieved from /opt/airflow/dags/etl_dag.py
[2025-11-21T12:23:12.434+0000] {logging_mixin.py:188} INFO - [2025-11-21T12:23:12.434+0000] {dag.py:3036} INFO - Sync 1 DAGs
[2025-11-21T12:23:12.453+0000] {logging_mixin.py:188} INFO - [2025-11-21T12:23:12.452+0000] {dag.py:3823} INFO - Setting next_dagrun for simple_etl_lineage to None, run_after=None
[2025-11-21T12:23:12.481+0000] {processor.py:183} INFO - Processing /opt/airflow/dags/etl_dag.py took 0.112 seconds
[2025-11-21T12:23:43.336+0000] {processor.py:161} INFO - Started process (PID=1682) to work on /opt/airflow/dags/etl_dag.py
[2025-11-21T12:23:43.337+0000] {processor.py:830} INFO - Processing file /opt/airflow/dags/etl_dag.py for tasks to queue
[2025-11-21T12:23:43.339+0000] {logging_mixin.py:188} INFO - [2025-11-21T12:23:43.338+0000] {dagbag.py:538} INFO - Filling up the DagBag from /opt/airflow/dags/etl_dag.py
[2025-11-21T12:23:43.361+0000] {processor.py:840} INFO - DAG(s) 'simple_etl_lineage' retrieved from /opt/airflow/dags/etl_dag.py
[2025-11-21T12:23:43.393+0000] {logging_mixin.py:188} INFO - [2025-11-21T12:23:43.393+0000] {dag.py:3036} INFO - Sync 1 DAGs
[2025-11-21T12:23:43.409+0000] {logging_mixin.py:188} INFO - [2025-11-21T12:23:43.409+0000] {dag.py:3823} INFO - Setting next_dagrun for simple_etl_lineage to None, run_after=None
[2025-11-21T12:23:43.433+0000] {processor.py:183} INFO - Processing /opt/airflow/dags/etl_dag.py took 0.101 seconds
[2025-11-21T12:24:14.487+0000] {processor.py:161} INFO - Started process (PID=1710) to work on /opt/airflow/dags/etl_dag.py
[2025-11-21T12:24:14.490+0000] {processor.py:830} INFO - Processing file /opt/airflow/dags/etl_dag.py for tasks to queue
[2025-11-21T12:24:14.491+0000] {logging_mixin.py:188} INFO - [2025-11-21T12:24:14.491+0000] {dagbag.py:538} INFO - Filling up the DagBag from /opt/airflow/dags/etl_dag.py
[2025-11-21T12:24:14.515+0000] {processor.py:840} INFO - DAG(s) 'simple_etl_lineage' retrieved from /opt/airflow/dags/etl_dag.py
[2025-11-21T12:24:14.548+0000] {logging_mixin.py:188} INFO - [2025-11-21T12:24:14.548+0000] {dag.py:3036} INFO - Sync 1 DAGs
[2025-11-21T12:24:14.562+0000] {logging_mixin.py:188} INFO - [2025-11-21T12:24:14.562+0000] {dag.py:3823} INFO - Setting next_dagrun for simple_etl_lineage to None, run_after=None
[2025-11-21T12:24:14.604+0000] {processor.py:183} INFO - Processing /opt/airflow/dags/etl_dag.py took 0.122 seconds
[2025-11-21T12:24:45.533+0000] {processor.py:161} INFO - Started process (PID=1741) to work on /opt/airflow/dags/etl_dag.py
[2025-11-21T12:24:45.535+0000] {processor.py:830} INFO - Processing file /opt/airflow/dags/etl_dag.py for tasks to queue
[2025-11-21T12:24:45.536+0000] {logging_mixin.py:188} INFO - [2025-11-21T12:24:45.536+0000] {dagbag.py:538} INFO - Filling up the DagBag from /opt/airflow/dags/etl_dag.py
[2025-11-21T12:24:45.562+0000] {processor.py:840} INFO - DAG(s) 'simple_etl_lineage' retrieved from /opt/airflow/dags/etl_dag.py
[2025-11-21T12:24:45.615+0000] {logging_mixin.py:188} INFO - [2025-11-21T12:24:45.615+0000] {dag.py:3036} INFO - Sync 1 DAGs
[2025-11-21T12:24:45.649+0000] {logging_mixin.py:188} INFO - [2025-11-21T12:24:45.648+0000] {dag.py:3823} INFO - Setting next_dagrun for simple_etl_lineage to None, run_after=None
[2025-11-21T12:24:45.678+0000] {processor.py:183} INFO - Processing /opt/airflow/dags/etl_dag.py took 0.148 seconds
[2025-11-21T12:25:16.482+0000] {processor.py:161} INFO - Started process (PID=1770) to work on /opt/airflow/dags/etl_dag.py
[2025-11-21T12:25:16.484+0000] {processor.py:830} INFO - Processing file /opt/airflow/dags/etl_dag.py for tasks to queue
[2025-11-21T12:25:16.485+0000] {logging_mixin.py:188} INFO - [2025-11-21T12:25:16.485+0000] {dagbag.py:538} INFO - Filling up the DagBag from /opt/airflow/dags/etl_dag.py
[2025-11-21T12:25:16.506+0000] {processor.py:840} INFO - DAG(s) 'simple_etl_lineage' retrieved from /opt/airflow/dags/etl_dag.py
[2025-11-21T12:25:16.540+0000] {logging_mixin.py:188} INFO - [2025-11-21T12:25:16.539+0000] {dag.py:3036} INFO - Sync 1 DAGs
[2025-11-21T12:25:16.555+0000] {logging_mixin.py:188} INFO - [2025-11-21T12:25:16.555+0000] {dag.py:3823} INFO - Setting next_dagrun for simple_etl_lineage to None, run_after=None
[2025-11-21T12:25:16.578+0000] {processor.py:183} INFO - Processing /opt/airflow/dags/etl_dag.py took 0.102 seconds
[2025-11-21T12:25:47.426+0000] {processor.py:161} INFO - Started process (PID=1802) to work on /opt/airflow/dags/etl_dag.py
[2025-11-21T12:25:47.427+0000] {processor.py:830} INFO - Processing file /opt/airflow/dags/etl_dag.py for tasks to queue
[2025-11-21T12:25:47.429+0000] {logging_mixin.py:188} INFO - [2025-11-21T12:25:47.428+0000] {dagbag.py:538} INFO - Filling up the DagBag from /opt/airflow/dags/etl_dag.py
[2025-11-21T12:25:47.446+0000] {processor.py:840} INFO - DAG(s) 'simple_etl_lineage' retrieved from /opt/airflow/dags/etl_dag.py
[2025-11-21T12:25:47.497+0000] {logging_mixin.py:188} INFO - [2025-11-21T12:25:47.497+0000] {dag.py:3036} INFO - Sync 1 DAGs
[2025-11-21T12:25:47.511+0000] {logging_mixin.py:188} INFO - [2025-11-21T12:25:47.510+0000] {dag.py:3823} INFO - Setting next_dagrun for simple_etl_lineage to None, run_after=None
[2025-11-21T12:25:47.536+0000] {processor.py:183} INFO - Processing /opt/airflow/dags/etl_dag.py took 0.112 seconds
[2025-11-21T12:26:18.158+0000] {processor.py:161} INFO - Started process (PID=1832) to work on /opt/airflow/dags/etl_dag.py
[2025-11-21T12:26:18.160+0000] {processor.py:830} INFO - Processing file /opt/airflow/dags/etl_dag.py for tasks to queue
[2025-11-21T12:26:18.161+0000] {logging_mixin.py:188} INFO - [2025-11-21T12:26:18.161+0000] {dagbag.py:538} INFO - Filling up the DagBag from /opt/airflow/dags/etl_dag.py
[2025-11-21T12:26:18.190+0000] {processor.py:840} INFO - DAG(s) 'simple_etl_lineage' retrieved from /opt/airflow/dags/etl_dag.py
[2025-11-21T12:26:18.226+0000] {logging_mixin.py:188} INFO - [2025-11-21T12:26:18.226+0000] {dag.py:3036} INFO - Sync 1 DAGs
[2025-11-21T12:26:18.238+0000] {logging_mixin.py:188} INFO - [2025-11-21T12:26:18.238+0000] {dag.py:3823} INFO - Setting next_dagrun for simple_etl_lineage to None, run_after=None
[2025-11-21T12:26:18.264+0000] {processor.py:183} INFO - Processing /opt/airflow/dags/etl_dag.py took 0.109 seconds
[2025-11-21T12:26:48.451+0000] {processor.py:161} INFO - Started process (PID=1860) to work on /opt/airflow/dags/etl_dag.py
[2025-11-21T12:26:48.454+0000] {processor.py:830} INFO - Processing file /opt/airflow/dags/etl_dag.py for tasks to queue
[2025-11-21T12:26:48.456+0000] {logging_mixin.py:188} INFO - [2025-11-21T12:26:48.455+0000] {dagbag.py:538} INFO - Filling up the DagBag from /opt/airflow/dags/etl_dag.py
[2025-11-21T12:26:48.481+0000] {processor.py:840} INFO - DAG(s) 'simple_etl_lineage' retrieved from /opt/airflow/dags/etl_dag.py
[2025-11-21T12:26:48.523+0000] {logging_mixin.py:188} INFO - [2025-11-21T12:26:48.522+0000] {dag.py:3036} INFO - Sync 1 DAGs
[2025-11-21T12:26:48.556+0000] {logging_mixin.py:188} INFO - [2025-11-21T12:26:48.552+0000] {dag.py:3823} INFO - Setting next_dagrun for simple_etl_lineage to None, run_after=None
[2025-11-21T12:26:48.585+0000] {processor.py:183} INFO - Processing /opt/airflow/dags/etl_dag.py took 0.138 seconds
[2025-11-21T12:27:19.334+0000] {processor.py:161} INFO - Started process (PID=1892) to work on /opt/airflow/dags/etl_dag.py
[2025-11-21T12:27:19.335+0000] {processor.py:830} INFO - Processing file /opt/airflow/dags/etl_dag.py for tasks to queue
[2025-11-21T12:27:19.336+0000] {logging_mixin.py:188} INFO - [2025-11-21T12:27:19.336+0000] {dagbag.py:538} INFO - Filling up the DagBag from /opt/airflow/dags/etl_dag.py
[2025-11-21T12:27:19.353+0000] {processor.py:840} INFO - DAG(s) 'simple_etl_lineage' retrieved from /opt/airflow/dags/etl_dag.py
[2025-11-21T12:27:19.382+0000] {logging_mixin.py:188} INFO - [2025-11-21T12:27:19.382+0000] {dag.py:3036} INFO - Sync 1 DAGs
[2025-11-21T12:27:19.396+0000] {logging_mixin.py:188} INFO - [2025-11-21T12:27:19.395+0000] {dag.py:3823} INFO - Setting next_dagrun for simple_etl_lineage to None, run_after=None
[2025-11-21T12:27:19.418+0000] {processor.py:183} INFO - Processing /opt/airflow/dags/etl_dag.py took 0.087 seconds
[2025-11-21T12:27:50.140+0000] {processor.py:161} INFO - Started process (PID=1920) to work on /opt/airflow/dags/etl_dag.py
[2025-11-21T12:27:50.142+0000] {processor.py:830} INFO - Processing file /opt/airflow/dags/etl_dag.py for tasks to queue
[2025-11-21T12:27:50.144+0000] {logging_mixin.py:188} INFO - [2025-11-21T12:27:50.143+0000] {dagbag.py:538} INFO - Filling up the DagBag from /opt/airflow/dags/etl_dag.py
[2025-11-21T12:27:50.166+0000] {processor.py:840} INFO - DAG(s) 'simple_etl_lineage' retrieved from /opt/airflow/dags/etl_dag.py
[2025-11-21T12:27:50.198+0000] {logging_mixin.py:188} INFO - [2025-11-21T12:27:50.197+0000] {dag.py:3036} INFO - Sync 1 DAGs
[2025-11-21T12:27:50.211+0000] {logging_mixin.py:188} INFO - [2025-11-21T12:27:50.211+0000] {dag.py:3823} INFO - Setting next_dagrun for simple_etl_lineage to None, run_after=None
[2025-11-21T12:27:50.235+0000] {processor.py:183} INFO - Processing /opt/airflow/dags/etl_dag.py took 0.100 seconds
[2025-11-21T12:28:20.922+0000] {processor.py:161} INFO - Started process (PID=1952) to work on /opt/airflow/dags/etl_dag.py
[2025-11-21T12:28:20.924+0000] {processor.py:830} INFO - Processing file /opt/airflow/dags/etl_dag.py for tasks to queue
[2025-11-21T12:28:20.925+0000] {logging_mixin.py:188} INFO - [2025-11-21T12:28:20.925+0000] {dagbag.py:538} INFO - Filling up the DagBag from /opt/airflow/dags/etl_dag.py
[2025-11-21T12:28:20.943+0000] {processor.py:840} INFO - DAG(s) 'simple_etl_lineage' retrieved from /opt/airflow/dags/etl_dag.py
[2025-11-21T12:28:20.969+0000] {logging_mixin.py:188} INFO - [2025-11-21T12:28:20.969+0000] {dag.py:3036} INFO - Sync 1 DAGs
[2025-11-21T12:28:20.980+0000] {logging_mixin.py:188} INFO - [2025-11-21T12:28:20.979+0000] {dag.py:3823} INFO - Setting next_dagrun for simple_etl_lineage to None, run_after=None
[2025-11-21T12:28:21.001+0000] {processor.py:183} INFO - Processing /opt/airflow/dags/etl_dag.py took 0.082 seconds
[2025-11-21T12:28:51.810+0000] {processor.py:161} INFO - Started process (PID=1982) to work on /opt/airflow/dags/etl_dag.py
[2025-11-21T12:28:51.812+0000] {processor.py:830} INFO - Processing file /opt/airflow/dags/etl_dag.py for tasks to queue
[2025-11-21T12:28:51.813+0000] {logging_mixin.py:188} INFO - [2025-11-21T12:28:51.812+0000] {dagbag.py:538} INFO - Filling up the DagBag from /opt/airflow/dags/etl_dag.py
[2025-11-21T12:28:51.838+0000] {processor.py:840} INFO - DAG(s) 'simple_etl_lineage' retrieved from /opt/airflow/dags/etl_dag.py
[2025-11-21T12:28:51.875+0000] {logging_mixin.py:188} INFO - [2025-11-21T12:28:51.875+0000] {dag.py:3036} INFO - Sync 1 DAGs
[2025-11-21T12:28:51.899+0000] {logging_mixin.py:188} INFO - [2025-11-21T12:28:51.898+0000] {dag.py:3823} INFO - Setting next_dagrun for simple_etl_lineage to None, run_after=None
[2025-11-21T12:28:51.956+0000] {processor.py:183} INFO - Processing /opt/airflow/dags/etl_dag.py took 0.150 seconds
[2025-11-21T12:29:22.704+0000] {processor.py:161} INFO - Started process (PID=2010) to work on /opt/airflow/dags/etl_dag.py
[2025-11-21T12:29:22.706+0000] {processor.py:830} INFO - Processing file /opt/airflow/dags/etl_dag.py for tasks to queue
[2025-11-21T12:29:22.708+0000] {logging_mixin.py:188} INFO - [2025-11-21T12:29:22.707+0000] {dagbag.py:538} INFO - Filling up the DagBag from /opt/airflow/dags/etl_dag.py
[2025-11-21T12:29:22.737+0000] {processor.py:840} INFO - DAG(s) 'simple_etl_lineage' retrieved from /opt/airflow/dags/etl_dag.py
[2025-11-21T12:29:22.774+0000] {logging_mixin.py:188} INFO - [2025-11-21T12:29:22.774+0000] {dag.py:3036} INFO - Sync 1 DAGs
[2025-11-21T12:29:22.790+0000] {logging_mixin.py:188} INFO - [2025-11-21T12:29:22.790+0000] {dag.py:3823} INFO - Setting next_dagrun for simple_etl_lineage to None, run_after=None
[2025-11-21T12:29:22.826+0000] {processor.py:183} INFO - Processing /opt/airflow/dags/etl_dag.py took 0.128 seconds
[2025-11-21T12:29:53.650+0000] {processor.py:161} INFO - Started process (PID=2040) to work on /opt/airflow/dags/etl_dag.py
[2025-11-21T12:29:53.651+0000] {processor.py:830} INFO - Processing file /opt/airflow/dags/etl_dag.py for tasks to queue
[2025-11-21T12:29:53.653+0000] {logging_mixin.py:188} INFO - [2025-11-21T12:29:53.653+0000] {dagbag.py:538} INFO - Filling up the DagBag from /opt/airflow/dags/etl_dag.py
[2025-11-21T12:29:53.678+0000] {processor.py:840} INFO - DAG(s) 'simple_etl_lineage' retrieved from /opt/airflow/dags/etl_dag.py
[2025-11-21T12:29:53.729+0000] {logging_mixin.py:188} INFO - [2025-11-21T12:29:53.729+0000] {dag.py:3036} INFO - Sync 1 DAGs
[2025-11-21T12:29:53.748+0000] {logging_mixin.py:188} INFO - [2025-11-21T12:29:53.747+0000] {dag.py:3823} INFO - Setting next_dagrun for simple_etl_lineage to None, run_after=None
[2025-11-21T12:29:53.784+0000] {processor.py:183} INFO - Processing /opt/airflow/dags/etl_dag.py took 0.137 seconds
[2025-11-21T12:30:24.605+0000] {processor.py:161} INFO - Started process (PID=2070) to work on /opt/airflow/dags/etl_dag.py
[2025-11-21T12:30:24.607+0000] {processor.py:830} INFO - Processing file /opt/airflow/dags/etl_dag.py for tasks to queue
[2025-11-21T12:30:24.609+0000] {logging_mixin.py:188} INFO - [2025-11-21T12:30:24.608+0000] {dagbag.py:538} INFO - Filling up the DagBag from /opt/airflow/dags/etl_dag.py
[2025-11-21T12:30:24.634+0000] {processor.py:840} INFO - DAG(s) 'simple_etl_lineage' retrieved from /opt/airflow/dags/etl_dag.py
[2025-11-21T12:30:24.717+0000] {logging_mixin.py:188} INFO - [2025-11-21T12:30:24.716+0000] {dag.py:3036} INFO - Sync 1 DAGs
[2025-11-21T12:30:24.744+0000] {logging_mixin.py:188} INFO - [2025-11-21T12:30:24.744+0000] {dag.py:3823} INFO - Setting next_dagrun for simple_etl_lineage to None, run_after=None
[2025-11-21T12:30:24.797+0000] {processor.py:183} INFO - Processing /opt/airflow/dags/etl_dag.py took 0.196 seconds
[2025-11-21T12:30:55.466+0000] {processor.py:161} INFO - Started process (PID=2102) to work on /opt/airflow/dags/etl_dag.py
[2025-11-21T12:30:55.468+0000] {processor.py:830} INFO - Processing file /opt/airflow/dags/etl_dag.py for tasks to queue
[2025-11-21T12:30:55.469+0000] {logging_mixin.py:188} INFO - [2025-11-21T12:30:55.469+0000] {dagbag.py:538} INFO - Filling up the DagBag from /opt/airflow/dags/etl_dag.py
[2025-11-21T12:30:55.493+0000] {processor.py:840} INFO - DAG(s) 'simple_etl_lineage' retrieved from /opt/airflow/dags/etl_dag.py
[2025-11-21T12:30:55.528+0000] {logging_mixin.py:188} INFO - [2025-11-21T12:30:55.528+0000] {dag.py:3036} INFO - Sync 1 DAGs
[2025-11-21T12:30:55.545+0000] {logging_mixin.py:188} INFO - [2025-11-21T12:30:55.545+0000] {dag.py:3823} INFO - Setting next_dagrun for simple_etl_lineage to None, run_after=None
[2025-11-21T12:30:55.569+0000] {processor.py:183} INFO - Processing /opt/airflow/dags/etl_dag.py took 0.106 seconds
[2025-11-21T12:31:26.307+0000] {processor.py:161} INFO - Started process (PID=2132) to work on /opt/airflow/dags/etl_dag.py
[2025-11-21T12:31:26.310+0000] {processor.py:830} INFO - Processing file /opt/airflow/dags/etl_dag.py for tasks to queue
[2025-11-21T12:31:26.312+0000] {logging_mixin.py:188} INFO - [2025-11-21T12:31:26.312+0000] {dagbag.py:538} INFO - Filling up the DagBag from /opt/airflow/dags/etl_dag.py
[2025-11-21T12:31:26.333+0000] {processor.py:840} INFO - DAG(s) 'simple_etl_lineage' retrieved from /opt/airflow/dags/etl_dag.py
[2025-11-21T12:31:26.363+0000] {logging_mixin.py:188} INFO - [2025-11-21T12:31:26.363+0000] {dag.py:3036} INFO - Sync 1 DAGs
[2025-11-21T12:31:26.378+0000] {logging_mixin.py:188} INFO - [2025-11-21T12:31:26.377+0000] {dag.py:3823} INFO - Setting next_dagrun for simple_etl_lineage to None, run_after=None
[2025-11-21T12:31:26.403+0000] {processor.py:183} INFO - Processing /opt/airflow/dags/etl_dag.py took 0.102 seconds
[2025-11-21T12:52:09.709+0000] {processor.py:161} INFO - Started process (PID=2166) to work on /opt/airflow/dags/etl_dag.py
[2025-11-21T12:52:09.715+0000] {processor.py:830} INFO - Processing file /opt/airflow/dags/etl_dag.py for tasks to queue
[2025-11-21T12:52:09.726+0000] {logging_mixin.py:188} INFO - [2025-11-21T12:52:09.725+0000] {dagbag.py:538} INFO - Filling up the DagBag from /opt/airflow/dags/etl_dag.py
[2025-11-21T12:52:09.816+0000] {processor.py:840} INFO - DAG(s) 'simple_etl_lineage' retrieved from /opt/airflow/dags/etl_dag.py
[2025-11-21T12:52:09.983+0000] {logging_mixin.py:188} INFO - [2025-11-21T12:52:09.982+0000] {dag.py:3036} INFO - Sync 1 DAGs
[2025-11-21T12:52:10.062+0000] {logging_mixin.py:188} INFO - [2025-11-21T12:52:10.062+0000] {dag.py:3823} INFO - Setting next_dagrun for simple_etl_lineage to None, run_after=None
[2025-11-21T12:52:10.203+0000] {processor.py:183} INFO - Processing /opt/airflow/dags/etl_dag.py took 0.511 seconds
[2025-11-21T12:52:43.055+0000] {processor.py:161} INFO - Started process (PID=2196) to work on /opt/airflow/dags/etl_dag.py
[2025-11-21T12:52:43.152+0000] {processor.py:830} INFO - Processing file /opt/airflow/dags/etl_dag.py for tasks to queue
[2025-11-21T12:52:43.179+0000] {logging_mixin.py:188} INFO - [2025-11-21T12:52:43.178+0000] {dagbag.py:538} INFO - Filling up the DagBag from /opt/airflow/dags/etl_dag.py
[2025-11-21T12:52:43.689+0000] {processor.py:840} INFO - DAG(s) 'simple_etl_lineage' retrieved from /opt/airflow/dags/etl_dag.py
[2025-11-21T12:52:43.872+0000] {logging_mixin.py:188} INFO - [2025-11-21T12:52:43.871+0000] {dag.py:3036} INFO - Sync 1 DAGs
[2025-11-21T12:52:43.933+0000] {logging_mixin.py:188} INFO - [2025-11-21T12:52:43.932+0000] {dag.py:3823} INFO - Setting next_dagrun for simple_etl_lineage to None, run_after=None
[2025-11-21T12:52:44.100+0000] {processor.py:183} INFO - Processing /opt/airflow/dags/etl_dag.py took 1.077 seconds
[2025-11-21T12:53:17.766+0000] {processor.py:161} INFO - Started process (PID=2228) to work on /opt/airflow/dags/etl_dag.py
[2025-11-21T12:53:17.788+0000] {processor.py:830} INFO - Processing file /opt/airflow/dags/etl_dag.py for tasks to queue
[2025-11-21T12:53:17.800+0000] {logging_mixin.py:188} INFO - [2025-11-21T12:53:17.800+0000] {dagbag.py:538} INFO - Filling up the DagBag from /opt/airflow/dags/etl_dag.py
[2025-11-21T12:53:19.512+0000] {processor.py:840} INFO - DAG(s) 'simple_etl_lineage' retrieved from /opt/airflow/dags/etl_dag.py
[2025-11-21T12:53:19.771+0000] {logging_mixin.py:188} INFO - [2025-11-21T12:53:19.771+0000] {dag.py:3036} INFO - Sync 1 DAGs
[2025-11-21T12:53:20.039+0000] {logging_mixin.py:188} INFO - [2025-11-21T12:53:20.039+0000] {dag.py:3823} INFO - Setting next_dagrun for simple_etl_lineage to None, run_after=None
[2025-11-21T12:53:22.244+0000] {processor.py:183} INFO - Processing /opt/airflow/dags/etl_dag.py took 4.483 seconds
[2025-11-21T12:53:56.669+0000] {processor.py:161} INFO - Started process (PID=2256) to work on /opt/airflow/dags/etl_dag.py
[2025-11-21T12:53:56.696+0000] {processor.py:830} INFO - Processing file /opt/airflow/dags/etl_dag.py for tasks to queue
[2025-11-21T12:53:56.699+0000] {logging_mixin.py:188} INFO - [2025-11-21T12:53:56.698+0000] {dagbag.py:538} INFO - Filling up the DagBag from /opt/airflow/dags/etl_dag.py
[2025-11-21T12:54:01.921+0000] {processor.py:840} INFO - DAG(s) 'simple_etl_lineage' retrieved from /opt/airflow/dags/etl_dag.py
[2025-11-21T12:54:02.143+0000] {logging_mixin.py:188} INFO - [2025-11-21T12:54:02.142+0000] {dag.py:3036} INFO - Sync 1 DAGs
[2025-11-21T12:54:02.223+0000] {logging_mixin.py:188} INFO - [2025-11-21T12:54:02.222+0000] {dag.py:3823} INFO - Setting next_dagrun for simple_etl_lineage to None, run_after=None
[2025-11-21T12:54:02.550+0000] {processor.py:183} INFO - Processing /opt/airflow/dags/etl_dag.py took 5.887 seconds
[2025-11-21T12:54:33.951+0000] {processor.py:161} INFO - Started process (PID=2286) to work on /opt/airflow/dags/etl_dag.py
[2025-11-21T12:54:33.953+0000] {processor.py:830} INFO - Processing file /opt/airflow/dags/etl_dag.py for tasks to queue
[2025-11-21T12:54:33.966+0000] {logging_mixin.py:188} INFO - [2025-11-21T12:54:33.964+0000] {dagbag.py:538} INFO - Filling up the DagBag from /opt/airflow/dags/etl_dag.py
[2025-11-21T12:54:34.067+0000] {processor.py:840} INFO - DAG(s) 'simple_etl_lineage' retrieved from /opt/airflow/dags/etl_dag.py
[2025-11-21T12:54:34.198+0000] {logging_mixin.py:188} INFO - [2025-11-21T12:54:34.197+0000] {dag.py:3036} INFO - Sync 1 DAGs
[2025-11-21T12:54:34.407+0000] {logging_mixin.py:188} INFO - [2025-11-21T12:54:34.407+0000] {dag.py:3823} INFO - Setting next_dagrun for simple_etl_lineage to None, run_after=None
[2025-11-21T12:54:34.474+0000] {processor.py:183} INFO - Processing /opt/airflow/dags/etl_dag.py took 0.527 seconds
[2025-11-21T12:55:25.286+0000] {processor.py:161} INFO - Started process (PID=2316) to work on /opt/airflow/dags/etl_dag.py
[2025-11-21T12:55:25.406+0000] {processor.py:830} INFO - Processing file /opt/airflow/dags/etl_dag.py for tasks to queue
[2025-11-21T12:55:25.430+0000] {logging_mixin.py:188} INFO - [2025-11-21T12:55:25.429+0000] {dagbag.py:538} INFO - Filling up the DagBag from /opt/airflow/dags/etl_dag.py
[2025-11-21T12:55:27.966+0000] {processor.py:840} INFO - DAG(s) 'simple_etl_lineage' retrieved from /opt/airflow/dags/etl_dag.py
[2025-11-21T12:55:28.322+0000] {logging_mixin.py:188} INFO - [2025-11-21T12:55:28.321+0000] {dag.py:3036} INFO - Sync 1 DAGs
[2025-11-21T12:55:28.392+0000] {logging_mixin.py:188} INFO - [2025-11-21T12:55:28.392+0000] {dag.py:3823} INFO - Setting next_dagrun for simple_etl_lineage to None, run_after=None
[2025-11-21T12:55:28.533+0000] {processor.py:183} INFO - Processing /opt/airflow/dags/etl_dag.py took 3.253 seconds
[2025-11-21T12:56:01.917+0000] {processor.py:161} INFO - Started process (PID=2346) to work on /opt/airflow/dags/etl_dag.py
[2025-11-21T12:56:01.948+0000] {processor.py:830} INFO - Processing file /opt/airflow/dags/etl_dag.py for tasks to queue
[2025-11-21T12:56:01.957+0000] {logging_mixin.py:188} INFO - [2025-11-21T12:56:01.956+0000] {dagbag.py:538} INFO - Filling up the DagBag from /opt/airflow/dags/etl_dag.py
[2025-11-21T12:56:04.082+0000] {processor.py:840} INFO - DAG(s) 'simple_etl_lineage' retrieved from /opt/airflow/dags/etl_dag.py
[2025-11-21T12:56:04.852+0000] {logging_mixin.py:188} INFO - [2025-11-21T12:56:04.852+0000] {dag.py:3036} INFO - Sync 1 DAGs
[2025-11-21T12:56:05.069+0000] {logging_mixin.py:188} INFO - [2025-11-21T12:56:05.069+0000] {dag.py:3823} INFO - Setting next_dagrun for simple_etl_lineage to None, run_after=None
[2025-11-21T12:56:05.348+0000] {processor.py:183} INFO - Processing /opt/airflow/dags/etl_dag.py took 3.435 seconds
[2025-11-21T12:56:36.757+0000] {processor.py:161} INFO - Started process (PID=2378) to work on /opt/airflow/dags/etl_dag.py
[2025-11-21T12:56:36.760+0000] {processor.py:830} INFO - Processing file /opt/airflow/dags/etl_dag.py for tasks to queue
[2025-11-21T12:56:36.765+0000] {logging_mixin.py:188} INFO - [2025-11-21T12:56:36.764+0000] {dagbag.py:538} INFO - Filling up the DagBag from /opt/airflow/dags/etl_dag.py
[2025-11-21T12:56:36.866+0000] {processor.py:840} INFO - DAG(s) 'simple_etl_lineage' retrieved from /opt/airflow/dags/etl_dag.py
[2025-11-21T12:56:37.029+0000] {logging_mixin.py:188} INFO - [2025-11-21T12:56:37.028+0000] {dag.py:3036} INFO - Sync 1 DAGs
[2025-11-21T12:56:37.121+0000] {logging_mixin.py:188} INFO - [2025-11-21T12:56:37.121+0000] {dag.py:3823} INFO - Setting next_dagrun for simple_etl_lineage to None, run_after=None
[2025-11-21T12:56:37.251+0000] {processor.py:183} INFO - Processing /opt/airflow/dags/etl_dag.py took 0.499 seconds
[2025-11-21T12:57:07.980+0000] {processor.py:161} INFO - Started process (PID=2406) to work on /opt/airflow/dags/etl_dag.py
[2025-11-21T12:57:08.014+0000] {processor.py:830} INFO - Processing file /opt/airflow/dags/etl_dag.py for tasks to queue
[2025-11-21T12:57:08.021+0000] {logging_mixin.py:188} INFO - [2025-11-21T12:57:08.021+0000] {dagbag.py:538} INFO - Filling up the DagBag from /opt/airflow/dags/etl_dag.py
[2025-11-21T12:57:08.506+0000] {processor.py:840} INFO - DAG(s) 'simple_etl_lineage' retrieved from /opt/airflow/dags/etl_dag.py
[2025-11-21T12:57:08.649+0000] {logging_mixin.py:188} INFO - [2025-11-21T12:57:08.648+0000] {dag.py:3036} INFO - Sync 1 DAGs
[2025-11-21T12:57:08.715+0000] {logging_mixin.py:188} INFO - [2025-11-21T12:57:08.714+0000] {dag.py:3823} INFO - Setting next_dagrun for simple_etl_lineage to None, run_after=None
[2025-11-21T12:57:08.829+0000] {processor.py:183} INFO - Processing /opt/airflow/dags/etl_dag.py took 0.855 seconds
[2025-11-21T12:57:40.592+0000] {processor.py:161} INFO - Started process (PID=2436) to work on /opt/airflow/dags/etl_dag.py
[2025-11-21T12:57:40.644+0000] {processor.py:830} INFO - Processing file /opt/airflow/dags/etl_dag.py for tasks to queue
[2025-11-21T12:57:40.659+0000] {logging_mixin.py:188} INFO - [2025-11-21T12:57:40.657+0000] {dagbag.py:538} INFO - Filling up the DagBag from /opt/airflow/dags/etl_dag.py
[2025-11-21T12:57:41.007+0000] {processor.py:840} INFO - DAG(s) 'simple_etl_lineage' retrieved from /opt/airflow/dags/etl_dag.py
[2025-11-21T12:57:41.277+0000] {logging_mixin.py:188} INFO - [2025-11-21T12:57:41.276+0000] {dag.py:3036} INFO - Sync 1 DAGs
[2025-11-21T12:57:41.357+0000] {logging_mixin.py:188} INFO - [2025-11-21T12:57:41.344+0000] {dag.py:3823} INFO - Setting next_dagrun for simple_etl_lineage to None, run_after=None
[2025-11-21T12:57:41.547+0000] {processor.py:183} INFO - Processing /opt/airflow/dags/etl_dag.py took 0.961 seconds
[2025-11-21T13:17:33.441+0000] {processor.py:161} INFO - Started process (PID=2469) to work on /opt/airflow/dags/etl_dag.py
[2025-11-21T13:17:33.446+0000] {processor.py:830} INFO - Processing file /opt/airflow/dags/etl_dag.py for tasks to queue
[2025-11-21T13:17:33.455+0000] {logging_mixin.py:188} INFO - [2025-11-21T13:17:33.454+0000] {dagbag.py:538} INFO - Filling up the DagBag from /opt/airflow/dags/etl_dag.py
[2025-11-21T13:17:33.516+0000] {processor.py:840} INFO - DAG(s) 'simple_etl_lineage' retrieved from /opt/airflow/dags/etl_dag.py
[2025-11-21T13:17:33.644+0000] {logging_mixin.py:188} INFO - [2025-11-21T13:17:33.643+0000] {dag.py:3036} INFO - Sync 1 DAGs
[2025-11-21T13:17:33.719+0000] {logging_mixin.py:188} INFO - [2025-11-21T13:17:33.709+0000] {dag.py:3823} INFO - Setting next_dagrun for simple_etl_lineage to None, run_after=None
[2025-11-21T13:17:33.849+0000] {processor.py:183} INFO - Processing /opt/airflow/dags/etl_dag.py took 0.414 seconds
[2025-11-21T13:18:05.100+0000] {processor.py:161} INFO - Started process (PID=2499) to work on /opt/airflow/dags/etl_dag.py
[2025-11-21T13:18:05.103+0000] {processor.py:830} INFO - Processing file /opt/airflow/dags/etl_dag.py for tasks to queue
[2025-11-21T13:18:05.113+0000] {logging_mixin.py:188} INFO - [2025-11-21T13:18:05.113+0000] {dagbag.py:538} INFO - Filling up the DagBag from /opt/airflow/dags/etl_dag.py
[2025-11-21T13:18:05.165+0000] {processor.py:840} INFO - DAG(s) 'simple_etl_lineage' retrieved from /opt/airflow/dags/etl_dag.py
[2025-11-21T13:18:05.274+0000] {logging_mixin.py:188} INFO - [2025-11-21T13:18:05.264+0000] {dag.py:3036} INFO - Sync 1 DAGs
[2025-11-21T13:18:05.313+0000] {logging_mixin.py:188} INFO - [2025-11-21T13:18:05.313+0000] {dag.py:3823} INFO - Setting next_dagrun for simple_etl_lineage to None, run_after=None
[2025-11-21T13:18:05.387+0000] {processor.py:183} INFO - Processing /opt/airflow/dags/etl_dag.py took 0.301 seconds
[2025-11-21T13:18:40.806+0000] {processor.py:161} INFO - Started process (PID=2527) to work on /opt/airflow/dags/etl_dag.py
[2025-11-21T13:18:40.829+0000] {processor.py:830} INFO - Processing file /opt/airflow/dags/etl_dag.py for tasks to queue
[2025-11-21T13:18:40.852+0000] {logging_mixin.py:188} INFO - [2025-11-21T13:18:40.852+0000] {dagbag.py:538} INFO - Filling up the DagBag from /opt/airflow/dags/etl_dag.py
[2025-11-21T13:18:40.980+0000] {processor.py:840} INFO - DAG(s) 'simple_etl_lineage' retrieved from /opt/airflow/dags/etl_dag.py
[2025-11-21T13:18:41.191+0000] {logging_mixin.py:188} INFO - [2025-11-21T13:18:41.190+0000] {dag.py:3036} INFO - Sync 1 DAGs
[2025-11-21T13:18:41.273+0000] {logging_mixin.py:188} INFO - [2025-11-21T13:18:41.273+0000] {dag.py:3823} INFO - Setting next_dagrun for simple_etl_lineage to None, run_after=None
[2025-11-21T13:18:41.385+0000] {processor.py:183} INFO - Processing /opt/airflow/dags/etl_dag.py took 0.587 seconds
[2025-11-21T13:19:11.784+0000] {processor.py:161} INFO - Started process (PID=2557) to work on /opt/airflow/dags/etl_dag.py
[2025-11-21T13:19:11.786+0000] {processor.py:830} INFO - Processing file /opt/airflow/dags/etl_dag.py for tasks to queue
[2025-11-21T13:19:11.796+0000] {logging_mixin.py:188} INFO - [2025-11-21T13:19:11.795+0000] {dagbag.py:538} INFO - Filling up the DagBag from /opt/airflow/dags/etl_dag.py
[2025-11-21T13:19:12.895+0000] {processor.py:840} INFO - DAG(s) 'simple_etl_lineage' retrieved from /opt/airflow/dags/etl_dag.py
[2025-11-21T13:19:13.017+0000] {logging_mixin.py:188} INFO - [2025-11-21T13:19:13.007+0000] {dag.py:3036} INFO - Sync 1 DAGs
[2025-11-21T13:19:13.100+0000] {logging_mixin.py:188} INFO - [2025-11-21T13:19:13.100+0000] {dag.py:3823} INFO - Setting next_dagrun for simple_etl_lineage to None, run_after=None
[2025-11-21T13:19:13.172+0000] {processor.py:183} INFO - Processing /opt/airflow/dags/etl_dag.py took 1.394 seconds
[2025-11-21T13:19:44.375+0000] {processor.py:161} INFO - Started process (PID=2587) to work on /opt/airflow/dags/etl_dag.py
[2025-11-21T13:19:44.387+0000] {processor.py:830} INFO - Processing file /opt/airflow/dags/etl_dag.py for tasks to queue
[2025-11-21T13:19:44.398+0000] {logging_mixin.py:188} INFO - [2025-11-21T13:19:44.397+0000] {dagbag.py:538} INFO - Filling up the DagBag from /opt/airflow/dags/etl_dag.py
[2025-11-21T13:19:44.520+0000] {processor.py:840} INFO - DAG(s) 'simple_etl_lineage' retrieved from /opt/airflow/dags/etl_dag.py
[2025-11-21T13:19:44.603+0000] {logging_mixin.py:188} INFO - [2025-11-21T13:19:44.602+0000] {dag.py:3036} INFO - Sync 1 DAGs
[2025-11-21T13:19:44.652+0000] {logging_mixin.py:188} INFO - [2025-11-21T13:19:44.652+0000] {dag.py:3823} INFO - Setting next_dagrun for simple_etl_lineage to None, run_after=None
[2025-11-21T13:19:44.732+0000] {processor.py:183} INFO - Processing /opt/airflow/dags/etl_dag.py took 0.364 seconds
[2025-11-21T13:20:15.368+0000] {processor.py:161} INFO - Started process (PID=2617) to work on /opt/airflow/dags/etl_dag.py
[2025-11-21T13:20:15.374+0000] {processor.py:830} INFO - Processing file /opt/airflow/dags/etl_dag.py for tasks to queue
[2025-11-21T13:20:15.377+0000] {logging_mixin.py:188} INFO - [2025-11-21T13:20:15.376+0000] {dagbag.py:538} INFO - Filling up the DagBag from /opt/airflow/dags/etl_dag.py
[2025-11-21T13:20:15.409+0000] {processor.py:840} INFO - DAG(s) 'simple_etl_lineage' retrieved from /opt/airflow/dags/etl_dag.py
[2025-11-21T13:20:15.461+0000] {logging_mixin.py:188} INFO - [2025-11-21T13:20:15.461+0000] {dag.py:3036} INFO - Sync 1 DAGs
[2025-11-21T13:20:15.489+0000] {logging_mixin.py:188} INFO - [2025-11-21T13:20:15.489+0000] {dag.py:3823} INFO - Setting next_dagrun for simple_etl_lineage to None, run_after=None
[2025-11-21T13:20:15.552+0000] {processor.py:183} INFO - Processing /opt/airflow/dags/etl_dag.py took 0.188 seconds
[2025-11-21T13:20:46.323+0000] {processor.py:161} INFO - Started process (PID=2647) to work on /opt/airflow/dags/etl_dag.py
[2025-11-21T13:20:46.325+0000] {processor.py:830} INFO - Processing file /opt/airflow/dags/etl_dag.py for tasks to queue
[2025-11-21T13:20:46.327+0000] {logging_mixin.py:188} INFO - [2025-11-21T13:20:46.326+0000] {dagbag.py:538} INFO - Filling up the DagBag from /opt/airflow/dags/etl_dag.py
[2025-11-21T13:20:46.380+0000] {processor.py:840} INFO - DAG(s) 'simple_etl_lineage' retrieved from /opt/airflow/dags/etl_dag.py
[2025-11-21T13:20:46.416+0000] {logging_mixin.py:188} INFO - [2025-11-21T13:20:46.416+0000] {dag.py:3036} INFO - Sync 1 DAGs
[2025-11-21T13:20:46.435+0000] {logging_mixin.py:188} INFO - [2025-11-21T13:20:46.435+0000] {dag.py:3823} INFO - Setting next_dagrun for simple_etl_lineage to None, run_after=None
[2025-11-21T13:20:46.469+0000] {processor.py:183} INFO - Processing /opt/airflow/dags/etl_dag.py took 0.150 seconds
[2025-11-21T13:21:29.472+0000] {processor.py:161} INFO - Started process (PID=2677) to work on /opt/airflow/dags/etl_dag.py
[2025-11-21T13:21:29.499+0000] {processor.py:830} INFO - Processing file /opt/airflow/dags/etl_dag.py for tasks to queue
[2025-11-21T13:21:29.515+0000] {logging_mixin.py:188} INFO - [2025-11-21T13:21:29.515+0000] {dagbag.py:538} INFO - Filling up the DagBag from /opt/airflow/dags/etl_dag.py
[2025-11-21T13:21:30.485+0000] {processor.py:840} INFO - DAG(s) 'simple_etl_lineage' retrieved from /opt/airflow/dags/etl_dag.py
[2025-11-21T13:21:30.663+0000] {logging_mixin.py:188} INFO - [2025-11-21T13:21:30.662+0000] {dag.py:3036} INFO - Sync 1 DAGs
[2025-11-21T13:21:31.028+0000] {logging_mixin.py:188} INFO - [2025-11-21T13:21:31.028+0000] {dag.py:3823} INFO - Setting next_dagrun for simple_etl_lineage to None, run_after=None
[2025-11-21T13:21:31.137+0000] {processor.py:183} INFO - Processing /opt/airflow/dags/etl_dag.py took 1.673 seconds
[2025-11-21T13:22:02.374+0000] {processor.py:161} INFO - Started process (PID=2709) to work on /opt/airflow/dags/etl_dag.py
[2025-11-21T13:22:02.376+0000] {processor.py:830} INFO - Processing file /opt/airflow/dags/etl_dag.py for tasks to queue
[2025-11-21T13:22:02.378+0000] {logging_mixin.py:188} INFO - [2025-11-21T13:22:02.378+0000] {dagbag.py:538} INFO - Filling up the DagBag from /opt/airflow/dags/etl_dag.py
[2025-11-21T13:22:02.403+0000] {processor.py:840} INFO - DAG(s) 'simple_etl_lineage' retrieved from /opt/airflow/dags/etl_dag.py
[2025-11-21T13:22:02.445+0000] {logging_mixin.py:188} INFO - [2025-11-21T13:22:02.445+0000] {dag.py:3036} INFO - Sync 1 DAGs
[2025-11-21T13:22:02.460+0000] {logging_mixin.py:188} INFO - [2025-11-21T13:22:02.460+0000] {dag.py:3823} INFO - Setting next_dagrun for simple_etl_lineage to None, run_after=None
[2025-11-21T13:22:02.497+0000] {processor.py:183} INFO - Processing /opt/airflow/dags/etl_dag.py took 0.127 seconds
[2025-11-21T13:22:32.995+0000] {processor.py:161} INFO - Started process (PID=2739) to work on /opt/airflow/dags/etl_dag.py
[2025-11-21T13:22:33.008+0000] {processor.py:830} INFO - Processing file /opt/airflow/dags/etl_dag.py for tasks to queue
[2025-11-21T13:22:33.016+0000] {logging_mixin.py:188} INFO - [2025-11-21T13:22:33.016+0000] {dagbag.py:538} INFO - Filling up the DagBag from /opt/airflow/dags/etl_dag.py
[2025-11-21T13:22:33.068+0000] {processor.py:840} INFO - DAG(s) 'simple_etl_lineage' retrieved from /opt/airflow/dags/etl_dag.py
[2025-11-21T13:22:33.204+0000] {logging_mixin.py:188} INFO - [2025-11-21T13:22:33.203+0000] {dag.py:3036} INFO - Sync 1 DAGs
[2025-11-21T13:22:33.251+0000] {logging_mixin.py:188} INFO - [2025-11-21T13:22:33.250+0000] {dag.py:3823} INFO - Setting next_dagrun for simple_etl_lineage to None, run_after=None
[2025-11-21T13:22:33.313+0000] {processor.py:183} INFO - Processing /opt/airflow/dags/etl_dag.py took 0.325 seconds
[2025-11-21T13:23:03.995+0000] {processor.py:161} INFO - Started process (PID=2769) to work on /opt/airflow/dags/etl_dag.py
[2025-11-21T13:23:04.005+0000] {processor.py:830} INFO - Processing file /opt/airflow/dags/etl_dag.py for tasks to queue
[2025-11-21T13:23:04.018+0000] {logging_mixin.py:188} INFO - [2025-11-21T13:23:04.017+0000] {dagbag.py:538} INFO - Filling up the DagBag from /opt/airflow/dags/etl_dag.py
[2025-11-21T13:23:04.114+0000] {processor.py:840} INFO - DAG(s) 'simple_etl_lineage' retrieved from /opt/airflow/dags/etl_dag.py
[2025-11-21T13:23:04.186+0000] {logging_mixin.py:188} INFO - [2025-11-21T13:23:04.185+0000] {dag.py:3036} INFO - Sync 1 DAGs
[2025-11-21T13:23:04.218+0000] {logging_mixin.py:188} INFO - [2025-11-21T13:23:04.218+0000] {dag.py:3823} INFO - Setting next_dagrun for simple_etl_lineage to None, run_after=None
[2025-11-21T13:23:04.291+0000] {processor.py:183} INFO - Processing /opt/airflow/dags/etl_dag.py took 0.301 seconds
[2025-11-21T13:23:35.083+0000] {processor.py:161} INFO - Started process (PID=2799) to work on /opt/airflow/dags/etl_dag.py
[2025-11-21T13:23:35.085+0000] {processor.py:830} INFO - Processing file /opt/airflow/dags/etl_dag.py for tasks to queue
[2025-11-21T13:23:35.086+0000] {logging_mixin.py:188} INFO - [2025-11-21T13:23:35.086+0000] {dagbag.py:538} INFO - Filling up the DagBag from /opt/airflow/dags/etl_dag.py
[2025-11-21T13:23:35.108+0000] {processor.py:840} INFO - DAG(s) 'simple_etl_lineage' retrieved from /opt/airflow/dags/etl_dag.py
[2025-11-21T13:23:35.143+0000] {logging_mixin.py:188} INFO - [2025-11-21T13:23:35.142+0000] {dag.py:3036} INFO - Sync 1 DAGs
[2025-11-21T13:23:35.161+0000] {logging_mixin.py:188} INFO - [2025-11-21T13:23:35.161+0000] {dag.py:3823} INFO - Setting next_dagrun for simple_etl_lineage to None, run_after=None
[2025-11-21T13:23:35.195+0000] {processor.py:183} INFO - Processing /opt/airflow/dags/etl_dag.py took 0.116 seconds
[2025-11-21T13:24:05.818+0000] {processor.py:161} INFO - Started process (PID=2829) to work on /opt/airflow/dags/etl_dag.py
[2025-11-21T13:24:05.820+0000] {processor.py:830} INFO - Processing file /opt/airflow/dags/etl_dag.py for tasks to queue
[2025-11-21T13:24:05.822+0000] {logging_mixin.py:188} INFO - [2025-11-21T13:24:05.822+0000] {dagbag.py:538} INFO - Filling up the DagBag from /opt/airflow/dags/etl_dag.py
[2025-11-21T13:24:05.864+0000] {processor.py:840} INFO - DAG(s) 'simple_etl_lineage' retrieved from /opt/airflow/dags/etl_dag.py
[2025-11-21T13:24:05.894+0000] {logging_mixin.py:188} INFO - [2025-11-21T13:24:05.893+0000] {dag.py:3036} INFO - Sync 1 DAGs
[2025-11-21T13:24:05.908+0000] {logging_mixin.py:188} INFO - [2025-11-21T13:24:05.908+0000] {dag.py:3823} INFO - Setting next_dagrun for simple_etl_lineage to None, run_after=None
[2025-11-21T13:24:05.952+0000] {processor.py:183} INFO - Processing /opt/airflow/dags/etl_dag.py took 0.139 seconds
[2025-11-21T13:24:36.105+0000] {processor.py:161} INFO - Started process (PID=2859) to work on /opt/airflow/dags/etl_dag.py
[2025-11-21T13:24:36.108+0000] {processor.py:830} INFO - Processing file /opt/airflow/dags/etl_dag.py for tasks to queue
[2025-11-21T13:24:36.110+0000] {logging_mixin.py:188} INFO - [2025-11-21T13:24:36.109+0000] {dagbag.py:538} INFO - Filling up the DagBag from /opt/airflow/dags/etl_dag.py
[2025-11-21T13:24:36.137+0000] {processor.py:840} INFO - DAG(s) 'simple_etl_lineage' retrieved from /opt/airflow/dags/etl_dag.py
[2025-11-21T13:24:36.174+0000] {logging_mixin.py:188} INFO - [2025-11-21T13:24:36.173+0000] {dag.py:3036} INFO - Sync 1 DAGs
[2025-11-21T13:24:36.194+0000] {logging_mixin.py:188} INFO - [2025-11-21T13:24:36.193+0000] {dag.py:3823} INFO - Setting next_dagrun for simple_etl_lineage to None, run_after=None
[2025-11-21T13:24:36.248+0000] {processor.py:183} INFO - Processing /opt/airflow/dags/etl_dag.py took 0.146 seconds
[2025-11-21T13:25:06.391+0000] {processor.py:161} INFO - Started process (PID=2889) to work on /opt/airflow/dags/etl_dag.py
[2025-11-21T13:25:06.393+0000] {processor.py:830} INFO - Processing file /opt/airflow/dags/etl_dag.py for tasks to queue
[2025-11-21T13:25:06.394+0000] {logging_mixin.py:188} INFO - [2025-11-21T13:25:06.394+0000] {dagbag.py:538} INFO - Filling up the DagBag from /opt/airflow/dags/etl_dag.py
[2025-11-21T13:25:06.425+0000] {processor.py:840} INFO - DAG(s) 'simple_etl_lineage' retrieved from /opt/airflow/dags/etl_dag.py
[2025-11-21T13:25:06.465+0000] {logging_mixin.py:188} INFO - [2025-11-21T13:25:06.465+0000] {dag.py:3036} INFO - Sync 1 DAGs
[2025-11-21T13:25:06.479+0000] {logging_mixin.py:188} INFO - [2025-11-21T13:25:06.479+0000] {dag.py:3823} INFO - Setting next_dagrun for simple_etl_lineage to None, run_after=None
[2025-11-21T13:25:06.504+0000] {processor.py:183} INFO - Processing /opt/airflow/dags/etl_dag.py took 0.119 seconds
[2025-11-21T13:25:36.920+0000] {processor.py:161} INFO - Started process (PID=2919) to work on /opt/airflow/dags/etl_dag.py
[2025-11-21T13:25:36.922+0000] {processor.py:830} INFO - Processing file /opt/airflow/dags/etl_dag.py for tasks to queue
[2025-11-21T13:25:36.923+0000] {logging_mixin.py:188} INFO - [2025-11-21T13:25:36.923+0000] {dagbag.py:538} INFO - Filling up the DagBag from /opt/airflow/dags/etl_dag.py
[2025-11-21T13:25:36.952+0000] {processor.py:840} INFO - DAG(s) 'simple_etl_lineage' retrieved from /opt/airflow/dags/etl_dag.py
[2025-11-21T13:25:37.028+0000] {logging_mixin.py:188} INFO - [2025-11-21T13:25:37.028+0000] {dag.py:3036} INFO - Sync 1 DAGs
[2025-11-21T13:25:37.070+0000] {logging_mixin.py:188} INFO - [2025-11-21T13:25:37.070+0000] {dag.py:3823} INFO - Setting next_dagrun for simple_etl_lineage to None, run_after=None
[2025-11-21T13:25:37.106+0000] {processor.py:183} INFO - Processing /opt/airflow/dags/etl_dag.py took 0.191 seconds
[2025-11-21T13:40:48.297+0000] {processor.py:161} INFO - Started process (PID=2954) to work on /opt/airflow/dags/etl_dag.py
[2025-11-21T13:40:48.302+0000] {processor.py:830} INFO - Processing file /opt/airflow/dags/etl_dag.py for tasks to queue
[2025-11-21T13:40:48.310+0000] {logging_mixin.py:188} INFO - [2025-11-21T13:40:48.304+0000] {dagbag.py:538} INFO - Filling up the DagBag from /opt/airflow/dags/etl_dag.py
[2025-11-21T13:40:48.393+0000] {processor.py:840} INFO - DAG(s) 'simple_etl_lineage' retrieved from /opt/airflow/dags/etl_dag.py
[2025-11-21T13:40:48.497+0000] {logging_mixin.py:188} INFO - [2025-11-21T13:40:48.496+0000] {dag.py:3036} INFO - Sync 1 DAGs
[2025-11-21T13:40:48.546+0000] {logging_mixin.py:188} INFO - [2025-11-21T13:40:48.545+0000] {dag.py:3823} INFO - Setting next_dagrun for simple_etl_lineage to None, run_after=None
[2025-11-21T13:40:48.609+0000] {processor.py:183} INFO - Processing /opt/airflow/dags/etl_dag.py took 0.322 seconds
[2025-11-21T13:41:19.722+0000] {processor.py:161} INFO - Started process (PID=2984) to work on /opt/airflow/dags/etl_dag.py
[2025-11-21T13:41:19.727+0000] {processor.py:830} INFO - Processing file /opt/airflow/dags/etl_dag.py for tasks to queue
[2025-11-21T13:41:19.737+0000] {logging_mixin.py:188} INFO - [2025-11-21T13:41:19.736+0000] {dagbag.py:538} INFO - Filling up the DagBag from /opt/airflow/dags/etl_dag.py
[2025-11-21T13:41:20.117+0000] {processor.py:840} INFO - DAG(s) 'simple_etl_lineage' retrieved from /opt/airflow/dags/etl_dag.py
[2025-11-21T13:41:20.276+0000] {logging_mixin.py:188} INFO - [2025-11-21T13:41:20.275+0000] {dag.py:3036} INFO - Sync 1 DAGs
[2025-11-21T13:41:20.334+0000] {logging_mixin.py:188} INFO - [2025-11-21T13:41:20.334+0000] {dag.py:3823} INFO - Setting next_dagrun for simple_etl_lineage to None, run_after=None
[2025-11-21T13:41:20.562+0000] {processor.py:183} INFO - Processing /opt/airflow/dags/etl_dag.py took 0.851 seconds
[2025-11-21T13:41:50.822+0000] {processor.py:161} INFO - Started process (PID=3014) to work on /opt/airflow/dags/etl_dag.py
[2025-11-21T13:41:50.823+0000] {processor.py:830} INFO - Processing file /opt/airflow/dags/etl_dag.py for tasks to queue
[2025-11-21T13:41:50.825+0000] {logging_mixin.py:188} INFO - [2025-11-21T13:41:50.825+0000] {dagbag.py:538} INFO - Filling up the DagBag from /opt/airflow/dags/etl_dag.py
[2025-11-21T13:41:50.862+0000] {processor.py:840} INFO - DAG(s) 'simple_etl_lineage' retrieved from /opt/airflow/dags/etl_dag.py
[2025-11-21T13:41:50.894+0000] {logging_mixin.py:188} INFO - [2025-11-21T13:41:50.893+0000] {dag.py:3036} INFO - Sync 1 DAGs
[2025-11-21T13:41:50.906+0000] {logging_mixin.py:188} INFO - [2025-11-21T13:41:50.905+0000] {dag.py:3823} INFO - Setting next_dagrun for simple_etl_lineage to None, run_after=None
[2025-11-21T13:41:50.932+0000] {processor.py:183} INFO - Processing /opt/airflow/dags/etl_dag.py took 0.114 seconds
[2025-11-21T13:42:21.770+0000] {processor.py:161} INFO - Started process (PID=3044) to work on /opt/airflow/dags/etl_dag.py
[2025-11-21T13:42:21.773+0000] {processor.py:830} INFO - Processing file /opt/airflow/dags/etl_dag.py for tasks to queue
[2025-11-21T13:42:21.776+0000] {logging_mixin.py:188} INFO - [2025-11-21T13:42:21.775+0000] {dagbag.py:538} INFO - Filling up the DagBag from /opt/airflow/dags/etl_dag.py
[2025-11-21T13:42:21.811+0000] {processor.py:840} INFO - DAG(s) 'simple_etl_lineage' retrieved from /opt/airflow/dags/etl_dag.py
[2025-11-21T13:42:21.885+0000] {logging_mixin.py:188} INFO - [2025-11-21T13:42:21.884+0000] {dag.py:3036} INFO - Sync 1 DAGs
[2025-11-21T13:42:21.909+0000] {logging_mixin.py:188} INFO - [2025-11-21T13:42:21.909+0000] {dag.py:3823} INFO - Setting next_dagrun for simple_etl_lineage to None, run_after=None
[2025-11-21T13:42:21.989+0000] {processor.py:183} INFO - Processing /opt/airflow/dags/etl_dag.py took 0.225 seconds
[2025-11-21T13:42:55.544+0000] {processor.py:161} INFO - Started process (PID=3072) to work on /opt/airflow/dags/etl_dag.py
[2025-11-21T13:42:55.556+0000] {processor.py:830} INFO - Processing file /opt/airflow/dags/etl_dag.py for tasks to queue
[2025-11-21T13:42:55.560+0000] {logging_mixin.py:188} INFO - [2025-11-21T13:42:55.559+0000] {dagbag.py:538} INFO - Filling up the DagBag from /opt/airflow/dags/etl_dag.py
[2025-11-21T13:42:55.674+0000] {processor.py:840} INFO - DAG(s) 'simple_etl_lineage' retrieved from /opt/airflow/dags/etl_dag.py
[2025-11-21T13:42:55.784+0000] {logging_mixin.py:188} INFO - [2025-11-21T13:42:55.784+0000] {dag.py:3036} INFO - Sync 1 DAGs
[2025-11-21T13:42:55.826+0000] {logging_mixin.py:188} INFO - [2025-11-21T13:42:55.826+0000] {dag.py:3823} INFO - Setting next_dagrun for simple_etl_lineage to None, run_after=None
[2025-11-21T13:42:55.893+0000] {processor.py:183} INFO - Processing /opt/airflow/dags/etl_dag.py took 0.355 seconds
[2025-11-21T13:43:31.421+0000] {processor.py:161} INFO - Started process (PID=3102) to work on /opt/airflow/dags/etl_dag.py
[2025-11-21T13:43:31.434+0000] {processor.py:830} INFO - Processing file /opt/airflow/dags/etl_dag.py for tasks to queue
[2025-11-21T13:43:31.436+0000] {logging_mixin.py:188} INFO - [2025-11-21T13:43:31.436+0000] {dagbag.py:538} INFO - Filling up the DagBag from /opt/airflow/dags/etl_dag.py
[2025-11-21T13:43:31.614+0000] {processor.py:840} INFO - DAG(s) 'simple_etl_lineage' retrieved from /opt/airflow/dags/etl_dag.py
[2025-11-21T13:43:31.776+0000] {logging_mixin.py:188} INFO - [2025-11-21T13:43:31.766+0000] {dag.py:3036} INFO - Sync 1 DAGs
[2025-11-21T13:43:31.861+0000] {logging_mixin.py:188} INFO - [2025-11-21T13:43:31.861+0000] {dag.py:3823} INFO - Setting next_dagrun for simple_etl_lineage to None, run_after=None
[2025-11-21T13:43:32.073+0000] {processor.py:183} INFO - Processing /opt/airflow/dags/etl_dag.py took 0.660 seconds
[2025-11-21T13:44:02.498+0000] {processor.py:161} INFO - Started process (PID=3132) to work on /opt/airflow/dags/etl_dag.py
[2025-11-21T13:44:02.501+0000] {processor.py:830} INFO - Processing file /opt/airflow/dags/etl_dag.py for tasks to queue
[2025-11-21T13:44:02.519+0000] {logging_mixin.py:188} INFO - [2025-11-21T13:44:02.518+0000] {dagbag.py:538} INFO - Filling up the DagBag from /opt/airflow/dags/etl_dag.py
[2025-11-21T13:44:03.079+0000] {processor.py:840} INFO - DAG(s) 'simple_etl_lineage' retrieved from /opt/airflow/dags/etl_dag.py
[2025-11-21T13:44:03.181+0000] {logging_mixin.py:188} INFO - [2025-11-21T13:44:03.180+0000] {dag.py:3036} INFO - Sync 1 DAGs
[2025-11-21T13:44:03.253+0000] {logging_mixin.py:188} INFO - [2025-11-21T13:44:03.253+0000] {dag.py:3823} INFO - Setting next_dagrun for simple_etl_lineage to None, run_after=None
[2025-11-21T13:44:03.391+0000] {processor.py:183} INFO - Processing /opt/airflow/dags/etl_dag.py took 0.910 seconds
[2025-11-21T13:44:34.000+0000] {processor.py:161} INFO - Started process (PID=3162) to work on /opt/airflow/dags/etl_dag.py
[2025-11-21T13:44:34.006+0000] {processor.py:830} INFO - Processing file /opt/airflow/dags/etl_dag.py for tasks to queue
[2025-11-21T13:44:34.011+0000] {logging_mixin.py:188} INFO - [2025-11-21T13:44:34.010+0000] {dagbag.py:538} INFO - Filling up the DagBag from /opt/airflow/dags/etl_dag.py
[2025-11-21T13:44:34.102+0000] {processor.py:840} INFO - DAG(s) 'simple_etl_lineage' retrieved from /opt/airflow/dags/etl_dag.py
[2025-11-21T13:44:34.174+0000] {logging_mixin.py:188} INFO - [2025-11-21T13:44:34.174+0000] {dag.py:3036} INFO - Sync 1 DAGs
[2025-11-21T13:44:34.201+0000] {logging_mixin.py:188} INFO - [2025-11-21T13:44:34.200+0000] {dag.py:3823} INFO - Setting next_dagrun for simple_etl_lineage to None, run_after=None
[2025-11-21T13:44:34.305+0000] {processor.py:183} INFO - Processing /opt/airflow/dags/etl_dag.py took 0.321 seconds
[2025-11-21T13:45:04.550+0000] {processor.py:161} INFO - Started process (PID=3192) to work on /opt/airflow/dags/etl_dag.py
[2025-11-21T13:45:04.555+0000] {processor.py:830} INFO - Processing file /opt/airflow/dags/etl_dag.py for tasks to queue
[2025-11-21T13:45:04.559+0000] {logging_mixin.py:188} INFO - [2025-11-21T13:45:04.558+0000] {dagbag.py:538} INFO - Filling up the DagBag from /opt/airflow/dags/etl_dag.py
[2025-11-21T13:45:04.584+0000] {processor.py:840} INFO - DAG(s) 'simple_etl_lineage' retrieved from /opt/airflow/dags/etl_dag.py
[2025-11-21T13:45:04.633+0000] {logging_mixin.py:188} INFO - [2025-11-21T13:45:04.633+0000] {dag.py:3036} INFO - Sync 1 DAGs
[2025-11-21T13:45:04.652+0000] {logging_mixin.py:188} INFO - [2025-11-21T13:45:04.652+0000] {dag.py:3823} INFO - Setting next_dagrun for simple_etl_lineage to None, run_after=None
[2025-11-21T13:45:04.695+0000] {processor.py:183} INFO - Processing /opt/airflow/dags/etl_dag.py took 0.149 seconds
[2025-11-21T13:45:35.059+0000] {processor.py:161} INFO - Started process (PID=3222) to work on /opt/airflow/dags/etl_dag.py
[2025-11-21T13:45:35.061+0000] {processor.py:830} INFO - Processing file /opt/airflow/dags/etl_dag.py for tasks to queue
[2025-11-21T13:45:35.063+0000] {logging_mixin.py:188} INFO - [2025-11-21T13:45:35.062+0000] {dagbag.py:538} INFO - Filling up the DagBag from /opt/airflow/dags/etl_dag.py
[2025-11-21T13:45:35.097+0000] {processor.py:840} INFO - DAG(s) 'simple_etl_lineage' retrieved from /opt/airflow/dags/etl_dag.py
[2025-11-21T13:45:35.147+0000] {logging_mixin.py:188} INFO - [2025-11-21T13:45:35.146+0000] {dag.py:3036} INFO - Sync 1 DAGs
[2025-11-21T13:45:35.169+0000] {logging_mixin.py:188} INFO - [2025-11-21T13:45:35.168+0000] {dag.py:3823} INFO - Setting next_dagrun for simple_etl_lineage to None, run_after=None
[2025-11-21T13:45:35.226+0000] {processor.py:183} INFO - Processing /opt/airflow/dags/etl_dag.py took 0.172 seconds
[2025-11-21T13:46:06.041+0000] {processor.py:161} INFO - Started process (PID=3252) to work on /opt/airflow/dags/etl_dag.py
[2025-11-21T13:46:06.048+0000] {processor.py:830} INFO - Processing file /opt/airflow/dags/etl_dag.py for tasks to queue
[2025-11-21T13:46:06.057+0000] {logging_mixin.py:188} INFO - [2025-11-21T13:46:06.056+0000] {dagbag.py:538} INFO - Filling up the DagBag from /opt/airflow/dags/etl_dag.py
[2025-11-21T13:46:06.137+0000] {processor.py:840} INFO - DAG(s) 'simple_etl_lineage' retrieved from /opt/airflow/dags/etl_dag.py
[2025-11-21T13:46:06.225+0000] {logging_mixin.py:188} INFO - [2025-11-21T13:46:06.224+0000] {dag.py:3036} INFO - Sync 1 DAGs
[2025-11-21T13:46:06.259+0000] {logging_mixin.py:188} INFO - [2025-11-21T13:46:06.258+0000] {dag.py:3823} INFO - Setting next_dagrun for simple_etl_lineage to None, run_after=None
[2025-11-21T13:46:06.350+0000] {processor.py:183} INFO - Processing /opt/airflow/dags/etl_dag.py took 0.321 seconds
[2025-11-21T13:46:36.992+0000] {processor.py:161} INFO - Started process (PID=3282) to work on /opt/airflow/dags/etl_dag.py
[2025-11-21T13:46:36.995+0000] {processor.py:830} INFO - Processing file /opt/airflow/dags/etl_dag.py for tasks to queue
[2025-11-21T13:46:36.998+0000] {logging_mixin.py:188} INFO - [2025-11-21T13:46:36.996+0000] {dagbag.py:538} INFO - Filling up the DagBag from /opt/airflow/dags/etl_dag.py
[2025-11-21T13:46:37.070+0000] {processor.py:840} INFO - DAG(s) 'simple_etl_lineage' retrieved from /opt/airflow/dags/etl_dag.py
[2025-11-21T13:46:37.140+0000] {logging_mixin.py:188} INFO - [2025-11-21T13:46:37.140+0000] {dag.py:3036} INFO - Sync 1 DAGs
[2025-11-21T13:46:37.175+0000] {logging_mixin.py:188} INFO - [2025-11-21T13:46:37.175+0000] {dag.py:3823} INFO - Setting next_dagrun for simple_etl_lineage to None, run_after=None
[2025-11-21T13:46:37.307+0000] {processor.py:183} INFO - Processing /opt/airflow/dags/etl_dag.py took 0.320 seconds
[2025-11-21T13:47:07.614+0000] {processor.py:161} INFO - Started process (PID=3312) to work on /opt/airflow/dags/etl_dag.py
[2025-11-21T13:47:07.616+0000] {processor.py:830} INFO - Processing file /opt/airflow/dags/etl_dag.py for tasks to queue
[2025-11-21T13:47:07.618+0000] {logging_mixin.py:188} INFO - [2025-11-21T13:47:07.618+0000] {dagbag.py:538} INFO - Filling up the DagBag from /opt/airflow/dags/etl_dag.py
[2025-11-21T13:47:07.650+0000] {processor.py:840} INFO - DAG(s) 'simple_etl_lineage' retrieved from /opt/airflow/dags/etl_dag.py
[2025-11-21T13:47:07.699+0000] {logging_mixin.py:188} INFO - [2025-11-21T13:47:07.698+0000] {dag.py:3036} INFO - Sync 1 DAGs
[2025-11-21T13:47:07.721+0000] {logging_mixin.py:188} INFO - [2025-11-21T13:47:07.721+0000] {dag.py:3823} INFO - Setting next_dagrun for simple_etl_lineage to None, run_after=None
[2025-11-21T13:47:07.776+0000] {processor.py:183} INFO - Processing /opt/airflow/dags/etl_dag.py took 0.167 seconds
[2025-11-21T13:47:38.830+0000] {processor.py:161} INFO - Started process (PID=3342) to work on /opt/airflow/dags/etl_dag.py
[2025-11-21T13:47:38.871+0000] {processor.py:830} INFO - Processing file /opt/airflow/dags/etl_dag.py for tasks to queue
[2025-11-21T13:47:38.908+0000] {logging_mixin.py:188} INFO - [2025-11-21T13:47:38.907+0000] {dagbag.py:538} INFO - Filling up the DagBag from /opt/airflow/dags/etl_dag.py
[2025-11-21T13:47:39.132+0000] {processor.py:840} INFO - DAG(s) 'simple_etl_lineage' retrieved from /opt/airflow/dags/etl_dag.py
[2025-11-21T13:47:39.263+0000] {logging_mixin.py:188} INFO - [2025-11-21T13:47:39.263+0000] {dag.py:3036} INFO - Sync 1 DAGs
[2025-11-21T13:47:39.309+0000] {logging_mixin.py:188} INFO - [2025-11-21T13:47:39.308+0000] {dag.py:3823} INFO - Setting next_dagrun for simple_etl_lineage to None, run_after=None
[2025-11-21T13:47:39.381+0000] {processor.py:183} INFO - Processing /opt/airflow/dags/etl_dag.py took 0.560 seconds
[2025-11-21T13:48:10.145+0000] {processor.py:161} INFO - Started process (PID=3372) to work on /opt/airflow/dags/etl_dag.py
[2025-11-21T13:48:10.159+0000] {processor.py:830} INFO - Processing file /opt/airflow/dags/etl_dag.py for tasks to queue
[2025-11-21T13:48:10.163+0000] {logging_mixin.py:188} INFO - [2025-11-21T13:48:10.162+0000] {dagbag.py:538} INFO - Filling up the DagBag from /opt/airflow/dags/etl_dag.py
[2025-11-21T13:48:10.210+0000] {processor.py:840} INFO - DAG(s) 'simple_etl_lineage' retrieved from /opt/airflow/dags/etl_dag.py
[2025-11-21T13:48:10.269+0000] {logging_mixin.py:188} INFO - [2025-11-21T13:48:10.268+0000] {dag.py:3036} INFO - Sync 1 DAGs
[2025-11-21T13:48:10.291+0000] {logging_mixin.py:188} INFO - [2025-11-21T13:48:10.290+0000] {dag.py:3823} INFO - Setting next_dagrun for simple_etl_lineage to None, run_after=None
[2025-11-21T13:48:10.364+0000] {processor.py:183} INFO - Processing /opt/airflow/dags/etl_dag.py took 0.225 seconds
[2025-11-21T13:48:43.005+0000] {processor.py:161} INFO - Started process (PID=3402) to work on /opt/airflow/dags/etl_dag.py
[2025-11-21T13:48:43.008+0000] {processor.py:830} INFO - Processing file /opt/airflow/dags/etl_dag.py for tasks to queue
[2025-11-21T13:48:43.010+0000] {logging_mixin.py:188} INFO - [2025-11-21T13:48:43.009+0000] {dagbag.py:538} INFO - Filling up the DagBag from /opt/airflow/dags/etl_dag.py
[2025-11-21T13:48:43.061+0000] {processor.py:840} INFO - DAG(s) 'simple_etl_lineage' retrieved from /opt/airflow/dags/etl_dag.py
[2025-11-21T13:48:43.165+0000] {logging_mixin.py:188} INFO - [2025-11-21T13:48:43.165+0000] {dag.py:3036} INFO - Sync 1 DAGs
[2025-11-21T13:48:43.213+0000] {logging_mixin.py:188} INFO - [2025-11-21T13:48:43.213+0000] {dag.py:3823} INFO - Setting next_dagrun for simple_etl_lineage to None, run_after=None
[2025-11-21T13:48:43.288+0000] {processor.py:183} INFO - Processing /opt/airflow/dags/etl_dag.py took 0.300 seconds
[2025-11-21T13:49:17.291+0000] {processor.py:161} INFO - Started process (PID=3432) to work on /opt/airflow/dags/etl_dag.py
[2025-11-21T13:49:17.293+0000] {processor.py:830} INFO - Processing file /opt/airflow/dags/etl_dag.py for tasks to queue
[2025-11-21T13:49:17.304+0000] {logging_mixin.py:188} INFO - [2025-11-21T13:49:17.303+0000] {dagbag.py:538} INFO - Filling up the DagBag from /opt/airflow/dags/etl_dag.py
[2025-11-21T13:49:17.390+0000] {processor.py:840} INFO - DAG(s) 'simple_etl_lineage' retrieved from /opt/airflow/dags/etl_dag.py
[2025-11-21T13:49:17.488+0000] {logging_mixin.py:188} INFO - [2025-11-21T13:49:17.487+0000] {dag.py:3036} INFO - Sync 1 DAGs
[2025-11-21T13:49:17.534+0000] {logging_mixin.py:188} INFO - [2025-11-21T13:49:17.534+0000] {dag.py:3823} INFO - Setting next_dagrun for simple_etl_lineage to None, run_after=None
[2025-11-21T13:49:17.689+0000] {processor.py:183} INFO - Processing /opt/airflow/dags/etl_dag.py took 0.404 seconds
[2025-11-21T13:49:48.243+0000] {processor.py:161} INFO - Started process (PID=3462) to work on /opt/airflow/dags/etl_dag.py
[2025-11-21T13:49:48.256+0000] {processor.py:830} INFO - Processing file /opt/airflow/dags/etl_dag.py for tasks to queue
[2025-11-21T13:49:48.286+0000] {logging_mixin.py:188} INFO - [2025-11-21T13:49:48.286+0000] {dagbag.py:538} INFO - Filling up the DagBag from /opt/airflow/dags/etl_dag.py
[2025-11-21T13:49:48.529+0000] {processor.py:840} INFO - DAG(s) 'simple_etl_lineage' retrieved from /opt/airflow/dags/etl_dag.py
[2025-11-21T13:49:48.672+0000] {logging_mixin.py:188} INFO - [2025-11-21T13:49:48.671+0000] {dag.py:3036} INFO - Sync 1 DAGs
[2025-11-21T13:49:48.736+0000] {logging_mixin.py:188} INFO - [2025-11-21T13:49:48.736+0000] {dag.py:3823} INFO - Setting next_dagrun for simple_etl_lineage to None, run_after=None
[2025-11-21T13:49:48.821+0000] {processor.py:183} INFO - Processing /opt/airflow/dags/etl_dag.py took 0.584 seconds
[2025-11-21T13:50:19.295+0000] {processor.py:161} INFO - Started process (PID=3492) to work on /opt/airflow/dags/etl_dag.py
[2025-11-21T13:50:19.308+0000] {processor.py:830} INFO - Processing file /opt/airflow/dags/etl_dag.py for tasks to queue
[2025-11-21T13:50:19.324+0000] {logging_mixin.py:188} INFO - [2025-11-21T13:50:19.323+0000] {dagbag.py:538} INFO - Filling up the DagBag from /opt/airflow/dags/etl_dag.py
[2025-11-21T13:50:19.420+0000] {processor.py:840} INFO - DAG(s) 'simple_etl_lineage' retrieved from /opt/airflow/dags/etl_dag.py
[2025-11-21T13:50:19.623+0000] {logging_mixin.py:188} INFO - [2025-11-21T13:50:19.622+0000] {dag.py:3036} INFO - Sync 1 DAGs
[2025-11-21T13:50:19.675+0000] {logging_mixin.py:188} INFO - [2025-11-21T13:50:19.674+0000] {dag.py:3823} INFO - Setting next_dagrun for simple_etl_lineage to None, run_after=None
[2025-11-21T13:50:19.746+0000] {processor.py:183} INFO - Processing /opt/airflow/dags/etl_dag.py took 0.457 seconds
[2025-11-21T13:50:49.959+0000] {processor.py:161} INFO - Started process (PID=3522) to work on /opt/airflow/dags/etl_dag.py
[2025-11-21T13:50:49.962+0000] {processor.py:830} INFO - Processing file /opt/airflow/dags/etl_dag.py for tasks to queue
[2025-11-21T13:50:49.967+0000] {logging_mixin.py:188} INFO - [2025-11-21T13:50:49.967+0000] {dagbag.py:538} INFO - Filling up the DagBag from /opt/airflow/dags/etl_dag.py
[2025-11-21T13:50:50.098+0000] {processor.py:840} INFO - DAG(s) 'simple_etl_lineage' retrieved from /opt/airflow/dags/etl_dag.py
[2025-11-21T13:50:50.189+0000] {logging_mixin.py:188} INFO - [2025-11-21T13:50:50.188+0000] {dag.py:3036} INFO - Sync 1 DAGs
[2025-11-21T13:50:50.238+0000] {logging_mixin.py:188} INFO - [2025-11-21T13:50:50.238+0000] {dag.py:3823} INFO - Setting next_dagrun for simple_etl_lineage to None, run_after=None
[2025-11-21T13:50:50.330+0000] {processor.py:183} INFO - Processing /opt/airflow/dags/etl_dag.py took 0.377 seconds
[2025-11-21T13:51:20.726+0000] {processor.py:161} INFO - Started process (PID=3554) to work on /opt/airflow/dags/etl_dag.py
[2025-11-21T13:51:20.731+0000] {processor.py:830} INFO - Processing file /opt/airflow/dags/etl_dag.py for tasks to queue
[2025-11-21T13:51:20.736+0000] {logging_mixin.py:188} INFO - [2025-11-21T13:51:20.735+0000] {dagbag.py:538} INFO - Filling up the DagBag from /opt/airflow/dags/etl_dag.py
[2025-11-21T13:51:20.786+0000] {processor.py:840} INFO - DAG(s) 'simple_etl_lineage' retrieved from /opt/airflow/dags/etl_dag.py
[2025-11-21T13:51:20.837+0000] {logging_mixin.py:188} INFO - [2025-11-21T13:51:20.837+0000] {dag.py:3036} INFO - Sync 1 DAGs
[2025-11-21T13:51:20.858+0000] {logging_mixin.py:188} INFO - [2025-11-21T13:51:20.858+0000] {dag.py:3823} INFO - Setting next_dagrun for simple_etl_lineage to None, run_after=None
[2025-11-21T13:51:20.887+0000] {processor.py:183} INFO - Processing /opt/airflow/dags/etl_dag.py took 0.168 seconds
[2025-11-21T13:51:51.582+0000] {processor.py:161} INFO - Started process (PID=3582) to work on /opt/airflow/dags/etl_dag.py
[2025-11-21T13:51:51.584+0000] {processor.py:830} INFO - Processing file /opt/airflow/dags/etl_dag.py for tasks to queue
[2025-11-21T13:51:51.591+0000] {logging_mixin.py:188} INFO - [2025-11-21T13:51:51.591+0000] {dagbag.py:538} INFO - Filling up the DagBag from /opt/airflow/dags/etl_dag.py
[2025-11-21T13:51:51.636+0000] {processor.py:840} INFO - DAG(s) 'simple_etl_lineage' retrieved from /opt/airflow/dags/etl_dag.py
[2025-11-21T13:51:51.707+0000] {logging_mixin.py:188} INFO - [2025-11-21T13:51:51.702+0000] {dag.py:3036} INFO - Sync 1 DAGs
[2025-11-21T13:51:51.735+0000] {logging_mixin.py:188} INFO - [2025-11-21T13:51:51.734+0000] {dag.py:3823} INFO - Setting next_dagrun for simple_etl_lineage to None, run_after=None
[2025-11-21T13:51:51.810+0000] {processor.py:183} INFO - Processing /opt/airflow/dags/etl_dag.py took 0.235 seconds
[2025-11-21T13:52:25.082+0000] {processor.py:161} INFO - Started process (PID=3612) to work on /opt/airflow/dags/etl_dag.py
[2025-11-21T13:52:25.088+0000] {processor.py:830} INFO - Processing file /opt/airflow/dags/etl_dag.py for tasks to queue
[2025-11-21T13:52:25.095+0000] {logging_mixin.py:188} INFO - [2025-11-21T13:52:25.095+0000] {dagbag.py:538} INFO - Filling up the DagBag from /opt/airflow/dags/etl_dag.py
[2025-11-21T13:52:25.275+0000] {processor.py:840} INFO - DAG(s) 'simple_etl_lineage' retrieved from /opt/airflow/dags/etl_dag.py
[2025-11-21T13:52:25.390+0000] {logging_mixin.py:188} INFO - [2025-11-21T13:52:25.390+0000] {dag.py:3036} INFO - Sync 1 DAGs
[2025-11-21T13:52:25.438+0000] {logging_mixin.py:188} INFO - [2025-11-21T13:52:25.438+0000] {dag.py:3823} INFO - Setting next_dagrun for simple_etl_lineage to None, run_after=None
[2025-11-21T13:52:25.535+0000] {processor.py:183} INFO - Processing /opt/airflow/dags/etl_dag.py took 0.458 seconds
[2025-11-21T13:52:59.356+0000] {processor.py:161} INFO - Started process (PID=3644) to work on /opt/airflow/dags/etl_dag.py
[2025-11-21T13:52:59.373+0000] {processor.py:830} INFO - Processing file /opt/airflow/dags/etl_dag.py for tasks to queue
[2025-11-21T13:52:59.473+0000] {logging_mixin.py:188} INFO - [2025-11-21T13:52:59.472+0000] {dagbag.py:538} INFO - Filling up the DagBag from /opt/airflow/dags/etl_dag.py
[2025-11-21T13:52:59.622+0000] {processor.py:840} INFO - DAG(s) 'simple_etl_lineage' retrieved from /opt/airflow/dags/etl_dag.py
[2025-11-21T13:52:59.782+0000] {logging_mixin.py:188} INFO - [2025-11-21T13:52:59.781+0000] {dag.py:3036} INFO - Sync 1 DAGs
[2025-11-21T13:53:00.508+0000] {logging_mixin.py:188} INFO - [2025-11-21T13:53:00.492+0000] {dag.py:3823} INFO - Setting next_dagrun for simple_etl_lineage to None, run_after=None
[2025-11-21T13:53:00.860+0000] {processor.py:183} INFO - Processing /opt/airflow/dags/etl_dag.py took 1.508 seconds
[2025-11-21T13:53:31.598+0000] {processor.py:161} INFO - Started process (PID=3674) to work on /opt/airflow/dags/etl_dag.py
[2025-11-21T13:53:31.602+0000] {processor.py:830} INFO - Processing file /opt/airflow/dags/etl_dag.py for tasks to queue
[2025-11-21T13:53:31.606+0000] {logging_mixin.py:188} INFO - [2025-11-21T13:53:31.606+0000] {dagbag.py:538} INFO - Filling up the DagBag from /opt/airflow/dags/etl_dag.py
[2025-11-21T13:53:31.656+0000] {processor.py:840} INFO - DAG(s) 'simple_etl_lineage' retrieved from /opt/airflow/dags/etl_dag.py
[2025-11-21T13:53:31.711+0000] {logging_mixin.py:188} INFO - [2025-11-21T13:53:31.711+0000] {dag.py:3036} INFO - Sync 1 DAGs
[2025-11-21T13:53:31.745+0000] {logging_mixin.py:188} INFO - [2025-11-21T13:53:31.743+0000] {dag.py:3823} INFO - Setting next_dagrun for simple_etl_lineage to None, run_after=None
[2025-11-21T13:53:31.813+0000] {processor.py:183} INFO - Processing /opt/airflow/dags/etl_dag.py took 0.221 seconds
[2025-11-21T13:54:02.157+0000] {processor.py:161} INFO - Started process (PID=3704) to work on /opt/airflow/dags/etl_dag.py
[2025-11-21T13:54:02.159+0000] {processor.py:830} INFO - Processing file /opt/airflow/dags/etl_dag.py for tasks to queue
[2025-11-21T13:54:02.161+0000] {logging_mixin.py:188} INFO - [2025-11-21T13:54:02.160+0000] {dagbag.py:538} INFO - Filling up the DagBag from /opt/airflow/dags/etl_dag.py
[2025-11-21T13:54:02.196+0000] {processor.py:840} INFO - DAG(s) 'simple_etl_lineage' retrieved from /opt/airflow/dags/etl_dag.py
[2025-11-21T13:54:02.242+0000] {logging_mixin.py:188} INFO - [2025-11-21T13:54:02.241+0000] {dag.py:3036} INFO - Sync 1 DAGs
[2025-11-21T13:54:02.264+0000] {logging_mixin.py:188} INFO - [2025-11-21T13:54:02.264+0000] {dag.py:3823} INFO - Setting next_dagrun for simple_etl_lineage to None, run_after=None
[2025-11-21T13:54:02.301+0000] {processor.py:183} INFO - Processing /opt/airflow/dags/etl_dag.py took 0.147 seconds
[2025-11-21T13:54:32.877+0000] {processor.py:161} INFO - Started process (PID=3734) to work on /opt/airflow/dags/etl_dag.py
[2025-11-21T13:54:32.890+0000] {processor.py:830} INFO - Processing file /opt/airflow/dags/etl_dag.py for tasks to queue
[2025-11-21T13:54:32.894+0000] {logging_mixin.py:188} INFO - [2025-11-21T13:54:32.893+0000] {dagbag.py:538} INFO - Filling up the DagBag from /opt/airflow/dags/etl_dag.py
[2025-11-21T13:54:32.930+0000] {processor.py:840} INFO - DAG(s) 'simple_etl_lineage' retrieved from /opt/airflow/dags/etl_dag.py
[2025-11-21T13:54:32.995+0000] {logging_mixin.py:188} INFO - [2025-11-21T13:54:32.994+0000] {dag.py:3036} INFO - Sync 1 DAGs
[2025-11-21T13:54:33.029+0000] {logging_mixin.py:188} INFO - [2025-11-21T13:54:33.029+0000] {dag.py:3823} INFO - Setting next_dagrun for simple_etl_lineage to None, run_after=None
[2025-11-21T13:54:33.093+0000] {processor.py:183} INFO - Processing /opt/airflow/dags/etl_dag.py took 0.221 seconds
[2025-11-21T13:55:03.996+0000] {processor.py:161} INFO - Started process (PID=3764) to work on /opt/airflow/dags/etl_dag.py
[2025-11-21T13:55:04.014+0000] {processor.py:830} INFO - Processing file /opt/airflow/dags/etl_dag.py for tasks to queue
[2025-11-21T13:55:04.021+0000] {logging_mixin.py:188} INFO - [2025-11-21T13:55:04.021+0000] {dagbag.py:538} INFO - Filling up the DagBag from /opt/airflow/dags/etl_dag.py
[2025-11-21T13:55:04.139+0000] {processor.py:840} INFO - DAG(s) 'simple_etl_lineage' retrieved from /opt/airflow/dags/etl_dag.py
[2025-11-21T13:55:04.237+0000] {logging_mixin.py:188} INFO - [2025-11-21T13:55:04.237+0000] {dag.py:3036} INFO - Sync 1 DAGs
[2025-11-21T13:55:04.317+0000] {logging_mixin.py:188} INFO - [2025-11-21T13:55:04.317+0000] {dag.py:3823} INFO - Setting next_dagrun for simple_etl_lineage to None, run_after=None
[2025-11-21T13:55:04.471+0000] {processor.py:183} INFO - Processing /opt/airflow/dags/etl_dag.py took 0.481 seconds
[2025-11-21T13:55:34.763+0000] {processor.py:161} INFO - Started process (PID=3794) to work on /opt/airflow/dags/etl_dag.py
[2025-11-21T13:55:34.765+0000] {processor.py:830} INFO - Processing file /opt/airflow/dags/etl_dag.py for tasks to queue
[2025-11-21T13:55:34.768+0000] {logging_mixin.py:188} INFO - [2025-11-21T13:55:34.768+0000] {dagbag.py:538} INFO - Filling up the DagBag from /opt/airflow/dags/etl_dag.py
[2025-11-21T13:55:34.811+0000] {processor.py:840} INFO - DAG(s) 'simple_etl_lineage' retrieved from /opt/airflow/dags/etl_dag.py
[2025-11-21T13:55:34.851+0000] {logging_mixin.py:188} INFO - [2025-11-21T13:55:34.851+0000] {dag.py:3036} INFO - Sync 1 DAGs
[2025-11-21T13:55:34.878+0000] {logging_mixin.py:188} INFO - [2025-11-21T13:55:34.878+0000] {dag.py:3823} INFO - Setting next_dagrun for simple_etl_lineage to None, run_after=None
[2025-11-21T13:55:34.906+0000] {processor.py:183} INFO - Processing /opt/airflow/dags/etl_dag.py took 0.153 seconds
[2025-11-21T13:56:05.275+0000] {processor.py:161} INFO - Started process (PID=3824) to work on /opt/airflow/dags/etl_dag.py
[2025-11-21T13:56:05.280+0000] {processor.py:830} INFO - Processing file /opt/airflow/dags/etl_dag.py for tasks to queue
[2025-11-21T13:56:05.282+0000] {logging_mixin.py:188} INFO - [2025-11-21T13:56:05.282+0000] {dagbag.py:538} INFO - Filling up the DagBag from /opt/airflow/dags/etl_dag.py
[2025-11-21T13:56:05.327+0000] {processor.py:840} INFO - DAG(s) 'simple_etl_lineage' retrieved from /opt/airflow/dags/etl_dag.py
[2025-11-21T13:56:05.391+0000] {logging_mixin.py:188} INFO - [2025-11-21T13:56:05.391+0000] {dag.py:3036} INFO - Sync 1 DAGs
[2025-11-21T13:56:05.409+0000] {logging_mixin.py:188} INFO - [2025-11-21T13:56:05.409+0000] {dag.py:3823} INFO - Setting next_dagrun for simple_etl_lineage to None, run_after=None
[2025-11-21T13:56:05.469+0000] {processor.py:183} INFO - Processing /opt/airflow/dags/etl_dag.py took 0.201 seconds
[2025-11-21T13:56:35.965+0000] {processor.py:161} INFO - Started process (PID=3854) to work on /opt/airflow/dags/etl_dag.py
[2025-11-21T13:56:35.968+0000] {processor.py:830} INFO - Processing file /opt/airflow/dags/etl_dag.py for tasks to queue
[2025-11-21T13:56:35.970+0000] {logging_mixin.py:188} INFO - [2025-11-21T13:56:35.969+0000] {dagbag.py:538} INFO - Filling up the DagBag from /opt/airflow/dags/etl_dag.py
[2025-11-21T13:56:36.003+0000] {processor.py:840} INFO - DAG(s) 'simple_etl_lineage' retrieved from /opt/airflow/dags/etl_dag.py
[2025-11-21T13:56:36.042+0000] {logging_mixin.py:188} INFO - [2025-11-21T13:56:36.041+0000] {dag.py:3036} INFO - Sync 1 DAGs
[2025-11-21T13:56:36.061+0000] {logging_mixin.py:188} INFO - [2025-11-21T13:56:36.060+0000] {dag.py:3823} INFO - Setting next_dagrun for simple_etl_lineage to None, run_after=None
[2025-11-21T13:56:36.097+0000] {processor.py:183} INFO - Processing /opt/airflow/dags/etl_dag.py took 0.136 seconds
[2025-11-21T13:57:08.089+0000] {processor.py:161} INFO - Started process (PID=3884) to work on /opt/airflow/dags/etl_dag.py
[2025-11-21T13:57:08.094+0000] {processor.py:830} INFO - Processing file /opt/airflow/dags/etl_dag.py for tasks to queue
[2025-11-21T13:57:08.097+0000] {logging_mixin.py:188} INFO - [2025-11-21T13:57:08.096+0000] {dagbag.py:538} INFO - Filling up the DagBag from /opt/airflow/dags/etl_dag.py
[2025-11-21T13:57:08.565+0000] {processor.py:840} INFO - DAG(s) 'simple_etl_lineage' retrieved from /opt/airflow/dags/etl_dag.py
[2025-11-21T13:57:08.667+0000] {logging_mixin.py:188} INFO - [2025-11-21T13:57:08.667+0000] {dag.py:3036} INFO - Sync 1 DAGs
[2025-11-21T13:57:08.710+0000] {logging_mixin.py:188} INFO - [2025-11-21T13:57:08.709+0000] {dag.py:3823} INFO - Setting next_dagrun for simple_etl_lineage to None, run_after=None
[2025-11-21T13:57:08.897+0000] {processor.py:183} INFO - Processing /opt/airflow/dags/etl_dag.py took 0.813 seconds
[2025-11-21T13:57:39.955+0000] {processor.py:161} INFO - Started process (PID=3912) to work on /opt/airflow/dags/etl_dag.py
[2025-11-21T13:57:39.970+0000] {processor.py:830} INFO - Processing file /opt/airflow/dags/etl_dag.py for tasks to queue
[2025-11-21T13:57:39.998+0000] {logging_mixin.py:188} INFO - [2025-11-21T13:57:39.997+0000] {dagbag.py:538} INFO - Filling up the DagBag from /opt/airflow/dags/etl_dag.py
[2025-11-21T13:57:40.124+0000] {processor.py:840} INFO - DAG(s) 'simple_etl_lineage' retrieved from /opt/airflow/dags/etl_dag.py
[2025-11-21T13:57:40.249+0000] {logging_mixin.py:188} INFO - [2025-11-21T13:57:40.249+0000] {dag.py:3036} INFO - Sync 1 DAGs
[2025-11-21T13:57:40.315+0000] {logging_mixin.py:188} INFO - [2025-11-21T13:57:40.307+0000] {dag.py:3823} INFO - Setting next_dagrun for simple_etl_lineage to None, run_after=None
[2025-11-21T13:57:40.428+0000] {processor.py:183} INFO - Processing /opt/airflow/dags/etl_dag.py took 0.479 seconds
[2025-11-21T13:58:12.266+0000] {processor.py:161} INFO - Started process (PID=3942) to work on /opt/airflow/dags/etl_dag.py
[2025-11-21T13:58:12.273+0000] {processor.py:830} INFO - Processing file /opt/airflow/dags/etl_dag.py for tasks to queue
[2025-11-21T13:58:12.288+0000] {logging_mixin.py:188} INFO - [2025-11-21T13:58:12.287+0000] {dagbag.py:538} INFO - Filling up the DagBag from /opt/airflow/dags/etl_dag.py
[2025-11-21T13:58:12.424+0000] {processor.py:840} INFO - DAG(s) 'simple_etl_lineage' retrieved from /opt/airflow/dags/etl_dag.py
[2025-11-21T13:58:12.519+0000] {logging_mixin.py:188} INFO - [2025-11-21T13:58:12.518+0000] {dag.py:3036} INFO - Sync 1 DAGs
[2025-11-21T13:58:12.584+0000] {logging_mixin.py:188} INFO - [2025-11-21T13:58:12.584+0000] {dag.py:3823} INFO - Setting next_dagrun for simple_etl_lineage to None, run_after=None
[2025-11-21T13:58:12.666+0000] {processor.py:183} INFO - Processing /opt/airflow/dags/etl_dag.py took 0.407 seconds
[2025-11-21T13:58:46.722+0000] {processor.py:161} INFO - Started process (PID=3974) to work on /opt/airflow/dags/etl_dag.py
[2025-11-21T13:58:46.809+0000] {processor.py:830} INFO - Processing file /opt/airflow/dags/etl_dag.py for tasks to queue
[2025-11-21T13:58:46.825+0000] {logging_mixin.py:188} INFO - [2025-11-21T13:58:46.824+0000] {dagbag.py:538} INFO - Filling up the DagBag from /opt/airflow/dags/etl_dag.py
[2025-11-21T13:58:47.300+0000] {processor.py:840} INFO - DAG(s) 'simple_etl_lineage' retrieved from /opt/airflow/dags/etl_dag.py
[2025-11-21T13:58:47.390+0000] {logging_mixin.py:188} INFO - [2025-11-21T13:58:47.389+0000] {dag.py:3036} INFO - Sync 1 DAGs
[2025-11-21T13:58:47.450+0000] {logging_mixin.py:188} INFO - [2025-11-21T13:58:47.449+0000] {dag.py:3823} INFO - Setting next_dagrun for simple_etl_lineage to None, run_after=None
[2025-11-21T13:58:47.513+0000] {processor.py:183} INFO - Processing /opt/airflow/dags/etl_dag.py took 0.797 seconds
[2025-11-21T13:59:18.075+0000] {processor.py:161} INFO - Started process (PID=4004) to work on /opt/airflow/dags/etl_dag.py
[2025-11-21T13:59:18.079+0000] {processor.py:830} INFO - Processing file /opt/airflow/dags/etl_dag.py for tasks to queue
[2025-11-21T13:59:18.088+0000] {logging_mixin.py:188} INFO - [2025-11-21T13:59:18.082+0000] {dagbag.py:538} INFO - Filling up the DagBag from /opt/airflow/dags/etl_dag.py
[2025-11-21T13:59:19.845+0000] {processor.py:840} INFO - DAG(s) 'simple_etl_lineage' retrieved from /opt/airflow/dags/etl_dag.py
[2025-11-21T13:59:20.118+0000] {logging_mixin.py:188} INFO - [2025-11-21T13:59:20.107+0000] {dag.py:3036} INFO - Sync 1 DAGs
[2025-11-21T13:59:20.348+0000] {logging_mixin.py:188} INFO - [2025-11-21T13:59:20.347+0000] {dag.py:3823} INFO - Setting next_dagrun for simple_etl_lineage to None, run_after=None
[2025-11-21T13:59:20.726+0000] {processor.py:183} INFO - Processing /opt/airflow/dags/etl_dag.py took 2.656 seconds
[2025-11-21T13:59:53.226+0000] {processor.py:161} INFO - Started process (PID=4034) to work on /opt/airflow/dags/etl_dag.py
[2025-11-21T13:59:53.233+0000] {processor.py:830} INFO - Processing file /opt/airflow/dags/etl_dag.py for tasks to queue
[2025-11-21T13:59:53.248+0000] {logging_mixin.py:188} INFO - [2025-11-21T13:59:53.247+0000] {dagbag.py:538} INFO - Filling up the DagBag from /opt/airflow/dags/etl_dag.py
[2025-11-21T13:59:53.383+0000] {processor.py:840} INFO - DAG(s) 'simple_etl_lineage' retrieved from /opt/airflow/dags/etl_dag.py
[2025-11-21T13:59:53.525+0000] {logging_mixin.py:188} INFO - [2025-11-21T13:59:53.525+0000] {dag.py:3036} INFO - Sync 1 DAGs
[2025-11-21T13:59:53.582+0000] {logging_mixin.py:188} INFO - [2025-11-21T13:59:53.581+0000] {dag.py:3823} INFO - Setting next_dagrun for simple_etl_lineage to None, run_after=None
[2025-11-21T13:59:53.776+0000] {processor.py:183} INFO - Processing /opt/airflow/dags/etl_dag.py took 0.555 seconds
[2025-11-21T14:00:56.271+0000] {processor.py:161} INFO - Started process (PID=4064) to work on /opt/airflow/dags/etl_dag.py
[2025-11-21T14:00:56.299+0000] {processor.py:830} INFO - Processing file /opt/airflow/dags/etl_dag.py for tasks to queue
[2025-11-21T14:00:56.305+0000] {logging_mixin.py:188} INFO - [2025-11-21T14:00:56.304+0000] {dagbag.py:538} INFO - Filling up the DagBag from /opt/airflow/dags/etl_dag.py
[2025-11-21T14:00:57.038+0000] {processor.py:840} INFO - DAG(s) 'simple_etl_lineage' retrieved from /opt/airflow/dags/etl_dag.py
[2025-11-21T14:00:57.209+0000] {logging_mixin.py:188} INFO - [2025-11-21T14:00:57.208+0000] {dag.py:3036} INFO - Sync 1 DAGs
[2025-11-21T14:00:57.274+0000] {logging_mixin.py:188} INFO - [2025-11-21T14:00:57.274+0000] {dag.py:3823} INFO - Setting next_dagrun for simple_etl_lineage to None, run_after=None
[2025-11-21T14:00:57.364+0000] {processor.py:183} INFO - Processing /opt/airflow/dags/etl_dag.py took 1.102 seconds
[2025-11-21T14:01:28.578+0000] {processor.py:161} INFO - Started process (PID=4097) to work on /opt/airflow/dags/etl_dag.py
[2025-11-21T14:01:28.587+0000] {processor.py:830} INFO - Processing file /opt/airflow/dags/etl_dag.py for tasks to queue
[2025-11-21T14:01:28.593+0000] {logging_mixin.py:188} INFO - [2025-11-21T14:01:28.593+0000] {dagbag.py:538} INFO - Filling up the DagBag from /opt/airflow/dags/etl_dag.py
[2025-11-21T14:01:28.776+0000] {processor.py:840} INFO - DAG(s) 'simple_etl_lineage' retrieved from /opt/airflow/dags/etl_dag.py
[2025-11-21T14:01:29.058+0000] {logging_mixin.py:188} INFO - [2025-11-21T14:01:29.058+0000] {dag.py:3036} INFO - Sync 1 DAGs
[2025-11-21T14:01:29.293+0000] {logging_mixin.py:188} INFO - [2025-11-21T14:01:29.293+0000] {dag.py:3823} INFO - Setting next_dagrun for simple_etl_lineage to None, run_after=None
[2025-11-21T14:01:29.379+0000] {processor.py:183} INFO - Processing /opt/airflow/dags/etl_dag.py took 0.806 seconds
[2025-11-21T14:02:02.179+0000] {processor.py:161} INFO - Started process (PID=4127) to work on /opt/airflow/dags/etl_dag.py
[2025-11-21T14:02:02.260+0000] {processor.py:830} INFO - Processing file /opt/airflow/dags/etl_dag.py for tasks to queue
[2025-11-21T14:02:02.264+0000] {logging_mixin.py:188} INFO - [2025-11-21T14:02:02.263+0000] {dagbag.py:538} INFO - Filling up the DagBag from /opt/airflow/dags/etl_dag.py
[2025-11-21T14:02:02.390+0000] {processor.py:840} INFO - DAG(s) 'simple_etl_lineage' retrieved from /opt/airflow/dags/etl_dag.py
[2025-11-21T14:02:02.524+0000] {logging_mixin.py:188} INFO - [2025-11-21T14:02:02.523+0000] {dag.py:3036} INFO - Sync 1 DAGs
[2025-11-21T14:02:02.615+0000] {logging_mixin.py:188} INFO - [2025-11-21T14:02:02.614+0000] {dag.py:3823} INFO - Setting next_dagrun for simple_etl_lineage to None, run_after=None
[2025-11-21T14:02:02.715+0000] {processor.py:183} INFO - Processing /opt/airflow/dags/etl_dag.py took 0.582 seconds
[2025-11-21T14:02:35.348+0000] {processor.py:161} INFO - Started process (PID=4157) to work on /opt/airflow/dags/etl_dag.py
[2025-11-21T14:02:35.365+0000] {processor.py:830} INFO - Processing file /opt/airflow/dags/etl_dag.py for tasks to queue
[2025-11-21T14:02:35.368+0000] {logging_mixin.py:188} INFO - [2025-11-21T14:02:35.368+0000] {dagbag.py:538} INFO - Filling up the DagBag from /opt/airflow/dags/etl_dag.py
[2025-11-21T14:02:35.652+0000] {processor.py:840} INFO - DAG(s) 'simple_etl_lineage' retrieved from /opt/airflow/dags/etl_dag.py
[2025-11-21T14:02:35.744+0000] {logging_mixin.py:188} INFO - [2025-11-21T14:02:35.743+0000] {dag.py:3036} INFO - Sync 1 DAGs
[2025-11-21T14:02:35.803+0000] {logging_mixin.py:188} INFO - [2025-11-21T14:02:35.803+0000] {dag.py:3823} INFO - Setting next_dagrun for simple_etl_lineage to None, run_after=None
[2025-11-21T14:02:35.897+0000] {processor.py:183} INFO - Processing /opt/airflow/dags/etl_dag.py took 0.554 seconds
[2025-11-21T14:03:07.638+0000] {processor.py:161} INFO - Started process (PID=4189) to work on /opt/airflow/dags/etl_dag.py
[2025-11-21T14:03:07.645+0000] {processor.py:830} INFO - Processing file /opt/airflow/dags/etl_dag.py for tasks to queue
[2025-11-21T14:03:07.647+0000] {logging_mixin.py:188} INFO - [2025-11-21T14:03:07.647+0000] {dagbag.py:538} INFO - Filling up the DagBag from /opt/airflow/dags/etl_dag.py
[2025-11-21T14:03:07.722+0000] {processor.py:840} INFO - DAG(s) 'simple_etl_lineage' retrieved from /opt/airflow/dags/etl_dag.py
[2025-11-21T14:03:07.841+0000] {logging_mixin.py:188} INFO - [2025-11-21T14:03:07.840+0000] {dag.py:3036} INFO - Sync 1 DAGs
[2025-11-21T14:03:07.886+0000] {logging_mixin.py:188} INFO - [2025-11-21T14:03:07.886+0000] {dag.py:3823} INFO - Setting next_dagrun for simple_etl_lineage to None, run_after=None
[2025-11-21T14:03:07.967+0000] {processor.py:183} INFO - Processing /opt/airflow/dags/etl_dag.py took 0.344 seconds
[2025-11-21T14:03:38.867+0000] {processor.py:161} INFO - Started process (PID=4217) to work on /opt/airflow/dags/etl_dag.py
[2025-11-21T14:03:38.892+0000] {processor.py:830} INFO - Processing file /opt/airflow/dags/etl_dag.py for tasks to queue
[2025-11-21T14:03:38.909+0000] {logging_mixin.py:188} INFO - [2025-11-21T14:03:38.908+0000] {dagbag.py:538} INFO - Filling up the DagBag from /opt/airflow/dags/etl_dag.py
[2025-11-21T14:03:39.529+0000] {processor.py:840} INFO - DAG(s) 'simple_etl_lineage' retrieved from /opt/airflow/dags/etl_dag.py
[2025-11-21T14:03:39.640+0000] {logging_mixin.py:188} INFO - [2025-11-21T14:03:39.640+0000] {dag.py:3036} INFO - Sync 1 DAGs
[2025-11-21T14:03:39.689+0000] {logging_mixin.py:188} INFO - [2025-11-21T14:03:39.689+0000] {dag.py:3823} INFO - Setting next_dagrun for simple_etl_lineage to None, run_after=None
[2025-11-21T14:03:39.783+0000] {processor.py:183} INFO - Processing /opt/airflow/dags/etl_dag.py took 0.923 seconds
[2025-11-21T14:04:21.323+0000] {processor.py:161} INFO - Started process (PID=4252) to work on /opt/airflow/dags/etl_dag.py
[2025-11-21T14:04:21.330+0000] {processor.py:830} INFO - Processing file /opt/airflow/dags/etl_dag.py for tasks to queue
[2025-11-21T14:04:21.346+0000] {logging_mixin.py:188} INFO - [2025-11-21T14:04:21.345+0000] {dagbag.py:538} INFO - Filling up the DagBag from /opt/airflow/dags/etl_dag.py
[2025-11-21T14:04:21.923+0000] {processor.py:840} INFO - DAG(s) 'simple_etl_lineage' retrieved from /opt/airflow/dags/etl_dag.py
[2025-11-21T14:04:22.029+0000] {logging_mixin.py:188} INFO - [2025-11-21T14:04:22.028+0000] {dag.py:3036} INFO - Sync 1 DAGs
[2025-11-21T14:04:22.081+0000] {logging_mixin.py:188} INFO - [2025-11-21T14:04:22.081+0000] {dag.py:3823} INFO - Setting next_dagrun for simple_etl_lineage to None, run_after=None
[2025-11-21T14:04:22.222+0000] {processor.py:183} INFO - Processing /opt/airflow/dags/etl_dag.py took 0.910 seconds
[2025-11-21T14:05:17.535+0000] {processor.py:161} INFO - Started process (PID=4282) to work on /opt/airflow/dags/etl_dag.py
[2025-11-21T14:05:17.558+0000] {processor.py:830} INFO - Processing file /opt/airflow/dags/etl_dag.py for tasks to queue
[2025-11-21T14:05:17.564+0000] {logging_mixin.py:188} INFO - [2025-11-21T14:05:17.563+0000] {dagbag.py:538} INFO - Filling up the DagBag from /opt/airflow/dags/etl_dag.py
[2025-11-21T14:05:17.977+0000] {processor.py:840} INFO - DAG(s) 'simple_etl_lineage' retrieved from /opt/airflow/dags/etl_dag.py
[2025-11-21T14:05:18.445+0000] {logging_mixin.py:188} INFO - [2025-11-21T14:05:18.445+0000] {dag.py:3036} INFO - Sync 1 DAGs
[2025-11-21T14:05:18.510+0000] {logging_mixin.py:188} INFO - [2025-11-21T14:05:18.509+0000] {dag.py:3823} INFO - Setting next_dagrun for simple_etl_lineage to None, run_after=None
[2025-11-21T14:05:18.671+0000] {processor.py:183} INFO - Processing /opt/airflow/dags/etl_dag.py took 1.141 seconds
[2025-11-21T14:05:56.314+0000] {processor.py:161} INFO - Started process (PID=4312) to work on /opt/airflow/dags/etl_dag.py
[2025-11-21T14:05:56.415+0000] {processor.py:830} INFO - Processing file /opt/airflow/dags/etl_dag.py for tasks to queue
[2025-11-21T14:05:56.422+0000] {logging_mixin.py:188} INFO - [2025-11-21T14:05:56.421+0000] {dagbag.py:538} INFO - Filling up the DagBag from /opt/airflow/dags/etl_dag.py
[2025-11-21T14:05:58.735+0000] {processor.py:840} INFO - DAG(s) 'simple_etl_lineage' retrieved from /opt/airflow/dags/etl_dag.py
[2025-11-21T14:05:58.988+0000] {logging_mixin.py:188} INFO - [2025-11-21T14:05:58.987+0000] {dag.py:3036} INFO - Sync 1 DAGs
[2025-11-21T14:05:59.038+0000] {logging_mixin.py:188} INFO - [2025-11-21T14:05:59.037+0000] {dag.py:3823} INFO - Setting next_dagrun for simple_etl_lineage to None, run_after=None
[2025-11-21T14:05:59.175+0000] {processor.py:183} INFO - Processing /opt/airflow/dags/etl_dag.py took 2.867 seconds
[2025-11-21T14:06:33.578+0000] {processor.py:161} INFO - Started process (PID=4342) to work on /opt/airflow/dags/etl_dag.py
[2025-11-21T14:06:33.607+0000] {processor.py:830} INFO - Processing file /opt/airflow/dags/etl_dag.py for tasks to queue
[2025-11-21T14:06:33.613+0000] {logging_mixin.py:188} INFO - [2025-11-21T14:06:33.612+0000] {dagbag.py:538} INFO - Filling up the DagBag from /opt/airflow/dags/etl_dag.py
[2025-11-21T14:06:33.742+0000] {processor.py:840} INFO - DAG(s) 'simple_etl_lineage' retrieved from /opt/airflow/dags/etl_dag.py
[2025-11-21T14:06:33.869+0000] {logging_mixin.py:188} INFO - [2025-11-21T14:06:33.869+0000] {dag.py:3036} INFO - Sync 1 DAGs
[2025-11-21T14:06:33.946+0000] {logging_mixin.py:188} INFO - [2025-11-21T14:06:33.945+0000] {dag.py:3823} INFO - Setting next_dagrun for simple_etl_lineage to None, run_after=None
[2025-11-21T14:06:34.043+0000] {processor.py:183} INFO - Processing /opt/airflow/dags/etl_dag.py took 0.492 seconds
[2025-11-21T14:07:41.604+0000] {processor.py:161} INFO - Started process (PID=4374) to work on /opt/airflow/dags/etl_dag.py
[2025-11-21T14:07:41.606+0000] {processor.py:830} INFO - Processing file /opt/airflow/dags/etl_dag.py for tasks to queue
[2025-11-21T14:07:41.609+0000] {logging_mixin.py:188} INFO - [2025-11-21T14:07:41.609+0000] {dagbag.py:538} INFO - Filling up the DagBag from /opt/airflow/dags/etl_dag.py
[2025-11-21T14:07:41.768+0000] {processor.py:840} INFO - DAG(s) 'simple_etl_lineage' retrieved from /opt/airflow/dags/etl_dag.py
[2025-11-21T14:07:41.874+0000] {logging_mixin.py:188} INFO - [2025-11-21T14:07:41.874+0000] {dag.py:3036} INFO - Sync 1 DAGs
[2025-11-21T14:07:41.926+0000] {logging_mixin.py:188} INFO - [2025-11-21T14:07:41.925+0000] {dag.py:3823} INFO - Setting next_dagrun for simple_etl_lineage to None, run_after=None
[2025-11-21T14:07:42.015+0000] {processor.py:183} INFO - Processing /opt/airflow/dags/etl_dag.py took 0.417 seconds
[2025-11-21T14:10:05.013+0000] {processor.py:161} INFO - Started process (PID=4400) to work on /opt/airflow/dags/etl_dag.py
[2025-11-21T14:10:05.054+0000] {processor.py:830} INFO - Processing file /opt/airflow/dags/etl_dag.py for tasks to queue
[2025-11-21T14:10:05.263+0000] {logging_mixin.py:188} INFO - [2025-11-21T14:10:05.110+0000] {dagbag.py:538} INFO - Filling up the DagBag from /opt/airflow/dags/etl_dag.py
[2025-11-21T14:10:29.345+0000] {processor.py:840} INFO - DAG(s) 'simple_etl_lineage' retrieved from /opt/airflow/dags/etl_dag.py
[2025-11-21T14:10:32.200+0000] {logging_mixin.py:188} INFO - [2025-11-21T14:10:32.199+0000] {dag.py:3036} INFO - Sync 1 DAGs
[2025-11-21T14:10:32.571+0000] {logging_mixin.py:188} INFO - [2025-11-21T14:10:32.570+0000] {dag.py:3823} INFO - Setting next_dagrun for simple_etl_lineage to None, run_after=None
[2025-11-21T14:10:32.799+0000] {processor.py:183} INFO - Processing /opt/airflow/dags/etl_dag.py took 28.718 seconds
