[2025-11-19T04:50:23.188+0000] {processor.py:161} INFO - Started process (PID=29568) to work on /opt/airflow/dags/create_audit_table.py
[2025-11-19T04:50:23.196+0000] {processor.py:830} INFO - Processing file /opt/airflow/dags/create_audit_table.py for tasks to queue
[2025-11-19T04:50:23.199+0000] {logging_mixin.py:188} INFO - [2025-11-19T04:50:23.198+0000] {dagbag.py:538} INFO - Filling up the DagBag from /opt/airflow/dags/create_audit_table.py
[2025-11-19T04:50:23.322+0000] {processor.py:840} INFO - DAG(s) 'create_audit_table' retrieved from /opt/airflow/dags/create_audit_table.py
[2025-11-19T04:50:23.437+0000] {logging_mixin.py:188} INFO - [2025-11-19T04:50:23.437+0000] {dag.py:3036} INFO - Sync 1 DAGs
[2025-11-19T04:50:23.484+0000] {logging_mixin.py:188} INFO - [2025-11-19T04:50:23.483+0000] {dag.py:3823} INFO - Setting next_dagrun for create_audit_table to None, run_after=None
[2025-11-19T04:50:23.582+0000] {processor.py:183} INFO - Processing /opt/airflow/dags/create_audit_table.py took 0.410 seconds
[2025-11-19T04:50:54.443+0000] {processor.py:161} INFO - Started process (PID=29598) to work on /opt/airflow/dags/create_audit_table.py
[2025-11-19T04:50:54.471+0000] {processor.py:830} INFO - Processing file /opt/airflow/dags/create_audit_table.py for tasks to queue
[2025-11-19T04:50:54.482+0000] {logging_mixin.py:188} INFO - [2025-11-19T04:50:54.481+0000] {dagbag.py:538} INFO - Filling up the DagBag from /opt/airflow/dags/create_audit_table.py
[2025-11-19T04:50:55.340+0000] {processor.py:840} INFO - DAG(s) 'create_audit_table' retrieved from /opt/airflow/dags/create_audit_table.py
[2025-11-19T04:50:55.429+0000] {logging_mixin.py:188} INFO - [2025-11-19T04:50:55.428+0000] {dag.py:3036} INFO - Sync 1 DAGs
[2025-11-19T04:50:55.474+0000] {logging_mixin.py:188} INFO - [2025-11-19T04:50:55.474+0000] {dag.py:3823} INFO - Setting next_dagrun for create_audit_table to None, run_after=None
[2025-11-19T04:50:55.556+0000] {processor.py:183} INFO - Processing /opt/airflow/dags/create_audit_table.py took 1.119 seconds
[2025-11-19T04:51:29.887+0000] {processor.py:161} INFO - Started process (PID=29629) to work on /opt/airflow/dags/create_audit_table.py
[2025-11-19T04:51:29.894+0000] {processor.py:830} INFO - Processing file /opt/airflow/dags/create_audit_table.py for tasks to queue
[2025-11-19T04:51:29.899+0000] {logging_mixin.py:188} INFO - [2025-11-19T04:51:29.897+0000] {dagbag.py:538} INFO - Filling up the DagBag from /opt/airflow/dags/create_audit_table.py
[2025-11-19T04:51:30.343+0000] {processor.py:840} INFO - DAG(s) 'create_audit_table' retrieved from /opt/airflow/dags/create_audit_table.py
[2025-11-19T04:51:30.629+0000] {logging_mixin.py:188} INFO - [2025-11-19T04:51:30.628+0000] {dag.py:3036} INFO - Sync 1 DAGs
[2025-11-19T04:51:30.703+0000] {logging_mixin.py:188} INFO - [2025-11-19T04:51:30.703+0000] {dag.py:3823} INFO - Setting next_dagrun for create_audit_table to None, run_after=None
[2025-11-19T04:51:30.927+0000] {processor.py:183} INFO - Processing /opt/airflow/dags/create_audit_table.py took 1.055 seconds
[2025-11-19T04:52:51.241+0000] {processor.py:161} INFO - Started process (PID=29657) to work on /opt/airflow/dags/create_audit_table.py
[2025-11-19T04:52:51.250+0000] {processor.py:830} INFO - Processing file /opt/airflow/dags/create_audit_table.py for tasks to queue
[2025-11-19T04:52:51.252+0000] {logging_mixin.py:188} INFO - [2025-11-19T04:52:51.251+0000] {dagbag.py:538} INFO - Filling up the DagBag from /opt/airflow/dags/create_audit_table.py
[2025-11-19T04:52:51.331+0000] {processor.py:840} INFO - DAG(s) 'create_audit_table' retrieved from /opt/airflow/dags/create_audit_table.py
[2025-11-19T04:52:52.007+0000] {logging_mixin.py:188} INFO - [2025-11-19T04:52:52.007+0000] {dag.py:3036} INFO - Sync 1 DAGs
[2025-11-19T04:52:52.622+0000] {logging_mixin.py:188} INFO - [2025-11-19T04:52:52.622+0000] {dag.py:3823} INFO - Setting next_dagrun for create_audit_table to None, run_after=None
[2025-11-19T04:52:54.134+0000] {processor.py:183} INFO - Processing /opt/airflow/dags/create_audit_table.py took 2.898 seconds
[2025-11-19T04:53:24.863+0000] {processor.py:161} INFO - Started process (PID=29687) to work on /opt/airflow/dags/create_audit_table.py
[2025-11-19T04:53:24.868+0000] {processor.py:830} INFO - Processing file /opt/airflow/dags/create_audit_table.py for tasks to queue
[2025-11-19T04:53:24.871+0000] {logging_mixin.py:188} INFO - [2025-11-19T04:53:24.871+0000] {dagbag.py:538} INFO - Filling up the DagBag from /opt/airflow/dags/create_audit_table.py
[2025-11-19T04:53:24.966+0000] {processor.py:840} INFO - DAG(s) 'create_audit_table' retrieved from /opt/airflow/dags/create_audit_table.py
[2025-11-19T04:53:25.051+0000] {logging_mixin.py:188} INFO - [2025-11-19T04:53:25.050+0000] {dag.py:3036} INFO - Sync 1 DAGs
[2025-11-19T04:53:25.074+0000] {logging_mixin.py:188} INFO - [2025-11-19T04:53:25.074+0000] {dag.py:3823} INFO - Setting next_dagrun for create_audit_table to None, run_after=None
[2025-11-19T04:53:25.108+0000] {processor.py:183} INFO - Processing /opt/airflow/dags/create_audit_table.py took 0.254 seconds
[2025-11-19T04:53:55.576+0000] {processor.py:161} INFO - Started process (PID=29717) to work on /opt/airflow/dags/create_audit_table.py
[2025-11-19T04:53:55.578+0000] {processor.py:830} INFO - Processing file /opt/airflow/dags/create_audit_table.py for tasks to queue
[2025-11-19T04:53:55.591+0000] {logging_mixin.py:188} INFO - [2025-11-19T04:53:55.590+0000] {dagbag.py:538} INFO - Filling up the DagBag from /opt/airflow/dags/create_audit_table.py
[2025-11-19T04:53:55.643+0000] {processor.py:840} INFO - DAG(s) 'create_audit_table' retrieved from /opt/airflow/dags/create_audit_table.py
[2025-11-19T04:53:55.960+0000] {logging_mixin.py:188} INFO - [2025-11-19T04:53:55.959+0000] {dag.py:3036} INFO - Sync 1 DAGs
[2025-11-19T04:53:56.023+0000] {logging_mixin.py:188} INFO - [2025-11-19T04:53:56.023+0000] {dag.py:3823} INFO - Setting next_dagrun for create_audit_table to None, run_after=None
[2025-11-19T04:53:56.109+0000] {processor.py:183} INFO - Processing /opt/airflow/dags/create_audit_table.py took 0.548 seconds
[2025-11-19T04:54:26.989+0000] {processor.py:161} INFO - Started process (PID=29747) to work on /opt/airflow/dags/create_audit_table.py
[2025-11-19T04:54:26.993+0000] {processor.py:830} INFO - Processing file /opt/airflow/dags/create_audit_table.py for tasks to queue
[2025-11-19T04:54:27.000+0000] {logging_mixin.py:188} INFO - [2025-11-19T04:54:27.000+0000] {dagbag.py:538} INFO - Filling up the DagBag from /opt/airflow/dags/create_audit_table.py
[2025-11-19T04:54:27.212+0000] {processor.py:840} INFO - DAG(s) 'create_audit_table' retrieved from /opt/airflow/dags/create_audit_table.py
[2025-11-19T04:54:27.391+0000] {logging_mixin.py:188} INFO - [2025-11-19T04:54:27.391+0000] {dag.py:3036} INFO - Sync 1 DAGs
[2025-11-19T04:54:27.472+0000] {logging_mixin.py:188} INFO - [2025-11-19T04:54:27.472+0000] {dag.py:3823} INFO - Setting next_dagrun for create_audit_table to None, run_after=None
[2025-11-19T04:54:27.770+0000] {processor.py:183} INFO - Processing /opt/airflow/dags/create_audit_table.py took 0.787 seconds
[2025-11-19T04:54:58.480+0000] {processor.py:161} INFO - Started process (PID=29777) to work on /opt/airflow/dags/create_audit_table.py
[2025-11-19T04:54:58.482+0000] {processor.py:830} INFO - Processing file /opt/airflow/dags/create_audit_table.py for tasks to queue
[2025-11-19T04:54:58.483+0000] {logging_mixin.py:188} INFO - [2025-11-19T04:54:58.483+0000] {dagbag.py:538} INFO - Filling up the DagBag from /opt/airflow/dags/create_audit_table.py
[2025-11-19T04:54:58.522+0000] {processor.py:840} INFO - DAG(s) 'create_audit_table' retrieved from /opt/airflow/dags/create_audit_table.py
[2025-11-19T04:54:58.579+0000] {logging_mixin.py:188} INFO - [2025-11-19T04:54:58.579+0000] {dag.py:3036} INFO - Sync 1 DAGs
[2025-11-19T04:54:58.614+0000] {logging_mixin.py:188} INFO - [2025-11-19T04:54:58.613+0000] {dag.py:3823} INFO - Setting next_dagrun for create_audit_table to None, run_after=None
[2025-11-19T04:54:58.676+0000] {processor.py:183} INFO - Processing /opt/airflow/dags/create_audit_table.py took 0.200 seconds
[2025-11-19T04:55:29.191+0000] {processor.py:161} INFO - Started process (PID=29807) to work on /opt/airflow/dags/create_audit_table.py
[2025-11-19T04:55:29.193+0000] {processor.py:830} INFO - Processing file /opt/airflow/dags/create_audit_table.py for tasks to queue
[2025-11-19T04:55:29.194+0000] {logging_mixin.py:188} INFO - [2025-11-19T04:55:29.194+0000] {dagbag.py:538} INFO - Filling up the DagBag from /opt/airflow/dags/create_audit_table.py
[2025-11-19T04:55:30.296+0000] {processor.py:840} INFO - DAG(s) 'create_audit_table' retrieved from /opt/airflow/dags/create_audit_table.py
[2025-11-19T04:55:30.346+0000] {logging_mixin.py:188} INFO - [2025-11-19T04:55:30.346+0000] {dag.py:3036} INFO - Sync 1 DAGs
[2025-11-19T04:55:30.367+0000] {logging_mixin.py:188} INFO - [2025-11-19T04:55:30.367+0000] {dag.py:3823} INFO - Setting next_dagrun for create_audit_table to None, run_after=None
[2025-11-19T04:55:30.412+0000] {processor.py:183} INFO - Processing /opt/airflow/dags/create_audit_table.py took 1.226 seconds
[2025-11-19T04:56:01.321+0000] {processor.py:161} INFO - Started process (PID=29839) to work on /opt/airflow/dags/create_audit_table.py
[2025-11-19T04:56:01.323+0000] {processor.py:830} INFO - Processing file /opt/airflow/dags/create_audit_table.py for tasks to queue
[2025-11-19T04:56:01.324+0000] {logging_mixin.py:188} INFO - [2025-11-19T04:56:01.324+0000] {dagbag.py:538} INFO - Filling up the DagBag from /opt/airflow/dags/create_audit_table.py
[2025-11-19T04:56:01.363+0000] {processor.py:840} INFO - DAG(s) 'create_audit_table' retrieved from /opt/airflow/dags/create_audit_table.py
[2025-11-19T04:56:01.433+0000] {logging_mixin.py:188} INFO - [2025-11-19T04:56:01.432+0000] {dag.py:3036} INFO - Sync 1 DAGs
[2025-11-19T04:56:01.508+0000] {logging_mixin.py:188} INFO - [2025-11-19T04:56:01.508+0000] {dag.py:3823} INFO - Setting next_dagrun for create_audit_table to None, run_after=None
[2025-11-19T04:56:01.575+0000] {processor.py:183} INFO - Processing /opt/airflow/dags/create_audit_table.py took 0.258 seconds
[2025-11-19T04:56:32.302+0000] {processor.py:161} INFO - Started process (PID=29869) to work on /opt/airflow/dags/create_audit_table.py
[2025-11-19T04:56:32.313+0000] {processor.py:830} INFO - Processing file /opt/airflow/dags/create_audit_table.py for tasks to queue
[2025-11-19T04:56:32.316+0000] {logging_mixin.py:188} INFO - [2025-11-19T04:56:32.315+0000] {dagbag.py:538} INFO - Filling up the DagBag from /opt/airflow/dags/create_audit_table.py
[2025-11-19T04:56:32.335+0000] {processor.py:840} INFO - DAG(s) 'create_audit_table' retrieved from /opt/airflow/dags/create_audit_table.py
[2025-11-19T04:56:32.424+0000] {logging_mixin.py:188} INFO - [2025-11-19T04:56:32.423+0000] {dag.py:3036} INFO - Sync 1 DAGs
[2025-11-19T04:56:32.465+0000] {logging_mixin.py:188} INFO - [2025-11-19T04:56:32.465+0000] {dag.py:3823} INFO - Setting next_dagrun for create_audit_table to None, run_after=None
[2025-11-19T04:56:32.712+0000] {processor.py:183} INFO - Processing /opt/airflow/dags/create_audit_table.py took 0.415 seconds
[2025-11-19T04:57:04.494+0000] {processor.py:161} INFO - Started process (PID=29899) to work on /opt/airflow/dags/create_audit_table.py
[2025-11-19T04:57:04.508+0000] {processor.py:830} INFO - Processing file /opt/airflow/dags/create_audit_table.py for tasks to queue
[2025-11-19T04:57:04.510+0000] {logging_mixin.py:188} INFO - [2025-11-19T04:57:04.510+0000] {dagbag.py:538} INFO - Filling up the DagBag from /opt/airflow/dags/create_audit_table.py
[2025-11-19T04:57:04.544+0000] {processor.py:840} INFO - DAG(s) 'create_audit_table' retrieved from /opt/airflow/dags/create_audit_table.py
[2025-11-19T04:57:04.668+0000] {logging_mixin.py:188} INFO - [2025-11-19T04:57:04.667+0000] {dag.py:3036} INFO - Sync 1 DAGs
[2025-11-19T04:57:04.794+0000] {logging_mixin.py:188} INFO - [2025-11-19T04:57:04.794+0000] {dag.py:3823} INFO - Setting next_dagrun for create_audit_table to None, run_after=None
[2025-11-19T04:57:05.286+0000] {processor.py:183} INFO - Processing /opt/airflow/dags/create_audit_table.py took 0.797 seconds
[2025-11-19T04:57:36.974+0000] {processor.py:161} INFO - Started process (PID=29927) to work on /opt/airflow/dags/create_audit_table.py
[2025-11-19T04:57:36.982+0000] {processor.py:830} INFO - Processing file /opt/airflow/dags/create_audit_table.py for tasks to queue
[2025-11-19T04:57:36.999+0000] {logging_mixin.py:188} INFO - [2025-11-19T04:57:36.998+0000] {dagbag.py:538} INFO - Filling up the DagBag from /opt/airflow/dags/create_audit_table.py
[2025-11-19T04:57:38.239+0000] {processor.py:840} INFO - DAG(s) 'create_audit_table' retrieved from /opt/airflow/dags/create_audit_table.py
[2025-11-19T04:57:38.417+0000] {logging_mixin.py:188} INFO - [2025-11-19T04:57:38.417+0000] {dag.py:3036} INFO - Sync 1 DAGs
[2025-11-19T04:57:38.749+0000] {logging_mixin.py:188} INFO - [2025-11-19T04:57:38.749+0000] {dag.py:3823} INFO - Setting next_dagrun for create_audit_table to None, run_after=None
[2025-11-19T04:57:38.960+0000] {processor.py:183} INFO - Processing /opt/airflow/dags/create_audit_table.py took 1.991 seconds
[2025-11-19T04:58:09.714+0000] {processor.py:161} INFO - Started process (PID=29957) to work on /opt/airflow/dags/create_audit_table.py
[2025-11-19T04:58:09.716+0000] {processor.py:830} INFO - Processing file /opt/airflow/dags/create_audit_table.py for tasks to queue
[2025-11-19T04:58:09.719+0000] {logging_mixin.py:188} INFO - [2025-11-19T04:58:09.718+0000] {dagbag.py:538} INFO - Filling up the DagBag from /opt/airflow/dags/create_audit_table.py
[2025-11-19T04:58:09.910+0000] {processor.py:840} INFO - DAG(s) 'create_audit_table' retrieved from /opt/airflow/dags/create_audit_table.py
[2025-11-19T04:58:10.106+0000] {logging_mixin.py:188} INFO - [2025-11-19T04:58:10.105+0000] {dag.py:3036} INFO - Sync 1 DAGs
[2025-11-19T04:58:10.153+0000] {logging_mixin.py:188} INFO - [2025-11-19T04:58:10.153+0000] {dag.py:3823} INFO - Setting next_dagrun for create_audit_table to None, run_after=None
[2025-11-19T04:58:10.265+0000] {processor.py:183} INFO - Processing /opt/airflow/dags/create_audit_table.py took 0.557 seconds
[2025-11-19T04:58:43.008+0000] {processor.py:161} INFO - Started process (PID=29987) to work on /opt/airflow/dags/create_audit_table.py
[2025-11-19T04:58:43.018+0000] {processor.py:830} INFO - Processing file /opt/airflow/dags/create_audit_table.py for tasks to queue
[2025-11-19T04:58:43.021+0000] {logging_mixin.py:188} INFO - [2025-11-19T04:58:43.021+0000] {dagbag.py:538} INFO - Filling up the DagBag from /opt/airflow/dags/create_audit_table.py
[2025-11-19T04:58:43.527+0000] {processor.py:840} INFO - DAG(s) 'create_audit_table' retrieved from /opt/airflow/dags/create_audit_table.py
[2025-11-19T04:58:43.666+0000] {logging_mixin.py:188} INFO - [2025-11-19T04:58:43.666+0000] {dag.py:3036} INFO - Sync 1 DAGs
[2025-11-19T04:58:43.718+0000] {logging_mixin.py:188} INFO - [2025-11-19T04:58:43.717+0000] {dag.py:3823} INFO - Setting next_dagrun for create_audit_table to None, run_after=None
[2025-11-19T04:58:44.058+0000] {processor.py:183} INFO - Processing /opt/airflow/dags/create_audit_table.py took 1.055 seconds
[2025-11-19T04:59:14.946+0000] {processor.py:161} INFO - Started process (PID=30019) to work on /opt/airflow/dags/create_audit_table.py
[2025-11-19T04:59:14.958+0000] {processor.py:830} INFO - Processing file /opt/airflow/dags/create_audit_table.py for tasks to queue
[2025-11-19T04:59:14.960+0000] {logging_mixin.py:188} INFO - [2025-11-19T04:59:14.959+0000] {dagbag.py:538} INFO - Filling up the DagBag from /opt/airflow/dags/create_audit_table.py
[2025-11-19T04:59:15.029+0000] {processor.py:840} INFO - DAG(s) 'create_audit_table' retrieved from /opt/airflow/dags/create_audit_table.py
[2025-11-19T04:59:15.122+0000] {logging_mixin.py:188} INFO - [2025-11-19T04:59:15.121+0000] {dag.py:3036} INFO - Sync 1 DAGs
[2025-11-19T04:59:15.162+0000] {logging_mixin.py:188} INFO - [2025-11-19T04:59:15.162+0000] {dag.py:3823} INFO - Setting next_dagrun for create_audit_table to None, run_after=None
[2025-11-19T04:59:15.295+0000] {processor.py:183} INFO - Processing /opt/airflow/dags/create_audit_table.py took 0.355 seconds
[2025-11-19T04:59:45.901+0000] {processor.py:161} INFO - Started process (PID=30047) to work on /opt/airflow/dags/create_audit_table.py
[2025-11-19T04:59:45.915+0000] {processor.py:830} INFO - Processing file /opt/airflow/dags/create_audit_table.py for tasks to queue
[2025-11-19T04:59:45.921+0000] {logging_mixin.py:188} INFO - [2025-11-19T04:59:45.920+0000] {dagbag.py:538} INFO - Filling up the DagBag from /opt/airflow/dags/create_audit_table.py
[2025-11-19T04:59:46.171+0000] {processor.py:840} INFO - DAG(s) 'create_audit_table' retrieved from /opt/airflow/dags/create_audit_table.py
[2025-11-19T04:59:46.315+0000] {logging_mixin.py:188} INFO - [2025-11-19T04:59:46.314+0000] {dag.py:3036} INFO - Sync 1 DAGs
[2025-11-19T04:59:46.382+0000] {logging_mixin.py:188} INFO - [2025-11-19T04:59:46.381+0000] {dag.py:3823} INFO - Setting next_dagrun for create_audit_table to None, run_after=None
[2025-11-19T04:59:46.496+0000] {processor.py:183} INFO - Processing /opt/airflow/dags/create_audit_table.py took 0.614 seconds
[2025-11-19T05:00:16.971+0000] {processor.py:161} INFO - Started process (PID=30079) to work on /opt/airflow/dags/create_audit_table.py
[2025-11-19T05:00:16.976+0000] {processor.py:830} INFO - Processing file /opt/airflow/dags/create_audit_table.py for tasks to queue
[2025-11-19T05:00:16.978+0000] {logging_mixin.py:188} INFO - [2025-11-19T05:00:16.977+0000] {dagbag.py:538} INFO - Filling up the DagBag from /opt/airflow/dags/create_audit_table.py
[2025-11-19T05:00:17.015+0000] {processor.py:840} INFO - DAG(s) 'create_audit_table' retrieved from /opt/airflow/dags/create_audit_table.py
[2025-11-19T05:00:17.114+0000] {logging_mixin.py:188} INFO - [2025-11-19T05:00:17.114+0000] {dag.py:3036} INFO - Sync 1 DAGs
[2025-11-19T05:00:17.160+0000] {logging_mixin.py:188} INFO - [2025-11-19T05:00:17.159+0000] {dag.py:3823} INFO - Setting next_dagrun for create_audit_table to None, run_after=None
[2025-11-19T05:00:17.228+0000] {processor.py:183} INFO - Processing /opt/airflow/dags/create_audit_table.py took 0.273 seconds
[2025-11-19T05:00:48.544+0000] {processor.py:161} INFO - Started process (PID=30109) to work on /opt/airflow/dags/create_audit_table.py
[2025-11-19T05:00:48.553+0000] {processor.py:830} INFO - Processing file /opt/airflow/dags/create_audit_table.py for tasks to queue
[2025-11-19T05:00:48.564+0000] {logging_mixin.py:188} INFO - [2025-11-19T05:00:48.564+0000] {dagbag.py:538} INFO - Filling up the DagBag from /opt/airflow/dags/create_audit_table.py
[2025-11-19T05:00:48.665+0000] {processor.py:840} INFO - DAG(s) 'create_audit_table' retrieved from /opt/airflow/dags/create_audit_table.py
[2025-11-19T05:00:49.107+0000] {logging_mixin.py:188} INFO - [2025-11-19T05:00:49.106+0000] {dag.py:3036} INFO - Sync 1 DAGs
[2025-11-19T05:00:49.153+0000] {logging_mixin.py:188} INFO - [2025-11-19T05:00:49.153+0000] {dag.py:3823} INFO - Setting next_dagrun for create_audit_table to None, run_after=None
[2025-11-19T05:00:49.235+0000] {processor.py:183} INFO - Processing /opt/airflow/dags/create_audit_table.py took 0.699 seconds
[2025-11-19T05:01:19.779+0000] {processor.py:161} INFO - Started process (PID=30147) to work on /opt/airflow/dags/create_audit_table.py
[2025-11-19T05:01:19.795+0000] {processor.py:830} INFO - Processing file /opt/airflow/dags/create_audit_table.py for tasks to queue
[2025-11-19T05:01:19.807+0000] {logging_mixin.py:188} INFO - [2025-11-19T05:01:19.807+0000] {dagbag.py:538} INFO - Filling up the DagBag from /opt/airflow/dags/create_audit_table.py
[2025-11-19T05:01:19.891+0000] {processor.py:840} INFO - DAG(s) 'create_audit_table' retrieved from /opt/airflow/dags/create_audit_table.py
[2025-11-19T05:01:19.985+0000] {logging_mixin.py:188} INFO - [2025-11-19T05:01:19.985+0000] {dag.py:3036} INFO - Sync 1 DAGs
[2025-11-19T05:01:20.021+0000] {logging_mixin.py:188} INFO - [2025-11-19T05:01:20.021+0000] {dag.py:3823} INFO - Setting next_dagrun for create_audit_table to None, run_after=None
[2025-11-19T05:01:20.075+0000] {processor.py:183} INFO - Processing /opt/airflow/dags/create_audit_table.py took 0.306 seconds
[2025-11-19T05:01:51.007+0000] {processor.py:161} INFO - Started process (PID=30177) to work on /opt/airflow/dags/create_audit_table.py
[2025-11-19T05:01:51.011+0000] {processor.py:830} INFO - Processing file /opt/airflow/dags/create_audit_table.py for tasks to queue
[2025-11-19T05:01:51.021+0000] {logging_mixin.py:188} INFO - [2025-11-19T05:01:51.020+0000] {dagbag.py:538} INFO - Filling up the DagBag from /opt/airflow/dags/create_audit_table.py
[2025-11-19T05:01:51.053+0000] {processor.py:840} INFO - DAG(s) 'create_audit_table' retrieved from /opt/airflow/dags/create_audit_table.py
[2025-11-19T05:01:51.160+0000] {logging_mixin.py:188} INFO - [2025-11-19T05:01:51.160+0000] {dag.py:3036} INFO - Sync 1 DAGs
[2025-11-19T05:01:52.248+0000] {logging_mixin.py:188} INFO - [2025-11-19T05:01:52.248+0000] {dag.py:3823} INFO - Setting next_dagrun for create_audit_table to None, run_after=None
[2025-11-19T05:01:52.501+0000] {processor.py:183} INFO - Processing /opt/airflow/dags/create_audit_table.py took 1.503 seconds
[2025-11-19T05:02:24.108+0000] {processor.py:161} INFO - Started process (PID=30207) to work on /opt/airflow/dags/create_audit_table.py
[2025-11-19T05:02:24.121+0000] {processor.py:830} INFO - Processing file /opt/airflow/dags/create_audit_table.py for tasks to queue
[2025-11-19T05:02:24.130+0000] {logging_mixin.py:188} INFO - [2025-11-19T05:02:24.127+0000] {dagbag.py:538} INFO - Filling up the DagBag from /opt/airflow/dags/create_audit_table.py
[2025-11-19T05:02:24.847+0000] {processor.py:840} INFO - DAG(s) 'create_audit_table' retrieved from /opt/airflow/dags/create_audit_table.py
[2025-11-19T05:02:24.946+0000] {logging_mixin.py:188} INFO - [2025-11-19T05:02:24.945+0000] {dag.py:3036} INFO - Sync 1 DAGs
[2025-11-19T05:02:25.073+0000] {logging_mixin.py:188} INFO - [2025-11-19T05:02:25.073+0000] {dag.py:3823} INFO - Setting next_dagrun for create_audit_table to None, run_after=None
[2025-11-19T05:02:25.159+0000] {processor.py:183} INFO - Processing /opt/airflow/dags/create_audit_table.py took 1.255 seconds
[2025-11-19T05:02:57.331+0000] {processor.py:161} INFO - Started process (PID=30237) to work on /opt/airflow/dags/create_audit_table.py
[2025-11-19T05:02:57.335+0000] {processor.py:830} INFO - Processing file /opt/airflow/dags/create_audit_table.py for tasks to queue
[2025-11-19T05:02:57.338+0000] {logging_mixin.py:188} INFO - [2025-11-19T05:02:57.337+0000] {dagbag.py:538} INFO - Filling up the DagBag from /opt/airflow/dags/create_audit_table.py
[2025-11-19T05:02:57.390+0000] {processor.py:840} INFO - DAG(s) 'create_audit_table' retrieved from /opt/airflow/dags/create_audit_table.py
[2025-11-19T05:02:57.506+0000] {logging_mixin.py:188} INFO - [2025-11-19T05:02:57.505+0000] {dag.py:3036} INFO - Sync 1 DAGs
[2025-11-19T05:02:57.559+0000] {logging_mixin.py:188} INFO - [2025-11-19T05:02:57.559+0000] {dag.py:3823} INFO - Setting next_dagrun for create_audit_table to None, run_after=None
[2025-11-19T05:02:57.661+0000] {processor.py:183} INFO - Processing /opt/airflow/dags/create_audit_table.py took 0.336 seconds
[2025-11-19T05:03:27.988+0000] {processor.py:161} INFO - Started process (PID=30267) to work on /opt/airflow/dags/create_audit_table.py
[2025-11-19T05:03:27.990+0000] {processor.py:830} INFO - Processing file /opt/airflow/dags/create_audit_table.py for tasks to queue
[2025-11-19T05:03:27.991+0000] {logging_mixin.py:188} INFO - [2025-11-19T05:03:27.991+0000] {dagbag.py:538} INFO - Filling up the DagBag from /opt/airflow/dags/create_audit_table.py
[2025-11-19T05:03:28.012+0000] {processor.py:840} INFO - DAG(s) 'create_audit_table' retrieved from /opt/airflow/dags/create_audit_table.py
[2025-11-19T05:03:28.075+0000] {logging_mixin.py:188} INFO - [2025-11-19T05:03:28.074+0000] {dag.py:3036} INFO - Sync 1 DAGs
[2025-11-19T05:03:28.089+0000] {logging_mixin.py:188} INFO - [2025-11-19T05:03:28.089+0000] {dag.py:3823} INFO - Setting next_dagrun for create_audit_table to None, run_after=None
[2025-11-19T05:03:28.124+0000] {processor.py:183} INFO - Processing /opt/airflow/dags/create_audit_table.py took 0.141 seconds
[2025-11-19T05:03:58.574+0000] {processor.py:161} INFO - Started process (PID=30297) to work on /opt/airflow/dags/create_audit_table.py
[2025-11-19T05:03:58.579+0000] {processor.py:830} INFO - Processing file /opt/airflow/dags/create_audit_table.py for tasks to queue
[2025-11-19T05:03:58.581+0000] {logging_mixin.py:188} INFO - [2025-11-19T05:03:58.580+0000] {dagbag.py:538} INFO - Filling up the DagBag from /opt/airflow/dags/create_audit_table.py
[2025-11-19T05:03:58.603+0000] {processor.py:840} INFO - DAG(s) 'create_audit_table' retrieved from /opt/airflow/dags/create_audit_table.py
[2025-11-19T05:03:58.659+0000] {logging_mixin.py:188} INFO - [2025-11-19T05:03:58.659+0000] {dag.py:3036} INFO - Sync 1 DAGs
[2025-11-19T05:03:58.696+0000] {logging_mixin.py:188} INFO - [2025-11-19T05:03:58.695+0000] {dag.py:3823} INFO - Setting next_dagrun for create_audit_table to None, run_after=None
[2025-11-19T05:03:58.758+0000] {processor.py:183} INFO - Processing /opt/airflow/dags/create_audit_table.py took 0.189 seconds
[2025-11-19T05:04:29.208+0000] {processor.py:161} INFO - Started process (PID=30327) to work on /opt/airflow/dags/create_audit_table.py
[2025-11-19T05:04:29.210+0000] {processor.py:830} INFO - Processing file /opt/airflow/dags/create_audit_table.py for tasks to queue
[2025-11-19T05:04:29.211+0000] {logging_mixin.py:188} INFO - [2025-11-19T05:04:29.211+0000] {dagbag.py:538} INFO - Filling up the DagBag from /opt/airflow/dags/create_audit_table.py
[2025-11-19T05:04:29.228+0000] {processor.py:840} INFO - DAG(s) 'create_audit_table' retrieved from /opt/airflow/dags/create_audit_table.py
[2025-11-19T05:04:29.266+0000] {logging_mixin.py:188} INFO - [2025-11-19T05:04:29.265+0000] {dag.py:3036} INFO - Sync 1 DAGs
[2025-11-19T05:04:29.283+0000] {logging_mixin.py:188} INFO - [2025-11-19T05:04:29.282+0000] {dag.py:3823} INFO - Setting next_dagrun for create_audit_table to None, run_after=None
[2025-11-19T05:04:29.307+0000] {processor.py:183} INFO - Processing /opt/airflow/dags/create_audit_table.py took 0.104 seconds
[2025-11-19T05:05:00.016+0000] {processor.py:161} INFO - Started process (PID=30357) to work on /opt/airflow/dags/create_audit_table.py
[2025-11-19T05:05:00.024+0000] {processor.py:830} INFO - Processing file /opt/airflow/dags/create_audit_table.py for tasks to queue
[2025-11-19T05:05:00.038+0000] {logging_mixin.py:188} INFO - [2025-11-19T05:05:00.037+0000] {dagbag.py:538} INFO - Filling up the DagBag from /opt/airflow/dags/create_audit_table.py
[2025-11-19T05:05:00.098+0000] {processor.py:840} INFO - DAG(s) 'create_audit_table' retrieved from /opt/airflow/dags/create_audit_table.py
[2025-11-19T05:05:00.181+0000] {logging_mixin.py:188} INFO - [2025-11-19T05:05:00.181+0000] {dag.py:3036} INFO - Sync 1 DAGs
[2025-11-19T05:05:00.218+0000] {logging_mixin.py:188} INFO - [2025-11-19T05:05:00.218+0000] {dag.py:3823} INFO - Setting next_dagrun for create_audit_table to None, run_after=None
[2025-11-19T05:05:00.291+0000] {processor.py:183} INFO - Processing /opt/airflow/dags/create_audit_table.py took 0.280 seconds
[2025-11-19T05:05:30.955+0000] {processor.py:161} INFO - Started process (PID=30387) to work on /opt/airflow/dags/create_audit_table.py
[2025-11-19T05:05:30.956+0000] {processor.py:830} INFO - Processing file /opt/airflow/dags/create_audit_table.py for tasks to queue
[2025-11-19T05:05:30.958+0000] {logging_mixin.py:188} INFO - [2025-11-19T05:05:30.957+0000] {dagbag.py:538} INFO - Filling up the DagBag from /opt/airflow/dags/create_audit_table.py
[2025-11-19T05:05:30.975+0000] {processor.py:840} INFO - DAG(s) 'create_audit_table' retrieved from /opt/airflow/dags/create_audit_table.py
[2025-11-19T05:05:31.031+0000] {logging_mixin.py:188} INFO - [2025-11-19T05:05:31.030+0000] {dag.py:3036} INFO - Sync 1 DAGs
[2025-11-19T05:05:31.053+0000] {logging_mixin.py:188} INFO - [2025-11-19T05:05:31.053+0000] {dag.py:3823} INFO - Setting next_dagrun for create_audit_table to None, run_after=None
[2025-11-19T05:05:31.091+0000] {processor.py:183} INFO - Processing /opt/airflow/dags/create_audit_table.py took 0.141 seconds
[2025-11-19T05:06:01.656+0000] {processor.py:161} INFO - Started process (PID=30417) to work on /opt/airflow/dags/create_audit_table.py
[2025-11-19T05:06:01.658+0000] {processor.py:830} INFO - Processing file /opt/airflow/dags/create_audit_table.py for tasks to queue
[2025-11-19T05:06:01.661+0000] {logging_mixin.py:188} INFO - [2025-11-19T05:06:01.660+0000] {dagbag.py:538} INFO - Filling up the DagBag from /opt/airflow/dags/create_audit_table.py
[2025-11-19T05:06:01.688+0000] {processor.py:840} INFO - DAG(s) 'create_audit_table' retrieved from /opt/airflow/dags/create_audit_table.py
[2025-11-19T05:06:01.743+0000] {logging_mixin.py:188} INFO - [2025-11-19T05:06:01.743+0000] {dag.py:3036} INFO - Sync 1 DAGs
[2025-11-19T05:06:01.768+0000] {logging_mixin.py:188} INFO - [2025-11-19T05:06:01.768+0000] {dag.py:3823} INFO - Setting next_dagrun for create_audit_table to None, run_after=None
[2025-11-19T05:06:01.804+0000] {processor.py:183} INFO - Processing /opt/airflow/dags/create_audit_table.py took 0.153 seconds
[2025-11-19T05:06:33.080+0000] {processor.py:161} INFO - Started process (PID=30447) to work on /opt/airflow/dags/create_audit_table.py
[2025-11-19T05:06:33.082+0000] {processor.py:830} INFO - Processing file /opt/airflow/dags/create_audit_table.py for tasks to queue
[2025-11-19T05:06:33.092+0000] {logging_mixin.py:188} INFO - [2025-11-19T05:06:33.091+0000] {dagbag.py:538} INFO - Filling up the DagBag from /opt/airflow/dags/create_audit_table.py
[2025-11-19T05:06:33.254+0000] {processor.py:840} INFO - DAG(s) 'create_audit_table' retrieved from /opt/airflow/dags/create_audit_table.py
[2025-11-19T05:06:33.341+0000] {logging_mixin.py:188} INFO - [2025-11-19T05:06:33.340+0000] {dag.py:3036} INFO - Sync 1 DAGs
[2025-11-19T05:06:33.375+0000] {logging_mixin.py:188} INFO - [2025-11-19T05:06:33.375+0000] {dag.py:3823} INFO - Setting next_dagrun for create_audit_table to None, run_after=None
[2025-11-19T05:06:33.443+0000] {processor.py:183} INFO - Processing /opt/airflow/dags/create_audit_table.py took 0.368 seconds
[2025-11-19T05:07:03.645+0000] {processor.py:161} INFO - Started process (PID=30477) to work on /opt/airflow/dags/create_audit_table.py
[2025-11-19T05:07:03.646+0000] {processor.py:830} INFO - Processing file /opt/airflow/dags/create_audit_table.py for tasks to queue
[2025-11-19T05:07:03.647+0000] {logging_mixin.py:188} INFO - [2025-11-19T05:07:03.647+0000] {dagbag.py:538} INFO - Filling up the DagBag from /opt/airflow/dags/create_audit_table.py
[2025-11-19T05:07:03.660+0000] {processor.py:840} INFO - DAG(s) 'create_audit_table' retrieved from /opt/airflow/dags/create_audit_table.py
[2025-11-19T05:07:03.686+0000] {logging_mixin.py:188} INFO - [2025-11-19T05:07:03.686+0000] {dag.py:3036} INFO - Sync 1 DAGs
[2025-11-19T05:07:03.697+0000] {logging_mixin.py:188} INFO - [2025-11-19T05:07:03.697+0000] {dag.py:3823} INFO - Setting next_dagrun for create_audit_table to None, run_after=None
[2025-11-19T05:07:03.720+0000] {processor.py:183} INFO - Processing /opt/airflow/dags/create_audit_table.py took 0.079 seconds
[2025-11-19T05:07:34.016+0000] {processor.py:161} INFO - Started process (PID=30507) to work on /opt/airflow/dags/create_audit_table.py
[2025-11-19T05:07:34.022+0000] {processor.py:830} INFO - Processing file /opt/airflow/dags/create_audit_table.py for tasks to queue
[2025-11-19T05:07:34.029+0000] {logging_mixin.py:188} INFO - [2025-11-19T05:07:34.029+0000] {dagbag.py:538} INFO - Filling up the DagBag from /opt/airflow/dags/create_audit_table.py
[2025-11-19T05:07:34.205+0000] {processor.py:840} INFO - DAG(s) 'create_audit_table' retrieved from /opt/airflow/dags/create_audit_table.py
[2025-11-19T05:07:34.330+0000] {logging_mixin.py:188} INFO - [2025-11-19T05:07:34.329+0000] {dag.py:3036} INFO - Sync 1 DAGs
[2025-11-19T05:07:34.367+0000] {logging_mixin.py:188} INFO - [2025-11-19T05:07:34.367+0000] {dag.py:3823} INFO - Setting next_dagrun for create_audit_table to None, run_after=None
[2025-11-19T05:07:34.440+0000] {processor.py:183} INFO - Processing /opt/airflow/dags/create_audit_table.py took 0.428 seconds
[2025-11-19T05:12:11.892+0000] {processor.py:161} INFO - Started process (PID=30542) to work on /opt/airflow/dags/create_audit_table.py
[2025-11-19T05:12:11.967+0000] {processor.py:830} INFO - Processing file /opt/airflow/dags/create_audit_table.py for tasks to queue
[2025-11-19T05:12:12.021+0000] {logging_mixin.py:188} INFO - [2025-11-19T05:12:12.021+0000] {dagbag.py:538} INFO - Filling up the DagBag from /opt/airflow/dags/create_audit_table.py
[2025-11-19T05:12:15.340+0000] {processor.py:840} INFO - DAG(s) 'create_audit_table' retrieved from /opt/airflow/dags/create_audit_table.py
[2025-11-19T05:12:16.057+0000] {logging_mixin.py:188} INFO - [2025-11-19T05:12:16.055+0000] {dag.py:3036} INFO - Sync 1 DAGs
[2025-11-19T05:12:19.775+0000] {logging_mixin.py:188} INFO - [2025-11-19T05:12:19.775+0000] {dag.py:3823} INFO - Setting next_dagrun for create_audit_table to None, run_after=None
[2025-11-19T05:12:20.044+0000] {processor.py:183} INFO - Processing /opt/airflow/dags/create_audit_table.py took 9.315 seconds
[2025-11-19T05:12:50.607+0000] {processor.py:161} INFO - Started process (PID=30577) to work on /opt/airflow/dags/create_audit_table.py
[2025-11-19T05:12:50.622+0000] {processor.py:830} INFO - Processing file /opt/airflow/dags/create_audit_table.py for tasks to queue
[2025-11-19T05:12:50.624+0000] {logging_mixin.py:188} INFO - [2025-11-19T05:12:50.624+0000] {dagbag.py:538} INFO - Filling up the DagBag from /opt/airflow/dags/create_audit_table.py
[2025-11-19T05:12:50.661+0000] {processor.py:840} INFO - DAG(s) 'create_audit_table' retrieved from /opt/airflow/dags/create_audit_table.py
[2025-11-19T05:12:50.799+0000] {logging_mixin.py:188} INFO - [2025-11-19T05:12:50.799+0000] {dag.py:3036} INFO - Sync 1 DAGs
[2025-11-19T05:12:50.845+0000] {logging_mixin.py:188} INFO - [2025-11-19T05:12:50.845+0000] {dag.py:3823} INFO - Setting next_dagrun for create_audit_table to None, run_after=None
[2025-11-19T05:12:50.912+0000] {processor.py:183} INFO - Processing /opt/airflow/dags/create_audit_table.py took 0.318 seconds
[2025-11-19T05:13:26.270+0000] {processor.py:161} INFO - Started process (PID=30607) to work on /opt/airflow/dags/create_audit_table.py
[2025-11-19T05:13:26.325+0000] {processor.py:830} INFO - Processing file /opt/airflow/dags/create_audit_table.py for tasks to queue
[2025-11-19T05:13:26.373+0000] {logging_mixin.py:188} INFO - [2025-11-19T05:13:26.372+0000] {dagbag.py:538} INFO - Filling up the DagBag from /opt/airflow/dags/create_audit_table.py
[2025-11-19T05:13:29.802+0000] {processor.py:840} INFO - DAG(s) 'create_audit_table' retrieved from /opt/airflow/dags/create_audit_table.py
[2025-11-19T05:13:30.273+0000] {logging_mixin.py:188} INFO - [2025-11-19T05:13:30.273+0000] {dag.py:3036} INFO - Sync 1 DAGs
[2025-11-19T05:13:30.367+0000] {logging_mixin.py:188} INFO - [2025-11-19T05:13:30.366+0000] {dag.py:3823} INFO - Setting next_dagrun for create_audit_table to None, run_after=None
[2025-11-19T05:13:30.481+0000] {processor.py:183} INFO - Processing /opt/airflow/dags/create_audit_table.py took 4.858 seconds
[2025-11-19T05:14:01.590+0000] {processor.py:161} INFO - Started process (PID=30638) to work on /opt/airflow/dags/create_audit_table.py
[2025-11-19T05:14:01.603+0000] {processor.py:830} INFO - Processing file /opt/airflow/dags/create_audit_table.py for tasks to queue
[2025-11-19T05:14:01.608+0000] {logging_mixin.py:188} INFO - [2025-11-19T05:14:01.608+0000] {dagbag.py:538} INFO - Filling up the DagBag from /opt/airflow/dags/create_audit_table.py
[2025-11-19T05:14:01.705+0000] {processor.py:840} INFO - DAG(s) 'create_audit_table' retrieved from /opt/airflow/dags/create_audit_table.py
[2025-11-19T05:14:01.868+0000] {logging_mixin.py:188} INFO - [2025-11-19T05:14:01.868+0000] {dag.py:3036} INFO - Sync 1 DAGs
[2025-11-19T05:14:01.918+0000] {logging_mixin.py:188} INFO - [2025-11-19T05:14:01.917+0000] {dag.py:3823} INFO - Setting next_dagrun for create_audit_table to None, run_after=None
[2025-11-19T05:14:02.116+0000] {processor.py:183} INFO - Processing /opt/airflow/dags/create_audit_table.py took 0.549 seconds
[2025-11-19T05:14:33.788+0000] {processor.py:161} INFO - Started process (PID=30675) to work on /opt/airflow/dags/create_audit_table.py
[2025-11-19T05:14:33.793+0000] {processor.py:830} INFO - Processing file /opt/airflow/dags/create_audit_table.py for tasks to queue
[2025-11-19T05:14:33.809+0000] {logging_mixin.py:188} INFO - [2025-11-19T05:14:33.806+0000] {dagbag.py:538} INFO - Filling up the DagBag from /opt/airflow/dags/create_audit_table.py
[2025-11-19T05:14:33.967+0000] {processor.py:840} INFO - DAG(s) 'create_audit_table' retrieved from /opt/airflow/dags/create_audit_table.py
[2025-11-19T05:14:34.094+0000] {logging_mixin.py:188} INFO - [2025-11-19T05:14:34.094+0000] {dag.py:3036} INFO - Sync 1 DAGs
[2025-11-19T05:14:34.143+0000] {logging_mixin.py:188} INFO - [2025-11-19T05:14:34.142+0000] {dag.py:3823} INFO - Setting next_dagrun for create_audit_table to None, run_after=None
[2025-11-19T05:14:34.392+0000] {processor.py:183} INFO - Processing /opt/airflow/dags/create_audit_table.py took 0.621 seconds
[2025-11-19T05:15:05.804+0000] {processor.py:161} INFO - Started process (PID=30705) to work on /opt/airflow/dags/create_audit_table.py
[2025-11-19T05:15:05.816+0000] {processor.py:830} INFO - Processing file /opt/airflow/dags/create_audit_table.py for tasks to queue
[2025-11-19T05:15:05.823+0000] {logging_mixin.py:188} INFO - [2025-11-19T05:15:05.822+0000] {dagbag.py:538} INFO - Filling up the DagBag from /opt/airflow/dags/create_audit_table.py
[2025-11-19T05:15:05.941+0000] {processor.py:840} INFO - DAG(s) 'create_audit_table' retrieved from /opt/airflow/dags/create_audit_table.py
[2025-11-19T05:15:07.749+0000] {logging_mixin.py:188} INFO - [2025-11-19T05:15:07.749+0000] {dag.py:3036} INFO - Sync 1 DAGs
[2025-11-19T05:15:08.578+0000] {logging_mixin.py:188} INFO - [2025-11-19T05:15:08.577+0000] {dag.py:3823} INFO - Setting next_dagrun for create_audit_table to None, run_after=None
[2025-11-19T05:15:09.873+0000] {processor.py:183} INFO - Processing /opt/airflow/dags/create_audit_table.py took 4.092 seconds
[2025-11-19T05:15:41.070+0000] {processor.py:161} INFO - Started process (PID=30735) to work on /opt/airflow/dags/create_audit_table.py
[2025-11-19T05:15:41.080+0000] {processor.py:830} INFO - Processing file /opt/airflow/dags/create_audit_table.py for tasks to queue
[2025-11-19T05:15:41.082+0000] {logging_mixin.py:188} INFO - [2025-11-19T05:15:41.081+0000] {dagbag.py:538} INFO - Filling up the DagBag from /opt/airflow/dags/create_audit_table.py
[2025-11-19T05:15:41.177+0000] {processor.py:840} INFO - DAG(s) 'create_audit_table' retrieved from /opt/airflow/dags/create_audit_table.py
[2025-11-19T05:15:41.272+0000] {logging_mixin.py:188} INFO - [2025-11-19T05:15:41.272+0000] {dag.py:3036} INFO - Sync 1 DAGs
[2025-11-19T05:15:41.350+0000] {logging_mixin.py:188} INFO - [2025-11-19T05:15:41.349+0000] {dag.py:3823} INFO - Setting next_dagrun for create_audit_table to None, run_after=None
[2025-11-19T05:15:41.526+0000] {processor.py:183} INFO - Processing /opt/airflow/dags/create_audit_table.py took 0.463 seconds
[2025-11-19T05:16:13.328+0000] {processor.py:161} INFO - Started process (PID=30765) to work on /opt/airflow/dags/create_audit_table.py
[2025-11-19T05:16:13.346+0000] {processor.py:830} INFO - Processing file /opt/airflow/dags/create_audit_table.py for tasks to queue
[2025-11-19T05:16:13.358+0000] {logging_mixin.py:188} INFO - [2025-11-19T05:16:13.356+0000] {dagbag.py:538} INFO - Filling up the DagBag from /opt/airflow/dags/create_audit_table.py
[2025-11-19T05:16:13.847+0000] {processor.py:840} INFO - DAG(s) 'create_audit_table' retrieved from /opt/airflow/dags/create_audit_table.py
[2025-11-19T05:16:14.230+0000] {logging_mixin.py:188} INFO - [2025-11-19T05:16:14.229+0000] {dag.py:3036} INFO - Sync 1 DAGs
[2025-11-19T05:16:14.444+0000] {logging_mixin.py:188} INFO - [2025-11-19T05:16:14.444+0000] {dag.py:3823} INFO - Setting next_dagrun for create_audit_table to None, run_after=None
[2025-11-19T05:16:14.715+0000] {processor.py:183} INFO - Processing /opt/airflow/dags/create_audit_table.py took 1.407 seconds
[2025-11-19T05:16:54.437+0000] {processor.py:161} INFO - Started process (PID=30795) to work on /opt/airflow/dags/create_audit_table.py
[2025-11-19T05:16:54.463+0000] {processor.py:830} INFO - Processing file /opt/airflow/dags/create_audit_table.py for tasks to queue
[2025-11-19T05:16:54.515+0000] {logging_mixin.py:188} INFO - [2025-11-19T05:16:54.477+0000] {dagbag.py:538} INFO - Filling up the DagBag from /opt/airflow/dags/create_audit_table.py
[2025-11-19T05:16:55.770+0000] {processor.py:840} INFO - DAG(s) 'create_audit_table' retrieved from /opt/airflow/dags/create_audit_table.py
[2025-11-19T05:16:56.469+0000] {logging_mixin.py:188} INFO - [2025-11-19T05:16:56.469+0000] {dag.py:3036} INFO - Sync 1 DAGs
[2025-11-19T05:16:56.665+0000] {logging_mixin.py:188} INFO - [2025-11-19T05:16:56.664+0000] {dag.py:3823} INFO - Setting next_dagrun for create_audit_table to None, run_after=None
[2025-11-19T05:16:57.459+0000] {processor.py:183} INFO - Processing /opt/airflow/dags/create_audit_table.py took 3.609 seconds
[2025-11-19T05:17:41.778+0000] {processor.py:161} INFO - Started process (PID=30843) to work on /opt/airflow/dags/create_audit_table.py
[2025-11-19T05:17:41.790+0000] {processor.py:830} INFO - Processing file /opt/airflow/dags/create_audit_table.py for tasks to queue
[2025-11-19T05:17:41.802+0000] {logging_mixin.py:188} INFO - [2025-11-19T05:17:41.801+0000] {dagbag.py:538} INFO - Filling up the DagBag from /opt/airflow/dags/create_audit_table.py
[2025-11-19T05:17:41.944+0000] {processor.py:840} INFO - DAG(s) 'create_audit_table' retrieved from /opt/airflow/dags/create_audit_table.py
[2025-11-19T05:17:42.177+0000] {logging_mixin.py:188} INFO - [2025-11-19T05:17:42.176+0000] {dag.py:3036} INFO - Sync 1 DAGs
[2025-11-19T05:17:42.241+0000] {logging_mixin.py:188} INFO - [2025-11-19T05:17:42.241+0000] {dag.py:3823} INFO - Setting next_dagrun for create_audit_table to None, run_after=None
[2025-11-19T05:17:42.451+0000] {processor.py:183} INFO - Processing /opt/airflow/dags/create_audit_table.py took 0.694 seconds
[2025-11-19T05:18:33.431+0000] {processor.py:161} INFO - Started process (PID=30873) to work on /opt/airflow/dags/create_audit_table.py
[2025-11-19T05:18:33.444+0000] {processor.py:830} INFO - Processing file /opt/airflow/dags/create_audit_table.py for tasks to queue
[2025-11-19T05:18:33.447+0000] {logging_mixin.py:188} INFO - [2025-11-19T05:18:33.447+0000] {dagbag.py:538} INFO - Filling up the DagBag from /opt/airflow/dags/create_audit_table.py
[2025-11-19T05:18:33.494+0000] {processor.py:840} INFO - DAG(s) 'create_audit_table' retrieved from /opt/airflow/dags/create_audit_table.py
[2025-11-19T05:18:33.597+0000] {logging_mixin.py:188} INFO - [2025-11-19T05:18:33.596+0000] {dag.py:3036} INFO - Sync 1 DAGs
[2025-11-19T05:18:33.645+0000] {logging_mixin.py:188} INFO - [2025-11-19T05:18:33.645+0000] {dag.py:3823} INFO - Setting next_dagrun for create_audit_table to None, run_after=None
[2025-11-19T05:18:33.742+0000] {processor.py:183} INFO - Processing /opt/airflow/dags/create_audit_table.py took 0.316 seconds
[2025-11-19T05:19:05.068+0000] {processor.py:161} INFO - Started process (PID=30900) to work on /opt/airflow/dags/create_audit_table.py
[2025-11-19T05:19:05.072+0000] {processor.py:830} INFO - Processing file /opt/airflow/dags/create_audit_table.py for tasks to queue
[2025-11-19T05:19:05.080+0000] {logging_mixin.py:188} INFO - [2025-11-19T05:19:05.075+0000] {dagbag.py:538} INFO - Filling up the DagBag from /opt/airflow/dags/create_audit_table.py
[2025-11-19T05:19:05.185+0000] {processor.py:840} INFO - DAG(s) 'create_audit_table' retrieved from /opt/airflow/dags/create_audit_table.py
[2025-11-19T05:19:05.286+0000] {logging_mixin.py:188} INFO - [2025-11-19T05:19:05.285+0000] {dag.py:3036} INFO - Sync 1 DAGs
[2025-11-19T05:19:05.330+0000] {logging_mixin.py:188} INFO - [2025-11-19T05:19:05.330+0000] {dag.py:3823} INFO - Setting next_dagrun for create_audit_table to None, run_after=None
[2025-11-19T05:19:05.442+0000] {processor.py:183} INFO - Processing /opt/airflow/dags/create_audit_table.py took 0.379 seconds
[2025-11-19T05:19:37.596+0000] {processor.py:161} INFO - Started process (PID=30928) to work on /opt/airflow/dags/create_audit_table.py
[2025-11-19T05:19:37.603+0000] {processor.py:830} INFO - Processing file /opt/airflow/dags/create_audit_table.py for tasks to queue
[2025-11-19T05:19:37.609+0000] {logging_mixin.py:188} INFO - [2025-11-19T05:19:37.608+0000] {dagbag.py:538} INFO - Filling up the DagBag from /opt/airflow/dags/create_audit_table.py
[2025-11-19T05:19:38.176+0000] {processor.py:840} INFO - DAG(s) 'create_audit_table' retrieved from /opt/airflow/dags/create_audit_table.py
[2025-11-19T05:19:38.371+0000] {logging_mixin.py:188} INFO - [2025-11-19T05:19:38.371+0000] {dag.py:3036} INFO - Sync 1 DAGs
[2025-11-19T05:19:38.453+0000] {logging_mixin.py:188} INFO - [2025-11-19T05:19:38.453+0000] {dag.py:3823} INFO - Setting next_dagrun for create_audit_table to None, run_after=None
[2025-11-19T05:19:38.545+0000] {processor.py:183} INFO - Processing /opt/airflow/dags/create_audit_table.py took 0.955 seconds
[2025-11-19T05:20:10.494+0000] {processor.py:161} INFO - Started process (PID=30960) to work on /opt/airflow/dags/create_audit_table.py
[2025-11-19T05:20:10.506+0000] {processor.py:830} INFO - Processing file /opt/airflow/dags/create_audit_table.py for tasks to queue
[2025-11-19T05:20:10.515+0000] {logging_mixin.py:188} INFO - [2025-11-19T05:20:10.514+0000] {dagbag.py:538} INFO - Filling up the DagBag from /opt/airflow/dags/create_audit_table.py
[2025-11-19T05:20:10.713+0000] {processor.py:840} INFO - DAG(s) 'create_audit_table' retrieved from /opt/airflow/dags/create_audit_table.py
[2025-11-19T05:20:10.802+0000] {logging_mixin.py:188} INFO - [2025-11-19T05:20:10.801+0000] {dag.py:3036} INFO - Sync 1 DAGs
[2025-11-19T05:20:10.852+0000] {logging_mixin.py:188} INFO - [2025-11-19T05:20:10.852+0000] {dag.py:3823} INFO - Setting next_dagrun for create_audit_table to None, run_after=None
[2025-11-19T05:20:10.957+0000] {processor.py:183} INFO - Processing /opt/airflow/dags/create_audit_table.py took 0.467 seconds
[2025-11-19T05:20:44.807+0000] {processor.py:161} INFO - Started process (PID=30988) to work on /opt/airflow/dags/create_audit_table.py
[2025-11-19T05:20:44.810+0000] {processor.py:830} INFO - Processing file /opt/airflow/dags/create_audit_table.py for tasks to queue
[2025-11-19T05:20:44.820+0000] {logging_mixin.py:188} INFO - [2025-11-19T05:20:44.813+0000] {dagbag.py:538} INFO - Filling up the DagBag from /opt/airflow/dags/create_audit_table.py
[2025-11-19T05:20:45.144+0000] {processor.py:840} INFO - DAG(s) 'create_audit_table' retrieved from /opt/airflow/dags/create_audit_table.py
[2025-11-19T05:20:45.594+0000] {logging_mixin.py:188} INFO - [2025-11-19T05:20:45.584+0000] {dag.py:3036} INFO - Sync 1 DAGs
[2025-11-19T05:20:45.644+0000] {logging_mixin.py:188} INFO - [2025-11-19T05:20:45.643+0000] {dag.py:3823} INFO - Setting next_dagrun for create_audit_table to None, run_after=None
[2025-11-19T05:20:45.734+0000] {processor.py:183} INFO - Processing /opt/airflow/dags/create_audit_table.py took 0.933 seconds
[2025-11-19T05:21:16.741+0000] {processor.py:161} INFO - Started process (PID=31018) to work on /opt/airflow/dags/create_audit_table.py
[2025-11-19T05:21:16.757+0000] {processor.py:830} INFO - Processing file /opt/airflow/dags/create_audit_table.py for tasks to queue
[2025-11-19T05:21:16.772+0000] {logging_mixin.py:188} INFO - [2025-11-19T05:21:16.771+0000] {dagbag.py:538} INFO - Filling up the DagBag from /opt/airflow/dags/create_audit_table.py
[2025-11-19T05:21:16.963+0000] {processor.py:840} INFO - DAG(s) 'create_audit_table' retrieved from /opt/airflow/dags/create_audit_table.py
[2025-11-19T05:21:17.126+0000] {logging_mixin.py:188} INFO - [2025-11-19T05:21:17.118+0000] {dag.py:3036} INFO - Sync 1 DAGs
[2025-11-19T05:21:17.210+0000] {logging_mixin.py:188} INFO - [2025-11-19T05:21:17.210+0000] {dag.py:3823} INFO - Setting next_dagrun for create_audit_table to None, run_after=None
[2025-11-19T05:21:17.296+0000] {processor.py:183} INFO - Processing /opt/airflow/dags/create_audit_table.py took 0.560 seconds
[2025-11-19T05:21:54.389+0000] {processor.py:161} INFO - Started process (PID=31050) to work on /opt/airflow/dags/create_audit_table.py
[2025-11-19T05:21:54.405+0000] {processor.py:830} INFO - Processing file /opt/airflow/dags/create_audit_table.py for tasks to queue
[2025-11-19T05:21:54.418+0000] {logging_mixin.py:188} INFO - [2025-11-19T05:21:54.417+0000] {dagbag.py:538} INFO - Filling up the DagBag from /opt/airflow/dags/create_audit_table.py
[2025-11-19T05:21:54.788+0000] {processor.py:840} INFO - DAG(s) 'create_audit_table' retrieved from /opt/airflow/dags/create_audit_table.py
[2025-11-19T05:21:54.901+0000] {logging_mixin.py:188} INFO - [2025-11-19T05:21:54.901+0000] {dag.py:3036} INFO - Sync 1 DAGs
[2025-11-19T05:21:54.954+0000] {logging_mixin.py:188} INFO - [2025-11-19T05:21:54.953+0000] {dag.py:3823} INFO - Setting next_dagrun for create_audit_table to None, run_after=None
[2025-11-19T05:21:55.140+0000] {processor.py:183} INFO - Processing /opt/airflow/dags/create_audit_table.py took 0.762 seconds
[2025-11-19T05:22:25.615+0000] {processor.py:161} INFO - Started process (PID=31080) to work on /opt/airflow/dags/create_audit_table.py
[2025-11-19T05:22:25.617+0000] {processor.py:830} INFO - Processing file /opt/airflow/dags/create_audit_table.py for tasks to queue
[2025-11-19T05:22:25.625+0000] {logging_mixin.py:188} INFO - [2025-11-19T05:22:25.621+0000] {dagbag.py:538} INFO - Filling up the DagBag from /opt/airflow/dags/create_audit_table.py
[2025-11-19T05:22:25.683+0000] {processor.py:840} INFO - DAG(s) 'create_audit_table' retrieved from /opt/airflow/dags/create_audit_table.py
[2025-11-19T05:22:25.748+0000] {logging_mixin.py:188} INFO - [2025-11-19T05:22:25.748+0000] {dag.py:3036} INFO - Sync 1 DAGs
[2025-11-19T05:22:25.785+0000] {logging_mixin.py:188} INFO - [2025-11-19T05:22:25.784+0000] {dag.py:3823} INFO - Setting next_dagrun for create_audit_table to None, run_after=None
[2025-11-19T05:22:25.871+0000] {processor.py:183} INFO - Processing /opt/airflow/dags/create_audit_table.py took 0.261 seconds
[2025-11-19T05:22:56.008+0000] {processor.py:161} INFO - Started process (PID=31110) to work on /opt/airflow/dags/create_audit_table.py
[2025-11-19T05:22:56.009+0000] {processor.py:830} INFO - Processing file /opt/airflow/dags/create_audit_table.py for tasks to queue
[2025-11-19T05:22:56.011+0000] {logging_mixin.py:188} INFO - [2025-11-19T05:22:56.011+0000] {dagbag.py:538} INFO - Filling up the DagBag from /opt/airflow/dags/create_audit_table.py
[2025-11-19T05:22:56.029+0000] {processor.py:840} INFO - DAG(s) 'create_audit_table' retrieved from /opt/airflow/dags/create_audit_table.py
[2025-11-19T05:22:56.066+0000] {logging_mixin.py:188} INFO - [2025-11-19T05:22:56.065+0000] {dag.py:3036} INFO - Sync 1 DAGs
[2025-11-19T05:22:56.094+0000] {logging_mixin.py:188} INFO - [2025-11-19T05:22:56.093+0000] {dag.py:3823} INFO - Setting next_dagrun for create_audit_table to None, run_after=None
[2025-11-19T05:22:56.137+0000] {processor.py:183} INFO - Processing /opt/airflow/dags/create_audit_table.py took 0.134 seconds
[2025-11-19T05:23:26.788+0000] {processor.py:161} INFO - Started process (PID=31140) to work on /opt/airflow/dags/create_audit_table.py
[2025-11-19T05:23:26.801+0000] {processor.py:830} INFO - Processing file /opt/airflow/dags/create_audit_table.py for tasks to queue
[2025-11-19T05:23:26.803+0000] {logging_mixin.py:188} INFO - [2025-11-19T05:23:26.803+0000] {dagbag.py:538} INFO - Filling up the DagBag from /opt/airflow/dags/create_audit_table.py
[2025-11-19T05:23:26.865+0000] {processor.py:840} INFO - DAG(s) 'create_audit_table' retrieved from /opt/airflow/dags/create_audit_table.py
[2025-11-19T05:23:26.963+0000] {logging_mixin.py:188} INFO - [2025-11-19T05:23:26.962+0000] {dag.py:3036} INFO - Sync 1 DAGs
[2025-11-19T05:23:27.010+0000] {logging_mixin.py:188} INFO - [2025-11-19T05:23:27.010+0000] {dag.py:3823} INFO - Setting next_dagrun for create_audit_table to None, run_after=None
[2025-11-19T05:23:27.078+0000] {processor.py:183} INFO - Processing /opt/airflow/dags/create_audit_table.py took 0.304 seconds
[2025-11-19T05:23:57.820+0000] {processor.py:161} INFO - Started process (PID=31170) to work on /opt/airflow/dags/create_audit_table.py
[2025-11-19T05:23:57.825+0000] {processor.py:830} INFO - Processing file /opt/airflow/dags/create_audit_table.py for tasks to queue
[2025-11-19T05:23:57.828+0000] {logging_mixin.py:188} INFO - [2025-11-19T05:23:57.828+0000] {dagbag.py:538} INFO - Filling up the DagBag from /opt/airflow/dags/create_audit_table.py
[2025-11-19T05:23:57.852+0000] {processor.py:840} INFO - DAG(s) 'create_audit_table' retrieved from /opt/airflow/dags/create_audit_table.py
[2025-11-19T05:23:57.911+0000] {logging_mixin.py:188} INFO - [2025-11-19T05:23:57.910+0000] {dag.py:3036} INFO - Sync 1 DAGs
[2025-11-19T05:23:57.935+0000] {logging_mixin.py:188} INFO - [2025-11-19T05:23:57.935+0000] {dag.py:3823} INFO - Setting next_dagrun for create_audit_table to None, run_after=None
[2025-11-19T05:23:58.016+0000] {processor.py:183} INFO - Processing /opt/airflow/dags/create_audit_table.py took 0.203 seconds
[2025-11-19T05:24:29.059+0000] {processor.py:161} INFO - Started process (PID=31200) to work on /opt/airflow/dags/create_audit_table.py
[2025-11-19T05:24:29.061+0000] {processor.py:830} INFO - Processing file /opt/airflow/dags/create_audit_table.py for tasks to queue
[2025-11-19T05:24:29.062+0000] {logging_mixin.py:188} INFO - [2025-11-19T05:24:29.062+0000] {dagbag.py:538} INFO - Filling up the DagBag from /opt/airflow/dags/create_audit_table.py
[2025-11-19T05:24:29.085+0000] {processor.py:840} INFO - DAG(s) 'create_audit_table' retrieved from /opt/airflow/dags/create_audit_table.py
[2025-11-19T05:24:29.124+0000] {logging_mixin.py:188} INFO - [2025-11-19T05:24:29.123+0000] {dag.py:3036} INFO - Sync 1 DAGs
[2025-11-19T05:24:29.136+0000] {logging_mixin.py:188} INFO - [2025-11-19T05:24:29.136+0000] {dag.py:3823} INFO - Setting next_dagrun for create_audit_table to None, run_after=None
[2025-11-19T05:24:29.158+0000] {processor.py:183} INFO - Processing /opt/airflow/dags/create_audit_table.py took 0.102 seconds
[2025-11-19T05:24:59.322+0000] {processor.py:161} INFO - Started process (PID=31230) to work on /opt/airflow/dags/create_audit_table.py
[2025-11-19T05:24:59.324+0000] {processor.py:830} INFO - Processing file /opt/airflow/dags/create_audit_table.py for tasks to queue
[2025-11-19T05:24:59.325+0000] {logging_mixin.py:188} INFO - [2025-11-19T05:24:59.325+0000] {dagbag.py:538} INFO - Filling up the DagBag from /opt/airflow/dags/create_audit_table.py
[2025-11-19T05:24:59.344+0000] {processor.py:840} INFO - DAG(s) 'create_audit_table' retrieved from /opt/airflow/dags/create_audit_table.py
[2025-11-19T05:24:59.370+0000] {logging_mixin.py:188} INFO - [2025-11-19T05:24:59.370+0000] {dag.py:3036} INFO - Sync 1 DAGs
[2025-11-19T05:24:59.381+0000] {logging_mixin.py:188} INFO - [2025-11-19T05:24:59.381+0000] {dag.py:3823} INFO - Setting next_dagrun for create_audit_table to None, run_after=None
[2025-11-19T05:24:59.405+0000] {processor.py:183} INFO - Processing /opt/airflow/dags/create_audit_table.py took 0.086 seconds
[2025-11-19T05:25:31.991+0000] {processor.py:161} INFO - Started process (PID=31258) to work on /opt/airflow/dags/create_audit_table.py
[2025-11-19T05:25:32.002+0000] {processor.py:830} INFO - Processing file /opt/airflow/dags/create_audit_table.py for tasks to queue
[2025-11-19T05:25:32.004+0000] {logging_mixin.py:188} INFO - [2025-11-19T05:25:32.004+0000] {dagbag.py:538} INFO - Filling up the DagBag from /opt/airflow/dags/create_audit_table.py
[2025-11-19T05:25:32.073+0000] {processor.py:840} INFO - DAG(s) 'create_audit_table' retrieved from /opt/airflow/dags/create_audit_table.py
[2025-11-19T05:25:32.174+0000] {logging_mixin.py:188} INFO - [2025-11-19T05:25:32.174+0000] {dag.py:3036} INFO - Sync 1 DAGs
[2025-11-19T05:25:32.215+0000] {logging_mixin.py:188} INFO - [2025-11-19T05:25:32.214+0000] {dag.py:3823} INFO - Setting next_dagrun for create_audit_table to None, run_after=None
[2025-11-19T05:25:32.276+0000] {processor.py:183} INFO - Processing /opt/airflow/dags/create_audit_table.py took 0.291 seconds
[2025-11-19T05:26:03.480+0000] {processor.py:161} INFO - Started process (PID=31288) to work on /opt/airflow/dags/create_audit_table.py
[2025-11-19T05:26:03.485+0000] {processor.py:830} INFO - Processing file /opt/airflow/dags/create_audit_table.py for tasks to queue
[2025-11-19T05:26:03.489+0000] {logging_mixin.py:188} INFO - [2025-11-19T05:26:03.488+0000] {dagbag.py:538} INFO - Filling up the DagBag from /opt/airflow/dags/create_audit_table.py
[2025-11-19T05:26:03.593+0000] {processor.py:840} INFO - DAG(s) 'create_audit_table' retrieved from /opt/airflow/dags/create_audit_table.py
[2025-11-19T05:26:03.750+0000] {logging_mixin.py:188} INFO - [2025-11-19T05:26:03.749+0000] {dag.py:3036} INFO - Sync 1 DAGs
[2025-11-19T05:26:03.811+0000] {logging_mixin.py:188} INFO - [2025-11-19T05:26:03.810+0000] {dag.py:3823} INFO - Setting next_dagrun for create_audit_table to None, run_after=None
[2025-11-19T05:26:03.974+0000] {processor.py:183} INFO - Processing /opt/airflow/dags/create_audit_table.py took 0.500 seconds
[2025-11-19T05:26:41.301+0000] {processor.py:161} INFO - Started process (PID=31318) to work on /opt/airflow/dags/create_audit_table.py
[2025-11-19T05:26:41.314+0000] {processor.py:830} INFO - Processing file /opt/airflow/dags/create_audit_table.py for tasks to queue
[2025-11-19T05:26:41.330+0000] {logging_mixin.py:188} INFO - [2025-11-19T05:26:41.329+0000] {dagbag.py:538} INFO - Filling up the DagBag from /opt/airflow/dags/create_audit_table.py
[2025-11-19T05:26:41.826+0000] {processor.py:840} INFO - DAG(s) 'create_audit_table' retrieved from /opt/airflow/dags/create_audit_table.py
[2025-11-19T05:26:41.975+0000] {logging_mixin.py:188} INFO - [2025-11-19T05:26:41.975+0000] {dag.py:3036} INFO - Sync 1 DAGs
[2025-11-19T05:26:42.048+0000] {logging_mixin.py:188} INFO - [2025-11-19T05:26:42.048+0000] {dag.py:3823} INFO - Setting next_dagrun for create_audit_table to None, run_after=None
[2025-11-19T05:26:42.820+0000] {processor.py:183} INFO - Processing /opt/airflow/dags/create_audit_table.py took 1.525 seconds
[2025-11-19T05:27:20.110+0000] {processor.py:161} INFO - Started process (PID=31350) to work on /opt/airflow/dags/create_audit_table.py
[2025-11-19T05:27:20.122+0000] {processor.py:830} INFO - Processing file /opt/airflow/dags/create_audit_table.py for tasks to queue
[2025-11-19T05:27:20.127+0000] {logging_mixin.py:188} INFO - [2025-11-19T05:27:20.126+0000] {dagbag.py:538} INFO - Filling up the DagBag from /opt/airflow/dags/create_audit_table.py
[2025-11-19T05:27:20.334+0000] {processor.py:840} INFO - DAG(s) 'create_audit_table' retrieved from /opt/airflow/dags/create_audit_table.py
[2025-11-19T05:27:20.464+0000] {logging_mixin.py:188} INFO - [2025-11-19T05:27:20.460+0000] {dag.py:3036} INFO - Sync 1 DAGs
[2025-11-19T05:27:20.501+0000] {logging_mixin.py:188} INFO - [2025-11-19T05:27:20.500+0000] {dag.py:3823} INFO - Setting next_dagrun for create_audit_table to None, run_after=None
[2025-11-19T05:27:20.572+0000] {processor.py:183} INFO - Processing /opt/airflow/dags/create_audit_table.py took 0.474 seconds
[2025-11-19T05:28:04.581+0000] {processor.py:161} INFO - Started process (PID=31378) to work on /opt/airflow/dags/create_audit_table.py
[2025-11-19T05:28:04.799+0000] {processor.py:830} INFO - Processing file /opt/airflow/dags/create_audit_table.py for tasks to queue
[2025-11-19T05:28:04.908+0000] {logging_mixin.py:188} INFO - [2025-11-19T05:28:04.907+0000] {dagbag.py:538} INFO - Filling up the DagBag from /opt/airflow/dags/create_audit_table.py
[2025-11-19T05:28:07.650+0000] {processor.py:840} INFO - DAG(s) 'create_audit_table' retrieved from /opt/airflow/dags/create_audit_table.py
[2025-11-19T05:28:07.871+0000] {logging_mixin.py:188} INFO - [2025-11-19T05:28:07.865+0000] {dag.py:3036} INFO - Sync 1 DAGs
[2025-11-19T05:28:08.031+0000] {logging_mixin.py:188} INFO - [2025-11-19T05:28:08.031+0000] {dag.py:3823} INFO - Setting next_dagrun for create_audit_table to None, run_after=None
[2025-11-19T05:28:08.116+0000] {processor.py:183} INFO - Processing /opt/airflow/dags/create_audit_table.py took 3.541 seconds
[2025-11-19T05:28:39.010+0000] {processor.py:161} INFO - Started process (PID=31410) to work on /opt/airflow/dags/create_audit_table.py
[2025-11-19T05:28:39.017+0000] {processor.py:830} INFO - Processing file /opt/airflow/dags/create_audit_table.py for tasks to queue
[2025-11-19T05:28:39.021+0000] {logging_mixin.py:188} INFO - [2025-11-19T05:28:39.020+0000] {dagbag.py:538} INFO - Filling up the DagBag from /opt/airflow/dags/create_audit_table.py
[2025-11-19T05:28:39.074+0000] {processor.py:840} INFO - DAG(s) 'create_audit_table' retrieved from /opt/airflow/dags/create_audit_table.py
[2025-11-19T05:28:39.133+0000] {logging_mixin.py:188} INFO - [2025-11-19T05:28:39.133+0000] {dag.py:3036} INFO - Sync 1 DAGs
[2025-11-19T05:28:39.167+0000] {logging_mixin.py:188} INFO - [2025-11-19T05:28:39.166+0000] {dag.py:3823} INFO - Setting next_dagrun for create_audit_table to None, run_after=None
[2025-11-19T05:28:39.227+0000] {processor.py:183} INFO - Processing /opt/airflow/dags/create_audit_table.py took 0.223 seconds
[2025-11-19T05:29:09.504+0000] {processor.py:161} INFO - Started process (PID=31438) to work on /opt/airflow/dags/create_audit_table.py
[2025-11-19T05:29:09.507+0000] {processor.py:830} INFO - Processing file /opt/airflow/dags/create_audit_table.py for tasks to queue
[2025-11-19T05:29:09.509+0000] {logging_mixin.py:188} INFO - [2025-11-19T05:29:09.508+0000] {dagbag.py:538} INFO - Filling up the DagBag from /opt/airflow/dags/create_audit_table.py
[2025-11-19T05:29:09.668+0000] {processor.py:840} INFO - DAG(s) 'create_audit_table' retrieved from /opt/airflow/dags/create_audit_table.py
[2025-11-19T05:29:09.752+0000] {logging_mixin.py:188} INFO - [2025-11-19T05:29:09.751+0000] {dag.py:3036} INFO - Sync 1 DAGs
[2025-11-19T05:29:09.807+0000] {logging_mixin.py:188} INFO - [2025-11-19T05:29:09.806+0000] {dag.py:3823} INFO - Setting next_dagrun for create_audit_table to None, run_after=None
[2025-11-19T05:29:09.911+0000] {processor.py:183} INFO - Processing /opt/airflow/dags/create_audit_table.py took 0.416 seconds
[2025-11-19T05:29:40.714+0000] {processor.py:161} INFO - Started process (PID=31470) to work on /opt/airflow/dags/create_audit_table.py
[2025-11-19T05:29:40.722+0000] {processor.py:830} INFO - Processing file /opt/airflow/dags/create_audit_table.py for tasks to queue
[2025-11-19T05:29:40.725+0000] {logging_mixin.py:188} INFO - [2025-11-19T05:29:40.725+0000] {dagbag.py:538} INFO - Filling up the DagBag from /opt/airflow/dags/create_audit_table.py
[2025-11-19T05:29:40.766+0000] {processor.py:840} INFO - DAG(s) 'create_audit_table' retrieved from /opt/airflow/dags/create_audit_table.py
[2025-11-19T05:29:41.100+0000] {logging_mixin.py:188} INFO - [2025-11-19T05:29:41.099+0000] {dag.py:3036} INFO - Sync 1 DAGs
[2025-11-19T05:29:41.133+0000] {logging_mixin.py:188} INFO - [2025-11-19T05:29:41.133+0000] {dag.py:3823} INFO - Setting next_dagrun for create_audit_table to None, run_after=None
[2025-11-19T05:29:41.213+0000] {processor.py:183} INFO - Processing /opt/airflow/dags/create_audit_table.py took 0.505 seconds
[2025-11-19T05:30:11.551+0000] {processor.py:161} INFO - Started process (PID=31498) to work on /opt/airflow/dags/create_audit_table.py
[2025-11-19T05:30:11.563+0000] {processor.py:830} INFO - Processing file /opt/airflow/dags/create_audit_table.py for tasks to queue
[2025-11-19T05:30:11.569+0000] {logging_mixin.py:188} INFO - [2025-11-19T05:30:11.568+0000] {dagbag.py:538} INFO - Filling up the DagBag from /opt/airflow/dags/create_audit_table.py
[2025-11-19T05:30:11.620+0000] {processor.py:840} INFO - DAG(s) 'create_audit_table' retrieved from /opt/airflow/dags/create_audit_table.py
[2025-11-19T05:30:11.754+0000] {logging_mixin.py:188} INFO - [2025-11-19T05:30:11.753+0000] {dag.py:3036} INFO - Sync 1 DAGs
[2025-11-19T05:30:11.852+0000] {logging_mixin.py:188} INFO - [2025-11-19T05:30:11.851+0000] {dag.py:3823} INFO - Setting next_dagrun for create_audit_table to None, run_after=None
[2025-11-19T05:30:11.966+0000] {processor.py:183} INFO - Processing /opt/airflow/dags/create_audit_table.py took 0.430 seconds
[2025-11-19T05:30:42.756+0000] {processor.py:161} INFO - Started process (PID=31528) to work on /opt/airflow/dags/create_audit_table.py
[2025-11-19T05:30:42.759+0000] {processor.py:830} INFO - Processing file /opt/airflow/dags/create_audit_table.py for tasks to queue
[2025-11-19T05:30:42.766+0000] {logging_mixin.py:188} INFO - [2025-11-19T05:30:42.765+0000] {dagbag.py:538} INFO - Filling up the DagBag from /opt/airflow/dags/create_audit_table.py
[2025-11-19T05:30:42.810+0000] {processor.py:840} INFO - DAG(s) 'create_audit_table' retrieved from /opt/airflow/dags/create_audit_table.py
[2025-11-19T05:30:42.856+0000] {logging_mixin.py:188} INFO - [2025-11-19T05:30:42.856+0000] {dag.py:3036} INFO - Sync 1 DAGs
[2025-11-19T05:30:42.867+0000] {logging_mixin.py:188} INFO - [2025-11-19T05:30:42.867+0000] {dag.py:3823} INFO - Setting next_dagrun for create_audit_table to None, run_after=None
[2025-11-19T05:30:42.889+0000] {processor.py:183} INFO - Processing /opt/airflow/dags/create_audit_table.py took 0.137 seconds
[2025-11-19T05:31:13.543+0000] {processor.py:161} INFO - Started process (PID=31558) to work on /opt/airflow/dags/create_audit_table.py
[2025-11-19T05:31:13.544+0000] {processor.py:830} INFO - Processing file /opt/airflow/dags/create_audit_table.py for tasks to queue
[2025-11-19T05:31:13.545+0000] {logging_mixin.py:188} INFO - [2025-11-19T05:31:13.545+0000] {dagbag.py:538} INFO - Filling up the DagBag from /opt/airflow/dags/create_audit_table.py
[2025-11-19T05:31:14.573+0000] {processor.py:840} INFO - DAG(s) 'create_audit_table' retrieved from /opt/airflow/dags/create_audit_table.py
[2025-11-19T05:31:14.606+0000] {logging_mixin.py:188} INFO - [2025-11-19T05:31:14.605+0000] {dag.py:3036} INFO - Sync 1 DAGs
[2025-11-19T05:31:14.621+0000] {logging_mixin.py:188} INFO - [2025-11-19T05:31:14.620+0000] {dag.py:3823} INFO - Setting next_dagrun for create_audit_table to None, run_after=None
[2025-11-19T05:31:14.643+0000] {processor.py:183} INFO - Processing /opt/airflow/dags/create_audit_table.py took 1.104 seconds
[2025-11-19T05:31:45.239+0000] {processor.py:161} INFO - Started process (PID=31590) to work on /opt/airflow/dags/create_audit_table.py
[2025-11-19T05:31:45.240+0000] {processor.py:830} INFO - Processing file /opt/airflow/dags/create_audit_table.py for tasks to queue
[2025-11-19T05:31:45.241+0000] {logging_mixin.py:188} INFO - [2025-11-19T05:31:45.241+0000] {dagbag.py:538} INFO - Filling up the DagBag from /opt/airflow/dags/create_audit_table.py
[2025-11-19T05:31:45.257+0000] {processor.py:840} INFO - DAG(s) 'create_audit_table' retrieved from /opt/airflow/dags/create_audit_table.py
[2025-11-19T05:31:45.286+0000] {logging_mixin.py:188} INFO - [2025-11-19T05:31:45.285+0000] {dag.py:3036} INFO - Sync 1 DAGs
[2025-11-19T05:31:45.296+0000] {logging_mixin.py:188} INFO - [2025-11-19T05:31:45.295+0000] {dag.py:3823} INFO - Setting next_dagrun for create_audit_table to None, run_after=None
[2025-11-19T05:31:45.314+0000] {processor.py:183} INFO - Processing /opt/airflow/dags/create_audit_table.py took 0.079 seconds
[2025-11-19T05:32:16.437+0000] {processor.py:161} INFO - Started process (PID=31620) to work on /opt/airflow/dags/create_audit_table.py
[2025-11-19T05:32:16.447+0000] {processor.py:830} INFO - Processing file /opt/airflow/dags/create_audit_table.py for tasks to queue
[2025-11-19T05:32:16.449+0000] {logging_mixin.py:188} INFO - [2025-11-19T05:32:16.449+0000] {dagbag.py:538} INFO - Filling up the DagBag from /opt/airflow/dags/create_audit_table.py
[2025-11-19T05:32:17.368+0000] {processor.py:840} INFO - DAG(s) 'create_audit_table' retrieved from /opt/airflow/dags/create_audit_table.py
[2025-11-19T05:32:22.444+0000] {logging_mixin.py:188} INFO - [2025-11-19T05:32:22.443+0000] {dag.py:3036} INFO - Sync 1 DAGs
[2025-11-19T05:32:22.495+0000] {logging_mixin.py:188} INFO - [2025-11-19T05:32:22.494+0000] {dag.py:3823} INFO - Setting next_dagrun for create_audit_table to None, run_after=None
[2025-11-19T05:32:22.697+0000] {processor.py:183} INFO - Processing /opt/airflow/dags/create_audit_table.py took 6.265 seconds
[2025-11-19T05:32:53.464+0000] {processor.py:161} INFO - Started process (PID=31650) to work on /opt/airflow/dags/create_audit_table.py
[2025-11-19T05:32:53.475+0000] {processor.py:830} INFO - Processing file /opt/airflow/dags/create_audit_table.py for tasks to queue
[2025-11-19T05:32:53.488+0000] {logging_mixin.py:188} INFO - [2025-11-19T05:32:53.487+0000] {dagbag.py:538} INFO - Filling up the DagBag from /opt/airflow/dags/create_audit_table.py
[2025-11-19T05:32:53.555+0000] {processor.py:840} INFO - DAG(s) 'create_audit_table' retrieved from /opt/airflow/dags/create_audit_table.py
[2025-11-19T05:32:53.656+0000] {logging_mixin.py:188} INFO - [2025-11-19T05:32:53.656+0000] {dag.py:3036} INFO - Sync 1 DAGs
[2025-11-19T05:32:53.686+0000] {logging_mixin.py:188} INFO - [2025-11-19T05:32:53.685+0000] {dag.py:3823} INFO - Setting next_dagrun for create_audit_table to None, run_after=None
[2025-11-19T05:32:53.739+0000] {processor.py:183} INFO - Processing /opt/airflow/dags/create_audit_table.py took 0.283 seconds
[2025-11-19T05:34:07.681+0000] {processor.py:161} INFO - Started process (PID=31680) to work on /opt/airflow/dags/create_audit_table.py
[2025-11-19T05:34:07.688+0000] {processor.py:830} INFO - Processing file /opt/airflow/dags/create_audit_table.py for tasks to queue
[2025-11-19T05:34:07.693+0000] {logging_mixin.py:188} INFO - [2025-11-19T05:34:07.692+0000] {dagbag.py:538} INFO - Filling up the DagBag from /opt/airflow/dags/create_audit_table.py
[2025-11-19T05:34:07.757+0000] {processor.py:840} INFO - DAG(s) 'create_audit_table' retrieved from /opt/airflow/dags/create_audit_table.py
[2025-11-19T05:34:07.876+0000] {logging_mixin.py:188} INFO - [2025-11-19T05:34:07.876+0000] {dag.py:3036} INFO - Sync 1 DAGs
[2025-11-19T05:34:07.939+0000] {logging_mixin.py:188} INFO - [2025-11-19T05:34:07.939+0000] {dag.py:3823} INFO - Setting next_dagrun for create_audit_table to None, run_after=None
[2025-11-19T05:34:08.049+0000] {processor.py:183} INFO - Processing /opt/airflow/dags/create_audit_table.py took 0.378 seconds
[2025-11-19T05:34:38.611+0000] {processor.py:161} INFO - Started process (PID=31710) to work on /opt/airflow/dags/create_audit_table.py
[2025-11-19T05:34:38.621+0000] {processor.py:830} INFO - Processing file /opt/airflow/dags/create_audit_table.py for tasks to queue
[2025-11-19T05:34:38.623+0000] {logging_mixin.py:188} INFO - [2025-11-19T05:34:38.623+0000] {dagbag.py:538} INFO - Filling up the DagBag from /opt/airflow/dags/create_audit_table.py
[2025-11-19T05:34:38.646+0000] {processor.py:840} INFO - DAG(s) 'create_audit_table' retrieved from /opt/airflow/dags/create_audit_table.py
[2025-11-19T05:34:38.706+0000] {logging_mixin.py:188} INFO - [2025-11-19T05:34:38.706+0000] {dag.py:3036} INFO - Sync 1 DAGs
[2025-11-19T05:34:38.746+0000] {logging_mixin.py:188} INFO - [2025-11-19T05:34:38.746+0000] {dag.py:3823} INFO - Setting next_dagrun for create_audit_table to None, run_after=None
[2025-11-19T05:34:38.835+0000] {processor.py:183} INFO - Processing /opt/airflow/dags/create_audit_table.py took 0.229 seconds
[2025-11-19T05:35:09.034+0000] {processor.py:161} INFO - Started process (PID=31740) to work on /opt/airflow/dags/create_audit_table.py
[2025-11-19T05:35:09.036+0000] {processor.py:830} INFO - Processing file /opt/airflow/dags/create_audit_table.py for tasks to queue
[2025-11-19T05:35:09.037+0000] {logging_mixin.py:188} INFO - [2025-11-19T05:35:09.037+0000] {dagbag.py:538} INFO - Filling up the DagBag from /opt/airflow/dags/create_audit_table.py
[2025-11-19T05:35:09.056+0000] {processor.py:840} INFO - DAG(s) 'create_audit_table' retrieved from /opt/airflow/dags/create_audit_table.py
[2025-11-19T05:35:09.093+0000] {logging_mixin.py:188} INFO - [2025-11-19T05:35:09.093+0000] {dag.py:3036} INFO - Sync 1 DAGs
[2025-11-19T05:35:09.105+0000] {logging_mixin.py:188} INFO - [2025-11-19T05:35:09.104+0000] {dag.py:3823} INFO - Setting next_dagrun for create_audit_table to None, run_after=None
[2025-11-19T05:35:09.125+0000] {processor.py:183} INFO - Processing /opt/airflow/dags/create_audit_table.py took 0.094 seconds
[2025-11-19T05:35:39.731+0000] {processor.py:161} INFO - Started process (PID=31765) to work on /opt/airflow/dags/create_audit_table.py
[2025-11-19T05:35:39.734+0000] {processor.py:830} INFO - Processing file /opt/airflow/dags/create_audit_table.py for tasks to queue
[2025-11-19T05:35:39.736+0000] {logging_mixin.py:188} INFO - [2025-11-19T05:35:39.736+0000] {dagbag.py:538} INFO - Filling up the DagBag from /opt/airflow/dags/create_audit_table.py
[2025-11-19T05:35:39.764+0000] {processor.py:840} INFO - DAG(s) 'create_audit_table' retrieved from /opt/airflow/dags/create_audit_table.py
[2025-11-19T05:35:39.827+0000] {logging_mixin.py:188} INFO - [2025-11-19T05:35:39.826+0000] {dag.py:3036} INFO - Sync 1 DAGs
[2025-11-19T05:35:39.858+0000] {logging_mixin.py:188} INFO - [2025-11-19T05:35:39.858+0000] {dag.py:3823} INFO - Setting next_dagrun for create_audit_table to None, run_after=None
[2025-11-19T05:35:39.908+0000] {processor.py:183} INFO - Processing /opt/airflow/dags/create_audit_table.py took 0.182 seconds
[2025-11-19T05:36:11.085+0000] {processor.py:161} INFO - Started process (PID=31793) to work on /opt/airflow/dags/create_audit_table.py
[2025-11-19T05:36:11.098+0000] {processor.py:830} INFO - Processing file /opt/airflow/dags/create_audit_table.py for tasks to queue
[2025-11-19T05:36:11.105+0000] {logging_mixin.py:188} INFO - [2025-11-19T05:36:11.104+0000] {dagbag.py:538} INFO - Filling up the DagBag from /opt/airflow/dags/create_audit_table.py
[2025-11-19T05:36:11.213+0000] {processor.py:840} INFO - DAG(s) 'create_audit_table' retrieved from /opt/airflow/dags/create_audit_table.py
[2025-11-19T05:36:11.321+0000] {logging_mixin.py:188} INFO - [2025-11-19T05:36:11.320+0000] {dag.py:3036} INFO - Sync 1 DAGs
[2025-11-19T05:36:11.371+0000] {logging_mixin.py:188} INFO - [2025-11-19T05:36:11.370+0000] {dag.py:3823} INFO - Setting next_dagrun for create_audit_table to None, run_after=None
[2025-11-19T05:36:11.439+0000] {processor.py:183} INFO - Processing /opt/airflow/dags/create_audit_table.py took 0.360 seconds
[2025-11-19T05:36:42.009+0000] {processor.py:161} INFO - Started process (PID=31820) to work on /opt/airflow/dags/create_audit_table.py
[2025-11-19T05:36:42.012+0000] {processor.py:830} INFO - Processing file /opt/airflow/dags/create_audit_table.py for tasks to queue
[2025-11-19T05:36:42.015+0000] {logging_mixin.py:188} INFO - [2025-11-19T05:36:42.014+0000] {dagbag.py:538} INFO - Filling up the DagBag from /opt/airflow/dags/create_audit_table.py
[2025-11-19T05:36:42.038+0000] {processor.py:840} INFO - DAG(s) 'create_audit_table' retrieved from /opt/airflow/dags/create_audit_table.py
[2025-11-19T05:36:42.114+0000] {logging_mixin.py:188} INFO - [2025-11-19T05:36:42.114+0000] {dag.py:3036} INFO - Sync 1 DAGs
[2025-11-19T05:36:42.137+0000] {logging_mixin.py:188} INFO - [2025-11-19T05:36:42.136+0000] {dag.py:3823} INFO - Setting next_dagrun for create_audit_table to None, run_after=None
[2025-11-19T05:36:42.190+0000] {processor.py:183} INFO - Processing /opt/airflow/dags/create_audit_table.py took 0.186 seconds
[2025-11-19T05:37:12.420+0000] {processor.py:161} INFO - Started process (PID=31850) to work on /opt/airflow/dags/create_audit_table.py
[2025-11-19T05:37:12.422+0000] {processor.py:830} INFO - Processing file /opt/airflow/dags/create_audit_table.py for tasks to queue
[2025-11-19T05:37:12.424+0000] {logging_mixin.py:188} INFO - [2025-11-19T05:37:12.423+0000] {dagbag.py:538} INFO - Filling up the DagBag from /opt/airflow/dags/create_audit_table.py
[2025-11-19T05:37:12.491+0000] {processor.py:840} INFO - DAG(s) 'create_audit_table' retrieved from /opt/airflow/dags/create_audit_table.py
[2025-11-19T05:37:12.719+0000] {logging_mixin.py:188} INFO - [2025-11-19T05:37:12.707+0000] {dag.py:3036} INFO - Sync 1 DAGs
[2025-11-19T05:37:12.767+0000] {logging_mixin.py:188} INFO - [2025-11-19T05:37:12.760+0000] {dag.py:3823} INFO - Setting next_dagrun for create_audit_table to None, run_after=None
[2025-11-19T05:37:12.878+0000] {processor.py:183} INFO - Processing /opt/airflow/dags/create_audit_table.py took 0.463 seconds
[2025-11-19T05:37:57.021+0000] {processor.py:161} INFO - Started process (PID=31880) to work on /opt/airflow/dags/create_audit_table.py
[2025-11-19T05:37:57.024+0000] {processor.py:830} INFO - Processing file /opt/airflow/dags/create_audit_table.py for tasks to queue
[2025-11-19T05:37:57.028+0000] {logging_mixin.py:188} INFO - [2025-11-19T05:37:57.027+0000] {dagbag.py:538} INFO - Filling up the DagBag from /opt/airflow/dags/create_audit_table.py
[2025-11-19T05:37:57.062+0000] {processor.py:840} INFO - DAG(s) 'create_audit_table' retrieved from /opt/airflow/dags/create_audit_table.py
[2025-11-19T05:37:57.172+0000] {logging_mixin.py:188} INFO - [2025-11-19T05:37:57.171+0000] {dag.py:3036} INFO - Sync 1 DAGs
[2025-11-19T05:37:57.221+0000] {logging_mixin.py:188} INFO - [2025-11-19T05:37:57.220+0000] {dag.py:3823} INFO - Setting next_dagrun for create_audit_table to None, run_after=None
[2025-11-19T05:37:57.305+0000] {processor.py:183} INFO - Processing /opt/airflow/dags/create_audit_table.py took 0.289 seconds
[2025-11-19T05:38:32.250+0000] {processor.py:161} INFO - Started process (PID=31910) to work on /opt/airflow/dags/create_audit_table.py
[2025-11-19T05:38:32.469+0000] {processor.py:830} INFO - Processing file /opt/airflow/dags/create_audit_table.py for tasks to queue
[2025-11-19T05:38:32.500+0000] {logging_mixin.py:188} INFO - [2025-11-19T05:38:32.499+0000] {dagbag.py:538} INFO - Filling up the DagBag from /opt/airflow/dags/create_audit_table.py
[2025-11-19T05:38:34.188+0000] {processor.py:840} INFO - DAG(s) 'create_audit_table' retrieved from /opt/airflow/dags/create_audit_table.py
[2025-11-19T05:38:34.293+0000] {logging_mixin.py:188} INFO - [2025-11-19T05:38:34.283+0000] {dag.py:3036} INFO - Sync 1 DAGs
[2025-11-19T05:38:34.332+0000] {logging_mixin.py:188} INFO - [2025-11-19T05:38:34.331+0000] {dag.py:3823} INFO - Setting next_dagrun for create_audit_table to None, run_after=None
[2025-11-19T05:38:34.407+0000] {processor.py:183} INFO - Processing /opt/airflow/dags/create_audit_table.py took 2.172 seconds
[2025-11-19T05:39:04.487+0000] {processor.py:161} INFO - Started process (PID=31950) to work on /opt/airflow/dags/create_audit_table.py
[2025-11-19T05:39:04.489+0000] {processor.py:830} INFO - Processing file /opt/airflow/dags/create_audit_table.py for tasks to queue
[2025-11-19T05:39:04.491+0000] {logging_mixin.py:188} INFO - [2025-11-19T05:39:04.490+0000] {dagbag.py:538} INFO - Filling up the DagBag from /opt/airflow/dags/create_audit_table.py
[2025-11-19T05:39:04.510+0000] {processor.py:840} INFO - DAG(s) 'create_audit_table' retrieved from /opt/airflow/dags/create_audit_table.py
[2025-11-19T05:39:04.556+0000] {logging_mixin.py:188} INFO - [2025-11-19T05:39:04.556+0000] {dag.py:3036} INFO - Sync 1 DAGs
[2025-11-19T05:39:04.572+0000] {logging_mixin.py:188} INFO - [2025-11-19T05:39:04.572+0000] {dag.py:3823} INFO - Setting next_dagrun for create_audit_table to None, run_after=None
[2025-11-19T05:39:04.600+0000] {processor.py:183} INFO - Processing /opt/airflow/dags/create_audit_table.py took 0.117 seconds
[2025-11-19T05:39:34.697+0000] {processor.py:161} INFO - Started process (PID=31975) to work on /opt/airflow/dags/create_audit_table.py
[2025-11-19T05:39:34.698+0000] {processor.py:830} INFO - Processing file /opt/airflow/dags/create_audit_table.py for tasks to queue
[2025-11-19T05:39:34.700+0000] {logging_mixin.py:188} INFO - [2025-11-19T05:39:34.700+0000] {dagbag.py:538} INFO - Filling up the DagBag from /opt/airflow/dags/create_audit_table.py
[2025-11-19T05:39:34.720+0000] {processor.py:840} INFO - DAG(s) 'create_audit_table' retrieved from /opt/airflow/dags/create_audit_table.py
[2025-11-19T05:39:34.770+0000] {logging_mixin.py:188} INFO - [2025-11-19T05:39:34.769+0000] {dag.py:3036} INFO - Sync 1 DAGs
[2025-11-19T05:39:34.792+0000] {logging_mixin.py:188} INFO - [2025-11-19T05:39:34.792+0000] {dag.py:3823} INFO - Setting next_dagrun for create_audit_table to None, run_after=None
[2025-11-19T05:39:34.840+0000] {processor.py:183} INFO - Processing /opt/airflow/dags/create_audit_table.py took 0.148 seconds
[2025-11-19T05:40:05.262+0000] {processor.py:161} INFO - Started process (PID=32003) to work on /opt/airflow/dags/create_audit_table.py
[2025-11-19T05:40:05.266+0000] {processor.py:830} INFO - Processing file /opt/airflow/dags/create_audit_table.py for tasks to queue
[2025-11-19T05:40:05.269+0000] {logging_mixin.py:188} INFO - [2025-11-19T05:40:05.268+0000] {dagbag.py:538} INFO - Filling up the DagBag from /opt/airflow/dags/create_audit_table.py
[2025-11-19T05:40:05.423+0000] {processor.py:840} INFO - DAG(s) 'create_audit_table' retrieved from /opt/airflow/dags/create_audit_table.py
[2025-11-19T05:40:05.901+0000] {logging_mixin.py:188} INFO - [2025-11-19T05:40:05.900+0000] {dag.py:3036} INFO - Sync 1 DAGs
[2025-11-19T05:40:05.941+0000] {logging_mixin.py:188} INFO - [2025-11-19T05:40:05.940+0000] {dag.py:3823} INFO - Setting next_dagrun for create_audit_table to None, run_after=None
[2025-11-19T05:40:06.064+0000] {processor.py:183} INFO - Processing /opt/airflow/dags/create_audit_table.py took 0.807 seconds
[2025-11-19T05:40:36.734+0000] {processor.py:161} INFO - Started process (PID=32035) to work on /opt/airflow/dags/create_audit_table.py
[2025-11-19T05:40:36.736+0000] {processor.py:830} INFO - Processing file /opt/airflow/dags/create_audit_table.py for tasks to queue
[2025-11-19T05:40:36.738+0000] {logging_mixin.py:188} INFO - [2025-11-19T05:40:36.737+0000] {dagbag.py:538} INFO - Filling up the DagBag from /opt/airflow/dags/create_audit_table.py
[2025-11-19T05:40:36.755+0000] {processor.py:840} INFO - DAG(s) 'create_audit_table' retrieved from /opt/airflow/dags/create_audit_table.py
[2025-11-19T05:40:36.798+0000] {logging_mixin.py:188} INFO - [2025-11-19T05:40:36.798+0000] {dag.py:3036} INFO - Sync 1 DAGs
[2025-11-19T05:40:36.823+0000] {logging_mixin.py:188} INFO - [2025-11-19T05:40:36.823+0000] {dag.py:3823} INFO - Setting next_dagrun for create_audit_table to None, run_after=None
[2025-11-19T05:40:36.850+0000] {processor.py:183} INFO - Processing /opt/airflow/dags/create_audit_table.py took 0.119 seconds
[2025-11-19T05:41:07.652+0000] {processor.py:161} INFO - Started process (PID=32065) to work on /opt/airflow/dags/create_audit_table.py
[2025-11-19T05:41:07.653+0000] {processor.py:830} INFO - Processing file /opt/airflow/dags/create_audit_table.py for tasks to queue
[2025-11-19T05:41:07.655+0000] {logging_mixin.py:188} INFO - [2025-11-19T05:41:07.654+0000] {dagbag.py:538} INFO - Filling up the DagBag from /opt/airflow/dags/create_audit_table.py
[2025-11-19T05:41:07.679+0000] {processor.py:840} INFO - DAG(s) 'create_audit_table' retrieved from /opt/airflow/dags/create_audit_table.py
[2025-11-19T05:41:07.731+0000] {logging_mixin.py:188} INFO - [2025-11-19T05:41:07.731+0000] {dag.py:3036} INFO - Sync 1 DAGs
[2025-11-19T05:41:07.756+0000] {logging_mixin.py:188} INFO - [2025-11-19T05:41:07.756+0000] {dag.py:3823} INFO - Setting next_dagrun for create_audit_table to None, run_after=None
[2025-11-19T05:41:07.806+0000] {processor.py:183} INFO - Processing /opt/airflow/dags/create_audit_table.py took 0.158 seconds
[2025-11-19T05:41:38.774+0000] {processor.py:161} INFO - Started process (PID=32093) to work on /opt/airflow/dags/create_audit_table.py
[2025-11-19T05:41:38.786+0000] {processor.py:830} INFO - Processing file /opt/airflow/dags/create_audit_table.py for tasks to queue
[2025-11-19T05:41:38.789+0000] {logging_mixin.py:188} INFO - [2025-11-19T05:41:38.789+0000] {dagbag.py:538} INFO - Filling up the DagBag from /opt/airflow/dags/create_audit_table.py
[2025-11-19T05:41:38.979+0000] {processor.py:840} INFO - DAG(s) 'create_audit_table' retrieved from /opt/airflow/dags/create_audit_table.py
[2025-11-19T05:41:39.366+0000] {logging_mixin.py:188} INFO - [2025-11-19T05:41:39.365+0000] {dag.py:3036} INFO - Sync 1 DAGs
[2025-11-19T05:41:39.419+0000] {logging_mixin.py:188} INFO - [2025-11-19T05:41:39.418+0000] {dag.py:3823} INFO - Setting next_dagrun for create_audit_table to None, run_after=None
[2025-11-19T05:41:39.544+0000] {processor.py:183} INFO - Processing /opt/airflow/dags/create_audit_table.py took 0.775 seconds
[2025-11-19T05:42:11.098+0000] {processor.py:161} INFO - Started process (PID=32125) to work on /opt/airflow/dags/create_audit_table.py
[2025-11-19T05:42:11.103+0000] {processor.py:830} INFO - Processing file /opt/airflow/dags/create_audit_table.py for tasks to queue
[2025-11-19T05:42:11.106+0000] {logging_mixin.py:188} INFO - [2025-11-19T05:42:11.105+0000] {dagbag.py:538} INFO - Filling up the DagBag from /opt/airflow/dags/create_audit_table.py
[2025-11-19T05:42:11.196+0000] {processor.py:840} INFO - DAG(s) 'create_audit_table' retrieved from /opt/airflow/dags/create_audit_table.py
[2025-11-19T05:42:11.286+0000] {logging_mixin.py:188} INFO - [2025-11-19T05:42:11.286+0000] {dag.py:3036} INFO - Sync 1 DAGs
[2025-11-19T05:42:11.333+0000] {logging_mixin.py:188} INFO - [2025-11-19T05:42:11.332+0000] {dag.py:3823} INFO - Setting next_dagrun for create_audit_table to None, run_after=None
[2025-11-19T05:42:11.389+0000] {processor.py:183} INFO - Processing /opt/airflow/dags/create_audit_table.py took 0.297 seconds
[2025-11-19T05:42:43.843+0000] {processor.py:161} INFO - Started process (PID=32153) to work on /opt/airflow/dags/create_audit_table.py
[2025-11-19T05:42:43.854+0000] {processor.py:830} INFO - Processing file /opt/airflow/dags/create_audit_table.py for tasks to queue
[2025-11-19T05:42:43.860+0000] {logging_mixin.py:188} INFO - [2025-11-19T05:42:43.859+0000] {dagbag.py:538} INFO - Filling up the DagBag from /opt/airflow/dags/create_audit_table.py
[2025-11-19T05:42:43.984+0000] {processor.py:840} INFO - DAG(s) 'create_audit_table' retrieved from /opt/airflow/dags/create_audit_table.py
[2025-11-19T05:42:44.214+0000] {logging_mixin.py:188} INFO - [2025-11-19T05:42:44.214+0000] {dag.py:3036} INFO - Sync 1 DAGs
[2025-11-19T05:42:44.317+0000] {logging_mixin.py:188} INFO - [2025-11-19T05:42:44.317+0000] {dag.py:3823} INFO - Setting next_dagrun for create_audit_table to None, run_after=None
[2025-11-19T05:42:44.421+0000] {processor.py:183} INFO - Processing /opt/airflow/dags/create_audit_table.py took 0.582 seconds
[2025-11-19T05:43:15.833+0000] {processor.py:161} INFO - Started process (PID=32180) to work on /opt/airflow/dags/create_audit_table.py
[2025-11-19T05:43:15.849+0000] {processor.py:830} INFO - Processing file /opt/airflow/dags/create_audit_table.py for tasks to queue
[2025-11-19T05:43:15.870+0000] {logging_mixin.py:188} INFO - [2025-11-19T05:43:15.850+0000] {dagbag.py:538} INFO - Filling up the DagBag from /opt/airflow/dags/create_audit_table.py
[2025-11-19T05:43:16.024+0000] {processor.py:840} INFO - DAG(s) 'create_audit_table' retrieved from /opt/airflow/dags/create_audit_table.py
[2025-11-19T05:43:16.117+0000] {logging_mixin.py:188} INFO - [2025-11-19T05:43:16.116+0000] {dag.py:3036} INFO - Sync 1 DAGs
[2025-11-19T05:43:16.166+0000] {logging_mixin.py:188} INFO - [2025-11-19T05:43:16.165+0000] {dag.py:3823} INFO - Setting next_dagrun for create_audit_table to None, run_after=None
[2025-11-19T05:43:16.266+0000] {processor.py:183} INFO - Processing /opt/airflow/dags/create_audit_table.py took 0.438 seconds
[2025-11-19T05:44:08.432+0000] {processor.py:161} INFO - Started process (PID=32208) to work on /opt/airflow/dags/create_audit_table.py
[2025-11-19T05:44:08.437+0000] {processor.py:830} INFO - Processing file /opt/airflow/dags/create_audit_table.py for tasks to queue
[2025-11-19T05:44:08.450+0000] {logging_mixin.py:188} INFO - [2025-11-19T05:44:08.446+0000] {dagbag.py:538} INFO - Filling up the DagBag from /opt/airflow/dags/create_audit_table.py
[2025-11-19T05:44:08.610+0000] {processor.py:840} INFO - DAG(s) 'create_audit_table' retrieved from /opt/airflow/dags/create_audit_table.py
[2025-11-19T05:44:08.862+0000] {logging_mixin.py:188} INFO - [2025-11-19T05:44:08.862+0000] {dag.py:3036} INFO - Sync 1 DAGs
[2025-11-19T05:44:08.957+0000] {logging_mixin.py:188} INFO - [2025-11-19T05:44:08.956+0000] {dag.py:3823} INFO - Setting next_dagrun for create_audit_table to None, run_after=None
[2025-11-19T05:44:09.051+0000] {processor.py:183} INFO - Processing /opt/airflow/dags/create_audit_table.py took 0.696 seconds
[2025-11-19T05:44:39.901+0000] {processor.py:161} INFO - Started process (PID=32240) to work on /opt/airflow/dags/create_audit_table.py
[2025-11-19T05:44:39.905+0000] {processor.py:830} INFO - Processing file /opt/airflow/dags/create_audit_table.py for tasks to queue
[2025-11-19T05:44:39.907+0000] {logging_mixin.py:188} INFO - [2025-11-19T05:44:39.906+0000] {dagbag.py:538} INFO - Filling up the DagBag from /opt/airflow/dags/create_audit_table.py
[2025-11-19T05:44:39.927+0000] {processor.py:840} INFO - DAG(s) 'create_audit_table' retrieved from /opt/airflow/dags/create_audit_table.py
[2025-11-19T05:44:39.996+0000] {logging_mixin.py:188} INFO - [2025-11-19T05:44:39.996+0000] {dag.py:3036} INFO - Sync 1 DAGs
[2025-11-19T05:44:40.032+0000] {logging_mixin.py:188} INFO - [2025-11-19T05:44:40.032+0000] {dag.py:3823} INFO - Setting next_dagrun for create_audit_table to None, run_after=None
[2025-11-19T05:44:40.091+0000] {processor.py:183} INFO - Processing /opt/airflow/dags/create_audit_table.py took 0.197 seconds
[2025-11-19T05:45:14.129+0000] {processor.py:161} INFO - Started process (PID=32268) to work on /opt/airflow/dags/create_audit_table.py
[2025-11-19T05:45:14.137+0000] {processor.py:830} INFO - Processing file /opt/airflow/dags/create_audit_table.py for tasks to queue
[2025-11-19T05:45:14.142+0000] {logging_mixin.py:188} INFO - [2025-11-19T05:45:14.139+0000] {dagbag.py:538} INFO - Filling up the DagBag from /opt/airflow/dags/create_audit_table.py
[2025-11-19T05:45:14.334+0000] {processor.py:840} INFO - DAG(s) 'create_audit_table' retrieved from /opt/airflow/dags/create_audit_table.py
[2025-11-19T05:45:14.441+0000] {logging_mixin.py:188} INFO - [2025-11-19T05:45:14.441+0000] {dag.py:3036} INFO - Sync 1 DAGs
[2025-11-19T05:45:14.489+0000] {logging_mixin.py:188} INFO - [2025-11-19T05:45:14.488+0000] {dag.py:3823} INFO - Setting next_dagrun for create_audit_table to None, run_after=None
[2025-11-19T05:45:14.570+0000] {processor.py:183} INFO - Processing /opt/airflow/dags/create_audit_table.py took 0.447 seconds
[2025-11-19T05:46:18.219+0000] {processor.py:161} INFO - Started process (PID=32296) to work on /opt/airflow/dags/create_audit_table.py
[2025-11-19T05:46:18.231+0000] {processor.py:830} INFO - Processing file /opt/airflow/dags/create_audit_table.py for tasks to queue
[2025-11-19T05:46:18.239+0000] {logging_mixin.py:188} INFO - [2025-11-19T05:46:18.238+0000] {dagbag.py:538} INFO - Filling up the DagBag from /opt/airflow/dags/create_audit_table.py
[2025-11-19T05:46:18.370+0000] {processor.py:840} INFO - DAG(s) 'create_audit_table' retrieved from /opt/airflow/dags/create_audit_table.py
[2025-11-19T05:46:18.668+0000] {logging_mixin.py:188} INFO - [2025-11-19T05:46:18.667+0000] {dag.py:3036} INFO - Sync 1 DAGs
[2025-11-19T05:46:18.754+0000] {logging_mixin.py:188} INFO - [2025-11-19T05:46:18.754+0000] {dag.py:3823} INFO - Setting next_dagrun for create_audit_table to None, run_after=None
[2025-11-19T05:46:18.853+0000] {processor.py:183} INFO - Processing /opt/airflow/dags/create_audit_table.py took 0.747 seconds
[2025-11-19T05:47:49.404+0000] {processor.py:161} INFO - Started process (PID=32328) to work on /opt/airflow/dags/create_audit_table.py
[2025-11-19T05:47:49.408+0000] {processor.py:830} INFO - Processing file /opt/airflow/dags/create_audit_table.py for tasks to queue
[2025-11-19T05:47:49.411+0000] {logging_mixin.py:188} INFO - [2025-11-19T05:47:49.410+0000] {dagbag.py:538} INFO - Filling up the DagBag from /opt/airflow/dags/create_audit_table.py
[2025-11-19T05:47:49.516+0000] {processor.py:840} INFO - DAG(s) 'create_audit_table' retrieved from /opt/airflow/dags/create_audit_table.py
[2025-11-19T05:47:49.617+0000] {logging_mixin.py:188} INFO - [2025-11-19T05:47:49.617+0000] {dag.py:3036} INFO - Sync 1 DAGs
[2025-11-19T05:47:49.677+0000] {logging_mixin.py:188} INFO - [2025-11-19T05:47:49.677+0000] {dag.py:3823} INFO - Setting next_dagrun for create_audit_table to None, run_after=None
[2025-11-19T05:47:49.775+0000] {processor.py:183} INFO - Processing /opt/airflow/dags/create_audit_table.py took 0.380 seconds
[2025-11-19T05:48:20.402+0000] {processor.py:161} INFO - Started process (PID=32358) to work on /opt/airflow/dags/create_audit_table.py
[2025-11-19T05:48:20.410+0000] {processor.py:830} INFO - Processing file /opt/airflow/dags/create_audit_table.py for tasks to queue
[2025-11-19T05:48:20.416+0000] {logging_mixin.py:188} INFO - [2025-11-19T05:48:20.415+0000] {dagbag.py:538} INFO - Filling up the DagBag from /opt/airflow/dags/create_audit_table.py
[2025-11-19T05:48:20.508+0000] {processor.py:840} INFO - DAG(s) 'create_audit_table' retrieved from /opt/airflow/dags/create_audit_table.py
[2025-11-19T05:48:20.624+0000] {logging_mixin.py:188} INFO - [2025-11-19T05:48:20.623+0000] {dag.py:3036} INFO - Sync 1 DAGs
[2025-11-19T05:48:20.671+0000] {logging_mixin.py:188} INFO - [2025-11-19T05:48:20.670+0000] {dag.py:3823} INFO - Setting next_dagrun for create_audit_table to None, run_after=None
[2025-11-19T05:48:20.746+0000] {processor.py:183} INFO - Processing /opt/airflow/dags/create_audit_table.py took 0.351 seconds
[2025-11-19T05:48:52.575+0000] {processor.py:161} INFO - Started process (PID=32390) to work on /opt/airflow/dags/create_audit_table.py
[2025-11-19T05:48:52.578+0000] {processor.py:830} INFO - Processing file /opt/airflow/dags/create_audit_table.py for tasks to queue
[2025-11-19T05:48:52.588+0000] {logging_mixin.py:188} INFO - [2025-11-19T05:48:52.587+0000] {dagbag.py:538} INFO - Filling up the DagBag from /opt/airflow/dags/create_audit_table.py
[2025-11-19T05:48:52.720+0000] {processor.py:840} INFO - DAG(s) 'create_audit_table' retrieved from /opt/airflow/dags/create_audit_table.py
[2025-11-19T05:48:52.828+0000] {logging_mixin.py:188} INFO - [2025-11-19T05:48:52.828+0000] {dag.py:3036} INFO - Sync 1 DAGs
[2025-11-19T05:48:52.879+0000] {logging_mixin.py:188} INFO - [2025-11-19T05:48:52.879+0000] {dag.py:3823} INFO - Setting next_dagrun for create_audit_table to None, run_after=None
[2025-11-19T05:48:53.016+0000] {processor.py:183} INFO - Processing /opt/airflow/dags/create_audit_table.py took 0.447 seconds
[2025-11-19T05:49:25.360+0000] {processor.py:161} INFO - Started process (PID=32420) to work on /opt/airflow/dags/create_audit_table.py
[2025-11-19T05:49:25.362+0000] {processor.py:830} INFO - Processing file /opt/airflow/dags/create_audit_table.py for tasks to queue
[2025-11-19T05:49:25.365+0000] {logging_mixin.py:188} INFO - [2025-11-19T05:49:25.364+0000] {dagbag.py:538} INFO - Filling up the DagBag from /opt/airflow/dags/create_audit_table.py
[2025-11-19T05:49:25.396+0000] {processor.py:840} INFO - DAG(s) 'create_audit_table' retrieved from /opt/airflow/dags/create_audit_table.py
[2025-11-19T05:49:25.446+0000] {logging_mixin.py:188} INFO - [2025-11-19T05:49:25.446+0000] {dag.py:3036} INFO - Sync 1 DAGs
[2025-11-19T05:49:25.464+0000] {logging_mixin.py:188} INFO - [2025-11-19T05:49:25.463+0000] {dag.py:3823} INFO - Setting next_dagrun for create_audit_table to None, run_after=None
[2025-11-19T05:49:25.505+0000] {processor.py:183} INFO - Processing /opt/airflow/dags/create_audit_table.py took 0.152 seconds
[2025-11-19T05:50:11.510+0000] {processor.py:161} INFO - Started process (PID=32450) to work on /opt/airflow/dags/create_audit_table.py
[2025-11-19T05:50:11.521+0000] {processor.py:830} INFO - Processing file /opt/airflow/dags/create_audit_table.py for tasks to queue
[2025-11-19T05:50:11.537+0000] {logging_mixin.py:188} INFO - [2025-11-19T05:50:11.536+0000] {dagbag.py:538} INFO - Filling up the DagBag from /opt/airflow/dags/create_audit_table.py
[2025-11-19T05:50:11.807+0000] {processor.py:840} INFO - DAG(s) 'create_audit_table' retrieved from /opt/airflow/dags/create_audit_table.py
[2025-11-19T05:50:11.957+0000] {logging_mixin.py:188} INFO - [2025-11-19T05:50:11.957+0000] {dag.py:3036} INFO - Sync 1 DAGs
[2025-11-19T05:50:12.040+0000] {logging_mixin.py:188} INFO - [2025-11-19T05:50:12.039+0000] {dag.py:3823} INFO - Setting next_dagrun for create_audit_table to None, run_after=None
[2025-11-19T05:50:12.168+0000] {processor.py:183} INFO - Processing /opt/airflow/dags/create_audit_table.py took 0.674 seconds
[2025-11-19T05:50:42.395+0000] {processor.py:161} INFO - Started process (PID=32480) to work on /opt/airflow/dags/create_audit_table.py
[2025-11-19T05:50:42.411+0000] {processor.py:830} INFO - Processing file /opt/airflow/dags/create_audit_table.py for tasks to queue
[2025-11-19T05:50:42.418+0000] {logging_mixin.py:188} INFO - [2025-11-19T05:50:42.418+0000] {dagbag.py:538} INFO - Filling up the DagBag from /opt/airflow/dags/create_audit_table.py
[2025-11-19T05:50:42.478+0000] {processor.py:840} INFO - DAG(s) 'create_audit_table' retrieved from /opt/airflow/dags/create_audit_table.py
[2025-11-19T05:50:42.594+0000] {logging_mixin.py:188} INFO - [2025-11-19T05:50:42.585+0000] {dag.py:3036} INFO - Sync 1 DAGs
[2025-11-19T05:50:42.652+0000] {logging_mixin.py:188} INFO - [2025-11-19T05:50:42.643+0000] {dag.py:3823} INFO - Setting next_dagrun for create_audit_table to None, run_after=None
[2025-11-19T05:50:42.750+0000] {processor.py:183} INFO - Processing /opt/airflow/dags/create_audit_table.py took 0.362 seconds
[2025-11-19T05:51:14.092+0000] {processor.py:161} INFO - Started process (PID=32510) to work on /opt/airflow/dags/create_audit_table.py
[2025-11-19T05:51:14.095+0000] {processor.py:830} INFO - Processing file /opt/airflow/dags/create_audit_table.py for tasks to queue
[2025-11-19T05:51:14.105+0000] {logging_mixin.py:188} INFO - [2025-11-19T05:51:14.097+0000] {dagbag.py:538} INFO - Filling up the DagBag from /opt/airflow/dags/create_audit_table.py
[2025-11-19T05:51:14.250+0000] {processor.py:840} INFO - DAG(s) 'create_audit_table' retrieved from /opt/airflow/dags/create_audit_table.py
[2025-11-19T05:51:14.352+0000] {logging_mixin.py:188} INFO - [2025-11-19T05:51:14.351+0000] {dag.py:3036} INFO - Sync 1 DAGs
[2025-11-19T05:51:14.403+0000] {logging_mixin.py:188} INFO - [2025-11-19T05:51:14.403+0000] {dag.py:3823} INFO - Setting next_dagrun for create_audit_table to None, run_after=None
[2025-11-19T05:51:14.518+0000] {processor.py:183} INFO - Processing /opt/airflow/dags/create_audit_table.py took 0.433 seconds
[2025-11-19T05:51:44.943+0000] {processor.py:161} INFO - Started process (PID=32538) to work on /opt/airflow/dags/create_audit_table.py
[2025-11-19T05:51:44.946+0000] {processor.py:830} INFO - Processing file /opt/airflow/dags/create_audit_table.py for tasks to queue
[2025-11-19T05:51:44.956+0000] {logging_mixin.py:188} INFO - [2025-11-19T05:51:44.947+0000] {dagbag.py:538} INFO - Filling up the DagBag from /opt/airflow/dags/create_audit_table.py
[2025-11-19T05:51:45.062+0000] {processor.py:840} INFO - DAG(s) 'create_audit_table' retrieved from /opt/airflow/dags/create_audit_table.py
[2025-11-19T05:51:45.174+0000] {logging_mixin.py:188} INFO - [2025-11-19T05:51:45.174+0000] {dag.py:3036} INFO - Sync 1 DAGs
[2025-11-19T05:51:45.202+0000] {logging_mixin.py:188} INFO - [2025-11-19T05:51:45.201+0000] {dag.py:3823} INFO - Setting next_dagrun for create_audit_table to None, run_after=None
[2025-11-19T05:51:45.348+0000] {processor.py:183} INFO - Processing /opt/airflow/dags/create_audit_table.py took 0.412 seconds
[2025-11-19T05:52:15.830+0000] {processor.py:161} INFO - Started process (PID=32568) to work on /opt/airflow/dags/create_audit_table.py
[2025-11-19T05:52:15.832+0000] {processor.py:830} INFO - Processing file /opt/airflow/dags/create_audit_table.py for tasks to queue
[2025-11-19T05:52:15.833+0000] {logging_mixin.py:188} INFO - [2025-11-19T05:52:15.833+0000] {dagbag.py:538} INFO - Filling up the DagBag from /opt/airflow/dags/create_audit_table.py
[2025-11-19T05:52:15.860+0000] {processor.py:840} INFO - DAG(s) 'create_audit_table' retrieved from /opt/airflow/dags/create_audit_table.py
[2025-11-19T05:52:15.900+0000] {logging_mixin.py:188} INFO - [2025-11-19T05:52:15.900+0000] {dag.py:3036} INFO - Sync 1 DAGs
[2025-11-19T05:52:15.917+0000] {logging_mixin.py:188} INFO - [2025-11-19T05:52:15.917+0000] {dag.py:3823} INFO - Setting next_dagrun for create_audit_table to None, run_after=None
[2025-11-19T05:52:15.945+0000] {processor.py:183} INFO - Processing /opt/airflow/dags/create_audit_table.py took 0.121 seconds
[2025-11-19T05:52:49.076+0000] {processor.py:161} INFO - Started process (PID=32598) to work on /opt/airflow/dags/create_audit_table.py
[2025-11-19T05:52:49.083+0000] {processor.py:830} INFO - Processing file /opt/airflow/dags/create_audit_table.py for tasks to queue
[2025-11-19T05:52:49.092+0000] {logging_mixin.py:188} INFO - [2025-11-19T05:52:49.086+0000] {dagbag.py:538} INFO - Filling up the DagBag from /opt/airflow/dags/create_audit_table.py
[2025-11-19T05:52:49.132+0000] {processor.py:840} INFO - DAG(s) 'create_audit_table' retrieved from /opt/airflow/dags/create_audit_table.py
[2025-11-19T05:52:49.267+0000] {logging_mixin.py:188} INFO - [2025-11-19T05:52:49.267+0000] {dag.py:3036} INFO - Sync 1 DAGs
[2025-11-19T05:52:49.328+0000] {logging_mixin.py:188} INFO - [2025-11-19T05:52:49.320+0000] {dag.py:3823} INFO - Setting next_dagrun for create_audit_table to None, run_after=None
[2025-11-19T05:52:49.405+0000] {processor.py:183} INFO - Processing /opt/airflow/dags/create_audit_table.py took 0.346 seconds
[2025-11-19T05:53:21.625+0000] {processor.py:161} INFO - Started process (PID=32628) to work on /opt/airflow/dags/create_audit_table.py
[2025-11-19T05:53:21.643+0000] {processor.py:830} INFO - Processing file /opt/airflow/dags/create_audit_table.py for tasks to queue
[2025-11-19T05:53:21.657+0000] {logging_mixin.py:188} INFO - [2025-11-19T05:53:21.656+0000] {dagbag.py:538} INFO - Filling up the DagBag from /opt/airflow/dags/create_audit_table.py
[2025-11-19T05:53:21.767+0000] {processor.py:840} INFO - DAG(s) 'create_audit_table' retrieved from /opt/airflow/dags/create_audit_table.py
[2025-11-19T05:53:21.863+0000] {logging_mixin.py:188} INFO - [2025-11-19T05:53:21.854+0000] {dag.py:3036} INFO - Sync 1 DAGs
[2025-11-19T05:53:21.909+0000] {logging_mixin.py:188} INFO - [2025-11-19T05:53:21.908+0000] {dag.py:3823} INFO - Setting next_dagrun for create_audit_table to None, run_after=None
[2025-11-19T05:53:22.025+0000] {processor.py:183} INFO - Processing /opt/airflow/dags/create_audit_table.py took 0.405 seconds
[2025-11-19T05:53:52.511+0000] {processor.py:161} INFO - Started process (PID=32658) to work on /opt/airflow/dags/create_audit_table.py
[2025-11-19T05:53:52.513+0000] {processor.py:830} INFO - Processing file /opt/airflow/dags/create_audit_table.py for tasks to queue
[2025-11-19T05:53:52.515+0000] {logging_mixin.py:188} INFO - [2025-11-19T05:53:52.515+0000] {dagbag.py:538} INFO - Filling up the DagBag from /opt/airflow/dags/create_audit_table.py
[2025-11-19T05:53:52.550+0000] {processor.py:840} INFO - DAG(s) 'create_audit_table' retrieved from /opt/airflow/dags/create_audit_table.py
[2025-11-19T05:53:52.739+0000] {logging_mixin.py:188} INFO - [2025-11-19T05:53:52.739+0000] {dag.py:3036} INFO - Sync 1 DAGs
[2025-11-19T05:53:52.785+0000] {logging_mixin.py:188} INFO - [2025-11-19T05:53:52.784+0000] {dag.py:3823} INFO - Setting next_dagrun for create_audit_table to None, run_after=None
[2025-11-19T05:53:52.865+0000] {processor.py:183} INFO - Processing /opt/airflow/dags/create_audit_table.py took 0.362 seconds
[2025-11-19T05:54:25.055+0000] {processor.py:161} INFO - Started process (PID=32690) to work on /opt/airflow/dags/create_audit_table.py
[2025-11-19T05:54:25.076+0000] {processor.py:830} INFO - Processing file /opt/airflow/dags/create_audit_table.py for tasks to queue
[2025-11-19T05:54:25.080+0000] {logging_mixin.py:188} INFO - [2025-11-19T05:54:25.079+0000] {dagbag.py:538} INFO - Filling up the DagBag from /opt/airflow/dags/create_audit_table.py
[2025-11-19T05:54:25.110+0000] {processor.py:840} INFO - DAG(s) 'create_audit_table' retrieved from /opt/airflow/dags/create_audit_table.py
[2025-11-19T05:54:25.190+0000] {logging_mixin.py:188} INFO - [2025-11-19T05:54:25.189+0000] {dag.py:3036} INFO - Sync 1 DAGs
[2025-11-19T05:54:25.229+0000] {logging_mixin.py:188} INFO - [2025-11-19T05:54:25.229+0000] {dag.py:3823} INFO - Setting next_dagrun for create_audit_table to None, run_after=None
[2025-11-19T05:54:25.381+0000] {processor.py:183} INFO - Processing /opt/airflow/dags/create_audit_table.py took 0.331 seconds
[2025-11-19T05:55:13.603+0000] {processor.py:161} INFO - Started process (PID=32720) to work on /opt/airflow/dags/create_audit_table.py
[2025-11-19T05:55:13.619+0000] {processor.py:830} INFO - Processing file /opt/airflow/dags/create_audit_table.py for tasks to queue
[2025-11-19T05:55:13.636+0000] {logging_mixin.py:188} INFO - [2025-11-19T05:55:13.636+0000] {dagbag.py:538} INFO - Filling up the DagBag from /opt/airflow/dags/create_audit_table.py
[2025-11-19T05:55:13.926+0000] {processor.py:840} INFO - DAG(s) 'create_audit_table' retrieved from /opt/airflow/dags/create_audit_table.py
[2025-11-19T05:55:14.058+0000] {logging_mixin.py:188} INFO - [2025-11-19T05:55:14.057+0000] {dag.py:3036} INFO - Sync 1 DAGs
[2025-11-19T05:55:14.136+0000] {logging_mixin.py:188} INFO - [2025-11-19T05:55:14.134+0000] {dag.py:3823} INFO - Setting next_dagrun for create_audit_table to None, run_after=None
[2025-11-19T05:55:14.238+0000] {processor.py:183} INFO - Processing /opt/airflow/dags/create_audit_table.py took 0.662 seconds
[2025-11-19T05:55:45.105+0000] {processor.py:161} INFO - Started process (PID=32748) to work on /opt/airflow/dags/create_audit_table.py
[2025-11-19T05:55:45.116+0000] {processor.py:830} INFO - Processing file /opt/airflow/dags/create_audit_table.py for tasks to queue
[2025-11-19T05:55:45.119+0000] {logging_mixin.py:188} INFO - [2025-11-19T05:55:45.118+0000] {dagbag.py:538} INFO - Filling up the DagBag from /opt/airflow/dags/create_audit_table.py
[2025-11-19T05:55:45.195+0000] {processor.py:840} INFO - DAG(s) 'create_audit_table' retrieved from /opt/airflow/dags/create_audit_table.py
[2025-11-19T05:55:45.296+0000] {logging_mixin.py:188} INFO - [2025-11-19T05:55:45.295+0000] {dag.py:3036} INFO - Sync 1 DAGs
[2025-11-19T05:55:45.389+0000] {logging_mixin.py:188} INFO - [2025-11-19T05:55:45.388+0000] {dag.py:3823} INFO - Setting next_dagrun for create_audit_table to None, run_after=None
[2025-11-19T05:55:45.467+0000] {processor.py:183} INFO - Processing /opt/airflow/dags/create_audit_table.py took 0.368 seconds
[2025-11-19T05:56:15.605+0000] {processor.py:161} INFO - Started process (PID=32780) to work on /opt/airflow/dags/create_audit_table.py
[2025-11-19T05:56:15.607+0000] {processor.py:830} INFO - Processing file /opt/airflow/dags/create_audit_table.py for tasks to queue
[2025-11-19T05:56:15.608+0000] {logging_mixin.py:188} INFO - [2025-11-19T05:56:15.608+0000] {dagbag.py:538} INFO - Filling up the DagBag from /opt/airflow/dags/create_audit_table.py
[2025-11-19T05:56:15.693+0000] {processor.py:840} INFO - DAG(s) 'create_audit_table' retrieved from /opt/airflow/dags/create_audit_table.py
[2025-11-19T05:56:15.782+0000] {logging_mixin.py:188} INFO - [2025-11-19T05:56:15.782+0000] {dag.py:3036} INFO - Sync 1 DAGs
[2025-11-19T05:56:15.805+0000] {logging_mixin.py:188} INFO - [2025-11-19T05:56:15.805+0000] {dag.py:3823} INFO - Setting next_dagrun for create_audit_table to None, run_after=None
[2025-11-19T05:56:15.889+0000] {processor.py:183} INFO - Processing /opt/airflow/dags/create_audit_table.py took 0.291 seconds
[2025-11-19T05:56:48.616+0000] {processor.py:161} INFO - Started process (PID=32808) to work on /opt/airflow/dags/create_audit_table.py
[2025-11-19T05:56:48.618+0000] {processor.py:830} INFO - Processing file /opt/airflow/dags/create_audit_table.py for tasks to queue
[2025-11-19T05:56:48.622+0000] {logging_mixin.py:188} INFO - [2025-11-19T05:56:48.621+0000] {dagbag.py:538} INFO - Filling up the DagBag from /opt/airflow/dags/create_audit_table.py
[2025-11-19T05:56:48.855+0000] {processor.py:840} INFO - DAG(s) 'create_audit_table' retrieved from /opt/airflow/dags/create_audit_table.py
[2025-11-19T05:56:48.969+0000] {logging_mixin.py:188} INFO - [2025-11-19T05:56:48.969+0000] {dag.py:3036} INFO - Sync 1 DAGs
[2025-11-19T05:56:49.027+0000] {logging_mixin.py:188} INFO - [2025-11-19T05:56:49.016+0000] {dag.py:3823} INFO - Setting next_dagrun for create_audit_table to None, run_after=None
[2025-11-19T05:56:49.094+0000] {processor.py:183} INFO - Processing /opt/airflow/dags/create_audit_table.py took 0.483 seconds
[2025-11-19T05:57:19.405+0000] {processor.py:161} INFO - Started process (PID=32838) to work on /opt/airflow/dags/create_audit_table.py
[2025-11-19T05:57:19.408+0000] {processor.py:830} INFO - Processing file /opt/airflow/dags/create_audit_table.py for tasks to queue
[2025-11-19T05:57:19.413+0000] {logging_mixin.py:188} INFO - [2025-11-19T05:57:19.413+0000] {dagbag.py:538} INFO - Filling up the DagBag from /opt/airflow/dags/create_audit_table.py
[2025-11-19T05:57:19.442+0000] {processor.py:840} INFO - DAG(s) 'create_audit_table' retrieved from /opt/airflow/dags/create_audit_table.py
[2025-11-19T05:57:19.498+0000] {logging_mixin.py:188} INFO - [2025-11-19T05:57:19.498+0000] {dag.py:3036} INFO - Sync 1 DAGs
[2025-11-19T05:57:19.517+0000] {logging_mixin.py:188} INFO - [2025-11-19T05:57:19.516+0000] {dag.py:3823} INFO - Setting next_dagrun for create_audit_table to None, run_after=None
[2025-11-19T05:57:19.549+0000] {processor.py:183} INFO - Processing /opt/airflow/dags/create_audit_table.py took 0.149 seconds
[2025-11-19T05:57:53.526+0000] {processor.py:161} INFO - Started process (PID=32870) to work on /opt/airflow/dags/create_audit_table.py
[2025-11-19T05:57:53.534+0000] {processor.py:830} INFO - Processing file /opt/airflow/dags/create_audit_table.py for tasks to queue
[2025-11-19T05:57:53.539+0000] {logging_mixin.py:188} INFO - [2025-11-19T05:57:53.539+0000] {dagbag.py:538} INFO - Filling up the DagBag from /opt/airflow/dags/create_audit_table.py
[2025-11-19T05:57:53.609+0000] {processor.py:840} INFO - DAG(s) 'create_audit_table' retrieved from /opt/airflow/dags/create_audit_table.py
[2025-11-19T05:57:53.709+0000] {logging_mixin.py:188} INFO - [2025-11-19T05:57:53.701+0000] {dag.py:3036} INFO - Sync 1 DAGs
[2025-11-19T05:57:53.742+0000] {logging_mixin.py:188} INFO - [2025-11-19T05:57:53.742+0000] {dag.py:3823} INFO - Setting next_dagrun for create_audit_table to None, run_after=None
[2025-11-19T05:57:53.816+0000] {processor.py:183} INFO - Processing /opt/airflow/dags/create_audit_table.py took 0.296 seconds
[2025-11-19T05:58:32.115+0000] {processor.py:161} INFO - Started process (PID=32901) to work on /opt/airflow/dags/create_audit_table.py
[2025-11-19T05:58:32.126+0000] {processor.py:830} INFO - Processing file /opt/airflow/dags/create_audit_table.py for tasks to queue
[2025-11-19T05:58:32.131+0000] {logging_mixin.py:188} INFO - [2025-11-19T05:58:32.130+0000] {dagbag.py:538} INFO - Filling up the DagBag from /opt/airflow/dags/create_audit_table.py
[2025-11-19T05:58:32.193+0000] {processor.py:840} INFO - DAG(s) 'create_audit_table' retrieved from /opt/airflow/dags/create_audit_table.py
[2025-11-19T05:58:32.310+0000] {logging_mixin.py:188} INFO - [2025-11-19T05:58:32.309+0000] {dag.py:3036} INFO - Sync 1 DAGs
[2025-11-19T05:58:32.361+0000] {logging_mixin.py:188} INFO - [2025-11-19T05:58:32.360+0000] {dag.py:3823} INFO - Setting next_dagrun for create_audit_table to None, run_after=None
[2025-11-19T05:58:32.441+0000] {processor.py:183} INFO - Processing /opt/airflow/dags/create_audit_table.py took 0.332 seconds
[2025-11-19T05:59:08.229+0000] {processor.py:161} INFO - Started process (PID=32929) to work on /opt/airflow/dags/create_audit_table.py
[2025-11-19T05:59:08.234+0000] {processor.py:830} INFO - Processing file /opt/airflow/dags/create_audit_table.py for tasks to queue
[2025-11-19T05:59:08.241+0000] {logging_mixin.py:188} INFO - [2025-11-19T05:59:08.240+0000] {dagbag.py:538} INFO - Filling up the DagBag from /opt/airflow/dags/create_audit_table.py
[2025-11-19T05:59:08.349+0000] {processor.py:840} INFO - DAG(s) 'create_audit_table' retrieved from /opt/airflow/dags/create_audit_table.py
[2025-11-19T05:59:08.464+0000] {logging_mixin.py:188} INFO - [2025-11-19T05:59:08.463+0000] {dag.py:3036} INFO - Sync 1 DAGs
[2025-11-19T05:59:08.513+0000] {logging_mixin.py:188} INFO - [2025-11-19T05:59:08.513+0000] {dag.py:3823} INFO - Setting next_dagrun for create_audit_table to None, run_after=None
[2025-11-19T05:59:08.617+0000] {processor.py:183} INFO - Processing /opt/airflow/dags/create_audit_table.py took 0.399 seconds
[2025-11-19T06:00:40.417+0000] {processor.py:161} INFO - Started process (PID=32954) to work on /opt/airflow/dags/create_audit_table.py
[2025-11-19T06:00:40.423+0000] {processor.py:830} INFO - Processing file /opt/airflow/dags/create_audit_table.py for tasks to queue
[2025-11-19T06:00:40.438+0000] {logging_mixin.py:188} INFO - [2025-11-19T06:00:40.437+0000] {dagbag.py:538} INFO - Filling up the DagBag from /opt/airflow/dags/create_audit_table.py
[2025-11-19T06:00:40.736+0000] {processor.py:840} INFO - DAG(s) 'create_audit_table' retrieved from /opt/airflow/dags/create_audit_table.py
[2025-11-19T06:00:43.815+0000] {logging_mixin.py:188} INFO - [2025-11-19T06:00:43.815+0000] {dag.py:3036} INFO - Sync 1 DAGs
[2025-11-19T06:00:44.379+0000] {logging_mixin.py:188} INFO - [2025-11-19T06:00:44.378+0000] {dag.py:3823} INFO - Setting next_dagrun for create_audit_table to None, run_after=None
[2025-11-19T06:00:44.587+0000] {processor.py:183} INFO - Processing /opt/airflow/dags/create_audit_table.py took 4.215 seconds
[2025-11-19T06:01:18.181+0000] {processor.py:161} INFO - Started process (PID=32987) to work on /opt/airflow/dags/create_audit_table.py
[2025-11-19T06:01:18.184+0000] {processor.py:830} INFO - Processing file /opt/airflow/dags/create_audit_table.py for tasks to queue
[2025-11-19T06:01:18.190+0000] {logging_mixin.py:188} INFO - [2025-11-19T06:01:18.189+0000] {dagbag.py:538} INFO - Filling up the DagBag from /opt/airflow/dags/create_audit_table.py
[2025-11-19T06:01:18.324+0000] {processor.py:840} INFO - DAG(s) 'create_audit_table' retrieved from /opt/airflow/dags/create_audit_table.py
[2025-11-19T06:01:18.481+0000] {logging_mixin.py:188} INFO - [2025-11-19T06:01:18.481+0000] {dag.py:3036} INFO - Sync 1 DAGs
[2025-11-19T06:01:18.539+0000] {logging_mixin.py:188} INFO - [2025-11-19T06:01:18.538+0000] {dag.py:3823} INFO - Setting next_dagrun for create_audit_table to None, run_after=None
[2025-11-19T06:01:18.667+0000] {processor.py:183} INFO - Processing /opt/airflow/dags/create_audit_table.py took 0.491 seconds
[2025-11-19T06:01:49.814+0000] {processor.py:161} INFO - Started process (PID=33018) to work on /opt/airflow/dags/create_audit_table.py
[2025-11-19T06:01:49.828+0000] {processor.py:830} INFO - Processing file /opt/airflow/dags/create_audit_table.py for tasks to queue
[2025-11-19T06:01:49.843+0000] {logging_mixin.py:188} INFO - [2025-11-19T06:01:49.842+0000] {dagbag.py:538} INFO - Filling up the DagBag from /opt/airflow/dags/create_audit_table.py
[2025-11-19T06:01:50.055+0000] {processor.py:840} INFO - DAG(s) 'create_audit_table' retrieved from /opt/airflow/dags/create_audit_table.py
[2025-11-19T06:01:50.934+0000] {logging_mixin.py:188} INFO - [2025-11-19T06:01:50.933+0000] {dag.py:3036} INFO - Sync 1 DAGs
[2025-11-19T06:01:51.015+0000] {logging_mixin.py:188} INFO - [2025-11-19T06:01:51.015+0000] {dag.py:3823} INFO - Setting next_dagrun for create_audit_table to None, run_after=None
[2025-11-19T06:01:51.128+0000] {processor.py:183} INFO - Processing /opt/airflow/dags/create_audit_table.py took 1.320 seconds
[2025-11-19T06:02:25.258+0000] {processor.py:161} INFO - Started process (PID=33048) to work on /opt/airflow/dags/create_audit_table.py
[2025-11-19T06:02:25.307+0000] {processor.py:830} INFO - Processing file /opt/airflow/dags/create_audit_table.py for tasks to queue
[2025-11-19T06:02:25.318+0000] {logging_mixin.py:188} INFO - [2025-11-19T06:02:25.316+0000] {dagbag.py:538} INFO - Filling up the DagBag from /opt/airflow/dags/create_audit_table.py
[2025-11-19T06:02:26.113+0000] {processor.py:840} INFO - DAG(s) 'create_audit_table' retrieved from /opt/airflow/dags/create_audit_table.py
[2025-11-19T06:02:27.047+0000] {logging_mixin.py:188} INFO - [2025-11-19T06:02:27.047+0000] {dag.py:3036} INFO - Sync 1 DAGs
[2025-11-19T06:02:27.251+0000] {logging_mixin.py:188} INFO - [2025-11-19T06:02:27.250+0000] {dag.py:3823} INFO - Setting next_dagrun for create_audit_table to None, run_after=None
[2025-11-19T06:02:29.441+0000] {processor.py:183} INFO - Processing /opt/airflow/dags/create_audit_table.py took 4.210 seconds
[2025-11-19T06:03:29.504+0000] {processor.py:161} INFO - Started process (PID=33078) to work on /opt/airflow/dags/create_audit_table.py
[2025-11-19T06:03:29.520+0000] {processor.py:830} INFO - Processing file /opt/airflow/dags/create_audit_table.py for tasks to queue
[2025-11-19T06:03:29.528+0000] {logging_mixin.py:188} INFO - [2025-11-19T06:03:29.527+0000] {dagbag.py:538} INFO - Filling up the DagBag from /opt/airflow/dags/create_audit_table.py
[2025-11-19T06:03:29.614+0000] {processor.py:840} INFO - DAG(s) 'create_audit_table' retrieved from /opt/airflow/dags/create_audit_table.py
[2025-11-19T06:03:29.926+0000] {logging_mixin.py:188} INFO - [2025-11-19T06:03:29.925+0000] {dag.py:3036} INFO - Sync 1 DAGs
[2025-11-19T06:03:29.978+0000] {logging_mixin.py:188} INFO - [2025-11-19T06:03:29.977+0000] {dag.py:3823} INFO - Setting next_dagrun for create_audit_table to None, run_after=None
[2025-11-19T06:03:30.068+0000] {processor.py:183} INFO - Processing /opt/airflow/dags/create_audit_table.py took 0.574 seconds
[2025-11-19T06:04:00.601+0000] {processor.py:161} INFO - Started process (PID=33106) to work on /opt/airflow/dags/create_audit_table.py
[2025-11-19T06:04:00.612+0000] {processor.py:830} INFO - Processing file /opt/airflow/dags/create_audit_table.py for tasks to queue
[2025-11-19T06:04:00.628+0000] {logging_mixin.py:188} INFO - [2025-11-19T06:04:00.620+0000] {dagbag.py:538} INFO - Filling up the DagBag from /opt/airflow/dags/create_audit_table.py
[2025-11-19T06:04:00.872+0000] {processor.py:840} INFO - DAG(s) 'create_audit_table' retrieved from /opt/airflow/dags/create_audit_table.py
[2025-11-19T06:04:00.992+0000] {logging_mixin.py:188} INFO - [2025-11-19T06:04:00.991+0000] {dag.py:3036} INFO - Sync 1 DAGs
[2025-11-19T06:04:01.038+0000] {logging_mixin.py:188} INFO - [2025-11-19T06:04:01.037+0000] {dag.py:3823} INFO - Setting next_dagrun for create_audit_table to None, run_after=None
[2025-11-19T06:04:01.118+0000] {processor.py:183} INFO - Processing /opt/airflow/dags/create_audit_table.py took 0.521 seconds
[2025-11-19T06:04:31.587+0000] {processor.py:161} INFO - Started process (PID=33136) to work on /opt/airflow/dags/create_audit_table.py
[2025-11-19T06:04:31.602+0000] {processor.py:830} INFO - Processing file /opt/airflow/dags/create_audit_table.py for tasks to queue
[2025-11-19T06:04:31.605+0000] {logging_mixin.py:188} INFO - [2025-11-19T06:04:31.604+0000] {dagbag.py:538} INFO - Filling up the DagBag from /opt/airflow/dags/create_audit_table.py
[2025-11-19T06:04:31.650+0000] {processor.py:840} INFO - DAG(s) 'create_audit_table' retrieved from /opt/airflow/dags/create_audit_table.py
[2025-11-19T06:04:31.788+0000] {logging_mixin.py:188} INFO - [2025-11-19T06:04:31.788+0000] {dag.py:3036} INFO - Sync 1 DAGs
[2025-11-19T06:04:31.814+0000] {logging_mixin.py:188} INFO - [2025-11-19T06:04:31.814+0000] {dag.py:3823} INFO - Setting next_dagrun for create_audit_table to None, run_after=None
[2025-11-19T06:04:32.002+0000] {processor.py:183} INFO - Processing /opt/airflow/dags/create_audit_table.py took 0.429 seconds
[2025-11-19T06:05:02.856+0000] {processor.py:161} INFO - Started process (PID=33168) to work on /opt/airflow/dags/create_audit_table.py
[2025-11-19T06:05:02.866+0000] {processor.py:830} INFO - Processing file /opt/airflow/dags/create_audit_table.py for tasks to queue
[2025-11-19T06:05:02.868+0000] {logging_mixin.py:188} INFO - [2025-11-19T06:05:02.867+0000] {dagbag.py:538} INFO - Filling up the DagBag from /opt/airflow/dags/create_audit_table.py
[2025-11-19T06:05:02.956+0000] {processor.py:840} INFO - DAG(s) 'create_audit_table' retrieved from /opt/airflow/dags/create_audit_table.py
[2025-11-19T06:05:03.087+0000] {logging_mixin.py:188} INFO - [2025-11-19T06:05:03.086+0000] {dag.py:3036} INFO - Sync 1 DAGs
[2025-11-19T06:05:03.151+0000] {logging_mixin.py:188} INFO - [2025-11-19T06:05:03.150+0000] {dag.py:3823} INFO - Setting next_dagrun for create_audit_table to None, run_after=None
[2025-11-19T06:05:03.290+0000] {processor.py:183} INFO - Processing /opt/airflow/dags/create_audit_table.py took 0.451 seconds
[2025-11-19T06:05:34.800+0000] {processor.py:161} INFO - Started process (PID=33196) to work on /opt/airflow/dags/create_audit_table.py
[2025-11-19T06:05:34.803+0000] {processor.py:830} INFO - Processing file /opt/airflow/dags/create_audit_table.py for tasks to queue
[2025-11-19T06:05:34.808+0000] {logging_mixin.py:188} INFO - [2025-11-19T06:05:34.807+0000] {dagbag.py:538} INFO - Filling up the DagBag from /opt/airflow/dags/create_audit_table.py
[2025-11-19T06:05:34.864+0000] {processor.py:840} INFO - DAG(s) 'create_audit_table' retrieved from /opt/airflow/dags/create_audit_table.py
[2025-11-19T06:05:34.979+0000] {logging_mixin.py:188} INFO - [2025-11-19T06:05:34.979+0000] {dag.py:3036} INFO - Sync 1 DAGs
[2025-11-19T06:05:35.041+0000] {logging_mixin.py:188} INFO - [2025-11-19T06:05:35.032+0000] {dag.py:3823} INFO - Setting next_dagrun for create_audit_table to None, run_after=None
[2025-11-19T06:05:35.125+0000] {processor.py:183} INFO - Processing /opt/airflow/dags/create_audit_table.py took 0.338 seconds
[2025-11-19T06:08:15.370+0000] {processor.py:161} INFO - Started process (PID=33221) to work on /opt/airflow/dags/create_audit_table.py
[2025-11-19T06:08:16.177+0000] {processor.py:830} INFO - Processing file /opt/airflow/dags/create_audit_table.py for tasks to queue
[2025-11-19T06:08:16.263+0000] {logging_mixin.py:188} INFO - [2025-11-19T06:08:16.226+0000] {dagbag.py:538} INFO - Filling up the DagBag from /opt/airflow/dags/create_audit_table.py
[2025-11-19T06:08:22.087+0000] {processor.py:840} INFO - DAG(s) 'create_audit_table' retrieved from /opt/airflow/dags/create_audit_table.py
[2025-11-19T06:08:31.528+0000] {logging_mixin.py:188} INFO - [2025-11-19T06:08:31.527+0000] {dag.py:3036} INFO - Sync 1 DAGs
[2025-11-19T06:08:31.993+0000] {logging_mixin.py:188} INFO - [2025-11-19T06:08:31.993+0000] {dag.py:3823} INFO - Setting next_dagrun for create_audit_table to None, run_after=None
[2025-11-19T06:08:32.136+0000] {processor.py:183} INFO - Processing /opt/airflow/dags/create_audit_table.py took 37.734 seconds
[2025-11-19T06:09:03.767+0000] {processor.py:161} INFO - Started process (PID=33260) to work on /opt/airflow/dags/create_audit_table.py
[2025-11-19T06:09:03.796+0000] {processor.py:830} INFO - Processing file /opt/airflow/dags/create_audit_table.py for tasks to queue
[2025-11-19T06:09:03.851+0000] {logging_mixin.py:188} INFO - [2025-11-19T06:09:03.827+0000] {dagbag.py:538} INFO - Filling up the DagBag from /opt/airflow/dags/create_audit_table.py
[2025-11-19T06:09:29.460+0000] {processor.py:840} INFO - DAG(s) 'create_audit_table' retrieved from /opt/airflow/dags/create_audit_table.py
[2025-11-19T06:09:33.106+0000] {logging_mixin.py:188} INFO - [2025-11-19T06:09:33.075+0000] {dag.py:3036} INFO - Sync 1 DAGs
[2025-11-19T06:09:33.492+0000] {logging_mixin.py:188} INFO - [2025-11-19T06:09:33.487+0000] {dag.py:3823} INFO - Setting next_dagrun for create_audit_table to None, run_after=None
[2025-11-19T06:09:34.489+0000] {processor.py:183} INFO - Processing /opt/airflow/dags/create_audit_table.py took 30.768 seconds
[2025-11-19T06:10:09.656+0000] {processor.py:161} INFO - Started process (PID=33295) to work on /opt/airflow/dags/create_audit_table.py
[2025-11-19T06:10:09.659+0000] {processor.py:830} INFO - Processing file /opt/airflow/dags/create_audit_table.py for tasks to queue
[2025-11-19T06:10:09.662+0000] {logging_mixin.py:188} INFO - [2025-11-19T06:10:09.662+0000] {dagbag.py:538} INFO - Filling up the DagBag from /opt/airflow/dags/create_audit_table.py
[2025-11-19T06:10:09.836+0000] {processor.py:840} INFO - DAG(s) 'create_audit_table' retrieved from /opt/airflow/dags/create_audit_table.py
[2025-11-19T06:10:10.944+0000] {logging_mixin.py:188} INFO - [2025-11-19T06:10:10.932+0000] {dag.py:3036} INFO - Sync 1 DAGs
[2025-11-19T06:10:11.739+0000] {logging_mixin.py:188} INFO - [2025-11-19T06:10:11.739+0000] {dag.py:3823} INFO - Setting next_dagrun for create_audit_table to None, run_after=None
[2025-11-19T06:10:11.918+0000] {processor.py:183} INFO - Processing /opt/airflow/dags/create_audit_table.py took 2.415 seconds
[2025-11-19T06:10:42.123+0000] {processor.py:161} INFO - Started process (PID=33322) to work on /opt/airflow/dags/create_audit_table.py
[2025-11-19T06:10:42.135+0000] {processor.py:830} INFO - Processing file /opt/airflow/dags/create_audit_table.py for tasks to queue
[2025-11-19T06:10:42.138+0000] {logging_mixin.py:188} INFO - [2025-11-19T06:10:42.137+0000] {dagbag.py:538} INFO - Filling up the DagBag from /opt/airflow/dags/create_audit_table.py
[2025-11-19T06:10:42.239+0000] {processor.py:840} INFO - DAG(s) 'create_audit_table' retrieved from /opt/airflow/dags/create_audit_table.py
[2025-11-19T06:10:42.352+0000] {logging_mixin.py:188} INFO - [2025-11-19T06:10:42.351+0000] {dag.py:3036} INFO - Sync 1 DAGs
[2025-11-19T06:10:42.420+0000] {logging_mixin.py:188} INFO - [2025-11-19T06:10:42.419+0000] {dag.py:3823} INFO - Setting next_dagrun for create_audit_table to None, run_after=None
[2025-11-19T06:10:42.557+0000] {processor.py:183} INFO - Processing /opt/airflow/dags/create_audit_table.py took 0.441 seconds
[2025-11-19T06:11:14.733+0000] {processor.py:161} INFO - Started process (PID=33352) to work on /opt/airflow/dags/create_audit_table.py
[2025-11-19T06:11:14.813+0000] {processor.py:830} INFO - Processing file /opt/airflow/dags/create_audit_table.py for tasks to queue
[2025-11-19T06:11:14.872+0000] {logging_mixin.py:188} INFO - [2025-11-19T06:11:14.872+0000] {dagbag.py:538} INFO - Filling up the DagBag from /opt/airflow/dags/create_audit_table.py
[2025-11-19T06:11:17.136+0000] {processor.py:840} INFO - DAG(s) 'create_audit_table' retrieved from /opt/airflow/dags/create_audit_table.py
[2025-11-19T06:11:18.383+0000] {logging_mixin.py:188} INFO - [2025-11-19T06:11:18.382+0000] {dag.py:3036} INFO - Sync 1 DAGs
[2025-11-19T06:11:18.506+0000] {logging_mixin.py:188} INFO - [2025-11-19T06:11:18.505+0000] {dag.py:3823} INFO - Setting next_dagrun for create_audit_table to None, run_after=None
[2025-11-19T06:11:18.725+0000] {processor.py:183} INFO - Processing /opt/airflow/dags/create_audit_table.py took 4.006 seconds
[2025-11-19T06:11:53.697+0000] {processor.py:161} INFO - Started process (PID=33382) to work on /opt/airflow/dags/create_audit_table.py
[2025-11-19T06:11:53.709+0000] {processor.py:830} INFO - Processing file /opt/airflow/dags/create_audit_table.py for tasks to queue
[2025-11-19T06:11:53.731+0000] {logging_mixin.py:188} INFO - [2025-11-19T06:11:53.730+0000] {dagbag.py:538} INFO - Filling up the DagBag from /opt/airflow/dags/create_audit_table.py
[2025-11-19T06:11:54.077+0000] {processor.py:840} INFO - DAG(s) 'create_audit_table' retrieved from /opt/airflow/dags/create_audit_table.py
[2025-11-19T06:11:54.314+0000] {logging_mixin.py:188} INFO - [2025-11-19T06:11:54.313+0000] {dag.py:3036} INFO - Sync 1 DAGs
[2025-11-19T06:11:54.428+0000] {logging_mixin.py:188} INFO - [2025-11-19T06:11:54.428+0000] {dag.py:3823} INFO - Setting next_dagrun for create_audit_table to None, run_after=None
[2025-11-19T06:11:54.620+0000] {processor.py:183} INFO - Processing /opt/airflow/dags/create_audit_table.py took 0.954 seconds
[2025-11-19T06:12:29.167+0000] {processor.py:161} INFO - Started process (PID=33412) to work on /opt/airflow/dags/create_audit_table.py
[2025-11-19T06:12:29.250+0000] {processor.py:830} INFO - Processing file /opt/airflow/dags/create_audit_table.py for tasks to queue
[2025-11-19T06:12:29.451+0000] {logging_mixin.py:188} INFO - [2025-11-19T06:12:29.396+0000] {dagbag.py:538} INFO - Filling up the DagBag from /opt/airflow/dags/create_audit_table.py
[2025-11-19T06:12:32.723+0000] {processor.py:840} INFO - DAG(s) 'create_audit_table' retrieved from /opt/airflow/dags/create_audit_table.py
[2025-11-19T06:13:46.317+0000] {logging_mixin.py:188} INFO - [2025-11-19T06:13:46.308+0000] {dag.py:3036} INFO - Sync 1 DAGs
[2025-11-19T06:14:21.054+0000] {processor.py:161} INFO - Started process (PID=33438) to work on /opt/airflow/dags/create_audit_table.py
[2025-11-19T06:14:21.059+0000] {processor.py:830} INFO - Processing file /opt/airflow/dags/create_audit_table.py for tasks to queue
[2025-11-19T06:14:21.072+0000] {logging_mixin.py:188} INFO - [2025-11-19T06:14:21.066+0000] {dagbag.py:538} INFO - Filling up the DagBag from /opt/airflow/dags/create_audit_table.py
[2025-11-19T06:14:21.426+0000] {processor.py:840} INFO - DAG(s) 'create_audit_table' retrieved from /opt/airflow/dags/create_audit_table.py
[2025-11-19T06:14:23.100+0000] {logging_mixin.py:188} INFO - [2025-11-19T06:14:23.100+0000] {dag.py:3036} INFO - Sync 1 DAGs
[2025-11-19T06:14:23.188+0000] {logging_mixin.py:188} INFO - [2025-11-19T06:14:23.188+0000] {dag.py:3823} INFO - Setting next_dagrun for create_audit_table to None, run_after=None
[2025-11-19T06:14:23.303+0000] {processor.py:183} INFO - Processing /opt/airflow/dags/create_audit_table.py took 2.334 seconds
[2025-11-19T06:14:54.014+0000] {processor.py:161} INFO - Started process (PID=33468) to work on /opt/airflow/dags/create_audit_table.py
[2025-11-19T06:14:54.016+0000] {processor.py:830} INFO - Processing file /opt/airflow/dags/create_audit_table.py for tasks to queue
[2025-11-19T06:14:54.028+0000] {logging_mixin.py:188} INFO - [2025-11-19T06:14:54.027+0000] {dagbag.py:538} INFO - Filling up the DagBag from /opt/airflow/dags/create_audit_table.py
[2025-11-19T06:14:54.078+0000] {processor.py:840} INFO - DAG(s) 'create_audit_table' retrieved from /opt/airflow/dags/create_audit_table.py
[2025-11-19T06:14:54.190+0000] {logging_mixin.py:188} INFO - [2025-11-19T06:14:54.190+0000] {dag.py:3036} INFO - Sync 1 DAGs
[2025-11-19T06:14:54.255+0000] {logging_mixin.py:188} INFO - [2025-11-19T06:14:54.254+0000] {dag.py:3823} INFO - Setting next_dagrun for create_audit_table to None, run_after=None
[2025-11-19T06:14:54.336+0000] {processor.py:183} INFO - Processing /opt/airflow/dags/create_audit_table.py took 0.329 seconds
[2025-11-19T06:15:24.425+0000] {processor.py:161} INFO - Started process (PID=33498) to work on /opt/airflow/dags/create_audit_table.py
[2025-11-19T06:15:24.427+0000] {processor.py:830} INFO - Processing file /opt/airflow/dags/create_audit_table.py for tasks to queue
[2025-11-19T06:15:24.429+0000] {logging_mixin.py:188} INFO - [2025-11-19T06:15:24.428+0000] {dagbag.py:538} INFO - Filling up the DagBag from /opt/airflow/dags/create_audit_table.py
[2025-11-19T06:15:24.467+0000] {processor.py:840} INFO - DAG(s) 'create_audit_table' retrieved from /opt/airflow/dags/create_audit_table.py
[2025-11-19T06:15:24.514+0000] {logging_mixin.py:188} INFO - [2025-11-19T06:15:24.513+0000] {dag.py:3036} INFO - Sync 1 DAGs
[2025-11-19T06:15:24.530+0000] {logging_mixin.py:188} INFO - [2025-11-19T06:15:24.530+0000] {dag.py:3823} INFO - Setting next_dagrun for create_audit_table to None, run_after=None
[2025-11-19T06:15:24.566+0000] {processor.py:183} INFO - Processing /opt/airflow/dags/create_audit_table.py took 0.145 seconds
[2025-11-19T06:15:54.835+0000] {processor.py:161} INFO - Started process (PID=33528) to work on /opt/airflow/dags/create_audit_table.py
[2025-11-19T06:15:54.838+0000] {processor.py:830} INFO - Processing file /opt/airflow/dags/create_audit_table.py for tasks to queue
[2025-11-19T06:15:54.843+0000] {logging_mixin.py:188} INFO - [2025-11-19T06:15:54.841+0000] {dagbag.py:538} INFO - Filling up the DagBag from /opt/airflow/dags/create_audit_table.py
[2025-11-19T06:15:54.914+0000] {processor.py:840} INFO - DAG(s) 'create_audit_table' retrieved from /opt/airflow/dags/create_audit_table.py
[2025-11-19T06:15:55.001+0000] {logging_mixin.py:188} INFO - [2025-11-19T06:15:55.000+0000] {dag.py:3036} INFO - Sync 1 DAGs
[2025-11-19T06:15:55.026+0000] {logging_mixin.py:188} INFO - [2025-11-19T06:15:55.026+0000] {dag.py:3823} INFO - Setting next_dagrun for create_audit_table to None, run_after=None
[2025-11-19T06:15:55.083+0000] {processor.py:183} INFO - Processing /opt/airflow/dags/create_audit_table.py took 0.259 seconds
[2025-11-19T06:16:25.191+0000] {processor.py:161} INFO - Started process (PID=33558) to work on /opt/airflow/dags/create_audit_table.py
[2025-11-19T06:16:25.193+0000] {processor.py:830} INFO - Processing file /opt/airflow/dags/create_audit_table.py for tasks to queue
[2025-11-19T06:16:25.195+0000] {logging_mixin.py:188} INFO - [2025-11-19T06:16:25.194+0000] {dagbag.py:538} INFO - Filling up the DagBag from /opt/airflow/dags/create_audit_table.py
[2025-11-19T06:16:25.215+0000] {processor.py:840} INFO - DAG(s) 'create_audit_table' retrieved from /opt/airflow/dags/create_audit_table.py
[2025-11-19T06:16:25.256+0000] {logging_mixin.py:188} INFO - [2025-11-19T06:16:25.255+0000] {dag.py:3036} INFO - Sync 1 DAGs
[2025-11-19T06:16:25.273+0000] {logging_mixin.py:188} INFO - [2025-11-19T06:16:25.273+0000] {dag.py:3823} INFO - Setting next_dagrun for create_audit_table to None, run_after=None
[2025-11-19T06:16:25.299+0000] {processor.py:183} INFO - Processing /opt/airflow/dags/create_audit_table.py took 0.112 seconds
[2025-11-19T06:16:55.954+0000] {processor.py:161} INFO - Started process (PID=33588) to work on /opt/airflow/dags/create_audit_table.py
[2025-11-19T06:16:55.956+0000] {processor.py:830} INFO - Processing file /opt/airflow/dags/create_audit_table.py for tasks to queue
[2025-11-19T06:16:55.958+0000] {logging_mixin.py:188} INFO - [2025-11-19T06:16:55.957+0000] {dagbag.py:538} INFO - Filling up the DagBag from /opt/airflow/dags/create_audit_table.py
[2025-11-19T06:16:55.991+0000] {processor.py:840} INFO - DAG(s) 'create_audit_table' retrieved from /opt/airflow/dags/create_audit_table.py
[2025-11-19T06:16:56.095+0000] {logging_mixin.py:188} INFO - [2025-11-19T06:16:56.094+0000] {dag.py:3036} INFO - Sync 1 DAGs
[2025-11-19T06:16:56.125+0000] {logging_mixin.py:188} INFO - [2025-11-19T06:16:56.124+0000] {dag.py:3823} INFO - Setting next_dagrun for create_audit_table to None, run_after=None
[2025-11-19T06:16:56.180+0000] {processor.py:183} INFO - Processing /opt/airflow/dags/create_audit_table.py took 0.236 seconds
[2025-11-19T06:17:27.000+0000] {processor.py:161} INFO - Started process (PID=33618) to work on /opt/airflow/dags/create_audit_table.py
[2025-11-19T06:17:27.012+0000] {processor.py:830} INFO - Processing file /opt/airflow/dags/create_audit_table.py for tasks to queue
[2025-11-19T06:17:27.014+0000] {logging_mixin.py:188} INFO - [2025-11-19T06:17:27.014+0000] {dagbag.py:538} INFO - Filling up the DagBag from /opt/airflow/dags/create_audit_table.py
[2025-11-19T06:17:27.131+0000] {processor.py:840} INFO - DAG(s) 'create_audit_table' retrieved from /opt/airflow/dags/create_audit_table.py
[2025-11-19T06:17:27.267+0000] {logging_mixin.py:188} INFO - [2025-11-19T06:17:27.266+0000] {dag.py:3036} INFO - Sync 1 DAGs
[2025-11-19T06:17:27.351+0000] {logging_mixin.py:188} INFO - [2025-11-19T06:17:27.350+0000] {dag.py:3823} INFO - Setting next_dagrun for create_audit_table to None, run_after=None
[2025-11-19T06:17:27.688+0000] {processor.py:183} INFO - Processing /opt/airflow/dags/create_audit_table.py took 0.694 seconds
[2025-11-19T06:17:58.111+0000] {processor.py:161} INFO - Started process (PID=33648) to work on /opt/airflow/dags/create_audit_table.py
[2025-11-19T06:17:58.113+0000] {processor.py:830} INFO - Processing file /opt/airflow/dags/create_audit_table.py for tasks to queue
[2025-11-19T06:17:58.114+0000] {logging_mixin.py:188} INFO - [2025-11-19T06:17:58.114+0000] {dagbag.py:538} INFO - Filling up the DagBag from /opt/airflow/dags/create_audit_table.py
[2025-11-19T06:17:58.134+0000] {processor.py:840} INFO - DAG(s) 'create_audit_table' retrieved from /opt/airflow/dags/create_audit_table.py
[2025-11-19T06:17:58.172+0000] {logging_mixin.py:188} INFO - [2025-11-19T06:17:58.172+0000] {dag.py:3036} INFO - Sync 1 DAGs
[2025-11-19T06:17:58.189+0000] {logging_mixin.py:188} INFO - [2025-11-19T06:17:58.189+0000] {dag.py:3823} INFO - Setting next_dagrun for create_audit_table to None, run_after=None
[2025-11-19T06:17:58.215+0000] {processor.py:183} INFO - Processing /opt/airflow/dags/create_audit_table.py took 0.108 seconds
[2025-11-19T06:18:29.031+0000] {processor.py:161} INFO - Started process (PID=33678) to work on /opt/airflow/dags/create_audit_table.py
[2025-11-19T06:18:29.033+0000] {processor.py:830} INFO - Processing file /opt/airflow/dags/create_audit_table.py for tasks to queue
[2025-11-19T06:18:29.035+0000] {logging_mixin.py:188} INFO - [2025-11-19T06:18:29.034+0000] {dagbag.py:538} INFO - Filling up the DagBag from /opt/airflow/dags/create_audit_table.py
[2025-11-19T06:18:29.080+0000] {processor.py:840} INFO - DAG(s) 'create_audit_table' retrieved from /opt/airflow/dags/create_audit_table.py
[2025-11-19T06:18:29.355+0000] {logging_mixin.py:188} INFO - [2025-11-19T06:18:29.354+0000] {dag.py:3036} INFO - Sync 1 DAGs
[2025-11-19T06:18:29.410+0000] {logging_mixin.py:188} INFO - [2025-11-19T06:18:29.410+0000] {dag.py:3823} INFO - Setting next_dagrun for create_audit_table to None, run_after=None
[2025-11-19T06:18:29.493+0000] {processor.py:183} INFO - Processing /opt/airflow/dags/create_audit_table.py took 0.467 seconds
[2025-11-19T06:19:02.542+0000] {processor.py:161} INFO - Started process (PID=33708) to work on /opt/airflow/dags/create_audit_table.py
[2025-11-19T06:19:02.546+0000] {processor.py:830} INFO - Processing file /opt/airflow/dags/create_audit_table.py for tasks to queue
[2025-11-19T06:19:02.556+0000] {logging_mixin.py:188} INFO - [2025-11-19T06:19:02.555+0000] {dagbag.py:538} INFO - Filling up the DagBag from /opt/airflow/dags/create_audit_table.py
[2025-11-19T06:19:02.899+0000] {processor.py:840} INFO - DAG(s) 'create_audit_table' retrieved from /opt/airflow/dags/create_audit_table.py
[2025-11-19T06:19:03.038+0000] {logging_mixin.py:188} INFO - [2025-11-19T06:19:03.038+0000] {dag.py:3036} INFO - Sync 1 DAGs
[2025-11-19T06:19:03.105+0000] {logging_mixin.py:188} INFO - [2025-11-19T06:19:03.104+0000] {dag.py:3823} INFO - Setting next_dagrun for create_audit_table to None, run_after=None
[2025-11-19T06:19:03.202+0000] {processor.py:183} INFO - Processing /opt/airflow/dags/create_audit_table.py took 0.665 seconds
[2025-11-19T06:19:33.448+0000] {processor.py:161} INFO - Started process (PID=33738) to work on /opt/airflow/dags/create_audit_table.py
[2025-11-19T06:19:33.450+0000] {processor.py:830} INFO - Processing file /opt/airflow/dags/create_audit_table.py for tasks to queue
[2025-11-19T06:19:33.454+0000] {logging_mixin.py:188} INFO - [2025-11-19T06:19:33.453+0000] {dagbag.py:538} INFO - Filling up the DagBag from /opt/airflow/dags/create_audit_table.py
[2025-11-19T06:19:33.839+0000] {processor.py:840} INFO - DAG(s) 'create_audit_table' retrieved from /opt/airflow/dags/create_audit_table.py
[2025-11-19T06:19:33.978+0000] {logging_mixin.py:188} INFO - [2025-11-19T06:19:33.977+0000] {dag.py:3036} INFO - Sync 1 DAGs
[2025-11-19T06:19:34.023+0000] {logging_mixin.py:188} INFO - [2025-11-19T06:19:34.023+0000] {dag.py:3823} INFO - Setting next_dagrun for create_audit_table to None, run_after=None
[2025-11-19T06:19:34.301+0000] {processor.py:183} INFO - Processing /opt/airflow/dags/create_audit_table.py took 0.860 seconds
[2025-11-19T06:20:04.687+0000] {processor.py:161} INFO - Started process (PID=33768) to work on /opt/airflow/dags/create_audit_table.py
[2025-11-19T06:20:04.688+0000] {processor.py:830} INFO - Processing file /opt/airflow/dags/create_audit_table.py for tasks to queue
[2025-11-19T06:20:04.689+0000] {logging_mixin.py:188} INFO - [2025-11-19T06:20:04.689+0000] {dagbag.py:538} INFO - Filling up the DagBag from /opt/airflow/dags/create_audit_table.py
[2025-11-19T06:20:04.722+0000] {processor.py:840} INFO - DAG(s) 'create_audit_table' retrieved from /opt/airflow/dags/create_audit_table.py
[2025-11-19T06:20:04.752+0000] {logging_mixin.py:188} INFO - [2025-11-19T06:20:04.752+0000] {dag.py:3036} INFO - Sync 1 DAGs
[2025-11-19T06:20:04.763+0000] {logging_mixin.py:188} INFO - [2025-11-19T06:20:04.762+0000] {dag.py:3823} INFO - Setting next_dagrun for create_audit_table to None, run_after=None
[2025-11-19T06:20:04.784+0000] {processor.py:183} INFO - Processing /opt/airflow/dags/create_audit_table.py took 0.101 seconds
[2025-11-19T06:20:35.310+0000] {processor.py:161} INFO - Started process (PID=33798) to work on /opt/airflow/dags/create_audit_table.py
[2025-11-19T06:20:35.318+0000] {processor.py:830} INFO - Processing file /opt/airflow/dags/create_audit_table.py for tasks to queue
[2025-11-19T06:20:35.319+0000] {logging_mixin.py:188} INFO - [2025-11-19T06:20:35.319+0000] {dagbag.py:538} INFO - Filling up the DagBag from /opt/airflow/dags/create_audit_table.py
[2025-11-19T06:20:35.377+0000] {processor.py:840} INFO - DAG(s) 'create_audit_table' retrieved from /opt/airflow/dags/create_audit_table.py
[2025-11-19T06:20:35.585+0000] {logging_mixin.py:188} INFO - [2025-11-19T06:20:35.585+0000] {dag.py:3036} INFO - Sync 1 DAGs
[2025-11-19T06:20:35.610+0000] {logging_mixin.py:188} INFO - [2025-11-19T06:20:35.609+0000] {dag.py:3823} INFO - Setting next_dagrun for create_audit_table to None, run_after=None
[2025-11-19T06:20:35.680+0000] {processor.py:183} INFO - Processing /opt/airflow/dags/create_audit_table.py took 0.377 seconds
[2025-11-19T06:21:05.886+0000] {processor.py:161} INFO - Started process (PID=33828) to work on /opt/airflow/dags/create_audit_table.py
[2025-11-19T06:21:05.896+0000] {processor.py:830} INFO - Processing file /opt/airflow/dags/create_audit_table.py for tasks to queue
[2025-11-19T06:21:05.908+0000] {logging_mixin.py:188} INFO - [2025-11-19T06:21:05.907+0000] {dagbag.py:538} INFO - Filling up the DagBag from /opt/airflow/dags/create_audit_table.py
[2025-11-19T06:21:06.096+0000] {processor.py:840} INFO - DAG(s) 'create_audit_table' retrieved from /opt/airflow/dags/create_audit_table.py
[2025-11-19T06:21:06.211+0000] {logging_mixin.py:188} INFO - [2025-11-19T06:21:06.201+0000] {dag.py:3036} INFO - Sync 1 DAGs
[2025-11-19T06:21:06.262+0000] {logging_mixin.py:188} INFO - [2025-11-19T06:21:06.262+0000] {dag.py:3823} INFO - Setting next_dagrun for create_audit_table to None, run_after=None
[2025-11-19T06:21:06.337+0000] {processor.py:183} INFO - Processing /opt/airflow/dags/create_audit_table.py took 0.457 seconds
[2025-11-19T06:21:37.281+0000] {processor.py:161} INFO - Started process (PID=33858) to work on /opt/airflow/dags/create_audit_table.py
[2025-11-19T06:21:37.347+0000] {processor.py:830} INFO - Processing file /opt/airflow/dags/create_audit_table.py for tasks to queue
[2025-11-19T06:21:37.355+0000] {logging_mixin.py:188} INFO - [2025-11-19T06:21:37.350+0000] {dagbag.py:538} INFO - Filling up the DagBag from /opt/airflow/dags/create_audit_table.py
[2025-11-19T06:21:38.716+0000] {processor.py:840} INFO - DAG(s) 'create_audit_table' retrieved from /opt/airflow/dags/create_audit_table.py
[2025-11-19T06:21:39.663+0000] {logging_mixin.py:188} INFO - [2025-11-19T06:21:39.663+0000] {dag.py:3036} INFO - Sync 1 DAGs
[2025-11-19T06:21:40.198+0000] {logging_mixin.py:188} INFO - [2025-11-19T06:21:40.197+0000] {dag.py:3823} INFO - Setting next_dagrun for create_audit_table to None, run_after=None
[2025-11-19T06:21:40.352+0000] {processor.py:183} INFO - Processing /opt/airflow/dags/create_audit_table.py took 3.076 seconds
[2025-11-19T12:50:14.986+0000] {processor.py:161} INFO - Started process (PID=190) to work on /opt/airflow/dags/create_audit_table.py
[2025-11-19T12:50:15.008+0000] {processor.py:830} INFO - Processing file /opt/airflow/dags/create_audit_table.py for tasks to queue
[2025-11-19T12:50:15.027+0000] {logging_mixin.py:188} INFO - [2025-11-19T12:50:15.026+0000] {dagbag.py:538} INFO - Filling up the DagBag from /opt/airflow/dags/create_audit_table.py
[2025-11-19T12:50:15.155+0000] {processor.py:840} INFO - DAG(s) 'create_audit_table' retrieved from /opt/airflow/dags/create_audit_table.py
[2025-11-19T12:50:15.798+0000] {logging_mixin.py:188} INFO - [2025-11-19T12:50:15.797+0000] {override.py:1769} INFO - Created Permission View: can delete on DAG:create_audit_table
[2025-11-19T12:50:15.852+0000] {logging_mixin.py:188} INFO - [2025-11-19T12:50:15.851+0000] {override.py:1769} INFO - Created Permission View: can edit on DAG:create_audit_table
[2025-11-19T12:50:15.905+0000] {logging_mixin.py:188} INFO - [2025-11-19T12:50:15.904+0000] {override.py:1769} INFO - Created Permission View: can read on DAG:create_audit_table
[2025-11-19T12:50:15.907+0000] {logging_mixin.py:188} INFO - [2025-11-19T12:50:15.907+0000] {dag.py:3036} INFO - Sync 1 DAGs
[2025-11-19T12:50:15.943+0000] {logging_mixin.py:188} INFO - [2025-11-19T12:50:15.943+0000] {dag.py:3058} INFO - Creating ORM DAG for create_audit_table
[2025-11-19T12:50:15.945+0000] {logging_mixin.py:188} INFO - [2025-11-19T12:50:15.945+0000] {dag.py:3823} INFO - Setting next_dagrun for create_audit_table to None, run_after=None
[2025-11-19T12:50:16.036+0000] {processor.py:183} INFO - Processing /opt/airflow/dags/create_audit_table.py took 1.067 seconds
[2025-11-19T12:50:46.703+0000] {processor.py:161} INFO - Started process (PID=229) to work on /opt/airflow/dags/create_audit_table.py
[2025-11-19T12:50:46.705+0000] {processor.py:830} INFO - Processing file /opt/airflow/dags/create_audit_table.py for tasks to queue
[2025-11-19T12:50:46.706+0000] {logging_mixin.py:188} INFO - [2025-11-19T12:50:46.706+0000] {dagbag.py:538} INFO - Filling up the DagBag from /opt/airflow/dags/create_audit_table.py
[2025-11-19T12:50:46.730+0000] {processor.py:840} INFO - DAG(s) 'create_audit_table' retrieved from /opt/airflow/dags/create_audit_table.py
[2025-11-19T12:50:46.807+0000] {logging_mixin.py:188} INFO - [2025-11-19T12:50:46.806+0000] {dag.py:3036} INFO - Sync 1 DAGs
[2025-11-19T12:50:46.821+0000] {logging_mixin.py:188} INFO - [2025-11-19T12:50:46.821+0000] {dag.py:3823} INFO - Setting next_dagrun for create_audit_table to None, run_after=None
[2025-11-19T12:50:46.852+0000] {processor.py:183} INFO - Processing /opt/airflow/dags/create_audit_table.py took 0.154 seconds
[2025-11-19T12:51:17.018+0000] {processor.py:161} INFO - Started process (PID=259) to work on /opt/airflow/dags/create_audit_table.py
[2025-11-19T12:51:17.019+0000] {processor.py:830} INFO - Processing file /opt/airflow/dags/create_audit_table.py for tasks to queue
[2025-11-19T12:51:17.021+0000] {logging_mixin.py:188} INFO - [2025-11-19T12:51:17.021+0000] {dagbag.py:538} INFO - Filling up the DagBag from /opt/airflow/dags/create_audit_table.py
[2025-11-19T12:51:17.044+0000] {processor.py:840} INFO - DAG(s) 'create_audit_table' retrieved from /opt/airflow/dags/create_audit_table.py
[2025-11-19T12:51:17.085+0000] {logging_mixin.py:188} INFO - [2025-11-19T12:51:17.084+0000] {dag.py:3036} INFO - Sync 1 DAGs
[2025-11-19T12:51:17.104+0000] {logging_mixin.py:188} INFO - [2025-11-19T12:51:17.103+0000] {dag.py:3823} INFO - Setting next_dagrun for create_audit_table to None, run_after=None
[2025-11-19T12:51:17.216+0000] {processor.py:183} INFO - Processing /opt/airflow/dags/create_audit_table.py took 0.203 seconds
[2025-11-19T12:51:48.052+0000] {processor.py:161} INFO - Started process (PID=289) to work on /opt/airflow/dags/create_audit_table.py
[2025-11-19T12:51:48.054+0000] {processor.py:830} INFO - Processing file /opt/airflow/dags/create_audit_table.py for tasks to queue
[2025-11-19T12:51:48.058+0000] {logging_mixin.py:188} INFO - [2025-11-19T12:51:48.057+0000] {dagbag.py:538} INFO - Filling up the DagBag from /opt/airflow/dags/create_audit_table.py
[2025-11-19T12:51:48.087+0000] {processor.py:840} INFO - DAG(s) 'create_audit_table' retrieved from /opt/airflow/dags/create_audit_table.py
[2025-11-19T12:51:48.166+0000] {logging_mixin.py:188} INFO - [2025-11-19T12:51:48.166+0000] {dag.py:3036} INFO - Sync 1 DAGs
[2025-11-19T12:51:48.184+0000] {logging_mixin.py:188} INFO - [2025-11-19T12:51:48.184+0000] {dag.py:3823} INFO - Setting next_dagrun for create_audit_table to None, run_after=None
[2025-11-19T12:51:48.216+0000] {processor.py:183} INFO - Processing /opt/airflow/dags/create_audit_table.py took 0.168 seconds
[2025-11-19T12:52:18.291+0000] {processor.py:161} INFO - Started process (PID=319) to work on /opt/airflow/dags/create_audit_table.py
[2025-11-19T12:52:18.292+0000] {processor.py:830} INFO - Processing file /opt/airflow/dags/create_audit_table.py for tasks to queue
[2025-11-19T12:52:18.293+0000] {logging_mixin.py:188} INFO - [2025-11-19T12:52:18.293+0000] {dagbag.py:538} INFO - Filling up the DagBag from /opt/airflow/dags/create_audit_table.py
[2025-11-19T12:52:18.310+0000] {processor.py:840} INFO - DAG(s) 'create_audit_table' retrieved from /opt/airflow/dags/create_audit_table.py
[2025-11-19T12:52:18.333+0000] {logging_mixin.py:188} INFO - [2025-11-19T12:52:18.333+0000] {dag.py:3036} INFO - Sync 1 DAGs
[2025-11-19T12:52:18.345+0000] {logging_mixin.py:188} INFO - [2025-11-19T12:52:18.344+0000] {dag.py:3823} INFO - Setting next_dagrun for create_audit_table to None, run_after=None
[2025-11-19T12:52:18.370+0000] {processor.py:183} INFO - Processing /opt/airflow/dags/create_audit_table.py took 0.083 seconds
[2025-11-19T12:52:49.042+0000] {processor.py:161} INFO - Started process (PID=349) to work on /opt/airflow/dags/create_audit_table.py
[2025-11-19T12:52:49.044+0000] {processor.py:830} INFO - Processing file /opt/airflow/dags/create_audit_table.py for tasks to queue
[2025-11-19T12:52:49.045+0000] {logging_mixin.py:188} INFO - [2025-11-19T12:52:49.045+0000] {dagbag.py:538} INFO - Filling up the DagBag from /opt/airflow/dags/create_audit_table.py
[2025-11-19T12:52:49.074+0000] {processor.py:840} INFO - DAG(s) 'create_audit_table' retrieved from /opt/airflow/dags/create_audit_table.py
[2025-11-19T12:52:49.111+0000] {logging_mixin.py:188} INFO - [2025-11-19T12:52:49.110+0000] {dag.py:3036} INFO - Sync 1 DAGs
[2025-11-19T12:52:49.131+0000] {logging_mixin.py:188} INFO - [2025-11-19T12:52:49.131+0000] {dag.py:3823} INFO - Setting next_dagrun for create_audit_table to None, run_after=None
[2025-11-19T12:52:49.167+0000] {processor.py:183} INFO - Processing /opt/airflow/dags/create_audit_table.py took 0.128 seconds
[2025-11-19T12:53:19.900+0000] {processor.py:161} INFO - Started process (PID=379) to work on /opt/airflow/dags/create_audit_table.py
[2025-11-19T12:53:19.902+0000] {processor.py:830} INFO - Processing file /opt/airflow/dags/create_audit_table.py for tasks to queue
[2025-11-19T12:53:19.903+0000] {logging_mixin.py:188} INFO - [2025-11-19T12:53:19.903+0000] {dagbag.py:538} INFO - Filling up the DagBag from /opt/airflow/dags/create_audit_table.py
[2025-11-19T12:53:19.931+0000] {processor.py:840} INFO - DAG(s) 'create_audit_table' retrieved from /opt/airflow/dags/create_audit_table.py
[2025-11-19T12:53:19.965+0000] {logging_mixin.py:188} INFO - [2025-11-19T12:53:19.964+0000] {dag.py:3036} INFO - Sync 1 DAGs
[2025-11-19T12:53:19.980+0000] {logging_mixin.py:188} INFO - [2025-11-19T12:53:19.980+0000] {dag.py:3823} INFO - Setting next_dagrun for create_audit_table to None, run_after=None
[2025-11-19T12:53:20.050+0000] {processor.py:183} INFO - Processing /opt/airflow/dags/create_audit_table.py took 0.155 seconds
[2025-11-19T12:53:50.178+0000] {processor.py:161} INFO - Started process (PID=409) to work on /opt/airflow/dags/create_audit_table.py
[2025-11-19T12:53:50.180+0000] {processor.py:830} INFO - Processing file /opt/airflow/dags/create_audit_table.py for tasks to queue
[2025-11-19T12:53:50.181+0000] {logging_mixin.py:188} INFO - [2025-11-19T12:53:50.181+0000] {dagbag.py:538} INFO - Filling up the DagBag from /opt/airflow/dags/create_audit_table.py
[2025-11-19T12:53:50.208+0000] {processor.py:840} INFO - DAG(s) 'create_audit_table' retrieved from /opt/airflow/dags/create_audit_table.py
[2025-11-19T12:53:50.244+0000] {logging_mixin.py:188} INFO - [2025-11-19T12:53:50.243+0000] {dag.py:3036} INFO - Sync 1 DAGs
[2025-11-19T12:53:50.261+0000] {logging_mixin.py:188} INFO - [2025-11-19T12:53:50.260+0000] {dag.py:3823} INFO - Setting next_dagrun for create_audit_table to None, run_after=None
[2025-11-19T12:53:50.286+0000] {processor.py:183} INFO - Processing /opt/airflow/dags/create_audit_table.py took 0.112 seconds
[2025-11-19T12:54:20.528+0000] {processor.py:161} INFO - Started process (PID=441) to work on /opt/airflow/dags/create_audit_table.py
[2025-11-19T12:54:20.537+0000] {processor.py:830} INFO - Processing file /opt/airflow/dags/create_audit_table.py for tasks to queue
[2025-11-19T12:54:20.540+0000] {logging_mixin.py:188} INFO - [2025-11-19T12:54:20.539+0000] {dagbag.py:538} INFO - Filling up the DagBag from /opt/airflow/dags/create_audit_table.py
[2025-11-19T12:54:20.568+0000] {processor.py:840} INFO - DAG(s) 'create_audit_table' retrieved from /opt/airflow/dags/create_audit_table.py
[2025-11-19T12:54:20.603+0000] {logging_mixin.py:188} INFO - [2025-11-19T12:54:20.603+0000] {dag.py:3036} INFO - Sync 1 DAGs
[2025-11-19T12:54:20.629+0000] {logging_mixin.py:188} INFO - [2025-11-19T12:54:20.629+0000] {dag.py:3823} INFO - Setting next_dagrun for create_audit_table to None, run_after=None
[2025-11-19T12:54:20.668+0000] {processor.py:183} INFO - Processing /opt/airflow/dags/create_audit_table.py took 0.144 seconds
[2025-11-19T12:54:51.424+0000] {processor.py:161} INFO - Started process (PID=471) to work on /opt/airflow/dags/create_audit_table.py
[2025-11-19T12:54:51.426+0000] {processor.py:830} INFO - Processing file /opt/airflow/dags/create_audit_table.py for tasks to queue
[2025-11-19T12:54:51.428+0000] {logging_mixin.py:188} INFO - [2025-11-19T12:54:51.427+0000] {dagbag.py:538} INFO - Filling up the DagBag from /opt/airflow/dags/create_audit_table.py
[2025-11-19T12:54:51.500+0000] {processor.py:840} INFO - DAG(s) 'create_audit_table' retrieved from /opt/airflow/dags/create_audit_table.py
[2025-11-19T12:54:51.578+0000] {logging_mixin.py:188} INFO - [2025-11-19T12:54:51.578+0000] {dag.py:3036} INFO - Sync 1 DAGs
[2025-11-19T12:54:51.606+0000] {logging_mixin.py:188} INFO - [2025-11-19T12:54:51.606+0000] {dag.py:3823} INFO - Setting next_dagrun for create_audit_table to None, run_after=None
[2025-11-19T12:54:51.654+0000] {processor.py:183} INFO - Processing /opt/airflow/dags/create_audit_table.py took 0.235 seconds
[2025-11-19T12:55:21.803+0000] {processor.py:161} INFO - Started process (PID=507) to work on /opt/airflow/dags/create_audit_table.py
[2025-11-19T12:55:21.805+0000] {processor.py:830} INFO - Processing file /opt/airflow/dags/create_audit_table.py for tasks to queue
[2025-11-19T12:55:21.806+0000] {logging_mixin.py:188} INFO - [2025-11-19T12:55:21.806+0000] {dagbag.py:538} INFO - Filling up the DagBag from /opt/airflow/dags/create_audit_table.py
[2025-11-19T12:55:21.855+0000] {processor.py:840} INFO - DAG(s) 'create_audit_table' retrieved from /opt/airflow/dags/create_audit_table.py
[2025-11-19T12:55:21.886+0000] {logging_mixin.py:188} INFO - [2025-11-19T12:55:21.886+0000] {dag.py:3036} INFO - Sync 1 DAGs
[2025-11-19T12:55:21.901+0000] {logging_mixin.py:188} INFO - [2025-11-19T12:55:21.901+0000] {dag.py:3823} INFO - Setting next_dagrun for create_audit_table to None, run_after=None
[2025-11-19T12:55:21.958+0000] {processor.py:183} INFO - Processing /opt/airflow/dags/create_audit_table.py took 0.158 seconds
[2025-11-19T12:55:52.213+0000] {processor.py:161} INFO - Started process (PID=536) to work on /opt/airflow/dags/create_audit_table.py
[2025-11-19T12:55:52.215+0000] {processor.py:830} INFO - Processing file /opt/airflow/dags/create_audit_table.py for tasks to queue
[2025-11-19T12:55:52.217+0000] {logging_mixin.py:188} INFO - [2025-11-19T12:55:52.216+0000] {dagbag.py:538} INFO - Filling up the DagBag from /opt/airflow/dags/create_audit_table.py
[2025-11-19T12:55:52.238+0000] {processor.py:840} INFO - DAG(s) 'create_audit_table' retrieved from /opt/airflow/dags/create_audit_table.py
[2025-11-19T12:55:52.267+0000] {logging_mixin.py:188} INFO - [2025-11-19T12:55:52.267+0000] {dag.py:3036} INFO - Sync 1 DAGs
[2025-11-19T12:55:52.280+0000] {logging_mixin.py:188} INFO - [2025-11-19T12:55:52.280+0000] {dag.py:3823} INFO - Setting next_dagrun for create_audit_table to None, run_after=None
[2025-11-19T12:55:52.302+0000] {processor.py:183} INFO - Processing /opt/airflow/dags/create_audit_table.py took 0.094 seconds
[2025-11-19T12:57:42.337+0000] {processor.py:161} INFO - Started process (PID=190) to work on /opt/airflow/dags/create_audit_table.py
[2025-11-19T12:57:42.339+0000] {processor.py:830} INFO - Processing file /opt/airflow/dags/create_audit_table.py for tasks to queue
[2025-11-19T12:57:42.341+0000] {logging_mixin.py:188} INFO - [2025-11-19T12:57:42.341+0000] {dagbag.py:538} INFO - Filling up the DagBag from /opt/airflow/dags/create_audit_table.py
[2025-11-19T12:57:42.369+0000] {processor.py:840} INFO - DAG(s) 'create_audit_table' retrieved from /opt/airflow/dags/create_audit_table.py
[2025-11-19T12:57:42.518+0000] {logging_mixin.py:188} INFO - [2025-11-19T12:57:42.517+0000] {override.py:1769} INFO - Created Permission View: can edit on DAG:create_audit_table
[2025-11-19T12:57:42.559+0000] {logging_mixin.py:188} INFO - [2025-11-19T12:57:42.559+0000] {override.py:1769} INFO - Created Permission View: can read on DAG:create_audit_table
[2025-11-19T12:57:42.600+0000] {logging_mixin.py:188} INFO - [2025-11-19T12:57:42.599+0000] {override.py:1769} INFO - Created Permission View: can delete on DAG:create_audit_table
[2025-11-19T12:57:42.601+0000] {logging_mixin.py:188} INFO - [2025-11-19T12:57:42.601+0000] {dag.py:3036} INFO - Sync 1 DAGs
[2025-11-19T12:57:42.624+0000] {logging_mixin.py:188} INFO - [2025-11-19T12:57:42.623+0000] {dag.py:3058} INFO - Creating ORM DAG for create_audit_table
[2025-11-19T12:57:42.627+0000] {logging_mixin.py:188} INFO - [2025-11-19T12:57:42.627+0000] {dag.py:3823} INFO - Setting next_dagrun for create_audit_table to None, run_after=None
[2025-11-19T12:57:42.678+0000] {processor.py:183} INFO - Processing /opt/airflow/dags/create_audit_table.py took 0.347 seconds
[2025-11-19T12:58:18.352+0000] {processor.py:161} INFO - Started process (PID=223) to work on /opt/airflow/dags/create_audit_table.py
[2025-11-19T12:58:18.414+0000] {processor.py:830} INFO - Processing file /opt/airflow/dags/create_audit_table.py for tasks to queue
[2025-11-19T12:58:18.423+0000] {logging_mixin.py:188} INFO - [2025-11-19T12:58:18.422+0000] {dagbag.py:538} INFO - Filling up the DagBag from /opt/airflow/dags/create_audit_table.py
[2025-11-19T12:58:19.981+0000] {processor.py:840} INFO - DAG(s) 'create_audit_table' retrieved from /opt/airflow/dags/create_audit_table.py
[2025-11-19T12:58:20.428+0000] {logging_mixin.py:188} INFO - [2025-11-19T12:58:20.427+0000] {dag.py:3036} INFO - Sync 1 DAGs
[2025-11-19T12:58:20.503+0000] {logging_mixin.py:188} INFO - [2025-11-19T12:58:20.503+0000] {dag.py:3823} INFO - Setting next_dagrun for create_audit_table to None, run_after=None
[2025-11-19T12:58:20.685+0000] {processor.py:183} INFO - Processing /opt/airflow/dags/create_audit_table.py took 2.339 seconds
[2025-11-19T12:58:51.609+0000] {processor.py:161} INFO - Started process (PID=255) to work on /opt/airflow/dags/create_audit_table.py
[2025-11-19T12:58:51.612+0000] {processor.py:830} INFO - Processing file /opt/airflow/dags/create_audit_table.py for tasks to queue
[2025-11-19T12:58:51.614+0000] {logging_mixin.py:188} INFO - [2025-11-19T12:58:51.614+0000] {dagbag.py:538} INFO - Filling up the DagBag from /opt/airflow/dags/create_audit_table.py
[2025-11-19T12:58:51.647+0000] {processor.py:840} INFO - DAG(s) 'create_audit_table' retrieved from /opt/airflow/dags/create_audit_table.py
[2025-11-19T12:58:51.719+0000] {logging_mixin.py:188} INFO - [2025-11-19T12:58:51.719+0000] {dag.py:3036} INFO - Sync 1 DAGs
[2025-11-19T12:58:51.748+0000] {logging_mixin.py:188} INFO - [2025-11-19T12:58:51.747+0000] {dag.py:3823} INFO - Setting next_dagrun for create_audit_table to None, run_after=None
[2025-11-19T12:58:51.811+0000] {processor.py:183} INFO - Processing /opt/airflow/dags/create_audit_table.py took 0.215 seconds
[2025-11-19T12:59:22.126+0000] {processor.py:161} INFO - Started process (PID=289) to work on /opt/airflow/dags/create_audit_table.py
[2025-11-19T12:59:22.129+0000] {processor.py:830} INFO - Processing file /opt/airflow/dags/create_audit_table.py for tasks to queue
[2025-11-19T12:59:22.131+0000] {logging_mixin.py:188} INFO - [2025-11-19T12:59:22.130+0000] {dagbag.py:538} INFO - Filling up the DagBag from /opt/airflow/dags/create_audit_table.py
[2025-11-19T12:59:22.195+0000] {processor.py:840} INFO - DAG(s) 'create_audit_table' retrieved from /opt/airflow/dags/create_audit_table.py
[2025-11-19T12:59:22.276+0000] {logging_mixin.py:188} INFO - [2025-11-19T12:59:22.276+0000] {dag.py:3036} INFO - Sync 1 DAGs
[2025-11-19T12:59:22.299+0000] {logging_mixin.py:188} INFO - [2025-11-19T12:59:22.299+0000] {dag.py:3823} INFO - Setting next_dagrun for create_audit_table to None, run_after=None
[2025-11-19T12:59:22.340+0000] {processor.py:183} INFO - Processing /opt/airflow/dags/create_audit_table.py took 0.219 seconds
[2025-11-19T12:59:52.856+0000] {processor.py:161} INFO - Started process (PID=319) to work on /opt/airflow/dags/create_audit_table.py
[2025-11-19T12:59:52.859+0000] {processor.py:830} INFO - Processing file /opt/airflow/dags/create_audit_table.py for tasks to queue
[2025-11-19T12:59:52.860+0000] {logging_mixin.py:188} INFO - [2025-11-19T12:59:52.860+0000] {dagbag.py:538} INFO - Filling up the DagBag from /opt/airflow/dags/create_audit_table.py
[2025-11-19T12:59:52.889+0000] {processor.py:840} INFO - DAG(s) 'create_audit_table' retrieved from /opt/airflow/dags/create_audit_table.py
[2025-11-19T12:59:52.957+0000] {logging_mixin.py:188} INFO - [2025-11-19T12:59:52.956+0000] {dag.py:3036} INFO - Sync 1 DAGs
[2025-11-19T12:59:52.984+0000] {logging_mixin.py:188} INFO - [2025-11-19T12:59:52.984+0000] {dag.py:3823} INFO - Setting next_dagrun for create_audit_table to None, run_after=None
[2025-11-19T12:59:53.044+0000] {processor.py:183} INFO - Processing /opt/airflow/dags/create_audit_table.py took 0.195 seconds
[2025-11-19T13:00:23.397+0000] {processor.py:161} INFO - Started process (PID=350) to work on /opt/airflow/dags/create_audit_table.py
[2025-11-19T13:00:23.399+0000] {processor.py:830} INFO - Processing file /opt/airflow/dags/create_audit_table.py for tasks to queue
[2025-11-19T13:00:23.400+0000] {logging_mixin.py:188} INFO - [2025-11-19T13:00:23.400+0000] {dagbag.py:538} INFO - Filling up the DagBag from /opt/airflow/dags/create_audit_table.py
[2025-11-19T13:00:23.446+0000] {processor.py:840} INFO - DAG(s) 'create_audit_table' retrieved from /opt/airflow/dags/create_audit_table.py
[2025-11-19T13:00:23.485+0000] {logging_mixin.py:188} INFO - [2025-11-19T13:00:23.485+0000] {dag.py:3036} INFO - Sync 1 DAGs
[2025-11-19T13:00:23.501+0000] {logging_mixin.py:188} INFO - [2025-11-19T13:00:23.500+0000] {dag.py:3823} INFO - Setting next_dagrun for create_audit_table to None, run_after=None
[2025-11-19T13:00:23.529+0000] {processor.py:183} INFO - Processing /opt/airflow/dags/create_audit_table.py took 0.136 seconds
[2025-11-19T13:00:54.574+0000] {processor.py:161} INFO - Started process (PID=380) to work on /opt/airflow/dags/create_audit_table.py
[2025-11-19T13:00:54.583+0000] {processor.py:830} INFO - Processing file /opt/airflow/dags/create_audit_table.py for tasks to queue
[2025-11-19T13:00:54.592+0000] {logging_mixin.py:188} INFO - [2025-11-19T13:00:54.591+0000] {dagbag.py:538} INFO - Filling up the DagBag from /opt/airflow/dags/create_audit_table.py
[2025-11-19T13:00:54.805+0000] {processor.py:840} INFO - DAG(s) 'create_audit_table' retrieved from /opt/airflow/dags/create_audit_table.py
[2025-11-19T13:00:54.921+0000] {logging_mixin.py:188} INFO - [2025-11-19T13:00:54.920+0000] {dag.py:3036} INFO - Sync 1 DAGs
[2025-11-19T13:00:54.991+0000] {logging_mixin.py:188} INFO - [2025-11-19T13:00:54.990+0000] {dag.py:3823} INFO - Setting next_dagrun for create_audit_table to None, run_after=None
[2025-11-19T13:00:55.243+0000] {processor.py:183} INFO - Processing /opt/airflow/dags/create_audit_table.py took 0.675 seconds
[2025-11-19T13:01:25.749+0000] {processor.py:161} INFO - Started process (PID=417) to work on /opt/airflow/dags/create_audit_table.py
[2025-11-19T13:01:25.751+0000] {processor.py:830} INFO - Processing file /opt/airflow/dags/create_audit_table.py for tasks to queue
[2025-11-19T13:01:25.754+0000] {logging_mixin.py:188} INFO - [2025-11-19T13:01:25.753+0000] {dagbag.py:538} INFO - Filling up the DagBag from /opt/airflow/dags/create_audit_table.py
[2025-11-19T13:01:25.883+0000] {processor.py:840} INFO - DAG(s) 'create_audit_table' retrieved from /opt/airflow/dags/create_audit_table.py
[2025-11-19T13:01:26.029+0000] {logging_mixin.py:188} INFO - [2025-11-19T13:01:26.028+0000] {dag.py:3036} INFO - Sync 1 DAGs
[2025-11-19T13:01:26.082+0000] {logging_mixin.py:188} INFO - [2025-11-19T13:01:26.082+0000] {dag.py:3823} INFO - Setting next_dagrun for create_audit_table to None, run_after=None
[2025-11-19T13:01:26.170+0000] {processor.py:183} INFO - Processing /opt/airflow/dags/create_audit_table.py took 0.433 seconds
[2025-11-19T13:01:56.881+0000] {processor.py:161} INFO - Started process (PID=449) to work on /opt/airflow/dags/create_audit_table.py
[2025-11-19T13:01:56.882+0000] {processor.py:830} INFO - Processing file /opt/airflow/dags/create_audit_table.py for tasks to queue
[2025-11-19T13:01:56.883+0000] {logging_mixin.py:188} INFO - [2025-11-19T13:01:56.883+0000] {dagbag.py:538} INFO - Filling up the DagBag from /opt/airflow/dags/create_audit_table.py
[2025-11-19T13:01:56.900+0000] {processor.py:840} INFO - DAG(s) 'create_audit_table' retrieved from /opt/airflow/dags/create_audit_table.py
[2025-11-19T13:01:56.927+0000] {logging_mixin.py:188} INFO - [2025-11-19T13:01:56.927+0000] {dag.py:3036} INFO - Sync 1 DAGs
[2025-11-19T13:01:56.941+0000] {logging_mixin.py:188} INFO - [2025-11-19T13:01:56.941+0000] {dag.py:3823} INFO - Setting next_dagrun for create_audit_table to None, run_after=None
[2025-11-19T13:01:56.971+0000] {processor.py:183} INFO - Processing /opt/airflow/dags/create_audit_table.py took 0.093 seconds
[2025-11-19T13:02:27.882+0000] {processor.py:161} INFO - Started process (PID=479) to work on /opt/airflow/dags/create_audit_table.py
[2025-11-19T13:02:27.896+0000] {processor.py:830} INFO - Processing file /opt/airflow/dags/create_audit_table.py for tasks to queue
[2025-11-19T13:02:27.916+0000] {logging_mixin.py:188} INFO - [2025-11-19T13:02:27.915+0000] {dagbag.py:538} INFO - Filling up the DagBag from /opt/airflow/dags/create_audit_table.py
[2025-11-19T13:02:27.990+0000] {processor.py:840} INFO - DAG(s) 'create_audit_table' retrieved from /opt/airflow/dags/create_audit_table.py
[2025-11-19T13:02:28.032+0000] {logging_mixin.py:188} INFO - [2025-11-19T13:02:28.032+0000] {dag.py:3036} INFO - Sync 1 DAGs
[2025-11-19T13:02:28.054+0000] {logging_mixin.py:188} INFO - [2025-11-19T13:02:28.054+0000] {dag.py:3823} INFO - Setting next_dagrun for create_audit_table to None, run_after=None
[2025-11-19T13:02:28.091+0000] {processor.py:183} INFO - Processing /opt/airflow/dags/create_audit_table.py took 0.225 seconds
[2025-11-19T13:02:58.250+0000] {processor.py:161} INFO - Started process (PID=509) to work on /opt/airflow/dags/create_audit_table.py
[2025-11-19T13:02:58.259+0000] {processor.py:830} INFO - Processing file /opt/airflow/dags/create_audit_table.py for tasks to queue
[2025-11-19T13:02:58.261+0000] {logging_mixin.py:188} INFO - [2025-11-19T13:02:58.261+0000] {dagbag.py:538} INFO - Filling up the DagBag from /opt/airflow/dags/create_audit_table.py
[2025-11-19T13:02:58.294+0000] {processor.py:840} INFO - DAG(s) 'create_audit_table' retrieved from /opt/airflow/dags/create_audit_table.py
[2025-11-19T13:02:58.377+0000] {logging_mixin.py:188} INFO - [2025-11-19T13:02:58.376+0000] {dag.py:3036} INFO - Sync 1 DAGs
[2025-11-19T13:02:58.406+0000] {logging_mixin.py:188} INFO - [2025-11-19T13:02:58.406+0000] {dag.py:3823} INFO - Setting next_dagrun for create_audit_table to None, run_after=None
[2025-11-19T13:02:58.453+0000] {processor.py:183} INFO - Processing /opt/airflow/dags/create_audit_table.py took 0.209 seconds
[2025-11-19T13:03:32.919+0000] {processor.py:161} INFO - Started process (PID=537) to work on /opt/airflow/dags/create_audit_table.py
[2025-11-19T13:03:32.958+0000] {processor.py:830} INFO - Processing file /opt/airflow/dags/create_audit_table.py for tasks to queue
[2025-11-19T13:03:32.963+0000] {logging_mixin.py:188} INFO - [2025-11-19T13:03:32.962+0000] {dagbag.py:538} INFO - Filling up the DagBag from /opt/airflow/dags/create_audit_table.py
[2025-11-19T13:03:33.729+0000] {processor.py:840} INFO - DAG(s) 'create_audit_table' retrieved from /opt/airflow/dags/create_audit_table.py
[2025-11-19T13:03:33.894+0000] {logging_mixin.py:188} INFO - [2025-11-19T13:03:33.894+0000] {dag.py:3036} INFO - Sync 1 DAGs
[2025-11-19T13:03:33.970+0000] {logging_mixin.py:188} INFO - [2025-11-19T13:03:33.970+0000] {dag.py:3823} INFO - Setting next_dagrun for create_audit_table to None, run_after=None
[2025-11-19T13:03:34.124+0000] {processor.py:183} INFO - Processing /opt/airflow/dags/create_audit_table.py took 1.216 seconds
[2025-11-19T13:04:04.908+0000] {processor.py:161} INFO - Started process (PID=569) to work on /opt/airflow/dags/create_audit_table.py
[2025-11-19T13:04:04.911+0000] {processor.py:830} INFO - Processing file /opt/airflow/dags/create_audit_table.py for tasks to queue
[2025-11-19T13:04:04.920+0000] {logging_mixin.py:188} INFO - [2025-11-19T13:04:04.919+0000] {dagbag.py:538} INFO - Filling up the DagBag from /opt/airflow/dags/create_audit_table.py
[2025-11-19T13:04:04.961+0000] {processor.py:840} INFO - DAG(s) 'create_audit_table' retrieved from /opt/airflow/dags/create_audit_table.py
[2025-11-19T13:04:05.023+0000] {logging_mixin.py:188} INFO - [2025-11-19T13:04:05.023+0000] {dag.py:3036} INFO - Sync 1 DAGs
[2025-11-19T13:04:05.075+0000] {logging_mixin.py:188} INFO - [2025-11-19T13:04:05.075+0000] {dag.py:3823} INFO - Setting next_dagrun for create_audit_table to None, run_after=None
[2025-11-19T13:04:05.168+0000] {processor.py:183} INFO - Processing /opt/airflow/dags/create_audit_table.py took 0.266 seconds
[2025-11-19T13:04:36.247+0000] {processor.py:161} INFO - Started process (PID=597) to work on /opt/airflow/dags/create_audit_table.py
[2025-11-19T13:04:36.331+0000] {processor.py:830} INFO - Processing file /opt/airflow/dags/create_audit_table.py for tasks to queue
[2025-11-19T13:04:36.359+0000] {logging_mixin.py:188} INFO - [2025-11-19T13:04:36.359+0000] {dagbag.py:538} INFO - Filling up the DagBag from /opt/airflow/dags/create_audit_table.py
[2025-11-19T13:04:36.663+0000] {processor.py:840} INFO - DAG(s) 'create_audit_table' retrieved from /opt/airflow/dags/create_audit_table.py
[2025-11-19T13:04:36.850+0000] {logging_mixin.py:188} INFO - [2025-11-19T13:04:36.849+0000] {dag.py:3036} INFO - Sync 1 DAGs
[2025-11-19T13:04:36.914+0000] {logging_mixin.py:188} INFO - [2025-11-19T13:04:36.914+0000] {dag.py:3823} INFO - Setting next_dagrun for create_audit_table to None, run_after=None
[2025-11-19T13:04:37.049+0000] {processor.py:183} INFO - Processing /opt/airflow/dags/create_audit_table.py took 0.984 seconds
[2025-11-19T13:05:07.848+0000] {processor.py:161} INFO - Started process (PID=627) to work on /opt/airflow/dags/create_audit_table.py
[2025-11-19T13:05:07.861+0000] {processor.py:830} INFO - Processing file /opt/airflow/dags/create_audit_table.py for tasks to queue
[2025-11-19T13:05:07.866+0000] {logging_mixin.py:188} INFO - [2025-11-19T13:05:07.865+0000] {dagbag.py:538} INFO - Filling up the DagBag from /opt/airflow/dags/create_audit_table.py
[2025-11-19T13:05:07.962+0000] {processor.py:840} INFO - DAG(s) 'create_audit_table' retrieved from /opt/airflow/dags/create_audit_table.py
[2025-11-19T13:05:08.105+0000] {logging_mixin.py:188} INFO - [2025-11-19T13:05:08.105+0000] {dag.py:3036} INFO - Sync 1 DAGs
[2025-11-19T13:05:08.213+0000] {logging_mixin.py:188} INFO - [2025-11-19T13:05:08.211+0000] {dag.py:3823} INFO - Setting next_dagrun for create_audit_table to None, run_after=None
[2025-11-19T13:05:08.342+0000] {processor.py:183} INFO - Processing /opt/airflow/dags/create_audit_table.py took 0.511 seconds
[2025-11-19T13:05:38.836+0000] {processor.py:161} INFO - Started process (PID=657) to work on /opt/airflow/dags/create_audit_table.py
[2025-11-19T13:05:38.838+0000] {processor.py:830} INFO - Processing file /opt/airflow/dags/create_audit_table.py for tasks to queue
[2025-11-19T13:05:38.841+0000] {logging_mixin.py:188} INFO - [2025-11-19T13:05:38.840+0000] {dagbag.py:538} INFO - Filling up the DagBag from /opt/airflow/dags/create_audit_table.py
[2025-11-19T13:05:38.873+0000] {processor.py:840} INFO - DAG(s) 'create_audit_table' retrieved from /opt/airflow/dags/create_audit_table.py
[2025-11-19T13:05:38.953+0000] {logging_mixin.py:188} INFO - [2025-11-19T13:05:38.953+0000] {dag.py:3036} INFO - Sync 1 DAGs
[2025-11-19T13:05:38.973+0000] {logging_mixin.py:188} INFO - [2025-11-19T13:05:38.973+0000] {dag.py:3823} INFO - Setting next_dagrun for create_audit_table to None, run_after=None
[2025-11-19T13:05:39.032+0000] {processor.py:183} INFO - Processing /opt/airflow/dags/create_audit_table.py took 0.201 seconds
[2025-11-19T13:06:09.186+0000] {processor.py:161} INFO - Started process (PID=687) to work on /opt/airflow/dags/create_audit_table.py
[2025-11-19T13:06:09.188+0000] {processor.py:830} INFO - Processing file /opt/airflow/dags/create_audit_table.py for tasks to queue
[2025-11-19T13:06:09.194+0000] {logging_mixin.py:188} INFO - [2025-11-19T13:06:09.192+0000] {dagbag.py:538} INFO - Filling up the DagBag from /opt/airflow/dags/create_audit_table.py
[2025-11-19T13:06:09.250+0000] {processor.py:840} INFO - DAG(s) 'create_audit_table' retrieved from /opt/airflow/dags/create_audit_table.py
[2025-11-19T13:06:09.333+0000] {logging_mixin.py:188} INFO - [2025-11-19T13:06:09.333+0000] {dag.py:3036} INFO - Sync 1 DAGs
[2025-11-19T13:06:09.370+0000] {logging_mixin.py:188} INFO - [2025-11-19T13:06:09.370+0000] {dag.py:3823} INFO - Setting next_dagrun for create_audit_table to None, run_after=None
[2025-11-19T13:06:09.429+0000] {processor.py:183} INFO - Processing /opt/airflow/dags/create_audit_table.py took 0.247 seconds
[2025-11-19T13:06:40.401+0000] {processor.py:161} INFO - Started process (PID=719) to work on /opt/airflow/dags/create_audit_table.py
[2025-11-19T13:06:40.472+0000] {processor.py:830} INFO - Processing file /opt/airflow/dags/create_audit_table.py for tasks to queue
[2025-11-19T13:06:40.487+0000] {logging_mixin.py:188} INFO - [2025-11-19T13:06:40.484+0000] {dagbag.py:538} INFO - Filling up the DagBag from /opt/airflow/dags/create_audit_table.py
[2025-11-19T13:06:40.774+0000] {processor.py:840} INFO - DAG(s) 'create_audit_table' retrieved from /opt/airflow/dags/create_audit_table.py
[2025-11-19T13:06:40.907+0000] {logging_mixin.py:188} INFO - [2025-11-19T13:06:40.906+0000] {dag.py:3036} INFO - Sync 1 DAGs
[2025-11-19T13:06:41.100+0000] {logging_mixin.py:188} INFO - [2025-11-19T13:06:41.100+0000] {dag.py:3823} INFO - Setting next_dagrun for create_audit_table to None, run_after=None
[2025-11-19T13:06:41.185+0000] {processor.py:183} INFO - Processing /opt/airflow/dags/create_audit_table.py took 0.793 seconds
[2025-11-19T13:07:11.505+0000] {processor.py:161} INFO - Started process (PID=749) to work on /opt/airflow/dags/create_audit_table.py
[2025-11-19T13:07:11.507+0000] {processor.py:830} INFO - Processing file /opt/airflow/dags/create_audit_table.py for tasks to queue
[2025-11-19T13:07:11.509+0000] {logging_mixin.py:188} INFO - [2025-11-19T13:07:11.509+0000] {dagbag.py:538} INFO - Filling up the DagBag from /opt/airflow/dags/create_audit_table.py
[2025-11-19T13:07:11.550+0000] {processor.py:840} INFO - DAG(s) 'create_audit_table' retrieved from /opt/airflow/dags/create_audit_table.py
[2025-11-19T13:07:11.587+0000] {logging_mixin.py:188} INFO - [2025-11-19T13:07:11.587+0000] {dag.py:3036} INFO - Sync 1 DAGs
[2025-11-19T13:07:11.601+0000] {logging_mixin.py:188} INFO - [2025-11-19T13:07:11.601+0000] {dag.py:3823} INFO - Setting next_dagrun for create_audit_table to None, run_after=None
[2025-11-19T13:07:11.684+0000] {processor.py:183} INFO - Processing /opt/airflow/dags/create_audit_table.py took 0.185 seconds
[2025-11-19T13:07:42.413+0000] {processor.py:161} INFO - Started process (PID=779) to work on /opt/airflow/dags/create_audit_table.py
[2025-11-19T13:07:42.473+0000] {processor.py:830} INFO - Processing file /opt/airflow/dags/create_audit_table.py for tasks to queue
[2025-11-19T13:07:42.515+0000] {logging_mixin.py:188} INFO - [2025-11-19T13:07:42.514+0000] {dagbag.py:538} INFO - Filling up the DagBag from /opt/airflow/dags/create_audit_table.py
[2025-11-19T13:07:42.728+0000] {processor.py:840} INFO - DAG(s) 'create_audit_table' retrieved from /opt/airflow/dags/create_audit_table.py
[2025-11-19T13:07:42.917+0000] {logging_mixin.py:188} INFO - [2025-11-19T13:07:42.916+0000] {dag.py:3036} INFO - Sync 1 DAGs
[2025-11-19T13:07:42.965+0000] {logging_mixin.py:188} INFO - [2025-11-19T13:07:42.965+0000] {dag.py:3823} INFO - Setting next_dagrun for create_audit_table to None, run_after=None
[2025-11-19T13:07:43.089+0000] {processor.py:183} INFO - Processing /opt/airflow/dags/create_audit_table.py took 0.700 seconds
[2025-11-19T13:08:14.330+0000] {processor.py:161} INFO - Started process (PID=809) to work on /opt/airflow/dags/create_audit_table.py
[2025-11-19T13:08:14.333+0000] {processor.py:830} INFO - Processing file /opt/airflow/dags/create_audit_table.py for tasks to queue
[2025-11-19T13:08:14.335+0000] {logging_mixin.py:188} INFO - [2025-11-19T13:08:14.335+0000] {dagbag.py:538} INFO - Filling up the DagBag from /opt/airflow/dags/create_audit_table.py
[2025-11-19T13:08:14.371+0000] {processor.py:840} INFO - DAG(s) 'create_audit_table' retrieved from /opt/airflow/dags/create_audit_table.py
[2025-11-19T13:08:14.419+0000] {logging_mixin.py:188} INFO - [2025-11-19T13:08:14.418+0000] {dag.py:3036} INFO - Sync 1 DAGs
[2025-11-19T13:08:14.449+0000] {logging_mixin.py:188} INFO - [2025-11-19T13:08:14.448+0000] {dag.py:3823} INFO - Setting next_dagrun for create_audit_table to None, run_after=None
[2025-11-19T13:08:14.531+0000] {processor.py:183} INFO - Processing /opt/airflow/dags/create_audit_table.py took 0.205 seconds
[2025-11-19T13:08:46.029+0000] {processor.py:161} INFO - Started process (PID=839) to work on /opt/airflow/dags/create_audit_table.py
[2025-11-19T13:08:46.159+0000] {processor.py:830} INFO - Processing file /opt/airflow/dags/create_audit_table.py for tasks to queue
[2025-11-19T13:08:46.161+0000] {logging_mixin.py:188} INFO - [2025-11-19T13:08:46.161+0000] {dagbag.py:538} INFO - Filling up the DagBag from /opt/airflow/dags/create_audit_table.py
[2025-11-19T13:08:46.206+0000] {processor.py:840} INFO - DAG(s) 'create_audit_table' retrieved from /opt/airflow/dags/create_audit_table.py
[2025-11-19T13:08:46.239+0000] {logging_mixin.py:188} INFO - [2025-11-19T13:08:46.239+0000] {dag.py:3036} INFO - Sync 1 DAGs
[2025-11-19T13:08:46.251+0000] {logging_mixin.py:188} INFO - [2025-11-19T13:08:46.251+0000] {dag.py:3823} INFO - Setting next_dagrun for create_audit_table to None, run_after=None
[2025-11-19T13:08:46.656+0000] {processor.py:183} INFO - Processing /opt/airflow/dags/create_audit_table.py took 0.631 seconds
[2025-11-19T13:09:16.978+0000] {processor.py:161} INFO - Started process (PID=869) to work on /opt/airflow/dags/create_audit_table.py
[2025-11-19T13:09:16.980+0000] {processor.py:830} INFO - Processing file /opt/airflow/dags/create_audit_table.py for tasks to queue
[2025-11-19T13:09:16.981+0000] {logging_mixin.py:188} INFO - [2025-11-19T13:09:16.981+0000] {dagbag.py:538} INFO - Filling up the DagBag from /opt/airflow/dags/create_audit_table.py
[2025-11-19T13:09:17.005+0000] {processor.py:840} INFO - DAG(s) 'create_audit_table' retrieved from /opt/airflow/dags/create_audit_table.py
[2025-11-19T13:09:17.036+0000] {logging_mixin.py:188} INFO - [2025-11-19T13:09:17.036+0000] {dag.py:3036} INFO - Sync 1 DAGs
[2025-11-19T13:09:17.055+0000] {logging_mixin.py:188} INFO - [2025-11-19T13:09:17.055+0000] {dag.py:3823} INFO - Setting next_dagrun for create_audit_table to None, run_after=None
[2025-11-19T13:09:17.084+0000] {processor.py:183} INFO - Processing /opt/airflow/dags/create_audit_table.py took 0.112 seconds
[2025-11-19T13:09:52.113+0000] {processor.py:161} INFO - Started process (PID=897) to work on /opt/airflow/dags/create_audit_table.py
[2025-11-19T13:09:52.145+0000] {processor.py:830} INFO - Processing file /opt/airflow/dags/create_audit_table.py for tasks to queue
[2025-11-19T13:09:52.198+0000] {logging_mixin.py:188} INFO - [2025-11-19T13:09:52.198+0000] {dagbag.py:538} INFO - Filling up the DagBag from /opt/airflow/dags/create_audit_table.py
[2025-11-19T13:09:53.187+0000] {processor.py:840} INFO - DAG(s) 'create_audit_table' retrieved from /opt/airflow/dags/create_audit_table.py
[2025-11-19T13:09:53.431+0000] {logging_mixin.py:188} INFO - [2025-11-19T13:09:53.431+0000] {dag.py:3036} INFO - Sync 1 DAGs
[2025-11-19T13:09:53.514+0000] {logging_mixin.py:188} INFO - [2025-11-19T13:09:53.513+0000] {dag.py:3823} INFO - Setting next_dagrun for create_audit_table to None, run_after=None
[2025-11-19T13:09:53.695+0000] {processor.py:183} INFO - Processing /opt/airflow/dags/create_audit_table.py took 1.609 seconds
[2025-11-19T13:10:24.456+0000] {processor.py:161} INFO - Started process (PID=929) to work on /opt/airflow/dags/create_audit_table.py
[2025-11-19T13:10:24.459+0000] {processor.py:830} INFO - Processing file /opt/airflow/dags/create_audit_table.py for tasks to queue
[2025-11-19T13:10:24.461+0000] {logging_mixin.py:188} INFO - [2025-11-19T13:10:24.461+0000] {dagbag.py:538} INFO - Filling up the DagBag from /opt/airflow/dags/create_audit_table.py
[2025-11-19T13:10:24.497+0000] {processor.py:840} INFO - DAG(s) 'create_audit_table' retrieved from /opt/airflow/dags/create_audit_table.py
[2025-11-19T13:10:24.531+0000] {logging_mixin.py:188} INFO - [2025-11-19T13:10:24.531+0000] {dag.py:3036} INFO - Sync 1 DAGs
[2025-11-19T13:10:24.548+0000] {logging_mixin.py:188} INFO - [2025-11-19T13:10:24.548+0000] {dag.py:3823} INFO - Setting next_dagrun for create_audit_table to None, run_after=None
[2025-11-19T13:10:24.582+0000] {processor.py:183} INFO - Processing /opt/airflow/dags/create_audit_table.py took 0.131 seconds
[2025-11-19T13:10:55.357+0000] {processor.py:161} INFO - Started process (PID=957) to work on /opt/airflow/dags/create_audit_table.py
[2025-11-19T13:10:55.376+0000] {processor.py:830} INFO - Processing file /opt/airflow/dags/create_audit_table.py for tasks to queue
[2025-11-19T13:10:55.389+0000] {logging_mixin.py:188} INFO - [2025-11-19T13:10:55.388+0000] {dagbag.py:538} INFO - Filling up the DagBag from /opt/airflow/dags/create_audit_table.py
[2025-11-19T13:10:55.842+0000] {processor.py:840} INFO - DAG(s) 'create_audit_table' retrieved from /opt/airflow/dags/create_audit_table.py
[2025-11-19T13:10:56.275+0000] {logging_mixin.py:188} INFO - [2025-11-19T13:10:56.265+0000] {dag.py:3036} INFO - Sync 1 DAGs
[2025-11-19T13:10:56.439+0000] {logging_mixin.py:188} INFO - [2025-11-19T13:10:56.438+0000] {dag.py:3823} INFO - Setting next_dagrun for create_audit_table to None, run_after=None
[2025-11-19T13:10:56.739+0000] {processor.py:183} INFO - Processing /opt/airflow/dags/create_audit_table.py took 1.403 seconds
[2025-11-19T13:11:27.837+0000] {processor.py:161} INFO - Started process (PID=987) to work on /opt/airflow/dags/create_audit_table.py
[2025-11-19T13:11:27.845+0000] {processor.py:830} INFO - Processing file /opt/airflow/dags/create_audit_table.py for tasks to queue
[2025-11-19T13:11:27.853+0000] {logging_mixin.py:188} INFO - [2025-11-19T13:11:27.853+0000] {dagbag.py:538} INFO - Filling up the DagBag from /opt/airflow/dags/create_audit_table.py
[2025-11-19T13:11:28.693+0000] {processor.py:840} INFO - DAG(s) 'create_audit_table' retrieved from /opt/airflow/dags/create_audit_table.py
[2025-11-19T13:11:28.866+0000] {logging_mixin.py:188} INFO - [2025-11-19T13:11:28.856+0000] {dag.py:3036} INFO - Sync 1 DAGs
[2025-11-19T13:11:28.947+0000] {logging_mixin.py:188} INFO - [2025-11-19T13:11:28.946+0000] {dag.py:3823} INFO - Setting next_dagrun for create_audit_table to None, run_after=None
[2025-11-19T13:11:29.075+0000] {processor.py:183} INFO - Processing /opt/airflow/dags/create_audit_table.py took 1.256 seconds
[2025-11-19T13:12:00.301+0000] {processor.py:161} INFO - Started process (PID=1018) to work on /opt/airflow/dags/create_audit_table.py
[2025-11-19T13:12:00.313+0000] {processor.py:830} INFO - Processing file /opt/airflow/dags/create_audit_table.py for tasks to queue
[2025-11-19T13:12:00.329+0000] {logging_mixin.py:188} INFO - [2025-11-19T13:12:00.329+0000] {dagbag.py:538} INFO - Filling up the DagBag from /opt/airflow/dags/create_audit_table.py
[2025-11-19T13:12:00.563+0000] {processor.py:840} INFO - DAG(s) 'create_audit_table' retrieved from /opt/airflow/dags/create_audit_table.py
[2025-11-19T13:12:00.789+0000] {logging_mixin.py:188} INFO - [2025-11-19T13:12:00.778+0000] {dag.py:3036} INFO - Sync 1 DAGs
[2025-11-19T13:12:00.904+0000] {logging_mixin.py:188} INFO - [2025-11-19T13:12:00.904+0000] {dag.py:3823} INFO - Setting next_dagrun for create_audit_table to None, run_after=None
[2025-11-19T13:12:01.134+0000] {processor.py:183} INFO - Processing /opt/airflow/dags/create_audit_table.py took 0.866 seconds
[2025-11-19T13:12:32.955+0000] {processor.py:161} INFO - Started process (PID=1055) to work on /opt/airflow/dags/create_audit_table.py
[2025-11-19T13:12:32.961+0000] {processor.py:830} INFO - Processing file /opt/airflow/dags/create_audit_table.py for tasks to queue
[2025-11-19T13:12:32.973+0000] {logging_mixin.py:188} INFO - [2025-11-19T13:12:32.972+0000] {dagbag.py:538} INFO - Filling up the DagBag from /opt/airflow/dags/create_audit_table.py
[2025-11-19T13:12:33.121+0000] {processor.py:840} INFO - DAG(s) 'create_audit_table' retrieved from /opt/airflow/dags/create_audit_table.py
[2025-11-19T13:12:33.288+0000] {logging_mixin.py:188} INFO - [2025-11-19T13:12:33.287+0000] {dag.py:3036} INFO - Sync 1 DAGs
[2025-11-19T13:12:33.398+0000] {logging_mixin.py:188} INFO - [2025-11-19T13:12:33.397+0000] {dag.py:3823} INFO - Setting next_dagrun for create_audit_table to None, run_after=None
[2025-11-19T13:12:33.552+0000] {processor.py:183} INFO - Processing /opt/airflow/dags/create_audit_table.py took 0.602 seconds
[2025-11-19T13:13:04.581+0000] {processor.py:161} INFO - Started process (PID=1087) to work on /opt/airflow/dags/create_audit_table.py
[2025-11-19T13:13:04.583+0000] {processor.py:830} INFO - Processing file /opt/airflow/dags/create_audit_table.py for tasks to queue
[2025-11-19T13:13:04.586+0000] {logging_mixin.py:188} INFO - [2025-11-19T13:13:04.585+0000] {dagbag.py:538} INFO - Filling up the DagBag from /opt/airflow/dags/create_audit_table.py
[2025-11-19T13:13:04.610+0000] {processor.py:840} INFO - DAG(s) 'create_audit_table' retrieved from /opt/airflow/dags/create_audit_table.py
[2025-11-19T13:13:04.660+0000] {logging_mixin.py:188} INFO - [2025-11-19T13:13:04.659+0000] {dag.py:3036} INFO - Sync 1 DAGs
[2025-11-19T13:13:04.687+0000] {logging_mixin.py:188} INFO - [2025-11-19T13:13:04.686+0000] {dag.py:3823} INFO - Setting next_dagrun for create_audit_table to None, run_after=None
[2025-11-19T13:13:04.727+0000] {processor.py:183} INFO - Processing /opt/airflow/dags/create_audit_table.py took 0.151 seconds
[2025-11-19T13:13:35.454+0000] {processor.py:161} INFO - Started process (PID=1115) to work on /opt/airflow/dags/create_audit_table.py
[2025-11-19T13:13:35.480+0000] {processor.py:830} INFO - Processing file /opt/airflow/dags/create_audit_table.py for tasks to queue
[2025-11-19T13:13:35.483+0000] {logging_mixin.py:188} INFO - [2025-11-19T13:13:35.482+0000] {dagbag.py:538} INFO - Filling up the DagBag from /opt/airflow/dags/create_audit_table.py
[2025-11-19T13:13:35.564+0000] {processor.py:840} INFO - DAG(s) 'create_audit_table' retrieved from /opt/airflow/dags/create_audit_table.py
[2025-11-19T13:13:35.664+0000] {logging_mixin.py:188} INFO - [2025-11-19T13:13:35.664+0000] {dag.py:3036} INFO - Sync 1 DAGs
[2025-11-19T13:13:35.743+0000] {logging_mixin.py:188} INFO - [2025-11-19T13:13:35.739+0000] {dag.py:3823} INFO - Setting next_dagrun for create_audit_table to None, run_after=None
[2025-11-19T13:13:36.048+0000] {processor.py:183} INFO - Processing /opt/airflow/dags/create_audit_table.py took 0.656 seconds
[2025-11-19T13:14:07.072+0000] {processor.py:161} INFO - Started process (PID=1140) to work on /opt/airflow/dags/create_audit_table.py
[2025-11-19T13:14:07.077+0000] {processor.py:830} INFO - Processing file /opt/airflow/dags/create_audit_table.py for tasks to queue
[2025-11-19T13:14:07.086+0000] {logging_mixin.py:188} INFO - [2025-11-19T13:14:07.083+0000] {dagbag.py:538} INFO - Filling up the DagBag from /opt/airflow/dags/create_audit_table.py
[2025-11-19T13:14:07.239+0000] {processor.py:840} INFO - DAG(s) 'create_audit_table' retrieved from /opt/airflow/dags/create_audit_table.py
[2025-11-19T13:14:07.506+0000] {logging_mixin.py:188} INFO - [2025-11-19T13:14:07.505+0000] {dag.py:3036} INFO - Sync 1 DAGs
[2025-11-19T13:14:07.602+0000] {logging_mixin.py:188} INFO - [2025-11-19T13:14:07.602+0000] {dag.py:3823} INFO - Setting next_dagrun for create_audit_table to None, run_after=None
[2025-11-19T13:14:07.702+0000] {processor.py:183} INFO - Processing /opt/airflow/dags/create_audit_table.py took 0.647 seconds
[2025-11-19T13:14:38.330+0000] {processor.py:161} INFO - Started process (PID=1170) to work on /opt/airflow/dags/create_audit_table.py
[2025-11-19T13:14:38.342+0000] {processor.py:830} INFO - Processing file /opt/airflow/dags/create_audit_table.py for tasks to queue
[2025-11-19T13:14:38.346+0000] {logging_mixin.py:188} INFO - [2025-11-19T13:14:38.345+0000] {dagbag.py:538} INFO - Filling up the DagBag from /opt/airflow/dags/create_audit_table.py
[2025-11-19T13:14:39.499+0000] {processor.py:840} INFO - DAG(s) 'create_audit_table' retrieved from /opt/airflow/dags/create_audit_table.py
[2025-11-19T13:14:39.675+0000] {logging_mixin.py:188} INFO - [2025-11-19T13:14:39.674+0000] {dag.py:3036} INFO - Sync 1 DAGs
[2025-11-19T13:14:39.745+0000] {logging_mixin.py:188} INFO - [2025-11-19T13:14:39.745+0000] {dag.py:3823} INFO - Setting next_dagrun for create_audit_table to None, run_after=None
[2025-11-19T13:14:39.887+0000] {processor.py:183} INFO - Processing /opt/airflow/dags/create_audit_table.py took 1.574 seconds
[2025-11-19T13:15:11.019+0000] {processor.py:161} INFO - Started process (PID=1207) to work on /opt/airflow/dags/create_audit_table.py
[2025-11-19T13:15:11.024+0000] {processor.py:830} INFO - Processing file /opt/airflow/dags/create_audit_table.py for tasks to queue
[2025-11-19T13:15:11.025+0000] {logging_mixin.py:188} INFO - [2025-11-19T13:15:11.025+0000] {dagbag.py:538} INFO - Filling up the DagBag from /opt/airflow/dags/create_audit_table.py
[2025-11-19T13:15:11.058+0000] {processor.py:840} INFO - DAG(s) 'create_audit_table' retrieved from /opt/airflow/dags/create_audit_table.py
[2025-11-19T13:15:11.095+0000] {logging_mixin.py:188} INFO - [2025-11-19T13:15:11.095+0000] {dag.py:3036} INFO - Sync 1 DAGs
[2025-11-19T13:15:11.112+0000] {logging_mixin.py:188} INFO - [2025-11-19T13:15:11.111+0000] {dag.py:3823} INFO - Setting next_dagrun for create_audit_table to None, run_after=None
[2025-11-19T13:15:11.144+0000] {processor.py:183} INFO - Processing /opt/airflow/dags/create_audit_table.py took 0.131 seconds
[2025-11-19T13:15:41.547+0000] {processor.py:161} INFO - Started process (PID=1237) to work on /opt/airflow/dags/create_audit_table.py
[2025-11-19T13:15:41.550+0000] {processor.py:830} INFO - Processing file /opt/airflow/dags/create_audit_table.py for tasks to queue
[2025-11-19T13:15:41.554+0000] {logging_mixin.py:188} INFO - [2025-11-19T13:15:41.553+0000] {dagbag.py:538} INFO - Filling up the DagBag from /opt/airflow/dags/create_audit_table.py
[2025-11-19T13:15:41.581+0000] {processor.py:840} INFO - DAG(s) 'create_audit_table' retrieved from /opt/airflow/dags/create_audit_table.py
[2025-11-19T13:15:41.644+0000] {logging_mixin.py:188} INFO - [2025-11-19T13:15:41.644+0000] {dag.py:3036} INFO - Sync 1 DAGs
[2025-11-19T13:15:41.663+0000] {logging_mixin.py:188} INFO - [2025-11-19T13:15:41.663+0000] {dag.py:3823} INFO - Setting next_dagrun for create_audit_table to None, run_after=None
[2025-11-19T13:15:41.742+0000] {processor.py:183} INFO - Processing /opt/airflow/dags/create_audit_table.py took 0.205 seconds
[2025-11-19T13:16:12.638+0000] {processor.py:161} INFO - Started process (PID=1267) to work on /opt/airflow/dags/create_audit_table.py
[2025-11-19T13:16:12.641+0000] {processor.py:830} INFO - Processing file /opt/airflow/dags/create_audit_table.py for tasks to queue
[2025-11-19T13:16:12.642+0000] {logging_mixin.py:188} INFO - [2025-11-19T13:16:12.642+0000] {dagbag.py:538} INFO - Filling up the DagBag from /opt/airflow/dags/create_audit_table.py
[2025-11-19T13:16:13.699+0000] {processor.py:840} INFO - DAG(s) 'create_audit_table' retrieved from /opt/airflow/dags/create_audit_table.py
[2025-11-19T13:16:13.751+0000] {logging_mixin.py:188} INFO - [2025-11-19T13:16:13.751+0000] {dag.py:3036} INFO - Sync 1 DAGs
[2025-11-19T13:16:13.774+0000] {logging_mixin.py:188} INFO - [2025-11-19T13:16:13.773+0000] {dag.py:3823} INFO - Setting next_dagrun for create_audit_table to None, run_after=None
[2025-11-19T13:16:13.815+0000] {processor.py:183} INFO - Processing /opt/airflow/dags/create_audit_table.py took 1.182 seconds
[2025-11-19T13:16:43.856+0000] {processor.py:161} INFO - Started process (PID=1302) to work on /opt/airflow/dags/create_audit_table.py
[2025-11-19T13:16:43.858+0000] {processor.py:830} INFO - Processing file /opt/airflow/dags/create_audit_table.py for tasks to queue
[2025-11-19T13:16:43.859+0000] {logging_mixin.py:188} INFO - [2025-11-19T13:16:43.858+0000] {dagbag.py:538} INFO - Filling up the DagBag from /opt/airflow/dags/create_audit_table.py
[2025-11-19T13:16:43.875+0000] {processor.py:840} INFO - DAG(s) 'create_audit_table' retrieved from /opt/airflow/dags/create_audit_table.py
[2025-11-19T13:16:43.904+0000] {logging_mixin.py:188} INFO - [2025-11-19T13:16:43.903+0000] {dag.py:3036} INFO - Sync 1 DAGs
[2025-11-19T13:16:43.918+0000] {logging_mixin.py:188} INFO - [2025-11-19T13:16:43.917+0000] {dag.py:3823} INFO - Setting next_dagrun for create_audit_table to None, run_after=None
[2025-11-19T13:16:43.950+0000] {processor.py:183} INFO - Processing /opt/airflow/dags/create_audit_table.py took 0.096 seconds
[2025-11-19T13:17:15.997+0000] {processor.py:161} INFO - Started process (PID=1325) to work on /opt/airflow/dags/create_audit_table.py
[2025-11-19T13:17:16.042+0000] {processor.py:830} INFO - Processing file /opt/airflow/dags/create_audit_table.py for tasks to queue
[2025-11-19T13:17:16.087+0000] {logging_mixin.py:188} INFO - [2025-11-19T13:17:16.087+0000] {dagbag.py:538} INFO - Filling up the DagBag from /opt/airflow/dags/create_audit_table.py
[2025-11-19T13:17:16.441+0000] {processor.py:840} INFO - DAG(s) 'create_audit_table' retrieved from /opt/airflow/dags/create_audit_table.py
[2025-11-19T13:17:16.590+0000] {logging_mixin.py:188} INFO - [2025-11-19T13:17:16.590+0000] {dag.py:3036} INFO - Sync 1 DAGs
[2025-11-19T13:17:16.698+0000] {logging_mixin.py:188} INFO - [2025-11-19T13:17:16.697+0000] {dag.py:3823} INFO - Setting next_dagrun for create_audit_table to None, run_after=None
[2025-11-19T13:17:16.903+0000] {processor.py:183} INFO - Processing /opt/airflow/dags/create_audit_table.py took 0.911 seconds
[2025-11-19T13:17:47.403+0000] {processor.py:161} INFO - Started process (PID=1355) to work on /opt/airflow/dags/create_audit_table.py
[2025-11-19T13:17:47.406+0000] {processor.py:830} INFO - Processing file /opt/airflow/dags/create_audit_table.py for tasks to queue
[2025-11-19T13:17:47.408+0000] {logging_mixin.py:188} INFO - [2025-11-19T13:17:47.407+0000] {dagbag.py:538} INFO - Filling up the DagBag from /opt/airflow/dags/create_audit_table.py
[2025-11-19T13:17:47.465+0000] {processor.py:840} INFO - DAG(s) 'create_audit_table' retrieved from /opt/airflow/dags/create_audit_table.py
[2025-11-19T13:17:47.541+0000] {logging_mixin.py:188} INFO - [2025-11-19T13:17:47.540+0000] {dag.py:3036} INFO - Sync 1 DAGs
[2025-11-19T13:17:47.595+0000] {logging_mixin.py:188} INFO - [2025-11-19T13:17:47.594+0000] {dag.py:3823} INFO - Setting next_dagrun for create_audit_table to None, run_after=None
[2025-11-19T13:17:47.646+0000] {processor.py:183} INFO - Processing /opt/airflow/dags/create_audit_table.py took 0.253 seconds
[2025-11-19T13:18:18.102+0000] {processor.py:161} INFO - Started process (PID=1385) to work on /opt/airflow/dags/create_audit_table.py
[2025-11-19T13:18:18.104+0000] {processor.py:830} INFO - Processing file /opt/airflow/dags/create_audit_table.py for tasks to queue
[2025-11-19T13:18:18.106+0000] {logging_mixin.py:188} INFO - [2025-11-19T13:18:18.105+0000] {dagbag.py:538} INFO - Filling up the DagBag from /opt/airflow/dags/create_audit_table.py
[2025-11-19T13:18:18.135+0000] {processor.py:840} INFO - DAG(s) 'create_audit_table' retrieved from /opt/airflow/dags/create_audit_table.py
[2025-11-19T13:18:18.172+0000] {logging_mixin.py:188} INFO - [2025-11-19T13:18:18.172+0000] {dag.py:3036} INFO - Sync 1 DAGs
[2025-11-19T13:18:18.196+0000] {logging_mixin.py:188} INFO - [2025-11-19T13:18:18.195+0000] {dag.py:3823} INFO - Setting next_dagrun for create_audit_table to None, run_after=None
[2025-11-19T13:18:18.235+0000] {processor.py:183} INFO - Processing /opt/airflow/dags/create_audit_table.py took 0.138 seconds
[2025-11-19T13:18:48.592+0000] {processor.py:161} INFO - Started process (PID=1415) to work on /opt/airflow/dags/create_audit_table.py
[2025-11-19T13:18:48.594+0000] {processor.py:830} INFO - Processing file /opt/airflow/dags/create_audit_table.py for tasks to queue
[2025-11-19T13:18:48.596+0000] {logging_mixin.py:188} INFO - [2025-11-19T13:18:48.595+0000] {dagbag.py:538} INFO - Filling up the DagBag from /opt/airflow/dags/create_audit_table.py
[2025-11-19T13:18:48.631+0000] {processor.py:840} INFO - DAG(s) 'create_audit_table' retrieved from /opt/airflow/dags/create_audit_table.py
[2025-11-19T13:18:48.684+0000] {logging_mixin.py:188} INFO - [2025-11-19T13:18:48.684+0000] {dag.py:3036} INFO - Sync 1 DAGs
[2025-11-19T13:18:48.711+0000] {logging_mixin.py:188} INFO - [2025-11-19T13:18:48.711+0000] {dag.py:3823} INFO - Setting next_dagrun for create_audit_table to None, run_after=None
[2025-11-19T13:18:48.763+0000] {processor.py:183} INFO - Processing /opt/airflow/dags/create_audit_table.py took 0.177 seconds
[2025-11-19T13:19:19.165+0000] {processor.py:161} INFO - Started process (PID=1445) to work on /opt/airflow/dags/create_audit_table.py
[2025-11-19T13:19:19.167+0000] {processor.py:830} INFO - Processing file /opt/airflow/dags/create_audit_table.py for tasks to queue
[2025-11-19T13:19:19.168+0000] {logging_mixin.py:188} INFO - [2025-11-19T13:19:19.168+0000] {dagbag.py:538} INFO - Filling up the DagBag from /opt/airflow/dags/create_audit_table.py
[2025-11-19T13:19:19.203+0000] {processor.py:840} INFO - DAG(s) 'create_audit_table' retrieved from /opt/airflow/dags/create_audit_table.py
[2025-11-19T13:19:19.237+0000] {logging_mixin.py:188} INFO - [2025-11-19T13:19:19.237+0000] {dag.py:3036} INFO - Sync 1 DAGs
[2025-11-19T13:19:19.248+0000] {logging_mixin.py:188} INFO - [2025-11-19T13:19:19.248+0000] {dag.py:3823} INFO - Setting next_dagrun for create_audit_table to None, run_after=None
[2025-11-19T13:19:19.281+0000] {processor.py:183} INFO - Processing /opt/airflow/dags/create_audit_table.py took 0.120 seconds
[2025-11-19T13:19:49.492+0000] {processor.py:161} INFO - Started process (PID=1472) to work on /opt/airflow/dags/create_audit_table.py
[2025-11-19T13:19:49.495+0000] {processor.py:830} INFO - Processing file /opt/airflow/dags/create_audit_table.py for tasks to queue
[2025-11-19T13:19:49.506+0000] {logging_mixin.py:188} INFO - [2025-11-19T13:19:49.505+0000] {dagbag.py:538} INFO - Filling up the DagBag from /opt/airflow/dags/create_audit_table.py
[2025-11-19T13:19:49.623+0000] {processor.py:840} INFO - DAG(s) 'create_audit_table' retrieved from /opt/airflow/dags/create_audit_table.py
[2025-11-19T13:19:49.690+0000] {logging_mixin.py:188} INFO - [2025-11-19T13:19:49.689+0000] {dag.py:3036} INFO - Sync 1 DAGs
[2025-11-19T13:19:49.758+0000] {logging_mixin.py:188} INFO - [2025-11-19T13:19:49.758+0000] {dag.py:3823} INFO - Setting next_dagrun for create_audit_table to None, run_after=None
[2025-11-19T13:19:49.889+0000] {processor.py:183} INFO - Processing /opt/airflow/dags/create_audit_table.py took 0.401 seconds
[2025-11-19T13:20:20.118+0000] {processor.py:161} INFO - Started process (PID=1502) to work on /opt/airflow/dags/create_audit_table.py
[2025-11-19T13:20:20.120+0000] {processor.py:830} INFO - Processing file /opt/airflow/dags/create_audit_table.py for tasks to queue
[2025-11-19T13:20:20.122+0000] {logging_mixin.py:188} INFO - [2025-11-19T13:20:20.121+0000] {dagbag.py:538} INFO - Filling up the DagBag from /opt/airflow/dags/create_audit_table.py
[2025-11-19T13:20:20.151+0000] {processor.py:840} INFO - DAG(s) 'create_audit_table' retrieved from /opt/airflow/dags/create_audit_table.py
[2025-11-19T13:20:20.183+0000] {logging_mixin.py:188} INFO - [2025-11-19T13:20:20.182+0000] {dag.py:3036} INFO - Sync 1 DAGs
[2025-11-19T13:20:20.196+0000] {logging_mixin.py:188} INFO - [2025-11-19T13:20:20.196+0000] {dag.py:3823} INFO - Setting next_dagrun for create_audit_table to None, run_after=None
[2025-11-19T13:20:20.232+0000] {processor.py:183} INFO - Processing /opt/airflow/dags/create_audit_table.py took 0.118 seconds
[2025-11-19T13:20:51.227+0000] {processor.py:161} INFO - Started process (PID=1532) to work on /opt/airflow/dags/create_audit_table.py
[2025-11-19T13:20:51.230+0000] {processor.py:830} INFO - Processing file /opt/airflow/dags/create_audit_table.py for tasks to queue
[2025-11-19T13:20:51.231+0000] {logging_mixin.py:188} INFO - [2025-11-19T13:20:51.231+0000] {dagbag.py:538} INFO - Filling up the DagBag from /opt/airflow/dags/create_audit_table.py
[2025-11-19T13:20:51.261+0000] {processor.py:840} INFO - DAG(s) 'create_audit_table' retrieved from /opt/airflow/dags/create_audit_table.py
[2025-11-19T13:20:51.297+0000] {logging_mixin.py:188} INFO - [2025-11-19T13:20:51.297+0000] {dag.py:3036} INFO - Sync 1 DAGs
[2025-11-19T13:20:51.315+0000] {logging_mixin.py:188} INFO - [2025-11-19T13:20:51.314+0000] {dag.py:3823} INFO - Setting next_dagrun for create_audit_table to None, run_after=None
[2025-11-19T13:20:51.345+0000] {processor.py:183} INFO - Processing /opt/airflow/dags/create_audit_table.py took 0.122 seconds
[2025-11-19T13:21:21.533+0000] {processor.py:161} INFO - Started process (PID=1562) to work on /opt/airflow/dags/create_audit_table.py
[2025-11-19T13:21:21.535+0000] {processor.py:830} INFO - Processing file /opt/airflow/dags/create_audit_table.py for tasks to queue
[2025-11-19T13:21:21.541+0000] {logging_mixin.py:188} INFO - [2025-11-19T13:21:21.538+0000] {dagbag.py:538} INFO - Filling up the DagBag from /opt/airflow/dags/create_audit_table.py
[2025-11-19T13:21:21.603+0000] {processor.py:840} INFO - DAG(s) 'create_audit_table' retrieved from /opt/airflow/dags/create_audit_table.py
[2025-11-19T13:21:21.728+0000] {logging_mixin.py:188} INFO - [2025-11-19T13:21:21.719+0000] {dag.py:3036} INFO - Sync 1 DAGs
[2025-11-19T13:21:21.798+0000] {logging_mixin.py:188} INFO - [2025-11-19T13:21:21.797+0000] {dag.py:3823} INFO - Setting next_dagrun for create_audit_table to None, run_after=None
[2025-11-19T13:21:21.936+0000] {processor.py:183} INFO - Processing /opt/airflow/dags/create_audit_table.py took 0.414 seconds
[2025-11-19T13:21:52.448+0000] {processor.py:161} INFO - Started process (PID=1592) to work on /opt/airflow/dags/create_audit_table.py
[2025-11-19T13:21:52.449+0000] {processor.py:830} INFO - Processing file /opt/airflow/dags/create_audit_table.py for tasks to queue
[2025-11-19T13:21:52.451+0000] {logging_mixin.py:188} INFO - [2025-11-19T13:21:52.450+0000] {dagbag.py:538} INFO - Filling up the DagBag from /opt/airflow/dags/create_audit_table.py
[2025-11-19T13:21:53.248+0000] {processor.py:840} INFO - DAG(s) 'create_audit_table' retrieved from /opt/airflow/dags/create_audit_table.py
[2025-11-19T13:21:53.405+0000] {logging_mixin.py:188} INFO - [2025-11-19T13:21:53.405+0000] {dag.py:3036} INFO - Sync 1 DAGs
[2025-11-19T13:21:53.467+0000] {logging_mixin.py:188} INFO - [2025-11-19T13:21:53.467+0000] {dag.py:3823} INFO - Setting next_dagrun for create_audit_table to None, run_after=None
[2025-11-19T13:21:53.542+0000] {processor.py:183} INFO - Processing /opt/airflow/dags/create_audit_table.py took 1.099 seconds
[2025-11-19T13:22:23.665+0000] {processor.py:161} INFO - Started process (PID=1622) to work on /opt/airflow/dags/create_audit_table.py
[2025-11-19T13:22:23.667+0000] {processor.py:830} INFO - Processing file /opt/airflow/dags/create_audit_table.py for tasks to queue
[2025-11-19T13:22:23.669+0000] {logging_mixin.py:188} INFO - [2025-11-19T13:22:23.669+0000] {dagbag.py:538} INFO - Filling up the DagBag from /opt/airflow/dags/create_audit_table.py
[2025-11-19T13:22:23.718+0000] {processor.py:840} INFO - DAG(s) 'create_audit_table' retrieved from /opt/airflow/dags/create_audit_table.py
[2025-11-19T13:22:23.753+0000] {logging_mixin.py:188} INFO - [2025-11-19T13:22:23.753+0000] {dag.py:3036} INFO - Sync 1 DAGs
[2025-11-19T13:22:23.766+0000] {logging_mixin.py:188} INFO - [2025-11-19T13:22:23.766+0000] {dag.py:3823} INFO - Setting next_dagrun for create_audit_table to None, run_after=None
[2025-11-19T13:22:23.830+0000] {processor.py:183} INFO - Processing /opt/airflow/dags/create_audit_table.py took 0.170 seconds
[2025-11-19T13:22:54.316+0000] {processor.py:161} INFO - Started process (PID=1652) to work on /opt/airflow/dags/create_audit_table.py
[2025-11-19T13:22:54.319+0000] {processor.py:830} INFO - Processing file /opt/airflow/dags/create_audit_table.py for tasks to queue
[2025-11-19T13:22:54.322+0000] {logging_mixin.py:188} INFO - [2025-11-19T13:22:54.321+0000] {dagbag.py:538} INFO - Filling up the DagBag from /opt/airflow/dags/create_audit_table.py
[2025-11-19T13:22:54.409+0000] {processor.py:840} INFO - DAG(s) 'create_audit_table' retrieved from /opt/airflow/dags/create_audit_table.py
[2025-11-19T13:22:54.577+0000] {logging_mixin.py:188} INFO - [2025-11-19T13:22:54.576+0000] {dag.py:3036} INFO - Sync 1 DAGs
[2025-11-19T13:22:54.626+0000] {logging_mixin.py:188} INFO - [2025-11-19T13:22:54.625+0000] {dag.py:3823} INFO - Setting next_dagrun for create_audit_table to None, run_after=None
[2025-11-19T13:22:54.685+0000] {processor.py:183} INFO - Processing /opt/airflow/dags/create_audit_table.py took 0.376 seconds
[2025-11-19T13:23:25.361+0000] {processor.py:161} INFO - Started process (PID=1682) to work on /opt/airflow/dags/create_audit_table.py
[2025-11-19T13:23:25.365+0000] {processor.py:830} INFO - Processing file /opt/airflow/dags/create_audit_table.py for tasks to queue
[2025-11-19T13:23:25.371+0000] {logging_mixin.py:188} INFO - [2025-11-19T13:23:25.370+0000] {dagbag.py:538} INFO - Filling up the DagBag from /opt/airflow/dags/create_audit_table.py
[2025-11-19T13:23:25.425+0000] {processor.py:840} INFO - DAG(s) 'create_audit_table' retrieved from /opt/airflow/dags/create_audit_table.py
[2025-11-19T13:23:25.487+0000] {logging_mixin.py:188} INFO - [2025-11-19T13:23:25.487+0000] {dag.py:3036} INFO - Sync 1 DAGs
[2025-11-19T13:23:25.509+0000] {logging_mixin.py:188} INFO - [2025-11-19T13:23:25.509+0000] {dag.py:3823} INFO - Setting next_dagrun for create_audit_table to None, run_after=None
[2025-11-19T13:23:25.573+0000] {processor.py:183} INFO - Processing /opt/airflow/dags/create_audit_table.py took 0.217 seconds
[2025-11-19T13:23:56.451+0000] {processor.py:161} INFO - Started process (PID=1712) to work on /opt/airflow/dags/create_audit_table.py
[2025-11-19T13:23:56.455+0000] {processor.py:830} INFO - Processing file /opt/airflow/dags/create_audit_table.py for tasks to queue
[2025-11-19T13:23:56.460+0000] {logging_mixin.py:188} INFO - [2025-11-19T13:23:56.460+0000] {dagbag.py:538} INFO - Filling up the DagBag from /opt/airflow/dags/create_audit_table.py
[2025-11-19T13:23:56.492+0000] {processor.py:840} INFO - DAG(s) 'create_audit_table' retrieved from /opt/airflow/dags/create_audit_table.py
[2025-11-19T13:23:56.543+0000] {logging_mixin.py:188} INFO - [2025-11-19T13:23:56.543+0000] {dag.py:3036} INFO - Sync 1 DAGs
[2025-11-19T13:23:56.586+0000] {logging_mixin.py:188} INFO - [2025-11-19T13:23:56.585+0000] {dag.py:3823} INFO - Setting next_dagrun for create_audit_table to None, run_after=None
[2025-11-19T13:23:56.653+0000] {processor.py:183} INFO - Processing /opt/airflow/dags/create_audit_table.py took 0.206 seconds
[2025-11-19T13:24:26.795+0000] {processor.py:161} INFO - Started process (PID=1742) to work on /opt/airflow/dags/create_audit_table.py
[2025-11-19T13:24:26.797+0000] {processor.py:830} INFO - Processing file /opt/airflow/dags/create_audit_table.py for tasks to queue
[2025-11-19T13:24:26.798+0000] {logging_mixin.py:188} INFO - [2025-11-19T13:24:26.798+0000] {dagbag.py:538} INFO - Filling up the DagBag from /opt/airflow/dags/create_audit_table.py
[2025-11-19T13:24:26.820+0000] {processor.py:840} INFO - DAG(s) 'create_audit_table' retrieved from /opt/airflow/dags/create_audit_table.py
[2025-11-19T13:24:26.893+0000] {logging_mixin.py:188} INFO - [2025-11-19T13:24:26.892+0000] {dag.py:3036} INFO - Sync 1 DAGs
[2025-11-19T13:24:26.921+0000] {logging_mixin.py:188} INFO - [2025-11-19T13:24:26.920+0000] {dag.py:3823} INFO - Setting next_dagrun for create_audit_table to None, run_after=None
[2025-11-19T13:24:26.960+0000] {processor.py:183} INFO - Processing /opt/airflow/dags/create_audit_table.py took 0.169 seconds
[2025-11-19T13:24:57.932+0000] {processor.py:161} INFO - Started process (PID=1775) to work on /opt/airflow/dags/create_audit_table.py
[2025-11-19T13:24:57.933+0000] {processor.py:830} INFO - Processing file /opt/airflow/dags/create_audit_table.py for tasks to queue
[2025-11-19T13:24:57.937+0000] {logging_mixin.py:188} INFO - [2025-11-19T13:24:57.937+0000] {dagbag.py:538} INFO - Filling up the DagBag from /opt/airflow/dags/create_audit_table.py
[2025-11-19T13:24:57.968+0000] {processor.py:840} INFO - DAG(s) 'create_audit_table' retrieved from /opt/airflow/dags/create_audit_table.py
[2025-11-19T13:24:58.022+0000] {logging_mixin.py:188} INFO - [2025-11-19T13:24:58.022+0000] {dag.py:3036} INFO - Sync 1 DAGs
[2025-11-19T13:24:58.051+0000] {logging_mixin.py:188} INFO - [2025-11-19T13:24:58.050+0000] {dag.py:3823} INFO - Setting next_dagrun for create_audit_table to None, run_after=None
[2025-11-19T13:24:58.114+0000] {processor.py:183} INFO - Processing /opt/airflow/dags/create_audit_table.py took 0.186 seconds
[2025-11-19T13:25:28.807+0000] {processor.py:161} INFO - Started process (PID=1805) to work on /opt/airflow/dags/create_audit_table.py
[2025-11-19T13:25:28.811+0000] {processor.py:830} INFO - Processing file /opt/airflow/dags/create_audit_table.py for tasks to queue
[2025-11-19T13:25:28.812+0000] {logging_mixin.py:188} INFO - [2025-11-19T13:25:28.812+0000] {dagbag.py:538} INFO - Filling up the DagBag from /opt/airflow/dags/create_audit_table.py
[2025-11-19T13:25:28.848+0000] {processor.py:840} INFO - DAG(s) 'create_audit_table' retrieved from /opt/airflow/dags/create_audit_table.py
[2025-11-19T13:25:28.891+0000] {logging_mixin.py:188} INFO - [2025-11-19T13:25:28.890+0000] {dag.py:3036} INFO - Sync 1 DAGs
[2025-11-19T13:25:28.910+0000] {logging_mixin.py:188} INFO - [2025-11-19T13:25:28.910+0000] {dag.py:3823} INFO - Setting next_dagrun for create_audit_table to None, run_after=None
[2025-11-19T13:25:28.963+0000] {processor.py:183} INFO - Processing /opt/airflow/dags/create_audit_table.py took 0.160 seconds
[2025-11-19T13:25:59.634+0000] {processor.py:161} INFO - Started process (PID=1835) to work on /opt/airflow/dags/create_audit_table.py
[2025-11-19T13:25:59.636+0000] {processor.py:830} INFO - Processing file /opt/airflow/dags/create_audit_table.py for tasks to queue
[2025-11-19T13:25:59.638+0000] {logging_mixin.py:188} INFO - [2025-11-19T13:25:59.637+0000] {dagbag.py:538} INFO - Filling up the DagBag from /opt/airflow/dags/create_audit_table.py
[2025-11-19T13:25:59.664+0000] {processor.py:840} INFO - DAG(s) 'create_audit_table' retrieved from /opt/airflow/dags/create_audit_table.py
[2025-11-19T13:25:59.698+0000] {logging_mixin.py:188} INFO - [2025-11-19T13:25:59.698+0000] {dag.py:3036} INFO - Sync 1 DAGs
[2025-11-19T13:25:59.714+0000] {logging_mixin.py:188} INFO - [2025-11-19T13:25:59.713+0000] {dag.py:3823} INFO - Setting next_dagrun for create_audit_table to None, run_after=None
[2025-11-19T13:25:59.774+0000] {processor.py:183} INFO - Processing /opt/airflow/dags/create_audit_table.py took 0.145 seconds
[2025-11-19T13:26:30.509+0000] {processor.py:161} INFO - Started process (PID=1865) to work on /opt/airflow/dags/create_audit_table.py
[2025-11-19T13:26:30.510+0000] {processor.py:830} INFO - Processing file /opt/airflow/dags/create_audit_table.py for tasks to queue
[2025-11-19T13:26:30.511+0000] {logging_mixin.py:188} INFO - [2025-11-19T13:26:30.511+0000] {dagbag.py:538} INFO - Filling up the DagBag from /opt/airflow/dags/create_audit_table.py
[2025-11-19T13:26:30.533+0000] {processor.py:840} INFO - DAG(s) 'create_audit_table' retrieved from /opt/airflow/dags/create_audit_table.py
[2025-11-19T13:26:30.574+0000] {logging_mixin.py:188} INFO - [2025-11-19T13:26:30.573+0000] {dag.py:3036} INFO - Sync 1 DAGs
[2025-11-19T13:26:30.591+0000] {logging_mixin.py:188} INFO - [2025-11-19T13:26:30.591+0000] {dag.py:3823} INFO - Setting next_dagrun for create_audit_table to None, run_after=None
[2025-11-19T13:26:30.635+0000] {processor.py:183} INFO - Processing /opt/airflow/dags/create_audit_table.py took 0.132 seconds
[2025-11-19T13:27:01.452+0000] {processor.py:161} INFO - Started process (PID=1895) to work on /opt/airflow/dags/create_audit_table.py
[2025-11-19T13:27:01.454+0000] {processor.py:830} INFO - Processing file /opt/airflow/dags/create_audit_table.py for tasks to queue
[2025-11-19T13:27:01.457+0000] {logging_mixin.py:188} INFO - [2025-11-19T13:27:01.456+0000] {dagbag.py:538} INFO - Filling up the DagBag from /opt/airflow/dags/create_audit_table.py
[2025-11-19T13:27:01.486+0000] {processor.py:840} INFO - DAG(s) 'create_audit_table' retrieved from /opt/airflow/dags/create_audit_table.py
[2025-11-19T13:27:01.525+0000] {logging_mixin.py:188} INFO - [2025-11-19T13:27:01.525+0000] {dag.py:3036} INFO - Sync 1 DAGs
[2025-11-19T13:27:01.546+0000] {logging_mixin.py:188} INFO - [2025-11-19T13:27:01.546+0000] {dag.py:3823} INFO - Setting next_dagrun for create_audit_table to None, run_after=None
[2025-11-19T13:27:01.606+0000] {processor.py:183} INFO - Processing /opt/airflow/dags/create_audit_table.py took 0.162 seconds
[2025-11-19T13:27:32.279+0000] {processor.py:161} INFO - Started process (PID=1925) to work on /opt/airflow/dags/create_audit_table.py
[2025-11-19T13:27:32.281+0000] {processor.py:830} INFO - Processing file /opt/airflow/dags/create_audit_table.py for tasks to queue
[2025-11-19T13:27:32.283+0000] {logging_mixin.py:188} INFO - [2025-11-19T13:27:32.283+0000] {dagbag.py:538} INFO - Filling up the DagBag from /opt/airflow/dags/create_audit_table.py
[2025-11-19T13:27:32.311+0000] {processor.py:840} INFO - DAG(s) 'create_audit_table' retrieved from /opt/airflow/dags/create_audit_table.py
[2025-11-19T13:27:32.387+0000] {logging_mixin.py:188} INFO - [2025-11-19T13:27:32.385+0000] {dag.py:3036} INFO - Sync 1 DAGs
[2025-11-19T13:27:32.417+0000] {logging_mixin.py:188} INFO - [2025-11-19T13:27:32.417+0000] {dag.py:3823} INFO - Setting next_dagrun for create_audit_table to None, run_after=None
[2025-11-19T13:27:32.507+0000] {processor.py:183} INFO - Processing /opt/airflow/dags/create_audit_table.py took 0.234 seconds
[2025-11-19T13:28:03.322+0000] {processor.py:161} INFO - Started process (PID=1955) to work on /opt/airflow/dags/create_audit_table.py
[2025-11-19T13:28:03.323+0000] {processor.py:830} INFO - Processing file /opt/airflow/dags/create_audit_table.py for tasks to queue
[2025-11-19T13:28:03.325+0000] {logging_mixin.py:188} INFO - [2025-11-19T13:28:03.325+0000] {dagbag.py:538} INFO - Filling up the DagBag from /opt/airflow/dags/create_audit_table.py
[2025-11-19T13:28:03.345+0000] {processor.py:840} INFO - DAG(s) 'create_audit_table' retrieved from /opt/airflow/dags/create_audit_table.py
[2025-11-19T13:28:03.386+0000] {logging_mixin.py:188} INFO - [2025-11-19T13:28:03.385+0000] {dag.py:3036} INFO - Sync 1 DAGs
[2025-11-19T13:28:03.426+0000] {logging_mixin.py:188} INFO - [2025-11-19T13:28:03.426+0000] {dag.py:3823} INFO - Setting next_dagrun for create_audit_table to None, run_after=None
[2025-11-19T13:28:03.475+0000] {processor.py:183} INFO - Processing /opt/airflow/dags/create_audit_table.py took 0.164 seconds
[2025-11-19T13:28:34.264+0000] {processor.py:161} INFO - Started process (PID=1985) to work on /opt/airflow/dags/create_audit_table.py
[2025-11-19T13:28:34.266+0000] {processor.py:830} INFO - Processing file /opt/airflow/dags/create_audit_table.py for tasks to queue
[2025-11-19T13:28:34.267+0000] {logging_mixin.py:188} INFO - [2025-11-19T13:28:34.267+0000] {dagbag.py:538} INFO - Filling up the DagBag from /opt/airflow/dags/create_audit_table.py
[2025-11-19T13:28:34.288+0000] {processor.py:840} INFO - DAG(s) 'create_audit_table' retrieved from /opt/airflow/dags/create_audit_table.py
[2025-11-19T13:28:34.321+0000] {logging_mixin.py:188} INFO - [2025-11-19T13:28:34.321+0000] {dag.py:3036} INFO - Sync 1 DAGs
[2025-11-19T13:28:34.337+0000] {logging_mixin.py:188} INFO - [2025-11-19T13:28:34.337+0000] {dag.py:3823} INFO - Setting next_dagrun for create_audit_table to None, run_after=None
[2025-11-19T13:28:34.361+0000] {processor.py:183} INFO - Processing /opt/airflow/dags/create_audit_table.py took 0.100 seconds
[2025-11-19T13:29:04.551+0000] {processor.py:161} INFO - Started process (PID=2015) to work on /opt/airflow/dags/create_audit_table.py
[2025-11-19T13:29:04.552+0000] {processor.py:830} INFO - Processing file /opt/airflow/dags/create_audit_table.py for tasks to queue
[2025-11-19T13:29:04.554+0000] {logging_mixin.py:188} INFO - [2025-11-19T13:29:04.553+0000] {dagbag.py:538} INFO - Filling up the DagBag from /opt/airflow/dags/create_audit_table.py
[2025-11-19T13:29:04.592+0000] {processor.py:840} INFO - DAG(s) 'create_audit_table' retrieved from /opt/airflow/dags/create_audit_table.py
[2025-11-19T13:29:04.638+0000] {logging_mixin.py:188} INFO - [2025-11-19T13:29:04.638+0000] {dag.py:3036} INFO - Sync 1 DAGs
[2025-11-19T13:29:04.671+0000] {logging_mixin.py:188} INFO - [2025-11-19T13:29:04.671+0000] {dag.py:3823} INFO - Setting next_dagrun for create_audit_table to None, run_after=None
[2025-11-19T13:29:04.765+0000] {processor.py:183} INFO - Processing /opt/airflow/dags/create_audit_table.py took 0.219 seconds
[2025-11-19T13:29:35.540+0000] {processor.py:161} INFO - Started process (PID=2045) to work on /opt/airflow/dags/create_audit_table.py
[2025-11-19T13:29:35.542+0000] {processor.py:830} INFO - Processing file /opt/airflow/dags/create_audit_table.py for tasks to queue
[2025-11-19T13:29:35.543+0000] {logging_mixin.py:188} INFO - [2025-11-19T13:29:35.543+0000] {dagbag.py:538} INFO - Filling up the DagBag from /opt/airflow/dags/create_audit_table.py
[2025-11-19T13:29:35.568+0000] {processor.py:840} INFO - DAG(s) 'create_audit_table' retrieved from /opt/airflow/dags/create_audit_table.py
[2025-11-19T13:29:35.651+0000] {logging_mixin.py:188} INFO - [2025-11-19T13:29:35.651+0000] {dag.py:3036} INFO - Sync 1 DAGs
[2025-11-19T13:29:35.675+0000] {logging_mixin.py:188} INFO - [2025-11-19T13:29:35.675+0000] {dag.py:3823} INFO - Setting next_dagrun for create_audit_table to None, run_after=None
[2025-11-19T13:29:35.721+0000] {processor.py:183} INFO - Processing /opt/airflow/dags/create_audit_table.py took 0.186 seconds
[2025-11-19T13:30:06.297+0000] {processor.py:161} INFO - Started process (PID=2075) to work on /opt/airflow/dags/create_audit_table.py
[2025-11-19T13:30:06.299+0000] {processor.py:830} INFO - Processing file /opt/airflow/dags/create_audit_table.py for tasks to queue
[2025-11-19T13:30:06.300+0000] {logging_mixin.py:188} INFO - [2025-11-19T13:30:06.300+0000] {dagbag.py:538} INFO - Filling up the DagBag from /opt/airflow/dags/create_audit_table.py
[2025-11-19T13:30:07.339+0000] {processor.py:840} INFO - DAG(s) 'create_audit_table' retrieved from /opt/airflow/dags/create_audit_table.py
[2025-11-19T13:30:07.364+0000] {logging_mixin.py:188} INFO - [2025-11-19T13:30:07.364+0000] {dag.py:3036} INFO - Sync 1 DAGs
[2025-11-19T13:30:07.375+0000] {logging_mixin.py:188} INFO - [2025-11-19T13:30:07.375+0000] {dag.py:3823} INFO - Setting next_dagrun for create_audit_table to None, run_after=None
[2025-11-19T13:30:07.439+0000] {processor.py:183} INFO - Processing /opt/airflow/dags/create_audit_table.py took 1.146 seconds
[2025-11-19T13:30:38.283+0000] {processor.py:161} INFO - Started process (PID=2112) to work on /opt/airflow/dags/create_audit_table.py
[2025-11-19T13:30:38.285+0000] {processor.py:830} INFO - Processing file /opt/airflow/dags/create_audit_table.py for tasks to queue
[2025-11-19T13:30:38.286+0000] {logging_mixin.py:188} INFO - [2025-11-19T13:30:38.286+0000] {dagbag.py:538} INFO - Filling up the DagBag from /opt/airflow/dags/create_audit_table.py
[2025-11-19T13:30:38.306+0000] {processor.py:840} INFO - DAG(s) 'create_audit_table' retrieved from /opt/airflow/dags/create_audit_table.py
[2025-11-19T13:30:38.335+0000] {logging_mixin.py:188} INFO - [2025-11-19T13:30:38.335+0000] {dag.py:3036} INFO - Sync 1 DAGs
[2025-11-19T13:30:38.347+0000] {logging_mixin.py:188} INFO - [2025-11-19T13:30:38.346+0000] {dag.py:3823} INFO - Setting next_dagrun for create_audit_table to None, run_after=None
[2025-11-19T13:30:38.369+0000] {processor.py:183} INFO - Processing /opt/airflow/dags/create_audit_table.py took 0.089 seconds
[2025-11-19T13:31:09.127+0000] {processor.py:161} INFO - Started process (PID=2142) to work on /opt/airflow/dags/create_audit_table.py
[2025-11-19T13:31:09.128+0000] {processor.py:830} INFO - Processing file /opt/airflow/dags/create_audit_table.py for tasks to queue
[2025-11-19T13:31:09.130+0000] {logging_mixin.py:188} INFO - [2025-11-19T13:31:09.130+0000] {dagbag.py:538} INFO - Filling up the DagBag from /opt/airflow/dags/create_audit_table.py
[2025-11-19T13:31:09.146+0000] {processor.py:840} INFO - DAG(s) 'create_audit_table' retrieved from /opt/airflow/dags/create_audit_table.py
[2025-11-19T13:31:09.172+0000] {logging_mixin.py:188} INFO - [2025-11-19T13:31:09.172+0000] {dag.py:3036} INFO - Sync 1 DAGs
[2025-11-19T13:31:09.183+0000] {logging_mixin.py:188} INFO - [2025-11-19T13:31:09.183+0000] {dag.py:3823} INFO - Setting next_dagrun for create_audit_table to None, run_after=None
[2025-11-19T13:31:09.204+0000] {processor.py:183} INFO - Processing /opt/airflow/dags/create_audit_table.py took 0.080 seconds
[2025-11-19T13:31:39.908+0000] {processor.py:161} INFO - Started process (PID=2172) to work on /opt/airflow/dags/create_audit_table.py
[2025-11-19T13:31:39.912+0000] {processor.py:830} INFO - Processing file /opt/airflow/dags/create_audit_table.py for tasks to queue
[2025-11-19T13:31:39.914+0000] {logging_mixin.py:188} INFO - [2025-11-19T13:31:39.913+0000] {dagbag.py:538} INFO - Filling up the DagBag from /opt/airflow/dags/create_audit_table.py
[2025-11-19T13:31:39.941+0000] {processor.py:840} INFO - DAG(s) 'create_audit_table' retrieved from /opt/airflow/dags/create_audit_table.py
[2025-11-19T13:31:39.990+0000] {logging_mixin.py:188} INFO - [2025-11-19T13:31:39.989+0000] {dag.py:3036} INFO - Sync 1 DAGs
[2025-11-19T13:31:40.016+0000] {logging_mixin.py:188} INFO - [2025-11-19T13:31:40.016+0000] {dag.py:3823} INFO - Setting next_dagrun for create_audit_table to None, run_after=None
[2025-11-19T13:31:40.062+0000] {processor.py:183} INFO - Processing /opt/airflow/dags/create_audit_table.py took 0.158 seconds
[2025-11-19T13:32:10.216+0000] {processor.py:161} INFO - Started process (PID=2202) to work on /opt/airflow/dags/create_audit_table.py
[2025-11-19T13:32:10.219+0000] {processor.py:830} INFO - Processing file /opt/airflow/dags/create_audit_table.py for tasks to queue
[2025-11-19T13:32:10.221+0000] {logging_mixin.py:188} INFO - [2025-11-19T13:32:10.221+0000] {dagbag.py:538} INFO - Filling up the DagBag from /opt/airflow/dags/create_audit_table.py
[2025-11-19T13:32:10.288+0000] {processor.py:840} INFO - DAG(s) 'create_audit_table' retrieved from /opt/airflow/dags/create_audit_table.py
[2025-11-19T13:32:10.335+0000] {logging_mixin.py:188} INFO - [2025-11-19T13:32:10.335+0000] {dag.py:3036} INFO - Sync 1 DAGs
[2025-11-19T13:32:10.350+0000] {logging_mixin.py:188} INFO - [2025-11-19T13:32:10.350+0000] {dag.py:3823} INFO - Setting next_dagrun for create_audit_table to None, run_after=None
[2025-11-19T13:32:10.388+0000] {processor.py:183} INFO - Processing /opt/airflow/dags/create_audit_table.py took 0.180 seconds
[2025-11-19T13:32:42.920+0000] {processor.py:161} INFO - Started process (PID=2230) to work on /opt/airflow/dags/create_audit_table.py
[2025-11-19T13:32:42.933+0000] {processor.py:830} INFO - Processing file /opt/airflow/dags/create_audit_table.py for tasks to queue
[2025-11-19T13:32:42.936+0000] {logging_mixin.py:188} INFO - [2025-11-19T13:32:42.935+0000] {dagbag.py:538} INFO - Filling up the DagBag from /opt/airflow/dags/create_audit_table.py
[2025-11-19T13:32:43.259+0000] {processor.py:840} INFO - DAG(s) 'create_audit_table' retrieved from /opt/airflow/dags/create_audit_table.py
[2025-11-19T13:32:43.366+0000] {logging_mixin.py:188} INFO - [2025-11-19T13:32:43.366+0000] {dag.py:3036} INFO - Sync 1 DAGs
[2025-11-19T13:32:43.436+0000] {logging_mixin.py:188} INFO - [2025-11-19T13:32:43.436+0000] {dag.py:3823} INFO - Setting next_dagrun for create_audit_table to None, run_after=None
[2025-11-19T13:32:43.515+0000] {processor.py:183} INFO - Processing /opt/airflow/dags/create_audit_table.py took 0.599 seconds
[2025-11-19T13:33:14.805+0000] {processor.py:161} INFO - Started process (PID=2260) to work on /opt/airflow/dags/create_audit_table.py
[2025-11-19T13:33:14.807+0000] {processor.py:830} INFO - Processing file /opt/airflow/dags/create_audit_table.py for tasks to queue
[2025-11-19T13:33:14.812+0000] {logging_mixin.py:188} INFO - [2025-11-19T13:33:14.811+0000] {dagbag.py:538} INFO - Filling up the DagBag from /opt/airflow/dags/create_audit_table.py
[2025-11-19T13:33:14.924+0000] {processor.py:840} INFO - DAG(s) 'create_audit_table' retrieved from /opt/airflow/dags/create_audit_table.py
[2025-11-19T13:33:15.012+0000] {logging_mixin.py:188} INFO - [2025-11-19T13:33:15.012+0000] {dag.py:3036} INFO - Sync 1 DAGs
[2025-11-19T13:33:15.049+0000] {logging_mixin.py:188} INFO - [2025-11-19T13:33:15.049+0000] {dag.py:3823} INFO - Setting next_dagrun for create_audit_table to None, run_after=None
[2025-11-19T13:33:15.088+0000] {processor.py:183} INFO - Processing /opt/airflow/dags/create_audit_table.py took 0.287 seconds
[2025-11-19T13:33:45.933+0000] {processor.py:161} INFO - Started process (PID=2290) to work on /opt/airflow/dags/create_audit_table.py
[2025-11-19T13:33:45.935+0000] {processor.py:830} INFO - Processing file /opt/airflow/dags/create_audit_table.py for tasks to queue
[2025-11-19T13:33:45.937+0000] {logging_mixin.py:188} INFO - [2025-11-19T13:33:45.936+0000] {dagbag.py:538} INFO - Filling up the DagBag from /opt/airflow/dags/create_audit_table.py
[2025-11-19T13:33:45.998+0000] {processor.py:840} INFO - DAG(s) 'create_audit_table' retrieved from /opt/airflow/dags/create_audit_table.py
[2025-11-19T13:33:46.069+0000] {logging_mixin.py:188} INFO - [2025-11-19T13:33:46.068+0000] {dag.py:3036} INFO - Sync 1 DAGs
[2025-11-19T13:33:46.104+0000] {logging_mixin.py:188} INFO - [2025-11-19T13:33:46.104+0000] {dag.py:3823} INFO - Setting next_dagrun for create_audit_table to None, run_after=None
[2025-11-19T13:33:46.141+0000] {processor.py:183} INFO - Processing /opt/airflow/dags/create_audit_table.py took 0.216 seconds
[2025-11-19T13:34:16.886+0000] {processor.py:161} INFO - Started process (PID=2320) to work on /opt/airflow/dags/create_audit_table.py
[2025-11-19T13:34:16.891+0000] {processor.py:830} INFO - Processing file /opt/airflow/dags/create_audit_table.py for tasks to queue
[2025-11-19T13:34:16.893+0000] {logging_mixin.py:188} INFO - [2025-11-19T13:34:16.892+0000] {dagbag.py:538} INFO - Filling up the DagBag from /opt/airflow/dags/create_audit_table.py
[2025-11-19T13:34:16.917+0000] {processor.py:840} INFO - DAG(s) 'create_audit_table' retrieved from /opt/airflow/dags/create_audit_table.py
[2025-11-19T13:34:16.959+0000] {logging_mixin.py:188} INFO - [2025-11-19T13:34:16.959+0000] {dag.py:3036} INFO - Sync 1 DAGs
[2025-11-19T13:34:16.993+0000] {logging_mixin.py:188} INFO - [2025-11-19T13:34:16.993+0000] {dag.py:3823} INFO - Setting next_dagrun for create_audit_table to None, run_after=None
[2025-11-19T13:34:17.044+0000] {processor.py:183} INFO - Processing /opt/airflow/dags/create_audit_table.py took 0.164 seconds
[2025-11-19T13:34:47.706+0000] {processor.py:161} INFO - Started process (PID=2350) to work on /opt/airflow/dags/create_audit_table.py
[2025-11-19T13:34:47.709+0000] {processor.py:830} INFO - Processing file /opt/airflow/dags/create_audit_table.py for tasks to queue
[2025-11-19T13:34:47.712+0000] {logging_mixin.py:188} INFO - [2025-11-19T13:34:47.711+0000] {dagbag.py:538} INFO - Filling up the DagBag from /opt/airflow/dags/create_audit_table.py
[2025-11-19T13:34:47.734+0000] {processor.py:840} INFO - DAG(s) 'create_audit_table' retrieved from /opt/airflow/dags/create_audit_table.py
[2025-11-19T13:34:47.779+0000] {logging_mixin.py:188} INFO - [2025-11-19T13:34:47.778+0000] {dag.py:3036} INFO - Sync 1 DAGs
[2025-11-19T13:34:47.800+0000] {logging_mixin.py:188} INFO - [2025-11-19T13:34:47.800+0000] {dag.py:3823} INFO - Setting next_dagrun for create_audit_table to None, run_after=None
[2025-11-19T13:34:47.834+0000] {processor.py:183} INFO - Processing /opt/airflow/dags/create_audit_table.py took 0.135 seconds
[2025-11-19T13:35:18.475+0000] {processor.py:161} INFO - Started process (PID=2380) to work on /opt/airflow/dags/create_audit_table.py
[2025-11-19T13:35:18.531+0000] {processor.py:830} INFO - Processing file /opt/airflow/dags/create_audit_table.py for tasks to queue
[2025-11-19T13:35:18.555+0000] {logging_mixin.py:188} INFO - [2025-11-19T13:35:18.554+0000] {dagbag.py:538} INFO - Filling up the DagBag from /opt/airflow/dags/create_audit_table.py
[2025-11-19T13:35:18.603+0000] {processor.py:840} INFO - DAG(s) 'create_audit_table' retrieved from /opt/airflow/dags/create_audit_table.py
[2025-11-19T13:35:18.754+0000] {logging_mixin.py:188} INFO - [2025-11-19T13:35:18.754+0000] {dag.py:3036} INFO - Sync 1 DAGs
[2025-11-19T13:35:18.831+0000] {logging_mixin.py:188} INFO - [2025-11-19T13:35:18.831+0000] {dag.py:3823} INFO - Setting next_dagrun for create_audit_table to None, run_after=None
[2025-11-19T13:35:18.931+0000] {processor.py:183} INFO - Processing /opt/airflow/dags/create_audit_table.py took 0.461 seconds
[2025-11-19T13:35:49.243+0000] {processor.py:161} INFO - Started process (PID=2410) to work on /opt/airflow/dags/create_audit_table.py
[2025-11-19T13:35:49.246+0000] {processor.py:830} INFO - Processing file /opt/airflow/dags/create_audit_table.py for tasks to queue
[2025-11-19T13:35:49.248+0000] {logging_mixin.py:188} INFO - [2025-11-19T13:35:49.248+0000] {dagbag.py:538} INFO - Filling up the DagBag from /opt/airflow/dags/create_audit_table.py
[2025-11-19T13:35:49.340+0000] {processor.py:840} INFO - DAG(s) 'create_audit_table' retrieved from /opt/airflow/dags/create_audit_table.py
[2025-11-19T13:35:49.421+0000] {logging_mixin.py:188} INFO - [2025-11-19T13:35:49.420+0000] {dag.py:3036} INFO - Sync 1 DAGs
[2025-11-19T13:35:49.513+0000] {logging_mixin.py:188} INFO - [2025-11-19T13:35:49.513+0000] {dag.py:3823} INFO - Setting next_dagrun for create_audit_table to None, run_after=None
[2025-11-19T13:35:49.557+0000] {processor.py:183} INFO - Processing /opt/airflow/dags/create_audit_table.py took 0.319 seconds
[2025-11-19T13:36:19.756+0000] {processor.py:161} INFO - Started process (PID=2440) to work on /opt/airflow/dags/create_audit_table.py
[2025-11-19T13:36:19.759+0000] {processor.py:830} INFO - Processing file /opt/airflow/dags/create_audit_table.py for tasks to queue
[2025-11-19T13:36:19.761+0000] {logging_mixin.py:188} INFO - [2025-11-19T13:36:19.761+0000] {dagbag.py:538} INFO - Filling up the DagBag from /opt/airflow/dags/create_audit_table.py
[2025-11-19T13:36:19.819+0000] {processor.py:840} INFO - DAG(s) 'create_audit_table' retrieved from /opt/airflow/dags/create_audit_table.py
[2025-11-19T13:36:19.922+0000] {logging_mixin.py:188} INFO - [2025-11-19T13:36:19.922+0000] {dag.py:3036} INFO - Sync 1 DAGs
[2025-11-19T13:36:19.964+0000] {logging_mixin.py:188} INFO - [2025-11-19T13:36:19.964+0000] {dag.py:3823} INFO - Setting next_dagrun for create_audit_table to None, run_after=None
[2025-11-19T13:36:20.019+0000] {processor.py:183} INFO - Processing /opt/airflow/dags/create_audit_table.py took 0.269 seconds
[2025-11-19T13:36:50.283+0000] {processor.py:161} INFO - Started process (PID=2470) to work on /opt/airflow/dags/create_audit_table.py
[2025-11-19T13:36:50.285+0000] {processor.py:830} INFO - Processing file /opt/airflow/dags/create_audit_table.py for tasks to queue
[2025-11-19T13:36:50.287+0000] {logging_mixin.py:188} INFO - [2025-11-19T13:36:50.286+0000] {dagbag.py:538} INFO - Filling up the DagBag from /opt/airflow/dags/create_audit_table.py
[2025-11-19T13:36:50.326+0000] {processor.py:840} INFO - DAG(s) 'create_audit_table' retrieved from /opt/airflow/dags/create_audit_table.py
[2025-11-19T13:36:50.378+0000] {logging_mixin.py:188} INFO - [2025-11-19T13:36:50.377+0000] {dag.py:3036} INFO - Sync 1 DAGs
[2025-11-19T13:36:50.407+0000] {logging_mixin.py:188} INFO - [2025-11-19T13:36:50.407+0000] {dag.py:3823} INFO - Setting next_dagrun for create_audit_table to None, run_after=None
[2025-11-19T13:36:50.476+0000] {processor.py:183} INFO - Processing /opt/airflow/dags/create_audit_table.py took 0.202 seconds
[2025-11-19T13:37:32.578+0000] {processor.py:161} INFO - Started process (PID=2495) to work on /opt/airflow/dags/create_audit_table.py
[2025-11-19T13:37:32.588+0000] {processor.py:830} INFO - Processing file /opt/airflow/dags/create_audit_table.py for tasks to queue
[2025-11-19T13:37:32.597+0000] {logging_mixin.py:188} INFO - [2025-11-19T13:37:32.596+0000] {dagbag.py:538} INFO - Filling up the DagBag from /opt/airflow/dags/create_audit_table.py
[2025-11-19T13:37:32.735+0000] {processor.py:840} INFO - DAG(s) 'create_audit_table' retrieved from /opt/airflow/dags/create_audit_table.py
[2025-11-19T13:37:32.851+0000] {logging_mixin.py:188} INFO - [2025-11-19T13:37:32.850+0000] {dag.py:3036} INFO - Sync 1 DAGs
[2025-11-19T13:37:32.914+0000] {logging_mixin.py:188} INFO - [2025-11-19T13:37:32.914+0000] {dag.py:3823} INFO - Setting next_dagrun for create_audit_table to None, run_after=None
[2025-11-19T13:37:33.105+0000] {processor.py:183} INFO - Processing /opt/airflow/dags/create_audit_table.py took 0.534 seconds
[2025-11-19T13:38:11.396+0000] {processor.py:161} INFO - Started process (PID=2525) to work on /opt/airflow/dags/create_audit_table.py
[2025-11-19T13:38:11.420+0000] {processor.py:830} INFO - Processing file /opt/airflow/dags/create_audit_table.py for tasks to queue
[2025-11-19T13:38:11.473+0000] {logging_mixin.py:188} INFO - [2025-11-19T13:38:11.471+0000] {dagbag.py:538} INFO - Filling up the DagBag from /opt/airflow/dags/create_audit_table.py
[2025-11-19T13:38:12.684+0000] {processor.py:840} INFO - DAG(s) 'create_audit_table' retrieved from /opt/airflow/dags/create_audit_table.py
[2025-11-19T13:38:13.190+0000] {logging_mixin.py:188} INFO - [2025-11-19T13:38:13.190+0000] {dag.py:3036} INFO - Sync 1 DAGs
[2025-11-19T13:38:13.404+0000] {logging_mixin.py:188} INFO - [2025-11-19T13:38:13.404+0000] {dag.py:3823} INFO - Setting next_dagrun for create_audit_table to None, run_after=None
[2025-11-19T13:38:13.726+0000] {processor.py:183} INFO - Processing /opt/airflow/dags/create_audit_table.py took 2.406 seconds
[2025-11-19T13:38:44.517+0000] {processor.py:161} INFO - Started process (PID=2557) to work on /opt/airflow/dags/create_audit_table.py
[2025-11-19T13:38:44.528+0000] {processor.py:830} INFO - Processing file /opt/airflow/dags/create_audit_table.py for tasks to queue
[2025-11-19T13:38:44.530+0000] {logging_mixin.py:188} INFO - [2025-11-19T13:38:44.530+0000] {dagbag.py:538} INFO - Filling up the DagBag from /opt/airflow/dags/create_audit_table.py
[2025-11-19T13:38:44.575+0000] {processor.py:840} INFO - DAG(s) 'create_audit_table' retrieved from /opt/airflow/dags/create_audit_table.py
[2025-11-19T13:38:44.647+0000] {logging_mixin.py:188} INFO - [2025-11-19T13:38:44.647+0000] {dag.py:3036} INFO - Sync 1 DAGs
[2025-11-19T13:38:44.685+0000] {logging_mixin.py:188} INFO - [2025-11-19T13:38:44.685+0000] {dag.py:3823} INFO - Setting next_dagrun for create_audit_table to None, run_after=None
[2025-11-19T13:38:44.758+0000] {processor.py:183} INFO - Processing /opt/airflow/dags/create_audit_table.py took 0.248 seconds
[2025-11-19T13:39:16.807+0000] {processor.py:161} INFO - Started process (PID=2585) to work on /opt/airflow/dags/create_audit_table.py
[2025-11-19T13:39:16.816+0000] {processor.py:830} INFO - Processing file /opt/airflow/dags/create_audit_table.py for tasks to queue
[2025-11-19T13:39:16.830+0000] {logging_mixin.py:188} INFO - [2025-11-19T13:39:16.830+0000] {dagbag.py:538} INFO - Filling up the DagBag from /opt/airflow/dags/create_audit_table.py
[2025-11-19T13:39:17.566+0000] {processor.py:840} INFO - DAG(s) 'create_audit_table' retrieved from /opt/airflow/dags/create_audit_table.py
[2025-11-19T13:39:17.757+0000] {logging_mixin.py:188} INFO - [2025-11-19T13:39:17.756+0000] {dag.py:3036} INFO - Sync 1 DAGs
[2025-11-19T13:39:17.838+0000] {logging_mixin.py:188} INFO - [2025-11-19T13:39:17.837+0000] {dag.py:3823} INFO - Setting next_dagrun for create_audit_table to None, run_after=None
[2025-11-19T13:39:17.910+0000] {processor.py:183} INFO - Processing /opt/airflow/dags/create_audit_table.py took 1.125 seconds
[2025-11-19T13:39:48.250+0000] {processor.py:161} INFO - Started process (PID=2617) to work on /opt/airflow/dags/create_audit_table.py
[2025-11-19T13:39:48.269+0000] {processor.py:830} INFO - Processing file /opt/airflow/dags/create_audit_table.py for tasks to queue
[2025-11-19T13:39:48.303+0000] {logging_mixin.py:188} INFO - [2025-11-19T13:39:48.302+0000] {dagbag.py:538} INFO - Filling up the DagBag from /opt/airflow/dags/create_audit_table.py
[2025-11-19T13:39:48.610+0000] {processor.py:840} INFO - DAG(s) 'create_audit_table' retrieved from /opt/airflow/dags/create_audit_table.py
[2025-11-19T13:39:48.717+0000] {logging_mixin.py:188} INFO - [2025-11-19T13:39:48.717+0000] {dag.py:3036} INFO - Sync 1 DAGs
[2025-11-19T13:39:48.788+0000] {logging_mixin.py:188} INFO - [2025-11-19T13:39:48.788+0000] {dag.py:3823} INFO - Setting next_dagrun for create_audit_table to None, run_after=None
[2025-11-19T13:39:48.844+0000] {processor.py:183} INFO - Processing /opt/airflow/dags/create_audit_table.py took 0.599 seconds
[2025-11-19T13:40:19.260+0000] {processor.py:161} INFO - Started process (PID=2645) to work on /opt/airflow/dags/create_audit_table.py
[2025-11-19T13:40:19.264+0000] {processor.py:830} INFO - Processing file /opt/airflow/dags/create_audit_table.py for tasks to queue
[2025-11-19T13:40:19.267+0000] {logging_mixin.py:188} INFO - [2025-11-19T13:40:19.266+0000] {dagbag.py:538} INFO - Filling up the DagBag from /opt/airflow/dags/create_audit_table.py
[2025-11-19T13:40:19.350+0000] {processor.py:840} INFO - DAG(s) 'create_audit_table' retrieved from /opt/airflow/dags/create_audit_table.py
[2025-11-19T13:40:19.484+0000] {logging_mixin.py:188} INFO - [2025-11-19T13:40:19.483+0000] {dag.py:3036} INFO - Sync 1 DAGs
[2025-11-19T13:40:19.548+0000] {logging_mixin.py:188} INFO - [2025-11-19T13:40:19.548+0000] {dag.py:3823} INFO - Setting next_dagrun for create_audit_table to None, run_after=None
[2025-11-19T13:40:19.618+0000] {processor.py:183} INFO - Processing /opt/airflow/dags/create_audit_table.py took 0.369 seconds
[2025-11-19T13:40:50.170+0000] {processor.py:161} INFO - Started process (PID=2675) to work on /opt/airflow/dags/create_audit_table.py
[2025-11-19T13:40:50.178+0000] {processor.py:830} INFO - Processing file /opt/airflow/dags/create_audit_table.py for tasks to queue
[2025-11-19T13:40:50.181+0000] {logging_mixin.py:188} INFO - [2025-11-19T13:40:50.181+0000] {dagbag.py:538} INFO - Filling up the DagBag from /opt/airflow/dags/create_audit_table.py
[2025-11-19T13:40:50.251+0000] {processor.py:840} INFO - DAG(s) 'create_audit_table' retrieved from /opt/airflow/dags/create_audit_table.py
[2025-11-19T13:40:50.353+0000] {logging_mixin.py:188} INFO - [2025-11-19T13:40:50.353+0000] {dag.py:3036} INFO - Sync 1 DAGs
[2025-11-19T13:40:50.399+0000] {logging_mixin.py:188} INFO - [2025-11-19T13:40:50.390+0000] {dag.py:3823} INFO - Setting next_dagrun for create_audit_table to None, run_after=None
[2025-11-19T13:40:50.536+0000] {processor.py:183} INFO - Processing /opt/airflow/dags/create_audit_table.py took 0.372 seconds
[2025-11-19T13:41:21.391+0000] {processor.py:161} INFO - Started process (PID=2705) to work on /opt/airflow/dags/create_audit_table.py
[2025-11-19T13:41:21.393+0000] {processor.py:830} INFO - Processing file /opt/airflow/dags/create_audit_table.py for tasks to queue
[2025-11-19T13:41:21.395+0000] {logging_mixin.py:188} INFO - [2025-11-19T13:41:21.395+0000] {dagbag.py:538} INFO - Filling up the DagBag from /opt/airflow/dags/create_audit_table.py
[2025-11-19T13:41:21.424+0000] {processor.py:840} INFO - DAG(s) 'create_audit_table' retrieved from /opt/airflow/dags/create_audit_table.py
[2025-11-19T13:41:21.463+0000] {logging_mixin.py:188} INFO - [2025-11-19T13:41:21.462+0000] {dag.py:3036} INFO - Sync 1 DAGs
[2025-11-19T13:41:21.480+0000] {logging_mixin.py:188} INFO - [2025-11-19T13:41:21.480+0000] {dag.py:3823} INFO - Setting next_dagrun for create_audit_table to None, run_after=None
[2025-11-19T13:41:21.521+0000] {processor.py:183} INFO - Processing /opt/airflow/dags/create_audit_table.py took 0.134 seconds
[2025-11-19T13:41:51.963+0000] {processor.py:161} INFO - Started process (PID=2735) to work on /opt/airflow/dags/create_audit_table.py
[2025-11-19T13:41:51.966+0000] {processor.py:830} INFO - Processing file /opt/airflow/dags/create_audit_table.py for tasks to queue
[2025-11-19T13:41:51.968+0000] {logging_mixin.py:188} INFO - [2025-11-19T13:41:51.967+0000] {dagbag.py:538} INFO - Filling up the DagBag from /opt/airflow/dags/create_audit_table.py
[2025-11-19T13:41:51.999+0000] {processor.py:840} INFO - DAG(s) 'create_audit_table' retrieved from /opt/airflow/dags/create_audit_table.py
[2025-11-19T13:41:52.067+0000] {logging_mixin.py:188} INFO - [2025-11-19T13:41:52.067+0000] {dag.py:3036} INFO - Sync 1 DAGs
[2025-11-19T13:41:52.112+0000] {logging_mixin.py:188} INFO - [2025-11-19T13:41:52.112+0000] {dag.py:3823} INFO - Setting next_dagrun for create_audit_table to None, run_after=None
[2025-11-19T13:41:52.153+0000] {processor.py:183} INFO - Processing /opt/airflow/dags/create_audit_table.py took 0.196 seconds
[2025-11-19T13:42:23.022+0000] {processor.py:161} INFO - Started process (PID=2765) to work on /opt/airflow/dags/create_audit_table.py
[2025-11-19T13:42:23.024+0000] {processor.py:830} INFO - Processing file /opt/airflow/dags/create_audit_table.py for tasks to queue
[2025-11-19T13:42:23.026+0000] {logging_mixin.py:188} INFO - [2025-11-19T13:42:23.026+0000] {dagbag.py:538} INFO - Filling up the DagBag from /opt/airflow/dags/create_audit_table.py
[2025-11-19T13:42:23.072+0000] {processor.py:840} INFO - DAG(s) 'create_audit_table' retrieved from /opt/airflow/dags/create_audit_table.py
[2025-11-19T13:42:23.208+0000] {logging_mixin.py:188} INFO - [2025-11-19T13:42:23.208+0000] {dag.py:3036} INFO - Sync 1 DAGs
[2025-11-19T13:42:23.267+0000] {logging_mixin.py:188} INFO - [2025-11-19T13:42:23.266+0000] {dag.py:3823} INFO - Setting next_dagrun for create_audit_table to None, run_after=None
[2025-11-19T13:42:23.344+0000] {processor.py:183} INFO - Processing /opt/airflow/dags/create_audit_table.py took 0.330 seconds
[2025-11-19T13:42:54.170+0000] {processor.py:161} INFO - Started process (PID=2795) to work on /opt/airflow/dags/create_audit_table.py
[2025-11-19T13:42:54.172+0000] {processor.py:830} INFO - Processing file /opt/airflow/dags/create_audit_table.py for tasks to queue
[2025-11-19T13:42:54.174+0000] {logging_mixin.py:188} INFO - [2025-11-19T13:42:54.173+0000] {dagbag.py:538} INFO - Filling up the DagBag from /opt/airflow/dags/create_audit_table.py
[2025-11-19T13:42:54.205+0000] {processor.py:840} INFO - DAG(s) 'create_audit_table' retrieved from /opt/airflow/dags/create_audit_table.py
[2025-11-19T13:42:54.252+0000] {logging_mixin.py:188} INFO - [2025-11-19T13:42:54.252+0000] {dag.py:3036} INFO - Sync 1 DAGs
[2025-11-19T13:42:54.277+0000] {logging_mixin.py:188} INFO - [2025-11-19T13:42:54.277+0000] {dag.py:3823} INFO - Setting next_dagrun for create_audit_table to None, run_after=None
[2025-11-19T13:42:54.311+0000] {processor.py:183} INFO - Processing /opt/airflow/dags/create_audit_table.py took 0.146 seconds
[2025-11-19T13:46:45.098+0000] {processor.py:161} INFO - Started process (PID=2835) to work on /opt/airflow/dags/create_audit_table.py
[2025-11-19T13:46:45.110+0000] {processor.py:830} INFO - Processing file /opt/airflow/dags/create_audit_table.py for tasks to queue
[2025-11-19T13:46:45.115+0000] {logging_mixin.py:188} INFO - [2025-11-19T13:46:45.114+0000] {dagbag.py:538} INFO - Filling up the DagBag from /opt/airflow/dags/create_audit_table.py
[2025-11-19T13:46:45.455+0000] {processor.py:840} INFO - DAG(s) 'create_audit_table' retrieved from /opt/airflow/dags/create_audit_table.py
[2025-11-19T13:46:45.593+0000] {logging_mixin.py:188} INFO - [2025-11-19T13:46:45.592+0000] {dag.py:3036} INFO - Sync 1 DAGs
[2025-11-19T13:46:45.666+0000] {logging_mixin.py:188} INFO - [2025-11-19T13:46:45.666+0000] {dag.py:3823} INFO - Setting next_dagrun for create_audit_table to None, run_after=None
[2025-11-19T13:46:45.806+0000] {processor.py:183} INFO - Processing /opt/airflow/dags/create_audit_table.py took 0.713 seconds
[2025-11-19T13:47:19.936+0000] {processor.py:161} INFO - Started process (PID=2868) to work on /opt/airflow/dags/create_audit_table.py
[2025-11-19T13:47:19.969+0000] {processor.py:830} INFO - Processing file /opt/airflow/dags/create_audit_table.py for tasks to queue
[2025-11-19T13:47:19.983+0000] {logging_mixin.py:188} INFO - [2025-11-19T13:47:19.982+0000] {dagbag.py:538} INFO - Filling up the DagBag from /opt/airflow/dags/create_audit_table.py
[2025-11-19T13:47:20.344+0000] {processor.py:840} INFO - DAG(s) 'create_audit_table' retrieved from /opt/airflow/dags/create_audit_table.py
[2025-11-19T13:47:20.668+0000] {logging_mixin.py:188} INFO - [2025-11-19T13:47:20.667+0000] {dag.py:3036} INFO - Sync 1 DAGs
[2025-11-19T13:47:20.782+0000] {logging_mixin.py:188} INFO - [2025-11-19T13:47:20.773+0000] {dag.py:3823} INFO - Setting next_dagrun for create_audit_table to None, run_after=None
[2025-11-19T13:47:21.392+0000] {processor.py:183} INFO - Processing /opt/airflow/dags/create_audit_table.py took 1.615 seconds
[2025-11-19T13:47:55.088+0000] {processor.py:161} INFO - Started process (PID=2900) to work on /opt/airflow/dags/create_audit_table.py
[2025-11-19T13:47:55.104+0000] {processor.py:830} INFO - Processing file /opt/airflow/dags/create_audit_table.py for tasks to queue
[2025-11-19T13:47:55.106+0000] {logging_mixin.py:188} INFO - [2025-11-19T13:47:55.106+0000] {dagbag.py:538} INFO - Filling up the DagBag from /opt/airflow/dags/create_audit_table.py
[2025-11-19T13:47:55.230+0000] {processor.py:840} INFO - DAG(s) 'create_audit_table' retrieved from /opt/airflow/dags/create_audit_table.py
[2025-11-19T13:47:55.364+0000] {logging_mixin.py:188} INFO - [2025-11-19T13:47:55.364+0000] {dag.py:3036} INFO - Sync 1 DAGs
[2025-11-19T13:47:55.432+0000] {logging_mixin.py:188} INFO - [2025-11-19T13:47:55.418+0000] {dag.py:3823} INFO - Setting next_dagrun for create_audit_table to None, run_after=None
[2025-11-19T13:47:55.510+0000] {processor.py:183} INFO - Processing /opt/airflow/dags/create_audit_table.py took 0.428 seconds
[2025-11-19T13:48:26.032+0000] {processor.py:161} INFO - Started process (PID=2930) to work on /opt/airflow/dags/create_audit_table.py
[2025-11-19T13:48:26.048+0000] {processor.py:830} INFO - Processing file /opt/airflow/dags/create_audit_table.py for tasks to queue
[2025-11-19T13:48:26.051+0000] {logging_mixin.py:188} INFO - [2025-11-19T13:48:26.049+0000] {dagbag.py:538} INFO - Filling up the DagBag from /opt/airflow/dags/create_audit_table.py
[2025-11-19T13:48:26.135+0000] {processor.py:840} INFO - DAG(s) 'create_audit_table' retrieved from /opt/airflow/dags/create_audit_table.py
[2025-11-19T13:48:26.282+0000] {logging_mixin.py:188} INFO - [2025-11-19T13:48:26.282+0000] {dag.py:3036} INFO - Sync 1 DAGs
[2025-11-19T13:48:26.327+0000] {logging_mixin.py:188} INFO - [2025-11-19T13:48:26.327+0000] {dag.py:3823} INFO - Setting next_dagrun for create_audit_table to None, run_after=None
[2025-11-19T13:48:26.403+0000] {processor.py:183} INFO - Processing /opt/airflow/dags/create_audit_table.py took 0.377 seconds
[2025-11-19T13:48:56.977+0000] {processor.py:161} INFO - Started process (PID=2960) to work on /opt/airflow/dags/create_audit_table.py
[2025-11-19T13:48:56.982+0000] {processor.py:830} INFO - Processing file /opt/airflow/dags/create_audit_table.py for tasks to queue
[2025-11-19T13:48:56.984+0000] {logging_mixin.py:188} INFO - [2025-11-19T13:48:56.983+0000] {dagbag.py:538} INFO - Filling up the DagBag from /opt/airflow/dags/create_audit_table.py
[2025-11-19T13:48:57.046+0000] {processor.py:840} INFO - DAG(s) 'create_audit_table' retrieved from /opt/airflow/dags/create_audit_table.py
[2025-11-19T13:48:57.122+0000] {logging_mixin.py:188} INFO - [2025-11-19T13:48:57.121+0000] {dag.py:3036} INFO - Sync 1 DAGs
[2025-11-19T13:48:57.228+0000] {logging_mixin.py:188} INFO - [2025-11-19T13:48:57.228+0000] {dag.py:3823} INFO - Setting next_dagrun for create_audit_table to None, run_after=None
[2025-11-19T13:48:57.313+0000] {processor.py:183} INFO - Processing /opt/airflow/dags/create_audit_table.py took 0.346 seconds
[2025-11-19T13:49:27.703+0000] {processor.py:161} INFO - Started process (PID=2990) to work on /opt/airflow/dags/create_audit_table.py
[2025-11-19T13:49:27.714+0000] {processor.py:830} INFO - Processing file /opt/airflow/dags/create_audit_table.py for tasks to queue
[2025-11-19T13:49:27.729+0000] {logging_mixin.py:188} INFO - [2025-11-19T13:49:27.729+0000] {dagbag.py:538} INFO - Filling up the DagBag from /opt/airflow/dags/create_audit_table.py
[2025-11-19T13:49:27.859+0000] {processor.py:840} INFO - DAG(s) 'create_audit_table' retrieved from /opt/airflow/dags/create_audit_table.py
[2025-11-19T13:49:27.965+0000] {logging_mixin.py:188} INFO - [2025-11-19T13:49:27.965+0000] {dag.py:3036} INFO - Sync 1 DAGs
[2025-11-19T13:49:27.999+0000] {logging_mixin.py:188} INFO - [2025-11-19T13:49:27.999+0000] {dag.py:3823} INFO - Setting next_dagrun for create_audit_table to None, run_after=None
[2025-11-19T13:49:28.044+0000] {processor.py:183} INFO - Processing /opt/airflow/dags/create_audit_table.py took 0.351 seconds
[2025-11-19T13:49:58.437+0000] {processor.py:161} INFO - Started process (PID=3020) to work on /opt/airflow/dags/create_audit_table.py
[2025-11-19T13:49:58.440+0000] {processor.py:830} INFO - Processing file /opt/airflow/dags/create_audit_table.py for tasks to queue
[2025-11-19T13:49:58.443+0000] {logging_mixin.py:188} INFO - [2025-11-19T13:49:58.443+0000] {dagbag.py:538} INFO - Filling up the DagBag from /opt/airflow/dags/create_audit_table.py
[2025-11-19T13:49:58.469+0000] {processor.py:840} INFO - DAG(s) 'create_audit_table' retrieved from /opt/airflow/dags/create_audit_table.py
[2025-11-19T13:49:58.513+0000] {logging_mixin.py:188} INFO - [2025-11-19T13:49:58.512+0000] {dag.py:3036} INFO - Sync 1 DAGs
[2025-11-19T13:49:58.529+0000] {logging_mixin.py:188} INFO - [2025-11-19T13:49:58.529+0000] {dag.py:3823} INFO - Setting next_dagrun for create_audit_table to None, run_after=None
[2025-11-19T13:49:58.594+0000] {processor.py:183} INFO - Processing /opt/airflow/dags/create_audit_table.py took 0.163 seconds
[2025-11-19T13:50:28.795+0000] {processor.py:161} INFO - Started process (PID=3050) to work on /opt/airflow/dags/create_audit_table.py
[2025-11-19T13:50:28.797+0000] {processor.py:830} INFO - Processing file /opt/airflow/dags/create_audit_table.py for tasks to queue
[2025-11-19T13:50:28.798+0000] {logging_mixin.py:188} INFO - [2025-11-19T13:50:28.797+0000] {dagbag.py:538} INFO - Filling up the DagBag from /opt/airflow/dags/create_audit_table.py
[2025-11-19T13:50:28.815+0000] {processor.py:840} INFO - DAG(s) 'create_audit_table' retrieved from /opt/airflow/dags/create_audit_table.py
[2025-11-19T13:50:28.839+0000] {logging_mixin.py:188} INFO - [2025-11-19T13:50:28.838+0000] {dag.py:3036} INFO - Sync 1 DAGs
[2025-11-19T13:50:28.851+0000] {logging_mixin.py:188} INFO - [2025-11-19T13:50:28.851+0000] {dag.py:3823} INFO - Setting next_dagrun for create_audit_table to None, run_after=None
[2025-11-19T13:50:28.876+0000] {processor.py:183} INFO - Processing /opt/airflow/dags/create_audit_table.py took 0.083 seconds
[2025-11-19T13:50:59.004+0000] {processor.py:161} INFO - Started process (PID=3080) to work on /opt/airflow/dags/create_audit_table.py
[2025-11-19T13:50:59.007+0000] {processor.py:830} INFO - Processing file /opt/airflow/dags/create_audit_table.py for tasks to queue
[2025-11-19T13:50:59.016+0000] {logging_mixin.py:188} INFO - [2025-11-19T13:50:59.008+0000] {dagbag.py:538} INFO - Filling up the DagBag from /opt/airflow/dags/create_audit_table.py
[2025-11-19T13:50:59.089+0000] {processor.py:840} INFO - DAG(s) 'create_audit_table' retrieved from /opt/airflow/dags/create_audit_table.py
[2025-11-19T13:50:59.175+0000] {logging_mixin.py:188} INFO - [2025-11-19T13:50:59.175+0000] {dag.py:3036} INFO - Sync 1 DAGs
[2025-11-19T13:50:59.200+0000] {logging_mixin.py:188} INFO - [2025-11-19T13:50:59.199+0000] {dag.py:3823} INFO - Setting next_dagrun for create_audit_table to None, run_after=None
[2025-11-19T13:50:59.247+0000] {processor.py:183} INFO - Processing /opt/airflow/dags/create_audit_table.py took 0.248 seconds
[2025-11-19T13:51:29.588+0000] {processor.py:161} INFO - Started process (PID=3110) to work on /opt/airflow/dags/create_audit_table.py
[2025-11-19T13:51:29.590+0000] {processor.py:830} INFO - Processing file /opt/airflow/dags/create_audit_table.py for tasks to queue
[2025-11-19T13:51:29.591+0000] {logging_mixin.py:188} INFO - [2025-11-19T13:51:29.591+0000] {dagbag.py:538} INFO - Filling up the DagBag from /opt/airflow/dags/create_audit_table.py
[2025-11-19T13:51:29.623+0000] {processor.py:840} INFO - DAG(s) 'create_audit_table' retrieved from /opt/airflow/dags/create_audit_table.py
[2025-11-19T13:51:29.677+0000] {logging_mixin.py:188} INFO - [2025-11-19T13:51:29.677+0000] {dag.py:3036} INFO - Sync 1 DAGs
[2025-11-19T13:51:29.696+0000] {logging_mixin.py:188} INFO - [2025-11-19T13:51:29.696+0000] {dag.py:3823} INFO - Setting next_dagrun for create_audit_table to None, run_after=None
[2025-11-19T13:51:29.734+0000] {processor.py:183} INFO - Processing /opt/airflow/dags/create_audit_table.py took 0.151 seconds
[2025-11-19T13:51:59.942+0000] {processor.py:161} INFO - Started process (PID=3140) to work on /opt/airflow/dags/create_audit_table.py
[2025-11-19T13:51:59.955+0000] {processor.py:830} INFO - Processing file /opt/airflow/dags/create_audit_table.py for tasks to queue
[2025-11-19T13:51:59.958+0000] {logging_mixin.py:188} INFO - [2025-11-19T13:51:59.958+0000] {dagbag.py:538} INFO - Filling up the DagBag from /opt/airflow/dags/create_audit_table.py
[2025-11-19T13:52:00.120+0000] {processor.py:840} INFO - DAG(s) 'create_audit_table' retrieved from /opt/airflow/dags/create_audit_table.py
[2025-11-19T13:52:00.194+0000] {logging_mixin.py:188} INFO - [2025-11-19T13:52:00.193+0000] {dag.py:3036} INFO - Sync 1 DAGs
[2025-11-19T13:52:00.225+0000] {logging_mixin.py:188} INFO - [2025-11-19T13:52:00.224+0000] {dag.py:3823} INFO - Setting next_dagrun for create_audit_table to None, run_after=None
[2025-11-19T13:52:00.322+0000] {processor.py:183} INFO - Processing /opt/airflow/dags/create_audit_table.py took 0.391 seconds
[2025-11-19T13:52:30.455+0000] {processor.py:161} INFO - Started process (PID=3170) to work on /opt/airflow/dags/create_audit_table.py
[2025-11-19T13:52:30.457+0000] {processor.py:830} INFO - Processing file /opt/airflow/dags/create_audit_table.py for tasks to queue
[2025-11-19T13:52:30.459+0000] {logging_mixin.py:188} INFO - [2025-11-19T13:52:30.459+0000] {dagbag.py:538} INFO - Filling up the DagBag from /opt/airflow/dags/create_audit_table.py
[2025-11-19T13:52:30.539+0000] {processor.py:840} INFO - DAG(s) 'create_audit_table' retrieved from /opt/airflow/dags/create_audit_table.py
[2025-11-19T13:52:30.582+0000] {logging_mixin.py:188} INFO - [2025-11-19T13:52:30.582+0000] {dag.py:3036} INFO - Sync 1 DAGs
[2025-11-19T13:52:30.597+0000] {logging_mixin.py:188} INFO - [2025-11-19T13:52:30.596+0000] {dag.py:3823} INFO - Setting next_dagrun for create_audit_table to None, run_after=None
[2025-11-19T13:52:30.637+0000] {processor.py:183} INFO - Processing /opt/airflow/dags/create_audit_table.py took 0.190 seconds
[2025-11-19T13:53:01.030+0000] {processor.py:161} INFO - Started process (PID=3200) to work on /opt/airflow/dags/create_audit_table.py
[2025-11-19T13:53:01.032+0000] {processor.py:830} INFO - Processing file /opt/airflow/dags/create_audit_table.py for tasks to queue
[2025-11-19T13:53:01.035+0000] {logging_mixin.py:188} INFO - [2025-11-19T13:53:01.034+0000] {dagbag.py:538} INFO - Filling up the DagBag from /opt/airflow/dags/create_audit_table.py
[2025-11-19T13:53:01.072+0000] {processor.py:840} INFO - DAG(s) 'create_audit_table' retrieved from /opt/airflow/dags/create_audit_table.py
[2025-11-19T13:53:01.205+0000] {logging_mixin.py:188} INFO - [2025-11-19T13:53:01.204+0000] {dag.py:3036} INFO - Sync 1 DAGs
[2025-11-19T13:53:01.222+0000] {logging_mixin.py:188} INFO - [2025-11-19T13:53:01.222+0000] {dag.py:3823} INFO - Setting next_dagrun for create_audit_table to None, run_after=None
[2025-11-19T13:53:01.255+0000] {processor.py:183} INFO - Processing /opt/airflow/dags/create_audit_table.py took 0.231 seconds
[2025-11-19T13:53:31.352+0000] {processor.py:161} INFO - Started process (PID=3230) to work on /opt/airflow/dags/create_audit_table.py
[2025-11-19T13:53:31.355+0000] {processor.py:830} INFO - Processing file /opt/airflow/dags/create_audit_table.py for tasks to queue
[2025-11-19T13:53:31.358+0000] {logging_mixin.py:188} INFO - [2025-11-19T13:53:31.357+0000] {dagbag.py:538} INFO - Filling up the DagBag from /opt/airflow/dags/create_audit_table.py
[2025-11-19T13:53:31.385+0000] {processor.py:840} INFO - DAG(s) 'create_audit_table' retrieved from /opt/airflow/dags/create_audit_table.py
[2025-11-19T13:53:31.417+0000] {logging_mixin.py:188} INFO - [2025-11-19T13:53:31.417+0000] {dag.py:3036} INFO - Sync 1 DAGs
[2025-11-19T13:53:31.432+0000] {logging_mixin.py:188} INFO - [2025-11-19T13:53:31.432+0000] {dag.py:3823} INFO - Setting next_dagrun for create_audit_table to None, run_after=None
[2025-11-19T13:53:31.456+0000] {processor.py:183} INFO - Processing /opt/airflow/dags/create_audit_table.py took 0.109 seconds
[2025-11-19T13:54:02.287+0000] {processor.py:161} INFO - Started process (PID=3260) to work on /opt/airflow/dags/create_audit_table.py
[2025-11-19T13:54:02.288+0000] {processor.py:830} INFO - Processing file /opt/airflow/dags/create_audit_table.py for tasks to queue
[2025-11-19T13:54:02.290+0000] {logging_mixin.py:188} INFO - [2025-11-19T13:54:02.290+0000] {dagbag.py:538} INFO - Filling up the DagBag from /opt/airflow/dags/create_audit_table.py
[2025-11-19T13:54:02.319+0000] {processor.py:840} INFO - DAG(s) 'create_audit_table' retrieved from /opt/airflow/dags/create_audit_table.py
[2025-11-19T13:54:02.369+0000] {logging_mixin.py:188} INFO - [2025-11-19T13:54:02.369+0000] {dag.py:3036} INFO - Sync 1 DAGs
[2025-11-19T13:54:02.386+0000] {logging_mixin.py:188} INFO - [2025-11-19T13:54:02.386+0000] {dag.py:3823} INFO - Setting next_dagrun for create_audit_table to None, run_after=None
[2025-11-19T13:54:02.432+0000] {processor.py:183} INFO - Processing /opt/airflow/dags/create_audit_table.py took 0.150 seconds
[2025-11-19T13:54:33.192+0000] {processor.py:161} INFO - Started process (PID=3290) to work on /opt/airflow/dags/create_audit_table.py
[2025-11-19T13:54:33.195+0000] {processor.py:830} INFO - Processing file /opt/airflow/dags/create_audit_table.py for tasks to queue
[2025-11-19T13:54:33.197+0000] {logging_mixin.py:188} INFO - [2025-11-19T13:54:33.196+0000] {dagbag.py:538} INFO - Filling up the DagBag from /opt/airflow/dags/create_audit_table.py
[2025-11-19T13:54:33.221+0000] {processor.py:840} INFO - DAG(s) 'create_audit_table' retrieved from /opt/airflow/dags/create_audit_table.py
[2025-11-19T13:54:33.260+0000] {logging_mixin.py:188} INFO - [2025-11-19T13:54:33.260+0000] {dag.py:3036} INFO - Sync 1 DAGs
[2025-11-19T13:54:33.275+0000] {logging_mixin.py:188} INFO - [2025-11-19T13:54:33.275+0000] {dag.py:3823} INFO - Setting next_dagrun for create_audit_table to None, run_after=None
[2025-11-19T13:54:33.308+0000] {processor.py:183} INFO - Processing /opt/airflow/dags/create_audit_table.py took 0.120 seconds
[2025-11-19T13:55:03.536+0000] {processor.py:161} INFO - Started process (PID=3320) to work on /opt/airflow/dags/create_audit_table.py
[2025-11-19T13:55:03.538+0000] {processor.py:830} INFO - Processing file /opt/airflow/dags/create_audit_table.py for tasks to queue
[2025-11-19T13:55:03.540+0000] {logging_mixin.py:188} INFO - [2025-11-19T13:55:03.539+0000] {dagbag.py:538} INFO - Filling up the DagBag from /opt/airflow/dags/create_audit_table.py
[2025-11-19T13:55:03.574+0000] {processor.py:840} INFO - DAG(s) 'create_audit_table' retrieved from /opt/airflow/dags/create_audit_table.py
[2025-11-19T13:55:03.613+0000] {logging_mixin.py:188} INFO - [2025-11-19T13:55:03.613+0000] {dag.py:3036} INFO - Sync 1 DAGs
[2025-11-19T13:55:03.651+0000] {logging_mixin.py:188} INFO - [2025-11-19T13:55:03.650+0000] {dag.py:3823} INFO - Setting next_dagrun for create_audit_table to None, run_after=None
[2025-11-19T13:55:03.768+0000] {processor.py:183} INFO - Processing /opt/airflow/dags/create_audit_table.py took 0.237 seconds
[2025-11-19T13:55:34.169+0000] {processor.py:161} INFO - Started process (PID=3350) to work on /opt/airflow/dags/create_audit_table.py
[2025-11-19T13:55:34.173+0000] {processor.py:830} INFO - Processing file /opt/airflow/dags/create_audit_table.py for tasks to queue
[2025-11-19T13:55:34.175+0000] {logging_mixin.py:188} INFO - [2025-11-19T13:55:34.174+0000] {dagbag.py:538} INFO - Filling up the DagBag from /opt/airflow/dags/create_audit_table.py
[2025-11-19T13:55:34.198+0000] {processor.py:840} INFO - DAG(s) 'create_audit_table' retrieved from /opt/airflow/dags/create_audit_table.py
[2025-11-19T13:55:34.236+0000] {logging_mixin.py:188} INFO - [2025-11-19T13:55:34.236+0000] {dag.py:3036} INFO - Sync 1 DAGs
[2025-11-19T13:55:34.251+0000] {logging_mixin.py:188} INFO - [2025-11-19T13:55:34.251+0000] {dag.py:3823} INFO - Setting next_dagrun for create_audit_table to None, run_after=None
[2025-11-19T13:55:34.351+0000] {processor.py:183} INFO - Processing /opt/airflow/dags/create_audit_table.py took 0.188 seconds
[2025-11-19T13:56:04.858+0000] {processor.py:161} INFO - Started process (PID=3380) to work on /opt/airflow/dags/create_audit_table.py
[2025-11-19T13:56:04.860+0000] {processor.py:830} INFO - Processing file /opt/airflow/dags/create_audit_table.py for tasks to queue
[2025-11-19T13:56:04.862+0000] {logging_mixin.py:188} INFO - [2025-11-19T13:56:04.862+0000] {dagbag.py:538} INFO - Filling up the DagBag from /opt/airflow/dags/create_audit_table.py
[2025-11-19T13:56:04.894+0000] {processor.py:840} INFO - DAG(s) 'create_audit_table' retrieved from /opt/airflow/dags/create_audit_table.py
[2025-11-19T13:56:04.988+0000] {logging_mixin.py:188} INFO - [2025-11-19T13:56:04.987+0000] {dag.py:3036} INFO - Sync 1 DAGs
[2025-11-19T13:56:05.005+0000] {logging_mixin.py:188} INFO - [2025-11-19T13:56:05.004+0000] {dag.py:3823} INFO - Setting next_dagrun for create_audit_table to None, run_after=None
[2025-11-19T13:56:05.053+0000] {processor.py:183} INFO - Processing /opt/airflow/dags/create_audit_table.py took 0.200 seconds
[2025-11-19T13:59:03.737+0000] {processor.py:161} INFO - Started process (PID=3416) to work on /opt/airflow/dags/create_audit_table.py
[2025-11-19T13:59:03.740+0000] {processor.py:830} INFO - Processing file /opt/airflow/dags/create_audit_table.py for tasks to queue
[2025-11-19T13:59:03.742+0000] {logging_mixin.py:188} INFO - [2025-11-19T13:59:03.741+0000] {dagbag.py:538} INFO - Filling up the DagBag from /opt/airflow/dags/create_audit_table.py
[2025-11-19T13:59:03.786+0000] {processor.py:840} INFO - DAG(s) 'create_audit_table' retrieved from /opt/airflow/dags/create_audit_table.py
[2025-11-19T13:59:03.854+0000] {logging_mixin.py:188} INFO - [2025-11-19T13:59:03.853+0000] {dag.py:3036} INFO - Sync 1 DAGs
[2025-11-19T13:59:04.103+0000] {logging_mixin.py:188} INFO - [2025-11-19T13:59:04.103+0000] {dag.py:3823} INFO - Setting next_dagrun for create_audit_table to None, run_after=None
[2025-11-19T13:59:04.179+0000] {processor.py:183} INFO - Processing /opt/airflow/dags/create_audit_table.py took 0.449 seconds
[2025-11-19T13:59:34.320+0000] {processor.py:161} INFO - Started process (PID=3446) to work on /opt/airflow/dags/create_audit_table.py
[2025-11-19T13:59:34.323+0000] {processor.py:830} INFO - Processing file /opt/airflow/dags/create_audit_table.py for tasks to queue
[2025-11-19T13:59:34.325+0000] {logging_mixin.py:188} INFO - [2025-11-19T13:59:34.324+0000] {dagbag.py:538} INFO - Filling up the DagBag from /opt/airflow/dags/create_audit_table.py
[2025-11-19T13:59:34.375+0000] {processor.py:840} INFO - DAG(s) 'create_audit_table' retrieved from /opt/airflow/dags/create_audit_table.py
[2025-11-19T13:59:34.448+0000] {logging_mixin.py:188} INFO - [2025-11-19T13:59:34.448+0000] {dag.py:3036} INFO - Sync 1 DAGs
[2025-11-19T13:59:34.473+0000] {logging_mixin.py:188} INFO - [2025-11-19T13:59:34.473+0000] {dag.py:3823} INFO - Setting next_dagrun for create_audit_table to None, run_after=None
[2025-11-19T13:59:34.595+0000] {processor.py:183} INFO - Processing /opt/airflow/dags/create_audit_table.py took 0.280 seconds
[2025-11-19T14:00:05.138+0000] {processor.py:161} INFO - Started process (PID=3474) to work on /opt/airflow/dags/create_audit_table.py
[2025-11-19T14:00:05.149+0000] {processor.py:830} INFO - Processing file /opt/airflow/dags/create_audit_table.py for tasks to queue
[2025-11-19T14:00:05.152+0000] {logging_mixin.py:188} INFO - [2025-11-19T14:00:05.151+0000] {dagbag.py:538} INFO - Filling up the DagBag from /opt/airflow/dags/create_audit_table.py
[2025-11-19T14:00:05.259+0000] {processor.py:840} INFO - DAG(s) 'create_audit_table' retrieved from /opt/airflow/dags/create_audit_table.py
[2025-11-19T14:00:05.352+0000] {logging_mixin.py:188} INFO - [2025-11-19T14:00:05.351+0000] {dag.py:3036} INFO - Sync 1 DAGs
[2025-11-19T14:00:05.591+0000] {logging_mixin.py:188} INFO - [2025-11-19T14:00:05.591+0000] {dag.py:3823} INFO - Setting next_dagrun for create_audit_table to None, run_after=None
[2025-11-19T14:00:05.623+0000] {processor.py:183} INFO - Processing /opt/airflow/dags/create_audit_table.py took 0.493 seconds
[2025-11-19T14:00:36.058+0000] {processor.py:161} INFO - Started process (PID=3504) to work on /opt/airflow/dags/create_audit_table.py
[2025-11-19T14:00:36.060+0000] {processor.py:830} INFO - Processing file /opt/airflow/dags/create_audit_table.py for tasks to queue
[2025-11-19T14:00:36.062+0000] {logging_mixin.py:188} INFO - [2025-11-19T14:00:36.061+0000] {dagbag.py:538} INFO - Filling up the DagBag from /opt/airflow/dags/create_audit_table.py
[2025-11-19T14:00:36.094+0000] {processor.py:840} INFO - DAG(s) 'create_audit_table' retrieved from /opt/airflow/dags/create_audit_table.py
[2025-11-19T14:00:36.161+0000] {logging_mixin.py:188} INFO - [2025-11-19T14:00:36.161+0000] {dag.py:3036} INFO - Sync 1 DAGs
[2025-11-19T14:00:36.196+0000] {logging_mixin.py:188} INFO - [2025-11-19T14:00:36.194+0000] {dag.py:3823} INFO - Setting next_dagrun for create_audit_table to None, run_after=None
[2025-11-19T14:00:36.241+0000] {processor.py:183} INFO - Processing /opt/airflow/dags/create_audit_table.py took 0.188 seconds
[2025-11-19T14:01:06.552+0000] {processor.py:161} INFO - Started process (PID=3534) to work on /opt/airflow/dags/create_audit_table.py
[2025-11-19T14:01:06.554+0000] {processor.py:830} INFO - Processing file /opt/airflow/dags/create_audit_table.py for tasks to queue
[2025-11-19T14:01:06.556+0000] {logging_mixin.py:188} INFO - [2025-11-19T14:01:06.555+0000] {dagbag.py:538} INFO - Filling up the DagBag from /opt/airflow/dags/create_audit_table.py
[2025-11-19T14:01:06.577+0000] {processor.py:840} INFO - DAG(s) 'create_audit_table' retrieved from /opt/airflow/dags/create_audit_table.py
[2025-11-19T14:01:06.615+0000] {logging_mixin.py:188} INFO - [2025-11-19T14:01:06.615+0000] {dag.py:3036} INFO - Sync 1 DAGs
[2025-11-19T14:01:06.634+0000] {logging_mixin.py:188} INFO - [2025-11-19T14:01:06.633+0000] {dag.py:3823} INFO - Setting next_dagrun for create_audit_table to None, run_after=None
[2025-11-19T14:01:06.716+0000] {processor.py:183} INFO - Processing /opt/airflow/dags/create_audit_table.py took 0.168 seconds
[2025-11-19T14:01:36.944+0000] {processor.py:161} INFO - Started process (PID=3559) to work on /opt/airflow/dags/create_audit_table.py
[2025-11-19T14:01:36.946+0000] {processor.py:830} INFO - Processing file /opt/airflow/dags/create_audit_table.py for tasks to queue
[2025-11-19T14:01:36.948+0000] {logging_mixin.py:188} INFO - [2025-11-19T14:01:36.947+0000] {dagbag.py:538} INFO - Filling up the DagBag from /opt/airflow/dags/create_audit_table.py
[2025-11-19T14:01:36.991+0000] {processor.py:840} INFO - DAG(s) 'create_audit_table' retrieved from /opt/airflow/dags/create_audit_table.py
[2025-11-19T14:01:37.051+0000] {logging_mixin.py:188} INFO - [2025-11-19T14:01:37.051+0000] {dag.py:3036} INFO - Sync 1 DAGs
[2025-11-19T14:01:37.081+0000] {logging_mixin.py:188} INFO - [2025-11-19T14:01:37.081+0000] {dag.py:3823} INFO - Setting next_dagrun for create_audit_table to None, run_after=None
[2025-11-19T14:01:37.175+0000] {processor.py:183} INFO - Processing /opt/airflow/dags/create_audit_table.py took 0.238 seconds
[2025-11-19T14:09:33.040+0000] {processor.py:161} INFO - Started process (PID=3607) to work on /opt/airflow/dags/create_audit_table.py
[2025-11-19T14:09:33.094+0000] {processor.py:830} INFO - Processing file /opt/airflow/dags/create_audit_table.py for tasks to queue
[2025-11-19T14:09:33.106+0000] {logging_mixin.py:188} INFO - [2025-11-19T14:09:33.105+0000] {dagbag.py:538} INFO - Filling up the DagBag from /opt/airflow/dags/create_audit_table.py
[2025-11-19T14:09:33.331+0000] {processor.py:840} INFO - DAG(s) 'create_audit_table' retrieved from /opt/airflow/dags/create_audit_table.py
[2025-11-19T14:09:33.433+0000] {logging_mixin.py:188} INFO - [2025-11-19T14:09:33.432+0000] {dag.py:3036} INFO - Sync 1 DAGs
[2025-11-19T14:09:33.501+0000] {logging_mixin.py:188} INFO - [2025-11-19T14:09:33.501+0000] {dag.py:3823} INFO - Setting next_dagrun for create_audit_table to None, run_after=None
[2025-11-19T14:09:33.576+0000] {processor.py:183} INFO - Processing /opt/airflow/dags/create_audit_table.py took 0.542 seconds
[2025-11-19T14:10:04.202+0000] {processor.py:161} INFO - Started process (PID=3637) to work on /opt/airflow/dags/create_audit_table.py
[2025-11-19T14:10:04.221+0000] {processor.py:830} INFO - Processing file /opt/airflow/dags/create_audit_table.py for tasks to queue
[2025-11-19T14:10:04.227+0000] {logging_mixin.py:188} INFO - [2025-11-19T14:10:04.226+0000] {dagbag.py:538} INFO - Filling up the DagBag from /opt/airflow/dags/create_audit_table.py
[2025-11-19T14:10:04.276+0000] {processor.py:840} INFO - DAG(s) 'create_audit_table' retrieved from /opt/airflow/dags/create_audit_table.py
[2025-11-19T14:10:04.381+0000] {logging_mixin.py:188} INFO - [2025-11-19T14:10:04.380+0000] {dag.py:3036} INFO - Sync 1 DAGs
[2025-11-19T14:10:04.441+0000] {logging_mixin.py:188} INFO - [2025-11-19T14:10:04.441+0000] {dag.py:3823} INFO - Setting next_dagrun for create_audit_table to None, run_after=None
[2025-11-19T14:10:04.516+0000] {processor.py:183} INFO - Processing /opt/airflow/dags/create_audit_table.py took 0.320 seconds
[2025-11-19T14:10:34.819+0000] {processor.py:161} INFO - Started process (PID=3667) to work on /opt/airflow/dags/create_audit_table.py
[2025-11-19T14:10:34.823+0000] {processor.py:830} INFO - Processing file /opt/airflow/dags/create_audit_table.py for tasks to queue
[2025-11-19T14:10:34.826+0000] {logging_mixin.py:188} INFO - [2025-11-19T14:10:34.825+0000] {dagbag.py:538} INFO - Filling up the DagBag from /opt/airflow/dags/create_audit_table.py
[2025-11-19T14:10:34.871+0000] {processor.py:840} INFO - DAG(s) 'create_audit_table' retrieved from /opt/airflow/dags/create_audit_table.py
[2025-11-19T14:10:34.939+0000] {logging_mixin.py:188} INFO - [2025-11-19T14:10:34.939+0000] {dag.py:3036} INFO - Sync 1 DAGs
[2025-11-19T14:10:34.961+0000] {logging_mixin.py:188} INFO - [2025-11-19T14:10:34.961+0000] {dag.py:3823} INFO - Setting next_dagrun for create_audit_table to None, run_after=None
[2025-11-19T14:10:35.009+0000] {processor.py:183} INFO - Processing /opt/airflow/dags/create_audit_table.py took 0.197 seconds
[2025-11-19T14:11:05.132+0000] {processor.py:161} INFO - Started process (PID=3697) to work on /opt/airflow/dags/create_audit_table.py
[2025-11-19T14:11:05.134+0000] {processor.py:830} INFO - Processing file /opt/airflow/dags/create_audit_table.py for tasks to queue
[2025-11-19T14:11:05.136+0000] {logging_mixin.py:188} INFO - [2025-11-19T14:11:05.135+0000] {dagbag.py:538} INFO - Filling up the DagBag from /opt/airflow/dags/create_audit_table.py
[2025-11-19T14:11:05.180+0000] {processor.py:840} INFO - DAG(s) 'create_audit_table' retrieved from /opt/airflow/dags/create_audit_table.py
[2025-11-19T14:11:05.236+0000] {logging_mixin.py:188} INFO - [2025-11-19T14:11:05.236+0000] {dag.py:3036} INFO - Sync 1 DAGs
[2025-11-19T14:11:05.255+0000] {logging_mixin.py:188} INFO - [2025-11-19T14:11:05.254+0000] {dag.py:3823} INFO - Setting next_dagrun for create_audit_table to None, run_after=None
[2025-11-19T14:11:05.289+0000] {processor.py:183} INFO - Processing /opt/airflow/dags/create_audit_table.py took 0.162 seconds
[2025-11-19T14:11:36.173+0000] {processor.py:161} INFO - Started process (PID=3727) to work on /opt/airflow/dags/create_audit_table.py
[2025-11-19T14:11:36.176+0000] {processor.py:830} INFO - Processing file /opt/airflow/dags/create_audit_table.py for tasks to queue
[2025-11-19T14:11:36.177+0000] {logging_mixin.py:188} INFO - [2025-11-19T14:11:36.177+0000] {dagbag.py:538} INFO - Filling up the DagBag from /opt/airflow/dags/create_audit_table.py
[2025-11-19T14:11:36.208+0000] {processor.py:840} INFO - DAG(s) 'create_audit_table' retrieved from /opt/airflow/dags/create_audit_table.py
[2025-11-19T14:11:36.246+0000] {logging_mixin.py:188} INFO - [2025-11-19T14:11:36.246+0000] {dag.py:3036} INFO - Sync 1 DAGs
[2025-11-19T14:11:36.266+0000] {logging_mixin.py:188} INFO - [2025-11-19T14:11:36.266+0000] {dag.py:3823} INFO - Setting next_dagrun for create_audit_table to None, run_after=None
[2025-11-19T14:11:36.337+0000] {processor.py:183} INFO - Processing /opt/airflow/dags/create_audit_table.py took 0.171 seconds
[2025-11-19T14:12:06.518+0000] {processor.py:161} INFO - Started process (PID=3757) to work on /opt/airflow/dags/create_audit_table.py
[2025-11-19T14:12:06.520+0000] {processor.py:830} INFO - Processing file /opt/airflow/dags/create_audit_table.py for tasks to queue
[2025-11-19T14:12:06.521+0000] {logging_mixin.py:188} INFO - [2025-11-19T14:12:06.521+0000] {dagbag.py:538} INFO - Filling up the DagBag from /opt/airflow/dags/create_audit_table.py
[2025-11-19T14:12:06.549+0000] {processor.py:840} INFO - DAG(s) 'create_audit_table' retrieved from /opt/airflow/dags/create_audit_table.py
[2025-11-19T14:12:06.598+0000] {logging_mixin.py:188} INFO - [2025-11-19T14:12:06.598+0000] {dag.py:3036} INFO - Sync 1 DAGs
[2025-11-19T14:12:06.620+0000] {logging_mixin.py:188} INFO - [2025-11-19T14:12:06.619+0000] {dag.py:3823} INFO - Setting next_dagrun for create_audit_table to None, run_after=None
[2025-11-19T14:12:06.732+0000] {processor.py:183} INFO - Processing /opt/airflow/dags/create_audit_table.py took 0.220 seconds
[2025-11-19T14:13:55.986+0000] {processor.py:161} INFO - Started process (PID=3787) to work on /opt/airflow/dags/create_audit_table.py
[2025-11-19T14:13:55.990+0000] {processor.py:830} INFO - Processing file /opt/airflow/dags/create_audit_table.py for tasks to queue
[2025-11-19T14:13:55.999+0000] {logging_mixin.py:188} INFO - [2025-11-19T14:13:55.992+0000] {dagbag.py:538} INFO - Filling up the DagBag from /opt/airflow/dags/create_audit_table.py
[2025-11-19T14:13:56.145+0000] {processor.py:840} INFO - DAG(s) 'create_audit_table' retrieved from /opt/airflow/dags/create_audit_table.py
[2025-11-19T14:13:56.252+0000] {logging_mixin.py:188} INFO - [2025-11-19T14:13:56.252+0000] {dag.py:3036} INFO - Sync 1 DAGs
[2025-11-19T14:13:56.321+0000] {logging_mixin.py:188} INFO - [2025-11-19T14:13:56.321+0000] {dag.py:3823} INFO - Setting next_dagrun for create_audit_table to None, run_after=None
[2025-11-19T14:13:56.408+0000] {processor.py:183} INFO - Processing /opt/airflow/dags/create_audit_table.py took 0.429 seconds
[2025-11-19T14:14:26.566+0000] {processor.py:161} INFO - Started process (PID=3822) to work on /opt/airflow/dags/create_audit_table.py
[2025-11-19T14:14:26.567+0000] {processor.py:830} INFO - Processing file /opt/airflow/dags/create_audit_table.py for tasks to queue
[2025-11-19T14:14:26.569+0000] {logging_mixin.py:188} INFO - [2025-11-19T14:14:26.569+0000] {dagbag.py:538} INFO - Filling up the DagBag from /opt/airflow/dags/create_audit_table.py
[2025-11-19T14:14:26.591+0000] {processor.py:840} INFO - DAG(s) 'create_audit_table' retrieved from /opt/airflow/dags/create_audit_table.py
[2025-11-19T14:14:26.646+0000] {logging_mixin.py:188} INFO - [2025-11-19T14:14:26.646+0000] {dag.py:3036} INFO - Sync 1 DAGs
[2025-11-19T14:14:26.659+0000] {logging_mixin.py:188} INFO - [2025-11-19T14:14:26.659+0000] {dag.py:3823} INFO - Setting next_dagrun for create_audit_table to None, run_after=None
[2025-11-19T14:14:26.697+0000] {processor.py:183} INFO - Processing /opt/airflow/dags/create_audit_table.py took 0.135 seconds
[2025-11-19T14:14:56.776+0000] {processor.py:161} INFO - Started process (PID=3853) to work on /opt/airflow/dags/create_audit_table.py
[2025-11-19T14:14:56.777+0000] {processor.py:830} INFO - Processing file /opt/airflow/dags/create_audit_table.py for tasks to queue
[2025-11-19T14:14:56.778+0000] {logging_mixin.py:188} INFO - [2025-11-19T14:14:56.778+0000] {dagbag.py:538} INFO - Filling up the DagBag from /opt/airflow/dags/create_audit_table.py
[2025-11-19T14:14:56.793+0000] {processor.py:840} INFO - DAG(s) 'create_audit_table' retrieved from /opt/airflow/dags/create_audit_table.py
[2025-11-19T14:14:56.819+0000] {logging_mixin.py:188} INFO - [2025-11-19T14:14:56.819+0000] {dag.py:3036} INFO - Sync 1 DAGs
[2025-11-19T14:14:56.831+0000] {logging_mixin.py:188} INFO - [2025-11-19T14:14:56.831+0000] {dag.py:3823} INFO - Setting next_dagrun for create_audit_table to None, run_after=None
[2025-11-19T14:14:56.849+0000] {processor.py:183} INFO - Processing /opt/airflow/dags/create_audit_table.py took 0.076 seconds
[2025-11-19T14:15:27.200+0000] {processor.py:161} INFO - Started process (PID=3881) to work on /opt/airflow/dags/create_audit_table.py
[2025-11-19T14:15:27.206+0000] {processor.py:830} INFO - Processing file /opt/airflow/dags/create_audit_table.py for tasks to queue
[2025-11-19T14:15:27.208+0000] {logging_mixin.py:188} INFO - [2025-11-19T14:15:27.207+0000] {dagbag.py:538} INFO - Filling up the DagBag from /opt/airflow/dags/create_audit_table.py
[2025-11-19T14:15:27.271+0000] {processor.py:840} INFO - DAG(s) 'create_audit_table' retrieved from /opt/airflow/dags/create_audit_table.py
[2025-11-19T14:15:27.374+0000] {logging_mixin.py:188} INFO - [2025-11-19T14:15:27.374+0000] {dag.py:3036} INFO - Sync 1 DAGs
[2025-11-19T14:15:27.414+0000] {logging_mixin.py:188} INFO - [2025-11-19T14:15:27.414+0000] {dag.py:3823} INFO - Setting next_dagrun for create_audit_table to None, run_after=None
[2025-11-19T14:15:27.505+0000] {processor.py:183} INFO - Processing /opt/airflow/dags/create_audit_table.py took 0.310 seconds
[2025-11-19T14:15:58.439+0000] {processor.py:161} INFO - Started process (PID=3913) to work on /opt/airflow/dags/create_audit_table.py
[2025-11-19T14:15:58.444+0000] {processor.py:830} INFO - Processing file /opt/airflow/dags/create_audit_table.py for tasks to queue
[2025-11-19T14:15:58.450+0000] {logging_mixin.py:188} INFO - [2025-11-19T14:15:58.449+0000] {dagbag.py:538} INFO - Filling up the DagBag from /opt/airflow/dags/create_audit_table.py
[2025-11-19T14:15:58.490+0000] {processor.py:840} INFO - DAG(s) 'create_audit_table' retrieved from /opt/airflow/dags/create_audit_table.py
[2025-11-19T14:15:58.525+0000] {logging_mixin.py:188} INFO - [2025-11-19T14:15:58.524+0000] {dag.py:3036} INFO - Sync 1 DAGs
[2025-11-19T14:15:58.552+0000] {logging_mixin.py:188} INFO - [2025-11-19T14:15:58.551+0000] {dag.py:3823} INFO - Setting next_dagrun for create_audit_table to None, run_after=None
[2025-11-19T14:15:58.630+0000] {processor.py:183} INFO - Processing /opt/airflow/dags/create_audit_table.py took 0.197 seconds
[2025-11-19T14:16:28.930+0000] {processor.py:161} INFO - Started process (PID=3943) to work on /opt/airflow/dags/create_audit_table.py
[2025-11-19T14:16:28.931+0000] {processor.py:830} INFO - Processing file /opt/airflow/dags/create_audit_table.py for tasks to queue
[2025-11-19T14:16:28.933+0000] {logging_mixin.py:188} INFO - [2025-11-19T14:16:28.932+0000] {dagbag.py:538} INFO - Filling up the DagBag from /opt/airflow/dags/create_audit_table.py
[2025-11-19T14:16:28.990+0000] {processor.py:840} INFO - DAG(s) 'create_audit_table' retrieved from /opt/airflow/dags/create_audit_table.py
[2025-11-19T14:16:29.024+0000] {logging_mixin.py:188} INFO - [2025-11-19T14:16:29.024+0000] {dag.py:3036} INFO - Sync 1 DAGs
[2025-11-19T14:16:29.043+0000] {logging_mixin.py:188} INFO - [2025-11-19T14:16:29.043+0000] {dag.py:3823} INFO - Setting next_dagrun for create_audit_table to None, run_after=None
[2025-11-19T14:16:29.075+0000] {processor.py:183} INFO - Processing /opt/airflow/dags/create_audit_table.py took 0.151 seconds
[2025-11-19T14:16:59.150+0000] {processor.py:161} INFO - Started process (PID=3973) to work on /opt/airflow/dags/create_audit_table.py
[2025-11-19T14:16:59.151+0000] {processor.py:830} INFO - Processing file /opt/airflow/dags/create_audit_table.py for tasks to queue
[2025-11-19T14:16:59.153+0000] {logging_mixin.py:188} INFO - [2025-11-19T14:16:59.152+0000] {dagbag.py:538} INFO - Filling up the DagBag from /opt/airflow/dags/create_audit_table.py
[2025-11-19T14:16:59.224+0000] {processor.py:840} INFO - DAG(s) 'create_audit_table' retrieved from /opt/airflow/dags/create_audit_table.py
[2025-11-19T14:16:59.290+0000] {logging_mixin.py:188} INFO - [2025-11-19T14:16:59.289+0000] {dag.py:3036} INFO - Sync 1 DAGs
[2025-11-19T14:16:59.306+0000] {logging_mixin.py:188} INFO - [2025-11-19T14:16:59.306+0000] {dag.py:3823} INFO - Setting next_dagrun for create_audit_table to None, run_after=None
[2025-11-19T14:16:59.348+0000] {processor.py:183} INFO - Processing /opt/airflow/dags/create_audit_table.py took 0.202 seconds
[2025-11-19T14:17:30.123+0000] {processor.py:161} INFO - Started process (PID=4003) to work on /opt/airflow/dags/create_audit_table.py
[2025-11-19T14:17:30.124+0000] {processor.py:830} INFO - Processing file /opt/airflow/dags/create_audit_table.py for tasks to queue
[2025-11-19T14:17:30.126+0000] {logging_mixin.py:188} INFO - [2025-11-19T14:17:30.125+0000] {dagbag.py:538} INFO - Filling up the DagBag from /opt/airflow/dags/create_audit_table.py
[2025-11-19T14:17:30.144+0000] {processor.py:840} INFO - DAG(s) 'create_audit_table' retrieved from /opt/airflow/dags/create_audit_table.py
[2025-11-19T14:17:30.182+0000] {logging_mixin.py:188} INFO - [2025-11-19T14:17:30.182+0000] {dag.py:3036} INFO - Sync 1 DAGs
[2025-11-19T14:17:30.195+0000] {logging_mixin.py:188} INFO - [2025-11-19T14:17:30.195+0000] {dag.py:3823} INFO - Setting next_dagrun for create_audit_table to None, run_after=None
[2025-11-19T14:17:30.223+0000] {processor.py:183} INFO - Processing /opt/airflow/dags/create_audit_table.py took 0.103 seconds
[2025-11-19T14:18:01.039+0000] {processor.py:161} INFO - Started process (PID=4033) to work on /opt/airflow/dags/create_audit_table.py
[2025-11-19T14:18:01.041+0000] {processor.py:830} INFO - Processing file /opt/airflow/dags/create_audit_table.py for tasks to queue
[2025-11-19T14:18:01.043+0000] {logging_mixin.py:188} INFO - [2025-11-19T14:18:01.042+0000] {dagbag.py:538} INFO - Filling up the DagBag from /opt/airflow/dags/create_audit_table.py
[2025-11-19T14:18:01.075+0000] {processor.py:840} INFO - DAG(s) 'create_audit_table' retrieved from /opt/airflow/dags/create_audit_table.py
[2025-11-19T14:18:01.111+0000] {logging_mixin.py:188} INFO - [2025-11-19T14:18:01.111+0000] {dag.py:3036} INFO - Sync 1 DAGs
[2025-11-19T14:18:01.148+0000] {logging_mixin.py:188} INFO - [2025-11-19T14:18:01.147+0000] {dag.py:3823} INFO - Setting next_dagrun for create_audit_table to None, run_after=None
[2025-11-19T14:18:01.205+0000] {processor.py:183} INFO - Processing /opt/airflow/dags/create_audit_table.py took 0.174 seconds
[2025-11-19T14:18:31.432+0000] {processor.py:161} INFO - Started process (PID=4063) to work on /opt/airflow/dags/create_audit_table.py
[2025-11-19T14:18:31.437+0000] {processor.py:830} INFO - Processing file /opt/airflow/dags/create_audit_table.py for tasks to queue
[2025-11-19T14:18:31.439+0000] {logging_mixin.py:188} INFO - [2025-11-19T14:18:31.438+0000] {dagbag.py:538} INFO - Filling up the DagBag from /opt/airflow/dags/create_audit_table.py
[2025-11-19T14:18:31.457+0000] {processor.py:840} INFO - DAG(s) 'create_audit_table' retrieved from /opt/airflow/dags/create_audit_table.py
[2025-11-19T14:18:31.508+0000] {logging_mixin.py:188} INFO - [2025-11-19T14:18:31.508+0000] {dag.py:3036} INFO - Sync 1 DAGs
[2025-11-19T14:18:31.532+0000] {logging_mixin.py:188} INFO - [2025-11-19T14:18:31.531+0000] {dag.py:3823} INFO - Setting next_dagrun for create_audit_table to None, run_after=None
[2025-11-19T14:18:31.573+0000] {processor.py:183} INFO - Processing /opt/airflow/dags/create_audit_table.py took 0.146 seconds
[2025-11-19T14:19:02.529+0000] {processor.py:161} INFO - Started process (PID=4093) to work on /opt/airflow/dags/create_audit_table.py
[2025-11-19T14:19:02.534+0000] {processor.py:830} INFO - Processing file /opt/airflow/dags/create_audit_table.py for tasks to queue
[2025-11-19T14:19:02.536+0000] {logging_mixin.py:188} INFO - [2025-11-19T14:19:02.535+0000] {dagbag.py:538} INFO - Filling up the DagBag from /opt/airflow/dags/create_audit_table.py
[2025-11-19T14:19:02.570+0000] {processor.py:840} INFO - DAG(s) 'create_audit_table' retrieved from /opt/airflow/dags/create_audit_table.py
[2025-11-19T14:19:02.625+0000] {logging_mixin.py:188} INFO - [2025-11-19T14:19:02.625+0000] {dag.py:3036} INFO - Sync 1 DAGs
[2025-11-19T14:19:02.638+0000] {logging_mixin.py:188} INFO - [2025-11-19T14:19:02.638+0000] {dag.py:3823} INFO - Setting next_dagrun for create_audit_table to None, run_after=None
[2025-11-19T14:19:02.669+0000] {processor.py:183} INFO - Processing /opt/airflow/dags/create_audit_table.py took 0.149 seconds
[2025-11-19T14:19:33.440+0000] {processor.py:161} INFO - Started process (PID=4123) to work on /opt/airflow/dags/create_audit_table.py
[2025-11-19T14:19:33.442+0000] {processor.py:830} INFO - Processing file /opt/airflow/dags/create_audit_table.py for tasks to queue
[2025-11-19T14:19:33.447+0000] {logging_mixin.py:188} INFO - [2025-11-19T14:19:33.446+0000] {dagbag.py:538} INFO - Filling up the DagBag from /opt/airflow/dags/create_audit_table.py
[2025-11-19T14:19:33.470+0000] {processor.py:840} INFO - DAG(s) 'create_audit_table' retrieved from /opt/airflow/dags/create_audit_table.py
[2025-11-19T14:19:33.501+0000] {logging_mixin.py:188} INFO - [2025-11-19T14:19:33.501+0000] {dag.py:3036} INFO - Sync 1 DAGs
[2025-11-19T14:19:33.513+0000] {logging_mixin.py:188} INFO - [2025-11-19T14:19:33.513+0000] {dag.py:3823} INFO - Setting next_dagrun for create_audit_table to None, run_after=None
[2025-11-19T14:19:33.537+0000] {processor.py:183} INFO - Processing /opt/airflow/dags/create_audit_table.py took 0.101 seconds
[2025-11-19T14:20:04.249+0000] {processor.py:161} INFO - Started process (PID=4153) to work on /opt/airflow/dags/create_audit_table.py
[2025-11-19T14:20:04.251+0000] {processor.py:830} INFO - Processing file /opt/airflow/dags/create_audit_table.py for tasks to queue
[2025-11-19T14:20:04.252+0000] {logging_mixin.py:188} INFO - [2025-11-19T14:20:04.252+0000] {dagbag.py:538} INFO - Filling up the DagBag from /opt/airflow/dags/create_audit_table.py
[2025-11-19T14:20:04.276+0000] {processor.py:840} INFO - DAG(s) 'create_audit_table' retrieved from /opt/airflow/dags/create_audit_table.py
[2025-11-19T14:20:04.305+0000] {logging_mixin.py:188} INFO - [2025-11-19T14:20:04.305+0000] {dag.py:3036} INFO - Sync 1 DAGs
[2025-11-19T14:20:04.317+0000] {logging_mixin.py:188} INFO - [2025-11-19T14:20:04.316+0000] {dag.py:3823} INFO - Setting next_dagrun for create_audit_table to None, run_after=None
[2025-11-19T14:20:04.339+0000] {processor.py:183} INFO - Processing /opt/airflow/dags/create_audit_table.py took 0.092 seconds
[2025-11-19T14:20:35.082+0000] {processor.py:161} INFO - Started process (PID=4183) to work on /opt/airflow/dags/create_audit_table.py
[2025-11-19T14:20:35.084+0000] {processor.py:830} INFO - Processing file /opt/airflow/dags/create_audit_table.py for tasks to queue
[2025-11-19T14:20:35.085+0000] {logging_mixin.py:188} INFO - [2025-11-19T14:20:35.084+0000] {dagbag.py:538} INFO - Filling up the DagBag from /opt/airflow/dags/create_audit_table.py
[2025-11-19T14:20:35.102+0000] {processor.py:840} INFO - DAG(s) 'create_audit_table' retrieved from /opt/airflow/dags/create_audit_table.py
[2025-11-19T14:20:35.127+0000] {logging_mixin.py:188} INFO - [2025-11-19T14:20:35.127+0000] {dag.py:3036} INFO - Sync 1 DAGs
[2025-11-19T14:20:35.138+0000] {logging_mixin.py:188} INFO - [2025-11-19T14:20:35.138+0000] {dag.py:3823} INFO - Setting next_dagrun for create_audit_table to None, run_after=None
[2025-11-19T14:20:35.160+0000] {processor.py:183} INFO - Processing /opt/airflow/dags/create_audit_table.py took 0.081 seconds
[2025-11-19T14:21:06.026+0000] {processor.py:161} INFO - Started process (PID=4213) to work on /opt/airflow/dags/create_audit_table.py
[2025-11-19T14:21:06.027+0000] {processor.py:830} INFO - Processing file /opt/airflow/dags/create_audit_table.py for tasks to queue
[2025-11-19T14:21:06.028+0000] {logging_mixin.py:188} INFO - [2025-11-19T14:21:06.028+0000] {dagbag.py:538} INFO - Filling up the DagBag from /opt/airflow/dags/create_audit_table.py
[2025-11-19T14:21:06.042+0000] {processor.py:840} INFO - DAG(s) 'create_audit_table' retrieved from /opt/airflow/dags/create_audit_table.py
[2025-11-19T14:21:06.070+0000] {logging_mixin.py:188} INFO - [2025-11-19T14:21:06.069+0000] {dag.py:3036} INFO - Sync 1 DAGs
[2025-11-19T14:21:06.080+0000] {logging_mixin.py:188} INFO - [2025-11-19T14:21:06.080+0000] {dag.py:3823} INFO - Setting next_dagrun for create_audit_table to None, run_after=None
[2025-11-19T14:21:06.102+0000] {processor.py:183} INFO - Processing /opt/airflow/dags/create_audit_table.py took 0.079 seconds
[2025-11-19T14:21:36.914+0000] {processor.py:161} INFO - Started process (PID=4243) to work on /opt/airflow/dags/create_audit_table.py
[2025-11-19T14:21:36.915+0000] {processor.py:830} INFO - Processing file /opt/airflow/dags/create_audit_table.py for tasks to queue
[2025-11-19T14:21:36.916+0000] {logging_mixin.py:188} INFO - [2025-11-19T14:21:36.916+0000] {dagbag.py:538} INFO - Filling up the DagBag from /opt/airflow/dags/create_audit_table.py
[2025-11-19T14:21:36.942+0000] {processor.py:840} INFO - DAG(s) 'create_audit_table' retrieved from /opt/airflow/dags/create_audit_table.py
[2025-11-19T14:21:36.971+0000] {logging_mixin.py:188} INFO - [2025-11-19T14:21:36.971+0000] {dag.py:3036} INFO - Sync 1 DAGs
[2025-11-19T14:21:36.982+0000] {logging_mixin.py:188} INFO - [2025-11-19T14:21:36.982+0000] {dag.py:3823} INFO - Setting next_dagrun for create_audit_table to None, run_after=None
[2025-11-19T14:21:37.003+0000] {processor.py:183} INFO - Processing /opt/airflow/dags/create_audit_table.py took 0.093 seconds
[2025-11-19T14:22:07.170+0000] {processor.py:161} INFO - Started process (PID=4273) to work on /opt/airflow/dags/create_audit_table.py
[2025-11-19T14:22:07.171+0000] {processor.py:830} INFO - Processing file /opt/airflow/dags/create_audit_table.py for tasks to queue
[2025-11-19T14:22:07.172+0000] {logging_mixin.py:188} INFO - [2025-11-19T14:22:07.172+0000] {dagbag.py:538} INFO - Filling up the DagBag from /opt/airflow/dags/create_audit_table.py
[2025-11-19T14:22:07.209+0000] {processor.py:840} INFO - DAG(s) 'create_audit_table' retrieved from /opt/airflow/dags/create_audit_table.py
[2025-11-19T14:22:07.245+0000] {logging_mixin.py:188} INFO - [2025-11-19T14:22:07.245+0000] {dag.py:3036} INFO - Sync 1 DAGs
[2025-11-19T14:22:07.264+0000] {logging_mixin.py:188} INFO - [2025-11-19T14:22:07.263+0000] {dag.py:3823} INFO - Setting next_dagrun for create_audit_table to None, run_after=None
[2025-11-19T14:22:07.311+0000] {processor.py:183} INFO - Processing /opt/airflow/dags/create_audit_table.py took 0.146 seconds
[2025-11-19T14:22:37.680+0000] {processor.py:161} INFO - Started process (PID=4303) to work on /opt/airflow/dags/create_audit_table.py
[2025-11-19T14:22:37.682+0000] {processor.py:830} INFO - Processing file /opt/airflow/dags/create_audit_table.py for tasks to queue
[2025-11-19T14:22:37.683+0000] {logging_mixin.py:188} INFO - [2025-11-19T14:22:37.683+0000] {dagbag.py:538} INFO - Filling up the DagBag from /opt/airflow/dags/create_audit_table.py
[2025-11-19T14:22:37.707+0000] {processor.py:840} INFO - DAG(s) 'create_audit_table' retrieved from /opt/airflow/dags/create_audit_table.py
[2025-11-19T14:22:37.739+0000] {logging_mixin.py:188} INFO - [2025-11-19T14:22:37.739+0000] {dag.py:3036} INFO - Sync 1 DAGs
[2025-11-19T14:22:37.756+0000] {logging_mixin.py:188} INFO - [2025-11-19T14:22:37.756+0000] {dag.py:3823} INFO - Setting next_dagrun for create_audit_table to None, run_after=None
[2025-11-19T14:22:37.792+0000] {processor.py:183} INFO - Processing /opt/airflow/dags/create_audit_table.py took 0.116 seconds
[2025-11-19T14:23:08.553+0000] {processor.py:161} INFO - Started process (PID=4331) to work on /opt/airflow/dags/create_audit_table.py
[2025-11-19T14:23:08.554+0000] {processor.py:830} INFO - Processing file /opt/airflow/dags/create_audit_table.py for tasks to queue
[2025-11-19T14:23:08.555+0000] {logging_mixin.py:188} INFO - [2025-11-19T14:23:08.555+0000] {dagbag.py:538} INFO - Filling up the DagBag from /opt/airflow/dags/create_audit_table.py
[2025-11-19T14:23:08.586+0000] {processor.py:840} INFO - DAG(s) 'create_audit_table' retrieved from /opt/airflow/dags/create_audit_table.py
[2025-11-19T14:23:08.611+0000] {logging_mixin.py:188} INFO - [2025-11-19T14:23:08.611+0000] {dag.py:3036} INFO - Sync 1 DAGs
[2025-11-19T14:23:08.621+0000] {logging_mixin.py:188} INFO - [2025-11-19T14:23:08.621+0000] {dag.py:3823} INFO - Setting next_dagrun for create_audit_table to None, run_after=None
[2025-11-19T14:23:08.640+0000] {processor.py:183} INFO - Processing /opt/airflow/dags/create_audit_table.py took 0.091 seconds
[2025-11-19T14:23:39.564+0000] {processor.py:161} INFO - Started process (PID=4361) to work on /opt/airflow/dags/create_audit_table.py
[2025-11-19T14:23:39.565+0000] {processor.py:830} INFO - Processing file /opt/airflow/dags/create_audit_table.py for tasks to queue
[2025-11-19T14:23:39.567+0000] {logging_mixin.py:188} INFO - [2025-11-19T14:23:39.566+0000] {dagbag.py:538} INFO - Filling up the DagBag from /opt/airflow/dags/create_audit_table.py
[2025-11-19T14:23:39.590+0000] {processor.py:840} INFO - DAG(s) 'create_audit_table' retrieved from /opt/airflow/dags/create_audit_table.py
[2025-11-19T14:23:39.619+0000] {logging_mixin.py:188} INFO - [2025-11-19T14:23:39.619+0000] {dag.py:3036} INFO - Sync 1 DAGs
[2025-11-19T14:23:39.631+0000] {logging_mixin.py:188} INFO - [2025-11-19T14:23:39.630+0000] {dag.py:3823} INFO - Setting next_dagrun for create_audit_table to None, run_after=None
[2025-11-19T14:23:39.650+0000] {processor.py:183} INFO - Processing /opt/airflow/dags/create_audit_table.py took 0.090 seconds
[2025-11-19T14:24:10.326+0000] {processor.py:161} INFO - Started process (PID=4393) to work on /opt/airflow/dags/create_audit_table.py
[2025-11-19T14:24:10.327+0000] {processor.py:830} INFO - Processing file /opt/airflow/dags/create_audit_table.py for tasks to queue
[2025-11-19T14:24:10.328+0000] {logging_mixin.py:188} INFO - [2025-11-19T14:24:10.328+0000] {dagbag.py:538} INFO - Filling up the DagBag from /opt/airflow/dags/create_audit_table.py
[2025-11-19T14:24:10.343+0000] {processor.py:840} INFO - DAG(s) 'create_audit_table' retrieved from /opt/airflow/dags/create_audit_table.py
[2025-11-19T14:24:10.369+0000] {logging_mixin.py:188} INFO - [2025-11-19T14:24:10.369+0000] {dag.py:3036} INFO - Sync 1 DAGs
[2025-11-19T14:24:10.383+0000] {logging_mixin.py:188} INFO - [2025-11-19T14:24:10.383+0000] {dag.py:3823} INFO - Setting next_dagrun for create_audit_table to None, run_after=None
[2025-11-19T14:24:10.405+0000] {processor.py:183} INFO - Processing /opt/airflow/dags/create_audit_table.py took 0.082 seconds
[2025-11-19T14:24:41.271+0000] {processor.py:161} INFO - Started process (PID=4421) to work on /opt/airflow/dags/create_audit_table.py
[2025-11-19T14:24:41.272+0000] {processor.py:830} INFO - Processing file /opt/airflow/dags/create_audit_table.py for tasks to queue
[2025-11-19T14:24:41.273+0000] {logging_mixin.py:188} INFO - [2025-11-19T14:24:41.273+0000] {dagbag.py:538} INFO - Filling up the DagBag from /opt/airflow/dags/create_audit_table.py
[2025-11-19T14:24:41.304+0000] {processor.py:840} INFO - DAG(s) 'create_audit_table' retrieved from /opt/airflow/dags/create_audit_table.py
[2025-11-19T14:24:41.343+0000] {logging_mixin.py:188} INFO - [2025-11-19T14:24:41.342+0000] {dag.py:3036} INFO - Sync 1 DAGs
[2025-11-19T14:24:41.357+0000] {logging_mixin.py:188} INFO - [2025-11-19T14:24:41.357+0000] {dag.py:3823} INFO - Setting next_dagrun for create_audit_table to None, run_after=None
[2025-11-19T14:24:41.381+0000] {processor.py:183} INFO - Processing /opt/airflow/dags/create_audit_table.py took 0.115 seconds
[2025-11-19T14:25:12.188+0000] {processor.py:161} INFO - Started process (PID=4453) to work on /opt/airflow/dags/create_audit_table.py
[2025-11-19T14:25:12.190+0000] {processor.py:830} INFO - Processing file /opt/airflow/dags/create_audit_table.py for tasks to queue
[2025-11-19T14:25:12.191+0000] {logging_mixin.py:188} INFO - [2025-11-19T14:25:12.190+0000] {dagbag.py:538} INFO - Filling up the DagBag from /opt/airflow/dags/create_audit_table.py
[2025-11-19T14:25:12.205+0000] {processor.py:840} INFO - DAG(s) 'create_audit_table' retrieved from /opt/airflow/dags/create_audit_table.py
[2025-11-19T14:25:12.229+0000] {logging_mixin.py:188} INFO - [2025-11-19T14:25:12.229+0000] {dag.py:3036} INFO - Sync 1 DAGs
[2025-11-19T14:25:12.240+0000] {logging_mixin.py:188} INFO - [2025-11-19T14:25:12.240+0000] {dag.py:3823} INFO - Setting next_dagrun for create_audit_table to None, run_after=None
[2025-11-19T14:25:12.267+0000] {processor.py:183} INFO - Processing /opt/airflow/dags/create_audit_table.py took 0.082 seconds
[2025-11-19T14:25:43.192+0000] {processor.py:161} INFO - Started process (PID=4481) to work on /opt/airflow/dags/create_audit_table.py
[2025-11-19T14:25:43.194+0000] {processor.py:830} INFO - Processing file /opt/airflow/dags/create_audit_table.py for tasks to queue
[2025-11-19T14:25:43.195+0000] {logging_mixin.py:188} INFO - [2025-11-19T14:25:43.194+0000] {dagbag.py:538} INFO - Filling up the DagBag from /opt/airflow/dags/create_audit_table.py
[2025-11-19T14:25:43.225+0000] {processor.py:840} INFO - DAG(s) 'create_audit_table' retrieved from /opt/airflow/dags/create_audit_table.py
[2025-11-19T14:25:43.261+0000] {logging_mixin.py:188} INFO - [2025-11-19T14:25:43.261+0000] {dag.py:3036} INFO - Sync 1 DAGs
[2025-11-19T14:25:43.276+0000] {logging_mixin.py:188} INFO - [2025-11-19T14:25:43.276+0000] {dag.py:3823} INFO - Setting next_dagrun for create_audit_table to None, run_after=None
[2025-11-19T14:25:43.296+0000] {processor.py:183} INFO - Processing /opt/airflow/dags/create_audit_table.py took 0.107 seconds
[2025-11-19T14:26:14.093+0000] {processor.py:161} INFO - Started process (PID=4513) to work on /opt/airflow/dags/create_audit_table.py
[2025-11-19T14:26:14.095+0000] {processor.py:830} INFO - Processing file /opt/airflow/dags/create_audit_table.py for tasks to queue
[2025-11-19T14:26:14.096+0000] {logging_mixin.py:188} INFO - [2025-11-19T14:26:14.096+0000] {dagbag.py:538} INFO - Filling up the DagBag from /opt/airflow/dags/create_audit_table.py
[2025-11-19T14:26:14.116+0000] {processor.py:840} INFO - DAG(s) 'create_audit_table' retrieved from /opt/airflow/dags/create_audit_table.py
[2025-11-19T14:26:14.147+0000] {logging_mixin.py:188} INFO - [2025-11-19T14:26:14.147+0000] {dag.py:3036} INFO - Sync 1 DAGs
[2025-11-19T14:26:14.159+0000] {logging_mixin.py:188} INFO - [2025-11-19T14:26:14.159+0000] {dag.py:3823} INFO - Setting next_dagrun for create_audit_table to None, run_after=None
[2025-11-19T14:26:14.182+0000] {processor.py:183} INFO - Processing /opt/airflow/dags/create_audit_table.py took 0.092 seconds
[2025-11-19T14:26:44.838+0000] {processor.py:161} INFO - Started process (PID=4543) to work on /opt/airflow/dags/create_audit_table.py
[2025-11-19T14:26:44.839+0000] {processor.py:830} INFO - Processing file /opt/airflow/dags/create_audit_table.py for tasks to queue
[2025-11-19T14:26:44.840+0000] {logging_mixin.py:188} INFO - [2025-11-19T14:26:44.840+0000] {dagbag.py:538} INFO - Filling up the DagBag from /opt/airflow/dags/create_audit_table.py
[2025-11-19T14:26:44.858+0000] {processor.py:840} INFO - DAG(s) 'create_audit_table' retrieved from /opt/airflow/dags/create_audit_table.py
[2025-11-19T14:26:44.887+0000] {logging_mixin.py:188} INFO - [2025-11-19T14:26:44.886+0000] {dag.py:3036} INFO - Sync 1 DAGs
[2025-11-19T14:26:44.899+0000] {logging_mixin.py:188} INFO - [2025-11-19T14:26:44.899+0000] {dag.py:3823} INFO - Setting next_dagrun for create_audit_table to None, run_after=None
[2025-11-19T14:26:44.921+0000] {processor.py:183} INFO - Processing /opt/airflow/dags/create_audit_table.py took 0.087 seconds
[2025-11-19T14:27:15.756+0000] {processor.py:161} INFO - Started process (PID=4571) to work on /opt/airflow/dags/create_audit_table.py
[2025-11-19T14:27:15.758+0000] {processor.py:830} INFO - Processing file /opt/airflow/dags/create_audit_table.py for tasks to queue
[2025-11-19T14:27:15.761+0000] {logging_mixin.py:188} INFO - [2025-11-19T14:27:15.760+0000] {dagbag.py:538} INFO - Filling up the DagBag from /opt/airflow/dags/create_audit_table.py
[2025-11-19T14:27:15.780+0000] {processor.py:840} INFO - DAG(s) 'create_audit_table' retrieved from /opt/airflow/dags/create_audit_table.py
[2025-11-19T14:27:15.815+0000] {logging_mixin.py:188} INFO - [2025-11-19T14:27:15.815+0000] {dag.py:3036} INFO - Sync 1 DAGs
[2025-11-19T14:27:15.837+0000] {logging_mixin.py:188} INFO - [2025-11-19T14:27:15.837+0000] {dag.py:3823} INFO - Setting next_dagrun for create_audit_table to None, run_after=None
[2025-11-19T14:27:15.868+0000] {processor.py:183} INFO - Processing /opt/airflow/dags/create_audit_table.py took 0.117 seconds
[2025-11-19T14:27:47.839+0000] {processor.py:161} INFO - Started process (PID=4601) to work on /opt/airflow/dags/create_audit_table.py
[2025-11-19T14:27:47.841+0000] {processor.py:830} INFO - Processing file /opt/airflow/dags/create_audit_table.py for tasks to queue
[2025-11-19T14:27:47.842+0000] {logging_mixin.py:188} INFO - [2025-11-19T14:27:47.842+0000] {dagbag.py:538} INFO - Filling up the DagBag from /opt/airflow/dags/create_audit_table.py
[2025-11-19T14:27:47.863+0000] {processor.py:840} INFO - DAG(s) 'create_audit_table' retrieved from /opt/airflow/dags/create_audit_table.py
[2025-11-19T14:27:47.893+0000] {logging_mixin.py:188} INFO - [2025-11-19T14:27:47.893+0000] {dag.py:3036} INFO - Sync 1 DAGs
[2025-11-19T14:27:47.909+0000] {logging_mixin.py:188} INFO - [2025-11-19T14:27:47.909+0000] {dag.py:3823} INFO - Setting next_dagrun for create_audit_table to None, run_after=None
[2025-11-19T14:27:47.935+0000] {processor.py:183} INFO - Processing /opt/airflow/dags/create_audit_table.py took 0.100 seconds
[2025-11-19T14:28:18.740+0000] {processor.py:161} INFO - Started process (PID=4633) to work on /opt/airflow/dags/create_audit_table.py
[2025-11-19T14:28:18.742+0000] {processor.py:830} INFO - Processing file /opt/airflow/dags/create_audit_table.py for tasks to queue
[2025-11-19T14:28:18.749+0000] {logging_mixin.py:188} INFO - [2025-11-19T14:28:18.745+0000] {dagbag.py:538} INFO - Filling up the DagBag from /opt/airflow/dags/create_audit_table.py
[2025-11-19T14:28:18.785+0000] {processor.py:840} INFO - DAG(s) 'create_audit_table' retrieved from /opt/airflow/dags/create_audit_table.py
[2025-11-19T14:28:18.838+0000] {logging_mixin.py:188} INFO - [2025-11-19T14:28:18.838+0000] {dag.py:3036} INFO - Sync 1 DAGs
[2025-11-19T14:28:18.875+0000] {logging_mixin.py:188} INFO - [2025-11-19T14:28:18.874+0000] {dag.py:3823} INFO - Setting next_dagrun for create_audit_table to None, run_after=None
[2025-11-19T14:28:18.945+0000] {processor.py:183} INFO - Processing /opt/airflow/dags/create_audit_table.py took 0.209 seconds
[2025-11-19T14:28:49.189+0000] {processor.py:161} INFO - Started process (PID=4663) to work on /opt/airflow/dags/create_audit_table.py
[2025-11-19T14:28:49.191+0000] {processor.py:830} INFO - Processing file /opt/airflow/dags/create_audit_table.py for tasks to queue
[2025-11-19T14:28:49.192+0000] {logging_mixin.py:188} INFO - [2025-11-19T14:28:49.192+0000] {dagbag.py:538} INFO - Filling up the DagBag from /opt/airflow/dags/create_audit_table.py
[2025-11-19T14:28:49.270+0000] {processor.py:840} INFO - DAG(s) 'create_audit_table' retrieved from /opt/airflow/dags/create_audit_table.py
[2025-11-19T14:28:49.325+0000] {logging_mixin.py:188} INFO - [2025-11-19T14:28:49.324+0000] {dag.py:3036} INFO - Sync 1 DAGs
[2025-11-19T14:28:49.353+0000] {logging_mixin.py:188} INFO - [2025-11-19T14:28:49.353+0000] {dag.py:3823} INFO - Setting next_dagrun for create_audit_table to None, run_after=None
[2025-11-19T14:28:49.396+0000] {processor.py:183} INFO - Processing /opt/airflow/dags/create_audit_table.py took 0.212 seconds
[2025-11-19T14:29:20.254+0000] {processor.py:161} INFO - Started process (PID=4693) to work on /opt/airflow/dags/create_audit_table.py
[2025-11-19T14:29:20.270+0000] {processor.py:830} INFO - Processing file /opt/airflow/dags/create_audit_table.py for tasks to queue
[2025-11-19T14:29:20.280+0000] {logging_mixin.py:188} INFO - [2025-11-19T14:29:20.279+0000] {dagbag.py:538} INFO - Filling up the DagBag from /opt/airflow/dags/create_audit_table.py
[2025-11-19T14:29:20.316+0000] {processor.py:840} INFO - DAG(s) 'create_audit_table' retrieved from /opt/airflow/dags/create_audit_table.py
[2025-11-19T14:29:20.355+0000] {logging_mixin.py:188} INFO - [2025-11-19T14:29:20.355+0000] {dag.py:3036} INFO - Sync 1 DAGs
[2025-11-19T14:29:20.383+0000] {logging_mixin.py:188} INFO - [2025-11-19T14:29:20.382+0000] {dag.py:3823} INFO - Setting next_dagrun for create_audit_table to None, run_after=None
[2025-11-19T14:29:20.494+0000] {processor.py:183} INFO - Processing /opt/airflow/dags/create_audit_table.py took 0.246 seconds
[2025-11-19T14:29:51.055+0000] {processor.py:161} INFO - Started process (PID=4723) to work on /opt/airflow/dags/create_audit_table.py
[2025-11-19T14:29:51.060+0000] {processor.py:830} INFO - Processing file /opt/airflow/dags/create_audit_table.py for tasks to queue
[2025-11-19T14:29:51.062+0000] {logging_mixin.py:188} INFO - [2025-11-19T14:29:51.062+0000] {dagbag.py:538} INFO - Filling up the DagBag from /opt/airflow/dags/create_audit_table.py
[2025-11-19T14:29:51.096+0000] {processor.py:840} INFO - DAG(s) 'create_audit_table' retrieved from /opt/airflow/dags/create_audit_table.py
[2025-11-19T14:29:51.146+0000] {logging_mixin.py:188} INFO - [2025-11-19T14:29:51.145+0000] {dag.py:3036} INFO - Sync 1 DAGs
[2025-11-19T14:29:51.167+0000] {logging_mixin.py:188} INFO - [2025-11-19T14:29:51.167+0000] {dag.py:3823} INFO - Setting next_dagrun for create_audit_table to None, run_after=None
[2025-11-19T14:29:51.247+0000] {processor.py:183} INFO - Processing /opt/airflow/dags/create_audit_table.py took 0.195 seconds
[2025-11-19T14:30:21.398+0000] {processor.py:161} INFO - Started process (PID=4753) to work on /opt/airflow/dags/create_audit_table.py
[2025-11-19T14:30:21.403+0000] {processor.py:830} INFO - Processing file /opt/airflow/dags/create_audit_table.py for tasks to queue
[2025-11-19T14:30:21.405+0000] {logging_mixin.py:188} INFO - [2025-11-19T14:30:21.405+0000] {dagbag.py:538} INFO - Filling up the DagBag from /opt/airflow/dags/create_audit_table.py
[2025-11-19T14:30:21.439+0000] {processor.py:840} INFO - DAG(s) 'create_audit_table' retrieved from /opt/airflow/dags/create_audit_table.py
[2025-11-19T14:30:21.500+0000] {logging_mixin.py:188} INFO - [2025-11-19T14:30:21.499+0000] {dag.py:3036} INFO - Sync 1 DAGs
[2025-11-19T14:30:21.529+0000] {logging_mixin.py:188} INFO - [2025-11-19T14:30:21.529+0000] {dag.py:3823} INFO - Setting next_dagrun for create_audit_table to None, run_after=None
[2025-11-19T14:30:21.576+0000] {processor.py:183} INFO - Processing /opt/airflow/dags/create_audit_table.py took 0.182 seconds
[2025-11-19T14:30:52.519+0000] {processor.py:161} INFO - Started process (PID=4783) to work on /opt/airflow/dags/create_audit_table.py
[2025-11-19T14:30:52.523+0000] {processor.py:830} INFO - Processing file /opt/airflow/dags/create_audit_table.py for tasks to queue
[2025-11-19T14:30:52.525+0000] {logging_mixin.py:188} INFO - [2025-11-19T14:30:52.524+0000] {dagbag.py:538} INFO - Filling up the DagBag from /opt/airflow/dags/create_audit_table.py
[2025-11-19T14:30:52.562+0000] {processor.py:840} INFO - DAG(s) 'create_audit_table' retrieved from /opt/airflow/dags/create_audit_table.py
[2025-11-19T14:30:52.647+0000] {logging_mixin.py:188} INFO - [2025-11-19T14:30:52.638+0000] {dag.py:3036} INFO - Sync 1 DAGs
[2025-11-19T14:30:52.685+0000] {logging_mixin.py:188} INFO - [2025-11-19T14:30:52.676+0000] {dag.py:3823} INFO - Setting next_dagrun for create_audit_table to None, run_after=None
[2025-11-19T14:30:52.732+0000] {processor.py:183} INFO - Processing /opt/airflow/dags/create_audit_table.py took 0.218 seconds
[2025-11-19T14:31:22.898+0000] {processor.py:161} INFO - Started process (PID=4813) to work on /opt/airflow/dags/create_audit_table.py
[2025-11-19T14:31:22.901+0000] {processor.py:830} INFO - Processing file /opt/airflow/dags/create_audit_table.py for tasks to queue
[2025-11-19T14:31:22.908+0000] {logging_mixin.py:188} INFO - [2025-11-19T14:31:22.908+0000] {dagbag.py:538} INFO - Filling up the DagBag from /opt/airflow/dags/create_audit_table.py
[2025-11-19T14:31:22.936+0000] {processor.py:840} INFO - DAG(s) 'create_audit_table' retrieved from /opt/airflow/dags/create_audit_table.py
[2025-11-19T14:31:22.996+0000] {logging_mixin.py:188} INFO - [2025-11-19T14:31:22.995+0000] {dag.py:3036} INFO - Sync 1 DAGs
[2025-11-19T14:31:23.023+0000] {logging_mixin.py:188} INFO - [2025-11-19T14:31:23.023+0000] {dag.py:3823} INFO - Setting next_dagrun for create_audit_table to None, run_after=None
[2025-11-19T14:31:23.109+0000] {processor.py:183} INFO - Processing /opt/airflow/dags/create_audit_table.py took 0.215 seconds
[2025-11-19T14:31:53.743+0000] {processor.py:161} INFO - Started process (PID=4843) to work on /opt/airflow/dags/create_audit_table.py
[2025-11-19T14:31:53.746+0000] {processor.py:830} INFO - Processing file /opt/airflow/dags/create_audit_table.py for tasks to queue
[2025-11-19T14:31:53.748+0000] {logging_mixin.py:188} INFO - [2025-11-19T14:31:53.747+0000] {dagbag.py:538} INFO - Filling up the DagBag from /opt/airflow/dags/create_audit_table.py
[2025-11-19T14:31:53.768+0000] {processor.py:840} INFO - DAG(s) 'create_audit_table' retrieved from /opt/airflow/dags/create_audit_table.py
[2025-11-19T14:31:53.808+0000] {logging_mixin.py:188} INFO - [2025-11-19T14:31:53.808+0000] {dag.py:3036} INFO - Sync 1 DAGs
[2025-11-19T14:31:53.829+0000] {logging_mixin.py:188} INFO - [2025-11-19T14:31:53.828+0000] {dag.py:3823} INFO - Setting next_dagrun for create_audit_table to None, run_after=None
[2025-11-19T14:31:53.870+0000] {processor.py:183} INFO - Processing /opt/airflow/dags/create_audit_table.py took 0.133 seconds
[2025-11-19T14:32:24.675+0000] {processor.py:161} INFO - Started process (PID=4873) to work on /opt/airflow/dags/create_audit_table.py
[2025-11-19T14:32:24.678+0000] {processor.py:830} INFO - Processing file /opt/airflow/dags/create_audit_table.py for tasks to queue
[2025-11-19T14:32:24.690+0000] {logging_mixin.py:188} INFO - [2025-11-19T14:32:24.689+0000] {dagbag.py:538} INFO - Filling up the DagBag from /opt/airflow/dags/create_audit_table.py
[2025-11-19T14:32:24.724+0000] {processor.py:840} INFO - DAG(s) 'create_audit_table' retrieved from /opt/airflow/dags/create_audit_table.py
[2025-11-19T14:32:24.821+0000] {logging_mixin.py:188} INFO - [2025-11-19T14:32:24.820+0000] {dag.py:3036} INFO - Sync 1 DAGs
[2025-11-19T14:32:24.867+0000] {logging_mixin.py:188} INFO - [2025-11-19T14:32:24.867+0000] {dag.py:3823} INFO - Setting next_dagrun for create_audit_table to None, run_after=None
[2025-11-19T14:32:24.955+0000] {processor.py:183} INFO - Processing /opt/airflow/dags/create_audit_table.py took 0.285 seconds
[2025-11-19T14:32:55.867+0000] {processor.py:161} INFO - Started process (PID=4903) to work on /opt/airflow/dags/create_audit_table.py
[2025-11-19T14:32:55.869+0000] {processor.py:830} INFO - Processing file /opt/airflow/dags/create_audit_table.py for tasks to queue
[2025-11-19T14:32:55.871+0000] {logging_mixin.py:188} INFO - [2025-11-19T14:32:55.870+0000] {dagbag.py:538} INFO - Filling up the DagBag from /opt/airflow/dags/create_audit_table.py
[2025-11-19T14:32:56.926+0000] {processor.py:840} INFO - DAG(s) 'create_audit_table' retrieved from /opt/airflow/dags/create_audit_table.py
[2025-11-19T14:32:56.984+0000] {logging_mixin.py:188} INFO - [2025-11-19T14:32:56.983+0000] {dag.py:3036} INFO - Sync 1 DAGs
[2025-11-19T14:32:56.999+0000] {logging_mixin.py:188} INFO - [2025-11-19T14:32:56.999+0000] {dag.py:3823} INFO - Setting next_dagrun for create_audit_table to None, run_after=None
[2025-11-19T14:32:57.033+0000] {processor.py:183} INFO - Processing /opt/airflow/dags/create_audit_table.py took 1.177 seconds
[2025-11-19T14:33:27.352+0000] {processor.py:161} INFO - Started process (PID=4943) to work on /opt/airflow/dags/create_audit_table.py
[2025-11-19T14:33:27.356+0000] {processor.py:830} INFO - Processing file /opt/airflow/dags/create_audit_table.py for tasks to queue
[2025-11-19T14:33:27.364+0000] {logging_mixin.py:188} INFO - [2025-11-19T14:33:27.363+0000] {dagbag.py:538} INFO - Filling up the DagBag from /opt/airflow/dags/create_audit_table.py
[2025-11-19T14:33:27.387+0000] {processor.py:840} INFO - DAG(s) 'create_audit_table' retrieved from /opt/airflow/dags/create_audit_table.py
[2025-11-19T14:33:27.420+0000] {logging_mixin.py:188} INFO - [2025-11-19T14:33:27.419+0000] {dag.py:3036} INFO - Sync 1 DAGs
[2025-11-19T14:33:27.433+0000] {logging_mixin.py:188} INFO - [2025-11-19T14:33:27.433+0000] {dag.py:3823} INFO - Setting next_dagrun for create_audit_table to None, run_after=None
[2025-11-19T14:33:27.460+0000] {processor.py:183} INFO - Processing /opt/airflow/dags/create_audit_table.py took 0.112 seconds
[2025-11-19T14:33:58.354+0000] {processor.py:161} INFO - Started process (PID=4973) to work on /opt/airflow/dags/create_audit_table.py
[2025-11-19T14:33:58.356+0000] {processor.py:830} INFO - Processing file /opt/airflow/dags/create_audit_table.py for tasks to queue
[2025-11-19T14:33:58.357+0000] {logging_mixin.py:188} INFO - [2025-11-19T14:33:58.357+0000] {dagbag.py:538} INFO - Filling up the DagBag from /opt/airflow/dags/create_audit_table.py
[2025-11-19T14:33:58.376+0000] {processor.py:840} INFO - DAG(s) 'create_audit_table' retrieved from /opt/airflow/dags/create_audit_table.py
[2025-11-19T14:33:58.408+0000] {logging_mixin.py:188} INFO - [2025-11-19T14:33:58.408+0000] {dag.py:3036} INFO - Sync 1 DAGs
[2025-11-19T14:33:58.434+0000] {logging_mixin.py:188} INFO - [2025-11-19T14:33:58.433+0000] {dag.py:3823} INFO - Setting next_dagrun for create_audit_table to None, run_after=None
[2025-11-19T14:33:58.470+0000] {processor.py:183} INFO - Processing /opt/airflow/dags/create_audit_table.py took 0.119 seconds
[2025-11-19T14:34:29.683+0000] {processor.py:161} INFO - Started process (PID=5003) to work on /opt/airflow/dags/create_audit_table.py
[2025-11-19T14:34:29.703+0000] {processor.py:830} INFO - Processing file /opt/airflow/dags/create_audit_table.py for tasks to queue
[2025-11-19T14:34:29.707+0000] {logging_mixin.py:188} INFO - [2025-11-19T14:34:29.706+0000] {dagbag.py:538} INFO - Filling up the DagBag from /opt/airflow/dags/create_audit_table.py
[2025-11-19T14:34:29.763+0000] {processor.py:840} INFO - DAG(s) 'create_audit_table' retrieved from /opt/airflow/dags/create_audit_table.py
[2025-11-19T14:34:29.882+0000] {logging_mixin.py:188} INFO - [2025-11-19T14:34:29.881+0000] {dag.py:3036} INFO - Sync 1 DAGs
[2025-11-19T14:34:29.932+0000] {logging_mixin.py:188} INFO - [2025-11-19T14:34:29.932+0000] {dag.py:3823} INFO - Setting next_dagrun for create_audit_table to None, run_after=None
[2025-11-19T14:34:30.039+0000] {processor.py:183} INFO - Processing /opt/airflow/dags/create_audit_table.py took 0.363 seconds
[2025-11-19T14:35:00.322+0000] {processor.py:161} INFO - Started process (PID=5033) to work on /opt/airflow/dags/create_audit_table.py
[2025-11-19T14:35:00.337+0000] {processor.py:830} INFO - Processing file /opt/airflow/dags/create_audit_table.py for tasks to queue
[2025-11-19T14:35:00.343+0000] {logging_mixin.py:188} INFO - [2025-11-19T14:35:00.342+0000] {dagbag.py:538} INFO - Filling up the DagBag from /opt/airflow/dags/create_audit_table.py
[2025-11-19T14:35:00.400+0000] {processor.py:840} INFO - DAG(s) 'create_audit_table' retrieved from /opt/airflow/dags/create_audit_table.py
[2025-11-19T14:35:00.553+0000] {logging_mixin.py:188} INFO - [2025-11-19T14:35:00.552+0000] {dag.py:3036} INFO - Sync 1 DAGs
[2025-11-19T14:35:00.626+0000] {logging_mixin.py:188} INFO - [2025-11-19T14:35:00.626+0000] {dag.py:3823} INFO - Setting next_dagrun for create_audit_table to None, run_after=None
[2025-11-19T14:35:00.694+0000] {processor.py:183} INFO - Processing /opt/airflow/dags/create_audit_table.py took 0.389 seconds
[2025-11-19T14:35:31.635+0000] {processor.py:161} INFO - Started process (PID=5063) to work on /opt/airflow/dags/create_audit_table.py
[2025-11-19T14:35:31.656+0000] {processor.py:830} INFO - Processing file /opt/airflow/dags/create_audit_table.py for tasks to queue
[2025-11-19T14:35:31.665+0000] {logging_mixin.py:188} INFO - [2025-11-19T14:35:31.664+0000] {dagbag.py:538} INFO - Filling up the DagBag from /opt/airflow/dags/create_audit_table.py
[2025-11-19T14:35:31.800+0000] {processor.py:840} INFO - DAG(s) 'create_audit_table' retrieved from /opt/airflow/dags/create_audit_table.py
[2025-11-19T14:35:31.918+0000] {logging_mixin.py:188} INFO - [2025-11-19T14:35:31.917+0000] {dag.py:3036} INFO - Sync 1 DAGs
[2025-11-19T14:35:31.978+0000] {logging_mixin.py:188} INFO - [2025-11-19T14:35:31.978+0000] {dag.py:3823} INFO - Setting next_dagrun for create_audit_table to None, run_after=None
[2025-11-19T14:35:32.165+0000] {processor.py:183} INFO - Processing /opt/airflow/dags/create_audit_table.py took 0.548 seconds
[2025-11-19T14:36:03.518+0000] {processor.py:161} INFO - Started process (PID=5093) to work on /opt/airflow/dags/create_audit_table.py
[2025-11-19T14:36:03.535+0000] {processor.py:830} INFO - Processing file /opt/airflow/dags/create_audit_table.py for tasks to queue
[2025-11-19T14:36:03.538+0000] {logging_mixin.py:188} INFO - [2025-11-19T14:36:03.537+0000] {dagbag.py:538} INFO - Filling up the DagBag from /opt/airflow/dags/create_audit_table.py
[2025-11-19T14:36:03.775+0000] {processor.py:840} INFO - DAG(s) 'create_audit_table' retrieved from /opt/airflow/dags/create_audit_table.py
[2025-11-19T14:36:03.980+0000] {logging_mixin.py:188} INFO - [2025-11-19T14:36:03.979+0000] {dag.py:3036} INFO - Sync 1 DAGs
[2025-11-19T14:36:04.082+0000] {logging_mixin.py:188} INFO - [2025-11-19T14:36:04.079+0000] {dag.py:3823} INFO - Setting next_dagrun for create_audit_table to None, run_after=None
[2025-11-19T14:36:04.254+0000] {processor.py:183} INFO - Processing /opt/airflow/dags/create_audit_table.py took 0.742 seconds
[2025-11-19T14:36:35.453+0000] {processor.py:161} INFO - Started process (PID=5123) to work on /opt/airflow/dags/create_audit_table.py
[2025-11-19T14:36:35.483+0000] {processor.py:830} INFO - Processing file /opt/airflow/dags/create_audit_table.py for tasks to queue
[2025-11-19T14:36:35.500+0000] {logging_mixin.py:188} INFO - [2025-11-19T14:36:35.499+0000] {dagbag.py:538} INFO - Filling up the DagBag from /opt/airflow/dags/create_audit_table.py
[2025-11-19T14:36:35.637+0000] {processor.py:840} INFO - DAG(s) 'create_audit_table' retrieved from /opt/airflow/dags/create_audit_table.py
[2025-11-19T14:36:35.738+0000] {logging_mixin.py:188} INFO - [2025-11-19T14:36:35.738+0000] {dag.py:3036} INFO - Sync 1 DAGs
[2025-11-19T14:36:35.780+0000] {logging_mixin.py:188} INFO - [2025-11-19T14:36:35.775+0000] {dag.py:3823} INFO - Setting next_dagrun for create_audit_table to None, run_after=None
[2025-11-19T14:36:35.859+0000] {processor.py:183} INFO - Processing /opt/airflow/dags/create_audit_table.py took 0.415 seconds
[2025-11-19T14:37:06.249+0000] {processor.py:161} INFO - Started process (PID=5146) to work on /opt/airflow/dags/create_audit_table.py
[2025-11-19T14:37:06.265+0000] {processor.py:830} INFO - Processing file /opt/airflow/dags/create_audit_table.py for tasks to queue
[2025-11-19T14:37:06.277+0000] {logging_mixin.py:188} INFO - [2025-11-19T14:37:06.273+0000] {dagbag.py:538} INFO - Filling up the DagBag from /opt/airflow/dags/create_audit_table.py
[2025-11-19T14:37:06.426+0000] {processor.py:840} INFO - DAG(s) 'create_audit_table' retrieved from /opt/airflow/dags/create_audit_table.py
[2025-11-19T14:37:06.632+0000] {logging_mixin.py:188} INFO - [2025-11-19T14:37:06.622+0000] {dag.py:3036} INFO - Sync 1 DAGs
[2025-11-19T14:37:06.731+0000] {logging_mixin.py:188} INFO - [2025-11-19T14:37:06.730+0000] {dag.py:3823} INFO - Setting next_dagrun for create_audit_table to None, run_after=None
[2025-11-19T14:37:06.958+0000] {processor.py:183} INFO - Processing /opt/airflow/dags/create_audit_table.py took 0.717 seconds
[2025-11-19T14:37:37.215+0000] {processor.py:161} INFO - Started process (PID=5173) to work on /opt/airflow/dags/create_audit_table.py
[2025-11-19T14:37:37.217+0000] {processor.py:830} INFO - Processing file /opt/airflow/dags/create_audit_table.py for tasks to queue
[2025-11-19T14:37:37.220+0000] {logging_mixin.py:188} INFO - [2025-11-19T14:37:37.219+0000] {dagbag.py:538} INFO - Filling up the DagBag from /opt/airflow/dags/create_audit_table.py
[2025-11-19T14:37:37.289+0000] {processor.py:840} INFO - DAG(s) 'create_audit_table' retrieved from /opt/airflow/dags/create_audit_table.py
[2025-11-19T14:37:37.412+0000] {logging_mixin.py:188} INFO - [2025-11-19T14:37:37.411+0000] {dag.py:3036} INFO - Sync 1 DAGs
[2025-11-19T14:37:37.483+0000] {logging_mixin.py:188} INFO - [2025-11-19T14:37:37.482+0000] {dag.py:3823} INFO - Setting next_dagrun for create_audit_table to None, run_after=None
[2025-11-19T14:37:37.720+0000] {processor.py:183} INFO - Processing /opt/airflow/dags/create_audit_table.py took 0.511 seconds
[2025-11-19T14:38:08.631+0000] {processor.py:161} INFO - Started process (PID=5203) to work on /opt/airflow/dags/create_audit_table.py
[2025-11-19T14:38:08.645+0000] {processor.py:830} INFO - Processing file /opt/airflow/dags/create_audit_table.py for tasks to queue
[2025-11-19T14:38:08.656+0000] {logging_mixin.py:188} INFO - [2025-11-19T14:38:08.655+0000] {dagbag.py:538} INFO - Filling up the DagBag from /opt/airflow/dags/create_audit_table.py
[2025-11-19T14:38:08.714+0000] {processor.py:840} INFO - DAG(s) 'create_audit_table' retrieved from /opt/airflow/dags/create_audit_table.py
[2025-11-19T14:38:08.816+0000] {logging_mixin.py:188} INFO - [2025-11-19T14:38:08.815+0000] {dag.py:3036} INFO - Sync 1 DAGs
[2025-11-19T14:38:08.892+0000] {logging_mixin.py:188} INFO - [2025-11-19T14:38:08.892+0000] {dag.py:3823} INFO - Setting next_dagrun for create_audit_table to None, run_after=None
[2025-11-19T14:38:08.934+0000] {processor.py:183} INFO - Processing /opt/airflow/dags/create_audit_table.py took 0.317 seconds
[2025-11-19T14:38:39.665+0000] {processor.py:161} INFO - Started process (PID=5233) to work on /opt/airflow/dags/create_audit_table.py
[2025-11-19T14:38:39.667+0000] {processor.py:830} INFO - Processing file /opt/airflow/dags/create_audit_table.py for tasks to queue
[2025-11-19T14:38:39.670+0000] {logging_mixin.py:188} INFO - [2025-11-19T14:38:39.670+0000] {dagbag.py:538} INFO - Filling up the DagBag from /opt/airflow/dags/create_audit_table.py
[2025-11-19T14:38:39.728+0000] {processor.py:840} INFO - DAG(s) 'create_audit_table' retrieved from /opt/airflow/dags/create_audit_table.py
[2025-11-19T14:38:39.867+0000] {logging_mixin.py:188} INFO - [2025-11-19T14:38:39.866+0000] {dag.py:3036} INFO - Sync 1 DAGs
[2025-11-19T14:38:39.928+0000] {logging_mixin.py:188} INFO - [2025-11-19T14:38:39.927+0000] {dag.py:3823} INFO - Setting next_dagrun for create_audit_table to None, run_after=None
[2025-11-19T14:38:40.028+0000] {processor.py:183} INFO - Processing /opt/airflow/dags/create_audit_table.py took 0.370 seconds
[2025-11-19T14:39:10.283+0000] {processor.py:161} INFO - Started process (PID=5263) to work on /opt/airflow/dags/create_audit_table.py
[2025-11-19T14:39:10.285+0000] {processor.py:830} INFO - Processing file /opt/airflow/dags/create_audit_table.py for tasks to queue
[2025-11-19T14:39:10.287+0000] {logging_mixin.py:188} INFO - [2025-11-19T14:39:10.286+0000] {dagbag.py:538} INFO - Filling up the DagBag from /opt/airflow/dags/create_audit_table.py
[2025-11-19T14:39:10.314+0000] {processor.py:840} INFO - DAG(s) 'create_audit_table' retrieved from /opt/airflow/dags/create_audit_table.py
[2025-11-19T14:39:10.365+0000] {logging_mixin.py:188} INFO - [2025-11-19T14:39:10.365+0000] {dag.py:3036} INFO - Sync 1 DAGs
[2025-11-19T14:39:10.395+0000] {logging_mixin.py:188} INFO - [2025-11-19T14:39:10.395+0000] {dag.py:3823} INFO - Setting next_dagrun for create_audit_table to None, run_after=None
[2025-11-19T14:39:10.447+0000] {processor.py:183} INFO - Processing /opt/airflow/dags/create_audit_table.py took 0.176 seconds
[2025-11-19T14:39:41.444+0000] {processor.py:161} INFO - Started process (PID=5293) to work on /opt/airflow/dags/create_audit_table.py
[2025-11-19T14:39:41.446+0000] {processor.py:830} INFO - Processing file /opt/airflow/dags/create_audit_table.py for tasks to queue
[2025-11-19T14:39:41.448+0000] {logging_mixin.py:188} INFO - [2025-11-19T14:39:41.448+0000] {dagbag.py:538} INFO - Filling up the DagBag from /opt/airflow/dags/create_audit_table.py
[2025-11-19T14:39:42.479+0000] {processor.py:840} INFO - DAG(s) 'create_audit_table' retrieved from /opt/airflow/dags/create_audit_table.py
[2025-11-19T14:39:42.565+0000] {logging_mixin.py:188} INFO - [2025-11-19T14:39:42.565+0000] {dag.py:3036} INFO - Sync 1 DAGs
[2025-11-19T14:39:42.643+0000] {logging_mixin.py:188} INFO - [2025-11-19T14:39:42.642+0000] {dag.py:3823} INFO - Setting next_dagrun for create_audit_table to None, run_after=None
[2025-11-19T14:39:42.718+0000] {processor.py:183} INFO - Processing /opt/airflow/dags/create_audit_table.py took 1.285 seconds
[2025-11-19T14:40:13.512+0000] {processor.py:161} INFO - Started process (PID=5328) to work on /opt/airflow/dags/create_audit_table.py
[2025-11-19T14:40:13.520+0000] {processor.py:830} INFO - Processing file /opt/airflow/dags/create_audit_table.py for tasks to queue
[2025-11-19T14:40:13.527+0000] {logging_mixin.py:188} INFO - [2025-11-19T14:40:13.526+0000] {dagbag.py:538} INFO - Filling up the DagBag from /opt/airflow/dags/create_audit_table.py
[2025-11-19T14:40:13.602+0000] {processor.py:840} INFO - DAG(s) 'create_audit_table' retrieved from /opt/airflow/dags/create_audit_table.py
[2025-11-19T14:40:13.734+0000] {logging_mixin.py:188} INFO - [2025-11-19T14:40:13.733+0000] {dag.py:3036} INFO - Sync 1 DAGs
[2025-11-19T14:40:13.810+0000] {logging_mixin.py:188} INFO - [2025-11-19T14:40:13.809+0000] {dag.py:3823} INFO - Setting next_dagrun for create_audit_table to None, run_after=None
[2025-11-19T14:40:13.948+0000] {processor.py:183} INFO - Processing /opt/airflow/dags/create_audit_table.py took 0.452 seconds
[2025-11-19T14:40:44.336+0000] {processor.py:161} INFO - Started process (PID=5358) to work on /opt/airflow/dags/create_audit_table.py
[2025-11-19T14:40:44.337+0000] {processor.py:830} INFO - Processing file /opt/airflow/dags/create_audit_table.py for tasks to queue
[2025-11-19T14:40:44.339+0000] {logging_mixin.py:188} INFO - [2025-11-19T14:40:44.338+0000] {dagbag.py:538} INFO - Filling up the DagBag from /opt/airflow/dags/create_audit_table.py
[2025-11-19T14:40:44.364+0000] {processor.py:840} INFO - DAG(s) 'create_audit_table' retrieved from /opt/airflow/dags/create_audit_table.py
[2025-11-19T14:40:44.412+0000] {logging_mixin.py:188} INFO - [2025-11-19T14:40:44.412+0000] {dag.py:3036} INFO - Sync 1 DAGs
[2025-11-19T14:40:44.433+0000] {logging_mixin.py:188} INFO - [2025-11-19T14:40:44.432+0000] {dag.py:3823} INFO - Setting next_dagrun for create_audit_table to None, run_after=None
[2025-11-19T14:40:44.466+0000] {processor.py:183} INFO - Processing /opt/airflow/dags/create_audit_table.py took 0.135 seconds
[2025-11-19T14:41:15.383+0000] {processor.py:161} INFO - Started process (PID=5388) to work on /opt/airflow/dags/create_audit_table.py
[2025-11-19T14:41:15.385+0000] {processor.py:830} INFO - Processing file /opt/airflow/dags/create_audit_table.py for tasks to queue
[2025-11-19T14:41:15.389+0000] {logging_mixin.py:188} INFO - [2025-11-19T14:41:15.388+0000] {dagbag.py:538} INFO - Filling up the DagBag from /opt/airflow/dags/create_audit_table.py
[2025-11-19T14:41:15.418+0000] {processor.py:840} INFO - DAG(s) 'create_audit_table' retrieved from /opt/airflow/dags/create_audit_table.py
[2025-11-19T14:41:15.455+0000] {logging_mixin.py:188} INFO - [2025-11-19T14:41:15.455+0000] {dag.py:3036} INFO - Sync 1 DAGs
[2025-11-19T14:41:15.476+0000] {logging_mixin.py:188} INFO - [2025-11-19T14:41:15.476+0000] {dag.py:3823} INFO - Setting next_dagrun for create_audit_table to None, run_after=None
[2025-11-19T14:41:15.508+0000] {processor.py:183} INFO - Processing /opt/airflow/dags/create_audit_table.py took 0.130 seconds
[2025-11-19T14:41:45.873+0000] {processor.py:161} INFO - Started process (PID=5418) to work on /opt/airflow/dags/create_audit_table.py
[2025-11-19T14:41:45.886+0000] {processor.py:830} INFO - Processing file /opt/airflow/dags/create_audit_table.py for tasks to queue
[2025-11-19T14:41:45.896+0000] {logging_mixin.py:188} INFO - [2025-11-19T14:41:45.895+0000] {dagbag.py:538} INFO - Filling up the DagBag from /opt/airflow/dags/create_audit_table.py
[2025-11-19T14:41:46.528+0000] {processor.py:840} INFO - DAG(s) 'create_audit_table' retrieved from /opt/airflow/dags/create_audit_table.py
[2025-11-19T14:41:46.642+0000] {logging_mixin.py:188} INFO - [2025-11-19T14:41:46.641+0000] {dag.py:3036} INFO - Sync 1 DAGs
[2025-11-19T14:41:46.692+0000] {logging_mixin.py:188} INFO - [2025-11-19T14:41:46.691+0000] {dag.py:3823} INFO - Setting next_dagrun for create_audit_table to None, run_after=None
[2025-11-19T14:41:46.826+0000] {processor.py:183} INFO - Processing /opt/airflow/dags/create_audit_table.py took 0.958 seconds
[2025-11-19T14:42:17.056+0000] {processor.py:161} INFO - Started process (PID=5448) to work on /opt/airflow/dags/create_audit_table.py
[2025-11-19T14:42:17.061+0000] {processor.py:830} INFO - Processing file /opt/airflow/dags/create_audit_table.py for tasks to queue
[2025-11-19T14:42:17.063+0000] {logging_mixin.py:188} INFO - [2025-11-19T14:42:17.062+0000] {dagbag.py:538} INFO - Filling up the DagBag from /opt/airflow/dags/create_audit_table.py
[2025-11-19T14:42:17.092+0000] {processor.py:840} INFO - DAG(s) 'create_audit_table' retrieved from /opt/airflow/dags/create_audit_table.py
[2025-11-19T14:42:17.175+0000] {logging_mixin.py:188} INFO - [2025-11-19T14:42:17.174+0000] {dag.py:3036} INFO - Sync 1 DAGs
[2025-11-19T14:42:17.206+0000] {logging_mixin.py:188} INFO - [2025-11-19T14:42:17.201+0000] {dag.py:3823} INFO - Setting next_dagrun for create_audit_table to None, run_after=None
[2025-11-19T14:42:17.266+0000] {processor.py:183} INFO - Processing /opt/airflow/dags/create_audit_table.py took 0.214 seconds
[2025-11-19T14:42:47.502+0000] {processor.py:161} INFO - Started process (PID=5478) to work on /opt/airflow/dags/create_audit_table.py
[2025-11-19T14:42:47.503+0000] {processor.py:830} INFO - Processing file /opt/airflow/dags/create_audit_table.py for tasks to queue
[2025-11-19T14:42:47.505+0000] {logging_mixin.py:188} INFO - [2025-11-19T14:42:47.505+0000] {dagbag.py:538} INFO - Filling up the DagBag from /opt/airflow/dags/create_audit_table.py
[2025-11-19T14:42:47.528+0000] {processor.py:840} INFO - DAG(s) 'create_audit_table' retrieved from /opt/airflow/dags/create_audit_table.py
[2025-11-19T14:42:47.576+0000] {logging_mixin.py:188} INFO - [2025-11-19T14:42:47.576+0000] {dag.py:3036} INFO - Sync 1 DAGs
[2025-11-19T14:42:47.601+0000] {logging_mixin.py:188} INFO - [2025-11-19T14:42:47.601+0000] {dag.py:3823} INFO - Setting next_dagrun for create_audit_table to None, run_after=None
[2025-11-19T14:42:47.641+0000] {processor.py:183} INFO - Processing /opt/airflow/dags/create_audit_table.py took 0.144 seconds
[2025-11-19T14:43:19.376+0000] {processor.py:161} INFO - Started process (PID=5506) to work on /opt/airflow/dags/create_audit_table.py
[2025-11-19T14:43:19.381+0000] {processor.py:830} INFO - Processing file /opt/airflow/dags/create_audit_table.py for tasks to queue
[2025-11-19T14:43:19.396+0000] {logging_mixin.py:188} INFO - [2025-11-19T14:43:19.394+0000] {dagbag.py:538} INFO - Filling up the DagBag from /opt/airflow/dags/create_audit_table.py
[2025-11-19T14:43:19.615+0000] {processor.py:840} INFO - DAG(s) 'create_audit_table' retrieved from /opt/airflow/dags/create_audit_table.py
[2025-11-19T14:43:19.856+0000] {logging_mixin.py:188} INFO - [2025-11-19T14:43:19.855+0000] {dag.py:3036} INFO - Sync 1 DAGs
[2025-11-19T14:43:19.963+0000] {logging_mixin.py:188} INFO - [2025-11-19T14:43:19.962+0000] {dag.py:3823} INFO - Setting next_dagrun for create_audit_table to None, run_after=None
[2025-11-19T14:43:20.122+0000] {processor.py:183} INFO - Processing /opt/airflow/dags/create_audit_table.py took 0.768 seconds
[2025-11-19T14:43:51.150+0000] {processor.py:161} INFO - Started process (PID=5538) to work on /opt/airflow/dags/create_audit_table.py
[2025-11-19T14:43:51.152+0000] {processor.py:830} INFO - Processing file /opt/airflow/dags/create_audit_table.py for tasks to queue
[2025-11-19T14:43:51.153+0000] {logging_mixin.py:188} INFO - [2025-11-19T14:43:51.152+0000] {dagbag.py:538} INFO - Filling up the DagBag from /opt/airflow/dags/create_audit_table.py
[2025-11-19T14:43:51.166+0000] {processor.py:840} INFO - DAG(s) 'create_audit_table' retrieved from /opt/airflow/dags/create_audit_table.py
[2025-11-19T14:43:51.193+0000] {logging_mixin.py:188} INFO - [2025-11-19T14:43:51.193+0000] {dag.py:3036} INFO - Sync 1 DAGs
[2025-11-19T14:43:51.204+0000] {logging_mixin.py:188} INFO - [2025-11-19T14:43:51.204+0000] {dag.py:3823} INFO - Setting next_dagrun for create_audit_table to None, run_after=None
[2025-11-19T14:43:51.226+0000] {processor.py:183} INFO - Processing /opt/airflow/dags/create_audit_table.py took 0.079 seconds
[2025-11-19T14:44:22.241+0000] {processor.py:161} INFO - Started process (PID=5568) to work on /opt/airflow/dags/create_audit_table.py
[2025-11-19T14:44:22.244+0000] {processor.py:830} INFO - Processing file /opt/airflow/dags/create_audit_table.py for tasks to queue
[2025-11-19T14:44:22.247+0000] {logging_mixin.py:188} INFO - [2025-11-19T14:44:22.246+0000] {dagbag.py:538} INFO - Filling up the DagBag from /opt/airflow/dags/create_audit_table.py
[2025-11-19T14:44:22.435+0000] {processor.py:840} INFO - DAG(s) 'create_audit_table' retrieved from /opt/airflow/dags/create_audit_table.py
[2025-11-19T14:44:22.519+0000] {logging_mixin.py:188} INFO - [2025-11-19T14:44:22.519+0000] {dag.py:3036} INFO - Sync 1 DAGs
[2025-11-19T14:44:22.559+0000] {logging_mixin.py:188} INFO - [2025-11-19T14:44:22.559+0000] {dag.py:3823} INFO - Setting next_dagrun for create_audit_table to None, run_after=None
[2025-11-19T14:44:22.653+0000] {processor.py:183} INFO - Processing /opt/airflow/dags/create_audit_table.py took 0.418 seconds
[2025-11-19T14:44:53.164+0000] {processor.py:161} INFO - Started process (PID=5598) to work on /opt/airflow/dags/create_audit_table.py
[2025-11-19T14:44:53.166+0000] {processor.py:830} INFO - Processing file /opt/airflow/dags/create_audit_table.py for tasks to queue
[2025-11-19T14:44:53.170+0000] {logging_mixin.py:188} INFO - [2025-11-19T14:44:53.169+0000] {dagbag.py:538} INFO - Filling up the DagBag from /opt/airflow/dags/create_audit_table.py
[2025-11-19T14:44:53.220+0000] {processor.py:840} INFO - DAG(s) 'create_audit_table' retrieved from /opt/airflow/dags/create_audit_table.py
[2025-11-19T14:44:53.254+0000] {logging_mixin.py:188} INFO - [2025-11-19T14:44:53.254+0000] {dag.py:3036} INFO - Sync 1 DAGs
[2025-11-19T14:44:53.267+0000] {logging_mixin.py:188} INFO - [2025-11-19T14:44:53.267+0000] {dag.py:3823} INFO - Setting next_dagrun for create_audit_table to None, run_after=None
[2025-11-19T14:44:53.296+0000] {processor.py:183} INFO - Processing /opt/airflow/dags/create_audit_table.py took 0.136 seconds
[2025-11-19T14:45:27.468+0000] {processor.py:161} INFO - Started process (PID=5628) to work on /opt/airflow/dags/create_audit_table.py
[2025-11-19T14:45:27.481+0000] {processor.py:830} INFO - Processing file /opt/airflow/dags/create_audit_table.py for tasks to queue
[2025-11-19T14:45:27.501+0000] {logging_mixin.py:188} INFO - [2025-11-19T14:45:27.501+0000] {dagbag.py:538} INFO - Filling up the DagBag from /opt/airflow/dags/create_audit_table.py
[2025-11-19T14:45:28.375+0000] {processor.py:840} INFO - DAG(s) 'create_audit_table' retrieved from /opt/airflow/dags/create_audit_table.py
[2025-11-19T14:45:28.633+0000] {logging_mixin.py:188} INFO - [2025-11-19T14:45:28.632+0000] {dag.py:3036} INFO - Sync 1 DAGs
[2025-11-19T14:45:28.732+0000] {logging_mixin.py:188} INFO - [2025-11-19T14:45:28.731+0000] {dag.py:3823} INFO - Setting next_dagrun for create_audit_table to None, run_after=None
[2025-11-19T14:45:28.905+0000] {processor.py:183} INFO - Processing /opt/airflow/dags/create_audit_table.py took 1.454 seconds
[2025-11-19T14:46:06.116+0000] {processor.py:161} INFO - Started process (PID=5653) to work on /opt/airflow/dags/create_audit_table.py
[2025-11-19T14:46:06.118+0000] {processor.py:830} INFO - Processing file /opt/airflow/dags/create_audit_table.py for tasks to queue
[2025-11-19T14:46:06.131+0000] {logging_mixin.py:188} INFO - [2025-11-19T14:46:06.121+0000] {dagbag.py:538} INFO - Filling up the DagBag from /opt/airflow/dags/create_audit_table.py
[2025-11-19T14:46:06.501+0000] {processor.py:840} INFO - DAG(s) 'create_audit_table' retrieved from /opt/airflow/dags/create_audit_table.py
[2025-11-19T14:46:06.640+0000] {logging_mixin.py:188} INFO - [2025-11-19T14:46:06.639+0000] {dag.py:3036} INFO - Sync 1 DAGs
[2025-11-19T14:46:06.718+0000] {logging_mixin.py:188} INFO - [2025-11-19T14:46:06.718+0000] {dag.py:3823} INFO - Setting next_dagrun for create_audit_table to None, run_after=None
[2025-11-19T14:46:06.862+0000] {processor.py:183} INFO - Processing /opt/airflow/dags/create_audit_table.py took 0.772 seconds
[2025-11-19T14:47:27.335+0000] {processor.py:161} INFO - Started process (PID=5686) to work on /opt/airflow/dags/create_audit_table.py
[2025-11-19T14:47:27.773+0000] {processor.py:830} INFO - Processing file /opt/airflow/dags/create_audit_table.py for tasks to queue
[2025-11-19T14:47:28.599+0000] {logging_mixin.py:188} INFO - [2025-11-19T14:47:28.598+0000] {dagbag.py:538} INFO - Filling up the DagBag from /opt/airflow/dags/create_audit_table.py
[2025-11-19T14:47:31.113+0000] {processor.py:840} INFO - DAG(s) 'create_audit_table' retrieved from /opt/airflow/dags/create_audit_table.py
[2025-11-19T14:47:31.633+0000] {logging_mixin.py:188} INFO - [2025-11-19T14:47:31.632+0000] {dag.py:3036} INFO - Sync 1 DAGs
[2025-11-19T14:47:31.785+0000] {logging_mixin.py:188} INFO - [2025-11-19T14:47:31.780+0000] {dag.py:3823} INFO - Setting next_dagrun for create_audit_table to None, run_after=None
[2025-11-19T14:47:31.911+0000] {processor.py:183} INFO - Processing /opt/airflow/dags/create_audit_table.py took 4.943 seconds
[2025-11-19T14:48:12.002+0000] {processor.py:161} INFO - Started process (PID=5716) to work on /opt/airflow/dags/create_audit_table.py
[2025-11-19T14:48:12.005+0000] {processor.py:830} INFO - Processing file /opt/airflow/dags/create_audit_table.py for tasks to queue
[2025-11-19T14:48:12.019+0000] {logging_mixin.py:188} INFO - [2025-11-19T14:48:12.018+0000] {dagbag.py:538} INFO - Filling up the DagBag from /opt/airflow/dags/create_audit_table.py
[2025-11-19T14:48:12.123+0000] {processor.py:840} INFO - DAG(s) 'create_audit_table' retrieved from /opt/airflow/dags/create_audit_table.py
[2025-11-19T14:48:12.297+0000] {logging_mixin.py:188} INFO - [2025-11-19T14:48:12.296+0000] {dag.py:3036} INFO - Sync 1 DAGs
[2025-11-19T14:48:12.377+0000] {logging_mixin.py:188} INFO - [2025-11-19T14:48:12.376+0000] {dag.py:3823} INFO - Setting next_dagrun for create_audit_table to None, run_after=None
[2025-11-19T14:48:12.508+0000] {processor.py:183} INFO - Processing /opt/airflow/dags/create_audit_table.py took 0.511 seconds
[2025-11-19T14:48:43.421+0000] {processor.py:161} INFO - Started process (PID=5746) to work on /opt/airflow/dags/create_audit_table.py
[2025-11-19T14:48:43.427+0000] {processor.py:830} INFO - Processing file /opt/airflow/dags/create_audit_table.py for tasks to queue
[2025-11-19T14:48:43.444+0000] {logging_mixin.py:188} INFO - [2025-11-19T14:48:43.442+0000] {dagbag.py:538} INFO - Filling up the DagBag from /opt/airflow/dags/create_audit_table.py
[2025-11-19T14:48:43.639+0000] {processor.py:840} INFO - DAG(s) 'create_audit_table' retrieved from /opt/airflow/dags/create_audit_table.py
[2025-11-19T14:48:43.794+0000] {logging_mixin.py:188} INFO - [2025-11-19T14:48:43.793+0000] {dag.py:3036} INFO - Sync 1 DAGs
[2025-11-19T14:48:43.925+0000] {logging_mixin.py:188} INFO - [2025-11-19T14:48:43.924+0000] {dag.py:3823} INFO - Setting next_dagrun for create_audit_table to None, run_after=None
[2025-11-19T14:48:44.169+0000] {processor.py:183} INFO - Processing /opt/airflow/dags/create_audit_table.py took 0.766 seconds
[2025-11-19T14:49:16.844+0000] {processor.py:161} INFO - Started process (PID=5776) to work on /opt/airflow/dags/create_audit_table.py
[2025-11-19T14:49:16.870+0000] {processor.py:830} INFO - Processing file /opt/airflow/dags/create_audit_table.py for tasks to queue
[2025-11-19T14:49:16.880+0000] {logging_mixin.py:188} INFO - [2025-11-19T14:49:16.879+0000] {dagbag.py:538} INFO - Filling up the DagBag from /opt/airflow/dags/create_audit_table.py
[2025-11-19T14:49:17.121+0000] {processor.py:840} INFO - DAG(s) 'create_audit_table' retrieved from /opt/airflow/dags/create_audit_table.py
[2025-11-19T14:49:17.266+0000] {logging_mixin.py:188} INFO - [2025-11-19T14:49:17.265+0000] {dag.py:3036} INFO - Sync 1 DAGs
[2025-11-19T14:49:17.371+0000] {logging_mixin.py:188} INFO - [2025-11-19T14:49:17.369+0000] {dag.py:3823} INFO - Setting next_dagrun for create_audit_table to None, run_after=None
[2025-11-19T14:49:17.566+0000] {processor.py:183} INFO - Processing /opt/airflow/dags/create_audit_table.py took 0.727 seconds
[2025-11-19T14:49:48.251+0000] {processor.py:161} INFO - Started process (PID=5806) to work on /opt/airflow/dags/create_audit_table.py
[2025-11-19T14:49:48.254+0000] {processor.py:830} INFO - Processing file /opt/airflow/dags/create_audit_table.py for tasks to queue
[2025-11-19T14:49:48.268+0000] {logging_mixin.py:188} INFO - [2025-11-19T14:49:48.266+0000] {dagbag.py:538} INFO - Filling up the DagBag from /opt/airflow/dags/create_audit_table.py
[2025-11-19T14:49:48.365+0000] {processor.py:840} INFO - DAG(s) 'create_audit_table' retrieved from /opt/airflow/dags/create_audit_table.py
[2025-11-19T14:49:48.571+0000] {logging_mixin.py:188} INFO - [2025-11-19T14:49:48.570+0000] {dag.py:3036} INFO - Sync 1 DAGs
[2025-11-19T14:49:48.624+0000] {logging_mixin.py:188} INFO - [2025-11-19T14:49:48.623+0000] {dag.py:3823} INFO - Setting next_dagrun for create_audit_table to None, run_after=None
[2025-11-19T14:49:48.751+0000] {processor.py:183} INFO - Processing /opt/airflow/dags/create_audit_table.py took 0.504 seconds
[2025-11-19T14:50:19.741+0000] {processor.py:161} INFO - Started process (PID=5836) to work on /opt/airflow/dags/create_audit_table.py
[2025-11-19T14:50:19.756+0000] {processor.py:830} INFO - Processing file /opt/airflow/dags/create_audit_table.py for tasks to queue
[2025-11-19T14:50:19.761+0000] {logging_mixin.py:188} INFO - [2025-11-19T14:50:19.759+0000] {dagbag.py:538} INFO - Filling up the DagBag from /opt/airflow/dags/create_audit_table.py
[2025-11-19T14:50:19.865+0000] {processor.py:840} INFO - DAG(s) 'create_audit_table' retrieved from /opt/airflow/dags/create_audit_table.py
[2025-11-19T14:50:20.077+0000] {logging_mixin.py:188} INFO - [2025-11-19T14:50:20.076+0000] {dag.py:3036} INFO - Sync 1 DAGs
[2025-11-19T14:50:20.169+0000] {logging_mixin.py:188} INFO - [2025-11-19T14:50:20.167+0000] {dag.py:3823} INFO - Setting next_dagrun for create_audit_table to None, run_after=None
[2025-11-19T14:50:20.290+0000] {processor.py:183} INFO - Processing /opt/airflow/dags/create_audit_table.py took 0.564 seconds
[2025-11-19T14:50:54.773+0000] {processor.py:161} INFO - Started process (PID=5866) to work on /opt/airflow/dags/create_audit_table.py
[2025-11-19T14:50:55.055+0000] {processor.py:830} INFO - Processing file /opt/airflow/dags/create_audit_table.py for tasks to queue
[2025-11-19T14:50:55.241+0000] {logging_mixin.py:188} INFO - [2025-11-19T14:50:55.240+0000] {dagbag.py:538} INFO - Filling up the DagBag from /opt/airflow/dags/create_audit_table.py
[2025-11-19T14:50:58.254+0000] {processor.py:840} INFO - DAG(s) 'create_audit_table' retrieved from /opt/airflow/dags/create_audit_table.py
[2025-11-19T14:50:58.702+0000] {logging_mixin.py:188} INFO - [2025-11-19T14:50:58.701+0000] {dag.py:3036} INFO - Sync 1 DAGs
[2025-11-19T14:50:58.769+0000] {logging_mixin.py:188} INFO - [2025-11-19T14:50:58.768+0000] {dag.py:3823} INFO - Setting next_dagrun for create_audit_table to None, run_after=None
[2025-11-19T14:50:58.977+0000] {processor.py:183} INFO - Processing /opt/airflow/dags/create_audit_table.py took 4.332 seconds
[2025-11-19T14:51:29.672+0000] {processor.py:161} INFO - Started process (PID=5896) to work on /opt/airflow/dags/create_audit_table.py
[2025-11-19T14:51:29.674+0000] {processor.py:830} INFO - Processing file /opt/airflow/dags/create_audit_table.py for tasks to queue
[2025-11-19T14:51:29.684+0000] {logging_mixin.py:188} INFO - [2025-11-19T14:51:29.675+0000] {dagbag.py:538} INFO - Filling up the DagBag from /opt/airflow/dags/create_audit_table.py
[2025-11-19T14:51:29.724+0000] {processor.py:840} INFO - DAG(s) 'create_audit_table' retrieved from /opt/airflow/dags/create_audit_table.py
[2025-11-19T14:51:29.853+0000] {logging_mixin.py:188} INFO - [2025-11-19T14:51:29.852+0000] {dag.py:3036} INFO - Sync 1 DAGs
[2025-11-19T14:51:29.899+0000] {logging_mixin.py:188} INFO - [2025-11-19T14:51:29.898+0000] {dag.py:3823} INFO - Setting next_dagrun for create_audit_table to None, run_after=None
[2025-11-19T14:51:29.986+0000] {processor.py:183} INFO - Processing /opt/airflow/dags/create_audit_table.py took 0.314 seconds
[2025-11-19T14:52:02.366+0000] {processor.py:161} INFO - Started process (PID=5927) to work on /opt/airflow/dags/create_audit_table.py
[2025-11-19T14:52:02.385+0000] {processor.py:830} INFO - Processing file /opt/airflow/dags/create_audit_table.py for tasks to queue
[2025-11-19T14:52:02.394+0000] {logging_mixin.py:188} INFO - [2025-11-19T14:52:02.394+0000] {dagbag.py:538} INFO - Filling up the DagBag from /opt/airflow/dags/create_audit_table.py
[2025-11-19T14:52:02.795+0000] {processor.py:840} INFO - DAG(s) 'create_audit_table' retrieved from /opt/airflow/dags/create_audit_table.py
[2025-11-19T14:52:02.992+0000] {logging_mixin.py:188} INFO - [2025-11-19T14:52:02.992+0000] {dag.py:3036} INFO - Sync 1 DAGs
[2025-11-19T14:52:03.060+0000] {logging_mixin.py:188} INFO - [2025-11-19T14:52:03.060+0000] {dag.py:3823} INFO - Setting next_dagrun for create_audit_table to None, run_after=None
[2025-11-19T14:52:03.270+0000] {processor.py:183} INFO - Processing /opt/airflow/dags/create_audit_table.py took 0.909 seconds
[2025-11-19T14:52:33.847+0000] {processor.py:161} INFO - Started process (PID=5957) to work on /opt/airflow/dags/create_audit_table.py
[2025-11-19T14:52:33.849+0000] {processor.py:830} INFO - Processing file /opt/airflow/dags/create_audit_table.py for tasks to queue
[2025-11-19T14:52:33.851+0000] {logging_mixin.py:188} INFO - [2025-11-19T14:52:33.850+0000] {dagbag.py:538} INFO - Filling up the DagBag from /opt/airflow/dags/create_audit_table.py
[2025-11-19T14:52:33.877+0000] {processor.py:840} INFO - DAG(s) 'create_audit_table' retrieved from /opt/airflow/dags/create_audit_table.py
[2025-11-19T14:52:33.912+0000] {logging_mixin.py:188} INFO - [2025-11-19T14:52:33.912+0000] {dag.py:3036} INFO - Sync 1 DAGs
[2025-11-19T14:52:33.928+0000] {logging_mixin.py:188} INFO - [2025-11-19T14:52:33.927+0000] {dag.py:3823} INFO - Setting next_dagrun for create_audit_table to None, run_after=None
[2025-11-19T14:52:33.949+0000] {processor.py:183} INFO - Processing /opt/airflow/dags/create_audit_table.py took 0.107 seconds
[2025-11-19T14:53:04.083+0000] {processor.py:161} INFO - Started process (PID=5984) to work on /opt/airflow/dags/create_audit_table.py
[2025-11-19T14:53:04.086+0000] {processor.py:830} INFO - Processing file /opt/airflow/dags/create_audit_table.py for tasks to queue
[2025-11-19T14:53:04.088+0000] {logging_mixin.py:188} INFO - [2025-11-19T14:53:04.087+0000] {dagbag.py:538} INFO - Filling up the DagBag from /opt/airflow/dags/create_audit_table.py
[2025-11-19T14:53:04.130+0000] {processor.py:840} INFO - DAG(s) 'create_audit_table' retrieved from /opt/airflow/dags/create_audit_table.py
[2025-11-19T14:53:04.246+0000] {logging_mixin.py:188} INFO - [2025-11-19T14:53:04.245+0000] {dag.py:3036} INFO - Sync 1 DAGs
[2025-11-19T14:53:04.295+0000] {logging_mixin.py:188} INFO - [2025-11-19T14:53:04.295+0000] {dag.py:3823} INFO - Setting next_dagrun for create_audit_table to None, run_after=None
[2025-11-19T14:53:04.389+0000] {processor.py:183} INFO - Processing /opt/airflow/dags/create_audit_table.py took 0.315 seconds
[2025-11-19T14:53:35.401+0000] {processor.py:161} INFO - Started process (PID=6017) to work on /opt/airflow/dags/create_audit_table.py
[2025-11-19T14:53:35.405+0000] {processor.py:830} INFO - Processing file /opt/airflow/dags/create_audit_table.py for tasks to queue
[2025-11-19T14:53:35.412+0000] {logging_mixin.py:188} INFO - [2025-11-19T14:53:35.411+0000] {dagbag.py:538} INFO - Filling up the DagBag from /opt/airflow/dags/create_audit_table.py
[2025-11-19T14:53:35.458+0000] {processor.py:840} INFO - DAG(s) 'create_audit_table' retrieved from /opt/airflow/dags/create_audit_table.py
[2025-11-19T14:53:35.517+0000] {logging_mixin.py:188} INFO - [2025-11-19T14:53:35.517+0000] {dag.py:3036} INFO - Sync 1 DAGs
[2025-11-19T14:53:35.533+0000] {logging_mixin.py:188} INFO - [2025-11-19T14:53:35.533+0000] {dag.py:3823} INFO - Setting next_dagrun for create_audit_table to None, run_after=None
[2025-11-19T14:53:35.569+0000] {processor.py:183} INFO - Processing /opt/airflow/dags/create_audit_table.py took 0.173 seconds
[2025-11-19T14:54:05.728+0000] {processor.py:161} INFO - Started process (PID=6047) to work on /opt/airflow/dags/create_audit_table.py
[2025-11-19T14:54:05.730+0000] {processor.py:830} INFO - Processing file /opt/airflow/dags/create_audit_table.py for tasks to queue
[2025-11-19T14:54:05.732+0000] {logging_mixin.py:188} INFO - [2025-11-19T14:54:05.731+0000] {dagbag.py:538} INFO - Filling up the DagBag from /opt/airflow/dags/create_audit_table.py
[2025-11-19T14:54:05.761+0000] {processor.py:840} INFO - DAG(s) 'create_audit_table' retrieved from /opt/airflow/dags/create_audit_table.py
[2025-11-19T14:54:05.805+0000] {logging_mixin.py:188} INFO - [2025-11-19T14:54:05.804+0000] {dag.py:3036} INFO - Sync 1 DAGs
[2025-11-19T14:54:05.827+0000] {logging_mixin.py:188} INFO - [2025-11-19T14:54:05.827+0000] {dag.py:3823} INFO - Setting next_dagrun for create_audit_table to None, run_after=None
[2025-11-19T14:54:05.871+0000] {processor.py:183} INFO - Processing /opt/airflow/dags/create_audit_table.py took 0.155 seconds
[2025-11-19T14:54:36.635+0000] {processor.py:161} INFO - Started process (PID=6077) to work on /opt/airflow/dags/create_audit_table.py
[2025-11-19T14:54:36.636+0000] {processor.py:830} INFO - Processing file /opt/airflow/dags/create_audit_table.py for tasks to queue
[2025-11-19T14:54:36.639+0000] {logging_mixin.py:188} INFO - [2025-11-19T14:54:36.638+0000] {dagbag.py:538} INFO - Filling up the DagBag from /opt/airflow/dags/create_audit_table.py
[2025-11-19T14:54:36.657+0000] {processor.py:840} INFO - DAG(s) 'create_audit_table' retrieved from /opt/airflow/dags/create_audit_table.py
[2025-11-19T14:54:36.688+0000] {logging_mixin.py:188} INFO - [2025-11-19T14:54:36.687+0000] {dag.py:3036} INFO - Sync 1 DAGs
[2025-11-19T14:54:36.698+0000] {logging_mixin.py:188} INFO - [2025-11-19T14:54:36.698+0000] {dag.py:3823} INFO - Setting next_dagrun for create_audit_table to None, run_after=None
[2025-11-19T14:54:36.728+0000] {processor.py:183} INFO - Processing /opt/airflow/dags/create_audit_table.py took 0.097 seconds
[2025-11-19T14:55:08.634+0000] {processor.py:161} INFO - Started process (PID=6107) to work on /opt/airflow/dags/create_audit_table.py
[2025-11-19T14:55:08.635+0000] {processor.py:830} INFO - Processing file /opt/airflow/dags/create_audit_table.py for tasks to queue
[2025-11-19T14:55:08.637+0000] {logging_mixin.py:188} INFO - [2025-11-19T14:55:08.637+0000] {dagbag.py:538} INFO - Filling up the DagBag from /opt/airflow/dags/create_audit_table.py
[2025-11-19T14:55:08.662+0000] {processor.py:840} INFO - DAG(s) 'create_audit_table' retrieved from /opt/airflow/dags/create_audit_table.py
[2025-11-19T14:55:08.706+0000] {logging_mixin.py:188} INFO - [2025-11-19T14:55:08.706+0000] {dag.py:3036} INFO - Sync 1 DAGs
[2025-11-19T14:55:08.724+0000] {logging_mixin.py:188} INFO - [2025-11-19T14:55:08.723+0000] {dag.py:3823} INFO - Setting next_dagrun for create_audit_table to None, run_after=None
[2025-11-19T14:55:08.747+0000] {processor.py:183} INFO - Processing /opt/airflow/dags/create_audit_table.py took 0.117 seconds
[2025-11-19T14:55:38.974+0000] {processor.py:161} INFO - Started process (PID=6139) to work on /opt/airflow/dags/create_audit_table.py
[2025-11-19T14:55:38.976+0000] {processor.py:830} INFO - Processing file /opt/airflow/dags/create_audit_table.py for tasks to queue
[2025-11-19T14:55:38.977+0000] {logging_mixin.py:188} INFO - [2025-11-19T14:55:38.977+0000] {dagbag.py:538} INFO - Filling up the DagBag from /opt/airflow/dags/create_audit_table.py
[2025-11-19T14:55:39.001+0000] {processor.py:840} INFO - DAG(s) 'create_audit_table' retrieved from /opt/airflow/dags/create_audit_table.py
[2025-11-19T14:55:39.047+0000] {logging_mixin.py:188} INFO - [2025-11-19T14:55:39.047+0000] {dag.py:3036} INFO - Sync 1 DAGs
[2025-11-19T14:55:39.070+0000] {logging_mixin.py:188} INFO - [2025-11-19T14:55:39.069+0000] {dag.py:3823} INFO - Setting next_dagrun for create_audit_table to None, run_after=None
[2025-11-19T14:55:39.123+0000] {processor.py:183} INFO - Processing /opt/airflow/dags/create_audit_table.py took 0.154 seconds
[2025-11-19T14:56:12.675+0000] {processor.py:161} INFO - Started process (PID=6167) to work on /opt/airflow/dags/create_audit_table.py
[2025-11-19T14:56:12.683+0000] {processor.py:830} INFO - Processing file /opt/airflow/dags/create_audit_table.py for tasks to queue
[2025-11-19T14:56:12.699+0000] {logging_mixin.py:188} INFO - [2025-11-19T14:56:12.699+0000] {dagbag.py:538} INFO - Filling up the DagBag from /opt/airflow/dags/create_audit_table.py
[2025-11-19T14:56:13.106+0000] {processor.py:840} INFO - DAG(s) 'create_audit_table' retrieved from /opt/airflow/dags/create_audit_table.py
[2025-11-19T14:56:13.291+0000] {logging_mixin.py:188} INFO - [2025-11-19T14:56:13.291+0000] {dag.py:3036} INFO - Sync 1 DAGs
[2025-11-19T14:56:13.385+0000] {logging_mixin.py:188} INFO - [2025-11-19T14:56:13.385+0000] {dag.py:3823} INFO - Setting next_dagrun for create_audit_table to None, run_after=None
[2025-11-19T14:56:13.593+0000] {processor.py:183} INFO - Processing /opt/airflow/dags/create_audit_table.py took 0.923 seconds
[2025-11-19T14:56:46.392+0000] {processor.py:161} INFO - Started process (PID=6197) to work on /opt/airflow/dags/create_audit_table.py
[2025-11-19T14:56:46.398+0000] {processor.py:830} INFO - Processing file /opt/airflow/dags/create_audit_table.py for tasks to queue
[2025-11-19T14:56:46.410+0000] {logging_mixin.py:188} INFO - [2025-11-19T14:56:46.410+0000] {dagbag.py:538} INFO - Filling up the DagBag from /opt/airflow/dags/create_audit_table.py
[2025-11-19T14:56:46.644+0000] {processor.py:840} INFO - DAG(s) 'create_audit_table' retrieved from /opt/airflow/dags/create_audit_table.py
[2025-11-19T14:56:46.786+0000] {logging_mixin.py:188} INFO - [2025-11-19T14:56:46.785+0000] {dag.py:3036} INFO - Sync 1 DAGs
[2025-11-19T14:56:46.841+0000] {logging_mixin.py:188} INFO - [2025-11-19T14:56:46.840+0000] {dag.py:3823} INFO - Setting next_dagrun for create_audit_table to None, run_after=None
[2025-11-19T14:56:46.961+0000] {processor.py:183} INFO - Processing /opt/airflow/dags/create_audit_table.py took 0.574 seconds
[2025-11-19T14:57:18.506+0000] {processor.py:161} INFO - Started process (PID=6227) to work on /opt/airflow/dags/create_audit_table.py
[2025-11-19T14:57:18.525+0000] {processor.py:830} INFO - Processing file /opt/airflow/dags/create_audit_table.py for tasks to queue
[2025-11-19T14:57:18.539+0000] {logging_mixin.py:188} INFO - [2025-11-19T14:57:18.539+0000] {dagbag.py:538} INFO - Filling up the DagBag from /opt/airflow/dags/create_audit_table.py
[2025-11-19T14:57:19.024+0000] {processor.py:840} INFO - DAG(s) 'create_audit_table' retrieved from /opt/airflow/dags/create_audit_table.py
[2025-11-19T14:57:19.269+0000] {logging_mixin.py:188} INFO - [2025-11-19T14:57:19.268+0000] {dag.py:3036} INFO - Sync 1 DAGs
[2025-11-19T14:57:19.400+0000] {logging_mixin.py:188} INFO - [2025-11-19T14:57:19.400+0000] {dag.py:3823} INFO - Setting next_dagrun for create_audit_table to None, run_after=None
[2025-11-19T14:57:20.006+0000] {processor.py:183} INFO - Processing /opt/airflow/dags/create_audit_table.py took 1.507 seconds
[2025-11-19T14:57:50.244+0000] {processor.py:161} INFO - Started process (PID=6259) to work on /opt/airflow/dags/create_audit_table.py
[2025-11-19T14:57:50.246+0000] {processor.py:830} INFO - Processing file /opt/airflow/dags/create_audit_table.py for tasks to queue
[2025-11-19T14:57:50.247+0000] {logging_mixin.py:188} INFO - [2025-11-19T14:57:50.247+0000] {dagbag.py:538} INFO - Filling up the DagBag from /opt/airflow/dags/create_audit_table.py
[2025-11-19T14:57:50.324+0000] {processor.py:840} INFO - DAG(s) 'create_audit_table' retrieved from /opt/airflow/dags/create_audit_table.py
[2025-11-19T14:57:50.413+0000] {logging_mixin.py:188} INFO - [2025-11-19T14:57:50.412+0000] {dag.py:3036} INFO - Sync 1 DAGs
[2025-11-19T14:57:50.449+0000] {logging_mixin.py:188} INFO - [2025-11-19T14:57:50.449+0000] {dag.py:3823} INFO - Setting next_dagrun for create_audit_table to None, run_after=None
[2025-11-19T14:57:50.516+0000] {processor.py:183} INFO - Processing /opt/airflow/dags/create_audit_table.py took 0.278 seconds
[2025-11-19T14:58:21.742+0000] {processor.py:161} INFO - Started process (PID=6289) to work on /opt/airflow/dags/create_audit_table.py
[2025-11-19T14:58:21.757+0000] {processor.py:830} INFO - Processing file /opt/airflow/dags/create_audit_table.py for tasks to queue
[2025-11-19T14:58:21.772+0000] {logging_mixin.py:188} INFO - [2025-11-19T14:58:21.771+0000] {dagbag.py:538} INFO - Filling up the DagBag from /opt/airflow/dags/create_audit_table.py
[2025-11-19T14:58:21.922+0000] {processor.py:840} INFO - DAG(s) 'create_audit_table' retrieved from /opt/airflow/dags/create_audit_table.py
[2025-11-19T14:58:22.054+0000] {logging_mixin.py:188} INFO - [2025-11-19T14:58:22.053+0000] {dag.py:3036} INFO - Sync 1 DAGs
[2025-11-19T14:58:22.151+0000] {logging_mixin.py:188} INFO - [2025-11-19T14:58:22.150+0000] {dag.py:3823} INFO - Setting next_dagrun for create_audit_table to None, run_after=None
[2025-11-19T14:58:22.342+0000] {processor.py:183} INFO - Processing /opt/airflow/dags/create_audit_table.py took 0.605 seconds
[2025-11-19T14:58:54.977+0000] {processor.py:161} INFO - Started process (PID=6317) to work on /opt/airflow/dags/create_audit_table.py
[2025-11-19T14:58:55.044+0000] {processor.py:830} INFO - Processing file /opt/airflow/dags/create_audit_table.py for tasks to queue
[2025-11-19T14:58:55.123+0000] {logging_mixin.py:188} INFO - [2025-11-19T14:58:55.123+0000] {dagbag.py:538} INFO - Filling up the DagBag from /opt/airflow/dags/create_audit_table.py
[2025-11-19T14:58:57.260+0000] {processor.py:840} INFO - DAG(s) 'create_audit_table' retrieved from /opt/airflow/dags/create_audit_table.py
[2025-11-19T14:58:57.535+0000] {logging_mixin.py:188} INFO - [2025-11-19T14:58:57.534+0000] {dag.py:3036} INFO - Sync 1 DAGs
[2025-11-19T14:58:57.718+0000] {logging_mixin.py:188} INFO - [2025-11-19T14:58:57.717+0000] {dag.py:3823} INFO - Setting next_dagrun for create_audit_table to None, run_after=None
[2025-11-19T14:58:57.950+0000] {processor.py:183} INFO - Processing /opt/airflow/dags/create_audit_table.py took 3.014 seconds
[2025-11-19T14:59:30.017+0000] {processor.py:161} INFO - Started process (PID=6344) to work on /opt/airflow/dags/create_audit_table.py
[2025-11-19T14:59:30.045+0000] {processor.py:830} INFO - Processing file /opt/airflow/dags/create_audit_table.py for tasks to queue
[2025-11-19T14:59:30.066+0000] {logging_mixin.py:188} INFO - [2025-11-19T14:59:30.063+0000] {dagbag.py:538} INFO - Filling up the DagBag from /opt/airflow/dags/create_audit_table.py
[2025-11-19T14:59:30.584+0000] {processor.py:840} INFO - DAG(s) 'create_audit_table' retrieved from /opt/airflow/dags/create_audit_table.py
[2025-11-19T14:59:30.794+0000] {logging_mixin.py:188} INFO - [2025-11-19T14:59:30.794+0000] {dag.py:3036} INFO - Sync 1 DAGs
[2025-11-19T14:59:30.871+0000] {logging_mixin.py:188} INFO - [2025-11-19T14:59:30.870+0000] {dag.py:3823} INFO - Setting next_dagrun for create_audit_table to None, run_after=None
[2025-11-19T14:59:31.183+0000] {processor.py:183} INFO - Processing /opt/airflow/dags/create_audit_table.py took 1.184 seconds
[2025-11-19T15:00:01.559+0000] {processor.py:161} INFO - Started process (PID=6374) to work on /opt/airflow/dags/create_audit_table.py
[2025-11-19T15:00:01.561+0000] {processor.py:830} INFO - Processing file /opt/airflow/dags/create_audit_table.py for tasks to queue
[2025-11-19T15:00:01.563+0000] {logging_mixin.py:188} INFO - [2025-11-19T15:00:01.563+0000] {dagbag.py:538} INFO - Filling up the DagBag from /opt/airflow/dags/create_audit_table.py
[2025-11-19T15:00:01.602+0000] {processor.py:840} INFO - DAG(s) 'create_audit_table' retrieved from /opt/airflow/dags/create_audit_table.py
[2025-11-19T15:00:01.658+0000] {logging_mixin.py:188} INFO - [2025-11-19T15:00:01.657+0000] {dag.py:3036} INFO - Sync 1 DAGs
[2025-11-19T15:00:01.681+0000] {logging_mixin.py:188} INFO - [2025-11-19T15:00:01.680+0000] {dag.py:3823} INFO - Setting next_dagrun for create_audit_table to None, run_after=None
[2025-11-19T15:00:01.718+0000] {processor.py:183} INFO - Processing /opt/airflow/dags/create_audit_table.py took 0.163 seconds
[2025-11-19T15:00:36.061+0000] {processor.py:161} INFO - Started process (PID=6407) to work on /opt/airflow/dags/create_audit_table.py
[2025-11-19T15:00:36.070+0000] {processor.py:830} INFO - Processing file /opt/airflow/dags/create_audit_table.py for tasks to queue
[2025-11-19T15:00:36.073+0000] {logging_mixin.py:188} INFO - [2025-11-19T15:00:36.072+0000] {dagbag.py:538} INFO - Filling up the DagBag from /opt/airflow/dags/create_audit_table.py
[2025-11-19T15:00:38.109+0000] {processor.py:840} INFO - DAG(s) 'create_audit_table' retrieved from /opt/airflow/dags/create_audit_table.py
[2025-11-19T15:00:39.030+0000] {logging_mixin.py:188} INFO - [2025-11-19T15:00:39.030+0000] {dag.py:3036} INFO - Sync 1 DAGs
[2025-11-19T15:00:39.412+0000] {logging_mixin.py:188} INFO - [2025-11-19T15:00:39.411+0000] {dag.py:3823} INFO - Setting next_dagrun for create_audit_table to None, run_after=None
[2025-11-19T15:00:40.607+0000] {processor.py:183} INFO - Processing /opt/airflow/dags/create_audit_table.py took 4.552 seconds
[2025-11-19T15:01:13.558+0000] {processor.py:161} INFO - Started process (PID=6439) to work on /opt/airflow/dags/create_audit_table.py
[2025-11-19T15:01:13.564+0000] {processor.py:830} INFO - Processing file /opt/airflow/dags/create_audit_table.py for tasks to queue
[2025-11-19T15:01:13.569+0000] {logging_mixin.py:188} INFO - [2025-11-19T15:01:13.568+0000] {dagbag.py:538} INFO - Filling up the DagBag from /opt/airflow/dags/create_audit_table.py
[2025-11-19T15:01:13.668+0000] {processor.py:840} INFO - DAG(s) 'create_audit_table' retrieved from /opt/airflow/dags/create_audit_table.py
[2025-11-19T15:01:13.804+0000] {logging_mixin.py:188} INFO - [2025-11-19T15:01:13.804+0000] {dag.py:3036} INFO - Sync 1 DAGs
[2025-11-19T15:01:13.872+0000] {logging_mixin.py:188} INFO - [2025-11-19T15:01:13.872+0000] {dag.py:3823} INFO - Setting next_dagrun for create_audit_table to None, run_after=None
[2025-11-19T15:01:14.079+0000] {processor.py:183} INFO - Processing /opt/airflow/dags/create_audit_table.py took 0.537 seconds
[2025-11-19T15:01:44.356+0000] {processor.py:161} INFO - Started process (PID=6469) to work on /opt/airflow/dags/create_audit_table.py
[2025-11-19T15:01:44.359+0000] {processor.py:830} INFO - Processing file /opt/airflow/dags/create_audit_table.py for tasks to queue
[2025-11-19T15:01:44.369+0000] {logging_mixin.py:188} INFO - [2025-11-19T15:01:44.361+0000] {dagbag.py:538} INFO - Filling up the DagBag from /opt/airflow/dags/create_audit_table.py
[2025-11-19T15:01:44.418+0000] {processor.py:840} INFO - DAG(s) 'create_audit_table' retrieved from /opt/airflow/dags/create_audit_table.py
[2025-11-19T15:01:44.652+0000] {logging_mixin.py:188} INFO - [2025-11-19T15:01:44.651+0000] {dag.py:3036} INFO - Sync 1 DAGs
[2025-11-19T15:01:44.762+0000] {logging_mixin.py:188} INFO - [2025-11-19T15:01:44.762+0000] {dag.py:3823} INFO - Setting next_dagrun for create_audit_table to None, run_after=None
[2025-11-19T15:01:44.900+0000] {processor.py:183} INFO - Processing /opt/airflow/dags/create_audit_table.py took 0.553 seconds
[2025-11-19T15:02:15.195+0000] {processor.py:161} INFO - Started process (PID=6499) to work on /opt/airflow/dags/create_audit_table.py
[2025-11-19T15:02:15.198+0000] {processor.py:830} INFO - Processing file /opt/airflow/dags/create_audit_table.py for tasks to queue
[2025-11-19T15:02:15.200+0000] {logging_mixin.py:188} INFO - [2025-11-19T15:02:15.199+0000] {dagbag.py:538} INFO - Filling up the DagBag from /opt/airflow/dags/create_audit_table.py
[2025-11-19T15:02:15.239+0000] {processor.py:840} INFO - DAG(s) 'create_audit_table' retrieved from /opt/airflow/dags/create_audit_table.py
[2025-11-19T15:02:15.318+0000] {logging_mixin.py:188} INFO - [2025-11-19T15:02:15.317+0000] {dag.py:3036} INFO - Sync 1 DAGs
[2025-11-19T15:02:15.353+0000] {logging_mixin.py:188} INFO - [2025-11-19T15:02:15.352+0000] {dag.py:3823} INFO - Setting next_dagrun for create_audit_table to None, run_after=None
[2025-11-19T15:02:15.400+0000] {processor.py:183} INFO - Processing /opt/airflow/dags/create_audit_table.py took 0.210 seconds
[2025-11-19T15:02:48.058+0000] {processor.py:161} INFO - Started process (PID=6527) to work on /opt/airflow/dags/create_audit_table.py
[2025-11-19T15:02:48.061+0000] {processor.py:830} INFO - Processing file /opt/airflow/dags/create_audit_table.py for tasks to queue
[2025-11-19T15:02:48.062+0000] {logging_mixin.py:188} INFO - [2025-11-19T15:02:48.062+0000] {dagbag.py:538} INFO - Filling up the DagBag from /opt/airflow/dags/create_audit_table.py
[2025-11-19T15:02:48.108+0000] {processor.py:840} INFO - DAG(s) 'create_audit_table' retrieved from /opt/airflow/dags/create_audit_table.py
[2025-11-19T15:02:48.214+0000] {logging_mixin.py:188} INFO - [2025-11-19T15:02:48.214+0000] {dag.py:3036} INFO - Sync 1 DAGs
[2025-11-19T15:02:48.278+0000] {logging_mixin.py:188} INFO - [2025-11-19T15:02:48.277+0000] {dag.py:3823} INFO - Setting next_dagrun for create_audit_table to None, run_after=None
[2025-11-19T15:02:48.359+0000] {processor.py:183} INFO - Processing /opt/airflow/dags/create_audit_table.py took 0.306 seconds
[2025-11-19T15:03:18.561+0000] {processor.py:161} INFO - Started process (PID=6559) to work on /opt/airflow/dags/create_audit_table.py
[2025-11-19T15:03:18.563+0000] {processor.py:830} INFO - Processing file /opt/airflow/dags/create_audit_table.py for tasks to queue
[2025-11-19T15:03:18.564+0000] {logging_mixin.py:188} INFO - [2025-11-19T15:03:18.564+0000] {dagbag.py:538} INFO - Filling up the DagBag from /opt/airflow/dags/create_audit_table.py
[2025-11-19T15:03:18.802+0000] {processor.py:840} INFO - DAG(s) 'create_audit_table' retrieved from /opt/airflow/dags/create_audit_table.py
[2025-11-19T15:03:18.906+0000] {logging_mixin.py:188} INFO - [2025-11-19T15:03:18.906+0000] {dag.py:3036} INFO - Sync 1 DAGs
[2025-11-19T15:03:19.238+0000] {logging_mixin.py:188} INFO - [2025-11-19T15:03:19.238+0000] {dag.py:3823} INFO - Setting next_dagrun for create_audit_table to None, run_after=None
[2025-11-19T15:03:19.319+0000] {processor.py:183} INFO - Processing /opt/airflow/dags/create_audit_table.py took 0.763 seconds
[2025-11-19T15:03:50.206+0000] {processor.py:161} INFO - Started process (PID=6589) to work on /opt/airflow/dags/create_audit_table.py
[2025-11-19T15:03:50.208+0000] {processor.py:830} INFO - Processing file /opt/airflow/dags/create_audit_table.py for tasks to queue
[2025-11-19T15:03:50.210+0000] {logging_mixin.py:188} INFO - [2025-11-19T15:03:50.209+0000] {dagbag.py:538} INFO - Filling up the DagBag from /opt/airflow/dags/create_audit_table.py
[2025-11-19T15:03:50.242+0000] {processor.py:840} INFO - DAG(s) 'create_audit_table' retrieved from /opt/airflow/dags/create_audit_table.py
[2025-11-19T15:03:50.283+0000] {logging_mixin.py:188} INFO - [2025-11-19T15:03:50.283+0000] {dag.py:3036} INFO - Sync 1 DAGs
[2025-11-19T15:03:50.300+0000] {logging_mixin.py:188} INFO - [2025-11-19T15:03:50.300+0000] {dag.py:3823} INFO - Setting next_dagrun for create_audit_table to None, run_after=None
[2025-11-19T15:03:50.387+0000] {processor.py:183} INFO - Processing /opt/airflow/dags/create_audit_table.py took 0.186 seconds
[2025-11-19T15:04:20.702+0000] {processor.py:161} INFO - Started process (PID=6619) to work on /opt/airflow/dags/create_audit_table.py
[2025-11-19T15:04:20.705+0000] {processor.py:830} INFO - Processing file /opt/airflow/dags/create_audit_table.py for tasks to queue
[2025-11-19T15:04:20.714+0000] {logging_mixin.py:188} INFO - [2025-11-19T15:04:20.714+0000] {dagbag.py:538} INFO - Filling up the DagBag from /opt/airflow/dags/create_audit_table.py
[2025-11-19T15:04:20.760+0000] {processor.py:840} INFO - DAG(s) 'create_audit_table' retrieved from /opt/airflow/dags/create_audit_table.py
[2025-11-19T15:04:20.811+0000] {logging_mixin.py:188} INFO - [2025-11-19T15:04:20.810+0000] {dag.py:3036} INFO - Sync 1 DAGs
[2025-11-19T15:04:20.832+0000] {logging_mixin.py:188} INFO - [2025-11-19T15:04:20.832+0000] {dag.py:3823} INFO - Setting next_dagrun for create_audit_table to None, run_after=None
[2025-11-19T15:04:20.866+0000] {processor.py:183} INFO - Processing /opt/airflow/dags/create_audit_table.py took 0.170 seconds
[2025-11-19T15:04:51.027+0000] {processor.py:161} INFO - Started process (PID=6647) to work on /opt/airflow/dags/create_audit_table.py
[2025-11-19T15:04:51.029+0000] {processor.py:830} INFO - Processing file /opt/airflow/dags/create_audit_table.py for tasks to queue
[2025-11-19T15:04:51.031+0000] {logging_mixin.py:188} INFO - [2025-11-19T15:04:51.030+0000] {dagbag.py:538} INFO - Filling up the DagBag from /opt/airflow/dags/create_audit_table.py
[2025-11-19T15:04:51.063+0000] {processor.py:840} INFO - DAG(s) 'create_audit_table' retrieved from /opt/airflow/dags/create_audit_table.py
[2025-11-19T15:04:51.107+0000] {logging_mixin.py:188} INFO - [2025-11-19T15:04:51.107+0000] {dag.py:3036} INFO - Sync 1 DAGs
[2025-11-19T15:04:51.132+0000] {logging_mixin.py:188} INFO - [2025-11-19T15:04:51.132+0000] {dag.py:3823} INFO - Setting next_dagrun for create_audit_table to None, run_after=None
[2025-11-19T15:04:51.168+0000] {processor.py:183} INFO - Processing /opt/airflow/dags/create_audit_table.py took 0.152 seconds
[2025-11-19T16:16:23.062+0000] {processor.py:161} INFO - Started process (PID=6673) to work on /opt/airflow/dags/create_audit_table.py
[2025-11-19T16:16:23.066+0000] {processor.py:830} INFO - Processing file /opt/airflow/dags/create_audit_table.py for tasks to queue
[2025-11-19T16:16:23.076+0000] {logging_mixin.py:188} INFO - [2025-11-19T16:16:23.075+0000] {dagbag.py:538} INFO - Filling up the DagBag from /opt/airflow/dags/create_audit_table.py
[2025-11-19T16:16:23.152+0000] {processor.py:840} INFO - DAG(s) 'create_audit_table' retrieved from /opt/airflow/dags/create_audit_table.py
[2025-11-21T04:40:31.938+0000] {logging_mixin.py:188} INFO - [2025-11-21T04:40:31.937+0000] {dag.py:3036} INFO - Sync 1 DAGs
[2025-11-21T04:40:32.497+0000] {logging_mixin.py:188} INFO - [2025-11-21T04:40:32.497+0000] {dag.py:3823} INFO - Setting next_dagrun for create_audit_table to None, run_after=None
