[2025-11-19T04:50:26.232+0000] {processor.py:161} INFO - Started process (PID=29578) to work on /opt/airflow/dags/etl_dag.py
[2025-11-19T04:50:26.589+0000] {processor.py:830} INFO - Processing file /opt/airflow/dags/etl_dag.py for tasks to queue
[2025-11-19T04:50:26.598+0000] {logging_mixin.py:188} INFO - [2025-11-19T04:50:26.597+0000] {dagbag.py:538} INFO - Filling up the DagBag from /opt/airflow/dags/etl_dag.py
[2025-11-19T04:50:29.929+0000] {processor.py:840} INFO - DAG(s) 'simple_etl_lineage' retrieved from /opt/airflow/dags/etl_dag.py
[2025-11-19T04:50:30.224+0000] {logging_mixin.py:188} INFO - [2025-11-19T04:50:30.223+0000] {dag.py:3036} INFO - Sync 1 DAGs
[2025-11-19T04:50:30.297+0000] {logging_mixin.py:188} INFO - [2025-11-19T04:50:30.296+0000] {dag.py:3823} INFO - Setting next_dagrun for simple_etl_lineage to None, run_after=None
[2025-11-19T04:50:30.497+0000] {processor.py:183} INFO - Processing /opt/airflow/dags/etl_dag.py took 4.270 seconds
[2025-11-19T04:51:01.500+0000] {processor.py:161} INFO - Started process (PID=29610) to work on /opt/airflow/dags/etl_dag.py
[2025-11-19T04:51:01.503+0000] {processor.py:830} INFO - Processing file /opt/airflow/dags/etl_dag.py for tasks to queue
[2025-11-19T04:51:01.508+0000] {logging_mixin.py:188} INFO - [2025-11-19T04:51:01.508+0000] {dagbag.py:538} INFO - Filling up the DagBag from /opt/airflow/dags/etl_dag.py
[2025-11-19T04:51:01.568+0000] {processor.py:840} INFO - DAG(s) 'simple_etl_lineage' retrieved from /opt/airflow/dags/etl_dag.py
[2025-11-19T04:51:01.682+0000] {logging_mixin.py:188} INFO - [2025-11-19T04:51:01.681+0000] {dag.py:3036} INFO - Sync 1 DAGs
[2025-11-19T04:51:01.724+0000] {logging_mixin.py:188} INFO - [2025-11-19T04:51:01.724+0000] {dag.py:3823} INFO - Setting next_dagrun for simple_etl_lineage to None, run_after=None
[2025-11-19T04:51:01.809+0000] {processor.py:183} INFO - Processing /opt/airflow/dags/etl_dag.py took 0.320 seconds
[2025-11-19T04:51:32.918+0000] {processor.py:161} INFO - Started process (PID=29639) to work on /opt/airflow/dags/etl_dag.py
[2025-11-19T04:51:32.939+0000] {processor.py:830} INFO - Processing file /opt/airflow/dags/etl_dag.py for tasks to queue
[2025-11-19T04:51:32.955+0000] {logging_mixin.py:188} INFO - [2025-11-19T04:51:32.954+0000] {dagbag.py:538} INFO - Filling up the DagBag from /opt/airflow/dags/etl_dag.py
[2025-11-19T04:51:33.255+0000] {processor.py:840} INFO - DAG(s) 'simple_etl_lineage' retrieved from /opt/airflow/dags/etl_dag.py
[2025-11-19T04:51:33.425+0000] {logging_mixin.py:188} INFO - [2025-11-19T04:51:33.425+0000] {dag.py:3036} INFO - Sync 1 DAGs
[2025-11-19T04:51:33.546+0000] {logging_mixin.py:188} INFO - [2025-11-19T04:51:33.546+0000] {dag.py:3823} INFO - Setting next_dagrun for simple_etl_lineage to None, run_after=None
[2025-11-19T04:51:33.776+0000] {processor.py:183} INFO - Processing /opt/airflow/dags/etl_dag.py took 0.862 seconds
[2025-11-19T04:52:55.779+0000] {processor.py:161} INFO - Started process (PID=29669) to work on /opt/airflow/dags/etl_dag.py
[2025-11-19T04:52:55.790+0000] {processor.py:830} INFO - Processing file /opt/airflow/dags/etl_dag.py for tasks to queue
[2025-11-19T04:52:55.809+0000] {logging_mixin.py:188} INFO - [2025-11-19T04:52:55.807+0000] {dagbag.py:538} INFO - Filling up the DagBag from /opt/airflow/dags/etl_dag.py
[2025-11-19T04:52:56.019+0000] {processor.py:840} INFO - DAG(s) 'simple_etl_lineage' retrieved from /opt/airflow/dags/etl_dag.py
[2025-11-19T04:52:56.104+0000] {logging_mixin.py:188} INFO - [2025-11-19T04:52:56.103+0000] {dag.py:3036} INFO - Sync 1 DAGs
[2025-11-19T04:52:56.153+0000] {logging_mixin.py:188} INFO - [2025-11-19T04:52:56.152+0000] {dag.py:3823} INFO - Setting next_dagrun for simple_etl_lineage to None, run_after=None
[2025-11-19T04:52:56.242+0000] {processor.py:183} INFO - Processing /opt/airflow/dags/etl_dag.py took 0.470 seconds
[2025-11-19T04:53:26.526+0000] {processor.py:161} INFO - Started process (PID=29699) to work on /opt/airflow/dags/etl_dag.py
[2025-11-19T04:53:26.528+0000] {processor.py:830} INFO - Processing file /opt/airflow/dags/etl_dag.py for tasks to queue
[2025-11-19T04:53:26.530+0000] {logging_mixin.py:188} INFO - [2025-11-19T04:53:26.530+0000] {dagbag.py:538} INFO - Filling up the DagBag from /opt/airflow/dags/etl_dag.py
[2025-11-19T04:53:26.552+0000] {processor.py:840} INFO - DAG(s) 'simple_etl_lineage' retrieved from /opt/airflow/dags/etl_dag.py
[2025-11-19T04:53:26.596+0000] {logging_mixin.py:188} INFO - [2025-11-19T04:53:26.596+0000] {dag.py:3036} INFO - Sync 1 DAGs
[2025-11-19T04:53:26.611+0000] {logging_mixin.py:188} INFO - [2025-11-19T04:53:26.611+0000] {dag.py:3823} INFO - Setting next_dagrun for simple_etl_lineage to None, run_after=None
[2025-11-19T04:53:26.641+0000] {processor.py:183} INFO - Processing /opt/airflow/dags/etl_dag.py took 0.121 seconds
[2025-11-19T04:53:57.643+0000] {processor.py:161} INFO - Started process (PID=29727) to work on /opt/airflow/dags/etl_dag.py
[2025-11-19T04:53:57.654+0000] {processor.py:830} INFO - Processing file /opt/airflow/dags/etl_dag.py for tasks to queue
[2025-11-19T04:53:57.656+0000] {logging_mixin.py:188} INFO - [2025-11-19T04:53:57.656+0000] {dagbag.py:538} INFO - Filling up the DagBag from /opt/airflow/dags/etl_dag.py
[2025-11-19T04:53:58.009+0000] {processor.py:840} INFO - DAG(s) 'simple_etl_lineage' retrieved from /opt/airflow/dags/etl_dag.py
[2025-11-19T04:53:58.410+0000] {logging_mixin.py:188} INFO - [2025-11-19T04:53:58.401+0000] {dag.py:3036} INFO - Sync 1 DAGs
[2025-11-19T04:53:58.742+0000] {logging_mixin.py:188} INFO - [2025-11-19T04:53:58.742+0000] {dag.py:3823} INFO - Setting next_dagrun for simple_etl_lineage to None, run_after=None
[2025-11-19T04:53:58.881+0000] {processor.py:183} INFO - Processing /opt/airflow/dags/etl_dag.py took 1.244 seconds
[2025-11-19T04:54:29.289+0000] {processor.py:161} INFO - Started process (PID=29757) to work on /opt/airflow/dags/etl_dag.py
[2025-11-19T04:54:29.298+0000] {processor.py:830} INFO - Processing file /opt/airflow/dags/etl_dag.py for tasks to queue
[2025-11-19T04:54:29.300+0000] {logging_mixin.py:188} INFO - [2025-11-19T04:54:29.299+0000] {dagbag.py:538} INFO - Filling up the DagBag from /opt/airflow/dags/etl_dag.py
[2025-11-19T04:54:29.345+0000] {processor.py:840} INFO - DAG(s) 'simple_etl_lineage' retrieved from /opt/airflow/dags/etl_dag.py
[2025-11-19T04:54:29.541+0000] {logging_mixin.py:188} INFO - [2025-11-19T04:54:29.540+0000] {dag.py:3036} INFO - Sync 1 DAGs
[2025-11-19T04:54:29.582+0000] {logging_mixin.py:188} INFO - [2025-11-19T04:54:29.581+0000] {dag.py:3823} INFO - Setting next_dagrun for simple_etl_lineage to None, run_after=None
[2025-11-19T04:54:29.662+0000] {processor.py:183} INFO - Processing /opt/airflow/dags/etl_dag.py took 0.380 seconds
[2025-11-19T04:54:59.768+0000] {processor.py:161} INFO - Started process (PID=29787) to work on /opt/airflow/dags/etl_dag.py
[2025-11-19T04:54:59.773+0000] {processor.py:830} INFO - Processing file /opt/airflow/dags/etl_dag.py for tasks to queue
[2025-11-19T04:54:59.778+0000] {logging_mixin.py:188} INFO - [2025-11-19T04:54:59.775+0000] {dagbag.py:538} INFO - Filling up the DagBag from /opt/airflow/dags/etl_dag.py
[2025-11-19T04:54:59.799+0000] {processor.py:840} INFO - DAG(s) 'simple_etl_lineage' retrieved from /opt/airflow/dags/etl_dag.py
[2025-11-19T04:54:59.831+0000] {logging_mixin.py:188} INFO - [2025-11-19T04:54:59.831+0000] {dag.py:3036} INFO - Sync 1 DAGs
[2025-11-19T04:54:59.854+0000] {logging_mixin.py:188} INFO - [2025-11-19T04:54:59.854+0000] {dag.py:3823} INFO - Setting next_dagrun for simple_etl_lineage to None, run_after=None
[2025-11-19T04:54:59.899+0000] {processor.py:183} INFO - Processing /opt/airflow/dags/etl_dag.py took 0.135 seconds
[2025-11-19T04:55:30.585+0000] {processor.py:161} INFO - Started process (PID=29817) to work on /opt/airflow/dags/etl_dag.py
[2025-11-19T04:55:30.587+0000] {processor.py:830} INFO - Processing file /opt/airflow/dags/etl_dag.py for tasks to queue
[2025-11-19T04:55:30.593+0000] {logging_mixin.py:188} INFO - [2025-11-19T04:55:30.588+0000] {dagbag.py:538} INFO - Filling up the DagBag from /opt/airflow/dags/etl_dag.py
[2025-11-19T04:55:30.660+0000] {processor.py:840} INFO - DAG(s) 'simple_etl_lineage' retrieved from /opt/airflow/dags/etl_dag.py
[2025-11-19T04:55:30.704+0000] {logging_mixin.py:188} INFO - [2025-11-19T04:55:30.704+0000] {dag.py:3036} INFO - Sync 1 DAGs
[2025-11-19T04:55:30.716+0000] {logging_mixin.py:188} INFO - [2025-11-19T04:55:30.716+0000] {dag.py:3823} INFO - Setting next_dagrun for simple_etl_lineage to None, run_after=None
[2025-11-19T04:55:30.748+0000] {processor.py:183} INFO - Processing /opt/airflow/dags/etl_dag.py took 0.168 seconds
[2025-11-19T04:56:01.714+0000] {processor.py:161} INFO - Started process (PID=29849) to work on /opt/airflow/dags/etl_dag.py
[2025-11-19T04:56:01.726+0000] {processor.py:830} INFO - Processing file /opt/airflow/dags/etl_dag.py for tasks to queue
[2025-11-19T04:56:01.730+0000] {logging_mixin.py:188} INFO - [2025-11-19T04:56:01.730+0000] {dagbag.py:538} INFO - Filling up the DagBag from /opt/airflow/dags/etl_dag.py
[2025-11-19T04:56:01.770+0000] {processor.py:840} INFO - DAG(s) 'simple_etl_lineage' retrieved from /opt/airflow/dags/etl_dag.py
[2025-11-19T04:56:01.845+0000] {logging_mixin.py:188} INFO - [2025-11-19T04:56:01.844+0000] {dag.py:3036} INFO - Sync 1 DAGs
[2025-11-19T04:56:01.888+0000] {logging_mixin.py:188} INFO - [2025-11-19T04:56:01.887+0000] {dag.py:3823} INFO - Setting next_dagrun for simple_etl_lineage to None, run_after=None
[2025-11-19T04:56:01.957+0000] {processor.py:183} INFO - Processing /opt/airflow/dags/etl_dag.py took 0.247 seconds
[2025-11-19T04:56:32.838+0000] {processor.py:161} INFO - Started process (PID=29879) to work on /opt/airflow/dags/etl_dag.py
[2025-11-19T04:56:32.845+0000] {processor.py:830} INFO - Processing file /opt/airflow/dags/etl_dag.py for tasks to queue
[2025-11-19T04:56:32.853+0000] {logging_mixin.py:188} INFO - [2025-11-19T04:56:32.852+0000] {dagbag.py:538} INFO - Filling up the DagBag from /opt/airflow/dags/etl_dag.py
[2025-11-19T04:56:32.876+0000] {processor.py:840} INFO - DAG(s) 'simple_etl_lineage' retrieved from /opt/airflow/dags/etl_dag.py
[2025-11-19T04:56:32.985+0000] {logging_mixin.py:188} INFO - [2025-11-19T04:56:32.973+0000] {dag.py:3036} INFO - Sync 1 DAGs
[2025-11-19T04:56:33.020+0000] {logging_mixin.py:188} INFO - [2025-11-19T04:56:33.020+0000] {dag.py:3823} INFO - Setting next_dagrun for simple_etl_lineage to None, run_after=None
[2025-11-19T04:56:33.075+0000] {processor.py:183} INFO - Processing /opt/airflow/dags/etl_dag.py took 0.244 seconds
[2025-11-19T04:57:06.349+0000] {processor.py:161} INFO - Started process (PID=29909) to work on /opt/airflow/dags/etl_dag.py
[2025-11-19T04:57:06.356+0000] {processor.py:830} INFO - Processing file /opt/airflow/dags/etl_dag.py for tasks to queue
[2025-11-19T04:57:06.368+0000] {logging_mixin.py:188} INFO - [2025-11-19T04:57:06.367+0000] {dagbag.py:538} INFO - Filling up the DagBag from /opt/airflow/dags/etl_dag.py
[2025-11-19T04:57:07.103+0000] {processor.py:840} INFO - DAG(s) 'simple_etl_lineage' retrieved from /opt/airflow/dags/etl_dag.py
[2025-11-19T04:57:07.352+0000] {logging_mixin.py:188} INFO - [2025-11-19T04:57:07.351+0000] {dag.py:3036} INFO - Sync 1 DAGs
[2025-11-19T04:57:07.419+0000] {logging_mixin.py:188} INFO - [2025-11-19T04:57:07.418+0000] {dag.py:3823} INFO - Setting next_dagrun for simple_etl_lineage to None, run_after=None
[2025-11-19T04:57:07.532+0000] {processor.py:183} INFO - Processing /opt/airflow/dags/etl_dag.py took 1.199 seconds
[2025-11-19T04:57:40.771+0000] {processor.py:161} INFO - Started process (PID=29937) to work on /opt/airflow/dags/etl_dag.py
[2025-11-19T04:57:40.816+0000] {processor.py:830} INFO - Processing file /opt/airflow/dags/etl_dag.py for tasks to queue
[2025-11-19T04:57:40.820+0000] {logging_mixin.py:188} INFO - [2025-11-19T04:57:40.820+0000] {dagbag.py:538} INFO - Filling up the DagBag from /opt/airflow/dags/etl_dag.py
[2025-11-19T04:57:41.260+0000] {processor.py:840} INFO - DAG(s) 'simple_etl_lineage' retrieved from /opt/airflow/dags/etl_dag.py
[2025-11-19T04:57:41.432+0000] {logging_mixin.py:188} INFO - [2025-11-19T04:57:41.431+0000] {dag.py:3036} INFO - Sync 1 DAGs
[2025-11-19T04:57:41.465+0000] {logging_mixin.py:188} INFO - [2025-11-19T04:57:41.465+0000] {dag.py:3823} INFO - Setting next_dagrun for simple_etl_lineage to None, run_after=None
[2025-11-19T04:57:41.766+0000] {processor.py:183} INFO - Processing /opt/airflow/dags/etl_dag.py took 1.014 seconds
[2025-11-19T04:58:12.598+0000] {processor.py:161} INFO - Started process (PID=29967) to work on /opt/airflow/dags/etl_dag.py
[2025-11-19T04:58:12.611+0000] {processor.py:830} INFO - Processing file /opt/airflow/dags/etl_dag.py for tasks to queue
[2025-11-19T04:58:12.618+0000] {logging_mixin.py:188} INFO - [2025-11-19T04:58:12.618+0000] {dagbag.py:538} INFO - Filling up the DagBag from /opt/airflow/dags/etl_dag.py
[2025-11-19T04:58:13.020+0000] {processor.py:840} INFO - DAG(s) 'simple_etl_lineage' retrieved from /opt/airflow/dags/etl_dag.py
[2025-11-19T04:58:13.122+0000] {logging_mixin.py:188} INFO - [2025-11-19T04:58:13.122+0000] {dag.py:3036} INFO - Sync 1 DAGs
[2025-11-19T04:58:13.181+0000] {logging_mixin.py:188} INFO - [2025-11-19T04:58:13.181+0000] {dag.py:3823} INFO - Setting next_dagrun for simple_etl_lineage to None, run_after=None
[2025-11-19T04:58:13.262+0000] {processor.py:183} INFO - Processing /opt/airflow/dags/etl_dag.py took 0.669 seconds
[2025-11-19T04:58:44.558+0000] {processor.py:161} INFO - Started process (PID=29994) to work on /opt/airflow/dags/etl_dag.py
[2025-11-19T04:58:44.569+0000] {processor.py:830} INFO - Processing file /opt/airflow/dags/etl_dag.py for tasks to queue
[2025-11-19T04:58:44.576+0000] {logging_mixin.py:188} INFO - [2025-11-19T04:58:44.575+0000] {dagbag.py:538} INFO - Filling up the DagBag from /opt/airflow/dags/etl_dag.py
[2025-11-19T04:58:44.730+0000] {processor.py:840} INFO - DAG(s) 'simple_etl_lineage' retrieved from /opt/airflow/dags/etl_dag.py
[2025-11-19T04:58:44.860+0000] {logging_mixin.py:188} INFO - [2025-11-19T04:58:44.860+0000] {dag.py:3036} INFO - Sync 1 DAGs
[2025-11-19T04:58:44.951+0000] {logging_mixin.py:188} INFO - [2025-11-19T04:58:44.950+0000] {dag.py:3823} INFO - Setting next_dagrun for simple_etl_lineage to None, run_after=None
[2025-11-19T04:58:45.108+0000] {processor.py:183} INFO - Processing /opt/airflow/dags/etl_dag.py took 0.556 seconds
[2025-11-19T04:59:15.446+0000] {processor.py:161} INFO - Started process (PID=30024) to work on /opt/airflow/dags/etl_dag.py
[2025-11-19T04:59:15.454+0000] {processor.py:830} INFO - Processing file /opt/airflow/dags/etl_dag.py for tasks to queue
[2025-11-19T04:59:15.457+0000] {logging_mixin.py:188} INFO - [2025-11-19T04:59:15.456+0000] {dagbag.py:538} INFO - Filling up the DagBag from /opt/airflow/dags/etl_dag.py
[2025-11-19T04:59:15.491+0000] {processor.py:840} INFO - DAG(s) 'simple_etl_lineage' retrieved from /opt/airflow/dags/etl_dag.py
[2025-11-19T04:59:15.580+0000] {logging_mixin.py:188} INFO - [2025-11-19T04:59:15.580+0000] {dag.py:3036} INFO - Sync 1 DAGs
[2025-11-19T04:59:15.625+0000] {logging_mixin.py:188} INFO - [2025-11-19T04:59:15.624+0000] {dag.py:3823} INFO - Setting next_dagrun for simple_etl_lineage to None, run_after=None
[2025-11-19T04:59:15.722+0000] {processor.py:183} INFO - Processing /opt/airflow/dags/etl_dag.py took 0.292 seconds
[2025-11-19T04:59:46.548+0000] {processor.py:161} INFO - Started process (PID=30052) to work on /opt/airflow/dags/etl_dag.py
[2025-11-19T04:59:46.564+0000] {processor.py:830} INFO - Processing file /opt/airflow/dags/etl_dag.py for tasks to queue
[2025-11-19T04:59:46.573+0000] {logging_mixin.py:188} INFO - [2025-11-19T04:59:46.573+0000] {dagbag.py:538} INFO - Filling up the DagBag from /opt/airflow/dags/etl_dag.py
[2025-11-19T04:59:46.776+0000] {processor.py:840} INFO - DAG(s) 'simple_etl_lineage' retrieved from /opt/airflow/dags/etl_dag.py
[2025-11-19T04:59:46.896+0000] {logging_mixin.py:188} INFO - [2025-11-19T04:59:46.896+0000] {dag.py:3036} INFO - Sync 1 DAGs
[2025-11-19T04:59:46.964+0000] {logging_mixin.py:188} INFO - [2025-11-19T04:59:46.964+0000] {dag.py:3823} INFO - Setting next_dagrun for simple_etl_lineage to None, run_after=None
[2025-11-19T04:59:47.194+0000] {processor.py:183} INFO - Processing /opt/airflow/dags/etl_dag.py took 0.664 seconds
[2025-11-19T05:00:17.378+0000] {processor.py:161} INFO - Started process (PID=30084) to work on /opt/airflow/dags/etl_dag.py
[2025-11-19T05:00:17.383+0000] {processor.py:830} INFO - Processing file /opt/airflow/dags/etl_dag.py for tasks to queue
[2025-11-19T05:00:17.390+0000] {logging_mixin.py:188} INFO - [2025-11-19T05:00:17.390+0000] {dagbag.py:538} INFO - Filling up the DagBag from /opt/airflow/dags/etl_dag.py
[2025-11-19T05:00:17.431+0000] {processor.py:840} INFO - DAG(s) 'simple_etl_lineage' retrieved from /opt/airflow/dags/etl_dag.py
[2025-11-19T05:00:17.535+0000] {logging_mixin.py:188} INFO - [2025-11-19T05:00:17.535+0000] {dag.py:3036} INFO - Sync 1 DAGs
[2025-11-19T05:00:17.581+0000] {logging_mixin.py:188} INFO - [2025-11-19T05:00:17.580+0000] {dag.py:3823} INFO - Setting next_dagrun for simple_etl_lineage to None, run_after=None
[2025-11-19T05:00:17.661+0000] {processor.py:183} INFO - Processing /opt/airflow/dags/etl_dag.py took 0.297 seconds
[2025-11-19T05:00:48.611+0000] {processor.py:161} INFO - Started process (PID=30112) to work on /opt/airflow/dags/etl_dag.py
[2025-11-19T05:00:48.623+0000] {processor.py:830} INFO - Processing file /opt/airflow/dags/etl_dag.py for tasks to queue
[2025-11-19T05:00:48.626+0000] {logging_mixin.py:188} INFO - [2025-11-19T05:00:48.626+0000] {dagbag.py:538} INFO - Filling up the DagBag from /opt/airflow/dags/etl_dag.py
[2025-11-19T05:00:48.685+0000] {processor.py:840} INFO - DAG(s) 'simple_etl_lineage' retrieved from /opt/airflow/dags/etl_dag.py
[2025-11-19T05:00:49.181+0000] {logging_mixin.py:188} INFO - [2025-11-19T05:00:49.180+0000] {dag.py:3036} INFO - Sync 1 DAGs
[2025-11-19T05:00:49.229+0000] {logging_mixin.py:188} INFO - [2025-11-19T05:00:49.228+0000] {dag.py:3823} INFO - Setting next_dagrun for simple_etl_lineage to None, run_after=None
[2025-11-19T05:00:49.329+0000] {processor.py:183} INFO - Processing /opt/airflow/dags/etl_dag.py took 0.729 seconds
[2025-11-19T05:01:19.784+0000] {processor.py:161} INFO - Started process (PID=30150) to work on /opt/airflow/dags/etl_dag.py
[2025-11-19T05:01:19.806+0000] {processor.py:830} INFO - Processing file /opt/airflow/dags/etl_dag.py for tasks to queue
[2025-11-19T05:01:19.809+0000] {logging_mixin.py:188} INFO - [2025-11-19T05:01:19.808+0000] {dagbag.py:538} INFO - Filling up the DagBag from /opt/airflow/dags/etl_dag.py
[2025-11-19T05:01:19.887+0000] {processor.py:840} INFO - DAG(s) 'simple_etl_lineage' retrieved from /opt/airflow/dags/etl_dag.py
[2025-11-19T05:01:19.990+0000] {logging_mixin.py:188} INFO - [2025-11-19T05:01:19.990+0000] {dag.py:3036} INFO - Sync 1 DAGs
[2025-11-19T05:01:20.015+0000] {logging_mixin.py:188} INFO - [2025-11-19T05:01:20.014+0000] {dag.py:3823} INFO - Setting next_dagrun for simple_etl_lineage to None, run_after=None
[2025-11-19T05:01:20.061+0000] {processor.py:183} INFO - Processing /opt/airflow/dags/etl_dag.py took 0.285 seconds
[2025-11-19T05:01:53.306+0000] {processor.py:161} INFO - Started process (PID=30187) to work on /opt/airflow/dags/etl_dag.py
[2025-11-19T05:01:53.315+0000] {processor.py:830} INFO - Processing file /opt/airflow/dags/etl_dag.py for tasks to queue
[2025-11-19T05:01:53.320+0000] {logging_mixin.py:188} INFO - [2025-11-19T05:01:53.317+0000] {dagbag.py:538} INFO - Filling up the DagBag from /opt/airflow/dags/etl_dag.py
[2025-11-19T05:01:53.372+0000] {processor.py:840} INFO - DAG(s) 'simple_etl_lineage' retrieved from /opt/airflow/dags/etl_dag.py
[2025-11-19T05:01:54.155+0000] {logging_mixin.py:188} INFO - [2025-11-19T05:01:54.155+0000] {dag.py:3036} INFO - Sync 1 DAGs
[2025-11-19T05:01:54.230+0000] {logging_mixin.py:188} INFO - [2025-11-19T05:01:54.229+0000] {dag.py:3823} INFO - Setting next_dagrun for simple_etl_lineage to None, run_after=None
[2025-11-19T05:01:54.355+0000] {processor.py:183} INFO - Processing /opt/airflow/dags/etl_dag.py took 1.065 seconds
[2025-11-19T05:02:25.349+0000] {processor.py:161} INFO - Started process (PID=30217) to work on /opt/airflow/dags/etl_dag.py
[2025-11-19T05:02:25.360+0000] {processor.py:830} INFO - Processing file /opt/airflow/dags/etl_dag.py for tasks to queue
[2025-11-19T05:02:25.363+0000] {logging_mixin.py:188} INFO - [2025-11-19T05:02:25.362+0000] {dagbag.py:538} INFO - Filling up the DagBag from /opt/airflow/dags/etl_dag.py
[2025-11-19T05:02:25.395+0000] {processor.py:840} INFO - DAG(s) 'simple_etl_lineage' retrieved from /opt/airflow/dags/etl_dag.py
[2025-11-19T05:02:25.466+0000] {logging_mixin.py:188} INFO - [2025-11-19T05:02:25.466+0000] {dag.py:3036} INFO - Sync 1 DAGs
[2025-11-19T05:02:25.492+0000] {logging_mixin.py:188} INFO - [2025-11-19T05:02:25.492+0000] {dag.py:3823} INFO - Setting next_dagrun for simple_etl_lineage to None, run_after=None
[2025-11-19T05:02:25.548+0000] {processor.py:183} INFO - Processing /opt/airflow/dags/etl_dag.py took 0.206 seconds
[2025-11-19T05:02:58.269+0000] {processor.py:161} INFO - Started process (PID=30247) to work on /opt/airflow/dags/etl_dag.py
[2025-11-19T05:02:58.278+0000] {processor.py:830} INFO - Processing file /opt/airflow/dags/etl_dag.py for tasks to queue
[2025-11-19T05:02:58.286+0000] {logging_mixin.py:188} INFO - [2025-11-19T05:02:58.286+0000] {dagbag.py:538} INFO - Filling up the DagBag from /opt/airflow/dags/etl_dag.py
[2025-11-19T05:02:58.720+0000] {processor.py:840} INFO - DAG(s) 'simple_etl_lineage' retrieved from /opt/airflow/dags/etl_dag.py
[2025-11-19T05:02:58.852+0000] {logging_mixin.py:188} INFO - [2025-11-19T05:02:58.852+0000] {dag.py:3036} INFO - Sync 1 DAGs
[2025-11-19T05:02:58.891+0000] {logging_mixin.py:188} INFO - [2025-11-19T05:02:58.891+0000] {dag.py:3823} INFO - Setting next_dagrun for simple_etl_lineage to None, run_after=None
[2025-11-19T05:02:58.968+0000] {processor.py:183} INFO - Processing /opt/airflow/dags/etl_dag.py took 0.715 seconds
[2025-11-19T05:03:29.624+0000] {processor.py:161} INFO - Started process (PID=30277) to work on /opt/airflow/dags/etl_dag.py
[2025-11-19T05:03:29.629+0000] {processor.py:830} INFO - Processing file /opt/airflow/dags/etl_dag.py for tasks to queue
[2025-11-19T05:03:29.630+0000] {logging_mixin.py:188} INFO - [2025-11-19T05:03:29.630+0000] {dagbag.py:538} INFO - Filling up the DagBag from /opt/airflow/dags/etl_dag.py
[2025-11-19T05:03:29.870+0000] {processor.py:840} INFO - DAG(s) 'simple_etl_lineage' retrieved from /opt/airflow/dags/etl_dag.py
[2025-11-19T05:03:29.959+0000] {logging_mixin.py:188} INFO - [2025-11-19T05:03:29.959+0000] {dag.py:3036} INFO - Sync 1 DAGs
[2025-11-19T05:03:30.012+0000] {logging_mixin.py:188} INFO - [2025-11-19T05:03:30.012+0000] {dag.py:3823} INFO - Setting next_dagrun for simple_etl_lineage to None, run_after=None
[2025-11-19T05:03:30.086+0000] {processor.py:183} INFO - Processing /opt/airflow/dags/etl_dag.py took 0.467 seconds
[2025-11-19T05:04:00.645+0000] {processor.py:161} INFO - Started process (PID=30307) to work on /opt/airflow/dags/etl_dag.py
[2025-11-19T05:04:00.653+0000] {processor.py:830} INFO - Processing file /opt/airflow/dags/etl_dag.py for tasks to queue
[2025-11-19T05:04:00.656+0000] {logging_mixin.py:188} INFO - [2025-11-19T05:04:00.655+0000] {dagbag.py:538} INFO - Filling up the DagBag from /opt/airflow/dags/etl_dag.py
[2025-11-19T05:04:00.691+0000] {processor.py:840} INFO - DAG(s) 'simple_etl_lineage' retrieved from /opt/airflow/dags/etl_dag.py
[2025-11-19T05:04:00.763+0000] {logging_mixin.py:188} INFO - [2025-11-19T05:04:00.762+0000] {dag.py:3036} INFO - Sync 1 DAGs
[2025-11-19T05:04:00.782+0000] {logging_mixin.py:188} INFO - [2025-11-19T05:04:00.781+0000] {dag.py:3823} INFO - Setting next_dagrun for simple_etl_lineage to None, run_after=None
[2025-11-19T05:04:00.820+0000] {processor.py:183} INFO - Processing /opt/airflow/dags/etl_dag.py took 0.180 seconds
[2025-11-19T05:04:31.379+0000] {processor.py:161} INFO - Started process (PID=30337) to work on /opt/airflow/dags/etl_dag.py
[2025-11-19T05:04:31.381+0000] {processor.py:830} INFO - Processing file /opt/airflow/dags/etl_dag.py for tasks to queue
[2025-11-19T05:04:31.383+0000] {logging_mixin.py:188} INFO - [2025-11-19T05:04:31.383+0000] {dagbag.py:538} INFO - Filling up the DagBag from /opt/airflow/dags/etl_dag.py
[2025-11-19T05:04:31.400+0000] {processor.py:840} INFO - DAG(s) 'simple_etl_lineage' retrieved from /opt/airflow/dags/etl_dag.py
[2025-11-19T05:04:31.441+0000] {logging_mixin.py:188} INFO - [2025-11-19T05:04:31.441+0000] {dag.py:3036} INFO - Sync 1 DAGs
[2025-11-19T05:04:31.459+0000] {logging_mixin.py:188} INFO - [2025-11-19T05:04:31.459+0000] {dag.py:3823} INFO - Setting next_dagrun for simple_etl_lineage to None, run_after=None
[2025-11-19T05:04:31.481+0000] {processor.py:183} INFO - Processing /opt/airflow/dags/etl_dag.py took 0.106 seconds
[2025-11-19T05:05:02.145+0000] {processor.py:161} INFO - Started process (PID=30367) to work on /opt/airflow/dags/etl_dag.py
[2025-11-19T05:05:02.147+0000] {processor.py:830} INFO - Processing file /opt/airflow/dags/etl_dag.py for tasks to queue
[2025-11-19T05:05:02.148+0000] {logging_mixin.py:188} INFO - [2025-11-19T05:05:02.147+0000] {dagbag.py:538} INFO - Filling up the DagBag from /opt/airflow/dags/etl_dag.py
[2025-11-19T05:05:02.162+0000] {processor.py:840} INFO - DAG(s) 'simple_etl_lineage' retrieved from /opt/airflow/dags/etl_dag.py
[2025-11-19T05:05:02.192+0000] {logging_mixin.py:188} INFO - [2025-11-19T05:05:02.192+0000] {dag.py:3036} INFO - Sync 1 DAGs
[2025-11-19T05:05:02.203+0000] {logging_mixin.py:188} INFO - [2025-11-19T05:05:02.202+0000] {dag.py:3823} INFO - Setting next_dagrun for simple_etl_lineage to None, run_after=None
[2025-11-19T05:05:02.223+0000] {processor.py:183} INFO - Processing /opt/airflow/dags/etl_dag.py took 0.081 seconds
[2025-11-19T05:05:33.025+0000] {processor.py:161} INFO - Started process (PID=30397) to work on /opt/airflow/dags/etl_dag.py
[2025-11-19T05:05:33.027+0000] {processor.py:830} INFO - Processing file /opt/airflow/dags/etl_dag.py for tasks to queue
[2025-11-19T05:05:33.028+0000] {logging_mixin.py:188} INFO - [2025-11-19T05:05:33.028+0000] {dagbag.py:538} INFO - Filling up the DagBag from /opt/airflow/dags/etl_dag.py
[2025-11-19T05:05:33.047+0000] {processor.py:840} INFO - DAG(s) 'simple_etl_lineage' retrieved from /opt/airflow/dags/etl_dag.py
[2025-11-19T05:05:33.075+0000] {logging_mixin.py:188} INFO - [2025-11-19T05:05:33.075+0000] {dag.py:3036} INFO - Sync 1 DAGs
[2025-11-19T05:05:33.085+0000] {logging_mixin.py:188} INFO - [2025-11-19T05:05:33.085+0000] {dag.py:3823} INFO - Setting next_dagrun for simple_etl_lineage to None, run_after=None
[2025-11-19T05:05:33.106+0000] {processor.py:183} INFO - Processing /opt/airflow/dags/etl_dag.py took 0.085 seconds
[2025-11-19T05:06:03.725+0000] {processor.py:161} INFO - Started process (PID=30427) to work on /opt/airflow/dags/etl_dag.py
[2025-11-19T05:06:03.727+0000] {processor.py:830} INFO - Processing file /opt/airflow/dags/etl_dag.py for tasks to queue
[2025-11-19T05:06:03.728+0000] {logging_mixin.py:188} INFO - [2025-11-19T05:06:03.727+0000] {dagbag.py:538} INFO - Filling up the DagBag from /opt/airflow/dags/etl_dag.py
[2025-11-19T05:06:03.739+0000] {processor.py:840} INFO - DAG(s) 'simple_etl_lineage' retrieved from /opt/airflow/dags/etl_dag.py
[2025-11-19T05:06:03.765+0000] {logging_mixin.py:188} INFO - [2025-11-19T05:06:03.765+0000] {dag.py:3036} INFO - Sync 1 DAGs
[2025-11-19T05:06:03.775+0000] {logging_mixin.py:188} INFO - [2025-11-19T05:06:03.775+0000] {dag.py:3823} INFO - Setting next_dagrun for simple_etl_lineage to None, run_after=None
[2025-11-19T05:06:03.796+0000] {processor.py:183} INFO - Processing /opt/airflow/dags/etl_dag.py took 0.074 seconds
[2025-11-19T05:06:34.819+0000] {processor.py:161} INFO - Started process (PID=30457) to work on /opt/airflow/dags/etl_dag.py
[2025-11-19T05:06:34.841+0000] {processor.py:830} INFO - Processing file /opt/airflow/dags/etl_dag.py for tasks to queue
[2025-11-19T05:06:34.853+0000] {logging_mixin.py:188} INFO - [2025-11-19T05:06:34.852+0000] {dagbag.py:538} INFO - Filling up the DagBag from /opt/airflow/dags/etl_dag.py
[2025-11-19T05:06:34.972+0000] {processor.py:840} INFO - DAG(s) 'simple_etl_lineage' retrieved from /opt/airflow/dags/etl_dag.py
[2025-11-19T05:06:35.059+0000] {logging_mixin.py:188} INFO - [2025-11-19T05:06:35.059+0000] {dag.py:3036} INFO - Sync 1 DAGs
[2025-11-19T05:06:35.088+0000] {logging_mixin.py:188} INFO - [2025-11-19T05:06:35.087+0000] {dag.py:3823} INFO - Setting next_dagrun for simple_etl_lineage to None, run_after=None
[2025-11-19T05:06:35.146+0000] {processor.py:183} INFO - Processing /opt/airflow/dags/etl_dag.py took 0.331 seconds
[2025-11-19T05:07:05.808+0000] {processor.py:161} INFO - Started process (PID=30487) to work on /opt/airflow/dags/etl_dag.py
[2025-11-19T05:07:05.809+0000] {processor.py:830} INFO - Processing file /opt/airflow/dags/etl_dag.py for tasks to queue
[2025-11-19T05:07:05.810+0000] {logging_mixin.py:188} INFO - [2025-11-19T05:07:05.810+0000] {dagbag.py:538} INFO - Filling up the DagBag from /opt/airflow/dags/etl_dag.py
[2025-11-19T05:07:05.822+0000] {processor.py:840} INFO - DAG(s) 'simple_etl_lineage' retrieved from /opt/airflow/dags/etl_dag.py
[2025-11-19T05:07:05.851+0000] {logging_mixin.py:188} INFO - [2025-11-19T05:07:05.851+0000] {dag.py:3036} INFO - Sync 1 DAGs
[2025-11-19T05:07:05.863+0000] {logging_mixin.py:188} INFO - [2025-11-19T05:07:05.863+0000] {dag.py:3823} INFO - Setting next_dagrun for simple_etl_lineage to None, run_after=None
[2025-11-19T05:07:05.887+0000] {processor.py:183} INFO - Processing /opt/airflow/dags/etl_dag.py took 0.083 seconds
[2025-11-19T05:07:36.973+0000] {processor.py:161} INFO - Started process (PID=30517) to work on /opt/airflow/dags/etl_dag.py
[2025-11-19T05:07:36.979+0000] {processor.py:830} INFO - Processing file /opt/airflow/dags/etl_dag.py for tasks to queue
[2025-11-19T05:07:36.981+0000] {logging_mixin.py:188} INFO - [2025-11-19T05:07:36.980+0000] {dagbag.py:538} INFO - Filling up the DagBag from /opt/airflow/dags/etl_dag.py
[2025-11-19T05:07:37.047+0000] {processor.py:840} INFO - DAG(s) 'simple_etl_lineage' retrieved from /opt/airflow/dags/etl_dag.py
[2025-11-19T05:07:37.129+0000] {logging_mixin.py:188} INFO - [2025-11-19T05:07:37.129+0000] {dag.py:3036} INFO - Sync 1 DAGs
[2025-11-19T05:07:37.165+0000] {logging_mixin.py:188} INFO - [2025-11-19T05:07:37.164+0000] {dag.py:3823} INFO - Setting next_dagrun for simple_etl_lineage to None, run_after=None
[2025-11-19T05:07:37.226+0000] {processor.py:183} INFO - Processing /opt/airflow/dags/etl_dag.py took 0.258 seconds
[2025-11-19T05:12:25.402+0000] {processor.py:161} INFO - Started process (PID=30555) to work on /opt/airflow/dags/etl_dag.py
[2025-11-19T05:12:25.804+0000] {processor.py:830} INFO - Processing file /opt/airflow/dags/etl_dag.py for tasks to queue
[2025-11-19T05:12:26.940+0000] {logging_mixin.py:188} INFO - [2025-11-19T05:12:26.080+0000] {dagbag.py:538} INFO - Filling up the DagBag from /opt/airflow/dags/etl_dag.py
[2025-11-19T05:12:30.153+0000] {processor.py:840} INFO - DAG(s) 'simple_etl_lineage' retrieved from /opt/airflow/dags/etl_dag.py
[2025-11-19T05:12:30.393+0000] {logging_mixin.py:188} INFO - [2025-11-19T05:12:30.392+0000] {dag.py:3036} INFO - Sync 1 DAGs
[2025-11-19T05:12:30.510+0000] {logging_mixin.py:188} INFO - [2025-11-19T05:12:30.510+0000] {dag.py:3823} INFO - Setting next_dagrun for simple_etl_lineage to None, run_after=None
[2025-11-19T05:12:30.776+0000] {processor.py:183} INFO - Processing /opt/airflow/dags/etl_dag.py took 9.983 seconds
[2025-11-19T05:13:01.508+0000] {processor.py:161} INFO - Started process (PID=30587) to work on /opt/airflow/dags/etl_dag.py
[2025-11-19T05:13:01.509+0000] {processor.py:830} INFO - Processing file /opt/airflow/dags/etl_dag.py for tasks to queue
[2025-11-19T05:13:01.512+0000] {logging_mixin.py:188} INFO - [2025-11-19T05:13:01.510+0000] {dagbag.py:538} INFO - Filling up the DagBag from /opt/airflow/dags/etl_dag.py
[2025-11-19T05:13:01.533+0000] {processor.py:840} INFO - DAG(s) 'simple_etl_lineage' retrieved from /opt/airflow/dags/etl_dag.py
[2025-11-19T05:13:01.580+0000] {logging_mixin.py:188} INFO - [2025-11-19T05:13:01.580+0000] {dag.py:3036} INFO - Sync 1 DAGs
[2025-11-19T05:13:01.605+0000] {logging_mixin.py:188} INFO - [2025-11-19T05:13:01.604+0000] {dag.py:3823} INFO - Setting next_dagrun for simple_etl_lineage to None, run_after=None
[2025-11-19T05:13:01.747+0000] {processor.py:183} INFO - Processing /opt/airflow/dags/etl_dag.py took 0.244 seconds
[2025-11-19T05:13:32.324+0000] {processor.py:161} INFO - Started process (PID=30617) to work on /opt/airflow/dags/etl_dag.py
[2025-11-19T05:13:32.326+0000] {processor.py:830} INFO - Processing file /opt/airflow/dags/etl_dag.py for tasks to queue
[2025-11-19T05:13:32.329+0000] {logging_mixin.py:188} INFO - [2025-11-19T05:13:32.328+0000] {dagbag.py:538} INFO - Filling up the DagBag from /opt/airflow/dags/etl_dag.py
[2025-11-19T05:13:32.483+0000] {processor.py:840} INFO - DAG(s) 'simple_etl_lineage' retrieved from /opt/airflow/dags/etl_dag.py
[2025-11-19T05:13:32.577+0000] {logging_mixin.py:188} INFO - [2025-11-19T05:13:32.575+0000] {dag.py:3036} INFO - Sync 1 DAGs
[2025-11-19T05:13:32.605+0000] {logging_mixin.py:188} INFO - [2025-11-19T05:13:32.605+0000] {dag.py:3823} INFO - Setting next_dagrun for simple_etl_lineage to None, run_after=None
[2025-11-19T05:13:32.670+0000] {processor.py:183} INFO - Processing /opt/airflow/dags/etl_dag.py took 0.356 seconds
[2025-11-19T05:14:04.194+0000] {processor.py:161} INFO - Started process (PID=30648) to work on /opt/airflow/dags/etl_dag.py
[2025-11-19T05:14:04.202+0000] {processor.py:830} INFO - Processing file /opt/airflow/dags/etl_dag.py for tasks to queue
[2025-11-19T05:14:04.206+0000] {logging_mixin.py:188} INFO - [2025-11-19T05:14:04.206+0000] {dagbag.py:538} INFO - Filling up the DagBag from /opt/airflow/dags/etl_dag.py
[2025-11-19T05:14:04.275+0000] {processor.py:840} INFO - DAG(s) 'simple_etl_lineage' retrieved from /opt/airflow/dags/etl_dag.py
[2025-11-19T05:14:04.432+0000] {logging_mixin.py:188} INFO - [2025-11-19T05:14:04.432+0000] {dag.py:3036} INFO - Sync 1 DAGs
[2025-11-19T05:14:04.483+0000] {logging_mixin.py:188} INFO - [2025-11-19T05:14:04.478+0000] {dag.py:3823} INFO - Setting next_dagrun for simple_etl_lineage to None, run_after=None
[2025-11-19T05:14:04.679+0000] {processor.py:183} INFO - Processing /opt/airflow/dags/etl_dag.py took 0.490 seconds
[2025-11-19T05:14:35.567+0000] {processor.py:161} INFO - Started process (PID=30685) to work on /opt/airflow/dags/etl_dag.py
[2025-11-19T05:14:35.569+0000] {processor.py:830} INFO - Processing file /opt/airflow/dags/etl_dag.py for tasks to queue
[2025-11-19T05:14:35.571+0000] {logging_mixin.py:188} INFO - [2025-11-19T05:14:35.571+0000] {dagbag.py:538} INFO - Filling up the DagBag from /opt/airflow/dags/etl_dag.py
[2025-11-19T05:14:35.600+0000] {processor.py:840} INFO - DAG(s) 'simple_etl_lineage' retrieved from /opt/airflow/dags/etl_dag.py
[2025-11-19T05:14:35.695+0000] {logging_mixin.py:188} INFO - [2025-11-19T05:14:35.694+0000] {dag.py:3036} INFO - Sync 1 DAGs
[2025-11-19T05:14:35.739+0000] {logging_mixin.py:188} INFO - [2025-11-19T05:14:35.739+0000] {dag.py:3823} INFO - Setting next_dagrun for simple_etl_lineage to None, run_after=None
[2025-11-19T05:14:35.841+0000] {processor.py:183} INFO - Processing /opt/airflow/dags/etl_dag.py took 0.279 seconds
[2025-11-19T05:15:10.143+0000] {processor.py:161} INFO - Started process (PID=30715) to work on /opt/airflow/dags/etl_dag.py
[2025-11-19T05:15:10.153+0000] {processor.py:830} INFO - Processing file /opt/airflow/dags/etl_dag.py for tasks to queue
[2025-11-19T05:15:10.158+0000] {logging_mixin.py:188} INFO - [2025-11-19T05:15:10.157+0000] {dagbag.py:538} INFO - Filling up the DagBag from /opt/airflow/dags/etl_dag.py
[2025-11-19T05:15:10.289+0000] {processor.py:840} INFO - DAG(s) 'simple_etl_lineage' retrieved from /opt/airflow/dags/etl_dag.py
[2025-11-19T05:15:10.404+0000] {logging_mixin.py:188} INFO - [2025-11-19T05:15:10.403+0000] {dag.py:3036} INFO - Sync 1 DAGs
[2025-11-19T05:15:10.488+0000] {logging_mixin.py:188} INFO - [2025-11-19T05:15:10.488+0000] {dag.py:3823} INFO - Setting next_dagrun for simple_etl_lineage to None, run_after=None
[2025-11-19T05:15:10.540+0000] {processor.py:183} INFO - Processing /opt/airflow/dags/etl_dag.py took 0.403 seconds
[2025-11-19T05:15:41.723+0000] {processor.py:161} INFO - Started process (PID=30743) to work on /opt/airflow/dags/etl_dag.py
[2025-11-19T05:15:41.726+0000] {processor.py:830} INFO - Processing file /opt/airflow/dags/etl_dag.py for tasks to queue
[2025-11-19T05:15:41.728+0000] {logging_mixin.py:188} INFO - [2025-11-19T05:15:41.727+0000] {dagbag.py:538} INFO - Filling up the DagBag from /opt/airflow/dags/etl_dag.py
[2025-11-19T05:15:41.797+0000] {processor.py:840} INFO - DAG(s) 'simple_etl_lineage' retrieved from /opt/airflow/dags/etl_dag.py
[2025-11-19T05:15:41.902+0000] {logging_mixin.py:188} INFO - [2025-11-19T05:15:41.901+0000] {dag.py:3036} INFO - Sync 1 DAGs
[2025-11-19T05:15:41.952+0000] {logging_mixin.py:188} INFO - [2025-11-19T05:15:41.951+0000] {dag.py:3823} INFO - Setting next_dagrun for simple_etl_lineage to None, run_after=None
[2025-11-19T05:15:42.125+0000] {processor.py:183} INFO - Processing /opt/airflow/dags/etl_dag.py took 0.411 seconds
[2025-11-19T05:16:15.361+0000] {processor.py:161} INFO - Started process (PID=30775) to work on /opt/airflow/dags/etl_dag.py
[2025-11-19T05:16:15.387+0000] {processor.py:830} INFO - Processing file /opt/airflow/dags/etl_dag.py for tasks to queue
[2025-11-19T05:16:15.412+0000] {logging_mixin.py:188} INFO - [2025-11-19T05:16:15.411+0000] {dagbag.py:538} INFO - Filling up the DagBag from /opt/airflow/dags/etl_dag.py
[2025-11-19T05:16:16.814+0000] {processor.py:840} INFO - DAG(s) 'simple_etl_lineage' retrieved from /opt/airflow/dags/etl_dag.py
[2025-11-19T05:16:16.936+0000] {logging_mixin.py:188} INFO - [2025-11-19T05:16:16.934+0000] {dag.py:3036} INFO - Sync 1 DAGs
[2025-11-19T05:16:16.983+0000] {logging_mixin.py:188} INFO - [2025-11-19T05:16:16.983+0000] {dag.py:3823} INFO - Setting next_dagrun for simple_etl_lineage to None, run_after=None
[2025-11-19T05:16:17.167+0000] {processor.py:183} INFO - Processing /opt/airflow/dags/etl_dag.py took 1.812 seconds
[2025-11-19T05:16:58.383+0000] {processor.py:161} INFO - Started process (PID=30805) to work on /opt/airflow/dags/etl_dag.py
[2025-11-19T05:16:58.400+0000] {processor.py:830} INFO - Processing file /opt/airflow/dags/etl_dag.py for tasks to queue
[2025-11-19T05:16:58.433+0000] {logging_mixin.py:188} INFO - [2025-11-19T05:16:58.432+0000] {dagbag.py:538} INFO - Filling up the DagBag from /opt/airflow/dags/etl_dag.py
[2025-11-19T05:16:58.837+0000] {processor.py:840} INFO - DAG(s) 'simple_etl_lineage' retrieved from /opt/airflow/dags/etl_dag.py
[2025-11-19T05:16:58.929+0000] {logging_mixin.py:188} INFO - [2025-11-19T05:16:58.928+0000] {dag.py:3036} INFO - Sync 1 DAGs
[2025-11-19T05:16:58.964+0000] {logging_mixin.py:188} INFO - [2025-11-19T05:16:58.963+0000] {dag.py:3823} INFO - Setting next_dagrun for simple_etl_lineage to None, run_after=None
[2025-11-19T05:16:59.055+0000] {processor.py:183} INFO - Processing /opt/airflow/dags/etl_dag.py took 0.676 seconds
[2025-11-19T05:17:42.217+0000] {processor.py:161} INFO - Started process (PID=30848) to work on /opt/airflow/dags/etl_dag.py
[2025-11-19T05:17:42.219+0000] {processor.py:830} INFO - Processing file /opt/airflow/dags/etl_dag.py for tasks to queue
[2025-11-19T05:17:42.220+0000] {logging_mixin.py:188} INFO - [2025-11-19T05:17:42.220+0000] {dagbag.py:538} INFO - Filling up the DagBag from /opt/airflow/dags/etl_dag.py
[2025-11-19T05:17:42.275+0000] {processor.py:840} INFO - DAG(s) 'simple_etl_lineage' retrieved from /opt/airflow/dags/etl_dag.py
[2025-11-19T05:17:42.524+0000] {logging_mixin.py:188} INFO - [2025-11-19T05:17:42.523+0000] {dag.py:3036} INFO - Sync 1 DAGs
[2025-11-19T05:17:42.674+0000] {logging_mixin.py:188} INFO - [2025-11-19T05:17:42.655+0000] {dag.py:3823} INFO - Setting next_dagrun for simple_etl_lineage to None, run_after=None
[2025-11-19T05:17:42.782+0000] {processor.py:183} INFO - Processing /opt/airflow/dags/etl_dag.py took 0.580 seconds
[2025-11-19T05:18:34.357+0000] {processor.py:161} INFO - Started process (PID=30880) to work on /opt/airflow/dags/etl_dag.py
[2025-11-19T05:18:34.362+0000] {processor.py:830} INFO - Processing file /opt/airflow/dags/etl_dag.py for tasks to queue
[2025-11-19T05:18:34.365+0000] {logging_mixin.py:188} INFO - [2025-11-19T05:18:34.364+0000] {dagbag.py:538} INFO - Filling up the DagBag from /opt/airflow/dags/etl_dag.py
[2025-11-19T05:18:34.448+0000] {processor.py:840} INFO - DAG(s) 'simple_etl_lineage' retrieved from /opt/airflow/dags/etl_dag.py
[2025-11-19T05:18:34.608+0000] {logging_mixin.py:188} INFO - [2025-11-19T05:18:34.608+0000] {dag.py:3036} INFO - Sync 1 DAGs
[2025-11-19T05:18:34.645+0000] {logging_mixin.py:188} INFO - [2025-11-19T05:18:34.644+0000] {dag.py:3823} INFO - Setting next_dagrun for simple_etl_lineage to None, run_after=None
[2025-11-19T05:18:34.692+0000] {processor.py:183} INFO - Processing /opt/airflow/dags/etl_dag.py took 0.342 seconds
[2025-11-19T05:19:07.243+0000] {processor.py:161} INFO - Started process (PID=30908) to work on /opt/airflow/dags/etl_dag.py
[2025-11-19T05:19:07.263+0000] {processor.py:830} INFO - Processing file /opt/airflow/dags/etl_dag.py for tasks to queue
[2025-11-19T05:19:07.267+0000] {logging_mixin.py:188} INFO - [2025-11-19T05:19:07.266+0000] {dagbag.py:538} INFO - Filling up the DagBag from /opt/airflow/dags/etl_dag.py
[2025-11-19T05:19:07.617+0000] {processor.py:840} INFO - DAG(s) 'simple_etl_lineage' retrieved from /opt/airflow/dags/etl_dag.py
[2025-11-19T05:19:07.812+0000] {logging_mixin.py:188} INFO - [2025-11-19T05:19:07.812+0000] {dag.py:3036} INFO - Sync 1 DAGs
[2025-11-19T05:19:07.888+0000] {logging_mixin.py:188} INFO - [2025-11-19T05:19:07.881+0000] {dag.py:3823} INFO - Setting next_dagrun for simple_etl_lineage to None, run_after=None
[2025-11-19T05:19:08.017+0000] {processor.py:183} INFO - Processing /opt/airflow/dags/etl_dag.py took 0.782 seconds
[2025-11-19T05:19:39.892+0000] {processor.py:161} INFO - Started process (PID=30938) to work on /opt/airflow/dags/etl_dag.py
[2025-11-19T05:19:39.918+0000] {processor.py:830} INFO - Processing file /opt/airflow/dags/etl_dag.py for tasks to queue
[2025-11-19T05:19:39.921+0000] {logging_mixin.py:188} INFO - [2025-11-19T05:19:39.920+0000] {dagbag.py:538} INFO - Filling up the DagBag from /opt/airflow/dags/etl_dag.py
[2025-11-19T05:19:41.164+0000] {processor.py:840} INFO - DAG(s) 'simple_etl_lineage' retrieved from /opt/airflow/dags/etl_dag.py
[2025-11-19T05:19:41.425+0000] {logging_mixin.py:188} INFO - [2025-11-19T05:19:41.425+0000] {dag.py:3036} INFO - Sync 1 DAGs
[2025-11-19T05:19:41.570+0000] {logging_mixin.py:188} INFO - [2025-11-19T05:19:41.569+0000] {dag.py:3823} INFO - Setting next_dagrun for simple_etl_lineage to None, run_after=None
[2025-11-19T05:19:41.768+0000] {processor.py:183} INFO - Processing /opt/airflow/dags/etl_dag.py took 1.883 seconds
[2025-11-19T05:20:13.502+0000] {processor.py:161} INFO - Started process (PID=30970) to work on /opt/airflow/dags/etl_dag.py
[2025-11-19T05:20:13.512+0000] {processor.py:830} INFO - Processing file /opt/airflow/dags/etl_dag.py for tasks to queue
[2025-11-19T05:20:13.519+0000] {logging_mixin.py:188} INFO - [2025-11-19T05:20:13.518+0000] {dagbag.py:538} INFO - Filling up the DagBag from /opt/airflow/dags/etl_dag.py
[2025-11-19T05:20:13.925+0000] {processor.py:840} INFO - DAG(s) 'simple_etl_lineage' retrieved from /opt/airflow/dags/etl_dag.py
[2025-11-19T05:20:14.030+0000] {logging_mixin.py:188} INFO - [2025-11-19T05:20:14.029+0000] {dag.py:3036} INFO - Sync 1 DAGs
[2025-11-19T05:20:14.110+0000] {logging_mixin.py:188} INFO - [2025-11-19T05:20:14.109+0000] {dag.py:3823} INFO - Setting next_dagrun for simple_etl_lineage to None, run_after=None
[2025-11-19T05:20:14.191+0000] {processor.py:183} INFO - Processing /opt/airflow/dags/etl_dag.py took 0.694 seconds
[2025-11-19T05:20:47.076+0000] {processor.py:161} INFO - Started process (PID=30998) to work on /opt/airflow/dags/etl_dag.py
[2025-11-19T05:20:47.085+0000] {processor.py:830} INFO - Processing file /opt/airflow/dags/etl_dag.py for tasks to queue
[2025-11-19T05:20:47.089+0000] {logging_mixin.py:188} INFO - [2025-11-19T05:20:47.088+0000] {dagbag.py:538} INFO - Filling up the DagBag from /opt/airflow/dags/etl_dag.py
[2025-11-19T05:20:47.188+0000] {processor.py:840} INFO - DAG(s) 'simple_etl_lineage' retrieved from /opt/airflow/dags/etl_dag.py
[2025-11-19T05:20:47.304+0000] {logging_mixin.py:188} INFO - [2025-11-19T05:20:47.298+0000] {dag.py:3036} INFO - Sync 1 DAGs
[2025-11-19T05:20:47.333+0000] {logging_mixin.py:188} INFO - [2025-11-19T05:20:47.333+0000] {dag.py:3823} INFO - Setting next_dagrun for simple_etl_lineage to None, run_after=None
[2025-11-19T05:20:47.418+0000] {processor.py:183} INFO - Processing /opt/airflow/dags/etl_dag.py took 0.357 seconds
[2025-11-19T05:21:19.100+0000] {processor.py:161} INFO - Started process (PID=31028) to work on /opt/airflow/dags/etl_dag.py
[2025-11-19T05:21:19.111+0000] {processor.py:830} INFO - Processing file /opt/airflow/dags/etl_dag.py for tasks to queue
[2025-11-19T05:21:19.115+0000] {logging_mixin.py:188} INFO - [2025-11-19T05:21:19.114+0000] {dagbag.py:538} INFO - Filling up the DagBag from /opt/airflow/dags/etl_dag.py
[2025-11-19T05:21:19.370+0000] {processor.py:840} INFO - DAG(s) 'simple_etl_lineage' retrieved from /opt/airflow/dags/etl_dag.py
[2025-11-19T05:21:19.510+0000] {logging_mixin.py:188} INFO - [2025-11-19T05:21:19.510+0000] {dag.py:3036} INFO - Sync 1 DAGs
[2025-11-19T05:21:19.549+0000] {logging_mixin.py:188} INFO - [2025-11-19T05:21:19.549+0000] {dag.py:3823} INFO - Setting next_dagrun for simple_etl_lineage to None, run_after=None
[2025-11-19T05:21:19.650+0000] {processor.py:183} INFO - Processing /opt/airflow/dags/etl_dag.py took 0.555 seconds
[2025-11-19T05:21:55.292+0000] {processor.py:161} INFO - Started process (PID=31060) to work on /opt/airflow/dags/etl_dag.py
[2025-11-19T05:21:55.295+0000] {processor.py:830} INFO - Processing file /opt/airflow/dags/etl_dag.py for tasks to queue
[2025-11-19T05:21:55.312+0000] {logging_mixin.py:188} INFO - [2025-11-19T05:21:55.311+0000] {dagbag.py:538} INFO - Filling up the DagBag from /opt/airflow/dags/etl_dag.py
[2025-11-19T05:21:55.357+0000] {processor.py:840} INFO - DAG(s) 'simple_etl_lineage' retrieved from /opt/airflow/dags/etl_dag.py
[2025-11-19T05:21:55.458+0000] {logging_mixin.py:188} INFO - [2025-11-19T05:21:55.458+0000] {dag.py:3036} INFO - Sync 1 DAGs
[2025-11-19T05:21:55.499+0000] {logging_mixin.py:188} INFO - [2025-11-19T05:21:55.498+0000] {dag.py:3823} INFO - Setting next_dagrun for simple_etl_lineage to None, run_after=None
[2025-11-19T05:21:55.581+0000] {processor.py:183} INFO - Processing /opt/airflow/dags/etl_dag.py took 0.295 seconds
[2025-11-19T05:22:26.104+0000] {processor.py:161} INFO - Started process (PID=31090) to work on /opt/airflow/dags/etl_dag.py
[2025-11-19T05:22:26.112+0000] {processor.py:830} INFO - Processing file /opt/airflow/dags/etl_dag.py for tasks to queue
[2025-11-19T05:22:26.114+0000] {logging_mixin.py:188} INFO - [2025-11-19T05:22:26.114+0000] {dagbag.py:538} INFO - Filling up the DagBag from /opt/airflow/dags/etl_dag.py
[2025-11-19T05:22:26.203+0000] {processor.py:840} INFO - DAG(s) 'simple_etl_lineage' retrieved from /opt/airflow/dags/etl_dag.py
[2025-11-19T05:22:26.279+0000] {logging_mixin.py:188} INFO - [2025-11-19T05:22:26.279+0000] {dag.py:3036} INFO - Sync 1 DAGs
[2025-11-19T05:22:26.313+0000] {logging_mixin.py:188} INFO - [2025-11-19T05:22:26.313+0000] {dag.py:3823} INFO - Setting next_dagrun for simple_etl_lineage to None, run_after=None
[2025-11-19T05:22:26.419+0000] {processor.py:183} INFO - Processing /opt/airflow/dags/etl_dag.py took 0.320 seconds
[2025-11-19T05:22:57.251+0000] {processor.py:161} INFO - Started process (PID=31120) to work on /opt/airflow/dags/etl_dag.py
[2025-11-19T05:22:57.252+0000] {processor.py:830} INFO - Processing file /opt/airflow/dags/etl_dag.py for tasks to queue
[2025-11-19T05:22:57.254+0000] {logging_mixin.py:188} INFO - [2025-11-19T05:22:57.254+0000] {dagbag.py:538} INFO - Filling up the DagBag from /opt/airflow/dags/etl_dag.py
[2025-11-19T05:22:57.288+0000] {processor.py:840} INFO - DAG(s) 'simple_etl_lineage' retrieved from /opt/airflow/dags/etl_dag.py
[2025-11-19T05:22:57.364+0000] {logging_mixin.py:188} INFO - [2025-11-19T05:22:57.363+0000] {dag.py:3036} INFO - Sync 1 DAGs
[2025-11-19T05:22:57.389+0000] {logging_mixin.py:188} INFO - [2025-11-19T05:22:57.388+0000] {dag.py:3823} INFO - Setting next_dagrun for simple_etl_lineage to None, run_after=None
[2025-11-19T05:22:57.446+0000] {processor.py:183} INFO - Processing /opt/airflow/dags/etl_dag.py took 0.200 seconds
[2025-11-19T05:23:27.969+0000] {processor.py:161} INFO - Started process (PID=31148) to work on /opt/airflow/dags/etl_dag.py
[2025-11-19T05:23:27.975+0000] {processor.py:830} INFO - Processing file /opt/airflow/dags/etl_dag.py for tasks to queue
[2025-11-19T05:23:27.993+0000] {logging_mixin.py:188} INFO - [2025-11-19T05:23:27.993+0000] {dagbag.py:538} INFO - Filling up the DagBag from /opt/airflow/dags/etl_dag.py
[2025-11-19T05:23:28.176+0000] {processor.py:840} INFO - DAG(s) 'simple_etl_lineage' retrieved from /opt/airflow/dags/etl_dag.py
[2025-11-19T05:23:28.293+0000] {logging_mixin.py:188} INFO - [2025-11-19T05:23:28.284+0000] {dag.py:3036} INFO - Sync 1 DAGs
[2025-11-19T05:23:28.332+0000] {logging_mixin.py:188} INFO - [2025-11-19T05:23:28.331+0000] {dag.py:3823} INFO - Setting next_dagrun for simple_etl_lineage to None, run_after=None
[2025-11-19T05:23:28.409+0000] {processor.py:183} INFO - Processing /opt/airflow/dags/etl_dag.py took 0.449 seconds
[2025-11-19T05:23:58.854+0000] {processor.py:161} INFO - Started process (PID=31178) to work on /opt/airflow/dags/etl_dag.py
[2025-11-19T05:23:58.857+0000] {processor.py:830} INFO - Processing file /opt/airflow/dags/etl_dag.py for tasks to queue
[2025-11-19T05:23:58.862+0000] {logging_mixin.py:188} INFO - [2025-11-19T05:23:58.862+0000] {dagbag.py:538} INFO - Filling up the DagBag from /opt/airflow/dags/etl_dag.py
[2025-11-19T05:23:58.953+0000] {processor.py:840} INFO - DAG(s) 'simple_etl_lineage' retrieved from /opt/airflow/dags/etl_dag.py
[2025-11-19T05:23:59.081+0000] {logging_mixin.py:188} INFO - [2025-11-19T05:23:59.080+0000] {dag.py:3036} INFO - Sync 1 DAGs
[2025-11-19T05:23:59.125+0000] {logging_mixin.py:188} INFO - [2025-11-19T05:23:59.124+0000] {dag.py:3823} INFO - Setting next_dagrun for simple_etl_lineage to None, run_after=None
[2025-11-19T05:23:59.228+0000] {processor.py:183} INFO - Processing /opt/airflow/dags/etl_dag.py took 0.380 seconds
[2025-11-19T05:24:30.220+0000] {processor.py:161} INFO - Started process (PID=31208) to work on /opt/airflow/dags/etl_dag.py
[2025-11-19T05:24:30.221+0000] {processor.py:830} INFO - Processing file /opt/airflow/dags/etl_dag.py for tasks to queue
[2025-11-19T05:24:30.223+0000] {logging_mixin.py:188} INFO - [2025-11-19T05:24:30.222+0000] {dagbag.py:538} INFO - Filling up the DagBag from /opt/airflow/dags/etl_dag.py
[2025-11-19T05:24:30.248+0000] {processor.py:840} INFO - DAG(s) 'simple_etl_lineage' retrieved from /opt/airflow/dags/etl_dag.py
[2025-11-19T05:24:30.287+0000] {logging_mixin.py:188} INFO - [2025-11-19T05:24:30.287+0000] {dag.py:3036} INFO - Sync 1 DAGs
[2025-11-19T05:24:30.305+0000] {logging_mixin.py:188} INFO - [2025-11-19T05:24:30.304+0000] {dag.py:3823} INFO - Setting next_dagrun for simple_etl_lineage to None, run_after=None
[2025-11-19T05:24:30.346+0000] {processor.py:183} INFO - Processing /opt/airflow/dags/etl_dag.py took 0.130 seconds
[2025-11-19T05:25:00.497+0000] {processor.py:161} INFO - Started process (PID=31238) to work on /opt/airflow/dags/etl_dag.py
[2025-11-19T05:25:00.499+0000] {processor.py:830} INFO - Processing file /opt/airflow/dags/etl_dag.py for tasks to queue
[2025-11-19T05:25:00.500+0000] {logging_mixin.py:188} INFO - [2025-11-19T05:25:00.500+0000] {dagbag.py:538} INFO - Filling up the DagBag from /opt/airflow/dags/etl_dag.py
[2025-11-19T05:25:00.531+0000] {processor.py:840} INFO - DAG(s) 'simple_etl_lineage' retrieved from /opt/airflow/dags/etl_dag.py
[2025-11-19T05:25:00.578+0000] {logging_mixin.py:188} INFO - [2025-11-19T05:25:00.578+0000] {dag.py:3036} INFO - Sync 1 DAGs
[2025-11-19T05:25:00.593+0000] {logging_mixin.py:188} INFO - [2025-11-19T05:25:00.592+0000] {dag.py:3823} INFO - Setting next_dagrun for simple_etl_lineage to None, run_after=None
[2025-11-19T05:25:00.629+0000] {processor.py:183} INFO - Processing /opt/airflow/dags/etl_dag.py took 0.136 seconds
[2025-11-19T05:25:32.407+0000] {processor.py:161} INFO - Started process (PID=31268) to work on /opt/airflow/dags/etl_dag.py
[2025-11-19T05:25:32.411+0000] {processor.py:830} INFO - Processing file /opt/airflow/dags/etl_dag.py for tasks to queue
[2025-11-19T05:25:32.413+0000] {logging_mixin.py:188} INFO - [2025-11-19T05:25:32.412+0000] {dagbag.py:538} INFO - Filling up the DagBag from /opt/airflow/dags/etl_dag.py
[2025-11-19T05:25:32.468+0000] {processor.py:840} INFO - DAG(s) 'simple_etl_lineage' retrieved from /opt/airflow/dags/etl_dag.py
[2025-11-19T05:25:32.540+0000] {logging_mixin.py:188} INFO - [2025-11-19T05:25:32.540+0000] {dag.py:3036} INFO - Sync 1 DAGs
[2025-11-19T05:25:32.587+0000] {logging_mixin.py:188} INFO - [2025-11-19T05:25:32.587+0000] {dag.py:3823} INFO - Setting next_dagrun for simple_etl_lineage to None, run_after=None
[2025-11-19T05:25:32.671+0000] {processor.py:183} INFO - Processing /opt/airflow/dags/etl_dag.py took 0.270 seconds
[2025-11-19T05:26:04.879+0000] {processor.py:161} INFO - Started process (PID=31300) to work on /opt/airflow/dags/etl_dag.py
[2025-11-19T05:26:04.891+0000] {processor.py:830} INFO - Processing file /opt/airflow/dags/etl_dag.py for tasks to queue
[2025-11-19T05:26:04.912+0000] {logging_mixin.py:188} INFO - [2025-11-19T05:26:04.911+0000] {dagbag.py:538} INFO - Filling up the DagBag from /opt/airflow/dags/etl_dag.py
[2025-11-19T05:26:05.216+0000] {processor.py:840} INFO - DAG(s) 'simple_etl_lineage' retrieved from /opt/airflow/dags/etl_dag.py
[2025-11-19T05:26:05.391+0000] {logging_mixin.py:188} INFO - [2025-11-19T05:26:05.391+0000] {dag.py:3036} INFO - Sync 1 DAGs
[2025-11-19T05:26:05.464+0000] {logging_mixin.py:188} INFO - [2025-11-19T05:26:05.458+0000] {dag.py:3823} INFO - Setting next_dagrun for simple_etl_lineage to None, run_after=None
[2025-11-19T05:26:05.617+0000] {processor.py:183} INFO - Processing /opt/airflow/dags/etl_dag.py took 0.755 seconds
[2025-11-19T05:26:43.941+0000] {processor.py:161} INFO - Started process (PID=31328) to work on /opt/airflow/dags/etl_dag.py
[2025-11-19T05:26:43.965+0000] {processor.py:830} INFO - Processing file /opt/airflow/dags/etl_dag.py for tasks to queue
[2025-11-19T05:26:43.990+0000] {logging_mixin.py:188} INFO - [2025-11-19T05:26:43.989+0000] {dagbag.py:538} INFO - Filling up the DagBag from /opt/airflow/dags/etl_dag.py
[2025-11-19T05:26:47.115+0000] {processor.py:840} INFO - DAG(s) 'simple_etl_lineage' retrieved from /opt/airflow/dags/etl_dag.py
[2025-11-19T05:26:48.062+0000] {logging_mixin.py:188} INFO - [2025-11-19T05:26:48.062+0000] {dag.py:3036} INFO - Sync 1 DAGs
[2025-11-19T05:26:48.604+0000] {logging_mixin.py:188} INFO - [2025-11-19T05:26:48.603+0000] {dag.py:3823} INFO - Setting next_dagrun for simple_etl_lineage to None, run_after=None
[2025-11-19T05:26:48.894+0000] {processor.py:183} INFO - Processing /opt/airflow/dags/etl_dag.py took 4.958 seconds
[2025-11-19T05:27:44.368+0000] {processor.py:161} INFO - Started process (PID=31358) to work on /opt/airflow/dags/etl_dag.py
[2025-11-19T05:27:44.372+0000] {processor.py:830} INFO - Processing file /opt/airflow/dags/etl_dag.py for tasks to queue
[2025-11-19T05:27:44.375+0000] {logging_mixin.py:188} INFO - [2025-11-19T05:27:44.374+0000] {dagbag.py:538} INFO - Filling up the DagBag from /opt/airflow/dags/etl_dag.py
[2025-11-19T05:27:48.068+0000] {processor.py:840} INFO - DAG(s) 'simple_etl_lineage' retrieved from /opt/airflow/dags/etl_dag.py
[2025-11-19T05:27:49.125+0000] {logging_mixin.py:188} INFO - [2025-11-19T05:27:49.124+0000] {dag.py:3036} INFO - Sync 1 DAGs
[2025-11-19T05:27:49.321+0000] {logging_mixin.py:188} INFO - [2025-11-19T05:27:49.312+0000] {dag.py:3823} INFO - Setting next_dagrun for simple_etl_lineage to None, run_after=None
[2025-11-19T05:27:49.497+0000] {processor.py:183} INFO - Processing /opt/airflow/dags/etl_dag.py took 5.134 seconds
[2025-11-19T05:28:19.837+0000] {processor.py:161} INFO - Started process (PID=31390) to work on /opt/airflow/dags/etl_dag.py
[2025-11-19T05:28:19.839+0000] {processor.py:830} INFO - Processing file /opt/airflow/dags/etl_dag.py for tasks to queue
[2025-11-19T05:28:19.841+0000] {logging_mixin.py:188} INFO - [2025-11-19T05:28:19.841+0000] {dagbag.py:538} INFO - Filling up the DagBag from /opt/airflow/dags/etl_dag.py
[2025-11-19T05:28:19.869+0000] {processor.py:840} INFO - DAG(s) 'simple_etl_lineage' retrieved from /opt/airflow/dags/etl_dag.py
[2025-11-19T05:28:19.966+0000] {logging_mixin.py:188} INFO - [2025-11-19T05:28:19.966+0000] {dag.py:3036} INFO - Sync 1 DAGs
[2025-11-19T05:28:20.013+0000] {logging_mixin.py:188} INFO - [2025-11-19T05:28:20.013+0000] {dag.py:3823} INFO - Setting next_dagrun for simple_etl_lineage to None, run_after=None
[2025-11-19T05:28:20.070+0000] {processor.py:183} INFO - Processing /opt/airflow/dags/etl_dag.py took 0.242 seconds
[2025-11-19T05:28:55.195+0000] {processor.py:161} INFO - Started process (PID=31418) to work on /opt/airflow/dags/etl_dag.py
[2025-11-19T05:28:55.208+0000] {processor.py:830} INFO - Processing file /opt/airflow/dags/etl_dag.py for tasks to queue
[2025-11-19T05:28:55.229+0000] {logging_mixin.py:188} INFO - [2025-11-19T05:28:55.226+0000] {dagbag.py:538} INFO - Filling up the DagBag from /opt/airflow/dags/etl_dag.py
[2025-11-19T05:28:56.485+0000] {processor.py:840} INFO - DAG(s) 'simple_etl_lineage' retrieved from /opt/airflow/dags/etl_dag.py
[2025-11-19T05:28:56.901+0000] {logging_mixin.py:188} INFO - [2025-11-19T05:28:56.900+0000] {dag.py:3036} INFO - Sync 1 DAGs
[2025-11-19T05:28:56.999+0000] {logging_mixin.py:188} INFO - [2025-11-19T05:28:56.999+0000] {dag.py:3823} INFO - Setting next_dagrun for simple_etl_lineage to None, run_after=None
[2025-11-19T05:28:57.138+0000] {processor.py:183} INFO - Processing /opt/airflow/dags/etl_dag.py took 1.950 seconds
[2025-11-19T05:29:28.189+0000] {processor.py:161} INFO - Started process (PID=31450) to work on /opt/airflow/dags/etl_dag.py
[2025-11-19T05:29:28.191+0000] {processor.py:830} INFO - Processing file /opt/airflow/dags/etl_dag.py for tasks to queue
[2025-11-19T05:29:28.193+0000] {logging_mixin.py:188} INFO - [2025-11-19T05:29:28.192+0000] {dagbag.py:538} INFO - Filling up the DagBag from /opt/airflow/dags/etl_dag.py
[2025-11-19T05:29:28.213+0000] {processor.py:840} INFO - DAG(s) 'simple_etl_lineage' retrieved from /opt/airflow/dags/etl_dag.py
[2025-11-19T05:29:28.279+0000] {logging_mixin.py:188} INFO - [2025-11-19T05:29:28.279+0000] {dag.py:3036} INFO - Sync 1 DAGs
[2025-11-19T05:29:28.304+0000] {logging_mixin.py:188} INFO - [2025-11-19T05:29:28.304+0000] {dag.py:3823} INFO - Setting next_dagrun for simple_etl_lineage to None, run_after=None
[2025-11-19T05:29:28.351+0000] {processor.py:183} INFO - Processing /opt/airflow/dags/etl_dag.py took 0.166 seconds
[2025-11-19T05:29:59.328+0000] {processor.py:161} INFO - Started process (PID=31478) to work on /opt/airflow/dags/etl_dag.py
[2025-11-19T05:29:59.334+0000] {processor.py:830} INFO - Processing file /opt/airflow/dags/etl_dag.py for tasks to queue
[2025-11-19T05:29:59.336+0000] {logging_mixin.py:188} INFO - [2025-11-19T05:29:59.336+0000] {dagbag.py:538} INFO - Filling up the DagBag from /opt/airflow/dags/etl_dag.py
[2025-11-19T05:29:59.391+0000] {processor.py:840} INFO - DAG(s) 'simple_etl_lineage' retrieved from /opt/airflow/dags/etl_dag.py
[2025-11-19T05:29:59.548+0000] {logging_mixin.py:188} INFO - [2025-11-19T05:29:59.548+0000] {dag.py:3036} INFO - Sync 1 DAGs
[2025-11-19T05:29:59.757+0000] {logging_mixin.py:188} INFO - [2025-11-19T05:29:59.756+0000] {dag.py:3823} INFO - Setting next_dagrun for simple_etl_lineage to None, run_after=None
[2025-11-19T05:29:59.899+0000] {processor.py:183} INFO - Processing /opt/airflow/dags/etl_dag.py took 0.576 seconds
[2025-11-19T05:30:30.381+0000] {processor.py:161} INFO - Started process (PID=31508) to work on /opt/airflow/dags/etl_dag.py
[2025-11-19T05:30:30.383+0000] {processor.py:830} INFO - Processing file /opt/airflow/dags/etl_dag.py for tasks to queue
[2025-11-19T05:30:30.385+0000] {logging_mixin.py:188} INFO - [2025-11-19T05:30:30.384+0000] {dagbag.py:538} INFO - Filling up the DagBag from /opt/airflow/dags/etl_dag.py
[2025-11-19T05:30:30.408+0000] {processor.py:840} INFO - DAG(s) 'simple_etl_lineage' retrieved from /opt/airflow/dags/etl_dag.py
[2025-11-19T05:30:30.449+0000] {logging_mixin.py:188} INFO - [2025-11-19T05:30:30.449+0000] {dag.py:3036} INFO - Sync 1 DAGs
[2025-11-19T05:30:30.465+0000] {logging_mixin.py:188} INFO - [2025-11-19T05:30:30.464+0000] {dag.py:3823} INFO - Setting next_dagrun for simple_etl_lineage to None, run_after=None
[2025-11-19T05:30:30.488+0000] {processor.py:183} INFO - Processing /opt/airflow/dags/etl_dag.py took 0.111 seconds
[2025-11-19T05:31:01.299+0000] {processor.py:161} INFO - Started process (PID=31538) to work on /opt/airflow/dags/etl_dag.py
[2025-11-19T05:31:01.301+0000] {processor.py:830} INFO - Processing file /opt/airflow/dags/etl_dag.py for tasks to queue
[2025-11-19T05:31:01.303+0000] {logging_mixin.py:188} INFO - [2025-11-19T05:31:01.302+0000] {dagbag.py:538} INFO - Filling up the DagBag from /opt/airflow/dags/etl_dag.py
[2025-11-19T05:31:01.318+0000] {processor.py:840} INFO - DAG(s) 'simple_etl_lineage' retrieved from /opt/airflow/dags/etl_dag.py
[2025-11-19T05:31:01.414+0000] {logging_mixin.py:188} INFO - [2025-11-19T05:31:01.413+0000] {dag.py:3036} INFO - Sync 1 DAGs
[2025-11-19T05:31:01.448+0000] {logging_mixin.py:188} INFO - [2025-11-19T05:31:01.448+0000] {dag.py:3823} INFO - Setting next_dagrun for simple_etl_lineage to None, run_after=None
[2025-11-19T05:31:01.475+0000] {processor.py:183} INFO - Processing /opt/airflow/dags/etl_dag.py took 0.180 seconds
[2025-11-19T05:31:31.928+0000] {processor.py:161} INFO - Started process (PID=31568) to work on /opt/airflow/dags/etl_dag.py
[2025-11-19T05:31:31.929+0000] {processor.py:830} INFO - Processing file /opt/airflow/dags/etl_dag.py for tasks to queue
[2025-11-19T05:31:31.931+0000] {logging_mixin.py:188} INFO - [2025-11-19T05:31:31.930+0000] {dagbag.py:538} INFO - Filling up the DagBag from /opt/airflow/dags/etl_dag.py
[2025-11-19T05:31:31.949+0000] {processor.py:840} INFO - DAG(s) 'simple_etl_lineage' retrieved from /opt/airflow/dags/etl_dag.py
[2025-11-19T05:31:31.986+0000] {logging_mixin.py:188} INFO - [2025-11-19T05:31:31.986+0000] {dag.py:3036} INFO - Sync 1 DAGs
[2025-11-19T05:31:32.004+0000] {logging_mixin.py:188} INFO - [2025-11-19T05:31:32.003+0000] {dag.py:3823} INFO - Setting next_dagrun for simple_etl_lineage to None, run_after=None
[2025-11-19T05:31:32.030+0000] {processor.py:183} INFO - Processing /opt/airflow/dags/etl_dag.py took 0.106 seconds
[2025-11-19T05:32:02.587+0000] {processor.py:161} INFO - Started process (PID=31598) to work on /opt/airflow/dags/etl_dag.py
[2025-11-19T05:32:02.612+0000] {processor.py:830} INFO - Processing file /opt/airflow/dags/etl_dag.py for tasks to queue
[2025-11-19T05:32:02.638+0000] {logging_mixin.py:188} INFO - [2025-11-19T05:32:02.631+0000] {dagbag.py:538} INFO - Filling up the DagBag from /opt/airflow/dags/etl_dag.py
[2025-11-19T05:32:03.604+0000] {processor.py:840} INFO - DAG(s) 'simple_etl_lineage' retrieved from /opt/airflow/dags/etl_dag.py
[2025-11-19T05:32:04.830+0000] {logging_mixin.py:188} INFO - [2025-11-19T05:32:04.830+0000] {dag.py:3036} INFO - Sync 1 DAGs
[2025-11-19T05:32:05.016+0000] {logging_mixin.py:188} INFO - [2025-11-19T05:32:05.016+0000] {dag.py:3823} INFO - Setting next_dagrun for simple_etl_lineage to None, run_after=None
[2025-11-19T05:32:05.350+0000] {processor.py:183} INFO - Processing /opt/airflow/dags/etl_dag.py took 2.768 seconds
[2025-11-19T05:32:39.569+0000] {processor.py:161} INFO - Started process (PID=31628) to work on /opt/airflow/dags/etl_dag.py
[2025-11-19T05:32:39.620+0000] {processor.py:830} INFO - Processing file /opt/airflow/dags/etl_dag.py for tasks to queue
[2025-11-19T05:32:39.636+0000] {logging_mixin.py:188} INFO - [2025-11-19T05:32:39.635+0000] {dagbag.py:538} INFO - Filling up the DagBag from /opt/airflow/dags/etl_dag.py
[2025-11-19T05:32:40.246+0000] {processor.py:840} INFO - DAG(s) 'simple_etl_lineage' retrieved from /opt/airflow/dags/etl_dag.py
[2025-11-19T05:32:41.413+0000] {logging_mixin.py:188} INFO - [2025-11-19T05:32:41.412+0000] {dag.py:3036} INFO - Sync 1 DAGs
[2025-11-19T05:32:41.650+0000] {logging_mixin.py:188} INFO - [2025-11-19T05:32:41.649+0000] {dag.py:3823} INFO - Setting next_dagrun for simple_etl_lineage to None, run_after=None
[2025-11-19T05:32:42.069+0000] {processor.py:183} INFO - Processing /opt/airflow/dags/etl_dag.py took 2.553 seconds
[2025-11-19T05:34:06.482+0000] {processor.py:161} INFO - Started process (PID=31668) to work on /opt/airflow/dags/etl_dag.py
[2025-11-19T05:34:06.487+0000] {processor.py:830} INFO - Processing file /opt/airflow/dags/etl_dag.py for tasks to queue
[2025-11-19T05:34:06.496+0000] {logging_mixin.py:188} INFO - [2025-11-19T05:34:06.495+0000] {dagbag.py:538} INFO - Filling up the DagBag from /opt/airflow/dags/etl_dag.py
[2025-11-19T05:34:06.602+0000] {processor.py:840} INFO - DAG(s) 'simple_etl_lineage' retrieved from /opt/airflow/dags/etl_dag.py
[2025-11-19T05:34:06.753+0000] {logging_mixin.py:188} INFO - [2025-11-19T05:34:06.753+0000] {dag.py:3036} INFO - Sync 1 DAGs
[2025-11-19T05:34:06.884+0000] {logging_mixin.py:188} INFO - [2025-11-19T05:34:06.872+0000] {dag.py:3823} INFO - Setting next_dagrun for simple_etl_lineage to None, run_after=None
[2025-11-19T05:34:06.963+0000] {processor.py:183} INFO - Processing /opt/airflow/dags/etl_dag.py took 0.486 seconds
[2025-11-19T05:34:38.177+0000] {processor.py:161} INFO - Started process (PID=31703) to work on /opt/airflow/dags/etl_dag.py
[2025-11-19T05:34:38.179+0000] {processor.py:830} INFO - Processing file /opt/airflow/dags/etl_dag.py for tasks to queue
[2025-11-19T05:34:38.181+0000] {logging_mixin.py:188} INFO - [2025-11-19T05:34:38.181+0000] {dagbag.py:538} INFO - Filling up the DagBag from /opt/airflow/dags/etl_dag.py
[2025-11-19T05:34:38.219+0000] {processor.py:840} INFO - DAG(s) 'simple_etl_lineage' retrieved from /opt/airflow/dags/etl_dag.py
[2025-11-19T05:34:38.320+0000] {logging_mixin.py:188} INFO - [2025-11-19T05:34:38.320+0000] {dag.py:3036} INFO - Sync 1 DAGs
[2025-11-19T05:34:38.369+0000] {logging_mixin.py:188} INFO - [2025-11-19T05:34:38.369+0000] {dag.py:3823} INFO - Setting next_dagrun for simple_etl_lineage to None, run_after=None
[2025-11-19T05:34:38.476+0000] {processor.py:183} INFO - Processing /opt/airflow/dags/etl_dag.py took 0.306 seconds
[2025-11-19T05:35:08.870+0000] {processor.py:161} INFO - Started process (PID=31735) to work on /opt/airflow/dags/etl_dag.py
[2025-11-19T05:35:08.872+0000] {processor.py:830} INFO - Processing file /opt/airflow/dags/etl_dag.py for tasks to queue
[2025-11-19T05:35:08.873+0000] {logging_mixin.py:188} INFO - [2025-11-19T05:35:08.873+0000] {dagbag.py:538} INFO - Filling up the DagBag from /opt/airflow/dags/etl_dag.py
[2025-11-19T05:35:08.895+0000] {processor.py:840} INFO - DAG(s) 'simple_etl_lineage' retrieved from /opt/airflow/dags/etl_dag.py
[2025-11-19T05:35:08.950+0000] {logging_mixin.py:188} INFO - [2025-11-19T05:35:08.950+0000] {dag.py:3036} INFO - Sync 1 DAGs
[2025-11-19T05:35:08.971+0000] {logging_mixin.py:188} INFO - [2025-11-19T05:35:08.969+0000] {dag.py:3823} INFO - Setting next_dagrun for simple_etl_lineage to None, run_after=None
[2025-11-19T05:35:08.995+0000] {processor.py:183} INFO - Processing /opt/airflow/dags/etl_dag.py took 0.133 seconds
[2025-11-19T05:35:39.755+0000] {processor.py:161} INFO - Started process (PID=31768) to work on /opt/airflow/dags/etl_dag.py
[2025-11-19T05:35:39.759+0000] {processor.py:830} INFO - Processing file /opt/airflow/dags/etl_dag.py for tasks to queue
[2025-11-19T05:35:39.761+0000] {logging_mixin.py:188} INFO - [2025-11-19T05:35:39.760+0000] {dagbag.py:538} INFO - Filling up the DagBag from /opt/airflow/dags/etl_dag.py
[2025-11-19T05:35:39.786+0000] {processor.py:840} INFO - DAG(s) 'simple_etl_lineage' retrieved from /opt/airflow/dags/etl_dag.py
[2025-11-19T05:35:39.839+0000] {logging_mixin.py:188} INFO - [2025-11-19T05:35:39.839+0000] {dag.py:3036} INFO - Sync 1 DAGs
[2025-11-19T05:35:39.866+0000] {logging_mixin.py:188} INFO - [2025-11-19T05:35:39.866+0000] {dag.py:3823} INFO - Setting next_dagrun for simple_etl_lineage to None, run_after=None
[2025-11-19T05:35:39.903+0000] {processor.py:183} INFO - Processing /opt/airflow/dags/etl_dag.py took 0.155 seconds
[2025-11-19T05:36:11.335+0000] {processor.py:161} INFO - Started process (PID=31798) to work on /opt/airflow/dags/etl_dag.py
[2025-11-19T05:36:11.338+0000] {processor.py:830} INFO - Processing file /opt/airflow/dags/etl_dag.py for tasks to queue
[2025-11-19T05:36:11.340+0000] {logging_mixin.py:188} INFO - [2025-11-19T05:36:11.339+0000] {dagbag.py:538} INFO - Filling up the DagBag from /opt/airflow/dags/etl_dag.py
[2025-11-19T05:36:11.418+0000] {processor.py:840} INFO - DAG(s) 'simple_etl_lineage' retrieved from /opt/airflow/dags/etl_dag.py
[2025-11-19T05:36:11.552+0000] {logging_mixin.py:188} INFO - [2025-11-19T05:36:11.552+0000] {dag.py:3036} INFO - Sync 1 DAGs
[2025-11-19T05:36:11.608+0000] {logging_mixin.py:188} INFO - [2025-11-19T05:36:11.607+0000] {dag.py:3823} INFO - Setting next_dagrun for simple_etl_lineage to None, run_after=None
[2025-11-19T05:36:11.679+0000] {processor.py:183} INFO - Processing /opt/airflow/dags/etl_dag.py took 0.354 seconds
[2025-11-19T05:36:42.260+0000] {processor.py:161} INFO - Started process (PID=31830) to work on /opt/airflow/dags/etl_dag.py
[2025-11-19T05:36:42.268+0000] {processor.py:830} INFO - Processing file /opt/airflow/dags/etl_dag.py for tasks to queue
[2025-11-19T05:36:42.274+0000] {logging_mixin.py:188} INFO - [2025-11-19T05:36:42.273+0000] {dagbag.py:538} INFO - Filling up the DagBag from /opt/airflow/dags/etl_dag.py
[2025-11-19T05:36:42.297+0000] {processor.py:840} INFO - DAG(s) 'simple_etl_lineage' retrieved from /opt/airflow/dags/etl_dag.py
[2025-11-19T05:36:42.335+0000] {logging_mixin.py:188} INFO - [2025-11-19T05:36:42.335+0000] {dag.py:3036} INFO - Sync 1 DAGs
[2025-11-19T05:36:42.351+0000] {logging_mixin.py:188} INFO - [2025-11-19T05:36:42.350+0000] {dag.py:3823} INFO - Setting next_dagrun for simple_etl_lineage to None, run_after=None
[2025-11-19T05:36:42.379+0000] {processor.py:183} INFO - Processing /opt/airflow/dags/etl_dag.py took 0.129 seconds
[2025-11-19T05:37:12.975+0000] {processor.py:161} INFO - Started process (PID=31860) to work on /opt/airflow/dags/etl_dag.py
[2025-11-19T05:37:12.978+0000] {processor.py:830} INFO - Processing file /opt/airflow/dags/etl_dag.py for tasks to queue
[2025-11-19T05:37:12.980+0000] {logging_mixin.py:188} INFO - [2025-11-19T05:37:12.980+0000] {dagbag.py:538} INFO - Filling up the DagBag from /opt/airflow/dags/etl_dag.py
[2025-11-19T05:37:13.008+0000] {processor.py:840} INFO - DAG(s) 'simple_etl_lineage' retrieved from /opt/airflow/dags/etl_dag.py
[2025-11-19T05:37:13.056+0000] {logging_mixin.py:188} INFO - [2025-11-19T05:37:13.055+0000] {dag.py:3036} INFO - Sync 1 DAGs
[2025-11-19T05:37:13.068+0000] {logging_mixin.py:188} INFO - [2025-11-19T05:37:13.068+0000] {dag.py:3823} INFO - Setting next_dagrun for simple_etl_lineage to None, run_after=None
[2025-11-19T05:37:13.094+0000] {processor.py:183} INFO - Processing /opt/airflow/dags/etl_dag.py took 0.125 seconds
[2025-11-19T05:37:57.460+0000] {processor.py:161} INFO - Started process (PID=31890) to work on /opt/airflow/dags/etl_dag.py
[2025-11-19T05:37:57.462+0000] {processor.py:830} INFO - Processing file /opt/airflow/dags/etl_dag.py for tasks to queue
[2025-11-19T05:37:57.464+0000] {logging_mixin.py:188} INFO - [2025-11-19T05:37:57.464+0000] {dagbag.py:538} INFO - Filling up the DagBag from /opt/airflow/dags/etl_dag.py
[2025-11-19T05:37:57.491+0000] {processor.py:840} INFO - DAG(s) 'simple_etl_lineage' retrieved from /opt/airflow/dags/etl_dag.py
[2025-11-19T05:37:57.592+0000] {logging_mixin.py:188} INFO - [2025-11-19T05:37:57.592+0000] {dag.py:3036} INFO - Sync 1 DAGs
[2025-11-19T05:37:57.645+0000] {logging_mixin.py:188} INFO - [2025-11-19T05:37:57.644+0000] {dag.py:3823} INFO - Setting next_dagrun for simple_etl_lineage to None, run_after=None
[2025-11-19T05:37:57.721+0000] {processor.py:183} INFO - Processing /opt/airflow/dags/etl_dag.py took 0.268 seconds
[2025-11-19T05:38:33.828+0000] {processor.py:161} INFO - Started process (PID=31918) to work on /opt/airflow/dags/etl_dag.py
[2025-11-19T05:38:33.840+0000] {processor.py:830} INFO - Processing file /opt/airflow/dags/etl_dag.py for tasks to queue
[2025-11-19T05:38:33.843+0000] {logging_mixin.py:188} INFO - [2025-11-19T05:38:33.842+0000] {dagbag.py:538} INFO - Filling up the DagBag from /opt/airflow/dags/etl_dag.py
[2025-11-19T05:38:33.880+0000] {processor.py:840} INFO - DAG(s) 'simple_etl_lineage' retrieved from /opt/airflow/dags/etl_dag.py
[2025-11-19T05:38:33.994+0000] {logging_mixin.py:188} INFO - [2025-11-19T05:38:33.993+0000] {dag.py:3036} INFO - Sync 1 DAGs
[2025-11-19T05:38:34.043+0000] {logging_mixin.py:188} INFO - [2025-11-19T05:38:34.043+0000] {dag.py:3823} INFO - Setting next_dagrun for simple_etl_lineage to None, run_after=None
[2025-11-19T05:38:34.117+0000] {processor.py:183} INFO - Processing /opt/airflow/dags/etl_dag.py took 0.298 seconds
[2025-11-19T05:39:04.252+0000] {processor.py:161} INFO - Started process (PID=31943) to work on /opt/airflow/dags/etl_dag.py
[2025-11-19T05:39:04.261+0000] {processor.py:830} INFO - Processing file /opt/airflow/dags/etl_dag.py for tasks to queue
[2025-11-19T05:39:04.271+0000] {logging_mixin.py:188} INFO - [2025-11-19T05:39:04.270+0000] {dagbag.py:538} INFO - Filling up the DagBag from /opt/airflow/dags/etl_dag.py
[2025-11-19T05:39:04.293+0000] {processor.py:840} INFO - DAG(s) 'simple_etl_lineage' retrieved from /opt/airflow/dags/etl_dag.py
[2025-11-19T05:39:04.380+0000] {logging_mixin.py:188} INFO - [2025-11-19T05:39:04.379+0000] {dag.py:3036} INFO - Sync 1 DAGs
[2025-11-19T05:39:04.400+0000] {logging_mixin.py:188} INFO - [2025-11-19T05:39:04.400+0000] {dag.py:3823} INFO - Setting next_dagrun for simple_etl_lineage to None, run_after=None
[2025-11-19T05:39:04.428+0000] {processor.py:183} INFO - Processing /opt/airflow/dags/etl_dag.py took 0.181 seconds
[2025-11-19T05:39:34.710+0000] {processor.py:161} INFO - Started process (PID=31978) to work on /opt/airflow/dags/etl_dag.py
[2025-11-19T05:39:34.712+0000] {processor.py:830} INFO - Processing file /opt/airflow/dags/etl_dag.py for tasks to queue
[2025-11-19T05:39:34.715+0000] {logging_mixin.py:188} INFO - [2025-11-19T05:39:34.714+0000] {dagbag.py:538} INFO - Filling up the DagBag from /opt/airflow/dags/etl_dag.py
[2025-11-19T05:39:34.736+0000] {processor.py:840} INFO - DAG(s) 'simple_etl_lineage' retrieved from /opt/airflow/dags/etl_dag.py
[2025-11-19T05:39:34.795+0000] {logging_mixin.py:188} INFO - [2025-11-19T05:39:34.794+0000] {dag.py:3036} INFO - Sync 1 DAGs
[2025-11-19T05:39:34.820+0000] {logging_mixin.py:188} INFO - [2025-11-19T05:39:34.820+0000] {dag.py:3823} INFO - Setting next_dagrun for simple_etl_lineage to None, run_after=None
[2025-11-19T05:39:34.863+0000] {processor.py:183} INFO - Processing /opt/airflow/dags/etl_dag.py took 0.158 seconds
[2025-11-19T05:40:05.449+0000] {processor.py:161} INFO - Started process (PID=32008) to work on /opt/airflow/dags/etl_dag.py
[2025-11-19T05:40:05.453+0000] {processor.py:830} INFO - Processing file /opt/airflow/dags/etl_dag.py for tasks to queue
[2025-11-19T05:40:05.456+0000] {logging_mixin.py:188} INFO - [2025-11-19T05:40:05.455+0000] {dagbag.py:538} INFO - Filling up the DagBag from /opt/airflow/dags/etl_dag.py
[2025-11-19T05:40:05.899+0000] {processor.py:840} INFO - DAG(s) 'simple_etl_lineage' retrieved from /opt/airflow/dags/etl_dag.py
[2025-11-19T05:40:06.038+0000] {logging_mixin.py:188} INFO - [2025-11-19T05:40:06.037+0000] {dag.py:3036} INFO - Sync 1 DAGs
[2025-11-19T05:40:06.108+0000] {logging_mixin.py:188} INFO - [2025-11-19T05:40:06.108+0000] {dag.py:3823} INFO - Setting next_dagrun for simple_etl_lineage to None, run_after=None
[2025-11-19T05:40:06.206+0000] {processor.py:183} INFO - Processing /opt/airflow/dags/etl_dag.py took 0.773 seconds
[2025-11-19T05:40:36.743+0000] {processor.py:161} INFO - Started process (PID=32038) to work on /opt/airflow/dags/etl_dag.py
[2025-11-19T05:40:36.745+0000] {processor.py:830} INFO - Processing file /opt/airflow/dags/etl_dag.py for tasks to queue
[2025-11-19T05:40:36.747+0000] {logging_mixin.py:188} INFO - [2025-11-19T05:40:36.747+0000] {dagbag.py:538} INFO - Filling up the DagBag from /opt/airflow/dags/etl_dag.py
[2025-11-19T05:40:36.767+0000] {processor.py:840} INFO - DAG(s) 'simple_etl_lineage' retrieved from /opt/airflow/dags/etl_dag.py
[2025-11-19T05:40:36.845+0000] {logging_mixin.py:188} INFO - [2025-11-19T05:40:36.845+0000] {dag.py:3036} INFO - Sync 1 DAGs
[2025-11-19T05:40:36.869+0000] {logging_mixin.py:188} INFO - [2025-11-19T05:40:36.868+0000] {dag.py:3823} INFO - Setting next_dagrun for simple_etl_lineage to None, run_after=None
[2025-11-19T05:40:36.898+0000] {processor.py:183} INFO - Processing /opt/airflow/dags/etl_dag.py took 0.160 seconds
[2025-11-19T05:41:07.660+0000] {processor.py:161} INFO - Started process (PID=32068) to work on /opt/airflow/dags/etl_dag.py
[2025-11-19T05:41:07.662+0000] {processor.py:830} INFO - Processing file /opt/airflow/dags/etl_dag.py for tasks to queue
[2025-11-19T05:41:07.664+0000] {logging_mixin.py:188} INFO - [2025-11-19T05:41:07.663+0000] {dagbag.py:538} INFO - Filling up the DagBag from /opt/airflow/dags/etl_dag.py
[2025-11-19T05:41:07.695+0000] {processor.py:840} INFO - DAG(s) 'simple_etl_lineage' retrieved from /opt/airflow/dags/etl_dag.py
[2025-11-19T05:41:07.738+0000] {logging_mixin.py:188} INFO - [2025-11-19T05:41:07.736+0000] {dag.py:3036} INFO - Sync 1 DAGs
[2025-11-19T05:41:07.764+0000] {logging_mixin.py:188} INFO - [2025-11-19T05:41:07.764+0000] {dag.py:3823} INFO - Setting next_dagrun for simple_etl_lineage to None, run_after=None
[2025-11-19T05:41:07.818+0000] {processor.py:183} INFO - Processing /opt/airflow/dags/etl_dag.py took 0.163 seconds
[2025-11-19T05:41:40.672+0000] {processor.py:161} INFO - Started process (PID=32100) to work on /opt/airflow/dags/etl_dag.py
[2025-11-19T05:41:40.684+0000] {processor.py:830} INFO - Processing file /opt/airflow/dags/etl_dag.py for tasks to queue
[2025-11-19T05:41:40.694+0000] {logging_mixin.py:188} INFO - [2025-11-19T05:41:40.693+0000] {dagbag.py:538} INFO - Filling up the DagBag from /opt/airflow/dags/etl_dag.py
[2025-11-19T05:41:41.003+0000] {processor.py:840} INFO - DAG(s) 'simple_etl_lineage' retrieved from /opt/airflow/dags/etl_dag.py
[2025-11-19T05:41:41.372+0000] {logging_mixin.py:188} INFO - [2025-11-19T05:41:41.371+0000] {dag.py:3036} INFO - Sync 1 DAGs
[2025-11-19T05:41:41.549+0000] {logging_mixin.py:188} INFO - [2025-11-19T05:41:41.548+0000] {dag.py:3823} INFO - Setting next_dagrun for simple_etl_lineage to None, run_after=None
[2025-11-19T05:41:41.909+0000] {processor.py:183} INFO - Processing /opt/airflow/dags/etl_dag.py took 1.242 seconds
[2025-11-19T05:42:12.668+0000] {processor.py:161} INFO - Started process (PID=32130) to work on /opt/airflow/dags/etl_dag.py
[2025-11-19T05:42:12.670+0000] {processor.py:830} INFO - Processing file /opt/airflow/dags/etl_dag.py for tasks to queue
[2025-11-19T05:42:12.671+0000] {logging_mixin.py:188} INFO - [2025-11-19T05:42:12.671+0000] {dagbag.py:538} INFO - Filling up the DagBag from /opt/airflow/dags/etl_dag.py
[2025-11-19T05:42:12.716+0000] {processor.py:840} INFO - DAG(s) 'simple_etl_lineage' retrieved from /opt/airflow/dags/etl_dag.py
[2025-11-19T05:42:12.857+0000] {logging_mixin.py:188} INFO - [2025-11-19T05:42:12.857+0000] {dag.py:3036} INFO - Sync 1 DAGs
[2025-11-19T05:42:12.895+0000] {logging_mixin.py:188} INFO - [2025-11-19T05:42:12.894+0000] {dag.py:3823} INFO - Setting next_dagrun for simple_etl_lineage to None, run_after=None
[2025-11-19T05:42:12.962+0000] {processor.py:183} INFO - Processing /opt/airflow/dags/etl_dag.py took 0.305 seconds
[2025-11-19T05:42:44.534+0000] {processor.py:161} INFO - Started process (PID=32160) to work on /opt/airflow/dags/etl_dag.py
[2025-11-19T05:42:44.579+0000] {processor.py:830} INFO - Processing file /opt/airflow/dags/etl_dag.py for tasks to queue
[2025-11-19T05:42:44.614+0000] {logging_mixin.py:188} INFO - [2025-11-19T05:42:44.614+0000] {dagbag.py:538} INFO - Filling up the DagBag from /opt/airflow/dags/etl_dag.py
[2025-11-19T05:42:44.734+0000] {processor.py:840} INFO - DAG(s) 'simple_etl_lineage' retrieved from /opt/airflow/dags/etl_dag.py
[2025-11-19T05:42:44.830+0000] {logging_mixin.py:188} INFO - [2025-11-19T05:42:44.830+0000] {dag.py:3036} INFO - Sync 1 DAGs
[2025-11-19T05:42:44.878+0000] {logging_mixin.py:188} INFO - [2025-11-19T05:42:44.878+0000] {dag.py:3823} INFO - Setting next_dagrun for simple_etl_lineage to None, run_after=None
[2025-11-19T05:42:44.957+0000] {processor.py:183} INFO - Processing /opt/airflow/dags/etl_dag.py took 0.439 seconds
[2025-11-19T05:43:15.346+0000] {processor.py:161} INFO - Started process (PID=32188) to work on /opt/airflow/dags/etl_dag.py
[2025-11-19T05:43:15.349+0000] {processor.py:830} INFO - Processing file /opt/airflow/dags/etl_dag.py for tasks to queue
[2025-11-19T05:43:15.351+0000] {logging_mixin.py:188} INFO - [2025-11-19T05:43:15.350+0000] {dagbag.py:538} INFO - Filling up the DagBag from /opt/airflow/dags/etl_dag.py
[2025-11-19T05:43:15.397+0000] {processor.py:840} INFO - DAG(s) 'simple_etl_lineage' retrieved from /opt/airflow/dags/etl_dag.py
[2025-11-19T05:43:15.493+0000] {logging_mixin.py:188} INFO - [2025-11-19T05:43:15.493+0000] {dag.py:3036} INFO - Sync 1 DAGs
[2025-11-19T05:43:15.544+0000] {logging_mixin.py:188} INFO - [2025-11-19T05:43:15.542+0000] {dag.py:3823} INFO - Setting next_dagrun for simple_etl_lineage to None, run_after=None
[2025-11-19T05:43:15.636+0000] {processor.py:183} INFO - Processing /opt/airflow/dags/etl_dag.py took 0.304 seconds
[2025-11-19T05:44:09.291+0000] {processor.py:161} INFO - Started process (PID=32218) to work on /opt/airflow/dags/etl_dag.py
[2025-11-19T05:44:09.293+0000] {processor.py:830} INFO - Processing file /opt/airflow/dags/etl_dag.py for tasks to queue
[2025-11-19T05:44:09.304+0000] {logging_mixin.py:188} INFO - [2025-11-19T05:44:09.303+0000] {dagbag.py:538} INFO - Filling up the DagBag from /opt/airflow/dags/etl_dag.py
[2025-11-19T05:44:09.342+0000] {processor.py:840} INFO - DAG(s) 'simple_etl_lineage' retrieved from /opt/airflow/dags/etl_dag.py
[2025-11-19T05:44:09.458+0000] {logging_mixin.py:188} INFO - [2025-11-19T05:44:09.458+0000] {dag.py:3036} INFO - Sync 1 DAGs
[2025-11-19T05:44:09.506+0000] {logging_mixin.py:188} INFO - [2025-11-19T05:44:09.505+0000] {dag.py:3823} INFO - Setting next_dagrun for simple_etl_lineage to None, run_after=None
[2025-11-19T05:44:09.575+0000] {processor.py:183} INFO - Processing /opt/airflow/dags/etl_dag.py took 0.296 seconds
[2025-11-19T05:44:40.213+0000] {processor.py:161} INFO - Started process (PID=32250) to work on /opt/airflow/dags/etl_dag.py
[2025-11-19T05:44:40.216+0000] {processor.py:830} INFO - Processing file /opt/airflow/dags/etl_dag.py for tasks to queue
[2025-11-19T05:44:40.222+0000] {logging_mixin.py:188} INFO - [2025-11-19T05:44:40.221+0000] {dagbag.py:538} INFO - Filling up the DagBag from /opt/airflow/dags/etl_dag.py
[2025-11-19T05:44:40.246+0000] {processor.py:840} INFO - DAG(s) 'simple_etl_lineage' retrieved from /opt/airflow/dags/etl_dag.py
[2025-11-19T05:44:40.330+0000] {logging_mixin.py:188} INFO - [2025-11-19T05:44:40.329+0000] {dag.py:3036} INFO - Sync 1 DAGs
[2025-11-19T05:44:40.356+0000] {logging_mixin.py:188} INFO - [2025-11-19T05:44:40.356+0000] {dag.py:3823} INFO - Setting next_dagrun for simple_etl_lineage to None, run_after=None
[2025-11-19T05:44:40.416+0000] {processor.py:183} INFO - Processing /opt/airflow/dags/etl_dag.py took 0.210 seconds
[2025-11-19T05:45:15.409+0000] {processor.py:161} INFO - Started process (PID=32278) to work on /opt/airflow/dags/etl_dag.py
[2025-11-19T05:45:15.414+0000] {processor.py:830} INFO - Processing file /opt/airflow/dags/etl_dag.py for tasks to queue
[2025-11-19T05:45:15.423+0000] {logging_mixin.py:188} INFO - [2025-11-19T05:45:15.422+0000] {dagbag.py:538} INFO - Filling up the DagBag from /opt/airflow/dags/etl_dag.py
[2025-11-19T05:45:15.546+0000] {processor.py:840} INFO - DAG(s) 'simple_etl_lineage' retrieved from /opt/airflow/dags/etl_dag.py
[2025-11-19T05:45:15.639+0000] {logging_mixin.py:188} INFO - [2025-11-19T05:45:15.630+0000] {dag.py:3036} INFO - Sync 1 DAGs
[2025-11-19T05:45:15.676+0000] {logging_mixin.py:188} INFO - [2025-11-19T05:45:15.676+0000] {dag.py:3823} INFO - Setting next_dagrun for simple_etl_lineage to None, run_after=None
[2025-11-19T05:45:15.841+0000] {processor.py:183} INFO - Processing /opt/airflow/dags/etl_dag.py took 0.438 seconds
[2025-11-19T05:46:19.496+0000] {processor.py:161} INFO - Started process (PID=32310) to work on /opt/airflow/dags/etl_dag.py
[2025-11-19T05:46:19.506+0000] {processor.py:830} INFO - Processing file /opt/airflow/dags/etl_dag.py for tasks to queue
[2025-11-19T05:46:19.509+0000] {logging_mixin.py:188} INFO - [2025-11-19T05:46:19.508+0000] {dagbag.py:538} INFO - Filling up the DagBag from /opt/airflow/dags/etl_dag.py
[2025-11-19T05:46:19.542+0000] {processor.py:840} INFO - DAG(s) 'simple_etl_lineage' retrieved from /opt/airflow/dags/etl_dag.py
[2025-11-19T05:46:19.645+0000] {logging_mixin.py:188} INFO - [2025-11-19T05:46:19.644+0000] {dag.py:3036} INFO - Sync 1 DAGs
[2025-11-19T05:46:19.697+0000] {logging_mixin.py:188} INFO - [2025-11-19T05:46:19.696+0000] {dag.py:3823} INFO - Setting next_dagrun for simple_etl_lineage to None, run_after=None
[2025-11-19T05:46:19.774+0000] {processor.py:183} INFO - Processing /opt/airflow/dags/etl_dag.py took 0.299 seconds
[2025-11-19T05:47:50.496+0000] {processor.py:161} INFO - Started process (PID=32338) to work on /opt/airflow/dags/etl_dag.py
[2025-11-19T05:47:50.519+0000] {processor.py:830} INFO - Processing file /opt/airflow/dags/etl_dag.py for tasks to queue
[2025-11-19T05:47:50.533+0000] {logging_mixin.py:188} INFO - [2025-11-19T05:47:50.533+0000] {dagbag.py:538} INFO - Filling up the DagBag from /opt/airflow/dags/etl_dag.py
[2025-11-19T05:47:51.262+0000] {processor.py:840} INFO - DAG(s) 'simple_etl_lineage' retrieved from /opt/airflow/dags/etl_dag.py
[2025-11-19T05:47:51.398+0000] {logging_mixin.py:188} INFO - [2025-11-19T05:47:51.387+0000] {dag.py:3036} INFO - Sync 1 DAGs
[2025-11-19T05:47:51.449+0000] {logging_mixin.py:188} INFO - [2025-11-19T05:47:51.448+0000] {dag.py:3823} INFO - Setting next_dagrun for simple_etl_lineage to None, run_after=None
[2025-11-19T05:47:51.789+0000] {processor.py:183} INFO - Processing /opt/airflow/dags/etl_dag.py took 1.308 seconds
[2025-11-19T05:48:25.147+0000] {processor.py:161} INFO - Started process (PID=32370) to work on /opt/airflow/dags/etl_dag.py
[2025-11-19T05:48:25.149+0000] {processor.py:830} INFO - Processing file /opt/airflow/dags/etl_dag.py for tasks to queue
[2025-11-19T05:48:25.160+0000] {logging_mixin.py:188} INFO - [2025-11-19T05:48:25.159+0000] {dagbag.py:538} INFO - Filling up the DagBag from /opt/airflow/dags/etl_dag.py
[2025-11-19T05:48:25.193+0000] {processor.py:840} INFO - DAG(s) 'simple_etl_lineage' retrieved from /opt/airflow/dags/etl_dag.py
[2025-11-19T05:48:25.262+0000] {logging_mixin.py:188} INFO - [2025-11-19T05:48:25.262+0000] {dag.py:3036} INFO - Sync 1 DAGs
[2025-11-19T05:48:25.280+0000] {logging_mixin.py:188} INFO - [2025-11-19T05:48:25.280+0000] {dag.py:3823} INFO - Setting next_dagrun for simple_etl_lineage to None, run_after=None
[2025-11-19T05:48:25.327+0000] {processor.py:183} INFO - Processing /opt/airflow/dags/etl_dag.py took 0.187 seconds
[2025-11-19T05:48:56.075+0000] {processor.py:161} INFO - Started process (PID=32400) to work on /opt/airflow/dags/etl_dag.py
[2025-11-19T05:48:56.087+0000] {processor.py:830} INFO - Processing file /opt/airflow/dags/etl_dag.py for tasks to queue
[2025-11-19T05:48:56.089+0000] {logging_mixin.py:188} INFO - [2025-11-19T05:48:56.089+0000] {dagbag.py:538} INFO - Filling up the DagBag from /opt/airflow/dags/etl_dag.py
[2025-11-19T05:48:56.125+0000] {processor.py:840} INFO - DAG(s) 'simple_etl_lineage' retrieved from /opt/airflow/dags/etl_dag.py
[2025-11-19T05:48:56.214+0000] {logging_mixin.py:188} INFO - [2025-11-19T05:48:56.213+0000] {dag.py:3036} INFO - Sync 1 DAGs
[2025-11-19T05:48:56.260+0000] {logging_mixin.py:188} INFO - [2025-11-19T05:48:56.260+0000] {dag.py:3823} INFO - Setting next_dagrun for simple_etl_lineage to None, run_after=None
[2025-11-19T05:48:56.342+0000] {processor.py:183} INFO - Processing /opt/airflow/dags/etl_dag.py took 0.276 seconds
[2025-11-19T05:49:26.694+0000] {processor.py:161} INFO - Started process (PID=32430) to work on /opt/airflow/dags/etl_dag.py
[2025-11-19T05:49:26.697+0000] {processor.py:830} INFO - Processing file /opt/airflow/dags/etl_dag.py for tasks to queue
[2025-11-19T05:49:26.700+0000] {logging_mixin.py:188} INFO - [2025-11-19T05:49:26.699+0000] {dagbag.py:538} INFO - Filling up the DagBag from /opt/airflow/dags/etl_dag.py
[2025-11-19T05:49:26.746+0000] {processor.py:840} INFO - DAG(s) 'simple_etl_lineage' retrieved from /opt/airflow/dags/etl_dag.py
[2025-11-19T05:49:26.830+0000] {logging_mixin.py:188} INFO - [2025-11-19T05:49:26.829+0000] {dag.py:3036} INFO - Sync 1 DAGs
[2025-11-19T05:49:26.864+0000] {logging_mixin.py:188} INFO - [2025-11-19T05:49:26.863+0000] {dag.py:3823} INFO - Setting next_dagrun for simple_etl_lineage to None, run_after=None
[2025-11-19T05:49:26.961+0000] {processor.py:183} INFO - Processing /opt/airflow/dags/etl_dag.py took 0.275 seconds
[2025-11-19T05:50:12.248+0000] {processor.py:161} INFO - Started process (PID=32460) to work on /opt/airflow/dags/etl_dag.py
[2025-11-19T05:50:12.251+0000] {processor.py:830} INFO - Processing file /opt/airflow/dags/etl_dag.py for tasks to queue
[2025-11-19T05:50:12.253+0000] {logging_mixin.py:188} INFO - [2025-11-19T05:50:12.252+0000] {dagbag.py:538} INFO - Filling up the DagBag from /opt/airflow/dags/etl_dag.py
[2025-11-19T05:50:12.287+0000] {processor.py:840} INFO - DAG(s) 'simple_etl_lineage' retrieved from /opt/airflow/dags/etl_dag.py
[2025-11-19T05:50:12.363+0000] {logging_mixin.py:188} INFO - [2025-11-19T05:50:12.362+0000] {dag.py:3036} INFO - Sync 1 DAGs
[2025-11-19T05:50:12.399+0000] {logging_mixin.py:188} INFO - [2025-11-19T05:50:12.398+0000] {dag.py:3823} INFO - Setting next_dagrun for simple_etl_lineage to None, run_after=None
[2025-11-19T05:50:12.474+0000] {processor.py:183} INFO - Processing /opt/airflow/dags/etl_dag.py took 0.232 seconds
[2025-11-19T05:50:42.924+0000] {processor.py:161} INFO - Started process (PID=32488) to work on /opt/airflow/dags/etl_dag.py
[2025-11-19T05:50:42.929+0000] {processor.py:830} INFO - Processing file /opt/airflow/dags/etl_dag.py for tasks to queue
[2025-11-19T05:50:42.931+0000] {logging_mixin.py:188} INFO - [2025-11-19T05:50:42.930+0000] {dagbag.py:538} INFO - Filling up the DagBag from /opt/airflow/dags/etl_dag.py
[2025-11-19T05:50:42.960+0000] {processor.py:840} INFO - DAG(s) 'simple_etl_lineage' retrieved from /opt/airflow/dags/etl_dag.py
[2025-11-19T05:50:43.029+0000] {logging_mixin.py:188} INFO - [2025-11-19T05:50:43.028+0000] {dag.py:3036} INFO - Sync 1 DAGs
[2025-11-19T05:50:43.062+0000] {logging_mixin.py:188} INFO - [2025-11-19T05:50:43.061+0000] {dag.py:3823} INFO - Setting next_dagrun for simple_etl_lineage to None, run_after=None
[2025-11-19T05:50:43.106+0000] {processor.py:183} INFO - Processing /opt/airflow/dags/etl_dag.py took 0.189 seconds
[2025-11-19T05:51:15.253+0000] {processor.py:161} INFO - Started process (PID=32520) to work on /opt/airflow/dags/etl_dag.py
[2025-11-19T05:51:15.255+0000] {processor.py:830} INFO - Processing file /opt/airflow/dags/etl_dag.py for tasks to queue
[2025-11-19T05:51:15.265+0000] {logging_mixin.py:188} INFO - [2025-11-19T05:51:15.257+0000] {dagbag.py:538} INFO - Filling up the DagBag from /opt/airflow/dags/etl_dag.py
[2025-11-19T05:51:15.672+0000] {processor.py:840} INFO - DAG(s) 'simple_etl_lineage' retrieved from /opt/airflow/dags/etl_dag.py
[2025-11-19T05:51:15.798+0000] {logging_mixin.py:188} INFO - [2025-11-19T05:51:15.798+0000] {dag.py:3036} INFO - Sync 1 DAGs
[2025-11-19T05:51:15.847+0000] {logging_mixin.py:188} INFO - [2025-11-19T05:51:15.846+0000] {dag.py:3823} INFO - Setting next_dagrun for simple_etl_lineage to None, run_after=None
[2025-11-19T05:51:15.931+0000] {processor.py:183} INFO - Processing /opt/airflow/dags/etl_dag.py took 0.685 seconds
[2025-11-19T05:51:46.497+0000] {processor.py:161} INFO - Started process (PID=32550) to work on /opt/airflow/dags/etl_dag.py
[2025-11-19T05:51:46.499+0000] {processor.py:830} INFO - Processing file /opt/airflow/dags/etl_dag.py for tasks to queue
[2025-11-19T05:51:46.504+0000] {logging_mixin.py:188} INFO - [2025-11-19T05:51:46.502+0000] {dagbag.py:538} INFO - Filling up the DagBag from /opt/airflow/dags/etl_dag.py
[2025-11-19T05:51:46.529+0000] {processor.py:840} INFO - DAG(s) 'simple_etl_lineage' retrieved from /opt/airflow/dags/etl_dag.py
[2025-11-19T05:51:46.584+0000] {logging_mixin.py:188} INFO - [2025-11-19T05:51:46.583+0000] {dag.py:3036} INFO - Sync 1 DAGs
[2025-11-19T05:51:46.610+0000] {logging_mixin.py:188} INFO - [2025-11-19T05:51:46.609+0000] {dag.py:3823} INFO - Setting next_dagrun for simple_etl_lineage to None, run_after=None
[2025-11-19T05:51:46.665+0000] {processor.py:183} INFO - Processing /opt/airflow/dags/etl_dag.py took 0.174 seconds
[2025-11-19T05:52:17.014+0000] {processor.py:161} INFO - Started process (PID=32580) to work on /opt/airflow/dags/etl_dag.py
[2025-11-19T05:52:17.018+0000] {processor.py:830} INFO - Processing file /opt/airflow/dags/etl_dag.py for tasks to queue
[2025-11-19T05:52:17.024+0000] {logging_mixin.py:188} INFO - [2025-11-19T05:52:17.023+0000] {dagbag.py:538} INFO - Filling up the DagBag from /opt/airflow/dags/etl_dag.py
[2025-11-19T05:52:17.058+0000] {processor.py:840} INFO - DAG(s) 'simple_etl_lineage' retrieved from /opt/airflow/dags/etl_dag.py
[2025-11-19T05:52:17.100+0000] {logging_mixin.py:188} INFO - [2025-11-19T05:52:17.100+0000] {dag.py:3036} INFO - Sync 1 DAGs
[2025-11-19T05:52:17.128+0000] {logging_mixin.py:188} INFO - [2025-11-19T05:52:17.128+0000] {dag.py:3823} INFO - Setting next_dagrun for simple_etl_lineage to None, run_after=None
[2025-11-19T05:52:17.188+0000] {processor.py:183} INFO - Processing /opt/airflow/dags/etl_dag.py took 0.178 seconds
[2025-11-19T05:52:49.542+0000] {processor.py:161} INFO - Started process (PID=32608) to work on /opt/airflow/dags/etl_dag.py
[2025-11-19T05:52:49.555+0000] {processor.py:830} INFO - Processing file /opt/airflow/dags/etl_dag.py for tasks to queue
[2025-11-19T05:52:49.557+0000] {logging_mixin.py:188} INFO - [2025-11-19T05:52:49.556+0000] {dagbag.py:538} INFO - Filling up the DagBag from /opt/airflow/dags/etl_dag.py
[2025-11-19T05:52:49.632+0000] {processor.py:840} INFO - DAG(s) 'simple_etl_lineage' retrieved from /opt/airflow/dags/etl_dag.py
[2025-11-19T05:52:49.788+0000] {logging_mixin.py:188} INFO - [2025-11-19T05:52:49.784+0000] {dag.py:3036} INFO - Sync 1 DAGs
[2025-11-19T05:52:49.819+0000] {logging_mixin.py:188} INFO - [2025-11-19T05:52:49.818+0000] {dag.py:3823} INFO - Setting next_dagrun for simple_etl_lineage to None, run_after=None
[2025-11-19T05:52:49.942+0000] {processor.py:183} INFO - Processing /opt/airflow/dags/etl_dag.py took 0.411 seconds
[2025-11-19T05:53:22.365+0000] {processor.py:161} INFO - Started process (PID=32640) to work on /opt/airflow/dags/etl_dag.py
[2025-11-19T05:53:22.367+0000] {processor.py:830} INFO - Processing file /opt/airflow/dags/etl_dag.py for tasks to queue
[2025-11-19T05:53:22.370+0000] {logging_mixin.py:188} INFO - [2025-11-19T05:53:22.369+0000] {dagbag.py:538} INFO - Filling up the DagBag from /opt/airflow/dags/etl_dag.py
[2025-11-19T05:53:22.396+0000] {processor.py:840} INFO - DAG(s) 'simple_etl_lineage' retrieved from /opt/airflow/dags/etl_dag.py
[2025-11-19T05:53:22.490+0000] {logging_mixin.py:188} INFO - [2025-11-19T05:53:22.489+0000] {dag.py:3036} INFO - Sync 1 DAGs
[2025-11-19T05:53:22.529+0000] {logging_mixin.py:188} INFO - [2025-11-19T05:53:22.529+0000] {dag.py:3823} INFO - Setting next_dagrun for simple_etl_lineage to None, run_after=None
[2025-11-19T05:53:22.608+0000] {processor.py:183} INFO - Processing /opt/airflow/dags/etl_dag.py took 0.254 seconds
[2025-11-19T05:53:53.173+0000] {processor.py:161} INFO - Started process (PID=32668) to work on /opt/airflow/dags/etl_dag.py
[2025-11-19T05:53:53.182+0000] {processor.py:830} INFO - Processing file /opt/airflow/dags/etl_dag.py for tasks to queue
[2025-11-19T05:53:53.193+0000] {logging_mixin.py:188} INFO - [2025-11-19T05:53:53.193+0000] {dagbag.py:538} INFO - Filling up the DagBag from /opt/airflow/dags/etl_dag.py
[2025-11-19T05:53:53.693+0000] {processor.py:840} INFO - DAG(s) 'simple_etl_lineage' retrieved from /opt/airflow/dags/etl_dag.py
[2025-11-19T05:53:53.785+0000] {logging_mixin.py:188} INFO - [2025-11-19T05:53:53.785+0000] {dag.py:3036} INFO - Sync 1 DAGs
[2025-11-19T05:53:53.832+0000] {logging_mixin.py:188} INFO - [2025-11-19T05:53:53.832+0000] {dag.py:3823} INFO - Setting next_dagrun for simple_etl_lineage to None, run_after=None
[2025-11-19T05:53:53.900+0000] {processor.py:183} INFO - Processing /opt/airflow/dags/etl_dag.py took 0.742 seconds
[2025-11-19T05:54:25.528+0000] {processor.py:161} INFO - Started process (PID=32698) to work on /opt/airflow/dags/etl_dag.py
[2025-11-19T05:54:25.530+0000] {processor.py:830} INFO - Processing file /opt/airflow/dags/etl_dag.py for tasks to queue
[2025-11-19T05:54:25.533+0000] {logging_mixin.py:188} INFO - [2025-11-19T05:54:25.532+0000] {dagbag.py:538} INFO - Filling up the DagBag from /opt/airflow/dags/etl_dag.py
[2025-11-19T05:54:25.575+0000] {processor.py:840} INFO - DAG(s) 'simple_etl_lineage' retrieved from /opt/airflow/dags/etl_dag.py
[2025-11-19T05:54:25.693+0000] {logging_mixin.py:188} INFO - [2025-11-19T05:54:25.682+0000] {dag.py:3036} INFO - Sync 1 DAGs
[2025-11-19T05:54:25.743+0000] {logging_mixin.py:188} INFO - [2025-11-19T05:54:25.742+0000] {dag.py:3823} INFO - Setting next_dagrun for simple_etl_lineage to None, run_after=None
[2025-11-19T05:54:25.831+0000] {processor.py:183} INFO - Processing /opt/airflow/dags/etl_dag.py took 0.308 seconds
[2025-11-19T05:55:14.563+0000] {processor.py:161} INFO - Started process (PID=32730) to work on /opt/airflow/dags/etl_dag.py
[2025-11-19T05:55:14.569+0000] {processor.py:830} INFO - Processing file /opt/airflow/dags/etl_dag.py for tasks to queue
[2025-11-19T05:55:14.605+0000] {logging_mixin.py:188} INFO - [2025-11-19T05:55:14.604+0000] {dagbag.py:538} INFO - Filling up the DagBag from /opt/airflow/dags/etl_dag.py
[2025-11-19T05:55:15.099+0000] {processor.py:840} INFO - DAG(s) 'simple_etl_lineage' retrieved from /opt/airflow/dags/etl_dag.py
[2025-11-19T05:55:15.257+0000] {logging_mixin.py:188} INFO - [2025-11-19T05:55:15.256+0000] {dag.py:3036} INFO - Sync 1 DAGs
[2025-11-19T05:55:15.308+0000] {logging_mixin.py:188} INFO - [2025-11-19T05:55:15.308+0000] {dag.py:3823} INFO - Setting next_dagrun for simple_etl_lineage to None, run_after=None
[2025-11-19T05:55:15.549+0000] {processor.py:183} INFO - Processing /opt/airflow/dags/etl_dag.py took 1.007 seconds
[2025-11-19T05:55:46.112+0000] {processor.py:161} INFO - Started process (PID=32760) to work on /opt/airflow/dags/etl_dag.py
[2025-11-19T05:55:46.114+0000] {processor.py:830} INFO - Processing file /opt/airflow/dags/etl_dag.py for tasks to queue
[2025-11-19T05:55:46.121+0000] {logging_mixin.py:188} INFO - [2025-11-19T05:55:46.120+0000] {dagbag.py:538} INFO - Filling up the DagBag from /opt/airflow/dags/etl_dag.py
[2025-11-19T05:55:46.181+0000] {processor.py:840} INFO - DAG(s) 'simple_etl_lineage' retrieved from /opt/airflow/dags/etl_dag.py
[2025-11-19T05:55:46.287+0000] {logging_mixin.py:188} INFO - [2025-11-19T05:55:46.287+0000] {dag.py:3036} INFO - Sync 1 DAGs
[2025-11-19T05:55:46.325+0000] {logging_mixin.py:188} INFO - [2025-11-19T05:55:46.325+0000] {dag.py:3823} INFO - Setting next_dagrun for simple_etl_lineage to None, run_after=None
[2025-11-19T05:55:46.401+0000] {processor.py:183} INFO - Processing /opt/airflow/dags/etl_dag.py took 0.296 seconds
[2025-11-19T05:56:17.082+0000] {processor.py:161} INFO - Started process (PID=32790) to work on /opt/airflow/dags/etl_dag.py
[2025-11-19T05:56:17.084+0000] {processor.py:830} INFO - Processing file /opt/airflow/dags/etl_dag.py for tasks to queue
[2025-11-19T05:56:17.087+0000] {logging_mixin.py:188} INFO - [2025-11-19T05:56:17.087+0000] {dagbag.py:538} INFO - Filling up the DagBag from /opt/airflow/dags/etl_dag.py
[2025-11-19T05:56:17.166+0000] {processor.py:840} INFO - DAG(s) 'simple_etl_lineage' retrieved from /opt/airflow/dags/etl_dag.py
[2025-11-19T05:56:17.347+0000] {logging_mixin.py:188} INFO - [2025-11-19T05:56:17.347+0000] {dag.py:3036} INFO - Sync 1 DAGs
[2025-11-19T05:56:17.372+0000] {logging_mixin.py:188} INFO - [2025-11-19T05:56:17.371+0000] {dag.py:3823} INFO - Setting next_dagrun for simple_etl_lineage to None, run_after=None
[2025-11-19T05:56:17.419+0000] {processor.py:183} INFO - Processing /opt/airflow/dags/etl_dag.py took 0.341 seconds
[2025-11-19T05:56:49.361+0000] {processor.py:161} INFO - Started process (PID=32818) to work on /opt/airflow/dags/etl_dag.py
[2025-11-19T05:56:49.371+0000] {processor.py:830} INFO - Processing file /opt/airflow/dags/etl_dag.py for tasks to queue
[2025-11-19T05:56:49.382+0000] {logging_mixin.py:188} INFO - [2025-11-19T05:56:49.382+0000] {dagbag.py:538} INFO - Filling up the DagBag from /opt/airflow/dags/etl_dag.py
[2025-11-19T05:56:49.748+0000] {processor.py:840} INFO - DAG(s) 'simple_etl_lineage' retrieved from /opt/airflow/dags/etl_dag.py
[2025-11-19T05:56:49.847+0000] {logging_mixin.py:188} INFO - [2025-11-19T05:56:49.847+0000] {dag.py:3036} INFO - Sync 1 DAGs
[2025-11-19T05:56:49.898+0000] {logging_mixin.py:188} INFO - [2025-11-19T05:56:49.897+0000] {dag.py:3823} INFO - Setting next_dagrun for simple_etl_lineage to None, run_after=None
[2025-11-19T05:56:50.057+0000] {processor.py:183} INFO - Processing /opt/airflow/dags/etl_dag.py took 0.701 seconds
[2025-11-19T05:57:20.658+0000] {processor.py:161} INFO - Started process (PID=32850) to work on /opt/airflow/dags/etl_dag.py
[2025-11-19T05:57:20.660+0000] {processor.py:830} INFO - Processing file /opt/airflow/dags/etl_dag.py for tasks to queue
[2025-11-19T05:57:20.661+0000] {logging_mixin.py:188} INFO - [2025-11-19T05:57:20.661+0000] {dagbag.py:538} INFO - Filling up the DagBag from /opt/airflow/dags/etl_dag.py
[2025-11-19T05:57:20.678+0000] {processor.py:840} INFO - DAG(s) 'simple_etl_lineage' retrieved from /opt/airflow/dags/etl_dag.py
[2025-11-19T05:57:20.705+0000] {logging_mixin.py:188} INFO - [2025-11-19T05:57:20.705+0000] {dag.py:3036} INFO - Sync 1 DAGs
[2025-11-19T05:57:20.716+0000] {logging_mixin.py:188} INFO - [2025-11-19T05:57:20.715+0000] {dag.py:3823} INFO - Setting next_dagrun for simple_etl_lineage to None, run_after=None
[2025-11-19T05:57:20.736+0000] {processor.py:183} INFO - Processing /opt/airflow/dags/etl_dag.py took 0.082 seconds
[2025-11-19T05:57:53.941+0000] {processor.py:161} INFO - Started process (PID=32878) to work on /opt/airflow/dags/etl_dag.py
[2025-11-19T05:57:53.993+0000] {processor.py:830} INFO - Processing file /opt/airflow/dags/etl_dag.py for tasks to queue
[2025-11-19T05:57:54.007+0000] {logging_mixin.py:188} INFO - [2025-11-19T05:57:54.006+0000] {dagbag.py:538} INFO - Filling up the DagBag from /opt/airflow/dags/etl_dag.py
[2025-11-19T05:57:54.288+0000] {processor.py:840} INFO - DAG(s) 'simple_etl_lineage' retrieved from /opt/airflow/dags/etl_dag.py
[2025-11-19T05:57:54.375+0000] {logging_mixin.py:188} INFO - [2025-11-19T05:57:54.366+0000] {dag.py:3036} INFO - Sync 1 DAGs
[2025-11-19T05:57:54.413+0000] {logging_mixin.py:188} INFO - [2025-11-19T05:57:54.413+0000] {dag.py:3823} INFO - Setting next_dagrun for simple_etl_lineage to None, run_after=None
[2025-11-19T05:57:54.478+0000] {processor.py:183} INFO - Processing /opt/airflow/dags/etl_dag.py took 0.543 seconds
[2025-11-19T05:58:32.587+0000] {processor.py:161} INFO - Started process (PID=32906) to work on /opt/airflow/dags/etl_dag.py
[2025-11-19T05:58:32.600+0000] {processor.py:830} INFO - Processing file /opt/airflow/dags/etl_dag.py for tasks to queue
[2025-11-19T05:58:32.606+0000] {logging_mixin.py:188} INFO - [2025-11-19T05:58:32.605+0000] {dagbag.py:538} INFO - Filling up the DagBag from /opt/airflow/dags/etl_dag.py
[2025-11-19T05:58:32.752+0000] {processor.py:840} INFO - DAG(s) 'simple_etl_lineage' retrieved from /opt/airflow/dags/etl_dag.py
[2025-11-19T05:58:32.898+0000] {logging_mixin.py:188} INFO - [2025-11-19T05:58:32.897+0000] {dag.py:3036} INFO - Sync 1 DAGs
[2025-11-19T05:58:32.964+0000] {logging_mixin.py:188} INFO - [2025-11-19T05:58:32.964+0000] {dag.py:3823} INFO - Setting next_dagrun for simple_etl_lineage to None, run_after=None
[2025-11-19T05:58:33.187+0000] {processor.py:183} INFO - Processing /opt/airflow/dags/etl_dag.py took 0.618 seconds
[2025-11-19T05:59:08.472+0000] {processor.py:161} INFO - Started process (PID=32934) to work on /opt/airflow/dags/etl_dag.py
[2025-11-19T05:59:08.475+0000] {processor.py:830} INFO - Processing file /opt/airflow/dags/etl_dag.py for tasks to queue
[2025-11-19T05:59:08.481+0000] {logging_mixin.py:188} INFO - [2025-11-19T05:59:08.480+0000] {dagbag.py:538} INFO - Filling up the DagBag from /opt/airflow/dags/etl_dag.py
[2025-11-19T05:59:08.585+0000] {processor.py:840} INFO - DAG(s) 'simple_etl_lineage' retrieved from /opt/airflow/dags/etl_dag.py
[2025-11-19T05:59:08.768+0000] {logging_mixin.py:188} INFO - [2025-11-19T05:59:08.767+0000] {dag.py:3036} INFO - Sync 1 DAGs
[2025-11-19T05:59:08.817+0000] {logging_mixin.py:188} INFO - [2025-11-19T05:59:08.817+0000] {dag.py:3823} INFO - Setting next_dagrun for simple_etl_lineage to None, run_after=None
[2025-11-19T05:59:08.916+0000] {processor.py:183} INFO - Processing /opt/airflow/dags/etl_dag.py took 0.450 seconds
[2025-11-19T06:00:44.783+0000] {processor.py:161} INFO - Started process (PID=32968) to work on /opt/airflow/dags/etl_dag.py
[2025-11-19T06:00:44.786+0000] {processor.py:830} INFO - Processing file /opt/airflow/dags/etl_dag.py for tasks to queue
[2025-11-19T06:00:44.789+0000] {logging_mixin.py:188} INFO - [2025-11-19T06:00:44.788+0000] {dagbag.py:538} INFO - Filling up the DagBag from /opt/airflow/dags/etl_dag.py
[2025-11-19T06:00:44.859+0000] {processor.py:840} INFO - DAG(s) 'simple_etl_lineage' retrieved from /opt/airflow/dags/etl_dag.py
[2025-11-19T06:00:44.981+0000] {logging_mixin.py:188} INFO - [2025-11-19T06:00:44.978+0000] {dag.py:3036} INFO - Sync 1 DAGs
[2025-11-19T06:00:45.040+0000] {logging_mixin.py:188} INFO - [2025-11-19T06:00:45.039+0000] {dag.py:3823} INFO - Setting next_dagrun for simple_etl_lineage to None, run_after=None
[2025-11-19T06:00:45.165+0000] {processor.py:183} INFO - Processing /opt/airflow/dags/etl_dag.py took 0.398 seconds
[2025-11-19T06:01:18.916+0000] {processor.py:161} INFO - Started process (PID=32996) to work on /opt/airflow/dags/etl_dag.py
[2025-11-19T06:01:18.927+0000] {processor.py:830} INFO - Processing file /opt/airflow/dags/etl_dag.py for tasks to queue
[2025-11-19T06:01:18.928+0000] {logging_mixin.py:188} INFO - [2025-11-19T06:01:18.928+0000] {dagbag.py:538} INFO - Filling up the DagBag from /opt/airflow/dags/etl_dag.py
[2025-11-19T06:01:18.964+0000] {processor.py:840} INFO - DAG(s) 'simple_etl_lineage' retrieved from /opt/airflow/dags/etl_dag.py
[2025-11-19T06:01:19.048+0000] {logging_mixin.py:188} INFO - [2025-11-19T06:01:19.047+0000] {dag.py:3036} INFO - Sync 1 DAGs
[2025-11-19T06:01:19.084+0000] {logging_mixin.py:188} INFO - [2025-11-19T06:01:19.084+0000] {dag.py:3823} INFO - Setting next_dagrun for simple_etl_lineage to None, run_after=None
[2025-11-19T06:01:19.161+0000] {processor.py:183} INFO - Processing /opt/airflow/dags/etl_dag.py took 0.258 seconds
[2025-11-19T06:01:51.262+0000] {processor.py:161} INFO - Started process (PID=33028) to work on /opt/airflow/dags/etl_dag.py
[2025-11-19T06:01:51.264+0000] {processor.py:830} INFO - Processing file /opt/airflow/dags/etl_dag.py for tasks to queue
[2025-11-19T06:01:51.267+0000] {logging_mixin.py:188} INFO - [2025-11-19T06:01:51.267+0000] {dagbag.py:538} INFO - Filling up the DagBag from /opt/airflow/dags/etl_dag.py
[2025-11-19T06:01:51.301+0000] {processor.py:840} INFO - DAG(s) 'simple_etl_lineage' retrieved from /opt/airflow/dags/etl_dag.py
[2025-11-19T06:01:51.382+0000] {logging_mixin.py:188} INFO - [2025-11-19T06:01:51.381+0000] {dag.py:3036} INFO - Sync 1 DAGs
[2025-11-19T06:01:51.423+0000] {logging_mixin.py:188} INFO - [2025-11-19T06:01:51.423+0000] {dag.py:3823} INFO - Setting next_dagrun for simple_etl_lineage to None, run_after=None
[2025-11-19T06:01:51.469+0000] {processor.py:183} INFO - Processing /opt/airflow/dags/etl_dag.py took 0.221 seconds
[2025-11-19T06:02:36.438+0000] {processor.py:161} INFO - Started process (PID=33058) to work on /opt/airflow/dags/etl_dag.py
[2025-11-19T06:02:36.454+0000] {processor.py:830} INFO - Processing file /opt/airflow/dags/etl_dag.py for tasks to queue
[2025-11-19T06:02:36.457+0000] {logging_mixin.py:188} INFO - [2025-11-19T06:02:36.456+0000] {dagbag.py:538} INFO - Filling up the DagBag from /opt/airflow/dags/etl_dag.py
[2025-11-19T06:02:36.507+0000] {processor.py:840} INFO - DAG(s) 'simple_etl_lineage' retrieved from /opt/airflow/dags/etl_dag.py
[2025-11-19T06:02:36.714+0000] {logging_mixin.py:188} INFO - [2025-11-19T06:02:36.714+0000] {dag.py:3036} INFO - Sync 1 DAGs
[2025-11-19T06:02:36.791+0000] {logging_mixin.py:188} INFO - [2025-11-19T06:02:36.790+0000] {dag.py:3823} INFO - Setting next_dagrun for simple_etl_lineage to None, run_after=None
[2025-11-19T06:02:36.931+0000] {processor.py:183} INFO - Processing /opt/airflow/dags/etl_dag.py took 0.514 seconds
[2025-11-19T06:03:30.197+0000] {processor.py:161} INFO - Started process (PID=33088) to work on /opt/airflow/dags/etl_dag.py
[2025-11-19T06:03:30.200+0000] {processor.py:830} INFO - Processing file /opt/airflow/dags/etl_dag.py for tasks to queue
[2025-11-19T06:03:30.202+0000] {logging_mixin.py:188} INFO - [2025-11-19T06:03:30.202+0000] {dagbag.py:538} INFO - Filling up the DagBag from /opt/airflow/dags/etl_dag.py
[2025-11-19T06:03:30.429+0000] {processor.py:840} INFO - DAG(s) 'simple_etl_lineage' retrieved from /opt/airflow/dags/etl_dag.py
[2025-11-19T06:03:30.538+0000] {logging_mixin.py:188} INFO - [2025-11-19T06:03:30.538+0000] {dag.py:3036} INFO - Sync 1 DAGs
[2025-11-19T06:03:30.589+0000] {logging_mixin.py:188} INFO - [2025-11-19T06:03:30.588+0000] {dag.py:3823} INFO - Setting next_dagrun for simple_etl_lineage to None, run_after=None
[2025-11-19T06:03:30.666+0000] {processor.py:183} INFO - Processing /opt/airflow/dags/etl_dag.py took 0.481 seconds
[2025-11-19T06:04:01.450+0000] {processor.py:161} INFO - Started process (PID=33118) to work on /opt/airflow/dags/etl_dag.py
[2025-11-19T06:04:01.455+0000] {processor.py:830} INFO - Processing file /opt/airflow/dags/etl_dag.py for tasks to queue
[2025-11-19T06:04:01.458+0000] {logging_mixin.py:188} INFO - [2025-11-19T06:04:01.457+0000] {dagbag.py:538} INFO - Filling up the DagBag from /opt/airflow/dags/etl_dag.py
[2025-11-19T06:04:01.568+0000] {processor.py:840} INFO - DAG(s) 'simple_etl_lineage' retrieved from /opt/airflow/dags/etl_dag.py
[2025-11-19T06:04:01.683+0000] {logging_mixin.py:188} INFO - [2025-11-19T06:04:01.682+0000] {dag.py:3036} INFO - Sync 1 DAGs
[2025-11-19T06:04:01.727+0000] {logging_mixin.py:188} INFO - [2025-11-19T06:04:01.727+0000] {dag.py:3823} INFO - Setting next_dagrun for simple_etl_lineage to None, run_after=None
[2025-11-19T06:04:01.910+0000] {processor.py:183} INFO - Processing /opt/airflow/dags/etl_dag.py took 0.468 seconds
[2025-11-19T06:04:32.252+0000] {processor.py:161} INFO - Started process (PID=33146) to work on /opt/airflow/dags/etl_dag.py
[2025-11-19T06:04:32.269+0000] {processor.py:830} INFO - Processing file /opt/airflow/dags/etl_dag.py for tasks to queue
[2025-11-19T06:04:32.271+0000] {logging_mixin.py:188} INFO - [2025-11-19T06:04:32.271+0000] {dagbag.py:538} INFO - Filling up the DagBag from /opt/airflow/dags/etl_dag.py
[2025-11-19T06:04:32.762+0000] {processor.py:840} INFO - DAG(s) 'simple_etl_lineage' retrieved from /opt/airflow/dags/etl_dag.py
[2025-11-19T06:04:32.876+0000] {logging_mixin.py:188} INFO - [2025-11-19T06:04:32.866+0000] {dag.py:3036} INFO - Sync 1 DAGs
[2025-11-19T06:04:32.924+0000] {logging_mixin.py:188} INFO - [2025-11-19T06:04:32.924+0000] {dag.py:3823} INFO - Setting next_dagrun for simple_etl_lineage to None, run_after=None
[2025-11-19T06:04:33.097+0000] {processor.py:183} INFO - Processing /opt/airflow/dags/etl_dag.py took 0.864 seconds
[2025-11-19T06:05:03.820+0000] {processor.py:161} INFO - Started process (PID=33176) to work on /opt/airflow/dags/etl_dag.py
[2025-11-19T06:05:03.822+0000] {processor.py:830} INFO - Processing file /opt/airflow/dags/etl_dag.py for tasks to queue
[2025-11-19T06:05:03.834+0000] {logging_mixin.py:188} INFO - [2025-11-19T06:05:03.833+0000] {dagbag.py:538} INFO - Filling up the DagBag from /opt/airflow/dags/etl_dag.py
[2025-11-19T06:05:03.882+0000] {processor.py:840} INFO - DAG(s) 'simple_etl_lineage' retrieved from /opt/airflow/dags/etl_dag.py
[2025-11-19T06:05:04.022+0000] {logging_mixin.py:188} INFO - [2025-11-19T06:05:04.013+0000] {dag.py:3036} INFO - Sync 1 DAGs
[2025-11-19T06:05:04.106+0000] {logging_mixin.py:188} INFO - [2025-11-19T06:05:04.105+0000] {dag.py:3823} INFO - Setting next_dagrun for simple_etl_lineage to None, run_after=None
[2025-11-19T06:05:04.266+0000] {processor.py:183} INFO - Processing /opt/airflow/dags/etl_dag.py took 0.452 seconds
[2025-11-19T06:05:35.278+0000] {processor.py:161} INFO - Started process (PID=33206) to work on /opt/airflow/dags/etl_dag.py
[2025-11-19T06:05:35.290+0000] {processor.py:830} INFO - Processing file /opt/airflow/dags/etl_dag.py for tasks to queue
[2025-11-19T06:05:35.293+0000] {logging_mixin.py:188} INFO - [2025-11-19T06:05:35.292+0000] {dagbag.py:538} INFO - Filling up the DagBag from /opt/airflow/dags/etl_dag.py
[2025-11-19T06:05:35.400+0000] {processor.py:840} INFO - DAG(s) 'simple_etl_lineage' retrieved from /opt/airflow/dags/etl_dag.py
[2025-11-19T06:05:36.270+0000] {logging_mixin.py:188} INFO - [2025-11-19T06:05:36.269+0000] {dag.py:3036} INFO - Sync 1 DAGs
[2025-11-19T06:05:36.348+0000] {logging_mixin.py:188} INFO - [2025-11-19T06:05:36.338+0000] {dag.py:3823} INFO - Setting next_dagrun for simple_etl_lineage to None, run_after=None
[2025-11-19T06:05:36.579+0000] {processor.py:183} INFO - Processing /opt/airflow/dags/etl_dag.py took 1.318 seconds
[2025-11-19T06:08:32.461+0000] {processor.py:161} INFO - Started process (PID=33235) to work on /opt/airflow/dags/etl_dag.py
[2025-11-19T06:08:32.537+0000] {processor.py:830} INFO - Processing file /opt/airflow/dags/etl_dag.py for tasks to queue
[2025-11-19T06:08:32.540+0000] {logging_mixin.py:188} INFO - [2025-11-19T06:08:32.539+0000] {dagbag.py:538} INFO - Filling up the DagBag from /opt/airflow/dags/etl_dag.py
[2025-11-19T06:08:32.592+0000] {processor.py:840} INFO - DAG(s) 'simple_etl_lineage' retrieved from /opt/airflow/dags/etl_dag.py
[2025-11-19T06:08:32.727+0000] {logging_mixin.py:188} INFO - [2025-11-19T06:08:32.727+0000] {dag.py:3036} INFO - Sync 1 DAGs
[2025-11-19T06:08:32.803+0000] {logging_mixin.py:188} INFO - [2025-11-19T06:08:32.802+0000] {dag.py:3823} INFO - Setting next_dagrun for simple_etl_lineage to None, run_after=None
[2025-11-19T06:08:32.884+0000] {processor.py:183} INFO - Processing /opt/airflow/dags/etl_dag.py took 0.441 seconds
[2025-11-19T06:09:36.060+0000] {processor.py:161} INFO - Started process (PID=33272) to work on /opt/airflow/dags/etl_dag.py
[2025-11-19T06:09:36.083+0000] {processor.py:830} INFO - Processing file /opt/airflow/dags/etl_dag.py for tasks to queue
[2025-11-19T06:09:36.238+0000] {logging_mixin.py:188} INFO - [2025-11-19T06:09:36.238+0000] {dagbag.py:538} INFO - Filling up the DagBag from /opt/airflow/dags/etl_dag.py
[2025-11-19T06:09:42.135+0000] {processor.py:840} INFO - DAG(s) 'simple_etl_lineage' retrieved from /opt/airflow/dags/etl_dag.py
[2025-11-19T06:09:42.393+0000] {logging_mixin.py:188} INFO - [2025-11-19T06:09:42.337+0000] {dag.py:3036} INFO - Sync 1 DAGs
[2025-11-19T06:09:42.484+0000] {logging_mixin.py:188} INFO - [2025-11-19T06:09:42.483+0000] {dag.py:3823} INFO - Setting next_dagrun for simple_etl_lineage to None, run_after=None
[2025-11-19T06:09:42.849+0000] {processor.py:183} INFO - Processing /opt/airflow/dags/etl_dag.py took 6.819 seconds
[2025-11-19T06:10:13.334+0000] {processor.py:161} INFO - Started process (PID=33302) to work on /opt/airflow/dags/etl_dag.py
[2025-11-19T06:10:13.337+0000] {processor.py:830} INFO - Processing file /opt/airflow/dags/etl_dag.py for tasks to queue
[2025-11-19T06:10:13.339+0000] {logging_mixin.py:188} INFO - [2025-11-19T06:10:13.339+0000] {dagbag.py:538} INFO - Filling up the DagBag from /opt/airflow/dags/etl_dag.py
[2025-11-19T06:10:13.389+0000] {processor.py:840} INFO - DAG(s) 'simple_etl_lineage' retrieved from /opt/airflow/dags/etl_dag.py
[2025-11-19T06:10:13.519+0000] {logging_mixin.py:188} INFO - [2025-11-19T06:10:13.519+0000] {dag.py:3036} INFO - Sync 1 DAGs
[2025-11-19T06:10:13.607+0000] {logging_mixin.py:188} INFO - [2025-11-19T06:10:13.607+0000] {dag.py:3823} INFO - Setting next_dagrun for simple_etl_lineage to None, run_after=None
[2025-11-19T06:10:13.766+0000] {processor.py:183} INFO - Processing /opt/airflow/dags/etl_dag.py took 0.450 seconds
[2025-11-19T06:10:44.382+0000] {processor.py:161} INFO - Started process (PID=33332) to work on /opt/airflow/dags/etl_dag.py
[2025-11-19T06:10:44.388+0000] {processor.py:830} INFO - Processing file /opt/airflow/dags/etl_dag.py for tasks to queue
[2025-11-19T06:10:44.391+0000] {logging_mixin.py:188} INFO - [2025-11-19T06:10:44.391+0000] {dagbag.py:538} INFO - Filling up the DagBag from /opt/airflow/dags/etl_dag.py
[2025-11-19T06:10:44.561+0000] {processor.py:840} INFO - DAG(s) 'simple_etl_lineage' retrieved from /opt/airflow/dags/etl_dag.py
[2025-11-19T06:10:44.708+0000] {logging_mixin.py:188} INFO - [2025-11-19T06:10:44.707+0000] {dag.py:3036} INFO - Sync 1 DAGs
[2025-11-19T06:10:44.767+0000] {logging_mixin.py:188} INFO - [2025-11-19T06:10:44.767+0000] {dag.py:3823} INFO - Setting next_dagrun for simple_etl_lineage to None, run_after=None
[2025-11-19T06:10:44.866+0000] {processor.py:183} INFO - Processing /opt/airflow/dags/etl_dag.py took 0.502 seconds
[2025-11-19T06:11:19.170+0000] {processor.py:161} INFO - Started process (PID=33362) to work on /opt/airflow/dags/etl_dag.py
[2025-11-19T06:11:19.198+0000] {processor.py:830} INFO - Processing file /opt/airflow/dags/etl_dag.py for tasks to queue
[2025-11-19T06:11:19.203+0000] {logging_mixin.py:188} INFO - [2025-11-19T06:11:19.203+0000] {dagbag.py:538} INFO - Filling up the DagBag from /opt/airflow/dags/etl_dag.py
[2025-11-19T06:11:19.527+0000] {processor.py:840} INFO - DAG(s) 'simple_etl_lineage' retrieved from /opt/airflow/dags/etl_dag.py
[2025-11-19T06:11:19.703+0000] {logging_mixin.py:188} INFO - [2025-11-19T06:11:19.703+0000] {dag.py:3036} INFO - Sync 1 DAGs
[2025-11-19T06:11:19.802+0000] {logging_mixin.py:188} INFO - [2025-11-19T06:11:19.801+0000] {dag.py:3823} INFO - Setting next_dagrun for simple_etl_lineage to None, run_after=None
[2025-11-19T06:11:19.954+0000] {processor.py:183} INFO - Processing /opt/airflow/dags/etl_dag.py took 0.789 seconds
[2025-11-19T06:11:55.089+0000] {processor.py:161} INFO - Started process (PID=33392) to work on /opt/airflow/dags/etl_dag.py
[2025-11-19T06:11:55.103+0000] {processor.py:830} INFO - Processing file /opt/airflow/dags/etl_dag.py for tasks to queue
[2025-11-19T06:11:55.117+0000] {logging_mixin.py:188} INFO - [2025-11-19T06:11:55.116+0000] {dagbag.py:538} INFO - Filling up the DagBag from /opt/airflow/dags/etl_dag.py
[2025-11-19T06:11:55.177+0000] {processor.py:840} INFO - DAG(s) 'simple_etl_lineage' retrieved from /opt/airflow/dags/etl_dag.py
[2025-11-19T06:11:55.355+0000] {logging_mixin.py:188} INFO - [2025-11-19T06:11:55.345+0000] {dag.py:3036} INFO - Sync 1 DAGs
[2025-11-19T06:11:55.432+0000] {logging_mixin.py:188} INFO - [2025-11-19T06:11:55.432+0000] {dag.py:3823} INFO - Setting next_dagrun for simple_etl_lineage to None, run_after=None
[2025-11-19T06:11:55.614+0000] {processor.py:183} INFO - Processing /opt/airflow/dags/etl_dag.py took 0.543 seconds
[2025-11-19T06:13:47.573+0000] {processor.py:161} INFO - Started process (PID=33418) to work on /opt/airflow/dags/etl_dag.py
[2025-11-19T06:13:47.584+0000] {processor.py:830} INFO - Processing file /opt/airflow/dags/etl_dag.py for tasks to queue
[2025-11-19T06:13:47.624+0000] {logging_mixin.py:188} INFO - [2025-11-19T06:13:47.622+0000] {dagbag.py:538} INFO - Filling up the DagBag from /opt/airflow/dags/etl_dag.py
[2025-11-19T06:13:48.060+0000] {processor.py:840} INFO - DAG(s) 'simple_etl_lineage' retrieved from /opt/airflow/dags/etl_dag.py
[2025-11-19T06:13:48.288+0000] {logging_mixin.py:188} INFO - [2025-11-19T06:13:48.287+0000] {dag.py:3036} INFO - Sync 1 DAGs
[2025-11-19T06:13:49.343+0000] {logging_mixin.py:188} INFO - [2025-11-19T06:13:49.342+0000] {dag.py:3823} INFO - Setting next_dagrun for simple_etl_lineage to None, run_after=None
[2025-11-19T06:13:53.522+0000] {processor.py:183} INFO - Processing /opt/airflow/dags/etl_dag.py took 6.000 seconds
[2025-11-19T06:14:24.388+0000] {processor.py:161} INFO - Started process (PID=33451) to work on /opt/airflow/dags/etl_dag.py
[2025-11-19T06:14:24.391+0000] {processor.py:830} INFO - Processing file /opt/airflow/dags/etl_dag.py for tasks to queue
[2025-11-19T06:14:24.393+0000] {logging_mixin.py:188} INFO - [2025-11-19T06:14:24.393+0000] {dagbag.py:538} INFO - Filling up the DagBag from /opt/airflow/dags/etl_dag.py
[2025-11-19T06:14:24.426+0000] {processor.py:840} INFO - DAG(s) 'simple_etl_lineage' retrieved from /opt/airflow/dags/etl_dag.py
[2025-11-19T06:14:24.512+0000] {logging_mixin.py:188} INFO - [2025-11-19T06:14:24.512+0000] {dag.py:3036} INFO - Sync 1 DAGs
[2025-11-19T06:14:24.545+0000] {logging_mixin.py:188} INFO - [2025-11-19T06:14:24.545+0000] {dag.py:3823} INFO - Setting next_dagrun for simple_etl_lineage to None, run_after=None
[2025-11-19T06:14:24.600+0000] {processor.py:183} INFO - Processing /opt/airflow/dags/etl_dag.py took 0.224 seconds
[2025-11-19T06:14:55.182+0000] {processor.py:161} INFO - Started process (PID=33481) to work on /opt/airflow/dags/etl_dag.py
[2025-11-19T06:14:55.190+0000] {processor.py:830} INFO - Processing file /opt/airflow/dags/etl_dag.py for tasks to queue
[2025-11-19T06:14:55.200+0000] {logging_mixin.py:188} INFO - [2025-11-19T06:14:55.194+0000] {dagbag.py:538} INFO - Filling up the DagBag from /opt/airflow/dags/etl_dag.py
[2025-11-19T06:14:55.626+0000] {processor.py:840} INFO - DAG(s) 'simple_etl_lineage' retrieved from /opt/airflow/dags/etl_dag.py
[2025-11-19T06:14:55.724+0000] {logging_mixin.py:188} INFO - [2025-11-19T06:14:55.723+0000] {dag.py:3036} INFO - Sync 1 DAGs
[2025-11-19T06:14:55.760+0000] {logging_mixin.py:188} INFO - [2025-11-19T06:14:55.760+0000] {dag.py:3823} INFO - Setting next_dagrun for simple_etl_lineage to None, run_after=None
[2025-11-19T06:14:55.844+0000] {processor.py:183} INFO - Processing /opt/airflow/dags/etl_dag.py took 0.668 seconds
[2025-11-19T06:15:25.988+0000] {processor.py:161} INFO - Started process (PID=33513) to work on /opt/airflow/dags/etl_dag.py
[2025-11-19T06:15:26.000+0000] {processor.py:830} INFO - Processing file /opt/airflow/dags/etl_dag.py for tasks to queue
[2025-11-19T06:15:26.008+0000] {logging_mixin.py:188} INFO - [2025-11-19T06:15:26.007+0000] {dagbag.py:538} INFO - Filling up the DagBag from /opt/airflow/dags/etl_dag.py
[2025-11-19T06:15:26.044+0000] {processor.py:840} INFO - DAG(s) 'simple_etl_lineage' retrieved from /opt/airflow/dags/etl_dag.py
[2025-11-19T06:15:26.097+0000] {logging_mixin.py:188} INFO - [2025-11-19T06:15:26.096+0000] {dag.py:3036} INFO - Sync 1 DAGs
[2025-11-19T06:15:26.127+0000] {logging_mixin.py:188} INFO - [2025-11-19T06:15:26.126+0000] {dag.py:3823} INFO - Setting next_dagrun for simple_etl_lineage to None, run_after=None
[2025-11-19T06:15:26.176+0000] {processor.py:183} INFO - Processing /opt/airflow/dags/etl_dag.py took 0.193 seconds
[2025-11-19T06:15:56.465+0000] {processor.py:161} INFO - Started process (PID=33543) to work on /opt/airflow/dags/etl_dag.py
[2025-11-19T06:15:56.468+0000] {processor.py:830} INFO - Processing file /opt/airflow/dags/etl_dag.py for tasks to queue
[2025-11-19T06:15:56.470+0000] {logging_mixin.py:188} INFO - [2025-11-19T06:15:56.469+0000] {dagbag.py:538} INFO - Filling up the DagBag from /opt/airflow/dags/etl_dag.py
[2025-11-19T06:15:56.521+0000] {processor.py:840} INFO - DAG(s) 'simple_etl_lineage' retrieved from /opt/airflow/dags/etl_dag.py
[2025-11-19T06:15:56.593+0000] {logging_mixin.py:188} INFO - [2025-11-19T06:15:56.593+0000] {dag.py:3036} INFO - Sync 1 DAGs
[2025-11-19T06:15:56.692+0000] {logging_mixin.py:188} INFO - [2025-11-19T06:15:56.691+0000] {dag.py:3823} INFO - Setting next_dagrun for simple_etl_lineage to None, run_after=None
[2025-11-19T06:15:58.787+0000] {processor.py:183} INFO - Processing /opt/airflow/dags/etl_dag.py took 2.327 seconds
[2025-11-19T06:16:29.735+0000] {processor.py:161} INFO - Started process (PID=33573) to work on /opt/airflow/dags/etl_dag.py
[2025-11-19T06:16:29.737+0000] {processor.py:830} INFO - Processing file /opt/airflow/dags/etl_dag.py for tasks to queue
[2025-11-19T06:16:29.739+0000] {logging_mixin.py:188} INFO - [2025-11-19T06:16:29.738+0000] {dagbag.py:538} INFO - Filling up the DagBag from /opt/airflow/dags/etl_dag.py
[2025-11-19T06:16:29.766+0000] {processor.py:840} INFO - DAG(s) 'simple_etl_lineage' retrieved from /opt/airflow/dags/etl_dag.py
[2025-11-19T06:16:29.804+0000] {logging_mixin.py:188} INFO - [2025-11-19T06:16:29.803+0000] {dag.py:3036} INFO - Sync 1 DAGs
[2025-11-19T06:16:29.818+0000] {logging_mixin.py:188} INFO - [2025-11-19T06:16:29.818+0000] {dag.py:3823} INFO - Setting next_dagrun for simple_etl_lineage to None, run_after=None
[2025-11-19T06:16:29.838+0000] {processor.py:183} INFO - Processing /opt/airflow/dags/etl_dag.py took 0.112 seconds
[2025-11-19T06:17:01.057+0000] {processor.py:161} INFO - Started process (PID=33603) to work on /opt/airflow/dags/etl_dag.py
[2025-11-19T06:17:01.246+0000] {processor.py:830} INFO - Processing file /opt/airflow/dags/etl_dag.py for tasks to queue
[2025-11-19T06:17:01.260+0000] {logging_mixin.py:188} INFO - [2025-11-19T06:17:01.259+0000] {dagbag.py:538} INFO - Filling up the DagBag from /opt/airflow/dags/etl_dag.py
[2025-11-19T06:17:01.494+0000] {processor.py:840} INFO - DAG(s) 'simple_etl_lineage' retrieved from /opt/airflow/dags/etl_dag.py
[2025-11-19T06:17:01.610+0000] {logging_mixin.py:188} INFO - [2025-11-19T06:17:01.610+0000] {dag.py:3036} INFO - Sync 1 DAGs
[2025-11-19T06:17:01.658+0000] {logging_mixin.py:188} INFO - [2025-11-19T06:17:01.658+0000] {dag.py:3823} INFO - Setting next_dagrun for simple_etl_lineage to None, run_after=None
[2025-11-19T06:17:01.754+0000] {processor.py:183} INFO - Processing /opt/airflow/dags/etl_dag.py took 0.706 seconds
[2025-11-19T06:17:32.564+0000] {processor.py:161} INFO - Started process (PID=33633) to work on /opt/airflow/dags/etl_dag.py
[2025-11-19T06:17:32.565+0000] {processor.py:830} INFO - Processing file /opt/airflow/dags/etl_dag.py for tasks to queue
[2025-11-19T06:17:32.567+0000] {logging_mixin.py:188} INFO - [2025-11-19T06:17:32.566+0000] {dagbag.py:538} INFO - Filling up the DagBag from /opt/airflow/dags/etl_dag.py
[2025-11-19T06:17:32.632+0000] {processor.py:840} INFO - DAG(s) 'simple_etl_lineage' retrieved from /opt/airflow/dags/etl_dag.py
[2025-11-19T06:17:32.697+0000] {logging_mixin.py:188} INFO - [2025-11-19T06:17:32.696+0000] {dag.py:3036} INFO - Sync 1 DAGs
[2025-11-19T06:17:32.713+0000] {logging_mixin.py:188} INFO - [2025-11-19T06:17:32.713+0000] {dag.py:3823} INFO - Setting next_dagrun for simple_etl_lineage to None, run_after=None
[2025-11-19T06:17:32.767+0000] {processor.py:183} INFO - Processing /opt/airflow/dags/etl_dag.py took 0.275 seconds
[2025-11-19T06:18:03.490+0000] {processor.py:161} INFO - Started process (PID=33663) to work on /opt/airflow/dags/etl_dag.py
[2025-11-19T06:18:03.496+0000] {processor.py:830} INFO - Processing file /opt/airflow/dags/etl_dag.py for tasks to queue
[2025-11-19T06:18:03.500+0000] {logging_mixin.py:188} INFO - [2025-11-19T06:18:03.499+0000] {dagbag.py:538} INFO - Filling up the DagBag from /opt/airflow/dags/etl_dag.py
[2025-11-19T06:18:03.532+0000] {processor.py:840} INFO - DAG(s) 'simple_etl_lineage' retrieved from /opt/airflow/dags/etl_dag.py
[2025-11-19T06:18:03.591+0000] {logging_mixin.py:188} INFO - [2025-11-19T06:18:03.591+0000] {dag.py:3036} INFO - Sync 1 DAGs
[2025-11-19T06:18:03.629+0000] {logging_mixin.py:188} INFO - [2025-11-19T06:18:03.628+0000] {dag.py:3823} INFO - Setting next_dagrun for simple_etl_lineage to None, run_after=None
[2025-11-19T06:18:03.682+0000] {processor.py:183} INFO - Processing /opt/airflow/dags/etl_dag.py took 0.197 seconds
[2025-11-19T06:18:34.549+0000] {processor.py:161} INFO - Started process (PID=33696) to work on /opt/airflow/dags/etl_dag.py
[2025-11-19T06:18:34.553+0000] {processor.py:830} INFO - Processing file /opt/airflow/dags/etl_dag.py for tasks to queue
[2025-11-19T06:18:34.555+0000] {logging_mixin.py:188} INFO - [2025-11-19T06:18:34.554+0000] {dagbag.py:538} INFO - Filling up the DagBag from /opt/airflow/dags/etl_dag.py
[2025-11-19T06:18:34.680+0000] {processor.py:840} INFO - DAG(s) 'simple_etl_lineage' retrieved from /opt/airflow/dags/etl_dag.py
[2025-11-19T06:18:34.850+0000] {logging_mixin.py:188} INFO - [2025-11-19T06:18:34.839+0000] {dag.py:3036} INFO - Sync 1 DAGs
[2025-11-19T06:18:34.896+0000] {logging_mixin.py:188} INFO - [2025-11-19T06:18:34.895+0000] {dag.py:3823} INFO - Setting next_dagrun for simple_etl_lineage to None, run_after=None
[2025-11-19T06:18:34.979+0000] {processor.py:183} INFO - Processing /opt/airflow/dags/etl_dag.py took 0.436 seconds
[2025-11-19T06:19:05.880+0000] {processor.py:161} INFO - Started process (PID=33726) to work on /opt/airflow/dags/etl_dag.py
[2025-11-19T06:19:05.890+0000] {processor.py:830} INFO - Processing file /opt/airflow/dags/etl_dag.py for tasks to queue
[2025-11-19T06:19:05.896+0000] {logging_mixin.py:188} INFO - [2025-11-19T06:19:05.895+0000] {dagbag.py:538} INFO - Filling up the DagBag from /opt/airflow/dags/etl_dag.py
[2025-11-19T06:19:06.209+0000] {processor.py:840} INFO - DAG(s) 'simple_etl_lineage' retrieved from /opt/airflow/dags/etl_dag.py
[2025-11-19T06:19:06.411+0000] {logging_mixin.py:188} INFO - [2025-11-19T06:19:06.411+0000] {dag.py:3036} INFO - Sync 1 DAGs
[2025-11-19T06:19:06.459+0000] {logging_mixin.py:188} INFO - [2025-11-19T06:19:06.458+0000] {dag.py:3823} INFO - Setting next_dagrun for simple_etl_lineage to None, run_after=None
[2025-11-19T06:19:06.535+0000] {processor.py:183} INFO - Processing /opt/airflow/dags/etl_dag.py took 0.660 seconds
[2025-11-19T06:19:37.196+0000] {processor.py:161} INFO - Started process (PID=33756) to work on /opt/airflow/dags/etl_dag.py
[2025-11-19T06:19:37.198+0000] {processor.py:830} INFO - Processing file /opt/airflow/dags/etl_dag.py for tasks to queue
[2025-11-19T06:19:37.211+0000] {logging_mixin.py:188} INFO - [2025-11-19T06:19:37.210+0000] {dagbag.py:538} INFO - Filling up the DagBag from /opt/airflow/dags/etl_dag.py
[2025-11-19T06:19:37.295+0000] {processor.py:840} INFO - DAG(s) 'simple_etl_lineage' retrieved from /opt/airflow/dags/etl_dag.py
[2025-11-19T06:19:37.438+0000] {logging_mixin.py:188} INFO - [2025-11-19T06:19:37.438+0000] {dag.py:3036} INFO - Sync 1 DAGs
[2025-11-19T06:19:37.500+0000] {logging_mixin.py:188} INFO - [2025-11-19T06:19:37.500+0000] {dag.py:3823} INFO - Setting next_dagrun for simple_etl_lineage to None, run_after=None
[2025-11-19T06:19:37.893+0000] {processor.py:183} INFO - Processing /opt/airflow/dags/etl_dag.py took 0.702 seconds
[2025-11-19T06:20:08.164+0000] {processor.py:161} INFO - Started process (PID=33788) to work on /opt/airflow/dags/etl_dag.py
[2025-11-19T06:20:08.167+0000] {processor.py:830} INFO - Processing file /opt/airflow/dags/etl_dag.py for tasks to queue
[2025-11-19T06:20:08.168+0000] {logging_mixin.py:188} INFO - [2025-11-19T06:20:08.168+0000] {dagbag.py:538} INFO - Filling up the DagBag from /opt/airflow/dags/etl_dag.py
[2025-11-19T06:20:08.201+0000] {processor.py:840} INFO - DAG(s) 'simple_etl_lineage' retrieved from /opt/airflow/dags/etl_dag.py
[2025-11-19T06:20:08.274+0000] {logging_mixin.py:188} INFO - [2025-11-19T06:20:08.274+0000] {dag.py:3036} INFO - Sync 1 DAGs
[2025-11-19T06:20:08.286+0000] {logging_mixin.py:188} INFO - [2025-11-19T06:20:08.286+0000] {dag.py:3823} INFO - Setting next_dagrun for simple_etl_lineage to None, run_after=None
[2025-11-19T06:20:08.320+0000] {processor.py:183} INFO - Processing /opt/airflow/dags/etl_dag.py took 0.161 seconds
[2025-11-19T06:20:39.139+0000] {processor.py:161} INFO - Started process (PID=33816) to work on /opt/airflow/dags/etl_dag.py
[2025-11-19T06:20:39.141+0000] {processor.py:830} INFO - Processing file /opt/airflow/dags/etl_dag.py for tasks to queue
[2025-11-19T06:20:39.143+0000] {logging_mixin.py:188} INFO - [2025-11-19T06:20:39.142+0000] {dagbag.py:538} INFO - Filling up the DagBag from /opt/airflow/dags/etl_dag.py
[2025-11-19T06:20:39.172+0000] {processor.py:840} INFO - DAG(s) 'simple_etl_lineage' retrieved from /opt/airflow/dags/etl_dag.py
[2025-11-19T06:20:39.303+0000] {logging_mixin.py:188} INFO - [2025-11-19T06:20:39.303+0000] {dag.py:3036} INFO - Sync 1 DAGs
[2025-11-19T06:20:39.331+0000] {logging_mixin.py:188} INFO - [2025-11-19T06:20:39.330+0000] {dag.py:3823} INFO - Setting next_dagrun for simple_etl_lineage to None, run_after=None
[2025-11-19T06:20:39.408+0000] {processor.py:183} INFO - Processing /opt/airflow/dags/etl_dag.py took 0.274 seconds
[2025-11-19T06:21:09.696+0000] {processor.py:161} INFO - Started process (PID=33848) to work on /opt/airflow/dags/etl_dag.py
[2025-11-19T06:21:09.703+0000] {processor.py:830} INFO - Processing file /opt/airflow/dags/etl_dag.py for tasks to queue
[2025-11-19T06:21:09.714+0000] {logging_mixin.py:188} INFO - [2025-11-19T06:21:09.714+0000] {dagbag.py:538} INFO - Filling up the DagBag from /opt/airflow/dags/etl_dag.py
[2025-11-19T06:21:09.786+0000] {processor.py:840} INFO - DAG(s) 'simple_etl_lineage' retrieved from /opt/airflow/dags/etl_dag.py
[2025-11-19T06:21:09.905+0000] {logging_mixin.py:188} INFO - [2025-11-19T06:21:09.904+0000] {dag.py:3036} INFO - Sync 1 DAGs
[2025-11-19T06:21:09.953+0000] {logging_mixin.py:188} INFO - [2025-11-19T06:21:09.953+0000] {dag.py:3823} INFO - Setting next_dagrun for simple_etl_lineage to None, run_after=None
[2025-11-19T06:21:10.360+0000] {processor.py:183} INFO - Processing /opt/airflow/dags/etl_dag.py took 0.670 seconds
[2025-11-19T06:21:41.854+0000] {processor.py:161} INFO - Started process (PID=33876) to work on /opt/airflow/dags/etl_dag.py
[2025-11-19T06:21:41.858+0000] {processor.py:830} INFO - Processing file /opt/airflow/dags/etl_dag.py for tasks to queue
[2025-11-19T06:21:41.868+0000] {logging_mixin.py:188} INFO - [2025-11-19T06:21:41.860+0000] {dagbag.py:538} INFO - Filling up the DagBag from /opt/airflow/dags/etl_dag.py
[2025-11-19T06:21:41.938+0000] {processor.py:840} INFO - DAG(s) 'simple_etl_lineage' retrieved from /opt/airflow/dags/etl_dag.py
[2025-11-19T06:21:42.048+0000] {logging_mixin.py:188} INFO - [2025-11-19T06:21:42.048+0000] {dag.py:3036} INFO - Sync 1 DAGs
[2025-11-19T06:21:42.109+0000] {logging_mixin.py:188} INFO - [2025-11-19T06:21:42.109+0000] {dag.py:3823} INFO - Setting next_dagrun for simple_etl_lineage to None, run_after=None
[2025-11-19T06:21:42.185+0000] {processor.py:183} INFO - Processing /opt/airflow/dags/etl_dag.py took 0.335 seconds
[2025-11-19T12:50:16.234+0000] {processor.py:161} INFO - Started process (PID=201) to work on /opt/airflow/dags/etl_dag.py
[2025-11-19T12:50:16.236+0000] {processor.py:830} INFO - Processing file /opt/airflow/dags/etl_dag.py for tasks to queue
[2025-11-19T12:50:16.238+0000] {logging_mixin.py:188} INFO - [2025-11-19T12:50:16.237+0000] {dagbag.py:538} INFO - Filling up the DagBag from /opt/airflow/dags/etl_dag.py
[2025-11-19T12:50:16.296+0000] {processor.py:840} INFO - DAG(s) 'simple_etl_lineage' retrieved from /opt/airflow/dags/etl_dag.py
[2025-11-19T12:50:16.606+0000] {logging_mixin.py:188} INFO - [2025-11-19T12:50:16.605+0000] {override.py:1769} INFO - Created Permission View: can delete on DAG:simple_etl_lineage
[2025-11-19T12:50:16.632+0000] {logging_mixin.py:188} INFO - [2025-11-19T12:50:16.632+0000] {override.py:1769} INFO - Created Permission View: can edit on DAG:simple_etl_lineage
[2025-11-19T12:50:16.656+0000] {logging_mixin.py:188} INFO - [2025-11-19T12:50:16.653+0000] {override.py:1769} INFO - Created Permission View: can read on DAG:simple_etl_lineage
[2025-11-19T12:50:16.662+0000] {logging_mixin.py:188} INFO - [2025-11-19T12:50:16.661+0000] {dag.py:3036} INFO - Sync 1 DAGs
[2025-11-19T12:50:16.691+0000] {logging_mixin.py:188} INFO - [2025-11-19T12:50:16.691+0000] {dag.py:3058} INFO - Creating ORM DAG for simple_etl_lineage
[2025-11-19T12:50:16.693+0000] {logging_mixin.py:188} INFO - [2025-11-19T12:50:16.692+0000] {dag.py:3823} INFO - Setting next_dagrun for simple_etl_lineage to None, run_after=None
[2025-11-19T12:50:16.737+0000] {processor.py:183} INFO - Processing /opt/airflow/dags/etl_dag.py took 0.508 seconds
[2025-11-19T12:50:46.906+0000] {processor.py:161} INFO - Started process (PID=239) to work on /opt/airflow/dags/etl_dag.py
[2025-11-19T12:50:46.908+0000] {processor.py:830} INFO - Processing file /opt/airflow/dags/etl_dag.py for tasks to queue
[2025-11-19T12:50:46.909+0000] {logging_mixin.py:188} INFO - [2025-11-19T12:50:46.909+0000] {dagbag.py:538} INFO - Filling up the DagBag from /opt/airflow/dags/etl_dag.py
[2025-11-19T12:50:46.929+0000] {processor.py:840} INFO - DAG(s) 'simple_etl_lineage' retrieved from /opt/airflow/dags/etl_dag.py
[2025-11-19T12:50:46.953+0000] {logging_mixin.py:188} INFO - [2025-11-19T12:50:46.953+0000] {dag.py:3036} INFO - Sync 1 DAGs
[2025-11-19T12:50:46.964+0000] {logging_mixin.py:188} INFO - [2025-11-19T12:50:46.964+0000] {dag.py:3823} INFO - Setting next_dagrun for simple_etl_lineage to None, run_after=None
[2025-11-19T12:50:46.984+0000] {processor.py:183} INFO - Processing /opt/airflow/dags/etl_dag.py took 0.081 seconds
[2025-11-19T12:51:17.263+0000] {processor.py:161} INFO - Started process (PID=269) to work on /opt/airflow/dags/etl_dag.py
[2025-11-19T12:51:17.265+0000] {processor.py:830} INFO - Processing file /opt/airflow/dags/etl_dag.py for tasks to queue
[2025-11-19T12:51:17.268+0000] {logging_mixin.py:188} INFO - [2025-11-19T12:51:17.266+0000] {dagbag.py:538} INFO - Filling up the DagBag from /opt/airflow/dags/etl_dag.py
[2025-11-19T12:51:17.289+0000] {processor.py:840} INFO - DAG(s) 'simple_etl_lineage' retrieved from /opt/airflow/dags/etl_dag.py
[2025-11-19T12:51:17.325+0000] {logging_mixin.py:188} INFO - [2025-11-19T12:51:17.325+0000] {dag.py:3036} INFO - Sync 1 DAGs
[2025-11-19T12:51:17.337+0000] {logging_mixin.py:188} INFO - [2025-11-19T12:51:17.336+0000] {dag.py:3823} INFO - Setting next_dagrun for simple_etl_lineage to None, run_after=None
[2025-11-19T12:51:17.370+0000] {processor.py:183} INFO - Processing /opt/airflow/dags/etl_dag.py took 0.111 seconds
[2025-11-19T12:51:48.288+0000] {processor.py:161} INFO - Started process (PID=299) to work on /opt/airflow/dags/etl_dag.py
[2025-11-19T12:51:48.290+0000] {processor.py:830} INFO - Processing file /opt/airflow/dags/etl_dag.py for tasks to queue
[2025-11-19T12:51:48.291+0000] {logging_mixin.py:188} INFO - [2025-11-19T12:51:48.291+0000] {dagbag.py:538} INFO - Filling up the DagBag from /opt/airflow/dags/etl_dag.py
[2025-11-19T12:51:48.317+0000] {processor.py:840} INFO - DAG(s) 'simple_etl_lineage' retrieved from /opt/airflow/dags/etl_dag.py
[2025-11-19T12:51:48.363+0000] {logging_mixin.py:188} INFO - [2025-11-19T12:51:48.362+0000] {dag.py:3036} INFO - Sync 1 DAGs
[2025-11-19T12:51:48.378+0000] {logging_mixin.py:188} INFO - [2025-11-19T12:51:48.378+0000] {dag.py:3823} INFO - Setting next_dagrun for simple_etl_lineage to None, run_after=None
[2025-11-19T12:51:48.443+0000] {processor.py:183} INFO - Processing /opt/airflow/dags/etl_dag.py took 0.158 seconds
[2025-11-19T12:52:18.559+0000] {processor.py:161} INFO - Started process (PID=329) to work on /opt/airflow/dags/etl_dag.py
[2025-11-19T12:52:18.561+0000] {processor.py:830} INFO - Processing file /opt/airflow/dags/etl_dag.py for tasks to queue
[2025-11-19T12:52:18.562+0000] {logging_mixin.py:188} INFO - [2025-11-19T12:52:18.561+0000] {dagbag.py:538} INFO - Filling up the DagBag from /opt/airflow/dags/etl_dag.py
[2025-11-19T12:52:18.578+0000] {processor.py:840} INFO - DAG(s) 'simple_etl_lineage' retrieved from /opt/airflow/dags/etl_dag.py
[2025-11-19T12:52:18.602+0000] {logging_mixin.py:188} INFO - [2025-11-19T12:52:18.601+0000] {dag.py:3036} INFO - Sync 1 DAGs
[2025-11-19T12:52:18.612+0000] {logging_mixin.py:188} INFO - [2025-11-19T12:52:18.612+0000] {dag.py:3823} INFO - Setting next_dagrun for simple_etl_lineage to None, run_after=None
[2025-11-19T12:52:18.630+0000] {processor.py:183} INFO - Processing /opt/airflow/dags/etl_dag.py took 0.074 seconds
[2025-11-19T12:52:49.212+0000] {processor.py:161} INFO - Started process (PID=359) to work on /opt/airflow/dags/etl_dag.py
[2025-11-19T12:52:49.213+0000] {processor.py:830} INFO - Processing file /opt/airflow/dags/etl_dag.py for tasks to queue
[2025-11-19T12:52:49.214+0000] {logging_mixin.py:188} INFO - [2025-11-19T12:52:49.214+0000] {dagbag.py:538} INFO - Filling up the DagBag from /opt/airflow/dags/etl_dag.py
[2025-11-19T12:52:49.233+0000] {processor.py:840} INFO - DAG(s) 'simple_etl_lineage' retrieved from /opt/airflow/dags/etl_dag.py
[2025-11-19T12:52:49.259+0000] {logging_mixin.py:188} INFO - [2025-11-19T12:52:49.259+0000] {dag.py:3036} INFO - Sync 1 DAGs
[2025-11-19T12:52:49.269+0000] {logging_mixin.py:188} INFO - [2025-11-19T12:52:49.269+0000] {dag.py:3823} INFO - Setting next_dagrun for simple_etl_lineage to None, run_after=None
[2025-11-19T12:52:49.287+0000] {processor.py:183} INFO - Processing /opt/airflow/dags/etl_dag.py took 0.078 seconds
[2025-11-19T12:53:20.113+0000] {processor.py:161} INFO - Started process (PID=389) to work on /opt/airflow/dags/etl_dag.py
[2025-11-19T12:53:20.115+0000] {processor.py:830} INFO - Processing file /opt/airflow/dags/etl_dag.py for tasks to queue
[2025-11-19T12:53:20.116+0000] {logging_mixin.py:188} INFO - [2025-11-19T12:53:20.116+0000] {dagbag.py:538} INFO - Filling up the DagBag from /opt/airflow/dags/etl_dag.py
[2025-11-19T12:53:20.143+0000] {processor.py:840} INFO - DAG(s) 'simple_etl_lineage' retrieved from /opt/airflow/dags/etl_dag.py
[2025-11-19T12:53:20.169+0000] {logging_mixin.py:188} INFO - [2025-11-19T12:53:20.169+0000] {dag.py:3036} INFO - Sync 1 DAGs
[2025-11-19T12:53:20.180+0000] {logging_mixin.py:188} INFO - [2025-11-19T12:53:20.180+0000] {dag.py:3823} INFO - Setting next_dagrun for simple_etl_lineage to None, run_after=None
[2025-11-19T12:53:20.200+0000] {processor.py:183} INFO - Processing /opt/airflow/dags/etl_dag.py took 0.091 seconds
[2025-11-19T12:53:50.339+0000] {processor.py:161} INFO - Started process (PID=419) to work on /opt/airflow/dags/etl_dag.py
[2025-11-19T12:53:50.341+0000] {processor.py:830} INFO - Processing file /opt/airflow/dags/etl_dag.py for tasks to queue
[2025-11-19T12:53:50.343+0000] {logging_mixin.py:188} INFO - [2025-11-19T12:53:50.342+0000] {dagbag.py:538} INFO - Filling up the DagBag from /opt/airflow/dags/etl_dag.py
[2025-11-19T12:53:50.365+0000] {processor.py:840} INFO - DAG(s) 'simple_etl_lineage' retrieved from /opt/airflow/dags/etl_dag.py
[2025-11-19T12:53:50.394+0000] {logging_mixin.py:188} INFO - [2025-11-19T12:53:50.393+0000] {dag.py:3036} INFO - Sync 1 DAGs
[2025-11-19T12:53:50.406+0000] {logging_mixin.py:188} INFO - [2025-11-19T12:53:50.406+0000] {dag.py:3823} INFO - Setting next_dagrun for simple_etl_lineage to None, run_after=None
[2025-11-19T12:53:50.423+0000] {processor.py:183} INFO - Processing /opt/airflow/dags/etl_dag.py took 0.088 seconds
[2025-11-19T12:54:20.744+0000] {processor.py:161} INFO - Started process (PID=451) to work on /opt/airflow/dags/etl_dag.py
[2025-11-19T12:54:20.746+0000] {processor.py:830} INFO - Processing file /opt/airflow/dags/etl_dag.py for tasks to queue
[2025-11-19T12:54:20.747+0000] {logging_mixin.py:188} INFO - [2025-11-19T12:54:20.747+0000] {dagbag.py:538} INFO - Filling up the DagBag from /opt/airflow/dags/etl_dag.py
[2025-11-19T12:54:20.816+0000] {processor.py:840} INFO - DAG(s) 'simple_etl_lineage' retrieved from /opt/airflow/dags/etl_dag.py
[2025-11-19T12:54:20.855+0000] {logging_mixin.py:188} INFO - [2025-11-19T12:54:20.853+0000] {dag.py:3036} INFO - Sync 1 DAGs
[2025-11-19T12:54:20.873+0000] {logging_mixin.py:188} INFO - [2025-11-19T12:54:20.872+0000] {dag.py:3823} INFO - Setting next_dagrun for simple_etl_lineage to None, run_after=None
[2025-11-19T12:54:20.897+0000] {processor.py:183} INFO - Processing /opt/airflow/dags/etl_dag.py took 0.155 seconds
[2025-11-19T12:54:51.710+0000] {processor.py:161} INFO - Started process (PID=481) to work on /opt/airflow/dags/etl_dag.py
[2025-11-19T12:54:51.715+0000] {processor.py:830} INFO - Processing file /opt/airflow/dags/etl_dag.py for tasks to queue
[2025-11-19T12:54:51.718+0000] {logging_mixin.py:188} INFO - [2025-11-19T12:54:51.717+0000] {dagbag.py:538} INFO - Filling up the DagBag from /opt/airflow/dags/etl_dag.py
[2025-11-19T12:54:51.742+0000] {processor.py:840} INFO - DAG(s) 'simple_etl_lineage' retrieved from /opt/airflow/dags/etl_dag.py
[2025-11-19T12:54:51.770+0000] {logging_mixin.py:188} INFO - [2025-11-19T12:54:51.770+0000] {dag.py:3036} INFO - Sync 1 DAGs
[2025-11-19T12:54:51.784+0000] {logging_mixin.py:188} INFO - [2025-11-19T12:54:51.784+0000] {dag.py:3823} INFO - Setting next_dagrun for simple_etl_lineage to None, run_after=None
[2025-11-19T12:54:51.813+0000] {processor.py:183} INFO - Processing /opt/airflow/dags/etl_dag.py took 0.111 seconds
[2025-11-19T12:55:21.999+0000] {processor.py:161} INFO - Started process (PID=514) to work on /opt/airflow/dags/etl_dag.py
[2025-11-19T12:55:22.012+0000] {processor.py:830} INFO - Processing file /opt/airflow/dags/etl_dag.py for tasks to queue
[2025-11-19T12:55:22.016+0000] {logging_mixin.py:188} INFO - [2025-11-19T12:55:22.015+0000] {dagbag.py:538} INFO - Filling up the DagBag from /opt/airflow/dags/etl_dag.py
[2025-11-19T12:55:22.061+0000] {processor.py:840} INFO - DAG(s) 'simple_etl_lineage' retrieved from /opt/airflow/dags/etl_dag.py
[2025-11-19T12:55:22.158+0000] {logging_mixin.py:188} INFO - [2025-11-19T12:55:22.157+0000] {dag.py:3036} INFO - Sync 1 DAGs
[2025-11-19T12:55:22.205+0000] {logging_mixin.py:188} INFO - [2025-11-19T12:55:22.205+0000] {dag.py:3823} INFO - Setting next_dagrun for simple_etl_lineage to None, run_after=None
[2025-11-19T12:55:22.255+0000] {processor.py:183} INFO - Processing /opt/airflow/dags/etl_dag.py took 0.260 seconds
[2025-11-19T12:55:52.356+0000] {processor.py:161} INFO - Started process (PID=546) to work on /opt/airflow/dags/etl_dag.py
[2025-11-19T12:55:52.357+0000] {processor.py:830} INFO - Processing file /opt/airflow/dags/etl_dag.py for tasks to queue
[2025-11-19T12:55:52.359+0000] {logging_mixin.py:188} INFO - [2025-11-19T12:55:52.358+0000] {dagbag.py:538} INFO - Filling up the DagBag from /opt/airflow/dags/etl_dag.py
[2025-11-19T12:55:52.380+0000] {processor.py:840} INFO - DAG(s) 'simple_etl_lineage' retrieved from /opt/airflow/dags/etl_dag.py
[2025-11-19T12:55:52.406+0000] {logging_mixin.py:188} INFO - [2025-11-19T12:55:52.406+0000] {dag.py:3036} INFO - Sync 1 DAGs
[2025-11-19T12:55:52.417+0000] {logging_mixin.py:188} INFO - [2025-11-19T12:55:52.417+0000] {dag.py:3823} INFO - Setting next_dagrun for simple_etl_lineage to None, run_after=None
[2025-11-19T12:55:52.439+0000] {processor.py:183} INFO - Processing /opt/airflow/dags/etl_dag.py took 0.087 seconds
[2025-11-19T12:57:42.755+0000] {processor.py:161} INFO - Started process (PID=201) to work on /opt/airflow/dags/etl_dag.py
[2025-11-19T12:57:42.758+0000] {processor.py:830} INFO - Processing file /opt/airflow/dags/etl_dag.py for tasks to queue
[2025-11-19T12:57:42.759+0000] {logging_mixin.py:188} INFO - [2025-11-19T12:57:42.759+0000] {dagbag.py:538} INFO - Filling up the DagBag from /opt/airflow/dags/etl_dag.py
[2025-11-19T12:57:42.786+0000] {processor.py:840} INFO - DAG(s) 'simple_etl_lineage' retrieved from /opt/airflow/dags/etl_dag.py
[2025-11-19T12:57:42.943+0000] {logging_mixin.py:188} INFO - [2025-11-19T12:57:42.943+0000] {override.py:1769} INFO - Created Permission View: can edit on DAG:simple_etl_lineage
[2025-11-19T12:57:42.959+0000] {logging_mixin.py:188} INFO - [2025-11-19T12:57:42.959+0000] {override.py:1769} INFO - Created Permission View: can read on DAG:simple_etl_lineage
[2025-11-19T12:57:42.971+0000] {logging_mixin.py:188} INFO - [2025-11-19T12:57:42.970+0000] {override.py:1769} INFO - Created Permission View: can delete on DAG:simple_etl_lineage
[2025-11-19T12:57:42.972+0000] {logging_mixin.py:188} INFO - [2025-11-19T12:57:42.972+0000] {dag.py:3036} INFO - Sync 1 DAGs
[2025-11-19T12:57:42.993+0000] {logging_mixin.py:188} INFO - [2025-11-19T12:57:42.993+0000] {dag.py:3058} INFO - Creating ORM DAG for simple_etl_lineage
[2025-11-19T12:57:42.995+0000] {logging_mixin.py:188} INFO - [2025-11-19T12:57:42.995+0000] {dag.py:3823} INFO - Setting next_dagrun for simple_etl_lineage to None, run_after=None
[2025-11-19T12:57:43.024+0000] {processor.py:183} INFO - Processing /opt/airflow/dags/etl_dag.py took 0.273 seconds
[2025-11-19T12:58:22.820+0000] {processor.py:161} INFO - Started process (PID=233) to work on /opt/airflow/dags/etl_dag.py
[2025-11-19T12:58:22.853+0000] {processor.py:830} INFO - Processing file /opt/airflow/dags/etl_dag.py for tasks to queue
[2025-11-19T12:58:22.862+0000] {logging_mixin.py:188} INFO - [2025-11-19T12:58:22.861+0000] {dagbag.py:538} INFO - Filling up the DagBag from /opt/airflow/dags/etl_dag.py
[2025-11-19T12:58:24.981+0000] {processor.py:840} INFO - DAG(s) 'simple_etl_lineage' retrieved from /opt/airflow/dags/etl_dag.py
[2025-11-19T12:58:25.444+0000] {logging_mixin.py:188} INFO - [2025-11-19T12:58:25.443+0000] {dag.py:3036} INFO - Sync 1 DAGs
[2025-11-19T12:58:25.939+0000] {logging_mixin.py:188} INFO - [2025-11-19T12:58:25.939+0000] {dag.py:3823} INFO - Setting next_dagrun for simple_etl_lineage to None, run_after=None
[2025-11-19T12:58:27.147+0000] {processor.py:183} INFO - Processing /opt/airflow/dags/etl_dag.py took 4.331 seconds
[2025-11-19T12:58:57.874+0000] {processor.py:161} INFO - Started process (PID=260) to work on /opt/airflow/dags/etl_dag.py
[2025-11-19T12:58:57.881+0000] {processor.py:830} INFO - Processing file /opt/airflow/dags/etl_dag.py for tasks to queue
[2025-11-19T12:58:57.887+0000] {logging_mixin.py:188} INFO - [2025-11-19T12:58:57.886+0000] {dagbag.py:538} INFO - Filling up the DagBag from /opt/airflow/dags/etl_dag.py
[2025-11-19T12:58:57.961+0000] {processor.py:840} INFO - DAG(s) 'simple_etl_lineage' retrieved from /opt/airflow/dags/etl_dag.py
[2025-11-19T12:58:58.066+0000] {logging_mixin.py:188} INFO - [2025-11-19T12:58:58.066+0000] {dag.py:3036} INFO - Sync 1 DAGs
[2025-11-19T12:58:58.127+0000] {logging_mixin.py:188} INFO - [2025-11-19T12:58:58.124+0000] {dag.py:3823} INFO - Setting next_dagrun for simple_etl_lineage to None, run_after=None
[2025-11-19T12:58:58.200+0000] {processor.py:183} INFO - Processing /opt/airflow/dags/etl_dag.py took 0.338 seconds
[2025-11-19T12:59:28.493+0000] {processor.py:161} INFO - Started process (PID=294) to work on /opt/airflow/dags/etl_dag.py
[2025-11-19T12:59:28.495+0000] {processor.py:830} INFO - Processing file /opt/airflow/dags/etl_dag.py for tasks to queue
[2025-11-19T12:59:28.497+0000] {logging_mixin.py:188} INFO - [2025-11-19T12:59:28.497+0000] {dagbag.py:538} INFO - Filling up the DagBag from /opt/airflow/dags/etl_dag.py
[2025-11-19T12:59:28.524+0000] {processor.py:840} INFO - DAG(s) 'simple_etl_lineage' retrieved from /opt/airflow/dags/etl_dag.py
[2025-11-19T12:59:28.596+0000] {logging_mixin.py:188} INFO - [2025-11-19T12:59:28.596+0000] {dag.py:3036} INFO - Sync 1 DAGs
[2025-11-19T12:59:28.643+0000] {logging_mixin.py:188} INFO - [2025-11-19T12:59:28.643+0000] {dag.py:3823} INFO - Setting next_dagrun for simple_etl_lineage to None, run_after=None
[2025-11-19T12:59:28.743+0000] {processor.py:183} INFO - Processing /opt/airflow/dags/etl_dag.py took 0.255 seconds
[2025-11-19T12:59:59.463+0000] {processor.py:161} INFO - Started process (PID=324) to work on /opt/airflow/dags/etl_dag.py
[2025-11-19T12:59:59.466+0000] {processor.py:830} INFO - Processing file /opt/airflow/dags/etl_dag.py for tasks to queue
[2025-11-19T12:59:59.467+0000] {logging_mixin.py:188} INFO - [2025-11-19T12:59:59.467+0000] {dagbag.py:538} INFO - Filling up the DagBag from /opt/airflow/dags/etl_dag.py
[2025-11-19T12:59:59.508+0000] {processor.py:840} INFO - DAG(s) 'simple_etl_lineage' retrieved from /opt/airflow/dags/etl_dag.py
[2025-11-19T12:59:59.545+0000] {logging_mixin.py:188} INFO - [2025-11-19T12:59:59.544+0000] {dag.py:3036} INFO - Sync 1 DAGs
[2025-11-19T12:59:59.559+0000] {logging_mixin.py:188} INFO - [2025-11-19T12:59:59.559+0000] {dag.py:3823} INFO - Setting next_dagrun for simple_etl_lineage to None, run_after=None
[2025-11-19T12:59:59.585+0000] {processor.py:183} INFO - Processing /opt/airflow/dags/etl_dag.py took 0.129 seconds
[2025-11-19T13:00:29.853+0000] {processor.py:161} INFO - Started process (PID=355) to work on /opt/airflow/dags/etl_dag.py
[2025-11-19T13:00:29.855+0000] {processor.py:830} INFO - Processing file /opt/airflow/dags/etl_dag.py for tasks to queue
[2025-11-19T13:00:29.857+0000] {logging_mixin.py:188} INFO - [2025-11-19T13:00:29.856+0000] {dagbag.py:538} INFO - Filling up the DagBag from /opt/airflow/dags/etl_dag.py
[2025-11-19T13:00:29.897+0000] {processor.py:840} INFO - DAG(s) 'simple_etl_lineage' retrieved from /opt/airflow/dags/etl_dag.py
[2025-11-19T13:00:29.957+0000] {logging_mixin.py:188} INFO - [2025-11-19T13:00:29.957+0000] {dag.py:3036} INFO - Sync 1 DAGs
[2025-11-19T13:00:29.988+0000] {logging_mixin.py:188} INFO - [2025-11-19T13:00:29.988+0000] {dag.py:3823} INFO - Setting next_dagrun for simple_etl_lineage to None, run_after=None
[2025-11-19T13:00:30.036+0000] {processor.py:183} INFO - Processing /opt/airflow/dags/etl_dag.py took 0.194 seconds
[2025-11-19T13:01:02.125+0000] {processor.py:161} INFO - Started process (PID=385) to work on /opt/airflow/dags/etl_dag.py
[2025-11-19T13:01:02.159+0000] {processor.py:830} INFO - Processing file /opt/airflow/dags/etl_dag.py for tasks to queue
[2025-11-19T13:01:02.239+0000] {logging_mixin.py:188} INFO - [2025-11-19T13:01:02.238+0000] {dagbag.py:538} INFO - Filling up the DagBag from /opt/airflow/dags/etl_dag.py
[2025-11-19T13:01:05.255+0000] {processor.py:840} INFO - DAG(s) 'simple_etl_lineage' retrieved from /opt/airflow/dags/etl_dag.py
[2025-11-19T13:01:06.088+0000] {logging_mixin.py:188} INFO - [2025-11-19T13:01:06.088+0000] {dag.py:3036} INFO - Sync 1 DAGs
[2025-11-19T13:01:06.425+0000] {logging_mixin.py:188} INFO - [2025-11-19T13:01:06.425+0000] {dag.py:3823} INFO - Setting next_dagrun for simple_etl_lineage to None, run_after=None
[2025-11-19T13:01:06.723+0000] {processor.py:183} INFO - Processing /opt/airflow/dags/etl_dag.py took 4.664 seconds
[2025-11-19T13:01:37.624+0000] {processor.py:161} INFO - Started process (PID=424) to work on /opt/airflow/dags/etl_dag.py
[2025-11-19T13:01:37.627+0000] {processor.py:830} INFO - Processing file /opt/airflow/dags/etl_dag.py for tasks to queue
[2025-11-19T13:01:37.629+0000] {logging_mixin.py:188} INFO - [2025-11-19T13:01:37.629+0000] {dagbag.py:538} INFO - Filling up the DagBag from /opt/airflow/dags/etl_dag.py
[2025-11-19T13:01:37.658+0000] {processor.py:840} INFO - DAG(s) 'simple_etl_lineage' retrieved from /opt/airflow/dags/etl_dag.py
[2025-11-19T13:01:37.699+0000] {logging_mixin.py:188} INFO - [2025-11-19T13:01:37.699+0000] {dag.py:3036} INFO - Sync 1 DAGs
[2025-11-19T13:01:37.714+0000] {logging_mixin.py:188} INFO - [2025-11-19T13:01:37.714+0000] {dag.py:3823} INFO - Setting next_dagrun for simple_etl_lineage to None, run_after=None
[2025-11-19T13:01:37.766+0000] {processor.py:183} INFO - Processing /opt/airflow/dags/etl_dag.py took 0.147 seconds
[2025-11-19T13:02:08.369+0000] {processor.py:161} INFO - Started process (PID=454) to work on /opt/airflow/dags/etl_dag.py
[2025-11-19T13:02:08.371+0000] {processor.py:830} INFO - Processing file /opt/airflow/dags/etl_dag.py for tasks to queue
[2025-11-19T13:02:08.372+0000] {logging_mixin.py:188} INFO - [2025-11-19T13:02:08.372+0000] {dagbag.py:538} INFO - Filling up the DagBag from /opt/airflow/dags/etl_dag.py
[2025-11-19T13:02:08.402+0000] {processor.py:840} INFO - DAG(s) 'simple_etl_lineage' retrieved from /opt/airflow/dags/etl_dag.py
[2025-11-19T13:02:08.456+0000] {logging_mixin.py:188} INFO - [2025-11-19T13:02:08.456+0000] {dag.py:3036} INFO - Sync 1 DAGs
[2025-11-19T13:02:08.490+0000] {logging_mixin.py:188} INFO - [2025-11-19T13:02:08.490+0000] {dag.py:3823} INFO - Setting next_dagrun for simple_etl_lineage to None, run_after=None
[2025-11-19T13:02:08.522+0000] {processor.py:183} INFO - Processing /opt/airflow/dags/etl_dag.py took 0.158 seconds
[2025-11-19T13:02:39.196+0000] {processor.py:161} INFO - Started process (PID=484) to work on /opt/airflow/dags/etl_dag.py
[2025-11-19T13:02:39.198+0000] {processor.py:830} INFO - Processing file /opt/airflow/dags/etl_dag.py for tasks to queue
[2025-11-19T13:02:39.199+0000] {logging_mixin.py:188} INFO - [2025-11-19T13:02:39.199+0000] {dagbag.py:538} INFO - Filling up the DagBag from /opt/airflow/dags/etl_dag.py
[2025-11-19T13:02:39.229+0000] {processor.py:840} INFO - DAG(s) 'simple_etl_lineage' retrieved from /opt/airflow/dags/etl_dag.py
[2025-11-19T13:02:39.280+0000] {logging_mixin.py:188} INFO - [2025-11-19T13:02:39.280+0000] {dag.py:3036} INFO - Sync 1 DAGs
[2025-11-19T13:02:39.304+0000] {logging_mixin.py:188} INFO - [2025-11-19T13:02:39.303+0000] {dag.py:3823} INFO - Setting next_dagrun for simple_etl_lineage to None, run_after=None
[2025-11-19T13:02:39.355+0000] {processor.py:183} INFO - Processing /opt/airflow/dags/etl_dag.py took 0.163 seconds
[2025-11-19T13:03:10.392+0000] {processor.py:161} INFO - Started process (PID=514) to work on /opt/airflow/dags/etl_dag.py
[2025-11-19T13:03:10.396+0000] {processor.py:830} INFO - Processing file /opt/airflow/dags/etl_dag.py for tasks to queue
[2025-11-19T13:03:10.398+0000] {logging_mixin.py:188} INFO - [2025-11-19T13:03:10.398+0000] {dagbag.py:538} INFO - Filling up the DagBag from /opt/airflow/dags/etl_dag.py
[2025-11-19T13:03:10.429+0000] {processor.py:840} INFO - DAG(s) 'simple_etl_lineage' retrieved from /opt/airflow/dags/etl_dag.py
[2025-11-19T13:03:10.508+0000] {logging_mixin.py:188} INFO - [2025-11-19T13:03:10.497+0000] {dag.py:3036} INFO - Sync 1 DAGs
[2025-11-19T13:03:10.648+0000] {logging_mixin.py:188} INFO - [2025-11-19T13:03:10.647+0000] {dag.py:3823} INFO - Setting next_dagrun for simple_etl_lineage to None, run_after=None
[2025-11-19T13:03:10.841+0000] {processor.py:183} INFO - Processing /opt/airflow/dags/etl_dag.py took 0.455 seconds
[2025-11-19T13:03:41.526+0000] {processor.py:161} INFO - Started process (PID=544) to work on /opt/airflow/dags/etl_dag.py
[2025-11-19T13:03:41.540+0000] {processor.py:830} INFO - Processing file /opt/airflow/dags/etl_dag.py for tasks to queue
[2025-11-19T13:03:41.560+0000] {logging_mixin.py:188} INFO - [2025-11-19T13:03:41.558+0000] {dagbag.py:538} INFO - Filling up the DagBag from /opt/airflow/dags/etl_dag.py
[2025-11-19T13:03:41.821+0000] {processor.py:840} INFO - DAG(s) 'simple_etl_lineage' retrieved from /opt/airflow/dags/etl_dag.py
[2025-11-19T13:03:41.928+0000] {logging_mixin.py:188} INFO - [2025-11-19T13:03:41.927+0000] {dag.py:3036} INFO - Sync 1 DAGs
[2025-11-19T13:03:41.978+0000] {logging_mixin.py:188} INFO - [2025-11-19T13:03:41.977+0000] {dag.py:3823} INFO - Setting next_dagrun for simple_etl_lineage to None, run_after=None
[2025-11-19T13:03:42.077+0000] {processor.py:183} INFO - Processing /opt/airflow/dags/etl_dag.py took 0.562 seconds
[2025-11-19T13:04:12.821+0000] {processor.py:161} INFO - Started process (PID=574) to work on /opt/airflow/dags/etl_dag.py
[2025-11-19T13:04:12.824+0000] {processor.py:830} INFO - Processing file /opt/airflow/dags/etl_dag.py for tasks to queue
[2025-11-19T13:04:12.826+0000] {logging_mixin.py:188} INFO - [2025-11-19T13:04:12.826+0000] {dagbag.py:538} INFO - Filling up the DagBag from /opt/airflow/dags/etl_dag.py
[2025-11-19T13:04:12.932+0000] {processor.py:840} INFO - DAG(s) 'simple_etl_lineage' retrieved from /opt/airflow/dags/etl_dag.py
[2025-11-19T13:04:13.067+0000] {logging_mixin.py:188} INFO - [2025-11-19T13:04:13.066+0000] {dag.py:3036} INFO - Sync 1 DAGs
[2025-11-19T13:04:13.117+0000] {logging_mixin.py:188} INFO - [2025-11-19T13:04:13.117+0000] {dag.py:3823} INFO - Setting next_dagrun for simple_etl_lineage to None, run_after=None
[2025-11-19T13:04:13.185+0000] {processor.py:183} INFO - Processing /opt/airflow/dags/etl_dag.py took 0.386 seconds
[2025-11-19T13:04:43.671+0000] {processor.py:161} INFO - Started process (PID=604) to work on /opt/airflow/dags/etl_dag.py
[2025-11-19T13:04:43.673+0000] {processor.py:830} INFO - Processing file /opt/airflow/dags/etl_dag.py for tasks to queue
[2025-11-19T13:04:43.674+0000] {logging_mixin.py:188} INFO - [2025-11-19T13:04:43.674+0000] {dagbag.py:538} INFO - Filling up the DagBag from /opt/airflow/dags/etl_dag.py
[2025-11-19T13:04:43.721+0000] {processor.py:840} INFO - DAG(s) 'simple_etl_lineage' retrieved from /opt/airflow/dags/etl_dag.py
[2025-11-19T13:04:43.755+0000] {logging_mixin.py:188} INFO - [2025-11-19T13:04:43.755+0000] {dag.py:3036} INFO - Sync 1 DAGs
[2025-11-19T13:04:43.768+0000] {logging_mixin.py:188} INFO - [2025-11-19T13:04:43.768+0000] {dag.py:3823} INFO - Setting next_dagrun for simple_etl_lineage to None, run_after=None
[2025-11-19T13:04:43.791+0000] {processor.py:183} INFO - Processing /opt/airflow/dags/etl_dag.py took 0.124 seconds
[2025-11-19T13:05:14.457+0000] {processor.py:161} INFO - Started process (PID=634) to work on /opt/airflow/dags/etl_dag.py
[2025-11-19T13:05:14.482+0000] {processor.py:830} INFO - Processing file /opt/airflow/dags/etl_dag.py for tasks to queue
[2025-11-19T13:05:14.484+0000] {logging_mixin.py:188} INFO - [2025-11-19T13:05:14.483+0000] {dagbag.py:538} INFO - Filling up the DagBag from /opt/airflow/dags/etl_dag.py
[2025-11-19T13:05:14.531+0000] {processor.py:840} INFO - DAG(s) 'simple_etl_lineage' retrieved from /opt/airflow/dags/etl_dag.py
[2025-11-19T13:05:14.603+0000] {logging_mixin.py:188} INFO - [2025-11-19T13:05:14.602+0000] {dag.py:3036} INFO - Sync 1 DAGs
[2025-11-19T13:05:14.625+0000] {logging_mixin.py:188} INFO - [2025-11-19T13:05:14.624+0000] {dag.py:3823} INFO - Setting next_dagrun for simple_etl_lineage to None, run_after=None
[2025-11-19T13:05:14.666+0000] {processor.py:183} INFO - Processing /opt/airflow/dags/etl_dag.py took 0.215 seconds
[2025-11-19T13:05:45.200+0000] {processor.py:161} INFO - Started process (PID=664) to work on /opt/airflow/dags/etl_dag.py
[2025-11-19T13:05:45.203+0000] {processor.py:830} INFO - Processing file /opt/airflow/dags/etl_dag.py for tasks to queue
[2025-11-19T13:05:45.206+0000] {logging_mixin.py:188} INFO - [2025-11-19T13:05:45.205+0000] {dagbag.py:538} INFO - Filling up the DagBag from /opt/airflow/dags/etl_dag.py
[2025-11-19T13:05:45.248+0000] {processor.py:840} INFO - DAG(s) 'simple_etl_lineage' retrieved from /opt/airflow/dags/etl_dag.py
[2025-11-19T13:05:45.286+0000] {logging_mixin.py:188} INFO - [2025-11-19T13:05:45.286+0000] {dag.py:3036} INFO - Sync 1 DAGs
[2025-11-19T13:05:45.312+0000] {logging_mixin.py:188} INFO - [2025-11-19T13:05:45.311+0000] {dag.py:3823} INFO - Setting next_dagrun for simple_etl_lineage to None, run_after=None
[2025-11-19T13:05:45.371+0000] {processor.py:183} INFO - Processing /opt/airflow/dags/etl_dag.py took 0.175 seconds
[2025-11-19T13:06:16.303+0000] {processor.py:161} INFO - Started process (PID=694) to work on /opt/airflow/dags/etl_dag.py
[2025-11-19T13:06:16.308+0000] {processor.py:830} INFO - Processing file /opt/airflow/dags/etl_dag.py for tasks to queue
[2025-11-19T13:06:16.310+0000] {logging_mixin.py:188} INFO - [2025-11-19T13:06:16.309+0000] {dagbag.py:538} INFO - Filling up the DagBag from /opt/airflow/dags/etl_dag.py
[2025-11-19T13:06:16.372+0000] {processor.py:840} INFO - DAG(s) 'simple_etl_lineage' retrieved from /opt/airflow/dags/etl_dag.py
[2025-11-19T13:06:16.506+0000] {logging_mixin.py:188} INFO - [2025-11-19T13:06:16.505+0000] {dag.py:3036} INFO - Sync 1 DAGs
[2025-11-19T13:06:16.566+0000] {logging_mixin.py:188} INFO - [2025-11-19T13:06:16.566+0000] {dag.py:3823} INFO - Setting next_dagrun for simple_etl_lineage to None, run_after=None
[2025-11-19T13:06:16.639+0000] {processor.py:183} INFO - Processing /opt/airflow/dags/etl_dag.py took 0.342 seconds
[2025-11-19T13:06:46.950+0000] {processor.py:161} INFO - Started process (PID=724) to work on /opt/airflow/dags/etl_dag.py
[2025-11-19T13:06:46.952+0000] {processor.py:830} INFO - Processing file /opt/airflow/dags/etl_dag.py for tasks to queue
[2025-11-19T13:06:46.954+0000] {logging_mixin.py:188} INFO - [2025-11-19T13:06:46.954+0000] {dagbag.py:538} INFO - Filling up the DagBag from /opt/airflow/dags/etl_dag.py
[2025-11-19T13:06:47.014+0000] {processor.py:840} INFO - DAG(s) 'simple_etl_lineage' retrieved from /opt/airflow/dags/etl_dag.py
[2025-11-19T13:06:47.075+0000] {logging_mixin.py:188} INFO - [2025-11-19T13:06:47.075+0000] {dag.py:3036} INFO - Sync 1 DAGs
[2025-11-19T13:06:47.092+0000] {logging_mixin.py:188} INFO - [2025-11-19T13:06:47.091+0000] {dag.py:3823} INFO - Setting next_dagrun for simple_etl_lineage to None, run_after=None
[2025-11-19T13:06:47.118+0000] {processor.py:183} INFO - Processing /opt/airflow/dags/etl_dag.py took 0.172 seconds
[2025-11-19T13:07:19.898+0000] {processor.py:161} INFO - Started process (PID=754) to work on /opt/airflow/dags/etl_dag.py
[2025-11-19T13:07:19.921+0000] {processor.py:830} INFO - Processing file /opt/airflow/dags/etl_dag.py for tasks to queue
[2025-11-19T13:07:19.924+0000] {logging_mixin.py:188} INFO - [2025-11-19T13:07:19.923+0000] {dagbag.py:538} INFO - Filling up the DagBag from /opt/airflow/dags/etl_dag.py
[2025-11-19T13:07:20.043+0000] {processor.py:840} INFO - DAG(s) 'simple_etl_lineage' retrieved from /opt/airflow/dags/etl_dag.py
[2025-11-19T13:07:20.172+0000] {logging_mixin.py:188} INFO - [2025-11-19T13:07:20.171+0000] {dag.py:3036} INFO - Sync 1 DAGs
[2025-11-19T13:07:20.251+0000] {logging_mixin.py:188} INFO - [2025-11-19T13:07:20.251+0000] {dag.py:3823} INFO - Setting next_dagrun for simple_etl_lineage to None, run_after=None
[2025-11-19T13:07:20.496+0000] {processor.py:183} INFO - Processing /opt/airflow/dags/etl_dag.py took 0.604 seconds
[2025-11-19T13:07:50.998+0000] {processor.py:161} INFO - Started process (PID=784) to work on /opt/airflow/dags/etl_dag.py
[2025-11-19T13:07:51.003+0000] {processor.py:830} INFO - Processing file /opt/airflow/dags/etl_dag.py for tasks to queue
[2025-11-19T13:07:51.014+0000] {logging_mixin.py:188} INFO - [2025-11-19T13:07:51.011+0000] {dagbag.py:538} INFO - Filling up the DagBag from /opt/airflow/dags/etl_dag.py
[2025-11-19T13:07:51.066+0000] {processor.py:840} INFO - DAG(s) 'simple_etl_lineage' retrieved from /opt/airflow/dags/etl_dag.py
[2025-11-19T13:07:51.127+0000] {logging_mixin.py:188} INFO - [2025-11-19T13:07:51.127+0000] {dag.py:3036} INFO - Sync 1 DAGs
[2025-11-19T13:07:51.157+0000] {logging_mixin.py:188} INFO - [2025-11-19T13:07:51.157+0000] {dag.py:3823} INFO - Setting next_dagrun for simple_etl_lineage to None, run_after=None
[2025-11-19T13:07:51.225+0000] {processor.py:183} INFO - Processing /opt/airflow/dags/etl_dag.py took 0.234 seconds
[2025-11-19T13:08:21.516+0000] {processor.py:161} INFO - Started process (PID=814) to work on /opt/airflow/dags/etl_dag.py
[2025-11-19T13:08:21.518+0000] {processor.py:830} INFO - Processing file /opt/airflow/dags/etl_dag.py for tasks to queue
[2025-11-19T13:08:21.519+0000] {logging_mixin.py:188} INFO - [2025-11-19T13:08:21.519+0000] {dagbag.py:538} INFO - Filling up the DagBag from /opt/airflow/dags/etl_dag.py
[2025-11-19T13:08:21.541+0000] {processor.py:840} INFO - DAG(s) 'simple_etl_lineage' retrieved from /opt/airflow/dags/etl_dag.py
[2025-11-19T13:08:21.573+0000] {logging_mixin.py:188} INFO - [2025-11-19T13:08:21.573+0000] {dag.py:3036} INFO - Sync 1 DAGs
[2025-11-19T13:08:21.587+0000] {logging_mixin.py:188} INFO - [2025-11-19T13:08:21.586+0000] {dag.py:3823} INFO - Setting next_dagrun for simple_etl_lineage to None, run_after=None
[2025-11-19T13:08:21.616+0000] {processor.py:183} INFO - Processing /opt/airflow/dags/etl_dag.py took 0.104 seconds
[2025-11-19T13:08:52.021+0000] {processor.py:161} INFO - Started process (PID=844) to work on /opt/airflow/dags/etl_dag.py
[2025-11-19T13:08:52.023+0000] {processor.py:830} INFO - Processing file /opt/airflow/dags/etl_dag.py for tasks to queue
[2025-11-19T13:08:52.025+0000] {logging_mixin.py:188} INFO - [2025-11-19T13:08:52.024+0000] {dagbag.py:538} INFO - Filling up the DagBag from /opt/airflow/dags/etl_dag.py
[2025-11-19T13:08:52.054+0000] {processor.py:840} INFO - DAG(s) 'simple_etl_lineage' retrieved from /opt/airflow/dags/etl_dag.py
[2025-11-19T13:08:52.093+0000] {logging_mixin.py:188} INFO - [2025-11-19T13:08:52.093+0000] {dag.py:3036} INFO - Sync 1 DAGs
[2025-11-19T13:08:52.113+0000] {logging_mixin.py:188} INFO - [2025-11-19T13:08:52.112+0000] {dag.py:3823} INFO - Setting next_dagrun for simple_etl_lineage to None, run_after=None
[2025-11-19T13:08:52.141+0000] {processor.py:183} INFO - Processing /opt/airflow/dags/etl_dag.py took 0.125 seconds
[2025-11-19T13:09:22.205+0000] {processor.py:161} INFO - Started process (PID=874) to work on /opt/airflow/dags/etl_dag.py
[2025-11-19T13:09:22.207+0000] {processor.py:830} INFO - Processing file /opt/airflow/dags/etl_dag.py for tasks to queue
[2025-11-19T13:09:22.209+0000] {logging_mixin.py:188} INFO - [2025-11-19T13:09:22.208+0000] {dagbag.py:538} INFO - Filling up the DagBag from /opt/airflow/dags/etl_dag.py
[2025-11-19T13:09:22.246+0000] {processor.py:840} INFO - DAG(s) 'simple_etl_lineage' retrieved from /opt/airflow/dags/etl_dag.py
[2025-11-19T13:09:22.294+0000] {logging_mixin.py:188} INFO - [2025-11-19T13:09:22.294+0000] {dag.py:3036} INFO - Sync 1 DAGs
[2025-11-19T13:09:22.310+0000] {logging_mixin.py:188} INFO - [2025-11-19T13:09:22.310+0000] {dag.py:3823} INFO - Setting next_dagrun for simple_etl_lineage to None, run_after=None
[2025-11-19T13:09:22.349+0000] {processor.py:183} INFO - Processing /opt/airflow/dags/etl_dag.py took 0.149 seconds
[2025-11-19T13:09:53.946+0000] {processor.py:161} INFO - Started process (PID=904) to work on /opt/airflow/dags/etl_dag.py
[2025-11-19T13:09:53.975+0000] {processor.py:830} INFO - Processing file /opt/airflow/dags/etl_dag.py for tasks to queue
[2025-11-19T13:09:53.977+0000] {logging_mixin.py:188} INFO - [2025-11-19T13:09:53.976+0000] {dagbag.py:538} INFO - Filling up the DagBag from /opt/airflow/dags/etl_dag.py
[2025-11-19T13:09:54.094+0000] {processor.py:840} INFO - DAG(s) 'simple_etl_lineage' retrieved from /opt/airflow/dags/etl_dag.py
[2025-11-19T13:09:54.289+0000] {logging_mixin.py:188} INFO - [2025-11-19T13:09:54.288+0000] {dag.py:3036} INFO - Sync 1 DAGs
[2025-11-19T13:09:54.376+0000] {logging_mixin.py:188} INFO - [2025-11-19T13:09:54.375+0000] {dag.py:3823} INFO - Setting next_dagrun for simple_etl_lineage to None, run_after=None
[2025-11-19T13:09:54.536+0000] {processor.py:183} INFO - Processing /opt/airflow/dags/etl_dag.py took 0.607 seconds
[2025-11-19T13:10:26.775+0000] {processor.py:161} INFO - Started process (PID=934) to work on /opt/airflow/dags/etl_dag.py
[2025-11-19T13:10:26.781+0000] {processor.py:830} INFO - Processing file /opt/airflow/dags/etl_dag.py for tasks to queue
[2025-11-19T13:10:26.783+0000] {logging_mixin.py:188} INFO - [2025-11-19T13:10:26.783+0000] {dagbag.py:538} INFO - Filling up the DagBag from /opt/airflow/dags/etl_dag.py
[2025-11-19T13:10:26.833+0000] {processor.py:840} INFO - DAG(s) 'simple_etl_lineage' retrieved from /opt/airflow/dags/etl_dag.py
[2025-11-19T13:10:26.951+0000] {logging_mixin.py:188} INFO - [2025-11-19T13:10:26.949+0000] {dag.py:3036} INFO - Sync 1 DAGs
[2025-11-19T13:10:27.032+0000] {logging_mixin.py:188} INFO - [2025-11-19T13:10:27.024+0000] {dag.py:3823} INFO - Setting next_dagrun for simple_etl_lineage to None, run_after=None
[2025-11-19T13:10:27.208+0000] {processor.py:183} INFO - Processing /opt/airflow/dags/etl_dag.py took 0.439 seconds
[2025-11-19T13:10:59.174+0000] {processor.py:161} INFO - Started process (PID=964) to work on /opt/airflow/dags/etl_dag.py
[2025-11-19T13:10:59.187+0000] {processor.py:830} INFO - Processing file /opt/airflow/dags/etl_dag.py for tasks to queue
[2025-11-19T13:10:59.191+0000] {logging_mixin.py:188} INFO - [2025-11-19T13:10:59.190+0000] {dagbag.py:538} INFO - Filling up the DagBag from /opt/airflow/dags/etl_dag.py
[2025-11-19T13:10:59.496+0000] {processor.py:840} INFO - DAG(s) 'simple_etl_lineage' retrieved from /opt/airflow/dags/etl_dag.py
[2025-11-19T13:10:59.642+0000] {logging_mixin.py:188} INFO - [2025-11-19T13:10:59.641+0000] {dag.py:3036} INFO - Sync 1 DAGs
[2025-11-19T13:10:59.714+0000] {logging_mixin.py:188} INFO - [2025-11-19T13:10:59.713+0000] {dag.py:3823} INFO - Setting next_dagrun for simple_etl_lineage to None, run_after=None
[2025-11-19T13:10:59.829+0000] {processor.py:183} INFO - Processing /opt/airflow/dags/etl_dag.py took 0.661 seconds
[2025-11-19T13:11:31.010+0000] {processor.py:161} INFO - Started process (PID=994) to work on /opt/airflow/dags/etl_dag.py
[2025-11-19T13:11:31.014+0000] {processor.py:830} INFO - Processing file /opt/airflow/dags/etl_dag.py for tasks to queue
[2025-11-19T13:11:31.016+0000] {logging_mixin.py:188} INFO - [2025-11-19T13:11:31.016+0000] {dagbag.py:538} INFO - Filling up the DagBag from /opt/airflow/dags/etl_dag.py
[2025-11-19T13:11:31.072+0000] {processor.py:840} INFO - DAG(s) 'simple_etl_lineage' retrieved from /opt/airflow/dags/etl_dag.py
[2025-11-19T13:11:31.154+0000] {logging_mixin.py:188} INFO - [2025-11-19T13:11:31.153+0000] {dag.py:3036} INFO - Sync 1 DAGs
[2025-11-19T13:11:31.195+0000] {logging_mixin.py:188} INFO - [2025-11-19T13:11:31.194+0000] {dag.py:3823} INFO - Setting next_dagrun for simple_etl_lineage to None, run_after=None
[2025-11-19T13:11:31.257+0000] {processor.py:183} INFO - Processing /opt/airflow/dags/etl_dag.py took 0.253 seconds
[2025-11-19T13:12:02.320+0000] {processor.py:161} INFO - Started process (PID=1026) to work on /opt/airflow/dags/etl_dag.py
[2025-11-19T13:12:02.322+0000] {processor.py:830} INFO - Processing file /opt/airflow/dags/etl_dag.py for tasks to queue
[2025-11-19T13:12:02.325+0000] {logging_mixin.py:188} INFO - [2025-11-19T13:12:02.324+0000] {dagbag.py:538} INFO - Filling up the DagBag from /opt/airflow/dags/etl_dag.py
[2025-11-19T13:12:02.383+0000] {processor.py:840} INFO - DAG(s) 'simple_etl_lineage' retrieved from /opt/airflow/dags/etl_dag.py
[2025-11-19T13:12:02.534+0000] {logging_mixin.py:188} INFO - [2025-11-19T13:12:02.534+0000] {dag.py:3036} INFO - Sync 1 DAGs
[2025-11-19T13:12:02.600+0000] {logging_mixin.py:188} INFO - [2025-11-19T13:12:02.599+0000] {dag.py:3823} INFO - Setting next_dagrun for simple_etl_lineage to None, run_after=None
[2025-11-19T13:12:02.772+0000] {processor.py:183} INFO - Processing /opt/airflow/dags/etl_dag.py took 0.460 seconds
[2025-11-19T13:12:34.475+0000] {processor.py:161} INFO - Started process (PID=1062) to work on /opt/airflow/dags/etl_dag.py
[2025-11-19T13:12:34.494+0000] {processor.py:830} INFO - Processing file /opt/airflow/dags/etl_dag.py for tasks to queue
[2025-11-19T13:12:34.503+0000] {logging_mixin.py:188} INFO - [2025-11-19T13:12:34.502+0000] {dagbag.py:538} INFO - Filling up the DagBag from /opt/airflow/dags/etl_dag.py
[2025-11-19T13:12:35.090+0000] {processor.py:840} INFO - DAG(s) 'simple_etl_lineage' retrieved from /opt/airflow/dags/etl_dag.py
[2025-11-19T13:12:35.251+0000] {logging_mixin.py:188} INFO - [2025-11-19T13:12:35.250+0000] {dag.py:3036} INFO - Sync 1 DAGs
[2025-11-19T13:12:35.381+0000] {logging_mixin.py:188} INFO - [2025-11-19T13:12:35.380+0000] {dag.py:3823} INFO - Setting next_dagrun for simple_etl_lineage to None, run_after=None
[2025-11-19T13:12:35.518+0000] {processor.py:183} INFO - Processing /opt/airflow/dags/etl_dag.py took 1.059 seconds
[2025-11-19T13:13:05.867+0000] {processor.py:161} INFO - Started process (PID=1092) to work on /opt/airflow/dags/etl_dag.py
[2025-11-19T13:13:05.875+0000] {processor.py:830} INFO - Processing file /opt/airflow/dags/etl_dag.py for tasks to queue
[2025-11-19T13:13:05.883+0000] {logging_mixin.py:188} INFO - [2025-11-19T13:13:05.882+0000] {dagbag.py:538} INFO - Filling up the DagBag from /opt/airflow/dags/etl_dag.py
[2025-11-19T13:13:05.944+0000] {processor.py:840} INFO - DAG(s) 'simple_etl_lineage' retrieved from /opt/airflow/dags/etl_dag.py
[2025-11-19T13:13:06.018+0000] {logging_mixin.py:188} INFO - [2025-11-19T13:13:06.018+0000] {dag.py:3036} INFO - Sync 1 DAGs
[2025-11-19T13:13:06.040+0000] {logging_mixin.py:188} INFO - [2025-11-19T13:13:06.039+0000] {dag.py:3823} INFO - Setting next_dagrun for simple_etl_lineage to None, run_after=None
[2025-11-19T13:13:06.118+0000] {processor.py:183} INFO - Processing /opt/airflow/dags/etl_dag.py took 0.258 seconds
[2025-11-19T13:13:36.872+0000] {processor.py:161} INFO - Started process (PID=1120) to work on /opt/airflow/dags/etl_dag.py
[2025-11-19T13:13:36.875+0000] {processor.py:830} INFO - Processing file /opt/airflow/dags/etl_dag.py for tasks to queue
[2025-11-19T13:13:36.905+0000] {logging_mixin.py:188} INFO - [2025-11-19T13:13:36.905+0000] {dagbag.py:538} INFO - Filling up the DagBag from /opt/airflow/dags/etl_dag.py
[2025-11-19T13:13:37.160+0000] {processor.py:840} INFO - DAG(s) 'simple_etl_lineage' retrieved from /opt/airflow/dags/etl_dag.py
[2025-11-19T13:13:37.431+0000] {logging_mixin.py:188} INFO - [2025-11-19T13:13:37.431+0000] {dag.py:3036} INFO - Sync 1 DAGs
[2025-11-19T13:13:37.510+0000] {logging_mixin.py:188} INFO - [2025-11-19T13:13:37.510+0000] {dag.py:3823} INFO - Setting next_dagrun for simple_etl_lineage to None, run_after=None
[2025-11-19T13:13:37.651+0000] {processor.py:183} INFO - Processing /opt/airflow/dags/etl_dag.py took 0.785 seconds
[2025-11-19T13:14:08.889+0000] {processor.py:161} INFO - Started process (PID=1152) to work on /opt/airflow/dags/etl_dag.py
[2025-11-19T13:14:08.899+0000] {processor.py:830} INFO - Processing file /opt/airflow/dags/etl_dag.py for tasks to queue
[2025-11-19T13:14:08.901+0000] {logging_mixin.py:188} INFO - [2025-11-19T13:14:08.901+0000] {dagbag.py:538} INFO - Filling up the DagBag from /opt/airflow/dags/etl_dag.py
[2025-11-19T13:14:08.958+0000] {processor.py:840} INFO - DAG(s) 'simple_etl_lineage' retrieved from /opt/airflow/dags/etl_dag.py
[2025-11-19T13:14:09.041+0000] {logging_mixin.py:188} INFO - [2025-11-19T13:14:09.041+0000] {dag.py:3036} INFO - Sync 1 DAGs
[2025-11-19T13:14:09.093+0000] {logging_mixin.py:188} INFO - [2025-11-19T13:14:09.093+0000] {dag.py:3823} INFO - Setting next_dagrun for simple_etl_lineage to None, run_after=None
[2025-11-19T13:14:09.163+0000] {processor.py:183} INFO - Processing /opt/airflow/dags/etl_dag.py took 0.272 seconds
[2025-11-19T13:14:40.627+0000] {processor.py:161} INFO - Started process (PID=1182) to work on /opt/airflow/dags/etl_dag.py
[2025-11-19T13:14:40.639+0000] {processor.py:830} INFO - Processing file /opt/airflow/dags/etl_dag.py for tasks to queue
[2025-11-19T13:14:40.643+0000] {logging_mixin.py:188} INFO - [2025-11-19T13:14:40.643+0000] {dagbag.py:538} INFO - Filling up the DagBag from /opt/airflow/dags/etl_dag.py
[2025-11-19T13:14:40.873+0000] {processor.py:840} INFO - DAG(s) 'simple_etl_lineage' retrieved from /opt/airflow/dags/etl_dag.py
[2025-11-19T13:14:41.017+0000] {logging_mixin.py:188} INFO - [2025-11-19T13:14:41.017+0000] {dag.py:3036} INFO - Sync 1 DAGs
[2025-11-19T13:14:41.081+0000] {logging_mixin.py:188} INFO - [2025-11-19T13:14:41.081+0000] {dag.py:3823} INFO - Setting next_dagrun for simple_etl_lineage to None, run_after=None
[2025-11-19T13:14:41.132+0000] {processor.py:183} INFO - Processing /opt/airflow/dags/etl_dag.py took 0.520 seconds
[2025-11-19T13:15:11.215+0000] {processor.py:161} INFO - Started process (PID=1212) to work on /opt/airflow/dags/etl_dag.py
[2025-11-19T13:15:11.217+0000] {processor.py:830} INFO - Processing file /opt/airflow/dags/etl_dag.py for tasks to queue
[2025-11-19T13:15:11.222+0000] {logging_mixin.py:188} INFO - [2025-11-19T13:15:11.218+0000] {dagbag.py:538} INFO - Filling up the DagBag from /opt/airflow/dags/etl_dag.py
[2025-11-19T13:15:11.257+0000] {processor.py:840} INFO - DAG(s) 'simple_etl_lineage' retrieved from /opt/airflow/dags/etl_dag.py
[2025-11-19T13:15:11.301+0000] {logging_mixin.py:188} INFO - [2025-11-19T13:15:11.300+0000] {dag.py:3036} INFO - Sync 1 DAGs
[2025-11-19T13:15:11.315+0000] {logging_mixin.py:188} INFO - [2025-11-19T13:15:11.315+0000] {dag.py:3823} INFO - Setting next_dagrun for simple_etl_lineage to None, run_after=None
[2025-11-19T13:15:11.347+0000] {processor.py:183} INFO - Processing /opt/airflow/dags/etl_dag.py took 0.136 seconds
[2025-11-19T13:15:41.829+0000] {processor.py:161} INFO - Started process (PID=1242) to work on /opt/airflow/dags/etl_dag.py
[2025-11-19T13:15:41.831+0000] {processor.py:830} INFO - Processing file /opt/airflow/dags/etl_dag.py for tasks to queue
[2025-11-19T13:15:41.836+0000] {logging_mixin.py:188} INFO - [2025-11-19T13:15:41.834+0000] {dagbag.py:538} INFO - Filling up the DagBag from /opt/airflow/dags/etl_dag.py
[2025-11-19T13:15:41.912+0000] {processor.py:840} INFO - DAG(s) 'simple_etl_lineage' retrieved from /opt/airflow/dags/etl_dag.py
[2025-11-19T13:15:41.982+0000] {logging_mixin.py:188} INFO - [2025-11-19T13:15:41.981+0000] {dag.py:3036} INFO - Sync 1 DAGs
[2025-11-19T13:15:42.030+0000] {logging_mixin.py:188} INFO - [2025-11-19T13:15:42.029+0000] {dag.py:3823} INFO - Setting next_dagrun for simple_etl_lineage to None, run_after=None
[2025-11-19T13:15:42.085+0000] {processor.py:183} INFO - Processing /opt/airflow/dags/etl_dag.py took 0.261 seconds
[2025-11-19T13:16:12.639+0000] {processor.py:161} INFO - Started process (PID=1270) to work on /opt/airflow/dags/etl_dag.py
[2025-11-19T13:16:12.641+0000] {processor.py:830} INFO - Processing file /opt/airflow/dags/etl_dag.py for tasks to queue
[2025-11-19T13:16:12.642+0000] {logging_mixin.py:188} INFO - [2025-11-19T13:16:12.642+0000] {dagbag.py:538} INFO - Filling up the DagBag from /opt/airflow/dags/etl_dag.py
[2025-11-19T13:16:12.681+0000] {processor.py:840} INFO - DAG(s) 'simple_etl_lineage' retrieved from /opt/airflow/dags/etl_dag.py
[2025-11-19T13:16:12.715+0000] {logging_mixin.py:188} INFO - [2025-11-19T13:16:12.714+0000] {dag.py:3036} INFO - Sync 1 DAGs
[2025-11-19T13:16:12.732+0000] {logging_mixin.py:188} INFO - [2025-11-19T13:16:12.731+0000] {dag.py:3823} INFO - Setting next_dagrun for simple_etl_lineage to None, run_after=None
[2025-11-19T13:16:12.786+0000] {processor.py:183} INFO - Processing /opt/airflow/dags/etl_dag.py took 0.151 seconds
[2025-11-19T13:16:43.698+0000] {processor.py:161} INFO - Started process (PID=1297) to work on /opt/airflow/dags/etl_dag.py
[2025-11-19T13:16:43.700+0000] {processor.py:830} INFO - Processing file /opt/airflow/dags/etl_dag.py for tasks to queue
[2025-11-19T13:16:43.702+0000] {logging_mixin.py:188} INFO - [2025-11-19T13:16:43.701+0000] {dagbag.py:538} INFO - Filling up the DagBag from /opt/airflow/dags/etl_dag.py
[2025-11-19T13:16:43.740+0000] {processor.py:840} INFO - DAG(s) 'simple_etl_lineage' retrieved from /opt/airflow/dags/etl_dag.py
[2025-11-19T13:16:43.773+0000] {logging_mixin.py:188} INFO - [2025-11-19T13:16:43.773+0000] {dag.py:3036} INFO - Sync 1 DAGs
[2025-11-19T13:16:43.792+0000] {logging_mixin.py:188} INFO - [2025-11-19T13:16:43.791+0000] {dag.py:3823} INFO - Setting next_dagrun for simple_etl_lineage to None, run_after=None
[2025-11-19T13:16:43.814+0000] {processor.py:183} INFO - Processing /opt/airflow/dags/etl_dag.py took 0.123 seconds
[2025-11-19T13:17:16.916+0000] {processor.py:161} INFO - Started process (PID=1330) to work on /opt/airflow/dags/etl_dag.py
[2025-11-19T13:17:16.988+0000] {processor.py:830} INFO - Processing file /opt/airflow/dags/etl_dag.py for tasks to queue
[2025-11-19T13:17:17.006+0000] {logging_mixin.py:188} INFO - [2025-11-19T13:17:17.005+0000] {dagbag.py:538} INFO - Filling up the DagBag from /opt/airflow/dags/etl_dag.py
[2025-11-19T13:17:17.214+0000] {processor.py:840} INFO - DAG(s) 'simple_etl_lineage' retrieved from /opt/airflow/dags/etl_dag.py
[2025-11-19T13:17:17.292+0000] {logging_mixin.py:188} INFO - [2025-11-19T13:17:17.292+0000] {dag.py:3036} INFO - Sync 1 DAGs
[2025-11-19T13:17:17.338+0000] {logging_mixin.py:188} INFO - [2025-11-19T13:17:17.338+0000] {dag.py:3823} INFO - Setting next_dagrun for simple_etl_lineage to None, run_after=None
[2025-11-19T13:17:17.427+0000] {processor.py:183} INFO - Processing /opt/airflow/dags/etl_dag.py took 0.530 seconds
[2025-11-19T13:17:47.582+0000] {processor.py:161} INFO - Started process (PID=1360) to work on /opt/airflow/dags/etl_dag.py
[2025-11-19T13:17:47.586+0000] {processor.py:830} INFO - Processing file /opt/airflow/dags/etl_dag.py for tasks to queue
[2025-11-19T13:17:47.589+0000] {logging_mixin.py:188} INFO - [2025-11-19T13:17:47.588+0000] {dagbag.py:538} INFO - Filling up the DagBag from /opt/airflow/dags/etl_dag.py
[2025-11-19T13:17:47.648+0000] {processor.py:840} INFO - DAG(s) 'simple_etl_lineage' retrieved from /opt/airflow/dags/etl_dag.py
[2025-11-19T13:17:47.767+0000] {logging_mixin.py:188} INFO - [2025-11-19T13:17:47.766+0000] {dag.py:3036} INFO - Sync 1 DAGs
[2025-11-19T13:17:47.854+0000] {logging_mixin.py:188} INFO - [2025-11-19T13:17:47.854+0000] {dag.py:3823} INFO - Setting next_dagrun for simple_etl_lineage to None, run_after=None
[2025-11-19T13:17:47.977+0000] {processor.py:183} INFO - Processing /opt/airflow/dags/etl_dag.py took 0.412 seconds
[2025-11-19T13:18:18.275+0000] {processor.py:161} INFO - Started process (PID=1392) to work on /opt/airflow/dags/etl_dag.py
[2025-11-19T13:18:18.277+0000] {processor.py:830} INFO - Processing file /opt/airflow/dags/etl_dag.py for tasks to queue
[2025-11-19T13:18:18.280+0000] {logging_mixin.py:188} INFO - [2025-11-19T13:18:18.279+0000] {dagbag.py:538} INFO - Filling up the DagBag from /opt/airflow/dags/etl_dag.py
[2025-11-19T13:18:18.307+0000] {processor.py:840} INFO - DAG(s) 'simple_etl_lineage' retrieved from /opt/airflow/dags/etl_dag.py
[2025-11-19T13:18:18.339+0000] {logging_mixin.py:188} INFO - [2025-11-19T13:18:18.339+0000] {dag.py:3036} INFO - Sync 1 DAGs
[2025-11-19T13:18:18.353+0000] {logging_mixin.py:188} INFO - [2025-11-19T13:18:18.352+0000] {dag.py:3823} INFO - Setting next_dagrun for simple_etl_lineage to None, run_after=None
[2025-11-19T13:18:18.377+0000] {processor.py:183} INFO - Processing /opt/airflow/dags/etl_dag.py took 0.108 seconds
[2025-11-19T13:18:48.874+0000] {processor.py:161} INFO - Started process (PID=1422) to work on /opt/airflow/dags/etl_dag.py
[2025-11-19T13:18:48.881+0000] {processor.py:830} INFO - Processing file /opt/airflow/dags/etl_dag.py for tasks to queue
[2025-11-19T13:18:48.884+0000] {logging_mixin.py:188} INFO - [2025-11-19T13:18:48.883+0000] {dagbag.py:538} INFO - Filling up the DagBag from /opt/airflow/dags/etl_dag.py
[2025-11-19T13:18:48.936+0000] {processor.py:840} INFO - DAG(s) 'simple_etl_lineage' retrieved from /opt/airflow/dags/etl_dag.py
[2025-11-19T13:18:49.024+0000] {logging_mixin.py:188} INFO - [2025-11-19T13:18:49.023+0000] {dag.py:3036} INFO - Sync 1 DAGs
[2025-11-19T13:18:49.047+0000] {logging_mixin.py:188} INFO - [2025-11-19T13:18:49.046+0000] {dag.py:3823} INFO - Setting next_dagrun for simple_etl_lineage to None, run_after=None
[2025-11-19T13:18:49.134+0000] {processor.py:183} INFO - Processing /opt/airflow/dags/etl_dag.py took 0.270 seconds
[2025-11-19T13:19:19.352+0000] {processor.py:161} INFO - Started process (PID=1450) to work on /opt/airflow/dags/etl_dag.py
[2025-11-19T13:19:19.354+0000] {processor.py:830} INFO - Processing file /opt/airflow/dags/etl_dag.py for tasks to queue
[2025-11-19T13:19:19.356+0000] {logging_mixin.py:188} INFO - [2025-11-19T13:19:19.356+0000] {dagbag.py:538} INFO - Filling up the DagBag from /opt/airflow/dags/etl_dag.py
[2025-11-19T13:19:19.384+0000] {processor.py:840} INFO - DAG(s) 'simple_etl_lineage' retrieved from /opt/airflow/dags/etl_dag.py
[2025-11-19T13:19:19.412+0000] {logging_mixin.py:188} INFO - [2025-11-19T13:19:19.412+0000] {dag.py:3036} INFO - Sync 1 DAGs
[2025-11-19T13:19:19.424+0000] {logging_mixin.py:188} INFO - [2025-11-19T13:19:19.423+0000] {dag.py:3823} INFO - Setting next_dagrun for simple_etl_lineage to None, run_after=None
[2025-11-19T13:19:19.478+0000] {processor.py:183} INFO - Processing /opt/airflow/dags/etl_dag.py took 0.129 seconds
[2025-11-19T13:19:49.816+0000] {processor.py:161} INFO - Started process (PID=1475) to work on /opt/airflow/dags/etl_dag.py
[2025-11-19T13:19:49.821+0000] {processor.py:830} INFO - Processing file /opt/airflow/dags/etl_dag.py for tasks to queue
[2025-11-19T13:19:49.823+0000] {logging_mixin.py:188} INFO - [2025-11-19T13:19:49.823+0000] {dagbag.py:538} INFO - Filling up the DagBag from /opt/airflow/dags/etl_dag.py
[2025-11-19T13:19:49.885+0000] {processor.py:840} INFO - DAG(s) 'simple_etl_lineage' retrieved from /opt/airflow/dags/etl_dag.py
[2025-11-19T13:19:50.044+0000] {logging_mixin.py:188} INFO - [2025-11-19T13:19:50.044+0000] {dag.py:3036} INFO - Sync 1 DAGs
[2025-11-19T13:19:50.160+0000] {logging_mixin.py:188} INFO - [2025-11-19T13:19:50.159+0000] {dag.py:3823} INFO - Setting next_dagrun for simple_etl_lineage to None, run_after=None
[2025-11-19T13:19:50.273+0000] {processor.py:183} INFO - Processing /opt/airflow/dags/etl_dag.py took 0.465 seconds
[2025-11-19T13:20:21.195+0000] {processor.py:161} INFO - Started process (PID=1507) to work on /opt/airflow/dags/etl_dag.py
[2025-11-19T13:20:21.198+0000] {processor.py:830} INFO - Processing file /opt/airflow/dags/etl_dag.py for tasks to queue
[2025-11-19T13:20:21.200+0000] {logging_mixin.py:188} INFO - [2025-11-19T13:20:21.200+0000] {dagbag.py:538} INFO - Filling up the DagBag from /opt/airflow/dags/etl_dag.py
[2025-11-19T13:20:21.231+0000] {processor.py:840} INFO - DAG(s) 'simple_etl_lineage' retrieved from /opt/airflow/dags/etl_dag.py
[2025-11-19T13:20:21.272+0000] {logging_mixin.py:188} INFO - [2025-11-19T13:20:21.272+0000] {dag.py:3036} INFO - Sync 1 DAGs
[2025-11-19T13:20:21.288+0000] {logging_mixin.py:188} INFO - [2025-11-19T13:20:21.287+0000] {dag.py:3823} INFO - Setting next_dagrun for simple_etl_lineage to None, run_after=None
[2025-11-19T13:20:21.313+0000] {processor.py:183} INFO - Processing /opt/airflow/dags/etl_dag.py took 0.124 seconds
[2025-11-19T13:20:51.411+0000] {processor.py:161} INFO - Started process (PID=1537) to work on /opt/airflow/dags/etl_dag.py
[2025-11-19T13:20:51.420+0000] {processor.py:830} INFO - Processing file /opt/airflow/dags/etl_dag.py for tasks to queue
[2025-11-19T13:20:51.422+0000] {logging_mixin.py:188} INFO - [2025-11-19T13:20:51.421+0000] {dagbag.py:538} INFO - Filling up the DagBag from /opt/airflow/dags/etl_dag.py
[2025-11-19T13:20:51.459+0000] {processor.py:840} INFO - DAG(s) 'simple_etl_lineage' retrieved from /opt/airflow/dags/etl_dag.py
[2025-11-19T13:20:51.515+0000] {logging_mixin.py:188} INFO - [2025-11-19T13:20:51.514+0000] {dag.py:3036} INFO - Sync 1 DAGs
[2025-11-19T13:20:51.540+0000] {logging_mixin.py:188} INFO - [2025-11-19T13:20:51.539+0000] {dag.py:3823} INFO - Setting next_dagrun for simple_etl_lineage to None, run_after=None
[2025-11-19T13:20:51.579+0000] {processor.py:183} INFO - Processing /opt/airflow/dags/etl_dag.py took 0.174 seconds
[2025-11-19T13:21:21.709+0000] {processor.py:161} INFO - Started process (PID=1565) to work on /opt/airflow/dags/etl_dag.py
[2025-11-19T13:21:21.711+0000] {processor.py:830} INFO - Processing file /opt/airflow/dags/etl_dag.py for tasks to queue
[2025-11-19T13:21:21.725+0000] {logging_mixin.py:188} INFO - [2025-11-19T13:21:21.722+0000] {dagbag.py:538} INFO - Filling up the DagBag from /opt/airflow/dags/etl_dag.py
[2025-11-19T13:21:22.025+0000] {processor.py:840} INFO - DAG(s) 'simple_etl_lineage' retrieved from /opt/airflow/dags/etl_dag.py
[2025-11-19T13:21:22.150+0000] {logging_mixin.py:188} INFO - [2025-11-19T13:21:22.150+0000] {dag.py:3036} INFO - Sync 1 DAGs
[2025-11-19T13:21:22.200+0000] {logging_mixin.py:188} INFO - [2025-11-19T13:21:22.199+0000] {dag.py:3823} INFO - Setting next_dagrun for simple_etl_lineage to None, run_after=None
[2025-11-19T13:21:22.398+0000] {processor.py:183} INFO - Processing /opt/airflow/dags/etl_dag.py took 0.697 seconds
[2025-11-19T13:21:53.418+0000] {processor.py:161} INFO - Started process (PID=1595) to work on /opt/airflow/dags/etl_dag.py
[2025-11-19T13:21:53.422+0000] {processor.py:830} INFO - Processing file /opt/airflow/dags/etl_dag.py for tasks to queue
[2025-11-19T13:21:53.431+0000] {logging_mixin.py:188} INFO - [2025-11-19T13:21:53.430+0000] {dagbag.py:538} INFO - Filling up the DagBag from /opt/airflow/dags/etl_dag.py
[2025-11-19T13:21:53.569+0000] {processor.py:840} INFO - DAG(s) 'simple_etl_lineage' retrieved from /opt/airflow/dags/etl_dag.py
[2025-11-19T13:21:53.644+0000] {logging_mixin.py:188} INFO - [2025-11-19T13:21:53.643+0000] {dag.py:3036} INFO - Sync 1 DAGs
[2025-11-19T13:21:53.677+0000] {logging_mixin.py:188} INFO - [2025-11-19T13:21:53.676+0000] {dag.py:3823} INFO - Setting next_dagrun for simple_etl_lineage to None, run_after=None
[2025-11-19T13:21:53.713+0000] {processor.py:183} INFO - Processing /opt/airflow/dags/etl_dag.py took 0.318 seconds
[2025-11-19T13:22:23.961+0000] {processor.py:161} INFO - Started process (PID=1627) to work on /opt/airflow/dags/etl_dag.py
[2025-11-19T13:22:23.963+0000] {processor.py:830} INFO - Processing file /opt/airflow/dags/etl_dag.py for tasks to queue
[2025-11-19T13:22:23.965+0000] {logging_mixin.py:188} INFO - [2025-11-19T13:22:23.964+0000] {dagbag.py:538} INFO - Filling up the DagBag from /opt/airflow/dags/etl_dag.py
[2025-11-19T13:22:24.002+0000] {processor.py:840} INFO - DAG(s) 'simple_etl_lineage' retrieved from /opt/airflow/dags/etl_dag.py
[2025-11-19T13:22:24.043+0000] {logging_mixin.py:188} INFO - [2025-11-19T13:22:24.042+0000] {dag.py:3036} INFO - Sync 1 DAGs
[2025-11-19T13:22:24.073+0000] {logging_mixin.py:188} INFO - [2025-11-19T13:22:24.073+0000] {dag.py:3823} INFO - Setting next_dagrun for simple_etl_lineage to None, run_after=None
[2025-11-19T13:22:24.113+0000] {processor.py:183} INFO - Processing /opt/airflow/dags/etl_dag.py took 0.154 seconds
[2025-11-19T13:22:54.339+0000] {processor.py:161} INFO - Started process (PID=1655) to work on /opt/airflow/dags/etl_dag.py
[2025-11-19T13:22:54.349+0000] {processor.py:830} INFO - Processing file /opt/airflow/dags/etl_dag.py for tasks to queue
[2025-11-19T13:22:54.353+0000] {logging_mixin.py:188} INFO - [2025-11-19T13:22:54.353+0000] {dagbag.py:538} INFO - Filling up the DagBag from /opt/airflow/dags/etl_dag.py
[2025-11-19T13:22:54.621+0000] {processor.py:840} INFO - DAG(s) 'simple_etl_lineage' retrieved from /opt/airflow/dags/etl_dag.py
[2025-11-19T13:22:54.717+0000] {logging_mixin.py:188} INFO - [2025-11-19T13:22:54.716+0000] {dag.py:3036} INFO - Sync 1 DAGs
[2025-11-19T13:22:54.769+0000] {logging_mixin.py:188} INFO - [2025-11-19T13:22:54.768+0000] {dag.py:3823} INFO - Setting next_dagrun for simple_etl_lineage to None, run_after=None
[2025-11-19T13:22:54.838+0000] {processor.py:183} INFO - Processing /opt/airflow/dags/etl_dag.py took 0.510 seconds
[2025-11-19T13:23:25.389+0000] {processor.py:161} INFO - Started process (PID=1685) to work on /opt/airflow/dags/etl_dag.py
[2025-11-19T13:23:25.391+0000] {processor.py:830} INFO - Processing file /opt/airflow/dags/etl_dag.py for tasks to queue
[2025-11-19T13:23:25.403+0000] {logging_mixin.py:188} INFO - [2025-11-19T13:23:25.397+0000] {dagbag.py:538} INFO - Filling up the DagBag from /opt/airflow/dags/etl_dag.py
[2025-11-19T13:23:25.440+0000] {processor.py:840} INFO - DAG(s) 'simple_etl_lineage' retrieved from /opt/airflow/dags/etl_dag.py
[2025-11-19T13:23:25.501+0000] {logging_mixin.py:188} INFO - [2025-11-19T13:23:25.501+0000] {dag.py:3036} INFO - Sync 1 DAGs
[2025-11-19T13:23:25.534+0000] {logging_mixin.py:188} INFO - [2025-11-19T13:23:25.524+0000] {dag.py:3823} INFO - Setting next_dagrun for simple_etl_lineage to None, run_after=None
[2025-11-19T13:23:25.612+0000] {processor.py:183} INFO - Processing /opt/airflow/dags/etl_dag.py took 0.228 seconds
[2025-11-19T13:23:56.483+0000] {processor.py:161} INFO - Started process (PID=1715) to work on /opt/airflow/dags/etl_dag.py
[2025-11-19T13:23:56.485+0000] {processor.py:830} INFO - Processing file /opt/airflow/dags/etl_dag.py for tasks to queue
[2025-11-19T13:23:56.486+0000] {logging_mixin.py:188} INFO - [2025-11-19T13:23:56.486+0000] {dagbag.py:538} INFO - Filling up the DagBag from /opt/airflow/dags/etl_dag.py
[2025-11-19T13:23:56.520+0000] {processor.py:840} INFO - DAG(s) 'simple_etl_lineage' retrieved from /opt/airflow/dags/etl_dag.py
[2025-11-19T13:23:56.586+0000] {logging_mixin.py:188} INFO - [2025-11-19T13:23:56.585+0000] {dag.py:3036} INFO - Sync 1 DAGs
[2025-11-19T13:23:56.615+0000] {logging_mixin.py:188} INFO - [2025-11-19T13:23:56.615+0000] {dag.py:3823} INFO - Setting next_dagrun for simple_etl_lineage to None, run_after=None
[2025-11-19T13:23:56.692+0000] {processor.py:183} INFO - Processing /opt/airflow/dags/etl_dag.py took 0.216 seconds
[2025-11-19T13:24:26.807+0000] {processor.py:161} INFO - Started process (PID=1745) to work on /opt/airflow/dags/etl_dag.py
[2025-11-19T13:24:26.808+0000] {processor.py:830} INFO - Processing file /opt/airflow/dags/etl_dag.py for tasks to queue
[2025-11-19T13:24:26.809+0000] {logging_mixin.py:188} INFO - [2025-11-19T13:24:26.809+0000] {dagbag.py:538} INFO - Filling up the DagBag from /opt/airflow/dags/etl_dag.py
[2025-11-19T13:24:26.849+0000] {processor.py:840} INFO - DAG(s) 'simple_etl_lineage' retrieved from /opt/airflow/dags/etl_dag.py
[2025-11-19T13:24:26.907+0000] {logging_mixin.py:188} INFO - [2025-11-19T13:24:26.907+0000] {dag.py:3036} INFO - Sync 1 DAGs
[2025-11-19T13:24:26.938+0000] {logging_mixin.py:188} INFO - [2025-11-19T13:24:26.938+0000] {dag.py:3823} INFO - Setting next_dagrun for simple_etl_lineage to None, run_after=None
[2025-11-19T13:24:26.998+0000] {processor.py:183} INFO - Processing /opt/airflow/dags/etl_dag.py took 0.194 seconds
[2025-11-19T13:24:58.176+0000] {processor.py:161} INFO - Started process (PID=1782) to work on /opt/airflow/dags/etl_dag.py
[2025-11-19T13:24:58.178+0000] {processor.py:830} INFO - Processing file /opt/airflow/dags/etl_dag.py for tasks to queue
[2025-11-19T13:24:58.179+0000] {logging_mixin.py:188} INFO - [2025-11-19T13:24:58.179+0000] {dagbag.py:538} INFO - Filling up the DagBag from /opt/airflow/dags/etl_dag.py
[2025-11-19T13:24:58.204+0000] {processor.py:840} INFO - DAG(s) 'simple_etl_lineage' retrieved from /opt/airflow/dags/etl_dag.py
[2025-11-19T13:24:58.241+0000] {logging_mixin.py:188} INFO - [2025-11-19T13:24:58.241+0000] {dag.py:3036} INFO - Sync 1 DAGs
[2025-11-19T13:24:58.256+0000] {logging_mixin.py:188} INFO - [2025-11-19T13:24:58.256+0000] {dag.py:3823} INFO - Setting next_dagrun for simple_etl_lineage to None, run_after=None
[2025-11-19T13:24:58.279+0000] {processor.py:183} INFO - Processing /opt/airflow/dags/etl_dag.py took 0.107 seconds
[2025-11-19T13:25:29.026+0000] {processor.py:161} INFO - Started process (PID=1812) to work on /opt/airflow/dags/etl_dag.py
[2025-11-19T13:25:29.027+0000] {processor.py:830} INFO - Processing file /opt/airflow/dags/etl_dag.py for tasks to queue
[2025-11-19T13:25:29.029+0000] {logging_mixin.py:188} INFO - [2025-11-19T13:25:29.028+0000] {dagbag.py:538} INFO - Filling up the DagBag from /opt/airflow/dags/etl_dag.py
[2025-11-19T13:25:29.051+0000] {processor.py:840} INFO - DAG(s) 'simple_etl_lineage' retrieved from /opt/airflow/dags/etl_dag.py
[2025-11-19T13:25:29.086+0000] {logging_mixin.py:188} INFO - [2025-11-19T13:25:29.085+0000] {dag.py:3036} INFO - Sync 1 DAGs
[2025-11-19T13:25:29.103+0000] {logging_mixin.py:188} INFO - [2025-11-19T13:25:29.103+0000] {dag.py:3823} INFO - Setting next_dagrun for simple_etl_lineage to None, run_after=None
[2025-11-19T13:25:29.134+0000] {processor.py:183} INFO - Processing /opt/airflow/dags/etl_dag.py took 0.113 seconds
[2025-11-19T13:25:59.828+0000] {processor.py:161} INFO - Started process (PID=1842) to work on /opt/airflow/dags/etl_dag.py
[2025-11-19T13:25:59.829+0000] {processor.py:830} INFO - Processing file /opt/airflow/dags/etl_dag.py for tasks to queue
[2025-11-19T13:25:59.830+0000] {logging_mixin.py:188} INFO - [2025-11-19T13:25:59.830+0000] {dagbag.py:538} INFO - Filling up the DagBag from /opt/airflow/dags/etl_dag.py
[2025-11-19T13:25:59.853+0000] {processor.py:840} INFO - DAG(s) 'simple_etl_lineage' retrieved from /opt/airflow/dags/etl_dag.py
[2025-11-19T13:25:59.886+0000] {logging_mixin.py:188} INFO - [2025-11-19T13:25:59.885+0000] {dag.py:3036} INFO - Sync 1 DAGs
[2025-11-19T13:25:59.908+0000] {logging_mixin.py:188} INFO - [2025-11-19T13:25:59.907+0000] {dag.py:3823} INFO - Setting next_dagrun for simple_etl_lineage to None, run_after=None
[2025-11-19T13:25:59.942+0000] {processor.py:183} INFO - Processing /opt/airflow/dags/etl_dag.py took 0.118 seconds
[2025-11-19T13:26:30.663+0000] {processor.py:161} INFO - Started process (PID=1872) to work on /opt/airflow/dags/etl_dag.py
[2025-11-19T13:26:30.664+0000] {processor.py:830} INFO - Processing file /opt/airflow/dags/etl_dag.py for tasks to queue
[2025-11-19T13:26:30.666+0000] {logging_mixin.py:188} INFO - [2025-11-19T13:26:30.665+0000] {dagbag.py:538} INFO - Filling up the DagBag from /opt/airflow/dags/etl_dag.py
[2025-11-19T13:26:30.684+0000] {processor.py:840} INFO - DAG(s) 'simple_etl_lineage' retrieved from /opt/airflow/dags/etl_dag.py
[2025-11-19T13:26:30.713+0000] {logging_mixin.py:188} INFO - [2025-11-19T13:26:30.713+0000] {dag.py:3036} INFO - Sync 1 DAGs
[2025-11-19T13:26:30.728+0000] {logging_mixin.py:188} INFO - [2025-11-19T13:26:30.728+0000] {dag.py:3823} INFO - Setting next_dagrun for simple_etl_lineage to None, run_after=None
[2025-11-19T13:26:30.801+0000] {processor.py:183} INFO - Processing /opt/airflow/dags/etl_dag.py took 0.147 seconds
[2025-11-19T13:27:01.637+0000] {processor.py:161} INFO - Started process (PID=1902) to work on /opt/airflow/dags/etl_dag.py
[2025-11-19T13:27:01.639+0000] {processor.py:830} INFO - Processing file /opt/airflow/dags/etl_dag.py for tasks to queue
[2025-11-19T13:27:01.640+0000] {logging_mixin.py:188} INFO - [2025-11-19T13:27:01.639+0000] {dagbag.py:538} INFO - Filling up the DagBag from /opt/airflow/dags/etl_dag.py
[2025-11-19T13:27:01.656+0000] {processor.py:840} INFO - DAG(s) 'simple_etl_lineage' retrieved from /opt/airflow/dags/etl_dag.py
[2025-11-19T13:27:01.685+0000] {logging_mixin.py:188} INFO - [2025-11-19T13:27:01.685+0000] {dag.py:3036} INFO - Sync 1 DAGs
[2025-11-19T13:27:01.697+0000] {logging_mixin.py:188} INFO - [2025-11-19T13:27:01.696+0000] {dag.py:3823} INFO - Setting next_dagrun for simple_etl_lineage to None, run_after=None
[2025-11-19T13:27:01.716+0000] {processor.py:183} INFO - Processing /opt/airflow/dags/etl_dag.py took 0.082 seconds
[2025-11-19T13:27:32.594+0000] {processor.py:161} INFO - Started process (PID=1932) to work on /opt/airflow/dags/etl_dag.py
[2025-11-19T13:27:32.613+0000] {processor.py:830} INFO - Processing file /opt/airflow/dags/etl_dag.py for tasks to queue
[2025-11-19T13:27:32.631+0000] {logging_mixin.py:188} INFO - [2025-11-19T13:27:32.630+0000] {dagbag.py:538} INFO - Filling up the DagBag from /opt/airflow/dags/etl_dag.py
[2025-11-19T13:27:32.700+0000] {processor.py:840} INFO - DAG(s) 'simple_etl_lineage' retrieved from /opt/airflow/dags/etl_dag.py
[2025-11-19T13:27:32.741+0000] {logging_mixin.py:188} INFO - [2025-11-19T13:27:32.740+0000] {dag.py:3036} INFO - Sync 1 DAGs
[2025-11-19T13:27:32.763+0000] {logging_mixin.py:188} INFO - [2025-11-19T13:27:32.762+0000] {dag.py:3823} INFO - Setting next_dagrun for simple_etl_lineage to None, run_after=None
[2025-11-19T13:27:32.794+0000] {processor.py:183} INFO - Processing /opt/airflow/dags/etl_dag.py took 0.206 seconds
[2025-11-19T13:28:03.522+0000] {processor.py:161} INFO - Started process (PID=1962) to work on /opt/airflow/dags/etl_dag.py
[2025-11-19T13:28:03.524+0000] {processor.py:830} INFO - Processing file /opt/airflow/dags/etl_dag.py for tasks to queue
[2025-11-19T13:28:03.525+0000] {logging_mixin.py:188} INFO - [2025-11-19T13:28:03.524+0000] {dagbag.py:538} INFO - Filling up the DagBag from /opt/airflow/dags/etl_dag.py
[2025-11-19T13:28:03.540+0000] {processor.py:840} INFO - DAG(s) 'simple_etl_lineage' retrieved from /opt/airflow/dags/etl_dag.py
[2025-11-19T13:28:03.563+0000] {logging_mixin.py:188} INFO - [2025-11-19T13:28:03.563+0000] {dag.py:3036} INFO - Sync 1 DAGs
[2025-11-19T13:28:03.573+0000] {logging_mixin.py:188} INFO - [2025-11-19T13:28:03.573+0000] {dag.py:3823} INFO - Setting next_dagrun for simple_etl_lineage to None, run_after=None
[2025-11-19T13:28:03.595+0000] {processor.py:183} INFO - Processing /opt/airflow/dags/etl_dag.py took 0.075 seconds
[2025-11-19T13:28:34.379+0000] {processor.py:161} INFO - Started process (PID=1990) to work on /opt/airflow/dags/etl_dag.py
[2025-11-19T13:28:34.380+0000] {processor.py:830} INFO - Processing file /opt/airflow/dags/etl_dag.py for tasks to queue
[2025-11-19T13:28:34.381+0000] {logging_mixin.py:188} INFO - [2025-11-19T13:28:34.381+0000] {dagbag.py:538} INFO - Filling up the DagBag from /opt/airflow/dags/etl_dag.py
[2025-11-19T13:28:34.399+0000] {processor.py:840} INFO - DAG(s) 'simple_etl_lineage' retrieved from /opt/airflow/dags/etl_dag.py
[2025-11-19T13:28:34.425+0000] {logging_mixin.py:188} INFO - [2025-11-19T13:28:34.424+0000] {dag.py:3036} INFO - Sync 1 DAGs
[2025-11-19T13:28:34.437+0000] {logging_mixin.py:188} INFO - [2025-11-19T13:28:34.436+0000] {dag.py:3823} INFO - Setting next_dagrun for simple_etl_lineage to None, run_after=None
[2025-11-19T13:28:34.458+0000] {processor.py:183} INFO - Processing /opt/airflow/dags/etl_dag.py took 0.082 seconds
[2025-11-19T13:29:04.809+0000] {processor.py:161} INFO - Started process (PID=2022) to work on /opt/airflow/dags/etl_dag.py
[2025-11-19T13:29:04.810+0000] {processor.py:830} INFO - Processing file /opt/airflow/dags/etl_dag.py for tasks to queue
[2025-11-19T13:29:04.818+0000] {logging_mixin.py:188} INFO - [2025-11-19T13:29:04.812+0000] {dagbag.py:538} INFO - Filling up the DagBag from /opt/airflow/dags/etl_dag.py
[2025-11-19T13:29:04.845+0000] {processor.py:840} INFO - DAG(s) 'simple_etl_lineage' retrieved from /opt/airflow/dags/etl_dag.py
[2025-11-19T13:29:04.888+0000] {logging_mixin.py:188} INFO - [2025-11-19T13:29:04.887+0000] {dag.py:3036} INFO - Sync 1 DAGs
[2025-11-19T13:29:04.904+0000] {logging_mixin.py:188} INFO - [2025-11-19T13:29:04.903+0000] {dag.py:3823} INFO - Setting next_dagrun for simple_etl_lineage to None, run_after=None
[2025-11-19T13:29:04.933+0000] {processor.py:183} INFO - Processing /opt/airflow/dags/etl_dag.py took 0.129 seconds
[2025-11-19T13:29:35.791+0000] {processor.py:161} INFO - Started process (PID=2052) to work on /opt/airflow/dags/etl_dag.py
[2025-11-19T13:29:35.793+0000] {processor.py:830} INFO - Processing file /opt/airflow/dags/etl_dag.py for tasks to queue
[2025-11-19T13:29:35.794+0000] {logging_mixin.py:188} INFO - [2025-11-19T13:29:35.794+0000] {dagbag.py:538} INFO - Filling up the DagBag from /opt/airflow/dags/etl_dag.py
[2025-11-19T13:29:35.827+0000] {processor.py:840} INFO - DAG(s) 'simple_etl_lineage' retrieved from /opt/airflow/dags/etl_dag.py
[2025-11-19T13:29:35.865+0000] {logging_mixin.py:188} INFO - [2025-11-19T13:29:35.864+0000] {dag.py:3036} INFO - Sync 1 DAGs
[2025-11-19T13:29:35.879+0000] {logging_mixin.py:188} INFO - [2025-11-19T13:29:35.879+0000] {dag.py:3823} INFO - Setting next_dagrun for simple_etl_lineage to None, run_after=None
[2025-11-19T13:29:35.913+0000] {processor.py:183} INFO - Processing /opt/airflow/dags/etl_dag.py took 0.126 seconds
[2025-11-19T13:30:06.433+0000] {processor.py:161} INFO - Started process (PID=2080) to work on /opt/airflow/dags/etl_dag.py
[2025-11-19T13:30:06.435+0000] {processor.py:830} INFO - Processing file /opt/airflow/dags/etl_dag.py for tasks to queue
[2025-11-19T13:30:06.436+0000] {logging_mixin.py:188} INFO - [2025-11-19T13:30:06.436+0000] {dagbag.py:538} INFO - Filling up the DagBag from /opt/airflow/dags/etl_dag.py
[2025-11-19T13:30:06.455+0000] {processor.py:840} INFO - DAG(s) 'simple_etl_lineage' retrieved from /opt/airflow/dags/etl_dag.py
[2025-11-19T13:30:06.481+0000] {logging_mixin.py:188} INFO - [2025-11-19T13:30:06.481+0000] {dag.py:3036} INFO - Sync 1 DAGs
[2025-11-19T13:30:06.493+0000] {logging_mixin.py:188} INFO - [2025-11-19T13:30:06.492+0000] {dag.py:3823} INFO - Setting next_dagrun for simple_etl_lineage to None, run_after=None
[2025-11-19T13:30:06.517+0000] {processor.py:183} INFO - Processing /opt/airflow/dags/etl_dag.py took 0.087 seconds
[2025-11-19T13:30:37.004+0000] {processor.py:161} INFO - Started process (PID=2105) to work on /opt/airflow/dags/etl_dag.py
[2025-11-19T13:30:37.006+0000] {processor.py:830} INFO - Processing file /opt/airflow/dags/etl_dag.py for tasks to queue
[2025-11-19T13:30:37.008+0000] {logging_mixin.py:188} INFO - [2025-11-19T13:30:37.007+0000] {dagbag.py:538} INFO - Filling up the DagBag from /opt/airflow/dags/etl_dag.py
[2025-11-19T13:30:37.040+0000] {processor.py:840} INFO - DAG(s) 'simple_etl_lineage' retrieved from /opt/airflow/dags/etl_dag.py
[2025-11-19T13:30:37.079+0000] {logging_mixin.py:188} INFO - [2025-11-19T13:30:37.078+0000] {dag.py:3036} INFO - Sync 1 DAGs
[2025-11-19T13:30:37.094+0000] {logging_mixin.py:188} INFO - [2025-11-19T13:30:37.094+0000] {dag.py:3823} INFO - Setting next_dagrun for simple_etl_lineage to None, run_after=None
[2025-11-19T13:30:37.235+0000] {processor.py:183} INFO - Processing /opt/airflow/dags/etl_dag.py took 0.234 seconds
[2025-11-19T13:31:07.976+0000] {processor.py:161} INFO - Started process (PID=2135) to work on /opt/airflow/dags/etl_dag.py
[2025-11-19T13:31:07.978+0000] {processor.py:830} INFO - Processing file /opt/airflow/dags/etl_dag.py for tasks to queue
[2025-11-19T13:31:07.980+0000] {logging_mixin.py:188} INFO - [2025-11-19T13:31:07.979+0000] {dagbag.py:538} INFO - Filling up the DagBag from /opt/airflow/dags/etl_dag.py
[2025-11-19T13:31:08.002+0000] {processor.py:840} INFO - DAG(s) 'simple_etl_lineage' retrieved from /opt/airflow/dags/etl_dag.py
[2025-11-19T13:31:08.034+0000] {logging_mixin.py:188} INFO - [2025-11-19T13:31:08.034+0000] {dag.py:3036} INFO - Sync 1 DAGs
[2025-11-19T13:31:08.050+0000] {logging_mixin.py:188} INFO - [2025-11-19T13:31:08.050+0000] {dag.py:3823} INFO - Setting next_dagrun for simple_etl_lineage to None, run_after=None
[2025-11-19T13:31:08.086+0000] {processor.py:183} INFO - Processing /opt/airflow/dags/etl_dag.py took 0.113 seconds
[2025-11-19T13:31:38.747+0000] {processor.py:161} INFO - Started process (PID=2165) to work on /opt/airflow/dags/etl_dag.py
[2025-11-19T13:31:38.748+0000] {processor.py:830} INFO - Processing file /opt/airflow/dags/etl_dag.py for tasks to queue
[2025-11-19T13:31:38.750+0000] {logging_mixin.py:188} INFO - [2025-11-19T13:31:38.749+0000] {dagbag.py:538} INFO - Filling up the DagBag from /opt/airflow/dags/etl_dag.py
[2025-11-19T13:31:38.770+0000] {processor.py:840} INFO - DAG(s) 'simple_etl_lineage' retrieved from /opt/airflow/dags/etl_dag.py
[2025-11-19T13:31:38.800+0000] {logging_mixin.py:188} INFO - [2025-11-19T13:31:38.799+0000] {dag.py:3036} INFO - Sync 1 DAGs
[2025-11-19T13:31:38.814+0000] {logging_mixin.py:188} INFO - [2025-11-19T13:31:38.813+0000] {dag.py:3823} INFO - Setting next_dagrun for simple_etl_lineage to None, run_after=None
[2025-11-19T13:31:38.838+0000] {processor.py:183} INFO - Processing /opt/airflow/dags/etl_dag.py took 0.095 seconds
[2025-11-19T13:32:08.977+0000] {processor.py:161} INFO - Started process (PID=2195) to work on /opt/airflow/dags/etl_dag.py
[2025-11-19T13:32:08.980+0000] {processor.py:830} INFO - Processing file /opt/airflow/dags/etl_dag.py for tasks to queue
[2025-11-19T13:32:08.982+0000] {logging_mixin.py:188} INFO - [2025-11-19T13:32:08.981+0000] {dagbag.py:538} INFO - Filling up the DagBag from /opt/airflow/dags/etl_dag.py
[2025-11-19T13:32:09.010+0000] {processor.py:840} INFO - DAG(s) 'simple_etl_lineage' retrieved from /opt/airflow/dags/etl_dag.py
[2025-11-19T13:32:09.051+0000] {logging_mixin.py:188} INFO - [2025-11-19T13:32:09.051+0000] {dag.py:3036} INFO - Sync 1 DAGs
[2025-11-19T13:32:09.069+0000] {logging_mixin.py:188} INFO - [2025-11-19T13:32:09.069+0000] {dag.py:3823} INFO - Setting next_dagrun for simple_etl_lineage to None, run_after=None
[2025-11-19T13:32:09.136+0000] {processor.py:183} INFO - Processing /opt/airflow/dags/etl_dag.py took 0.169 seconds
[2025-11-19T13:32:39.609+0000] {processor.py:161} INFO - Started process (PID=2220) to work on /opt/airflow/dags/etl_dag.py
[2025-11-19T13:32:39.621+0000] {processor.py:830} INFO - Processing file /opt/airflow/dags/etl_dag.py for tasks to queue
[2025-11-19T13:32:39.625+0000] {logging_mixin.py:188} INFO - [2025-11-19T13:32:39.624+0000] {dagbag.py:538} INFO - Filling up the DagBag from /opt/airflow/dags/etl_dag.py
[2025-11-19T13:32:40.671+0000] {processor.py:840} INFO - DAG(s) 'simple_etl_lineage' retrieved from /opt/airflow/dags/etl_dag.py
[2025-11-19T13:32:40.974+0000] {logging_mixin.py:188} INFO - [2025-11-19T13:32:40.974+0000] {dag.py:3036} INFO - Sync 1 DAGs
[2025-11-19T13:32:41.087+0000] {logging_mixin.py:188} INFO - [2025-11-19T13:32:41.086+0000] {dag.py:3823} INFO - Setting next_dagrun for simple_etl_lineage to None, run_after=None
[2025-11-19T13:32:41.230+0000] {processor.py:183} INFO - Processing /opt/airflow/dags/etl_dag.py took 1.626 seconds
[2025-11-19T13:33:12.363+0000] {processor.py:161} INFO - Started process (PID=2252) to work on /opt/airflow/dags/etl_dag.py
[2025-11-19T13:33:12.367+0000] {processor.py:830} INFO - Processing file /opt/airflow/dags/etl_dag.py for tasks to queue
[2025-11-19T13:33:12.369+0000] {logging_mixin.py:188} INFO - [2025-11-19T13:33:12.369+0000] {dagbag.py:538} INFO - Filling up the DagBag from /opt/airflow/dags/etl_dag.py
[2025-11-19T13:33:12.406+0000] {processor.py:840} INFO - DAG(s) 'simple_etl_lineage' retrieved from /opt/airflow/dags/etl_dag.py
[2025-11-19T13:33:12.503+0000] {logging_mixin.py:188} INFO - [2025-11-19T13:33:12.502+0000] {dag.py:3036} INFO - Sync 1 DAGs
[2025-11-19T13:33:12.524+0000] {logging_mixin.py:188} INFO - [2025-11-19T13:33:12.523+0000] {dag.py:3823} INFO - Setting next_dagrun for simple_etl_lineage to None, run_after=None
[2025-11-19T13:33:12.584+0000] {processor.py:183} INFO - Processing /opt/airflow/dags/etl_dag.py took 0.217 seconds
[2025-11-19T13:33:42.790+0000] {processor.py:161} INFO - Started process (PID=2282) to work on /opt/airflow/dags/etl_dag.py
[2025-11-19T13:33:42.792+0000] {processor.py:830} INFO - Processing file /opt/airflow/dags/etl_dag.py for tasks to queue
[2025-11-19T13:33:42.793+0000] {logging_mixin.py:188} INFO - [2025-11-19T13:33:42.793+0000] {dagbag.py:538} INFO - Filling up the DagBag from /opt/airflow/dags/etl_dag.py
[2025-11-19T13:33:42.823+0000] {processor.py:840} INFO - DAG(s) 'simple_etl_lineage' retrieved from /opt/airflow/dags/etl_dag.py
[2025-11-19T13:33:42.859+0000] {logging_mixin.py:188} INFO - [2025-11-19T13:33:42.859+0000] {dag.py:3036} INFO - Sync 1 DAGs
[2025-11-19T13:33:42.874+0000] {logging_mixin.py:188} INFO - [2025-11-19T13:33:42.874+0000] {dag.py:3823} INFO - Setting next_dagrun for simple_etl_lineage to None, run_after=None
[2025-11-19T13:33:42.901+0000] {processor.py:183} INFO - Processing /opt/airflow/dags/etl_dag.py took 0.116 seconds
[2025-11-19T13:34:13.726+0000] {processor.py:161} INFO - Started process (PID=2312) to work on /opt/airflow/dags/etl_dag.py
[2025-11-19T13:34:13.728+0000] {processor.py:830} INFO - Processing file /opt/airflow/dags/etl_dag.py for tasks to queue
[2025-11-19T13:34:13.729+0000] {logging_mixin.py:188} INFO - [2025-11-19T13:34:13.729+0000] {dagbag.py:538} INFO - Filling up the DagBag from /opt/airflow/dags/etl_dag.py
[2025-11-19T13:34:13.751+0000] {processor.py:840} INFO - DAG(s) 'simple_etl_lineage' retrieved from /opt/airflow/dags/etl_dag.py
[2025-11-19T13:34:13.779+0000] {logging_mixin.py:188} INFO - [2025-11-19T13:34:13.779+0000] {dag.py:3036} INFO - Sync 1 DAGs
[2025-11-19T13:34:13.791+0000] {logging_mixin.py:188} INFO - [2025-11-19T13:34:13.791+0000] {dag.py:3823} INFO - Setting next_dagrun for simple_etl_lineage to None, run_after=None
[2025-11-19T13:34:13.812+0000] {processor.py:183} INFO - Processing /opt/airflow/dags/etl_dag.py took 0.089 seconds
[2025-11-19T13:34:44.611+0000] {processor.py:161} INFO - Started process (PID=2342) to work on /opt/airflow/dags/etl_dag.py
[2025-11-19T13:34:44.613+0000] {processor.py:830} INFO - Processing file /opt/airflow/dags/etl_dag.py for tasks to queue
[2025-11-19T13:34:44.614+0000] {logging_mixin.py:188} INFO - [2025-11-19T13:34:44.614+0000] {dagbag.py:538} INFO - Filling up the DagBag from /opt/airflow/dags/etl_dag.py
[2025-11-19T13:34:44.649+0000] {processor.py:840} INFO - DAG(s) 'simple_etl_lineage' retrieved from /opt/airflow/dags/etl_dag.py
[2025-11-19T13:34:44.677+0000] {logging_mixin.py:188} INFO - [2025-11-19T13:34:44.676+0000] {dag.py:3036} INFO - Sync 1 DAGs
[2025-11-19T13:34:44.689+0000] {logging_mixin.py:188} INFO - [2025-11-19T13:34:44.689+0000] {dag.py:3823} INFO - Setting next_dagrun for simple_etl_lineage to None, run_after=None
[2025-11-19T13:34:44.717+0000] {processor.py:183} INFO - Processing /opt/airflow/dags/etl_dag.py took 0.111 seconds
[2025-11-19T13:35:15.238+0000] {processor.py:161} INFO - Started process (PID=2372) to work on /opt/airflow/dags/etl_dag.py
[2025-11-19T13:35:15.240+0000] {processor.py:830} INFO - Processing file /opt/airflow/dags/etl_dag.py for tasks to queue
[2025-11-19T13:35:15.248+0000] {logging_mixin.py:188} INFO - [2025-11-19T13:35:15.241+0000] {dagbag.py:538} INFO - Filling up the DagBag from /opt/airflow/dags/etl_dag.py
[2025-11-19T13:35:15.273+0000] {processor.py:840} INFO - DAG(s) 'simple_etl_lineage' retrieved from /opt/airflow/dags/etl_dag.py
[2025-11-19T13:35:15.318+0000] {logging_mixin.py:188} INFO - [2025-11-19T13:35:15.317+0000] {dag.py:3036} INFO - Sync 1 DAGs
[2025-11-19T13:35:15.355+0000] {logging_mixin.py:188} INFO - [2025-11-19T13:35:15.355+0000] {dag.py:3823} INFO - Setting next_dagrun for simple_etl_lineage to None, run_after=None
[2025-11-19T13:35:15.434+0000] {processor.py:183} INFO - Processing /opt/airflow/dags/etl_dag.py took 0.200 seconds
[2025-11-19T13:35:46.075+0000] {processor.py:161} INFO - Started process (PID=2402) to work on /opt/airflow/dags/etl_dag.py
[2025-11-19T13:35:46.085+0000] {processor.py:830} INFO - Processing file /opt/airflow/dags/etl_dag.py for tasks to queue
[2025-11-19T13:35:46.087+0000] {logging_mixin.py:188} INFO - [2025-11-19T13:35:46.086+0000] {dagbag.py:538} INFO - Filling up the DagBag from /opt/airflow/dags/etl_dag.py
[2025-11-19T13:35:46.122+0000] {processor.py:840} INFO - DAG(s) 'simple_etl_lineage' retrieved from /opt/airflow/dags/etl_dag.py
[2025-11-19T13:35:46.182+0000] {logging_mixin.py:188} INFO - [2025-11-19T13:35:46.181+0000] {dag.py:3036} INFO - Sync 1 DAGs
[2025-11-19T13:35:46.271+0000] {logging_mixin.py:188} INFO - [2025-11-19T13:35:46.270+0000] {dag.py:3823} INFO - Setting next_dagrun for simple_etl_lineage to None, run_after=None
[2025-11-19T13:35:46.341+0000] {processor.py:183} INFO - Processing /opt/airflow/dags/etl_dag.py took 0.270 seconds
[2025-11-19T13:36:16.564+0000] {processor.py:161} INFO - Started process (PID=2432) to work on /opt/airflow/dags/etl_dag.py
[2025-11-19T13:36:16.565+0000] {processor.py:830} INFO - Processing file /opt/airflow/dags/etl_dag.py for tasks to queue
[2025-11-19T13:36:16.566+0000] {logging_mixin.py:188} INFO - [2025-11-19T13:36:16.566+0000] {dagbag.py:538} INFO - Filling up the DagBag from /opt/airflow/dags/etl_dag.py
[2025-11-19T13:36:16.586+0000] {processor.py:840} INFO - DAG(s) 'simple_etl_lineage' retrieved from /opt/airflow/dags/etl_dag.py
[2025-11-19T13:36:16.612+0000] {logging_mixin.py:188} INFO - [2025-11-19T13:36:16.612+0000] {dag.py:3036} INFO - Sync 1 DAGs
[2025-11-19T13:36:16.623+0000] {logging_mixin.py:188} INFO - [2025-11-19T13:36:16.623+0000] {dag.py:3823} INFO - Setting next_dagrun for simple_etl_lineage to None, run_after=None
[2025-11-19T13:36:16.646+0000] {processor.py:183} INFO - Processing /opt/airflow/dags/etl_dag.py took 0.085 seconds
[2025-11-19T13:36:47.101+0000] {processor.py:161} INFO - Started process (PID=2462) to work on /opt/airflow/dags/etl_dag.py
[2025-11-19T13:36:47.105+0000] {processor.py:830} INFO - Processing file /opt/airflow/dags/etl_dag.py for tasks to queue
[2025-11-19T13:36:47.115+0000] {logging_mixin.py:188} INFO - [2025-11-19T13:36:47.114+0000] {dagbag.py:538} INFO - Filling up the DagBag from /opt/airflow/dags/etl_dag.py
[2025-11-19T13:36:47.191+0000] {processor.py:840} INFO - DAG(s) 'simple_etl_lineage' retrieved from /opt/airflow/dags/etl_dag.py
[2025-11-19T13:36:47.264+0000] {logging_mixin.py:188} INFO - [2025-11-19T13:36:47.263+0000] {dag.py:3036} INFO - Sync 1 DAGs
[2025-11-19T13:36:47.295+0000] {logging_mixin.py:188} INFO - [2025-11-19T13:36:47.295+0000] {dag.py:3823} INFO - Setting next_dagrun for simple_etl_lineage to None, run_after=None
[2025-11-19T13:36:47.358+0000] {processor.py:183} INFO - Processing /opt/airflow/dags/etl_dag.py took 0.261 seconds
[2025-11-19T13:37:33.801+0000] {processor.py:161} INFO - Started process (PID=2505) to work on /opt/airflow/dags/etl_dag.py
[2025-11-19T13:37:33.816+0000] {processor.py:830} INFO - Processing file /opt/airflow/dags/etl_dag.py for tasks to queue
[2025-11-19T13:37:33.824+0000] {logging_mixin.py:188} INFO - [2025-11-19T13:37:33.823+0000] {dagbag.py:538} INFO - Filling up the DagBag from /opt/airflow/dags/etl_dag.py
[2025-11-19T13:37:34.240+0000] {processor.py:840} INFO - DAG(s) 'simple_etl_lineage' retrieved from /opt/airflow/dags/etl_dag.py
[2025-11-19T13:37:34.334+0000] {logging_mixin.py:188} INFO - [2025-11-19T13:37:34.334+0000] {dag.py:3036} INFO - Sync 1 DAGs
[2025-11-19T13:37:34.377+0000] {logging_mixin.py:188} INFO - [2025-11-19T13:37:34.377+0000] {dag.py:3823} INFO - Setting next_dagrun for simple_etl_lineage to None, run_after=None
[2025-11-19T13:37:34.476+0000] {processor.py:183} INFO - Processing /opt/airflow/dags/etl_dag.py took 0.683 seconds
[2025-11-19T13:38:16.114+0000] {processor.py:161} INFO - Started process (PID=2535) to work on /opt/airflow/dags/etl_dag.py
[2025-11-19T13:38:16.177+0000] {processor.py:830} INFO - Processing file /opt/airflow/dags/etl_dag.py for tasks to queue
[2025-11-19T13:38:16.222+0000] {logging_mixin.py:188} INFO - [2025-11-19T13:38:16.221+0000] {dagbag.py:538} INFO - Filling up the DagBag from /opt/airflow/dags/etl_dag.py
[2025-11-19T13:38:17.876+0000] {processor.py:840} INFO - DAG(s) 'simple_etl_lineage' retrieved from /opt/airflow/dags/etl_dag.py
[2025-11-19T13:38:18.086+0000] {logging_mixin.py:188} INFO - [2025-11-19T13:38:18.086+0000] {dag.py:3036} INFO - Sync 1 DAGs
[2025-11-19T13:38:18.417+0000] {logging_mixin.py:188} INFO - [2025-11-19T13:38:18.415+0000] {dag.py:3823} INFO - Setting next_dagrun for simple_etl_lineage to None, run_after=None
[2025-11-19T13:38:18.890+0000] {processor.py:183} INFO - Processing /opt/airflow/dags/etl_dag.py took 2.781 seconds
[2025-11-19T13:38:52.875+0000] {processor.py:161} INFO - Started process (PID=2567) to work on /opt/airflow/dags/etl_dag.py
[2025-11-19T13:38:52.884+0000] {processor.py:830} INFO - Processing file /opt/airflow/dags/etl_dag.py for tasks to queue
[2025-11-19T13:38:52.886+0000] {logging_mixin.py:188} INFO - [2025-11-19T13:38:52.885+0000] {dagbag.py:538} INFO - Filling up the DagBag from /opt/airflow/dags/etl_dag.py
[2025-11-19T13:38:53.012+0000] {processor.py:840} INFO - DAG(s) 'simple_etl_lineage' retrieved from /opt/airflow/dags/etl_dag.py
[2025-11-19T13:38:53.286+0000] {logging_mixin.py:188} INFO - [2025-11-19T13:38:53.285+0000] {dag.py:3036} INFO - Sync 1 DAGs
[2025-11-19T13:38:53.340+0000] {logging_mixin.py:188} INFO - [2025-11-19T13:38:53.340+0000] {dag.py:3823} INFO - Setting next_dagrun for simple_etl_lineage to None, run_after=None
[2025-11-19T13:38:53.591+0000] {processor.py:183} INFO - Processing /opt/airflow/dags/etl_dag.py took 0.734 seconds
[2025-11-19T13:39:24.287+0000] {processor.py:161} INFO - Started process (PID=2597) to work on /opt/airflow/dags/etl_dag.py
[2025-11-19T13:39:24.291+0000] {processor.py:830} INFO - Processing file /opt/airflow/dags/etl_dag.py for tasks to queue
[2025-11-19T13:39:24.299+0000] {logging_mixin.py:188} INFO - [2025-11-19T13:39:24.299+0000] {dagbag.py:538} INFO - Filling up the DagBag from /opt/airflow/dags/etl_dag.py
[2025-11-19T13:39:24.350+0000] {processor.py:840} INFO - DAG(s) 'simple_etl_lineage' retrieved from /opt/airflow/dags/etl_dag.py
[2025-11-19T13:39:24.443+0000] {logging_mixin.py:188} INFO - [2025-11-19T13:39:24.443+0000] {dag.py:3036} INFO - Sync 1 DAGs
[2025-11-19T13:39:24.489+0000] {logging_mixin.py:188} INFO - [2025-11-19T13:39:24.489+0000] {dag.py:3823} INFO - Setting next_dagrun for simple_etl_lineage to None, run_after=None
[2025-11-19T13:39:24.554+0000] {processor.py:183} INFO - Processing /opt/airflow/dags/etl_dag.py took 0.274 seconds
[2025-11-19T13:39:54.668+0000] {processor.py:161} INFO - Started process (PID=2627) to work on /opt/airflow/dags/etl_dag.py
[2025-11-19T13:39:54.670+0000] {processor.py:830} INFO - Processing file /opt/airflow/dags/etl_dag.py for tasks to queue
[2025-11-19T13:39:54.671+0000] {logging_mixin.py:188} INFO - [2025-11-19T13:39:54.671+0000] {dagbag.py:538} INFO - Filling up the DagBag from /opt/airflow/dags/etl_dag.py
[2025-11-19T13:39:54.704+0000] {processor.py:840} INFO - DAG(s) 'simple_etl_lineage' retrieved from /opt/airflow/dags/etl_dag.py
[2025-11-19T13:39:54.764+0000] {logging_mixin.py:188} INFO - [2025-11-19T13:39:54.764+0000] {dag.py:3036} INFO - Sync 1 DAGs
[2025-11-19T13:39:54.788+0000] {logging_mixin.py:188} INFO - [2025-11-19T13:39:54.787+0000] {dag.py:3823} INFO - Setting next_dagrun for simple_etl_lineage to None, run_after=None
[2025-11-19T13:39:54.820+0000] {processor.py:183} INFO - Processing /opt/airflow/dags/etl_dag.py took 0.155 seconds
[2025-11-19T13:40:25.086+0000] {processor.py:161} INFO - Started process (PID=2657) to work on /opt/airflow/dags/etl_dag.py
[2025-11-19T13:40:25.089+0000] {processor.py:830} INFO - Processing file /opt/airflow/dags/etl_dag.py for tasks to queue
[2025-11-19T13:40:25.095+0000] {logging_mixin.py:188} INFO - [2025-11-19T13:40:25.094+0000] {dagbag.py:538} INFO - Filling up the DagBag from /opt/airflow/dags/etl_dag.py
[2025-11-19T13:40:25.127+0000] {processor.py:840} INFO - DAG(s) 'simple_etl_lineage' retrieved from /opt/airflow/dags/etl_dag.py
[2025-11-19T13:40:25.173+0000] {logging_mixin.py:188} INFO - [2025-11-19T13:40:25.173+0000] {dag.py:3036} INFO - Sync 1 DAGs
[2025-11-19T13:40:25.192+0000] {logging_mixin.py:188} INFO - [2025-11-19T13:40:25.191+0000] {dag.py:3823} INFO - Setting next_dagrun for simple_etl_lineage to None, run_after=None
[2025-11-19T13:40:25.240+0000] {processor.py:183} INFO - Processing /opt/airflow/dags/etl_dag.py took 0.162 seconds
[2025-11-19T13:40:55.348+0000] {processor.py:161} INFO - Started process (PID=2687) to work on /opt/airflow/dags/etl_dag.py
[2025-11-19T13:40:55.353+0000] {processor.py:830} INFO - Processing file /opt/airflow/dags/etl_dag.py for tasks to queue
[2025-11-19T13:40:55.355+0000] {logging_mixin.py:188} INFO - [2025-11-19T13:40:55.355+0000] {dagbag.py:538} INFO - Filling up the DagBag from /opt/airflow/dags/etl_dag.py
[2025-11-19T13:40:55.393+0000] {processor.py:840} INFO - DAG(s) 'simple_etl_lineage' retrieved from /opt/airflow/dags/etl_dag.py
[2025-11-19T13:40:55.504+0000] {logging_mixin.py:188} INFO - [2025-11-19T13:40:55.504+0000] {dag.py:3036} INFO - Sync 1 DAGs
[2025-11-19T13:40:55.527+0000] {logging_mixin.py:188} INFO - [2025-11-19T13:40:55.527+0000] {dag.py:3823} INFO - Setting next_dagrun for simple_etl_lineage to None, run_after=None
[2025-11-19T13:40:55.586+0000] {processor.py:183} INFO - Processing /opt/airflow/dags/etl_dag.py took 0.245 seconds
[2025-11-19T13:41:25.784+0000] {processor.py:161} INFO - Started process (PID=2717) to work on /opt/airflow/dags/etl_dag.py
[2025-11-19T13:41:25.786+0000] {processor.py:830} INFO - Processing file /opt/airflow/dags/etl_dag.py for tasks to queue
[2025-11-19T13:41:25.788+0000] {logging_mixin.py:188} INFO - [2025-11-19T13:41:25.788+0000] {dagbag.py:538} INFO - Filling up the DagBag from /opt/airflow/dags/etl_dag.py
[2025-11-19T13:41:25.843+0000] {processor.py:840} INFO - DAG(s) 'simple_etl_lineage' retrieved from /opt/airflow/dags/etl_dag.py
[2025-11-19T13:41:25.924+0000] {logging_mixin.py:188} INFO - [2025-11-19T13:41:25.924+0000] {dag.py:3036} INFO - Sync 1 DAGs
[2025-11-19T13:41:25.947+0000] {logging_mixin.py:188} INFO - [2025-11-19T13:41:25.947+0000] {dag.py:3823} INFO - Setting next_dagrun for simple_etl_lineage to None, run_after=None
[2025-11-19T13:41:25.984+0000] {processor.py:183} INFO - Processing /opt/airflow/dags/etl_dag.py took 0.206 seconds
[2025-11-19T13:41:56.294+0000] {processor.py:161} INFO - Started process (PID=2747) to work on /opt/airflow/dags/etl_dag.py
[2025-11-19T13:41:56.296+0000] {processor.py:830} INFO - Processing file /opt/airflow/dags/etl_dag.py for tasks to queue
[2025-11-19T13:41:56.298+0000] {logging_mixin.py:188} INFO - [2025-11-19T13:41:56.298+0000] {dagbag.py:538} INFO - Filling up the DagBag from /opt/airflow/dags/etl_dag.py
[2025-11-19T13:41:56.334+0000] {processor.py:840} INFO - DAG(s) 'simple_etl_lineage' retrieved from /opt/airflow/dags/etl_dag.py
[2025-11-19T13:41:56.366+0000] {logging_mixin.py:188} INFO - [2025-11-19T13:41:56.366+0000] {dag.py:3036} INFO - Sync 1 DAGs
[2025-11-19T13:41:56.379+0000] {logging_mixin.py:188} INFO - [2025-11-19T13:41:56.379+0000] {dag.py:3823} INFO - Setting next_dagrun for simple_etl_lineage to None, run_after=None
[2025-11-19T13:41:56.413+0000] {processor.py:183} INFO - Processing /opt/airflow/dags/etl_dag.py took 0.124 seconds
[2025-11-19T13:42:26.485+0000] {processor.py:161} INFO - Started process (PID=2777) to work on /opt/airflow/dags/etl_dag.py
[2025-11-19T13:42:26.487+0000] {processor.py:830} INFO - Processing file /opt/airflow/dags/etl_dag.py for tasks to queue
[2025-11-19T13:42:26.488+0000] {logging_mixin.py:188} INFO - [2025-11-19T13:42:26.488+0000] {dagbag.py:538} INFO - Filling up the DagBag from /opt/airflow/dags/etl_dag.py
[2025-11-19T13:42:26.523+0000] {processor.py:840} INFO - DAG(s) 'simple_etl_lineage' retrieved from /opt/airflow/dags/etl_dag.py
[2025-11-19T13:42:26.581+0000] {logging_mixin.py:188} INFO - [2025-11-19T13:42:26.581+0000] {dag.py:3036} INFO - Sync 1 DAGs
[2025-11-19T13:42:26.609+0000] {logging_mixin.py:188} INFO - [2025-11-19T13:42:26.609+0000] {dag.py:3823} INFO - Setting next_dagrun for simple_etl_lineage to None, run_after=None
[2025-11-19T13:42:26.655+0000] {processor.py:183} INFO - Processing /opt/airflow/dags/etl_dag.py took 0.176 seconds
[2025-11-19T13:42:57.468+0000] {processor.py:161} INFO - Started process (PID=2807) to work on /opt/airflow/dags/etl_dag.py
[2025-11-19T13:42:57.470+0000] {processor.py:830} INFO - Processing file /opt/airflow/dags/etl_dag.py for tasks to queue
[2025-11-19T13:42:57.472+0000] {logging_mixin.py:188} INFO - [2025-11-19T13:42:57.471+0000] {dagbag.py:538} INFO - Filling up the DagBag from /opt/airflow/dags/etl_dag.py
[2025-11-19T13:42:57.508+0000] {processor.py:840} INFO - DAG(s) 'simple_etl_lineage' retrieved from /opt/airflow/dags/etl_dag.py
[2025-11-19T13:42:57.561+0000] {logging_mixin.py:188} INFO - [2025-11-19T13:42:57.560+0000] {dag.py:3036} INFO - Sync 1 DAGs
[2025-11-19T13:42:57.599+0000] {logging_mixin.py:188} INFO - [2025-11-19T13:42:57.598+0000] {dag.py:3823} INFO - Setting next_dagrun for simple_etl_lineage to None, run_after=None
[2025-11-19T13:42:57.691+0000] {processor.py:183} INFO - Processing /opt/airflow/dags/etl_dag.py took 0.229 seconds
[2025-11-19T13:46:46.473+0000] {processor.py:161} INFO - Started process (PID=2846) to work on /opt/airflow/dags/etl_dag.py
[2025-11-19T13:46:46.491+0000] {processor.py:830} INFO - Processing file /opt/airflow/dags/etl_dag.py for tasks to queue
[2025-11-19T13:46:46.506+0000] {logging_mixin.py:188} INFO - [2025-11-19T13:46:46.495+0000] {dagbag.py:538} INFO - Filling up the DagBag from /opt/airflow/dags/etl_dag.py
[2025-11-19T13:46:47.160+0000] {processor.py:840} INFO - DAG(s) 'simple_etl_lineage' retrieved from /opt/airflow/dags/etl_dag.py
[2025-11-19T13:46:47.401+0000] {logging_mixin.py:188} INFO - [2025-11-19T13:46:47.400+0000] {dag.py:3036} INFO - Sync 1 DAGs
[2025-11-19T13:46:47.461+0000] {logging_mixin.py:188} INFO - [2025-11-19T13:46:47.450+0000] {dag.py:3823} INFO - Setting next_dagrun for simple_etl_lineage to None, run_after=None
[2025-11-19T13:46:47.611+0000] {processor.py:183} INFO - Processing /opt/airflow/dags/etl_dag.py took 1.154 seconds
[2025-11-19T13:47:28.853+0000] {processor.py:161} INFO - Started process (PID=2878) to work on /opt/airflow/dags/etl_dag.py
[2025-11-19T13:47:28.885+0000] {processor.py:830} INFO - Processing file /opt/airflow/dags/etl_dag.py for tasks to queue
[2025-11-19T13:47:29.099+0000] {logging_mixin.py:188} INFO - [2025-11-19T13:47:29.098+0000] {dagbag.py:538} INFO - Filling up the DagBag from /opt/airflow/dags/etl_dag.py
[2025-11-19T13:47:30.272+0000] {processor.py:840} INFO - DAG(s) 'simple_etl_lineage' retrieved from /opt/airflow/dags/etl_dag.py
[2025-11-19T13:47:30.424+0000] {logging_mixin.py:188} INFO - [2025-11-19T13:47:30.423+0000] {dag.py:3036} INFO - Sync 1 DAGs
[2025-11-19T13:47:30.575+0000] {logging_mixin.py:188} INFO - [2025-11-19T13:47:30.574+0000] {dag.py:3823} INFO - Setting next_dagrun for simple_etl_lineage to None, run_after=None
[2025-11-19T13:47:30.745+0000] {processor.py:183} INFO - Processing /opt/airflow/dags/etl_dag.py took 1.923 seconds
[2025-11-19T13:48:01.618+0000] {processor.py:161} INFO - Started process (PID=2910) to work on /opt/airflow/dags/etl_dag.py
[2025-11-19T13:48:01.620+0000] {processor.py:830} INFO - Processing file /opt/airflow/dags/etl_dag.py for tasks to queue
[2025-11-19T13:48:01.622+0000] {logging_mixin.py:188} INFO - [2025-11-19T13:48:01.622+0000] {dagbag.py:538} INFO - Filling up the DagBag from /opt/airflow/dags/etl_dag.py
[2025-11-19T13:48:01.654+0000] {processor.py:840} INFO - DAG(s) 'simple_etl_lineage' retrieved from /opt/airflow/dags/etl_dag.py
[2025-11-19T13:48:01.706+0000] {logging_mixin.py:188} INFO - [2025-11-19T13:48:01.706+0000] {dag.py:3036} INFO - Sync 1 DAGs
[2025-11-19T13:48:01.738+0000] {logging_mixin.py:188} INFO - [2025-11-19T13:48:01.737+0000] {dag.py:3823} INFO - Setting next_dagrun for simple_etl_lineage to None, run_after=None
[2025-11-19T13:48:01.767+0000] {processor.py:183} INFO - Processing /opt/airflow/dags/etl_dag.py took 0.155 seconds
[2025-11-19T13:48:32.330+0000] {processor.py:161} INFO - Started process (PID=2940) to work on /opt/airflow/dags/etl_dag.py
[2025-11-19T13:48:32.332+0000] {processor.py:830} INFO - Processing file /opt/airflow/dags/etl_dag.py for tasks to queue
[2025-11-19T13:48:32.342+0000] {logging_mixin.py:188} INFO - [2025-11-19T13:48:32.340+0000] {dagbag.py:538} INFO - Filling up the DagBag from /opt/airflow/dags/etl_dag.py
[2025-11-19T13:48:32.395+0000] {processor.py:840} INFO - DAG(s) 'simple_etl_lineage' retrieved from /opt/airflow/dags/etl_dag.py
[2025-11-19T13:48:32.465+0000] {logging_mixin.py:188} INFO - [2025-11-19T13:48:32.464+0000] {dag.py:3036} INFO - Sync 1 DAGs
[2025-11-19T13:48:32.495+0000] {logging_mixin.py:188} INFO - [2025-11-19T13:48:32.495+0000] {dag.py:3823} INFO - Setting next_dagrun for simple_etl_lineage to None, run_after=None
[2025-11-19T13:48:32.547+0000] {processor.py:183} INFO - Processing /opt/airflow/dags/etl_dag.py took 0.222 seconds
[2025-11-19T13:49:03.061+0000] {processor.py:161} INFO - Started process (PID=2970) to work on /opt/airflow/dags/etl_dag.py
[2025-11-19T13:49:03.073+0000] {processor.py:830} INFO - Processing file /opt/airflow/dags/etl_dag.py for tasks to queue
[2025-11-19T13:49:03.077+0000] {logging_mixin.py:188} INFO - [2025-11-19T13:49:03.076+0000] {dagbag.py:538} INFO - Filling up the DagBag from /opt/airflow/dags/etl_dag.py
[2025-11-19T13:49:03.228+0000] {processor.py:840} INFO - DAG(s) 'simple_etl_lineage' retrieved from /opt/airflow/dags/etl_dag.py
[2025-11-19T13:49:03.326+0000] {logging_mixin.py:188} INFO - [2025-11-19T13:49:03.326+0000] {dag.py:3036} INFO - Sync 1 DAGs
[2025-11-19T13:49:03.395+0000] {logging_mixin.py:188} INFO - [2025-11-19T13:49:03.394+0000] {dag.py:3823} INFO - Setting next_dagrun for simple_etl_lineage to None, run_after=None
[2025-11-19T13:49:03.456+0000] {processor.py:183} INFO - Processing /opt/airflow/dags/etl_dag.py took 0.400 seconds
[2025-11-19T13:49:34.020+0000] {processor.py:161} INFO - Started process (PID=3000) to work on /opt/airflow/dags/etl_dag.py
[2025-11-19T13:49:34.035+0000] {processor.py:830} INFO - Processing file /opt/airflow/dags/etl_dag.py for tasks to queue
[2025-11-19T13:49:34.040+0000] {logging_mixin.py:188} INFO - [2025-11-19T13:49:34.040+0000] {dagbag.py:538} INFO - Filling up the DagBag from /opt/airflow/dags/etl_dag.py
[2025-11-19T13:49:34.251+0000] {processor.py:840} INFO - DAG(s) 'simple_etl_lineage' retrieved from /opt/airflow/dags/etl_dag.py
[2025-11-19T13:49:34.353+0000] {logging_mixin.py:188} INFO - [2025-11-19T13:49:34.353+0000] {dag.py:3036} INFO - Sync 1 DAGs
[2025-11-19T13:49:34.400+0000] {logging_mixin.py:188} INFO - [2025-11-19T13:49:34.399+0000] {dag.py:3823} INFO - Setting next_dagrun for simple_etl_lineage to None, run_after=None
[2025-11-19T13:49:34.435+0000] {processor.py:183} INFO - Processing /opt/airflow/dags/etl_dag.py took 0.431 seconds
[2025-11-19T13:50:05.031+0000] {processor.py:161} INFO - Started process (PID=3030) to work on /opt/airflow/dags/etl_dag.py
[2025-11-19T13:50:05.033+0000] {processor.py:830} INFO - Processing file /opt/airflow/dags/etl_dag.py for tasks to queue
[2025-11-19T13:50:05.036+0000] {logging_mixin.py:188} INFO - [2025-11-19T13:50:05.035+0000] {dagbag.py:538} INFO - Filling up the DagBag from /opt/airflow/dags/etl_dag.py
[2025-11-19T13:50:05.057+0000] {processor.py:840} INFO - DAG(s) 'simple_etl_lineage' retrieved from /opt/airflow/dags/etl_dag.py
[2025-11-19T13:50:05.088+0000] {logging_mixin.py:188} INFO - [2025-11-19T13:50:05.088+0000] {dag.py:3036} INFO - Sync 1 DAGs
[2025-11-19T13:50:05.103+0000] {logging_mixin.py:188} INFO - [2025-11-19T13:50:05.102+0000] {dag.py:3823} INFO - Setting next_dagrun for simple_etl_lineage to None, run_after=None
[2025-11-19T13:50:05.136+0000] {processor.py:183} INFO - Processing /opt/airflow/dags/etl_dag.py took 0.108 seconds
[2025-11-19T13:50:36.083+0000] {processor.py:161} INFO - Started process (PID=3060) to work on /opt/airflow/dags/etl_dag.py
[2025-11-19T13:50:36.086+0000] {processor.py:830} INFO - Processing file /opt/airflow/dags/etl_dag.py for tasks to queue
[2025-11-19T13:50:36.089+0000] {logging_mixin.py:188} INFO - [2025-11-19T13:50:36.089+0000] {dagbag.py:538} INFO - Filling up the DagBag from /opt/airflow/dags/etl_dag.py
[2025-11-19T13:50:36.188+0000] {processor.py:840} INFO - DAG(s) 'simple_etl_lineage' retrieved from /opt/airflow/dags/etl_dag.py
[2025-11-19T13:50:36.232+0000] {logging_mixin.py:188} INFO - [2025-11-19T13:50:36.231+0000] {dag.py:3036} INFO - Sync 1 DAGs
[2025-11-19T13:50:36.245+0000] {logging_mixin.py:188} INFO - [2025-11-19T13:50:36.245+0000] {dag.py:3823} INFO - Setting next_dagrun for simple_etl_lineage to None, run_after=None
[2025-11-19T13:50:36.295+0000] {processor.py:183} INFO - Processing /opt/airflow/dags/etl_dag.py took 0.222 seconds
[2025-11-19T13:51:06.451+0000] {processor.py:161} INFO - Started process (PID=3090) to work on /opt/airflow/dags/etl_dag.py
[2025-11-19T13:51:06.453+0000] {processor.py:830} INFO - Processing file /opt/airflow/dags/etl_dag.py for tasks to queue
[2025-11-19T13:51:06.455+0000] {logging_mixin.py:188} INFO - [2025-11-19T13:51:06.455+0000] {dagbag.py:538} INFO - Filling up the DagBag from /opt/airflow/dags/etl_dag.py
[2025-11-19T13:51:06.553+0000] {processor.py:840} INFO - DAG(s) 'simple_etl_lineage' retrieved from /opt/airflow/dags/etl_dag.py
[2025-11-19T13:51:06.632+0000] {logging_mixin.py:188} INFO - [2025-11-19T13:51:06.632+0000] {dag.py:3036} INFO - Sync 1 DAGs
[2025-11-19T13:51:06.671+0000] {logging_mixin.py:188} INFO - [2025-11-19T13:51:06.670+0000] {dag.py:3823} INFO - Setting next_dagrun for simple_etl_lineage to None, run_after=None
[2025-11-19T13:51:06.724+0000] {processor.py:183} INFO - Processing /opt/airflow/dags/etl_dag.py took 0.285 seconds
[2025-11-19T13:51:37.046+0000] {processor.py:161} INFO - Started process (PID=3120) to work on /opt/airflow/dags/etl_dag.py
[2025-11-19T13:51:37.048+0000] {processor.py:830} INFO - Processing file /opt/airflow/dags/etl_dag.py for tasks to queue
[2025-11-19T13:51:37.050+0000] {logging_mixin.py:188} INFO - [2025-11-19T13:51:37.049+0000] {dagbag.py:538} INFO - Filling up the DagBag from /opt/airflow/dags/etl_dag.py
[2025-11-19T13:51:37.077+0000] {processor.py:840} INFO - DAG(s) 'simple_etl_lineage' retrieved from /opt/airflow/dags/etl_dag.py
[2025-11-19T13:51:37.153+0000] {logging_mixin.py:188} INFO - [2025-11-19T13:51:37.153+0000] {dag.py:3036} INFO - Sync 1 DAGs
[2025-11-19T13:51:37.172+0000] {logging_mixin.py:188} INFO - [2025-11-19T13:51:37.171+0000] {dag.py:3823} INFO - Setting next_dagrun for simple_etl_lineage to None, run_after=None
[2025-11-19T13:51:37.227+0000] {processor.py:183} INFO - Processing /opt/airflow/dags/etl_dag.py took 0.186 seconds
[2025-11-19T13:52:07.487+0000] {processor.py:161} INFO - Started process (PID=3150) to work on /opt/airflow/dags/etl_dag.py
[2025-11-19T13:52:07.489+0000] {processor.py:830} INFO - Processing file /opt/airflow/dags/etl_dag.py for tasks to queue
[2025-11-19T13:52:07.491+0000] {logging_mixin.py:188} INFO - [2025-11-19T13:52:07.490+0000] {dagbag.py:538} INFO - Filling up the DagBag from /opt/airflow/dags/etl_dag.py
[2025-11-19T13:52:07.526+0000] {processor.py:840} INFO - DAG(s) 'simple_etl_lineage' retrieved from /opt/airflow/dags/etl_dag.py
[2025-11-19T13:52:07.556+0000] {logging_mixin.py:188} INFO - [2025-11-19T13:52:07.556+0000] {dag.py:3036} INFO - Sync 1 DAGs
[2025-11-19T13:52:07.568+0000] {logging_mixin.py:188} INFO - [2025-11-19T13:52:07.567+0000] {dag.py:3823} INFO - Setting next_dagrun for simple_etl_lineage to None, run_after=None
[2025-11-19T13:52:07.640+0000] {processor.py:183} INFO - Processing /opt/airflow/dags/etl_dag.py took 0.157 seconds
[2025-11-19T13:52:37.881+0000] {processor.py:161} INFO - Started process (PID=3180) to work on /opt/airflow/dags/etl_dag.py
[2025-11-19T13:52:37.883+0000] {processor.py:830} INFO - Processing file /opt/airflow/dags/etl_dag.py for tasks to queue
[2025-11-19T13:52:37.886+0000] {logging_mixin.py:188} INFO - [2025-11-19T13:52:37.885+0000] {dagbag.py:538} INFO - Filling up the DagBag from /opt/airflow/dags/etl_dag.py
[2025-11-19T13:52:37.918+0000] {processor.py:840} INFO - DAG(s) 'simple_etl_lineage' retrieved from /opt/airflow/dags/etl_dag.py
[2025-11-19T13:52:37.975+0000] {logging_mixin.py:188} INFO - [2025-11-19T13:52:37.974+0000] {dag.py:3036} INFO - Sync 1 DAGs
[2025-11-19T13:52:37.996+0000] {logging_mixin.py:188} INFO - [2025-11-19T13:52:37.996+0000] {dag.py:3823} INFO - Setting next_dagrun for simple_etl_lineage to None, run_after=None
[2025-11-19T13:52:38.065+0000] {processor.py:183} INFO - Processing /opt/airflow/dags/etl_dag.py took 0.190 seconds
[2025-11-19T13:53:08.418+0000] {processor.py:161} INFO - Started process (PID=3210) to work on /opt/airflow/dags/etl_dag.py
[2025-11-19T13:53:08.421+0000] {processor.py:830} INFO - Processing file /opt/airflow/dags/etl_dag.py for tasks to queue
[2025-11-19T13:53:08.423+0000] {logging_mixin.py:188} INFO - [2025-11-19T13:53:08.422+0000] {dagbag.py:538} INFO - Filling up the DagBag from /opt/airflow/dags/etl_dag.py
[2025-11-19T13:53:08.450+0000] {processor.py:840} INFO - DAG(s) 'simple_etl_lineage' retrieved from /opt/airflow/dags/etl_dag.py
[2025-11-19T13:53:08.516+0000] {logging_mixin.py:188} INFO - [2025-11-19T13:53:08.515+0000] {dag.py:3036} INFO - Sync 1 DAGs
[2025-11-19T13:53:08.538+0000] {logging_mixin.py:188} INFO - [2025-11-19T13:53:08.538+0000] {dag.py:3823} INFO - Setting next_dagrun for simple_etl_lineage to None, run_after=None
[2025-11-19T13:53:08.577+0000] {processor.py:183} INFO - Processing /opt/airflow/dags/etl_dag.py took 0.168 seconds
[2025-11-19T13:53:38.901+0000] {processor.py:161} INFO - Started process (PID=3240) to work on /opt/airflow/dags/etl_dag.py
[2025-11-19T13:53:38.904+0000] {processor.py:830} INFO - Processing file /opt/airflow/dags/etl_dag.py for tasks to queue
[2025-11-19T13:53:38.906+0000] {logging_mixin.py:188} INFO - [2025-11-19T13:53:38.906+0000] {dagbag.py:538} INFO - Filling up the DagBag from /opt/airflow/dags/etl_dag.py
[2025-11-19T13:53:38.960+0000] {processor.py:840} INFO - DAG(s) 'simple_etl_lineage' retrieved from /opt/airflow/dags/etl_dag.py
[2025-11-19T13:53:39.017+0000] {logging_mixin.py:188} INFO - [2025-11-19T13:53:39.017+0000] {dag.py:3036} INFO - Sync 1 DAGs
[2025-11-19T13:53:39.032+0000] {logging_mixin.py:188} INFO - [2025-11-19T13:53:39.032+0000] {dag.py:3823} INFO - Setting next_dagrun for simple_etl_lineage to None, run_after=None
[2025-11-19T13:53:39.076+0000] {processor.py:183} INFO - Processing /opt/airflow/dags/etl_dag.py took 0.188 seconds
[2025-11-19T13:54:09.598+0000] {processor.py:161} INFO - Started process (PID=3270) to work on /opt/airflow/dags/etl_dag.py
[2025-11-19T13:54:09.599+0000] {processor.py:830} INFO - Processing file /opt/airflow/dags/etl_dag.py for tasks to queue
[2025-11-19T13:54:09.601+0000] {logging_mixin.py:188} INFO - [2025-11-19T13:54:09.600+0000] {dagbag.py:538} INFO - Filling up the DagBag from /opt/airflow/dags/etl_dag.py
[2025-11-19T13:54:09.670+0000] {processor.py:840} INFO - DAG(s) 'simple_etl_lineage' retrieved from /opt/airflow/dags/etl_dag.py
[2025-11-19T13:54:09.704+0000] {logging_mixin.py:188} INFO - [2025-11-19T13:54:09.704+0000] {dag.py:3036} INFO - Sync 1 DAGs
[2025-11-19T13:54:09.717+0000] {logging_mixin.py:188} INFO - [2025-11-19T13:54:09.717+0000] {dag.py:3823} INFO - Setting next_dagrun for simple_etl_lineage to None, run_after=None
[2025-11-19T13:54:09.747+0000] {processor.py:183} INFO - Processing /opt/airflow/dags/etl_dag.py took 0.154 seconds
[2025-11-19T13:54:40.489+0000] {processor.py:161} INFO - Started process (PID=3300) to work on /opt/airflow/dags/etl_dag.py
[2025-11-19T13:54:40.491+0000] {processor.py:830} INFO - Processing file /opt/airflow/dags/etl_dag.py for tasks to queue
[2025-11-19T13:54:40.495+0000] {logging_mixin.py:188} INFO - [2025-11-19T13:54:40.494+0000] {dagbag.py:538} INFO - Filling up the DagBag from /opt/airflow/dags/etl_dag.py
[2025-11-19T13:54:40.521+0000] {processor.py:840} INFO - DAG(s) 'simple_etl_lineage' retrieved from /opt/airflow/dags/etl_dag.py
[2025-11-19T13:54:40.582+0000] {logging_mixin.py:188} INFO - [2025-11-19T13:54:40.582+0000] {dag.py:3036} INFO - Sync 1 DAGs
[2025-11-19T13:54:40.600+0000] {logging_mixin.py:188} INFO - [2025-11-19T13:54:40.600+0000] {dag.py:3823} INFO - Setting next_dagrun for simple_etl_lineage to None, run_after=None
[2025-11-19T13:54:40.673+0000] {processor.py:183} INFO - Processing /opt/airflow/dags/etl_dag.py took 0.189 seconds
[2025-11-19T13:55:10.867+0000] {processor.py:161} INFO - Started process (PID=3330) to work on /opt/airflow/dags/etl_dag.py
[2025-11-19T13:55:10.870+0000] {processor.py:830} INFO - Processing file /opt/airflow/dags/etl_dag.py for tasks to queue
[2025-11-19T13:55:10.871+0000] {logging_mixin.py:188} INFO - [2025-11-19T13:55:10.871+0000] {dagbag.py:538} INFO - Filling up the DagBag from /opt/airflow/dags/etl_dag.py
[2025-11-19T13:55:10.902+0000] {processor.py:840} INFO - DAG(s) 'simple_etl_lineage' retrieved from /opt/airflow/dags/etl_dag.py
[2025-11-19T13:55:10.938+0000] {logging_mixin.py:188} INFO - [2025-11-19T13:55:10.938+0000] {dag.py:3036} INFO - Sync 1 DAGs
[2025-11-19T13:55:10.952+0000] {logging_mixin.py:188} INFO - [2025-11-19T13:55:10.952+0000] {dag.py:3823} INFO - Setting next_dagrun for simple_etl_lineage to None, run_after=None
[2025-11-19T13:55:10.974+0000] {processor.py:183} INFO - Processing /opt/airflow/dags/etl_dag.py took 0.112 seconds
[2025-11-19T13:55:41.771+0000] {processor.py:161} INFO - Started process (PID=3360) to work on /opt/airflow/dags/etl_dag.py
[2025-11-19T13:55:41.778+0000] {processor.py:830} INFO - Processing file /opt/airflow/dags/etl_dag.py for tasks to queue
[2025-11-19T13:55:41.784+0000] {logging_mixin.py:188} INFO - [2025-11-19T13:55:41.783+0000] {dagbag.py:538} INFO - Filling up the DagBag from /opt/airflow/dags/etl_dag.py
[2025-11-19T13:55:41.852+0000] {processor.py:840} INFO - DAG(s) 'simple_etl_lineage' retrieved from /opt/airflow/dags/etl_dag.py
[2025-11-19T13:55:41.948+0000] {logging_mixin.py:188} INFO - [2025-11-19T13:55:41.947+0000] {dag.py:3036} INFO - Sync 1 DAGs
[2025-11-19T13:55:42.008+0000] {logging_mixin.py:188} INFO - [2025-11-19T13:55:42.007+0000] {dag.py:3823} INFO - Setting next_dagrun for simple_etl_lineage to None, run_after=None
[2025-11-19T13:55:42.075+0000] {processor.py:183} INFO - Processing /opt/airflow/dags/etl_dag.py took 0.309 seconds
[2025-11-19T13:56:12.211+0000] {processor.py:161} INFO - Started process (PID=3390) to work on /opt/airflow/dags/etl_dag.py
[2025-11-19T13:56:12.213+0000] {processor.py:830} INFO - Processing file /opt/airflow/dags/etl_dag.py for tasks to queue
[2025-11-19T13:56:12.215+0000] {logging_mixin.py:188} INFO - [2025-11-19T13:56:12.214+0000] {dagbag.py:538} INFO - Filling up the DagBag from /opt/airflow/dags/etl_dag.py
[2025-11-19T13:56:12.246+0000] {processor.py:840} INFO - DAG(s) 'simple_etl_lineage' retrieved from /opt/airflow/dags/etl_dag.py
[2025-11-19T13:56:12.282+0000] {logging_mixin.py:188} INFO - [2025-11-19T13:56:12.282+0000] {dag.py:3036} INFO - Sync 1 DAGs
[2025-11-19T13:56:12.296+0000] {logging_mixin.py:188} INFO - [2025-11-19T13:56:12.296+0000] {dag.py:3823} INFO - Setting next_dagrun for simple_etl_lineage to None, run_after=None
[2025-11-19T13:56:12.321+0000] {processor.py:183} INFO - Processing /opt/airflow/dags/etl_dag.py took 0.114 seconds
[2025-11-19T13:59:04.299+0000] {processor.py:161} INFO - Started process (PID=3426) to work on /opt/airflow/dags/etl_dag.py
[2025-11-19T13:59:04.302+0000] {processor.py:830} INFO - Processing file /opt/airflow/dags/etl_dag.py for tasks to queue
[2025-11-19T13:59:04.304+0000] {logging_mixin.py:188} INFO - [2025-11-19T13:59:04.304+0000] {dagbag.py:538} INFO - Filling up the DagBag from /opt/airflow/dags/etl_dag.py
[2025-11-19T13:59:04.344+0000] {processor.py:840} INFO - DAG(s) 'simple_etl_lineage' retrieved from /opt/airflow/dags/etl_dag.py
[2025-11-19T13:59:04.389+0000] {logging_mixin.py:188} INFO - [2025-11-19T13:59:04.389+0000] {dag.py:3036} INFO - Sync 1 DAGs
[2025-11-19T13:59:04.598+0000] {logging_mixin.py:188} INFO - [2025-11-19T13:59:04.598+0000] {dag.py:3823} INFO - Setting next_dagrun for simple_etl_lineage to None, run_after=None
[2025-11-19T13:59:04.643+0000] {processor.py:183} INFO - Processing /opt/airflow/dags/etl_dag.py took 0.348 seconds
[2025-11-19T13:59:35.034+0000] {processor.py:161} INFO - Started process (PID=3456) to work on /opt/airflow/dags/etl_dag.py
[2025-11-19T13:59:35.036+0000] {processor.py:830} INFO - Processing file /opt/airflow/dags/etl_dag.py for tasks to queue
[2025-11-19T13:59:35.038+0000] {logging_mixin.py:188} INFO - [2025-11-19T13:59:35.037+0000] {dagbag.py:538} INFO - Filling up the DagBag from /opt/airflow/dags/etl_dag.py
[2025-11-19T13:59:35.072+0000] {processor.py:840} INFO - DAG(s) 'simple_etl_lineage' retrieved from /opt/airflow/dags/etl_dag.py
[2025-11-19T13:59:35.118+0000] {logging_mixin.py:188} INFO - [2025-11-19T13:59:35.118+0000] {dag.py:3036} INFO - Sync 1 DAGs
[2025-11-19T13:59:35.133+0000] {logging_mixin.py:188} INFO - [2025-11-19T13:59:35.133+0000] {dag.py:3823} INFO - Setting next_dagrun for simple_etl_lineage to None, run_after=None
[2025-11-19T13:59:35.176+0000] {processor.py:183} INFO - Processing /opt/airflow/dags/etl_dag.py took 0.150 seconds
[2025-11-19T14:00:05.709+0000] {processor.py:161} INFO - Started process (PID=3484) to work on /opt/airflow/dags/etl_dag.py
[2025-11-19T14:00:05.711+0000] {processor.py:830} INFO - Processing file /opt/airflow/dags/etl_dag.py for tasks to queue
[2025-11-19T14:00:05.713+0000] {logging_mixin.py:188} INFO - [2025-11-19T14:00:05.713+0000] {dagbag.py:538} INFO - Filling up the DagBag from /opt/airflow/dags/etl_dag.py
[2025-11-19T14:00:05.748+0000] {processor.py:840} INFO - DAG(s) 'simple_etl_lineage' retrieved from /opt/airflow/dags/etl_dag.py
[2025-11-19T14:00:05.804+0000] {logging_mixin.py:188} INFO - [2025-11-19T14:00:05.803+0000] {dag.py:3036} INFO - Sync 1 DAGs
[2025-11-19T14:00:05.977+0000] {logging_mixin.py:188} INFO - [2025-11-19T14:00:05.977+0000] {dag.py:3823} INFO - Setting next_dagrun for simple_etl_lineage to None, run_after=None
[2025-11-19T14:00:06.002+0000] {processor.py:183} INFO - Processing /opt/airflow/dags/etl_dag.py took 0.298 seconds
[2025-11-19T14:00:36.301+0000] {processor.py:161} INFO - Started process (PID=3514) to work on /opt/airflow/dags/etl_dag.py
[2025-11-19T14:00:36.303+0000] {processor.py:830} INFO - Processing file /opt/airflow/dags/etl_dag.py for tasks to queue
[2025-11-19T14:00:36.305+0000] {logging_mixin.py:188} INFO - [2025-11-19T14:00:36.305+0000] {dagbag.py:538} INFO - Filling up the DagBag from /opt/airflow/dags/etl_dag.py
[2025-11-19T14:00:36.340+0000] {processor.py:840} INFO - DAG(s) 'simple_etl_lineage' retrieved from /opt/airflow/dags/etl_dag.py
[2025-11-19T14:00:36.388+0000] {logging_mixin.py:188} INFO - [2025-11-19T14:00:36.387+0000] {dag.py:3036} INFO - Sync 1 DAGs
[2025-11-19T14:00:36.408+0000] {logging_mixin.py:188} INFO - [2025-11-19T14:00:36.408+0000] {dag.py:3823} INFO - Setting next_dagrun for simple_etl_lineage to None, run_after=None
[2025-11-19T14:00:36.442+0000] {processor.py:183} INFO - Processing /opt/airflow/dags/etl_dag.py took 0.148 seconds
[2025-11-19T14:01:06.973+0000] {processor.py:161} INFO - Started process (PID=3544) to work on /opt/airflow/dags/etl_dag.py
[2025-11-19T14:01:06.977+0000] {processor.py:830} INFO - Processing file /opt/airflow/dags/etl_dag.py for tasks to queue
[2025-11-19T14:01:06.978+0000] {logging_mixin.py:188} INFO - [2025-11-19T14:01:06.978+0000] {dagbag.py:538} INFO - Filling up the DagBag from /opt/airflow/dags/etl_dag.py
[2025-11-19T14:01:07.001+0000] {processor.py:840} INFO - DAG(s) 'simple_etl_lineage' retrieved from /opt/airflow/dags/etl_dag.py
[2025-11-19T14:01:07.035+0000] {logging_mixin.py:188} INFO - [2025-11-19T14:01:07.034+0000] {dag.py:3036} INFO - Sync 1 DAGs
[2025-11-19T14:01:07.049+0000] {logging_mixin.py:188} INFO - [2025-11-19T14:01:07.048+0000] {dag.py:3823} INFO - Setting next_dagrun for simple_etl_lineage to None, run_after=None
[2025-11-19T14:01:07.131+0000] {processor.py:183} INFO - Processing /opt/airflow/dags/etl_dag.py took 0.162 seconds
[2025-11-19T14:01:37.267+0000] {processor.py:161} INFO - Started process (PID=3569) to work on /opt/airflow/dags/etl_dag.py
[2025-11-19T14:01:37.269+0000] {processor.py:830} INFO - Processing file /opt/airflow/dags/etl_dag.py for tasks to queue
[2025-11-19T14:01:37.274+0000] {logging_mixin.py:188} INFO - [2025-11-19T14:01:37.273+0000] {dagbag.py:538} INFO - Filling up the DagBag from /opt/airflow/dags/etl_dag.py
[2025-11-19T14:01:37.304+0000] {processor.py:840} INFO - DAG(s) 'simple_etl_lineage' retrieved from /opt/airflow/dags/etl_dag.py
[2025-11-19T14:01:37.352+0000] {logging_mixin.py:188} INFO - [2025-11-19T14:01:37.352+0000] {dag.py:3036} INFO - Sync 1 DAGs
[2025-11-19T14:01:37.373+0000] {logging_mixin.py:188} INFO - [2025-11-19T14:01:37.372+0000] {dag.py:3823} INFO - Setting next_dagrun for simple_etl_lineage to None, run_after=None
[2025-11-19T14:01:37.402+0000] {processor.py:183} INFO - Processing /opt/airflow/dags/etl_dag.py took 0.146 seconds
[2025-11-19T14:09:33.767+0000] {processor.py:161} INFO - Started process (PID=3615) to work on /opt/airflow/dags/etl_dag.py
[2025-11-19T14:09:33.878+0000] {processor.py:830} INFO - Processing file /opt/airflow/dags/etl_dag.py for tasks to queue
[2025-11-19T14:09:33.911+0000] {logging_mixin.py:188} INFO - [2025-11-19T14:09:33.910+0000] {dagbag.py:538} INFO - Filling up the DagBag from /opt/airflow/dags/etl_dag.py
[2025-11-19T14:09:34.015+0000] {processor.py:840} INFO - DAG(s) 'simple_etl_lineage' retrieved from /opt/airflow/dags/etl_dag.py
[2025-11-19T14:09:34.110+0000] {logging_mixin.py:188} INFO - [2025-11-19T14:09:34.109+0000] {dag.py:3036} INFO - Sync 1 DAGs
[2025-11-19T14:09:34.168+0000] {logging_mixin.py:188} INFO - [2025-11-19T14:09:34.167+0000] {dag.py:3823} INFO - Setting next_dagrun for simple_etl_lineage to None, run_after=None
[2025-11-19T14:09:34.257+0000] {processor.py:183} INFO - Processing /opt/airflow/dags/etl_dag.py took 0.506 seconds
[2025-11-19T14:10:04.656+0000] {processor.py:161} INFO - Started process (PID=3647) to work on /opt/airflow/dags/etl_dag.py
[2025-11-19T14:10:04.658+0000] {processor.py:830} INFO - Processing file /opt/airflow/dags/etl_dag.py for tasks to queue
[2025-11-19T14:10:04.660+0000] {logging_mixin.py:188} INFO - [2025-11-19T14:10:04.660+0000] {dagbag.py:538} INFO - Filling up the DagBag from /opt/airflow/dags/etl_dag.py
[2025-11-19T14:10:04.691+0000] {processor.py:840} INFO - DAG(s) 'simple_etl_lineage' retrieved from /opt/airflow/dags/etl_dag.py
[2025-11-19T14:10:04.740+0000] {logging_mixin.py:188} INFO - [2025-11-19T14:10:04.740+0000] {dag.py:3036} INFO - Sync 1 DAGs
[2025-11-19T14:10:04.758+0000] {logging_mixin.py:188} INFO - [2025-11-19T14:10:04.758+0000] {dag.py:3823} INFO - Setting next_dagrun for simple_etl_lineage to None, run_after=None
[2025-11-19T14:10:04.794+0000] {processor.py:183} INFO - Processing /opt/airflow/dags/etl_dag.py took 0.144 seconds
[2025-11-19T14:10:35.070+0000] {processor.py:161} INFO - Started process (PID=3677) to work on /opt/airflow/dags/etl_dag.py
[2025-11-19T14:10:35.073+0000] {processor.py:830} INFO - Processing file /opt/airflow/dags/etl_dag.py for tasks to queue
[2025-11-19T14:10:35.078+0000] {logging_mixin.py:188} INFO - [2025-11-19T14:10:35.077+0000] {dagbag.py:538} INFO - Filling up the DagBag from /opt/airflow/dags/etl_dag.py
[2025-11-19T14:10:35.124+0000] {processor.py:840} INFO - DAG(s) 'simple_etl_lineage' retrieved from /opt/airflow/dags/etl_dag.py
[2025-11-19T14:10:35.169+0000] {logging_mixin.py:188} INFO - [2025-11-19T14:10:35.169+0000] {dag.py:3036} INFO - Sync 1 DAGs
[2025-11-19T14:10:35.193+0000] {logging_mixin.py:188} INFO - [2025-11-19T14:10:35.193+0000] {dag.py:3823} INFO - Setting next_dagrun for simple_etl_lineage to None, run_after=None
[2025-11-19T14:10:35.265+0000] {processor.py:183} INFO - Processing /opt/airflow/dags/etl_dag.py took 0.201 seconds
[2025-11-19T14:11:05.359+0000] {processor.py:161} INFO - Started process (PID=3707) to work on /opt/airflow/dags/etl_dag.py
[2025-11-19T14:11:05.361+0000] {processor.py:830} INFO - Processing file /opt/airflow/dags/etl_dag.py for tasks to queue
[2025-11-19T14:11:05.363+0000] {logging_mixin.py:188} INFO - [2025-11-19T14:11:05.362+0000] {dagbag.py:538} INFO - Filling up the DagBag from /opt/airflow/dags/etl_dag.py
[2025-11-19T14:11:05.405+0000] {processor.py:840} INFO - DAG(s) 'simple_etl_lineage' retrieved from /opt/airflow/dags/etl_dag.py
[2025-11-19T14:11:05.456+0000] {logging_mixin.py:188} INFO - [2025-11-19T14:11:05.456+0000] {dag.py:3036} INFO - Sync 1 DAGs
[2025-11-19T14:11:05.477+0000] {logging_mixin.py:188} INFO - [2025-11-19T14:11:05.477+0000] {dag.py:3823} INFO - Setting next_dagrun for simple_etl_lineage to None, run_after=None
[2025-11-19T14:11:05.516+0000] {processor.py:183} INFO - Processing /opt/airflow/dags/etl_dag.py took 0.162 seconds
[2025-11-19T14:11:36.401+0000] {processor.py:161} INFO - Started process (PID=3735) to work on /opt/airflow/dags/etl_dag.py
[2025-11-19T14:11:36.403+0000] {processor.py:830} INFO - Processing file /opt/airflow/dags/etl_dag.py for tasks to queue
[2025-11-19T14:11:36.405+0000] {logging_mixin.py:188} INFO - [2025-11-19T14:11:36.405+0000] {dagbag.py:538} INFO - Filling up the DagBag from /opt/airflow/dags/etl_dag.py
[2025-11-19T14:11:36.447+0000] {processor.py:840} INFO - DAG(s) 'simple_etl_lineage' retrieved from /opt/airflow/dags/etl_dag.py
[2025-11-19T14:11:36.480+0000] {logging_mixin.py:188} INFO - [2025-11-19T14:11:36.480+0000] {dag.py:3036} INFO - Sync 1 DAGs
[2025-11-19T14:11:36.497+0000] {logging_mixin.py:188} INFO - [2025-11-19T14:11:36.497+0000] {dag.py:3823} INFO - Setting next_dagrun for simple_etl_lineage to None, run_after=None
[2025-11-19T14:11:36.519+0000] {processor.py:183} INFO - Processing /opt/airflow/dags/etl_dag.py took 0.121 seconds
[2025-11-19T14:12:06.853+0000] {processor.py:161} INFO - Started process (PID=3767) to work on /opt/airflow/dags/etl_dag.py
[2025-11-19T14:12:06.855+0000] {processor.py:830} INFO - Processing file /opt/airflow/dags/etl_dag.py for tasks to queue
[2025-11-19T14:12:06.857+0000] {logging_mixin.py:188} INFO - [2025-11-19T14:12:06.856+0000] {dagbag.py:538} INFO - Filling up the DagBag from /opt/airflow/dags/etl_dag.py
[2025-11-19T14:12:06.883+0000] {processor.py:840} INFO - DAG(s) 'simple_etl_lineage' retrieved from /opt/airflow/dags/etl_dag.py
[2025-11-19T14:12:06.923+0000] {logging_mixin.py:188} INFO - [2025-11-19T14:12:06.922+0000] {dag.py:3036} INFO - Sync 1 DAGs
[2025-11-19T14:12:06.942+0000] {logging_mixin.py:188} INFO - [2025-11-19T14:12:06.942+0000] {dag.py:3823} INFO - Setting next_dagrun for simple_etl_lineage to None, run_after=None
[2025-11-19T14:12:07.023+0000] {processor.py:183} INFO - Processing /opt/airflow/dags/etl_dag.py took 0.176 seconds
[2025-11-19T14:13:56.583+0000] {processor.py:161} INFO - Started process (PID=3797) to work on /opt/airflow/dags/etl_dag.py
[2025-11-19T14:13:56.585+0000] {processor.py:830} INFO - Processing file /opt/airflow/dags/etl_dag.py for tasks to queue
[2025-11-19T14:13:56.596+0000] {logging_mixin.py:188} INFO - [2025-11-19T14:13:56.595+0000] {dagbag.py:538} INFO - Filling up the DagBag from /opt/airflow/dags/etl_dag.py
[2025-11-19T14:13:56.653+0000] {processor.py:840} INFO - DAG(s) 'simple_etl_lineage' retrieved from /opt/airflow/dags/etl_dag.py
[2025-11-19T14:13:56.762+0000] {logging_mixin.py:188} INFO - [2025-11-19T14:13:56.762+0000] {dag.py:3036} INFO - Sync 1 DAGs
[2025-11-19T14:13:56.812+0000] {logging_mixin.py:188} INFO - [2025-11-19T14:13:56.811+0000] {dag.py:3823} INFO - Setting next_dagrun for simple_etl_lineage to None, run_after=None
[2025-11-19T14:13:56.913+0000] {processor.py:183} INFO - Processing /opt/airflow/dags/etl_dag.py took 0.337 seconds
[2025-11-19T14:14:27.674+0000] {processor.py:161} INFO - Started process (PID=3831) to work on /opt/airflow/dags/etl_dag.py
[2025-11-19T14:14:27.677+0000] {processor.py:830} INFO - Processing file /opt/airflow/dags/etl_dag.py for tasks to queue
[2025-11-19T14:14:27.679+0000] {logging_mixin.py:188} INFO - [2025-11-19T14:14:27.678+0000] {dagbag.py:538} INFO - Filling up the DagBag from /opt/airflow/dags/etl_dag.py
[2025-11-19T14:14:27.732+0000] {processor.py:840} INFO - DAG(s) 'simple_etl_lineage' retrieved from /opt/airflow/dags/etl_dag.py
[2025-11-19T14:14:27.792+0000] {logging_mixin.py:188} INFO - [2025-11-19T14:14:27.792+0000] {dag.py:3036} INFO - Sync 1 DAGs
[2025-11-19T14:14:27.816+0000] {logging_mixin.py:188} INFO - [2025-11-19T14:14:27.816+0000] {dag.py:3823} INFO - Setting next_dagrun for simple_etl_lineage to None, run_after=None
[2025-11-19T14:14:27.856+0000] {processor.py:183} INFO - Processing /opt/airflow/dags/etl_dag.py took 0.199 seconds
[2025-11-19T14:14:58.132+0000] {processor.py:161} INFO - Started process (PID=3863) to work on /opt/airflow/dags/etl_dag.py
[2025-11-19T14:14:58.134+0000] {processor.py:830} INFO - Processing file /opt/airflow/dags/etl_dag.py for tasks to queue
[2025-11-19T14:14:58.137+0000] {logging_mixin.py:188} INFO - [2025-11-19T14:14:58.136+0000] {dagbag.py:538} INFO - Filling up the DagBag from /opt/airflow/dags/etl_dag.py
[2025-11-19T14:14:58.162+0000] {processor.py:840} INFO - DAG(s) 'simple_etl_lineage' retrieved from /opt/airflow/dags/etl_dag.py
[2025-11-19T14:14:58.194+0000] {logging_mixin.py:188} INFO - [2025-11-19T14:14:58.194+0000] {dag.py:3036} INFO - Sync 1 DAGs
[2025-11-19T14:14:58.209+0000] {logging_mixin.py:188} INFO - [2025-11-19T14:14:58.209+0000] {dag.py:3823} INFO - Setting next_dagrun for simple_etl_lineage to None, run_after=None
[2025-11-19T14:14:58.234+0000] {processor.py:183} INFO - Processing /opt/airflow/dags/etl_dag.py took 0.109 seconds
[2025-11-19T14:15:28.347+0000] {processor.py:161} INFO - Started process (PID=3891) to work on /opt/airflow/dags/etl_dag.py
[2025-11-19T14:15:28.349+0000] {processor.py:830} INFO - Processing file /opt/airflow/dags/etl_dag.py for tasks to queue
[2025-11-19T14:15:28.354+0000] {logging_mixin.py:188} INFO - [2025-11-19T14:15:28.349+0000] {dagbag.py:538} INFO - Filling up the DagBag from /opt/airflow/dags/etl_dag.py
[2025-11-19T14:15:28.387+0000] {processor.py:840} INFO - DAG(s) 'simple_etl_lineage' retrieved from /opt/airflow/dags/etl_dag.py
[2025-11-19T14:15:28.432+0000] {logging_mixin.py:188} INFO - [2025-11-19T14:15:28.432+0000] {dag.py:3036} INFO - Sync 1 DAGs
[2025-11-19T14:15:28.455+0000] {logging_mixin.py:188} INFO - [2025-11-19T14:15:28.454+0000] {dag.py:3823} INFO - Setting next_dagrun for simple_etl_lineage to None, run_after=None
[2025-11-19T14:15:28.499+0000] {processor.py:183} INFO - Processing /opt/airflow/dags/etl_dag.py took 0.156 seconds
[2025-11-19T14:15:58.796+0000] {processor.py:161} INFO - Started process (PID=3921) to work on /opt/airflow/dags/etl_dag.py
[2025-11-19T14:15:58.821+0000] {processor.py:830} INFO - Processing file /opt/airflow/dags/etl_dag.py for tasks to queue
[2025-11-19T14:15:58.836+0000] {logging_mixin.py:188} INFO - [2025-11-19T14:15:58.835+0000] {dagbag.py:538} INFO - Filling up the DagBag from /opt/airflow/dags/etl_dag.py
[2025-11-19T14:15:58.944+0000] {processor.py:840} INFO - DAG(s) 'simple_etl_lineage' retrieved from /opt/airflow/dags/etl_dag.py
[2025-11-19T14:15:59.040+0000] {logging_mixin.py:188} INFO - [2025-11-19T14:15:59.039+0000] {dag.py:3036} INFO - Sync 1 DAGs
[2025-11-19T14:15:59.094+0000] {logging_mixin.py:188} INFO - [2025-11-19T14:15:59.094+0000] {dag.py:3823} INFO - Setting next_dagrun for simple_etl_lineage to None, run_after=None
[2025-11-19T14:15:59.143+0000] {processor.py:183} INFO - Processing /opt/airflow/dags/etl_dag.py took 0.352 seconds
[2025-11-19T14:16:30.045+0000] {processor.py:161} INFO - Started process (PID=3951) to work on /opt/airflow/dags/etl_dag.py
[2025-11-19T14:16:30.046+0000] {processor.py:830} INFO - Processing file /opt/airflow/dags/etl_dag.py for tasks to queue
[2025-11-19T14:16:30.048+0000] {logging_mixin.py:188} INFO - [2025-11-19T14:16:30.047+0000] {dagbag.py:538} INFO - Filling up the DagBag from /opt/airflow/dags/etl_dag.py
[2025-11-19T14:16:30.099+0000] {processor.py:840} INFO - DAG(s) 'simple_etl_lineage' retrieved from /opt/airflow/dags/etl_dag.py
[2025-11-19T14:16:30.151+0000] {logging_mixin.py:188} INFO - [2025-11-19T14:16:30.150+0000] {dag.py:3036} INFO - Sync 1 DAGs
[2025-11-19T14:16:30.180+0000] {logging_mixin.py:188} INFO - [2025-11-19T14:16:30.180+0000] {dag.py:3823} INFO - Setting next_dagrun for simple_etl_lineage to None, run_after=None
[2025-11-19T14:16:30.251+0000] {processor.py:183} INFO - Processing /opt/airflow/dags/etl_dag.py took 0.213 seconds
[2025-11-19T14:17:00.443+0000] {processor.py:161} INFO - Started process (PID=3981) to work on /opt/airflow/dags/etl_dag.py
[2025-11-19T14:17:00.445+0000] {processor.py:830} INFO - Processing file /opt/airflow/dags/etl_dag.py for tasks to queue
[2025-11-19T14:17:00.446+0000] {logging_mixin.py:188} INFO - [2025-11-19T14:17:00.446+0000] {dagbag.py:538} INFO - Filling up the DagBag from /opt/airflow/dags/etl_dag.py
[2025-11-19T14:17:00.472+0000] {processor.py:840} INFO - DAG(s) 'simple_etl_lineage' retrieved from /opt/airflow/dags/etl_dag.py
[2025-11-19T14:17:00.508+0000] {logging_mixin.py:188} INFO - [2025-11-19T14:17:00.508+0000] {dag.py:3036} INFO - Sync 1 DAGs
[2025-11-19T14:17:00.524+0000] {logging_mixin.py:188} INFO - [2025-11-19T14:17:00.523+0000] {dag.py:3823} INFO - Setting next_dagrun for simple_etl_lineage to None, run_after=None
[2025-11-19T14:17:00.566+0000] {processor.py:183} INFO - Processing /opt/airflow/dags/etl_dag.py took 0.129 seconds
[2025-11-19T14:17:31.235+0000] {processor.py:161} INFO - Started process (PID=4011) to work on /opt/airflow/dags/etl_dag.py
[2025-11-19T14:17:31.237+0000] {processor.py:830} INFO - Processing file /opt/airflow/dags/etl_dag.py for tasks to queue
[2025-11-19T14:17:31.238+0000] {logging_mixin.py:188} INFO - [2025-11-19T14:17:31.238+0000] {dagbag.py:538} INFO - Filling up the DagBag from /opt/airflow/dags/etl_dag.py
[2025-11-19T14:17:31.268+0000] {processor.py:840} INFO - DAG(s) 'simple_etl_lineage' retrieved from /opt/airflow/dags/etl_dag.py
[2025-11-19T14:17:31.394+0000] {logging_mixin.py:188} INFO - [2025-11-19T14:17:31.394+0000] {dag.py:3036} INFO - Sync 1 DAGs
[2025-11-19T14:17:31.441+0000] {logging_mixin.py:188} INFO - [2025-11-19T14:17:31.441+0000] {dag.py:3823} INFO - Setting next_dagrun for simple_etl_lineage to None, run_after=None
[2025-11-19T14:17:31.518+0000] {processor.py:183} INFO - Processing /opt/airflow/dags/etl_dag.py took 0.288 seconds
[2025-11-19T14:18:02.139+0000] {processor.py:161} INFO - Started process (PID=4041) to work on /opt/airflow/dags/etl_dag.py
[2025-11-19T14:18:02.140+0000] {processor.py:830} INFO - Processing file /opt/airflow/dags/etl_dag.py for tasks to queue
[2025-11-19T14:18:02.142+0000] {logging_mixin.py:188} INFO - [2025-11-19T14:18:02.141+0000] {dagbag.py:538} INFO - Filling up the DagBag from /opt/airflow/dags/etl_dag.py
[2025-11-19T14:18:02.177+0000] {processor.py:840} INFO - DAG(s) 'simple_etl_lineage' retrieved from /opt/airflow/dags/etl_dag.py
[2025-11-19T14:18:02.232+0000] {logging_mixin.py:188} INFO - [2025-11-19T14:18:02.231+0000] {dag.py:3036} INFO - Sync 1 DAGs
[2025-11-19T14:18:02.253+0000] {logging_mixin.py:188} INFO - [2025-11-19T14:18:02.252+0000] {dag.py:3823} INFO - Setting next_dagrun for simple_etl_lineage to None, run_after=None
[2025-11-19T14:18:02.295+0000] {processor.py:183} INFO - Processing /opt/airflow/dags/etl_dag.py took 0.161 seconds
[2025-11-19T14:18:32.584+0000] {processor.py:161} INFO - Started process (PID=4071) to work on /opt/airflow/dags/etl_dag.py
[2025-11-19T14:18:32.586+0000] {processor.py:830} INFO - Processing file /opt/airflow/dags/etl_dag.py for tasks to queue
[2025-11-19T14:18:32.590+0000] {logging_mixin.py:188} INFO - [2025-11-19T14:18:32.590+0000] {dagbag.py:538} INFO - Filling up the DagBag from /opt/airflow/dags/etl_dag.py
[2025-11-19T14:18:32.647+0000] {processor.py:840} INFO - DAG(s) 'simple_etl_lineage' retrieved from /opt/airflow/dags/etl_dag.py
[2025-11-19T14:18:32.736+0000] {logging_mixin.py:188} INFO - [2025-11-19T14:18:32.735+0000] {dag.py:3036} INFO - Sync 1 DAGs
[2025-11-19T14:18:32.777+0000] {logging_mixin.py:188} INFO - [2025-11-19T14:18:32.776+0000] {dag.py:3823} INFO - Setting next_dagrun for simple_etl_lineage to None, run_after=None
[2025-11-19T14:18:32.829+0000] {processor.py:183} INFO - Processing /opt/airflow/dags/etl_dag.py took 0.255 seconds
[2025-11-19T14:19:03.661+0000] {processor.py:161} INFO - Started process (PID=4101) to work on /opt/airflow/dags/etl_dag.py
[2025-11-19T14:19:03.663+0000] {processor.py:830} INFO - Processing file /opt/airflow/dags/etl_dag.py for tasks to queue
[2025-11-19T14:19:03.665+0000] {logging_mixin.py:188} INFO - [2025-11-19T14:19:03.664+0000] {dagbag.py:538} INFO - Filling up the DagBag from /opt/airflow/dags/etl_dag.py
[2025-11-19T14:19:03.691+0000] {processor.py:840} INFO - DAG(s) 'simple_etl_lineage' retrieved from /opt/airflow/dags/etl_dag.py
[2025-11-19T14:19:03.727+0000] {logging_mixin.py:188} INFO - [2025-11-19T14:19:03.727+0000] {dag.py:3036} INFO - Sync 1 DAGs
[2025-11-19T14:19:03.747+0000] {logging_mixin.py:188} INFO - [2025-11-19T14:19:03.746+0000] {dag.py:3823} INFO - Setting next_dagrun for simple_etl_lineage to None, run_after=None
[2025-11-19T14:19:03.797+0000] {processor.py:183} INFO - Processing /opt/airflow/dags/etl_dag.py took 0.141 seconds
[2025-11-19T14:19:34.537+0000] {processor.py:161} INFO - Started process (PID=4131) to work on /opt/airflow/dags/etl_dag.py
[2025-11-19T14:19:34.539+0000] {processor.py:830} INFO - Processing file /opt/airflow/dags/etl_dag.py for tasks to queue
[2025-11-19T14:19:34.545+0000] {logging_mixin.py:188} INFO - [2025-11-19T14:19:34.545+0000] {dagbag.py:538} INFO - Filling up the DagBag from /opt/airflow/dags/etl_dag.py
[2025-11-19T14:19:34.605+0000] {processor.py:840} INFO - DAG(s) 'simple_etl_lineage' retrieved from /opt/airflow/dags/etl_dag.py
[2025-11-19T14:19:34.690+0000] {logging_mixin.py:188} INFO - [2025-11-19T14:19:34.689+0000] {dag.py:3036} INFO - Sync 1 DAGs
[2025-11-19T14:19:34.746+0000] {logging_mixin.py:188} INFO - [2025-11-19T14:19:34.746+0000] {dag.py:3823} INFO - Setting next_dagrun for simple_etl_lineage to None, run_after=None
[2025-11-19T14:19:34.870+0000] {processor.py:183} INFO - Processing /opt/airflow/dags/etl_dag.py took 0.339 seconds
[2025-11-19T14:20:05.349+0000] {processor.py:161} INFO - Started process (PID=4161) to work on /opt/airflow/dags/etl_dag.py
[2025-11-19T14:20:05.351+0000] {processor.py:830} INFO - Processing file /opt/airflow/dags/etl_dag.py for tasks to queue
[2025-11-19T14:20:05.352+0000] {logging_mixin.py:188} INFO - [2025-11-19T14:20:05.352+0000] {dagbag.py:538} INFO - Filling up the DagBag from /opt/airflow/dags/etl_dag.py
[2025-11-19T14:20:05.376+0000] {processor.py:840} INFO - DAG(s) 'simple_etl_lineage' retrieved from /opt/airflow/dags/etl_dag.py
[2025-11-19T14:20:05.403+0000] {logging_mixin.py:188} INFO - [2025-11-19T14:20:05.403+0000] {dag.py:3036} INFO - Sync 1 DAGs
[2025-11-19T14:20:05.422+0000] {logging_mixin.py:188} INFO - [2025-11-19T14:20:05.422+0000] {dag.py:3823} INFO - Setting next_dagrun for simple_etl_lineage to None, run_after=None
[2025-11-19T14:20:05.453+0000] {processor.py:183} INFO - Processing /opt/airflow/dags/etl_dag.py took 0.108 seconds
[2025-11-19T14:20:36.144+0000] {processor.py:161} INFO - Started process (PID=4191) to work on /opt/airflow/dags/etl_dag.py
[2025-11-19T14:20:36.146+0000] {processor.py:830} INFO - Processing file /opt/airflow/dags/etl_dag.py for tasks to queue
[2025-11-19T14:20:36.148+0000] {logging_mixin.py:188} INFO - [2025-11-19T14:20:36.147+0000] {dagbag.py:538} INFO - Filling up the DagBag from /opt/airflow/dags/etl_dag.py
[2025-11-19T14:20:36.177+0000] {processor.py:840} INFO - DAG(s) 'simple_etl_lineage' retrieved from /opt/airflow/dags/etl_dag.py
[2025-11-19T14:20:36.264+0000] {logging_mixin.py:188} INFO - [2025-11-19T14:20:36.264+0000] {dag.py:3036} INFO - Sync 1 DAGs
[2025-11-19T14:20:36.333+0000] {logging_mixin.py:188} INFO - [2025-11-19T14:20:36.332+0000] {dag.py:3823} INFO - Setting next_dagrun for simple_etl_lineage to None, run_after=None
[2025-11-19T14:20:36.381+0000] {processor.py:183} INFO - Processing /opt/airflow/dags/etl_dag.py took 0.242 seconds
[2025-11-19T14:21:07.111+0000] {processor.py:161} INFO - Started process (PID=4221) to work on /opt/airflow/dags/etl_dag.py
[2025-11-19T14:21:07.112+0000] {processor.py:830} INFO - Processing file /opt/airflow/dags/etl_dag.py for tasks to queue
[2025-11-19T14:21:07.113+0000] {logging_mixin.py:188} INFO - [2025-11-19T14:21:07.113+0000] {dagbag.py:538} INFO - Filling up the DagBag from /opt/airflow/dags/etl_dag.py
[2025-11-19T14:21:07.144+0000] {processor.py:840} INFO - DAG(s) 'simple_etl_lineage' retrieved from /opt/airflow/dags/etl_dag.py
[2025-11-19T14:21:07.185+0000] {logging_mixin.py:188} INFO - [2025-11-19T14:21:07.185+0000] {dag.py:3036} INFO - Sync 1 DAGs
[2025-11-19T14:21:07.199+0000] {logging_mixin.py:188} INFO - [2025-11-19T14:21:07.199+0000] {dag.py:3823} INFO - Setting next_dagrun for simple_etl_lineage to None, run_after=None
[2025-11-19T14:21:07.224+0000] {processor.py:183} INFO - Processing /opt/airflow/dags/etl_dag.py took 0.117 seconds
[2025-11-19T14:21:38.028+0000] {processor.py:161} INFO - Started process (PID=4251) to work on /opt/airflow/dags/etl_dag.py
[2025-11-19T14:21:38.030+0000] {processor.py:830} INFO - Processing file /opt/airflow/dags/etl_dag.py for tasks to queue
[2025-11-19T14:21:38.031+0000] {logging_mixin.py:188} INFO - [2025-11-19T14:21:38.031+0000] {dagbag.py:538} INFO - Filling up the DagBag from /opt/airflow/dags/etl_dag.py
[2025-11-19T14:21:38.062+0000] {processor.py:840} INFO - DAG(s) 'simple_etl_lineage' retrieved from /opt/airflow/dags/etl_dag.py
[2025-11-19T14:21:38.116+0000] {logging_mixin.py:188} INFO - [2025-11-19T14:21:38.115+0000] {dag.py:3036} INFO - Sync 1 DAGs
[2025-11-19T14:21:38.142+0000] {logging_mixin.py:188} INFO - [2025-11-19T14:21:38.142+0000] {dag.py:3823} INFO - Setting next_dagrun for simple_etl_lineage to None, run_after=None
[2025-11-19T14:21:38.174+0000] {processor.py:183} INFO - Processing /opt/airflow/dags/etl_dag.py took 0.151 seconds
[2025-11-19T14:22:08.403+0000] {processor.py:161} INFO - Started process (PID=4281) to work on /opt/airflow/dags/etl_dag.py
[2025-11-19T14:22:08.407+0000] {processor.py:830} INFO - Processing file /opt/airflow/dags/etl_dag.py for tasks to queue
[2025-11-19T14:22:08.413+0000] {logging_mixin.py:188} INFO - [2025-11-19T14:22:08.412+0000] {dagbag.py:538} INFO - Filling up the DagBag from /opt/airflow/dags/etl_dag.py
[2025-11-19T14:22:08.436+0000] {processor.py:840} INFO - DAG(s) 'simple_etl_lineage' retrieved from /opt/airflow/dags/etl_dag.py
[2025-11-19T14:22:08.472+0000] {logging_mixin.py:188} INFO - [2025-11-19T14:22:08.472+0000] {dag.py:3036} INFO - Sync 1 DAGs
[2025-11-19T14:22:08.488+0000] {logging_mixin.py:188} INFO - [2025-11-19T14:22:08.488+0000] {dag.py:3823} INFO - Setting next_dagrun for simple_etl_lineage to None, run_after=None
[2025-11-19T14:22:08.530+0000] {processor.py:183} INFO - Processing /opt/airflow/dags/etl_dag.py took 0.134 seconds
[2025-11-19T14:22:38.716+0000] {processor.py:161} INFO - Started process (PID=4311) to work on /opt/airflow/dags/etl_dag.py
[2025-11-19T14:22:38.717+0000] {processor.py:830} INFO - Processing file /opt/airflow/dags/etl_dag.py for tasks to queue
[2025-11-19T14:22:38.718+0000] {logging_mixin.py:188} INFO - [2025-11-19T14:22:38.718+0000] {dagbag.py:538} INFO - Filling up the DagBag from /opt/airflow/dags/etl_dag.py
[2025-11-19T14:22:38.743+0000] {processor.py:840} INFO - DAG(s) 'simple_etl_lineage' retrieved from /opt/airflow/dags/etl_dag.py
[2025-11-19T14:22:38.783+0000] {logging_mixin.py:188} INFO - [2025-11-19T14:22:38.783+0000] {dag.py:3036} INFO - Sync 1 DAGs
[2025-11-19T14:22:38.800+0000] {logging_mixin.py:188} INFO - [2025-11-19T14:22:38.799+0000] {dag.py:3823} INFO - Setting next_dagrun for simple_etl_lineage to None, run_after=None
[2025-11-19T14:22:38.872+0000] {processor.py:183} INFO - Processing /opt/airflow/dags/etl_dag.py took 0.161 seconds
[2025-11-19T14:23:09.692+0000] {processor.py:161} INFO - Started process (PID=4341) to work on /opt/airflow/dags/etl_dag.py
[2025-11-19T14:23:09.694+0000] {processor.py:830} INFO - Processing file /opt/airflow/dags/etl_dag.py for tasks to queue
[2025-11-19T14:23:09.695+0000] {logging_mixin.py:188} INFO - [2025-11-19T14:23:09.695+0000] {dagbag.py:538} INFO - Filling up the DagBag from /opt/airflow/dags/etl_dag.py
[2025-11-19T14:23:10.737+0000] {processor.py:840} INFO - DAG(s) 'simple_etl_lineage' retrieved from /opt/airflow/dags/etl_dag.py
[2025-11-19T14:23:10.772+0000] {logging_mixin.py:188} INFO - [2025-11-19T14:23:10.772+0000] {dag.py:3036} INFO - Sync 1 DAGs
[2025-11-19T14:23:10.796+0000] {logging_mixin.py:188} INFO - [2025-11-19T14:23:10.796+0000] {dag.py:3823} INFO - Setting next_dagrun for simple_etl_lineage to None, run_after=None
[2025-11-19T14:23:10.831+0000] {processor.py:183} INFO - Processing /opt/airflow/dags/etl_dag.py took 1.141 seconds
[2025-11-19T14:23:41.727+0000] {processor.py:161} INFO - Started process (PID=4373) to work on /opt/airflow/dags/etl_dag.py
[2025-11-19T14:23:41.729+0000] {processor.py:830} INFO - Processing file /opt/airflow/dags/etl_dag.py for tasks to queue
[2025-11-19T14:23:41.730+0000] {logging_mixin.py:188} INFO - [2025-11-19T14:23:41.730+0000] {dagbag.py:538} INFO - Filling up the DagBag from /opt/airflow/dags/etl_dag.py
[2025-11-19T14:23:41.755+0000] {processor.py:840} INFO - DAG(s) 'simple_etl_lineage' retrieved from /opt/airflow/dags/etl_dag.py
[2025-11-19T14:23:41.781+0000] {logging_mixin.py:188} INFO - [2025-11-19T14:23:41.781+0000] {dag.py:3036} INFO - Sync 1 DAGs
[2025-11-19T14:23:41.793+0000] {logging_mixin.py:188} INFO - [2025-11-19T14:23:41.793+0000] {dag.py:3823} INFO - Setting next_dagrun for simple_etl_lineage to None, run_after=None
[2025-11-19T14:23:41.816+0000] {processor.py:183} INFO - Processing /opt/airflow/dags/etl_dag.py took 0.093 seconds
[2025-11-19T14:24:12.482+0000] {processor.py:161} INFO - Started process (PID=4403) to work on /opt/airflow/dags/etl_dag.py
[2025-11-19T14:24:12.483+0000] {processor.py:830} INFO - Processing file /opt/airflow/dags/etl_dag.py for tasks to queue
[2025-11-19T14:24:12.484+0000] {logging_mixin.py:188} INFO - [2025-11-19T14:24:12.484+0000] {dagbag.py:538} INFO - Filling up the DagBag from /opt/airflow/dags/etl_dag.py
[2025-11-19T14:24:12.505+0000] {processor.py:840} INFO - DAG(s) 'simple_etl_lineage' retrieved from /opt/airflow/dags/etl_dag.py
[2025-11-19T14:24:12.531+0000] {logging_mixin.py:188} INFO - [2025-11-19T14:24:12.531+0000] {dag.py:3036} INFO - Sync 1 DAGs
[2025-11-19T14:24:12.541+0000] {logging_mixin.py:188} INFO - [2025-11-19T14:24:12.541+0000] {dag.py:3823} INFO - Setting next_dagrun for simple_etl_lineage to None, run_after=None
[2025-11-19T14:24:12.565+0000] {processor.py:183} INFO - Processing /opt/airflow/dags/etl_dag.py took 0.086 seconds
[2025-11-19T14:24:43.462+0000] {processor.py:161} INFO - Started process (PID=4433) to work on /opt/airflow/dags/etl_dag.py
[2025-11-19T14:24:43.464+0000] {processor.py:830} INFO - Processing file /opt/airflow/dags/etl_dag.py for tasks to queue
[2025-11-19T14:24:43.466+0000] {logging_mixin.py:188} INFO - [2025-11-19T14:24:43.465+0000] {dagbag.py:538} INFO - Filling up the DagBag from /opt/airflow/dags/etl_dag.py
[2025-11-19T14:24:43.488+0000] {processor.py:840} INFO - DAG(s) 'simple_etl_lineage' retrieved from /opt/airflow/dags/etl_dag.py
[2025-11-19T14:24:43.517+0000] {logging_mixin.py:188} INFO - [2025-11-19T14:24:43.517+0000] {dag.py:3036} INFO - Sync 1 DAGs
[2025-11-19T14:24:43.529+0000] {logging_mixin.py:188} INFO - [2025-11-19T14:24:43.529+0000] {dag.py:3823} INFO - Setting next_dagrun for simple_etl_lineage to None, run_after=None
[2025-11-19T14:24:43.632+0000] {processor.py:183} INFO - Processing /opt/airflow/dags/etl_dag.py took 0.173 seconds
[2025-11-19T14:25:14.345+0000] {processor.py:161} INFO - Started process (PID=4463) to work on /opt/airflow/dags/etl_dag.py
[2025-11-19T14:25:14.347+0000] {processor.py:830} INFO - Processing file /opt/airflow/dags/etl_dag.py for tasks to queue
[2025-11-19T14:25:14.348+0000] {logging_mixin.py:188} INFO - [2025-11-19T14:25:14.348+0000] {dagbag.py:538} INFO - Filling up the DagBag from /opt/airflow/dags/etl_dag.py
[2025-11-19T14:25:14.367+0000] {processor.py:840} INFO - DAG(s) 'simple_etl_lineage' retrieved from /opt/airflow/dags/etl_dag.py
[2025-11-19T14:25:14.394+0000] {logging_mixin.py:188} INFO - [2025-11-19T14:25:14.394+0000] {dag.py:3036} INFO - Sync 1 DAGs
[2025-11-19T14:25:14.404+0000] {logging_mixin.py:188} INFO - [2025-11-19T14:25:14.404+0000] {dag.py:3823} INFO - Setting next_dagrun for simple_etl_lineage to None, run_after=None
[2025-11-19T14:25:14.426+0000] {processor.py:183} INFO - Processing /opt/airflow/dags/etl_dag.py took 0.083 seconds
[2025-11-19T14:25:44.526+0000] {processor.py:161} INFO - Started process (PID=4493) to work on /opt/airflow/dags/etl_dag.py
[2025-11-19T14:25:44.528+0000] {processor.py:830} INFO - Processing file /opt/airflow/dags/etl_dag.py for tasks to queue
[2025-11-19T14:25:44.529+0000] {logging_mixin.py:188} INFO - [2025-11-19T14:25:44.529+0000] {dagbag.py:538} INFO - Filling up the DagBag from /opt/airflow/dags/etl_dag.py
[2025-11-19T14:25:44.549+0000] {processor.py:840} INFO - DAG(s) 'simple_etl_lineage' retrieved from /opt/airflow/dags/etl_dag.py
[2025-11-19T14:25:44.579+0000] {logging_mixin.py:188} INFO - [2025-11-19T14:25:44.579+0000] {dag.py:3036} INFO - Sync 1 DAGs
[2025-11-19T14:25:44.596+0000] {logging_mixin.py:188} INFO - [2025-11-19T14:25:44.596+0000] {dag.py:3823} INFO - Setting next_dagrun for simple_etl_lineage to None, run_after=None
[2025-11-19T14:25:44.621+0000] {processor.py:183} INFO - Processing /opt/airflow/dags/etl_dag.py took 0.098 seconds
[2025-11-19T14:26:15.239+0000] {processor.py:161} INFO - Started process (PID=4523) to work on /opt/airflow/dags/etl_dag.py
[2025-11-19T14:26:15.240+0000] {processor.py:830} INFO - Processing file /opt/airflow/dags/etl_dag.py for tasks to queue
[2025-11-19T14:26:15.241+0000] {logging_mixin.py:188} INFO - [2025-11-19T14:26:15.241+0000] {dagbag.py:538} INFO - Filling up the DagBag from /opt/airflow/dags/etl_dag.py
[2025-11-19T14:26:15.258+0000] {processor.py:840} INFO - DAG(s) 'simple_etl_lineage' retrieved from /opt/airflow/dags/etl_dag.py
[2025-11-19T14:26:15.282+0000] {logging_mixin.py:188} INFO - [2025-11-19T14:26:15.282+0000] {dag.py:3036} INFO - Sync 1 DAGs
[2025-11-19T14:26:15.293+0000] {logging_mixin.py:188} INFO - [2025-11-19T14:26:15.293+0000] {dag.py:3823} INFO - Setting next_dagrun for simple_etl_lineage to None, run_after=None
[2025-11-19T14:26:15.317+0000] {processor.py:183} INFO - Processing /opt/airflow/dags/etl_dag.py took 0.082 seconds
[2025-11-19T14:26:45.980+0000] {processor.py:161} INFO - Started process (PID=4553) to work on /opt/airflow/dags/etl_dag.py
[2025-11-19T14:26:45.981+0000] {processor.py:830} INFO - Processing file /opt/airflow/dags/etl_dag.py for tasks to queue
[2025-11-19T14:26:45.982+0000] {logging_mixin.py:188} INFO - [2025-11-19T14:26:45.982+0000] {dagbag.py:538} INFO - Filling up the DagBag from /opt/airflow/dags/etl_dag.py
[2025-11-19T14:26:45.998+0000] {processor.py:840} INFO - DAG(s) 'simple_etl_lineage' retrieved from /opt/airflow/dags/etl_dag.py
[2025-11-19T14:26:46.023+0000] {logging_mixin.py:188} INFO - [2025-11-19T14:26:46.022+0000] {dag.py:3036} INFO - Sync 1 DAGs
[2025-11-19T14:26:46.035+0000] {logging_mixin.py:188} INFO - [2025-11-19T14:26:46.035+0000] {dag.py:3823} INFO - Setting next_dagrun for simple_etl_lineage to None, run_after=None
[2025-11-19T14:26:46.057+0000] {processor.py:183} INFO - Processing /opt/airflow/dags/etl_dag.py took 0.079 seconds
[2025-11-19T14:27:16.935+0000] {processor.py:161} INFO - Started process (PID=4583) to work on /opt/airflow/dags/etl_dag.py
[2025-11-19T14:27:16.937+0000] {processor.py:830} INFO - Processing file /opt/airflow/dags/etl_dag.py for tasks to queue
[2025-11-19T14:27:16.938+0000] {logging_mixin.py:188} INFO - [2025-11-19T14:27:16.938+0000] {dagbag.py:538} INFO - Filling up the DagBag from /opt/airflow/dags/etl_dag.py
[2025-11-19T14:27:16.965+0000] {processor.py:840} INFO - DAG(s) 'simple_etl_lineage' retrieved from /opt/airflow/dags/etl_dag.py
[2025-11-19T14:27:16.990+0000] {logging_mixin.py:188} INFO - [2025-11-19T14:27:16.990+0000] {dag.py:3036} INFO - Sync 1 DAGs
[2025-11-19T14:27:17.003+0000] {logging_mixin.py:188} INFO - [2025-11-19T14:27:17.002+0000] {dag.py:3823} INFO - Setting next_dagrun for simple_etl_lineage to None, run_after=None
[2025-11-19T14:27:17.028+0000] {processor.py:183} INFO - Processing /opt/airflow/dags/etl_dag.py took 0.097 seconds
[2025-11-19T14:27:47.982+0000] {processor.py:161} INFO - Started process (PID=4613) to work on /opt/airflow/dags/etl_dag.py
[2025-11-19T14:27:47.983+0000] {processor.py:830} INFO - Processing file /opt/airflow/dags/etl_dag.py for tasks to queue
[2025-11-19T14:27:47.984+0000] {logging_mixin.py:188} INFO - [2025-11-19T14:27:47.984+0000] {dagbag.py:538} INFO - Filling up the DagBag from /opt/airflow/dags/etl_dag.py
[2025-11-19T14:27:48.000+0000] {processor.py:840} INFO - DAG(s) 'simple_etl_lineage' retrieved from /opt/airflow/dags/etl_dag.py
[2025-11-19T14:27:48.025+0000] {logging_mixin.py:188} INFO - [2025-11-19T14:27:48.025+0000] {dag.py:3036} INFO - Sync 1 DAGs
[2025-11-19T14:27:48.036+0000] {logging_mixin.py:188} INFO - [2025-11-19T14:27:48.036+0000] {dag.py:3823} INFO - Setting next_dagrun for simple_etl_lineage to None, run_after=None
[2025-11-19T14:27:48.055+0000] {processor.py:183} INFO - Processing /opt/airflow/dags/etl_dag.py took 0.075 seconds
[2025-11-19T14:28:19.062+0000] {processor.py:161} INFO - Started process (PID=4643) to work on /opt/airflow/dags/etl_dag.py
[2025-11-19T14:28:19.065+0000] {processor.py:830} INFO - Processing file /opt/airflow/dags/etl_dag.py for tasks to queue
[2025-11-19T14:28:19.067+0000] {logging_mixin.py:188} INFO - [2025-11-19T14:28:19.066+0000] {dagbag.py:538} INFO - Filling up the DagBag from /opt/airflow/dags/etl_dag.py
[2025-11-19T14:28:19.088+0000] {processor.py:840} INFO - DAG(s) 'simple_etl_lineage' retrieved from /opt/airflow/dags/etl_dag.py
[2025-11-19T14:28:19.133+0000] {logging_mixin.py:188} INFO - [2025-11-19T14:28:19.133+0000] {dag.py:3036} INFO - Sync 1 DAGs
[2025-11-19T14:28:19.150+0000] {logging_mixin.py:188} INFO - [2025-11-19T14:28:19.149+0000] {dag.py:3823} INFO - Setting next_dagrun for simple_etl_lineage to None, run_after=None
[2025-11-19T14:28:19.172+0000] {processor.py:183} INFO - Processing /opt/airflow/dags/etl_dag.py took 0.114 seconds
[2025-11-19T14:28:49.469+0000] {processor.py:161} INFO - Started process (PID=4673) to work on /opt/airflow/dags/etl_dag.py
[2025-11-19T14:28:49.470+0000] {processor.py:830} INFO - Processing file /opt/airflow/dags/etl_dag.py for tasks to queue
[2025-11-19T14:28:49.471+0000] {logging_mixin.py:188} INFO - [2025-11-19T14:28:49.471+0000] {dagbag.py:538} INFO - Filling up the DagBag from /opt/airflow/dags/etl_dag.py
[2025-11-19T14:28:49.494+0000] {processor.py:840} INFO - DAG(s) 'simple_etl_lineage' retrieved from /opt/airflow/dags/etl_dag.py
[2025-11-19T14:28:49.543+0000] {logging_mixin.py:188} INFO - [2025-11-19T14:28:49.542+0000] {dag.py:3036} INFO - Sync 1 DAGs
[2025-11-19T14:28:49.557+0000] {logging_mixin.py:188} INFO - [2025-11-19T14:28:49.557+0000] {dag.py:3823} INFO - Setting next_dagrun for simple_etl_lineage to None, run_after=None
[2025-11-19T14:28:49.592+0000] {processor.py:183} INFO - Processing /opt/airflow/dags/etl_dag.py took 0.128 seconds
[2025-11-19T14:29:20.538+0000] {processor.py:161} INFO - Started process (PID=4701) to work on /opt/airflow/dags/etl_dag.py
[2025-11-19T14:29:20.539+0000] {processor.py:830} INFO - Processing file /opt/airflow/dags/etl_dag.py for tasks to queue
[2025-11-19T14:29:20.541+0000] {logging_mixin.py:188} INFO - [2025-11-19T14:29:20.540+0000] {dagbag.py:538} INFO - Filling up the DagBag from /opt/airflow/dags/etl_dag.py
[2025-11-19T14:29:20.557+0000] {processor.py:840} INFO - DAG(s) 'simple_etl_lineage' retrieved from /opt/airflow/dags/etl_dag.py
[2025-11-19T14:29:20.590+0000] {logging_mixin.py:188} INFO - [2025-11-19T14:29:20.590+0000] {dag.py:3036} INFO - Sync 1 DAGs
[2025-11-19T14:29:20.609+0000] {logging_mixin.py:188} INFO - [2025-11-19T14:29:20.609+0000] {dag.py:3823} INFO - Setting next_dagrun for simple_etl_lineage to None, run_after=None
[2025-11-19T14:29:20.645+0000] {processor.py:183} INFO - Processing /opt/airflow/dags/etl_dag.py took 0.111 seconds
[2025-11-19T14:29:51.322+0000] {processor.py:161} INFO - Started process (PID=4733) to work on /opt/airflow/dags/etl_dag.py
[2025-11-19T14:29:51.330+0000] {processor.py:830} INFO - Processing file /opt/airflow/dags/etl_dag.py for tasks to queue
[2025-11-19T14:29:51.332+0000] {logging_mixin.py:188} INFO - [2025-11-19T14:29:51.331+0000] {dagbag.py:538} INFO - Filling up the DagBag from /opt/airflow/dags/etl_dag.py
[2025-11-19T14:29:51.404+0000] {processor.py:840} INFO - DAG(s) 'simple_etl_lineage' retrieved from /opt/airflow/dags/etl_dag.py
[2025-11-19T14:29:51.440+0000] {logging_mixin.py:188} INFO - [2025-11-19T14:29:51.439+0000] {dag.py:3036} INFO - Sync 1 DAGs
[2025-11-19T14:29:51.459+0000] {logging_mixin.py:188} INFO - [2025-11-19T14:29:51.459+0000] {dag.py:3823} INFO - Setting next_dagrun for simple_etl_lineage to None, run_after=None
[2025-11-19T14:29:51.505+0000] {processor.py:183} INFO - Processing /opt/airflow/dags/etl_dag.py took 0.188 seconds
[2025-11-19T14:30:21.643+0000] {processor.py:161} INFO - Started process (PID=4763) to work on /opt/airflow/dags/etl_dag.py
[2025-11-19T14:30:21.645+0000] {processor.py:830} INFO - Processing file /opt/airflow/dags/etl_dag.py for tasks to queue
[2025-11-19T14:30:21.647+0000] {logging_mixin.py:188} INFO - [2025-11-19T14:30:21.646+0000] {dagbag.py:538} INFO - Filling up the DagBag from /opt/airflow/dags/etl_dag.py
[2025-11-19T14:30:21.683+0000] {processor.py:840} INFO - DAG(s) 'simple_etl_lineage' retrieved from /opt/airflow/dags/etl_dag.py
[2025-11-19T14:30:21.722+0000] {logging_mixin.py:188} INFO - [2025-11-19T14:30:21.722+0000] {dag.py:3036} INFO - Sync 1 DAGs
[2025-11-19T14:30:21.738+0000] {logging_mixin.py:188} INFO - [2025-11-19T14:30:21.738+0000] {dag.py:3823} INFO - Setting next_dagrun for simple_etl_lineage to None, run_after=None
[2025-11-19T14:30:21.765+0000] {processor.py:183} INFO - Processing /opt/airflow/dags/etl_dag.py took 0.125 seconds
[2025-11-19T14:30:52.808+0000] {processor.py:161} INFO - Started process (PID=4793) to work on /opt/airflow/dags/etl_dag.py
[2025-11-19T14:30:52.810+0000] {processor.py:830} INFO - Processing file /opt/airflow/dags/etl_dag.py for tasks to queue
[2025-11-19T14:30:52.811+0000] {logging_mixin.py:188} INFO - [2025-11-19T14:30:52.811+0000] {dagbag.py:538} INFO - Filling up the DagBag from /opt/airflow/dags/etl_dag.py
[2025-11-19T14:30:52.834+0000] {processor.py:840} INFO - DAG(s) 'simple_etl_lineage' retrieved from /opt/airflow/dags/etl_dag.py
[2025-11-19T14:30:52.881+0000] {logging_mixin.py:188} INFO - [2025-11-19T14:30:52.881+0000] {dag.py:3036} INFO - Sync 1 DAGs
[2025-11-19T14:30:52.898+0000] {logging_mixin.py:188} INFO - [2025-11-19T14:30:52.898+0000] {dag.py:3823} INFO - Setting next_dagrun for simple_etl_lineage to None, run_after=None
[2025-11-19T14:30:52.932+0000] {processor.py:183} INFO - Processing /opt/airflow/dags/etl_dag.py took 0.128 seconds
[2025-11-19T14:31:23.176+0000] {processor.py:161} INFO - Started process (PID=4823) to work on /opt/airflow/dags/etl_dag.py
[2025-11-19T14:31:23.178+0000] {processor.py:830} INFO - Processing file /opt/airflow/dags/etl_dag.py for tasks to queue
[2025-11-19T14:31:23.179+0000] {logging_mixin.py:188} INFO - [2025-11-19T14:31:23.179+0000] {dagbag.py:538} INFO - Filling up the DagBag from /opt/airflow/dags/etl_dag.py
[2025-11-19T14:31:23.211+0000] {processor.py:840} INFO - DAG(s) 'simple_etl_lineage' retrieved from /opt/airflow/dags/etl_dag.py
[2025-11-19T14:31:23.242+0000] {logging_mixin.py:188} INFO - [2025-11-19T14:31:23.241+0000] {dag.py:3036} INFO - Sync 1 DAGs
[2025-11-19T14:31:23.261+0000] {logging_mixin.py:188} INFO - [2025-11-19T14:31:23.261+0000] {dag.py:3823} INFO - Setting next_dagrun for simple_etl_lineage to None, run_after=None
[2025-11-19T14:31:23.292+0000] {processor.py:183} INFO - Processing /opt/airflow/dags/etl_dag.py took 0.120 seconds
[2025-11-19T14:31:53.963+0000] {processor.py:161} INFO - Started process (PID=4853) to work on /opt/airflow/dags/etl_dag.py
[2025-11-19T14:31:53.964+0000] {processor.py:830} INFO - Processing file /opt/airflow/dags/etl_dag.py for tasks to queue
[2025-11-19T14:31:53.966+0000] {logging_mixin.py:188} INFO - [2025-11-19T14:31:53.965+0000] {dagbag.py:538} INFO - Filling up the DagBag from /opt/airflow/dags/etl_dag.py
[2025-11-19T14:31:54.015+0000] {processor.py:840} INFO - DAG(s) 'simple_etl_lineage' retrieved from /opt/airflow/dags/etl_dag.py
[2025-11-19T14:31:54.066+0000] {logging_mixin.py:188} INFO - [2025-11-19T14:31:54.066+0000] {dag.py:3036} INFO - Sync 1 DAGs
[2025-11-19T14:31:54.079+0000] {logging_mixin.py:188} INFO - [2025-11-19T14:31:54.079+0000] {dag.py:3823} INFO - Setting next_dagrun for simple_etl_lineage to None, run_after=None
[2025-11-19T14:31:54.104+0000] {processor.py:183} INFO - Processing /opt/airflow/dags/etl_dag.py took 0.146 seconds
[2025-11-19T14:32:25.105+0000] {processor.py:161} INFO - Started process (PID=4883) to work on /opt/airflow/dags/etl_dag.py
[2025-11-19T14:32:25.109+0000] {processor.py:830} INFO - Processing file /opt/airflow/dags/etl_dag.py for tasks to queue
[2025-11-19T14:32:25.112+0000] {logging_mixin.py:188} INFO - [2025-11-19T14:32:25.111+0000] {dagbag.py:538} INFO - Filling up the DagBag from /opt/airflow/dags/etl_dag.py
[2025-11-19T14:32:25.141+0000] {processor.py:840} INFO - DAG(s) 'simple_etl_lineage' retrieved from /opt/airflow/dags/etl_dag.py
[2025-11-19T14:32:25.213+0000] {logging_mixin.py:188} INFO - [2025-11-19T14:32:25.213+0000] {dag.py:3036} INFO - Sync 1 DAGs
[2025-11-19T14:32:25.229+0000] {logging_mixin.py:188} INFO - [2025-11-19T14:32:25.229+0000] {dag.py:3823} INFO - Setting next_dagrun for simple_etl_lineage to None, run_after=None
[2025-11-19T14:32:25.254+0000] {processor.py:183} INFO - Processing /opt/airflow/dags/etl_dag.py took 0.154 seconds
[2025-11-19T14:32:56.099+0000] {processor.py:161} INFO - Started process (PID=4911) to work on /opt/airflow/dags/etl_dag.py
[2025-11-19T14:32:56.101+0000] {processor.py:830} INFO - Processing file /opt/airflow/dags/etl_dag.py for tasks to queue
[2025-11-19T14:32:56.103+0000] {logging_mixin.py:188} INFO - [2025-11-19T14:32:56.102+0000] {dagbag.py:538} INFO - Filling up the DagBag from /opt/airflow/dags/etl_dag.py
[2025-11-19T14:32:56.125+0000] {processor.py:840} INFO - DAG(s) 'simple_etl_lineage' retrieved from /opt/airflow/dags/etl_dag.py
[2025-11-19T14:32:56.168+0000] {logging_mixin.py:188} INFO - [2025-11-19T14:32:56.168+0000] {dag.py:3036} INFO - Sync 1 DAGs
[2025-11-19T14:32:56.181+0000] {logging_mixin.py:188} INFO - [2025-11-19T14:32:56.181+0000] {dag.py:3823} INFO - Setting next_dagrun for simple_etl_lineage to None, run_after=None
[2025-11-19T14:32:56.216+0000] {processor.py:183} INFO - Processing /opt/airflow/dags/etl_dag.py took 0.122 seconds
[2025-11-19T14:33:26.329+0000] {processor.py:161} INFO - Started process (PID=4938) to work on /opt/airflow/dags/etl_dag.py
[2025-11-19T14:33:26.331+0000] {processor.py:830} INFO - Processing file /opt/airflow/dags/etl_dag.py for tasks to queue
[2025-11-19T14:33:26.332+0000] {logging_mixin.py:188} INFO - [2025-11-19T14:33:26.332+0000] {dagbag.py:538} INFO - Filling up the DagBag from /opt/airflow/dags/etl_dag.py
[2025-11-19T14:33:26.351+0000] {processor.py:840} INFO - DAG(s) 'simple_etl_lineage' retrieved from /opt/airflow/dags/etl_dag.py
[2025-11-19T14:33:26.380+0000] {logging_mixin.py:188} INFO - [2025-11-19T14:33:26.380+0000] {dag.py:3036} INFO - Sync 1 DAGs
[2025-11-19T14:33:26.394+0000] {logging_mixin.py:188} INFO - [2025-11-19T14:33:26.394+0000] {dag.py:3823} INFO - Setting next_dagrun for simple_etl_lineage to None, run_after=None
[2025-11-19T14:33:26.415+0000] {processor.py:183} INFO - Processing /opt/airflow/dags/etl_dag.py took 0.090 seconds
[2025-11-19T14:33:57.108+0000] {processor.py:161} INFO - Started process (PID=4966) to work on /opt/airflow/dags/etl_dag.py
[2025-11-19T14:33:57.110+0000] {processor.py:830} INFO - Processing file /opt/airflow/dags/etl_dag.py for tasks to queue
[2025-11-19T14:33:57.113+0000] {logging_mixin.py:188} INFO - [2025-11-19T14:33:57.112+0000] {dagbag.py:538} INFO - Filling up the DagBag from /opt/airflow/dags/etl_dag.py
[2025-11-19T14:33:57.146+0000] {processor.py:840} INFO - DAG(s) 'simple_etl_lineage' retrieved from /opt/airflow/dags/etl_dag.py
[2025-11-19T14:33:57.206+0000] {logging_mixin.py:188} INFO - [2025-11-19T14:33:57.206+0000] {dag.py:3036} INFO - Sync 1 DAGs
[2025-11-19T14:33:57.231+0000] {logging_mixin.py:188} INFO - [2025-11-19T14:33:57.231+0000] {dag.py:3823} INFO - Setting next_dagrun for simple_etl_lineage to None, run_after=None
[2025-11-19T14:33:57.308+0000] {processor.py:183} INFO - Processing /opt/airflow/dags/etl_dag.py took 0.205 seconds
[2025-11-19T14:34:28.023+0000] {processor.py:161} INFO - Started process (PID=4996) to work on /opt/airflow/dags/etl_dag.py
[2025-11-19T14:34:28.024+0000] {processor.py:830} INFO - Processing file /opt/airflow/dags/etl_dag.py for tasks to queue
[2025-11-19T14:34:28.026+0000] {logging_mixin.py:188} INFO - [2025-11-19T14:34:28.025+0000] {dagbag.py:538} INFO - Filling up the DagBag from /opt/airflow/dags/etl_dag.py
[2025-11-19T14:34:28.053+0000] {processor.py:840} INFO - DAG(s) 'simple_etl_lineage' retrieved from /opt/airflow/dags/etl_dag.py
[2025-11-19T14:34:28.118+0000] {logging_mixin.py:188} INFO - [2025-11-19T14:34:28.102+0000] {dag.py:3036} INFO - Sync 1 DAGs
[2025-11-19T14:34:28.148+0000] {logging_mixin.py:188} INFO - [2025-11-19T14:34:28.147+0000] {dag.py:3823} INFO - Setting next_dagrun for simple_etl_lineage to None, run_after=None
[2025-11-19T14:34:28.225+0000] {processor.py:183} INFO - Processing /opt/airflow/dags/etl_dag.py took 0.208 seconds
[2025-11-19T14:34:59.216+0000] {processor.py:161} INFO - Started process (PID=5026) to work on /opt/airflow/dags/etl_dag.py
[2025-11-19T14:34:59.231+0000] {processor.py:830} INFO - Processing file /opt/airflow/dags/etl_dag.py for tasks to queue
[2025-11-19T14:34:59.243+0000] {logging_mixin.py:188} INFO - [2025-11-19T14:34:59.242+0000] {dagbag.py:538} INFO - Filling up the DagBag from /opt/airflow/dags/etl_dag.py
[2025-11-19T14:34:59.447+0000] {processor.py:840} INFO - DAG(s) 'simple_etl_lineage' retrieved from /opt/airflow/dags/etl_dag.py
[2025-11-19T14:34:59.644+0000] {logging_mixin.py:188} INFO - [2025-11-19T14:34:59.644+0000] {dag.py:3036} INFO - Sync 1 DAGs
[2025-11-19T14:34:59.772+0000] {logging_mixin.py:188} INFO - [2025-11-19T14:34:59.761+0000] {dag.py:3823} INFO - Setting next_dagrun for simple_etl_lineage to None, run_after=None
[2025-11-19T14:34:59.885+0000] {processor.py:183} INFO - Processing /opt/airflow/dags/etl_dag.py took 0.675 seconds
[2025-11-19T14:35:30.646+0000] {processor.py:161} INFO - Started process (PID=5056) to work on /opt/airflow/dags/etl_dag.py
[2025-11-19T14:35:30.653+0000] {processor.py:830} INFO - Processing file /opt/airflow/dags/etl_dag.py for tasks to queue
[2025-11-19T14:35:30.661+0000] {logging_mixin.py:188} INFO - [2025-11-19T14:35:30.660+0000] {dagbag.py:538} INFO - Filling up the DagBag from /opt/airflow/dags/etl_dag.py
[2025-11-19T14:35:30.898+0000] {processor.py:840} INFO - DAG(s) 'simple_etl_lineage' retrieved from /opt/airflow/dags/etl_dag.py
[2025-11-19T14:35:31.050+0000] {logging_mixin.py:188} INFO - [2025-11-19T14:35:31.050+0000] {dag.py:3036} INFO - Sync 1 DAGs
[2025-11-19T14:35:31.144+0000] {logging_mixin.py:188} INFO - [2025-11-19T14:35:31.144+0000] {dag.py:3823} INFO - Setting next_dagrun for simple_etl_lineage to None, run_after=None
[2025-11-19T14:35:31.284+0000] {processor.py:183} INFO - Processing /opt/airflow/dags/etl_dag.py took 0.657 seconds
[2025-11-19T14:36:02.250+0000] {processor.py:161} INFO - Started process (PID=5088) to work on /opt/airflow/dags/etl_dag.py
[2025-11-19T14:36:02.270+0000] {processor.py:830} INFO - Processing file /opt/airflow/dags/etl_dag.py for tasks to queue
[2025-11-19T14:36:02.276+0000] {logging_mixin.py:188} INFO - [2025-11-19T14:36:02.276+0000] {dagbag.py:538} INFO - Filling up the DagBag from /opt/airflow/dags/etl_dag.py
[2025-11-19T14:36:02.488+0000] {processor.py:840} INFO - DAG(s) 'simple_etl_lineage' retrieved from /opt/airflow/dags/etl_dag.py
[2025-11-19T14:36:02.664+0000] {logging_mixin.py:188} INFO - [2025-11-19T14:36:02.663+0000] {dag.py:3036} INFO - Sync 1 DAGs
[2025-11-19T14:36:02.746+0000] {logging_mixin.py:188} INFO - [2025-11-19T14:36:02.746+0000] {dag.py:3823} INFO - Setting next_dagrun for simple_etl_lineage to None, run_after=None
[2025-11-19T14:36:02.952+0000] {processor.py:183} INFO - Processing /opt/airflow/dags/etl_dag.py took 0.709 seconds
[2025-11-19T14:36:33.930+0000] {processor.py:161} INFO - Started process (PID=5118) to work on /opt/airflow/dags/etl_dag.py
[2025-11-19T14:36:33.937+0000] {processor.py:830} INFO - Processing file /opt/airflow/dags/etl_dag.py for tasks to queue
[2025-11-19T14:36:33.940+0000] {logging_mixin.py:188} INFO - [2025-11-19T14:36:33.939+0000] {dagbag.py:538} INFO - Filling up the DagBag from /opt/airflow/dags/etl_dag.py
[2025-11-19T14:36:34.043+0000] {processor.py:840} INFO - DAG(s) 'simple_etl_lineage' retrieved from /opt/airflow/dags/etl_dag.py
[2025-11-19T14:36:34.154+0000] {logging_mixin.py:188} INFO - [2025-11-19T14:36:34.154+0000] {dag.py:3036} INFO - Sync 1 DAGs
[2025-11-19T14:36:34.199+0000] {logging_mixin.py:188} INFO - [2025-11-19T14:36:34.199+0000] {dag.py:3823} INFO - Setting next_dagrun for simple_etl_lineage to None, run_after=None
[2025-11-19T14:36:34.322+0000] {processor.py:183} INFO - Processing /opt/airflow/dags/etl_dag.py took 0.406 seconds
[2025-11-19T14:37:07.101+0000] {processor.py:161} INFO - Started process (PID=5153) to work on /opt/airflow/dags/etl_dag.py
[2025-11-19T14:37:07.112+0000] {processor.py:830} INFO - Processing file /opt/airflow/dags/etl_dag.py for tasks to queue
[2025-11-19T14:37:07.117+0000] {logging_mixin.py:188} INFO - [2025-11-19T14:37:07.116+0000] {dagbag.py:538} INFO - Filling up the DagBag from /opt/airflow/dags/etl_dag.py
[2025-11-19T14:37:07.286+0000] {processor.py:840} INFO - DAG(s) 'simple_etl_lineage' retrieved from /opt/airflow/dags/etl_dag.py
[2025-11-19T14:37:07.497+0000] {logging_mixin.py:188} INFO - [2025-11-19T14:37:07.496+0000] {dag.py:3036} INFO - Sync 1 DAGs
[2025-11-19T14:37:07.600+0000] {logging_mixin.py:188} INFO - [2025-11-19T14:37:07.599+0000] {dag.py:3823} INFO - Setting next_dagrun for simple_etl_lineage to None, run_after=None
[2025-11-19T14:37:07.768+0000] {processor.py:183} INFO - Processing /opt/airflow/dags/etl_dag.py took 0.686 seconds
[2025-11-19T14:37:39.087+0000] {processor.py:161} INFO - Started process (PID=5183) to work on /opt/airflow/dags/etl_dag.py
[2025-11-19T14:37:39.100+0000] {processor.py:830} INFO - Processing file /opt/airflow/dags/etl_dag.py for tasks to queue
[2025-11-19T14:37:39.103+0000] {logging_mixin.py:188} INFO - [2025-11-19T14:37:39.102+0000] {dagbag.py:538} INFO - Filling up the DagBag from /opt/airflow/dags/etl_dag.py
[2025-11-19T14:37:39.331+0000] {processor.py:840} INFO - DAG(s) 'simple_etl_lineage' retrieved from /opt/airflow/dags/etl_dag.py
[2025-11-19T14:37:39.432+0000] {logging_mixin.py:188} INFO - [2025-11-19T14:37:39.431+0000] {dag.py:3036} INFO - Sync 1 DAGs
[2025-11-19T14:37:39.479+0000] {logging_mixin.py:188} INFO - [2025-11-19T14:37:39.478+0000] {dag.py:3823} INFO - Setting next_dagrun for simple_etl_lineage to None, run_after=None
[2025-11-19T14:37:39.558+0000] {processor.py:183} INFO - Processing /opt/airflow/dags/etl_dag.py took 0.476 seconds
[2025-11-19T14:38:10.068+0000] {processor.py:161} INFO - Started process (PID=5213) to work on /opt/airflow/dags/etl_dag.py
[2025-11-19T14:38:10.079+0000] {processor.py:830} INFO - Processing file /opt/airflow/dags/etl_dag.py for tasks to queue
[2025-11-19T14:38:10.082+0000] {logging_mixin.py:188} INFO - [2025-11-19T14:38:10.081+0000] {dagbag.py:538} INFO - Filling up the DagBag from /opt/airflow/dags/etl_dag.py
[2025-11-19T14:38:10.122+0000] {processor.py:840} INFO - DAG(s) 'simple_etl_lineage' retrieved from /opt/airflow/dags/etl_dag.py
[2025-11-19T14:38:10.178+0000] {logging_mixin.py:188} INFO - [2025-11-19T14:38:10.178+0000] {dag.py:3036} INFO - Sync 1 DAGs
[2025-11-19T14:38:10.197+0000] {logging_mixin.py:188} INFO - [2025-11-19T14:38:10.196+0000] {dag.py:3823} INFO - Setting next_dagrun for simple_etl_lineage to None, run_after=None
[2025-11-19T14:38:10.250+0000] {processor.py:183} INFO - Processing /opt/airflow/dags/etl_dag.py took 0.198 seconds
[2025-11-19T14:38:40.763+0000] {processor.py:161} INFO - Started process (PID=5243) to work on /opt/airflow/dags/etl_dag.py
[2025-11-19T14:38:40.765+0000] {processor.py:830} INFO - Processing file /opt/airflow/dags/etl_dag.py for tasks to queue
[2025-11-19T14:38:40.767+0000] {logging_mixin.py:188} INFO - [2025-11-19T14:38:40.766+0000] {dagbag.py:538} INFO - Filling up the DagBag from /opt/airflow/dags/etl_dag.py
[2025-11-19T14:38:40.801+0000] {processor.py:840} INFO - DAG(s) 'simple_etl_lineage' retrieved from /opt/airflow/dags/etl_dag.py
[2025-11-19T14:38:40.840+0000] {logging_mixin.py:188} INFO - [2025-11-19T14:38:40.839+0000] {dag.py:3036} INFO - Sync 1 DAGs
[2025-11-19T14:38:40.904+0000] {logging_mixin.py:188} INFO - [2025-11-19T14:38:40.903+0000] {dag.py:3823} INFO - Setting next_dagrun for simple_etl_lineage to None, run_after=None
[2025-11-19T14:38:40.943+0000] {processor.py:183} INFO - Processing /opt/airflow/dags/etl_dag.py took 0.186 seconds
[2025-11-19T14:39:11.555+0000] {processor.py:161} INFO - Started process (PID=5273) to work on /opt/airflow/dags/etl_dag.py
[2025-11-19T14:39:11.558+0000] {processor.py:830} INFO - Processing file /opt/airflow/dags/etl_dag.py for tasks to queue
[2025-11-19T14:39:11.560+0000] {logging_mixin.py:188} INFO - [2025-11-19T14:39:11.559+0000] {dagbag.py:538} INFO - Filling up the DagBag from /opt/airflow/dags/etl_dag.py
[2025-11-19T14:39:11.606+0000] {processor.py:840} INFO - DAG(s) 'simple_etl_lineage' retrieved from /opt/airflow/dags/etl_dag.py
[2025-11-19T14:39:11.646+0000] {logging_mixin.py:188} INFO - [2025-11-19T14:39:11.645+0000] {dag.py:3036} INFO - Sync 1 DAGs
[2025-11-19T14:39:11.662+0000] {logging_mixin.py:188} INFO - [2025-11-19T14:39:11.661+0000] {dag.py:3823} INFO - Setting next_dagrun for simple_etl_lineage to None, run_after=None
[2025-11-19T14:39:11.691+0000] {processor.py:183} INFO - Processing /opt/airflow/dags/etl_dag.py took 0.147 seconds
[2025-11-19T14:39:42.680+0000] {processor.py:161} INFO - Started process (PID=5301) to work on /opt/airflow/dags/etl_dag.py
[2025-11-19T14:39:42.685+0000] {processor.py:830} INFO - Processing file /opt/airflow/dags/etl_dag.py for tasks to queue
[2025-11-19T14:39:42.691+0000] {logging_mixin.py:188} INFO - [2025-11-19T14:39:42.690+0000] {dagbag.py:538} INFO - Filling up the DagBag from /opt/airflow/dags/etl_dag.py
[2025-11-19T14:39:42.797+0000] {processor.py:840} INFO - DAG(s) 'simple_etl_lineage' retrieved from /opt/airflow/dags/etl_dag.py
[2025-11-19T14:39:42.862+0000] {logging_mixin.py:188} INFO - [2025-11-19T14:39:42.861+0000] {dag.py:3036} INFO - Sync 1 DAGs
[2025-11-19T14:39:42.887+0000] {logging_mixin.py:188} INFO - [2025-11-19T14:39:42.887+0000] {dag.py:3823} INFO - Setting next_dagrun for simple_etl_lineage to None, run_after=None
[2025-11-19T14:39:42.973+0000] {processor.py:183} INFO - Processing /opt/airflow/dags/etl_dag.py took 0.304 seconds
[2025-11-19T14:40:13.578+0000] {processor.py:161} INFO - Started process (PID=5331) to work on /opt/airflow/dags/etl_dag.py
[2025-11-19T14:40:13.580+0000] {processor.py:830} INFO - Processing file /opt/airflow/dags/etl_dag.py for tasks to queue
[2025-11-19T14:40:13.591+0000] {logging_mixin.py:188} INFO - [2025-11-19T14:40:13.590+0000] {dagbag.py:538} INFO - Filling up the DagBag from /opt/airflow/dags/etl_dag.py
[2025-11-19T14:40:13.641+0000] {processor.py:840} INFO - DAG(s) 'simple_etl_lineage' retrieved from /opt/airflow/dags/etl_dag.py
[2025-11-19T14:40:13.760+0000] {logging_mixin.py:188} INFO - [2025-11-19T14:40:13.760+0000] {dag.py:3036} INFO - Sync 1 DAGs
[2025-11-19T14:40:13.836+0000] {logging_mixin.py:188} INFO - [2025-11-19T14:40:13.835+0000] {dag.py:3823} INFO - Setting next_dagrun for simple_etl_lineage to None, run_after=None
[2025-11-19T14:40:13.980+0000] {processor.py:183} INFO - Processing /opt/airflow/dags/etl_dag.py took 0.409 seconds
[2025-11-19T14:40:44.345+0000] {processor.py:161} INFO - Started process (PID=5361) to work on /opt/airflow/dags/etl_dag.py
[2025-11-19T14:40:44.348+0000] {processor.py:830} INFO - Processing file /opt/airflow/dags/etl_dag.py for tasks to queue
[2025-11-19T14:40:44.351+0000] {logging_mixin.py:188} INFO - [2025-11-19T14:40:44.350+0000] {dagbag.py:538} INFO - Filling up the DagBag from /opt/airflow/dags/etl_dag.py
[2025-11-19T14:40:44.391+0000] {processor.py:840} INFO - DAG(s) 'simple_etl_lineage' retrieved from /opt/airflow/dags/etl_dag.py
[2025-11-19T14:40:44.434+0000] {logging_mixin.py:188} INFO - [2025-11-19T14:40:44.433+0000] {dag.py:3036} INFO - Sync 1 DAGs
[2025-11-19T14:40:44.452+0000] {logging_mixin.py:188} INFO - [2025-11-19T14:40:44.452+0000] {dag.py:3823} INFO - Setting next_dagrun for simple_etl_lineage to None, run_after=None
[2025-11-19T14:40:44.486+0000] {processor.py:183} INFO - Processing /opt/airflow/dags/etl_dag.py took 0.147 seconds
[2025-11-19T14:41:15.398+0000] {processor.py:161} INFO - Started process (PID=5391) to work on /opt/airflow/dags/etl_dag.py
[2025-11-19T14:41:15.401+0000] {processor.py:830} INFO - Processing file /opt/airflow/dags/etl_dag.py for tasks to queue
[2025-11-19T14:41:15.403+0000] {logging_mixin.py:188} INFO - [2025-11-19T14:41:15.403+0000] {dagbag.py:538} INFO - Filling up the DagBag from /opt/airflow/dags/etl_dag.py
[2025-11-19T14:41:15.430+0000] {processor.py:840} INFO - DAG(s) 'simple_etl_lineage' retrieved from /opt/airflow/dags/etl_dag.py
[2025-11-19T14:41:15.475+0000] {logging_mixin.py:188} INFO - [2025-11-19T14:41:15.475+0000] {dag.py:3036} INFO - Sync 1 DAGs
[2025-11-19T14:41:15.494+0000] {logging_mixin.py:188} INFO - [2025-11-19T14:41:15.494+0000] {dag.py:3823} INFO - Setting next_dagrun for simple_etl_lineage to None, run_after=None
[2025-11-19T14:41:15.523+0000] {processor.py:183} INFO - Processing /opt/airflow/dags/etl_dag.py took 0.129 seconds
[2025-11-19T14:41:45.901+0000] {processor.py:161} INFO - Started process (PID=5421) to work on /opt/airflow/dags/etl_dag.py
[2025-11-19T14:41:45.922+0000] {processor.py:830} INFO - Processing file /opt/airflow/dags/etl_dag.py for tasks to queue
[2025-11-19T14:41:45.932+0000] {logging_mixin.py:188} INFO - [2025-11-19T14:41:45.931+0000] {dagbag.py:538} INFO - Filling up the DagBag from /opt/airflow/dags/etl_dag.py
[2025-11-19T14:41:46.583+0000] {processor.py:840} INFO - DAG(s) 'simple_etl_lineage' retrieved from /opt/airflow/dags/etl_dag.py
[2025-11-19T14:41:46.676+0000] {logging_mixin.py:188} INFO - [2025-11-19T14:41:46.675+0000] {dag.py:3036} INFO - Sync 1 DAGs
[2025-11-19T14:41:46.732+0000] {logging_mixin.py:188} INFO - [2025-11-19T14:41:46.724+0000] {dag.py:3823} INFO - Setting next_dagrun for simple_etl_lineage to None, run_after=None
[2025-11-19T14:41:46.876+0000] {processor.py:183} INFO - Processing /opt/airflow/dags/etl_dag.py took 0.979 seconds
[2025-11-19T14:42:17.080+0000] {processor.py:161} INFO - Started process (PID=5451) to work on /opt/airflow/dags/etl_dag.py
[2025-11-19T14:42:17.082+0000] {processor.py:830} INFO - Processing file /opt/airflow/dags/etl_dag.py for tasks to queue
[2025-11-19T14:42:17.083+0000] {logging_mixin.py:188} INFO - [2025-11-19T14:42:17.083+0000] {dagbag.py:538} INFO - Filling up the DagBag from /opt/airflow/dags/etl_dag.py
[2025-11-19T14:42:17.124+0000] {processor.py:840} INFO - DAG(s) 'simple_etl_lineage' retrieved from /opt/airflow/dags/etl_dag.py
[2025-11-19T14:42:17.194+0000] {logging_mixin.py:188} INFO - [2025-11-19T14:42:17.193+0000] {dag.py:3036} INFO - Sync 1 DAGs
[2025-11-19T14:42:17.226+0000] {logging_mixin.py:188} INFO - [2025-11-19T14:42:17.226+0000] {dag.py:3823} INFO - Setting next_dagrun for simple_etl_lineage to None, run_after=None
[2025-11-19T14:42:17.285+0000] {processor.py:183} INFO - Processing /opt/airflow/dags/etl_dag.py took 0.209 seconds
[2025-11-19T14:42:47.503+0000] {processor.py:161} INFO - Started process (PID=5481) to work on /opt/airflow/dags/etl_dag.py
[2025-11-19T14:42:47.505+0000] {processor.py:830} INFO - Processing file /opt/airflow/dags/etl_dag.py for tasks to queue
[2025-11-19T14:42:47.508+0000] {logging_mixin.py:188} INFO - [2025-11-19T14:42:47.507+0000] {dagbag.py:538} INFO - Filling up the DagBag from /opt/airflow/dags/etl_dag.py
[2025-11-19T14:42:47.534+0000] {processor.py:840} INFO - DAG(s) 'simple_etl_lineage' retrieved from /opt/airflow/dags/etl_dag.py
[2025-11-19T14:42:47.597+0000] {logging_mixin.py:188} INFO - [2025-11-19T14:42:47.597+0000] {dag.py:3036} INFO - Sync 1 DAGs
[2025-11-19T14:42:47.628+0000] {logging_mixin.py:188} INFO - [2025-11-19T14:42:47.628+0000] {dag.py:3823} INFO - Setting next_dagrun for simple_etl_lineage to None, run_after=None
[2025-11-19T14:42:47.659+0000] {processor.py:183} INFO - Processing /opt/airflow/dags/etl_dag.py took 0.159 seconds
[2025-11-19T14:43:20.231+0000] {processor.py:161} INFO - Started process (PID=5511) to work on /opt/airflow/dags/etl_dag.py
[2025-11-19T14:43:20.238+0000] {processor.py:830} INFO - Processing file /opt/airflow/dags/etl_dag.py for tasks to queue
[2025-11-19T14:43:20.249+0000] {logging_mixin.py:188} INFO - [2025-11-19T14:43:20.247+0000] {dagbag.py:538} INFO - Filling up the DagBag from /opt/airflow/dags/etl_dag.py
[2025-11-19T14:43:20.670+0000] {processor.py:840} INFO - DAG(s) 'simple_etl_lineage' retrieved from /opt/airflow/dags/etl_dag.py
[2025-11-19T14:43:20.824+0000] {logging_mixin.py:188} INFO - [2025-11-19T14:43:20.824+0000] {dag.py:3036} INFO - Sync 1 DAGs
[2025-11-19T14:43:20.936+0000] {logging_mixin.py:188} INFO - [2025-11-19T14:43:20.925+0000] {dag.py:3823} INFO - Setting next_dagrun for simple_etl_lineage to None, run_after=None
[2025-11-19T14:43:21.225+0000] {processor.py:183} INFO - Processing /opt/airflow/dags/etl_dag.py took 1.010 seconds
[2025-11-19T14:43:52.224+0000] {processor.py:161} INFO - Started process (PID=5543) to work on /opt/airflow/dags/etl_dag.py
[2025-11-19T14:43:52.226+0000] {processor.py:830} INFO - Processing file /opt/airflow/dags/etl_dag.py for tasks to queue
[2025-11-19T14:43:52.227+0000] {logging_mixin.py:188} INFO - [2025-11-19T14:43:52.227+0000] {dagbag.py:538} INFO - Filling up the DagBag from /opt/airflow/dags/etl_dag.py
[2025-11-19T14:43:52.297+0000] {processor.py:840} INFO - DAG(s) 'simple_etl_lineage' retrieved from /opt/airflow/dags/etl_dag.py
[2025-11-19T14:43:52.323+0000] {logging_mixin.py:188} INFO - [2025-11-19T14:43:52.322+0000] {dag.py:3036} INFO - Sync 1 DAGs
[2025-11-19T14:43:52.333+0000] {logging_mixin.py:188} INFO - [2025-11-19T14:43:52.333+0000] {dag.py:3823} INFO - Setting next_dagrun for simple_etl_lineage to None, run_after=None
[2025-11-19T14:43:52.361+0000] {processor.py:183} INFO - Processing /opt/airflow/dags/etl_dag.py took 0.140 seconds
[2025-11-19T14:44:23.112+0000] {processor.py:161} INFO - Started process (PID=5573) to work on /opt/airflow/dags/etl_dag.py
[2025-11-19T14:44:23.115+0000] {processor.py:830} INFO - Processing file /opt/airflow/dags/etl_dag.py for tasks to queue
[2025-11-19T14:44:23.135+0000] {logging_mixin.py:188} INFO - [2025-11-19T14:44:23.134+0000] {dagbag.py:538} INFO - Filling up the DagBag from /opt/airflow/dags/etl_dag.py
[2025-11-19T14:44:23.207+0000] {processor.py:840} INFO - DAG(s) 'simple_etl_lineage' retrieved from /opt/airflow/dags/etl_dag.py
[2025-11-19T14:44:23.351+0000] {logging_mixin.py:188} INFO - [2025-11-19T14:44:23.350+0000] {dag.py:3036} INFO - Sync 1 DAGs
[2025-11-19T14:44:23.383+0000] {logging_mixin.py:188} INFO - [2025-11-19T14:44:23.382+0000] {dag.py:3823} INFO - Setting next_dagrun for simple_etl_lineage to None, run_after=None
[2025-11-19T14:44:23.464+0000] {processor.py:183} INFO - Processing /opt/airflow/dags/etl_dag.py took 0.368 seconds
[2025-11-19T14:44:54.228+0000] {processor.py:161} INFO - Started process (PID=5603) to work on /opt/airflow/dags/etl_dag.py
[2025-11-19T14:44:54.230+0000] {processor.py:830} INFO - Processing file /opt/airflow/dags/etl_dag.py for tasks to queue
[2025-11-19T14:44:54.232+0000] {logging_mixin.py:188} INFO - [2025-11-19T14:44:54.232+0000] {dagbag.py:538} INFO - Filling up the DagBag from /opt/airflow/dags/etl_dag.py
[2025-11-19T14:44:54.261+0000] {processor.py:840} INFO - DAG(s) 'simple_etl_lineage' retrieved from /opt/airflow/dags/etl_dag.py
[2025-11-19T14:44:54.303+0000] {logging_mixin.py:188} INFO - [2025-11-19T14:44:54.302+0000] {dag.py:3036} INFO - Sync 1 DAGs
[2025-11-19T14:44:54.323+0000] {logging_mixin.py:188} INFO - [2025-11-19T14:44:54.322+0000] {dag.py:3823} INFO - Setting next_dagrun for simple_etl_lineage to None, run_after=None
[2025-11-19T14:44:54.350+0000] {processor.py:183} INFO - Processing /opt/airflow/dags/etl_dag.py took 0.126 seconds
[2025-11-19T14:45:27.693+0000] {processor.py:161} INFO - Started process (PID=5631) to work on /opt/airflow/dags/etl_dag.py
[2025-11-19T14:45:27.764+0000] {processor.py:830} INFO - Processing file /opt/airflow/dags/etl_dag.py for tasks to queue
[2025-11-19T14:45:27.823+0000] {logging_mixin.py:188} INFO - [2025-11-19T14:45:27.823+0000] {dagbag.py:538} INFO - Filling up the DagBag from /opt/airflow/dags/etl_dag.py
[2025-11-19T14:45:28.386+0000] {processor.py:840} INFO - DAG(s) 'simple_etl_lineage' retrieved from /opt/airflow/dags/etl_dag.py
[2025-11-19T14:45:28.635+0000] {logging_mixin.py:188} INFO - [2025-11-19T14:45:28.634+0000] {dag.py:3036} INFO - Sync 1 DAGs
[2025-11-19T14:45:28.769+0000] {logging_mixin.py:188} INFO - [2025-11-19T14:45:28.769+0000] {dag.py:3823} INFO - Setting next_dagrun for simple_etl_lineage to None, run_after=None
[2025-11-19T14:45:28.899+0000] {processor.py:183} INFO - Processing /opt/airflow/dags/etl_dag.py took 1.225 seconds
[2025-11-19T14:46:07.544+0000] {processor.py:161} INFO - Started process (PID=5663) to work on /opt/airflow/dags/etl_dag.py
[2025-11-19T14:46:07.547+0000] {processor.py:830} INFO - Processing file /opt/airflow/dags/etl_dag.py for tasks to queue
[2025-11-19T14:46:07.551+0000] {logging_mixin.py:188} INFO - [2025-11-19T14:46:07.550+0000] {dagbag.py:538} INFO - Filling up the DagBag from /opt/airflow/dags/etl_dag.py
[2025-11-19T14:46:07.648+0000] {processor.py:840} INFO - DAG(s) 'simple_etl_lineage' retrieved from /opt/airflow/dags/etl_dag.py
[2025-11-19T14:46:07.864+0000] {logging_mixin.py:188} INFO - [2025-11-19T14:46:07.864+0000] {dag.py:3036} INFO - Sync 1 DAGs
[2025-11-19T14:46:07.962+0000] {logging_mixin.py:188} INFO - [2025-11-19T14:46:07.962+0000] {dag.py:3823} INFO - Setting next_dagrun for simple_etl_lineage to None, run_after=None
[2025-11-19T14:46:08.123+0000] {processor.py:183} INFO - Processing /opt/airflow/dags/etl_dag.py took 0.586 seconds
[2025-11-19T14:47:32.652+0000] {processor.py:161} INFO - Started process (PID=5696) to work on /opt/airflow/dags/etl_dag.py
[2025-11-19T14:47:32.661+0000] {processor.py:830} INFO - Processing file /opt/airflow/dags/etl_dag.py for tasks to queue
[2025-11-19T14:47:32.688+0000] {logging_mixin.py:188} INFO - [2025-11-19T14:47:32.687+0000] {dagbag.py:538} INFO - Filling up the DagBag from /opt/airflow/dags/etl_dag.py
[2025-11-19T14:47:33.254+0000] {processor.py:840} INFO - DAG(s) 'simple_etl_lineage' retrieved from /opt/airflow/dags/etl_dag.py
[2025-11-19T14:47:33.671+0000] {logging_mixin.py:188} INFO - [2025-11-19T14:47:33.670+0000] {dag.py:3036} INFO - Sync 1 DAGs
[2025-11-19T14:47:33.771+0000] {logging_mixin.py:188} INFO - [2025-11-19T14:47:33.770+0000] {dag.py:3823} INFO - Setting next_dagrun for simple_etl_lineage to None, run_after=None
[2025-11-19T14:47:33.914+0000] {processor.py:183} INFO - Processing /opt/airflow/dags/etl_dag.py took 1.286 seconds
[2025-11-19T14:48:13.468+0000] {processor.py:161} INFO - Started process (PID=5726) to work on /opt/airflow/dags/etl_dag.py
[2025-11-19T14:48:13.494+0000] {processor.py:830} INFO - Processing file /opt/airflow/dags/etl_dag.py for tasks to queue
[2025-11-19T14:48:13.498+0000] {logging_mixin.py:188} INFO - [2025-11-19T14:48:13.498+0000] {dagbag.py:538} INFO - Filling up the DagBag from /opt/airflow/dags/etl_dag.py
[2025-11-19T14:48:14.307+0000] {processor.py:840} INFO - DAG(s) 'simple_etl_lineage' retrieved from /opt/airflow/dags/etl_dag.py
[2025-11-19T14:48:14.558+0000] {logging_mixin.py:188} INFO - [2025-11-19T14:48:14.558+0000] {dag.py:3036} INFO - Sync 1 DAGs
[2025-11-19T14:48:14.655+0000] {logging_mixin.py:188} INFO - [2025-11-19T14:48:14.655+0000] {dag.py:3823} INFO - Setting next_dagrun for simple_etl_lineage to None, run_after=None
[2025-11-19T14:48:14.839+0000] {processor.py:183} INFO - Processing /opt/airflow/dags/etl_dag.py took 1.377 seconds
[2025-11-19T14:48:46.836+0000] {processor.py:161} INFO - Started process (PID=5756) to work on /opt/airflow/dags/etl_dag.py
[2025-11-19T14:48:46.864+0000] {processor.py:830} INFO - Processing file /opt/airflow/dags/etl_dag.py for tasks to queue
[2025-11-19T14:48:46.873+0000] {logging_mixin.py:188} INFO - [2025-11-19T14:48:46.872+0000] {dagbag.py:538} INFO - Filling up the DagBag from /opt/airflow/dags/etl_dag.py
[2025-11-19T14:48:47.867+0000] {processor.py:840} INFO - DAG(s) 'simple_etl_lineage' retrieved from /opt/airflow/dags/etl_dag.py
[2025-11-19T14:48:48.021+0000] {logging_mixin.py:188} INFO - [2025-11-19T14:48:48.020+0000] {dag.py:3036} INFO - Sync 1 DAGs
[2025-11-19T14:48:48.088+0000] {logging_mixin.py:188} INFO - [2025-11-19T14:48:48.088+0000] {dag.py:3823} INFO - Setting next_dagrun for simple_etl_lineage to None, run_after=None
[2025-11-19T14:48:48.263+0000] {processor.py:183} INFO - Processing /opt/airflow/dags/etl_dag.py took 1.444 seconds
[2025-11-19T14:49:19.193+0000] {processor.py:161} INFO - Started process (PID=5788) to work on /opt/airflow/dags/etl_dag.py
[2025-11-19T14:49:19.197+0000] {processor.py:830} INFO - Processing file /opt/airflow/dags/etl_dag.py for tasks to queue
[2025-11-19T14:49:19.199+0000] {logging_mixin.py:188} INFO - [2025-11-19T14:49:19.199+0000] {dagbag.py:538} INFO - Filling up the DagBag from /opt/airflow/dags/etl_dag.py
[2025-11-19T14:49:19.427+0000] {processor.py:840} INFO - DAG(s) 'simple_etl_lineage' retrieved from /opt/airflow/dags/etl_dag.py
[2025-11-19T14:49:19.595+0000] {logging_mixin.py:188} INFO - [2025-11-19T14:49:19.595+0000] {dag.py:3036} INFO - Sync 1 DAGs
[2025-11-19T14:49:19.738+0000] {logging_mixin.py:188} INFO - [2025-11-19T14:49:19.726+0000] {dag.py:3823} INFO - Setting next_dagrun for simple_etl_lineage to None, run_after=None
[2025-11-19T14:49:19.922+0000] {processor.py:183} INFO - Processing /opt/airflow/dags/etl_dag.py took 0.735 seconds
[2025-11-19T14:49:50.271+0000] {processor.py:161} INFO - Started process (PID=5818) to work on /opt/airflow/dags/etl_dag.py
[2025-11-19T14:49:50.276+0000] {processor.py:830} INFO - Processing file /opt/airflow/dags/etl_dag.py for tasks to queue
[2025-11-19T14:49:50.290+0000] {logging_mixin.py:188} INFO - [2025-11-19T14:49:50.289+0000] {dagbag.py:538} INFO - Filling up the DagBag from /opt/airflow/dags/etl_dag.py
[2025-11-19T14:49:50.368+0000] {processor.py:840} INFO - DAG(s) 'simple_etl_lineage' retrieved from /opt/airflow/dags/etl_dag.py
[2025-11-19T14:49:50.517+0000] {logging_mixin.py:188} INFO - [2025-11-19T14:49:50.516+0000] {dag.py:3036} INFO - Sync 1 DAGs
[2025-11-19T14:49:50.626+0000] {logging_mixin.py:188} INFO - [2025-11-19T14:49:50.625+0000] {dag.py:3823} INFO - Setting next_dagrun for simple_etl_lineage to None, run_after=None
[2025-11-19T14:49:50.736+0000] {processor.py:183} INFO - Processing /opt/airflow/dags/etl_dag.py took 0.485 seconds
[2025-11-19T14:50:21.032+0000] {processor.py:161} INFO - Started process (PID=5848) to work on /opt/airflow/dags/etl_dag.py
[2025-11-19T14:50:21.051+0000] {processor.py:830} INFO - Processing file /opt/airflow/dags/etl_dag.py for tasks to queue
[2025-11-19T14:50:21.054+0000] {logging_mixin.py:188} INFO - [2025-11-19T14:50:21.054+0000] {dagbag.py:538} INFO - Filling up the DagBag from /opt/airflow/dags/etl_dag.py
[2025-11-19T14:50:21.140+0000] {processor.py:840} INFO - DAG(s) 'simple_etl_lineage' retrieved from /opt/airflow/dags/etl_dag.py
[2025-11-19T14:50:21.286+0000] {logging_mixin.py:188} INFO - [2025-11-19T14:50:21.285+0000] {dag.py:3036} INFO - Sync 1 DAGs
[2025-11-19T14:50:21.357+0000] {logging_mixin.py:188} INFO - [2025-11-19T14:50:21.355+0000] {dag.py:3823} INFO - Setting next_dagrun for simple_etl_lineage to None, run_after=None
[2025-11-19T14:50:21.540+0000] {processor.py:183} INFO - Processing /opt/airflow/dags/etl_dag.py took 0.515 seconds
[2025-11-19T14:50:59.857+0000] {processor.py:161} INFO - Started process (PID=5876) to work on /opt/airflow/dags/etl_dag.py
[2025-11-19T14:50:59.896+0000] {processor.py:830} INFO - Processing file /opt/airflow/dags/etl_dag.py for tasks to queue
[2025-11-19T14:50:59.905+0000] {logging_mixin.py:188} INFO - [2025-11-19T14:50:59.903+0000] {dagbag.py:538} INFO - Filling up the DagBag from /opt/airflow/dags/etl_dag.py
[2025-11-19T14:51:04.348+0000] {processor.py:840} INFO - DAG(s) 'simple_etl_lineage' retrieved from /opt/airflow/dags/etl_dag.py
[2025-11-19T14:51:04.592+0000] {logging_mixin.py:188} INFO - [2025-11-19T14:51:04.591+0000] {dag.py:3036} INFO - Sync 1 DAGs
[2025-11-19T14:51:04.749+0000] {logging_mixin.py:188} INFO - [2025-11-19T14:51:04.747+0000] {dag.py:3823} INFO - Setting next_dagrun for simple_etl_lineage to None, run_after=None
[2025-11-19T14:51:05.357+0000] {processor.py:183} INFO - Processing /opt/airflow/dags/etl_dag.py took 5.505 seconds
[2025-11-19T14:51:39.240+0000] {processor.py:161} INFO - Started process (PID=5908) to work on /opt/airflow/dags/etl_dag.py
[2025-11-19T14:51:39.243+0000] {processor.py:830} INFO - Processing file /opt/airflow/dags/etl_dag.py for tasks to queue
[2025-11-19T14:51:39.253+0000] {logging_mixin.py:188} INFO - [2025-11-19T14:51:39.252+0000] {dagbag.py:538} INFO - Filling up the DagBag from /opt/airflow/dags/etl_dag.py
[2025-11-19T14:51:39.394+0000] {processor.py:840} INFO - DAG(s) 'simple_etl_lineage' retrieved from /opt/airflow/dags/etl_dag.py
[2025-11-19T14:51:39.493+0000] {logging_mixin.py:188} INFO - [2025-11-19T14:51:39.493+0000] {dag.py:3036} INFO - Sync 1 DAGs
[2025-11-19T14:51:39.545+0000] {logging_mixin.py:188} INFO - [2025-11-19T14:51:39.544+0000] {dag.py:3823} INFO - Setting next_dagrun for simple_etl_lineage to None, run_after=None
[2025-11-19T14:51:39.604+0000] {processor.py:183} INFO - Processing /opt/airflow/dags/etl_dag.py took 0.369 seconds
[2025-11-19T14:52:09.829+0000] {processor.py:161} INFO - Started process (PID=5939) to work on /opt/airflow/dags/etl_dag.py
[2025-11-19T14:52:09.834+0000] {processor.py:830} INFO - Processing file /opt/airflow/dags/etl_dag.py for tasks to queue
[2025-11-19T14:52:09.846+0000] {logging_mixin.py:188} INFO - [2025-11-19T14:52:09.843+0000] {dagbag.py:538} INFO - Filling up the DagBag from /opt/airflow/dags/etl_dag.py
[2025-11-19T14:52:09.949+0000] {processor.py:840} INFO - DAG(s) 'simple_etl_lineage' retrieved from /opt/airflow/dags/etl_dag.py
[2025-11-19T14:52:10.199+0000] {logging_mixin.py:188} INFO - [2025-11-19T14:52:10.198+0000] {dag.py:3036} INFO - Sync 1 DAGs
[2025-11-19T14:52:10.757+0000] {logging_mixin.py:188} INFO - [2025-11-19T14:52:10.756+0000] {dag.py:3823} INFO - Setting next_dagrun for simple_etl_lineage to None, run_after=None
[2025-11-19T14:52:11.013+0000] {processor.py:183} INFO - Processing /opt/airflow/dags/etl_dag.py took 1.192 seconds
[2025-11-19T14:52:42.139+0000] {processor.py:161} INFO - Started process (PID=5969) to work on /opt/airflow/dags/etl_dag.py
[2025-11-19T14:52:42.146+0000] {processor.py:830} INFO - Processing file /opt/airflow/dags/etl_dag.py for tasks to queue
[2025-11-19T14:52:42.157+0000] {logging_mixin.py:188} INFO - [2025-11-19T14:52:42.156+0000] {dagbag.py:538} INFO - Filling up the DagBag from /opt/airflow/dags/etl_dag.py
[2025-11-19T14:52:42.223+0000] {processor.py:840} INFO - DAG(s) 'simple_etl_lineage' retrieved from /opt/airflow/dags/etl_dag.py
[2025-11-19T14:52:42.271+0000] {logging_mixin.py:188} INFO - [2025-11-19T14:52:42.270+0000] {dag.py:3036} INFO - Sync 1 DAGs
[2025-11-19T14:52:42.287+0000] {logging_mixin.py:188} INFO - [2025-11-19T14:52:42.287+0000] {dag.py:3823} INFO - Setting next_dagrun for simple_etl_lineage to None, run_after=None
[2025-11-19T14:52:42.319+0000] {processor.py:183} INFO - Processing /opt/airflow/dags/etl_dag.py took 0.192 seconds
[2025-11-19T14:53:12.747+0000] {processor.py:161} INFO - Started process (PID=5999) to work on /opt/airflow/dags/etl_dag.py
[2025-11-19T14:53:12.749+0000] {processor.py:830} INFO - Processing file /opt/airflow/dags/etl_dag.py for tasks to queue
[2025-11-19T14:53:12.751+0000] {logging_mixin.py:188} INFO - [2025-11-19T14:53:12.750+0000] {dagbag.py:538} INFO - Filling up the DagBag from /opt/airflow/dags/etl_dag.py
[2025-11-19T14:53:12.875+0000] {processor.py:840} INFO - DAG(s) 'simple_etl_lineage' retrieved from /opt/airflow/dags/etl_dag.py
[2025-11-19T14:53:12.975+0000] {logging_mixin.py:188} INFO - [2025-11-19T14:53:12.974+0000] {dag.py:3036} INFO - Sync 1 DAGs
[2025-11-19T14:53:13.029+0000] {logging_mixin.py:188} INFO - [2025-11-19T14:53:13.029+0000] {dag.py:3823} INFO - Setting next_dagrun for simple_etl_lineage to None, run_after=None
[2025-11-19T14:53:13.105+0000] {processor.py:183} INFO - Processing /opt/airflow/dags/etl_dag.py took 0.363 seconds
[2025-11-19T14:53:43.772+0000] {processor.py:161} INFO - Started process (PID=6029) to work on /opt/airflow/dags/etl_dag.py
[2025-11-19T14:53:43.774+0000] {processor.py:830} INFO - Processing file /opt/airflow/dags/etl_dag.py for tasks to queue
[2025-11-19T14:53:43.776+0000] {logging_mixin.py:188} INFO - [2025-11-19T14:53:43.775+0000] {dagbag.py:538} INFO - Filling up the DagBag from /opt/airflow/dags/etl_dag.py
[2025-11-19T14:53:43.808+0000] {processor.py:840} INFO - DAG(s) 'simple_etl_lineage' retrieved from /opt/airflow/dags/etl_dag.py
[2025-11-19T14:53:43.854+0000] {logging_mixin.py:188} INFO - [2025-11-19T14:53:43.853+0000] {dag.py:3036} INFO - Sync 1 DAGs
[2025-11-19T14:53:43.868+0000] {logging_mixin.py:188} INFO - [2025-11-19T14:53:43.868+0000] {dag.py:3823} INFO - Setting next_dagrun for simple_etl_lineage to None, run_after=None
[2025-11-19T14:53:43.890+0000] {processor.py:183} INFO - Processing /opt/airflow/dags/etl_dag.py took 0.121 seconds
[2025-11-19T14:54:14.047+0000] {processor.py:161} INFO - Started process (PID=6059) to work on /opt/airflow/dags/etl_dag.py
[2025-11-19T14:54:14.049+0000] {processor.py:830} INFO - Processing file /opt/airflow/dags/etl_dag.py for tasks to queue
[2025-11-19T14:54:14.050+0000] {logging_mixin.py:188} INFO - [2025-11-19T14:54:14.050+0000] {dagbag.py:538} INFO - Filling up the DagBag from /opt/airflow/dags/etl_dag.py
[2025-11-19T14:54:14.072+0000] {processor.py:840} INFO - DAG(s) 'simple_etl_lineage' retrieved from /opt/airflow/dags/etl_dag.py
[2025-11-19T14:54:14.123+0000] {logging_mixin.py:188} INFO - [2025-11-19T14:54:14.122+0000] {dag.py:3036} INFO - Sync 1 DAGs
[2025-11-19T14:54:14.143+0000] {logging_mixin.py:188} INFO - [2025-11-19T14:54:14.142+0000] {dag.py:3823} INFO - Setting next_dagrun for simple_etl_lineage to None, run_after=None
[2025-11-19T14:54:14.175+0000] {processor.py:183} INFO - Processing /opt/airflow/dags/etl_dag.py took 0.132 seconds
[2025-11-19T14:54:45.012+0000] {processor.py:161} INFO - Started process (PID=6089) to work on /opt/airflow/dags/etl_dag.py
[2025-11-19T14:54:45.013+0000] {processor.py:830} INFO - Processing file /opt/airflow/dags/etl_dag.py for tasks to queue
[2025-11-19T14:54:45.023+0000] {logging_mixin.py:188} INFO - [2025-11-19T14:54:45.023+0000] {dagbag.py:538} INFO - Filling up the DagBag from /opt/airflow/dags/etl_dag.py
[2025-11-19T14:54:45.045+0000] {processor.py:840} INFO - DAG(s) 'simple_etl_lineage' retrieved from /opt/airflow/dags/etl_dag.py
[2025-11-19T14:54:45.081+0000] {logging_mixin.py:188} INFO - [2025-11-19T14:54:45.081+0000] {dag.py:3036} INFO - Sync 1 DAGs
[2025-11-19T14:54:45.102+0000] {logging_mixin.py:188} INFO - [2025-11-19T14:54:45.102+0000] {dag.py:3823} INFO - Setting next_dagrun for simple_etl_lineage to None, run_after=None
[2025-11-19T14:54:45.139+0000] {processor.py:183} INFO - Processing /opt/airflow/dags/etl_dag.py took 0.131 seconds
[2025-11-19T14:55:16.026+0000] {processor.py:161} INFO - Started process (PID=6119) to work on /opt/airflow/dags/etl_dag.py
[2025-11-19T14:55:16.028+0000] {processor.py:830} INFO - Processing file /opt/airflow/dags/etl_dag.py for tasks to queue
[2025-11-19T14:55:16.029+0000] {logging_mixin.py:188} INFO - [2025-11-19T14:55:16.028+0000] {dagbag.py:538} INFO - Filling up the DagBag from /opt/airflow/dags/etl_dag.py
[2025-11-19T14:55:16.050+0000] {processor.py:840} INFO - DAG(s) 'simple_etl_lineage' retrieved from /opt/airflow/dags/etl_dag.py
[2025-11-19T14:55:16.091+0000] {logging_mixin.py:188} INFO - [2025-11-19T14:55:16.090+0000] {dag.py:3036} INFO - Sync 1 DAGs
[2025-11-19T14:55:16.106+0000] {logging_mixin.py:188} INFO - [2025-11-19T14:55:16.106+0000] {dag.py:3823} INFO - Setting next_dagrun for simple_etl_lineage to None, run_after=None
[2025-11-19T14:55:16.153+0000] {processor.py:183} INFO - Processing /opt/airflow/dags/etl_dag.py took 0.130 seconds
[2025-11-19T14:55:46.555+0000] {processor.py:161} INFO - Started process (PID=6149) to work on /opt/airflow/dags/etl_dag.py
[2025-11-19T14:55:46.559+0000] {processor.py:830} INFO - Processing file /opt/airflow/dags/etl_dag.py for tasks to queue
[2025-11-19T14:55:46.563+0000] {logging_mixin.py:188} INFO - [2025-11-19T14:55:46.562+0000] {dagbag.py:538} INFO - Filling up the DagBag from /opt/airflow/dags/etl_dag.py
[2025-11-19T14:55:46.614+0000] {processor.py:840} INFO - DAG(s) 'simple_etl_lineage' retrieved from /opt/airflow/dags/etl_dag.py
[2025-11-19T14:55:46.673+0000] {logging_mixin.py:188} INFO - [2025-11-19T14:55:46.673+0000] {dag.py:3036} INFO - Sync 1 DAGs
[2025-11-19T14:55:46.701+0000] {logging_mixin.py:188} INFO - [2025-11-19T14:55:46.701+0000] {dag.py:3823} INFO - Setting next_dagrun for simple_etl_lineage to None, run_after=None
[2025-11-19T14:55:46.747+0000] {processor.py:183} INFO - Processing /opt/airflow/dags/etl_dag.py took 0.203 seconds
[2025-11-19T14:56:18.004+0000] {processor.py:161} INFO - Started process (PID=6179) to work on /opt/airflow/dags/etl_dag.py
[2025-11-19T14:56:18.012+0000] {processor.py:830} INFO - Processing file /opt/airflow/dags/etl_dag.py for tasks to queue
[2025-11-19T14:56:18.036+0000] {logging_mixin.py:188} INFO - [2025-11-19T14:56:18.034+0000] {dagbag.py:538} INFO - Filling up the DagBag from /opt/airflow/dags/etl_dag.py
[2025-11-19T14:56:19.314+0000] {processor.py:840} INFO - DAG(s) 'simple_etl_lineage' retrieved from /opt/airflow/dags/etl_dag.py
[2025-11-19T14:56:19.542+0000] {logging_mixin.py:188} INFO - [2025-11-19T14:56:19.530+0000] {dag.py:3036} INFO - Sync 1 DAGs
[2025-11-19T14:56:19.671+0000] {logging_mixin.py:188} INFO - [2025-11-19T14:56:19.670+0000] {dag.py:3823} INFO - Setting next_dagrun for simple_etl_lineage to None, run_after=None
[2025-11-19T14:56:19.834+0000] {processor.py:183} INFO - Processing /opt/airflow/dags/etl_dag.py took 1.849 seconds
[2025-11-19T14:56:50.225+0000] {processor.py:161} INFO - Started process (PID=6209) to work on /opt/airflow/dags/etl_dag.py
[2025-11-19T14:56:50.227+0000] {processor.py:830} INFO - Processing file /opt/airflow/dags/etl_dag.py for tasks to queue
[2025-11-19T14:56:50.231+0000] {logging_mixin.py:188} INFO - [2025-11-19T14:56:50.230+0000] {dagbag.py:538} INFO - Filling up the DagBag from /opt/airflow/dags/etl_dag.py
[2025-11-19T14:56:50.270+0000] {processor.py:840} INFO - DAG(s) 'simple_etl_lineage' retrieved from /opt/airflow/dags/etl_dag.py
[2025-11-19T14:56:50.311+0000] {logging_mixin.py:188} INFO - [2025-11-19T14:56:50.311+0000] {dag.py:3036} INFO - Sync 1 DAGs
[2025-11-19T14:56:50.333+0000] {logging_mixin.py:188} INFO - [2025-11-19T14:56:50.332+0000] {dag.py:3823} INFO - Setting next_dagrun for simple_etl_lineage to None, run_after=None
[2025-11-19T14:56:50.362+0000] {processor.py:183} INFO - Processing /opt/airflow/dags/etl_dag.py took 0.142 seconds
[2025-11-19T14:57:20.950+0000] {processor.py:161} INFO - Started process (PID=6237) to work on /opt/airflow/dags/etl_dag.py
[2025-11-19T14:57:20.968+0000] {processor.py:830} INFO - Processing file /opt/airflow/dags/etl_dag.py for tasks to queue
[2025-11-19T14:57:20.974+0000] {logging_mixin.py:188} INFO - [2025-11-19T14:57:20.973+0000] {dagbag.py:538} INFO - Filling up the DagBag from /opt/airflow/dags/etl_dag.py
[2025-11-19T14:57:21.504+0000] {processor.py:840} INFO - DAG(s) 'simple_etl_lineage' retrieved from /opt/airflow/dags/etl_dag.py
[2025-11-19T14:57:21.655+0000] {logging_mixin.py:188} INFO - [2025-11-19T14:57:21.654+0000] {dag.py:3036} INFO - Sync 1 DAGs
[2025-11-19T14:57:21.734+0000] {logging_mixin.py:188} INFO - [2025-11-19T14:57:21.734+0000] {dag.py:3823} INFO - Setting next_dagrun for simple_etl_lineage to None, run_after=None
[2025-11-19T14:57:21.862+0000] {processor.py:183} INFO - Processing /opt/airflow/dags/etl_dag.py took 0.950 seconds
[2025-11-19T14:57:52.923+0000] {processor.py:161} INFO - Started process (PID=6269) to work on /opt/airflow/dags/etl_dag.py
[2025-11-19T14:57:52.926+0000] {processor.py:830} INFO - Processing file /opt/airflow/dags/etl_dag.py for tasks to queue
[2025-11-19T14:57:52.928+0000] {logging_mixin.py:188} INFO - [2025-11-19T14:57:52.927+0000] {dagbag.py:538} INFO - Filling up the DagBag from /opt/airflow/dags/etl_dag.py
[2025-11-19T14:57:52.975+0000] {processor.py:840} INFO - DAG(s) 'simple_etl_lineage' retrieved from /opt/airflow/dags/etl_dag.py
[2025-11-19T14:57:53.089+0000] {logging_mixin.py:188} INFO - [2025-11-19T14:57:53.088+0000] {dag.py:3036} INFO - Sync 1 DAGs
[2025-11-19T14:57:53.127+0000] {logging_mixin.py:188} INFO - [2025-11-19T14:57:53.126+0000] {dag.py:3823} INFO - Setting next_dagrun for simple_etl_lineage to None, run_after=None
[2025-11-19T14:57:53.203+0000] {processor.py:183} INFO - Processing /opt/airflow/dags/etl_dag.py took 0.285 seconds
[2025-11-19T14:58:24.539+0000] {processor.py:161} INFO - Started process (PID=6297) to work on /opt/airflow/dags/etl_dag.py
[2025-11-19T14:58:24.542+0000] {processor.py:830} INFO - Processing file /opt/airflow/dags/etl_dag.py for tasks to queue
[2025-11-19T14:58:24.545+0000] {logging_mixin.py:188} INFO - [2025-11-19T14:58:24.544+0000] {dagbag.py:538} INFO - Filling up the DagBag from /opt/airflow/dags/etl_dag.py
[2025-11-19T14:58:24.607+0000] {processor.py:840} INFO - DAG(s) 'simple_etl_lineage' retrieved from /opt/airflow/dags/etl_dag.py
[2025-11-19T14:58:24.713+0000] {logging_mixin.py:188} INFO - [2025-11-19T14:58:24.713+0000] {dag.py:3036} INFO - Sync 1 DAGs
[2025-11-19T14:58:24.741+0000] {logging_mixin.py:188} INFO - [2025-11-19T14:58:24.740+0000] {dag.py:3823} INFO - Setting next_dagrun for simple_etl_lineage to None, run_after=None
[2025-11-19T14:58:24.922+0000] {processor.py:183} INFO - Processing /opt/airflow/dags/etl_dag.py took 0.387 seconds
[2025-11-19T14:59:03.717+0000] {processor.py:161} INFO - Started process (PID=6327) to work on /opt/airflow/dags/etl_dag.py
[2025-11-19T14:59:03.761+0000] {processor.py:830} INFO - Processing file /opt/airflow/dags/etl_dag.py for tasks to queue
[2025-11-19T14:59:03.781+0000] {logging_mixin.py:188} INFO - [2025-11-19T14:59:03.780+0000] {dagbag.py:538} INFO - Filling up the DagBag from /opt/airflow/dags/etl_dag.py
[2025-11-19T14:59:04.756+0000] {processor.py:840} INFO - DAG(s) 'simple_etl_lineage' retrieved from /opt/airflow/dags/etl_dag.py
[2025-11-19T14:59:04.882+0000] {logging_mixin.py:188} INFO - [2025-11-19T14:59:04.881+0000] {dag.py:3036} INFO - Sync 1 DAGs
[2025-11-19T14:59:04.934+0000] {logging_mixin.py:188} INFO - [2025-11-19T14:59:04.934+0000] {dag.py:3823} INFO - Setting next_dagrun for simple_etl_lineage to None, run_after=None
[2025-11-19T14:59:05.108+0000] {processor.py:183} INFO - Processing /opt/airflow/dags/etl_dag.py took 1.403 seconds
[2025-11-19T14:59:35.439+0000] {processor.py:161} INFO - Started process (PID=6359) to work on /opt/airflow/dags/etl_dag.py
[2025-11-19T14:59:35.441+0000] {processor.py:830} INFO - Processing file /opt/airflow/dags/etl_dag.py for tasks to queue
[2025-11-19T14:59:35.453+0000] {logging_mixin.py:188} INFO - [2025-11-19T14:59:35.443+0000] {dagbag.py:538} INFO - Filling up the DagBag from /opt/airflow/dags/etl_dag.py
[2025-11-19T14:59:35.494+0000] {processor.py:840} INFO - DAG(s) 'simple_etl_lineage' retrieved from /opt/airflow/dags/etl_dag.py
[2025-11-19T14:59:35.579+0000] {logging_mixin.py:188} INFO - [2025-11-19T14:59:35.579+0000] {dag.py:3036} INFO - Sync 1 DAGs
[2025-11-19T14:59:35.611+0000] {logging_mixin.py:188} INFO - [2025-11-19T14:59:35.609+0000] {dag.py:3823} INFO - Setting next_dagrun for simple_etl_lineage to None, run_after=None
[2025-11-19T14:59:35.670+0000] {processor.py:183} INFO - Processing /opt/airflow/dags/etl_dag.py took 0.238 seconds
[2025-11-19T15:00:06.104+0000] {processor.py:161} INFO - Started process (PID=6387) to work on /opt/airflow/dags/etl_dag.py
[2025-11-19T15:00:06.106+0000] {processor.py:830} INFO - Processing file /opt/airflow/dags/etl_dag.py for tasks to queue
[2025-11-19T15:00:06.110+0000] {logging_mixin.py:188} INFO - [2025-11-19T15:00:06.108+0000] {dagbag.py:538} INFO - Filling up the DagBag from /opt/airflow/dags/etl_dag.py
[2025-11-19T15:00:06.147+0000] {processor.py:840} INFO - DAG(s) 'simple_etl_lineage' retrieved from /opt/airflow/dags/etl_dag.py
[2025-11-19T15:00:06.224+0000] {logging_mixin.py:188} INFO - [2025-11-19T15:00:06.224+0000] {dag.py:3036} INFO - Sync 1 DAGs
[2025-11-19T15:00:06.255+0000] {logging_mixin.py:188} INFO - [2025-11-19T15:00:06.255+0000] {dag.py:3823} INFO - Setting next_dagrun for simple_etl_lineage to None, run_after=None
[2025-11-19T15:00:06.345+0000] {processor.py:183} INFO - Processing /opt/airflow/dags/etl_dag.py took 0.246 seconds
[2025-11-19T15:00:45.933+0000] {processor.py:161} INFO - Started process (PID=6417) to work on /opt/airflow/dags/etl_dag.py
[2025-11-19T15:00:45.939+0000] {processor.py:830} INFO - Processing file /opt/airflow/dags/etl_dag.py for tasks to queue
[2025-11-19T15:00:46.723+0000] {logging_mixin.py:188} INFO - [2025-11-19T15:00:46.721+0000] {dagbag.py:538} INFO - Filling up the DagBag from /opt/airflow/dags/etl_dag.py
[2025-11-19T15:00:49.417+0000] {processor.py:840} INFO - DAG(s) 'simple_etl_lineage' retrieved from /opt/airflow/dags/etl_dag.py
[2025-11-19T15:00:51.499+0000] {logging_mixin.py:188} INFO - [2025-11-19T15:00:51.499+0000] {dag.py:3036} INFO - Sync 1 DAGs
[2025-11-19T15:00:52.178+0000] {logging_mixin.py:188} INFO - [2025-11-19T15:00:52.178+0000] {dag.py:3823} INFO - Setting next_dagrun for simple_etl_lineage to None, run_after=None
[2025-11-19T15:00:52.300+0000] {processor.py:183} INFO - Processing /opt/airflow/dags/etl_dag.py took 6.386 seconds
[2025-11-19T15:01:27.548+0000] {processor.py:161} INFO - Started process (PID=6447) to work on /opt/airflow/dags/etl_dag.py
[2025-11-19T15:01:27.647+0000] {processor.py:830} INFO - Processing file /opt/airflow/dags/etl_dag.py for tasks to queue
[2025-11-19T15:01:27.732+0000] {logging_mixin.py:188} INFO - [2025-11-19T15:01:27.732+0000] {dagbag.py:538} INFO - Filling up the DagBag from /opt/airflow/dags/etl_dag.py
[2025-11-19T15:01:30.176+0000] {processor.py:840} INFO - DAG(s) 'simple_etl_lineage' retrieved from /opt/airflow/dags/etl_dag.py
[2025-11-19T15:01:30.858+0000] {logging_mixin.py:188} INFO - [2025-11-19T15:01:30.857+0000] {dag.py:3036} INFO - Sync 1 DAGs
[2025-11-19T15:01:31.162+0000] {logging_mixin.py:188} INFO - [2025-11-19T15:01:31.161+0000] {dag.py:3823} INFO - Setting next_dagrun for simple_etl_lineage to None, run_after=None
[2025-11-19T15:01:31.583+0000] {processor.py:183} INFO - Processing /opt/airflow/dags/etl_dag.py took 4.042 seconds
[2025-11-19T15:02:03.065+0000] {processor.py:161} INFO - Started process (PID=6474) to work on /opt/airflow/dags/etl_dag.py
[2025-11-19T15:02:03.068+0000] {processor.py:830} INFO - Processing file /opt/airflow/dags/etl_dag.py for tasks to queue
[2025-11-19T15:02:03.070+0000] {logging_mixin.py:188} INFO - [2025-11-19T15:02:03.070+0000] {dagbag.py:538} INFO - Filling up the DagBag from /opt/airflow/dags/etl_dag.py
[2025-11-19T15:02:03.115+0000] {processor.py:840} INFO - DAG(s) 'simple_etl_lineage' retrieved from /opt/airflow/dags/etl_dag.py
[2025-11-19T15:02:03.211+0000] {logging_mixin.py:188} INFO - [2025-11-19T15:02:03.210+0000] {dag.py:3036} INFO - Sync 1 DAGs
[2025-11-19T15:02:03.251+0000] {logging_mixin.py:188} INFO - [2025-11-19T15:02:03.251+0000] {dag.py:3823} INFO - Setting next_dagrun for simple_etl_lineage to None, run_after=None
[2025-11-19T15:02:03.388+0000] {processor.py:183} INFO - Processing /opt/airflow/dags/etl_dag.py took 0.329 seconds
[2025-11-19T15:02:33.663+0000] {processor.py:161} INFO - Started process (PID=6504) to work on /opt/airflow/dags/etl_dag.py
[2025-11-19T15:02:33.665+0000] {processor.py:830} INFO - Processing file /opt/airflow/dags/etl_dag.py for tasks to queue
[2025-11-19T15:02:33.667+0000] {logging_mixin.py:188} INFO - [2025-11-19T15:02:33.666+0000] {dagbag.py:538} INFO - Filling up the DagBag from /opt/airflow/dags/etl_dag.py
[2025-11-19T15:02:33.709+0000] {processor.py:840} INFO - DAG(s) 'simple_etl_lineage' retrieved from /opt/airflow/dags/etl_dag.py
[2025-11-19T15:02:33.763+0000] {logging_mixin.py:188} INFO - [2025-11-19T15:02:33.762+0000] {dag.py:3036} INFO - Sync 1 DAGs
[2025-11-19T15:02:33.801+0000] {logging_mixin.py:188} INFO - [2025-11-19T15:02:33.800+0000] {dag.py:3823} INFO - Setting next_dagrun for simple_etl_lineage to None, run_after=None
[2025-11-19T15:02:33.860+0000] {processor.py:183} INFO - Processing /opt/airflow/dags/etl_dag.py took 0.202 seconds
[2025-11-19T15:03:04.701+0000] {processor.py:161} INFO - Started process (PID=6534) to work on /opt/airflow/dags/etl_dag.py
[2025-11-19T15:03:04.708+0000] {processor.py:830} INFO - Processing file /opt/airflow/dags/etl_dag.py for tasks to queue
[2025-11-19T15:03:04.715+0000] {logging_mixin.py:188} INFO - [2025-11-19T15:03:04.710+0000] {dagbag.py:538} INFO - Filling up the DagBag from /opt/airflow/dags/etl_dag.py
[2025-11-19T15:03:04.783+0000] {processor.py:840} INFO - DAG(s) 'simple_etl_lineage' retrieved from /opt/airflow/dags/etl_dag.py
[2025-11-19T15:03:04.900+0000] {logging_mixin.py:188} INFO - [2025-11-19T15:03:04.899+0000] {dag.py:3036} INFO - Sync 1 DAGs
[2025-11-19T15:03:05.013+0000] {logging_mixin.py:188} INFO - [2025-11-19T15:03:05.013+0000] {dag.py:3823} INFO - Setting next_dagrun for simple_etl_lineage to None, run_after=None
[2025-11-19T15:03:05.149+0000] {processor.py:183} INFO - Processing /opt/airflow/dags/etl_dag.py took 0.455 seconds
[2025-11-19T15:03:35.809+0000] {processor.py:161} INFO - Started process (PID=6564) to work on /opt/airflow/dags/etl_dag.py
[2025-11-19T15:03:35.812+0000] {processor.py:830} INFO - Processing file /opt/airflow/dags/etl_dag.py for tasks to queue
[2025-11-19T15:03:35.814+0000] {logging_mixin.py:188} INFO - [2025-11-19T15:03:35.814+0000] {dagbag.py:538} INFO - Filling up the DagBag from /opt/airflow/dags/etl_dag.py
[2025-11-19T15:03:35.846+0000] {processor.py:840} INFO - DAG(s) 'simple_etl_lineage' retrieved from /opt/airflow/dags/etl_dag.py
[2025-11-19T15:03:35.908+0000] {logging_mixin.py:188} INFO - [2025-11-19T15:03:35.907+0000] {dag.py:3036} INFO - Sync 1 DAGs
[2025-11-19T15:03:35.930+0000] {logging_mixin.py:188} INFO - [2025-11-19T15:03:35.930+0000] {dag.py:3823} INFO - Setting next_dagrun for simple_etl_lineage to None, run_after=None
[2025-11-19T15:03:35.965+0000] {processor.py:183} INFO - Processing /opt/airflow/dags/etl_dag.py took 0.162 seconds
[2025-11-19T15:04:06.482+0000] {processor.py:161} INFO - Started process (PID=6594) to work on /opt/airflow/dags/etl_dag.py
[2025-11-19T15:04:06.487+0000] {processor.py:830} INFO - Processing file /opt/airflow/dags/etl_dag.py for tasks to queue
[2025-11-19T15:04:06.496+0000] {logging_mixin.py:188} INFO - [2025-11-19T15:04:06.495+0000] {dagbag.py:538} INFO - Filling up the DagBag from /opt/airflow/dags/etl_dag.py
[2025-11-19T15:04:06.537+0000] {processor.py:840} INFO - DAG(s) 'simple_etl_lineage' retrieved from /opt/airflow/dags/etl_dag.py
[2025-11-19T15:04:06.603+0000] {logging_mixin.py:188} INFO - [2025-11-19T15:04:06.603+0000] {dag.py:3036} INFO - Sync 1 DAGs
[2025-11-19T15:04:06.621+0000] {logging_mixin.py:188} INFO - [2025-11-19T15:04:06.621+0000] {dag.py:3823} INFO - Setting next_dagrun for simple_etl_lineage to None, run_after=None
[2025-11-19T15:04:06.654+0000] {processor.py:183} INFO - Processing /opt/airflow/dags/etl_dag.py took 0.178 seconds
[2025-11-19T15:04:37.190+0000] {processor.py:161} INFO - Started process (PID=6624) to work on /opt/airflow/dags/etl_dag.py
[2025-11-19T15:04:37.193+0000] {processor.py:830} INFO - Processing file /opt/airflow/dags/etl_dag.py for tasks to queue
[2025-11-19T15:04:37.195+0000] {logging_mixin.py:188} INFO - [2025-11-19T15:04:37.195+0000] {dagbag.py:538} INFO - Filling up the DagBag from /opt/airflow/dags/etl_dag.py
[2025-11-19T15:04:37.233+0000] {processor.py:840} INFO - DAG(s) 'simple_etl_lineage' retrieved from /opt/airflow/dags/etl_dag.py
[2025-11-19T15:04:37.302+0000] {logging_mixin.py:188} INFO - [2025-11-19T15:04:37.301+0000] {dag.py:3036} INFO - Sync 1 DAGs
[2025-11-19T15:04:37.323+0000] {logging_mixin.py:188} INFO - [2025-11-19T15:04:37.323+0000] {dag.py:3823} INFO - Setting next_dagrun for simple_etl_lineage to None, run_after=None
[2025-11-19T15:04:37.359+0000] {processor.py:183} INFO - Processing /opt/airflow/dags/etl_dag.py took 0.177 seconds
